sku	product_id	canonical_ordinal	query_raw	slice_sort_by	slice_sort_dir	request_id	chunk_id	query_index	unique_search_users	unique_view_users	view_conversion	position	order_count	gmv	currency	source_file
1611643847	1092556350	6	подвеска в машину на зеркало спецназ внутренних войск	BY_SEARCHES	ASCENDING	d7e2f814-410d-45da-a640-332fed537e8d	C01	1	0	NULL	NULL	NULL	0	0	RUB	chunks/product_queries_details_BY_SEARCHES_ASC_C01.tsv
1611643847	1092556350	6	копй для зеркал	BY_SEARCHES	ASCENDING	d7e2f814-410d-45da-a640-332fed537e8d	C01	2	0	NULL	NULL	NULL	0	0	RUB	chunks/product_queries_details_BY_SEARCHES_ASC_C01.tsv
1611643847	1092556350	6	бог и богиня	BY_SEARCHES	ASCENDING	d7e2f814-410d-45da-a640-332fed537e8d	C01	3	0	NULL	NULL	NULL	0	0	RUB	chunks/product_queries_details_BY_SEARCHES_ASC_C01.tsv
1611643847	1092556350	6	копье ммг	BY_SEARCHES	ASCENDING	d7e2f814-410d-45da-a640-332fed537e8d	C01	4	0	NULL	NULL	NULL	0	0	RUB	chunks/product_queries_details_BY_SEARCHES_ASC_C01.tsv
1611643847	1092556350	6	подвеска в машину на зеркало ма ка крик	BY_SEARCHES	ASCENDING	d7e2f814-410d-45da-a640-332fed537e8d	C01	5	0	NULL	NULL	NULL	0	0	RUB	chunks/product_queries_details_BY_SEARCHES_ASC_C01.tsv
1611643847	1092556350	6	гунгнир копье не	BY_SEARCHES	ASCENDING	d7e2f814-410d-45da-a640-332fed537e8d	C01	6	0	NULL	NULL	NULL	0	0	RUB	chunks/product_queries_details_BY_SEARCHES_ASC_C01.tsv
1611643847	1092556350	6	обереги от порчи	BY_SEARCHES	ASCENDING	d7e2f814-410d-45da-a640-332fed537e8d	C01	7	0	NULL	NULL	NULL	0	0	RUB	chunks/product_queries_details_BY_SEARCHES_ASC_C01.tsv
1611643847	1092556350	6	оберег язычество для	BY_SEARCHES	ASCENDING	d7e2f814-410d-45da-a640-332fed537e8d	C01	8	0	NULL	NULL	NULL	0	0	RUB	chunks/product_queries_details_BY_SEARCHES_ASC_C01.tsv
1611643847	1092556350	6	копье 1/12	BY_SEARCHES	ASCENDING	d7e2f814-410d-45da-a640-332fed537e8d	C01	9	0	NULL	NULL	NULL	0	0	RUB	chunks/product_queries_details_BY_SEARCHES_ASC_C01.tsv
1611643847	1092556350	6	гун подвеска	BY_SEARCHES	ASCENDING	d7e2f814-410d-45da-a640-332fed537e8d	C01	10	0	NULL	NULL	NULL	0	0	RUB	chunks/product_queries_details_BY_SEARCHES_ASC_C01.tsv
1611643847	1092556350	6	доска гунгнир	BY_SEARCHES	ASCENDING	d7e2f814-410d-45da-a640-332fed537e8d	C01	11	0	NULL	NULL	NULL	0	0	RUB	chunks/product_queries_details_BY_SEARCHES_ASC_C01.tsv
1611643847	1092556350	6	копье дерева 200 см	BY_SEARCHES	ASCENDING	d7e2f814-410d-45da-a640-332fed537e8d	C01	12	0	NULL	NULL	NULL	0	0	RUB	chunks/product_queries_details_BY_SEARCHES_ASC_C01.tsv
1611643847	1092556350	6	коп гунгнир один	BY_SEARCHES	ASCENDING	d7e2f814-410d-45da-a640-332fed537e8d	C01	13	0	NULL	NULL	NULL	0	0	RUB	chunks/product_queries_details_BY_SEARCHES_ASC_C01.tsv
1611643847	1092556350	6	в машину амулет	BY_SEARCHES	ASCENDING	d7e2f814-410d-45da-a640-332fed537e8d	C01	14	0	NULL	NULL	NULL	0	0	RUB	chunks/product_queries_details_BY_SEARCHES_ASC_C01.tsv
1611643847	1092556350	6	флаг гугнир	BY_SEARCHES	ASCENDING	d7e2f814-410d-45da-a640-332fed537e8d	C01	15	0	NULL	NULL	NULL	0	0	RUB	chunks/product_queries_details_BY_SEARCHES_ASC_C01.tsv
1602715556	1082852354	3	брелок в машину на зеркало хоккей локомотив	BY_SEARCHES	ASCENDING	d7e2f814-410d-45da-a640-332fed537e8d	C01	16	0	NULL	NULL	NULL	0	0	RUB	chunks/product_queries_details_BY_SEARCHES_ASC_C01.tsv
1602715556	1082852354	3	зеркало иг	BY_SEARCHES	ASCENDING	d7e2f814-410d-45da-a640-332fed537e8d	C01	17	0	NULL	NULL	NULL	0	0	RUB	chunks/product_queries_details_BY_SEARCHES_ASC_C01.tsv
1602715556	1082852354	3	аксессуары для авто самурай	BY_SEARCHES	ASCENDING	d7e2f814-410d-45da-a640-332fed537e8d	C01	18	0	NULL	NULL	NULL	0	0	RUB	chunks/product_queries_details_BY_SEARCHES_ASC_C01.tsv
1602715556	1082852354	3	бусы коловрат	BY_SEARCHES	ASCENDING	d7e2f814-410d-45da-a640-332fed537e8d	C01	19	0	NULL	NULL	NULL	0	0	RUB	chunks/product_queries_details_BY_SEARCHES_ASC_C01.tsv
1602715556	1082852354	3	красный самурайский	BY_SEARCHES	ASCENDING	d7e2f814-410d-45da-a640-332fed537e8d	C01	20	0	NULL	NULL	NULL	0	0	RUB	chunks/product_queries_details_BY_SEARCHES_ASC_C01.tsv
1602715556	1082852354	3	амулеты обереги и талисманы зеркалр	BY_SEARCHES	ASCENDING	d7e2f814-410d-45da-a640-332fed537e8d	C01	21	0	NULL	NULL	NULL	0	0	RUB	chunks/product_queries_details_BY_SEARCHES_ASC_C01.tsv
1602715556	1082852354	3	демон на машину подвеска на стекло маленькие	BY_SEARCHES	ASCENDING	d7e2f814-410d-45da-a640-332fed537e8d	C01	22	0	NULL	NULL	NULL	0	0	RUB	chunks/product_queries_details_BY_SEARCHES_ASC_C01.tsv
1602715556	1082852354	3	брелок на зеркало в машину бус	BY_SEARCHES	ASCENDING	d7e2f814-410d-45da-a640-332fed537e8d	C01	23	0	NULL	NULL	NULL	0	0	RUB	chunks/product_queries_details_BY_SEARCHES_ASC_C01.tsv
1602715556	1082852354	3	боковое зеркало на машину атлант левое	BY_SEARCHES	ASCENDING	d7e2f814-410d-45da-a640-332fed537e8d	C01	24	0	NULL	NULL	NULL	0	0	RUB	chunks/product_queries_details_BY_SEARCHES_ASC_C01.tsv
1602715556	1082852354	3	брелок в машину на зеркало спартанец	BY_SEARCHES	ASCENDING	d7e2f814-410d-45da-a640-332fed537e8d	C01	25	0	NULL	NULL	NULL	0	0	RUB	chunks/product_queries_details_BY_SEARCHES_ASC_C01.tsv
1602715556	1082852354	3	брелок в машину на зеркало пушистики	BY_SEARCHES	ASCENDING	d7e2f814-410d-45da-a640-332fed537e8d	C01	26	0	NULL	NULL	NULL	0	0	RUB	chunks/product_queries_details_BY_SEARCHES_ASC_C01.tsv
1602715556	1082852354	3	бусы японские мужские браслет	BY_SEARCHES	ASCENDING	d7e2f814-410d-45da-a640-332fed537e8d	C01	27	0	NULL	NULL	NULL	0	0	RUB	chunks/product_queries_details_BY_SEARCHES_ASC_C01.tsv
1602715556	1082852354	3	амулет бусина	BY_SEARCHES	ASCENDING	d7e2f814-410d-45da-a640-332fed537e8d	C01	28	0	NULL	NULL	NULL	0	0	RUB	chunks/product_queries_details_BY_SEARCHES_ASC_C01.tsv
1602715556	1082852354	3	вонючка дельфин в машину синяя на зеркало	BY_SEARCHES	ASCENDING	d7e2f814-410d-45da-a640-332fed537e8d	C01	29	0	NULL	NULL	NULL	0	0	RUB	chunks/product_queries_details_BY_SEARCHES_ASC_C01.tsv
1602715556	1082852354	3	самурая на голову	BY_SEARCHES	ASCENDING	d7e2f814-410d-45da-a640-332fed537e8d	C01	30	0	NULL	NULL	NULL	0	0	RUB	chunks/product_queries_details_BY_SEARCHES_ASC_C01.tsv
1602722942	1082862005	5	зеркало ру	BY_SEARCHES	ASCENDING	d7e2f814-410d-45da-a640-332fed537e8d	C01	31	0	NULL	NULL	NULL	0	0	RUB	chunks/product_queries_details_BY_SEARCHES_ASC_C01.tsv
1602722942	1082862005	5	акомпас в тысячных	BY_SEARCHES	ASCENDING	d7e2f814-410d-45da-a640-332fed537e8d	C01	32	0	NULL	NULL	NULL	0	0	RUB	chunks/product_queries_details_BY_SEARCHES_ASC_C01.tsv
1602722942	1082862005	5	ловец снов в машину мужской	BY_SEARCHES	ASCENDING	d7e2f814-410d-45da-a640-332fed537e8d	C01	33	0	NULL	NULL	NULL	0	1764	RUB	chunks/product_queries_details_BY_SEARCHES_ASC_C01.tsv
1602722942	1082862005	5	оберег в машину на зеркало женский	BY_SEARCHES	ASCENDING	d7e2f814-410d-45da-a640-332fed537e8d	C01	34	0	NULL	NULL	NULL	0	0	RUB	chunks/product_queries_details_BY_SEARCHES_ASC_C01.tsv
1602722942	1082862005	5	руны подвеска дерево в машину на защиту	BY_SEARCHES	ASCENDING	d7e2f814-410d-45da-a640-332fed537e8d	C01	35	0	NULL	NULL	NULL	0	1120	RUB	chunks/product_queries_details_BY_SEARCHES_ASC_C01.tsv
1602722942	1082862005	5	оберег в мвшину	BY_SEARCHES	ASCENDING	d7e2f814-410d-45da-a640-332fed537e8d	C01	36	0	NULL	NULL	NULL	0	663	RUB	chunks/product_queries_details_BY_SEARCHES_ASC_C01.tsv
1602722942	1082862005	5	зеркало с ру	BY_SEARCHES	ASCENDING	d7e2f814-410d-45da-a640-332fed537e8d	C01	37	0	NULL	NULL	NULL	0	0	RUB	chunks/product_queries_details_BY_SEARCHES_ASC_C01.tsv
1602722942	1082862005	5	алатырь оберег в машину	BY_SEARCHES	ASCENDING	d7e2f814-410d-45da-a640-332fed537e8d	C01	38	1	NULL	NULL	NULL	0	0	RUB	chunks/product_queries_details_BY_SEARCHES_ASC_C01.tsv
1602722942	1082862005	5	авто подвески на зеркало	BY_SEARCHES	ASCENDING	d7e2f814-410d-45da-a640-332fed537e8d	C01	39	1	NULL	NULL	NULL	0	0	RUB	chunks/product_queries_details_BY_SEARCHES_ASC_C01.tsv
1602722942	1082862005	5	подвеска на зеркало в машину ссср	BY_SEARCHES	ASCENDING	d7e2f814-410d-45da-a640-332fed537e8d	C01	40	1	NULL	NULL	NULL	0	0	RUB	chunks/product_queries_details_BY_SEARCHES_ASC_C01.tsv
1602722942	1082862005	5	компас вегвизир	BY_SEARCHES	ASCENDING	d7e2f814-410d-45da-a640-332fed537e8d	C01	41	1	NULL	NULL	NULL	0	0	RUB	chunks/product_queries_details_BY_SEARCHES_ASC_C01.tsv
1602722942	1082862005	5	#подвеска_в_авто	BY_SEARCHES	ASCENDING	d7e2f814-410d-45da-a640-332fed537e8d	C01	42	1	NULL	NULL	NULL	0	0	RUB	chunks/product_queries_details_BY_SEARCHES_ASC_C01.tsv
1602722942	1082862005	5	акриловая бусина машинка	BY_SEARCHES	ASCENDING	d7e2f814-410d-45da-a640-332fed537e8d	C01	43	1	NULL	NULL	NULL	0	0	RUB	chunks/product_queries_details_BY_SEARCHES_ASC_C01.tsv
1602722942	1082862005	5	акриловая подвеска в машину на зеркало	BY_SEARCHES	ASCENDING	d7e2f814-410d-45da-a640-332fed537e8d	C01	44	1	NULL	NULL	NULL	0	0	RUB	chunks/product_queries_details_BY_SEARCHES_ASC_C01.tsv
1602722942	1082862005	5	викинг подвеска в машину на зеркало	BY_SEARCHES	ASCENDING	d7e2f814-410d-45da-a640-332fed537e8d	C01	45	1	NULL	NULL	NULL	0	825	RUB	chunks/product_queries_details_BY_SEARCHES_ASC_C01.tsv
1602717077	1082855228	4	брелок на зеркало в машину фемида	BY_SEARCHES	ASCENDING	d7e2f814-410d-45da-a640-332fed537e8d	C01	46	0	NULL	NULL	NULL	0	0	RUB	chunks/product_queries_details_BY_SEARCHES_ASC_C01.tsv
1602717077	1082855228	4	подвеска на зеркало деревянная	BY_SEARCHES	ASCENDING	d7e2f814-410d-45da-a640-332fed537e8d	C01	47	0	NULL	NULL	NULL	0	0	RUB	chunks/product_queries_details_BY_SEARCHES_ASC_C01.tsv
1602717077	1082855228	4	#обереги	BY_SEARCHES	ASCENDING	d7e2f814-410d-45da-a640-332fed537e8d	C01	48	0	NULL	NULL	NULL	0	0	RUB	chunks/product_queries_details_BY_SEARCHES_ASC_C01.tsv
1602717077	1082855228	4	крест а зеркало в машину	BY_SEARCHES	ASCENDING	d7e2f814-410d-45da-a640-332fed537e8d	C01	49	0	NULL	NULL	NULL	0	0	RUB	chunks/product_queries_details_BY_SEARCHES_ASC_C01.tsv
1602717077	1082855228	4	крест деревянны в машину на зеркало	BY_SEARCHES	ASCENDING	d7e2f814-410d-45da-a640-332fed537e8d	C01	50	0	NULL	NULL	NULL	0	0	RUB	chunks/product_queries_details_BY_SEARCHES_ASC_C01.tsv
1602717077	1082855228	4	подвеска в машину на зеркало а	BY_SEARCHES	ASCENDING	d7e2f814-410d-45da-a640-332fed537e8d	C01	51	0	NULL	NULL	NULL	0	0	RUB	chunks/product_queries_details_BY_SEARCHES_ASC_C01.tsv
1602717077	1082855228	4	бусины для подвески на зеркало в машину	BY_SEARCHES	ASCENDING	d7e2f814-410d-45da-a640-332fed537e8d	C01	52	0	NULL	NULL	NULL	0	0	RUB	chunks/product_queries_details_BY_SEARCHES_ASC_C01.tsv
1602717077	1082855228	4	кому в шлем	BY_SEARCHES	ASCENDING	d7e2f814-410d-45da-a640-332fed537e8d	C01	53	0	NULL	NULL	NULL	0	0	RUB	chunks/product_queries_details_BY_SEARCHES_ASC_C01.tsv
1602717077	1082855228	4	бусины диаметр 1 см	BY_SEARCHES	ASCENDING	d7e2f814-410d-45da-a640-332fed537e8d	C01	54	0	NULL	NULL	NULL	0	0	RUB	chunks/product_queries_details_BY_SEARCHES_ASC_C01.tsv
1602717077	1082855228	4	в машину авулет	BY_SEARCHES	ASCENDING	d7e2f814-410d-45da-a640-332fed537e8d	C01	55	0	NULL	NULL	NULL	0	0	RUB	chunks/product_queries_details_BY_SEARCHES_ASC_C01.tsv
1602717077	1082855228	4	#амулеты_обереги_и_талисманы	BY_SEARCHES	ASCENDING	d7e2f814-410d-45da-a640-332fed537e8d	C01	56	0	NULL	NULL	NULL	0	0	RUB	chunks/product_queries_details_BY_SEARCHES_ASC_C01.tsv
1602717077	1082855228	4	брелок у машину byd на зерколо	BY_SEARCHES	ASCENDING	d7e2f814-410d-45da-a640-332fed537e8d	C01	57	0	NULL	NULL	NULL	0	0	RUB	chunks/product_queries_details_BY_SEARCHES_ASC_C01.tsv
1602717077	1082855228	4	подвеска в автобус на зеркало ввс	BY_SEARCHES	ASCENDING	d7e2f814-410d-45da-a640-332fed537e8d	C01	58	0	NULL	NULL	NULL	0	0	RUB	chunks/product_queries_details_BY_SEARCHES_ASC_C01.tsv
1602717077	1082855228	4	амулет подвеска кришна	BY_SEARCHES	ASCENDING	d7e2f814-410d-45da-a640-332fed537e8d	C01	59	0	NULL	NULL	NULL	0	0	RUB	chunks/product_queries_details_BY_SEARCHES_ASC_C01.tsv
1602717077	1082855228	4	подвеска амулет аллах в авто	BY_SEARCHES	ASCENDING	d7e2f814-410d-45da-a640-332fed537e8d	C01	60	0	NULL	NULL	NULL	0	0	RUB	chunks/product_queries_details_BY_SEARCHES_ASC_C01.tsv
1640334195	1124761013	22	значок всеслав	BY_SEARCHES	ASCENDING	61f515d5-2397-453a-9470-6c88b9746c3e	C04	1	0	NULL	NULL	NULL	0	0	RUB	chunks/product_queries_details_BY_SEARCHES_ASC_C04.tsv
1640334195	1124761013	22	подвеска на зеркало автомобиля акула	BY_SEARCHES	ASCENDING	61f515d5-2397-453a-9470-6c88b9746c3e	C04	2	0	NULL	NULL	NULL	0	0	RUB	chunks/product_queries_details_BY_SEARCHES_ASC_C04.tsv
1640334195	1124761013	22	брелок в машину на зеркало пушистики	BY_SEARCHES	ASCENDING	61f515d5-2397-453a-9470-6c88b9746c3e	C04	3	0	NULL	NULL	NULL	0	0	RUB	chunks/product_queries_details_BY_SEARCHES_ASC_C04.tsv
1640334195	1124761013	22	на зеркало автомобиля подвеска красная	BY_SEARCHES	ASCENDING	61f515d5-2397-453a-9470-6c88b9746c3e	C04	4	0	NULL	NULL	NULL	0	0	RUB	chunks/product_queries_details_BY_SEARCHES_ASC_C04.tsv
1640334195	1124761013	22	подвеска на зеркало славянская	BY_SEARCHES	ASCENDING	61f515d5-2397-453a-9470-6c88b9746c3e	C04	5	0	NULL	NULL	NULL	0	0	RUB	chunks/product_queries_details_BY_SEARCHES_ASC_C04.tsv
1640334195	1124761013	22	подвеска в машину на зеркало мусульманская сердечка	BY_SEARCHES	ASCENDING	61f515d5-2397-453a-9470-6c88b9746c3e	C04	6	0	NULL	NULL	NULL	0	0	RUB	chunks/product_queries_details_BY_SEARCHES_ASC_C04.tsv
1640334195	1124761013	22	#обереготсглаза	BY_SEARCHES	ASCENDING	61f515d5-2397-453a-9470-6c88b9746c3e	C04	7	0	NULL	NULL	NULL	0	0	RUB	chunks/product_queries_details_BY_SEARCHES_ASC_C04.tsv
1640334195	1124761013	22	подвеска в машину на зеркало домов	BY_SEARCHES	ASCENDING	61f515d5-2397-453a-9470-6c88b9746c3e	C04	8	0	NULL	NULL	NULL	0	0	RUB	chunks/product_queries_details_BY_SEARCHES_ASC_C04.tsv
1640334195	1124761013	22	термоаппликация славянская	BY_SEARCHES	ASCENDING	61f515d5-2397-453a-9470-6c88b9746c3e	C04	9	0	NULL	NULL	NULL	0	0	RUB	chunks/product_queries_details_BY_SEARCHES_ASC_C04.tsv
1640334195	1124761013	22	славянский оберег в машину с	BY_SEARCHES	ASCENDING	61f515d5-2397-453a-9470-6c88b9746c3e	C04	10	0	NULL	NULL	NULL	0	0	RUB	chunks/product_queries_details_BY_SEARCHES_ASC_C04.tsv
1640334195	1124761013	22	подвеска в машину на зеркало ма ка крик	BY_SEARCHES	ASCENDING	61f515d5-2397-453a-9470-6c88b9746c3e	C04	11	0	NULL	NULL	NULL	0	0	RUB	chunks/product_queries_details_BY_SEARCHES_ASC_C04.tsv
1640334195	1124761013	22	#славянскиеобереги	BY_SEARCHES	ASCENDING	61f515d5-2397-453a-9470-6c88b9746c3e	C04	12	0	NULL	NULL	NULL	0	0	RUB	chunks/product_queries_details_BY_SEARCHES_ASC_C04.tsv
1640334195	1124761013	22	подвеска в машину на зеркало а	BY_SEARCHES	ASCENDING	61f515d5-2397-453a-9470-6c88b9746c3e	C04	13	0	NULL	NULL	NULL	0	0	RUB	chunks/product_queries_details_BY_SEARCHES_ASC_C04.tsv
1640334195	1124761013	22	подвеска в машину мягкий пушистый ежик	BY_SEARCHES	ASCENDING	61f515d5-2397-453a-9470-6c88b9746c3e	C04	14	0	NULL	NULL	NULL	0	0	RUB	chunks/product_queries_details_BY_SEARCHES_ASC_C04.tsv
1640334195	1124761013	22	руны подвеска в машину	BY_SEARCHES	ASCENDING	61f515d5-2397-453a-9470-6c88b9746c3e	C04	15	0	NULL	NULL	NULL	0	0	RUB	chunks/product_queries_details_BY_SEARCHES_ASC_C04.tsv
1640337426	1124764995	23	древние славяне творчество	BY_SEARCHES	ASCENDING	61f515d5-2397-453a-9470-6c88b9746c3e	C04	16	0	NULL	NULL	NULL	0	0	RUB	chunks/product_queries_details_BY_SEARCHES_ASC_C04.tsv
1640337426	1124764995	23	медальон старославянская	BY_SEARCHES	ASCENDING	61f515d5-2397-453a-9470-6c88b9746c3e	C04	17	0	NULL	NULL	NULL	0	0	RUB	chunks/product_queries_details_BY_SEARCHES_ASC_C04.tsv
1640337426	1124764995	23	браслет мужскойславянское	BY_SEARCHES	ASCENDING	61f515d5-2397-453a-9470-6c88b9746c3e	C04	18	0	NULL	NULL	NULL	0	0	RUB	chunks/product_queries_details_BY_SEARCHES_ASC_C04.tsv
1640337426	1124764995	23	платье старосла	BY_SEARCHES	ASCENDING	61f515d5-2397-453a-9470-6c88b9746c3e	C04	19	0	NULL	NULL	NULL	0	0	RUB	chunks/product_queries_details_BY_SEARCHES_ASC_C04.tsv
1640337426	1124764995	23	деревянная шкатулка старославянская	BY_SEARCHES	ASCENDING	61f515d5-2397-453a-9470-6c88b9746c3e	C04	20	0	NULL	NULL	NULL	0	0	RUB	chunks/product_queries_details_BY_SEARCHES_ASC_C04.tsv
1640337426	1124764995	23	в машину амулет	BY_SEARCHES	ASCENDING	61f515d5-2397-453a-9470-6c88b9746c3e	C04	21	0	NULL	NULL	NULL	0	0	RUB	chunks/product_queries_details_BY_SEARCHES_ASC_C04.tsv
1640337426	1124764995	23	вышивка крестом оберегиславянские	BY_SEARCHES	ASCENDING	61f515d5-2397-453a-9470-6c88b9746c3e	C04	22	0	NULL	NULL	NULL	0	0	RUB	chunks/product_queries_details_BY_SEARCHES_ASC_C04.tsv
1640337426	1124764995	23	еврейская заезда подвеска в машину	BY_SEARCHES	ASCENDING	61f515d5-2397-453a-9470-6c88b9746c3e	C04	23	0	NULL	NULL	NULL	0	0	RUB	chunks/product_queries_details_BY_SEARCHES_ASC_C04.tsv
1640337426	1124764995	23	аксессуары салона авто	BY_SEARCHES	ASCENDING	61f515d5-2397-453a-9470-6c88b9746c3e	C04	24	0	NULL	NULL	NULL	0	0	RUB	chunks/product_queries_details_BY_SEARCHES_ASC_C04.tsv
1640337426	1124764995	23	#обереготсглаза	BY_SEARCHES	ASCENDING	61f515d5-2397-453a-9470-6c88b9746c3e	C04	25	0	NULL	NULL	NULL	0	0	RUB	chunks/product_queries_details_BY_SEARCHES_ASC_C04.tsv
1640337426	1124764995	23	кросовславянские	BY_SEARCHES	ASCENDING	61f515d5-2397-453a-9470-6c88b9746c3e	C04	26	0	NULL	NULL	NULL	0	0	RUB	chunks/product_queries_details_BY_SEARCHES_ASC_C04.tsv
1640337426	1124764995	23	браслет в старо словянский	BY_SEARCHES	ASCENDING	61f515d5-2397-453a-9470-6c88b9746c3e	C04	27	0	NULL	NULL	NULL	0	0	RUB	chunks/product_queries_details_BY_SEARCHES_ASC_C04.tsv
1640337426	1124764995	23	#славянские_обереги	BY_SEARCHES	ASCENDING	61f515d5-2397-453a-9470-6c88b9746c3e	C04	28	0	NULL	NULL	NULL	0	0	RUB	chunks/product_queries_details_BY_SEARCHES_ASC_C04.tsv
1640337426	1124764995	23	браслет старо словянский	BY_SEARCHES	ASCENDING	61f515d5-2397-453a-9470-6c88b9746c3e	C04	29	0	NULL	NULL	NULL	0	0	RUB	chunks/product_queries_details_BY_SEARCHES_ASC_C04.tsv
1640337426	1124764995	23	костюм мужской старославянский	BY_SEARCHES	ASCENDING	61f515d5-2397-453a-9470-6c88b9746c3e	C04	30	0	NULL	NULL	NULL	0	0	RUB	chunks/product_queries_details_BY_SEARCHES_ASC_C04.tsv
1720124782	1217110817	24	подвеска бетмен в машину силткон	BY_SEARCHES	ASCENDING	61f515d5-2397-453a-9470-6c88b9746c3e	C04	31	0	NULL	NULL	NULL	0	0	RUB	chunks/product_queries_details_BY_SEARCHES_ASC_C04.tsv
1720124782	1217110817	24	#подвеска_в_машину_на_зеркало	BY_SEARCHES	ASCENDING	61f515d5-2397-453a-9470-6c88b9746c3e	C04	32	0	NULL	NULL	NULL	0	0	RUB	chunks/product_queries_details_BY_SEARCHES_ASC_C04.tsv
1720124782	1217110817	24	кролик стрелец и	BY_SEARCHES	ASCENDING	61f515d5-2397-453a-9470-6c88b9746c3e	C04	33	0	NULL	NULL	NULL	0	0	RUB	chunks/product_queries_details_BY_SEARCHES_ASC_C04.tsv
1720124782	1217110817	24	демон на машину подвеска на стекло маленькие	BY_SEARCHES	ASCENDING	61f515d5-2397-453a-9470-6c88b9746c3e	C04	34	0	NULL	NULL	NULL	0	0	RUB	chunks/product_queries_details_BY_SEARCHES_ASC_C04.tsv
1720124782	1217110817	24	висюлька в машину на зеркало мусульманская на грузовую	BY_SEARCHES	ASCENDING	61f515d5-2397-453a-9470-6c88b9746c3e	C04	35	0	NULL	NULL	NULL	0	0	RUB	chunks/product_queries_details_BY_SEARCHES_ASC_C04.tsv
1720124782	1217110817	24	брелок в машину на зеркало пушистики	BY_SEARCHES	ASCENDING	61f515d5-2397-453a-9470-6c88b9746c3e	C04	36	0	NULL	NULL	NULL	0	0	RUB	chunks/product_queries_details_BY_SEARCHES_ASC_C04.tsv
1720124782	1217110817	24	брелок авто талисман	BY_SEARCHES	ASCENDING	61f515d5-2397-453a-9470-6c88b9746c3e	C04	37	0	NULL	NULL	NULL	0	0	RUB	chunks/product_queries_details_BY_SEARCHES_ASC_C04.tsv
1720124782	1217110817	24	железный стрелец	BY_SEARCHES	ASCENDING	61f515d5-2397-453a-9470-6c88b9746c3e	C04	38	0	NULL	NULL	NULL	0	0	RUB	chunks/product_queries_details_BY_SEARCHES_ASC_C04.tsv
1720124782	1217110817	24	знак туфелька блестящая на машину	BY_SEARCHES	ASCENDING	61f515d5-2397-453a-9470-6c88b9746c3e	C04	39	0	NULL	NULL	NULL	0	0	RUB	chunks/product_queries_details_BY_SEARCHES_ASC_C04.tsv
1720124782	1217110817	24	подвеска в машину демон они на четках	BY_SEARCHES	ASCENDING	61f515d5-2397-453a-9470-6c88b9746c3e	C04	40	0	NULL	NULL	NULL	0	0	RUB	chunks/product_queries_details_BY_SEARCHES_ASC_C04.tsv
1720124782	1217110817	24	мешочек со смехом подвеска в машину	BY_SEARCHES	ASCENDING	61f515d5-2397-453a-9470-6c88b9746c3e	C04	41	0	NULL	NULL	NULL	0	0	RUB	chunks/product_queries_details_BY_SEARCHES_ASC_C04.tsv
1720124782	1217110817	24	висюльки в машину на зеркало знак диака стрелец	BY_SEARCHES	ASCENDING	61f515d5-2397-453a-9470-6c88b9746c3e	C04	42	0	NULL	NULL	NULL	0	0	RUB	chunks/product_queries_details_BY_SEARCHES_ASC_C04.tsv
1720124782	1217110817	24	заец в машину	BY_SEARCHES	ASCENDING	61f515d5-2397-453a-9470-6c88b9746c3e	C04	43	0	NULL	NULL	NULL	0	0	RUB	chunks/product_queries_details_BY_SEARCHES_ASC_C04.tsv
1720124782	1217110817	24	игрушка на зеркало в машину пачка сигарет	BY_SEARCHES	ASCENDING	61f515d5-2397-453a-9470-6c88b9746c3e	C04	44	0	NULL	NULL	NULL	0	0	RUB	chunks/product_queries_details_BY_SEARCHES_ASC_C04.tsv
1720124782	1217110817	24	"магазин ""стрелец"""	BY_SEARCHES	ASCENDING	61f515d5-2397-453a-9470-6c88b9746c3e	C04	45	0	NULL	NULL	NULL	0	0	RUB	chunks/product_queries_details_BY_SEARCHES_ASC_C04.tsv
1640326205	1124733734	19	четки с коловратом	BY_SEARCHES	ASCENDING	61f515d5-2397-453a-9470-6c88b9746c3e	C04	46	0	NULL	NULL	NULL	0	1628	RUB	chunks/product_queries_details_BY_SEARCHES_ASC_C04.tsv
1640326205	1124733734	19	#мужчине_на_день_рождения	BY_SEARCHES	ASCENDING	61f515d5-2397-453a-9470-6c88b9746c3e	C04	47	0	NULL	NULL	NULL	0	0	RUB	chunks/product_queries_details_BY_SEARCHES_ASC_C04.tsv
1640326205	1124733734	19	амлеты	BY_SEARCHES	ASCENDING	61f515d5-2397-453a-9470-6c88b9746c3e	C04	48	1	NULL	NULL	NULL	0	0	RUB	chunks/product_queries_details_BY_SEARCHES_ASC_C04.tsv
1640326205	1124733734	19	авто подвеска на зеркало	BY_SEARCHES	ASCENDING	61f515d5-2397-453a-9470-6c88b9746c3e	C04	49	1	NULL	NULL	NULL	0	0	RUB	chunks/product_queries_details_BY_SEARCHES_ASC_C04.tsv
1640326205	1124733734	19	подвеска мужская коловрат	BY_SEARCHES	ASCENDING	61f515d5-2397-453a-9470-6c88b9746c3e	C04	50	1	NULL	NULL	NULL	0	0	RUB	chunks/product_queries_details_BY_SEARCHES_ASC_C04.tsv
1640326205	1124733734	19	детский славянский оберег	BY_SEARCHES	ASCENDING	61f515d5-2397-453a-9470-6c88b9746c3e	C04	51	1	NULL	NULL	NULL	0	712	RUB	chunks/product_queries_details_BY_SEARCHES_ASC_C04.tsv
1640326205	1124733734	19	славянский колядыдар	BY_SEARCHES	ASCENDING	61f515d5-2397-453a-9470-6c88b9746c3e	C04	52	1	NULL	NULL	NULL	0	642	RUB	chunks/product_queries_details_BY_SEARCHES_ASC_C04.tsv
1640326205	1124733734	19	аксессуары в машину мужские	BY_SEARCHES	ASCENDING	61f515d5-2397-453a-9470-6c88b9746c3e	C04	53	1	NULL	NULL	NULL	0	0	RUB	chunks/product_queries_details_BY_SEARCHES_ASC_C04.tsv
1640326205	1124733734	19	омулеты	BY_SEARCHES	ASCENDING	61f515d5-2397-453a-9470-6c88b9746c3e	C04	54	1	NULL	NULL	NULL	0	0	RUB	chunks/product_queries_details_BY_SEARCHES_ASC_C04.tsv
1640326205	1124733734	19	акриловая бусина машинка	BY_SEARCHES	ASCENDING	61f515d5-2397-453a-9470-6c88b9746c3e	C04	55	1	NULL	NULL	NULL	0	0	RUB	chunks/product_queries_details_BY_SEARCHES_ASC_C04.tsv
1640326205	1124733734	19	оберег коловрат в машину	BY_SEARCHES	ASCENDING	61f515d5-2397-453a-9470-6c88b9746c3e	C04	56	1	NULL	NULL	NULL	0	886	RUB	chunks/product_queries_details_BY_SEARCHES_ASC_C04.tsv
1640326205	1124733734	19	dtlmvbyf gjldtcrf	BY_SEARCHES	ASCENDING	61f515d5-2397-453a-9470-6c88b9746c3e	C04	57	1	NULL	NULL	NULL	0	0	RUB	chunks/product_queries_details_BY_SEARCHES_ASC_C04.tsv
1640326205	1124733734	19	акриловые чётки в машину на зеркало	BY_SEARCHES	ASCENDING	61f515d5-2397-453a-9470-6c88b9746c3e	C04	58	1	NULL	NULL	NULL	0	0	RUB	chunks/product_queries_details_BY_SEARCHES_ASC_C04.tsv
1640326205	1124733734	19	авто четки в машину	BY_SEARCHES	ASCENDING	61f515d5-2397-453a-9470-6c88b9746c3e	C04	59	1	NULL	NULL	NULL	0	0	RUB	chunks/product_queries_details_BY_SEARCHES_ASC_C04.tsv
1640326205	1124733734	19	славянский оберёг колядник	BY_SEARCHES	ASCENDING	61f515d5-2397-453a-9470-6c88b9746c3e	C04	60	1	NULL	NULL	NULL	0	640	RUB	chunks/product_queries_details_BY_SEARCHES_ASC_C04.tsv
1640326230	1124751825	20	четки з	BY_SEARCHES	ASCENDING	61f515d5-2397-453a-9470-6c88b9746c3e	C04	61	0	NULL	NULL	NULL	0	0	RUB	chunks/product_queries_details_BY_SEARCHES_ASC_C04.tsv
1640326230	1124751825	20	амулет з	BY_SEARCHES	ASCENDING	61f515d5-2397-453a-9470-6c88b9746c3e	C04	62	0	NULL	NULL	NULL	0	0	RUB	chunks/product_queries_details_BY_SEARCHES_ASC_C04.tsv
1640326230	1124751825	20	обереги коловрат	BY_SEARCHES	ASCENDING	61f515d5-2397-453a-9470-6c88b9746c3e	C04	63	0	NULL	NULL	NULL	0	0	RUB	chunks/product_queries_details_BY_SEARCHES_ASC_C04.tsv
1640326230	1124751825	20	в машину амулет	BY_SEARCHES	ASCENDING	61f515d5-2397-453a-9470-6c88b9746c3e	C04	64	0	NULL	NULL	NULL	0	0	RUB	chunks/product_queries_details_BY_SEARCHES_ASC_C04.tsv
1640326230	1124751825	20	оберег на машину славянский	BY_SEARCHES	ASCENDING	61f515d5-2397-453a-9470-6c88b9746c3e	C04	65	0	NULL	NULL	NULL	0	0	RUB	chunks/product_queries_details_BY_SEARCHES_ASC_C04.tsv
1640326230	1124751825	20	подвеска в машину на зеркало инь янь	BY_SEARCHES	ASCENDING	61f515d5-2397-453a-9470-6c88b9746c3e	C04	66	0	NULL	NULL	NULL	0	0	RUB	chunks/product_queries_details_BY_SEARCHES_ASC_C04.tsv
1640326230	1124751825	20	подвеска в машину на зеркало юрта	BY_SEARCHES	ASCENDING	61f515d5-2397-453a-9470-6c88b9746c3e	C04	67	0	NULL	NULL	NULL	0	0	RUB	chunks/product_queries_details_BY_SEARCHES_ASC_C04.tsv
1640326230	1124751825	20	славянские обереги знич	BY_SEARCHES	ASCENDING	61f515d5-2397-453a-9470-6c88b9746c3e	C04	68	0	NULL	NULL	NULL	0	0	RUB	chunks/product_queries_details_BY_SEARCHES_ASC_C04.tsv
1640326230	1124751825	20	славянские руны подвеска	BY_SEARCHES	ASCENDING	61f515d5-2397-453a-9470-6c88b9746c3e	C04	69	0	NULL	NULL	NULL	0	0	RUB	chunks/product_queries_details_BY_SEARCHES_ASC_C04.tsv
1640326230	1124751825	20	подвеска на зеркало в машину згт	BY_SEARCHES	ASCENDING	61f515d5-2397-453a-9470-6c88b9746c3e	C04	70	0	NULL	NULL	NULL	0	0	RUB	chunks/product_queries_details_BY_SEARCHES_ASC_C04.tsv
1640326230	1124751825	20	#славянскиеобереги	BY_SEARCHES	ASCENDING	61f515d5-2397-453a-9470-6c88b9746c3e	C04	71	0	NULL	NULL	NULL	0	0	RUB	chunks/product_queries_details_BY_SEARCHES_ASC_C04.tsv
1640326230	1124751825	20	подвеска в машину наррд	BY_SEARCHES	ASCENDING	61f515d5-2397-453a-9470-6c88b9746c3e	C04	72	0	NULL	NULL	NULL	0	0	RUB	chunks/product_queries_details_BY_SEARCHES_ASC_C04.tsv
1640326230	1124751825	20	12 з подвеска	BY_SEARCHES	ASCENDING	61f515d5-2397-453a-9470-6c88b9746c3e	C04	73	0	NULL	NULL	NULL	0	0	RUB	chunks/product_queries_details_BY_SEARCHES_ASC_C04.tsv
1640326230	1124751825	20	#обереготсглаза	BY_SEARCHES	ASCENDING	61f515d5-2397-453a-9470-6c88b9746c3e	C04	74	0	NULL	NULL	NULL	0	0	RUB	chunks/product_queries_details_BY_SEARCHES_ASC_C04.tsv
1640326230	1124751825	20	сварог зн	BY_SEARCHES	ASCENDING	61f515d5-2397-453a-9470-6c88b9746c3e	C04	75	0	NULL	NULL	NULL	0	0	RUB	chunks/product_queries_details_BY_SEARCHES_ASC_C04.tsv
1640330072	1124755617	21	брелок громовик	BY_SEARCHES	ASCENDING	61f515d5-2397-453a-9470-6c88b9746c3e	C04	76	0	NULL	NULL	NULL	0	0	RUB	chunks/product_queries_details_BY_SEARCHES_ASC_C04.tsv
1640330072	1124755617	21	зеркало оберег на шею славянское	BY_SEARCHES	ASCENDING	61f515d5-2397-453a-9470-6c88b9746c3e	C04	77	0	NULL	NULL	NULL	0	0	RUB	chunks/product_queries_details_BY_SEARCHES_ASC_C04.tsv
1640330072	1124755617	21	брелок гром и	BY_SEARCHES	ASCENDING	61f515d5-2397-453a-9470-6c88b9746c3e	C04	78	0	NULL	NULL	NULL	0	0	RUB	chunks/product_queries_details_BY_SEARCHES_ASC_C04.tsv
1640330072	1124755617	21	громовка оберег	BY_SEARCHES	ASCENDING	61f515d5-2397-453a-9470-6c88b9746c3e	C04	79	0	NULL	NULL	NULL	0	0	RUB	chunks/product_queries_details_BY_SEARCHES_ASC_C04.tsv
1640330072	1124755617	21	зеркало с черепами	BY_SEARCHES	ASCENDING	61f515d5-2397-453a-9470-6c88b9746c3e	C04	80	0	NULL	NULL	NULL	0	0	RUB	chunks/product_queries_details_BY_SEARCHES_ASC_C04.tsv
1640330072	1124755617	21	громовик оберег с	BY_SEARCHES	ASCENDING	61f515d5-2397-453a-9470-6c88b9746c3e	C04	81	0	NULL	NULL	NULL	0	0	RUB	chunks/product_queries_details_BY_SEARCHES_ASC_C04.tsv
1640330072	1124755617	21	#славянские_обереги	BY_SEARCHES	ASCENDING	61f515d5-2397-453a-9470-6c88b9746c3e	C04	82	0	NULL	NULL	NULL	0	0	RUB	chunks/product_queries_details_BY_SEARCHES_ASC_C04.tsv
1640330072	1124755617	21	аодвеска зеркало	BY_SEARCHES	ASCENDING	61f515d5-2397-453a-9470-6c88b9746c3e	C04	83	0	NULL	NULL	NULL	0	0	RUB	chunks/product_queries_details_BY_SEARCHES_ASC_C04.tsv
1640330072	1124755617	21	#коловратка	BY_SEARCHES	ASCENDING	61f515d5-2397-453a-9470-6c88b9746c3e	C04	84	0	NULL	NULL	NULL	0	0	RUB	chunks/product_queries_details_BY_SEARCHES_ASC_C04.tsv
1640330072	1124755617	21	громовик колесо	BY_SEARCHES	ASCENDING	61f515d5-2397-453a-9470-6c88b9746c3e	C04	85	0	NULL	NULL	NULL	0	0	RUB	chunks/product_queries_details_BY_SEARCHES_ASC_C04.tsv
1640330072	1124755617	21	брелок коло	BY_SEARCHES	ASCENDING	61f515d5-2397-453a-9470-6c88b9746c3e	C04	86	0	NULL	NULL	NULL	0	0	RUB	chunks/product_queries_details_BY_SEARCHES_ASC_C04.tsv
1640330072	1124755617	21	амулеты обереги и талисманы зеркалр	BY_SEARCHES	ASCENDING	61f515d5-2397-453a-9470-6c88b9746c3e	C04	87	0	NULL	NULL	NULL	0	0	RUB	chunks/product_queries_details_BY_SEARCHES_ASC_C04.tsv
1640330072	1124755617	21	брелок каловрат	BY_SEARCHES	ASCENDING	61f515d5-2397-453a-9470-6c88b9746c3e	C04	88	0	NULL	NULL	NULL	0	0	RUB	chunks/product_queries_details_BY_SEARCHES_ASC_C04.tsv
1640330072	1124755617	21	висюлька на зеркало в машину белая пушистая	BY_SEARCHES	ASCENDING	61f515d5-2397-453a-9470-6c88b9746c3e	C04	89	0	NULL	NULL	NULL	0	0	RUB	chunks/product_queries_details_BY_SEARCHES_ASC_C04.tsv
1640330072	1124755617	21	#амулеты_обереги_и_талисманы	BY_SEARCHES	ASCENDING	61f515d5-2397-453a-9470-6c88b9746c3e	C04	90	0	NULL	NULL	NULL	0	0	RUB	chunks/product_queries_details_BY_SEARCHES_ASC_C04.tsv
2183985513	1831181558	40	амулетом на машину	BY_SEARCHES	ASCENDING	65c4f32c-77f1-4cae-b629-d066077f8a2e	C07	1	0	NULL	NULL	NULL	0	0	RUB	chunks/product_queries_details_BY_SEARCHES_ASC_C07.tsv
2183985513	1831181558	40	#славянскиеобереги	BY_SEARCHES	ASCENDING	65c4f32c-77f1-4cae-b629-d066077f8a2e	C07	2	0	NULL	NULL	NULL	0	0	RUB	chunks/product_queries_details_BY_SEARCHES_ASC_C07.tsv
2183985513	1831181558	40	#обереготсглаза	BY_SEARCHES	ASCENDING	65c4f32c-77f1-4cae-b629-d066077f8a2e	C07	3	0	NULL	NULL	NULL	0	0	RUB	chunks/product_queries_details_BY_SEARCHES_ASC_C07.tsv
2183985513	1831181558	40	вонючка дельфин в машину синяя на зеркало	BY_SEARCHES	ASCENDING	65c4f32c-77f1-4cae-b629-d066077f8a2e	C07	4	0	NULL	NULL	NULL	0	0	RUB	chunks/product_queries_details_BY_SEARCHES_ASC_C07.tsv
2183985513	1831181558	40	бусина от сглаза на зеркало машины	BY_SEARCHES	ASCENDING	65c4f32c-77f1-4cae-b629-d066077f8a2e	C07	5	0	NULL	NULL	NULL	0	0	RUB	chunks/product_queries_details_BY_SEARCHES_ASC_C07.tsv
2183985513	1831181558	40	брелок перу	BY_SEARCHES	ASCENDING	65c4f32c-77f1-4cae-b629-d066077f8a2e	C07	6	0	NULL	NULL	NULL	0	0	RUB	chunks/product_queries_details_BY_SEARCHES_ASC_C07.tsv
2183985513	1831181558	40	висючка в машину на зеркало люстра	BY_SEARCHES	ASCENDING	65c4f32c-77f1-4cae-b629-d066077f8a2e	C07	7	0	NULL	NULL	NULL	0	0	RUB	chunks/product_queries_details_BY_SEARCHES_ASC_C07.tsv
2183985513	1831181558	40	#подвеска_в_машину	BY_SEARCHES	ASCENDING	65c4f32c-77f1-4cae-b629-d066077f8a2e	C07	8	0	NULL	NULL	NULL	0	0	RUB	chunks/product_queries_details_BY_SEARCHES_ASC_C07.tsv
2183985513	1831181558	40	аодвеска зеркало	BY_SEARCHES	ASCENDING	65c4f32c-77f1-4cae-b629-d066077f8a2e	C07	9	0	NULL	NULL	NULL	0	0	RUB	chunks/product_queries_details_BY_SEARCHES_ASC_C07.tsv
2183985513	1831181558	40	#славянские_обереги	BY_SEARCHES	ASCENDING	65c4f32c-77f1-4cae-b629-d066077f8a2e	C07	10	0	NULL	NULL	NULL	0	0	RUB	chunks/product_queries_details_BY_SEARCHES_ASC_C07.tsv
2183985513	1831181558	40	#амулеты_обереги_и_талисманы	BY_SEARCHES	ASCENDING	65c4f32c-77f1-4cae-b629-d066077f8a2e	C07	11	0	NULL	NULL	NULL	0	0	RUB	chunks/product_queries_details_BY_SEARCHES_ASC_C07.tsv
2183985513	1831181558	40	брелок для ключей с перун	BY_SEARCHES	ASCENDING	65c4f32c-77f1-4cae-b629-d066077f8a2e	C07	12	0	NULL	NULL	NULL	0	0	RUB	chunks/product_queries_details_BY_SEARCHES_ASC_C07.tsv
2183985513	1831181558	40	браслет из перу	BY_SEARCHES	ASCENDING	65c4f32c-77f1-4cae-b629-d066077f8a2e	C07	13	0	NULL	NULL	NULL	0	0	RUB	chunks/product_queries_details_BY_SEARCHES_ASC_C07.tsv
2183985513	1831181558	40	бог омулет	BY_SEARCHES	ASCENDING	65c4f32c-77f1-4cae-b629-d066077f8a2e	C07	14	0	NULL	NULL	NULL	0	0	RUB	chunks/product_queries_details_BY_SEARCHES_ASC_C07.tsv
2183985513	1831181558	40	висюлька на зеркало в машину белая пушистая	BY_SEARCHES	ASCENDING	65c4f32c-77f1-4cae-b629-d066077f8a2e	C07	15	0	NULL	NULL	NULL	0	0	RUB	chunks/product_queries_details_BY_SEARCHES_ASC_C07.tsv
2184098058	1831327502	41	подвеска авто салон	BY_SEARCHES	ASCENDING	65c4f32c-77f1-4cae-b629-d066077f8a2e	C07	16	0	NULL	NULL	NULL	0	0	RUB	chunks/product_queries_details_BY_SEARCHES_ASC_C07.tsv
2184098058	1831327502	41	славянские оберег чернобог для мужчин	BY_SEARCHES	ASCENDING	65c4f32c-77f1-4cae-b629-d066077f8a2e	C07	17	0	NULL	NULL	NULL	0	0	RUB	chunks/product_queries_details_BY_SEARCHES_ASC_C07.tsv
2184098058	1831327502	41	бусина от сглаза на зеркало машины	BY_SEARCHES	ASCENDING	65c4f32c-77f1-4cae-b629-d066077f8a2e	C07	18	0	NULL	NULL	NULL	0	0	RUB	chunks/product_queries_details_BY_SEARCHES_ASC_C07.tsv
2184098058	1831327502	41	#славянскиеобереги	BY_SEARCHES	ASCENDING	65c4f32c-77f1-4cae-b629-d066077f8a2e	C07	19	0	NULL	NULL	NULL	0	0	RUB	chunks/product_queries_details_BY_SEARCHES_ASC_C07.tsv
2184098058	1831327502	41	подвеска в машину на зеркало прик	BY_SEARCHES	ASCENDING	65c4f32c-77f1-4cae-b629-d066077f8a2e	C07	20	0	NULL	NULL	NULL	0	0	RUB	chunks/product_queries_details_BY_SEARCHES_ASC_C07.tsv
2184098058	1831327502	41	аодвеска зеркало	BY_SEARCHES	ASCENDING	65c4f32c-77f1-4cae-b629-d066077f8a2e	C07	21	0	NULL	NULL	NULL	0	0	RUB	chunks/product_queries_details_BY_SEARCHES_ASC_C07.tsv
2184098058	1831327502	41	подвеска для песка	BY_SEARCHES	ASCENDING	65c4f32c-77f1-4cae-b629-d066077f8a2e	C07	22	0	NULL	NULL	NULL	0	0	RUB	chunks/product_queries_details_BY_SEARCHES_ASC_C07.tsv
2184098058	1831327502	41	подвеска в машину на зеркало руна	BY_SEARCHES	ASCENDING	65c4f32c-77f1-4cae-b629-d066077f8a2e	C07	23	0	NULL	NULL	NULL	0	0	RUB	chunks/product_queries_details_BY_SEARCHES_ASC_C07.tsv
2184098058	1831327502	41	оберег на машину куз тимэсен	BY_SEARCHES	ASCENDING	65c4f32c-77f1-4cae-b629-d066077f8a2e	C07	24	0	NULL	NULL	NULL	0	0	RUB	chunks/product_queries_details_BY_SEARCHES_ASC_C07.tsv
2184098058	1831327502	41	подвеска в машину на зеркало юрта	BY_SEARCHES	ASCENDING	65c4f32c-77f1-4cae-b629-d066077f8a2e	C07	25	0	NULL	NULL	NULL	0	0	RUB	chunks/product_queries_details_BY_SEARCHES_ASC_C07.tsv
2184098058	1831327502	41	#обереготсглаза	BY_SEARCHES	ASCENDING	65c4f32c-77f1-4cae-b629-d066077f8a2e	C07	26	0	NULL	NULL	NULL	0	0	RUB	chunks/product_queries_details_BY_SEARCHES_ASC_C07.tsv
2184098058	1831327502	41	наклейки на машину стри	BY_SEARCHES	ASCENDING	65c4f32c-77f1-4cae-b629-d066077f8a2e	C07	27	0	NULL	NULL	NULL	0	0	RUB	chunks/product_queries_details_BY_SEARCHES_ASC_C07.tsv
2184098058	1831327502	41	#славянские_обереги	BY_SEARCHES	ASCENDING	65c4f32c-77f1-4cae-b629-d066077f8a2e	C07	28	0	NULL	NULL	NULL	0	0	RUB	chunks/product_queries_details_BY_SEARCHES_ASC_C07.tsv
2184098058	1831327502	41	#подвеска_в_машину	BY_SEARCHES	ASCENDING	65c4f32c-77f1-4cae-b629-d066077f8a2e	C07	29	0	NULL	NULL	NULL	0	0	RUB	chunks/product_queries_details_BY_SEARCHES_ASC_C07.tsv
2184098058	1831327502	41	оберег на машину славянский	BY_SEARCHES	ASCENDING	65c4f32c-77f1-4cae-b629-d066077f8a2e	C07	30	0	NULL	NULL	NULL	0	0	RUB	chunks/product_queries_details_BY_SEARCHES_ASC_C07.tsv
2184133137	1831377069	42	амулеты обереги кулоны	BY_SEARCHES	ASCENDING	65c4f32c-77f1-4cae-b629-d066077f8a2e	C07	31	0	NULL	NULL	NULL	0	0	RUB	chunks/product_queries_details_BY_SEARCHES_ASC_C07.tsv
2184133137	1831377069	42	деревянная бусина с стмволом макошь	BY_SEARCHES	ASCENDING	65c4f32c-77f1-4cae-b629-d066077f8a2e	C07	32	0	NULL	NULL	NULL	0	0	RUB	chunks/product_queries_details_BY_SEARCHES_ASC_C07.tsv
2184133137	1831377069	42	#обереготсглаза	BY_SEARCHES	ASCENDING	65c4f32c-77f1-4cae-b629-d066077f8a2e	C07	33	0	NULL	NULL	NULL	0	0	RUB	chunks/product_queries_details_BY_SEARCHES_ASC_C07.tsv
2184133137	1831377069	42	оберег из дерева на шею	BY_SEARCHES	ASCENDING	65c4f32c-77f1-4cae-b629-d066077f8a2e	C07	34	0	NULL	NULL	NULL	0	0	RUB	chunks/product_queries_details_BY_SEARCHES_ASC_C07.tsv
2184133137	1831377069	42	для машины в салон на зеркало подвескп	BY_SEARCHES	ASCENDING	65c4f32c-77f1-4cae-b629-d066077f8a2e	C07	35	0	NULL	NULL	NULL	0	0	RUB	chunks/product_queries_details_BY_SEARCHES_ASC_C07.tsv
2184133137	1831377069	42	из дерева подвеска	BY_SEARCHES	ASCENDING	65c4f32c-77f1-4cae-b629-d066077f8a2e	C07	36	0	NULL	NULL	NULL	0	0	RUB	chunks/product_queries_details_BY_SEARCHES_ASC_C07.tsv
2184133137	1831377069	42	макошь славянский оберег	BY_SEARCHES	ASCENDING	65c4f32c-77f1-4cae-b629-d066077f8a2e	C07	37	0	NULL	NULL	NULL	0	0	RUB	chunks/product_queries_details_BY_SEARCHES_ASC_C07.tsv
2184133137	1831377069	42	бусина от сглаза на зеркало машины	BY_SEARCHES	ASCENDING	65c4f32c-77f1-4cae-b629-d066077f8a2e	C07	38	0	NULL	NULL	NULL	0	0	RUB	chunks/product_queries_details_BY_SEARCHES_ASC_C07.tsv
2184133137	1831377069	42	аксессуары салона авто	BY_SEARCHES	ASCENDING	65c4f32c-77f1-4cae-b629-d066077f8a2e	C07	39	0	NULL	NULL	NULL	0	0	RUB	chunks/product_queries_details_BY_SEARCHES_ASC_C07.tsv
2184133137	1831377069	42	брелок в машину на зеркало я свободен	BY_SEARCHES	ASCENDING	65c4f32c-77f1-4cae-b629-d066077f8a2e	C07	40	0	NULL	NULL	NULL	0	0	RUB	chunks/product_queries_details_BY_SEARCHES_ASC_C07.tsv
2184133137	1831377069	42	#славянские_обереги	BY_SEARCHES	ASCENDING	65c4f32c-77f1-4cae-b629-d066077f8a2e	C07	41	0	NULL	NULL	NULL	0	0	RUB	chunks/product_queries_details_BY_SEARCHES_ASC_C07.tsv
2184133137	1831377069	42	висюлька на зеркало в машину белая пушистая	BY_SEARCHES	ASCENDING	65c4f32c-77f1-4cae-b629-d066077f8a2e	C07	42	0	NULL	NULL	NULL	0	0	RUB	chunks/product_queries_details_BY_SEARCHES_ASC_C07.tsv
2184133137	1831377069	42	макошь доска	BY_SEARCHES	ASCENDING	65c4f32c-77f1-4cae-b629-d066077f8a2e	C07	43	0	NULL	NULL	NULL	0	0	RUB	chunks/product_queries_details_BY_SEARCHES_ASC_C07.tsv
2184133137	1831377069	42	в машину подвеска на зеркало россия	BY_SEARCHES	ASCENDING	65c4f32c-77f1-4cae-b629-d066077f8a2e	C07	44	0	NULL	NULL	NULL	0	0	RUB	chunks/product_queries_details_BY_SEARCHES_ASC_C07.tsv
2184133137	1831377069	42	в машину амулет	BY_SEARCHES	ASCENDING	65c4f32c-77f1-4cae-b629-d066077f8a2e	C07	45	0	NULL	NULL	NULL	0	0	RUB	chunks/product_queries_details_BY_SEARCHES_ASC_C07.tsv
1943215793	1498533114	37	молитвой деревянный православный	BY_SEARCHES	ASCENDING	65c4f32c-77f1-4cae-b629-d066077f8a2e	C07	46	0	NULL	NULL	NULL	0	0	RUB	chunks/product_queries_details_BY_SEARCHES_ASC_C07.tsv
1943215793	1498533114	37	лего машина не сло	BY_SEARCHES	ASCENDING	65c4f32c-77f1-4cae-b629-d066077f8a2e	C07	47	0	NULL	NULL	NULL	0	0	RUB	chunks/product_queries_details_BY_SEARCHES_ASC_C07.tsv
1943215793	1498533114	37	оберег на ркккмужской православный освященны	BY_SEARCHES	ASCENDING	65c4f32c-77f1-4cae-b629-d066077f8a2e	C07	48	0	NULL	NULL	NULL	0	0	RUB	chunks/product_queries_details_BY_SEARCHES_ASC_C07.tsv
1943215793	1498533114	37	подвеска в машину на зеркало вера	BY_SEARCHES	ASCENDING	65c4f32c-77f1-4cae-b629-d066077f8a2e	C07	49	0	NULL	NULL	NULL	0	0	RUB	chunks/product_queries_details_BY_SEARCHES_ASC_C07.tsv
1943215793	1498533114	37	подвеска в машину на зеркало мех	BY_SEARCHES	ASCENDING	65c4f32c-77f1-4cae-b629-d066077f8a2e	C07	50	0	NULL	NULL	NULL	0	0	RUB	chunks/product_queries_details_BY_SEARCHES_ASC_C07.tsv
1943215793	1498533114	37	мусульманский оберег брелок на автомобиль	BY_SEARCHES	ASCENDING	65c4f32c-77f1-4cae-b629-d066077f8a2e	C07	51	0	NULL	NULL	NULL	0	0	RUB	chunks/product_queries_details_BY_SEARCHES_ASC_C07.tsv
1943215793	1498533114	37	крест в машинв	BY_SEARCHES	ASCENDING	65c4f32c-77f1-4cae-b629-d066077f8a2e	C07	52	0	NULL	NULL	NULL	0	0	RUB	chunks/product_queries_details_BY_SEARCHES_ASC_C07.tsv
1943215793	1498533114	37	подвеска на зеркало в машину япоская	BY_SEARCHES	ASCENDING	65c4f32c-77f1-4cae-b629-d066077f8a2e	C07	53	0	NULL	NULL	NULL	0	0	RUB	chunks/product_queries_details_BY_SEARCHES_ASC_C07.tsv
1943215793	1498533114	37	#обереготсглаза	BY_SEARCHES	ASCENDING	65c4f32c-77f1-4cae-b629-d066077f8a2e	C07	54	0	NULL	NULL	NULL	0	0	RUB	chunks/product_queries_details_BY_SEARCHES_ASC_C07.tsv
1943215793	1498533114	37	#амулеты_обереги_и_талисманы	BY_SEARCHES	ASCENDING	65c4f32c-77f1-4cae-b629-d066077f8a2e	C07	55	0	NULL	NULL	NULL	0	0	RUB	chunks/product_queries_details_BY_SEARCHES_ASC_C07.tsv
1943215793	1498533114	37	молитвы о детях православные даниленко	BY_SEARCHES	ASCENDING	65c4f32c-77f1-4cae-b629-d066077f8a2e	C07	56	0	NULL	NULL	NULL	0	0	RUB	chunks/product_queries_details_BY_SEARCHES_ASC_C07.tsv
1943215793	1498533114	37	подвеска в машину на зеркало жен	BY_SEARCHES	ASCENDING	65c4f32c-77f1-4cae-b629-d066077f8a2e	C07	57	0	NULL	NULL	NULL	0	0	RUB	chunks/product_queries_details_BY_SEARCHES_ASC_C07.tsv
1943215793	1498533114	37	подарки в авто	BY_SEARCHES	ASCENDING	65c4f32c-77f1-4cae-b629-d066077f8a2e	C07	58	0	NULL	NULL	NULL	0	0	RUB	chunks/product_queries_details_BY_SEARCHES_ASC_C07.tsv
1943215793	1498533114	37	оберег в машину православный мал	BY_SEARCHES	ASCENDING	65c4f32c-77f1-4cae-b629-d066077f8a2e	C07	59	0	NULL	NULL	NULL	0	0	RUB	chunks/product_queries_details_BY_SEARCHES_ASC_C07.tsv
1943215793	1498533114	37	подвеска в машину на зеркало а	BY_SEARCHES	ASCENDING	65c4f32c-77f1-4cae-b629-d066077f8a2e	C07	60	0	NULL	NULL	NULL	0	0	RUB	chunks/product_queries_details_BY_SEARCHES_ASC_C07.tsv
2183808182	1830964558	38	бусина от сглаза на зеркало машины	BY_SEARCHES	ASCENDING	65c4f32c-77f1-4cae-b629-d066077f8a2e	C07	61	0	NULL	NULL	NULL	0	0	RUB	chunks/product_queries_details_BY_SEARCHES_ASC_C07.tsv
2183808182	1830964558	38	зеркало с ув подвеской	BY_SEARCHES	ASCENDING	65c4f32c-77f1-4cae-b629-d066077f8a2e	C07	62	0	NULL	NULL	NULL	0	0	RUB	chunks/product_queries_details_BY_SEARCHES_ASC_C07.tsv
2183808182	1830964558	38	#подвеска_в_машину	BY_SEARCHES	ASCENDING	65c4f32c-77f1-4cae-b629-d066077f8a2e	C07	63	0	NULL	NULL	NULL	0	0	RUB	chunks/product_queries_details_BY_SEARCHES_ASC_C07.tsv
2183808182	1830964558	38	жива кулон	BY_SEARCHES	ASCENDING	65c4f32c-77f1-4cae-b629-d066077f8a2e	C07	64	0	NULL	NULL	NULL	0	0	RUB	chunks/product_queries_details_BY_SEARCHES_ASC_C07.tsv
2183808182	1830964558	38	бог омулет	BY_SEARCHES	ASCENDING	65c4f32c-77f1-4cae-b629-d066077f8a2e	C07	65	0	NULL	NULL	NULL	0	0	RUB	chunks/product_queries_details_BY_SEARCHES_ASC_C07.tsv
2183808182	1830964558	38	#славянские_обереги	BY_SEARCHES	ASCENDING	65c4f32c-77f1-4cae-b629-d066077f8a2e	C07	66	0	NULL	NULL	NULL	0	0	RUB	chunks/product_queries_details_BY_SEARCHES_ASC_C07.tsv
2183808182	1830964558	38	кулон рода славянский	BY_SEARCHES	ASCENDING	65c4f32c-77f1-4cae-b629-d066077f8a2e	C07	67	0	NULL	NULL	NULL	0	0	RUB	chunks/product_queries_details_BY_SEARCHES_ASC_C07.tsv
2183808182	1830964558	38	поддвеска славянские	BY_SEARCHES	ASCENDING	65c4f32c-77f1-4cae-b629-d066077f8a2e	C07	68	0	NULL	NULL	NULL	0	0	RUB	chunks/product_queries_details_BY_SEARCHES_ASC_C07.tsv
2183808182	1830964558	38	висюлька на зеркало в машину белая пушистая	BY_SEARCHES	ASCENDING	65c4f32c-77f1-4cae-b629-d066077f8a2e	C07	69	0	NULL	NULL	NULL	0	0	RUB	chunks/product_queries_details_BY_SEARCHES_ASC_C07.tsv
2183808182	1830964558	38	купить славянского бога род подвеску	BY_SEARCHES	ASCENDING	65c4f32c-77f1-4cae-b629-d066077f8a2e	C07	70	0	NULL	NULL	NULL	0	0	RUB	chunks/product_queries_details_BY_SEARCHES_ASC_C07.tsv
2183808182	1830964558	38	#обереготсглаза	BY_SEARCHES	ASCENDING	65c4f32c-77f1-4cae-b629-d066077f8a2e	C07	71	0	NULL	NULL	NULL	0	0	RUB	chunks/product_queries_details_BY_SEARCHES_ASC_C07.tsv
2183808182	1830964558	38	зеркало двухстороннее с ув	BY_SEARCHES	ASCENDING	65c4f32c-77f1-4cae-b629-d066077f8a2e	C07	72	0	NULL	NULL	NULL	0	0	RUB	chunks/product_queries_details_BY_SEARCHES_ASC_C07.tsv
2183808182	1830964558	38	брелок у машину byd на зерколо	BY_SEARCHES	ASCENDING	65c4f32c-77f1-4cae-b629-d066077f8a2e	C07	73	0	NULL	NULL	NULL	0	0	RUB	chunks/product_queries_details_BY_SEARCHES_ASC_C07.tsv
2183808182	1830964558	38	коловрат славянский в машину	BY_SEARCHES	ASCENDING	65c4f32c-77f1-4cae-b629-d066077f8a2e	C07	74	0	NULL	NULL	NULL	0	0	RUB	chunks/product_queries_details_BY_SEARCHES_ASC_C07.tsv
2183808182	1830964558	38	брелок в машину на зеркало пушистики	BY_SEARCHES	ASCENDING	65c4f32c-77f1-4cae-b629-d066077f8a2e	C07	75	0	NULL	NULL	NULL	0	0	RUB	chunks/product_queries_details_BY_SEARCHES_ASC_C07.tsv
2183921966	1831102037	39	#амулеты_обереги_и_талисманы	BY_SEARCHES	ASCENDING	65c4f32c-77f1-4cae-b629-d066077f8a2e	C07	76	0	NULL	NULL	NULL	0	0	RUB	chunks/product_queries_details_BY_SEARCHES_ASC_C07.tsv
2183921966	1831102037	39	аксессуары вел	BY_SEARCHES	ASCENDING	65c4f32c-77f1-4cae-b629-d066077f8a2e	C07	77	0	NULL	NULL	NULL	0	0	RUB	chunks/product_queries_details_BY_SEARCHES_ASC_C07.tsv
2183921966	1831102037	39	1600013 сварог	BY_SEARCHES	ASCENDING	65c4f32c-77f1-4cae-b629-d066077f8a2e	C07	78	0	NULL	NULL	NULL	0	0	RUB	chunks/product_queries_details_BY_SEARCHES_ASC_C07.tsv
2183921966	1831102037	39	#подвеска_в_машину	BY_SEARCHES	ASCENDING	65c4f32c-77f1-4cae-b629-d066077f8a2e	C07	79	0	NULL	NULL	NULL	0	0	RUB	chunks/product_queries_details_BY_SEARCHES_ASC_C07.tsv
2183921966	1831102037	39	оберег сварга	BY_SEARCHES	ASCENDING	65c4f32c-77f1-4cae-b629-d066077f8a2e	C07	80	0	NULL	NULL	NULL	0	628	RUB	chunks/product_queries_details_BY_SEARCHES_ASC_C07.tsv
2183921966	1831102037	39	#подвеска_в_машину_на_зеркало	BY_SEARCHES	ASCENDING	65c4f32c-77f1-4cae-b629-d066077f8a2e	C07	81	0	NULL	NULL	NULL	0	0	RUB	chunks/product_queries_details_BY_SEARCHES_ASC_C07.tsv
2183921966	1831102037	39	#обереги	BY_SEARCHES	ASCENDING	65c4f32c-77f1-4cae-b629-d066077f8a2e	C07	82	0	NULL	NULL	NULL	0	0	RUB	chunks/product_queries_details_BY_SEARCHES_ASC_C07.tsv
2183921966	1831102037	39	mirroreffect брелок оберег с зеркалом	BY_SEARCHES	ASCENDING	65c4f32c-77f1-4cae-b629-d066077f8a2e	C07	83	1	NULL	NULL	NULL	0	0	RUB	chunks/product_queries_details_BY_SEARCHES_ASC_C07.tsv
2183921966	1831102037	39	перук	BY_SEARCHES	ASCENDING	65c4f32c-77f1-4cae-b629-d066077f8a2e	C07	84	1	NULL	NULL	NULL	0	0	RUB	chunks/product_queries_details_BY_SEARCHES_ASC_C07.tsv
2183921966	1831102037	39	оберег коловрат	BY_SEARCHES	ASCENDING	65c4f32c-77f1-4cae-b629-d066077f8a2e	C07	85	1	NULL	NULL	NULL	0	0	RUB	chunks/product_queries_details_BY_SEARCHES_ASC_C07.tsv
2183921966	1831102037	39	3d подвеска в машину на зеркало	BY_SEARCHES	ASCENDING	65c4f32c-77f1-4cae-b629-d066077f8a2e	C07	86	1	NULL	NULL	NULL	0	0	RUB	chunks/product_queries_details_BY_SEARCHES_ASC_C07.tsv
2183921966	1831102037	39	автомобильное подвеска оберег	BY_SEARCHES	ASCENDING	65c4f32c-77f1-4cae-b629-d066077f8a2e	C07	87	1	NULL	NULL	NULL	0	0	RUB	chunks/product_queries_details_BY_SEARCHES_ASC_C07.tsv
2183921966	1831102037	39	бесболка сварог	BY_SEARCHES	ASCENDING	65c4f32c-77f1-4cae-b629-d066077f8a2e	C07	88	1	NULL	NULL	NULL	0	0	RUB	chunks/product_queries_details_BY_SEARCHES_ASC_C07.tsv
2183921966	1831102037	39	амулет славянский мужской перуна	BY_SEARCHES	ASCENDING	65c4f32c-77f1-4cae-b629-d066077f8a2e	C07	89	1	NULL	NULL	NULL	0	0	RUB	chunks/product_queries_details_BY_SEARCHES_ASC_C07.tsv
2183921966	1831102037	39	подвеска на зеркало в машину ссср	BY_SEARCHES	ASCENDING	65c4f32c-77f1-4cae-b629-d066077f8a2e	C07	90	1	NULL	NULL	NULL	0	0	RUB	chunks/product_queries_details_BY_SEARCHES_ASC_C07.tsv
2186857668	1835050645	59	аксессуары в машину подвесаа зеркал барабан	BY_SEARCHES	ASCENDING	573d15b0-ad9c-4825-99ac-a69824dc5c75	C10	1	0	NULL	NULL	NULL	0	0	RUB	chunks/product_queries_details_BY_SEARCHES_ASC_C10.tsv
2186857668	1835050645	59	бусина лев знак зодиака оберег	BY_SEARCHES	ASCENDING	573d15b0-ad9c-4825-99ac-a69824dc5c75	C10	2	0	NULL	NULL	NULL	0	0	RUB	chunks/product_queries_details_BY_SEARCHES_ASC_C10.tsv
2186857668	1835050645	59	амулеты обереги и талисманы зеркалр	BY_SEARCHES	ASCENDING	573d15b0-ad9c-4825-99ac-a69824dc5c75	C10	3	0	NULL	NULL	NULL	0	0	RUB	chunks/product_queries_details_BY_SEARCHES_ASC_C10.tsv
2186857668	1835050645	59	брелок авто талисман	BY_SEARCHES	ASCENDING	573d15b0-ad9c-4825-99ac-a69824dc5c75	C10	4	0	NULL	NULL	NULL	0	0	RUB	chunks/product_queries_details_BY_SEARCHES_ASC_C10.tsv
2186857668	1835050645	59	знак зодиака лев муж	BY_SEARCHES	ASCENDING	573d15b0-ad9c-4825-99ac-a69824dc5c75	C10	5	0	NULL	NULL	NULL	0	0	RUB	chunks/product_queries_details_BY_SEARCHES_ASC_C10.tsv
2186857668	1835050645	59	#подвеска_в_машину_на_зеркало	BY_SEARCHES	ASCENDING	573d15b0-ad9c-4825-99ac-a69824dc5c75	C10	6	0	NULL	NULL	NULL	0	0	RUB	chunks/product_queries_details_BY_SEARCHES_ASC_C10.tsv
2186857668	1835050645	59	в машину подвеска лев	BY_SEARCHES	ASCENDING	573d15b0-ad9c-4825-99ac-a69824dc5c75	C10	7	0	NULL	NULL	NULL	0	0	RUB	chunks/product_queries_details_BY_SEARCHES_ASC_C10.tsv
2186857668	1835050645	59	висюльки для авто на зеркало знак зодиака лев	BY_SEARCHES	ASCENDING	573d15b0-ad9c-4825-99ac-a69824dc5c75	C10	8	0	NULL	NULL	NULL	0	0	RUB	chunks/product_queries_details_BY_SEARCHES_ASC_C10.tsv
2186857668	1835050645	59	деревянные знаки зодиака на шею	BY_SEARCHES	ASCENDING	573d15b0-ad9c-4825-99ac-a69824dc5c75	C10	9	0	NULL	NULL	NULL	0	0	RUB	chunks/product_queries_details_BY_SEARCHES_ASC_C10.tsv
2186857668	1835050645	59	знак туфелька блестящая на машину	BY_SEARCHES	ASCENDING	573d15b0-ad9c-4825-99ac-a69824dc5c75	C10	10	0	NULL	NULL	NULL	0	0	RUB	chunks/product_queries_details_BY_SEARCHES_ASC_C10.tsv
2186857668	1835050645	59	на зеркало автомобиля подвеска красная	BY_SEARCHES	ASCENDING	573d15b0-ad9c-4825-99ac-a69824dc5c75	C10	11	0	NULL	NULL	NULL	0	0	RUB	chunks/product_queries_details_BY_SEARCHES_ASC_C10.tsv
2186857668	1835050645	59	#амулеты_обереги_и_талисманы	BY_SEARCHES	ASCENDING	573d15b0-ad9c-4825-99ac-a69824dc5c75	C10	12	0	NULL	NULL	NULL	0	0	RUB	chunks/product_queries_details_BY_SEARCHES_ASC_C10.tsv
2186857668	1835050645	59	аодвеска зеркало	BY_SEARCHES	ASCENDING	573d15b0-ad9c-4825-99ac-a69824dc5c75	C10	13	0	NULL	NULL	NULL	0	0	RUB	chunks/product_queries_details_BY_SEARCHES_ASC_C10.tsv
2186857668	1835050645	59	висюлька в машину на зеркало мусульманская на грузовую	BY_SEARCHES	ASCENDING	573d15b0-ad9c-4825-99ac-a69824dc5c75	C10	14	0	NULL	NULL	NULL	0	0	RUB	chunks/product_queries_details_BY_SEARCHES_ASC_C10.tsv
2186857668	1835050645	59	бусины для подвески на зеркало в машину	BY_SEARCHES	ASCENDING	573d15b0-ad9c-4825-99ac-a69824dc5c75	C10	15	0	NULL	NULL	NULL	0	0	RUB	chunks/product_queries_details_BY_SEARCHES_ASC_C10.tsv
2186852750	1835045239	57	на зеркало автомобиля подвеска красная	BY_SEARCHES	ASCENDING	573d15b0-ad9c-4825-99ac-a69824dc5c75	C10	16	0	NULL	NULL	NULL	0	0	RUB	chunks/product_queries_details_BY_SEARCHES_ASC_C10.tsv
2186852750	1835045239	57	зназодиака козерог	BY_SEARCHES	ASCENDING	573d15b0-ad9c-4825-99ac-a69824dc5c75	C10	17	0	NULL	NULL	NULL	0	0	RUB	chunks/product_queries_details_BY_SEARCHES_ASC_C10.tsv
2186852750	1835045239	57	брелок коза в автомобиль на зеркало	BY_SEARCHES	ASCENDING	573d15b0-ad9c-4825-99ac-a69824dc5c75	C10	18	0	NULL	NULL	NULL	0	0	RUB	chunks/product_queries_details_BY_SEARCHES_ASC_C10.tsv
2186852750	1835045239	57	брелок в машину на зеркало пушистики	BY_SEARCHES	ASCENDING	573d15b0-ad9c-4825-99ac-a69824dc5c75	C10	19	0	NULL	NULL	NULL	0	0	RUB	chunks/product_queries_details_BY_SEARCHES_ASC_C10.tsv
2186852750	1835045239	57	подвеска коз	BY_SEARCHES	ASCENDING	573d15b0-ad9c-4825-99ac-a69824dc5c75	C10	20	0	NULL	NULL	NULL	0	0	RUB	chunks/product_queries_details_BY_SEARCHES_ASC_C10.tsv
2186852750	1835045239	57	козерог на зеркало фх	BY_SEARCHES	ASCENDING	573d15b0-ad9c-4825-99ac-a69824dc5c75	C10	21	0	NULL	NULL	NULL	0	0	RUB	chunks/product_queries_details_BY_SEARCHES_ASC_C10.tsv
2186852750	1835045239	57	подвеска в машину на зеркало юрта	BY_SEARCHES	ASCENDING	573d15b0-ad9c-4825-99ac-a69824dc5c75	C10	22	0	NULL	NULL	NULL	0	0	RUB	chunks/product_queries_details_BY_SEARCHES_ASC_C10.tsv
2186852750	1835045239	57	подвеска на зеркало автомобиля акула	BY_SEARCHES	ASCENDING	573d15b0-ad9c-4825-99ac-a69824dc5c75	C10	23	0	NULL	NULL	NULL	0	0	RUB	chunks/product_queries_details_BY_SEARCHES_ASC_C10.tsv
2186852750	1835045239	57	подвеска козерог карабин	BY_SEARCHES	ASCENDING	573d15b0-ad9c-4825-99ac-a69824dc5c75	C10	24	0	NULL	NULL	NULL	0	0	RUB	chunks/product_queries_details_BY_SEARCHES_ASC_C10.tsv
2186852750	1835045239	57	в машину авулет	BY_SEARCHES	ASCENDING	573d15b0-ad9c-4825-99ac-a69824dc5c75	C10	25	0	NULL	NULL	NULL	0	0	RUB	chunks/product_queries_details_BY_SEARCHES_ASC_C10.tsv
2186852750	1835045239	57	коз брелок	BY_SEARCHES	ASCENDING	573d15b0-ad9c-4825-99ac-a69824dc5c75	C10	26	0	NULL	NULL	NULL	0	0	RUB	chunks/product_queries_details_BY_SEARCHES_ASC_C10.tsv
2186852750	1835045239	57	коза полвеска	BY_SEARCHES	ASCENDING	573d15b0-ad9c-4825-99ac-a69824dc5c75	C10	27	0	NULL	NULL	NULL	0	0	RUB	chunks/product_queries_details_BY_SEARCHES_ASC_C10.tsv
2186852750	1835045239	57	брелок козе	BY_SEARCHES	ASCENDING	573d15b0-ad9c-4825-99ac-a69824dc5c75	C10	28	0	NULL	NULL	NULL	0	0	RUB	chunks/product_queries_details_BY_SEARCHES_ASC_C10.tsv
2186852750	1835045239	57	картины со знаком зодиака козерог	BY_SEARCHES	ASCENDING	573d15b0-ad9c-4825-99ac-a69824dc5c75	C10	29	0	NULL	NULL	NULL	0	0	RUB	chunks/product_queries_details_BY_SEARCHES_ASC_C10.tsv
2186852750	1835045239	57	козерог подвеска мериада	BY_SEARCHES	ASCENDING	573d15b0-ad9c-4825-99ac-a69824dc5c75	C10	30	0	NULL	NULL	NULL	0	0	RUB	chunks/product_queries_details_BY_SEARCHES_ASC_C10.tsv
2186865070	1835063317	60	камень талисман в машину	BY_SEARCHES	ASCENDING	573d15b0-ad9c-4825-99ac-a69824dc5c75	C10	31	0	NULL	NULL	NULL	0	0	RUB	chunks/product_queries_details_BY_SEARCHES_ASC_C10.tsv
2186865070	1835063317	60	бусы оберег	BY_SEARCHES	ASCENDING	573d15b0-ad9c-4825-99ac-a69824dc5c75	C10	32	0	NULL	NULL	NULL	0	0	RUB	chunks/product_queries_details_BY_SEARCHES_ASC_C10.tsv
2186865070	1835063317	60	фигурка в машину дева	BY_SEARCHES	ASCENDING	573d15b0-ad9c-4825-99ac-a69824dc5c75	C10	33	0	NULL	NULL	NULL	0	0	RUB	chunks/product_queries_details_BY_SEARCHES_ASC_C10.tsv
2186865070	1835063317	60	для машины деву	BY_SEARCHES	ASCENDING	573d15b0-ad9c-4825-99ac-a69824dc5c75	C10	34	0	NULL	NULL	NULL	0	0	RUB	chunks/product_queries_details_BY_SEARCHES_ASC_C10.tsv
2186865070	1835063317	60	подвеска в машину на зеркало мех	BY_SEARCHES	ASCENDING	573d15b0-ad9c-4825-99ac-a69824dc5c75	C10	35	0	NULL	NULL	NULL	0	0	RUB	chunks/product_queries_details_BY_SEARCHES_ASC_C10.tsv
2186865070	1835063317	60	в машину для дев	BY_SEARCHES	ASCENDING	573d15b0-ad9c-4825-99ac-a69824dc5c75	C10	36	0	NULL	NULL	NULL	0	0	RUB	chunks/product_queries_details_BY_SEARCHES_ASC_C10.tsv
2186865070	1835063317	60	подвеска на зеркало автомобиля акула	BY_SEARCHES	ASCENDING	573d15b0-ad9c-4825-99ac-a69824dc5c75	C10	37	0	NULL	NULL	NULL	0	0	RUB	chunks/product_queries_details_BY_SEARCHES_ASC_C10.tsv
2186865070	1835063317	60	подвеска на зеркало автомобиля дева	BY_SEARCHES	ASCENDING	573d15b0-ad9c-4825-99ac-a69824dc5c75	C10	38	0	NULL	NULL	NULL	0	0	RUB	chunks/product_queries_details_BY_SEARCHES_ASC_C10.tsv
2186865070	1835063317	60	подушка в машину дева	BY_SEARCHES	ASCENDING	573d15b0-ad9c-4825-99ac-a69824dc5c75	C10	39	0	NULL	NULL	NULL	0	0	RUB	chunks/product_queries_details_BY_SEARCHES_ASC_C10.tsv
2186865070	1835063317	60	кулон дева в машину	BY_SEARCHES	ASCENDING	573d15b0-ad9c-4825-99ac-a69824dc5c75	C10	40	0	NULL	NULL	NULL	0	0	RUB	chunks/product_queries_details_BY_SEARCHES_ASC_C10.tsv
2186865070	1835063317	60	подвеска амулет знак зодиака дева с натуральным чароитом	BY_SEARCHES	ASCENDING	573d15b0-ad9c-4825-99ac-a69824dc5c75	C10	41	0	NULL	NULL	NULL	0	0	RUB	chunks/product_queries_details_BY_SEARCHES_ASC_C10.tsv
2186865070	1835063317	60	оберег для дева	BY_SEARCHES	ASCENDING	573d15b0-ad9c-4825-99ac-a69824dc5c75	C10	42	0	NULL	NULL	NULL	0	0	RUB	chunks/product_queries_details_BY_SEARCHES_ASC_C10.tsv
2186865070	1835063317	60	подвеска в машину на зеркало в грузовик	BY_SEARCHES	ASCENDING	573d15b0-ad9c-4825-99ac-a69824dc5c75	C10	43	0	NULL	NULL	NULL	0	0	RUB	chunks/product_queries_details_BY_SEARCHES_ASC_C10.tsv
2186865070	1835063317	60	подвеска в машину на зеркало юрта	BY_SEARCHES	ASCENDING	573d15b0-ad9c-4825-99ac-a69824dc5c75	C10	44	0	NULL	NULL	NULL	0	0	RUB	chunks/product_queries_details_BY_SEARCHES_ASC_C10.tsv
2186865070	1835063317	60	из дерева подвеска	BY_SEARCHES	ASCENDING	573d15b0-ad9c-4825-99ac-a69824dc5c75	C10	45	0	NULL	NULL	NULL	0	0	RUB	chunks/product_queries_details_BY_SEARCHES_ASC_C10.tsv
2186850644	1835042242	56	подвеска в машину на зеркало мех	BY_SEARCHES	ASCENDING	573d15b0-ad9c-4825-99ac-a69824dc5c75	C10	46	0	NULL	NULL	NULL	0	0	RUB	chunks/product_queries_details_BY_SEARCHES_ASC_C10.tsv
2186850644	1835042242	56	брелок в машину на зеркало пушистики	BY_SEARCHES	ASCENDING	573d15b0-ad9c-4825-99ac-a69824dc5c75	C10	47	0	NULL	NULL	NULL	0	0	RUB	chunks/product_queries_details_BY_SEARCHES_ASC_C10.tsv
2186850644	1835042242	56	подвеска в машину на зеркало а	BY_SEARCHES	ASCENDING	573d15b0-ad9c-4825-99ac-a69824dc5c75	C10	48	0	NULL	NULL	NULL	0	0	RUB	chunks/product_queries_details_BY_SEARCHES_ASC_C10.tsv
2186850644	1835042242	56	календарь карманный знаки зодиака	BY_SEARCHES	ASCENDING	573d15b0-ad9c-4825-99ac-a69824dc5c75	C10	49	0	NULL	NULL	NULL	0	0	RUB	chunks/product_queries_details_BY_SEARCHES_ASC_C10.tsv
2186850644	1835042242	56	подвеска в машину на зеркало овен	BY_SEARCHES	ASCENDING	573d15b0-ad9c-4825-99ac-a69824dc5c75	C10	50	0	NULL	NULL	NULL	0	0	RUB	chunks/product_queries_details_BY_SEARCHES_ASC_C10.tsv
2186850644	1835042242	56	подвеска коз	BY_SEARCHES	ASCENDING	573d15b0-ad9c-4825-99ac-a69824dc5c75	C10	51	0	NULL	NULL	NULL	0	0	RUB	chunks/product_queries_details_BY_SEARCHES_ASC_C10.tsv
2186850644	1835042242	56	#подвеска_в_машину	BY_SEARCHES	ASCENDING	573d15b0-ad9c-4825-99ac-a69824dc5c75	C10	52	0	NULL	NULL	NULL	0	0	RUB	chunks/product_queries_details_BY_SEARCHES_ASC_C10.tsv
2186850644	1835042242	56	подвеска оберег овен	BY_SEARCHES	ASCENDING	573d15b0-ad9c-4825-99ac-a69824dc5c75	C10	53	0	NULL	NULL	NULL	0	0	RUB	chunks/product_queries_details_BY_SEARCHES_ASC_C10.tsv
2186850644	1835042242	56	#мужчине_на_день_рождения	BY_SEARCHES	ASCENDING	573d15b0-ad9c-4825-99ac-a69824dc5c75	C10	54	0	NULL	NULL	NULL	0	0	RUB	chunks/product_queries_details_BY_SEARCHES_ASC_C10.tsv
2186850644	1835042242	56	подарок овца	BY_SEARCHES	ASCENDING	573d15b0-ad9c-4825-99ac-a69824dc5c75	C10	55	0	NULL	NULL	NULL	0	0	RUB	chunks/product_queries_details_BY_SEARCHES_ASC_C10.tsv
2186850644	1835042242	56	подвеска в машину на зеркало ма ка крик	BY_SEARCHES	ASCENDING	573d15b0-ad9c-4825-99ac-a69824dc5c75	C10	56	0	NULL	NULL	NULL	0	0	RUB	chunks/product_queries_details_BY_SEARCHES_ASC_C10.tsv
2186850644	1835042242	56	овен оберег в машину	BY_SEARCHES	ASCENDING	573d15b0-ad9c-4825-99ac-a69824dc5c75	C10	57	0	NULL	NULL	NULL	0	0	RUB	chunks/product_queries_details_BY_SEARCHES_ASC_C10.tsv
2186850644	1835042242	56	подвеска в машину на зеркало приколь	BY_SEARCHES	ASCENDING	573d15b0-ad9c-4825-99ac-a69824dc5c75	C10	58	0	NULL	NULL	NULL	0	0	RUB	chunks/product_queries_details_BY_SEARCHES_ASC_C10.tsv
2186850644	1835042242	56	подвеска в машину на зеркало z	BY_SEARCHES	ASCENDING	573d15b0-ad9c-4825-99ac-a69824dc5c75	C10	59	0	NULL	NULL	NULL	0	0	RUB	chunks/product_queries_details_BY_SEARCHES_ASC_C10.tsv
2186850644	1835042242	56	оберег в кошелек овен	BY_SEARCHES	ASCENDING	573d15b0-ad9c-4825-99ac-a69824dc5c75	C10	60	0	NULL	NULL	NULL	0	0	RUB	chunks/product_queries_details_BY_SEARCHES_ASC_C10.tsv
2186848313	1835037959	55	знак зодиака рыбы большой	BY_SEARCHES	ASCENDING	573d15b0-ad9c-4825-99ac-a69824dc5c75	C10	61	0	NULL	NULL	NULL	0	0	RUB	chunks/product_queries_details_BY_SEARCHES_ASC_C10.tsv
2186848313	1835037959	55	брошь на машину рыбка самаклейная	BY_SEARCHES	ASCENDING	573d15b0-ad9c-4825-99ac-a69824dc5c75	C10	62	0	NULL	NULL	NULL	0	0	RUB	chunks/product_queries_details_BY_SEARCHES_ASC_C10.tsv
2186848313	1835037959	55	вонючка дельфин в машину синяя на зеркало	BY_SEARCHES	ASCENDING	573d15b0-ad9c-4825-99ac-a69824dc5c75	C10	63	0	NULL	NULL	NULL	0	0	RUB	chunks/product_queries_details_BY_SEARCHES_ASC_C10.tsv
2186848313	1835037959	55	аксессуары в машину подвесаа зеркал барабан	BY_SEARCHES	ASCENDING	573d15b0-ad9c-4825-99ac-a69824dc5c75	C10	64	0	NULL	NULL	NULL	0	0	RUB	chunks/product_queries_details_BY_SEARCHES_ASC_C10.tsv
2186848313	1835037959	55	оберег в машину на зеркало женский	BY_SEARCHES	ASCENDING	573d15b0-ad9c-4825-99ac-a69824dc5c75	C10	65	0	NULL	NULL	NULL	0	0	RUB	chunks/product_queries_details_BY_SEARCHES_ASC_C10.tsv
2186848313	1835037959	55	крестик в машину на зеркало освешеный	BY_SEARCHES	ASCENDING	573d15b0-ad9c-4825-99ac-a69824dc5c75	C10	66	0	NULL	NULL	NULL	0	0	RUB	chunks/product_queries_details_BY_SEARCHES_ASC_C10.tsv
2186848313	1835037959	55	авто рыба	BY_SEARCHES	ASCENDING	573d15b0-ad9c-4825-99ac-a69824dc5c75	C10	67	0	NULL	NULL	NULL	0	0	RUB	chunks/product_queries_details_BY_SEARCHES_ASC_C10.tsv
2186848313	1835037959	55	брелок авто талисман	BY_SEARCHES	ASCENDING	573d15b0-ad9c-4825-99ac-a69824dc5c75	C10	68	0	NULL	NULL	NULL	0	0	RUB	chunks/product_queries_details_BY_SEARCHES_ASC_C10.tsv
2186848313	1835037959	55	в машину для малыша подвеска	BY_SEARCHES	ASCENDING	573d15b0-ad9c-4825-99ac-a69824dc5c75	C10	69	0	NULL	NULL	NULL	0	0	RUB	chunks/product_queries_details_BY_SEARCHES_ASC_C10.tsv
2186848313	1835037959	55	висюлька на зеркало в машину белая пушистая	BY_SEARCHES	ASCENDING	573d15b0-ad9c-4825-99ac-a69824dc5c75	C10	70	0	NULL	NULL	NULL	0	0	RUB	chunks/product_queries_details_BY_SEARCHES_ASC_C10.tsv
2186848313	1835037959	55	необычный обвес в машину на зеркало	BY_SEARCHES	ASCENDING	573d15b0-ad9c-4825-99ac-a69824dc5c75	C10	71	0	NULL	NULL	NULL	0	0	RUB	chunks/product_queries_details_BY_SEARCHES_ASC_C10.tsv
2186848313	1835037959	55	#подвеска_в_машину	BY_SEARCHES	ASCENDING	573d15b0-ad9c-4825-99ac-a69824dc5c75	C10	72	0	NULL	NULL	NULL	0	0	RUB	chunks/product_queries_details_BY_SEARCHES_ASC_C10.tsv
2186848313	1835037959	55	амулет бусина	BY_SEARCHES	ASCENDING	573d15b0-ad9c-4825-99ac-a69824dc5c75	C10	73	0	NULL	NULL	NULL	0	0	RUB	chunks/product_queries_details_BY_SEARCHES_ASC_C10.tsv
2186848313	1835037959	55	ежедневник знак зодиака рыбы 2027	BY_SEARCHES	ASCENDING	573d15b0-ad9c-4825-99ac-a69824dc5c75	C10	74	0	NULL	NULL	NULL	0	0	RUB	chunks/product_queries_details_BY_SEARCHES_ASC_C10.tsv
2186848313	1835037959	55	маленький оберев машину	BY_SEARCHES	ASCENDING	573d15b0-ad9c-4825-99ac-a69824dc5c75	C10	75	0	NULL	NULL	NULL	0	0	RUB	chunks/product_queries_details_BY_SEARCHES_ASC_C10.tsv
2186856503	1835048645	58	на машину подвеска женская	BY_SEARCHES	ASCENDING	573d15b0-ad9c-4825-99ac-a69824dc5c75	C10	76	0	NULL	NULL	NULL	0	0	RUB	chunks/product_queries_details_BY_SEARCHES_ASC_C10.tsv
2186856503	1835048645	58	подвеска в машин	BY_SEARCHES	ASCENDING	573d15b0-ad9c-4825-99ac-a69824dc5c75	C10	77	0	NULL	NULL	NULL	0	0	RUB	chunks/product_queries_details_BY_SEARCHES_ASC_C10.tsv
2186856503	1835048645	58	подвеска на зеркало в машину индейцы	BY_SEARCHES	ASCENDING	573d15b0-ad9c-4825-99ac-a69824dc5c75	C10	78	0	NULL	NULL	NULL	0	0	RUB	chunks/product_queries_details_BY_SEARCHES_ASC_C10.tsv
2186856503	1835048645	58	набор для близнеца	BY_SEARCHES	ASCENDING	573d15b0-ad9c-4825-99ac-a69824dc5c75	C10	79	0	NULL	NULL	NULL	0	0	RUB	chunks/product_queries_details_BY_SEARCHES_ASC_C10.tsv
2186856503	1835048645	58	подвеска в машину на зеркало в грузовик	BY_SEARCHES	ASCENDING	573d15b0-ad9c-4825-99ac-a69824dc5c75	C10	80	0	NULL	NULL	NULL	0	0	RUB	chunks/product_queries_details_BY_SEARCHES_ASC_C10.tsv
2186856503	1835048645	58	в машину подвеска э	BY_SEARCHES	ASCENDING	573d15b0-ad9c-4825-99ac-a69824dc5c75	C10	81	0	NULL	NULL	NULL	0	0	RUB	chunks/product_queries_details_BY_SEARCHES_ASC_C10.tsv
2186856503	1835048645	58	оберег в машину на зеркало женский	BY_SEARCHES	ASCENDING	573d15b0-ad9c-4825-99ac-a69824dc5c75	C10	82	0	NULL	NULL	NULL	0	0	RUB	chunks/product_queries_details_BY_SEARCHES_ASC_C10.tsv
2186856503	1835048645	58	подвеска на зеркало в машину близнец	BY_SEARCHES	ASCENDING	573d15b0-ad9c-4825-99ac-a69824dc5c75	C10	83	0	NULL	NULL	NULL	0	0	RUB	chunks/product_queries_details_BY_SEARCHES_ASC_C10.tsv
2186856503	1835048645	58	на зеркало автомобиля подвеска красная	BY_SEARCHES	ASCENDING	573d15b0-ad9c-4825-99ac-a69824dc5c75	C10	84	0	NULL	NULL	NULL	0	0	RUB	chunks/product_queries_details_BY_SEARCHES_ASC_C10.tsv
2186856503	1835048645	58	кулон близнец	BY_SEARCHES	ASCENDING	573d15b0-ad9c-4825-99ac-a69824dc5c75	C10	85	0	NULL	NULL	NULL	0	0	RUB	chunks/product_queries_details_BY_SEARCHES_ASC_C10.tsv
2186856503	1835048645	58	термонаклейка блищнецы	BY_SEARCHES	ASCENDING	573d15b0-ad9c-4825-99ac-a69824dc5c75	C10	86	0	NULL	NULL	NULL	0	0	RUB	chunks/product_queries_details_BY_SEARCHES_ASC_C10.tsv
2186856503	1835048645	58	подвеска в машину на зеркало мех	BY_SEARCHES	ASCENDING	573d15b0-ad9c-4825-99ac-a69824dc5c75	C10	87	0	NULL	NULL	NULL	0	0	RUB	chunks/product_queries_details_BY_SEARCHES_ASC_C10.tsv
2186856503	1835048645	58	кулон дева в машину	BY_SEARCHES	ASCENDING	573d15b0-ad9c-4825-99ac-a69824dc5c75	C10	88	0	NULL	NULL	NULL	0	0	RUB	chunks/product_queries_details_BY_SEARCHES_ASC_C10.tsv
2186856503	1835048645	58	близнецы подарок в машину	BY_SEARCHES	ASCENDING	573d15b0-ad9c-4825-99ac-a69824dc5c75	C10	89	0	NULL	NULL	NULL	0	0	RUB	chunks/product_queries_details_BY_SEARCHES_ASC_C10.tsv
2186856503	1835048645	58	браслет мужской для близнеца	BY_SEARCHES	ASCENDING	573d15b0-ad9c-4825-99ac-a69824dc5c75	C10	90	0	NULL	NULL	NULL	0	0	RUB	chunks/product_queries_details_BY_SEARCHES_ASC_C10.tsv
2271240621	1948071647	65	зеркало для деву	BY_SEARCHES	ASCENDING	918a6bf8-a802-42a5-80fc-c64dc081a09a	C11	1	0	NULL	NULL	NULL	0	0	RUB	chunks/product_queries_details_BY_SEARCHES_ASC_C11.tsv
2271240621	1948071647	65	в машину женская дева	BY_SEARCHES	ASCENDING	918a6bf8-a802-42a5-80fc-c64dc081a09a	C11	2	0	NULL	NULL	NULL	0	0	RUB	chunks/product_queries_details_BY_SEARCHES_ASC_C11.tsv
2271240621	1948071647	65	#подвеска_в_машину	BY_SEARCHES	ASCENDING	918a6bf8-a802-42a5-80fc-c64dc081a09a	C11	3	0	NULL	NULL	NULL	0	0	RUB	chunks/product_queries_details_BY_SEARCHES_ASC_C11.tsv
2271240621	1948071647	65	дева знак зодиака рюмки	BY_SEARCHES	ASCENDING	918a6bf8-a802-42a5-80fc-c64dc081a09a	C11	4	0	NULL	NULL	NULL	0	0	RUB	chunks/product_queries_details_BY_SEARCHES_ASC_C11.tsv
2271240621	1948071647	65	в машину для дев	BY_SEARCHES	ASCENDING	918a6bf8-a802-42a5-80fc-c64dc081a09a	C11	5	0	NULL	NULL	NULL	0	0	RUB	chunks/product_queries_details_BY_SEARCHES_ASC_C11.tsv
2271240621	1948071647	65	для салона машины подвеска	BY_SEARCHES	ASCENDING	918a6bf8-a802-42a5-80fc-c64dc081a09a	C11	6	0	NULL	NULL	NULL	0	0	RUB	chunks/product_queries_details_BY_SEARCHES_ASC_C11.tsv
2271240621	1948071647	65	амулеты обереги и талисманы зеркалр	BY_SEARCHES	ASCENDING	918a6bf8-a802-42a5-80fc-c64dc081a09a	C11	7	0	NULL	NULL	NULL	0	0	RUB	chunks/product_queries_details_BY_SEARCHES_ASC_C11.tsv
2271240621	1948071647	65	медальон вдв в машину на зеркало	BY_SEARCHES	ASCENDING	918a6bf8-a802-42a5-80fc-c64dc081a09a	C11	8	0	NULL	NULL	NULL	0	0	RUB	chunks/product_queries_details_BY_SEARCHES_ASC_C11.tsv
2271240621	1948071647	65	автоподвеска на зеркало авто для женщин	BY_SEARCHES	ASCENDING	918a6bf8-a802-42a5-80fc-c64dc081a09a	C11	9	0	NULL	NULL	NULL	0	0	RUB	chunks/product_queries_details_BY_SEARCHES_ASC_C11.tsv
2271240621	1948071647	65	в машину амулет	BY_SEARCHES	ASCENDING	918a6bf8-a802-42a5-80fc-c64dc081a09a	C11	10	0	NULL	NULL	NULL	0	0	RUB	chunks/product_queries_details_BY_SEARCHES_ASC_C11.tsv
2271240621	1948071647	65	день рождения для девы	BY_SEARCHES	ASCENDING	918a6bf8-a802-42a5-80fc-c64dc081a09a	C11	11	0	NULL	NULL	NULL	0	0	RUB	chunks/product_queries_details_BY_SEARCHES_ASC_C11.tsv
2271240621	1948071647	65	в машине деву	BY_SEARCHES	ASCENDING	918a6bf8-a802-42a5-80fc-c64dc081a09a	C11	12	0	NULL	NULL	NULL	0	0	RUB	chunks/product_queries_details_BY_SEARCHES_ASC_C11.tsv
2271240621	1948071647	65	taccardi для дев	BY_SEARCHES	ASCENDING	918a6bf8-a802-42a5-80fc-c64dc081a09a	C11	13	0	NULL	NULL	NULL	0	0	RUB	chunks/product_queries_details_BY_SEARCHES_ASC_C11.tsv
2271240621	1948071647	65	дева деревянная	BY_SEARCHES	ASCENDING	918a6bf8-a802-42a5-80fc-c64dc081a09a	C11	14	0	NULL	NULL	NULL	0	0	RUB	chunks/product_queries_details_BY_SEARCHES_ASC_C11.tsv
2271240621	1948071647	65	четки в машину со знакам зодиака дева	BY_SEARCHES	ASCENDING	918a6bf8-a802-42a5-80fc-c64dc081a09a	C11	15	0	NULL	NULL	NULL	0	0	RUB	chunks/product_queries_details_BY_SEARCHES_ASC_C11.tsv
2271219774	1948039800	63	для машины в салон на зеркало подвескп	BY_SEARCHES	ASCENDING	918a6bf8-a802-42a5-80fc-c64dc081a09a	C11	16	0	NULL	NULL	NULL	0	0	RUB	chunks/product_queries_details_BY_SEARCHES_ASC_C11.tsv
2271219774	1948039800	63	подвеска женская в автомобиль на зеркало	BY_SEARCHES	ASCENDING	918a6bf8-a802-42a5-80fc-c64dc081a09a	C11	17	0	NULL	NULL	NULL	0	0	RUB	chunks/product_queries_details_BY_SEARCHES_ASC_C11.tsv
2271219774	1948039800	63	весы зодиак подвеска	BY_SEARCHES	ASCENDING	918a6bf8-a802-42a5-80fc-c64dc081a09a	C11	18	0	NULL	NULL	NULL	0	0	RUB	chunks/product_queries_details_BY_SEARCHES_ASC_C11.tsv
2271219774	1948039800	63	весы авто	BY_SEARCHES	ASCENDING	918a6bf8-a802-42a5-80fc-c64dc081a09a	C11	19	0	NULL	NULL	NULL	0	0	RUB	chunks/product_queries_details_BY_SEARCHES_ASC_C11.tsv
2271219774	1948039800	63	деревянное повеска для мужчин	BY_SEARCHES	ASCENDING	918a6bf8-a802-42a5-80fc-c64dc081a09a	C11	20	0	NULL	NULL	NULL	0	0	RUB	chunks/product_queries_details_BY_SEARCHES_ASC_C11.tsv
2271219774	1948039800	63	брелок в машину на зеркало я свободен	BY_SEARCHES	ASCENDING	918a6bf8-a802-42a5-80fc-c64dc081a09a	C11	21	0	NULL	NULL	NULL	0	0	RUB	chunks/product_queries_details_BY_SEARCHES_ASC_C11.tsv
2271219774	1948039800	63	подвеска в машину на зеркало юрта	BY_SEARCHES	ASCENDING	918a6bf8-a802-42a5-80fc-c64dc081a09a	C11	22	0	NULL	NULL	NULL	0	0	RUB	chunks/product_queries_details_BY_SEARCHES_ASC_C11.tsv
2271219774	1948039800	63	знак туфелька блестящая на машину	BY_SEARCHES	ASCENDING	918a6bf8-a802-42a5-80fc-c64dc081a09a	C11	23	0	NULL	NULL	NULL	0	0	RUB	chunks/product_queries_details_BY_SEARCHES_ASC_C11.tsv
2271219774	1948039800	63	подвески на зеркало авто	BY_SEARCHES	ASCENDING	918a6bf8-a802-42a5-80fc-c64dc081a09a	C11	24	0	NULL	NULL	NULL	0	0	RUB	chunks/product_queries_details_BY_SEARCHES_ASC_C11.tsv
2271219774	1948039800	63	для салона машины подвеска	BY_SEARCHES	ASCENDING	918a6bf8-a802-42a5-80fc-c64dc081a09a	C11	25	0	NULL	NULL	NULL	0	0	RUB	chunks/product_queries_details_BY_SEARCHES_ASC_C11.tsv
2271219774	1948039800	63	знак зодиака весы платок	BY_SEARCHES	ASCENDING	918a6bf8-a802-42a5-80fc-c64dc081a09a	C11	26	0	NULL	NULL	NULL	0	0	RUB	chunks/product_queries_details_BY_SEARCHES_ASC_C11.tsv
2271219774	1948039800	63	четки на машину знак зодиака	BY_SEARCHES	ASCENDING	918a6bf8-a802-42a5-80fc-c64dc081a09a	C11	27	0	NULL	NULL	NULL	0	0	RUB	chunks/product_queries_details_BY_SEARCHES_ASC_C11.tsv
2271219774	1948039800	63	подвеска на шею ловец снов	BY_SEARCHES	ASCENDING	918a6bf8-a802-42a5-80fc-c64dc081a09a	C11	28	0	NULL	NULL	NULL	0	0	RUB	chunks/product_queries_details_BY_SEARCHES_ASC_C11.tsv
2271219774	1948039800	63	русские обереги	BY_SEARCHES	ASCENDING	918a6bf8-a802-42a5-80fc-c64dc081a09a	C11	29	0	NULL	NULL	NULL	0	0	RUB	chunks/product_queries_details_BY_SEARCHES_ASC_C11.tsv
2271219774	1948039800	63	весы зодиака	BY_SEARCHES	ASCENDING	918a6bf8-a802-42a5-80fc-c64dc081a09a	C11	30	0	NULL	NULL	NULL	0	0	RUB	chunks/product_queries_details_BY_SEARCHES_ASC_C11.tsv
2271210394	1948032144	62	брелок близнецы плоский	BY_SEARCHES	ASCENDING	918a6bf8-a802-42a5-80fc-c64dc081a09a	C11	31	0	NULL	NULL	NULL	0	0	RUB	chunks/product_queries_details_BY_SEARCHES_ASC_C11.tsv
2271210394	1948032144	62	висючка в машину на зеркало люстра	BY_SEARCHES	ASCENDING	918a6bf8-a802-42a5-80fc-c64dc081a09a	C11	32	0	NULL	NULL	NULL	0	0	RUB	chunks/product_queries_details_BY_SEARCHES_ASC_C11.tsv
2271210394	1948032144	62	кулончик с машинкой	BY_SEARCHES	ASCENDING	918a6bf8-a802-42a5-80fc-c64dc081a09a	C11	33	0	NULL	NULL	NULL	0	0	RUB	chunks/product_queries_details_BY_SEARCHES_ASC_C11.tsv
2271210394	1948032144	62	зеркало на праворукую машину на встречку	BY_SEARCHES	ASCENDING	918a6bf8-a802-42a5-80fc-c64dc081a09a	C11	34	0	NULL	NULL	NULL	0	0	RUB	chunks/product_queries_details_BY_SEARCHES_ASC_C11.tsv
2271210394	1948032144	62	демон на машину подвеска на стекло маленькие	BY_SEARCHES	ASCENDING	918a6bf8-a802-42a5-80fc-c64dc081a09a	C11	35	0	NULL	NULL	NULL	0	0	RUB	chunks/product_queries_details_BY_SEARCHES_ASC_C11.tsv
2271210394	1948032144	62	автоподвеска мужска	BY_SEARCHES	ASCENDING	918a6bf8-a802-42a5-80fc-c64dc081a09a	C11	36	0	NULL	NULL	NULL	0	0	RUB	chunks/product_queries_details_BY_SEARCHES_ASC_C11.tsv
2271210394	1948032144	62	автоподвеска на зеркало авто для женщин	BY_SEARCHES	ASCENDING	918a6bf8-a802-42a5-80fc-c64dc081a09a	C11	37	0	NULL	NULL	NULL	0	0	RUB	chunks/product_queries_details_BY_SEARCHES_ASC_C11.tsv
2271210394	1948032144	62	оберег в машину на зеркало женский	BY_SEARCHES	ASCENDING	918a6bf8-a802-42a5-80fc-c64dc081a09a	C11	38	0	NULL	NULL	NULL	0	0	RUB	chunks/product_queries_details_BY_SEARCHES_ASC_C11.tsv
2271210394	1948032144	62	дорожный знак в авто	BY_SEARCHES	ASCENDING	918a6bf8-a802-42a5-80fc-c64dc081a09a	C11	39	0	NULL	NULL	NULL	0	0	RUB	chunks/product_queries_details_BY_SEARCHES_ASC_C11.tsv
2271210394	1948032144	62	в машину женщине подвеска	BY_SEARCHES	ASCENDING	918a6bf8-a802-42a5-80fc-c64dc081a09a	C11	40	0	NULL	NULL	NULL	0	0	RUB	chunks/product_queries_details_BY_SEARCHES_ASC_C11.tsv
2271210394	1948032144	62	брелок в машину на зеркало пушистики	BY_SEARCHES	ASCENDING	918a6bf8-a802-42a5-80fc-c64dc081a09a	C11	41	0	NULL	NULL	NULL	0	0	RUB	chunks/product_queries_details_BY_SEARCHES_ASC_C11.tsv
2271210394	1948032144	62	оберег мусульманский в машину в форме звезды	BY_SEARCHES	ASCENDING	918a6bf8-a802-42a5-80fc-c64dc081a09a	C11	42	0	NULL	NULL	NULL	0	0	RUB	chunks/product_queries_details_BY_SEARCHES_ASC_C11.tsv
2271210394	1948032144	62	необычный обвес в машину на зеркало	BY_SEARCHES	ASCENDING	918a6bf8-a802-42a5-80fc-c64dc081a09a	C11	43	0	NULL	NULL	NULL	0	0	RUB	chunks/product_queries_details_BY_SEARCHES_ASC_C11.tsv
2271210394	1948032144	62	бусы оберег	BY_SEARCHES	ASCENDING	918a6bf8-a802-42a5-80fc-c64dc081a09a	C11	44	0	NULL	NULL	NULL	0	0	RUB	chunks/product_queries_details_BY_SEARCHES_ASC_C11.tsv
2271210394	1948032144	62	игрушка на зеркало в машину пачка сигарет	BY_SEARCHES	ASCENDING	918a6bf8-a802-42a5-80fc-c64dc081a09a	C11	45	0	NULL	NULL	NULL	0	0	RUB	chunks/product_queries_details_BY_SEARCHES_ASC_C11.tsv
2271246783	1948079096	66	для салона машины подвеска	BY_SEARCHES	ASCENDING	918a6bf8-a802-42a5-80fc-c64dc081a09a	C11	46	0	NULL	NULL	NULL	0	0	RUB	chunks/product_queries_details_BY_SEARCHES_ASC_C11.tsv
2271246783	1948079096	66	козерог подвеска мериада	BY_SEARCHES	ASCENDING	918a6bf8-a802-42a5-80fc-c64dc081a09a	C11	47	0	NULL	NULL	NULL	0	0	RUB	chunks/product_queries_details_BY_SEARCHES_ASC_C11.tsv
2271246783	1948079096	66	зназодиака козерог	BY_SEARCHES	ASCENDING	918a6bf8-a802-42a5-80fc-c64dc081a09a	C11	48	0	NULL	NULL	NULL	0	0	RUB	chunks/product_queries_details_BY_SEARCHES_ASC_C11.tsv
2271246783	1948079096	66	картины со знаком зодиака козерог	BY_SEARCHES	ASCENDING	918a6bf8-a802-42a5-80fc-c64dc081a09a	C11	49	0	NULL	NULL	NULL	0	0	RUB	chunks/product_queries_details_BY_SEARCHES_ASC_C11.tsv
2271246783	1948079096	66	козерог на зеркало фх	BY_SEARCHES	ASCENDING	918a6bf8-a802-42a5-80fc-c64dc081a09a	C11	50	0	NULL	NULL	NULL	0	0	RUB	chunks/product_queries_details_BY_SEARCHES_ASC_C11.tsv
2271246783	1948079096	66	брелок козерошки	BY_SEARCHES	ASCENDING	918a6bf8-a802-42a5-80fc-c64dc081a09a	C11	51	0	NULL	NULL	NULL	0	0	RUB	chunks/product_queries_details_BY_SEARCHES_ASC_C11.tsv
2271246783	1948079096	66	дорожный набор подарочный для мужчин	BY_SEARCHES	ASCENDING	918a6bf8-a802-42a5-80fc-c64dc081a09a	C11	52	0	NULL	NULL	NULL	0	0	RUB	chunks/product_queries_details_BY_SEARCHES_ASC_C11.tsv
2271246783	1948079096	66	аксессуары в машину подвесаа зеркал барабан	BY_SEARCHES	ASCENDING	918a6bf8-a802-42a5-80fc-c64dc081a09a	C11	53	0	NULL	NULL	NULL	0	0	RUB	chunks/product_queries_details_BY_SEARCHES_ASC_C11.tsv
2271246783	1948079096	66	автоподвеска мужска	BY_SEARCHES	ASCENDING	918a6bf8-a802-42a5-80fc-c64dc081a09a	C11	54	0	NULL	NULL	NULL	0	0	RUB	chunks/product_queries_details_BY_SEARCHES_ASC_C11.tsv
2271246783	1948079096	66	подвеска ювелирная козерог	BY_SEARCHES	ASCENDING	918a6bf8-a802-42a5-80fc-c64dc081a09a	C11	55	0	NULL	NULL	NULL	0	0	RUB	chunks/product_queries_details_BY_SEARCHES_ASC_C11.tsv
2271246783	1948079096	66	зеркало в машину на козы	BY_SEARCHES	ASCENDING	918a6bf8-a802-42a5-80fc-c64dc081a09a	C11	56	0	NULL	NULL	NULL	0	0	RUB	chunks/product_queries_details_BY_SEARCHES_ASC_C11.tsv
2271246783	1948079096	66	подвеска в машину на зеркало юрта	BY_SEARCHES	ASCENDING	918a6bf8-a802-42a5-80fc-c64dc081a09a	C11	57	0	NULL	NULL	NULL	0	0	RUB	chunks/product_queries_details_BY_SEARCHES_ASC_C11.tsv
2271246783	1948079096	66	#мужчине_на_день_рождения	BY_SEARCHES	ASCENDING	918a6bf8-a802-42a5-80fc-c64dc081a09a	C11	58	0	NULL	NULL	NULL	0	0	RUB	chunks/product_queries_details_BY_SEARCHES_ASC_C11.tsv
2271246783	1948079096	66	подвеска в машину на зеркало питбуль	BY_SEARCHES	ASCENDING	918a6bf8-a802-42a5-80fc-c64dc081a09a	C11	59	0	NULL	NULL	NULL	0	0	RUB	chunks/product_queries_details_BY_SEARCHES_ASC_C11.tsv
2271246783	1948079096	66	знак козерога подст	BY_SEARCHES	ASCENDING	918a6bf8-a802-42a5-80fc-c64dc081a09a	C11	60	0	NULL	NULL	NULL	0	0	RUB	chunks/product_queries_details_BY_SEARCHES_ASC_C11.tsv
2271188511	1947980208	61	в машину амулет	BY_SEARCHES	ASCENDING	918a6bf8-a802-42a5-80fc-c64dc081a09a	C11	61	0	NULL	NULL	NULL	0	0	RUB	chunks/product_queries_details_BY_SEARCHES_ASC_C11.tsv
2271188511	1947980208	61	знак задиа лев	BY_SEARCHES	ASCENDING	918a6bf8-a802-42a5-80fc-c64dc081a09a	C11	62	0	NULL	NULL	NULL	0	0	RUB	chunks/product_queries_details_BY_SEARCHES_ASC_C11.tsv
2271188511	1947980208	61	знак зодиака лев мужчина	BY_SEARCHES	ASCENDING	918a6bf8-a802-42a5-80fc-c64dc081a09a	C11	63	0	NULL	NULL	NULL	0	0	RUB	chunks/product_queries_details_BY_SEARCHES_ASC_C11.tsv
2271188511	1947980208	61	для салона машины подвеска	BY_SEARCHES	ASCENDING	918a6bf8-a802-42a5-80fc-c64dc081a09a	C11	64	0	NULL	NULL	NULL	0	0	RUB	chunks/product_queries_details_BY_SEARCHES_ASC_C11.tsv
2271188511	1947980208	61	висюльки для авто на зеркало знак зодиака лев	BY_SEARCHES	ASCENDING	918a6bf8-a802-42a5-80fc-c64dc081a09a	C11	65	0	NULL	NULL	NULL	0	0	RUB	chunks/product_queries_details_BY_SEARCHES_ASC_C11.tsv
2271188511	1947980208	61	амулеты обереги и талисманы зеркалр	BY_SEARCHES	ASCENDING	918a6bf8-a802-42a5-80fc-c64dc081a09a	C11	66	0	NULL	NULL	NULL	0	0	RUB	chunks/product_queries_details_BY_SEARCHES_ASC_C11.tsv
2271188511	1947980208	61	брелок на зеркало в машину фемида	BY_SEARCHES	ASCENDING	918a6bf8-a802-42a5-80fc-c64dc081a09a	C11	67	0	NULL	NULL	NULL	0	0	RUB	chunks/product_queries_details_BY_SEARCHES_ASC_C11.tsv
2271188511	1947980208	61	демон на машину подвеска на стекло маленькие	BY_SEARCHES	ASCENDING	918a6bf8-a802-42a5-80fc-c64dc081a09a	C11	68	0	NULL	NULL	NULL	0	0	RUB	chunks/product_queries_details_BY_SEARCHES_ASC_C11.tsv
2271188511	1947980208	61	#амулеты_обереги_и_талисманы	BY_SEARCHES	ASCENDING	918a6bf8-a802-42a5-80fc-c64dc081a09a	C11	69	0	NULL	NULL	NULL	0	0	RUB	chunks/product_queries_details_BY_SEARCHES_ASC_C11.tsv
2271188511	1947980208	61	брелок в машину на зеркало пушистики	BY_SEARCHES	ASCENDING	918a6bf8-a802-42a5-80fc-c64dc081a09a	C11	70	0	NULL	NULL	NULL	0	0	RUB	chunks/product_queries_details_BY_SEARCHES_ASC_C11.tsv
2271188511	1947980208	61	брелок талисман лев в машину	BY_SEARCHES	ASCENDING	918a6bf8-a802-42a5-80fc-c64dc081a09a	C11	71	0	NULL	NULL	NULL	0	0	RUB	chunks/product_queries_details_BY_SEARCHES_ASC_C11.tsv
2271188511	1947980208	61	подвеска в машину на зеркало девушке	BY_SEARCHES	ASCENDING	918a6bf8-a802-42a5-80fc-c64dc081a09a	C11	72	0	NULL	NULL	NULL	0	0	RUB	chunks/product_queries_details_BY_SEARCHES_ASC_C11.tsv
2271188511	1947980208	61	аодвеска зеркало	BY_SEARCHES	ASCENDING	918a6bf8-a802-42a5-80fc-c64dc081a09a	C11	73	0	NULL	NULL	NULL	0	0	RUB	chunks/product_queries_details_BY_SEARCHES_ASC_C11.tsv
2271188511	1947980208	61	автоподвеска на зеркало авто для женщин	BY_SEARCHES	ASCENDING	918a6bf8-a802-42a5-80fc-c64dc081a09a	C11	74	0	NULL	NULL	NULL	0	0	RUB	chunks/product_queries_details_BY_SEARCHES_ASC_C11.tsv
2271188511	1947980208	61	бусина лев знак зодиака оберег	BY_SEARCHES	ASCENDING	918a6bf8-a802-42a5-80fc-c64dc081a09a	C11	75	0	NULL	NULL	NULL	0	0	RUB	chunks/product_queries_details_BY_SEARCHES_ASC_C11.tsv
2271234726	1948064495	64	водолей украшения	BY_SEARCHES	ASCENDING	918a6bf8-a802-42a5-80fc-c64dc081a09a	C11	76	0	NULL	NULL	NULL	0	0	RUB	chunks/product_queries_details_BY_SEARCHES_ASC_C11.tsv
2271234726	1948064495	64	подвеска в машину на зеркало мужская рок	BY_SEARCHES	ASCENDING	918a6bf8-a802-42a5-80fc-c64dc081a09a	C11	77	0	NULL	NULL	NULL	0	0	RUB	chunks/product_queries_details_BY_SEARCHES_ASC_C11.tsv
2271234726	1948064495	64	подвеска в машину водителю илье	BY_SEARCHES	ASCENDING	918a6bf8-a802-42a5-80fc-c64dc081a09a	C11	78	0	NULL	NULL	NULL	0	0	RUB	chunks/product_queries_details_BY_SEARCHES_ASC_C11.tsv
2271234726	1948064495	64	адамас золото знак зодиака	BY_SEARCHES	ASCENDING	918a6bf8-a802-42a5-80fc-c64dc081a09a	C11	79	0	NULL	NULL	NULL	0	0	RUB	chunks/product_queries_details_BY_SEARCHES_ASC_C11.tsv
2271234726	1948064495	64	бусы оберег	BY_SEARCHES	ASCENDING	918a6bf8-a802-42a5-80fc-c64dc081a09a	C11	80	0	NULL	NULL	NULL	0	0	RUB	chunks/product_queries_details_BY_SEARCHES_ASC_C11.tsv
2271234726	1948064495	64	брелок в машину зеркало	BY_SEARCHES	ASCENDING	918a6bf8-a802-42a5-80fc-c64dc081a09a	C11	81	0	NULL	NULL	NULL	0	0	RUB	chunks/product_queries_details_BY_SEARCHES_ASC_C11.tsv
2271234726	1948064495	64	автоподвеска мужска	BY_SEARCHES	ASCENDING	918a6bf8-a802-42a5-80fc-c64dc081a09a	C11	82	0	NULL	NULL	NULL	0	0	RUB	chunks/product_queries_details_BY_SEARCHES_ASC_C11.tsv
2271234726	1948064495	64	висючка в машину на зеркало люстра	BY_SEARCHES	ASCENDING	918a6bf8-a802-42a5-80fc-c64dc081a09a	C11	83	0	NULL	NULL	NULL	0	0	RUB	chunks/product_queries_details_BY_SEARCHES_ASC_C11.tsv
2271234726	1948064495	64	#подвеска_в_машину_на_зеркало	BY_SEARCHES	ASCENDING	918a6bf8-a802-42a5-80fc-c64dc081a09a	C11	84	0	NULL	NULL	NULL	0	0	RUB	chunks/product_queries_details_BY_SEARCHES_ASC_C11.tsv
2271234726	1948064495	64	подвеска на зеркало в авто водолей	BY_SEARCHES	ASCENDING	918a6bf8-a802-42a5-80fc-c64dc081a09a	C11	85	0	NULL	NULL	NULL	0	0	RUB	chunks/product_queries_details_BY_SEARCHES_ASC_C11.tsv
2271234726	1948064495	64	в машину амулет	BY_SEARCHES	ASCENDING	918a6bf8-a802-42a5-80fc-c64dc081a09a	C11	86	0	NULL	NULL	NULL	0	0	RUB	chunks/product_queries_details_BY_SEARCHES_ASC_C11.tsv
2271234726	1948064495	64	деревянное повеска для мужчин	BY_SEARCHES	ASCENDING	918a6bf8-a802-42a5-80fc-c64dc081a09a	C11	87	0	NULL	NULL	NULL	0	0	RUB	chunks/product_queries_details_BY_SEARCHES_ASC_C11.tsv
2271234726	1948064495	64	крестик в машину на зеркало освешеный	BY_SEARCHES	ASCENDING	918a6bf8-a802-42a5-80fc-c64dc081a09a	C11	88	0	NULL	NULL	NULL	0	0	RUB	chunks/product_queries_details_BY_SEARCHES_ASC_C11.tsv
2271234726	1948064495	64	на зеркало подвеска авто	BY_SEARCHES	ASCENDING	918a6bf8-a802-42a5-80fc-c64dc081a09a	C11	89	0	NULL	NULL	NULL	0	0	RUB	chunks/product_queries_details_BY_SEARCHES_ASC_C11.tsv
2271234726	1948064495	64	коробочки 12 см дерево	BY_SEARCHES	ASCENDING	918a6bf8-a802-42a5-80fc-c64dc081a09a	C11	90	0	NULL	NULL	NULL	0	0	RUB	chunks/product_queries_details_BY_SEARCHES_ASC_C11.tsv
2559748332	2324384021	75	аксессуары на зеркало в атомобиль	BY_SEARCHES	ASCENDING	913e9e73-1a48-4c82-94e8-6bfdb570d109	C13	1	0	NULL	NULL	NULL	0	0	RUB	chunks/product_queries_details_BY_SEARCHES_ASC_C13.tsv
2559748332	2324384021	75	автоподвеска мужска	BY_SEARCHES	ASCENDING	913e9e73-1a48-4c82-94e8-6bfdb570d109	C13	2	0	NULL	NULL	NULL	0	0	RUB	chunks/product_queries_details_BY_SEARCHES_ASC_C13.tsv
2559748332	2324384021	75	#обереготсглаза	BY_SEARCHES	ASCENDING	913e9e73-1a48-4c82-94e8-6bfdb570d109	C13	3	0	NULL	NULL	NULL	0	0	RUB	chunks/product_queries_details_BY_SEARCHES_ASC_C13.tsv
2559748332	2324384021	75	#талисманудачи	BY_SEARCHES	ASCENDING	913e9e73-1a48-4c82-94e8-6bfdb570d109	C13	4	0	NULL	NULL	NULL	0	0	RUB	chunks/product_queries_details_BY_SEARCHES_ASC_C13.tsv
2559748332	2324384021	75	#амулеты_обереги_и_талисманы	BY_SEARCHES	ASCENDING	913e9e73-1a48-4c82-94e8-6bfdb570d109	C13	5	0	NULL	NULL	NULL	0	0	RUB	chunks/product_queries_details_BY_SEARCHES_ASC_C13.tsv
2559748332	2324384021	75	подвеска дерева мужская	BY_SEARCHES	ASCENDING	913e9e73-1a48-4c82-94e8-6bfdb570d109	C13	6	0	NULL	NULL	NULL	0	0	RUB	chunks/product_queries_details_BY_SEARCHES_ASC_C13.tsv
2559748332	2324384021	75	автомобиль мусульманский	BY_SEARCHES	ASCENDING	913e9e73-1a48-4c82-94e8-6bfdb570d109	C13	7	1	NULL	NULL	NULL	0	0	RUB	chunks/product_queries_details_BY_SEARCHES_ASC_C13.tsv
2559748332	2324384021	75	аксессуары для машины в подарок мужчине подвески на зеркало	BY_SEARCHES	ASCENDING	913e9e73-1a48-4c82-94e8-6bfdb570d109	C13	8	1	NULL	NULL	NULL	0	0	RUB	chunks/product_queries_details_BY_SEARCHES_ASC_C13.tsv
2559748332	2324384021	75	no pasaran подвеска в машину	BY_SEARCHES	ASCENDING	913e9e73-1a48-4c82-94e8-6bfdb570d109	C13	9	1	NULL	NULL	NULL	0	0	RUB	chunks/product_queries_details_BY_SEARCHES_ASC_C13.tsv
2559748332	2324384021	75	автомобильный талисман оберег на зеркало	BY_SEARCHES	ASCENDING	913e9e73-1a48-4c82-94e8-6bfdb570d109	C13	10	1	NULL	NULL	NULL	0	0	RUB	chunks/product_queries_details_BY_SEARCHES_ASC_C13.tsv
2559748332	2324384021	75	аксессуары в машину подвеска	BY_SEARCHES	ASCENDING	913e9e73-1a48-4c82-94e8-6bfdb570d109	C13	11	1	NULL	NULL	NULL	0	0	RUB	chunks/product_queries_details_BY_SEARCHES_ASC_C13.tsv
2559748332	2324384021	75	{value}	BY_SEARCHES	ASCENDING	913e9e73-1a48-4c82-94e8-6bfdb570d109	C13	12	1	NULL	NULL	NULL	0	648	RUB	chunks/product_queries_details_BY_SEARCHES_ASC_C13.tsv
2559748332	2324384021	75	ароматизатор в машину на зеркало в виде касеты	BY_SEARCHES	ASCENDING	913e9e73-1a48-4c82-94e8-6bfdb570d109	C13	13	1	NULL	NULL	NULL	0	0	RUB	chunks/product_queries_details_BY_SEARCHES_ASC_C13.tsv
2559748332	2324384021	75	акриловая подвеска в машину на зеркало	BY_SEARCHES	ASCENDING	913e9e73-1a48-4c82-94e8-6bfdb570d109	C13	14	1	NULL	NULL	NULL	0	0	RUB	chunks/product_queries_details_BY_SEARCHES_ASC_C13.tsv
2559748332	2324384021	75	амулет мужской на зеркало щаднего вида	BY_SEARCHES	ASCENDING	913e9e73-1a48-4c82-94e8-6bfdb570d109	C13	15	1	NULL	NULL	NULL	0	0	RUB	chunks/product_queries_details_BY_SEARCHES_ASC_C13.tsv
2326866320	2020661872	73	большой крест в машину на зеркало православный	BY_SEARCHES	ASCENDING	913e9e73-1a48-4c82-94e8-6bfdb570d109	C13	16	0	NULL	NULL	NULL	0	0	RUB	chunks/product_queries_details_BY_SEARCHES_ASC_C13.tsv
2326866320	2020661872	73	в машину авулет	BY_SEARCHES	ASCENDING	913e9e73-1a48-4c82-94e8-6bfdb570d109	C13	17	0	NULL	NULL	NULL	0	0	RUB	chunks/product_queries_details_BY_SEARCHES_ASC_C13.tsv
2326866320	2020661872	73	амулеты обереги и талисманы зеркалр	BY_SEARCHES	ASCENDING	913e9e73-1a48-4c82-94e8-6bfdb570d109	C13	18	0	NULL	NULL	NULL	0	0	RUB	chunks/product_queries_details_BY_SEARCHES_ASC_C13.tsv
2326866320	2020661872	73	амулетом на машину	BY_SEARCHES	ASCENDING	913e9e73-1a48-4c82-94e8-6bfdb570d109	C13	19	0	NULL	NULL	NULL	0	0	RUB	chunks/product_queries_details_BY_SEARCHES_ASC_C13.tsv
2326866320	2020661872	73	#подвеска_в_машину_на_зеркало	BY_SEARCHES	ASCENDING	913e9e73-1a48-4c82-94e8-6bfdb570d109	C13	20	0	NULL	NULL	NULL	0	0	RUB	chunks/product_queries_details_BY_SEARCHES_ASC_C13.tsv
2326866320	2020661872	73	провославный оберег в машину	BY_SEARCHES	ASCENDING	913e9e73-1a48-4c82-94e8-6bfdb570d109	C13	21	0	NULL	NULL	NULL	0	831	RUB	chunks/product_queries_details_BY_SEARCHES_ASC_C13.tsv
2326866320	2020661872	73	бусины для подвески на зеркало в машину	BY_SEARCHES	ASCENDING	913e9e73-1a48-4c82-94e8-6bfdb570d109	C13	22	0	NULL	NULL	NULL	0	0	RUB	chunks/product_queries_details_BY_SEARCHES_ASC_C13.tsv
2326866320	2020661872	73	#оберег_в_машину	BY_SEARCHES	ASCENDING	913e9e73-1a48-4c82-94e8-6bfdb570d109	C13	23	0	NULL	NULL	NULL	0	0	RUB	chunks/product_queries_details_BY_SEARCHES_ASC_C13.tsv
2326866320	2020661872	73	#амулеты_обереги_и_талисманы	BY_SEARCHES	ASCENDING	913e9e73-1a48-4c82-94e8-6bfdb570d109	C13	24	0	NULL	NULL	NULL	0	0	RUB	chunks/product_queries_details_BY_SEARCHES_ASC_C13.tsv
2326866320	2020661872	73	амулеты обереги кулоны	BY_SEARCHES	ASCENDING	913e9e73-1a48-4c82-94e8-6bfdb570d109	C13	25	0	NULL	NULL	NULL	0	0	RUB	chunks/product_queries_details_BY_SEARCHES_ASC_C13.tsv
2326866320	2020661872	73	в машину амулет	BY_SEARCHES	ASCENDING	913e9e73-1a48-4c82-94e8-6bfdb570d109	C13	26	0	NULL	NULL	NULL	0	0	RUB	chunks/product_queries_details_BY_SEARCHES_ASC_C13.tsv
2326866320	2020661872	73	брелок авто талисман	BY_SEARCHES	ASCENDING	913e9e73-1a48-4c82-94e8-6bfdb570d109	C13	27	0	NULL	NULL	NULL	0	0	RUB	chunks/product_queries_details_BY_SEARCHES_ASC_C13.tsv
2326866320	2020661872	73	вонючка в машину оберег от штрафа	BY_SEARCHES	ASCENDING	913e9e73-1a48-4c82-94e8-6bfdb570d109	C13	28	0	NULL	NULL	NULL	0	0	RUB	chunks/product_queries_details_BY_SEARCHES_ASC_C13.tsv
2326866320	2020661872	73	адидас спаси и сохрани коыту	BY_SEARCHES	ASCENDING	913e9e73-1a48-4c82-94e8-6bfdb570d109	C13	29	0	NULL	NULL	NULL	0	0	RUB	chunks/product_queries_details_BY_SEARCHES_ASC_C13.tsv
2326866320	2020661872	73	в машину для малыша подвеска	BY_SEARCHES	ASCENDING	913e9e73-1a48-4c82-94e8-6bfdb570d109	C13	30	0	NULL	NULL	NULL	0	0	RUB	chunks/product_queries_details_BY_SEARCHES_ASC_C13.tsv
2559437928	2324003802	74	бусины для терм	BY_SEARCHES	ASCENDING	913e9e73-1a48-4c82-94e8-6bfdb570d109	C13	31	0	NULL	NULL	NULL	0	0	RUB	chunks/product_queries_details_BY_SEARCHES_ASC_C13.tsv
2559437928	2324003802	74	#обереги	BY_SEARCHES	ASCENDING	913e9e73-1a48-4c82-94e8-6bfdb570d109	C13	32	0	NULL	NULL	NULL	0	0	RUB	chunks/product_queries_details_BY_SEARCHES_ASC_C13.tsv
2559437928	2324003802	74	славянский оберег для ключей дома	BY_SEARCHES	ASCENDING	913e9e73-1a48-4c82-94e8-6bfdb570d109	C13	33	0	NULL	NULL	NULL	0	829	RUB	chunks/product_queries_details_BY_SEARCHES_ASC_C13.tsv
2559437928	2324003802	74	амулеты коло	BY_SEARCHES	ASCENDING	913e9e73-1a48-4c82-94e8-6bfdb570d109	C13	34	0	NULL	NULL	NULL	0	0	RUB	chunks/product_queries_details_BY_SEARCHES_ASC_C13.tsv
2559437928	2324003802	74	#подвеска_в_машину_на_зеркало	BY_SEARCHES	ASCENDING	913e9e73-1a48-4c82-94e8-6bfdb570d109	C13	35	0	NULL	NULL	NULL	0	0	RUB	chunks/product_queries_details_BY_SEARCHES_ASC_C13.tsv
2559437928	2324003802	74	#славянские_обереги	BY_SEARCHES	ASCENDING	913e9e73-1a48-4c82-94e8-6bfdb570d109	C13	36	0	NULL	NULL	NULL	0	0	RUB	chunks/product_queries_details_BY_SEARCHES_ASC_C13.tsv
2559437928	2324003802	74	брелок в машину на зеркало пушистики	BY_SEARCHES	ASCENDING	913e9e73-1a48-4c82-94e8-6bfdb570d109	C13	37	0	NULL	NULL	NULL	0	0	RUB	chunks/product_queries_details_BY_SEARCHES_ASC_C13.tsv
2559437928	2324003802	74	бог чур наклейка оберег	BY_SEARCHES	ASCENDING	913e9e73-1a48-4c82-94e8-6bfdb570d109	C13	38	0	NULL	NULL	NULL	0	0	RUB	chunks/product_queries_details_BY_SEARCHES_ASC_C13.tsv
2559437928	2324003802	74	бог омулет	BY_SEARCHES	ASCENDING	913e9e73-1a48-4c82-94e8-6bfdb570d109	C13	39	0	NULL	NULL	NULL	0	0	RUB	chunks/product_queries_details_BY_SEARCHES_ASC_C13.tsv
2559437928	2324003802	74	#обереготсглаза	BY_SEARCHES	ASCENDING	913e9e73-1a48-4c82-94e8-6bfdb570d109	C13	40	0	NULL	NULL	NULL	0	0	RUB	chunks/product_queries_details_BY_SEARCHES_ASC_C13.tsv
2559437928	2324003802	74	#амулеты_обереги_и_талисманы	BY_SEARCHES	ASCENDING	913e9e73-1a48-4c82-94e8-6bfdb570d109	C13	41	0	NULL	NULL	NULL	0	0	RUB	chunks/product_queries_details_BY_SEARCHES_ASC_C13.tsv
2559437928	2324003802	74	брелок у машину byd на зерколо	BY_SEARCHES	ASCENDING	913e9e73-1a48-4c82-94e8-6bfdb570d109	C13	42	0	NULL	NULL	NULL	0	0	RUB	chunks/product_queries_details_BY_SEARCHES_ASC_C13.tsv
2559437928	2324003802	74	амулетом на машину	BY_SEARCHES	ASCENDING	913e9e73-1a48-4c82-94e8-6bfdb570d109	C13	43	0	NULL	NULL	NULL	0	0	RUB	chunks/product_queries_details_BY_SEARCHES_ASC_C13.tsv
2559437928	2324003802	74	для машины в салон на зеркало подвескп	BY_SEARCHES	ASCENDING	913e9e73-1a48-4c82-94e8-6bfdb570d109	C13	44	0	NULL	NULL	NULL	0	0	RUB	chunks/product_queries_details_BY_SEARCHES_ASC_C13.tsv
2559437928	2324003802	74	амулет с зеркалом по	BY_SEARCHES	ASCENDING	913e9e73-1a48-4c82-94e8-6bfdb570d109	C13	45	0	NULL	NULL	NULL	0	0	RUB	chunks/product_queries_details_BY_SEARCHES_ASC_C13.tsv
2559817779	2324467855	76	для машины в салон на зеркало подвескп	BY_SEARCHES	ASCENDING	913e9e73-1a48-4c82-94e8-6bfdb570d109	C13	46	0	NULL	NULL	NULL	0	0	RUB	chunks/product_queries_details_BY_SEARCHES_ASC_C13.tsv
2559817779	2324467855	76	#обереготсглаза	BY_SEARCHES	ASCENDING	913e9e73-1a48-4c82-94e8-6bfdb570d109	C13	47	0	NULL	NULL	NULL	0	0	RUB	chunks/product_queries_details_BY_SEARCHES_ASC_C13.tsv
2559817779	2324467855	76	подвеска в машину на зеркало россиянка	BY_SEARCHES	ASCENDING	913e9e73-1a48-4c82-94e8-6bfdb570d109	C13	48	0	NULL	NULL	NULL	0	0	RUB	chunks/product_queries_details_BY_SEARCHES_ASC_C13.tsv
2559817779	2324467855	76	подвеска в машину на зеркало питбуль	BY_SEARCHES	ASCENDING	913e9e73-1a48-4c82-94e8-6bfdb570d109	C13	49	0	NULL	NULL	NULL	0	0	RUB	chunks/product_queries_details_BY_SEARCHES_ASC_C13.tsv
2559817779	2324467855	76	крест а зеркало в машину	BY_SEARCHES	ASCENDING	913e9e73-1a48-4c82-94e8-6bfdb570d109	C13	50	0	NULL	NULL	NULL	0	0	RUB	chunks/product_queries_details_BY_SEARCHES_ASC_C13.tsv
2559817779	2324467855	76	подвеска в машину на зеркало инь янь	BY_SEARCHES	ASCENDING	913e9e73-1a48-4c82-94e8-6bfdb570d109	C13	51	0	NULL	NULL	NULL	0	0	RUB	chunks/product_queries_details_BY_SEARCHES_ASC_C13.tsv
2559817779	2324467855	76	на зеркало автомобиля подвеска герю	BY_SEARCHES	ASCENDING	913e9e73-1a48-4c82-94e8-6bfdb570d109	C13	52	0	NULL	NULL	NULL	0	0	RUB	chunks/product_queries_details_BY_SEARCHES_ASC_C13.tsv
2559817779	2324467855	76	шифрондля школы герб россии	BY_SEARCHES	ASCENDING	913e9e73-1a48-4c82-94e8-6bfdb570d109	C13	53	0	NULL	NULL	NULL	0	0	RUB	chunks/product_queries_details_BY_SEARCHES_ASC_C13.tsv
2559817779	2324467855	76	дракон в машину на зеркало	BY_SEARCHES	ASCENDING	913e9e73-1a48-4c82-94e8-6bfdb570d109	C13	54	0	NULL	NULL	NULL	0	0	RUB	chunks/product_queries_details_BY_SEARCHES_ASC_C13.tsv
2559817779	2324467855	76	герб рости наклека на машину	BY_SEARCHES	ASCENDING	913e9e73-1a48-4c82-94e8-6bfdb570d109	C13	55	0	NULL	NULL	NULL	0	0	RUB	chunks/product_queries_details_BY_SEARCHES_ASC_C13.tsv
2559817779	2324467855	76	крест в машину на зеркало серый	BY_SEARCHES	ASCENDING	913e9e73-1a48-4c82-94e8-6bfdb570d109	C13	56	0	NULL	NULL	NULL	0	0	RUB	chunks/product_queries_details_BY_SEARCHES_ASC_C13.tsv
2559817779	2324467855	76	подвеска в машину на зеркало мужская шайба	BY_SEARCHES	ASCENDING	913e9e73-1a48-4c82-94e8-6bfdb570d109	C13	57	0	NULL	NULL	NULL	0	0	RUB	chunks/product_queries_details_BY_SEARCHES_ASC_C13.tsv
2559817779	2324467855	76	крест деревянный в авто	BY_SEARCHES	ASCENDING	913e9e73-1a48-4c82-94e8-6bfdb570d109	C13	58	0	NULL	NULL	NULL	0	0	RUB	chunks/product_queries_details_BY_SEARCHES_ASC_C13.tsv
2559817779	2324467855	76	лампа подвеска в машину	BY_SEARCHES	ASCENDING	913e9e73-1a48-4c82-94e8-6bfdb570d109	C13	59	0	NULL	NULL	NULL	0	0	RUB	chunks/product_queries_details_BY_SEARCHES_ASC_C13.tsv
2559817779	2324467855	76	подвеска в машину на зеркало же	BY_SEARCHES	ASCENDING	913e9e73-1a48-4c82-94e8-6bfdb570d109	C13	60	0	NULL	NULL	NULL	0	0	RUB	chunks/product_queries_details_BY_SEARCHES_ASC_C13.tsv
2271262133	1948098351	68	четки н	BY_SEARCHES	ASCENDING	b2669e16-856e-4c05-b06b-49195a1c3faa	C12R1	1	0	NULL	NULL	NULL	0	0	RUB	chunks/product_queries_details_BY_SEARCHES_ASC_C12R1.tsv
2271262133	1948098351	68	календарь карманный знаки зодиака	BY_SEARCHES	ASCENDING	b2669e16-856e-4c05-b06b-49195a1c3faa	C12R1	2	0	NULL	NULL	NULL	0	0	RUB	chunks/product_queries_details_BY_SEARCHES_ASC_C12R1.tsv
2271262133	1948098351	68	амулеты обереги и талисманы рак	BY_SEARCHES	ASCENDING	b2669e16-856e-4c05-b06b-49195a1c3faa	C12R1	3	0	NULL	NULL	NULL	0	0	RUB	chunks/product_queries_details_BY_SEARCHES_ASC_C12R1.tsv
2271262133	1948098351	68	рак на присоске в машину	BY_SEARCHES	ASCENDING	b2669e16-856e-4c05-b06b-49195a1c3faa	C12R1	4	0	NULL	NULL	NULL	0	0	RUB	chunks/product_queries_details_BY_SEARCHES_ASC_C12R1.tsv
2271262133	1948098351	68	для салона машины подвеска	BY_SEARCHES	ASCENDING	b2669e16-856e-4c05-b06b-49195a1c3faa	C12R1	5	0	NULL	NULL	NULL	0	0	RUB	chunks/product_queries_details_BY_SEARCHES_ASC_C12R1.tsv
2271262133	1948098351	68	#подвеска_в_машину	BY_SEARCHES	ASCENDING	b2669e16-856e-4c05-b06b-49195a1c3faa	C12R1	6	0	NULL	NULL	NULL	0	0	RUB	chunks/product_queries_details_BY_SEARCHES_ASC_C12R1.tsv
2271262133	1948098351	68	талесман для рака	BY_SEARCHES	ASCENDING	b2669e16-856e-4c05-b06b-49195a1c3faa	C12R1	7	0	NULL	NULL	NULL	0	0	RUB	chunks/product_queries_details_BY_SEARCHES_ASC_C12R1.tsv
2271262133	1948098351	68	на зеркало знак зодиака рак в машину	BY_SEARCHES	ASCENDING	b2669e16-856e-4c05-b06b-49195a1c3faa	C12R1	8	0	NULL	NULL	NULL	0	0	RUB	chunks/product_queries_details_BY_SEARCHES_ASC_C12R1.tsv
2271262133	1948098351	68	подвеска в машину женский	BY_SEARCHES	ASCENDING	b2669e16-856e-4c05-b06b-49195a1c3faa	C12R1	9	0	NULL	NULL	NULL	0	0	RUB	chunks/product_queries_details_BY_SEARCHES_ASC_C12R1.tsv
2271262133	1948098351	68	деревянное повеска для мужчин	BY_SEARCHES	ASCENDING	b2669e16-856e-4c05-b06b-49195a1c3faa	C12R1	10	0	NULL	NULL	NULL	0	0	RUB	chunks/product_queries_details_BY_SEARCHES_ASC_C12R1.tsv
2271262133	1948098351	68	в машину скорпион	BY_SEARCHES	ASCENDING	b2669e16-856e-4c05-b06b-49195a1c3faa	C12R1	11	0	NULL	NULL	NULL	0	0	RUB	chunks/product_queries_details_BY_SEARCHES_ASC_C12R1.tsv
2271262133	1948098351	68	#подвеска_в_машину_на_зеркало	BY_SEARCHES	ASCENDING	b2669e16-856e-4c05-b06b-49195a1c3faa	C12R1	12	0	NULL	NULL	NULL	0	0	RUB	chunks/product_queries_details_BY_SEARCHES_ASC_C12R1.tsv
2271262133	1948098351	68	брелок в машину на зеркало пушистики	BY_SEARCHES	ASCENDING	b2669e16-856e-4c05-b06b-49195a1c3faa	C12R1	13	0	NULL	NULL	NULL	0	0	RUB	chunks/product_queries_details_BY_SEARCHES_ASC_C12R1.tsv
2271262133	1948098351	68	подвеска на зеркало автомобиля акула	BY_SEARCHES	ASCENDING	b2669e16-856e-4c05-b06b-49195a1c3faa	C12R1	14	0	NULL	NULL	NULL	0	0	RUB	chunks/product_queries_details_BY_SEARCHES_ASC_C12R1.tsv
2271262133	1948098351	68	девушка в машину на зеркало	BY_SEARCHES	ASCENDING	b2669e16-856e-4c05-b06b-49195a1c3faa	C12R1	15	0	NULL	NULL	NULL	0	0	RUB	chunks/product_queries_details_BY_SEARCHES_ASC_C12R1.tsv
2271270261	1948107866	69	подвеска крючок рыб в машину	BY_SEARCHES	ASCENDING	b2669e16-856e-4c05-b06b-49195a1c3faa	C12R1	16	0	NULL	NULL	NULL	0	0	RUB	chunks/product_queries_details_BY_SEARCHES_ASC_C12R1.tsv
2271270261	1948107866	69	подвеска в машину на зеркало ма ка крик	BY_SEARCHES	ASCENDING	b2669e16-856e-4c05-b06b-49195a1c3faa	C12R1	17	0	NULL	NULL	NULL	0	0	RUB	chunks/product_queries_details_BY_SEARCHES_ASC_C12R1.tsv
2271270261	1948107866	69	подвески в машину на зеркало для девушки	BY_SEARCHES	ASCENDING	b2669e16-856e-4c05-b06b-49195a1c3faa	C12R1	18	0	NULL	NULL	NULL	0	0	RUB	chunks/product_queries_details_BY_SEARCHES_ASC_C12R1.tsv
2271270261	1948107866	69	значек рыбка хрестианский на машину	BY_SEARCHES	ASCENDING	b2669e16-856e-4c05-b06b-49195a1c3faa	C12R1	19	0	NULL	NULL	NULL	0	0	RUB	chunks/product_queries_details_BY_SEARCHES_ASC_C12R1.tsv
2271270261	1948107866	69	кулон с рыбами	BY_SEARCHES	ASCENDING	b2669e16-856e-4c05-b06b-49195a1c3faa	C12R1	20	0	NULL	NULL	NULL	0	0	RUB	chunks/product_queries_details_BY_SEARCHES_ASC_C12R1.tsv
2271270261	1948107866	69	брелок в машину зеркало	BY_SEARCHES	ASCENDING	b2669e16-856e-4c05-b06b-49195a1c3faa	C12R1	21	0	NULL	NULL	NULL	0	0	RUB	chunks/product_queries_details_BY_SEARCHES_ASC_C12R1.tsv
2271270261	1948107866	69	подвеска на зеркало рыба	BY_SEARCHES	ASCENDING	b2669e16-856e-4c05-b06b-49195a1c3faa	C12R1	22	0	NULL	NULL	NULL	0	0	RUB	chunks/product_queries_details_BY_SEARCHES_ASC_C12R1.tsv
2271270261	1948107866	69	бусина зодиак по	BY_SEARCHES	ASCENDING	b2669e16-856e-4c05-b06b-49195a1c3faa	C12R1	23	0	NULL	NULL	NULL	0	0	RUB	chunks/product_queries_details_BY_SEARCHES_ASC_C12R1.tsv
2271270261	1948107866	69	подвеска на зеркало автомобиля акула	BY_SEARCHES	ASCENDING	b2669e16-856e-4c05-b06b-49195a1c3faa	C12R1	24	0	NULL	NULL	NULL	0	0	RUB	chunks/product_queries_details_BY_SEARCHES_ASC_C12R1.tsv
2271270261	1948107866	69	подвеска в машину на зеркало мех	BY_SEARCHES	ASCENDING	b2669e16-856e-4c05-b06b-49195a1c3faa	C12R1	25	0	NULL	NULL	NULL	0	0	RUB	chunks/product_queries_details_BY_SEARCHES_ASC_C12R1.tsv
2271270261	1948107866	69	знакак зодиака рыбы	BY_SEARCHES	ASCENDING	b2669e16-856e-4c05-b06b-49195a1c3faa	C12R1	26	0	NULL	NULL	NULL	0	0	RUB	chunks/product_queries_details_BY_SEARCHES_ASC_C12R1.tsv
2271270261	1948107866	69	#подвеска_в_машину	BY_SEARCHES	ASCENDING	b2669e16-856e-4c05-b06b-49195a1c3faa	C12R1	27	0	NULL	NULL	NULL	0	0	RUB	chunks/product_queries_details_BY_SEARCHES_ASC_C12R1.tsv
2271270261	1948107866	69	подвеска на зеркало в машину тигр	BY_SEARCHES	ASCENDING	b2669e16-856e-4c05-b06b-49195a1c3faa	C12R1	28	0	NULL	NULL	NULL	0	0	RUB	chunks/product_queries_details_BY_SEARCHES_ASC_C12R1.tsv
2271270261	1948107866	69	подвеска в машину на зеркало из биссера	BY_SEARCHES	ASCENDING	b2669e16-856e-4c05-b06b-49195a1c3faa	C12R1	29	0	NULL	NULL	NULL	0	0	RUB	chunks/product_queries_details_BY_SEARCHES_ASC_C12R1.tsv
2271270261	1948107866	69	подвеска в машину на зеркало питбуль	BY_SEARCHES	ASCENDING	b2669e16-856e-4c05-b06b-49195a1c3faa	C12R1	30	0	NULL	NULL	NULL	0	0	RUB	chunks/product_queries_details_BY_SEARCHES_ASC_C12R1.tsv
2271292556	1948138072	72	четки на машину знак зодиака	BY_SEARCHES	ASCENDING	b2669e16-856e-4c05-b06b-49195a1c3faa	C12R1	31	0	NULL	NULL	NULL	0	0	RUB	chunks/product_queries_details_BY_SEARCHES_ASC_C12R1.tsv
2271292556	1948138072	72	амулет оберег бык	BY_SEARCHES	ASCENDING	b2669e16-856e-4c05-b06b-49195a1c3faa	C12R1	32	0	NULL	NULL	NULL	0	0	RUB	chunks/product_queries_details_BY_SEARCHES_ASC_C12R1.tsv
2271292556	1948138072	72	четки н	BY_SEARCHES	ASCENDING	b2669e16-856e-4c05-b06b-49195a1c3faa	C12R1	33	0	NULL	NULL	NULL	0	0	RUB	chunks/product_queries_details_BY_SEARCHES_ASC_C12R1.tsv
2271292556	1948138072	72	подвеска в машину на зеркало оскал тигра	BY_SEARCHES	ASCENDING	b2669e16-856e-4c05-b06b-49195a1c3faa	C12R1	34	0	NULL	NULL	NULL	0	0	RUB	chunks/product_queries_details_BY_SEARCHES_ASC_C12R1.tsv
2271292556	1948138072	72	для салона машины подвеска	BY_SEARCHES	ASCENDING	b2669e16-856e-4c05-b06b-49195a1c3faa	C12R1	35	0	NULL	NULL	NULL	0	0	RUB	chunks/product_queries_details_BY_SEARCHES_ASC_C12R1.tsv
2271292556	1948138072	72	на зеркало в машину подвеска женская сердечко сере	BY_SEARCHES	ASCENDING	b2669e16-856e-4c05-b06b-49195a1c3faa	C12R1	36	0	NULL	NULL	NULL	0	0	RUB	chunks/product_queries_details_BY_SEARCHES_ASC_C12R1.tsv
2271292556	1948138072	72	брелок телец и	BY_SEARCHES	ASCENDING	b2669e16-856e-4c05-b06b-49195a1c3faa	C12R1	37	0	NULL	NULL	NULL	0	0	RUB	chunks/product_queries_details_BY_SEARCHES_ASC_C12R1.tsv
2271292556	1948138072	72	брелок у машину byd на зерколо	BY_SEARCHES	ASCENDING	b2669e16-856e-4c05-b06b-49195a1c3faa	C12R1	38	0	NULL	NULL	NULL	0	0	RUB	chunks/product_queries_details_BY_SEARCHES_ASC_C12R1.tsv
2271292556	1948138072	72	телец знакзодиака на стену	BY_SEARCHES	ASCENDING	b2669e16-856e-4c05-b06b-49195a1c3faa	C12R1	39	0	NULL	NULL	NULL	0	0	RUB	chunks/product_queries_details_BY_SEARCHES_ASC_C12R1.tsv
2271292556	1948138072	72	#подвеска_в_машину	BY_SEARCHES	ASCENDING	b2669e16-856e-4c05-b06b-49195a1c3faa	C12R1	40	0	NULL	NULL	NULL	0	0	RUB	chunks/product_queries_details_BY_SEARCHES_ASC_C12R1.tsv
2271292556	1948138072	72	подвеска в машину на зеркало инь янь	BY_SEARCHES	ASCENDING	b2669e16-856e-4c05-b06b-49195a1c3faa	C12R1	41	0	NULL	NULL	NULL	0	0	RUB	chunks/product_queries_details_BY_SEARCHES_ASC_C12R1.tsv
2271292556	1948138072	72	адамас золото знак зодиака	BY_SEARCHES	ASCENDING	b2669e16-856e-4c05-b06b-49195a1c3faa	C12R1	42	0	NULL	NULL	NULL	0	0	RUB	chunks/product_queries_details_BY_SEARCHES_ASC_C12R1.tsv
2271292556	1948138072	72	в машину авулет	BY_SEARCHES	ASCENDING	b2669e16-856e-4c05-b06b-49195a1c3faa	C12R1	43	0	NULL	NULL	NULL	0	0	RUB	chunks/product_queries_details_BY_SEARCHES_ASC_C12R1.tsv
2271292556	1948138072	72	четки с тр	BY_SEARCHES	ASCENDING	b2669e16-856e-4c05-b06b-49195a1c3faa	C12R1	44	0	NULL	NULL	NULL	0	0	RUB	chunks/product_queries_details_BY_SEARCHES_ASC_C12R1.tsv
2271292556	1948138072	72	четки телец	BY_SEARCHES	ASCENDING	b2669e16-856e-4c05-b06b-49195a1c3faa	C12R1	45	0	NULL	NULL	NULL	0	0	RUB	chunks/product_queries_details_BY_SEARCHES_ASC_C12R1.tsv
2271251938	1948085774	67	подвеска в машину на зеркало овен	BY_SEARCHES	ASCENDING	b2669e16-856e-4c05-b06b-49195a1c3faa	C12R1	46	0	NULL	NULL	NULL	0	0	RUB	chunks/product_queries_details_BY_SEARCHES_ASC_C12R1.tsv
2271251938	1948085774	67	зеркало овл	BY_SEARCHES	ASCENDING	b2669e16-856e-4c05-b06b-49195a1c3faa	C12R1	47	0	NULL	NULL	NULL	0	0	RUB	chunks/product_queries_details_BY_SEARCHES_ASC_C12R1.tsv
2271251938	1948085774	67	браслетик оберег для овна	BY_SEARCHES	ASCENDING	b2669e16-856e-4c05-b06b-49195a1c3faa	C12R1	48	0	NULL	NULL	NULL	0	0	RUB	chunks/product_queries_details_BY_SEARCHES_ASC_C12R1.tsv
2271251938	1948085774	67	для салона машины подвеска	BY_SEARCHES	ASCENDING	b2669e16-856e-4c05-b06b-49195a1c3faa	C12R1	49	0	NULL	NULL	NULL	0	0	RUB	chunks/product_queries_details_BY_SEARCHES_ASC_C12R1.tsv
2271251938	1948085774	67	в машину амулет	BY_SEARCHES	ASCENDING	b2669e16-856e-4c05-b06b-49195a1c3faa	C12R1	50	0	NULL	NULL	NULL	0	0	RUB	chunks/product_queries_details_BY_SEARCHES_ASC_C12R1.tsv
2271251938	1948085774	67	#подвеска_в_машину_на_зеркало	BY_SEARCHES	ASCENDING	b2669e16-856e-4c05-b06b-49195a1c3faa	C12R1	51	0	NULL	NULL	NULL	0	0	RUB	chunks/product_queries_details_BY_SEARCHES_ASC_C12R1.tsv
2271251938	1948085774	67	деревянное повеска для мужчин	BY_SEARCHES	ASCENDING	b2669e16-856e-4c05-b06b-49195a1c3faa	C12R1	52	0	NULL	NULL	NULL	0	0	RUB	chunks/product_queries_details_BY_SEARCHES_ASC_C12R1.tsv
2271251938	1948085774	67	брелок черный овен	BY_SEARCHES	ASCENDING	b2669e16-856e-4c05-b06b-49195a1c3faa	C12R1	53	0	NULL	NULL	NULL	0	0	RUB	chunks/product_queries_details_BY_SEARCHES_ASC_C12R1.tsv
2271251938	1948085774	67	подвеска в машину jdm на зеркало	BY_SEARCHES	ASCENDING	b2669e16-856e-4c05-b06b-49195a1c3faa	C12R1	54	0	NULL	NULL	NULL	0	0	RUB	chunks/product_queries_details_BY_SEARCHES_ASC_C12R1.tsv
2271251938	1948085774	67	на машину подвеска женская	BY_SEARCHES	ASCENDING	b2669e16-856e-4c05-b06b-49195a1c3faa	C12R1	55	0	NULL	NULL	NULL	0	0	RUB	chunks/product_queries_details_BY_SEARCHES_ASC_C12R1.tsv
2271251938	1948085774	67	брелок в машину на зеркало я свободен	BY_SEARCHES	ASCENDING	b2669e16-856e-4c05-b06b-49195a1c3faa	C12R1	56	0	NULL	NULL	NULL	0	0	RUB	chunks/product_queries_details_BY_SEARCHES_ASC_C12R1.tsv
2271251938	1948085774	67	оберег в кошелек овен	BY_SEARCHES	ASCENDING	b2669e16-856e-4c05-b06b-49195a1c3faa	C12R1	57	0	NULL	NULL	NULL	0	0	RUB	chunks/product_queries_details_BY_SEARCHES_ASC_C12R1.tsv
2271251938	1948085774	67	подвеска в машину на зеркало питбуль	BY_SEARCHES	ASCENDING	b2669e16-856e-4c05-b06b-49195a1c3faa	C12R1	58	0	NULL	NULL	NULL	0	0	RUB	chunks/product_queries_details_BY_SEARCHES_ASC_C12R1.tsv
2271251938	1948085774	67	автоподвеска мужска	BY_SEARCHES	ASCENDING	b2669e16-856e-4c05-b06b-49195a1c3faa	C12R1	59	0	NULL	NULL	NULL	0	0	RUB	chunks/product_queries_details_BY_SEARCHES_ASC_C12R1.tsv
2271251938	1948085774	67	дорожный знак в авто	BY_SEARCHES	ASCENDING	b2669e16-856e-4c05-b06b-49195a1c3faa	C12R1	60	0	NULL	NULL	NULL	0	0	RUB	chunks/product_queries_details_BY_SEARCHES_ASC_C12R1.tsv
2271275793	1948116414	70	в машину амулет	BY_SEARCHES	ASCENDING	b2669e16-856e-4c05-b06b-49195a1c3faa	C12R1	61	0	NULL	NULL	NULL	0	0	RUB	chunks/product_queries_details_BY_SEARCHES_ASC_C12R1.tsv
2271275793	1948116414	70	оберег мусульманский в машину в форме звезды	BY_SEARCHES	ASCENDING	b2669e16-856e-4c05-b06b-49195a1c3faa	C12R1	62	0	NULL	NULL	NULL	0	0	RUB	chunks/product_queries_details_BY_SEARCHES_ASC_C12R1.tsv
2271275793	1948116414	70	амулет черный подвеска	BY_SEARCHES	ASCENDING	b2669e16-856e-4c05-b06b-49195a1c3faa	C12R1	63	0	NULL	NULL	NULL	0	0	RUB	chunks/product_queries_details_BY_SEARCHES_ASC_C12R1.tsv
2271275793	1948116414	70	амулеты обереги и талисманы зеркалр	BY_SEARCHES	ASCENDING	b2669e16-856e-4c05-b06b-49195a1c3faa	C12R1	64	0	NULL	NULL	NULL	0	0	RUB	chunks/product_queries_details_BY_SEARCHES_ASC_C12R1.tsv
2271275793	1948116414	70	автоподвеска на зеркало авто для женщин	BY_SEARCHES	ASCENDING	b2669e16-856e-4c05-b06b-49195a1c3faa	C12R1	65	0	NULL	NULL	NULL	0	0	RUB	chunks/product_queries_details_BY_SEARCHES_ASC_C12R1.tsv
2271275793	1948116414	70	амулет скорпион на	BY_SEARCHES	ASCENDING	b2669e16-856e-4c05-b06b-49195a1c3faa	C12R1	66	0	NULL	NULL	NULL	0	0	RUB	chunks/product_queries_details_BY_SEARCHES_ASC_C12R1.tsv
2271275793	1948116414	70	домовенок в тележке оберег	BY_SEARCHES	ASCENDING	b2669e16-856e-4c05-b06b-49195a1c3faa	C12R1	67	0	NULL	NULL	NULL	0	0	RUB	chunks/product_queries_details_BY_SEARCHES_ASC_C12R1.tsv
2271275793	1948116414	70	бусина знак скорпион	BY_SEARCHES	ASCENDING	b2669e16-856e-4c05-b06b-49195a1c3faa	C12R1	68	0	NULL	NULL	NULL	0	0	RUB	chunks/product_queries_details_BY_SEARCHES_ASC_C12R1.tsv
2271275793	1948116414	70	брелок в машину на зеркало пушистики	BY_SEARCHES	ASCENDING	b2669e16-856e-4c05-b06b-49195a1c3faa	C12R1	69	0	NULL	NULL	NULL	0	0	RUB	chunks/product_queries_details_BY_SEARCHES_ASC_C12R1.tsv
2271275793	1948116414	70	автоподвеска мужска	BY_SEARCHES	ASCENDING	b2669e16-856e-4c05-b06b-49195a1c3faa	C12R1	70	0	NULL	NULL	NULL	0	0	RUB	chunks/product_queries_details_BY_SEARCHES_ASC_C12R1.tsv
2271275793	1948116414	70	оберег в машину на зеркало женский	BY_SEARCHES	ASCENDING	b2669e16-856e-4c05-b06b-49195a1c3faa	C12R1	71	0	NULL	NULL	NULL	0	0	RUB	chunks/product_queries_details_BY_SEARCHES_ASC_C12R1.tsv
2271275793	1948116414	70	дорожный знак в авто	BY_SEARCHES	ASCENDING	b2669e16-856e-4c05-b06b-49195a1c3faa	C12R1	72	0	NULL	NULL	NULL	0	0	RUB	chunks/product_queries_details_BY_SEARCHES_ASC_C12R1.tsv
2271275793	1948116414	70	бусы оберег	BY_SEARCHES	ASCENDING	b2669e16-856e-4c05-b06b-49195a1c3faa	C12R1	73	0	NULL	NULL	NULL	0	0	RUB	chunks/product_queries_details_BY_SEARCHES_ASC_C12R1.tsv
2271275793	1948116414	70	демон на машину подвеска на стекло маленькие	BY_SEARCHES	ASCENDING	b2669e16-856e-4c05-b06b-49195a1c3faa	C12R1	74	0	NULL	NULL	NULL	0	0	RUB	chunks/product_queries_details_BY_SEARCHES_ASC_C12R1.tsv
2271275793	1948116414	70	висючка в машину на зеркало люстра	BY_SEARCHES	ASCENDING	b2669e16-856e-4c05-b06b-49195a1c3faa	C12R1	75	0	NULL	NULL	NULL	0	0	RUB	chunks/product_queries_details_BY_SEARCHES_ASC_C12R1.tsv
2271285786	1948128035	71	антена на рроп стрелец	BY_SEARCHES	ASCENDING	b2669e16-856e-4c05-b06b-49195a1c3faa	C12R1	76	0	NULL	NULL	NULL	0	0	RUB	chunks/product_queries_details_BY_SEARCHES_ASC_C12R1.tsv
2271285786	1948128035	71	мешочек со смехом подвеска в машину	BY_SEARCHES	ASCENDING	b2669e16-856e-4c05-b06b-49195a1c3faa	C12R1	77	0	NULL	NULL	NULL	0	0	RUB	chunks/product_queries_details_BY_SEARCHES_ASC_C12R1.tsv
2271285786	1948128035	71	#подвеска_в_машину	BY_SEARCHES	ASCENDING	b2669e16-856e-4c05-b06b-49195a1c3faa	C12R1	78	0	NULL	NULL	NULL	0	0	RUB	chunks/product_queries_details_BY_SEARCHES_ASC_C12R1.tsv
2271285786	1948128035	71	кролик стрелец и	BY_SEARCHES	ASCENDING	b2669e16-856e-4c05-b06b-49195a1c3faa	C12R1	79	0	NULL	NULL	NULL	0	0	RUB	chunks/product_queries_details_BY_SEARCHES_ASC_C12R1.tsv
2271285786	1948128035	71	знак зодиака стрелец подвеска мужская в машину	BY_SEARCHES	ASCENDING	b2669e16-856e-4c05-b06b-49195a1c3faa	C12R1	80	0	NULL	NULL	NULL	0	0	RUB	chunks/product_queries_details_BY_SEARCHES_ASC_C12R1.tsv
2271285786	1948128035	71	знак новичок на машину смешно	BY_SEARCHES	ASCENDING	b2669e16-856e-4c05-b06b-49195a1c3faa	C12R1	81	0	NULL	NULL	NULL	0	0	RUB	chunks/product_queries_details_BY_SEARCHES_ASC_C12R1.tsv
2271285786	1948128035	71	знак задиака девы на торт	BY_SEARCHES	ASCENDING	b2669e16-856e-4c05-b06b-49195a1c3faa	C12R1	82	0	NULL	NULL	NULL	0	0	RUB	chunks/product_queries_details_BY_SEARCHES_ASC_C12R1.tsv
2271285786	1948128035	71	знак стрелец светодиодная в машину 99	BY_SEARCHES	ASCENDING	b2669e16-856e-4c05-b06b-49195a1c3faa	C12R1	83	0	NULL	NULL	NULL	0	0	RUB	chunks/product_queries_details_BY_SEARCHES_ASC_C12R1.tsv
2271285786	1948128035	71	календарь карманный знаки зодиака	BY_SEARCHES	ASCENDING	b2669e16-856e-4c05-b06b-49195a1c3faa	C12R1	84	0	NULL	NULL	NULL	0	0	RUB	chunks/product_queries_details_BY_SEARCHES_ASC_C12R1.tsv
2271285786	1948128035	71	амулеты обереги и талисманы зеркалр	BY_SEARCHES	ASCENDING	b2669e16-856e-4c05-b06b-49195a1c3faa	C12R1	85	0	NULL	NULL	NULL	0	0	RUB	chunks/product_queries_details_BY_SEARCHES_ASC_C12R1.tsv
2271285786	1948128035	71	машины с подвеской	BY_SEARCHES	ASCENDING	b2669e16-856e-4c05-b06b-49195a1c3faa	C12R1	86	0	NULL	NULL	NULL	0	0	RUB	chunks/product_queries_details_BY_SEARCHES_ASC_C12R1.tsv
2271285786	1948128035	71	защита для стрельца	BY_SEARCHES	ASCENDING	b2669e16-856e-4c05-b06b-49195a1c3faa	C12R1	87	0	NULL	NULL	NULL	0	0	RUB	chunks/product_queries_details_BY_SEARCHES_ASC_C12R1.tsv
2271285786	1948128035	71	"магазин ""стрелец"""	BY_SEARCHES	ASCENDING	b2669e16-856e-4c05-b06b-49195a1c3faa	C12R1	88	0	NULL	NULL	NULL	0	0	RUB	chunks/product_queries_details_BY_SEARCHES_ASC_C12R1.tsv
2271285786	1948128035	71	брелок в машину на зеркало пушистики	BY_SEARCHES	ASCENDING	b2669e16-856e-4c05-b06b-49195a1c3faa	C12R1	89	0	NULL	NULL	NULL	0	0	RUB	chunks/product_queries_details_BY_SEARCHES_ASC_C12R1.tsv
2271285786	1948128035	71	оберёг деревянный	BY_SEARCHES	ASCENDING	b2669e16-856e-4c05-b06b-49195a1c3faa	C12R1	90	0	NULL	NULL	NULL	0	0	RUB	chunks/product_queries_details_BY_SEARCHES_ASC_C12R1.tsv
1602715556	1082852354	3	зеркало	BY_SEARCHES	DESCENDING	2db65633-17c4-49a4-8d3b-2e8954c747b9	C01	1	23675	NULL	NULL	NULL	0	0	RUB	chunks/product_queries_details_BY_SEARCHES_DESC_C01.tsv
1602715556	1082852354	3	четки	BY_SEARCHES	DESCENDING	2db65633-17c4-49a4-8d3b-2e8954c747b9	C01	2	23227	NULL	NULL	NULL	0	0	RUB	chunks/product_queries_details_BY_SEARCHES_DESC_C01.tsv
1602715556	1082852354	3	четки в машину	BY_SEARCHES	DESCENDING	2db65633-17c4-49a4-8d3b-2e8954c747b9	C01	3	3534	NULL	NULL	NULL	0	0	RUB	chunks/product_queries_details_BY_SEARCHES_DESC_C01.tsv
1602715556	1082852354	3	подвеска в машину	BY_SEARCHES	DESCENDING	2db65633-17c4-49a4-8d3b-2e8954c747b9	C01	4	3171	NULL	NULL	NULL	0	0	RUB	chunks/product_queries_details_BY_SEARCHES_DESC_C01.tsv
1602715556	1082852354	3	самурай	BY_SEARCHES	DESCENDING	2db65633-17c4-49a4-8d3b-2e8954c747b9	C01	5	2260	NULL	NULL	NULL	0	0	RUB	chunks/product_queries_details_BY_SEARCHES_DESC_C01.tsv
1602715556	1082852354	3	коловрат	BY_SEARCHES	DESCENDING	2db65633-17c4-49a4-8d3b-2e8954c747b9	C01	6	1707	NULL	NULL	NULL	0	0	RUB	chunks/product_queries_details_BY_SEARCHES_DESC_C01.tsv
1602715556	1082852354	3	подвеска в машину на зеркало	BY_SEARCHES	DESCENDING	2db65633-17c4-49a4-8d3b-2e8954c747b9	C01	7	1560	NULL	NULL	NULL	0	0	RUB	chunks/product_queries_details_BY_SEARCHES_DESC_C01.tsv
1602715556	1082852354	3	подвеска на зеркало в машину	BY_SEARCHES	DESCENDING	2db65633-17c4-49a4-8d3b-2e8954c747b9	C01	8	1288	NULL	NULL	NULL	0	0	RUB	chunks/product_queries_details_BY_SEARCHES_DESC_C01.tsv
1602715556	1082852354	3	чётки	BY_SEARCHES	DESCENDING	2db65633-17c4-49a4-8d3b-2e8954c747b9	C01	9	1155	NULL	NULL	NULL	0	0	RUB	chunks/product_queries_details_BY_SEARCHES_DESC_C01.tsv
1602715556	1082852354	3	четки в машину на зеркало	BY_SEARCHES	DESCENDING	2db65633-17c4-49a4-8d3b-2e8954c747b9	C01	10	662	NULL	NULL	NULL	0	0	RUB	chunks/product_queries_details_BY_SEARCHES_DESC_C01.tsv
1602715556	1082852354	3	оберег в машину	BY_SEARCHES	DESCENDING	2db65633-17c4-49a4-8d3b-2e8954c747b9	C01	11	516	NULL	NULL	NULL	0	0	RUB	chunks/product_queries_details_BY_SEARCHES_DESC_C01.tsv
1602715556	1082852354	3	талисман	BY_SEARCHES	DESCENDING	2db65633-17c4-49a4-8d3b-2e8954c747b9	C01	12	510	NULL	NULL	NULL	0	0	RUB	chunks/product_queries_details_BY_SEARCHES_DESC_C01.tsv
1602715556	1082852354	3	четки в автомобиль	BY_SEARCHES	DESCENDING	2db65633-17c4-49a4-8d3b-2e8954c747b9	C01	13	370	NULL	NULL	NULL	0	0	RUB	chunks/product_queries_details_BY_SEARCHES_DESC_C01.tsv
1602715556	1082852354	3	коловрат подвеска	BY_SEARCHES	DESCENDING	2db65633-17c4-49a4-8d3b-2e8954c747b9	C01	14	250	NULL	NULL	NULL	0	0	RUB	chunks/product_queries_details_BY_SEARCHES_DESC_C01.tsv
1602715556	1082852354	3	четки на зеркало в машину	BY_SEARCHES	DESCENDING	2db65633-17c4-49a4-8d3b-2e8954c747b9	C01	15	221	NULL	NULL	NULL	0	0	RUB	chunks/product_queries_details_BY_SEARCHES_DESC_C01.tsv
1602717077	1082855228	4	набор	BY_SEARCHES	DESCENDING	2db65633-17c4-49a4-8d3b-2e8954c747b9	C01	16	10784	NULL	NULL	NULL	0	0	RUB	chunks/product_queries_details_BY_SEARCHES_DESC_C01.tsv
1602717077	1082855228	4	зеркало	BY_SEARCHES	DESCENDING	2db65633-17c4-49a4-8d3b-2e8954c747b9	C01	17	6856	NULL	NULL	NULL	0	0	RUB	chunks/product_queries_details_BY_SEARCHES_DESC_C01.tsv
1602717077	1082855228	4	шлем	BY_SEARCHES	DESCENDING	2db65633-17c4-49a4-8d3b-2e8954c747b9	C01	18	6233	NULL	NULL	NULL	0	0	RUB	chunks/product_queries_details_BY_SEARCHES_DESC_C01.tsv
1602717077	1082855228	4	руны	BY_SEARCHES	DESCENDING	2db65633-17c4-49a4-8d3b-2e8954c747b9	C01	19	4956	NULL	NULL	NULL	0	0	RUB	chunks/product_queries_details_BY_SEARCHES_DESC_C01.tsv
1602717077	1082855228	4	подвеска в машину	BY_SEARCHES	DESCENDING	2db65633-17c4-49a4-8d3b-2e8954c747b9	C01	20	3171	NULL	NULL	NULL	0	0	RUB	chunks/product_queries_details_BY_SEARCHES_DESC_C01.tsv
1602717077	1082855228	4	амулет	BY_SEARCHES	DESCENDING	2db65633-17c4-49a4-8d3b-2e8954c747b9	C01	21	1355	NULL	NULL	NULL	0	0	RUB	chunks/product_queries_details_BY_SEARCHES_DESC_C01.tsv
1602717077	1082855228	4	подвеска на зеркало в машину	BY_SEARCHES	DESCENDING	2db65633-17c4-49a4-8d3b-2e8954c747b9	C01	22	1288	NULL	NULL	NULL	0	0	RUB	chunks/product_queries_details_BY_SEARCHES_DESC_C01.tsv
1602717077	1082855228	4	оберег в машину	BY_SEARCHES	DESCENDING	2db65633-17c4-49a4-8d3b-2e8954c747b9	C01	23	885	NULL	NULL	NULL	0	0	RUB	chunks/product_queries_details_BY_SEARCHES_DESC_C01.tsv
1602717077	1082855228	4	амулеты обереги и талисманы	BY_SEARCHES	DESCENDING	2db65633-17c4-49a4-8d3b-2e8954c747b9	C01	24	422	NULL	NULL	NULL	0	0	RUB	chunks/product_queries_details_BY_SEARCHES_DESC_C01.tsv
1602717077	1082855228	4	шлем ужаса	BY_SEARCHES	DESCENDING	2db65633-17c4-49a4-8d3b-2e8954c747b9	C01	25	267	NULL	NULL	NULL	0	0	RUB	chunks/product_queries_details_BY_SEARCHES_DESC_C01.tsv
1602717077	1082855228	4	талисман	BY_SEARCHES	DESCENDING	2db65633-17c4-49a4-8d3b-2e8954c747b9	C01	26	207	NULL	NULL	NULL	0	0	RUB	chunks/product_queries_details_BY_SEARCHES_DESC_C01.tsv
1602717077	1082855228	4	амулеты обереги	BY_SEARCHES	DESCENDING	2db65633-17c4-49a4-8d3b-2e8954c747b9	C01	27	179	NULL	NULL	NULL	0	0	RUB	chunks/product_queries_details_BY_SEARCHES_DESC_C01.tsv
1602717077	1082855228	4	талисманы и обереги	BY_SEARCHES	DESCENDING	2db65633-17c4-49a4-8d3b-2e8954c747b9	C01	28	146	NULL	NULL	NULL	0	0	RUB	chunks/product_queries_details_BY_SEARCHES_DESC_C01.tsv
1602717077	1082855228	4	амулеты	BY_SEARCHES	DESCENDING	2db65633-17c4-49a4-8d3b-2e8954c747b9	C01	29	139	NULL	NULL	NULL	0	0	RUB	chunks/product_queries_details_BY_SEARCHES_DESC_C01.tsv
1602717077	1082855228	4	обереги	BY_SEARCHES	DESCENDING	2db65633-17c4-49a4-8d3b-2e8954c747b9	C01	30	127	NULL	NULL	NULL	0	0	RUB	chunks/product_queries_details_BY_SEARCHES_DESC_C01.tsv
1602722942	1082862005	5	зеркало	BY_SEARCHES	DESCENDING	2db65633-17c4-49a4-8d3b-2e8954c747b9	C01	31	8794	NULL	NULL	NULL	0	0	RUB	chunks/product_queries_details_BY_SEARCHES_DESC_C01.tsv
1602722942	1082862005	5	руны	BY_SEARCHES	DESCENDING	2db65633-17c4-49a4-8d3b-2e8954c747b9	C01	32	5189	NULL	NULL	NULL	0	0	RUB	chunks/product_queries_details_BY_SEARCHES_DESC_C01.tsv
1602722942	1082862005	5	оберег	BY_SEARCHES	DESCENDING	2db65633-17c4-49a4-8d3b-2e8954c747b9	C01	33	3574	NULL	NULL	NULL	0	0	RUB	chunks/product_queries_details_BY_SEARCHES_DESC_C01.tsv
1602722942	1082862005	5	подвеска в машину	BY_SEARCHES	DESCENDING	2db65633-17c4-49a4-8d3b-2e8954c747b9	C01	34	3171	NULL	NULL	NULL	0	0	RUB	chunks/product_queries_details_BY_SEARCHES_DESC_C01.tsv
1602722942	1082862005	5	амулет	BY_SEARCHES	DESCENDING	2db65633-17c4-49a4-8d3b-2e8954c747b9	C01	35	3070	NULL	NULL	NULL	0	0	RUB	chunks/product_queries_details_BY_SEARCHES_DESC_C01.tsv
1602722942	1082862005	5	оберег от сглаза и порчи	BY_SEARCHES	DESCENDING	2db65633-17c4-49a4-8d3b-2e8954c747b9	C01	36	1968	NULL	NULL	NULL	0	0	RUB	chunks/product_queries_details_BY_SEARCHES_DESC_C01.tsv
1602722942	1082862005	5	коловрат	BY_SEARCHES	DESCENDING	2db65633-17c4-49a4-8d3b-2e8954c747b9	C01	37	1932	NULL	NULL	NULL	0	0	RUB	chunks/product_queries_details_BY_SEARCHES_DESC_C01.tsv
1602722942	1082862005	5	подвеска в машину на зеркало	BY_SEARCHES	DESCENDING	2db65633-17c4-49a4-8d3b-2e8954c747b9	C01	38	1560	NULL	NULL	NULL	0	0	RUB	chunks/product_queries_details_BY_SEARCHES_DESC_C01.tsv
1602722942	1082862005	5	подвеска на зеркало в машину	BY_SEARCHES	DESCENDING	2db65633-17c4-49a4-8d3b-2e8954c747b9	C01	39	1288	NULL	NULL	NULL	0	0	RUB	chunks/product_queries_details_BY_SEARCHES_DESC_C01.tsv
1602722942	1082862005	5	оберег в машину	BY_SEARCHES	DESCENDING	2db65633-17c4-49a4-8d3b-2e8954c747b9	C01	40	1190	NULL	NULL	NULL	0	1089	RUB	chunks/product_queries_details_BY_SEARCHES_DESC_C01.tsv
1602722942	1082862005	5	в машину	BY_SEARCHES	DESCENDING	2db65633-17c4-49a4-8d3b-2e8954c747b9	C01	41	1159	NULL	NULL	NULL	0	0	RUB	chunks/product_queries_details_BY_SEARCHES_DESC_C01.tsv
1602722942	1082862005	5	славянские обереги	BY_SEARCHES	DESCENDING	2db65633-17c4-49a4-8d3b-2e8954c747b9	C01	42	1109	NULL	NULL	NULL	0	0	RUB	chunks/product_queries_details_BY_SEARCHES_DESC_C01.tsv
1602722942	1082862005	5	амулеты обереги и талисманы	BY_SEARCHES	DESCENDING	2db65633-17c4-49a4-8d3b-2e8954c747b9	C01	43	833	NULL	NULL	NULL	0	0	RUB	chunks/product_queries_details_BY_SEARCHES_DESC_C01.tsv
1602722942	1082862005	5	четки в машину	BY_SEARCHES	DESCENDING	2db65633-17c4-49a4-8d3b-2e8954c747b9	C01	44	772	NULL	NULL	NULL	0	0	RUB	chunks/product_queries_details_BY_SEARCHES_DESC_C01.tsv
1602722942	1082862005	5	талисман	BY_SEARCHES	DESCENDING	2db65633-17c4-49a4-8d3b-2e8954c747b9	C01	45	672	NULL	NULL	NULL	0	0	RUB	chunks/product_queries_details_BY_SEARCHES_DESC_C01.tsv
1611643847	1092556350	6	подвеска в машину	BY_SEARCHES	DESCENDING	2db65633-17c4-49a4-8d3b-2e8954c747b9	C01	46	3171	NULL	NULL	NULL	0	0	RUB	chunks/product_queries_details_BY_SEARCHES_DESC_C01.tsv
1611643847	1092556350	6	подвеска	BY_SEARCHES	DESCENDING	2db65633-17c4-49a4-8d3b-2e8954c747b9	C01	47	2492	NULL	NULL	NULL	0	0	RUB	chunks/product_queries_details_BY_SEARCHES_DESC_C01.tsv
1611643847	1092556350	6	копье	BY_SEARCHES	DESCENDING	2db65633-17c4-49a4-8d3b-2e8954c747b9	C01	48	1388	NULL	NULL	NULL	0	0	RUB	chunks/product_queries_details_BY_SEARCHES_DESC_C01.tsv
1611643847	1092556350	6	руны	BY_SEARCHES	DESCENDING	2db65633-17c4-49a4-8d3b-2e8954c747b9	C01	49	1194	NULL	NULL	NULL	0	0	RUB	chunks/product_queries_details_BY_SEARCHES_DESC_C01.tsv
1611643847	1092556350	6	подвеска на зеркало в машину	BY_SEARCHES	DESCENDING	2db65633-17c4-49a4-8d3b-2e8954c747b9	C01	50	1063	NULL	NULL	NULL	0	0	RUB	chunks/product_queries_details_BY_SEARCHES_DESC_C01.tsv
1611643847	1092556350	6	lol	BY_SEARCHES	DESCENDING	2db65633-17c4-49a4-8d3b-2e8954c747b9	C01	51	380	NULL	NULL	NULL	0	0	RUB	chunks/product_queries_details_BY_SEARCHES_DESC_C01.tsv
1611643847	1092556350	6	оберег от сглаза и порчи	BY_SEARCHES	DESCENDING	2db65633-17c4-49a4-8d3b-2e8954c747b9	C01	52	366	NULL	NULL	NULL	0	0	RUB	chunks/product_queries_details_BY_SEARCHES_DESC_C01.tsv
1611643847	1092556350	6	оберег в машину	BY_SEARCHES	DESCENDING	2db65633-17c4-49a4-8d3b-2e8954c747b9	C01	53	337	NULL	NULL	NULL	0	0	RUB	chunks/product_queries_details_BY_SEARCHES_DESC_C01.tsv
1611643847	1092556350	6	копьё	BY_SEARCHES	DESCENDING	2db65633-17c4-49a4-8d3b-2e8954c747b9	C01	54	330	NULL	NULL	NULL	0	0	RUB	chunks/product_queries_details_BY_SEARCHES_DESC_C01.tsv
1611643847	1092556350	6	от сглаза	BY_SEARCHES	DESCENDING	2db65633-17c4-49a4-8d3b-2e8954c747b9	C01	55	228	NULL	NULL	NULL	0	0	RUB	chunks/product_queries_details_BY_SEARCHES_DESC_C01.tsv
1611643847	1092556350	6	амулеты обереги и талисманы	BY_SEARCHES	DESCENDING	2db65633-17c4-49a4-8d3b-2e8954c747b9	C01	56	217	NULL	NULL	NULL	0	0	RUB	chunks/product_queries_details_BY_SEARCHES_DESC_C01.tsv
1611643847	1092556350	6	оберег	BY_SEARCHES	DESCENDING	2db65633-17c4-49a4-8d3b-2e8954c747b9	C01	57	184	NULL	NULL	NULL	0	0	RUB	chunks/product_queries_details_BY_SEARCHES_DESC_C01.tsv
1611643847	1092556350	6	валькнут	BY_SEARCHES	DESCENDING	2db65633-17c4-49a4-8d3b-2e8954c747b9	C01	58	168	NULL	NULL	NULL	0	0	RUB	chunks/product_queries_details_BY_SEARCHES_DESC_C01.tsv
1611643847	1092556350	6	четки в машину	BY_SEARCHES	DESCENDING	2db65633-17c4-49a4-8d3b-2e8954c747b9	C01	59	137	NULL	NULL	NULL	0	0	RUB	chunks/product_queries_details_BY_SEARCHES_DESC_C01.tsv
1611643847	1092556350	6	сила	BY_SEARCHES	DESCENDING	2db65633-17c4-49a4-8d3b-2e8954c747b9	C01	60	108	NULL	NULL	NULL	0	0	RUB	chunks/product_queries_details_BY_SEARCHES_DESC_C01.tsv
1629493686	1112665646	9	четки	BY_SEARCHES	DESCENDING	fc4bb8f5-784c-40c2-afe2-d72c86364df2	C02	1	12640	NULL	NULL	NULL	0	0	RUB	chunks/product_queries_details_BY_SEARCHES_DESC_C02.tsv
1629493686	1112665646	9	зеркало	BY_SEARCHES	DESCENDING	fc4bb8f5-784c-40c2-afe2-d72c86364df2	C02	2	7498	NULL	NULL	NULL	0	0	RUB	chunks/product_queries_details_BY_SEARCHES_DESC_C02.tsv
1629493686	1112665646	9	подвеска в машину	BY_SEARCHES	DESCENDING	fc4bb8f5-784c-40c2-afe2-d72c86364df2	C02	3	6856	NULL	NULL	NULL	0	0	RUB	chunks/product_queries_details_BY_SEARCHES_DESC_C02.tsv
1629493686	1112665646	9	подвеска в машину на зеркало	BY_SEARCHES	DESCENDING	fc4bb8f5-784c-40c2-afe2-d72c86364df2	C02	4	1354	NULL	NULL	NULL	0	0	RUB	chunks/product_queries_details_BY_SEARCHES_DESC_C02.tsv
1629493686	1112665646	9	четки в машину	BY_SEARCHES	DESCENDING	fc4bb8f5-784c-40c2-afe2-d72c86364df2	C02	5	1155	NULL	NULL	NULL	0	0	RUB	chunks/product_queries_details_BY_SEARCHES_DESC_C02.tsv
1629493686	1112665646	9	подвеска на зеркало в машину	BY_SEARCHES	DESCENDING	fc4bb8f5-784c-40c2-afe2-d72c86364df2	C02	6	880	NULL	NULL	NULL	0	0	RUB	chunks/product_queries_details_BY_SEARCHES_DESC_C02.tsv
1629493686	1112665646	9	четки в автомобиль	BY_SEARCHES	DESCENDING	fc4bb8f5-784c-40c2-afe2-d72c86364df2	C02	7	344	NULL	NULL	NULL	0	0	RUB	chunks/product_queries_details_BY_SEARCHES_DESC_C02.tsv
1629493686	1112665646	9	подвеска в автомобиль на зеркало	BY_SEARCHES	DESCENDING	fc4bb8f5-784c-40c2-afe2-d72c86364df2	C02	8	325	NULL	NULL	NULL	0	0	RUB	chunks/product_queries_details_BY_SEARCHES_DESC_C02.tsv
1629493686	1112665646	9	чётки	BY_SEARCHES	DESCENDING	fc4bb8f5-784c-40c2-afe2-d72c86364df2	C02	9	259	NULL	NULL	NULL	0	0	RUB	chunks/product_queries_details_BY_SEARCHES_DESC_C02.tsv
1629493686	1112665646	9	коловрат подвеска	BY_SEARCHES	DESCENDING	fc4bb8f5-784c-40c2-afe2-d72c86364df2	C02	10	188	NULL	NULL	NULL	0	0	RUB	chunks/product_queries_details_BY_SEARCHES_DESC_C02.tsv
1629493686	1112665646	9	четки в машину на зеркало	BY_SEARCHES	DESCENDING	fc4bb8f5-784c-40c2-afe2-d72c86364df2	C02	11	178	NULL	NULL	NULL	0	0	RUB	chunks/product_queries_details_BY_SEARCHES_DESC_C02.tsv
1629493686	1112665646	9	оберег в машину	BY_SEARCHES	DESCENDING	fc4bb8f5-784c-40c2-afe2-d72c86364df2	C02	12	142	NULL	NULL	NULL	0	0	RUB	chunks/product_queries_details_BY_SEARCHES_DESC_C02.tsv
1629493686	1112665646	9	талисман	BY_SEARCHES	DESCENDING	fc4bb8f5-784c-40c2-afe2-d72c86364df2	C02	13	109	NULL	NULL	NULL	0	0	RUB	chunks/product_queries_details_BY_SEARCHES_DESC_C02.tsv
1629493686	1112665646	9	подвеска в автомобиль	BY_SEARCHES	DESCENDING	fc4bb8f5-784c-40c2-afe2-d72c86364df2	C02	14	94	NULL	NULL	NULL	0	0	RUB	chunks/product_queries_details_BY_SEARCHES_DESC_C02.tsv
1629493686	1112665646	9	брелок в машину на зеркало	BY_SEARCHES	DESCENDING	fc4bb8f5-784c-40c2-afe2-d72c86364df2	C02	15	92	NULL	NULL	NULL	0	0	RUB	chunks/product_queries_details_BY_SEARCHES_DESC_C02.tsv
1623753672	1106060257	8	набор	BY_SEARCHES	DESCENDING	fc4bb8f5-784c-40c2-afe2-d72c86364df2	C02	16	10271	NULL	NULL	NULL	0	0	RUB	chunks/product_queries_details_BY_SEARCHES_DESC_C02.tsv
1623753672	1106060257	8	подвеска в машину	BY_SEARCHES	DESCENDING	fc4bb8f5-784c-40c2-afe2-d72c86364df2	C02	17	3171	NULL	NULL	NULL	0	0	RUB	chunks/product_queries_details_BY_SEARCHES_DESC_C02.tsv
1623753672	1106060257	8	набор для творчества	BY_SEARCHES	DESCENDING	fc4bb8f5-784c-40c2-afe2-d72c86364df2	C02	18	1177	NULL	NULL	NULL	0	0	RUB	chunks/product_queries_details_BY_SEARCHES_DESC_C02.tsv
1623753672	1106060257	8	подвеска на зеркало в машину	BY_SEARCHES	DESCENDING	fc4bb8f5-784c-40c2-afe2-d72c86364df2	C02	19	1125	NULL	NULL	NULL	0	0	RUB	chunks/product_queries_details_BY_SEARCHES_DESC_C02.tsv
1623753672	1106060257	8	подвеска в машину на зеркало	BY_SEARCHES	DESCENDING	fc4bb8f5-784c-40c2-afe2-d72c86364df2	C02	20	870	NULL	NULL	NULL	0	0	RUB	chunks/product_queries_details_BY_SEARCHES_DESC_C02.tsv
1623753672	1106060257	8	набор автомобилиста	BY_SEARCHES	DESCENDING	fc4bb8f5-784c-40c2-afe2-d72c86364df2	C02	21	737	NULL	NULL	NULL	0	0	RUB	chunks/product_queries_details_BY_SEARCHES_DESC_C02.tsv
1623753672	1106060257	8	оберег в машину	BY_SEARCHES	DESCENDING	fc4bb8f5-784c-40c2-afe2-d72c86364df2	C02	22	735	NULL	NULL	NULL	0	907	RUB	chunks/product_queries_details_BY_SEARCHES_DESC_C02.tsv
1623753672	1106060257	8	древо жизни	BY_SEARCHES	DESCENDING	fc4bb8f5-784c-40c2-afe2-d72c86364df2	C02	23	658	NULL	NULL	NULL	0	0	RUB	chunks/product_queries_details_BY_SEARCHES_DESC_C02.tsv
1623753672	1106060257	8	крона	BY_SEARCHES	DESCENDING	fc4bb8f5-784c-40c2-afe2-d72c86364df2	C02	24	522	NULL	NULL	NULL	0	0	RUB	chunks/product_queries_details_BY_SEARCHES_DESC_C02.tsv
1623753672	1106060257	8	дерево жизни	BY_SEARCHES	DESCENDING	fc4bb8f5-784c-40c2-afe2-d72c86364df2	C02	25	375	NULL	NULL	NULL	0	0	RUB	chunks/product_queries_details_BY_SEARCHES_DESC_C02.tsv
1623753672	1106060257	8	амулеты обереги и талисманы	BY_SEARCHES	DESCENDING	fc4bb8f5-784c-40c2-afe2-d72c86364df2	C02	26	322	NULL	NULL	NULL	0	0	RUB	chunks/product_queries_details_BY_SEARCHES_DESC_C02.tsv
1623753672	1106060257	8	валькнут	BY_SEARCHES	DESCENDING	fc4bb8f5-784c-40c2-afe2-d72c86364df2	C02	27	272	NULL	NULL	NULL	0	0	RUB	chunks/product_queries_details_BY_SEARCHES_DESC_C02.tsv
1623753672	1106060257	8	крест в машину на зеркало	BY_SEARCHES	DESCENDING	fc4bb8f5-784c-40c2-afe2-d72c86364df2	C02	28	234	NULL	NULL	NULL	0	0	RUB	chunks/product_queries_details_BY_SEARCHES_DESC_C02.tsv
1623753672	1106060257	8	руны	BY_SEARCHES	DESCENDING	fc4bb8f5-784c-40c2-afe2-d72c86364df2	C02	29	201	NULL	NULL	NULL	0	0	RUB	chunks/product_queries_details_BY_SEARCHES_DESC_C02.tsv
1623753672	1106060257	8	талисман	BY_SEARCHES	DESCENDING	fc4bb8f5-784c-40c2-afe2-d72c86364df2	C02	30	187	NULL	NULL	NULL	0	0	RUB	chunks/product_queries_details_BY_SEARCHES_DESC_C02.tsv
1629553898	1112723580	10	зеркало	BY_SEARCHES	DESCENDING	fc4bb8f5-784c-40c2-afe2-d72c86364df2	C02	31	7498	NULL	NULL	NULL	0	0	RUB	chunks/product_queries_details_BY_SEARCHES_DESC_C02.tsv
1629553898	1112723580	10	подвеска в машину	BY_SEARCHES	DESCENDING	fc4bb8f5-784c-40c2-afe2-d72c86364df2	C02	32	7092	NULL	NULL	NULL	0	0	RUB	chunks/product_queries_details_BY_SEARCHES_DESC_C02.tsv
1629553898	1112723580	10	четки в машину	BY_SEARCHES	DESCENDING	fc4bb8f5-784c-40c2-afe2-d72c86364df2	C02	33	2752	NULL	NULL	NULL	0	0	RUB	chunks/product_queries_details_BY_SEARCHES_DESC_C02.tsv
1629553898	1112723580	10	подвеска в машину на зеркало	BY_SEARCHES	DESCENDING	fc4bb8f5-784c-40c2-afe2-d72c86364df2	C02	34	1289	NULL	NULL	NULL	0	0	RUB	chunks/product_queries_details_BY_SEARCHES_DESC_C02.tsv
1629553898	1112723580	10	подвеска на зеркало в машину	BY_SEARCHES	DESCENDING	fc4bb8f5-784c-40c2-afe2-d72c86364df2	C02	35	1261	NULL	NULL	NULL	0	0	RUB	chunks/product_queries_details_BY_SEARCHES_DESC_C02.tsv
1629553898	1112723580	10	оберег	BY_SEARCHES	DESCENDING	fc4bb8f5-784c-40c2-afe2-d72c86364df2	C02	36	939	NULL	NULL	NULL	0	0	RUB	chunks/product_queries_details_BY_SEARCHES_DESC_C02.tsv
1629553898	1112723580	10	инь янь	BY_SEARCHES	DESCENDING	fc4bb8f5-784c-40c2-afe2-d72c86364df2	C02	37	552	NULL	NULL	NULL	0	0	RUB	chunks/product_queries_details_BY_SEARCHES_DESC_C02.tsv
1629553898	1112723580	10	оберег в машину	BY_SEARCHES	DESCENDING	fc4bb8f5-784c-40c2-afe2-d72c86364df2	C02	38	482	NULL	NULL	NULL	0	0	RUB	chunks/product_queries_details_BY_SEARCHES_DESC_C02.tsv
1629553898	1112723580	10	мусульманский оберег	BY_SEARCHES	DESCENDING	fc4bb8f5-784c-40c2-afe2-d72c86364df2	C02	39	406	NULL	NULL	NULL	0	0	RUB	chunks/product_queries_details_BY_SEARCHES_DESC_C02.tsv
1629553898	1112723580	10	подвеска в автомобиль	BY_SEARCHES	DESCENDING	fc4bb8f5-784c-40c2-afe2-d72c86364df2	C02	40	369	NULL	NULL	NULL	0	0	RUB	chunks/product_queries_details_BY_SEARCHES_DESC_C02.tsv
1629553898	1112723580	10	амулеты обереги и талисманы	BY_SEARCHES	DESCENDING	fc4bb8f5-784c-40c2-afe2-d72c86364df2	C02	41	276	NULL	NULL	NULL	0	0	RUB	chunks/product_queries_details_BY_SEARCHES_DESC_C02.tsv
1629553898	1112723580	10	подвеска в автомобиль на зеркало	BY_SEARCHES	DESCENDING	fc4bb8f5-784c-40c2-afe2-d72c86364df2	C02	42	254	NULL	NULL	NULL	0	0	RUB	chunks/product_queries_details_BY_SEARCHES_DESC_C02.tsv
1629553898	1112723580	10	четки в автомобиль	BY_SEARCHES	DESCENDING	fc4bb8f5-784c-40c2-afe2-d72c86364df2	C02	43	178	NULL	NULL	NULL	0	0	RUB	chunks/product_queries_details_BY_SEARCHES_DESC_C02.tsv
1629553898	1112723580	10	четки в машину на зеркало	BY_SEARCHES	DESCENDING	fc4bb8f5-784c-40c2-afe2-d72c86364df2	C02	44	137	NULL	NULL	NULL	0	0	RUB	chunks/product_queries_details_BY_SEARCHES_DESC_C02.tsv
1629553898	1112723580	10	инь ян	BY_SEARCHES	DESCENDING	fc4bb8f5-784c-40c2-afe2-d72c86364df2	C02	45	98	NULL	NULL	NULL	0	0	RUB	chunks/product_queries_details_BY_SEARCHES_DESC_C02.tsv
1630040194	1113288401	12	подвеска в машину	BY_SEARCHES	DESCENDING	fc4bb8f5-784c-40c2-afe2-d72c86364df2	C02	46	3171	NULL	NULL	NULL	0	0	RUB	chunks/product_queries_details_BY_SEARCHES_DESC_C02.tsv
1630040194	1113288401	12	оберег	BY_SEARCHES	DESCENDING	fc4bb8f5-784c-40c2-afe2-d72c86364df2	C02	47	2055	NULL	NULL	NULL	0	0	RUB	chunks/product_queries_details_BY_SEARCHES_DESC_C02.tsv
1630040194	1113288401	12	подвеска на зеркало в машину	BY_SEARCHES	DESCENDING	fc4bb8f5-784c-40c2-afe2-d72c86364df2	C02	48	1288	NULL	NULL	NULL	0	0	RUB	chunks/product_queries_details_BY_SEARCHES_DESC_C02.tsv
1630040194	1113288401	12	амулет	BY_SEARCHES	DESCENDING	fc4bb8f5-784c-40c2-afe2-d72c86364df2	C02	49	979	NULL	NULL	NULL	0	0	RUB	chunks/product_queries_details_BY_SEARCHES_DESC_C02.tsv
1630040194	1113288401	12	славянские обереги	BY_SEARCHES	DESCENDING	fc4bb8f5-784c-40c2-afe2-d72c86364df2	C02	50	846	NULL	NULL	NULL	0	0	RUB	chunks/product_queries_details_BY_SEARCHES_DESC_C02.tsv
1630040194	1113288401	12	оберег от сглаза и порчи	BY_SEARCHES	DESCENDING	fc4bb8f5-784c-40c2-afe2-d72c86364df2	C02	51	686	NULL	NULL	NULL	0	0	RUB	chunks/product_queries_details_BY_SEARCHES_DESC_C02.tsv
1630040194	1113288401	12	оберег в машину	BY_SEARCHES	DESCENDING	fc4bb8f5-784c-40c2-afe2-d72c86364df2	C02	52	351	NULL	NULL	NULL	0	0	RUB	chunks/product_queries_details_BY_SEARCHES_DESC_C02.tsv
1630040194	1113288401	12	славянские украшения	BY_SEARCHES	DESCENDING	fc4bb8f5-784c-40c2-afe2-d72c86364df2	C02	53	322	NULL	NULL	NULL	0	0	RUB	chunks/product_queries_details_BY_SEARCHES_DESC_C02.tsv
1630040194	1113288401	12	амулеты обереги и талисманы	BY_SEARCHES	DESCENDING	fc4bb8f5-784c-40c2-afe2-d72c86364df2	C02	54	293	NULL	NULL	NULL	0	0	RUB	chunks/product_queries_details_BY_SEARCHES_DESC_C02.tsv
1630040194	1113288401	12	славянский оберег	BY_SEARCHES	DESCENDING	fc4bb8f5-784c-40c2-afe2-d72c86364df2	C02	55	220	NULL	NULL	NULL	0	0	RUB	chunks/product_queries_details_BY_SEARCHES_DESC_C02.tsv
1630040194	1113288401	12	славянские обереги мужские	BY_SEARCHES	DESCENDING	fc4bb8f5-784c-40c2-afe2-d72c86364df2	C02	56	213	NULL	NULL	NULL	0	0	RUB	chunks/product_queries_details_BY_SEARCHES_DESC_C02.tsv
1630040194	1113288401	12	подвеска от сглаза	BY_SEARCHES	DESCENDING	fc4bb8f5-784c-40c2-afe2-d72c86364df2	C02	57	203	NULL	NULL	NULL	0	0	RUB	chunks/product_queries_details_BY_SEARCHES_DESC_C02.tsv
1630040194	1113288401	12	сварог оберег	BY_SEARCHES	DESCENDING	fc4bb8f5-784c-40c2-afe2-d72c86364df2	C02	58	177	NULL	NULL	NULL	0	0	RUB	chunks/product_queries_details_BY_SEARCHES_DESC_C02.tsv
1630040194	1113288401	12	обереги	BY_SEARCHES	DESCENDING	fc4bb8f5-784c-40c2-afe2-d72c86364df2	C02	59	173	NULL	NULL	NULL	0	0	RUB	chunks/product_queries_details_BY_SEARCHES_DESC_C02.tsv
1630040194	1113288401	12	чернобог	BY_SEARCHES	DESCENDING	fc4bb8f5-784c-40c2-afe2-d72c86364df2	C02	60	141	NULL	NULL	NULL	0	0	RUB	chunks/product_queries_details_BY_SEARCHES_DESC_C02.tsv
1611695246	1092558299	7	подвеска в машину	BY_SEARCHES	DESCENDING	fc4bb8f5-784c-40c2-afe2-d72c86364df2	C02	61	2943	NULL	NULL	NULL	0	0	RUB	chunks/product_queries_details_BY_SEARCHES_DESC_C02.tsv
1611695246	1092558299	7	набор ключей для автомобиля	BY_SEARCHES	DESCENDING	fc4bb8f5-784c-40c2-afe2-d72c86364df2	C02	62	2868	NULL	NULL	NULL	0	0	RUB	chunks/product_queries_details_BY_SEARCHES_DESC_C02.tsv
1611695246	1092558299	7	подвеска на зеркало в машину	BY_SEARCHES	DESCENDING	fc4bb8f5-784c-40c2-afe2-d72c86364df2	C02	63	992	NULL	NULL	NULL	0	0	RUB	chunks/product_queries_details_BY_SEARCHES_DESC_C02.tsv
1611695246	1092558299	7	набор автомобилиста	BY_SEARCHES	DESCENDING	fc4bb8f5-784c-40c2-afe2-d72c86364df2	C02	64	737	NULL	NULL	NULL	0	0	RUB	chunks/product_queries_details_BY_SEARCHES_DESC_C02.tsv
1611695246	1092558299	7	славянские обереги	BY_SEARCHES	DESCENDING	fc4bb8f5-784c-40c2-afe2-d72c86364df2	C02	65	534	NULL	NULL	NULL	0	0	RUB	chunks/product_queries_details_BY_SEARCHES_DESC_C02.tsv
1611695246	1092558299	7	талисман	BY_SEARCHES	DESCENDING	fc4bb8f5-784c-40c2-afe2-d72c86364df2	C02	66	296	NULL	NULL	NULL	0	0	RUB	chunks/product_queries_details_BY_SEARCHES_DESC_C02.tsv
1611695246	1092558299	7	валькнут	BY_SEARCHES	DESCENDING	fc4bb8f5-784c-40c2-afe2-d72c86364df2	C02	67	291	NULL	NULL	NULL	0	0	RUB	chunks/product_queries_details_BY_SEARCHES_DESC_C02.tsv
1611695246	1092558299	7	оберег от сглаза и порчи	BY_SEARCHES	DESCENDING	fc4bb8f5-784c-40c2-afe2-d72c86364df2	C02	68	279	NULL	NULL	NULL	0	0	RUB	chunks/product_queries_details_BY_SEARCHES_DESC_C02.tsv
1611695246	1092558299	7	славянский оберег	BY_SEARCHES	DESCENDING	fc4bb8f5-784c-40c2-afe2-d72c86364df2	C02	69	252	NULL	NULL	NULL	0	0	RUB	chunks/product_queries_details_BY_SEARCHES_DESC_C02.tsv
1611695246	1092558299	7	славянские украшения	BY_SEARCHES	DESCENDING	fc4bb8f5-784c-40c2-afe2-d72c86364df2	C02	70	243	NULL	NULL	NULL	0	0	RUB	chunks/product_queries_details_BY_SEARCHES_DESC_C02.tsv
1611695246	1092558299	7	от сглаза	BY_SEARCHES	DESCENDING	fc4bb8f5-784c-40c2-afe2-d72c86364df2	C02	71	228	NULL	NULL	NULL	0	0	RUB	chunks/product_queries_details_BY_SEARCHES_DESC_C02.tsv
1611695246	1092558299	7	амулеты обереги и талисманы	BY_SEARCHES	DESCENDING	fc4bb8f5-784c-40c2-afe2-d72c86364df2	C02	72	228	NULL	NULL	NULL	0	0	RUB	chunks/product_queries_details_BY_SEARCHES_DESC_C02.tsv
1611695246	1092558299	7	славянские обереги мужские	BY_SEARCHES	DESCENDING	fc4bb8f5-784c-40c2-afe2-d72c86364df2	C02	73	198	NULL	NULL	NULL	0	0	RUB	chunks/product_queries_details_BY_SEARCHES_DESC_C02.tsv
1611695246	1092558299	7	оберег	BY_SEARCHES	DESCENDING	fc4bb8f5-784c-40c2-afe2-d72c86364df2	C02	74	184	NULL	NULL	NULL	0	0	RUB	chunks/product_queries_details_BY_SEARCHES_DESC_C02.tsv
1611695246	1092558299	7	оберег в машину	BY_SEARCHES	DESCENDING	fc4bb8f5-784c-40c2-afe2-d72c86364df2	C02	75	175	NULL	NULL	NULL	0	0	RUB	chunks/product_queries_details_BY_SEARCHES_DESC_C02.tsv
1630033296	1113280875	11	подвеска в машину	BY_SEARCHES	DESCENDING	fc4bb8f5-784c-40c2-afe2-d72c86364df2	C02	76	2709	NULL	NULL	NULL	0	0	RUB	chunks/product_queries_details_BY_SEARCHES_DESC_C02.tsv
1630033296	1113280875	11	подвеска на зеркало в машину	BY_SEARCHES	DESCENDING	fc4bb8f5-784c-40c2-afe2-d72c86364df2	C02	77	1240	NULL	NULL	NULL	0	0	RUB	chunks/product_queries_details_BY_SEARCHES_DESC_C02.tsv
1630033296	1113280875	11	оберег	BY_SEARCHES	DESCENDING	fc4bb8f5-784c-40c2-afe2-d72c86364df2	C02	78	1150	NULL	NULL	NULL	0	0	RUB	chunks/product_queries_details_BY_SEARCHES_DESC_C02.tsv
1630033296	1113280875	11	славянские обереги	BY_SEARCHES	DESCENDING	fc4bb8f5-784c-40c2-afe2-d72c86364df2	C02	79	988	NULL	NULL	NULL	0	0	RUB	chunks/product_queries_details_BY_SEARCHES_DESC_C02.tsv
1630033296	1113280875	11	оберег от сглаза и порчи	BY_SEARCHES	DESCENDING	fc4bb8f5-784c-40c2-afe2-d72c86364df2	C02	80	458	NULL	NULL	NULL	0	0	RUB	chunks/product_queries_details_BY_SEARCHES_DESC_C02.tsv
1630033296	1113280875	11	руны	BY_SEARCHES	DESCENDING	fc4bb8f5-784c-40c2-afe2-d72c86364df2	C02	81	400	NULL	NULL	NULL	0	0	RUB	chunks/product_queries_details_BY_SEARCHES_DESC_C02.tsv
1630033296	1113280875	11	славянские руны	BY_SEARCHES	DESCENDING	fc4bb8f5-784c-40c2-afe2-d72c86364df2	C02	82	289	NULL	NULL	NULL	0	0	RUB	chunks/product_queries_details_BY_SEARCHES_DESC_C02.tsv
1630033296	1113280875	11	славянские украшения	BY_SEARCHES	DESCENDING	fc4bb8f5-784c-40c2-afe2-d72c86364df2	C02	83	277	NULL	NULL	NULL	0	0	RUB	chunks/product_queries_details_BY_SEARCHES_DESC_C02.tsv
1630033296	1113280875	11	амулеты обереги и талисманы	BY_SEARCHES	DESCENDING	fc4bb8f5-784c-40c2-afe2-d72c86364df2	C02	84	255	NULL	NULL	NULL	0	0	RUB	chunks/product_queries_details_BY_SEARCHES_DESC_C02.tsv
1630033296	1113280875	11	славянские обереги мужские	BY_SEARCHES	DESCENDING	fc4bb8f5-784c-40c2-afe2-d72c86364df2	C02	85	228	NULL	NULL	NULL	0	0	RUB	chunks/product_queries_details_BY_SEARCHES_DESC_C02.tsv
1630033296	1113280875	11	оберег в машину	BY_SEARCHES	DESCENDING	fc4bb8f5-784c-40c2-afe2-d72c86364df2	C02	86	194	NULL	NULL	NULL	0	0	RUB	chunks/product_queries_details_BY_SEARCHES_DESC_C02.tsv
1630033296	1113280875	11	славянский оберег	BY_SEARCHES	DESCENDING	fc4bb8f5-784c-40c2-afe2-d72c86364df2	C02	87	157	NULL	NULL	NULL	0	0	RUB	chunks/product_queries_details_BY_SEARCHES_DESC_C02.tsv
1630033296	1113280875	11	брелок славянский	BY_SEARCHES	DESCENDING	fc4bb8f5-784c-40c2-afe2-d72c86364df2	C02	88	121	NULL	NULL	NULL	0	0	RUB	chunks/product_queries_details_BY_SEARCHES_DESC_C02.tsv
1630033296	1113280875	11	чернобог	BY_SEARCHES	DESCENDING	fc4bb8f5-784c-40c2-afe2-d72c86364df2	C02	89	117	NULL	NULL	NULL	0	0	RUB	chunks/product_queries_details_BY_SEARCHES_DESC_C02.tsv
1630033296	1113280875	11	славянские	BY_SEARCHES	DESCENDING	fc4bb8f5-784c-40c2-afe2-d72c86364df2	C02	90	114	NULL	NULL	NULL	0	0	RUB	chunks/product_queries_details_BY_SEARCHES_DESC_C02.tsv
1636048691	1119965443	14	подвеска	BY_SEARCHES	DESCENDING	116425cc-7526-427b-b00a-a79cb593f04c	C03	1	40945	NULL	NULL	NULL	0	0	RUB	chunks/product_queries_details_BY_SEARCHES_DESC_C03.tsv
1636048691	1119965443	14	в машину	BY_SEARCHES	DESCENDING	116425cc-7526-427b-b00a-a79cb593f04c	C03	2	9324	NULL	NULL	NULL	0	836	RUB	chunks/product_queries_details_BY_SEARCHES_DESC_C03.tsv
1636048691	1119965443	14	зеркало	BY_SEARCHES	DESCENDING	116425cc-7526-427b-b00a-a79cb593f04c	C03	3	8794	NULL	NULL	NULL	0	0	RUB	chunks/product_queries_details_BY_SEARCHES_DESC_C03.tsv
1636048691	1119965443	14	оберег	BY_SEARCHES	DESCENDING	116425cc-7526-427b-b00a-a79cb593f04c	C03	4	5196	NULL	NULL	NULL	0	681	RUB	chunks/product_queries_details_BY_SEARCHES_DESC_C03.tsv
1636048691	1119965443	14	оберег для дома	BY_SEARCHES	DESCENDING	116425cc-7526-427b-b00a-a79cb593f04c	C03	5	3289	NULL	NULL	NULL	0	0	RUB	chunks/product_queries_details_BY_SEARCHES_DESC_C03.tsv
1636048691	1119965443	14	амулет	BY_SEARCHES	DESCENDING	116425cc-7526-427b-b00a-a79cb593f04c	C03	6	3190	NULL	NULL	NULL	0	1071	RUB	chunks/product_queries_details_BY_SEARCHES_DESC_C03.tsv
1636048691	1119965443	14	подвеска в машину	BY_SEARCHES	DESCENDING	116425cc-7526-427b-b00a-a79cb593f04c	C03	7	3171	NULL	NULL	NULL	0	0	RUB	chunks/product_queries_details_BY_SEARCHES_DESC_C03.tsv
1636048691	1119965443	14	талисман	BY_SEARCHES	DESCENDING	116425cc-7526-427b-b00a-a79cb593f04c	C03	8	2780	NULL	NULL	NULL	0	0	RUB	chunks/product_queries_details_BY_SEARCHES_DESC_C03.tsv
1636048691	1119965443	14	магия	BY_SEARCHES	DESCENDING	116425cc-7526-427b-b00a-a79cb593f04c	C03	9	2178	NULL	NULL	NULL	0	0	RUB	chunks/product_queries_details_BY_SEARCHES_DESC_C03.tsv
1636048691	1119965443	14	оберег от сглаза и порчи	BY_SEARCHES	DESCENDING	116425cc-7526-427b-b00a-a79cb593f04c	C03	10	2126	NULL	NULL	NULL	0	0	RUB	chunks/product_queries_details_BY_SEARCHES_DESC_C03.tsv
1636048691	1119965443	14	коловрат	BY_SEARCHES	DESCENDING	116425cc-7526-427b-b00a-a79cb593f04c	C03	11	1932	NULL	NULL	NULL	0	0	RUB	chunks/product_queries_details_BY_SEARCHES_DESC_C03.tsv
1636048691	1119965443	14	от сглаза	BY_SEARCHES	DESCENDING	116425cc-7526-427b-b00a-a79cb593f04c	C03	12	1768	NULL	NULL	NULL	0	0	RUB	chunks/product_queries_details_BY_SEARCHES_DESC_C03.tsv
1636048691	1119965443	14	эзотерика	BY_SEARCHES	DESCENDING	116425cc-7526-427b-b00a-a79cb593f04c	C03	13	1730	NULL	NULL	NULL	0	0	RUB	chunks/product_queries_details_BY_SEARCHES_DESC_C03.tsv
1636048691	1119965443	14	из дерева	BY_SEARCHES	DESCENDING	116425cc-7526-427b-b00a-a79cb593f04c	C03	14	1462	NULL	NULL	NULL	0	0	RUB	chunks/product_queries_details_BY_SEARCHES_DESC_C03.tsv
1636048691	1119965443	14	оберег от сглаза	BY_SEARCHES	DESCENDING	116425cc-7526-427b-b00a-a79cb593f04c	C03	15	1368	NULL	NULL	NULL	0	0	RUB	chunks/product_queries_details_BY_SEARCHES_DESC_C03.tsv
1640264403	1124673031	16	набор	BY_SEARCHES	DESCENDING	116425cc-7526-427b-b00a-a79cb593f04c	C03	16	21015	NULL	NULL	NULL	0	0	RUB	chunks/product_queries_details_BY_SEARCHES_DESC_C03.tsv
1640264403	1124673031	16	подарок	BY_SEARCHES	DESCENDING	116425cc-7526-427b-b00a-a79cb593f04c	C03	17	3413	NULL	NULL	NULL	0	0	RUB	chunks/product_queries_details_BY_SEARCHES_DESC_C03.tsv
1640264403	1124673031	16	подвеска в машину	BY_SEARCHES	DESCENDING	116425cc-7526-427b-b00a-a79cb593f04c	C03	18	3171	NULL	NULL	NULL	0	0	RUB	chunks/product_queries_details_BY_SEARCHES_DESC_C03.tsv
1640264403	1124673031	16	комплект	BY_SEARCHES	DESCENDING	116425cc-7526-427b-b00a-a79cb593f04c	C03	19	3093	NULL	NULL	NULL	0	0	RUB	chunks/product_queries_details_BY_SEARCHES_DESC_C03.tsv
1640264403	1124673031	16	оберег	BY_SEARCHES	DESCENDING	116425cc-7526-427b-b00a-a79cb593f04c	C03	20	1487	NULL	NULL	NULL	0	0	RUB	chunks/product_queries_details_BY_SEARCHES_DESC_C03.tsv
1640264403	1124673031	16	коловрат	BY_SEARCHES	DESCENDING	116425cc-7526-427b-b00a-a79cb593f04c	C03	21	1288	NULL	NULL	NULL	0	0	RUB	chunks/product_queries_details_BY_SEARCHES_DESC_C03.tsv
1640264403	1124673031	16	подвеска на зеркало в машину	BY_SEARCHES	DESCENDING	116425cc-7526-427b-b00a-a79cb593f04c	C03	22	1017	NULL	NULL	NULL	0	0	RUB	chunks/product_queries_details_BY_SEARCHES_DESC_C03.tsv
1640264403	1124673031	16	набор для творчества	BY_SEARCHES	DESCENDING	116425cc-7526-427b-b00a-a79cb593f04c	C03	23	1007	NULL	NULL	NULL	0	0	RUB	chunks/product_queries_details_BY_SEARCHES_DESC_C03.tsv
1640264403	1124673031	16	подвеска в машину на зеркало	BY_SEARCHES	DESCENDING	116425cc-7526-427b-b00a-a79cb593f04c	C03	24	914	NULL	NULL	NULL	0	0	RUB	chunks/product_queries_details_BY_SEARCHES_DESC_C03.tsv
1640264403	1124673031	16	славянские обереги	BY_SEARCHES	DESCENDING	116425cc-7526-427b-b00a-a79cb593f04c	C03	25	615	NULL	NULL	NULL	0	0	RUB	chunks/product_queries_details_BY_SEARCHES_DESC_C03.tsv
1640264403	1124673031	16	оберег в машину	BY_SEARCHES	DESCENDING	116425cc-7526-427b-b00a-a79cb593f04c	C03	26	613	NULL	NULL	NULL	0	0	RUB	chunks/product_queries_details_BY_SEARCHES_DESC_C03.tsv
1640264403	1124673031	16	оберег от сглаза и порчи	BY_SEARCHES	DESCENDING	116425cc-7526-427b-b00a-a79cb593f04c	C03	27	577	NULL	NULL	NULL	0	0	RUB	chunks/product_queries_details_BY_SEARCHES_DESC_C03.tsv
1640264403	1124673031	16	от сглаза	BY_SEARCHES	DESCENDING	116425cc-7526-427b-b00a-a79cb593f04c	C03	28	501	NULL	NULL	NULL	0	0	RUB	chunks/product_queries_details_BY_SEARCHES_DESC_C03.tsv
1640264403	1124673031	16	перун	BY_SEARCHES	DESCENDING	116425cc-7526-427b-b00a-a79cb593f04c	C03	29	488	NULL	NULL	NULL	0	0	RUB	chunks/product_queries_details_BY_SEARCHES_DESC_C03.tsv
1640264403	1124673031	16	амулет	BY_SEARCHES	DESCENDING	116425cc-7526-427b-b00a-a79cb593f04c	C03	30	432	NULL	NULL	NULL	0	0	RUB	chunks/product_queries_details_BY_SEARCHES_DESC_C03.tsv
1640306007	1124725450	18	духи	BY_SEARCHES	DESCENDING	116425cc-7526-427b-b00a-a79cb593f04c	C03	31	11892	NULL	NULL	NULL	0	0	RUB	chunks/product_queries_details_BY_SEARCHES_DESC_C03.tsv
1640306007	1124725450	18	зеркало	BY_SEARCHES	DESCENDING	116425cc-7526-427b-b00a-a79cb593f04c	C03	32	7498	NULL	NULL	NULL	0	0	RUB	chunks/product_queries_details_BY_SEARCHES_DESC_C03.tsv
1640306007	1124725450	18	подвеска в машину	BY_SEARCHES	DESCENDING	116425cc-7526-427b-b00a-a79cb593f04c	C03	33	3171	NULL	NULL	NULL	0	0	RUB	chunks/product_queries_details_BY_SEARCHES_DESC_C03.tsv
1640306007	1124725450	18	оберег	BY_SEARCHES	DESCENDING	116425cc-7526-427b-b00a-a79cb593f04c	C03	34	2623	NULL	NULL	NULL	0	0	RUB	chunks/product_queries_details_BY_SEARCHES_DESC_C03.tsv
1640306007	1124725450	18	коловрат	BY_SEARCHES	DESCENDING	116425cc-7526-427b-b00a-a79cb593f04c	C03	35	1473	NULL	NULL	NULL	0	0	RUB	chunks/product_queries_details_BY_SEARCHES_DESC_C03.tsv
1640306007	1124725450	18	набор для творчества	BY_SEARCHES	DESCENDING	116425cc-7526-427b-b00a-a79cb593f04c	C03	36	1007	NULL	NULL	NULL	0	0	RUB	chunks/product_queries_details_BY_SEARCHES_DESC_C03.tsv
1640306007	1124725450	18	подвеска на зеркало в машину	BY_SEARCHES	DESCENDING	116425cc-7526-427b-b00a-a79cb593f04c	C03	37	915	NULL	NULL	NULL	0	0	RUB	chunks/product_queries_details_BY_SEARCHES_DESC_C03.tsv
1640306007	1124725450	18	славянские обереги	BY_SEARCHES	DESCENDING	116425cc-7526-427b-b00a-a79cb593f04c	C03	38	806	NULL	NULL	NULL	0	0	RUB	chunks/product_queries_details_BY_SEARCHES_DESC_C03.tsv
1640306007	1124725450	18	руны	BY_SEARCHES	DESCENDING	116425cc-7526-427b-b00a-a79cb593f04c	C03	39	797	NULL	NULL	NULL	0	0	RUB	chunks/product_queries_details_BY_SEARCHES_DESC_C03.tsv
1640306007	1124725450	18	оберег в машину	BY_SEARCHES	DESCENDING	116425cc-7526-427b-b00a-a79cb593f04c	C03	40	529	NULL	NULL	NULL	0	0	RUB	chunks/product_queries_details_BY_SEARCHES_DESC_C03.tsv
1640306007	1124725450	18	от сглаза	BY_SEARCHES	DESCENDING	116425cc-7526-427b-b00a-a79cb593f04c	C03	41	452	NULL	NULL	NULL	0	0	RUB	chunks/product_queries_details_BY_SEARCHES_DESC_C03.tsv
1640306007	1124725450	18	оберег от сглаза и порчи	BY_SEARCHES	DESCENDING	116425cc-7526-427b-b00a-a79cb593f04c	C03	42	444	NULL	NULL	NULL	0	0	RUB	chunks/product_queries_details_BY_SEARCHES_DESC_C03.tsv
1640306007	1124725450	18	амулеты обереги и талисманы	BY_SEARCHES	DESCENDING	116425cc-7526-427b-b00a-a79cb593f04c	C03	43	370	NULL	NULL	NULL	0	0	RUB	chunks/product_queries_details_BY_SEARCHES_DESC_C03.tsv
1640306007	1124725450	18	амулет	BY_SEARCHES	DESCENDING	116425cc-7526-427b-b00a-a79cb593f04c	C03	44	321	NULL	NULL	NULL	0	0	RUB	chunks/product_queries_details_BY_SEARCHES_DESC_C03.tsv
1640306007	1124725450	18	славянские руны	BY_SEARCHES	DESCENDING	116425cc-7526-427b-b00a-a79cb593f04c	C03	45	286	NULL	NULL	NULL	0	0	RUB	chunks/product_queries_details_BY_SEARCHES_DESC_C03.tsv
1640276582	1124691132	17	подарок мужчине	BY_SEARCHES	DESCENDING	116425cc-7526-427b-b00a-a79cb593f04c	C03	46	9537	NULL	NULL	NULL	0	0	RUB	chunks/product_queries_details_BY_SEARCHES_DESC_C03.tsv
1640276582	1124691132	17	подарок	BY_SEARCHES	DESCENDING	116425cc-7526-427b-b00a-a79cb593f04c	C03	47	3413	NULL	NULL	NULL	0	0	RUB	chunks/product_queries_details_BY_SEARCHES_DESC_C03.tsv
1640276582	1124691132	17	подвеска в машину	BY_SEARCHES	DESCENDING	116425cc-7526-427b-b00a-a79cb593f04c	C03	48	3171	NULL	NULL	NULL	0	0	RUB	chunks/product_queries_details_BY_SEARCHES_DESC_C03.tsv
1640276582	1124691132	17	подвеска	BY_SEARCHES	DESCENDING	116425cc-7526-427b-b00a-a79cb593f04c	C03	49	2415	NULL	NULL	NULL	0	0	RUB	chunks/product_queries_details_BY_SEARCHES_DESC_C03.tsv
1640276582	1124691132	17	оберег	BY_SEARCHES	DESCENDING	116425cc-7526-427b-b00a-a79cb593f04c	C03	50	1693	NULL	NULL	NULL	0	0	RUB	chunks/product_queries_details_BY_SEARCHES_DESC_C03.tsv
1640276582	1124691132	17	набор автомобилиста	BY_SEARCHES	DESCENDING	116425cc-7526-427b-b00a-a79cb593f04c	C03	51	1419	NULL	NULL	NULL	0	0	RUB	chunks/product_queries_details_BY_SEARCHES_DESC_C03.tsv
1640276582	1124691132	17	подвеска на зеркало в машину	BY_SEARCHES	DESCENDING	116425cc-7526-427b-b00a-a79cb593f04c	C03	52	1126	NULL	NULL	NULL	0	0	RUB	chunks/product_queries_details_BY_SEARCHES_DESC_C03.tsv
1640276582	1124691132	17	подарочный набор для мужчин	BY_SEARCHES	DESCENDING	116425cc-7526-427b-b00a-a79cb593f04c	C03	53	1052	NULL	NULL	NULL	0	0	RUB	chunks/product_queries_details_BY_SEARCHES_DESC_C03.tsv
1640276582	1124691132	17	набор для творчества	BY_SEARCHES	DESCENDING	116425cc-7526-427b-b00a-a79cb593f04c	C03	54	1007	NULL	NULL	NULL	0	0	RUB	chunks/product_queries_details_BY_SEARCHES_DESC_C03.tsv
1640276582	1124691132	17	оберег от сглаза и порчи	BY_SEARCHES	DESCENDING	116425cc-7526-427b-b00a-a79cb593f04c	C03	55	852	NULL	NULL	NULL	0	0	RUB	chunks/product_queries_details_BY_SEARCHES_DESC_C03.tsv
1640276582	1124691132	17	славянские обереги	BY_SEARCHES	DESCENDING	116425cc-7526-427b-b00a-a79cb593f04c	C03	56	767	NULL	NULL	NULL	0	0	RUB	chunks/product_queries_details_BY_SEARCHES_DESC_C03.tsv
1640276582	1124691132	17	подарок мужу	BY_SEARCHES	DESCENDING	116425cc-7526-427b-b00a-a79cb593f04c	C03	57	672	NULL	NULL	NULL	0	0	RUB	chunks/product_queries_details_BY_SEARCHES_DESC_C03.tsv
1640276582	1124691132	17	от сглаза	BY_SEARCHES	DESCENDING	116425cc-7526-427b-b00a-a79cb593f04c	C03	58	485	NULL	NULL	NULL	0	0	RUB	chunks/product_queries_details_BY_SEARCHES_DESC_C03.tsv
1640276582	1124691132	17	славянский оберег	BY_SEARCHES	DESCENDING	116425cc-7526-427b-b00a-a79cb593f04c	C03	59	320	NULL	NULL	NULL	0	0	RUB	chunks/product_queries_details_BY_SEARCHES_DESC_C03.tsv
1640276582	1124691132	17	хобби	BY_SEARCHES	DESCENDING	116425cc-7526-427b-b00a-a79cb593f04c	C03	60	306	NULL	NULL	NULL	0	0	RUB	chunks/product_queries_details_BY_SEARCHES_DESC_C03.tsv
1636041142	1119957837	13	подвеска в машину	BY_SEARCHES	DESCENDING	116425cc-7526-427b-b00a-a79cb593f04c	C03	61	3171	NULL	NULL	NULL	0	0	RUB	chunks/product_queries_details_BY_SEARCHES_DESC_C03.tsv
1636041142	1119957837	13	амулет	BY_SEARCHES	DESCENDING	116425cc-7526-427b-b00a-a79cb593f04c	C03	62	2844	NULL	NULL	NULL	0	0	RUB	chunks/product_queries_details_BY_SEARCHES_DESC_C03.tsv
1636041142	1119957837	13	коловрат	BY_SEARCHES	DESCENDING	116425cc-7526-427b-b00a-a79cb593f04c	C03	63	1860	NULL	NULL	NULL	0	0	RUB	chunks/product_queries_details_BY_SEARCHES_DESC_C03.tsv
1636041142	1119957837	13	оберег	BY_SEARCHES	DESCENDING	116425cc-7526-427b-b00a-a79cb593f04c	C03	64	1488	NULL	NULL	NULL	0	0	RUB	chunks/product_queries_details_BY_SEARCHES_DESC_C03.tsv
1636041142	1119957837	13	подвеска на зеркало в машину	BY_SEARCHES	DESCENDING	116425cc-7526-427b-b00a-a79cb593f04c	C03	65	1241	NULL	NULL	NULL	0	0	RUB	chunks/product_queries_details_BY_SEARCHES_DESC_C03.tsv
1636041142	1119957837	13	велес	BY_SEARCHES	DESCENDING	116425cc-7526-427b-b00a-a79cb593f04c	C03	66	1177	NULL	NULL	NULL	0	0	RUB	chunks/product_queries_details_BY_SEARCHES_DESC_C03.tsv
1636041142	1119957837	13	славянские обереги	BY_SEARCHES	DESCENDING	116425cc-7526-427b-b00a-a79cb593f04c	C03	67	1007	NULL	NULL	NULL	0	0	RUB	chunks/product_queries_details_BY_SEARCHES_DESC_C03.tsv
1636041142	1119957837	13	амулеты обереги и талисманы	BY_SEARCHES	DESCENDING	116425cc-7526-427b-b00a-a79cb593f04c	C03	68	456	NULL	NULL	NULL	0	0	RUB	chunks/product_queries_details_BY_SEARCHES_DESC_C03.tsv
1636041142	1119957837	13	славянские	BY_SEARCHES	DESCENDING	116425cc-7526-427b-b00a-a79cb593f04c	C03	69	334	NULL	NULL	NULL	0	0	RUB	chunks/product_queries_details_BY_SEARCHES_DESC_C03.tsv
1636041142	1119957837	13	славянские украшения	BY_SEARCHES	DESCENDING	116425cc-7526-427b-b00a-a79cb593f04c	C03	70	318	NULL	NULL	NULL	0	0	RUB	chunks/product_queries_details_BY_SEARCHES_DESC_C03.tsv
1636041142	1119957837	13	славянские обереги мужские	BY_SEARCHES	DESCENDING	116425cc-7526-427b-b00a-a79cb593f04c	C03	71	294	NULL	NULL	NULL	0	0	RUB	chunks/product_queries_details_BY_SEARCHES_DESC_C03.tsv
1636041142	1119957837	13	четки в машину	BY_SEARCHES	DESCENDING	116425cc-7526-427b-b00a-a79cb593f04c	C03	72	284	NULL	NULL	NULL	0	0	RUB	chunks/product_queries_details_BY_SEARCHES_DESC_C03.tsv
1636041142	1119957837	13	оберег в машину	BY_SEARCHES	DESCENDING	116425cc-7526-427b-b00a-a79cb593f04c	C03	73	260	NULL	NULL	NULL	0	0	RUB	chunks/product_queries_details_BY_SEARCHES_DESC_C03.tsv
1636041142	1119957837	13	коловрат подвеска	BY_SEARCHES	DESCENDING	116425cc-7526-427b-b00a-a79cb593f04c	C03	74	228	NULL	NULL	NULL	0	0	RUB	chunks/product_queries_details_BY_SEARCHES_DESC_C03.tsv
1636041142	1119957837	13	славянский оберег	BY_SEARCHES	DESCENDING	116425cc-7526-427b-b00a-a79cb593f04c	C03	75	206	NULL	NULL	NULL	0	0	RUB	chunks/product_queries_details_BY_SEARCHES_DESC_C03.tsv
1640251697	1124658338	15	подвеска в машину	BY_SEARCHES	DESCENDING	116425cc-7526-427b-b00a-a79cb593f04c	C03	76	3171	NULL	NULL	NULL	0	0	RUB	chunks/product_queries_details_BY_SEARCHES_DESC_C03.tsv
1640251697	1124658338	15	оберег	BY_SEARCHES	DESCENDING	116425cc-7526-427b-b00a-a79cb593f04c	C03	77	2961	NULL	NULL	NULL	0	0	RUB	chunks/product_queries_details_BY_SEARCHES_DESC_C03.tsv
1640251697	1124658338	15	оберег для дома	BY_SEARCHES	DESCENDING	116425cc-7526-427b-b00a-a79cb593f04c	C03	78	2285	NULL	NULL	NULL	0	0	RUB	chunks/product_queries_details_BY_SEARCHES_DESC_C03.tsv
1640251697	1124658338	15	подарок мужчине	BY_SEARCHES	DESCENDING	116425cc-7526-427b-b00a-a79cb593f04c	C03	79	1934	NULL	NULL	NULL	0	0	RUB	chunks/product_queries_details_BY_SEARCHES_DESC_C03.tsv
1640251697	1124658338	15	подарок женщине	BY_SEARCHES	DESCENDING	116425cc-7526-427b-b00a-a79cb593f04c	C03	80	1836	NULL	NULL	NULL	0	0	RUB	chunks/product_queries_details_BY_SEARCHES_DESC_C03.tsv
1640251697	1124658338	15	подарочный набор для женщин	BY_SEARCHES	DESCENDING	116425cc-7526-427b-b00a-a79cb593f04c	C03	81	1746	NULL	NULL	NULL	0	0	RUB	chunks/product_queries_details_BY_SEARCHES_DESC_C03.tsv
1640251697	1124658338	15	коловрат	BY_SEARCHES	DESCENDING	116425cc-7526-427b-b00a-a79cb593f04c	C03	82	1669	NULL	NULL	NULL	0	0	RUB	chunks/product_queries_details_BY_SEARCHES_DESC_C03.tsv
1640251697	1124658338	15	подвеска на зеркало в машину	BY_SEARCHES	DESCENDING	116425cc-7526-427b-b00a-a79cb593f04c	C03	83	1222	NULL	NULL	NULL	0	0	RUB	chunks/product_queries_details_BY_SEARCHES_DESC_C03.tsv
1640251697	1124658338	15	оберег в машину	BY_SEARCHES	DESCENDING	116425cc-7526-427b-b00a-a79cb593f04c	C03	84	1190	NULL	NULL	NULL	0	0	RUB	chunks/product_queries_details_BY_SEARCHES_DESC_C03.tsv
1640251697	1124658338	15	славянские обереги	BY_SEARCHES	DESCENDING	116425cc-7526-427b-b00a-a79cb593f04c	C03	85	1109	NULL	NULL	NULL	0	0	RUB	chunks/product_queries_details_BY_SEARCHES_DESC_C03.tsv
1640251697	1124658338	15	амулеты обереги и талисманы	BY_SEARCHES	DESCENDING	116425cc-7526-427b-b00a-a79cb593f04c	C03	86	769	NULL	NULL	NULL	0	0	RUB	chunks/product_queries_details_BY_SEARCHES_DESC_C03.tsv
1640251697	1124658338	15	амулет	BY_SEARCHES	DESCENDING	116425cc-7526-427b-b00a-a79cb593f04c	C03	87	676	NULL	NULL	NULL	0	0	RUB	chunks/product_queries_details_BY_SEARCHES_DESC_C03.tsv
1640251697	1124658338	15	алатырь	BY_SEARCHES	DESCENDING	116425cc-7526-427b-b00a-a79cb593f04c	C03	88	483	NULL	NULL	NULL	0	0	RUB	chunks/product_queries_details_BY_SEARCHES_DESC_C03.tsv
1640251697	1124658338	15	коловрат подвеска	BY_SEARCHES	DESCENDING	116425cc-7526-427b-b00a-a79cb593f04c	C03	89	361	NULL	NULL	NULL	0	0	RUB	chunks/product_queries_details_BY_SEARCHES_DESC_C03.tsv
1640251697	1124658338	15	оберег от сглаза и порчи	BY_SEARCHES	DESCENDING	116425cc-7526-427b-b00a-a79cb593f04c	C03	90	350	NULL	NULL	NULL	0	671	RUB	chunks/product_queries_details_BY_SEARCHES_DESC_C03.tsv
1640337426	1124764995	23	зеркало	BY_SEARCHES	DESCENDING	d68d8baf-a560-4d87-945d-c143553787f5	C04	1	16292	NULL	NULL	NULL	0	0	RUB	chunks/product_queries_details_BY_SEARCHES_DESC_C04.tsv
1640337426	1124764995	23	духи	BY_SEARCHES	DESCENDING	d68d8baf-a560-4d87-945d-c143553787f5	C04	2	11892	NULL	NULL	NULL	0	0	RUB	chunks/product_queries_details_BY_SEARCHES_DESC_C04.tsv
1640337426	1124764995	23	подарок	BY_SEARCHES	DESCENDING	d68d8baf-a560-4d87-945d-c143553787f5	C04	3	3413	NULL	NULL	NULL	0	0	RUB	chunks/product_queries_details_BY_SEARCHES_DESC_C04.tsv
1640337426	1124764995	23	подвеска в машину	BY_SEARCHES	DESCENDING	d68d8baf-a560-4d87-945d-c143553787f5	C04	4	3171	NULL	NULL	NULL	0	0	RUB	chunks/product_queries_details_BY_SEARCHES_DESC_C04.tsv
1640337426	1124764995	23	подвеска на зеркало в машину	BY_SEARCHES	DESCENDING	d68d8baf-a560-4d87-945d-c143553787f5	C04	5	1190	NULL	NULL	NULL	0	0	RUB	chunks/product_queries_details_BY_SEARCHES_DESC_C04.tsv
1640337426	1124764995	23	славянские обереги	BY_SEARCHES	DESCENDING	d68d8baf-a560-4d87-945d-c143553787f5	C04	6	874	NULL	NULL	NULL	0	0	RUB	chunks/product_queries_details_BY_SEARCHES_DESC_C04.tsv
1640337426	1124764995	23	оберег в машину	BY_SEARCHES	DESCENDING	d68d8baf-a560-4d87-945d-c143553787f5	C04	7	562	NULL	NULL	NULL	0	0	RUB	chunks/product_queries_details_BY_SEARCHES_DESC_C04.tsv
1640337426	1124764995	23	оберег	BY_SEARCHES	DESCENDING	d68d8baf-a560-4d87-945d-c143553787f5	C04	8	364	NULL	NULL	NULL	0	0	RUB	chunks/product_queries_details_BY_SEARCHES_DESC_C04.tsv
1640337426	1124764995	23	славянский оберег	BY_SEARCHES	DESCENDING	d68d8baf-a560-4d87-945d-c143553787f5	C04	9	331	NULL	NULL	NULL	0	0	RUB	chunks/product_queries_details_BY_SEARCHES_DESC_C04.tsv
1640337426	1124764995	23	славянские украшения	BY_SEARCHES	DESCENDING	d68d8baf-a560-4d87-945d-c143553787f5	C04	10	316	NULL	NULL	NULL	0	0	RUB	chunks/product_queries_details_BY_SEARCHES_DESC_C04.tsv
1640337426	1124764995	23	коловрат	BY_SEARCHES	DESCENDING	d68d8baf-a560-4d87-945d-c143553787f5	C04	11	227	NULL	NULL	NULL	0	0	RUB	chunks/product_queries_details_BY_SEARCHES_DESC_C04.tsv
1640337426	1124764995	23	руны	BY_SEARCHES	DESCENDING	d68d8baf-a560-4d87-945d-c143553787f5	C04	12	201	NULL	NULL	NULL	0	0	RUB	chunks/product_queries_details_BY_SEARCHES_DESC_C04.tsv
1640337426	1124764995	23	зеркало в пол	BY_SEARCHES	DESCENDING	d68d8baf-a560-4d87-945d-c143553787f5	C04	13	160	NULL	NULL	NULL	0	0	RUB	chunks/product_queries_details_BY_SEARCHES_DESC_C04.tsv
1640337426	1124764995	23	славянские руны	BY_SEARCHES	DESCENDING	d68d8baf-a560-4d87-945d-c143553787f5	C04	14	150	NULL	NULL	NULL	0	0	RUB	chunks/product_queries_details_BY_SEARCHES_DESC_C04.tsv
1640337426	1124764995	23	оберег славянский	BY_SEARCHES	DESCENDING	d68d8baf-a560-4d87-945d-c143553787f5	C04	15	142	NULL	NULL	NULL	0	0	RUB	chunks/product_queries_details_BY_SEARCHES_DESC_C04.tsv
1640326230	1124751825	20	духи	BY_SEARCHES	DESCENDING	d68d8baf-a560-4d87-945d-c143553787f5	C04	16	11892	NULL	NULL	NULL	0	0	RUB	chunks/product_queries_details_BY_SEARCHES_DESC_C04.tsv
1640326230	1124751825	20	подвеска в машину	BY_SEARCHES	DESCENDING	d68d8baf-a560-4d87-945d-c143553787f5	C04	17	3171	NULL	NULL	NULL	0	0	RUB	chunks/product_queries_details_BY_SEARCHES_DESC_C04.tsv
1640326230	1124751825	20	оберег	BY_SEARCHES	DESCENDING	d68d8baf-a560-4d87-945d-c143553787f5	C04	18	2031	NULL	NULL	NULL	0	0	RUB	chunks/product_queries_details_BY_SEARCHES_DESC_C04.tsv
1640326230	1124751825	20	подарочный набор	BY_SEARCHES	DESCENDING	d68d8baf-a560-4d87-945d-c143553787f5	C04	19	1892	NULL	NULL	NULL	0	0	RUB	chunks/product_queries_details_BY_SEARCHES_DESC_C04.tsv
1640326230	1124751825	20	набор автомобилиста	BY_SEARCHES	DESCENDING	d68d8baf-a560-4d87-945d-c143553787f5	C04	20	1419	NULL	NULL	NULL	0	0	RUB	chunks/product_queries_details_BY_SEARCHES_DESC_C04.tsv
1640326230	1124751825	20	распродажа	BY_SEARCHES	DESCENDING	d68d8baf-a560-4d87-945d-c143553787f5	C04	21	1238	NULL	NULL	NULL	0	0	RUB	chunks/product_queries_details_BY_SEARCHES_DESC_C04.tsv
1640326230	1124751825	20	подвеска на зеркало в машину	BY_SEARCHES	DESCENDING	d68d8baf-a560-4d87-945d-c143553787f5	C04	22	1159	NULL	NULL	NULL	0	0	RUB	chunks/product_queries_details_BY_SEARCHES_DESC_C04.tsv
1640326230	1124751825	20	коловрат	BY_SEARCHES	DESCENDING	d68d8baf-a560-4d87-945d-c143553787f5	C04	23	1021	NULL	NULL	NULL	0	0	RUB	chunks/product_queries_details_BY_SEARCHES_DESC_C04.tsv
1640326230	1124751825	20	набор для творчества	BY_SEARCHES	DESCENDING	d68d8baf-a560-4d87-945d-c143553787f5	C04	24	1007	NULL	NULL	NULL	0	0	RUB	chunks/product_queries_details_BY_SEARCHES_DESC_C04.tsv
1640326230	1124751825	20	оберег от сглаза и порчи	BY_SEARCHES	DESCENDING	d68d8baf-a560-4d87-945d-c143553787f5	C04	25	666	NULL	NULL	NULL	0	0	RUB	chunks/product_queries_details_BY_SEARCHES_DESC_C04.tsv
1640326230	1124751825	20	славянские обереги	BY_SEARCHES	DESCENDING	d68d8baf-a560-4d87-945d-c143553787f5	C04	26	633	NULL	NULL	NULL	0	0	RUB	chunks/product_queries_details_BY_SEARCHES_DESC_C04.tsv
1640326230	1124751825	20	от сглаза	BY_SEARCHES	DESCENDING	d68d8baf-a560-4d87-945d-c143553787f5	C04	27	615	NULL	NULL	NULL	0	0	RUB	chunks/product_queries_details_BY_SEARCHES_DESC_C04.tsv
1640326230	1124751825	20	хобби	BY_SEARCHES	DESCENDING	d68d8baf-a560-4d87-945d-c143553787f5	C04	28	306	NULL	NULL	NULL	0	0	RUB	chunks/product_queries_details_BY_SEARCHES_DESC_C04.tsv
1640326230	1124751825	20	коловрат подвеска	BY_SEARCHES	DESCENDING	d68d8baf-a560-4d87-945d-c143553787f5	C04	29	293	NULL	NULL	NULL	0	0	RUB	chunks/product_queries_details_BY_SEARCHES_DESC_C04.tsv
1640326230	1124751825	20	от сглаза и порчи оберег	BY_SEARCHES	DESCENDING	d68d8baf-a560-4d87-945d-c143553787f5	C04	30	265	NULL	NULL	NULL	0	0	RUB	chunks/product_queries_details_BY_SEARCHES_DESC_C04.tsv
1640326205	1124733734	19	зеркало	BY_SEARCHES	DESCENDING	d68d8baf-a560-4d87-945d-c143553787f5	C04	31	8794	NULL	NULL	NULL	0	0	RUB	chunks/product_queries_details_BY_SEARCHES_DESC_C04.tsv
1640326205	1124733734	19	подарок мужчине	BY_SEARCHES	DESCENDING	d68d8baf-a560-4d87-945d-c143553787f5	C04	32	3813	NULL	NULL	NULL	0	0	RUB	chunks/product_queries_details_BY_SEARCHES_DESC_C04.tsv
1640326205	1124733734	19	оберег	BY_SEARCHES	DESCENDING	d68d8baf-a560-4d87-945d-c143553787f5	C04	33	3675	NULL	NULL	NULL	0	0	RUB	chunks/product_queries_details_BY_SEARCHES_DESC_C04.tsv
1640326205	1124733734	19	подвеска в машину	BY_SEARCHES	DESCENDING	d68d8baf-a560-4d87-945d-c143553787f5	C04	34	3171	NULL	NULL	NULL	0	0	RUB	chunks/product_queries_details_BY_SEARCHES_DESC_C04.tsv
1640326205	1124733734	19	амулет	BY_SEARCHES	DESCENDING	d68d8baf-a560-4d87-945d-c143553787f5	C04	35	3080	NULL	NULL	NULL	0	0	RUB	chunks/product_queries_details_BY_SEARCHES_DESC_C04.tsv
1640326205	1124733734	19	коловрат	BY_SEARCHES	DESCENDING	d68d8baf-a560-4d87-945d-c143553787f5	C04	36	2000	NULL	NULL	NULL	0	805	RUB	chunks/product_queries_details_BY_SEARCHES_DESC_C04.tsv
1640326205	1124733734	19	подвеска на зеркало в машину	BY_SEARCHES	DESCENDING	d68d8baf-a560-4d87-945d-c143553787f5	C04	37	1334	NULL	NULL	NULL	0	0	RUB	chunks/product_queries_details_BY_SEARCHES_DESC_C04.tsv
1640326205	1124733734	19	оберег в машину	BY_SEARCHES	DESCENDING	d68d8baf-a560-4d87-945d-c143553787f5	C04	38	1238	NULL	NULL	NULL	0	0	RUB	chunks/product_queries_details_BY_SEARCHES_DESC_C04.tsv
1640326205	1124733734	19	славянские обереги	BY_SEARCHES	DESCENDING	d68d8baf-a560-4d87-945d-c143553787f5	C04	39	1078	NULL	NULL	NULL	0	0	RUB	chunks/product_queries_details_BY_SEARCHES_DESC_C04.tsv
1640326205	1124733734	19	мусульманский оберег	BY_SEARCHES	DESCENDING	d68d8baf-a560-4d87-945d-c143553787f5	C04	40	710	NULL	NULL	NULL	0	0	RUB	chunks/product_queries_details_BY_SEARCHES_DESC_C04.tsv
1640326205	1124733734	19	коловрат подвеска	BY_SEARCHES	DESCENDING	d68d8baf-a560-4d87-945d-c143553787f5	C04	41	689	NULL	NULL	NULL	0	0	RUB	chunks/product_queries_details_BY_SEARCHES_DESC_C04.tsv
1640326205	1124733734	19	славянский оберег	BY_SEARCHES	DESCENDING	d68d8baf-a560-4d87-945d-c143553787f5	C04	42	608	NULL	NULL	NULL	0	0	RUB	chunks/product_queries_details_BY_SEARCHES_DESC_C04.tsv
1640326205	1124733734	19	четки в машину	BY_SEARCHES	DESCENDING	d68d8baf-a560-4d87-945d-c143553787f5	C04	43	533	NULL	NULL	NULL	0	0	RUB	chunks/product_queries_details_BY_SEARCHES_DESC_C04.tsv
1640326205	1124733734	19	амулеты	BY_SEARCHES	DESCENDING	d68d8baf-a560-4d87-945d-c143553787f5	C04	44	460	NULL	NULL	NULL	0	0	RUB	chunks/product_queries_details_BY_SEARCHES_DESC_C04.tsv
1640326205	1124733734	19	оберег от сглаза и порчи	BY_SEARCHES	DESCENDING	d68d8baf-a560-4d87-945d-c143553787f5	C04	45	455	NULL	NULL	NULL	0	0	RUB	chunks/product_queries_details_BY_SEARCHES_DESC_C04.tsv
1720124782	1217110817	24	подвеска в машину	BY_SEARCHES	DESCENDING	d68d8baf-a560-4d87-945d-c143553787f5	C04	46	3171	NULL	NULL	NULL	0	0	RUB	chunks/product_queries_details_BY_SEARCHES_DESC_C04.tsv
1720124782	1217110817	24	четки в машину	BY_SEARCHES	DESCENDING	d68d8baf-a560-4d87-945d-c143553787f5	C04	47	2612	NULL	NULL	NULL	0	0	RUB	chunks/product_queries_details_BY_SEARCHES_DESC_C04.tsv
1720124782	1217110817	24	подвеска на зеркало в машину	BY_SEARCHES	DESCENDING	d68d8baf-a560-4d87-945d-c143553787f5	C04	48	1168	NULL	NULL	NULL	0	0	RUB	chunks/product_queries_details_BY_SEARCHES_DESC_C04.tsv
1720124782	1217110817	24	оберег в машину	BY_SEARCHES	DESCENDING	d68d8baf-a560-4d87-945d-c143553787f5	C04	49	1153	NULL	NULL	NULL	0	0	RUB	chunks/product_queries_details_BY_SEARCHES_DESC_C04.tsv
1720124782	1217110817	24	подвеска в машину на зеркало	BY_SEARCHES	DESCENDING	d68d8baf-a560-4d87-945d-c143553787f5	C04	50	914	NULL	NULL	NULL	0	0	RUB	chunks/product_queries_details_BY_SEARCHES_DESC_C04.tsv
1720124782	1217110817	24	стрелец	BY_SEARCHES	DESCENDING	d68d8baf-a560-4d87-945d-c143553787f5	C04	51	690	NULL	NULL	NULL	0	0	RUB	chunks/product_queries_details_BY_SEARCHES_DESC_C04.tsv
1720124782	1217110817	24	четки в машину на зеркало	BY_SEARCHES	DESCENDING	d68d8baf-a560-4d87-945d-c143553787f5	C04	52	355	NULL	NULL	NULL	0	0	RUB	chunks/product_queries_details_BY_SEARCHES_DESC_C04.tsv
1720124782	1217110817	24	знаки зодиака	BY_SEARCHES	DESCENDING	d68d8baf-a560-4d87-945d-c143553787f5	C04	53	219	NULL	NULL	NULL	0	0	RUB	chunks/product_queries_details_BY_SEARCHES_DESC_C04.tsv
1720124782	1217110817	24	в машину на зеркало	BY_SEARCHES	DESCENDING	d68d8baf-a560-4d87-945d-c143553787f5	C04	54	173	NULL	NULL	NULL	0	0	RUB	chunks/product_queries_details_BY_SEARCHES_DESC_C04.tsv
1720124782	1217110817	24	магические атрибуты	BY_SEARCHES	DESCENDING	d68d8baf-a560-4d87-945d-c143553787f5	C04	55	146	NULL	NULL	NULL	0	0	RUB	chunks/product_queries_details_BY_SEARCHES_DESC_C04.tsv
1720124782	1217110817	24	в машину подвеска	BY_SEARCHES	DESCENDING	d68d8baf-a560-4d87-945d-c143553787f5	C04	56	144	NULL	NULL	NULL	0	0	RUB	chunks/product_queries_details_BY_SEARCHES_DESC_C04.tsv
1720124782	1217110817	24	подвеска стрелец	BY_SEARCHES	DESCENDING	d68d8baf-a560-4d87-945d-c143553787f5	C04	57	129	NULL	NULL	NULL	0	0	RUB	chunks/product_queries_details_BY_SEARCHES_DESC_C04.tsv
1720124782	1217110817	24	подвеска в автомобиль	BY_SEARCHES	DESCENDING	d68d8baf-a560-4d87-945d-c143553787f5	C04	58	111	NULL	NULL	NULL	0	0	RUB	chunks/product_queries_details_BY_SEARCHES_DESC_C04.tsv
1720124782	1217110817	24	на зеркало в машину	BY_SEARCHES	DESCENDING	d68d8baf-a560-4d87-945d-c143553787f5	C04	59	96	NULL	NULL	NULL	0	0	RUB	chunks/product_queries_details_BY_SEARCHES_DESC_C04.tsv
1720124782	1217110817	24	кулон зеркало оберег	BY_SEARCHES	DESCENDING	d68d8baf-a560-4d87-945d-c143553787f5	C04	60	83	NULL	NULL	NULL	0	0	RUB	chunks/product_queries_details_BY_SEARCHES_DESC_C04.tsv
1640330072	1124755617	21	подвеска в машину	BY_SEARCHES	DESCENDING	d68d8baf-a560-4d87-945d-c143553787f5	C04	61	3171	NULL	NULL	NULL	0	0	RUB	chunks/product_queries_details_BY_SEARCHES_DESC_C04.tsv
1640330072	1124755617	21	подарок мужчине	BY_SEARCHES	DESCENDING	d68d8baf-a560-4d87-945d-c143553787f5	C04	62	1934	NULL	NULL	NULL	0	0	RUB	chunks/product_queries_details_BY_SEARCHES_DESC_C04.tsv
1640330072	1124755617	21	коловрат	BY_SEARCHES	DESCENDING	d68d8baf-a560-4d87-945d-c143553787f5	C04	63	1932	NULL	NULL	NULL	0	0	RUB	chunks/product_queries_details_BY_SEARCHES_DESC_C04.tsv
1640330072	1124755617	21	подарочный набор для женщин	BY_SEARCHES	DESCENDING	d68d8baf-a560-4d87-945d-c143553787f5	C04	64	1746	NULL	NULL	NULL	0	0	RUB	chunks/product_queries_details_BY_SEARCHES_DESC_C04.tsv
1640330072	1124755617	21	оберег	BY_SEARCHES	DESCENDING	d68d8baf-a560-4d87-945d-c143553787f5	C04	65	1470	NULL	NULL	NULL	0	0	RUB	chunks/product_queries_details_BY_SEARCHES_DESC_C04.tsv
1640330072	1124755617	21	подвеска на зеркало в машину	BY_SEARCHES	DESCENDING	d68d8baf-a560-4d87-945d-c143553787f5	C04	66	1261	NULL	NULL	NULL	0	780	RUB	chunks/product_queries_details_BY_SEARCHES_DESC_C04.tsv
1640330072	1124755617	21	славянские обереги	BY_SEARCHES	DESCENDING	d68d8baf-a560-4d87-945d-c143553787f5	C04	67	1109	NULL	NULL	NULL	0	0	RUB	chunks/product_queries_details_BY_SEARCHES_DESC_C04.tsv
1640330072	1124755617	21	подарок женщине	BY_SEARCHES	DESCENDING	d68d8baf-a560-4d87-945d-c143553787f5	C04	68	837	NULL	NULL	NULL	0	0	RUB	chunks/product_queries_details_BY_SEARCHES_DESC_C04.tsv
1640330072	1124755617	21	руны	BY_SEARCHES	DESCENDING	d68d8baf-a560-4d87-945d-c143553787f5	C04	69	812	NULL	NULL	NULL	0	0	RUB	chunks/product_queries_details_BY_SEARCHES_DESC_C04.tsv
1640330072	1124755617	21	амулет	BY_SEARCHES	DESCENDING	d68d8baf-a560-4d87-945d-c143553787f5	C04	70	805	NULL	NULL	NULL	0	0	RUB	chunks/product_queries_details_BY_SEARCHES_DESC_C04.tsv
1640330072	1124755617	21	славянские руны	BY_SEARCHES	DESCENDING	d68d8baf-a560-4d87-945d-c143553787f5	C04	71	522	NULL	NULL	NULL	0	875	RUB	chunks/product_queries_details_BY_SEARCHES_DESC_C04.tsv
1640330072	1124755617	21	руны славянские	BY_SEARCHES	DESCENDING	d68d8baf-a560-4d87-945d-c143553787f5	C04	72	344	NULL	NULL	NULL	0	804	RUB	chunks/product_queries_details_BY_SEARCHES_DESC_C04.tsv
1640330072	1124755617	21	амулеты обереги и талисманы	BY_SEARCHES	DESCENDING	d68d8baf-a560-4d87-945d-c143553787f5	C04	73	302	NULL	NULL	NULL	0	0	RUB	chunks/product_queries_details_BY_SEARCHES_DESC_C04.tsv
1640330072	1124755617	21	славянские украшения	BY_SEARCHES	DESCENDING	d68d8baf-a560-4d87-945d-c143553787f5	C04	74	295	NULL	NULL	NULL	0	0	RUB	chunks/product_queries_details_BY_SEARCHES_DESC_C04.tsv
1640330072	1124755617	21	четки в машину	BY_SEARCHES	DESCENDING	d68d8baf-a560-4d87-945d-c143553787f5	C04	75	284	NULL	NULL	NULL	0	0	RUB	chunks/product_queries_details_BY_SEARCHES_DESC_C04.tsv
1640334195	1124761013	22	подвеска в машину	BY_SEARCHES	DESCENDING	d68d8baf-a560-4d87-945d-c143553787f5	C04	76	2315	NULL	NULL	NULL	0	0	RUB	chunks/product_queries_details_BY_SEARCHES_DESC_C04.tsv
1640334195	1124761013	22	подвеска на зеркало в машину	BY_SEARCHES	DESCENDING	d68d8baf-a560-4d87-945d-c143553787f5	C04	77	1003	NULL	NULL	NULL	0	0	RUB	chunks/product_queries_details_BY_SEARCHES_DESC_C04.tsv
1640334195	1124761013	22	оберег для дома	BY_SEARCHES	DESCENDING	d68d8baf-a560-4d87-945d-c143553787f5	C04	78	933	NULL	NULL	NULL	0	0	RUB	chunks/product_queries_details_BY_SEARCHES_DESC_C04.tsv
1640334195	1124761013	22	славянские обереги	BY_SEARCHES	DESCENDING	d68d8baf-a560-4d87-945d-c143553787f5	C04	79	708	NULL	NULL	NULL	0	0	RUB	chunks/product_queries_details_BY_SEARCHES_DESC_C04.tsv
1640334195	1124761013	22	оберег	BY_SEARCHES	DESCENDING	d68d8baf-a560-4d87-945d-c143553787f5	C04	80	699	NULL	NULL	NULL	0	0	RUB	chunks/product_queries_details_BY_SEARCHES_DESC_C04.tsv
1640334195	1124761013	22	славянские украшения	BY_SEARCHES	DESCENDING	d68d8baf-a560-4d87-945d-c143553787f5	C04	81	292	NULL	NULL	NULL	0	0	RUB	chunks/product_queries_details_BY_SEARCHES_DESC_C04.tsv
1640334195	1124761013	22	славянский оберег	BY_SEARCHES	DESCENDING	d68d8baf-a560-4d87-945d-c143553787f5	C04	82	188	NULL	NULL	NULL	0	0	RUB	chunks/product_queries_details_BY_SEARCHES_DESC_C04.tsv
1640334195	1124761013	22	оберег в машину	BY_SEARCHES	DESCENDING	d68d8baf-a560-4d87-945d-c143553787f5	C04	83	180	NULL	NULL	NULL	0	0	RUB	chunks/product_queries_details_BY_SEARCHES_DESC_C04.tsv
1640334195	1124761013	22	славянские обереги мужские	BY_SEARCHES	DESCENDING	d68d8baf-a560-4d87-945d-c143553787f5	C04	84	146	NULL	NULL	NULL	0	0	RUB	chunks/product_queries_details_BY_SEARCHES_DESC_C04.tsv
1640334195	1124761013	22	славянский	BY_SEARCHES	DESCENDING	d68d8baf-a560-4d87-945d-c143553787f5	C04	85	108	NULL	NULL	NULL	0	0	RUB	chunks/product_queries_details_BY_SEARCHES_DESC_C04.tsv
1640334195	1124761013	22	талисман	BY_SEARCHES	DESCENDING	d68d8baf-a560-4d87-945d-c143553787f5	C04	86	98	NULL	NULL	NULL	0	0	RUB	chunks/product_queries_details_BY_SEARCHES_DESC_C04.tsv
1640334195	1124761013	22	в машину подвеска	BY_SEARCHES	DESCENDING	d68d8baf-a560-4d87-945d-c143553787f5	C04	87	67	NULL	NULL	NULL	0	0	RUB	chunks/product_queries_details_BY_SEARCHES_DESC_C04.tsv
1640334195	1124761013	22	оберег славянский	BY_SEARCHES	DESCENDING	d68d8baf-a560-4d87-945d-c143553787f5	C04	88	63	NULL	NULL	NULL	0	0	RUB	chunks/product_queries_details_BY_SEARCHES_DESC_C04.tsv
1640334195	1124761013	22	семейный оберег	BY_SEARCHES	DESCENDING	d68d8baf-a560-4d87-945d-c143553787f5	C04	89	40	NULL	NULL	NULL	0	0	RUB	chunks/product_queries_details_BY_SEARCHES_DESC_C04.tsv
1640334195	1124761013	22	славянский крест	BY_SEARCHES	DESCENDING	d68d8baf-a560-4d87-945d-c143553787f5	C04	90	35	NULL	NULL	NULL	0	0	RUB	chunks/product_queries_details_BY_SEARCHES_DESC_C04.tsv
1720131759	1217117569	25	набор	BY_SEARCHES	DESCENDING	43ae2880-bd48-4194-8a0c-f25baa40e658	C05A1	1	10271	NULL	NULL	NULL	0	0	RUB	canonical_chunks/product_queries_details_BY_SEARCHES_DESC_C05_1720131759.tsv
1720131759	1217117569	25	зеркало	BY_SEARCHES	DESCENDING	43ae2880-bd48-4194-8a0c-f25baa40e658	C05A1	2	7498	NULL	NULL	NULL	0	0	RUB	canonical_chunks/product_queries_details_BY_SEARCHES_DESC_C05_1720131759.tsv
1720131759	1217117569	25	подвеска в машину	BY_SEARCHES	DESCENDING	43ae2880-bd48-4194-8a0c-f25baa40e658	C05A1	3	3171	NULL	NULL	NULL	0	0	RUB	canonical_chunks/product_queries_details_BY_SEARCHES_DESC_C05_1720131759.tsv
1720131759	1217117569	25	подвеска на зеркало в машину	BY_SEARCHES	DESCENDING	43ae2880-bd48-4194-8a0c-f25baa40e658	C05A1	4	1261	NULL	NULL	NULL	0	0	RUB	canonical_chunks/product_queries_details_BY_SEARCHES_DESC_C05_1720131759.tsv
1720131759	1217117569	25	близнецы	BY_SEARCHES	DESCENDING	43ae2880-bd48-4194-8a0c-f25baa40e658	C05A1	5	539	NULL	NULL	NULL	0	0	RUB	canonical_chunks/product_queries_details_BY_SEARCHES_DESC_C05_1720131759.tsv
1720131759	1217117569	25	оберег	BY_SEARCHES	DESCENDING	43ae2880-bd48-4194-8a0c-f25baa40e658	C05A1	6	370	NULL	NULL	NULL	0	0	RUB	canonical_chunks/product_queries_details_BY_SEARCHES_DESC_C05_1720131759.tsv
1720131759	1217117569	25	талисманы и обереги	BY_SEARCHES	DESCENDING	43ae2880-bd48-4194-8a0c-f25baa40e658	C05A1	7	305	NULL	NULL	NULL	0	0	RUB	canonical_chunks/product_queries_details_BY_SEARCHES_DESC_C05_1720131759.tsv
1720131759	1217117569	25	подвеска близнецы	BY_SEARCHES	DESCENDING	43ae2880-bd48-4194-8a0c-f25baa40e658	C05A1	8	186	NULL	NULL	NULL	0	0	RUB	canonical_chunks/product_queries_details_BY_SEARCHES_DESC_C05_1720131759.tsv
1720131759	1217117569	25	четки в автомобиль	BY_SEARCHES	DESCENDING	43ae2880-bd48-4194-8a0c-f25baa40e658	C05A1	9	178	NULL	NULL	NULL	0	0	RUB	canonical_chunks/product_queries_details_BY_SEARCHES_DESC_C05_1720131759.tsv
1720131759	1217117569	25	весы знак зодиака	BY_SEARCHES	DESCENDING	43ae2880-bd48-4194-8a0c-f25baa40e658	C05A1	10	171	NULL	NULL	NULL	0	0	RUB	canonical_chunks/product_queries_details_BY_SEARCHES_DESC_C05_1720131759.tsv
1720131759	1217117569	25	амулеты обереги и талисманы	BY_SEARCHES	DESCENDING	43ae2880-bd48-4194-8a0c-f25baa40e658	C05A1	11	160	NULL	NULL	NULL	0	0	RUB	canonical_chunks/product_queries_details_BY_SEARCHES_DESC_C05_1720131759.tsv
1720131759	1217117569	25	оберег в машину	BY_SEARCHES	DESCENDING	43ae2880-bd48-4194-8a0c-f25baa40e658	C05A1	12	157	NULL	NULL	NULL	0	0	RUB	canonical_chunks/product_queries_details_BY_SEARCHES_DESC_C05_1720131759.tsv
1720131759	1217117569	25	четки в машину	BY_SEARCHES	DESCENDING	43ae2880-bd48-4194-8a0c-f25baa40e658	C05A1	13	137	NULL	NULL	NULL	0	0	RUB	canonical_chunks/product_queries_details_BY_SEARCHES_DESC_C05_1720131759.tsv
1720131759	1217117569	25	в машину на зеркало	BY_SEARCHES	DESCENDING	43ae2880-bd48-4194-8a0c-f25baa40e658	C05A1	14	135	NULL	NULL	NULL	0	0	RUB	canonical_chunks/product_queries_details_BY_SEARCHES_DESC_C05_1720131759.tsv
1720131759	1217117569	25	обереги и талисманы	BY_SEARCHES	DESCENDING	43ae2880-bd48-4194-8a0c-f25baa40e658	C05A1	15	126	NULL	NULL	NULL	0	0	RUB	canonical_chunks/product_queries_details_BY_SEARCHES_DESC_C05_1720131759.tsv
1720137256	1217124642	26	зеркало	BY_SEARCHES	DESCENDING	4c0e67f2-0baf-4e67-a669-91bfd02e33a3	C05A2	1	14996	NULL	NULL	NULL	0	0	RUB	canonical_chunks/product_queries_details_BY_SEARCHES_DESC_C05_1720137256.tsv
1720137256	1217124642	26	весы	BY_SEARCHES	DESCENDING	4c0e67f2-0baf-4e67-a669-91bfd02e33a3	C05A2	2	14148	NULL	NULL	NULL	0	0	RUB	canonical_chunks/product_queries_details_BY_SEARCHES_DESC_C05_1720137256.tsv
1720137256	1217124642	26	подвеска в машину	BY_SEARCHES	DESCENDING	4c0e67f2-0baf-4e67-a669-91bfd02e33a3	C05A2	3	7092	NULL	NULL	NULL	0	0	RUB	canonical_chunks/product_queries_details_BY_SEARCHES_DESC_C05_1720137256.tsv
1720137256	1217124642	26	подвеска в машину на зеркало	BY_SEARCHES	DESCENDING	4c0e67f2-0baf-4e67-a669-91bfd02e33a3	C05A2	4	6256	NULL	NULL	NULL	0	0	RUB	canonical_chunks/product_queries_details_BY_SEARCHES_DESC_C05_1720137256.tsv
1720137256	1217124642	26	четки в машину	BY_SEARCHES	DESCENDING	4c0e67f2-0baf-4e67-a669-91bfd02e33a3	C05A2	5	2492	NULL	NULL	NULL	0	0	RUB	canonical_chunks/product_queries_details_BY_SEARCHES_DESC_C05_1720137256.tsv
1720137256	1217124642	26	подвеска на зеркало в машину	BY_SEARCHES	DESCENDING	4c0e67f2-0baf-4e67-a669-91bfd02e33a3	C05A2	6	1288	NULL	NULL	NULL	0	633	RUB	canonical_chunks/product_queries_details_BY_SEARCHES_DESC_C05_1720137256.tsv
1720137256	1217124642	26	оберег	BY_SEARCHES	DESCENDING	4c0e67f2-0baf-4e67-a669-91bfd02e33a3	C05A2	7	1064	NULL	NULL	NULL	0	0	RUB	canonical_chunks/product_queries_details_BY_SEARCHES_DESC_C05_1720137256.tsv
1720137256	1217124642	26	амулеты обереги и талисманы	BY_SEARCHES	DESCENDING	4c0e67f2-0baf-4e67-a669-91bfd02e33a3	C05A2	8	461	NULL	NULL	NULL	0	0	RUB	canonical_chunks/product_queries_details_BY_SEARCHES_DESC_C05_1720137256.tsv
1720137256	1217124642	26	четки в автомобиль	BY_SEARCHES	DESCENDING	4c0e67f2-0baf-4e67-a669-91bfd02e33a3	C05A2	9	395	NULL	NULL	NULL	0	0	RUB	canonical_chunks/product_queries_details_BY_SEARCHES_DESC_C05_1720137256.tsv
1720137256	1217124642	26	четки в машину на зеркало	BY_SEARCHES	DESCENDING	4c0e67f2-0baf-4e67-a669-91bfd02e33a3	C05A2	10	311	NULL	NULL	NULL	0	0	RUB	canonical_chunks/product_queries_details_BY_SEARCHES_DESC_C05_1720137256.tsv
1720137256	1217124642	26	весы знак зодиака	BY_SEARCHES	DESCENDING	4c0e67f2-0baf-4e67-a669-91bfd02e33a3	C05A2	11	250	NULL	NULL	NULL	0	0	RUB	canonical_chunks/product_queries_details_BY_SEARCHES_DESC_C05_1720137256.tsv
1720137256	1217124642	26	подвеска весы	BY_SEARCHES	DESCENDING	4c0e67f2-0baf-4e67-a669-91bfd02e33a3	C05A2	12	233	NULL	NULL	NULL	0	0	RUB	canonical_chunks/product_queries_details_BY_SEARCHES_DESC_C05_1720137256.tsv
1720137256	1217124642	26	оберег в машину	BY_SEARCHES	DESCENDING	4c0e67f2-0baf-4e67-a669-91bfd02e33a3	C05A2	13	210	NULL	NULL	NULL	0	0	RUB	canonical_chunks/product_queries_details_BY_SEARCHES_DESC_C05_1720137256.tsv
1720137256	1217124642	26	в машину подвеска	BY_SEARCHES	DESCENDING	4c0e67f2-0baf-4e67-a669-91bfd02e33a3	C05A2	14	187	NULL	NULL	NULL	0	0	RUB	canonical_chunks/product_queries_details_BY_SEARCHES_DESC_C05_1720137256.tsv
1720137256	1217124642	26	в машину на зеркало	BY_SEARCHES	DESCENDING	4c0e67f2-0baf-4e67-a669-91bfd02e33a3	C05A2	15	183	NULL	NULL	NULL	0	0	RUB	canonical_chunks/product_queries_details_BY_SEARCHES_DESC_C05_1720137256.tsv
1720141903	1217129635	27	подвеска в машину	BY_SEARCHES	DESCENDING	f659124d-b1b5-449d-bff3-f9f5abbc3038	C05A3	1	7092	NULL	NULL	NULL	0	756	RUB	canonical_chunks/product_queries_details_BY_SEARCHES_DESC_C05_1720141903.tsv
1720141903	1217129635	27	подвеска в машину на зеркало	BY_SEARCHES	DESCENDING	f659124d-b1b5-449d-bff3-f9f5abbc3038	C05A3	2	1560	NULL	NULL	NULL	0	0	RUB	canonical_chunks/product_queries_details_BY_SEARCHES_DESC_C05_1720141903.tsv
1720141903	1217129635	27	подвеска на зеркало в машину	BY_SEARCHES	DESCENDING	f659124d-b1b5-449d-bff3-f9f5abbc3038	C05A3	3	1288	NULL	NULL	NULL	0	0	RUB	canonical_chunks/product_queries_details_BY_SEARCHES_DESC_C05_1720141903.tsv
1720141903	1217129635	27	водолей	BY_SEARCHES	DESCENDING	f659124d-b1b5-449d-bff3-f9f5abbc3038	C05A3	4	855	NULL	NULL	NULL	0	0	RUB	canonical_chunks/product_queries_details_BY_SEARCHES_DESC_C05_1720141903.tsv
1720141903	1217129635	27	четки в автомобиль	BY_SEARCHES	DESCENDING	f659124d-b1b5-449d-bff3-f9f5abbc3038	C05A3	5	395	NULL	NULL	NULL	0	0	RUB	canonical_chunks/product_queries_details_BY_SEARCHES_DESC_C05_1720141903.tsv
1720141903	1217129635	27	амулеты обереги и талисманы	BY_SEARCHES	DESCENDING	f659124d-b1b5-449d-bff3-f9f5abbc3038	C05A3	6	391	NULL	NULL	NULL	0	0	RUB	canonical_chunks/product_queries_details_BY_SEARCHES_DESC_C05_1720141903.tsv
1720141903	1217129635	27	четки в машину	BY_SEARCHES	DESCENDING	f659124d-b1b5-449d-bff3-f9f5abbc3038	C05A3	7	284	NULL	NULL	NULL	0	0	RUB	canonical_chunks/product_queries_details_BY_SEARCHES_DESC_C05_1720141903.tsv
1720141903	1217129635	27	оберег в машину	BY_SEARCHES	DESCENDING	f659124d-b1b5-449d-bff3-f9f5abbc3038	C05A3	8	258	NULL	NULL	NULL	0	0	RUB	canonical_chunks/product_queries_details_BY_SEARCHES_DESC_C05_1720141903.tsv
1720141903	1217129635	27	в машину подвеска	BY_SEARCHES	DESCENDING	f659124d-b1b5-449d-bff3-f9f5abbc3038	C05A3	9	238	NULL	NULL	NULL	0	0	RUB	canonical_chunks/product_queries_details_BY_SEARCHES_DESC_C05_1720141903.tsv
1720141903	1217129635	27	кулон зеркало оберег	BY_SEARCHES	DESCENDING	f659124d-b1b5-449d-bff3-f9f5abbc3038	C05A3	10	164	NULL	NULL	NULL	0	0	RUB	canonical_chunks/product_queries_details_BY_SEARCHES_DESC_C05_1720141903.tsv
1720141903	1217129635	27	мусульманский оберег	BY_SEARCHES	DESCENDING	f659124d-b1b5-449d-bff3-f9f5abbc3038	C05A3	11	118	NULL	NULL	NULL	0	0	RUB	canonical_chunks/product_queries_details_BY_SEARCHES_DESC_C05_1720141903.tsv
1720141903	1217129635	27	в машину на зеркало	BY_SEARCHES	DESCENDING	f659124d-b1b5-449d-bff3-f9f5abbc3038	C05A3	12	112	NULL	NULL	NULL	0	0	RUB	canonical_chunks/product_queries_details_BY_SEARCHES_DESC_C05_1720141903.tsv
1720141903	1217129635	27	знаки зодиака	BY_SEARCHES	DESCENDING	f659124d-b1b5-449d-bff3-f9f5abbc3038	C05A3	13	111	NULL	NULL	NULL	0	0	RUB	canonical_chunks/product_queries_details_BY_SEARCHES_DESC_C05_1720141903.tsv
1720141903	1217129635	27	подвеска на зеркало автомобиля	BY_SEARCHES	DESCENDING	f659124d-b1b5-449d-bff3-f9f5abbc3038	C05A3	14	97	NULL	NULL	NULL	0	0	RUB	canonical_chunks/product_queries_details_BY_SEARCHES_DESC_C05_1720141903.tsv
1720141903	1217129635	27	подвеска водолей	BY_SEARCHES	DESCENDING	f659124d-b1b5-449d-bff3-f9f5abbc3038	C05A3	15	93	NULL	NULL	NULL	0	0	RUB	canonical_chunks/product_queries_details_BY_SEARCHES_DESC_C05_1720141903.tsv
1720144370	1217132021	28	подвеска в машину	BY_SEARCHES	DESCENDING	560dd27d-02e5-4d5e-9ad2-7d8a8d158911	C05A4	1	3171	NULL	NULL	NULL	0	0	RUB	canonical_chunks/product_queries_details_BY_SEARCHES_DESC_C05_1720144370.tsv
1720144370	1217132021	28	оберег	BY_SEARCHES	DESCENDING	560dd27d-02e5-4d5e-9ad2-7d8a8d158911	C05A4	2	2449	NULL	NULL	NULL	0	0	RUB	canonical_chunks/product_queries_details_BY_SEARCHES_DESC_C05_1720144370.tsv
1720144370	1217132021	28	дева	BY_SEARCHES	DESCENDING	560dd27d-02e5-4d5e-9ad2-7d8a8d158911	C05A4	3	2094	NULL	NULL	NULL	0	0	RUB	canonical_chunks/product_queries_details_BY_SEARCHES_DESC_C05_1720144370.tsv
1720144370	1217132021	28	подвеска на зеркало в машину	BY_SEARCHES	DESCENDING	560dd27d-02e5-4d5e-9ad2-7d8a8d158911	C05A4	4	1261	NULL	NULL	NULL	0	0	RUB	canonical_chunks/product_queries_details_BY_SEARCHES_DESC_C05_1720144370.tsv
1720144370	1217132021	28	четки	BY_SEARCHES	DESCENDING	560dd27d-02e5-4d5e-9ad2-7d8a8d158911	C05A4	5	796	NULL	NULL	NULL	0	0	RUB	canonical_chunks/product_queries_details_BY_SEARCHES_DESC_C05_1720144370.tsv
1720144370	1217132021	28	подвеска дева	BY_SEARCHES	DESCENDING	560dd27d-02e5-4d5e-9ad2-7d8a8d158911	C05A4	6	368	NULL	NULL	NULL	0	0	RUB	canonical_chunks/product_queries_details_BY_SEARCHES_DESC_C05_1720144370.tsv
1720144370	1217132021	28	подарок для девы	BY_SEARCHES	DESCENDING	560dd27d-02e5-4d5e-9ad2-7d8a8d158911	C05A4	7	366	NULL	NULL	NULL	0	0	RUB	canonical_chunks/product_queries_details_BY_SEARCHES_DESC_C05_1720144370.tsv
1720144370	1217132021	28	знак зодиака дева	BY_SEARCHES	DESCENDING	560dd27d-02e5-4d5e-9ad2-7d8a8d158911	C05A4	8	366	NULL	NULL	NULL	0	0	RUB	canonical_chunks/product_queries_details_BY_SEARCHES_DESC_C05_1720144370.tsv
1720144370	1217132021	28	дева знак зодиака	BY_SEARCHES	DESCENDING	560dd27d-02e5-4d5e-9ad2-7d8a8d158911	C05A4	9	316	NULL	NULL	NULL	0	0	RUB	canonical_chunks/product_queries_details_BY_SEARCHES_DESC_C05_1720144370.tsv
1720144370	1217132021	28	четки в машину	BY_SEARCHES	DESCENDING	560dd27d-02e5-4d5e-9ad2-7d8a8d158911	C05A4	10	284	NULL	NULL	NULL	0	0	RUB	canonical_chunks/product_queries_details_BY_SEARCHES_DESC_C05_1720144370.tsv
1720144370	1217132021	28	амулеты обереги и талисманы	BY_SEARCHES	DESCENDING	560dd27d-02e5-4d5e-9ad2-7d8a8d158911	C05A4	11	260	NULL	NULL	NULL	0	0	RUB	canonical_chunks/product_queries_details_BY_SEARCHES_DESC_C05_1720144370.tsv
1720144370	1217132021	28	четки в машину на зеркало	BY_SEARCHES	DESCENDING	560dd27d-02e5-4d5e-9ad2-7d8a8d158911	C05A4	12	184	NULL	NULL	NULL	0	0	RUB	canonical_chunks/product_queries_details_BY_SEARCHES_DESC_C05_1720144370.tsv
1720144370	1217132021	28	четки в автомобиль	BY_SEARCHES	DESCENDING	560dd27d-02e5-4d5e-9ad2-7d8a8d158911	C05A4	13	178	NULL	NULL	NULL	0	0	RUB	canonical_chunks/product_queries_details_BY_SEARCHES_DESC_C05_1720144370.tsv
1720144370	1217132021	28	в машину подвеска	BY_SEARCHES	DESCENDING	560dd27d-02e5-4d5e-9ad2-7d8a8d158911	C05A4	14	123	NULL	NULL	NULL	0	0	RUB	canonical_chunks/product_queries_details_BY_SEARCHES_DESC_C05_1720144370.tsv
1720144370	1217132021	28	оберег в машину	BY_SEARCHES	DESCENDING	560dd27d-02e5-4d5e-9ad2-7d8a8d158911	C05A4	15	118	NULL	NULL	NULL	0	0	RUB	canonical_chunks/product_queries_details_BY_SEARCHES_DESC_C05_1720144370.tsv
1720147059	1217135724	29	зеркало	BY_SEARCHES	DESCENDING	39c9a3be-0687-4a24-af47-59c430142425	C05A5	1	14874	NULL	NULL	NULL	0	0	RUB	canonical_chunks/product_queries_details_BY_SEARCHES_DESC_C05_1720147059.tsv
1720147059	1217135724	29	подвеска в машину	BY_SEARCHES	DESCENDING	39c9a3be-0687-4a24-af47-59c430142425	C05A5	2	3171	NULL	NULL	NULL	0	0	RUB	canonical_chunks/product_queries_details_BY_SEARCHES_DESC_C05_1720147059.tsv
1720147059	1217135724	29	оберег в машину	BY_SEARCHES	DESCENDING	39c9a3be-0687-4a24-af47-59c430142425	C05A5	3	1190	NULL	NULL	NULL	0	0	RUB	canonical_chunks/product_queries_details_BY_SEARCHES_DESC_C05_1720147059.tsv
1720147059	1217135724	29	подвеска на зеркало в машину	BY_SEARCHES	DESCENDING	39c9a3be-0687-4a24-af47-59c430142425	C05A5	4	1177	NULL	NULL	NULL	0	0	RUB	canonical_chunks/product_queries_details_BY_SEARCHES_DESC_C05_1720147059.tsv
1720147059	1217135724	29	козерог	BY_SEARCHES	DESCENDING	39c9a3be-0687-4a24-af47-59c430142425	C05A5	5	842	NULL	NULL	NULL	0	463	RUB	canonical_chunks/product_queries_details_BY_SEARCHES_DESC_C05_1720147059.tsv
1720147059	1217135724	29	четки в машину	BY_SEARCHES	DESCENDING	39c9a3be-0687-4a24-af47-59c430142425	C05A5	6	661	NULL	NULL	NULL	0	0	RUB	canonical_chunks/product_queries_details_BY_SEARCHES_DESC_C05_1720147059.tsv
1720147059	1217135724	29	брелок коза	BY_SEARCHES	DESCENDING	39c9a3be-0687-4a24-af47-59c430142425	C05A5	7	249	NULL	NULL	NULL	0	0	RUB	canonical_chunks/product_queries_details_BY_SEARCHES_DESC_C05_1720147059.tsv
1720147059	1217135724	29	знаки зодиака	BY_SEARCHES	DESCENDING	39c9a3be-0687-4a24-af47-59c430142425	C05A5	8	212	NULL	NULL	NULL	0	0	RUB	canonical_chunks/product_queries_details_BY_SEARCHES_DESC_C05_1720147059.tsv
1720147059	1217135724	29	амулеты обереги и талисманы	BY_SEARCHES	DESCENDING	39c9a3be-0687-4a24-af47-59c430142425	C05A5	9	199	NULL	NULL	NULL	0	0	RUB	canonical_chunks/product_queries_details_BY_SEARCHES_DESC_C05_1720147059.tsv
1720147059	1217135724	29	подвеска козерог	BY_SEARCHES	DESCENDING	39c9a3be-0687-4a24-af47-59c430142425	C05A5	10	194	NULL	NULL	NULL	0	0	RUB	canonical_chunks/product_queries_details_BY_SEARCHES_DESC_C05_1720147059.tsv
1720147059	1217135724	29	в машину подвеска	BY_SEARCHES	DESCENDING	39c9a3be-0687-4a24-af47-59c430142425	C05A5	11	182	NULL	NULL	NULL	0	0	RUB	canonical_chunks/product_queries_details_BY_SEARCHES_DESC_C05_1720147059.tsv
1720147059	1217135724	29	четки в автомобиль	BY_SEARCHES	DESCENDING	39c9a3be-0687-4a24-af47-59c430142425	C05A5	12	178	NULL	NULL	NULL	0	0	RUB	canonical_chunks/product_queries_details_BY_SEARCHES_DESC_C05_1720147059.tsv
1720147059	1217135724	29	в машину на зеркало	BY_SEARCHES	DESCENDING	39c9a3be-0687-4a24-af47-59c430142425	C05A5	13	168	NULL	NULL	NULL	0	0	RUB	canonical_chunks/product_queries_details_BY_SEARCHES_DESC_C05_1720147059.tsv
1720147059	1217135724	29	зеркало в пол	BY_SEARCHES	DESCENDING	39c9a3be-0687-4a24-af47-59c430142425	C05A5	14	160	NULL	NULL	NULL	0	0	RUB	canonical_chunks/product_queries_details_BY_SEARCHES_DESC_C05_1720147059.tsv
1720147059	1217135724	29	козерог подвеска	BY_SEARCHES	DESCENDING	39c9a3be-0687-4a24-af47-59c430142425	C05A5	15	107	NULL	NULL	NULL	0	0	RUB	canonical_chunks/product_queries_details_BY_SEARCHES_DESC_C05_1720147059.tsv
1720148880	1217137863	30	подвеска в машину	BY_SEARCHES	DESCENDING	55830c8d-b254-4be5-a24e-b3729fea0d5a	C05A6	1	7092	NULL	NULL	NULL	0	617	RUB	canonical_chunks/product_queries_details_BY_SEARCHES_DESC_C05_1720148880.tsv
1720148880	1217137863	30	четки в машину	BY_SEARCHES	DESCENDING	55830c8d-b254-4be5-a24e-b3729fea0d5a	C05A6	2	2492	NULL	NULL	NULL	0	0	RUB	canonical_chunks/product_queries_details_BY_SEARCHES_DESC_C05_1720148880.tsv
1720148880	1217137863	30	подвеска в машину на зеркало	BY_SEARCHES	DESCENDING	55830c8d-b254-4be5-a24e-b3729fea0d5a	C05A6	3	2032	NULL	NULL	NULL	0	777	RUB	canonical_chunks/product_queries_details_BY_SEARCHES_DESC_C05_1720148880.tsv
1720148880	1217137863	30	оберег	BY_SEARCHES	DESCENDING	55830c8d-b254-4be5-a24e-b3729fea0d5a	C05A6	4	1930	NULL	NULL	NULL	0	0	RUB	canonical_chunks/product_queries_details_BY_SEARCHES_DESC_C05_1720148880.tsv
1720148880	1217137863	30	овен	BY_SEARCHES	DESCENDING	55830c8d-b254-4be5-a24e-b3729fea0d5a	C05A6	5	1305	NULL	NULL	NULL	0	0	RUB	canonical_chunks/product_queries_details_BY_SEARCHES_DESC_C05_1720148880.tsv
1720148880	1217137863	30	подвеска на зеркало в машину	BY_SEARCHES	DESCENDING	55830c8d-b254-4be5-a24e-b3729fea0d5a	C05A6	6	1288	NULL	NULL	NULL	0	0	RUB	canonical_chunks/product_queries_details_BY_SEARCHES_DESC_C05_1720148880.tsv
1720148880	1217137863	30	оберег в машину	BY_SEARCHES	DESCENDING	55830c8d-b254-4be5-a24e-b3729fea0d5a	C05A6	7	1149	NULL	NULL	NULL	0	0	RUB	canonical_chunks/product_queries_details_BY_SEARCHES_DESC_C05_1720148880.tsv
1720148880	1217137863	30	четки в автомобиль	BY_SEARCHES	DESCENDING	55830c8d-b254-4be5-a24e-b3729fea0d5a	C05A6	8	573	NULL	NULL	NULL	0	0	RUB	canonical_chunks/product_queries_details_BY_SEARCHES_DESC_C05_1720148880.tsv
1720148880	1217137863	30	амулет	BY_SEARCHES	DESCENDING	55830c8d-b254-4be5-a24e-b3729fea0d5a	C05A6	9	458	NULL	NULL	NULL	0	0	RUB	canonical_chunks/product_queries_details_BY_SEARCHES_DESC_C05_1720148880.tsv
1720148880	1217137863	30	четки в машину на зеркало	BY_SEARCHES	DESCENDING	55830c8d-b254-4be5-a24e-b3729fea0d5a	C05A6	10	408	NULL	NULL	NULL	0	0	RUB	canonical_chunks/product_queries_details_BY_SEARCHES_DESC_C05_1720148880.tsv
1720148880	1217137863	30	знаки зодиака	BY_SEARCHES	DESCENDING	55830c8d-b254-4be5-a24e-b3729fea0d5a	C05A6	11	371	NULL	NULL	NULL	0	0	RUB	canonical_chunks/product_queries_details_BY_SEARCHES_DESC_C05_1720148880.tsv
1720148880	1217137863	30	амулеты обереги и талисманы	BY_SEARCHES	DESCENDING	55830c8d-b254-4be5-a24e-b3729fea0d5a	C05A6	12	324	NULL	NULL	NULL	0	0	RUB	canonical_chunks/product_queries_details_BY_SEARCHES_DESC_C05_1720148880.tsv
1720148880	1217137863	30	подвеска овен	BY_SEARCHES	DESCENDING	55830c8d-b254-4be5-a24e-b3729fea0d5a	C05A6	13	225	NULL	NULL	NULL	0	0	RUB	canonical_chunks/product_queries_details_BY_SEARCHES_DESC_C05_1720148880.tsv
1720148880	1217137863	30	в машину подвеска	BY_SEARCHES	DESCENDING	55830c8d-b254-4be5-a24e-b3729fea0d5a	C05A6	14	225	NULL	NULL	NULL	0	0	RUB	canonical_chunks/product_queries_details_BY_SEARCHES_DESC_C05_1720148880.tsv
1720148880	1217137863	30	брелок в машину на зеркало	BY_SEARCHES	DESCENDING	55830c8d-b254-4be5-a24e-b3729fea0d5a	C05A6	15	205	NULL	NULL	NULL	0	0	RUB	canonical_chunks/product_queries_details_BY_SEARCHES_DESC_C05_1720148880.tsv
1720153914	1217143121	32	подвеска в машину	BY_SEARCHES	DESCENDING	b1bb13ce-d76c-4a7a-9fa6-3714fd7d3579	C06A2	1	7092	NULL	NULL	NULL	0	0	RUB	canonical_chunks/product_queries_details_BY_SEARCHES_DESC_C06_1720153914.tsv
1720153914	1217143121	32	четки в машину	BY_SEARCHES	DESCENDING	b1bb13ce-d76c-4a7a-9fa6-3714fd7d3579	C06A2	2	2253	NULL	NULL	NULL	0	0	RUB	canonical_chunks/product_queries_details_BY_SEARCHES_DESC_C06_1720153914.tsv
1720153914	1217143121	32	подвеска на зеркало в машину	BY_SEARCHES	DESCENDING	b1bb13ce-d76c-4a7a-9fa6-3714fd7d3579	C06A2	3	1215	NULL	NULL	NULL	0	0	RUB	canonical_chunks/product_queries_details_BY_SEARCHES_DESC_C06_1720153914.tsv
1720153914	1217143121	32	оберег в машину	BY_SEARCHES	DESCENDING	b1bb13ce-d76c-4a7a-9fa6-3714fd7d3579	C06A2	4	1103	NULL	NULL	NULL	0	0	RUB	canonical_chunks/product_queries_details_BY_SEARCHES_DESC_C06_1720153914.tsv
1720153914	1217143121	32	раки	BY_SEARCHES	DESCENDING	b1bb13ce-d76c-4a7a-9fa6-3714fd7d3579	C06A2	5	701	NULL	NULL	NULL	0	0	RUB	canonical_chunks/product_queries_details_BY_SEARCHES_DESC_C06_1720153914.tsv
1720153914	1217143121	32	рак	BY_SEARCHES	DESCENDING	b1bb13ce-d76c-4a7a-9fa6-3714fd7d3579	C06A2	6	675	NULL	NULL	NULL	0	0	RUB	canonical_chunks/product_queries_details_BY_SEARCHES_DESC_C06_1720153914.tsv
1720153914	1217143121	32	подвеска в автомобиль	BY_SEARCHES	DESCENDING	b1bb13ce-d76c-4a7a-9fa6-3714fd7d3579	C06A2	7	462	NULL	NULL	NULL	0	0	RUB	canonical_chunks/product_queries_details_BY_SEARCHES_DESC_C06_1720153914.tsv
1720153914	1217143121	32	подвеска рак	BY_SEARCHES	DESCENDING	b1bb13ce-d76c-4a7a-9fa6-3714fd7d3579	C06A2	8	179	NULL	NULL	NULL	0	0	RUB	canonical_chunks/product_queries_details_BY_SEARCHES_DESC_C06_1720153914.tsv
1720153914	1217143121	32	магические атрибуты	BY_SEARCHES	DESCENDING	b1bb13ce-d76c-4a7a-9fa6-3714fd7d3579	C06A2	9	149	NULL	NULL	NULL	0	0	RUB	canonical_chunks/product_queries_details_BY_SEARCHES_DESC_C06_1720153914.tsv
1720153914	1217143121	32	четки в машину на зеркало	BY_SEARCHES	DESCENDING	b1bb13ce-d76c-4a7a-9fa6-3714fd7d3579	C06A2	10	117	NULL	NULL	NULL	0	0	RUB	canonical_chunks/product_queries_details_BY_SEARCHES_DESC_C06_1720153914.tsv
1720153914	1217143121	32	знак зодиака рак	BY_SEARCHES	DESCENDING	b1bb13ce-d76c-4a7a-9fa6-3714fd7d3579	C06A2	11	93	NULL	NULL	NULL	0	0	RUB	canonical_chunks/product_queries_details_BY_SEARCHES_DESC_C06_1720153914.tsv
1720153914	1217143121	32	в машину на зеркало	BY_SEARCHES	DESCENDING	b1bb13ce-d76c-4a7a-9fa6-3714fd7d3579	C06A2	12	84	NULL	NULL	NULL	0	0	RUB	canonical_chunks/product_queries_details_BY_SEARCHES_DESC_C06_1720153914.tsv
1720153914	1217143121	32	магическое зеркало	BY_SEARCHES	DESCENDING	b1bb13ce-d76c-4a7a-9fa6-3714fd7d3579	C06A2	13	82	NULL	NULL	NULL	0	0	RUB	canonical_chunks/product_queries_details_BY_SEARCHES_DESC_C06_1720153914.tsv
1720153914	1217143121	32	в машину подвеска	BY_SEARCHES	DESCENDING	b1bb13ce-d76c-4a7a-9fa6-3714fd7d3579	C06A2	14	79	NULL	NULL	NULL	0	0	RUB	canonical_chunks/product_queries_details_BY_SEARCHES_DESC_C06_1720153914.tsv
1720153914	1217143121	32	знаки зодиака	BY_SEARCHES	DESCENDING	b1bb13ce-d76c-4a7a-9fa6-3714fd7d3579	C06A2	15	70	NULL	NULL	NULL	0	0	RUB	canonical_chunks/product_queries_details_BY_SEARCHES_DESC_C06_1720153914.tsv
1720155616	1217145315	33	зеркало	BY_SEARCHES	DESCENDING	4fe514e9-ef73-40c6-8747-a96d59efa5ff	C06A3	1	7498	NULL	NULL	NULL	0	0	RUB	canonical_chunks/product_queries_details_BY_SEARCHES_DESC_C06_1720155616.tsv
1720155616	1217145315	33	подвеска в машину	BY_SEARCHES	DESCENDING	4fe514e9-ef73-40c6-8747-a96d59efa5ff	C06A3	2	7058	NULL	NULL	NULL	0	0	RUB	canonical_chunks/product_queries_details_BY_SEARCHES_DESC_C06_1720155616.tsv
1720155616	1217145315	33	подвеска в машину на зеркало	BY_SEARCHES	DESCENDING	4fe514e9-ef73-40c6-8747-a96d59efa5ff	C06A3	3	6256	NULL	NULL	NULL	0	0	RUB	canonical_chunks/product_queries_details_BY_SEARCHES_DESC_C06_1720155616.tsv
1720155616	1217145315	33	рыба	BY_SEARCHES	DESCENDING	4fe514e9-ef73-40c6-8747-a96d59efa5ff	C06A3	4	4286	NULL	NULL	NULL	0	0	RUB	canonical_chunks/product_queries_details_BY_SEARCHES_DESC_C06_1720155616.tsv
1720155616	1217145315	33	четки в машину	BY_SEARCHES	DESCENDING	4fe514e9-ef73-40c6-8747-a96d59efa5ff	C06A3	5	988	NULL	NULL	NULL	0	0	RUB	canonical_chunks/product_queries_details_BY_SEARCHES_DESC_C06_1720155616.tsv
1720155616	1217145315	33	подвеска на зеркало в машину	BY_SEARCHES	DESCENDING	4fe514e9-ef73-40c6-8747-a96d59efa5ff	C06A3	6	971	NULL	NULL	NULL	0	0	RUB	canonical_chunks/product_queries_details_BY_SEARCHES_DESC_C06_1720155616.tsv
1720155616	1217145315	33	оберег	BY_SEARCHES	DESCENDING	4fe514e9-ef73-40c6-8747-a96d59efa5ff	C06A3	7	618	NULL	NULL	NULL	0	0	RUB	canonical_chunks/product_queries_details_BY_SEARCHES_DESC_C06_1720155616.tsv
1720155616	1217145315	33	подвеска в автомобиль	BY_SEARCHES	DESCENDING	4fe514e9-ef73-40c6-8747-a96d59efa5ff	C06A3	8	250	NULL	NULL	NULL	0	0	RUB	canonical_chunks/product_queries_details_BY_SEARCHES_DESC_C06_1720155616.tsv
1720155616	1217145315	33	четки в автомобиль	BY_SEARCHES	DESCENDING	4fe514e9-ef73-40c6-8747-a96d59efa5ff	C06A3	9	178	NULL	NULL	NULL	0	0	RUB	canonical_chunks/product_queries_details_BY_SEARCHES_DESC_C06_1720155616.tsv
1720155616	1217145315	33	рыбы	BY_SEARCHES	DESCENDING	4fe514e9-ef73-40c6-8747-a96d59efa5ff	C06A3	10	161	NULL	NULL	NULL	0	0	RUB	canonical_chunks/product_queries_details_BY_SEARCHES_DESC_C06_1720155616.tsv
1720155616	1217145315	33	четки в машину на зеркало	BY_SEARCHES	DESCENDING	4fe514e9-ef73-40c6-8747-a96d59efa5ff	C06A3	11	115	NULL	NULL	NULL	0	0	RUB	canonical_chunks/product_queries_details_BY_SEARCHES_DESC_C06_1720155616.tsv
1720155616	1217145315	33	от сглаза	BY_SEARCHES	DESCENDING	4fe514e9-ef73-40c6-8747-a96d59efa5ff	C06A3	12	104	NULL	NULL	NULL	0	0	RUB	canonical_chunks/product_queries_details_BY_SEARCHES_DESC_C06_1720155616.tsv
1720155616	1217145315	33	подвеска на зеркало автомобиля	BY_SEARCHES	DESCENDING	4fe514e9-ef73-40c6-8747-a96d59efa5ff	C06A3	13	92	NULL	NULL	NULL	0	0	RUB	canonical_chunks/product_queries_details_BY_SEARCHES_DESC_C06_1720155616.tsv
1720155616	1217145315	33	оберег от сглаза и порчи	BY_SEARCHES	DESCENDING	4fe514e9-ef73-40c6-8747-a96d59efa5ff	C06A3	14	87	NULL	NULL	NULL	0	0	RUB	canonical_chunks/product_queries_details_BY_SEARCHES_DESC_C06_1720155616.tsv
1720155616	1217145315	33	ловец снов в машину	BY_SEARCHES	DESCENDING	4fe514e9-ef73-40c6-8747-a96d59efa5ff	C06A3	15	87	NULL	NULL	NULL	0	0	RUB	canonical_chunks/product_queries_details_BY_SEARCHES_DESC_C06_1720155616.tsv
1720160556	1217150153	34	набор	BY_SEARCHES	DESCENDING	51925632-0a7c-425e-b632-3ff96949e453	C06A4	1	10784	NULL	NULL	NULL	0	0	RUB	canonical_chunks/product_queries_details_BY_SEARCHES_DESC_C06_1720160556.tsv
1720160556	1217150153	34	подвеска в машину	BY_SEARCHES	DESCENDING	51925632-0a7c-425e-b632-3ff96949e453	C06A4	2	7092	NULL	NULL	NULL	0	0	RUB	canonical_chunks/product_queries_details_BY_SEARCHES_DESC_C06_1720160556.tsv
1720160556	1217150153	34	скорпион	BY_SEARCHES	DESCENDING	51925632-0a7c-425e-b632-3ff96949e453	C06A4	3	2713	NULL	NULL	NULL	0	0	RUB	canonical_chunks/product_queries_details_BY_SEARCHES_DESC_C06_1720160556.tsv
1720160556	1217150153	34	подвеска	BY_SEARCHES	DESCENDING	51925632-0a7c-425e-b632-3ff96949e453	C06A4	4	2415	NULL	NULL	NULL	0	0	RUB	canonical_chunks/product_queries_details_BY_SEARCHES_DESC_C06_1720160556.tsv
1720160556	1217150153	34	подвеска в машину на зеркало	BY_SEARCHES	DESCENDING	51925632-0a7c-425e-b632-3ff96949e453	C06A4	5	1367	NULL	NULL	NULL	0	0	RUB	canonical_chunks/product_queries_details_BY_SEARCHES_DESC_C06_1720160556.tsv
1720160556	1217150153	34	подвеска на зеркало в машину	BY_SEARCHES	DESCENDING	51925632-0a7c-425e-b632-3ff96949e453	C06A4	6	1127	NULL	NULL	NULL	0	0	RUB	canonical_chunks/product_queries_details_BY_SEARCHES_DESC_C06_1720160556.tsv
1720160556	1217150153	34	подвеска скорпион	BY_SEARCHES	DESCENDING	51925632-0a7c-425e-b632-3ff96949e453	C06A4	7	454	NULL	NULL	NULL	0	0	RUB	canonical_chunks/product_queries_details_BY_SEARCHES_DESC_C06_1720160556.tsv
1720160556	1217150153	34	подвеска в автомобиль	BY_SEARCHES	DESCENDING	51925632-0a7c-425e-b632-3ff96949e453	C06A4	8	422	NULL	NULL	NULL	0	0	RUB	canonical_chunks/product_queries_details_BY_SEARCHES_DESC_C06_1720160556.tsv
1720160556	1217150153	34	зеркало заднего вида салонное	BY_SEARCHES	DESCENDING	51925632-0a7c-425e-b632-3ff96949e453	C06A4	9	398	NULL	NULL	NULL	0	0	RUB	canonical_chunks/product_queries_details_BY_SEARCHES_DESC_C06_1720160556.tsv
1720160556	1217150153	34	четки в машину	BY_SEARCHES	DESCENDING	51925632-0a7c-425e-b632-3ff96949e453	C06A4	10	284	NULL	NULL	NULL	0	0	RUB	canonical_chunks/product_queries_details_BY_SEARCHES_DESC_C06_1720160556.tsv
1720160556	1217150153	34	крест в машину на зеркало	BY_SEARCHES	DESCENDING	51925632-0a7c-425e-b632-3ff96949e453	C06A4	11	258	NULL	NULL	NULL	0	0	RUB	canonical_chunks/product_queries_details_BY_SEARCHES_DESC_C06_1720160556.tsv
1720160556	1217150153	34	амулеты обереги и талисманы	BY_SEARCHES	DESCENDING	51925632-0a7c-425e-b632-3ff96949e453	C06A4	12	217	NULL	NULL	NULL	0	0	RUB	canonical_chunks/product_queries_details_BY_SEARCHES_DESC_C06_1720160556.tsv
1720160556	1217150153	34	в машину подвеска	BY_SEARCHES	DESCENDING	51925632-0a7c-425e-b632-3ff96949e453	C06A4	13	181	NULL	NULL	NULL	0	0	RUB	canonical_chunks/product_queries_details_BY_SEARCHES_DESC_C06_1720160556.tsv
1720160556	1217150153	34	скорпион подвеска	BY_SEARCHES	DESCENDING	51925632-0a7c-425e-b632-3ff96949e453	C06A4	14	177	NULL	NULL	NULL	0	0	RUB	canonical_chunks/product_queries_details_BY_SEARCHES_DESC_C06_1720160556.tsv
1720160556	1217150153	34	оберег в машину	BY_SEARCHES	DESCENDING	51925632-0a7c-425e-b632-3ff96949e453	C06A4	15	168	NULL	NULL	NULL	0	0	RUB	canonical_chunks/product_queries_details_BY_SEARCHES_DESC_C06_1720160556.tsv
1720161841	1217152166	35	зеркало	BY_SEARCHES	DESCENDING	5d5abe63-e715-4d03-a5ed-9ba92e7a2e36	C06A5	1	7498	NULL	NULL	NULL	0	0	RUB	canonical_chunks/product_queries_details_BY_SEARCHES_DESC_C06_1720161841.tsv
1720161841	1217152166	35	подвеска в машину	BY_SEARCHES	DESCENDING	5d5abe63-e715-4d03-a5ed-9ba92e7a2e36	C06A5	2	3171	NULL	NULL	NULL	0	0	RUB	canonical_chunks/product_queries_details_BY_SEARCHES_DESC_C06_1720161841.tsv
1720161841	1217152166	35	подвеска на зеркало в машину	BY_SEARCHES	DESCENDING	5d5abe63-e715-4d03-a5ed-9ba92e7a2e36	C06A5	3	1215	NULL	NULL	NULL	0	0	RUB	canonical_chunks/product_queries_details_BY_SEARCHES_DESC_C06_1720161841.tsv
1720161841	1217152166	35	телец	BY_SEARCHES	DESCENDING	5d5abe63-e715-4d03-a5ed-9ba92e7a2e36	C06A5	4	699	NULL	NULL	NULL	0	0	RUB	canonical_chunks/product_queries_details_BY_SEARCHES_DESC_C06_1720161841.tsv
1720161841	1217152166	35	оберег	BY_SEARCHES	DESCENDING	5d5abe63-e715-4d03-a5ed-9ba92e7a2e36	C06A5	5	424	NULL	NULL	NULL	0	0	RUB	canonical_chunks/product_queries_details_BY_SEARCHES_DESC_C06_1720161841.tsv
1720161841	1217152166	35	четки в автомобиль	BY_SEARCHES	DESCENDING	5d5abe63-e715-4d03-a5ed-9ba92e7a2e36	C06A5	6	395	NULL	NULL	NULL	0	0	RUB	canonical_chunks/product_queries_details_BY_SEARCHES_DESC_C06_1720161841.tsv
1720161841	1217152166	35	оберег в машину	BY_SEARCHES	DESCENDING	5d5abe63-e715-4d03-a5ed-9ba92e7a2e36	C06A5	7	293	NULL	NULL	NULL	0	0	RUB	canonical_chunks/product_queries_details_BY_SEARCHES_DESC_C06_1720161841.tsv
1720161841	1217152166	35	четки в машину	BY_SEARCHES	DESCENDING	5d5abe63-e715-4d03-a5ed-9ba92e7a2e36	C06A5	8	284	NULL	NULL	NULL	0	0	RUB	canonical_chunks/product_queries_details_BY_SEARCHES_DESC_C06_1720161841.tsv
1720161841	1217152166	35	амулеты обереги и талисманы	BY_SEARCHES	DESCENDING	5d5abe63-e715-4d03-a5ed-9ba92e7a2e36	C06A5	9	175	NULL	NULL	NULL	0	0	RUB	canonical_chunks/product_queries_details_BY_SEARCHES_DESC_C06_1720161841.tsv
1720161841	1217152166	35	подвеска телец	BY_SEARCHES	DESCENDING	5d5abe63-e715-4d03-a5ed-9ba92e7a2e36	C06A5	10	119	NULL	NULL	NULL	0	0	RUB	canonical_chunks/product_queries_details_BY_SEARCHES_DESC_C06_1720161841.tsv
1720161841	1217152166	35	кулон зеркало оберег	BY_SEARCHES	DESCENDING	5d5abe63-e715-4d03-a5ed-9ba92e7a2e36	C06A5	11	106	NULL	NULL	NULL	0	0	RUB	canonical_chunks/product_queries_details_BY_SEARCHES_DESC_C06_1720161841.tsv
1720161841	1217152166	35	в машину подвеска	BY_SEARCHES	DESCENDING	5d5abe63-e715-4d03-a5ed-9ba92e7a2e36	C06A5	12	105	NULL	NULL	NULL	0	0	RUB	canonical_chunks/product_queries_details_BY_SEARCHES_DESC_C06_1720161841.tsv
1720161841	1217152166	35	подвеска в автомобиль	BY_SEARCHES	DESCENDING	5d5abe63-e715-4d03-a5ed-9ba92e7a2e36	C06A5	13	96	NULL	NULL	NULL	0	0	RUB	canonical_chunks/product_queries_details_BY_SEARCHES_DESC_C06_1720161841.tsv
1720161841	1217152166	35	магическое зеркало	BY_SEARCHES	DESCENDING	5d5abe63-e715-4d03-a5ed-9ba92e7a2e36	C06A5	14	78	NULL	NULL	NULL	0	0	RUB	canonical_chunks/product_queries_details_BY_SEARCHES_DESC_C06_1720161841.tsv
1720161841	1217152166	35	в машину на зеркало	BY_SEARCHES	DESCENDING	5d5abe63-e715-4d03-a5ed-9ba92e7a2e36	C06A5	15	71	NULL	NULL	NULL	0	0	RUB	canonical_chunks/product_queries_details_BY_SEARCHES_DESC_C06_1720161841.tsv
1842444165	1366092977	36	вибратор	BY_SEARCHES	DESCENDING	c960f5cd-76d7-4fb9-8688-556e181e0bbd	C06A6	1	7930	NULL	NULL	NULL	0	0	RUB	canonical_chunks/product_queries_details_BY_SEARCHES_DESC_C06_1842444165.tsv
1842444165	1366092977	36	подарок мужчине	BY_SEARCHES	DESCENDING	c960f5cd-76d7-4fb9-8688-556e181e0bbd	C06A6	2	3996	NULL	NULL	NULL	0	0	RUB	canonical_chunks/product_queries_details_BY_SEARCHES_DESC_C06_1842444165.tsv
1842444165	1366092977	36	подвеска в машину	BY_SEARCHES	DESCENDING	c960f5cd-76d7-4fb9-8688-556e181e0bbd	C06A6	3	3171	NULL	NULL	NULL	0	0	RUB	canonical_chunks/product_queries_details_BY_SEARCHES_DESC_C06_1842444165.tsv
1842444165	1366092977	36	оберег	BY_SEARCHES	DESCENDING	c960f5cd-76d7-4fb9-8688-556e181e0bbd	C06A6	4	2043	NULL	NULL	NULL	0	0	RUB	canonical_chunks/product_queries_details_BY_SEARCHES_DESC_C06_1842444165.tsv
1842444165	1366092977	36	оберег для дома	BY_SEARCHES	DESCENDING	c960f5cd-76d7-4fb9-8688-556e181e0bbd	C06A6	5	1612	NULL	NULL	NULL	0	0	RUB	canonical_chunks/product_queries_details_BY_SEARCHES_DESC_C06_1842444165.tsv
1842444165	1366092977	36	коловрат	BY_SEARCHES	DESCENDING	c960f5cd-76d7-4fb9-8688-556e181e0bbd	C06A6	6	1343	NULL	NULL	NULL	0	0	RUB	canonical_chunks/product_queries_details_BY_SEARCHES_DESC_C06_1842444165.tsv
1842444165	1366092977	36	подвеска на зеркало в машину	BY_SEARCHES	DESCENDING	c960f5cd-76d7-4fb9-8688-556e181e0bbd	C06A6	7	1160	NULL	NULL	NULL	0	0	RUB	canonical_chunks/product_queries_details_BY_SEARCHES_DESC_C06_1842444165.tsv
1842444165	1366092977	36	русич	BY_SEARCHES	DESCENDING	c960f5cd-76d7-4fb9-8688-556e181e0bbd	C06A6	8	1058	NULL	NULL	NULL	0	0	RUB	canonical_chunks/product_queries_details_BY_SEARCHES_DESC_C06_1842444165.tsv
1842444165	1366092977	36	руны	BY_SEARCHES	DESCENDING	c960f5cd-76d7-4fb9-8688-556e181e0bbd	C06A6	9	1024	NULL	NULL	NULL	0	0	RUB	canonical_chunks/product_queries_details_BY_SEARCHES_DESC_C06_1842444165.tsv
1842444165	1366092977	36	набор для творчества	BY_SEARCHES	DESCENDING	c960f5cd-76d7-4fb9-8688-556e181e0bbd	C06A6	10	1007	NULL	NULL	NULL	0	0	RUB	canonical_chunks/product_queries_details_BY_SEARCHES_DESC_C06_1842444165.tsv
1842444165	1366092977	36	славянские обереги	BY_SEARCHES	DESCENDING	c960f5cd-76d7-4fb9-8688-556e181e0bbd	C06A6	11	777	NULL	NULL	NULL	0	0	RUB	canonical_chunks/product_queries_details_BY_SEARCHES_DESC_C06_1842444165.tsv
1842444165	1366092977	36	коловрат подвеска	BY_SEARCHES	DESCENDING	c960f5cd-76d7-4fb9-8688-556e181e0bbd	C06A6	12	465	NULL	NULL	NULL	0	0	RUB	canonical_chunks/product_queries_details_BY_SEARCHES_DESC_C06_1842444165.tsv
1842444165	1366092977	36	оберег от сглаза и порчи	BY_SEARCHES	DESCENDING	c960f5cd-76d7-4fb9-8688-556e181e0bbd	C06A6	13	449	NULL	NULL	NULL	0	0	RUB	canonical_chunks/product_queries_details_BY_SEARCHES_DESC_C06_1842444165.tsv
1842444165	1366092977	36	славянский оберег	BY_SEARCHES	DESCENDING	c960f5cd-76d7-4fb9-8688-556e181e0bbd	C06A6	14	335	NULL	NULL	NULL	0	0	RUB	canonical_chunks/product_queries_details_BY_SEARCHES_DESC_C06_1842444165.tsv
1842444165	1366092977	36	славянские обереги мужские	BY_SEARCHES	DESCENDING	c960f5cd-76d7-4fb9-8688-556e181e0bbd	C06A6	15	302	NULL	NULL	NULL	0	0	RUB	canonical_chunks/product_queries_details_BY_SEARCHES_DESC_C06_1842444165.tsv
1943215793	1498533114	37	оберег	BY_SEARCHES	DESCENDING	5ed82729-3f5e-4e4b-a630-6cf1fb9ba6a6	C07A1	1	3173	NULL	NULL	NULL	0	0	RUB	canonical_chunks/product_queries_details_BY_SEARCHES_DESC_C07_1943215793.tsv
1943215793	1498533114	37	подвеска в машину	BY_SEARCHES	DESCENDING	5ed82729-3f5e-4e4b-a630-6cf1fb9ba6a6	C07A1	2	3171	NULL	NULL	NULL	0	0	RUB	canonical_chunks/product_queries_details_BY_SEARCHES_DESC_C07_1943215793.tsv
1943215793	1498533114	37	подвеска в машину на зеркало	BY_SEARCHES	DESCENDING	5ed82729-3f5e-4e4b-a630-6cf1fb9ba6a6	C07A1	3	1560	NULL	NULL	NULL	0	0	RUB	canonical_chunks/product_queries_details_BY_SEARCHES_DESC_C07_1943215793.tsv
1943215793	1498533114	37	подвеска на зеркало в машину	BY_SEARCHES	DESCENDING	5ed82729-3f5e-4e4b-a630-6cf1fb9ba6a6	C07A1	4	1158	NULL	NULL	NULL	0	0	RUB	canonical_chunks/product_queries_details_BY_SEARCHES_DESC_C07_1943215793.tsv
1943215793	1498533114	37	в машину	BY_SEARCHES	DESCENDING	5ed82729-3f5e-4e4b-a630-6cf1fb9ba6a6	C07A1	5	559	NULL	NULL	NULL	0	0	RUB	canonical_chunks/product_queries_details_BY_SEARCHES_DESC_C07_1943215793.tsv
1943215793	1498533114	37	мусульманский оберег	BY_SEARCHES	DESCENDING	5ed82729-3f5e-4e4b-a630-6cf1fb9ba6a6	C07A1	6	542	NULL	NULL	NULL	0	0	RUB	canonical_chunks/product_queries_details_BY_SEARCHES_DESC_C07_1943215793.tsv
1943215793	1498533114	37	оберег в машину	BY_SEARCHES	DESCENDING	5ed82729-3f5e-4e4b-a630-6cf1fb9ba6a6	C07A1	7	398	NULL	NULL	NULL	0	0	RUB	canonical_chunks/product_queries_details_BY_SEARCHES_DESC_C07_1943215793.tsv
1943215793	1498533114	37	златоуст	BY_SEARCHES	DESCENDING	5ed82729-3f5e-4e4b-a630-6cf1fb9ba6a6	C07A1	8	293	NULL	NULL	NULL	0	0	RUB	canonical_chunks/product_queries_details_BY_SEARCHES_DESC_C07_1943215793.tsv
1943215793	1498533114	37	четки в машину	BY_SEARCHES	DESCENDING	5ed82729-3f5e-4e4b-a630-6cf1fb9ba6a6	C07A1	9	257	NULL	NULL	NULL	0	0	RUB	canonical_chunks/product_queries_details_BY_SEARCHES_DESC_C07_1943215793.tsv
1943215793	1498533114	37	амулеты обереги и талисманы	BY_SEARCHES	DESCENDING	5ed82729-3f5e-4e4b-a630-6cf1fb9ba6a6	C07A1	10	254	NULL	NULL	NULL	0	0	RUB	canonical_chunks/product_queries_details_BY_SEARCHES_DESC_C07_1943215793.tsv
1943215793	1498533114	37	оберег в машину православный	BY_SEARCHES	DESCENDING	5ed82729-3f5e-4e4b-a630-6cf1fb9ba6a6	C07A1	11	207	NULL	NULL	NULL	0	0	RUB	canonical_chunks/product_queries_details_BY_SEARCHES_DESC_C07_1943215793.tsv
1943215793	1498533114	37	амулет	BY_SEARCHES	DESCENDING	5ed82729-3f5e-4e4b-a630-6cf1fb9ba6a6	C07A1	12	201	NULL	NULL	NULL	0	0	RUB	canonical_chunks/product_queries_details_BY_SEARCHES_DESC_C07_1943215793.tsv
1943215793	1498533114	37	обереги	BY_SEARCHES	DESCENDING	5ed82729-3f5e-4e4b-a630-6cf1fb9ba6a6	C07A1	13	170	NULL	NULL	NULL	0	0	RUB	canonical_chunks/product_queries_details_BY_SEARCHES_DESC_C07_1943215793.tsv
1943215793	1498533114	37	молитва	BY_SEARCHES	DESCENDING	5ed82729-3f5e-4e4b-a630-6cf1fb9ba6a6	C07A1	14	163	NULL	NULL	NULL	0	0	RUB	canonical_chunks/product_queries_details_BY_SEARCHES_DESC_C07_1943215793.tsv
1943215793	1498533114	37	молитвы	BY_SEARCHES	DESCENDING	5ed82729-3f5e-4e4b-a630-6cf1fb9ba6a6	C07A1	15	159	NULL	NULL	NULL	0	0	RUB	canonical_chunks/product_queries_details_BY_SEARCHES_DESC_C07_1943215793.tsv
2183808182	1830964558	38	набор	BY_SEARCHES	DESCENDING	fb8ece83-8317-46ea-b650-d2f1487ff2b9	C07A2	1	10271	NULL	NULL	NULL	0	0	RUB	canonical_chunks/product_queries_details_BY_SEARCHES_DESC_C07_2183808182.tsv
2183808182	1830964558	38	подвеска в машину	BY_SEARCHES	DESCENDING	fb8ece83-8317-46ea-b650-d2f1487ff2b9	C07A2	2	3171	NULL	NULL	NULL	0	0	RUB	canonical_chunks/product_queries_details_BY_SEARCHES_DESC_C07_2183808182.tsv
2183808182	1830964558	38	подарочный набор для женщин	BY_SEARCHES	DESCENDING	fb8ece83-8317-46ea-b650-d2f1487ff2b9	C07A2	3	1746	NULL	NULL	NULL	0	0	RUB	canonical_chunks/product_queries_details_BY_SEARCHES_DESC_C07_2183808182.tsv
2183808182	1830964558	38	оберег	BY_SEARCHES	DESCENDING	fb8ece83-8317-46ea-b650-d2f1487ff2b9	C07A2	4	1684	NULL	NULL	NULL	0	0	RUB	canonical_chunks/product_queries_details_BY_SEARCHES_DESC_C07_2183808182.tsv
2183808182	1830964558	38	подвеска на зеркало в машину	BY_SEARCHES	DESCENDING	fb8ece83-8317-46ea-b650-d2f1487ff2b9	C07A2	5	976	NULL	NULL	NULL	0	0	RUB	canonical_chunks/product_queries_details_BY_SEARCHES_DESC_C07_2183808182.tsv
2183808182	1830964558	38	славянские обереги	BY_SEARCHES	DESCENDING	fb8ece83-8317-46ea-b650-d2f1487ff2b9	C07A2	6	737	NULL	NULL	NULL	0	0	RUB	canonical_chunks/product_queries_details_BY_SEARCHES_DESC_C07_2183808182.tsv
2183808182	1830964558	38	подарок для девушки	BY_SEARCHES	DESCENDING	fb8ece83-8317-46ea-b650-d2f1487ff2b9	C07A2	7	482	NULL	NULL	NULL	0	0	RUB	canonical_chunks/product_queries_details_BY_SEARCHES_DESC_C07_2183808182.tsv
2183808182	1830964558	38	шаманское зеркало	BY_SEARCHES	DESCENDING	fb8ece83-8317-46ea-b650-d2f1487ff2b9	C07A2	8	312	NULL	NULL	NULL	0	0	RUB	canonical_chunks/product_queries_details_BY_SEARCHES_DESC_C07_2183808182.tsv
2183808182	1830964558	38	оберег в машину	BY_SEARCHES	DESCENDING	fb8ece83-8317-46ea-b650-d2f1487ff2b9	C07A2	9	311	NULL	NULL	NULL	0	0	RUB	canonical_chunks/product_queries_details_BY_SEARCHES_DESC_C07_2183808182.tsv
2183808182	1830964558	38	славянские украшения	BY_SEARCHES	DESCENDING	fb8ece83-8317-46ea-b650-d2f1487ff2b9	C07A2	10	262	NULL	NULL	NULL	0	0	RUB	canonical_chunks/product_queries_details_BY_SEARCHES_DESC_C07_2183808182.tsv
2183808182	1830964558	38	славянские	BY_SEARCHES	DESCENDING	fb8ece83-8317-46ea-b650-d2f1487ff2b9	C07A2	11	232	NULL	NULL	NULL	0	0	RUB	canonical_chunks/product_queries_details_BY_SEARCHES_DESC_C07_2183808182.tsv
2183808182	1830964558	38	подвеска в машину на зеркало	BY_SEARCHES	DESCENDING	fb8ece83-8317-46ea-b650-d2f1487ff2b9	C07A2	12	206	NULL	NULL	NULL	0	0	RUB	canonical_chunks/product_queries_details_BY_SEARCHES_DESC_C07_2183808182.tsv
2183808182	1830964558	38	оберег от сглаза и порчи	BY_SEARCHES	DESCENDING	fb8ece83-8317-46ea-b650-d2f1487ff2b9	C07A2	13	167	NULL	NULL	NULL	0	0	RUB	canonical_chunks/product_queries_details_BY_SEARCHES_DESC_C07_2183808182.tsv
2183808182	1830964558	38	славянский оберег	BY_SEARCHES	DESCENDING	fb8ece83-8317-46ea-b650-d2f1487ff2b9	C07A2	14	145	NULL	NULL	NULL	0	0	RUB	canonical_chunks/product_queries_details_BY_SEARCHES_DESC_C07_2183808182.tsv
2183808182	1830964558	38	амулеты обереги и талисманы	BY_SEARCHES	DESCENDING	fb8ece83-8317-46ea-b650-d2f1487ff2b9	C07A2	15	128	NULL	NULL	NULL	0	0	RUB	canonical_chunks/product_queries_details_BY_SEARCHES_DESC_C07_2183808182.tsv
2183985513	1831181558	40	подвеска в машину	BY_SEARCHES	DESCENDING	2aaef981-a7c2-4a2d-aa19-f3d3b1e1469c	C07A4	1	3171	NULL	NULL	NULL	0	0	RUB	canonical_chunks/product_queries_details_BY_SEARCHES_DESC_C07_2183985513.tsv
2183985513	1831181558	40	оберег	BY_SEARCHES	DESCENDING	2aaef981-a7c2-4a2d-aa19-f3d3b1e1469c	C07A4	2	2482	NULL	NULL	NULL	0	0	RUB	canonical_chunks/product_queries_details_BY_SEARCHES_DESC_C07_2183985513.tsv
2183985513	1831181558	40	подвеска в машину на зеркало	BY_SEARCHES	DESCENDING	2aaef981-a7c2-4a2d-aa19-f3d3b1e1469c	C07A4	3	1367	NULL	NULL	NULL	0	0	RUB	canonical_chunks/product_queries_details_BY_SEARCHES_DESC_C07_2183985513.tsv
2183985513	1831181558	40	подвеска на зеркало в машину	BY_SEARCHES	DESCENDING	2aaef981-a7c2-4a2d-aa19-f3d3b1e1469c	C07A4	4	1307	NULL	NULL	NULL	0	0	RUB	canonical_chunks/product_queries_details_BY_SEARCHES_DESC_C07_2183985513.tsv
2183985513	1831181558	40	славянские обереги	BY_SEARCHES	DESCENDING	2aaef981-a7c2-4a2d-aa19-f3d3b1e1469c	C07A4	5	1080	NULL	NULL	NULL	0	0	RUB	canonical_chunks/product_queries_details_BY_SEARCHES_DESC_C07_2183985513.tsv
2183985513	1831181558	40	амулеты обереги и талисманы	BY_SEARCHES	DESCENDING	2aaef981-a7c2-4a2d-aa19-f3d3b1e1469c	C07A4	6	631	NULL	NULL	NULL	0	0	RUB	canonical_chunks/product_queries_details_BY_SEARCHES_DESC_C07_2183985513.tsv
2183985513	1831181558	40	амулет	BY_SEARCHES	DESCENDING	2aaef981-a7c2-4a2d-aa19-f3d3b1e1469c	C07A4	7	575	NULL	NULL	NULL	0	0	RUB	canonical_chunks/product_queries_details_BY_SEARCHES_DESC_C07_2183985513.tsv
2183985513	1831181558	40	перун	BY_SEARCHES	DESCENDING	2aaef981-a7c2-4a2d-aa19-f3d3b1e1469c	C07A4	8	488	NULL	NULL	NULL	0	642	RUB	canonical_chunks/product_queries_details_BY_SEARCHES_DESC_C07_2183985513.tsv
2183985513	1831181558	40	оберег в машину	BY_SEARCHES	DESCENDING	2aaef981-a7c2-4a2d-aa19-f3d3b1e1469c	C07A4	9	483	NULL	NULL	NULL	0	0	RUB	canonical_chunks/product_queries_details_BY_SEARCHES_DESC_C07_2183985513.tsv
2183985513	1831181558	40	от сглаза	BY_SEARCHES	DESCENDING	2aaef981-a7c2-4a2d-aa19-f3d3b1e1469c	C07A4	10	478	NULL	NULL	NULL	0	0	RUB	canonical_chunks/product_queries_details_BY_SEARCHES_DESC_C07_2183985513.tsv
2183985513	1831181558	40	славянский оберег	BY_SEARCHES	DESCENDING	2aaef981-a7c2-4a2d-aa19-f3d3b1e1469c	C07A4	11	287	NULL	NULL	NULL	0	0	RUB	canonical_chunks/product_queries_details_BY_SEARCHES_DESC_C07_2183985513.tsv
2183985513	1831181558	40	брелок в машину на зеркало	BY_SEARCHES	DESCENDING	2aaef981-a7c2-4a2d-aa19-f3d3b1e1469c	C07A4	12	247	NULL	NULL	NULL	0	0	RUB	canonical_chunks/product_queries_details_BY_SEARCHES_DESC_C07_2183985513.tsv
2183985513	1831181558	40	славянский	BY_SEARCHES	DESCENDING	2aaef981-a7c2-4a2d-aa19-f3d3b1e1469c	C07A4	13	223	NULL	NULL	NULL	0	0	RUB	canonical_chunks/product_queries_details_BY_SEARCHES_DESC_C07_2183985513.tsv
2183985513	1831181558	40	бог	BY_SEARCHES	DESCENDING	2aaef981-a7c2-4a2d-aa19-f3d3b1e1469c	C07A4	14	207	NULL	NULL	NULL	0	0	RUB	canonical_chunks/product_queries_details_BY_SEARCHES_DESC_C07_2183985513.tsv
2183985513	1831181558	40	коловрат подвеска	BY_SEARCHES	DESCENDING	2aaef981-a7c2-4a2d-aa19-f3d3b1e1469c	C07A4	15	172	NULL	NULL	NULL	0	0	RUB	canonical_chunks/product_queries_details_BY_SEARCHES_DESC_C07_2183985513.tsv
2184133137	1831377069	42	набор	BY_SEARCHES	DESCENDING	20811ab9-4c25-4769-9450-4d9f88e4ea22	C07A6	1	10784	NULL	NULL	NULL	0	0	RUB	canonical_chunks/product_queries_details_BY_SEARCHES_DESC_C07_2184133137.tsv
2184133137	1831377069	42	подвеска в машину	BY_SEARCHES	DESCENDING	20811ab9-4c25-4769-9450-4d9f88e4ea22	C07A6	2	3171	NULL	NULL	NULL	0	0	RUB	canonical_chunks/product_queries_details_BY_SEARCHES_DESC_C07_2184133137.tsv
2184133137	1831377069	42	оберег	BY_SEARCHES	DESCENDING	20811ab9-4c25-4769-9450-4d9f88e4ea22	C07A6	3	2471	NULL	NULL	NULL	0	0	RUB	canonical_chunks/product_queries_details_BY_SEARCHES_DESC_C07_2184133137.tsv
2184133137	1831377069	42	подарочный набор для женщин	BY_SEARCHES	DESCENDING	20811ab9-4c25-4769-9450-4d9f88e4ea22	C07A6	4	1746	NULL	NULL	NULL	0	0	RUB	canonical_chunks/product_queries_details_BY_SEARCHES_DESC_C07_2184133137.tsv
2184133137	1831377069	42	подвеска на зеркало в машину	BY_SEARCHES	DESCENDING	20811ab9-4c25-4769-9450-4d9f88e4ea22	C07A6	5	1162	NULL	NULL	NULL	0	0	RUB	canonical_chunks/product_queries_details_BY_SEARCHES_DESC_C07_2184133137.tsv
2184133137	1831377069	42	славянские обереги	BY_SEARCHES	DESCENDING	20811ab9-4c25-4769-9450-4d9f88e4ea22	C07A6	6	875	NULL	NULL	NULL	0	0	RUB	canonical_chunks/product_queries_details_BY_SEARCHES_DESC_C07_2184133137.tsv
2184133137	1831377069	42	оберег в машину	BY_SEARCHES	DESCENDING	20811ab9-4c25-4769-9450-4d9f88e4ea22	C07A6	7	687	NULL	NULL	NULL	0	0	RUB	canonical_chunks/product_queries_details_BY_SEARCHES_DESC_C07_2184133137.tsv
2184133137	1831377069	42	макошь	BY_SEARCHES	DESCENDING	20811ab9-4c25-4769-9450-4d9f88e4ea22	C07A6	8	569	NULL	NULL	NULL	0	0	RUB	canonical_chunks/product_queries_details_BY_SEARCHES_DESC_C07_2184133137.tsv
2184133137	1831377069	42	от сглаза	BY_SEARCHES	DESCENDING	20811ab9-4c25-4769-9450-4d9f88e4ea22	C07A6	9	342	NULL	NULL	NULL	0	0	RUB	canonical_chunks/product_queries_details_BY_SEARCHES_DESC_C07_2184133137.tsv
2184133137	1831377069	42	славянские украшения	BY_SEARCHES	DESCENDING	20811ab9-4c25-4769-9450-4d9f88e4ea22	C07A6	10	285	NULL	NULL	NULL	0	0	RUB	canonical_chunks/product_queries_details_BY_SEARCHES_DESC_C07_2184133137.tsv
2184133137	1831377069	42	славянский оберег	BY_SEARCHES	DESCENDING	20811ab9-4c25-4769-9450-4d9f88e4ea22	C07A6	11	266	NULL	NULL	NULL	0	0	RUB	canonical_chunks/product_queries_details_BY_SEARCHES_DESC_C07_2184133137.tsv
2184133137	1831377069	42	амулеты обереги и талисманы	BY_SEARCHES	DESCENDING	20811ab9-4c25-4769-9450-4d9f88e4ea22	C07A6	12	224	NULL	NULL	NULL	0	0	RUB	canonical_chunks/product_queries_details_BY_SEARCHES_DESC_C07_2184133137.tsv
2184133137	1831377069	42	оберег от сглаза и порчи	BY_SEARCHES	DESCENDING	20811ab9-4c25-4769-9450-4d9f88e4ea22	C07A6	13	167	NULL	NULL	NULL	0	0	RUB	canonical_chunks/product_queries_details_BY_SEARCHES_DESC_C07_2184133137.tsv
2184133137	1831377069	42	брелок славянский	BY_SEARCHES	DESCENDING	20811ab9-4c25-4769-9450-4d9f88e4ea22	C07A6	14	142	NULL	NULL	NULL	0	0	RUB	canonical_chunks/product_queries_details_BY_SEARCHES_DESC_C07_2184133137.tsv
2184133137	1831377069	42	макошь оберег	BY_SEARCHES	DESCENDING	20811ab9-4c25-4769-9450-4d9f88e4ea22	C07A6	15	112	NULL	NULL	NULL	0	0	RUB	canonical_chunks/product_queries_details_BY_SEARCHES_DESC_C07_2184133137.tsv
2184153852	1831403746	43	подвеска в машину	BY_SEARCHES	DESCENDING	0bcb50db-1805-4e76-a955-3fdeb64a4dfe	C08A1	1	3171	NULL	NULL	NULL	0	0	RUB	canonical_chunks/product_queries_details_BY_SEARCHES_DESC_C08_2184153852.tsv
2184153852	1831403746	43	оберег для дома	BY_SEARCHES	DESCENDING	0bcb50db-1805-4e76-a955-3fdeb64a4dfe	C08A1	2	2364	NULL	NULL	NULL	0	0	RUB	canonical_chunks/product_queries_details_BY_SEARCHES_DESC_C08_2184153852.tsv
2184153852	1831403746	43	оберег	BY_SEARCHES	DESCENDING	0bcb50db-1805-4e76-a955-3fdeb64a4dfe	C08A1	3	1685	NULL	NULL	NULL	0	0	RUB	canonical_chunks/product_queries_details_BY_SEARCHES_DESC_C08_2184153852.tsv
2184153852	1831403746	43	подвеска на зеркало в машину	BY_SEARCHES	DESCENDING	0bcb50db-1805-4e76-a955-3fdeb64a4dfe	C08A1	4	1288	NULL	NULL	NULL	0	0	RUB	canonical_chunks/product_queries_details_BY_SEARCHES_DESC_C08_2184153852.tsv
2184153852	1831403746	43	славянские обереги	BY_SEARCHES	DESCENDING	0bcb50db-1805-4e76-a955-3fdeb64a4dfe	C08A1	5	1049	NULL	NULL	NULL	0	0	RUB	canonical_chunks/product_queries_details_BY_SEARCHES_DESC_C08_2184153852.tsv
2184153852	1831403746	43	оберег от сглаза и порчи	BY_SEARCHES	DESCENDING	0bcb50db-1805-4e76-a955-3fdeb64a4dfe	C08A1	6	711	NULL	NULL	NULL	0	0	RUB	canonical_chunks/product_queries_details_BY_SEARCHES_DESC_C08_2184153852.tsv
2184153852	1831403746	43	оберег в машину	BY_SEARCHES	DESCENDING	0bcb50db-1805-4e76-a955-3fdeb64a4dfe	C08A1	7	619	NULL	NULL	NULL	0	0	RUB	canonical_chunks/product_queries_details_BY_SEARCHES_DESC_C08_2184153852.tsv
2184153852	1831403746	43	славянский оберег	BY_SEARCHES	DESCENDING	0bcb50db-1805-4e76-a955-3fdeb64a4dfe	C08A1	8	313	NULL	NULL	NULL	0	0	RUB	canonical_chunks/product_queries_details_BY_SEARCHES_DESC_C08_2184153852.tsv
2184153852	1831403746	43	амулеты обереги и талисманы	BY_SEARCHES	DESCENDING	0bcb50db-1805-4e76-a955-3fdeb64a4dfe	C08A1	9	306	NULL	NULL	NULL	0	0	RUB	canonical_chunks/product_queries_details_BY_SEARCHES_DESC_C08_2184153852.tsv
2184153852	1831403746	43	оберег от сглаза	BY_SEARCHES	DESCENDING	0bcb50db-1805-4e76-a955-3fdeb64a4dfe	C08A1	10	255	NULL	NULL	NULL	0	0	RUB	canonical_chunks/product_queries_details_BY_SEARCHES_DESC_C08_2184153852.tsv
2184153852	1831403746	43	бог	BY_SEARCHES	DESCENDING	0bcb50db-1805-4e76-a955-3fdeb64a4dfe	C08A1	11	237	NULL	NULL	NULL	0	0	RUB	canonical_chunks/product_queries_details_BY_SEARCHES_DESC_C08_2184153852.tsv
2184153852	1831403746	43	славянский	BY_SEARCHES	DESCENDING	0bcb50db-1805-4e76-a955-3fdeb64a4dfe	C08A1	12	183	NULL	NULL	NULL	0	0	RUB	canonical_chunks/product_queries_details_BY_SEARCHES_DESC_C08_2184153852.tsv
2184153852	1831403746	43	подвеска от сглаза	BY_SEARCHES	DESCENDING	0bcb50db-1805-4e76-a955-3fdeb64a4dfe	C08A1	13	120	NULL	NULL	NULL	0	0	RUB	canonical_chunks/product_queries_details_BY_SEARCHES_DESC_C08_2184153852.tsv
2184153852	1831403746	43	от сглаза	BY_SEARCHES	DESCENDING	0bcb50db-1805-4e76-a955-3fdeb64a4dfe	C08A1	14	110	NULL	NULL	NULL	0	0	RUB	canonical_chunks/product_queries_details_BY_SEARCHES_DESC_C08_2184153852.tsv
2184153852	1831403746	43	кулон зеркало оберег	BY_SEARCHES	DESCENDING	0bcb50db-1805-4e76-a955-3fdeb64a4dfe	C08A1	15	109	NULL	NULL	NULL	0	0	RUB	canonical_chunks/product_queries_details_BY_SEARCHES_DESC_C08_2184153852.tsv
2184168890	1831422362	44	подвеска в машину	BY_SEARCHES	DESCENDING	db10b947-7c7e-44ac-96ff-f1d82347ef20	C08A2	1	2937	NULL	NULL	NULL	0	0	RUB	canonical_chunks/product_queries_details_BY_SEARCHES_DESC_C08_2184168890.tsv
2184168890	1831422362	44	коловрат	BY_SEARCHES	DESCENDING	db10b947-7c7e-44ac-96ff-f1d82347ef20	C08A2	2	1334	NULL	NULL	NULL	0	0	RUB	canonical_chunks/product_queries_details_BY_SEARCHES_DESC_C08_2184168890.tsv
2184168890	1831422362	44	оберег	BY_SEARCHES	DESCENDING	db10b947-7c7e-44ac-96ff-f1d82347ef20	C08A2	3	1195	NULL	NULL	NULL	0	0	RUB	canonical_chunks/product_queries_details_BY_SEARCHES_DESC_C08_2184168890.tsv
2184168890	1831422362	44	подвеска в машину на зеркало	BY_SEARCHES	DESCENDING	db10b947-7c7e-44ac-96ff-f1d82347ef20	C08A2	4	1107	NULL	NULL	NULL	0	0	RUB	canonical_chunks/product_queries_details_BY_SEARCHES_DESC_C08_2184168890.tsv
2184168890	1831422362	44	подвеска на зеркало в машину	BY_SEARCHES	DESCENDING	db10b947-7c7e-44ac-96ff-f1d82347ef20	C08A2	5	999	NULL	NULL	NULL	0	0	RUB	canonical_chunks/product_queries_details_BY_SEARCHES_DESC_C08_2184168890.tsv
2184168890	1831422362	44	славянские обереги	BY_SEARCHES	DESCENDING	db10b947-7c7e-44ac-96ff-f1d82347ef20	C08A2	6	561	NULL	NULL	NULL	0	0	RUB	canonical_chunks/product_queries_details_BY_SEARCHES_DESC_C08_2184168890.tsv
2184168890	1831422362	44	славянские украшения	BY_SEARCHES	DESCENDING	db10b947-7c7e-44ac-96ff-f1d82347ef20	C08A2	7	284	NULL	NULL	NULL	0	0	RUB	canonical_chunks/product_queries_details_BY_SEARCHES_DESC_C08_2184168890.tsv
2184168890	1831422362	44	коловрат подвеска	BY_SEARCHES	DESCENDING	db10b947-7c7e-44ac-96ff-f1d82347ef20	C08A2	8	274	NULL	NULL	NULL	0	0	RUB	canonical_chunks/product_queries_details_BY_SEARCHES_DESC_C08_2184168890.tsv
2184168890	1831422362	44	оберег от сглаза и порчи	BY_SEARCHES	DESCENDING	db10b947-7c7e-44ac-96ff-f1d82347ef20	C08A2	9	217	NULL	NULL	NULL	0	0	RUB	canonical_chunks/product_queries_details_BY_SEARCHES_DESC_C08_2184168890.tsv
2184168890	1831422362	44	славянский оберег	BY_SEARCHES	DESCENDING	db10b947-7c7e-44ac-96ff-f1d82347ef20	C08A2	10	209	NULL	NULL	NULL	0	0	RUB	canonical_chunks/product_queries_details_BY_SEARCHES_DESC_C08_2184168890.tsv
2184168890	1831422362	44	оберег в машину	BY_SEARCHES	DESCENDING	db10b947-7c7e-44ac-96ff-f1d82347ef20	C08A2	11	203	NULL	NULL	NULL	0	0	RUB	canonical_chunks/product_queries_details_BY_SEARCHES_DESC_C08_2184168890.tsv
2184168890	1831422362	44	славянский	BY_SEARCHES	DESCENDING	db10b947-7c7e-44ac-96ff-f1d82347ef20	C08A2	12	203	NULL	NULL	NULL	0	0	RUB	canonical_chunks/product_queries_details_BY_SEARCHES_DESC_C08_2184168890.tsv
2184168890	1831422362	44	амулеты обереги и талисманы	BY_SEARCHES	DESCENDING	db10b947-7c7e-44ac-96ff-f1d82347ef20	C08A2	13	147	NULL	NULL	NULL	0	0	RUB	canonical_chunks/product_queries_details_BY_SEARCHES_DESC_C08_2184168890.tsv
2184168890	1831422362	44	бог	BY_SEARCHES	DESCENDING	db10b947-7c7e-44ac-96ff-f1d82347ef20	C08A2	14	121	NULL	NULL	NULL	0	0	RUB	canonical_chunks/product_queries_details_BY_SEARCHES_DESC_C08_2184168890.tsv
2184168890	1831422362	44	славянские	BY_SEARCHES	DESCENDING	db10b947-7c7e-44ac-96ff-f1d82347ef20	C08A2	15	108	NULL	NULL	NULL	0	0	RUB	canonical_chunks/product_queries_details_BY_SEARCHES_DESC_C08_2184168890.tsv
2184199958	1831464047	45	подвеска в машину	BY_SEARCHES	DESCENDING	42201265-c9cd-4f79-b75d-d1381aee3f1e	C08A3	1	3171	NULL	NULL	NULL	0	0	RUB	canonical_chunks/product_queries_details_BY_SEARCHES_DESC_C08_2184199958.tsv
2184199958	1831464047	45	оберег	BY_SEARCHES	DESCENDING	42201265-c9cd-4f79-b75d-d1381aee3f1e	C08A3	2	2423	NULL	NULL	NULL	0	0	RUB	canonical_chunks/product_queries_details_BY_SEARCHES_DESC_C08_2184199958.tsv
2184199958	1831464047	45	подвеска на зеркало в машину	BY_SEARCHES	DESCENDING	42201265-c9cd-4f79-b75d-d1381aee3f1e	C08A3	3	1288	NULL	NULL	NULL	0	0	RUB	canonical_chunks/product_queries_details_BY_SEARCHES_DESC_C08_2184199958.tsv
2184199958	1831464047	45	оберег в машину	BY_SEARCHES	DESCENDING	42201265-c9cd-4f79-b75d-d1381aee3f1e	C08A3	4	1190	NULL	NULL	NULL	0	0	RUB	canonical_chunks/product_queries_details_BY_SEARCHES_DESC_C08_2184199958.tsv
2184199958	1831464047	45	славянские обереги	BY_SEARCHES	DESCENDING	42201265-c9cd-4f79-b75d-d1381aee3f1e	C08A3	5	1109	NULL	NULL	NULL	0	0	RUB	canonical_chunks/product_queries_details_BY_SEARCHES_DESC_C08_2184199958.tsv
2184199958	1831464047	45	мара	BY_SEARCHES	DESCENDING	42201265-c9cd-4f79-b75d-d1381aee3f1e	C08A3	6	804	NULL	NULL	NULL	0	0	RUB	canonical_chunks/product_queries_details_BY_SEARCHES_DESC_C08_2184199958.tsv
2184199958	1831464047	45	амулет	BY_SEARCHES	DESCENDING	42201265-c9cd-4f79-b75d-d1381aee3f1e	C08A3	7	659	NULL	NULL	NULL	0	0	RUB	canonical_chunks/product_queries_details_BY_SEARCHES_DESC_C08_2184199958.tsv
2184199958	1831464047	45	обереги	BY_SEARCHES	DESCENDING	42201265-c9cd-4f79-b75d-d1381aee3f1e	C08A3	8	585	NULL	NULL	NULL	0	0	RUB	canonical_chunks/product_queries_details_BY_SEARCHES_DESC_C08_2184199958.tsv
2184199958	1831464047	45	амулеты обереги и талисманы	BY_SEARCHES	DESCENDING	42201265-c9cd-4f79-b75d-d1381aee3f1e	C08A3	9	514	NULL	NULL	NULL	0	0	RUB	canonical_chunks/product_queries_details_BY_SEARCHES_DESC_C08_2184199958.tsv
2184199958	1831464047	45	славянские украшения	BY_SEARCHES	DESCENDING	42201265-c9cd-4f79-b75d-d1381aee3f1e	C08A3	10	413	NULL	NULL	NULL	0	0	RUB	canonical_chunks/product_queries_details_BY_SEARCHES_DESC_C08_2184199958.tsv
2184199958	1831464047	45	славянский оберег	BY_SEARCHES	DESCENDING	42201265-c9cd-4f79-b75d-d1381aee3f1e	C08A3	11	367	NULL	NULL	NULL	0	0	RUB	canonical_chunks/product_queries_details_BY_SEARCHES_DESC_C08_2184199958.tsv
2184199958	1831464047	45	коловрат подвеска	BY_SEARCHES	DESCENDING	42201265-c9cd-4f79-b75d-d1381aee3f1e	C08A3	12	321	NULL	NULL	NULL	0	0	RUB	canonical_chunks/product_queries_details_BY_SEARCHES_DESC_C08_2184199958.tsv
2184199958	1831464047	45	коловрат оберег	BY_SEARCHES	DESCENDING	42201265-c9cd-4f79-b75d-d1381aee3f1e	C08A3	13	211	NULL	NULL	NULL	0	0	RUB	canonical_chunks/product_queries_details_BY_SEARCHES_DESC_C08_2184199958.tsv
2184199958	1831464047	45	богиня кали	BY_SEARCHES	DESCENDING	42201265-c9cd-4f79-b75d-d1381aee3f1e	C08A3	14	204	NULL	NULL	NULL	0	0	RUB	canonical_chunks/product_queries_details_BY_SEARCHES_DESC_C08_2184199958.tsv
2184199958	1831464047	45	богиня	BY_SEARCHES	DESCENDING	42201265-c9cd-4f79-b75d-d1381aee3f1e	C08A3	15	199	NULL	NULL	NULL	0	0	RUB	canonical_chunks/product_queries_details_BY_SEARCHES_DESC_C08_2184199958.tsv
2184932293	1832435919	47	зеркало	BY_SEARCHES	DESCENDING	8db44446-baff-458f-b170-10b8eeb01ca2	C08A5	1	7498	NULL	NULL	NULL	0	0	RUB	canonical_chunks/product_queries_details_BY_SEARCHES_DESC_C08_2184932293.tsv
2184932293	1832435919	47	подвеска в машину	BY_SEARCHES	DESCENDING	8db44446-baff-458f-b170-10b8eeb01ca2	C08A5	2	3171	NULL	NULL	NULL	0	0	RUB	canonical_chunks/product_queries_details_BY_SEARCHES_DESC_C08_2184932293.tsv
2184932293	1832435919	47	оберег	BY_SEARCHES	DESCENDING	8db44446-baff-458f-b170-10b8eeb01ca2	C08A5	3	1720	NULL	NULL	NULL	0	0	RUB	canonical_chunks/product_queries_details_BY_SEARCHES_DESC_C08_2184932293.tsv
2184932293	1832435919	47	подвеска на зеркало в машину	BY_SEARCHES	DESCENDING	8db44446-baff-458f-b170-10b8eeb01ca2	C08A5	4	1128	NULL	NULL	NULL	0	0	RUB	canonical_chunks/product_queries_details_BY_SEARCHES_DESC_C08_2184932293.tsv
2184932293	1832435919	47	славянские обереги	BY_SEARCHES	DESCENDING	8db44446-baff-458f-b170-10b8eeb01ca2	C08A5	5	909	NULL	NULL	NULL	0	0	RUB	canonical_chunks/product_queries_details_BY_SEARCHES_DESC_C08_2184932293.tsv
2184932293	1832435919	47	славянский оберег	BY_SEARCHES	DESCENDING	8db44446-baff-458f-b170-10b8eeb01ca2	C08A5	6	473	NULL	NULL	NULL	0	0	RUB	canonical_chunks/product_queries_details_BY_SEARCHES_DESC_C08_2184932293.tsv
2184932293	1832435919	47	оберег от сглаза и порчи	BY_SEARCHES	DESCENDING	8db44446-baff-458f-b170-10b8eeb01ca2	C08A5	7	371	NULL	NULL	NULL	0	0	RUB	canonical_chunks/product_queries_details_BY_SEARCHES_DESC_C08_2184932293.tsv
2184932293	1832435919	47	бог	BY_SEARCHES	DESCENDING	8db44446-baff-458f-b170-10b8eeb01ca2	C08A5	8	260	NULL	NULL	NULL	0	0	RUB	canonical_chunks/product_queries_details_BY_SEARCHES_DESC_C08_2184932293.tsv
2184932293	1832435919	47	амулеты обереги и талисманы	BY_SEARCHES	DESCENDING	8db44446-baff-458f-b170-10b8eeb01ca2	C08A5	9	259	NULL	NULL	NULL	0	0	RUB	canonical_chunks/product_queries_details_BY_SEARCHES_DESC_C08_2184932293.tsv
2184932293	1832435919	47	оберег славянский	BY_SEARCHES	DESCENDING	8db44446-baff-458f-b170-10b8eeb01ca2	C08A5	10	180	NULL	NULL	NULL	0	0	RUB	canonical_chunks/product_queries_details_BY_SEARCHES_DESC_C08_2184932293.tsv
2184932293	1832435919	47	оберег в машину	BY_SEARCHES	DESCENDING	8db44446-baff-458f-b170-10b8eeb01ca2	C08A5	11	143	NULL	NULL	NULL	0	0	RUB	canonical_chunks/product_queries_details_BY_SEARCHES_DESC_C08_2184932293.tsv
2184932293	1832435919	47	даждьбог	BY_SEARCHES	DESCENDING	8db44446-baff-458f-b170-10b8eeb01ca2	C08A5	12	115	NULL	NULL	NULL	0	565	RUB	canonical_chunks/product_queries_details_BY_SEARCHES_DESC_C08_2184932293.tsv
2184932293	1832435919	47	бусины деревянные	BY_SEARCHES	DESCENDING	8db44446-baff-458f-b170-10b8eeb01ca2	C08A5	13	106	NULL	NULL	NULL	0	0	RUB	canonical_chunks/product_queries_details_BY_SEARCHES_DESC_C08_2184932293.tsv
2184932293	1832435919	47	славянские	BY_SEARCHES	DESCENDING	8db44446-baff-458f-b170-10b8eeb01ca2	C08A5	14	102	NULL	NULL	NULL	0	0	RUB	canonical_chunks/product_queries_details_BY_SEARCHES_DESC_C08_2184932293.tsv
2184932293	1832435919	47	амулеты	BY_SEARCHES	DESCENDING	8db44446-baff-458f-b170-10b8eeb01ca2	C08A5	15	89	NULL	NULL	NULL	0	0	RUB	canonical_chunks/product_queries_details_BY_SEARCHES_DESC_C08_2184932293.tsv
2186766628	1834930939	48	подвеска в машину	BY_SEARCHES	DESCENDING	c5820055-585a-406c-9f4a-8143d8697191	C08A6	1	3171	NULL	NULL	NULL	0	0	RUB	canonical_chunks/product_queries_details_BY_SEARCHES_DESC_C08_2186766628.tsv
2186766628	1834930939	48	подвеска	BY_SEARCHES	DESCENDING	c5820055-585a-406c-9f4a-8143d8697191	C08A6	2	2415	NULL	NULL	NULL	0	0	RUB	canonical_chunks/product_queries_details_BY_SEARCHES_DESC_C08_2186766628.tsv
2186766628	1834930939	48	подвеска на зеркало в машину	BY_SEARCHES	DESCENDING	c5820055-585a-406c-9f4a-8143d8697191	C08A6	3	1288	NULL	NULL	NULL	0	0	RUB	canonical_chunks/product_queries_details_BY_SEARCHES_DESC_C08_2186766628.tsv
2186766628	1834930939	48	телец	BY_SEARCHES	DESCENDING	c5820055-585a-406c-9f4a-8143d8697191	C08A6	4	685	NULL	NULL	NULL	0	0	RUB	canonical_chunks/product_queries_details_BY_SEARCHES_DESC_C08_2186766628.tsv
2186766628	1834930939	48	четки в автомобиль	BY_SEARCHES	DESCENDING	c5820055-585a-406c-9f4a-8143d8697191	C08A6	5	381	NULL	NULL	NULL	0	0	RUB	canonical_chunks/product_queries_details_BY_SEARCHES_DESC_C08_2186766628.tsv
2186766628	1834930939	48	оберег в машину	BY_SEARCHES	DESCENDING	c5820055-585a-406c-9f4a-8143d8697191	C08A6	6	266	NULL	NULL	NULL	0	0	RUB	canonical_chunks/product_queries_details_BY_SEARCHES_DESC_C08_2186766628.tsv
2186766628	1834930939	48	талисман	BY_SEARCHES	DESCENDING	c5820055-585a-406c-9f4a-8143d8697191	C08A6	7	207	NULL	NULL	NULL	0	0	RUB	canonical_chunks/product_queries_details_BY_SEARCHES_DESC_C08_2186766628.tsv
2186766628	1834930939	48	оберег	BY_SEARCHES	DESCENDING	c5820055-585a-406c-9f4a-8143d8697191	C08A6	8	163	NULL	NULL	NULL	0	0	RUB	canonical_chunks/product_queries_details_BY_SEARCHES_DESC_C08_2186766628.tsv
2186766628	1834930939	48	подвеска телец	BY_SEARCHES	DESCENDING	c5820055-585a-406c-9f4a-8143d8697191	C08A6	9	144	NULL	NULL	NULL	0	0	RUB	canonical_chunks/product_queries_details_BY_SEARCHES_DESC_C08_2186766628.tsv
2186766628	1834930939	48	четки в машину	BY_SEARCHES	DESCENDING	c5820055-585a-406c-9f4a-8143d8697191	C08A6	10	137	NULL	NULL	NULL	0	0	RUB	canonical_chunks/product_queries_details_BY_SEARCHES_DESC_C08_2186766628.tsv
2186766628	1834930939	48	подвеска в автомобиль	BY_SEARCHES	DESCENDING	c5820055-585a-406c-9f4a-8143d8697191	C08A6	11	108	NULL	NULL	NULL	0	0	RUB	canonical_chunks/product_queries_details_BY_SEARCHES_DESC_C08_2186766628.tsv
2186766628	1834930939	48	подвеска на зеркало	BY_SEARCHES	DESCENDING	c5820055-585a-406c-9f4a-8143d8697191	C08A6	12	106	NULL	NULL	NULL	0	0	RUB	canonical_chunks/product_queries_details_BY_SEARCHES_DESC_C08_2186766628.tsv
2186766628	1834930939	48	в машину подвеска	BY_SEARCHES	DESCENDING	c5820055-585a-406c-9f4a-8143d8697191	C08A6	13	85	NULL	NULL	NULL	0	0	RUB	canonical_chunks/product_queries_details_BY_SEARCHES_DESC_C08_2186766628.tsv
2186766628	1834930939	48	магическое зеркало	BY_SEARCHES	DESCENDING	c5820055-585a-406c-9f4a-8143d8697191	C08A6	14	72	NULL	NULL	NULL	0	0	RUB	canonical_chunks/product_queries_details_BY_SEARCHES_DESC_C08_2186766628.tsv
2186766628	1834930939	48	амулеты обереги и талисманы	BY_SEARCHES	DESCENDING	c5820055-585a-406c-9f4a-8143d8697191	C08A6	15	72	NULL	NULL	NULL	0	0	RUB	canonical_chunks/product_queries_details_BY_SEARCHES_DESC_C08_2186766628.tsv
2186839757	1835026306	52	подвеска в машину	BY_SEARCHES	DESCENDING	119e237e-692b-432a-833e-9ad632fe80d3	C09A4	1	7092	NULL	NULL	NULL	0	0	RUB	canonical_chunks/product_queries_details_BY_SEARCHES_DESC_C09_2186839757.tsv
2186839757	1835026306	52	подвеска в машину на зеркало	BY_SEARCHES	DESCENDING	119e237e-692b-432a-833e-9ad632fe80d3	C09A4	2	1289	NULL	NULL	NULL	0	0	RUB	canonical_chunks/product_queries_details_BY_SEARCHES_DESC_C09_2186839757.tsv
2186839757	1835026306	52	подвеска на зеркало в машину	BY_SEARCHES	DESCENDING	119e237e-692b-432a-833e-9ad632fe80d3	C09A4	3	1203	NULL	NULL	NULL	0	0	RUB	canonical_chunks/product_queries_details_BY_SEARCHES_DESC_C09_2186839757.tsv
2186839757	1835026306	52	стрелец	BY_SEARCHES	DESCENDING	119e237e-692b-432a-833e-9ad632fe80d3	C09A4	4	525	NULL	NULL	NULL	0	0	RUB	canonical_chunks/product_queries_details_BY_SEARCHES_DESC_C09_2186839757.tsv
2186839757	1835026306	52	крест в машину на зеркало	BY_SEARCHES	DESCENDING	119e237e-692b-432a-833e-9ad632fe80d3	C09A4	5	234	NULL	NULL	NULL	0	0	RUB	canonical_chunks/product_queries_details_BY_SEARCHES_DESC_C09_2186839757.tsv
2186839757	1835026306	52	талисман	BY_SEARCHES	DESCENDING	119e237e-692b-432a-833e-9ad632fe80d3	C09A4	6	207	NULL	NULL	NULL	0	0	RUB	canonical_chunks/product_queries_details_BY_SEARCHES_DESC_C09_2186839757.tsv
2186839757	1835026306	52	четки в автомобиль	BY_SEARCHES	DESCENDING	119e237e-692b-432a-833e-9ad632fe80d3	C09A4	7	178	NULL	NULL	NULL	0	0	RUB	canonical_chunks/product_queries_details_BY_SEARCHES_DESC_C09_2186839757.tsv
2186839757	1835026306	52	четки в машину	BY_SEARCHES	DESCENDING	119e237e-692b-432a-833e-9ad632fe80d3	C09A4	8	137	NULL	NULL	NULL	0	0	RUB	canonical_chunks/product_queries_details_BY_SEARCHES_DESC_C09_2186839757.tsv
2186839757	1835026306	52	четки в машину на зеркало	BY_SEARCHES	DESCENDING	119e237e-692b-432a-833e-9ad632fe80d3	C09A4	9	107	NULL	NULL	NULL	0	0	RUB	canonical_chunks/product_queries_details_BY_SEARCHES_DESC_C09_2186839757.tsv
2186839757	1835026306	52	подвеска в автомобиль	BY_SEARCHES	DESCENDING	119e237e-692b-432a-833e-9ad632fe80d3	C09A4	10	105	NULL	NULL	NULL	0	0	RUB	canonical_chunks/product_queries_details_BY_SEARCHES_DESC_C09_2186839757.tsv
2186839757	1835026306	52	оберег в машину	BY_SEARCHES	DESCENDING	119e237e-692b-432a-833e-9ad632fe80d3	C09A4	11	84	NULL	NULL	NULL	0	0	RUB	canonical_chunks/product_queries_details_BY_SEARCHES_DESC_C09_2186839757.tsv
2186839757	1835026306	52	подвес в машину на зеркало	BY_SEARCHES	DESCENDING	119e237e-692b-432a-833e-9ad632fe80d3	C09A4	12	82	NULL	NULL	NULL	0	0	RUB	canonical_chunks/product_queries_details_BY_SEARCHES_DESC_C09_2186839757.tsv
2186839757	1835026306	52	подвеска на зеркало	BY_SEARCHES	DESCENDING	119e237e-692b-432a-833e-9ad632fe80d3	C09A4	13	81	NULL	NULL	NULL	0	0	RUB	canonical_chunks/product_queries_details_BY_SEARCHES_DESC_C09_2186839757.tsv
2186839757	1835026306	52	кулон зеркало оберег	BY_SEARCHES	DESCENDING	119e237e-692b-432a-833e-9ad632fe80d3	C09A4	14	69	NULL	NULL	NULL	0	0	RUB	canonical_chunks/product_queries_details_BY_SEARCHES_DESC_C09_2186839757.tsv
2186839757	1835026306	52	знаки зодиака	BY_SEARCHES	DESCENDING	119e237e-692b-432a-833e-9ad632fe80d3	C09A4	15	59	NULL	NULL	NULL	0	0	RUB	canonical_chunks/product_queries_details_BY_SEARCHES_DESC_C09_2186839757.tsv
2186846833	1835035733	54	зеркало	BY_SEARCHES	DESCENDING	45a0dcbc-db7b-4115-8b2e-e23108945fb5	C09A6	1	16292	NULL	NULL	NULL	0	0	RUB	canonical_chunks/product_queries_details_BY_SEARCHES_DESC_C09_2186846833.tsv
2186846833	1835035733	54	подвеска в машину	BY_SEARCHES	DESCENDING	45a0dcbc-db7b-4115-8b2e-e23108945fb5	C09A6	2	7092	NULL	NULL	NULL	0	0	RUB	canonical_chunks/product_queries_details_BY_SEARCHES_DESC_C09_2186846833.tsv
2186846833	1835035733	54	подвеска в машину на зеркало	BY_SEARCHES	DESCENDING	45a0dcbc-db7b-4115-8b2e-e23108945fb5	C09A6	3	1367	NULL	NULL	NULL	0	0	RUB	canonical_chunks/product_queries_details_BY_SEARCHES_DESC_C09_2186846833.tsv
2186846833	1835035733	54	подвеска на зеркало в машину	BY_SEARCHES	DESCENDING	45a0dcbc-db7b-4115-8b2e-e23108945fb5	C09A6	4	1207	NULL	NULL	NULL	0	0	RUB	canonical_chunks/product_queries_details_BY_SEARCHES_DESC_C09_2186846833.tsv
2186846833	1835035733	54	водолей	BY_SEARCHES	DESCENDING	45a0dcbc-db7b-4115-8b2e-e23108945fb5	C09A6	5	746	NULL	NULL	NULL	0	669	RUB	canonical_chunks/product_queries_details_BY_SEARCHES_DESC_C09_2186846833.tsv
2186846833	1835035733	54	оберег в машину	BY_SEARCHES	DESCENDING	45a0dcbc-db7b-4115-8b2e-e23108945fb5	C09A6	6	383	NULL	NULL	NULL	0	0	RUB	canonical_chunks/product_queries_details_BY_SEARCHES_DESC_C09_2186846833.tsv
2186846833	1835035733	54	четки в автомобиль	BY_SEARCHES	DESCENDING	45a0dcbc-db7b-4115-8b2e-e23108945fb5	C09A6	7	381	NULL	NULL	NULL	0	0	RUB	canonical_chunks/product_queries_details_BY_SEARCHES_DESC_C09_2186846833.tsv
2186846833	1835035733	54	четки в машину	BY_SEARCHES	DESCENDING	45a0dcbc-db7b-4115-8b2e-e23108945fb5	C09A6	8	284	NULL	NULL	NULL	0	0	RUB	canonical_chunks/product_queries_details_BY_SEARCHES_DESC_C09_2186846833.tsv
2186846833	1835035733	54	подвес в машину на зеркало	BY_SEARCHES	DESCENDING	45a0dcbc-db7b-4115-8b2e-e23108945fb5	C09A6	9	106	NULL	NULL	NULL	0	0	RUB	canonical_chunks/product_queries_details_BY_SEARCHES_DESC_C09_2186846833.tsv
2186846833	1835035733	54	четки в машину на зеркало	BY_SEARCHES	DESCENDING	45a0dcbc-db7b-4115-8b2e-e23108945fb5	C09A6	10	106	NULL	NULL	NULL	0	0	RUB	canonical_chunks/product_queries_details_BY_SEARCHES_DESC_C09_2186846833.tsv
2186846833	1835035733	54	подвеска водолей	BY_SEARCHES	DESCENDING	45a0dcbc-db7b-4115-8b2e-e23108945fb5	C09A6	11	99	NULL	NULL	NULL	0	0	RUB	canonical_chunks/product_queries_details_BY_SEARCHES_DESC_C09_2186846833.tsv
2186846833	1835035733	54	подвеска на зеркало автомобиля	BY_SEARCHES	DESCENDING	45a0dcbc-db7b-4115-8b2e-e23108945fb5	C09A6	12	97	NULL	NULL	NULL	0	0	RUB	canonical_chunks/product_queries_details_BY_SEARCHES_DESC_C09_2186846833.tsv
2186846833	1835035733	54	подвеска в автомобиль	BY_SEARCHES	DESCENDING	45a0dcbc-db7b-4115-8b2e-e23108945fb5	C09A6	13	96	NULL	NULL	NULL	0	0	RUB	canonical_chunks/product_queries_details_BY_SEARCHES_DESC_C09_2186846833.tsv
2186846833	1835035733	54	подвеска на машину	BY_SEARCHES	DESCENDING	45a0dcbc-db7b-4115-8b2e-e23108945fb5	C09A6	14	88	NULL	NULL	NULL	0	0	RUB	canonical_chunks/product_queries_details_BY_SEARCHES_DESC_C09_2186846833.tsv
2186846833	1835035733	54	в машину подвеска	BY_SEARCHES	DESCENDING	45a0dcbc-db7b-4115-8b2e-e23108945fb5	C09A6	15	81	NULL	NULL	NULL	0	0	RUB	canonical_chunks/product_queries_details_BY_SEARCHES_DESC_C09_2186846833.tsv
2186848313	1835037959	55	зеркало	BY_SEARCHES	DESCENDING	512d9537-c32e-4bad-90a7-52b9084e2d98	C10A1	1	8794	NULL	NULL	NULL	0	0	RUB	canonical_chunks/product_queries_details_BY_SEARCHES_DESC_C10_2186848313.tsv
2186848313	1835037959	55	подвеска в машину	BY_SEARCHES	DESCENDING	512d9537-c32e-4bad-90a7-52b9084e2d98	C10A1	2	7092	NULL	NULL	NULL	0	0	RUB	canonical_chunks/product_queries_details_BY_SEARCHES_DESC_C10_2186848313.tsv
2186848313	1835037959	55	подвеска в машину на зеркало	BY_SEARCHES	DESCENDING	512d9537-c32e-4bad-90a7-52b9084e2d98	C10A1	3	6478	NULL	NULL	NULL	0	0	RUB	canonical_chunks/product_queries_details_BY_SEARCHES_DESC_C10_2186848313.tsv
2186848313	1835037959	55	четки в машину	BY_SEARCHES	DESCENDING	512d9537-c32e-4bad-90a7-52b9084e2d98	C10A1	4	1380	NULL	NULL	NULL	0	0	RUB	canonical_chunks/product_queries_details_BY_SEARCHES_DESC_C10_2186848313.tsv
2186848313	1835037959	55	подвеска на зеркало в машину	BY_SEARCHES	DESCENDING	512d9537-c32e-4bad-90a7-52b9084e2d98	C10A1	5	1211	NULL	NULL	NULL	0	0	RUB	canonical_chunks/product_queries_details_BY_SEARCHES_DESC_C10_2186848313.tsv
2186848313	1835037959	55	оберег в машину	BY_SEARCHES	DESCENDING	512d9537-c32e-4bad-90a7-52b9084e2d98	C10A1	6	528	NULL	NULL	NULL	0	0	RUB	canonical_chunks/product_queries_details_BY_SEARCHES_DESC_C10_2186848313.tsv
2186848313	1835037959	55	подвеска в автомобиль на зеркало	BY_SEARCHES	DESCENDING	512d9537-c32e-4bad-90a7-52b9084e2d98	C10A1	7	448	NULL	NULL	NULL	0	0	RUB	canonical_chunks/product_queries_details_BY_SEARCHES_DESC_C10_2186848313.tsv
2186848313	1835037959	55	подвеска в автомобиль	BY_SEARCHES	DESCENDING	512d9537-c32e-4bad-90a7-52b9084e2d98	C10A1	8	427	NULL	NULL	NULL	0	0	RUB	canonical_chunks/product_queries_details_BY_SEARCHES_DESC_C10_2186848313.tsv
2186848313	1835037959	55	четки в автомобиль	BY_SEARCHES	DESCENDING	512d9537-c32e-4bad-90a7-52b9084e2d98	C10A1	9	381	NULL	NULL	NULL	0	0	RUB	canonical_chunks/product_queries_details_BY_SEARCHES_DESC_C10_2186848313.tsv
2186848313	1835037959	55	на зеркало в машину подвеска	BY_SEARCHES	DESCENDING	512d9537-c32e-4bad-90a7-52b9084e2d98	C10A1	10	367	NULL	NULL	NULL	0	0	RUB	canonical_chunks/product_queries_details_BY_SEARCHES_DESC_C10_2186848313.tsv
2186848313	1835037959	55	талисман	BY_SEARCHES	DESCENDING	512d9537-c32e-4bad-90a7-52b9084e2d98	C10A1	11	307	NULL	NULL	NULL	0	0	RUB	canonical_chunks/product_queries_details_BY_SEARCHES_DESC_C10_2186848313.tsv
2186848313	1835037959	55	амулеты обереги и талисманы	BY_SEARCHES	DESCENDING	512d9537-c32e-4bad-90a7-52b9084e2d98	C10A1	12	218	NULL	NULL	NULL	0	0	RUB	canonical_chunks/product_queries_details_BY_SEARCHES_DESC_C10_2186848313.tsv
2186848313	1835037959	55	брелок в машину на зеркало	BY_SEARCHES	DESCENDING	512d9537-c32e-4bad-90a7-52b9084e2d98	C10A1	13	211	NULL	NULL	NULL	0	0	RUB	canonical_chunks/product_queries_details_BY_SEARCHES_DESC_C10_2186848313.tsv
2186848313	1835037959	55	четки в машину на зеркало	BY_SEARCHES	DESCENDING	512d9537-c32e-4bad-90a7-52b9084e2d98	C10A1	14	147	NULL	NULL	NULL	0	0	RUB	canonical_chunks/product_queries_details_BY_SEARCHES_DESC_C10_2186848313.tsv
2186848313	1835037959	55	в машину на зеркало подвеска	BY_SEARCHES	DESCENDING	512d9537-c32e-4bad-90a7-52b9084e2d98	C10A1	15	128	NULL	NULL	NULL	0	0	RUB	canonical_chunks/product_queries_details_BY_SEARCHES_DESC_C10_2186848313.tsv
2186850644	1835042242	56	подвеска в машину	BY_SEARCHES	DESCENDING	d2a2529d-a27e-4a60-b9c9-5901b2cb6315	C10A2	1	7308	NULL	NULL	NULL	0	0	RUB	canonical_chunks/product_queries_details_BY_SEARCHES_DESC_C10_2186850644.tsv
2186850644	1835042242	56	подвеска в машину на зеркало	BY_SEARCHES	DESCENDING	d2a2529d-a27e-4a60-b9c9-5901b2cb6315	C10A2	2	6256	NULL	NULL	NULL	0	0	RUB	canonical_chunks/product_queries_details_BY_SEARCHES_DESC_C10_2186850644.tsv
2186850644	1835042242	56	овен	BY_SEARCHES	DESCENDING	d2a2529d-a27e-4a60-b9c9-5901b2cb6315	C10A2	3	1191	NULL	NULL	NULL	0	0	RUB	canonical_chunks/product_queries_details_BY_SEARCHES_DESC_C10_2186850644.tsv
2186850644	1835042242	56	подвеска на зеркало в машину	BY_SEARCHES	DESCENDING	d2a2529d-a27e-4a60-b9c9-5901b2cb6315	C10A2	4	1157	NULL	NULL	NULL	0	0	RUB	canonical_chunks/product_queries_details_BY_SEARCHES_DESC_C10_2186850644.tsv
2186850644	1835042242	56	четки в машину	BY_SEARCHES	DESCENDING	d2a2529d-a27e-4a60-b9c9-5901b2cb6315	C10A2	5	461	NULL	NULL	NULL	0	0	RUB	canonical_chunks/product_queries_details_BY_SEARCHES_DESC_C10_2186850644.tsv
2186850644	1835042242	56	оберег в машину	BY_SEARCHES	DESCENDING	d2a2529d-a27e-4a60-b9c9-5901b2cb6315	C10A2	6	414	NULL	NULL	NULL	0	0	RUB	canonical_chunks/product_queries_details_BY_SEARCHES_DESC_C10_2186850644.tsv
2186850644	1835042242	56	подвеска в автомобиль на зеркало	BY_SEARCHES	DESCENDING	d2a2529d-a27e-4a60-b9c9-5901b2cb6315	C10A2	7	405	NULL	NULL	NULL	0	0	RUB	canonical_chunks/product_queries_details_BY_SEARCHES_DESC_C10_2186850644.tsv
2186850644	1835042242	56	подвеска в автомобиль	BY_SEARCHES	DESCENDING	d2a2529d-a27e-4a60-b9c9-5901b2cb6315	C10A2	8	346	NULL	NULL	NULL	0	0	RUB	canonical_chunks/product_queries_details_BY_SEARCHES_DESC_C10_2186850644.tsv
2186850644	1835042242	56	на зеркало в машину подвеска	BY_SEARCHES	DESCENDING	d2a2529d-a27e-4a60-b9c9-5901b2cb6315	C10A2	9	273	NULL	NULL	NULL	0	0	RUB	canonical_chunks/product_queries_details_BY_SEARCHES_DESC_C10_2186850644.tsv
2186850644	1835042242	56	талисман	BY_SEARCHES	DESCENDING	d2a2529d-a27e-4a60-b9c9-5901b2cb6315	C10A2	10	208	NULL	NULL	NULL	0	0	RUB	canonical_chunks/product_queries_details_BY_SEARCHES_DESC_C10_2186850644.tsv
2186850644	1835042242	56	брелок в машину на зеркало	BY_SEARCHES	DESCENDING	d2a2529d-a27e-4a60-b9c9-5901b2cb6315	C10A2	11	145	NULL	NULL	NULL	0	0	RUB	canonical_chunks/product_queries_details_BY_SEARCHES_DESC_C10_2186850644.tsv
2186850644	1835042242	56	подвеска овен	BY_SEARCHES	DESCENDING	d2a2529d-a27e-4a60-b9c9-5901b2cb6315	C10A2	12	142	NULL	NULL	NULL	0	0	RUB	canonical_chunks/product_queries_details_BY_SEARCHES_DESC_C10_2186850644.tsv
2186850644	1835042242	56	амулеты обереги и талисманы	BY_SEARCHES	DESCENDING	d2a2529d-a27e-4a60-b9c9-5901b2cb6315	C10A2	13	125	NULL	NULL	NULL	0	0	RUB	canonical_chunks/product_queries_details_BY_SEARCHES_DESC_C10_2186850644.tsv
2186850644	1835042242	56	подвеска на зеркало	BY_SEARCHES	DESCENDING	d2a2529d-a27e-4a60-b9c9-5901b2cb6315	C10A2	14	106	NULL	NULL	NULL	0	0	RUB	canonical_chunks/product_queries_details_BY_SEARCHES_DESC_C10_2186850644.tsv
2186850644	1835042242	56	подвеска на машину	BY_SEARCHES	DESCENDING	d2a2529d-a27e-4a60-b9c9-5901b2cb6315	C10A2	15	97	NULL	NULL	NULL	0	0	RUB	canonical_chunks/product_queries_details_BY_SEARCHES_DESC_C10_2186850644.tsv
2186852750	1835045239	57	подвеска в машину	BY_SEARCHES	DESCENDING	8579edc9-2e85-4643-94b8-a9ac3e414fad	C10A3	1	2937	NULL	NULL	NULL	0	0	RUB	canonical_chunks/product_queries_details_BY_SEARCHES_DESC_C10_2186852750.tsv
2186852750	1835045239	57	подвеска на зеркало в машину	BY_SEARCHES	DESCENDING	8579edc9-2e85-4643-94b8-a9ac3e414fad	C10A3	2	1261	NULL	NULL	NULL	0	0	RUB	canonical_chunks/product_queries_details_BY_SEARCHES_DESC_C10_2186852750.tsv
2186852750	1835045239	57	козерог	BY_SEARCHES	DESCENDING	8579edc9-2e85-4643-94b8-a9ac3e414fad	C10A3	3	774	NULL	NULL	NULL	0	0	RUB	canonical_chunks/product_queries_details_BY_SEARCHES_DESC_C10_2186852750.tsv
2186852750	1835045239	57	оберег в машину	BY_SEARCHES	DESCENDING	8579edc9-2e85-4643-94b8-a9ac3e414fad	C10A3	4	231	NULL	NULL	NULL	0	0	RUB	canonical_chunks/product_queries_details_BY_SEARCHES_DESC_C10_2186852750.tsv
2186852750	1835045239	57	брелок коза	BY_SEARCHES	DESCENDING	8579edc9-2e85-4643-94b8-a9ac3e414fad	C10A3	5	192	NULL	NULL	NULL	0	0	RUB	canonical_chunks/product_queries_details_BY_SEARCHES_DESC_C10_2186852750.tsv
2186852750	1835045239	57	четки в автомобиль	BY_SEARCHES	DESCENDING	8579edc9-2e85-4643-94b8-a9ac3e414fad	C10A3	6	178	NULL	NULL	NULL	0	0	RUB	canonical_chunks/product_queries_details_BY_SEARCHES_DESC_C10_2186852750.tsv
2186852750	1835045239	57	четки в машину	BY_SEARCHES	DESCENDING	8579edc9-2e85-4643-94b8-a9ac3e414fad	C10A3	7	137	NULL	NULL	NULL	0	0	RUB	canonical_chunks/product_queries_details_BY_SEARCHES_DESC_C10_2186852750.tsv
2186852750	1835045239	57	подвеска козерог	BY_SEARCHES	DESCENDING	8579edc9-2e85-4643-94b8-a9ac3e414fad	C10A3	8	116	NULL	NULL	NULL	0	0	RUB	canonical_chunks/product_queries_details_BY_SEARCHES_DESC_C10_2186852750.tsv
2186852750	1835045239	57	подвеска в автомобиль	BY_SEARCHES	DESCENDING	8579edc9-2e85-4643-94b8-a9ac3e414fad	C10A3	9	111	NULL	NULL	NULL	0	0	RUB	canonical_chunks/product_queries_details_BY_SEARCHES_DESC_C10_2186852750.tsv
2186852750	1835045239	57	талисман	BY_SEARCHES	DESCENDING	8579edc9-2e85-4643-94b8-a9ac3e414fad	C10A3	10	98	NULL	NULL	NULL	0	0	RUB	canonical_chunks/product_queries_details_BY_SEARCHES_DESC_C10_2186852750.tsv
2186852750	1835045239	57	козаки	BY_SEARCHES	DESCENDING	8579edc9-2e85-4643-94b8-a9ac3e414fad	C10A3	11	74	NULL	NULL	NULL	0	0	RUB	canonical_chunks/product_queries_details_BY_SEARCHES_DESC_C10_2186852750.tsv
2186852750	1835045239	57	козерог подвеска	BY_SEARCHES	DESCENDING	8579edc9-2e85-4643-94b8-a9ac3e414fad	C10A3	12	57	NULL	NULL	NULL	0	0	RUB	canonical_chunks/product_queries_details_BY_SEARCHES_DESC_C10_2186852750.tsv
2186852750	1835045239	57	кулон зеркало оберег	BY_SEARCHES	DESCENDING	8579edc9-2e85-4643-94b8-a9ac3e414fad	C10A3	13	57	NULL	NULL	NULL	0	0	RUB	canonical_chunks/product_queries_details_BY_SEARCHES_DESC_C10_2186852750.tsv
2186852750	1835045239	57	сувенир коза	BY_SEARCHES	DESCENDING	8579edc9-2e85-4643-94b8-a9ac3e414fad	C10A3	14	44	NULL	NULL	NULL	0	0	RUB	canonical_chunks/product_queries_details_BY_SEARCHES_DESC_C10_2186852750.tsv
2186852750	1835045239	57	магическое зеркало	BY_SEARCHES	DESCENDING	8579edc9-2e85-4643-94b8-a9ac3e414fad	C10A3	15	38	NULL	NULL	NULL	0	0	RUB	canonical_chunks/product_queries_details_BY_SEARCHES_DESC_C10_2186852750.tsv
2186857668	1835050645	59	зеркало	BY_SEARCHES	DESCENDING	e6e5a641-ba49-41d7-86be-826cbf789ff1	C10A5	1	8794	NULL	NULL	NULL	0	0	RUB	canonical_chunks/product_queries_details_BY_SEARCHES_DESC_C10_2186857668.tsv
2186857668	1835050645	59	подвеска в машину	BY_SEARCHES	DESCENDING	e6e5a641-ba49-41d7-86be-826cbf789ff1	C10A5	2	7092	NULL	NULL	NULL	0	0	RUB	canonical_chunks/product_queries_details_BY_SEARCHES_DESC_C10_2186857668.tsv
2186857668	1835050645	59	подвеска в машину на зеркало	BY_SEARCHES	DESCENDING	e6e5a641-ba49-41d7-86be-826cbf789ff1	C10A5	3	4758	NULL	NULL	NULL	0	0	RUB	canonical_chunks/product_queries_details_BY_SEARCHES_DESC_C10_2186857668.tsv
2186857668	1835050645	59	лев	BY_SEARCHES	DESCENDING	e6e5a641-ba49-41d7-86be-826cbf789ff1	C10A5	4	4058	NULL	NULL	NULL	0	681	RUB	canonical_chunks/product_queries_details_BY_SEARCHES_DESC_C10_2186857668.tsv
2186857668	1835050645	59	четки в машину	BY_SEARCHES	DESCENDING	e6e5a641-ba49-41d7-86be-826cbf789ff1	C10A5	5	2381	NULL	NULL	NULL	0	644	RUB	canonical_chunks/product_queries_details_BY_SEARCHES_DESC_C10_2186857668.tsv
2186857668	1835050645	59	подвеска на зеркало в машину	BY_SEARCHES	DESCENDING	e6e5a641-ba49-41d7-86be-826cbf789ff1	C10A5	6	1334	NULL	NULL	NULL	0	0	RUB	canonical_chunks/product_queries_details_BY_SEARCHES_DESC_C10_2186857668.tsv
2186857668	1835050645	59	оберег в машину	BY_SEARCHES	DESCENDING	e6e5a641-ba49-41d7-86be-826cbf789ff1	C10A5	7	1190	NULL	NULL	NULL	0	0	RUB	canonical_chunks/product_queries_details_BY_SEARCHES_DESC_C10_2186857668.tsv
2186857668	1835050645	59	оберег	BY_SEARCHES	DESCENDING	e6e5a641-ba49-41d7-86be-826cbf789ff1	C10A5	8	1120	NULL	NULL	NULL	0	0	RUB	canonical_chunks/product_queries_details_BY_SEARCHES_DESC_C10_2186857668.tsv
2186857668	1835050645	59	подвеска в автомобиль на зеркало	BY_SEARCHES	DESCENDING	e6e5a641-ba49-41d7-86be-826cbf789ff1	C10A5	9	415	NULL	NULL	NULL	0	0	RUB	canonical_chunks/product_queries_details_BY_SEARCHES_DESC_C10_2186857668.tsv
2186857668	1835050645	59	четки в автомобиль	BY_SEARCHES	DESCENDING	e6e5a641-ba49-41d7-86be-826cbf789ff1	C10A5	10	381	NULL	NULL	NULL	0	0	RUB	canonical_chunks/product_queries_details_BY_SEARCHES_DESC_C10_2186857668.tsv
2186857668	1835050645	59	талисман	BY_SEARCHES	DESCENDING	e6e5a641-ba49-41d7-86be-826cbf789ff1	C10A5	11	289	NULL	NULL	NULL	0	0	RUB	canonical_chunks/product_queries_details_BY_SEARCHES_DESC_C10_2186857668.tsv
2186857668	1835050645	59	знак зодиака лев	BY_SEARCHES	DESCENDING	e6e5a641-ba49-41d7-86be-826cbf789ff1	C10A5	12	285	NULL	NULL	NULL	0	0	RUB	canonical_chunks/product_queries_details_BY_SEARCHES_DESC_C10_2186857668.tsv
2186857668	1835050645	59	подвеска лев	BY_SEARCHES	DESCENDING	e6e5a641-ba49-41d7-86be-826cbf789ff1	C10A5	13	280	NULL	NULL	NULL	0	0	RUB	canonical_chunks/product_queries_details_BY_SEARCHES_DESC_C10_2186857668.tsv
2186857668	1835050645	59	крест в машину	BY_SEARCHES	DESCENDING	e6e5a641-ba49-41d7-86be-826cbf789ff1	C10A5	14	278	NULL	NULL	NULL	0	0	RUB	canonical_chunks/product_queries_details_BY_SEARCHES_DESC_C10_2186857668.tsv
2186857668	1835050645	59	знаки зодиака	BY_SEARCHES	DESCENDING	e6e5a641-ba49-41d7-86be-826cbf789ff1	C10A5	15	275	NULL	NULL	NULL	0	0	RUB	canonical_chunks/product_queries_details_BY_SEARCHES_DESC_C10_2186857668.tsv
2271188511	1947980208	61	подвеска в машину	BY_SEARCHES	DESCENDING	96d6e828-7f23-40d2-add8-cd84ed9f9915	C11A1	1	7092	NULL	NULL	NULL	0	0	RUB	canonical_chunks/product_queries_details_BY_SEARCHES_DESC_C11_2271188511.tsv
2271188511	1947980208	61	подвеска в машину на зеркало	BY_SEARCHES	DESCENDING	96d6e828-7f23-40d2-add8-cd84ed9f9915	C11A1	2	6256	NULL	NULL	NULL	0	0	RUB	canonical_chunks/product_queries_details_BY_SEARCHES_DESC_C11_2271188511.tsv
2271188511	1947980208	61	подвеска мужская	BY_SEARCHES	DESCENDING	96d6e828-7f23-40d2-add8-cd84ed9f9915	C11A1	3	2524	NULL	NULL	NULL	0	0	RUB	canonical_chunks/product_queries_details_BY_SEARCHES_DESC_C11_2271188511.tsv
2271188511	1947980208	61	лев	BY_SEARCHES	DESCENDING	96d6e828-7f23-40d2-add8-cd84ed9f9915	C11A1	4	1884	NULL	NULL	NULL	0	0	RUB	canonical_chunks/product_queries_details_BY_SEARCHES_DESC_C11_2271188511.tsv
2271188511	1947980208	61	подвеска на зеркало в машину	BY_SEARCHES	DESCENDING	96d6e828-7f23-40d2-add8-cd84ed9f9915	C11A1	5	1288	NULL	NULL	NULL	0	0	RUB	canonical_chunks/product_queries_details_BY_SEARCHES_DESC_C11_2271188511.tsv
2271188511	1947980208	61	четки в машину	BY_SEARCHES	DESCENDING	96d6e828-7f23-40d2-add8-cd84ed9f9915	C11A1	6	973	NULL	NULL	NULL	0	0	RUB	canonical_chunks/product_queries_details_BY_SEARCHES_DESC_C11_2271188511.tsv
2271188511	1947980208	61	оберег	BY_SEARCHES	DESCENDING	96d6e828-7f23-40d2-add8-cd84ed9f9915	C11A1	7	950	NULL	NULL	NULL	0	0	RUB	canonical_chunks/product_queries_details_BY_SEARCHES_DESC_C11_2271188511.tsv
2271188511	1947980208	61	в машину	BY_SEARCHES	DESCENDING	96d6e828-7f23-40d2-add8-cd84ed9f9915	C11A1	8	559	NULL	NULL	NULL	0	0	RUB	canonical_chunks/product_queries_details_BY_SEARCHES_DESC_C11_2271188511.tsv
2271188511	1947980208	61	подвеска в автомобиль	BY_SEARCHES	DESCENDING	96d6e828-7f23-40d2-add8-cd84ed9f9915	C11A1	9	481	NULL	NULL	NULL	0	0	RUB	canonical_chunks/product_queries_details_BY_SEARCHES_DESC_C11_2271188511.tsv
2271188511	1947980208	61	подвеска в автомобиль на зеркало	BY_SEARCHES	DESCENDING	96d6e828-7f23-40d2-add8-cd84ed9f9915	C11A1	10	374	NULL	NULL	NULL	0	0	RUB	canonical_chunks/product_queries_details_BY_SEARCHES_DESC_C11_2271188511.tsv
2271188511	1947980208	61	на зеркало в машину подвеска	BY_SEARCHES	DESCENDING	96d6e828-7f23-40d2-add8-cd84ed9f9915	C11A1	11	372	NULL	NULL	NULL	0	0	RUB	canonical_chunks/product_queries_details_BY_SEARCHES_DESC_C11_2271188511.tsv
2271188511	1947980208	61	ловец снов в машину	BY_SEARCHES	DESCENDING	96d6e828-7f23-40d2-add8-cd84ed9f9915	C11A1	12	357	NULL	NULL	NULL	0	0	RUB	canonical_chunks/product_queries_details_BY_SEARCHES_DESC_C11_2271188511.tsv
2271188511	1947980208	61	брелок в машину на зеркало	BY_SEARCHES	DESCENDING	96d6e828-7f23-40d2-add8-cd84ed9f9915	C11A1	13	302	NULL	NULL	NULL	0	0	RUB	canonical_chunks/product_queries_details_BY_SEARCHES_DESC_C11_2271188511.tsv
2271188511	1947980208	61	амулеты обереги и талисманы	BY_SEARCHES	DESCENDING	96d6e828-7f23-40d2-add8-cd84ed9f9915	C11A1	14	294	NULL	NULL	NULL	0	0	RUB	canonical_chunks/product_queries_details_BY_SEARCHES_DESC_C11_2271188511.tsv
2271188511	1947980208	61	знак зодиака лев	BY_SEARCHES	DESCENDING	96d6e828-7f23-40d2-add8-cd84ed9f9915	C11A1	15	242	NULL	NULL	NULL	0	0	RUB	canonical_chunks/product_queries_details_BY_SEARCHES_DESC_C11_2271188511.tsv
2271210394	1948032144	62	подвеска в машину	BY_SEARCHES	DESCENDING	d8c93b31-2b90-4904-a3b0-b39b32961cc1	C11A2	1	7092	NULL	NULL	NULL	0	0	RUB	canonical_chunks/product_queries_details_BY_SEARCHES_DESC_C11_2271210394.tsv
2271210394	1948032144	62	подвеска в машину на зеркало	BY_SEARCHES	DESCENDING	d8c93b31-2b90-4904-a3b0-b39b32961cc1	C11A2	2	1367	NULL	NULL	NULL	0	0	RUB	canonical_chunks/product_queries_details_BY_SEARCHES_DESC_C11_2271210394.tsv
2271210394	1948032144	62	подвеска на зеркало в машину	BY_SEARCHES	DESCENDING	d8c93b31-2b90-4904-a3b0-b39b32961cc1	C11A2	3	1261	NULL	NULL	NULL	0	0	RUB	canonical_chunks/product_queries_details_BY_SEARCHES_DESC_C11_2271210394.tsv
2271210394	1948032144	62	оберег	BY_SEARCHES	DESCENDING	d8c93b31-2b90-4904-a3b0-b39b32961cc1	C11A2	4	774	NULL	NULL	NULL	0	0	RUB	canonical_chunks/product_queries_details_BY_SEARCHES_DESC_C11_2271210394.tsv
2271210394	1948032144	62	близнецы	BY_SEARCHES	DESCENDING	d8c93b31-2b90-4904-a3b0-b39b32961cc1	C11A2	5	574	NULL	NULL	NULL	0	0	RUB	canonical_chunks/product_queries_details_BY_SEARCHES_DESC_C11_2271210394.tsv
2271210394	1948032144	62	подвеска мужская	BY_SEARCHES	DESCENDING	d8c93b31-2b90-4904-a3b0-b39b32961cc1	C11A2	6	371	NULL	NULL	NULL	0	0	RUB	canonical_chunks/product_queries_details_BY_SEARCHES_DESC_C11_2271210394.tsv
2271210394	1948032144	62	оберег в машину	BY_SEARCHES	DESCENDING	d8c93b31-2b90-4904-a3b0-b39b32961cc1	C11A2	7	300	NULL	NULL	NULL	0	0	RUB	canonical_chunks/product_queries_details_BY_SEARCHES_DESC_C11_2271210394.tsv
2271210394	1948032144	62	четки в машину	BY_SEARCHES	DESCENDING	d8c93b31-2b90-4904-a3b0-b39b32961cc1	C11A2	8	284	NULL	NULL	NULL	0	0	RUB	canonical_chunks/product_queries_details_BY_SEARCHES_DESC_C11_2271210394.tsv
2271210394	1948032144	62	подвеска близнецы	BY_SEARCHES	DESCENDING	d8c93b31-2b90-4904-a3b0-b39b32961cc1	C11A2	9	168	NULL	NULL	NULL	0	0	RUB	canonical_chunks/product_queries_details_BY_SEARCHES_DESC_C11_2271210394.tsv
2271210394	1948032144	62	брелок в машину на зеркало	BY_SEARCHES	DESCENDING	d8c93b31-2b90-4904-a3b0-b39b32961cc1	C11A2	10	147	NULL	NULL	NULL	0	0	RUB	canonical_chunks/product_queries_details_BY_SEARCHES_DESC_C11_2271210394.tsv
2271210394	1948032144	62	в машину подвеска	BY_SEARCHES	DESCENDING	d8c93b31-2b90-4904-a3b0-b39b32961cc1	C11A2	11	137	NULL	NULL	NULL	0	0	RUB	canonical_chunks/product_queries_details_BY_SEARCHES_DESC_C11_2271210394.tsv
2271210394	1948032144	62	четки в машину на зеркало	BY_SEARCHES	DESCENDING	d8c93b31-2b90-4904-a3b0-b39b32961cc1	C11A2	12	129	NULL	NULL	NULL	0	0	RUB	canonical_chunks/product_queries_details_BY_SEARCHES_DESC_C11_2271210394.tsv
2271210394	1948032144	62	подвеска в автомобиль	BY_SEARCHES	DESCENDING	d8c93b31-2b90-4904-a3b0-b39b32961cc1	C11A2	13	122	NULL	NULL	NULL	0	0	RUB	canonical_chunks/product_queries_details_BY_SEARCHES_DESC_C11_2271210394.tsv
2271210394	1948032144	62	амулеты обереги и талисманы	BY_SEARCHES	DESCENDING	d8c93b31-2b90-4904-a3b0-b39b32961cc1	C11A2	14	109	NULL	NULL	NULL	0	0	RUB	canonical_chunks/product_queries_details_BY_SEARCHES_DESC_C11_2271210394.tsv
2271210394	1948032144	62	талисман	BY_SEARCHES	DESCENDING	d8c93b31-2b90-4904-a3b0-b39b32961cc1	C11A2	15	109	NULL	NULL	NULL	0	0	RUB	canonical_chunks/product_queries_details_BY_SEARCHES_DESC_C11_2271210394.tsv
2271234726	1948064495	64	подвеска в машину	BY_SEARCHES	DESCENDING	fd7c8be8-3b11-434c-b1ad-fed5a21da238	C11A4	1	7092	NULL	NULL	NULL	0	935	RUB	canonical_chunks/product_queries_details_BY_SEARCHES_DESC_C11_2271234726.tsv
2271234726	1948064495	64	подвеска	BY_SEARCHES	DESCENDING	fd7c8be8-3b11-434c-b1ad-fed5a21da238	C11A4	2	2415	NULL	NULL	NULL	0	0	RUB	canonical_chunks/product_queries_details_BY_SEARCHES_DESC_C11_2271234726.tsv
2271234726	1948064495	64	четки в машину	BY_SEARCHES	DESCENDING	fd7c8be8-3b11-434c-b1ad-fed5a21da238	C11A4	3	1622	NULL	NULL	NULL	0	0	RUB	canonical_chunks/product_queries_details_BY_SEARCHES_DESC_C11_2271234726.tsv
2271234726	1948064495	64	подвеска в машину на зеркало	BY_SEARCHES	DESCENDING	fd7c8be8-3b11-434c-b1ad-fed5a21da238	C11A4	4	1560	NULL	NULL	NULL	0	0	RUB	canonical_chunks/product_queries_details_BY_SEARCHES_DESC_C11_2271234726.tsv
2271234726	1948064495	64	подвеска на зеркало в машину	BY_SEARCHES	DESCENDING	fd7c8be8-3b11-434c-b1ad-fed5a21da238	C11A4	5	1288	NULL	NULL	NULL	0	0	RUB	canonical_chunks/product_queries_details_BY_SEARCHES_DESC_C11_2271234726.tsv
2271234726	1948064495	64	водолей	BY_SEARCHES	DESCENDING	fd7c8be8-3b11-434c-b1ad-fed5a21da238	C11A4	6	772	NULL	NULL	NULL	0	0	RUB	canonical_chunks/product_queries_details_BY_SEARCHES_DESC_C11_2271234726.tsv
2271234726	1948064495	64	оберег в машину	BY_SEARCHES	DESCENDING	fd7c8be8-3b11-434c-b1ad-fed5a21da238	C11A4	7	478	NULL	NULL	NULL	0	0	RUB	canonical_chunks/product_queries_details_BY_SEARCHES_DESC_C11_2271234726.tsv
2271234726	1948064495	64	подвеска в автомобиль на зеркало	BY_SEARCHES	DESCENDING	fd7c8be8-3b11-434c-b1ad-fed5a21da238	C11A4	8	448	NULL	NULL	NULL	0	0	RUB	canonical_chunks/product_queries_details_BY_SEARCHES_DESC_C11_2271234726.tsv
2271234726	1948064495	64	подвеска в автомобиль	BY_SEARCHES	DESCENDING	fd7c8be8-3b11-434c-b1ad-fed5a21da238	C11A4	9	410	NULL	NULL	NULL	0	0	RUB	canonical_chunks/product_queries_details_BY_SEARCHES_DESC_C11_2271234726.tsv
2271234726	1948064495	64	четки в автомобиль	BY_SEARCHES	DESCENDING	fd7c8be8-3b11-434c-b1ad-fed5a21da238	C11A4	10	370	NULL	NULL	NULL	0	0	RUB	canonical_chunks/product_queries_details_BY_SEARCHES_DESC_C11_2271234726.tsv
2271234726	1948064495	64	талисман	BY_SEARCHES	DESCENDING	fd7c8be8-3b11-434c-b1ad-fed5a21da238	C11A4	11	307	NULL	NULL	NULL	0	0	RUB	canonical_chunks/product_queries_details_BY_SEARCHES_DESC_C11_2271234726.tsv
2271234726	1948064495	64	брелок в машину на зеркало	BY_SEARCHES	DESCENDING	fd7c8be8-3b11-434c-b1ad-fed5a21da238	C11A4	12	247	NULL	NULL	NULL	0	0	RUB	canonical_chunks/product_queries_details_BY_SEARCHES_DESC_C11_2271234726.tsv
2271234726	1948064495	64	подвеска мужская	BY_SEARCHES	DESCENDING	fd7c8be8-3b11-434c-b1ad-fed5a21da238	C11A4	13	226	NULL	NULL	NULL	0	0	RUB	canonical_chunks/product_queries_details_BY_SEARCHES_DESC_C11_2271234726.tsv
2271234726	1948064495	64	амулеты обереги и талисманы	BY_SEARCHES	DESCENDING	fd7c8be8-3b11-434c-b1ad-fed5a21da238	C11A4	14	217	NULL	NULL	NULL	0	0	RUB	canonical_chunks/product_queries_details_BY_SEARCHES_DESC_C11_2271234726.tsv
2271234726	1948064495	64	в машину подвеска	BY_SEARCHES	DESCENDING	fd7c8be8-3b11-434c-b1ad-fed5a21da238	C11A4	15	98	NULL	NULL	NULL	0	0	RUB	canonical_chunks/product_queries_details_BY_SEARCHES_DESC_C11_2271234726.tsv
2271240621	1948071647	65	подвеска в машину	BY_SEARCHES	DESCENDING	2df7c051-a05c-4871-b4bf-27587acdd83c	C11A5	1	7092	NULL	NULL	NULL	0	0	RUB	canonical_chunks/product_queries_details_BY_SEARCHES_DESC_C11_2271240621.tsv
2271240621	1948071647	65	подвеска в машину на зеркало	BY_SEARCHES	DESCENDING	2df7c051-a05c-4871-b4bf-27587acdd83c	C11A5	2	6256	NULL	NULL	NULL	0	0	RUB	canonical_chunks/product_queries_details_BY_SEARCHES_DESC_C11_2271240621.tsv
2271240621	1948071647	65	дева	BY_SEARCHES	DESCENDING	2df7c051-a05c-4871-b4bf-27587acdd83c	C11A5	3	2017	NULL	NULL	NULL	0	0	RUB	canonical_chunks/product_queries_details_BY_SEARCHES_DESC_C11_2271240621.tsv
2271240621	1948071647	65	четки в машину	BY_SEARCHES	DESCENDING	2df7c051-a05c-4871-b4bf-27587acdd83c	C11A5	4	1623	NULL	NULL	NULL	0	0	RUB	canonical_chunks/product_queries_details_BY_SEARCHES_DESC_C11_2271240621.tsv
2271240621	1948071647	65	подвеска на зеркало в машину	BY_SEARCHES	DESCENDING	2df7c051-a05c-4871-b4bf-27587acdd83c	C11A5	5	1307	NULL	NULL	NULL	0	0	RUB	canonical_chunks/product_queries_details_BY_SEARCHES_DESC_C11_2271240621.tsv
2271240621	1948071647	65	оберег	BY_SEARCHES	DESCENDING	2df7c051-a05c-4871-b4bf-27587acdd83c	C11A5	6	754	NULL	NULL	NULL	0	0	RUB	canonical_chunks/product_queries_details_BY_SEARCHES_DESC_C11_2271240621.tsv
2271240621	1948071647	65	в машину	BY_SEARCHES	DESCENDING	2df7c051-a05c-4871-b4bf-27587acdd83c	C11A5	7	559	NULL	NULL	NULL	0	0	RUB	canonical_chunks/product_queries_details_BY_SEARCHES_DESC_C11_2271240621.tsv
2271240621	1948071647	65	подвеска в автомобиль	BY_SEARCHES	DESCENDING	2df7c051-a05c-4871-b4bf-27587acdd83c	C11A5	8	417	NULL	NULL	NULL	0	0	RUB	canonical_chunks/product_queries_details_BY_SEARCHES_DESC_C11_2271240621.tsv
2271240621	1948071647	65	подвеска в автомобиль на зеркало	BY_SEARCHES	DESCENDING	2df7c051-a05c-4871-b4bf-27587acdd83c	C11A5	9	408	NULL	NULL	NULL	0	0	RUB	canonical_chunks/product_queries_details_BY_SEARCHES_DESC_C11_2271240621.tsv
2271240621	1948071647	65	подарок для девы	BY_SEARCHES	DESCENDING	2df7c051-a05c-4871-b4bf-27587acdd83c	C11A5	10	379	NULL	NULL	NULL	0	624	RUB	canonical_chunks/product_queries_details_BY_SEARCHES_DESC_C11_2271240621.tsv
2271240621	1948071647	65	амулеты обереги и талисманы	BY_SEARCHES	DESCENDING	2df7c051-a05c-4871-b4bf-27587acdd83c	C11A5	11	327	NULL	NULL	NULL	0	0	RUB	canonical_chunks/product_queries_details_BY_SEARCHES_DESC_C11_2271240621.tsv
2271240621	1948071647	65	знак зодиака дева	BY_SEARCHES	DESCENDING	2df7c051-a05c-4871-b4bf-27587acdd83c	C11A5	12	289	NULL	NULL	NULL	0	0	RUB	canonical_chunks/product_queries_details_BY_SEARCHES_DESC_C11_2271240621.tsv
2271240621	1948071647	65	на зеркало в машину подвеска	BY_SEARCHES	DESCENDING	2df7c051-a05c-4871-b4bf-27587acdd83c	C11A5	13	284	NULL	NULL	NULL	0	0	RUB	canonical_chunks/product_queries_details_BY_SEARCHES_DESC_C11_2271240621.tsv
2271240621	1948071647	65	дева знак зодиака	BY_SEARCHES	DESCENDING	2df7c051-a05c-4871-b4bf-27587acdd83c	C11A5	14	274	NULL	NULL	NULL	0	0	RUB	canonical_chunks/product_queries_details_BY_SEARCHES_DESC_C11_2271240621.tsv
2271240621	1948071647	65	талисман	BY_SEARCHES	DESCENDING	2df7c051-a05c-4871-b4bf-27587acdd83c	C11A5	15	197	NULL	NULL	NULL	0	0	RUB	canonical_chunks/product_queries_details_BY_SEARCHES_DESC_C11_2271240621.tsv
2271251938	1948085774	67	зеркало	BY_SEARCHES	DESCENDING	b5b9d342-cb1f-44e5-a78d-56e6ce65d437	C12A1	1	7498	NULL	NULL	NULL	0	0	RUB	canonical_chunks/product_queries_details_BY_SEARCHES_DESC_C12_2271251938.tsv
2271251938	1948085774	67	подвеска в машину	BY_SEARCHES	DESCENDING	b5b9d342-cb1f-44e5-a78d-56e6ce65d437	C12A1	2	6850	NULL	NULL	NULL	0	0	RUB	canonical_chunks/product_queries_details_BY_SEARCHES_DESC_C12_2271251938.tsv
2271251938	1948085774	67	подвеска в машину на зеркало	BY_SEARCHES	DESCENDING	b5b9d342-cb1f-44e5-a78d-56e6ce65d437	C12A1	3	6256	NULL	NULL	NULL	0	0	RUB	canonical_chunks/product_queries_details_BY_SEARCHES_DESC_C12_2271251938.tsv
2271251938	1948085774	67	подвеска	BY_SEARCHES	DESCENDING	b5b9d342-cb1f-44e5-a78d-56e6ce65d437	C12A1	4	2415	NULL	NULL	NULL	0	0	RUB	canonical_chunks/product_queries_details_BY_SEARCHES_DESC_C12_2271251938.tsv
2271251938	1948085774	67	четки в машину	BY_SEARCHES	DESCENDING	b5b9d342-cb1f-44e5-a78d-56e6ce65d437	C12A1	5	2115	NULL	NULL	NULL	0	0	RUB	canonical_chunks/product_queries_details_BY_SEARCHES_DESC_C12_2271251938.tsv
2271251938	1948085774	67	подвеска на зеркало в машину	BY_SEARCHES	DESCENDING	b5b9d342-cb1f-44e5-a78d-56e6ce65d437	C12A1	6	1261	NULL	NULL	NULL	0	0	RUB	canonical_chunks/product_queries_details_BY_SEARCHES_DESC_C12_2271251938.tsv
2271251938	1948085774	67	овен	BY_SEARCHES	DESCENDING	b5b9d342-cb1f-44e5-a78d-56e6ce65d437	C12A1	7	1100	NULL	NULL	NULL	0	0	RUB	canonical_chunks/product_queries_details_BY_SEARCHES_DESC_C12_2271251938.tsv
2271251938	1948085774	67	подвеска в автомобиль	BY_SEARCHES	DESCENDING	b5b9d342-cb1f-44e5-a78d-56e6ce65d437	C12A1	8	493	NULL	NULL	NULL	0	0	RUB	canonical_chunks/product_queries_details_BY_SEARCHES_DESC_C12_2271251938.tsv
2271251938	1948085774	67	на зеркало в машину подвеска	BY_SEARCHES	DESCENDING	b5b9d342-cb1f-44e5-a78d-56e6ce65d437	C12A1	9	414	NULL	NULL	NULL	0	0	RUB	canonical_chunks/product_queries_details_BY_SEARCHES_DESC_C12_2271251938.tsv
2271251938	1948085774	67	подвеска в автомобиль на зеркало	BY_SEARCHES	DESCENDING	b5b9d342-cb1f-44e5-a78d-56e6ce65d437	C12A1	10	325	NULL	NULL	NULL	0	0	RUB	canonical_chunks/product_queries_details_BY_SEARCHES_DESC_C12_2271251938.tsv
2271251938	1948085774	67	оберег в машину	BY_SEARCHES	DESCENDING	b5b9d342-cb1f-44e5-a78d-56e6ce65d437	C12A1	11	219	NULL	NULL	NULL	0	0	RUB	canonical_chunks/product_queries_details_BY_SEARCHES_DESC_C12_2271251938.tsv
2271251938	1948085774	67	четки в автомобиль	BY_SEARCHES	DESCENDING	b5b9d342-cb1f-44e5-a78d-56e6ce65d437	C12A1	12	203	NULL	NULL	NULL	0	0	RUB	canonical_chunks/product_queries_details_BY_SEARCHES_DESC_C12_2271251938.tsv
2271251938	1948085774	67	брелок в машину на зеркало	BY_SEARCHES	DESCENDING	b5b9d342-cb1f-44e5-a78d-56e6ce65d437	C12A1	13	202	NULL	NULL	NULL	0	0	RUB	canonical_chunks/product_queries_details_BY_SEARCHES_DESC_C12_2271251938.tsv
2271251938	1948085774	67	подвеска овен	BY_SEARCHES	DESCENDING	b5b9d342-cb1f-44e5-a78d-56e6ce65d437	C12A1	14	179	NULL	NULL	NULL	0	0	RUB	canonical_chunks/product_queries_details_BY_SEARCHES_DESC_C12_2271251938.tsv
2271251938	1948085774	67	амулеты обереги и талисманы	BY_SEARCHES	DESCENDING	b5b9d342-cb1f-44e5-a78d-56e6ce65d437	C12A1	15	161	NULL	NULL	NULL	0	0	RUB	canonical_chunks/product_queries_details_BY_SEARCHES_DESC_C12_2271251938.tsv
2271262133	1948098351	68	подвеска в машину	BY_SEARCHES	DESCENDING	080ed3cd-3b51-4fa3-8d63-e639f5f2f67a	C12A2	1	7092	NULL	NULL	NULL	0	0	RUB	canonical_chunks/product_queries_details_BY_SEARCHES_DESC_C12_2271262133.tsv
2271262133	1948098351	68	раки	BY_SEARCHES	DESCENDING	080ed3cd-3b51-4fa3-8d63-e639f5f2f67a	C12A2	2	1442	NULL	NULL	NULL	0	0	RUB	canonical_chunks/product_queries_details_BY_SEARCHES_DESC_C12_2271262133.tsv
2271262133	1948098351	68	подвеска в машину на зеркало	BY_SEARCHES	DESCENDING	080ed3cd-3b51-4fa3-8d63-e639f5f2f67a	C12A2	3	1337	NULL	NULL	NULL	0	0	RUB	canonical_chunks/product_queries_details_BY_SEARCHES_DESC_C12_2271262133.tsv
2271262133	1948098351	68	подвеска на зеркало в машину	BY_SEARCHES	DESCENDING	080ed3cd-3b51-4fa3-8d63-e639f5f2f67a	C12A2	4	1261	NULL	NULL	NULL	0	0	RUB	canonical_chunks/product_queries_details_BY_SEARCHES_DESC_C12_2271262133.tsv
2271262133	1948098351	68	подвеска в автомобиль	BY_SEARCHES	DESCENDING	080ed3cd-3b51-4fa3-8d63-e639f5f2f67a	C12A2	5	424	NULL	NULL	NULL	0	0	RUB	canonical_chunks/product_queries_details_BY_SEARCHES_DESC_C12_2271262133.tsv
2271262133	1948098351	68	четки в машину	BY_SEARCHES	DESCENDING	080ed3cd-3b51-4fa3-8d63-e639f5f2f67a	C12A2	6	284	NULL	NULL	NULL	0	0	RUB	canonical_chunks/product_queries_details_BY_SEARCHES_DESC_C12_2271262133.tsv
2271262133	1948098351	68	брелок в машину на зеркало	BY_SEARCHES	DESCENDING	080ed3cd-3b51-4fa3-8d63-e639f5f2f67a	C12A2	7	211	NULL	NULL	NULL	0	0	RUB	canonical_chunks/product_queries_details_BY_SEARCHES_DESC_C12_2271262133.tsv
2271262133	1948098351	68	талисман	BY_SEARCHES	DESCENDING	080ed3cd-3b51-4fa3-8d63-e639f5f2f67a	C12A2	8	208	NULL	NULL	NULL	0	0	RUB	canonical_chunks/product_queries_details_BY_SEARCHES_DESC_C12_2271262133.tsv
2271262133	1948098351	68	оберег	BY_SEARCHES	DESCENDING	080ed3cd-3b51-4fa3-8d63-e639f5f2f67a	C12A2	9	183	NULL	NULL	NULL	0	0	RUB	canonical_chunks/product_queries_details_BY_SEARCHES_DESC_C12_2271262133.tsv
2271262133	1948098351	68	подвеска мужская	BY_SEARCHES	DESCENDING	080ed3cd-3b51-4fa3-8d63-e639f5f2f67a	C12A2	10	181	NULL	NULL	NULL	0	0	RUB	canonical_chunks/product_queries_details_BY_SEARCHES_DESC_C12_2271262133.tsv
2271262133	1948098351	68	четки в автомобиль	BY_SEARCHES	DESCENDING	080ed3cd-3b51-4fa3-8d63-e639f5f2f67a	C12A2	11	178	NULL	NULL	NULL	0	0	RUB	canonical_chunks/product_queries_details_BY_SEARCHES_DESC_C12_2271262133.tsv
2271262133	1948098351	68	оберег в машину	BY_SEARCHES	DESCENDING	080ed3cd-3b51-4fa3-8d63-e639f5f2f67a	C12A2	12	153	NULL	NULL	NULL	0	0	RUB	canonical_chunks/product_queries_details_BY_SEARCHES_DESC_C12_2271262133.tsv
2271262133	1948098351	68	подвеска рак	BY_SEARCHES	DESCENDING	080ed3cd-3b51-4fa3-8d63-e639f5f2f67a	C12A2	13	107	NULL	NULL	NULL	0	0	RUB	canonical_chunks/product_queries_details_BY_SEARCHES_DESC_C12_2271262133.tsv
2271262133	1948098351	68	рак	BY_SEARCHES	DESCENDING	080ed3cd-3b51-4fa3-8d63-e639f5f2f67a	C12A2	14	102	NULL	NULL	NULL	0	0	RUB	canonical_chunks/product_queries_details_BY_SEARCHES_DESC_C12_2271262133.tsv
2271262133	1948098351	68	подвеска на машину	BY_SEARCHES	DESCENDING	080ed3cd-3b51-4fa3-8d63-e639f5f2f67a	C12A2	15	89	NULL	NULL	NULL	0	0	RUB	canonical_chunks/product_queries_details_BY_SEARCHES_DESC_C12_2271262133.tsv
2271270261	1948107866	69	подвеска в машину	BY_SEARCHES	DESCENDING	add7b667-aa17-43c5-9653-ddfd3f011dde	C12A3	1	7308	NULL	NULL	NULL	0	0	RUB	canonical_chunks/product_queries_details_BY_SEARCHES_DESC_C12_2271270261.tsv
2271270261	1948107866	69	подвеска в машину на зеркало	BY_SEARCHES	DESCENDING	add7b667-aa17-43c5-9653-ddfd3f011dde	C12A3	2	6256	NULL	NULL	NULL	0	0	RUB	canonical_chunks/product_queries_details_BY_SEARCHES_DESC_C12_2271270261.tsv
2271270261	1948107866	69	подвеска	BY_SEARCHES	DESCENDING	add7b667-aa17-43c5-9653-ddfd3f011dde	C12A3	3	2415	NULL	NULL	NULL	0	0	RUB	canonical_chunks/product_queries_details_BY_SEARCHES_DESC_C12_2271270261.tsv
2271270261	1948107866	69	подвеска мужская	BY_SEARCHES	DESCENDING	add7b667-aa17-43c5-9653-ddfd3f011dde	C12A3	4	1176	NULL	NULL	NULL	0	0	RUB	canonical_chunks/product_queries_details_BY_SEARCHES_DESC_C12_2271270261.tsv
2271270261	1948107866	69	подвеска на зеркало в машину	BY_SEARCHES	DESCENDING	add7b667-aa17-43c5-9653-ddfd3f011dde	C12A3	5	1131	NULL	NULL	NULL	0	0	RUB	canonical_chunks/product_queries_details_BY_SEARCHES_DESC_C12_2271270261.tsv
2271270261	1948107866	69	четки в машину	BY_SEARCHES	DESCENDING	add7b667-aa17-43c5-9653-ddfd3f011dde	C12A3	6	722	NULL	NULL	NULL	0	0	RUB	canonical_chunks/product_queries_details_BY_SEARCHES_DESC_C12_2271270261.tsv
2271270261	1948107866	69	подвеска в автомобиль на зеркало	BY_SEARCHES	DESCENDING	add7b667-aa17-43c5-9653-ddfd3f011dde	C12A3	7	414	NULL	NULL	NULL	0	0	RUB	canonical_chunks/product_queries_details_BY_SEARCHES_DESC_C12_2271270261.tsv
2271270261	1948107866	69	подвеска в автомобиль	BY_SEARCHES	DESCENDING	add7b667-aa17-43c5-9653-ddfd3f011dde	C12A3	8	357	NULL	NULL	NULL	0	0	RUB	canonical_chunks/product_queries_details_BY_SEARCHES_DESC_C12_2271270261.tsv
2271270261	1948107866	69	на зеркало в машину подвеска	BY_SEARCHES	DESCENDING	add7b667-aa17-43c5-9653-ddfd3f011dde	C12A3	9	289	NULL	NULL	NULL	0	0	RUB	canonical_chunks/product_queries_details_BY_SEARCHES_DESC_C12_2271270261.tsv
2271270261	1948107866	69	оберег в машину	BY_SEARCHES	DESCENDING	add7b667-aa17-43c5-9653-ddfd3f011dde	C12A3	10	245	NULL	NULL	NULL	0	0	RUB	canonical_chunks/product_queries_details_BY_SEARCHES_DESC_C12_2271270261.tsv
2271270261	1948107866	69	оберег	BY_SEARCHES	DESCENDING	add7b667-aa17-43c5-9653-ddfd3f011dde	C12A3	11	194	NULL	NULL	NULL	0	0	RUB	canonical_chunks/product_queries_details_BY_SEARCHES_DESC_C12_2271270261.tsv
2271270261	1948107866	69	амулеты обереги и талисманы	BY_SEARCHES	DESCENDING	add7b667-aa17-43c5-9653-ddfd3f011dde	C12A3	12	151	NULL	NULL	NULL	0	0	RUB	canonical_chunks/product_queries_details_BY_SEARCHES_DESC_C12_2271270261.tsv
2271270261	1948107866	69	талисман	BY_SEARCHES	DESCENDING	add7b667-aa17-43c5-9653-ddfd3f011dde	C12A3	13	109	NULL	NULL	NULL	0	0	RUB	canonical_chunks/product_queries_details_BY_SEARCHES_DESC_C12_2271270261.tsv
2271270261	1948107866	69	знаки зодиака	BY_SEARCHES	DESCENDING	add7b667-aa17-43c5-9653-ddfd3f011dde	C12A3	14	106	NULL	NULL	NULL	0	0	RUB	canonical_chunks/product_queries_details_BY_SEARCHES_DESC_C12_2271270261.tsv
2271270261	1948107866	69	в машину подвеска	BY_SEARCHES	DESCENDING	add7b667-aa17-43c5-9653-ddfd3f011dde	C12A3	15	104	NULL	NULL	NULL	0	0	RUB	canonical_chunks/product_queries_details_BY_SEARCHES_DESC_C12_2271270261.tsv
2271292556	1948138072	72	подвеска в машину	BY_SEARCHES	DESCENDING	e35eb063-b9d1-49a7-8a29-454591f3df84	C12A6	1	3171	NULL	NULL	NULL	0	0	RUB	canonical_chunks/product_queries_details_BY_SEARCHES_DESC_C12_2271292556.tsv
2271292556	1948138072	72	подвеска на зеркало в машину	BY_SEARCHES	DESCENDING	e35eb063-b9d1-49a7-8a29-454591f3df84	C12A6	2	1261	NULL	NULL	NULL	0	0	RUB	canonical_chunks/product_queries_details_BY_SEARCHES_DESC_C12_2271292556.tsv
2271292556	1948138072	72	четки в автомобиль	BY_SEARCHES	DESCENDING	e35eb063-b9d1-49a7-8a29-454591f3df84	C12A6	3	758	NULL	NULL	NULL	0	0	RUB	canonical_chunks/product_queries_details_BY_SEARCHES_DESC_C12_2271292556.tsv
2271292556	1948138072	72	телец	BY_SEARCHES	DESCENDING	e35eb063-b9d1-49a7-8a29-454591f3df84	C12A6	4	673	NULL	NULL	NULL	0	0	RUB	canonical_chunks/product_queries_details_BY_SEARCHES_DESC_C12_2271292556.tsv
2271292556	1948138072	72	оберег в машину	BY_SEARCHES	DESCENDING	e35eb063-b9d1-49a7-8a29-454591f3df84	C12A6	5	402	NULL	NULL	NULL	0	0	RUB	canonical_chunks/product_queries_details_BY_SEARCHES_DESC_C12_2271292556.tsv
2271292556	1948138072	72	четки в машину	BY_SEARCHES	DESCENDING	e35eb063-b9d1-49a7-8a29-454591f3df84	C12A6	6	248	NULL	NULL	NULL	0	0	RUB	canonical_chunks/product_queries_details_BY_SEARCHES_DESC_C12_2271292556.tsv
2271292556	1948138072	72	амулеты обереги и талисманы	BY_SEARCHES	DESCENDING	e35eb063-b9d1-49a7-8a29-454591f3df84	C12A6	7	224	NULL	NULL	NULL	0	0	RUB	canonical_chunks/product_queries_details_BY_SEARCHES_DESC_C12_2271292556.tsv
2271292556	1948138072	72	талисман	BY_SEARCHES	DESCENDING	e35eb063-b9d1-49a7-8a29-454591f3df84	C12A6	8	208	NULL	NULL	NULL	0	0	RUB	canonical_chunks/product_queries_details_BY_SEARCHES_DESC_C12_2271292556.tsv
2271292556	1948138072	72	подвеска в автомобиль	BY_SEARCHES	DESCENDING	e35eb063-b9d1-49a7-8a29-454591f3df84	C12A6	9	122	NULL	NULL	NULL	0	0	RUB	canonical_chunks/product_queries_details_BY_SEARCHES_DESC_C12_2271292556.tsv
2271292556	1948138072	72	подвеска телец	BY_SEARCHES	DESCENDING	e35eb063-b9d1-49a7-8a29-454591f3df84	C12A6	10	115	NULL	NULL	NULL	0	0	RUB	canonical_chunks/product_queries_details_BY_SEARCHES_DESC_C12_2271292556.tsv
2271292556	1948138072	72	в машину подвеска	BY_SEARCHES	DESCENDING	e35eb063-b9d1-49a7-8a29-454591f3df84	C12A6	11	105	NULL	NULL	NULL	0	0	RUB	canonical_chunks/product_queries_details_BY_SEARCHES_DESC_C12_2271292556.tsv
2271292556	1948138072	72	кулон зеркало оберег	BY_SEARCHES	DESCENDING	e35eb063-b9d1-49a7-8a29-454591f3df84	C12A6	12	100	NULL	NULL	NULL	0	0	RUB	canonical_chunks/product_queries_details_BY_SEARCHES_DESC_C12_2271292556.tsv
2271292556	1948138072	72	знаки зодиака	BY_SEARCHES	DESCENDING	e35eb063-b9d1-49a7-8a29-454591f3df84	C12A6	13	95	NULL	NULL	NULL	0	0	RUB	canonical_chunks/product_queries_details_BY_SEARCHES_DESC_C12_2271292556.tsv
2271292556	1948138072	72	магическое зеркало	BY_SEARCHES	DESCENDING	e35eb063-b9d1-49a7-8a29-454591f3df84	C12A6	14	47	NULL	NULL	NULL	0	0	RUB	canonical_chunks/product_queries_details_BY_SEARCHES_DESC_C12_2271292556.tsv
2271292556	1948138072	72	четки в машину на зеркало	BY_SEARCHES	DESCENDING	e35eb063-b9d1-49a7-8a29-454591f3df84	C12A6	15	44	NULL	NULL	NULL	0	0	RUB	canonical_chunks/product_queries_details_BY_SEARCHES_DESC_C12_2271292556.tsv
2559748332	2324384021	75	зеркало	BY_SEARCHES	DESCENDING	18d6a227-c296-4c4c-95f9-ae126d417414	C13	1	8794	NULL	NULL	NULL	0	0	RUB	canonical_chunks/product_queries_details_BY_SEARCHES_DESC_C13.tsv
2559748332	2324384021	75	подвеска в машину	BY_SEARCHES	DESCENDING	18d6a227-c296-4c4c-95f9-ae126d417414	C13	2	7092	NULL	NULL	NULL	0	1988	RUB	canonical_chunks/product_queries_details_BY_SEARCHES_DESC_C13.tsv
2559748332	2324384021	75	подвеска в машину на зеркало	BY_SEARCHES	DESCENDING	18d6a227-c296-4c4c-95f9-ae126d417414	C13	3	6256	NULL	NULL	NULL	0	1334	RUB	canonical_chunks/product_queries_details_BY_SEARCHES_DESC_C13.tsv
2559748332	2324384021	75	подвеска мужская	BY_SEARCHES	DESCENDING	18d6a227-c296-4c4c-95f9-ae126d417414	C13	4	5322	NULL	NULL	NULL	0	0	RUB	canonical_chunks/product_queries_details_BY_SEARCHES_DESC_C13.tsv
2559748332	2324384021	75	подвеска	BY_SEARCHES	DESCENDING	18d6a227-c296-4c4c-95f9-ae126d417414	C13	5	4638	NULL	NULL	NULL	0	0	RUB	canonical_chunks/product_queries_details_BY_SEARCHES_DESC_C13.tsv
2559748332	2324384021	75	подарок мужчине на день рождения	BY_SEARCHES	DESCENDING	18d6a227-c296-4c4c-95f9-ae126d417414	C13	6	2239	NULL	NULL	NULL	0	0	RUB	canonical_chunks/product_queries_details_BY_SEARCHES_DESC_C13.tsv
2559748332	2324384021	75	оберег	BY_SEARCHES	DESCENDING	18d6a227-c296-4c4c-95f9-ae126d417414	C13	7	1951	NULL	NULL	NULL	0	0	RUB	canonical_chunks/product_queries_details_BY_SEARCHES_DESC_C13.tsv
2559748332	2324384021	75	герб	BY_SEARCHES	DESCENDING	18d6a227-c296-4c4c-95f9-ae126d417414	C13	8	1756	NULL	NULL	NULL	0	0	RUB	canonical_chunks/product_queries_details_BY_SEARCHES_DESC_C13.tsv
2559748332	2324384021	75	в машину	BY_SEARCHES	DESCENDING	18d6a227-c296-4c4c-95f9-ae126d417414	C13	9	1556	NULL	NULL	NULL	0	0	RUB	canonical_chunks/product_queries_details_BY_SEARCHES_DESC_C13.tsv
2559748332	2324384021	75	подвеска на зеркало в машину	BY_SEARCHES	DESCENDING	18d6a227-c296-4c4c-95f9-ae126d417414	C13	10	1288	NULL	NULL	NULL	0	0	RUB	canonical_chunks/product_queries_details_BY_SEARCHES_DESC_C13.tsv
2559748332	2324384021	75	оберег в машину	BY_SEARCHES	DESCENDING	18d6a227-c296-4c4c-95f9-ae126d417414	C13	11	1238	NULL	NULL	NULL	0	0	RUB	canonical_chunks/product_queries_details_BY_SEARCHES_DESC_C13.tsv
2559748332	2324384021	75	крест в машину на зеркало	BY_SEARCHES	DESCENDING	18d6a227-c296-4c4c-95f9-ae126d417414	C13	12	942	NULL	NULL	NULL	0	0	RUB	canonical_chunks/product_queries_details_BY_SEARCHES_DESC_C13.tsv
2559748332	2324384021	75	подвеска на зеркало	BY_SEARCHES	DESCENDING	18d6a227-c296-4c4c-95f9-ae126d417414	C13	13	646	NULL	NULL	NULL	0	0	RUB	canonical_chunks/product_queries_details_BY_SEARCHES_DESC_C13.tsv
2559748332	2324384021	75	крест в машину	BY_SEARCHES	DESCENDING	18d6a227-c296-4c4c-95f9-ae126d417414	C13	14	637	NULL	NULL	NULL	0	0	RUB	canonical_chunks/product_queries_details_BY_SEARCHES_DESC_C13.tsv
2559748332	2324384021	75	талисман	BY_SEARCHES	DESCENDING	18d6a227-c296-4c4c-95f9-ae126d417414	C13	15	609	NULL	NULL	NULL	0	0	RUB	canonical_chunks/product_queries_details_BY_SEARCHES_DESC_C13.tsv
2559817779	2324467855	76	подвеска в машину	BY_SEARCHES	DESCENDING	18d6a227-c296-4c4c-95f9-ae126d417414	C13	16	6107	NULL	NULL	NULL	0	0	RUB	canonical_chunks/product_queries_details_BY_SEARCHES_DESC_C13.tsv
2559817779	2324467855	76	подвеска в машину на зеркало	BY_SEARCHES	DESCENDING	18d6a227-c296-4c4c-95f9-ae126d417414	C13	17	5999	NULL	NULL	NULL	0	0	RUB	canonical_chunks/product_queries_details_BY_SEARCHES_DESC_C13.tsv
2559817779	2324467855	76	подвеска на зеркало в машину	BY_SEARCHES	DESCENDING	18d6a227-c296-4c4c-95f9-ae126d417414	C13	18	956	NULL	NULL	NULL	0	0	RUB	canonical_chunks/product_queries_details_BY_SEARCHES_DESC_C13.tsv
2559817779	2324467855	76	подвеска на зеркало	BY_SEARCHES	DESCENDING	18d6a227-c296-4c4c-95f9-ae126d417414	C13	19	553	NULL	NULL	NULL	0	0	RUB	canonical_chunks/product_queries_details_BY_SEARCHES_DESC_C13.tsv
2559817779	2324467855	76	на зеркало в машину подвеска	BY_SEARCHES	DESCENDING	18d6a227-c296-4c4c-95f9-ae126d417414	C13	20	264	NULL	NULL	NULL	0	0	RUB	canonical_chunks/product_queries_details_BY_SEARCHES_DESC_C13.tsv
2559817779	2324467855	76	подвеска в автомобиль	BY_SEARCHES	DESCENDING	18d6a227-c296-4c4c-95f9-ae126d417414	C13	21	243	NULL	NULL	NULL	0	0	RUB	canonical_chunks/product_queries_details_BY_SEARCHES_DESC_C13.tsv
2559817779	2324467855	76	подвеска в автомобиль на зеркало	BY_SEARCHES	DESCENDING	18d6a227-c296-4c4c-95f9-ae126d417414	C13	22	193	NULL	NULL	NULL	0	0	RUB	canonical_chunks/product_queries_details_BY_SEARCHES_DESC_C13.tsv
2559817779	2324467855	76	оберег в машину	BY_SEARCHES	DESCENDING	18d6a227-c296-4c4c-95f9-ae126d417414	C13	23	118	NULL	NULL	NULL	0	0	RUB	canonical_chunks/product_queries_details_BY_SEARCHES_DESC_C13.tsv
2559817779	2324467855	76	подвес в машину на зеркало	BY_SEARCHES	DESCENDING	18d6a227-c296-4c4c-95f9-ae126d417414	C13	24	103	NULL	NULL	NULL	0	0	RUB	canonical_chunks/product_queries_details_BY_SEARCHES_DESC_C13.tsv
2559817779	2324467855	76	брелок в машину на зеркало	BY_SEARCHES	DESCENDING	18d6a227-c296-4c4c-95f9-ae126d417414	C13	25	92	NULL	NULL	NULL	0	0	RUB	canonical_chunks/product_queries_details_BY_SEARCHES_DESC_C13.tsv
2559817779	2324467855	76	в машину на зеркало подвеска	BY_SEARCHES	DESCENDING	18d6a227-c296-4c4c-95f9-ae126d417414	C13	26	64	NULL	NULL	NULL	0	0	RUB	canonical_chunks/product_queries_details_BY_SEARCHES_DESC_C13.tsv
2559817779	2324467855	76	подвеска на машину	BY_SEARCHES	DESCENDING	18d6a227-c296-4c4c-95f9-ae126d417414	C13	27	50	NULL	NULL	NULL	0	0	RUB	canonical_chunks/product_queries_details_BY_SEARCHES_DESC_C13.tsv
2559817779	2324467855	76	подвеска в машину герб	BY_SEARCHES	DESCENDING	18d6a227-c296-4c4c-95f9-ae126d417414	C13	28	43	NULL	NULL	NULL	0	0	RUB	canonical_chunks/product_queries_details_BY_SEARCHES_DESC_C13.tsv
2559817779	2324467855	76	мусульманский оберег	BY_SEARCHES	DESCENDING	18d6a227-c296-4c4c-95f9-ae126d417414	C13	29	40	NULL	NULL	NULL	0	0	RUB	canonical_chunks/product_queries_details_BY_SEARCHES_DESC_C13.tsv
2559817779	2324467855	76	подвеска на зеркало в авто	BY_SEARCHES	DESCENDING	18d6a227-c296-4c4c-95f9-ae126d417414	C13	30	40	NULL	NULL	NULL	0	0	RUB	canonical_chunks/product_queries_details_BY_SEARCHES_DESC_C13.tsv
2326866320	2020661872	73	оберег	BY_SEARCHES	DESCENDING	18d6a227-c296-4c4c-95f9-ae126d417414	C13	31	3886	NULL	NULL	NULL	0	0	RUB	canonical_chunks/product_queries_details_BY_SEARCHES_DESC_C13.tsv
2326866320	2020661872	73	подвеска в машину	BY_SEARCHES	DESCENDING	18d6a227-c296-4c4c-95f9-ae126d417414	C13	32	3171	NULL	NULL	NULL	0	0	RUB	canonical_chunks/product_queries_details_BY_SEARCHES_DESC_C13.tsv
2326866320	2020661872	73	амулет	BY_SEARCHES	DESCENDING	18d6a227-c296-4c4c-95f9-ae126d417414	C13	33	2123	NULL	NULL	NULL	0	0	RUB	canonical_chunks/product_queries_details_BY_SEARCHES_DESC_C13.tsv
2326866320	2020661872	73	cerave	BY_SEARCHES	DESCENDING	18d6a227-c296-4c4c-95f9-ae126d417414	C13	34	1862	NULL	NULL	NULL	0	0	RUB	canonical_chunks/product_queries_details_BY_SEARCHES_DESC_C13.tsv
2326866320	2020661872	73	подвеска в машину на зеркало	BY_SEARCHES	DESCENDING	18d6a227-c296-4c4c-95f9-ae126d417414	C13	35	1560	NULL	NULL	NULL	0	0	RUB	canonical_chunks/product_queries_details_BY_SEARCHES_DESC_C13.tsv
2326866320	2020661872	73	подвеска на зеркало в машину	BY_SEARCHES	DESCENDING	18d6a227-c296-4c4c-95f9-ae126d417414	C13	36	1288	NULL	NULL	NULL	0	0	RUB	canonical_chunks/product_queries_details_BY_SEARCHES_DESC_C13.tsv
2326866320	2020661872	73	оберег в машину	BY_SEARCHES	DESCENDING	18d6a227-c296-4c4c-95f9-ae126d417414	C13	37	1115	NULL	NULL	NULL	0	0	RUB	canonical_chunks/product_queries_details_BY_SEARCHES_DESC_C13.tsv
2326866320	2020661872	73	мусульманский оберег	BY_SEARCHES	DESCENDING	18d6a227-c296-4c4c-95f9-ae126d417414	C13	38	939	NULL	NULL	NULL	0	0	RUB	canonical_chunks/product_queries_details_BY_SEARCHES_DESC_C13.tsv
2326866320	2020661872	73	в машину	BY_SEARCHES	DESCENDING	18d6a227-c296-4c4c-95f9-ae126d417414	C13	39	559	NULL	NULL	NULL	0	0	RUB	canonical_chunks/product_queries_details_BY_SEARCHES_DESC_C13.tsv
2326866320	2020661872	73	четки в машину	BY_SEARCHES	DESCENDING	18d6a227-c296-4c4c-95f9-ae126d417414	C13	40	533	NULL	NULL	NULL	0	0	RUB	canonical_chunks/product_queries_details_BY_SEARCHES_DESC_C13.tsv
2326866320	2020661872	73	брелок от сглаза	BY_SEARCHES	DESCENDING	18d6a227-c296-4c4c-95f9-ae126d417414	C13	41	529	NULL	NULL	NULL	0	0	RUB	canonical_chunks/product_queries_details_BY_SEARCHES_DESC_C13.tsv
2326866320	2020661872	73	амулеты обереги и талисманы	BY_SEARCHES	DESCENDING	18d6a227-c296-4c4c-95f9-ae126d417414	C13	42	497	NULL	NULL	NULL	0	0	RUB	canonical_chunks/product_queries_details_BY_SEARCHES_DESC_C13.tsv
2326866320	2020661872	73	обереги	BY_SEARCHES	DESCENDING	18d6a227-c296-4c4c-95f9-ae126d417414	C13	43	490	NULL	NULL	NULL	0	0	RUB	canonical_chunks/product_queries_details_BY_SEARCHES_DESC_C13.tsv
2326866320	2020661872	73	оберег от сглаза и порчи	BY_SEARCHES	DESCENDING	18d6a227-c296-4c4c-95f9-ae126d417414	C13	44	439	NULL	NULL	NULL	0	0	RUB	canonical_chunks/product_queries_details_BY_SEARCHES_DESC_C13.tsv
2326866320	2020661872	73	амулеты	BY_SEARCHES	DESCENDING	18d6a227-c296-4c4c-95f9-ae126d417414	C13	45	430	NULL	NULL	NULL	0	0	RUB	canonical_chunks/product_queries_details_BY_SEARCHES_DESC_C13.tsv
2559437928	2324003802	74	подвеска в машину	BY_SEARCHES	DESCENDING	18d6a227-c296-4c4c-95f9-ae126d417414	C13	46	3171	NULL	NULL	NULL	0	0	RUB	canonical_chunks/product_queries_details_BY_SEARCHES_DESC_C13.tsv
2559437928	2324003802	74	оберег для дома	BY_SEARCHES	DESCENDING	18d6a227-c296-4c4c-95f9-ae126d417414	C13	47	2087	NULL	NULL	NULL	0	0	RUB	canonical_chunks/product_queries_details_BY_SEARCHES_DESC_C13.tsv
2559437928	2324003802	74	оберег	BY_SEARCHES	DESCENDING	18d6a227-c296-4c4c-95f9-ae126d417414	C13	48	1889	NULL	NULL	NULL	0	0	RUB	canonical_chunks/product_queries_details_BY_SEARCHES_DESC_C13.tsv
2559437928	2324003802	74	амулет	BY_SEARCHES	DESCENDING	18d6a227-c296-4c4c-95f9-ae126d417414	C13	49	1804	NULL	NULL	NULL	0	0	RUB	canonical_chunks/product_queries_details_BY_SEARCHES_DESC_C13.tsv
2559437928	2324003802	74	коловрат	BY_SEARCHES	DESCENDING	18d6a227-c296-4c4c-95f9-ae126d417414	C13	50	1717	NULL	NULL	NULL	0	0	RUB	canonical_chunks/product_queries_details_BY_SEARCHES_DESC_C13.tsv
2559437928	2324003802	74	подвеска на зеркало в машину	BY_SEARCHES	DESCENDING	18d6a227-c296-4c4c-95f9-ae126d417414	C13	51	1130	NULL	NULL	NULL	0	0	RUB	canonical_chunks/product_queries_details_BY_SEARCHES_DESC_C13.tsv
2559437928	2324003802	74	оберег в машину	BY_SEARCHES	DESCENDING	18d6a227-c296-4c4c-95f9-ae126d417414	C13	52	1068	NULL	NULL	NULL	0	0	RUB	canonical_chunks/product_queries_details_BY_SEARCHES_DESC_C13.tsv
2559437928	2324003802	74	славянские обереги	BY_SEARCHES	DESCENDING	18d6a227-c296-4c4c-95f9-ae126d417414	C13	53	936	NULL	NULL	NULL	0	0	RUB	canonical_chunks/product_queries_details_BY_SEARCHES_DESC_C13.tsv
2559437928	2324003802	74	талисман	BY_SEARCHES	DESCENDING	18d6a227-c296-4c4c-95f9-ae126d417414	C13	54	596	NULL	NULL	NULL	0	0	RUB	canonical_chunks/product_queries_details_BY_SEARCHES_DESC_C13.tsv
2559437928	2324003802	74	от сглаза	BY_SEARCHES	DESCENDING	18d6a227-c296-4c4c-95f9-ae126d417414	C13	55	506	NULL	NULL	NULL	0	0	RUB	canonical_chunks/product_queries_details_BY_SEARCHES_DESC_C13.tsv
2559437928	2324003802	74	славянский оберег	BY_SEARCHES	DESCENDING	18d6a227-c296-4c4c-95f9-ae126d417414	C13	56	498	NULL	NULL	NULL	0	663	RUB	canonical_chunks/product_queries_details_BY_SEARCHES_DESC_C13.tsv
2559437928	2324003802	74	оберег от сглаза и порчи	BY_SEARCHES	DESCENDING	18d6a227-c296-4c4c-95f9-ae126d417414	C13	57	465	NULL	NULL	NULL	0	0	RUB	canonical_chunks/product_queries_details_BY_SEARCHES_DESC_C13.tsv
2559437928	2324003802	74	амулеты обереги и талисманы	BY_SEARCHES	DESCENDING	18d6a227-c296-4c4c-95f9-ae126d417414	C13	58	379	NULL	NULL	NULL	0	0	RUB	canonical_chunks/product_queries_details_BY_SEARCHES_DESC_C13.tsv
2559437928	2324003802	74	чур	BY_SEARCHES	DESCENDING	18d6a227-c296-4c4c-95f9-ae126d417414	C13	59	359	NULL	NULL	NULL	0	0	RUB	canonical_chunks/product_queries_details_BY_SEARCHES_DESC_C13.tsv
2559437928	2324003802	74	славянские украшения	BY_SEARCHES	DESCENDING	18d6a227-c296-4c4c-95f9-ae126d417414	C13	60	324	NULL	NULL	NULL	0	0	RUB	canonical_chunks/product_queries_details_BY_SEARCHES_DESC_C13.tsv
2186843798	1835030733	53	зеркало	BY_SEARCHES	DESCENDING	d9f37edc-e5b7-4f25-8922-3620eae395f6	R429B02	1	7498	NULL	NULL	NULL	0	0	RUB	canonical_chunks/product_queries_details_BY_SEARCHES_DESC_R429B02.tsv
2186843798	1835030733	53	подвеска в машину	BY_SEARCHES	DESCENDING	d9f37edc-e5b7-4f25-8922-3620eae395f6	R429B02	2	7092	NULL	NULL	NULL	0	0	RUB	canonical_chunks/product_queries_details_BY_SEARCHES_DESC_R429B02.tsv
2186843798	1835030733	53	дева	BY_SEARCHES	DESCENDING	d9f37edc-e5b7-4f25-8922-3620eae395f6	R429B02	3	1930	NULL	NULL	NULL	0	0	RUB	canonical_chunks/product_queries_details_BY_SEARCHES_DESC_R429B02.tsv
2186843798	1835030733	53	подвеска в машину на зеркало	BY_SEARCHES	DESCENDING	d9f37edc-e5b7-4f25-8922-3620eae395f6	R429B02	4	1289	NULL	NULL	NULL	0	0	RUB	canonical_chunks/product_queries_details_BY_SEARCHES_DESC_R429B02.tsv
2186843798	1835030733	53	подвеска на зеркало в машину	BY_SEARCHES	DESCENDING	d9f37edc-e5b7-4f25-8922-3620eae395f6	R429B02	5	1215	NULL	NULL	NULL	0	0	RUB	canonical_chunks/product_queries_details_BY_SEARCHES_DESC_R429B02.tsv
2186843798	1835030733	53	четки в машину	BY_SEARCHES	DESCENDING	d9f37edc-e5b7-4f25-8922-3620eae395f6	R429B02	6	884	NULL	NULL	NULL	0	0	RUB	canonical_chunks/product_queries_details_BY_SEARCHES_DESC_R429B02.tsv
2186843798	1835030733	53	оберег в машину	BY_SEARCHES	DESCENDING	d9f37edc-e5b7-4f25-8922-3620eae395f6	R429B02	7	496	NULL	NULL	NULL	0	0	RUB	canonical_chunks/product_queries_details_BY_SEARCHES_DESC_R429B02.tsv
2186843798	1835030733	53	подвеска в автомобиль	BY_SEARCHES	DESCENDING	d9f37edc-e5b7-4f25-8922-3620eae395f6	R429B02	8	413	NULL	NULL	NULL	0	0	RUB	canonical_chunks/product_queries_details_BY_SEARCHES_DESC_R429B02.tsv
2186843798	1835030733	53	четки в автомобиль	BY_SEARCHES	DESCENDING	d9f37edc-e5b7-4f25-8922-3620eae395f6	R429B02	9	356	NULL	NULL	NULL	0	0	RUB	canonical_chunks/product_queries_details_BY_SEARCHES_DESC_R429B02.tsv
2186843798	1835030733	53	подарок для девы	BY_SEARCHES	DESCENDING	d9f37edc-e5b7-4f25-8922-3620eae395f6	R429B02	10	343	NULL	NULL	NULL	0	0	RUB	canonical_chunks/product_queries_details_BY_SEARCHES_DESC_R429B02.tsv
2186843798	1835030733	53	подвеска дева	BY_SEARCHES	DESCENDING	d9f37edc-e5b7-4f25-8922-3620eae395f6	R429B02	11	342	NULL	NULL	NULL	0	0	RUB	canonical_chunks/product_queries_details_BY_SEARCHES_DESC_R429B02.tsv
2186843798	1835030733	53	знак зодиака дева	BY_SEARCHES	DESCENDING	d9f37edc-e5b7-4f25-8922-3620eae395f6	R429B02	12	273	NULL	NULL	NULL	0	0	RUB	canonical_chunks/product_queries_details_BY_SEARCHES_DESC_R429B02.tsv
2186843798	1835030733	53	дева знак зодиака	BY_SEARCHES	DESCENDING	d9f37edc-e5b7-4f25-8922-3620eae395f6	R429B02	13	147	NULL	NULL	NULL	0	0	RUB	canonical_chunks/product_queries_details_BY_SEARCHES_DESC_R429B02.tsv
2186843798	1835030733	53	ловец снов в машину	BY_SEARCHES	DESCENDING	d9f37edc-e5b7-4f25-8922-3620eae395f6	R429B02	14	98	NULL	NULL	NULL	0	0	RUB	canonical_chunks/product_queries_details_BY_SEARCHES_DESC_R429B02.tsv
2186843798	1835030733	53	подвеска на зеркало	BY_SEARCHES	DESCENDING	d9f37edc-e5b7-4f25-8922-3620eae395f6	R429B02	15	81	NULL	NULL	NULL	0	0	RUB	canonical_chunks/product_queries_details_BY_SEARCHES_DESC_R429B02.tsv
2186796339	1834968755	49	подвеска в машину	BY_SEARCHES	DESCENDING	d9f37edc-e5b7-4f25-8922-3620eae395f6	R429B02	16	7092	NULL	NULL	NULL	0	0	RUB	canonical_chunks/product_queries_details_BY_SEARCHES_DESC_R429B02.tsv
2186796339	1834968755	49	подвеска в машину на зеркало	BY_SEARCHES	DESCENDING	d9f37edc-e5b7-4f25-8922-3620eae395f6	R429B02	17	1289	NULL	NULL	NULL	0	0	RUB	canonical_chunks/product_queries_details_BY_SEARCHES_DESC_R429B02.tsv
2186796339	1834968755	49	подвеска на зеркало в машину	BY_SEARCHES	DESCENDING	d9f37edc-e5b7-4f25-8922-3620eae395f6	R429B02	18	1103	NULL	NULL	NULL	0	0	RUB	canonical_chunks/product_queries_details_BY_SEARCHES_DESC_R429B02.tsv
2186796339	1834968755	49	талисман	BY_SEARCHES	DESCENDING	d9f37edc-e5b7-4f25-8922-3620eae395f6	R429B02	19	306	NULL	NULL	NULL	0	0	RUB	canonical_chunks/product_queries_details_BY_SEARCHES_DESC_R429B02.tsv
2186796339	1834968755	49	оберег	BY_SEARCHES	DESCENDING	d9f37edc-e5b7-4f25-8922-3620eae395f6	R429B02	20	183	NULL	NULL	NULL	0	0	RUB	canonical_chunks/product_queries_details_BY_SEARCHES_DESC_R429B02.tsv
2186796339	1834968755	49	четки в автомобиль	BY_SEARCHES	DESCENDING	d9f37edc-e5b7-4f25-8922-3620eae395f6	R429B02	21	178	NULL	NULL	NULL	0	0	RUB	canonical_chunks/product_queries_details_BY_SEARCHES_DESC_R429B02.tsv
2186796339	1834968755	49	четки в машину	BY_SEARCHES	DESCENDING	d9f37edc-e5b7-4f25-8922-3620eae395f6	R429B02	22	137	NULL	NULL	NULL	0	0	RUB	canonical_chunks/product_queries_details_BY_SEARCHES_DESC_R429B02.tsv
2186796339	1834968755	49	четки в машину на зеркало	BY_SEARCHES	DESCENDING	d9f37edc-e5b7-4f25-8922-3620eae395f6	R429B02	23	117	NULL	NULL	NULL	0	0	RUB	canonical_chunks/product_queries_details_BY_SEARCHES_DESC_R429B02.tsv
2186796339	1834968755	49	подвеска на зеркало	BY_SEARCHES	DESCENDING	d9f37edc-e5b7-4f25-8922-3620eae395f6	R429B02	24	106	NULL	NULL	NULL	0	0	RUB	canonical_chunks/product_queries_details_BY_SEARCHES_DESC_R429B02.tsv
2186796339	1834968755	49	рак	BY_SEARCHES	DESCENDING	d9f37edc-e5b7-4f25-8922-3620eae395f6	R429B02	25	102	NULL	NULL	NULL	0	0	RUB	canonical_chunks/product_queries_details_BY_SEARCHES_DESC_R429B02.tsv
2186796339	1834968755	49	подвеска на машину	BY_SEARCHES	DESCENDING	d9f37edc-e5b7-4f25-8922-3620eae395f6	R429B02	26	97	NULL	NULL	NULL	0	0	RUB	canonical_chunks/product_queries_details_BY_SEARCHES_DESC_R429B02.tsv
2186796339	1834968755	49	подвеска рак	BY_SEARCHES	DESCENDING	d9f37edc-e5b7-4f25-8922-3620eae395f6	R429B02	27	96	NULL	NULL	NULL	0	0	RUB	canonical_chunks/product_queries_details_BY_SEARCHES_DESC_R429B02.tsv
2186796339	1834968755	49	рака ловки	BY_SEARCHES	DESCENDING	d9f37edc-e5b7-4f25-8922-3620eae395f6	R429B02	28	94	NULL	NULL	NULL	0	0	RUB	canonical_chunks/product_queries_details_BY_SEARCHES_DESC_R429B02.tsv
2186796339	1834968755	49	подвеска на зеркало автомобиля	BY_SEARCHES	DESCENDING	d9f37edc-e5b7-4f25-8922-3620eae395f6	R429B02	29	92	NULL	NULL	NULL	0	0	RUB	canonical_chunks/product_queries_details_BY_SEARCHES_DESC_R429B02.tsv
2186796339	1834968755	49	подвеска в автомобиль	BY_SEARCHES	DESCENDING	d9f37edc-e5b7-4f25-8922-3620eae395f6	R429B02	30	79	NULL	NULL	NULL	0	0	RUB	canonical_chunks/product_queries_details_BY_SEARCHES_DESC_R429B02.tsv
2186836116	1835021816	51	подвеска в машину	BY_SEARCHES	DESCENDING	d9f37edc-e5b7-4f25-8922-3620eae395f6	R429B02	31	7092	NULL	NULL	NULL	0	0	RUB	canonical_chunks/product_queries_details_BY_SEARCHES_DESC_R429B02.tsv
2186836116	1835021816	51	подвеска	BY_SEARCHES	DESCENDING	d9f37edc-e5b7-4f25-8922-3620eae395f6	R429B02	32	2415	NULL	NULL	NULL	0	0	RUB	canonical_chunks/product_queries_details_BY_SEARCHES_DESC_R429B02.tsv
2186836116	1835021816	51	скорпион	BY_SEARCHES	DESCENDING	d9f37edc-e5b7-4f25-8922-3620eae395f6	R429B02	33	2039	NULL	NULL	NULL	0	0	RUB	canonical_chunks/product_queries_details_BY_SEARCHES_DESC_R429B02.tsv
2186836116	1835021816	51	четки в машину	BY_SEARCHES	DESCENDING	d9f37edc-e5b7-4f25-8922-3620eae395f6	R429B02	34	1355	NULL	NULL	NULL	0	0	RUB	canonical_chunks/product_queries_details_BY_SEARCHES_DESC_R429B02.tsv
2186836116	1835021816	51	подвеска в машину на зеркало	BY_SEARCHES	DESCENDING	d9f37edc-e5b7-4f25-8922-3620eae395f6	R429B02	35	1289	NULL	NULL	NULL	0	0	RUB	canonical_chunks/product_queries_details_BY_SEARCHES_DESC_R429B02.tsv
2186836116	1835021816	51	подвеска на зеркало в машину	BY_SEARCHES	DESCENDING	d9f37edc-e5b7-4f25-8922-3620eae395f6	R429B02	36	1230	NULL	NULL	NULL	0	0	RUB	canonical_chunks/product_queries_details_BY_SEARCHES_DESC_R429B02.tsv
2186836116	1835021816	51	подвеска скорпион	BY_SEARCHES	DESCENDING	d9f37edc-e5b7-4f25-8922-3620eae395f6	R429B02	37	341	NULL	NULL	NULL	0	0	RUB	canonical_chunks/product_queries_details_BY_SEARCHES_DESC_R429B02.tsv
2186836116	1835021816	51	оберег в машину	BY_SEARCHES	DESCENDING	d9f37edc-e5b7-4f25-8922-3620eae395f6	R429B02	38	302	NULL	NULL	NULL	0	0	RUB	canonical_chunks/product_queries_details_BY_SEARCHES_DESC_R429B02.tsv
2186836116	1835021816	51	четки в машину на зеркало	BY_SEARCHES	DESCENDING	d9f37edc-e5b7-4f25-8922-3620eae395f6	R429B02	39	253	NULL	NULL	NULL	0	0	RUB	canonical_chunks/product_queries_details_BY_SEARCHES_DESC_R429B02.tsv
2186836116	1835021816	51	талисман	BY_SEARCHES	DESCENDING	d9f37edc-e5b7-4f25-8922-3620eae395f6	R429B02	40	109	NULL	NULL	NULL	0	0	RUB	canonical_chunks/product_queries_details_BY_SEARCHES_DESC_R429B02.tsv
2186836116	1835021816	51	подвеска на машину	BY_SEARCHES	DESCENDING	d9f37edc-e5b7-4f25-8922-3620eae395f6	R429B02	41	97	NULL	NULL	NULL	0	0	RUB	canonical_chunks/product_queries_details_BY_SEARCHES_DESC_R429B02.tsv
2186836116	1835021816	51	подвеска на зеркало автомобиля	BY_SEARCHES	DESCENDING	d9f37edc-e5b7-4f25-8922-3620eae395f6	R429B02	42	92	NULL	NULL	NULL	0	0	RUB	canonical_chunks/product_queries_details_BY_SEARCHES_DESC_R429B02.tsv
2186836116	1835021816	51	брелок в машину на зеркало	BY_SEARCHES	DESCENDING	d9f37edc-e5b7-4f25-8922-3620eae395f6	R429B02	43	92	NULL	NULL	NULL	0	0	RUB	canonical_chunks/product_queries_details_BY_SEARCHES_DESC_R429B02.tsv
2186836116	1835021816	51	подвеска в автомобиль	BY_SEARCHES	DESCENDING	d9f37edc-e5b7-4f25-8922-3620eae395f6	R429B02	44	68	NULL	NULL	NULL	0	0	RUB	canonical_chunks/product_queries_details_BY_SEARCHES_DESC_R429B02.tsv
2186836116	1835021816	51	в машину подвеска	BY_SEARCHES	DESCENDING	d9f37edc-e5b7-4f25-8922-3620eae395f6	R429B02	45	65	NULL	NULL	NULL	0	0	RUB	canonical_chunks/product_queries_details_BY_SEARCHES_DESC_R429B02.tsv
2186802133	1834976037	50	подвеска в машину	BY_SEARCHES	DESCENDING	d9f37edc-e5b7-4f25-8922-3620eae395f6	R429B02	46	7092	NULL	NULL	NULL	0	0	RUB	canonical_chunks/product_queries_details_BY_SEARCHES_DESC_R429B02.tsv
2186802133	1834976037	50	подвеска в машину на зеркало	BY_SEARCHES	DESCENDING	d9f37edc-e5b7-4f25-8922-3620eae395f6	R429B02	47	6256	NULL	NULL	NULL	0	0	RUB	canonical_chunks/product_queries_details_BY_SEARCHES_DESC_R429B02.tsv
2186802133	1834976037	50	весы	BY_SEARCHES	DESCENDING	d9f37edc-e5b7-4f25-8922-3620eae395f6	R429B02	48	5293	NULL	NULL	NULL	0	0	RUB	canonical_chunks/product_queries_details_BY_SEARCHES_DESC_R429B02.tsv
2186802133	1834976037	50	четки в машину	BY_SEARCHES	DESCENDING	d9f37edc-e5b7-4f25-8922-3620eae395f6	R429B02	49	1623	NULL	NULL	NULL	0	0	RUB	canonical_chunks/product_queries_details_BY_SEARCHES_DESC_R429B02.tsv
2186802133	1834976037	50	подвеска на зеркало в машину	BY_SEARCHES	DESCENDING	d9f37edc-e5b7-4f25-8922-3620eae395f6	R429B02	50	1161	NULL	NULL	NULL	0	0	RUB	canonical_chunks/product_queries_details_BY_SEARCHES_DESC_R429B02.tsv
2186802133	1834976037	50	подвеска в автомобиль	BY_SEARCHES	DESCENDING	d9f37edc-e5b7-4f25-8922-3620eae395f6	R429B02	51	335	NULL	NULL	NULL	0	0	RUB	canonical_chunks/product_queries_details_BY_SEARCHES_DESC_R429B02.tsv
2186802133	1834976037	50	зеркало в	BY_SEARCHES	DESCENDING	d9f37edc-e5b7-4f25-8922-3620eae395f6	R429B02	52	190	NULL	NULL	NULL	0	0	RUB	canonical_chunks/product_queries_details_BY_SEARCHES_DESC_R429B02.tsv
2186802133	1834976037	50	четки в автомобиль	BY_SEARCHES	DESCENDING	d9f37edc-e5b7-4f25-8922-3620eae395f6	R429B02	53	178	NULL	NULL	NULL	0	0	RUB	canonical_chunks/product_queries_details_BY_SEARCHES_DESC_R429B02.tsv
2186802133	1834976037	50	весы знак зодиака	BY_SEARCHES	DESCENDING	d9f37edc-e5b7-4f25-8922-3620eae395f6	R429B02	54	167	NULL	NULL	NULL	0	0	RUB	canonical_chunks/product_queries_details_BY_SEARCHES_DESC_R429B02.tsv
2186802133	1834976037	50	ловец снов в машину	BY_SEARCHES	DESCENDING	d9f37edc-e5b7-4f25-8922-3620eae395f6	R429B02	55	163	NULL	NULL	NULL	0	0	RUB	canonical_chunks/product_queries_details_BY_SEARCHES_DESC_R429B02.tsv
2186802133	1834976037	50	подвеска весы	BY_SEARCHES	DESCENDING	d9f37edc-e5b7-4f25-8922-3620eae395f6	R429B02	56	144	NULL	NULL	NULL	0	0	RUB	canonical_chunks/product_queries_details_BY_SEARCHES_DESC_R429B02.tsv
2186802133	1834976037	50	подвеска на зеркало автомобиля	BY_SEARCHES	DESCENDING	d9f37edc-e5b7-4f25-8922-3620eae395f6	R429B02	57	142	NULL	NULL	NULL	0	0	RUB	canonical_chunks/product_queries_details_BY_SEARCHES_DESC_R429B02.tsv
2186802133	1834976037	50	знак зодиака весы	BY_SEARCHES	DESCENDING	d9f37edc-e5b7-4f25-8922-3620eae395f6	R429B02	58	122	NULL	NULL	NULL	0	0	RUB	canonical_chunks/product_queries_details_BY_SEARCHES_DESC_R429B02.tsv
2186802133	1834976037	50	оберег в машину	BY_SEARCHES	DESCENDING	d9f37edc-e5b7-4f25-8922-3620eae395f6	R429B02	59	119	NULL	NULL	NULL	0	0	RUB	canonical_chunks/product_queries_details_BY_SEARCHES_DESC_R429B02.tsv
2186802133	1834976037	50	четки в машину на зеркало	BY_SEARCHES	DESCENDING	d9f37edc-e5b7-4f25-8922-3620eae395f6	R429B02	60	107	NULL	NULL	NULL	0	0	RUB	canonical_chunks/product_queries_details_BY_SEARCHES_DESC_R429B02.tsv
2271219774	1948039800	63	весы	BY_SEARCHES	DESCENDING	6c4b95b0-8139-42ca-b835-8352552bacb7	R429B03	1	8114	NULL	NULL	NULL	0	0	RUB	canonical_chunks/product_queries_details_BY_SEARCHES_DESC_R429B03.tsv
2271219774	1948039800	63	подвеска в машину	BY_SEARCHES	DESCENDING	6c4b95b0-8139-42ca-b835-8352552bacb7	R429B03	2	6881	NULL	NULL	NULL	0	0	RUB	canonical_chunks/product_queries_details_BY_SEARCHES_DESC_R429B03.tsv
2271219774	1948039800	63	подвеска в машину на зеркало	BY_SEARCHES	DESCENDING	6c4b95b0-8139-42ca-b835-8352552bacb7	R429B03	3	1560	NULL	NULL	NULL	0	0	RUB	canonical_chunks/product_queries_details_BY_SEARCHES_DESC_R429B03.tsv
2271219774	1948039800	63	подвеска на зеркало в машину	BY_SEARCHES	DESCENDING	6c4b95b0-8139-42ca-b835-8352552bacb7	R429B03	4	1107	NULL	NULL	NULL	0	0	RUB	canonical_chunks/product_queries_details_BY_SEARCHES_DESC_R429B03.tsv
2271219774	1948039800	63	четки в машину	BY_SEARCHES	DESCENDING	6c4b95b0-8139-42ca-b835-8352552bacb7	R429B03	5	724	NULL	NULL	NULL	0	0	RUB	canonical_chunks/product_queries_details_BY_SEARCHES_DESC_R429B03.tsv
2271219774	1948039800	63	оберег	BY_SEARCHES	DESCENDING	6c4b95b0-8139-42ca-b835-8352552bacb7	R429B03	6	552	NULL	NULL	NULL	0	0	RUB	canonical_chunks/product_queries_details_BY_SEARCHES_DESC_R429B03.tsv
2271219774	1948039800	63	подвеска мужская	BY_SEARCHES	DESCENDING	6c4b95b0-8139-42ca-b835-8352552bacb7	R429B03	7	407	NULL	NULL	NULL	0	0	RUB	canonical_chunks/product_queries_details_BY_SEARCHES_DESC_R429B03.tsv
2271219774	1948039800	63	оберег в машину	BY_SEARCHES	DESCENDING	6c4b95b0-8139-42ca-b835-8352552bacb7	R429B03	8	365	NULL	NULL	NULL	0	0	RUB	canonical_chunks/product_queries_details_BY_SEARCHES_DESC_R429B03.tsv
2271219774	1948039800	63	весы знак зодиака	BY_SEARCHES	DESCENDING	6c4b95b0-8139-42ca-b835-8352552bacb7	R429B03	9	188	NULL	NULL	NULL	0	0	RUB	canonical_chunks/product_queries_details_BY_SEARCHES_DESC_R429B03.tsv
2271219774	1948039800	63	четки в автомобиль	BY_SEARCHES	DESCENDING	6c4b95b0-8139-42ca-b835-8352552bacb7	R429B03	10	178	NULL	NULL	NULL	0	0	RUB	canonical_chunks/product_queries_details_BY_SEARCHES_DESC_R429B03.tsv
2271219774	1948039800	63	подвеска весы	BY_SEARCHES	DESCENDING	6c4b95b0-8139-42ca-b835-8352552bacb7	R429B03	11	151	NULL	NULL	NULL	0	0	RUB	canonical_chunks/product_queries_details_BY_SEARCHES_DESC_R429B03.tsv
2271219774	1948039800	63	четки в машину на зеркало	BY_SEARCHES	DESCENDING	6c4b95b0-8139-42ca-b835-8352552bacb7	R429B03	12	127	NULL	NULL	NULL	0	0	RUB	canonical_chunks/product_queries_details_BY_SEARCHES_DESC_R429B03.tsv
2271219774	1948039800	63	знак зодиака весы	BY_SEARCHES	DESCENDING	6c4b95b0-8139-42ca-b835-8352552bacb7	R429B03	13	119	NULL	NULL	NULL	0	0	RUB	canonical_chunks/product_queries_details_BY_SEARCHES_DESC_R429B03.tsv
2271219774	1948039800	63	ловец снов в машину	BY_SEARCHES	DESCENDING	6c4b95b0-8139-42ca-b835-8352552bacb7	R429B03	14	109	NULL	NULL	NULL	0	0	RUB	canonical_chunks/product_queries_details_BY_SEARCHES_DESC_R429B03.tsv
2271219774	1948039800	63	талисман	BY_SEARCHES	DESCENDING	6c4b95b0-8139-42ca-b835-8352552bacb7	R429B03	15	109	NULL	NULL	NULL	0	0	RUB	canonical_chunks/product_queries_details_BY_SEARCHES_DESC_R429B03.tsv
2186865070	1835063317	60	энергетик	BY_SEARCHES	DESCENDING	6c4b95b0-8139-42ca-b835-8352552bacb7	R429B03	16	7321	NULL	NULL	NULL	0	0	RUB	canonical_chunks/product_queries_details_BY_SEARCHES_DESC_R429B03.tsv
2186865070	1835063317	60	подвеска в машину	BY_SEARCHES	DESCENDING	6c4b95b0-8139-42ca-b835-8352552bacb7	R429B03	17	3171	NULL	NULL	NULL	0	0	RUB	canonical_chunks/product_queries_details_BY_SEARCHES_DESC_R429B03.tsv
2186865070	1835063317	60	дева	BY_SEARCHES	DESCENDING	6c4b95b0-8139-42ca-b835-8352552bacb7	R429B03	18	1858	NULL	NULL	NULL	0	0	RUB	canonical_chunks/product_queries_details_BY_SEARCHES_DESC_R429B03.tsv
2186865070	1835063317	60	подвеска на зеркало в машину	BY_SEARCHES	DESCENDING	6c4b95b0-8139-42ca-b835-8352552bacb7	R429B03	19	1334	NULL	NULL	NULL	0	0	RUB	canonical_chunks/product_queries_details_BY_SEARCHES_DESC_R429B03.tsv
2186865070	1835063317	60	подвеска в машину на зеркало	BY_SEARCHES	DESCENDING	6c4b95b0-8139-42ca-b835-8352552bacb7	R429B03	20	1289	NULL	NULL	NULL	0	0	RUB	canonical_chunks/product_queries_details_BY_SEARCHES_DESC_R429B03.tsv
2186865070	1835063317	60	четки в машину	BY_SEARCHES	DESCENDING	6c4b95b0-8139-42ca-b835-8352552bacb7	R429B03	21	867	NULL	NULL	NULL	0	0	RUB	canonical_chunks/product_queries_details_BY_SEARCHES_DESC_R429B03.tsv
2186865070	1835063317	60	четки в автомобиль	BY_SEARCHES	DESCENDING	6c4b95b0-8139-42ca-b835-8352552bacb7	R429B03	22	370	NULL	NULL	NULL	0	0	RUB	canonical_chunks/product_queries_details_BY_SEARCHES_DESC_R429B03.tsv
2186865070	1835063317	60	подвеска дева	BY_SEARCHES	DESCENDING	6c4b95b0-8139-42ca-b835-8352552bacb7	R429B03	23	350	NULL	NULL	NULL	0	0	RUB	canonical_chunks/product_queries_details_BY_SEARCHES_DESC_R429B03.tsv
2186865070	1835063317	60	подарок для девы	BY_SEARCHES	DESCENDING	6c4b95b0-8139-42ca-b835-8352552bacb7	R429B03	24	307	NULL	NULL	NULL	0	0	RUB	canonical_chunks/product_queries_details_BY_SEARCHES_DESC_R429B03.tsv
2186865070	1835063317	60	талисман	BY_SEARCHES	DESCENDING	6c4b95b0-8139-42ca-b835-8352552bacb7	R429B03	25	306	NULL	NULL	NULL	0	0	RUB	canonical_chunks/product_queries_details_BY_SEARCHES_DESC_R429B03.tsv
2186865070	1835063317	60	оберег в машину	BY_SEARCHES	DESCENDING	6c4b95b0-8139-42ca-b835-8352552bacb7	R429B03	26	259	NULL	NULL	NULL	0	0	RUB	canonical_chunks/product_queries_details_BY_SEARCHES_DESC_R429B03.tsv
2186865070	1835063317	60	знак зодиака дева	BY_SEARCHES	DESCENDING	6c4b95b0-8139-42ca-b835-8352552bacb7	R429B03	27	209	NULL	NULL	NULL	0	0	RUB	canonical_chunks/product_queries_details_BY_SEARCHES_DESC_R429B03.tsv
2186865070	1835063317	60	оберег	BY_SEARCHES	DESCENDING	6c4b95b0-8139-42ca-b835-8352552bacb7	R429B03	28	158	NULL	NULL	NULL	0	0	RUB	canonical_chunks/product_queries_details_BY_SEARCHES_DESC_R429B03.tsv
2186865070	1835063317	60	ловец снов в машину	BY_SEARCHES	DESCENDING	6c4b95b0-8139-42ca-b835-8352552bacb7	R429B03	29	131	NULL	NULL	NULL	0	0	RUB	canonical_chunks/product_queries_details_BY_SEARCHES_DESC_R429B03.tsv
2186865070	1835063317	60	дева знак зодиака	BY_SEARCHES	DESCENDING	6c4b95b0-8139-42ca-b835-8352552bacb7	R429B03	30	127	NULL	NULL	NULL	0	0	RUB	canonical_chunks/product_queries_details_BY_SEARCHES_DESC_R429B03.tsv
2186856503	1835048645	58	подвеска в машину	BY_SEARCHES	DESCENDING	6c4b95b0-8139-42ca-b835-8352552bacb7	R429B03	31	6881	NULL	NULL	NULL	0	0	RUB	canonical_chunks/product_queries_details_BY_SEARCHES_DESC_R429B03.tsv
2186856503	1835048645	58	подвеска в машину на зеркало	BY_SEARCHES	DESCENDING	6c4b95b0-8139-42ca-b835-8352552bacb7	R429B03	32	6478	NULL	NULL	NULL	0	0	RUB	canonical_chunks/product_queries_details_BY_SEARCHES_DESC_R429B03.tsv
2186856503	1835048645	58	подвеска на зеркало в машину	BY_SEARCHES	DESCENDING	6c4b95b0-8139-42ca-b835-8352552bacb7	R429B03	33	1203	NULL	NULL	NULL	0	0	RUB	canonical_chunks/product_queries_details_BY_SEARCHES_DESC_R429B03.tsv
2186856503	1835048645	58	близнецы	BY_SEARCHES	DESCENDING	6c4b95b0-8139-42ca-b835-8352552bacb7	R429B03	34	426	NULL	NULL	NULL	0	0	RUB	canonical_chunks/product_queries_details_BY_SEARCHES_DESC_R429B03.tsv
2186856503	1835048645	58	подвеска в автомобиль	BY_SEARCHES	DESCENDING	6c4b95b0-8139-42ca-b835-8352552bacb7	R429B03	35	367	NULL	NULL	NULL	0	0	RUB	canonical_chunks/product_queries_details_BY_SEARCHES_DESC_R429B03.tsv
2186856503	1835048645	58	на зеркало в машину подвеска	BY_SEARCHES	DESCENDING	6c4b95b0-8139-42ca-b835-8352552bacb7	R429B03	36	308	NULL	NULL	NULL	0	0	RUB	canonical_chunks/product_queries_details_BY_SEARCHES_DESC_R429B03.tsv
2186856503	1835048645	58	оберег в машину	BY_SEARCHES	DESCENDING	6c4b95b0-8139-42ca-b835-8352552bacb7	R429B03	37	273	NULL	NULL	NULL	0	0	RUB	canonical_chunks/product_queries_details_BY_SEARCHES_DESC_R429B03.tsv
2186856503	1835048645	58	знак зодиака дева	BY_SEARCHES	DESCENDING	6c4b95b0-8139-42ca-b835-8352552bacb7	R429B03	38	214	NULL	NULL	NULL	0	0	RUB	canonical_chunks/product_queries_details_BY_SEARCHES_DESC_R429B03.tsv
2186856503	1835048645	58	оберег	BY_SEARCHES	DESCENDING	6c4b95b0-8139-42ca-b835-8352552bacb7	R429B03	39	158	NULL	NULL	NULL	0	0	RUB	canonical_chunks/product_queries_details_BY_SEARCHES_DESC_R429B03.tsv
2186856503	1835048645	58	дева знак зодиака	BY_SEARCHES	DESCENDING	6c4b95b0-8139-42ca-b835-8352552bacb7	R429B03	40	147	NULL	NULL	NULL	0	0	RUB	canonical_chunks/product_queries_details_BY_SEARCHES_DESC_R429B03.tsv
2186856503	1835048645	58	брелок в машину на зеркало	BY_SEARCHES	DESCENDING	6c4b95b0-8139-42ca-b835-8352552bacb7	R429B03	41	147	NULL	NULL	NULL	0	0	RUB	canonical_chunks/product_queries_details_BY_SEARCHES_DESC_R429B03.tsv
2186856503	1835048645	58	четки в машину	BY_SEARCHES	DESCENDING	6c4b95b0-8139-42ca-b835-8352552bacb7	R429B03	42	137	NULL	NULL	NULL	0	0	RUB	canonical_chunks/product_queries_details_BY_SEARCHES_DESC_R429B03.tsv
2186856503	1835048645	58	подвеска близнецы	BY_SEARCHES	DESCENDING	6c4b95b0-8139-42ca-b835-8352552bacb7	R429B03	43	101	NULL	NULL	NULL	0	0	RUB	canonical_chunks/product_queries_details_BY_SEARCHES_DESC_R429B03.tsv
2186856503	1835048645	58	талисман	BY_SEARCHES	DESCENDING	6c4b95b0-8139-42ca-b835-8352552bacb7	R429B03	44	98	NULL	NULL	NULL	0	0	RUB	canonical_chunks/product_queries_details_BY_SEARCHES_DESC_R429B03.tsv
2186856503	1835048645	58	подвеска на машину	BY_SEARCHES	DESCENDING	6c4b95b0-8139-42ca-b835-8352552bacb7	R429B03	45	90	NULL	NULL	NULL	0	0	RUB	canonical_chunks/product_queries_details_BY_SEARCHES_DESC_R429B03.tsv
2271246783	1948079096	66	подвеска в машину	BY_SEARCHES	DESCENDING	6c4b95b0-8139-42ca-b835-8352552bacb7	R429B03	46	3171	NULL	NULL	NULL	0	0	RUB	canonical_chunks/product_queries_details_BY_SEARCHES_DESC_R429B03.tsv
2271246783	1948079096	66	подвеска на зеркало в машину	BY_SEARCHES	DESCENDING	6c4b95b0-8139-42ca-b835-8352552bacb7	R429B03	47	1208	NULL	NULL	NULL	0	0	RUB	canonical_chunks/product_queries_details_BY_SEARCHES_DESC_R429B03.tsv
2271246783	1948079096	66	козерог	BY_SEARCHES	DESCENDING	6c4b95b0-8139-42ca-b835-8352552bacb7	R429B03	48	774	NULL	NULL	NULL	0	0	RUB	canonical_chunks/product_queries_details_BY_SEARCHES_DESC_R429B03.tsv
2271246783	1948079096	66	четки в автомобиль	BY_SEARCHES	DESCENDING	6c4b95b0-8139-42ca-b835-8352552bacb7	R429B03	49	559	NULL	NULL	NULL	0	0	RUB	canonical_chunks/product_queries_details_BY_SEARCHES_DESC_R429B03.tsv
2271246783	1948079096	66	оберег в машину	BY_SEARCHES	DESCENDING	6c4b95b0-8139-42ca-b835-8352552bacb7	R429B03	50	289	NULL	NULL	NULL	0	0	RUB	canonical_chunks/product_queries_details_BY_SEARCHES_DESC_R429B03.tsv
2271246783	1948079096	66	четки в машину	BY_SEARCHES	DESCENDING	6c4b95b0-8139-42ca-b835-8352552bacb7	R429B03	51	284	NULL	NULL	NULL	0	0	RUB	canonical_chunks/product_queries_details_BY_SEARCHES_DESC_R429B03.tsv
2271246783	1948079096	66	подвеска мужская	BY_SEARCHES	DESCENDING	6c4b95b0-8139-42ca-b835-8352552bacb7	R429B03	52	210	NULL	NULL	NULL	0	0	RUB	canonical_chunks/product_queries_details_BY_SEARCHES_DESC_R429B03.tsv
2271246783	1948079096	66	зеркало в	BY_SEARCHES	DESCENDING	6c4b95b0-8139-42ca-b835-8352552bacb7	R429B03	53	190	NULL	NULL	NULL	0	0	RUB	canonical_chunks/product_queries_details_BY_SEARCHES_DESC_R429B03.tsv
2271246783	1948079096	66	брелок коза	BY_SEARCHES	DESCENDING	6c4b95b0-8139-42ca-b835-8352552bacb7	R429B03	54	154	NULL	NULL	NULL	0	0	RUB	canonical_chunks/product_queries_details_BY_SEARCHES_DESC_R429B03.tsv
2271246783	1948079096	66	подвеска козерог	BY_SEARCHES	DESCENDING	6c4b95b0-8139-42ca-b835-8352552bacb7	R429B03	55	109	NULL	NULL	NULL	0	0	RUB	canonical_chunks/product_queries_details_BY_SEARCHES_DESC_R429B03.tsv
2271246783	1948079096	66	кулон зеркало оберег	BY_SEARCHES	DESCENDING	6c4b95b0-8139-42ca-b835-8352552bacb7	R429B03	56	92	NULL	NULL	NULL	0	0	RUB	canonical_chunks/product_queries_details_BY_SEARCHES_DESC_R429B03.tsv
2271246783	1948079096	66	подвеска в автомобиль	BY_SEARCHES	DESCENDING	6c4b95b0-8139-42ca-b835-8352552bacb7	R429B03	57	79	NULL	NULL	NULL	0	0	RUB	canonical_chunks/product_queries_details_BY_SEARCHES_DESC_R429B03.tsv
2271246783	1948079096	66	козаки	BY_SEARCHES	DESCENDING	6c4b95b0-8139-42ca-b835-8352552bacb7	R429B03	58	62	NULL	NULL	NULL	0	0	RUB	canonical_chunks/product_queries_details_BY_SEARCHES_DESC_R429B03.tsv
2271246783	1948079096	66	в машину подвеска	BY_SEARCHES	DESCENDING	6c4b95b0-8139-42ca-b835-8352552bacb7	R429B03	59	51	NULL	NULL	NULL	0	0	RUB	canonical_chunks/product_queries_details_BY_SEARCHES_DESC_R429B03.tsv
2271246783	1948079096	66	козерог подвеска	BY_SEARCHES	DESCENDING	6c4b95b0-8139-42ca-b835-8352552bacb7	R429B03	60	46	NULL	NULL	NULL	0	0	RUB	canonical_chunks/product_queries_details_BY_SEARCHES_DESC_R429B03.tsv
2271285786	1948128035	71	зеркало	BY_SEARCHES	DESCENDING	a5ff7cd0-324e-4681-8775-300e23c7d101	R429B04	1	7498	NULL	NULL	NULL	0	0	RUB	canonical_chunks/product_queries_details_BY_SEARCHES_DESC_R429B04.tsv
2271285786	1948128035	71	подвеска в машину	BY_SEARCHES	DESCENDING	a5ff7cd0-324e-4681-8775-300e23c7d101	R429B04	2	3171	NULL	NULL	NULL	0	0	RUB	canonical_chunks/product_queries_details_BY_SEARCHES_DESC_R429B04.tsv
2271285786	1948128035	71	подвеска на зеркало в машину	BY_SEARCHES	DESCENDING	a5ff7cd0-324e-4681-8775-300e23c7d101	R429B04	3	1288	NULL	NULL	NULL	0	0	RUB	canonical_chunks/product_queries_details_BY_SEARCHES_DESC_R429B04.tsv
2271285786	1948128035	71	талисман	BY_SEARCHES	DESCENDING	a5ff7cd0-324e-4681-8775-300e23c7d101	R429B04	4	927	NULL	NULL	NULL	0	0	RUB	canonical_chunks/product_queries_details_BY_SEARCHES_DESC_R429B04.tsv
2271285786	1948128035	71	стрелец	BY_SEARCHES	DESCENDING	a5ff7cd0-324e-4681-8775-300e23c7d101	R429B04	5	622	NULL	NULL	NULL	0	0	RUB	canonical_chunks/product_queries_details_BY_SEARCHES_DESC_R429B04.tsv
2271285786	1948128035	71	оберег в машину	BY_SEARCHES	DESCENDING	a5ff7cd0-324e-4681-8775-300e23c7d101	R429B04	6	365	NULL	NULL	NULL	0	0	RUB	canonical_chunks/product_queries_details_BY_SEARCHES_DESC_R429B04.tsv
2271285786	1948128035	71	крест в машину на зеркало	BY_SEARCHES	DESCENDING	a5ff7cd0-324e-4681-8775-300e23c7d101	R429B04	7	234	NULL	NULL	NULL	0	0	RUB	canonical_chunks/product_queries_details_BY_SEARCHES_DESC_R429B04.tsv
2271285786	1948128035	71	четки в автомобиль	BY_SEARCHES	DESCENDING	a5ff7cd0-324e-4681-8775-300e23c7d101	R429B04	8	192	NULL	NULL	NULL	0	0	RUB	canonical_chunks/product_queries_details_BY_SEARCHES_DESC_R429B04.tsv
2271285786	1948128035	71	подвеска мужская	BY_SEARCHES	DESCENDING	a5ff7cd0-324e-4681-8775-300e23c7d101	R429B04	9	172	NULL	NULL	NULL	0	0	RUB	canonical_chunks/product_queries_details_BY_SEARCHES_DESC_R429B04.tsv
2271285786	1948128035	71	четки в машину на зеркало	BY_SEARCHES	DESCENDING	a5ff7cd0-324e-4681-8775-300e23c7d101	R429B04	10	143	NULL	NULL	NULL	0	0	RUB	canonical_chunks/product_queries_details_BY_SEARCHES_DESC_R429B04.tsv
2271285786	1948128035	71	четки в машину	BY_SEARCHES	DESCENDING	a5ff7cd0-324e-4681-8775-300e23c7d101	R429B04	11	137	NULL	NULL	NULL	0	0	RUB	canonical_chunks/product_queries_details_BY_SEARCHES_DESC_R429B04.tsv
2271285786	1948128035	71	в машину подвеска	BY_SEARCHES	DESCENDING	a5ff7cd0-324e-4681-8775-300e23c7d101	R429B04	12	103	NULL	NULL	NULL	0	0	RUB	canonical_chunks/product_queries_details_BY_SEARCHES_DESC_R429B04.tsv
2271285786	1948128035	71	подвеска в автомобиль	BY_SEARCHES	DESCENDING	a5ff7cd0-324e-4681-8775-300e23c7d101	R429B04	13	96	NULL	NULL	NULL	0	0	RUB	canonical_chunks/product_queries_details_BY_SEARCHES_DESC_R429B04.tsv
2271285786	1948128035	71	знаки зодиака	BY_SEARCHES	DESCENDING	a5ff7cd0-324e-4681-8775-300e23c7d101	R429B04	14	95	NULL	NULL	NULL	0	0	RUB	canonical_chunks/product_queries_details_BY_SEARCHES_DESC_R429B04.tsv
2271285786	1948128035	71	амулеты обереги и талисманы	BY_SEARCHES	DESCENDING	a5ff7cd0-324e-4681-8775-300e23c7d101	R429B04	15	92	NULL	NULL	NULL	0	0	RUB	canonical_chunks/product_queries_details_BY_SEARCHES_DESC_R429B04.tsv
2271275793	1948116414	70	подвеска в машину	BY_SEARCHES	DESCENDING	a5ff7cd0-324e-4681-8775-300e23c7d101	R429B04	16	7092	NULL	NULL	NULL	0	0	RUB	canonical_chunks/product_queries_details_BY_SEARCHES_DESC_R429B04.tsv
2271275793	1948116414	70	скорпион	BY_SEARCHES	DESCENDING	a5ff7cd0-324e-4681-8775-300e23c7d101	R429B04	17	1852	NULL	NULL	NULL	0	0	RUB	canonical_chunks/product_queries_details_BY_SEARCHES_DESC_R429B04.tsv
2271275793	1948116414	70	подвеска в машину на зеркало	BY_SEARCHES	DESCENDING	a5ff7cd0-324e-4681-8775-300e23c7d101	R429B04	18	1367	NULL	NULL	NULL	0	0	RUB	canonical_chunks/product_queries_details_BY_SEARCHES_DESC_R429B04.tsv
2271275793	1948116414	70	подвеска на зеркало в машину	BY_SEARCHES	DESCENDING	a5ff7cd0-324e-4681-8775-300e23c7d101	R429B04	19	1261	NULL	NULL	NULL	0	0	RUB	canonical_chunks/product_queries_details_BY_SEARCHES_DESC_R429B04.tsv
2271275793	1948116414	70	четки в машину	BY_SEARCHES	DESCENDING	a5ff7cd0-324e-4681-8775-300e23c7d101	R429B04	20	1238	NULL	NULL	NULL	0	0	RUB	canonical_chunks/product_queries_details_BY_SEARCHES_DESC_R429B04.tsv
2271275793	1948116414	70	оберег в машину	BY_SEARCHES	DESCENDING	a5ff7cd0-324e-4681-8775-300e23c7d101	R429B04	21	686	NULL	NULL	NULL	0	0	RUB	canonical_chunks/product_queries_details_BY_SEARCHES_DESC_R429B04.tsv
2271275793	1948116414	70	в машину	BY_SEARCHES	DESCENDING	a5ff7cd0-324e-4681-8775-300e23c7d101	R429B04	22	559	NULL	NULL	NULL	0	0	RUB	canonical_chunks/product_queries_details_BY_SEARCHES_DESC_R429B04.tsv
2271275793	1948116414	70	подвеска скорпион	BY_SEARCHES	DESCENDING	a5ff7cd0-324e-4681-8775-300e23c7d101	R429B04	23	411	NULL	NULL	NULL	0	0	RUB	canonical_chunks/product_queries_details_BY_SEARCHES_DESC_R429B04.tsv
2271275793	1948116414	70	подвеска мужская	BY_SEARCHES	DESCENDING	a5ff7cd0-324e-4681-8775-300e23c7d101	R429B04	24	210	NULL	NULL	NULL	0	0	RUB	canonical_chunks/product_queries_details_BY_SEARCHES_DESC_R429B04.tsv
2271275793	1948116414	70	брелок в машину на зеркало	BY_SEARCHES	DESCENDING	a5ff7cd0-324e-4681-8775-300e23c7d101	R429B04	25	200	NULL	NULL	NULL	0	0	RUB	canonical_chunks/product_queries_details_BY_SEARCHES_DESC_R429B04.tsv
2271275793	1948116414	70	в машину на зеркало	BY_SEARCHES	DESCENDING	a5ff7cd0-324e-4681-8775-300e23c7d101	R429B04	26	113	NULL	NULL	NULL	0	0	RUB	canonical_chunks/product_queries_details_BY_SEARCHES_DESC_R429B04.tsv
2271275793	1948116414	70	скорпион подвеска	BY_SEARCHES	DESCENDING	a5ff7cd0-324e-4681-8775-300e23c7d101	R429B04	27	112	NULL	NULL	NULL	0	0	RUB	canonical_chunks/product_queries_details_BY_SEARCHES_DESC_R429B04.tsv
2271275793	1948116414	70	знаки зодиака	BY_SEARCHES	DESCENDING	a5ff7cd0-324e-4681-8775-300e23c7d101	R429B04	28	103	NULL	NULL	NULL	0	0	RUB	canonical_chunks/product_queries_details_BY_SEARCHES_DESC_R429B04.tsv
2271275793	1948116414	70	талисман	BY_SEARCHES	DESCENDING	a5ff7cd0-324e-4681-8775-300e23c7d101	R429B04	29	100	NULL	NULL	NULL	0	0	RUB	canonical_chunks/product_queries_details_BY_SEARCHES_DESC_R429B04.tsv
2271275793	1948116414	70	амулеты обереги и талисманы	BY_SEARCHES	DESCENDING	a5ff7cd0-324e-4681-8775-300e23c7d101	R429B04	30	99	NULL	NULL	NULL	0	0	RUB	canonical_chunks/product_queries_details_BY_SEARCHES_DESC_R429B04.tsv
1720151850	1217141020	31	подвеска в машину	BY_SEARCHES	DESCENDING	a5ff7cd0-324e-4681-8775-300e23c7d101	R429B04	31	6842	NULL	NULL	NULL	0	0	RUB	canonical_chunks/product_queries_details_BY_SEARCHES_DESC_R429B04.tsv
1720151850	1217141020	31	подвеска в машину на зеркало	BY_SEARCHES	DESCENDING	a5ff7cd0-324e-4681-8775-300e23c7d101	R429B04	32	6256	NULL	NULL	NULL	0	0	RUB	canonical_chunks/product_queries_details_BY_SEARCHES_DESC_R429B04.tsv
1720151850	1217141020	31	лев	BY_SEARCHES	DESCENDING	a5ff7cd0-324e-4681-8775-300e23c7d101	R429B04	33	3038	NULL	NULL	NULL	0	0	RUB	canonical_chunks/product_queries_details_BY_SEARCHES_DESC_R429B04.tsv
1720151850	1217141020	31	оберег	BY_SEARCHES	DESCENDING	a5ff7cd0-324e-4681-8775-300e23c7d101	R429B04	34	2023	NULL	NULL	NULL	0	0	RUB	canonical_chunks/product_queries_details_BY_SEARCHES_DESC_R429B04.tsv
1720151850	1217141020	31	четки в машину	BY_SEARCHES	DESCENDING	a5ff7cd0-324e-4681-8775-300e23c7d101	R429B04	35	2008	NULL	NULL	NULL	0	0	RUB	canonical_chunks/product_queries_details_BY_SEARCHES_DESC_R429B04.tsv
1720151850	1217141020	31	подвеска на зеркало в машину	BY_SEARCHES	DESCENDING	a5ff7cd0-324e-4681-8775-300e23c7d101	R429B04	36	1222	NULL	NULL	NULL	0	0	RUB	canonical_chunks/product_queries_details_BY_SEARCHES_DESC_R429B04.tsv
1720151850	1217141020	31	оберег в машину	BY_SEARCHES	DESCENDING	a5ff7cd0-324e-4681-8775-300e23c7d101	R429B04	37	625	NULL	NULL	NULL	0	0	RUB	canonical_chunks/product_queries_details_BY_SEARCHES_DESC_R429B04.tsv
1720151850	1217141020	31	подвеска в автомобиль	BY_SEARCHES	DESCENDING	a5ff7cd0-324e-4681-8775-300e23c7d101	R429B04	38	362	NULL	NULL	NULL	0	0	RUB	canonical_chunks/product_queries_details_BY_SEARCHES_DESC_R429B04.tsv
1720151850	1217141020	31	подвеска лев	BY_SEARCHES	DESCENDING	a5ff7cd0-324e-4681-8775-300e23c7d101	R429B04	39	313	NULL	NULL	NULL	0	0	RUB	canonical_chunks/product_queries_details_BY_SEARCHES_DESC_R429B04.tsv
1720151850	1217141020	31	знак зодиака лев	BY_SEARCHES	DESCENDING	a5ff7cd0-324e-4681-8775-300e23c7d101	R429B04	40	245	NULL	NULL	NULL	0	0	RUB	canonical_chunks/product_queries_details_BY_SEARCHES_DESC_R429B04.tsv
1720151850	1217141020	31	амулеты обереги и талисманы	BY_SEARCHES	DESCENDING	a5ff7cd0-324e-4681-8775-300e23c7d101	R429B04	41	242	NULL	NULL	NULL	0	0	RUB	canonical_chunks/product_queries_details_BY_SEARCHES_DESC_R429B04.tsv
1720151850	1217141020	31	четки в автомобиль	BY_SEARCHES	DESCENDING	a5ff7cd0-324e-4681-8775-300e23c7d101	R429B04	42	178	NULL	NULL	NULL	0	0	RUB	canonical_chunks/product_queries_details_BY_SEARCHES_DESC_R429B04.tsv
1720151850	1217141020	31	обереги	BY_SEARCHES	DESCENDING	a5ff7cd0-324e-4681-8775-300e23c7d101	R429B04	43	125	NULL	NULL	NULL	0	0	RUB	canonical_chunks/product_queries_details_BY_SEARCHES_DESC_R429B04.tsv
1720151850	1217141020	31	крест в машину на зеркало	BY_SEARCHES	DESCENDING	a5ff7cd0-324e-4681-8775-300e23c7d101	R429B04	44	109	NULL	NULL	NULL	0	0	RUB	canonical_chunks/product_queries_details_BY_SEARCHES_DESC_R429B04.tsv
1720151850	1217141020	31	мусульманский оберег	BY_SEARCHES	DESCENDING	a5ff7cd0-324e-4681-8775-300e23c7d101	R429B04	45	76	NULL	NULL	NULL	0	0	RUB	canonical_chunks/product_queries_details_BY_SEARCHES_DESC_R429B04.tsv
2184098058	1831327502	41	зеркало	BY_SEARCHES	DESCENDING	15078247-cdfa-4c25-88a1-73bf89f41437	R429B05	1	7498	NULL	NULL	NULL	0	0	RUB	canonical_chunks/product_queries_details_BY_SEARCHES_DESC_R429B05.tsv
2184098058	1831327502	41	подвеска в машину	BY_SEARCHES	DESCENDING	15078247-cdfa-4c25-88a1-73bf89f41437	R429B05	2	3171	NULL	NULL	NULL	0	0	RUB	canonical_chunks/product_queries_details_BY_SEARCHES_DESC_R429B05.tsv
2184098058	1831327502	41	оберег	BY_SEARCHES	DESCENDING	15078247-cdfa-4c25-88a1-73bf89f41437	R429B05	3	2494	NULL	NULL	NULL	0	0	RUB	canonical_chunks/product_queries_details_BY_SEARCHES_DESC_R429B05.tsv
2184098058	1831327502	41	подвеска	BY_SEARCHES	DESCENDING	15078247-cdfa-4c25-88a1-73bf89f41437	R429B05	4	2404	NULL	NULL	NULL	0	0	RUB	canonical_chunks/product_queries_details_BY_SEARCHES_DESC_R429B05.tsv
2184098058	1831327502	41	подвеска на зеркало в машину	BY_SEARCHES	DESCENDING	15078247-cdfa-4c25-88a1-73bf89f41437	R429B05	5	1059	NULL	NULL	NULL	0	0	RUB	canonical_chunks/product_queries_details_BY_SEARCHES_DESC_R429B05.tsv
2184098058	1831327502	41	славянские обереги	BY_SEARCHES	DESCENDING	15078247-cdfa-4c25-88a1-73bf89f41437	R429B05	6	794	NULL	NULL	NULL	0	0	RUB	canonical_chunks/product_queries_details_BY_SEARCHES_DESC_R429B05.tsv
2184098058	1831327502	41	оберег в машину	BY_SEARCHES	DESCENDING	15078247-cdfa-4c25-88a1-73bf89f41437	R429B05	7	554	NULL	NULL	NULL	0	0	RUB	canonical_chunks/product_queries_details_BY_SEARCHES_DESC_R429B05.tsv
2184098058	1831327502	41	зеркало заднего вида салонное	BY_SEARCHES	DESCENDING	15078247-cdfa-4c25-88a1-73bf89f41437	R429B05	8	398	NULL	NULL	NULL	0	0	RUB	canonical_chunks/product_queries_details_BY_SEARCHES_DESC_R429B05.tsv
2184098058	1831327502	41	славянские украшения	BY_SEARCHES	DESCENDING	15078247-cdfa-4c25-88a1-73bf89f41437	R429B05	9	260	NULL	NULL	NULL	0	0	RUB	canonical_chunks/product_queries_details_BY_SEARCHES_DESC_R429B05.tsv
2184098058	1831327502	41	славянский оберег	BY_SEARCHES	DESCENDING	15078247-cdfa-4c25-88a1-73bf89f41437	R429B05	10	244	NULL	NULL	NULL	0	0	RUB	canonical_chunks/product_queries_details_BY_SEARCHES_DESC_R429B05.tsv
2184098058	1831327502	41	амулеты обереги и талисманы	BY_SEARCHES	DESCENDING	15078247-cdfa-4c25-88a1-73bf89f41437	R429B05	11	224	NULL	NULL	NULL	0	0	RUB	canonical_chunks/product_queries_details_BY_SEARCHES_DESC_R429B05.tsv
2184098058	1831327502	41	бог	BY_SEARCHES	DESCENDING	15078247-cdfa-4c25-88a1-73bf89f41437	R429B05	12	158	NULL	NULL	NULL	0	0	RUB	canonical_chunks/product_queries_details_BY_SEARCHES_DESC_R429B05.tsv
2184098058	1831327502	41	обереги	BY_SEARCHES	DESCENDING	15078247-cdfa-4c25-88a1-73bf89f41437	R429B05	13	153	NULL	NULL	NULL	0	0	RUB	canonical_chunks/product_queries_details_BY_SEARCHES_DESC_R429B05.tsv
2184098058	1831327502	41	от сглаза	BY_SEARCHES	DESCENDING	15078247-cdfa-4c25-88a1-73bf89f41437	R429B05	14	110	NULL	NULL	NULL	0	0	RUB	canonical_chunks/product_queries_details_BY_SEARCHES_DESC_R429B05.tsv
2184098058	1831327502	41	сила	BY_SEARCHES	DESCENDING	15078247-cdfa-4c25-88a1-73bf89f41437	R429B05	15	108	NULL	NULL	NULL	0	0	RUB	canonical_chunks/product_queries_details_BY_SEARCHES_DESC_R429B05.tsv
2183921966	1831102037	39	подвеска в машину на зеркало	BY_SEARCHES	DESCENDING	15078247-cdfa-4c25-88a1-73bf89f41437	R429B05	16	6256	NULL	NULL	NULL	0	0	RUB	canonical_chunks/product_queries_details_BY_SEARCHES_DESC_R429B05.tsv
2183921966	1831102037	39	оберег	BY_SEARCHES	DESCENDING	15078247-cdfa-4c25-88a1-73bf89f41437	R429B05	17	4516	NULL	NULL	NULL	0	0	RUB	canonical_chunks/product_queries_details_BY_SEARCHES_DESC_R429B05.tsv
2183921966	1831102037	39	подвеска в машину	BY_SEARCHES	DESCENDING	15078247-cdfa-4c25-88a1-73bf89f41437	R429B05	18	3171	NULL	NULL	NULL	0	0	RUB	canonical_chunks/product_queries_details_BY_SEARCHES_DESC_R429B05.tsv
2183921966	1831102037	39	коловрат	BY_SEARCHES	DESCENDING	15078247-cdfa-4c25-88a1-73bf89f41437	R429B05	19	1932	NULL	NULL	NULL	0	0	RUB	canonical_chunks/product_queries_details_BY_SEARCHES_DESC_R429B05.tsv
2183921966	1831102037	39	подвеска на зеркало в машину	BY_SEARCHES	DESCENDING	15078247-cdfa-4c25-88a1-73bf89f41437	R429B05	20	1288	NULL	NULL	NULL	0	0	RUB	canonical_chunks/product_queries_details_BY_SEARCHES_DESC_R429B05.tsv
2183921966	1831102037	39	оберег в машину	BY_SEARCHES	DESCENDING	15078247-cdfa-4c25-88a1-73bf89f41437	R429B05	21	1190	NULL	NULL	NULL	0	0	RUB	canonical_chunks/product_queries_details_BY_SEARCHES_DESC_R429B05.tsv
2183921966	1831102037	39	велес	BY_SEARCHES	DESCENDING	15078247-cdfa-4c25-88a1-73bf89f41437	R429B05	22	1177	NULL	NULL	NULL	0	0	RUB	canonical_chunks/product_queries_details_BY_SEARCHES_DESC_R429B05.tsv
2183921966	1831102037	39	славянские обереги	BY_SEARCHES	DESCENDING	15078247-cdfa-4c25-88a1-73bf89f41437	R429B05	23	1149	NULL	NULL	NULL	0	735	RUB	canonical_chunks/product_queries_details_BY_SEARCHES_DESC_R429B05.tsv
2183921966	1831102037	39	обереги	BY_SEARCHES	DESCENDING	15078247-cdfa-4c25-88a1-73bf89f41437	R429B05	24	680	NULL	NULL	NULL	0	0	RUB	canonical_chunks/product_queries_details_BY_SEARCHES_DESC_R429B05.tsv
2183921966	1831102037	39	коловрат подвеска	BY_SEARCHES	DESCENDING	15078247-cdfa-4c25-88a1-73bf89f41437	R429B05	25	667	NULL	NULL	NULL	0	0	RUB	canonical_chunks/product_queries_details_BY_SEARCHES_DESC_R429B05.tsv
2183921966	1831102037	39	славянский оберег	BY_SEARCHES	DESCENDING	15078247-cdfa-4c25-88a1-73bf89f41437	R429B05	26	608	NULL	NULL	NULL	0	0	RUB	canonical_chunks/product_queries_details_BY_SEARCHES_DESC_R429B05.tsv
2183921966	1831102037	39	перун	BY_SEARCHES	DESCENDING	15078247-cdfa-4c25-88a1-73bf89f41437	R429B05	27	488	NULL	NULL	NULL	0	0	RUB	canonical_chunks/product_queries_details_BY_SEARCHES_DESC_R429B05.tsv
2183921966	1831102037	39	славянские обереги мужские	BY_SEARCHES	DESCENDING	15078247-cdfa-4c25-88a1-73bf89f41437	R429B05	28	444	NULL	NULL	NULL	0	0	RUB	canonical_chunks/product_queries_details_BY_SEARCHES_DESC_R429B05.tsv
2183921966	1831102037	39	амулет	BY_SEARCHES	DESCENDING	15078247-cdfa-4c25-88a1-73bf89f41437	R429B05	29	438	NULL	NULL	NULL	0	0	RUB	canonical_chunks/product_queries_details_BY_SEARCHES_DESC_R429B05.tsv
2183921966	1831102037	39	оберег славянский	BY_SEARCHES	DESCENDING	15078247-cdfa-4c25-88a1-73bf89f41437	R429B05	30	285	NULL	NULL	NULL	0	0	RUB	canonical_chunks/product_queries_details_BY_SEARCHES_DESC_R429B05.tsv
2184234912	1831506538	46	подвеска в машину	BY_SEARCHES	DESCENDING	15078247-cdfa-4c25-88a1-73bf89f41437	R429B05	31	3171	NULL	NULL	NULL	0	0	RUB	canonical_chunks/product_queries_details_BY_SEARCHES_DESC_R429B05.tsv
2184234912	1831506538	46	оберег	BY_SEARCHES	DESCENDING	15078247-cdfa-4c25-88a1-73bf89f41437	R429B05	32	2368	NULL	NULL	NULL	0	0	RUB	canonical_chunks/product_queries_details_BY_SEARCHES_DESC_R429B05.tsv
2184234912	1831506538	46	подарочный набор для женщин	BY_SEARCHES	DESCENDING	15078247-cdfa-4c25-88a1-73bf89f41437	R429B05	33	1746	NULL	NULL	NULL	0	0	RUB	canonical_chunks/product_queries_details_BY_SEARCHES_DESC_R429B05.tsv
2184234912	1831506538	46	оберег для дома	BY_SEARCHES	DESCENDING	15078247-cdfa-4c25-88a1-73bf89f41437	R429B05	34	1675	NULL	NULL	NULL	0	0	RUB	canonical_chunks/product_queries_details_BY_SEARCHES_DESC_R429B05.tsv
2184234912	1831506538	46	коловрат	BY_SEARCHES	DESCENDING	15078247-cdfa-4c25-88a1-73bf89f41437	R429B05	35	1674	NULL	NULL	NULL	0	0	RUB	canonical_chunks/product_queries_details_BY_SEARCHES_DESC_R429B05.tsv
2184234912	1831506538	46	от сглаза	BY_SEARCHES	DESCENDING	15078247-cdfa-4c25-88a1-73bf89f41437	R429B05	36	1657	NULL	NULL	NULL	0	0	RUB	canonical_chunks/product_queries_details_BY_SEARCHES_DESC_R429B05.tsv
2184234912	1831506538	46	подвеска на зеркало в машину	BY_SEARCHES	DESCENDING	15078247-cdfa-4c25-88a1-73bf89f41437	R429B05	37	1288	NULL	NULL	NULL	0	0	RUB	canonical_chunks/product_queries_details_BY_SEARCHES_DESC_R429B05.tsv
2184234912	1831506538	46	славянские обереги	BY_SEARCHES	DESCENDING	15078247-cdfa-4c25-88a1-73bf89f41437	R429B05	38	1109	NULL	NULL	NULL	0	0	RUB	canonical_chunks/product_queries_details_BY_SEARCHES_DESC_R429B05.tsv
2184234912	1831506538	46	подвеска в машину на зеркало	BY_SEARCHES	DESCENDING	15078247-cdfa-4c25-88a1-73bf89f41437	R429B05	39	1096	NULL	NULL	NULL	0	0	RUB	canonical_chunks/product_queries_details_BY_SEARCHES_DESC_R429B05.tsv
2184234912	1831506538	46	амулет	BY_SEARCHES	DESCENDING	15078247-cdfa-4c25-88a1-73bf89f41437	R429B05	40	889	NULL	NULL	NULL	0	0	RUB	canonical_chunks/product_queries_details_BY_SEARCHES_DESC_R429B05.tsv
2184234912	1831506538	46	подарок женщине	BY_SEARCHES	DESCENDING	15078247-cdfa-4c25-88a1-73bf89f41437	R429B05	41	837	NULL	NULL	NULL	0	0	RUB	canonical_chunks/product_queries_details_BY_SEARCHES_DESC_R429B05.tsv
2184234912	1831506538	46	оберег в машину	BY_SEARCHES	DESCENDING	15078247-cdfa-4c25-88a1-73bf89f41437	R429B05	42	746	NULL	NULL	NULL	0	0	RUB	canonical_chunks/product_queries_details_BY_SEARCHES_DESC_R429B05.tsv
2184234912	1831506538	46	сито для муки	BY_SEARCHES	DESCENDING	15078247-cdfa-4c25-88a1-73bf89f41437	R429B05	43	696	NULL	NULL	NULL	0	0	RUB	canonical_chunks/product_queries_details_BY_SEARCHES_DESC_R429B05.tsv
2184234912	1831506538	46	славянский оберег	BY_SEARCHES	DESCENDING	15078247-cdfa-4c25-88a1-73bf89f41437	R429B05	44	608	NULL	NULL	NULL	0	0	RUB	canonical_chunks/product_queries_details_BY_SEARCHES_DESC_R429B05.tsv
2184234912	1831506538	46	амулеты обереги и талисманы	BY_SEARCHES	DESCENDING	15078247-cdfa-4c25-88a1-73bf89f41437	R429B05	45	486	NULL	NULL	NULL	0	0	RUB	canonical_chunks/product_queries_details_BY_SEARCHES_DESC_R429B05.tsv
1629493686	1112665646	9	аум сенерик	BY_SEARCHES	ASCENDING	7403d382-6a2b-4c02-b264-ef0e53b315b0	C02R1	1	0	NULL	NULL	NULL	0	0	RUB	canonical_chunks/product_queries_details_BY_SEARCHES_ASC_C02R1.tsv
1629493686	1112665646	9	аум знак	BY_SEARCHES	ASCENDING	7403d382-6a2b-4c02-b264-ef0e53b315b0	C02R1	2	0	NULL	NULL	NULL	0	0	RUB	canonical_chunks/product_queries_details_BY_SEARCHES_ASC_C02R1.tsv
1629493686	1112665646	9	подвеска в машину на зеркало инь янь	BY_SEARCHES	ASCENDING	7403d382-6a2b-4c02-b264-ef0e53b315b0	C02R1	3	0	NULL	NULL	NULL	0	0	RUB	canonical_chunks/product_queries_details_BY_SEARCHES_ASC_C02R1.tsv
1629493686	1112665646	9	подвеска в машину на зеркало в грузовик	BY_SEARCHES	ASCENDING	7403d382-6a2b-4c02-b264-ef0e53b315b0	C02R1	4	0	NULL	NULL	NULL	0	0	RUB	canonical_chunks/product_queries_details_BY_SEARCHES_ASC_C02R1.tsv
1629493686	1112665646	9	на зеркало автомобиля подвеска красная	BY_SEARCHES	ASCENDING	7403d382-6a2b-4c02-b264-ef0e53b315b0	C02R1	5	0	NULL	NULL	NULL	0	0	RUB	canonical_chunks/product_queries_details_BY_SEARCHES_ASC_C02R1.tsv
1629493686	1112665646	9	подвеска в машину на зеркало мех	BY_SEARCHES	ASCENDING	7403d382-6a2b-4c02-b264-ef0e53b315b0	C02R1	6	0	NULL	NULL	NULL	0	0	RUB	canonical_chunks/product_queries_details_BY_SEARCHES_ASC_C02R1.tsv
1629493686	1112665646	9	подвеска в машину на зеркало а	BY_SEARCHES	ASCENDING	7403d382-6a2b-4c02-b264-ef0e53b315b0	C02R1	7	0	NULL	NULL	NULL	0	0	RUB	canonical_chunks/product_queries_details_BY_SEARCHES_ASC_C02R1.tsv
1629493686	1112665646	9	брелок слпвянск	BY_SEARCHES	ASCENDING	7403d382-6a2b-4c02-b264-ef0e53b315b0	C02R1	8	0	NULL	NULL	NULL	0	0	RUB	canonical_chunks/product_queries_details_BY_SEARCHES_ASC_C02R1.tsv
1629493686	1112665646	9	славянские руны подвеска	BY_SEARCHES	ASCENDING	7403d382-6a2b-4c02-b264-ef0e53b315b0	C02R1	9	0	NULL	NULL	NULL	0	0	RUB	canonical_chunks/product_queries_details_BY_SEARCHES_ASC_C02R1.tsv
1629493686	1112665646	9	четки аув автомобиль	BY_SEARCHES	ASCENDING	7403d382-6a2b-4c02-b264-ef0e53b315b0	C02R1	10	0	NULL	NULL	NULL	0	0	RUB	canonical_chunks/product_queries_details_BY_SEARCHES_ASC_C02R1.tsv
1629493686	1112665646	9	#обереготсглаза	BY_SEARCHES	ASCENDING	7403d382-6a2b-4c02-b264-ef0e53b315b0	C02R1	11	0	NULL	NULL	NULL	0	0	RUB	canonical_chunks/product_queries_details_BY_SEARCHES_ASC_C02R1.tsv
1629493686	1112665646	9	подвеска на зеркало в машину гаваи	BY_SEARCHES	ASCENDING	7403d382-6a2b-4c02-b264-ef0e53b315b0	C02R1	12	0	NULL	NULL	NULL	0	0	RUB	canonical_chunks/product_queries_details_BY_SEARCHES_ASC_C02R1.tsv
1629493686	1112665646	9	подвеска в машину на зеркало руна	BY_SEARCHES	ASCENDING	7403d382-6a2b-4c02-b264-ef0e53b315b0	C02R1	13	0	NULL	NULL	NULL	0	0	RUB	canonical_chunks/product_queries_details_BY_SEARCHES_ASC_C02R1.tsv
1629493686	1112665646	9	брелок аудра	BY_SEARCHES	ASCENDING	7403d382-6a2b-4c02-b264-ef0e53b315b0	C02R1	14	0	NULL	NULL	NULL	0	0	RUB	canonical_chunks/product_queries_details_BY_SEARCHES_ASC_C02R1.tsv
1629493686	1112665646	9	подвеска в машину на зеркало из биссера	BY_SEARCHES	ASCENDING	7403d382-6a2b-4c02-b264-ef0e53b315b0	C02R1	15	0	NULL	NULL	NULL	0	0	RUB	canonical_chunks/product_queries_details_BY_SEARCHES_ASC_C02R1.tsv
1611695246	1092558299	7	подвеска в машину водителю илье	BY_SEARCHES	ASCENDING	7403d382-6a2b-4c02-b264-ef0e53b315b0	C02R1	16	0	NULL	NULL	NULL	0	0	RUB	canonical_chunks/product_queries_details_BY_SEARCHES_ASC_C02R1.tsv
1611695246	1092558299	7	трафарет узел валькнутв	BY_SEARCHES	ASCENDING	7403d382-6a2b-4c02-b264-ef0e53b315b0	C02R1	17	0	NULL	NULL	NULL	0	0	RUB	canonical_chunks/product_queries_details_BY_SEARCHES_ASC_C02R1.tsv
1611695246	1092558299	7	подвеска в машину на зеркало питбуль	BY_SEARCHES	ASCENDING	7403d382-6a2b-4c02-b264-ef0e53b315b0	C02R1	18	0	NULL	NULL	NULL	0	0	RUB	canonical_chunks/product_queries_details_BY_SEARCHES_ASC_C02R1.tsv
1611695246	1092558299	7	бусы оберег	BY_SEARCHES	ASCENDING	7403d382-6a2b-4c02-b264-ef0e53b315b0	C02R1	19	0	NULL	NULL	NULL	0	0	RUB	canonical_chunks/product_queries_details_BY_SEARCHES_ASC_C02R1.tsv
1611695246	1092558299	7	узел анама кара подвеска	BY_SEARCHES	ASCENDING	7403d382-6a2b-4c02-b264-ef0e53b315b0	C02R1	20	0	NULL	NULL	NULL	0	0	RUB	canonical_chunks/product_queries_details_BY_SEARCHES_ASC_C02R1.tsv
1611695246	1092558299	7	подвеска на зеркало славянская	BY_SEARCHES	ASCENDING	7403d382-6a2b-4c02-b264-ef0e53b315b0	C02R1	21	0	NULL	NULL	NULL	0	0	RUB	canonical_chunks/product_queries_details_BY_SEARCHES_ASC_C02R1.tsv
1611695246	1092558299	7	оберег в машину колаврат	BY_SEARCHES	ASCENDING	7403d382-6a2b-4c02-b264-ef0e53b315b0	C02R1	22	0	NULL	NULL	NULL	0	0	RUB	canonical_chunks/product_queries_details_BY_SEARCHES_ASC_C02R1.tsv
1611695246	1092558299	7	славянские оберег	BY_SEARCHES	ASCENDING	7403d382-6a2b-4c02-b264-ef0e53b315b0	C02R1	23	0	NULL	NULL	NULL	0	0	RUB	canonical_chunks/product_queries_details_BY_SEARCHES_ASC_C02R1.tsv
1611695246	1092558299	7	язычество обереги на машину	BY_SEARCHES	ASCENDING	7403d382-6a2b-4c02-b264-ef0e53b315b0	C02R1	24	0	NULL	NULL	NULL	0	0	RUB	canonical_chunks/product_queries_details_BY_SEARCHES_ASC_C02R1.tsv
1611695246	1092558299	7	бусина от сглаза на зеркало машины	BY_SEARCHES	ASCENDING	7403d382-6a2b-4c02-b264-ef0e53b315b0	C02R1	25	0	NULL	NULL	NULL	0	0	RUB	canonical_chunks/product_queries_details_BY_SEARCHES_ASC_C02R1.tsv
1611695246	1092558299	7	на зеркало автомобиля подвеска красная	BY_SEARCHES	ASCENDING	7403d382-6a2b-4c02-b264-ef0e53b315b0	C02R1	26	0	NULL	NULL	NULL	0	0	RUB	canonical_chunks/product_queries_details_BY_SEARCHES_ASC_C02R1.tsv
1611695246	1092558299	7	#подвеска_в_машину	BY_SEARCHES	ASCENDING	7403d382-6a2b-4c02-b264-ef0e53b315b0	C02R1	27	0	NULL	NULL	NULL	0	0	RUB	canonical_chunks/product_queries_details_BY_SEARCHES_ASC_C02R1.tsv
1611695246	1092558299	7	#обереготсглаза	BY_SEARCHES	ASCENDING	7403d382-6a2b-4c02-b264-ef0e53b315b0	C02R1	28	0	NULL	NULL	NULL	0	0	RUB	canonical_chunks/product_queries_details_BY_SEARCHES_ASC_C02R1.tsv
1611695246	1092558299	7	руны подвеска в машину	BY_SEARCHES	ASCENDING	7403d382-6a2b-4c02-b264-ef0e53b315b0	C02R1	29	0	NULL	NULL	NULL	0	0	RUB	canonical_chunks/product_queries_details_BY_SEARCHES_ASC_C02R1.tsv
1611695246	1092558299	7	подвеска в машину мягкий пушистый ежик	BY_SEARCHES	ASCENDING	7403d382-6a2b-4c02-b264-ef0e53b315b0	C02R1	30	0	NULL	NULL	NULL	0	0	RUB	canonical_chunks/product_queries_details_BY_SEARCHES_ASC_C02R1.tsv
1630040194	1113288401	12	брелок в машину на зеркало пушистики	BY_SEARCHES	ASCENDING	7403d382-6a2b-4c02-b264-ef0e53b315b0	C02R1	31	0	NULL	NULL	NULL	0	0	RUB	canonical_chunks/product_queries_details_BY_SEARCHES_ASC_C02R1.tsv
1630040194	1113288401	12	подвеска на зеркало славянская	BY_SEARCHES	ASCENDING	7403d382-6a2b-4c02-b264-ef0e53b315b0	C02R1	32	0	NULL	NULL	NULL	0	0	RUB	canonical_chunks/product_queries_details_BY_SEARCHES_ASC_C02R1.tsv
1630040194	1113288401	12	бог омулет	BY_SEARCHES	ASCENDING	7403d382-6a2b-4c02-b264-ef0e53b315b0	C02R1	33	0	NULL	NULL	NULL	0	0	RUB	canonical_chunks/product_queries_details_BY_SEARCHES_ASC_C02R1.tsv
1630040194	1113288401	12	амулетом на машину	BY_SEARCHES	ASCENDING	7403d382-6a2b-4c02-b264-ef0e53b315b0	C02R1	34	0	NULL	NULL	NULL	0	0	RUB	canonical_chunks/product_queries_details_BY_SEARCHES_ASC_C02R1.tsv
1630040194	1113288401	12	русские обереги	BY_SEARCHES	ASCENDING	7403d382-6a2b-4c02-b264-ef0e53b315b0	C02R1	35	0	NULL	NULL	NULL	0	0	RUB	canonical_chunks/product_queries_details_BY_SEARCHES_ASC_C02R1.tsv
1630040194	1113288401	12	амулеты обереги и талисманы зеркалр	BY_SEARCHES	ASCENDING	7403d382-6a2b-4c02-b264-ef0e53b315b0	C02R1	36	0	NULL	NULL	NULL	0	0	RUB	canonical_chunks/product_queries_details_BY_SEARCHES_ASC_C02R1.tsv
1630040194	1113288401	12	#обереготсглаза	BY_SEARCHES	ASCENDING	7403d382-6a2b-4c02-b264-ef0e53b315b0	C02R1	37	0	NULL	NULL	NULL	0	0	RUB	canonical_chunks/product_queries_details_BY_SEARCHES_ASC_C02R1.tsv
1630040194	1113288401	12	#славянскиеобереги	BY_SEARCHES	ASCENDING	7403d382-6a2b-4c02-b264-ef0e53b315b0	C02R1	38	0	NULL	NULL	NULL	0	0	RUB	canonical_chunks/product_queries_details_BY_SEARCHES_ASC_C02R1.tsv
1630040194	1113288401	12	висюлька на зеркало в машину белая пушистая	BY_SEARCHES	ASCENDING	7403d382-6a2b-4c02-b264-ef0e53b315b0	C02R1	39	0	NULL	NULL	NULL	0	0	RUB	canonical_chunks/product_queries_details_BY_SEARCHES_ASC_C02R1.tsv
1630040194	1113288401	12	аксессуары в машину подвесаа зеркал барабан	BY_SEARCHES	ASCENDING	7403d382-6a2b-4c02-b264-ef0e53b315b0	C02R1	40	0	NULL	NULL	NULL	0	0	RUB	canonical_chunks/product_queries_details_BY_SEARCHES_ASC_C02R1.tsv
1630040194	1113288401	12	крестик в машину на зеркало освешеный	BY_SEARCHES	ASCENDING	7403d382-6a2b-4c02-b264-ef0e53b315b0	C02R1	41	0	NULL	NULL	NULL	0	0	RUB	canonical_chunks/product_queries_details_BY_SEARCHES_ASC_C02R1.tsv
1630040194	1113288401	12	бусина от сглаза на зеркало машины	BY_SEARCHES	ASCENDING	7403d382-6a2b-4c02-b264-ef0e53b315b0	C02R1	42	0	NULL	NULL	NULL	0	0	RUB	canonical_chunks/product_queries_details_BY_SEARCHES_ASC_C02R1.tsv
1630040194	1113288401	12	подвеска в машину на зеркало мужская евгений	BY_SEARCHES	ASCENDING	7403d382-6a2b-4c02-b264-ef0e53b315b0	C02R1	43	0	NULL	NULL	NULL	0	0	RUB	canonical_chunks/product_queries_details_BY_SEARCHES_ASC_C02R1.tsv
1630040194	1113288401	12	подвеска в машину мягкий пушистый ежик	BY_SEARCHES	ASCENDING	7403d382-6a2b-4c02-b264-ef0e53b315b0	C02R1	44	0	NULL	NULL	NULL	0	0	RUB	canonical_chunks/product_queries_details_BY_SEARCHES_ASC_C02R1.tsv
1630040194	1113288401	12	в машину амулет	BY_SEARCHES	ASCENDING	7403d382-6a2b-4c02-b264-ef0e53b315b0	C02R1	45	0	NULL	NULL	NULL	0	0	RUB	canonical_chunks/product_queries_details_BY_SEARCHES_ASC_C02R1.tsv
1629553898	1112723580	10	#подвеска_в_машину	BY_SEARCHES	ASCENDING	7403d382-6a2b-4c02-b264-ef0e53b315b0	C02R1	46	0	NULL	NULL	NULL	0	0	RUB	canonical_chunks/product_queries_details_BY_SEARCHES_ASC_C02R1.tsv
1629553898	1112723580	10	инь ян конверт	BY_SEARCHES	ASCENDING	7403d382-6a2b-4c02-b264-ef0e53b315b0	C02R1	47	0	NULL	NULL	NULL	0	0	RUB	canonical_chunks/product_queries_details_BY_SEARCHES_ASC_C02R1.tsv
1629553898	1112723580	10	маленький оберев машину	BY_SEARCHES	ASCENDING	7403d382-6a2b-4c02-b264-ef0e53b315b0	C02R1	48	0	NULL	NULL	NULL	0	0	RUB	canonical_chunks/product_queries_details_BY_SEARCHES_ASC_C02R1.tsv
1629553898	1112723580	10	машинка янд	BY_SEARCHES	ASCENDING	7403d382-6a2b-4c02-b264-ef0e53b315b0	C02R1	49	0	NULL	NULL	NULL	0	0	RUB	canonical_chunks/product_queries_details_BY_SEARCHES_ASC_C02R1.tsv
1629553898	1112723580	10	в машину амулет	BY_SEARCHES	ASCENDING	7403d382-6a2b-4c02-b264-ef0e53b315b0	C02R1	50	0	NULL	NULL	NULL	0	0	RUB	canonical_chunks/product_queries_details_BY_SEARCHES_ASC_C02R1.tsv
1629553898	1112723580	10	кольцо инь ян	BY_SEARCHES	ASCENDING	7403d382-6a2b-4c02-b264-ef0e53b315b0	C02R1	51	0	NULL	NULL	NULL	0	0	RUB	canonical_chunks/product_queries_details_BY_SEARCHES_ASC_C02R1.tsv
1629553898	1112723580	10	зеркалодля магии	BY_SEARCHES	ASCENDING	7403d382-6a2b-4c02-b264-ef0e53b315b0	C02R1	52	0	NULL	NULL	NULL	0	0	RUB	canonical_chunks/product_queries_details_BY_SEARCHES_ASC_C02R1.tsv
1629553898	1112723580	10	подвеска в машину на зеркало инь янь	BY_SEARCHES	ASCENDING	7403d382-6a2b-4c02-b264-ef0e53b315b0	C02R1	53	0	NULL	NULL	NULL	0	0	RUB	canonical_chunks/product_queries_details_BY_SEARCHES_ASC_C02R1.tsv
1629553898	1112723580	10	инь ян ткань	BY_SEARCHES	ASCENDING	7403d382-6a2b-4c02-b264-ef0e53b315b0	C02R1	54	0	NULL	NULL	NULL	0	0	RUB	canonical_chunks/product_queries_details_BY_SEARCHES_ASC_C02R1.tsv
1629553898	1112723580	10	брелки на автомобиль на зеркало четк	BY_SEARCHES	ASCENDING	7403d382-6a2b-4c02-b264-ef0e53b315b0	C02R1	55	0	NULL	NULL	NULL	0	0	RUB	canonical_chunks/product_queries_details_BY_SEARCHES_ASC_C02R1.tsv
1629553898	1112723580	10	амулет иньян для мужчин	BY_SEARCHES	ASCENDING	7403d382-6a2b-4c02-b264-ef0e53b315b0	C02R1	56	0	NULL	NULL	NULL	0	0	RUB	canonical_chunks/product_queries_details_BY_SEARCHES_ASC_C02R1.tsv
1629553898	1112723580	10	#обереготсглаза	BY_SEARCHES	ASCENDING	7403d382-6a2b-4c02-b264-ef0e53b315b0	C02R1	57	0	NULL	NULL	NULL	0	0	RUB	canonical_chunks/product_queries_details_BY_SEARCHES_ASC_C02R1.tsv
1629553898	1112723580	10	подвеска в машину на зеркало мех	BY_SEARCHES	ASCENDING	7403d382-6a2b-4c02-b264-ef0e53b315b0	C02R1	58	0	NULL	NULL	NULL	0	0	RUB	canonical_chunks/product_queries_details_BY_SEARCHES_ASC_C02R1.tsv
1629553898	1112723580	10	на зеркало автомобиля подвеска красная	BY_SEARCHES	ASCENDING	7403d382-6a2b-4c02-b264-ef0e53b315b0	C02R1	59	0	NULL	NULL	NULL	0	0	RUB	canonical_chunks/product_queries_details_BY_SEARCHES_ASC_C02R1.tsv
1629553898	1112723580	10	инь янь на машину	BY_SEARCHES	ASCENDING	7403d382-6a2b-4c02-b264-ef0e53b315b0	C02R1	60	0	NULL	NULL	NULL	0	0	RUB	canonical_chunks/product_queries_details_BY_SEARCHES_ASC_C02R1.tsv
1630033296	1113280875	11	подвеска в машину на зеркало а	BY_SEARCHES	ASCENDING	7403d382-6a2b-4c02-b264-ef0e53b315b0	C02R1	61	0	NULL	NULL	NULL	0	0	RUB	canonical_chunks/product_queries_details_BY_SEARCHES_ASC_C02R1.tsv
1630033296	1113280875	11	символ чернобог	BY_SEARCHES	ASCENDING	7403d382-6a2b-4c02-b264-ef0e53b315b0	C02R1	62	0	NULL	NULL	NULL	0	0	RUB	canonical_chunks/product_queries_details_BY_SEARCHES_ASC_C02R1.tsv
1630033296	1113280875	11	аксессуары славянские	BY_SEARCHES	ASCENDING	7403d382-6a2b-4c02-b264-ef0e53b315b0	C02R1	63	0	NULL	NULL	NULL	0	0	RUB	canonical_chunks/product_queries_details_BY_SEARCHES_ASC_C02R1.tsv
1630033296	1113280875	11	поддвеска славянские	BY_SEARCHES	ASCENDING	7403d382-6a2b-4c02-b264-ef0e53b315b0	C02R1	64	0	NULL	NULL	NULL	0	0	RUB	canonical_chunks/product_queries_details_BY_SEARCHES_ASC_C02R1.tsv
1630033296	1113280875	11	чернобог амулет метал	BY_SEARCHES	ASCENDING	7403d382-6a2b-4c02-b264-ef0e53b315b0	C02R1	65	0	NULL	NULL	NULL	0	0	RUB	canonical_chunks/product_queries_details_BY_SEARCHES_ASC_C02R1.tsv
1630033296	1113280875	11	книга чернобог	BY_SEARCHES	ASCENDING	7403d382-6a2b-4c02-b264-ef0e53b315b0	C02R1	66	0	NULL	NULL	NULL	0	0	RUB	canonical_chunks/product_queries_details_BY_SEARCHES_ASC_C02R1.tsv
1630033296	1113280875	11	белобог чернобог футболка	BY_SEARCHES	ASCENDING	7403d382-6a2b-4c02-b264-ef0e53b315b0	C02R1	67	0	NULL	NULL	NULL	0	0	RUB	canonical_chunks/product_queries_details_BY_SEARCHES_ASC_C02R1.tsv
1630033296	1113280875	11	в машину амулет	BY_SEARCHES	ASCENDING	7403d382-6a2b-4c02-b264-ef0e53b315b0	C02R1	68	0	NULL	NULL	NULL	0	0	RUB	canonical_chunks/product_queries_details_BY_SEARCHES_ASC_C02R1.tsv
1630033296	1113280875	11	бусины и аксессуары и детали для чёток	BY_SEARCHES	ASCENDING	7403d382-6a2b-4c02-b264-ef0e53b315b0	C02R1	69	0	NULL	NULL	NULL	0	0	RUB	canonical_chunks/product_queries_details_BY_SEARCHES_ASC_C02R1.tsv
1630033296	1113280875	11	#обереготсглаза	BY_SEARCHES	ASCENDING	7403d382-6a2b-4c02-b264-ef0e53b315b0	C02R1	70	0	NULL	NULL	NULL	0	0	RUB	canonical_chunks/product_queries_details_BY_SEARCHES_ASC_C02R1.tsv
1630033296	1113280875	11	#славянские_обереги	BY_SEARCHES	ASCENDING	7403d382-6a2b-4c02-b264-ef0e53b315b0	C02R1	71	0	NULL	NULL	NULL	0	0	RUB	canonical_chunks/product_queries_details_BY_SEARCHES_ASC_C02R1.tsv
1630033296	1113280875	11	подвеска на зеркало славянская	BY_SEARCHES	ASCENDING	7403d382-6a2b-4c02-b264-ef0e53b315b0	C02R1	72	0	NULL	NULL	NULL	0	0	RUB	canonical_chunks/product_queries_details_BY_SEARCHES_ASC_C02R1.tsv
1630033296	1113280875	11	подвеска в машину на зеркало питбуль	BY_SEARCHES	ASCENDING	7403d382-6a2b-4c02-b264-ef0e53b315b0	C02R1	73	0	NULL	NULL	NULL	0	0	RUB	canonical_chunks/product_queries_details_BY_SEARCHES_ASC_C02R1.tsv
1630033296	1113280875	11	оберег славянский вышевка	BY_SEARCHES	ASCENDING	7403d382-6a2b-4c02-b264-ef0e53b315b0	C02R1	74	0	NULL	NULL	NULL	0	0	RUB	canonical_chunks/product_queries_details_BY_SEARCHES_ASC_C02R1.tsv
1630033296	1113280875	11	славянские оберег чернобог для мужчин	BY_SEARCHES	ASCENDING	7403d382-6a2b-4c02-b264-ef0e53b315b0	C02R1	75	0	NULL	NULL	NULL	0	0	RUB	canonical_chunks/product_queries_details_BY_SEARCHES_ASC_C02R1.tsv
1623753672	1106060257	8	бусы оберег	BY_SEARCHES	ASCENDING	7403d382-6a2b-4c02-b264-ef0e53b315b0	C02R1	76	0	NULL	NULL	NULL	0	0	RUB	canonical_chunks/product_queries_details_BY_SEARCHES_ASC_C02R1.tsv
1623753672	1106060257	8	украшения на зеркало автомобиля автомобилист	BY_SEARCHES	ASCENDING	7403d382-6a2b-4c02-b264-ef0e53b315b0	C02R1	77	0	NULL	NULL	NULL	0	0	RUB	canonical_chunks/product_queries_details_BY_SEARCHES_ASC_C02R1.tsv
1623753672	1106060257	8	руны подвеска в машину	BY_SEARCHES	ASCENDING	7403d382-6a2b-4c02-b264-ef0e53b315b0	C02R1	78	0	NULL	NULL	NULL	0	0	RUB	canonical_chunks/product_queries_details_BY_SEARCHES_ASC_C02R1.tsv
1623753672	1106060257	8	подвеска с ру	BY_SEARCHES	ASCENDING	7403d382-6a2b-4c02-b264-ef0e53b315b0	C02R1	79	0	NULL	NULL	NULL	0	0	RUB	canonical_chunks/product_queries_details_BY_SEARCHES_ASC_C02R1.tsv
1623753672	1106060257	8	подвеска в машину на зеркало инь янь	BY_SEARCHES	ASCENDING	7403d382-6a2b-4c02-b264-ef0e53b315b0	C02R1	80	0	NULL	NULL	NULL	0	0	RUB	canonical_chunks/product_queries_details_BY_SEARCHES_ASC_C02R1.tsv
1623753672	1106060257	8	в машину амулет	BY_SEARCHES	ASCENDING	7403d382-6a2b-4c02-b264-ef0e53b315b0	C02R1	81	0	NULL	NULL	NULL	0	0	RUB	canonical_chunks/product_queries_details_BY_SEARCHES_ASC_C02R1.tsv
1623753672	1106060257	8	подвеска в машину на зеркало из камня с древом жизни	BY_SEARCHES	ASCENDING	7403d382-6a2b-4c02-b264-ef0e53b315b0	C02R1	82	0	NULL	NULL	NULL	0	0	RUB	canonical_chunks/product_queries_details_BY_SEARCHES_ASC_C02R1.tsv
1623753672	1106060257	8	четки в круге в машину	BY_SEARCHES	ASCENDING	7403d382-6a2b-4c02-b264-ef0e53b315b0	C02R1	83	0	NULL	NULL	NULL	0	0	RUB	canonical_chunks/product_queries_details_BY_SEARCHES_ASC_C02R1.tsv
1623753672	1106060257	8	оберег в машину на зеркало женский	BY_SEARCHES	ASCENDING	7403d382-6a2b-4c02-b264-ef0e53b315b0	C02R1	84	0	NULL	NULL	NULL	0	0	RUB	canonical_chunks/product_queries_details_BY_SEARCHES_ASC_C02R1.tsv
1623753672	1106060257	8	подвеска в машину на зеркало а	BY_SEARCHES	ASCENDING	7403d382-6a2b-4c02-b264-ef0e53b315b0	C02R1	85	0	NULL	NULL	NULL	0	0	RUB	canonical_chunks/product_queries_details_BY_SEARCHES_ASC_C02R1.tsv
1623753672	1106060257	8	#обереготсглаза	BY_SEARCHES	ASCENDING	7403d382-6a2b-4c02-b264-ef0e53b315b0	C02R1	86	0	NULL	NULL	NULL	0	0	RUB	canonical_chunks/product_queries_details_BY_SEARCHES_ASC_C02R1.tsv
1623753672	1106060257	8	оберег на машину славянский	BY_SEARCHES	ASCENDING	7403d382-6a2b-4c02-b264-ef0e53b315b0	C02R1	87	0	NULL	NULL	NULL	0	0	RUB	canonical_chunks/product_queries_details_BY_SEARCHES_ASC_C02R1.tsv
1623753672	1106060257	8	подвеска в машину на зеркало мужская евгений	BY_SEARCHES	ASCENDING	7403d382-6a2b-4c02-b264-ef0e53b315b0	C02R1	88	0	NULL	NULL	NULL	0	0	RUB	canonical_chunks/product_queries_details_BY_SEARCHES_ASC_C02R1.tsv
1623753672	1106060257	8	подвеска в машину на зеркало руна	BY_SEARCHES	ASCENDING	7403d382-6a2b-4c02-b264-ef0e53b315b0	C02R1	89	0	NULL	NULL	NULL	0	0	RUB	canonical_chunks/product_queries_details_BY_SEARCHES_ASC_C02R1.tsv
1623753672	1106060257	8	подвеска в машину на зеркало из камня с древом	BY_SEARCHES	ASCENDING	7403d382-6a2b-4c02-b264-ef0e53b315b0	C02R1	90	0	NULL	NULL	NULL	0	0	RUB	canonical_chunks/product_queries_details_BY_SEARCHES_ASC_C02R1.tsv
1640276582	1124691132	17	#славянскиеобереги	BY_SEARCHES	ASCENDING	5dd7e47a-0aa4-4c37-b92d-510c7fa3fe37	C03R1	1	0	NULL	NULL	NULL	0	0	RUB	canonical_chunks/product_queries_details_BY_SEARCHES_ASC_C03R1.tsv
1640276582	1124691132	17	брелок в машину на зеркало я свободен	BY_SEARCHES	ASCENDING	5dd7e47a-0aa4-4c37-b92d-510c7fa3fe37	C03R1	2	0	NULL	NULL	NULL	0	0	RUB	canonical_chunks/product_queries_details_BY_SEARCHES_ASC_C03R1.tsv
1640276582	1124691132	17	подвеска в машину на зеркало питбуль	BY_SEARCHES	ASCENDING	5dd7e47a-0aa4-4c37-b92d-510c7fa3fe37	C03R1	3	0	NULL	NULL	NULL	0	0	RUB	canonical_chunks/product_queries_details_BY_SEARCHES_ASC_C03R1.tsv
1640276582	1124691132	17	автоподвеска мужска	BY_SEARCHES	ASCENDING	5dd7e47a-0aa4-4c37-b92d-510c7fa3fe37	C03R1	4	0	NULL	NULL	NULL	0	0	RUB	canonical_chunks/product_queries_details_BY_SEARCHES_ASC_C03R1.tsv
1640276582	1124691132	17	коловрат оберег славянские мужские	BY_SEARCHES	ASCENDING	5dd7e47a-0aa4-4c37-b92d-510c7fa3fe37	C03R1	5	0	NULL	NULL	NULL	0	0	RUB	canonical_chunks/product_queries_details_BY_SEARCHES_ASC_C03R1.tsv
1640276582	1124691132	17	#обереготсглаза	BY_SEARCHES	ASCENDING	5dd7e47a-0aa4-4c37-b92d-510c7fa3fe37	C03R1	6	0	NULL	NULL	NULL	0	0	RUB	canonical_chunks/product_queries_details_BY_SEARCHES_ASC_C03R1.tsv
1640276582	1124691132	17	подвеска в машину на зеркало а	BY_SEARCHES	ASCENDING	5dd7e47a-0aa4-4c37-b92d-510c7fa3fe37	C03R1	7	0	NULL	NULL	NULL	0	0	RUB	canonical_chunks/product_queries_details_BY_SEARCHES_ASC_C03R1.tsv
1640276582	1124691132	17	оберег право	BY_SEARCHES	ASCENDING	5dd7e47a-0aa4-4c37-b92d-510c7fa3fe37	C03R1	8	0	NULL	NULL	NULL	0	0	RUB	canonical_chunks/product_queries_details_BY_SEARCHES_ASC_C03R1.tsv
1640276582	1124691132	17	кольцо ратиборец	BY_SEARCHES	ASCENDING	5dd7e47a-0aa4-4c37-b92d-510c7fa3fe37	C03R1	9	0	NULL	NULL	NULL	0	0	RUB	canonical_chunks/product_queries_details_BY_SEARCHES_ASC_C03R1.tsv
1640276582	1124691132	17	подвеска в машину на зеркало ма ка крик	BY_SEARCHES	ASCENDING	5dd7e47a-0aa4-4c37-b92d-510c7fa3fe37	C03R1	10	0	NULL	NULL	NULL	0	0	RUB	canonical_chunks/product_queries_details_BY_SEARCHES_ASC_C03R1.tsv
1640276582	1124691132	17	#подвеска_в_машину	BY_SEARCHES	ASCENDING	5dd7e47a-0aa4-4c37-b92d-510c7fa3fe37	C03R1	11	0	NULL	NULL	NULL	0	0	RUB	canonical_chunks/product_queries_details_BY_SEARCHES_ASC_C03R1.tsv
1640276582	1124691132	17	четки в машине	BY_SEARCHES	ASCENDING	5dd7e47a-0aa4-4c37-b92d-510c7fa3fe37	C03R1	12	0	NULL	NULL	NULL	0	0	RUB	canonical_chunks/product_queries_details_BY_SEARCHES_ASC_C03R1.tsv
1640276582	1124691132	17	подвеска в машину наррд	BY_SEARCHES	ASCENDING	5dd7e47a-0aa4-4c37-b92d-510c7fa3fe37	C03R1	13	0	NULL	NULL	NULL	0	0	RUB	canonical_chunks/product_queries_details_BY_SEARCHES_ASC_C03R1.tsv
1640276582	1124691132	17	подвеска в машину на зеркало мужская евгений	BY_SEARCHES	ASCENDING	5dd7e47a-0aa4-4c37-b92d-510c7fa3fe37	C03R1	14	0	NULL	NULL	NULL	0	0	RUB	canonical_chunks/product_queries_details_BY_SEARCHES_ASC_C03R1.tsv
1640276582	1124691132	17	бусина от сглаза на зеркало машины	BY_SEARCHES	ASCENDING	5dd7e47a-0aa4-4c37-b92d-510c7fa3fe37	C03R1	15	0	NULL	NULL	NULL	0	0	RUB	canonical_chunks/product_queries_details_BY_SEARCHES_ASC_C03R1.tsv
1636048691	1119965443	14	подвеска в машину на зеркало славянская	BY_SEARCHES	ASCENDING	5dd7e47a-0aa4-4c37-b92d-510c7fa3fe37	C03R1	16	0	NULL	NULL	NULL	0	779	RUB	canonical_chunks/product_queries_details_BY_SEARCHES_ASC_C03R1.tsv
1636048691	1119965443	14	печать велеса подвеска в автомобиль	BY_SEARCHES	ASCENDING	5dd7e47a-0aa4-4c37-b92d-510c7fa3fe37	C03R1	17	0	NULL	NULL	NULL	0	766	RUB	canonical_chunks/product_queries_details_BY_SEARCHES_ASC_C03R1.tsv
1636048691	1119965443	14	славянский оберег на зеркало автомобиля	BY_SEARCHES	ASCENDING	5dd7e47a-0aa4-4c37-b92d-510c7fa3fe37	C03R1	18	0	NULL	NULL	NULL	0	621	RUB	canonical_chunks/product_queries_details_BY_SEARCHES_ASC_C03R1.tsv
1636048691	1119965443	14	оберег славянский в автомобиль женский	BY_SEARCHES	ASCENDING	5dd7e47a-0aa4-4c37-b92d-510c7fa3fe37	C03R1	19	0	NULL	NULL	NULL	0	960	RUB	canonical_chunks/product_queries_details_BY_SEARCHES_ASC_C03R1.tsv
1636048691	1119965443	14	печать велеса медвежья лапа в машину	BY_SEARCHES	ASCENDING	5dd7e47a-0aa4-4c37-b92d-510c7fa3fe37	C03R1	20	0	NULL	NULL	NULL	0	913	RUB	canonical_chunks/product_queries_details_BY_SEARCHES_ASC_C03R1.tsv
1636048691	1119965443	14	подвеска в машину на зеркало от сглаза	BY_SEARCHES	ASCENDING	5dd7e47a-0aa4-4c37-b92d-510c7fa3fe37	C03R1	21	1	NULL	NULL	NULL	0	753	RUB	canonical_chunks/product_queries_details_BY_SEARCHES_ASC_C03R1.tsv
1636048691	1119965443	14	печать велеса на шею	BY_SEARCHES	ASCENDING	5dd7e47a-0aa4-4c37-b92d-510c7fa3fe37	C03R1	22	1	NULL	NULL	NULL	0	634	RUB	canonical_chunks/product_queries_details_BY_SEARCHES_ASC_C03R1.tsv
1636048691	1119965443	14	обереги славянские для мужчин	BY_SEARCHES	ASCENDING	5dd7e47a-0aa4-4c37-b92d-510c7fa3fe37	C03R1	23	1	NULL	NULL	NULL	0	834	RUB	canonical_chunks/product_queries_details_BY_SEARCHES_ASC_C03R1.tsv
1636048691	1119965443	14	подвеска в машину велес	BY_SEARCHES	ASCENDING	5dd7e47a-0aa4-4c37-b92d-510c7fa3fe37	C03R1	24	1	NULL	NULL	NULL	0	783	RUB	canonical_chunks/product_queries_details_BY_SEARCHES_ASC_C03R1.tsv
1636048691	1119965443	14	талисман от сглаза в машину	BY_SEARCHES	ASCENDING	5dd7e47a-0aa4-4c37-b92d-510c7fa3fe37	C03R1	25	1	NULL	NULL	NULL	0	855	RUB	canonical_chunks/product_queries_details_BY_SEARCHES_ASC_C03R1.tsv
1636048691	1119965443	14	велес амулет в машину	BY_SEARCHES	ASCENDING	5dd7e47a-0aa4-4c37-b92d-510c7fa3fe37	C03R1	26	1	NULL	NULL	NULL	0	1058	RUB	canonical_chunks/product_queries_details_BY_SEARCHES_ASC_C03R1.tsv
1636048691	1119965443	14	велес подвеска женская	BY_SEARCHES	ASCENDING	5dd7e47a-0aa4-4c37-b92d-510c7fa3fe37	C03R1	27	1	NULL	NULL	NULL	0	987	RUB	canonical_chunks/product_queries_details_BY_SEARCHES_ASC_C03R1.tsv
1636048691	1119965443	14	четки амулет в машину	BY_SEARCHES	ASCENDING	5dd7e47a-0aa4-4c37-b92d-510c7fa3fe37	C03R1	28	1	NULL	NULL	NULL	0	879	RUB	canonical_chunks/product_queries_details_BY_SEARCHES_ASC_C03R1.tsv
1636048691	1119965443	14	подвеска на зеркало в машину оберег	BY_SEARCHES	ASCENDING	5dd7e47a-0aa4-4c37-b92d-510c7fa3fe37	C03R1	29	1	NULL	NULL	NULL	0	798	RUB	canonical_chunks/product_queries_details_BY_SEARCHES_ASC_C03R1.tsv
1636048691	1119965443	14	подвеска в машину на зеркало старославянская лада	BY_SEARCHES	ASCENDING	5dd7e47a-0aa4-4c37-b92d-510c7fa3fe37	C03R1	30	1	NULL	NULL	NULL	0	738	RUB	canonical_chunks/product_queries_details_BY_SEARCHES_ASC_C03R1.tsv
1636041142	1119957837	13	бусина закон	BY_SEARCHES	ASCENDING	5dd7e47a-0aa4-4c37-b92d-510c7fa3fe37	C03R1	31	0	NULL	NULL	NULL	0	0	RUB	canonical_chunks/product_queries_details_BY_SEARCHES_ASC_C03R1.tsv
1636041142	1119957837	13	амулеты обереги подвеска	BY_SEARCHES	ASCENDING	5dd7e47a-0aa4-4c37-b92d-510c7fa3fe37	C03R1	32	0	NULL	NULL	NULL	0	0	RUB	canonical_chunks/product_queries_details_BY_SEARCHES_ASC_C03R1.tsv
1636041142	1119957837	13	бижутерия славянские обереги	BY_SEARCHES	ASCENDING	5dd7e47a-0aa4-4c37-b92d-510c7fa3fe37	C03R1	33	0	NULL	NULL	NULL	0	0	RUB	canonical_chunks/product_queries_details_BY_SEARCHES_ASC_C03R1.tsv
1636041142	1119957837	13	зеркало оберег на шею славянское	BY_SEARCHES	ASCENDING	5dd7e47a-0aa4-4c37-b92d-510c7fa3fe37	C03R1	34	0	NULL	NULL	NULL	0	0	RUB	canonical_chunks/product_queries_details_BY_SEARCHES_ASC_C03R1.tsv
1636041142	1119957837	13	зеркало дерева	BY_SEARCHES	ASCENDING	5dd7e47a-0aa4-4c37-b92d-510c7fa3fe37	C03R1	35	0	NULL	NULL	NULL	0	0	RUB	canonical_chunks/product_queries_details_BY_SEARCHES_ASC_C03R1.tsv
1636041142	1119957837	13	бусина славянская на четки	BY_SEARCHES	ASCENDING	5dd7e47a-0aa4-4c37-b92d-510c7fa3fe37	C03R1	36	0	NULL	NULL	NULL	0	0	RUB	canonical_chunks/product_queries_details_BY_SEARCHES_ASC_C03R1.tsv
1636041142	1119957837	13	в машину авулет	BY_SEARCHES	ASCENDING	5dd7e47a-0aa4-4c37-b92d-510c7fa3fe37	C03R1	37	0	NULL	NULL	NULL	0	0	RUB	canonical_chunks/product_queries_details_BY_SEARCHES_ASC_C03R1.tsv
1636041142	1119957837	13	#амулеты_обереги_и_талисманы	BY_SEARCHES	ASCENDING	5dd7e47a-0aa4-4c37-b92d-510c7fa3fe37	C03R1	38	0	NULL	NULL	NULL	0	0	RUB	canonical_chunks/product_queries_details_BY_SEARCHES_ASC_C03R1.tsv
1636041142	1119957837	13	брелок в машину на зеркало я свободен	BY_SEARCHES	ASCENDING	5dd7e47a-0aa4-4c37-b92d-510c7fa3fe37	C03R1	39	0	NULL	NULL	NULL	0	0	RUB	canonical_chunks/product_queries_details_BY_SEARCHES_ASC_C03R1.tsv
1636041142	1119957837	13	амулетом на машину	BY_SEARCHES	ASCENDING	5dd7e47a-0aa4-4c37-b92d-510c7fa3fe37	C03R1	40	0	NULL	NULL	NULL	0	0	RUB	canonical_chunks/product_queries_details_BY_SEARCHES_ASC_C03R1.tsv
1636041142	1119957837	13	атрибуты дерево природа	BY_SEARCHES	ASCENDING	5dd7e47a-0aa4-4c37-b92d-510c7fa3fe37	C03R1	41	0	NULL	NULL	NULL	0	0	RUB	canonical_chunks/product_queries_details_BY_SEARCHES_ASC_C03R1.tsv
1636041142	1119957837	13	бусы в машину на зеркало лада спорт	BY_SEARCHES	ASCENDING	5dd7e47a-0aa4-4c37-b92d-510c7fa3fe37	C03R1	42	0	NULL	NULL	NULL	0	0	RUB	canonical_chunks/product_queries_details_BY_SEARCHES_ASC_C03R1.tsv
1636041142	1119957837	13	#подвеска_в_машину_на_зеркало	BY_SEARCHES	ASCENDING	5dd7e47a-0aa4-4c37-b92d-510c7fa3fe37	C03R1	43	0	NULL	NULL	NULL	0	0	RUB	canonical_chunks/product_queries_details_BY_SEARCHES_ASC_C03R1.tsv
1636041142	1119957837	13	#славянскиеобереги	BY_SEARCHES	ASCENDING	5dd7e47a-0aa4-4c37-b92d-510c7fa3fe37	C03R1	44	0	NULL	NULL	NULL	0	0	RUB	canonical_chunks/product_queries_details_BY_SEARCHES_ASC_C03R1.tsv
1636041142	1119957837	13	аодвеска зеркало	BY_SEARCHES	ASCENDING	5dd7e47a-0aa4-4c37-b92d-510c7fa3fe37	C03R1	45	0	NULL	NULL	NULL	0	0	RUB	canonical_chunks/product_queries_details_BY_SEARCHES_ASC_C03R1.tsv
1640264403	1124673031	16	на зеркало автомобиля подвеска красная	BY_SEARCHES	ASCENDING	5dd7e47a-0aa4-4c37-b92d-510c7fa3fe37	C03R1	46	0	NULL	NULL	NULL	0	0	RUB	canonical_chunks/product_queries_details_BY_SEARCHES_ASC_C03R1.tsv
1640264403	1124673031	16	подвеска в машину на зеркало коловрат	BY_SEARCHES	ASCENDING	5dd7e47a-0aa4-4c37-b92d-510c7fa3fe37	C03R1	47	0	NULL	NULL	NULL	0	0	RUB	canonical_chunks/product_queries_details_BY_SEARCHES_ASC_C03R1.tsv
1640264403	1124673031	16	славянские чуры	BY_SEARCHES	ASCENDING	5dd7e47a-0aa4-4c37-b92d-510c7fa3fe37	C03R1	48	0	NULL	NULL	NULL	0	0	RUB	canonical_chunks/product_queries_details_BY_SEARCHES_ASC_C03R1.tsv
1640264403	1124673031	16	оберег в машину колаврат	BY_SEARCHES	ASCENDING	5dd7e47a-0aa4-4c37-b92d-510c7fa3fe37	C03R1	49	0	NULL	NULL	NULL	0	0	RUB	canonical_chunks/product_queries_details_BY_SEARCHES_ASC_C03R1.tsv
1640264403	1124673031	16	#подвеска_в_машину	BY_SEARCHES	ASCENDING	5dd7e47a-0aa4-4c37-b92d-510c7fa3fe37	C03R1	50	0	NULL	NULL	NULL	0	0	RUB	canonical_chunks/product_queries_details_BY_SEARCHES_ASC_C03R1.tsv
1640264403	1124673031	16	#славянские_обереги	BY_SEARCHES	ASCENDING	5dd7e47a-0aa4-4c37-b92d-510c7fa3fe37	C03R1	51	0	NULL	NULL	NULL	0	0	RUB	canonical_chunks/product_queries_details_BY_SEARCHES_ASC_C03R1.tsv
1640264403	1124673031	16	вто триглав	BY_SEARCHES	ASCENDING	5dd7e47a-0aa4-4c37-b92d-510c7fa3fe37	C03R1	52	0	NULL	NULL	NULL	0	0	RUB	canonical_chunks/product_queries_details_BY_SEARCHES_ASC_C03R1.tsv
1640264403	1124673031	16	бусина от сглаза на зеркало машины	BY_SEARCHES	ASCENDING	5dd7e47a-0aa4-4c37-b92d-510c7fa3fe37	C03R1	53	0	NULL	NULL	NULL	0	0	RUB	canonical_chunks/product_queries_details_BY_SEARCHES_ASC_C03R1.tsv
1640264403	1124673031	16	подвеска в машину на зеркало руна	BY_SEARCHES	ASCENDING	5dd7e47a-0aa4-4c37-b92d-510c7fa3fe37	C03R1	54	0	NULL	NULL	NULL	0	0	RUB	canonical_chunks/product_queries_details_BY_SEARCHES_ASC_C03R1.tsv
1640264403	1124673031	16	перун в машину	BY_SEARCHES	ASCENDING	5dd7e47a-0aa4-4c37-b92d-510c7fa3fe37	C03R1	55	0	NULL	NULL	NULL	0	0	RUB	canonical_chunks/product_queries_details_BY_SEARCHES_ASC_C03R1.tsv
1640264403	1124673031	16	из дерева подвеска	BY_SEARCHES	ASCENDING	5dd7e47a-0aa4-4c37-b92d-510c7fa3fe37	C03R1	56	0	NULL	NULL	NULL	0	0	RUB	canonical_chunks/product_queries_details_BY_SEARCHES_ASC_C03R1.tsv
1640264403	1124673031	16	подвеска в машину на зеркало мусульманская сердечка	BY_SEARCHES	ASCENDING	5dd7e47a-0aa4-4c37-b92d-510c7fa3fe37	C03R1	57	0	NULL	NULL	NULL	0	0	RUB	canonical_chunks/product_queries_details_BY_SEARCHES_ASC_C03R1.tsv
1640264403	1124673031	16	#обереготсглаза	BY_SEARCHES	ASCENDING	5dd7e47a-0aa4-4c37-b92d-510c7fa3fe37	C03R1	58	0	NULL	NULL	NULL	0	0	RUB	canonical_chunks/product_queries_details_BY_SEARCHES_ASC_C03R1.tsv
1640264403	1124673031	16	оберег в машину на зеркало женский	BY_SEARCHES	ASCENDING	5dd7e47a-0aa4-4c37-b92d-510c7fa3fe37	C03R1	59	0	NULL	NULL	NULL	0	0	RUB	canonical_chunks/product_queries_details_BY_SEARCHES_ASC_C03R1.tsv
1640264403	1124673031	16	брелок в машину на зеркало пушистики	BY_SEARCHES	ASCENDING	5dd7e47a-0aa4-4c37-b92d-510c7fa3fe37	C03R1	60	0	NULL	NULL	NULL	0	0	RUB	canonical_chunks/product_queries_details_BY_SEARCHES_ASC_C03R1.tsv
1640251697	1124658338	15	#славянские_обереги	BY_SEARCHES	ASCENDING	5dd7e47a-0aa4-4c37-b92d-510c7fa3fe37	C03R1	61	0	NULL	NULL	NULL	0	0	RUB	canonical_chunks/product_queries_details_BY_SEARCHES_ASC_C03R1.tsv
1640251697	1124658338	15	алатырь талисман	BY_SEARCHES	ASCENDING	5dd7e47a-0aa4-4c37-b92d-510c7fa3fe37	C03R1	62	0	NULL	NULL	NULL	0	0	RUB	canonical_chunks/product_queries_details_BY_SEARCHES_ASC_C03R1.tsv
1640251697	1124658338	15	амулеты обереги и талисманы зеркалр	BY_SEARCHES	ASCENDING	5dd7e47a-0aa4-4c37-b92d-510c7fa3fe37	C03R1	63	0	NULL	NULL	NULL	0	0	RUB	canonical_chunks/product_queries_details_BY_SEARCHES_ASC_C03R1.tsv
1640251697	1124658338	15	аксессуары в машину подвесаа зеркал барабан	BY_SEARCHES	ASCENDING	5dd7e47a-0aa4-4c37-b92d-510c7fa3fe37	C03R1	64	0	NULL	NULL	NULL	0	0	RUB	canonical_chunks/product_queries_details_BY_SEARCHES_ASC_C03R1.tsv
1640251697	1124658338	15	алатырь подве	BY_SEARCHES	ASCENDING	5dd7e47a-0aa4-4c37-b92d-510c7fa3fe37	C03R1	65	0	NULL	NULL	NULL	0	0	RUB	canonical_chunks/product_queries_details_BY_SEARCHES_ASC_C03R1.tsv
1640251697	1124658338	15	алтырь деревянный большой	BY_SEARCHES	ASCENDING	5dd7e47a-0aa4-4c37-b92d-510c7fa3fe37	C03R1	66	0	NULL	NULL	NULL	0	0	RUB	canonical_chunks/product_queries_details_BY_SEARCHES_ASC_C03R1.tsv
1640251697	1124658338	15	алатырь бляшка	BY_SEARCHES	ASCENDING	5dd7e47a-0aa4-4c37-b92d-510c7fa3fe37	C03R1	67	0	NULL	NULL	NULL	0	0	RUB	canonical_chunks/product_queries_details_BY_SEARCHES_ASC_C03R1.tsv
1640251697	1124658338	15	#славянскиеобереги	BY_SEARCHES	ASCENDING	5dd7e47a-0aa4-4c37-b92d-510c7fa3fe37	C03R1	68	0	NULL	NULL	NULL	0	0	RUB	canonical_chunks/product_queries_details_BY_SEARCHES_ASC_C03R1.tsv
1640251697	1124658338	15	алтырь славянских богов	BY_SEARCHES	ASCENDING	5dd7e47a-0aa4-4c37-b92d-510c7fa3fe37	C03R1	69	0	NULL	NULL	NULL	0	0	RUB	canonical_chunks/product_queries_details_BY_SEARCHES_ASC_C03R1.tsv
1640251697	1124658338	15	#мужчине_на_день_рождения	BY_SEARCHES	ASCENDING	5dd7e47a-0aa4-4c37-b92d-510c7fa3fe37	C03R1	70	0	NULL	NULL	NULL	0	0	RUB	canonical_chunks/product_queries_details_BY_SEARCHES_ASC_C03R1.tsv
1640251697	1124658338	15	#подвеска_в_машину_на_зеркало	BY_SEARCHES	ASCENDING	5dd7e47a-0aa4-4c37-b92d-510c7fa3fe37	C03R1	71	0	NULL	NULL	NULL	0	0	RUB	canonical_chunks/product_queries_details_BY_SEARCHES_ASC_C03R1.tsv
1640251697	1124658338	15	алатырь п	BY_SEARCHES	ASCENDING	5dd7e47a-0aa4-4c37-b92d-510c7fa3fe37	C03R1	72	0	NULL	NULL	NULL	0	0	RUB	canonical_chunks/product_queries_details_BY_SEARCHES_ASC_C03R1.tsv
1640251697	1124658338	15	алатырь из дуба	BY_SEARCHES	ASCENDING	5dd7e47a-0aa4-4c37-b92d-510c7fa3fe37	C03R1	73	0	NULL	NULL	NULL	0	0	RUB	canonical_chunks/product_queries_details_BY_SEARCHES_ASC_C03R1.tsv
1640251697	1124658338	15	#амулеты_обереги_и_талисманы	BY_SEARCHES	ASCENDING	5dd7e47a-0aa4-4c37-b92d-510c7fa3fe37	C03R1	74	0	NULL	NULL	NULL	0	0	RUB	canonical_chunks/product_queries_details_BY_SEARCHES_ASC_C03R1.tsv
1640251697	1124658338	15	армянский кругдый крест аревахач в машину на зеркало	BY_SEARCHES	ASCENDING	5dd7e47a-0aa4-4c37-b92d-510c7fa3fe37	C03R1	75	0	NULL	NULL	NULL	0	0	RUB	canonical_chunks/product_queries_details_BY_SEARCHES_ASC_C03R1.tsv
1640306007	1124725450	18	подвеска в машину на зеркало матрос	BY_SEARCHES	ASCENDING	5dd7e47a-0aa4-4c37-b92d-510c7fa3fe37	C03R1	76	0	NULL	NULL	NULL	0	0	RUB	canonical_chunks/product_queries_details_BY_SEARCHES_ASC_C03R1.tsv
1640306007	1124725450	18	бусина от сглаза на зеркало машины	BY_SEARCHES	ASCENDING	5dd7e47a-0aa4-4c37-b92d-510c7fa3fe37	C03R1	77	0	NULL	NULL	NULL	0	0	RUB	canonical_chunks/product_queries_details_BY_SEARCHES_ASC_C03R1.tsv
1640306007	1124725450	18	на зеркало автомобиля подвеска красная	BY_SEARCHES	ASCENDING	5dd7e47a-0aa4-4c37-b92d-510c7fa3fe37	C03R1	78	0	NULL	NULL	NULL	0	0	RUB	canonical_chunks/product_queries_details_BY_SEARCHES_ASC_C03R1.tsv
1640306007	1124725450	18	еврейская заезда подвеска в машину	BY_SEARCHES	ASCENDING	5dd7e47a-0aa4-4c37-b92d-510c7fa3fe37	C03R1	79	0	NULL	NULL	NULL	0	0	RUB	canonical_chunks/product_queries_details_BY_SEARCHES_ASC_C03R1.tsv
1640306007	1124725450	18	#подвеска_в_машину	BY_SEARCHES	ASCENDING	5dd7e47a-0aa4-4c37-b92d-510c7fa3fe37	C03R1	80	0	NULL	NULL	NULL	0	0	RUB	canonical_chunks/product_queries_details_BY_SEARCHES_ASC_C03R1.tsv
1640306007	1124725450	18	домовенок в тележке оберег	BY_SEARCHES	ASCENDING	5dd7e47a-0aa4-4c37-b92d-510c7fa3fe37	C03R1	81	0	NULL	NULL	NULL	0	0	RUB	canonical_chunks/product_queries_details_BY_SEARCHES_ASC_C03R1.tsv
1640306007	1124725450	18	#славянские_обереги	BY_SEARCHES	ASCENDING	5dd7e47a-0aa4-4c37-b92d-510c7fa3fe37	C03R1	82	0	NULL	NULL	NULL	0	0	RUB	canonical_chunks/product_queries_details_BY_SEARCHES_ASC_C03R1.tsv
1640306007	1124725450	18	бусины славянский	BY_SEARCHES	ASCENDING	5dd7e47a-0aa4-4c37-b92d-510c7fa3fe37	C03R1	83	0	NULL	NULL	NULL	0	0	RUB	canonical_chunks/product_queries_details_BY_SEARCHES_ASC_C03R1.tsv
1640306007	1124725450	18	молвинец в	BY_SEARCHES	ASCENDING	5dd7e47a-0aa4-4c37-b92d-510c7fa3fe37	C03R1	84	0	NULL	NULL	NULL	0	0	RUB	canonical_chunks/product_queries_details_BY_SEARCHES_ASC_C03R1.tsv
1640306007	1124725450	18	молвинец золотой	BY_SEARCHES	ASCENDING	5dd7e47a-0aa4-4c37-b92d-510c7fa3fe37	C03R1	85	0	NULL	NULL	NULL	0	0	RUB	canonical_chunks/product_queries_details_BY_SEARCHES_ASC_C03R1.tsv
1640306007	1124725450	18	оберег в машину на зеркало женский	BY_SEARCHES	ASCENDING	5dd7e47a-0aa4-4c37-b92d-510c7fa3fe37	C03R1	86	0	NULL	NULL	NULL	0	0	RUB	canonical_chunks/product_queries_details_BY_SEARCHES_ASC_C03R1.tsv
1640306007	1124725450	18	аксессуары в машину подвесаа зеркал барабан	BY_SEARCHES	ASCENDING	5dd7e47a-0aa4-4c37-b92d-510c7fa3fe37	C03R1	87	0	NULL	NULL	NULL	0	0	RUB	canonical_chunks/product_queries_details_BY_SEARCHES_ASC_C03R1.tsv
1640306007	1124725450	18	магический амулет, молвинец оберег	BY_SEARCHES	ASCENDING	5dd7e47a-0aa4-4c37-b92d-510c7fa3fe37	C03R1	88	0	NULL	NULL	NULL	0	0	RUB	canonical_chunks/product_queries_details_BY_SEARCHES_ASC_C03R1.tsv
1640306007	1124725450	18	древние славяне творчество	BY_SEARCHES	ASCENDING	5dd7e47a-0aa4-4c37-b92d-510c7fa3fe37	C03R1	89	0	NULL	NULL	NULL	0	0	RUB	canonical_chunks/product_queries_details_BY_SEARCHES_ASC_C03R1.tsv
1640306007	1124725450	18	оберег славянский вышевка	BY_SEARCHES	ASCENDING	5dd7e47a-0aa4-4c37-b92d-510c7fa3fe37	C03R1	90	0	NULL	NULL	NULL	0	0	RUB	canonical_chunks/product_queries_details_BY_SEARCHES_ASC_C03R1.tsv
1720147059	1217135724	29	#амулеты_обереги_и_талисманы	BY_SEARCHES	ASCENDING	d6cb0bc3-042e-484b-af0b-2db5ea6f9ad6	C05R1	1	0	NULL	NULL	NULL	0	0	RUB	canonical_chunks/product_queries_details_BY_SEARCHES_ASC_C05R1.tsv
1720147059	1217135724	29	для машины в салон на зеркало подвескп	BY_SEARCHES	ASCENDING	d6cb0bc3-042e-484b-af0b-2db5ea6f9ad6	C05R1	2	0	NULL	NULL	NULL	0	0	RUB	canonical_chunks/product_queries_details_BY_SEARCHES_ASC_C05R1.tsv
1720147059	1217135724	29	еврейская заезда подвеска в машину	BY_SEARCHES	ASCENDING	d6cb0bc3-042e-484b-af0b-2db5ea6f9ad6	C05R1	3	0	NULL	NULL	NULL	0	0	RUB	canonical_chunks/product_queries_details_BY_SEARCHES_ASC_C05R1.tsv
1720147059	1217135724	29	гексаграмма козерог	BY_SEARCHES	ASCENDING	d6cb0bc3-042e-484b-af0b-2db5ea6f9ad6	C05R1	4	0	NULL	NULL	NULL	0	0	RUB	canonical_chunks/product_queries_details_BY_SEARCHES_ASC_C05R1.tsv
1720147059	1217135724	29	знак козерога серебро	BY_SEARCHES	ASCENDING	d6cb0bc3-042e-484b-af0b-2db5ea6f9ad6	C05R1	5	0	NULL	NULL	NULL	0	0	RUB	canonical_chunks/product_queries_details_BY_SEARCHES_ASC_C05R1.tsv
1720147059	1217135724	29	#обереготсглаза	BY_SEARCHES	ASCENDING	d6cb0bc3-042e-484b-af0b-2db5ea6f9ad6	C05R1	6	0	NULL	NULL	NULL	0	0	RUB	canonical_chunks/product_queries_details_BY_SEARCHES_ASC_C05R1.tsv
1720147059	1217135724	29	чётки в машину козерог	BY_SEARCHES	ASCENDING	d6cb0bc3-042e-484b-af0b-2db5ea6f9ad6	C05R1	7	0	NULL	NULL	NULL	0	690	RUB	canonical_chunks/product_queries_details_BY_SEARCHES_ASC_C05R1.tsv
1720147059	1217135724	29	#подвеска_в_машину_на_зеркало	BY_SEARCHES	ASCENDING	d6cb0bc3-042e-484b-af0b-2db5ea6f9ad6	C05R1	8	0	NULL	NULL	NULL	0	0	RUB	canonical_chunks/product_queries_details_BY_SEARCHES_ASC_C05R1.tsv
1720147059	1217135724	29	восклицательный знак на машину в красном треугольнике	BY_SEARCHES	ASCENDING	d6cb0bc3-042e-484b-af0b-2db5ea6f9ad6	C05R1	9	0	NULL	NULL	NULL	0	0	RUB	canonical_chunks/product_queries_details_BY_SEARCHES_ASC_C05R1.tsv
1720147059	1217135724	29	картины со знаком зодиака козерог	BY_SEARCHES	ASCENDING	d6cb0bc3-042e-484b-af0b-2db5ea6f9ad6	C05R1	10	0	NULL	NULL	NULL	0	0	RUB	canonical_chunks/product_queries_details_BY_SEARCHES_ASC_C05R1.tsv
1720147059	1217135724	29	аксессуары в машину подвесаа зеркал барабан	BY_SEARCHES	ASCENDING	d6cb0bc3-042e-484b-af0b-2db5ea6f9ad6	C05R1	11	0	NULL	NULL	NULL	0	0	RUB	canonical_chunks/product_queries_details_BY_SEARCHES_ASC_C05R1.tsv
1720147059	1217135724	29	знак задиака девы на торт	BY_SEARCHES	ASCENDING	d6cb0bc3-042e-484b-af0b-2db5ea6f9ad6	C05R1	12	0	NULL	NULL	NULL	0	0	RUB	canonical_chunks/product_queries_details_BY_SEARCHES_ASC_C05R1.tsv
1720147059	1217135724	29	в машину на заруало	BY_SEARCHES	ASCENDING	d6cb0bc3-042e-484b-af0b-2db5ea6f9ad6	C05R1	13	0	NULL	NULL	NULL	0	0	RUB	canonical_chunks/product_queries_details_BY_SEARCHES_ASC_C05R1.tsv
1720147059	1217135724	29	зеркальные знаки	BY_SEARCHES	ASCENDING	d6cb0bc3-042e-484b-af0b-2db5ea6f9ad6	C05R1	14	0	NULL	NULL	NULL	0	0	RUB	canonical_chunks/product_queries_details_BY_SEARCHES_ASC_C05R1.tsv
1720147059	1217135724	29	зеркало на праворукую машину на встречку	BY_SEARCHES	ASCENDING	d6cb0bc3-042e-484b-af0b-2db5ea6f9ad6	C05R1	15	0	NULL	NULL	NULL	0	0	RUB	canonical_chunks/product_queries_details_BY_SEARCHES_ASC_C05R1.tsv
1720131759	1217117569	25	подвеска в машину на зеркало весы	BY_SEARCHES	ASCENDING	d6cb0bc3-042e-484b-af0b-2db5ea6f9ad6	C05R1	16	0	NULL	NULL	NULL	0	0	RUB	canonical_chunks/product_queries_details_BY_SEARCHES_ASC_C05R1.tsv
1720131759	1217117569	25	авто кресло для близнецов	BY_SEARCHES	ASCENDING	d6cb0bc3-042e-484b-af0b-2db5ea6f9ad6	C05R1	17	0	NULL	NULL	NULL	0	0	RUB	canonical_chunks/product_queries_details_BY_SEARCHES_ASC_C05R1.tsv
1720131759	1217117569	25	брелок в машину на зеркало пушистики	BY_SEARCHES	ASCENDING	d6cb0bc3-042e-484b-af0b-2db5ea6f9ad6	C05R1	18	0	NULL	NULL	NULL	0	0	RUB	canonical_chunks/product_queries_details_BY_SEARCHES_ASC_C05R1.tsv
1720131759	1217117569	25	подвеска в машину на зеркало оскал тигра	BY_SEARCHES	ASCENDING	d6cb0bc3-042e-484b-af0b-2db5ea6f9ad6	C05R1	19	0	NULL	NULL	NULL	0	0	RUB	canonical_chunks/product_queries_details_BY_SEARCHES_ASC_C05R1.tsv
1720131759	1217117569	25	подвеска на зеркало автомобиля акула	BY_SEARCHES	ASCENDING	d6cb0bc3-042e-484b-af0b-2db5ea6f9ad6	C05R1	20	0	NULL	NULL	NULL	0	0	RUB	canonical_chunks/product_queries_details_BY_SEARCHES_ASC_C05R1.tsv
1720131759	1217117569	25	амулет близнецы в машин	BY_SEARCHES	ASCENDING	d6cb0bc3-042e-484b-af0b-2db5ea6f9ad6	C05R1	21	0	NULL	NULL	NULL	0	0	RUB	canonical_chunks/product_queries_details_BY_SEARCHES_ASC_C05R1.tsv
1720131759	1217117569	25	кулон близнец	BY_SEARCHES	ASCENDING	d6cb0bc3-042e-484b-af0b-2db5ea6f9ad6	C05R1	22	0	NULL	NULL	NULL	0	0	RUB	canonical_chunks/product_queries_details_BY_SEARCHES_ASC_C05R1.tsv
1720131759	1217117569	25	талисман маска для знака зодиака близнецы	BY_SEARCHES	ASCENDING	d6cb0bc3-042e-484b-af0b-2db5ea6f9ad6	C05R1	23	0	NULL	NULL	NULL	0	0	RUB	canonical_chunks/product_queries_details_BY_SEARCHES_ASC_C05R1.tsv
1720131759	1217117569	25	подвеска в машину на зеркало знак зодиака	BY_SEARCHES	ASCENDING	d6cb0bc3-042e-484b-af0b-2db5ea6f9ad6	C05R1	24	0	NULL	NULL	NULL	0	0	RUB	canonical_chunks/product_queries_details_BY_SEARCHES_ASC_C05R1.tsv
1720131759	1217117569	25	близнецы подарок в машину	BY_SEARCHES	ASCENDING	d6cb0bc3-042e-484b-af0b-2db5ea6f9ad6	C05R1	25	0	NULL	NULL	NULL	0	0	RUB	canonical_chunks/product_queries_details_BY_SEARCHES_ASC_C05R1.tsv
1720131759	1217117569	25	#мужчине_на_день_рождения	BY_SEARCHES	ASCENDING	d6cb0bc3-042e-484b-af0b-2db5ea6f9ad6	C05R1	26	0	NULL	NULL	NULL	0	0	RUB	canonical_chunks/product_queries_details_BY_SEARCHES_ASC_C05R1.tsv
1720131759	1217117569	25	подвеска в ладу на зеркало	BY_SEARCHES	ASCENDING	d6cb0bc3-042e-484b-af0b-2db5ea6f9ad6	C05R1	27	0	NULL	NULL	NULL	0	0	RUB	canonical_chunks/product_queries_details_BY_SEARCHES_ASC_C05R1.tsv
1720131759	1217117569	25	подвеска в машину на зеркало ма ка крик	BY_SEARCHES	ASCENDING	d6cb0bc3-042e-484b-af0b-2db5ea6f9ad6	C05R1	28	0	NULL	NULL	NULL	0	0	RUB	canonical_chunks/product_queries_details_BY_SEARCHES_ASC_C05R1.tsv
1720131759	1217117569	25	брелок на зеркало в машину фемида	BY_SEARCHES	ASCENDING	d6cb0bc3-042e-484b-af0b-2db5ea6f9ad6	C05R1	29	0	NULL	NULL	NULL	0	0	RUB	canonical_chunks/product_queries_details_BY_SEARCHES_ASC_C05R1.tsv
1720131759	1217117569	25	знак близнецы м	BY_SEARCHES	ASCENDING	d6cb0bc3-042e-484b-af0b-2db5ea6f9ad6	C05R1	30	0	NULL	NULL	NULL	0	0	RUB	canonical_chunks/product_queries_details_BY_SEARCHES_ASC_C05R1.tsv
1720141903	1217129635	27	аксессуары в машину подвесаа зеркал барабан	BY_SEARCHES	ASCENDING	d6cb0bc3-042e-484b-af0b-2db5ea6f9ad6	C05R1	31	0	NULL	NULL	NULL	0	0	RUB	canonical_chunks/product_queries_details_BY_SEARCHES_ASC_C05R1.tsv
1720141903	1217129635	27	#обереготсглаза	BY_SEARCHES	ASCENDING	d6cb0bc3-042e-484b-af0b-2db5ea6f9ad6	C05R1	32	0	NULL	NULL	NULL	0	0	RUB	canonical_chunks/product_queries_details_BY_SEARCHES_ASC_C05R1.tsv
1720141903	1217129635	27	адамас золото знак зодиака	BY_SEARCHES	ASCENDING	d6cb0bc3-042e-484b-af0b-2db5ea6f9ad6	C05R1	33	0	NULL	NULL	NULL	0	0	RUB	canonical_chunks/product_queries_details_BY_SEARCHES_ASC_C05R1.tsv
1720141903	1217129635	27	дерево граб подвеска на зеркало в машину	BY_SEARCHES	ASCENDING	d6cb0bc3-042e-484b-af0b-2db5ea6f9ad6	C05R1	34	0	NULL	NULL	NULL	0	0	RUB	canonical_chunks/product_queries_details_BY_SEARCHES_ASC_C05R1.tsv
1720141903	1217129635	27	#подвеска_в_машину_на_зеркало	BY_SEARCHES	ASCENDING	d6cb0bc3-042e-484b-af0b-2db5ea6f9ad6	C05R1	35	0	NULL	NULL	NULL	0	0	RUB	canonical_chunks/product_queries_details_BY_SEARCHES_ASC_C05R1.tsv
1720141903	1217129635	27	четки в автомобиль водооей	BY_SEARCHES	ASCENDING	d6cb0bc3-042e-484b-af0b-2db5ea6f9ad6	C05R1	36	0	NULL	NULL	NULL	0	799	RUB	canonical_chunks/product_queries_details_BY_SEARCHES_ASC_C05R1.tsv
1720141903	1217129635	27	бусы в машину на зеркало лада спорт	BY_SEARCHES	ASCENDING	d6cb0bc3-042e-484b-af0b-2db5ea6f9ad6	C05R1	37	0	NULL	NULL	NULL	0	0	RUB	canonical_chunks/product_queries_details_BY_SEARCHES_ASC_C05R1.tsv
1720141903	1217129635	27	водолей на распрыскиватель заачасти	BY_SEARCHES	ASCENDING	d6cb0bc3-042e-484b-af0b-2db5ea6f9ad6	C05R1	38	0	NULL	NULL	NULL	0	0	RUB	canonical_chunks/product_queries_details_BY_SEARCHES_ASC_C05R1.tsv
1720141903	1217129635	27	амулет бусина	BY_SEARCHES	ASCENDING	d6cb0bc3-042e-484b-af0b-2db5ea6f9ad6	C05R1	39	0	NULL	NULL	NULL	0	0	RUB	canonical_chunks/product_queries_details_BY_SEARCHES_ASC_C05R1.tsv
1720141903	1217129635	27	брелок водолей телефон	BY_SEARCHES	ASCENDING	d6cb0bc3-042e-484b-af0b-2db5ea6f9ad6	C05R1	40	0	NULL	NULL	NULL	0	0	RUB	canonical_chunks/product_queries_details_BY_SEARCHES_ASC_C05R1.tsv
1720141903	1217129635	27	бусы оберег	BY_SEARCHES	ASCENDING	d6cb0bc3-042e-484b-af0b-2db5ea6f9ad6	C05R1	41	0	NULL	NULL	NULL	0	0	RUB	canonical_chunks/product_queries_details_BY_SEARCHES_ASC_C05R1.tsv
1720141903	1217129635	27	бусина знаки	BY_SEARCHES	ASCENDING	d6cb0bc3-042e-484b-af0b-2db5ea6f9ad6	C05R1	42	0	NULL	NULL	NULL	0	0	RUB	canonical_chunks/product_queries_details_BY_SEARCHES_ASC_C05R1.tsv
1720141903	1217129635	27	методическая подвеска рекстон на зеркало	BY_SEARCHES	ASCENDING	d6cb0bc3-042e-484b-af0b-2db5ea6f9ad6	C05R1	43	0	NULL	NULL	NULL	0	0	RUB	canonical_chunks/product_queries_details_BY_SEARCHES_ASC_C05R1.tsv
1720141903	1217129635	27	висюлька на зеркало в машину белая пушистая	BY_SEARCHES	ASCENDING	d6cb0bc3-042e-484b-af0b-2db5ea6f9ad6	C05R1	44	0	NULL	NULL	NULL	0	0	RUB	canonical_chunks/product_queries_details_BY_SEARCHES_ASC_C05R1.tsv
1720141903	1217129635	27	зеркальные знаки	BY_SEARCHES	ASCENDING	d6cb0bc3-042e-484b-af0b-2db5ea6f9ad6	C05R1	45	0	NULL	NULL	NULL	0	0	RUB	canonical_chunks/product_queries_details_BY_SEARCHES_ASC_C05R1.tsv
1720148880	1217137863	30	знак зодиака ов	BY_SEARCHES	ASCENDING	d6cb0bc3-042e-484b-af0b-2db5ea6f9ad6	C05R1	46	0	NULL	NULL	NULL	0	0	RUB	canonical_chunks/product_queries_details_BY_SEARCHES_ASC_C05R1.tsv
1720148880	1217137863	30	#оберег_в_машину	BY_SEARCHES	ASCENDING	d6cb0bc3-042e-484b-af0b-2db5ea6f9ad6	C05R1	47	0	NULL	NULL	NULL	0	0	RUB	canonical_chunks/product_queries_details_BY_SEARCHES_ASC_C05R1.tsv
1720148880	1217137863	30	домовенок в тележке оберег	BY_SEARCHES	ASCENDING	d6cb0bc3-042e-484b-af0b-2db5ea6f9ad6	C05R1	48	0	NULL	NULL	NULL	0	0	RUB	canonical_chunks/product_queries_details_BY_SEARCHES_ASC_C05R1.tsv
1720148880	1217137863	30	бусины для подвески на зеркало в машину	BY_SEARCHES	ASCENDING	d6cb0bc3-042e-484b-af0b-2db5ea6f9ad6	C05R1	49	0	NULL	NULL	NULL	0	0	RUB	canonical_chunks/product_queries_details_BY_SEARCHES_ASC_C05R1.tsv
1720148880	1217137863	30	аодвеска зеркало	BY_SEARCHES	ASCENDING	d6cb0bc3-042e-484b-af0b-2db5ea6f9ad6	C05R1	50	0	NULL	NULL	NULL	0	0	RUB	canonical_chunks/product_queries_details_BY_SEARCHES_ASC_C05R1.tsv
1720148880	1217137863	30	бусина от сглаза на зеркало машины	BY_SEARCHES	ASCENDING	d6cb0bc3-042e-484b-af0b-2db5ea6f9ad6	C05R1	51	0	NULL	NULL	NULL	0	0	RUB	canonical_chunks/product_queries_details_BY_SEARCHES_ASC_C05R1.tsv
1720148880	1217137863	30	в машину авулет	BY_SEARCHES	ASCENDING	d6cb0bc3-042e-484b-af0b-2db5ea6f9ad6	C05R1	52	0	NULL	NULL	NULL	0	0	RUB	canonical_chunks/product_queries_details_BY_SEARCHES_ASC_C05R1.tsv
1720148880	1217137863	30	в машину овен	BY_SEARCHES	ASCENDING	d6cb0bc3-042e-484b-af0b-2db5ea6f9ad6	C05R1	53	0	NULL	NULL	NULL	0	0	RUB	canonical_chunks/product_queries_details_BY_SEARCHES_ASC_C05R1.tsv
1720148880	1217137863	30	браслетик оберег для овна	BY_SEARCHES	ASCENDING	d6cb0bc3-042e-484b-af0b-2db5ea6f9ad6	C05R1	54	0	NULL	NULL	NULL	0	0	RUB	canonical_chunks/product_queries_details_BY_SEARCHES_ASC_C05R1.tsv
1720148880	1217137863	30	брелок в машину на зеркало пушистики	BY_SEARCHES	ASCENDING	d6cb0bc3-042e-484b-af0b-2db5ea6f9ad6	C05R1	55	0	NULL	NULL	NULL	0	0	RUB	canonical_chunks/product_queries_details_BY_SEARCHES_ASC_C05R1.tsv
1720148880	1217137863	30	висюлька в машину на зеркало мусульманская на грузовую	BY_SEARCHES	ASCENDING	d6cb0bc3-042e-484b-af0b-2db5ea6f9ad6	C05R1	56	0	NULL	NULL	NULL	0	0	RUB	canonical_chunks/product_queries_details_BY_SEARCHES_ASC_C05R1.tsv
1720148880	1217137863	30	#подвеска_в_машину_на_зеркало	BY_SEARCHES	ASCENDING	d6cb0bc3-042e-484b-af0b-2db5ea6f9ad6	C05R1	57	0	NULL	NULL	NULL	0	0	RUB	canonical_chunks/product_queries_details_BY_SEARCHES_ASC_C05R1.tsv
1720148880	1217137863	30	амулет для магии черной	BY_SEARCHES	ASCENDING	d6cb0bc3-042e-484b-af0b-2db5ea6f9ad6	C05R1	58	0	NULL	NULL	NULL	0	0	RUB	canonical_chunks/product_queries_details_BY_SEARCHES_ASC_C05R1.tsv
1720148880	1217137863	30	аксессуары в машину подвесаа зеркал барабан	BY_SEARCHES	ASCENDING	d6cb0bc3-042e-484b-af0b-2db5ea6f9ad6	C05R1	59	0	NULL	NULL	NULL	0	0	RUB	canonical_chunks/product_queries_details_BY_SEARCHES_ASC_C05R1.tsv
1720148880	1217137863	30	#обереготсглаза	BY_SEARCHES	ASCENDING	d6cb0bc3-042e-484b-af0b-2db5ea6f9ad6	C05R1	60	0	NULL	NULL	NULL	0	0	RUB	canonical_chunks/product_queries_details_BY_SEARCHES_ASC_C05R1.tsv
1720137256	1217124642	26	домовенок в тележке оберег	BY_SEARCHES	ASCENDING	d6cb0bc3-042e-484b-af0b-2db5ea6f9ad6	C05R1	61	0	NULL	NULL	NULL	0	0	RUB	canonical_chunks/product_queries_details_BY_SEARCHES_ASC_C05R1.tsv
1720137256	1217124642	26	автобильные весы	BY_SEARCHES	ASCENDING	d6cb0bc3-042e-484b-af0b-2db5ea6f9ad6	C05R1	62	0	NULL	NULL	NULL	0	0	RUB	canonical_chunks/product_queries_details_BY_SEARCHES_ASC_C05R1.tsv
1720137256	1217124642	26	аодвеска зеркало	BY_SEARCHES	ASCENDING	d6cb0bc3-042e-484b-af0b-2db5ea6f9ad6	C05R1	63	0	NULL	NULL	NULL	0	0	RUB	canonical_chunks/product_queries_details_BY_SEARCHES_ASC_C05R1.tsv
1720137256	1217124642	26	бусы оберег	BY_SEARCHES	ASCENDING	d6cb0bc3-042e-484b-af0b-2db5ea6f9ad6	C05R1	64	0	NULL	NULL	NULL	0	0	RUB	canonical_chunks/product_queries_details_BY_SEARCHES_ASC_C05R1.tsv
1720137256	1217124642	26	знак туфелька блестящая на машину	BY_SEARCHES	ASCENDING	d6cb0bc3-042e-484b-af0b-2db5ea6f9ad6	C05R1	65	0	NULL	NULL	NULL	0	0	RUB	canonical_chunks/product_queries_details_BY_SEARCHES_ASC_C05R1.tsv
1720137256	1217124642	26	камень талисман в машину	BY_SEARCHES	ASCENDING	d6cb0bc3-042e-484b-af0b-2db5ea6f9ad6	C05R1	66	0	NULL	NULL	NULL	0	0	RUB	canonical_chunks/product_queries_details_BY_SEARCHES_ASC_C05R1.tsv
1720137256	1217124642	26	балерина в машину подвеска коутящаяся	BY_SEARCHES	ASCENDING	d6cb0bc3-042e-484b-af0b-2db5ea6f9ad6	C05R1	67	0	NULL	NULL	NULL	0	0	RUB	canonical_chunks/product_queries_details_BY_SEARCHES_ASC_C05R1.tsv
1720137256	1217124642	26	в машину амулет	BY_SEARCHES	ASCENDING	d6cb0bc3-042e-484b-af0b-2db5ea6f9ad6	C05R1	68	0	NULL	NULL	NULL	0	0	RUB	canonical_chunks/product_queries_details_BY_SEARCHES_ASC_C05R1.tsv
1720137256	1217124642	26	#подвеска_в_машину_на_зеркало	BY_SEARCHES	ASCENDING	d6cb0bc3-042e-484b-af0b-2db5ea6f9ad6	C05R1	69	0	NULL	NULL	NULL	0	0	RUB	canonical_chunks/product_queries_details_BY_SEARCHES_ASC_C05R1.tsv
1720137256	1217124642	26	джон таварес в машину на зеркало	BY_SEARCHES	ASCENDING	d6cb0bc3-042e-484b-af0b-2db5ea6f9ad6	C05R1	70	0	NULL	NULL	NULL	0	0	RUB	canonical_chunks/product_queries_details_BY_SEARCHES_ASC_C05R1.tsv
1720137256	1217124642	26	бусы в машину на зеркало лада спорт	BY_SEARCHES	ASCENDING	d6cb0bc3-042e-484b-af0b-2db5ea6f9ad6	C05R1	71	0	NULL	NULL	NULL	0	0	RUB	canonical_chunks/product_queries_details_BY_SEARCHES_ASC_C05R1.tsv
1720137256	1217124642	26	амулеты обереги подвеска	BY_SEARCHES	ASCENDING	d6cb0bc3-042e-484b-af0b-2db5ea6f9ad6	C05R1	72	0	NULL	NULL	NULL	0	0	RUB	canonical_chunks/product_queries_details_BY_SEARCHES_ASC_C05R1.tsv
1720137256	1217124642	26	аксессуары в машину подвесаа зеркал барабан	BY_SEARCHES	ASCENDING	d6cb0bc3-042e-484b-af0b-2db5ea6f9ad6	C05R1	73	0	NULL	NULL	NULL	0	0	RUB	canonical_chunks/product_queries_details_BY_SEARCHES_ASC_C05R1.tsv
1720137256	1217124642	26	адамас золото знак зодиака	BY_SEARCHES	ASCENDING	d6cb0bc3-042e-484b-af0b-2db5ea6f9ad6	C05R1	74	0	NULL	NULL	NULL	0	0	RUB	canonical_chunks/product_queries_details_BY_SEARCHES_ASC_C05R1.tsv
1720137256	1217124642	26	дорожный знак в авто	BY_SEARCHES	ASCENDING	d6cb0bc3-042e-484b-af0b-2db5ea6f9ad6	C05R1	75	0	NULL	NULL	NULL	0	0	RUB	canonical_chunks/product_queries_details_BY_SEARCHES_ASC_C05R1.tsv
1720144370	1217132021	28	оберег в машину на зеркало женский	BY_SEARCHES	ASCENDING	d6cb0bc3-042e-484b-af0b-2db5ea6f9ad6	C05R1	76	0	NULL	NULL	NULL	0	0	RUB	canonical_chunks/product_queries_details_BY_SEARCHES_ASC_C05R1.tsv
1720144370	1217132021	28	необычный обвес в машину на зеркало	BY_SEARCHES	ASCENDING	d6cb0bc3-042e-484b-af0b-2db5ea6f9ad6	C05R1	77	0	NULL	NULL	NULL	0	0	RUB	canonical_chunks/product_queries_details_BY_SEARCHES_ASC_C05R1.tsv
1720144370	1217132021	28	висюлька на зеркало в машину белая пушистая	BY_SEARCHES	ASCENDING	d6cb0bc3-042e-484b-af0b-2db5ea6f9ad6	C05R1	78	0	NULL	NULL	NULL	0	0	RUB	canonical_chunks/product_queries_details_BY_SEARCHES_ASC_C05R1.tsv
1720144370	1217132021	28	что-то для девы	BY_SEARCHES	ASCENDING	d6cb0bc3-042e-484b-af0b-2db5ea6f9ad6	C05R1	79	0	NULL	NULL	NULL	0	0	RUB	canonical_chunks/product_queries_details_BY_SEARCHES_ASC_C05R1.tsv
1720144370	1217132021	28	#оберег_в_машину	BY_SEARCHES	ASCENDING	d6cb0bc3-042e-484b-af0b-2db5ea6f9ad6	C05R1	80	0	NULL	NULL	NULL	0	0	RUB	canonical_chunks/product_queries_details_BY_SEARCHES_ASC_C05R1.tsv
1720144370	1217132021	28	для знака зодиака дева	BY_SEARCHES	ASCENDING	d6cb0bc3-042e-484b-af0b-2db5ea6f9ad6	C05R1	81	0	NULL	NULL	NULL	0	0	RUB	canonical_chunks/product_queries_details_BY_SEARCHES_ASC_C05R1.tsv
1720144370	1217132021	28	дева зеркальце	BY_SEARCHES	ASCENDING	d6cb0bc3-042e-484b-af0b-2db5ea6f9ad6	C05R1	82	0	NULL	NULL	NULL	0	0	RUB	canonical_chunks/product_queries_details_BY_SEARCHES_ASC_C05R1.tsv
1720144370	1217132021	28	аодвеска зеркало	BY_SEARCHES	ASCENDING	d6cb0bc3-042e-484b-af0b-2db5ea6f9ad6	C05R1	83	0	NULL	NULL	NULL	0	0	RUB	canonical_chunks/product_queries_details_BY_SEARCHES_ASC_C05R1.tsv
1720144370	1217132021	28	джон таварес в машину на зеркало	BY_SEARCHES	ASCENDING	d6cb0bc3-042e-484b-af0b-2db5ea6f9ad6	C05R1	84	0	NULL	NULL	NULL	0	0	RUB	canonical_chunks/product_queries_details_BY_SEARCHES_ASC_C05R1.tsv
1720144370	1217132021	28	дева знак золиака свитшот	BY_SEARCHES	ASCENDING	d6cb0bc3-042e-484b-af0b-2db5ea6f9ad6	C05R1	85	0	NULL	NULL	NULL	0	0	RUB	canonical_chunks/product_queries_details_BY_SEARCHES_ASC_C05R1.tsv
1720144370	1217132021	28	зеркало для деву	BY_SEARCHES	ASCENDING	d6cb0bc3-042e-484b-af0b-2db5ea6f9ad6	C05R1	86	0	NULL	NULL	NULL	0	0	RUB	canonical_chunks/product_queries_details_BY_SEARCHES_ASC_C05R1.tsv
1720144370	1217132021	28	методическая подвеска рекстон на зеркало	BY_SEARCHES	ASCENDING	d6cb0bc3-042e-484b-af0b-2db5ea6f9ad6	C05R1	87	0	NULL	NULL	NULL	0	0	RUB	canonical_chunks/product_queries_details_BY_SEARCHES_ASC_C05R1.tsv
1720144370	1217132021	28	кулон дева в машину	BY_SEARCHES	ASCENDING	d6cb0bc3-042e-484b-af0b-2db5ea6f9ad6	C05R1	88	0	NULL	NULL	NULL	0	0	RUB	canonical_chunks/product_queries_details_BY_SEARCHES_ASC_C05R1.tsv
1720144370	1217132021	28	дорожный знак в авто	BY_SEARCHES	ASCENDING	d6cb0bc3-042e-484b-af0b-2db5ea6f9ad6	C05R1	89	0	NULL	NULL	NULL	0	0	RUB	canonical_chunks/product_queries_details_BY_SEARCHES_ASC_C05R1.tsv
1720144370	1217132021	28	аксессуары в машину подвесаа зеркал барабан	BY_SEARCHES	ASCENDING	d6cb0bc3-042e-484b-af0b-2db5ea6f9ad6	C05R1	90	0	NULL	NULL	NULL	0	0	RUB	canonical_chunks/product_queries_details_BY_SEARCHES_ASC_C05R1.tsv
1720155616	1217145315	33	подвеска на зеркало автомобиля акула	BY_SEARCHES	ASCENDING	5c7076da-11d4-409b-acb4-6d49abecb553	C06R1	1	0	NULL	NULL	NULL	0	0	RUB	canonical_chunks/product_queries_details_BY_SEARCHES_ASC_C06R1.tsv
1720155616	1217145315	33	от сглаза длямашины	BY_SEARCHES	ASCENDING	5c7076da-11d4-409b-acb4-6d49abecb553	C06R1	2	0	NULL	NULL	NULL	0	0	RUB	canonical_chunks/product_queries_details_BY_SEARCHES_ASC_C06R1.tsv
1720155616	1217145315	33	бусина от сглаза на зеркало машины	BY_SEARCHES	ASCENDING	5c7076da-11d4-409b-acb4-6d49abecb553	C06R1	3	0	NULL	NULL	NULL	0	0	RUB	canonical_chunks/product_queries_details_BY_SEARCHES_ASC_C06R1.tsv
1720155616	1217145315	33	четки в машину со знакам зодиака дева	BY_SEARCHES	ASCENDING	5c7076da-11d4-409b-acb4-6d49abecb553	C06R1	4	0	NULL	NULL	NULL	0	0	RUB	canonical_chunks/product_queries_details_BY_SEARCHES_ASC_C06R1.tsv
1720155616	1217145315	33	для салона машины подвеска	BY_SEARCHES	ASCENDING	5c7076da-11d4-409b-acb4-6d49abecb553	C06R1	5	0	NULL	NULL	NULL	0	0	RUB	canonical_chunks/product_queries_details_BY_SEARCHES_ASC_C06R1.tsv
1720155616	1217145315	33	подвеска в машину на зеркало инь янь	BY_SEARCHES	ASCENDING	5c7076da-11d4-409b-acb4-6d49abecb553	C06R1	6	0	NULL	NULL	NULL	0	0	RUB	canonical_chunks/product_queries_details_BY_SEARCHES_ASC_C06R1.tsv
1720155616	1217145315	33	четки в машину от сглаза	BY_SEARCHES	ASCENDING	5c7076da-11d4-409b-acb4-6d49abecb553	C06R1	7	0	NULL	NULL	NULL	0	0	RUB	canonical_chunks/product_queries_details_BY_SEARCHES_ASC_C06R1.tsv
1720155616	1217145315	33	брошь на машину рыбка самаклейная	BY_SEARCHES	ASCENDING	5c7076da-11d4-409b-acb4-6d49abecb553	C06R1	8	0	NULL	NULL	NULL	0	0	RUB	canonical_chunks/product_queries_details_BY_SEARCHES_ASC_C06R1.tsv
1720155616	1217145315	33	для машины в салон на зеркало подвескп	BY_SEARCHES	ASCENDING	5c7076da-11d4-409b-acb4-6d49abecb553	C06R1	9	0	NULL	NULL	NULL	0	0	RUB	canonical_chunks/product_queries_details_BY_SEARCHES_ASC_C06R1.tsv
1720155616	1217145315	33	бусы оберег	BY_SEARCHES	ASCENDING	5c7076da-11d4-409b-acb4-6d49abecb553	C06R1	10	0	NULL	NULL	NULL	0	0	RUB	canonical_chunks/product_queries_details_BY_SEARCHES_ASC_C06R1.tsv
1720155616	1217145315	33	четки на для знака зодиака рыбы	BY_SEARCHES	ASCENDING	5c7076da-11d4-409b-acb4-6d49abecb553	C06R1	11	0	NULL	NULL	NULL	0	0	RUB	canonical_chunks/product_queries_details_BY_SEARCHES_ASC_C06R1.tsv
1720155616	1217145315	33	#подвеска_в_машину	BY_SEARCHES	ASCENDING	5c7076da-11d4-409b-acb4-6d49abecb553	C06R1	12	0	NULL	NULL	NULL	0	0	RUB	canonical_chunks/product_queries_details_BY_SEARCHES_ASC_C06R1.tsv
1720155616	1217145315	33	#обереготсглаза	BY_SEARCHES	ASCENDING	5c7076da-11d4-409b-acb4-6d49abecb553	C06R1	13	0	NULL	NULL	NULL	0	0	RUB	canonical_chunks/product_queries_details_BY_SEARCHES_ASC_C06R1.tsv
1720155616	1217145315	33	подвеска в машину на зеркало мужская евгений	BY_SEARCHES	ASCENDING	5c7076da-11d4-409b-acb4-6d49abecb553	C06R1	14	0	NULL	NULL	NULL	0	0	RUB	canonical_chunks/product_queries_details_BY_SEARCHES_ASC_C06R1.tsv
1720155616	1217145315	33	пахучка в машину висюлька на зеркало бумажная	BY_SEARCHES	ASCENDING	5c7076da-11d4-409b-acb4-6d49abecb553	C06R1	15	0	NULL	NULL	NULL	0	0	RUB	canonical_chunks/product_queries_details_BY_SEARCHES_ASC_C06R1.tsv
1842444165	1366092977	36	на зеркало подвеска в машину с символом следственного	BY_SEARCHES	ASCENDING	5c7076da-11d4-409b-acb4-6d49abecb553	C06R1	16	0	NULL	NULL	NULL	0	0	RUB	canonical_chunks/product_queries_details_BY_SEARCHES_ASC_C06R1.tsv
1842444165	1366092977	36	на зеркало подвеска в машину с символом следственного ком	BY_SEARCHES	ASCENDING	5c7076da-11d4-409b-acb4-6d49abecb553	C06R1	17	0	NULL	NULL	NULL	0	0	RUB	canonical_chunks/product_queries_details_BY_SEARCHES_ASC_C06R1.tsv
1842444165	1366092977	36	оберег для дома чтобы были дети	BY_SEARCHES	ASCENDING	5c7076da-11d4-409b-acb4-6d49abecb553	C06R1	18	0	NULL	NULL	NULL	0	0	RUB	canonical_chunks/product_queries_details_BY_SEARCHES_ASC_C06R1.tsv
1842444165	1366092977	36	#подвеска_в_машину	BY_SEARCHES	ASCENDING	5c7076da-11d4-409b-acb4-6d49abecb553	C06R1	19	0	NULL	NULL	NULL	0	0	RUB	canonical_chunks/product_queries_details_BY_SEARCHES_ASC_C06R1.tsv
1842444165	1366092977	36	оберёг рода	BY_SEARCHES	ASCENDING	5c7076da-11d4-409b-acb4-6d49abecb553	C06R1	20	0	NULL	NULL	NULL	0	0	RUB	canonical_chunks/product_queries_details_BY_SEARCHES_ASC_C06R1.tsv
1842444165	1366092977	36	#славянские_обереги	BY_SEARCHES	ASCENDING	5c7076da-11d4-409b-acb4-6d49abecb553	C06R1	21	0	NULL	NULL	NULL	0	0	RUB	canonical_chunks/product_queries_details_BY_SEARCHES_ASC_C06R1.tsv
1842444165	1366092977	36	ищу хозяина подвеска	BY_SEARCHES	ASCENDING	5c7076da-11d4-409b-acb4-6d49abecb553	C06R1	22	0	NULL	NULL	NULL	0	0	RUB	canonical_chunks/product_queries_details_BY_SEARCHES_ASC_C06R1.tsv
1842444165	1366092977	36	еврейская заезда подвеска в машину	BY_SEARCHES	ASCENDING	5c7076da-11d4-409b-acb4-6d49abecb553	C06R1	23	0	NULL	NULL	NULL	0	0	RUB	canonical_chunks/product_queries_details_BY_SEARCHES_ASC_C06R1.tsv
1842444165	1366092977	36	четки в машину руч	BY_SEARCHES	ASCENDING	5c7076da-11d4-409b-acb4-6d49abecb553	C06R1	24	0	NULL	NULL	NULL	0	0	RUB	canonical_chunks/product_queries_details_BY_SEARCHES_ASC_C06R1.tsv
1842444165	1366092977	36	обереги коловрат	BY_SEARCHES	ASCENDING	5c7076da-11d4-409b-acb4-6d49abecb553	C06R1	25	0	NULL	NULL	NULL	0	0	RUB	canonical_chunks/product_queries_details_BY_SEARCHES_ASC_C06R1.tsv
1842444165	1366092977	36	бусины славянский	BY_SEARCHES	ASCENDING	5c7076da-11d4-409b-acb4-6d49abecb553	C06R1	26	0	NULL	NULL	NULL	0	0	RUB	canonical_chunks/product_queries_details_BY_SEARCHES_ASC_C06R1.tsv
1842444165	1366092977	36	в машину амулет	BY_SEARCHES	ASCENDING	5c7076da-11d4-409b-acb4-6d49abecb553	C06R1	27	0	NULL	NULL	NULL	0	0	RUB	canonical_chunks/product_queries_details_BY_SEARCHES_ASC_C06R1.tsv
1842444165	1366092977	36	коловрат оберег славянские мужские	BY_SEARCHES	ASCENDING	5c7076da-11d4-409b-acb4-6d49abecb553	C06R1	28	0	NULL	NULL	NULL	0	0	RUB	canonical_chunks/product_queries_details_BY_SEARCHES_ASC_C06R1.tsv
1842444165	1366092977	36	#обереготсглаза	BY_SEARCHES	ASCENDING	5c7076da-11d4-409b-acb4-6d49abecb553	C06R1	29	0	NULL	NULL	NULL	0	0	RUB	canonical_chunks/product_queries_details_BY_SEARCHES_ASC_C06R1.tsv
1842444165	1366092977	36	подвеска в машину мир	BY_SEARCHES	ASCENDING	5c7076da-11d4-409b-acb4-6d49abecb553	C06R1	30	0	NULL	NULL	NULL	0	0	RUB	canonical_chunks/product_queries_details_BY_SEARCHES_ASC_C06R1.tsv
1720153914	1217143121	32	подвеска в машину водителю илье	BY_SEARCHES	ASCENDING	5c7076da-11d4-409b-acb4-6d49abecb553	C06R1	31	0	NULL	NULL	NULL	0	0	RUB	canonical_chunks/product_queries_details_BY_SEARCHES_ASC_C06R1.tsv
1720153914	1217143121	32	талисман в машину красивый на зеркало	BY_SEARCHES	ASCENDING	5c7076da-11d4-409b-acb4-6d49abecb553	C06R1	32	0	NULL	NULL	NULL	0	0	RUB	canonical_chunks/product_queries_details_BY_SEARCHES_ASC_C06R1.tsv
1720153914	1217143121	32	подвеска в машину вдв 76	BY_SEARCHES	ASCENDING	5c7076da-11d4-409b-acb4-6d49abecb553	C06R1	33	0	NULL	NULL	NULL	0	0	RUB	canonical_chunks/product_queries_details_BY_SEARCHES_ASC_C06R1.tsv
1720153914	1217143121	32	подвеска в машину на зеркало знак зодиака	BY_SEARCHES	ASCENDING	5c7076da-11d4-409b-acb4-6d49abecb553	C06R1	34	0	NULL	NULL	NULL	0	0	RUB	canonical_chunks/product_queries_details_BY_SEARCHES_ASC_C06R1.tsv
1720153914	1217143121	32	#обереготсглаза	BY_SEARCHES	ASCENDING	5c7076da-11d4-409b-acb4-6d49abecb553	C06R1	35	0	NULL	NULL	NULL	0	0	RUB	canonical_chunks/product_queries_details_BY_SEARCHES_ASC_C06R1.tsv
1720153914	1217143121	32	на зеркало знак зодиака рак в машину	BY_SEARCHES	ASCENDING	5c7076da-11d4-409b-acb4-6d49abecb553	C06R1	36	0	NULL	NULL	NULL	0	0	RUB	canonical_chunks/product_queries_details_BY_SEARCHES_ASC_C06R1.tsv
1720153914	1217143121	32	брелок на зеркало в машину фемида	BY_SEARCHES	ASCENDING	5c7076da-11d4-409b-acb4-6d49abecb553	C06R1	37	0	NULL	NULL	NULL	0	0	RUB	canonical_chunks/product_queries_details_BY_SEARCHES_ASC_C06R1.tsv
1720153914	1217143121	32	брелок в машину на зеркало пушистики	BY_SEARCHES	ASCENDING	5c7076da-11d4-409b-acb4-6d49abecb553	C06R1	38	0	NULL	NULL	NULL	0	0	RUB	canonical_chunks/product_queries_details_BY_SEARCHES_ASC_C06R1.tsv
1720153914	1217143121	32	подвеска на зеркало деревянная	BY_SEARCHES	ASCENDING	5c7076da-11d4-409b-acb4-6d49abecb553	C06R1	39	0	NULL	NULL	NULL	0	0	RUB	canonical_chunks/product_queries_details_BY_SEARCHES_ASC_C06R1.tsv
1720153914	1217143121	32	бусы в машину с	BY_SEARCHES	ASCENDING	5c7076da-11d4-409b-acb4-6d49abecb553	C06R1	40	0	NULL	NULL	NULL	0	0	RUB	canonical_chunks/product_queries_details_BY_SEARCHES_ASC_C06R1.tsv
1720153914	1217143121	32	бусы для знака зодиака	BY_SEARCHES	ASCENDING	5c7076da-11d4-409b-acb4-6d49abecb553	C06R1	41	0	NULL	NULL	NULL	0	0	RUB	canonical_chunks/product_queries_details_BY_SEARCHES_ASC_C06R1.tsv
1720153914	1217143121	32	подвеска знак зодиака рак в машину	BY_SEARCHES	ASCENDING	5c7076da-11d4-409b-acb4-6d49abecb553	C06R1	42	0	NULL	NULL	NULL	0	0	RUB	canonical_chunks/product_queries_details_BY_SEARCHES_ASC_C06R1.tsv
1720153914	1217143121	32	мешочек со смехом подвеска в машину	BY_SEARCHES	ASCENDING	5c7076da-11d4-409b-acb4-6d49abecb553	C06R1	43	0	NULL	NULL	NULL	0	0	RUB	canonical_chunks/product_queries_details_BY_SEARCHES_ASC_C06R1.tsv
1720153914	1217143121	32	бусы знак	BY_SEARCHES	ASCENDING	5c7076da-11d4-409b-acb4-6d49abecb553	C06R1	44	0	NULL	NULL	NULL	0	0	RUB	canonical_chunks/product_queries_details_BY_SEARCHES_ASC_C06R1.tsv
1720153914	1217143121	32	амулет бусина	BY_SEARCHES	ASCENDING	5c7076da-11d4-409b-acb4-6d49abecb553	C06R1	45	0	NULL	NULL	NULL	0	0	RUB	canonical_chunks/product_queries_details_BY_SEARCHES_ASC_C06R1.tsv
1720161841	1217152166	35	брелок в машину на зеркало пушистики	BY_SEARCHES	ASCENDING	5c7076da-11d4-409b-acb4-6d49abecb553	C06R1	46	0	NULL	NULL	NULL	0	0	RUB	canonical_chunks/product_queries_details_BY_SEARCHES_ASC_C06R1.tsv
1720161841	1217152166	35	#мужчине_на_день_рождения	BY_SEARCHES	ASCENDING	5c7076da-11d4-409b-acb4-6d49abecb553	C06R1	47	0	NULL	NULL	NULL	0	0	RUB	canonical_chunks/product_queries_details_BY_SEARCHES_ASC_C06R1.tsv
1720161841	1217152166	35	методическая подвеска рекстон на зеркало	BY_SEARCHES	ASCENDING	5c7076da-11d4-409b-acb4-6d49abecb553	C06R1	48	0	NULL	NULL	NULL	0	0	RUB	canonical_chunks/product_queries_details_BY_SEARCHES_ASC_C06R1.tsv
1720161841	1217152166	35	демон на машину подвеска на стекло маленькие	BY_SEARCHES	ASCENDING	5c7076da-11d4-409b-acb4-6d49abecb553	C06R1	49	0	NULL	NULL	NULL	0	0	RUB	canonical_chunks/product_queries_details_BY_SEARCHES_ASC_C06R1.tsv
1720161841	1217152166	35	знаки зодиака телец	BY_SEARCHES	ASCENDING	5c7076da-11d4-409b-acb4-6d49abecb553	C06R1	50	0	NULL	NULL	NULL	0	0	RUB	canonical_chunks/product_queries_details_BY_SEARCHES_ASC_C06R1.tsv
1720161841	1217152166	35	брелок в машину подц	BY_SEARCHES	ASCENDING	5c7076da-11d4-409b-acb4-6d49abecb553	C06R1	51	0	NULL	NULL	NULL	0	0	RUB	canonical_chunks/product_queries_details_BY_SEARCHES_ASC_C06R1.tsv
1720161841	1217152166	35	телец подвеска в маш	BY_SEARCHES	ASCENDING	5c7076da-11d4-409b-acb4-6d49abecb553	C06R1	52	0	NULL	NULL	NULL	0	608	RUB	canonical_chunks/product_queries_details_BY_SEARCHES_ASC_C06R1.tsv
1720161841	1217152166	35	деревянные качественные четки эзотерика	BY_SEARCHES	ASCENDING	5c7076da-11d4-409b-acb4-6d49abecb553	C06R1	53	0	NULL	NULL	NULL	0	0	RUB	canonical_chunks/product_queries_details_BY_SEARCHES_ASC_C06R1.tsv
1720161841	1217152166	35	оберег в виде тельца	BY_SEARCHES	ASCENDING	5c7076da-11d4-409b-acb4-6d49abecb553	C06R1	54	0	NULL	NULL	NULL	0	0	RUB	canonical_chunks/product_queries_details_BY_SEARCHES_ASC_C06R1.tsv
1720161841	1217152166	35	крестик в машину на зеркало освешеный	BY_SEARCHES	ASCENDING	5c7076da-11d4-409b-acb4-6d49abecb553	C06R1	55	0	NULL	NULL	NULL	0	0	RUB	canonical_chunks/product_queries_details_BY_SEARCHES_ASC_C06R1.tsv
1720161841	1217152166	35	полвеска телец	BY_SEARCHES	ASCENDING	5c7076da-11d4-409b-acb4-6d49abecb553	C06R1	56	0	NULL	NULL	NULL	0	0	RUB	canonical_chunks/product_queries_details_BY_SEARCHES_ASC_C06R1.tsv
1720161841	1217152166	35	подвеска в машин	BY_SEARCHES	ASCENDING	5c7076da-11d4-409b-acb4-6d49abecb553	C06R1	57	0	NULL	NULL	NULL	0	0	RUB	canonical_chunks/product_queries_details_BY_SEARCHES_ASC_C06R1.tsv
1720161841	1217152166	35	подвеска на зеркало хоккейная краги в машину	BY_SEARCHES	ASCENDING	5c7076da-11d4-409b-acb4-6d49abecb553	C06R1	58	0	NULL	NULL	NULL	0	0	RUB	canonical_chunks/product_queries_details_BY_SEARCHES_ASC_C06R1.tsv
1720161841	1217152166	35	оберег мусульманский в машину в форме звезды	BY_SEARCHES	ASCENDING	5c7076da-11d4-409b-acb4-6d49abecb553	C06R1	59	0	NULL	NULL	NULL	0	0	RUB	canonical_chunks/product_queries_details_BY_SEARCHES_ASC_C06R1.tsv
1720161841	1217152166	35	нашивкатна рюкзак телец	BY_SEARCHES	ASCENDING	5c7076da-11d4-409b-acb4-6d49abecb553	C06R1	60	0	NULL	NULL	NULL	0	0	RUB	canonical_chunks/product_queries_details_BY_SEARCHES_ASC_C06R1.tsv
1720160556	1217150153	34	подвеска в машину на зеркало майки	BY_SEARCHES	ASCENDING	5c7076da-11d4-409b-acb4-6d49abecb553	C06R1	61	0	NULL	NULL	NULL	0	0	RUB	canonical_chunks/product_queries_details_BY_SEARCHES_ASC_C06R1.tsv
1720160556	1217150153	34	#мужчине_на_день_рождения	BY_SEARCHES	ASCENDING	5c7076da-11d4-409b-acb4-6d49abecb553	C06R1	62	0	NULL	NULL	NULL	0	0	RUB	canonical_chunks/product_queries_details_BY_SEARCHES_ASC_C06R1.tsv
1720160556	1217150153	34	бусина знак скорпион	BY_SEARCHES	ASCENDING	5c7076da-11d4-409b-acb4-6d49abecb553	C06R1	63	0	NULL	NULL	NULL	0	0	RUB	canonical_chunks/product_queries_details_BY_SEARCHES_ASC_C06R1.tsv
1720160556	1217150153	34	аксессуары в машину подвесаа зеркал барабан	BY_SEARCHES	ASCENDING	5c7076da-11d4-409b-acb4-6d49abecb553	C06R1	64	0	NULL	NULL	NULL	0	0	RUB	canonical_chunks/product_queries_details_BY_SEARCHES_ASC_C06R1.tsv
1720160556	1217150153	34	амулет для магии черной	BY_SEARCHES	ASCENDING	5c7076da-11d4-409b-acb4-6d49abecb553	C06R1	65	0	NULL	NULL	NULL	0	0	RUB	canonical_chunks/product_queries_details_BY_SEARCHES_ASC_C06R1.tsv
1720160556	1217150153	34	методическая подвеска рекстон на зеркало	BY_SEARCHES	ASCENDING	5c7076da-11d4-409b-acb4-6d49abecb553	C06R1	66	0	NULL	NULL	NULL	0	0	RUB	canonical_chunks/product_queries_details_BY_SEARCHES_ASC_C06R1.tsv
1720160556	1217150153	34	висюлька на зеркало в машину белая пушистая	BY_SEARCHES	ASCENDING	5c7076da-11d4-409b-acb4-6d49abecb553	C06R1	67	0	NULL	NULL	NULL	0	0	RUB	canonical_chunks/product_queries_details_BY_SEARCHES_ASC_C06R1.tsv
1720160556	1217150153	34	оберег в машину на зеркало женский	BY_SEARCHES	ASCENDING	5c7076da-11d4-409b-acb4-6d49abecb553	C06R1	68	0	NULL	NULL	NULL	0	0	RUB	canonical_chunks/product_queries_details_BY_SEARCHES_ASC_C06R1.tsv
1720160556	1217150153	34	брелок в машину на зеркало пушистики	BY_SEARCHES	ASCENDING	5c7076da-11d4-409b-acb4-6d49abecb553	C06R1	69	0	NULL	NULL	NULL	0	0	RUB	canonical_chunks/product_queries_details_BY_SEARCHES_ASC_C06R1.tsv
1720160556	1217150153	34	висючка в машину на зеркало люстра	BY_SEARCHES	ASCENDING	5c7076da-11d4-409b-acb4-6d49abecb553	C06R1	70	0	NULL	NULL	NULL	0	0	RUB	canonical_chunks/product_queries_details_BY_SEARCHES_ASC_C06R1.tsv
1720160556	1217150153	34	весеька в машину на зеркало пахочка	BY_SEARCHES	ASCENDING	5c7076da-11d4-409b-acb4-6d49abecb553	C06R1	71	0	NULL	NULL	NULL	0	0	RUB	canonical_chunks/product_queries_details_BY_SEARCHES_ASC_C06R1.tsv
1720160556	1217150153	34	зеркало на праворукую машину на встречку	BY_SEARCHES	ASCENDING	5c7076da-11d4-409b-acb4-6d49abecb553	C06R1	72	0	NULL	NULL	NULL	0	0	RUB	canonical_chunks/product_queries_details_BY_SEARCHES_ASC_C06R1.tsv
1720160556	1217150153	34	зодиак серум	BY_SEARCHES	ASCENDING	5c7076da-11d4-409b-acb4-6d49abecb553	C06R1	73	0	NULL	NULL	NULL	0	0	RUB	canonical_chunks/product_queries_details_BY_SEARCHES_ASC_C06R1.tsv
1720160556	1217150153	34	для любителя энергетикво	BY_SEARCHES	ASCENDING	5c7076da-11d4-409b-acb4-6d49abecb553	C06R1	74	0	NULL	NULL	NULL	0	0	RUB	canonical_chunks/product_queries_details_BY_SEARCHES_ASC_C06R1.tsv
1720160556	1217150153	34	знак туфелька блестящая на машину	BY_SEARCHES	ASCENDING	5c7076da-11d4-409b-acb4-6d49abecb553	C06R1	75	0	NULL	NULL	NULL	0	0	RUB	canonical_chunks/product_queries_details_BY_SEARCHES_ASC_C06R1.tsv
1720151850	1217141020	31	дорожный знак в авто	BY_SEARCHES	ASCENDING	5c7076da-11d4-409b-acb4-6d49abecb553	C06R1	76	0	NULL	NULL	NULL	0	0	RUB	canonical_chunks/product_queries_details_BY_SEARCHES_ASC_C06R1.tsv
1720151850	1217141020	31	оберег на сво лев	BY_SEARCHES	ASCENDING	5c7076da-11d4-409b-acb4-6d49abecb553	C06R1	77	0	NULL	NULL	NULL	0	0	RUB	canonical_chunks/product_queries_details_BY_SEARCHES_ASC_C06R1.tsv
1720151850	1217141020	31	золотой лев в машину	BY_SEARCHES	ASCENDING	5c7076da-11d4-409b-acb4-6d49abecb553	C06R1	78	0	NULL	NULL	NULL	0	0	RUB	canonical_chunks/product_queries_details_BY_SEARCHES_ASC_C06R1.tsv
1720151850	1217141020	31	знак туфелька блестящая на машину	BY_SEARCHES	ASCENDING	5c7076da-11d4-409b-acb4-6d49abecb553	C06R1	79	0	NULL	NULL	NULL	0	0	RUB	canonical_chunks/product_queries_details_BY_SEARCHES_ASC_C06R1.tsv
1720151850	1217141020	31	в машину амулет	BY_SEARCHES	ASCENDING	5c7076da-11d4-409b-acb4-6d49abecb553	C06R1	80	0	NULL	NULL	NULL	0	0	RUB	canonical_chunks/product_queries_details_BY_SEARCHES_ASC_C06R1.tsv
1720151850	1217141020	31	качественные чётки	BY_SEARCHES	ASCENDING	5c7076da-11d4-409b-acb4-6d49abecb553	C06R1	81	0	NULL	NULL	NULL	0	0	RUB	canonical_chunks/product_queries_details_BY_SEARCHES_ASC_C06R1.tsv
1720151850	1217141020	31	лев в машину с креплением	BY_SEARCHES	ASCENDING	5c7076da-11d4-409b-acb4-6d49abecb553	C06R1	82	0	NULL	NULL	NULL	0	0	RUB	canonical_chunks/product_queries_details_BY_SEARCHES_ASC_C06R1.tsv
1720151850	1217141020	31	брелок в машину на зеркало пушистики	BY_SEARCHES	ASCENDING	5c7076da-11d4-409b-acb4-6d49abecb553	C06R1	83	0	NULL	NULL	NULL	0	0	RUB	canonical_chunks/product_queries_details_BY_SEARCHES_ASC_C06R1.tsv
1720151850	1217141020	31	амулет для магии черной	BY_SEARCHES	ASCENDING	5c7076da-11d4-409b-acb4-6d49abecb553	C06R1	84	0	NULL	NULL	NULL	0	0	RUB	canonical_chunks/product_queries_details_BY_SEARCHES_ASC_C06R1.tsv
1720151850	1217141020	31	подвеска левна телефон	BY_SEARCHES	ASCENDING	5c7076da-11d4-409b-acb4-6d49abecb553	C06R1	85	0	NULL	NULL	NULL	0	0	RUB	canonical_chunks/product_queries_details_BY_SEARCHES_ASC_C06R1.tsv
1720151850	1217141020	31	подвеска в машину на зеркало китай	BY_SEARCHES	ASCENDING	5c7076da-11d4-409b-acb4-6d49abecb553	C06R1	86	0	NULL	NULL	NULL	0	0	RUB	canonical_chunks/product_queries_details_BY_SEARCHES_ASC_C06R1.tsv
1720151850	1217141020	31	для машины лев	BY_SEARCHES	ASCENDING	5c7076da-11d4-409b-acb4-6d49abecb553	C06R1	87	0	NULL	NULL	NULL	0	0	RUB	canonical_chunks/product_queries_details_BY_SEARCHES_ASC_C06R1.tsv
1720151850	1217141020	31	мешочек со смехом подвеска в машину	BY_SEARCHES	ASCENDING	5c7076da-11d4-409b-acb4-6d49abecb553	C06R1	88	0	NULL	NULL	NULL	0	0	RUB	canonical_chunks/product_queries_details_BY_SEARCHES_ASC_C06R1.tsv
1720151850	1217141020	31	знак задиак лев	BY_SEARCHES	ASCENDING	5c7076da-11d4-409b-acb4-6d49abecb553	C06R1	89	0	NULL	NULL	NULL	0	0	RUB	canonical_chunks/product_queries_details_BY_SEARCHES_ASC_C06R1.tsv
1720151850	1217141020	31	демон на машину подвеска на стекло маленькие	BY_SEARCHES	ASCENDING	5c7076da-11d4-409b-acb4-6d49abecb553	C06R1	90	0	NULL	NULL	NULL	0	0	RUB	canonical_chunks/product_queries_details_BY_SEARCHES_ASC_C06R1.tsv
2184153852	1831403746	43	семургл	BY_SEARCHES	ASCENDING	0d2b3881-cfe5-48d8-a177-e2e48a95ba58	C08R1	1	0	NULL	NULL	NULL	0	0	RUB	canonical_chunks/product_queries_details_BY_SEARCHES_ASC_C08R1.tsv
2184153852	1831403746	43	амулеты обереги и талисманы зеркалр	BY_SEARCHES	ASCENDING	0d2b3881-cfe5-48d8-a177-e2e48a95ba58	C08R1	2	0	NULL	NULL	NULL	0	0	RUB	canonical_chunks/product_queries_details_BY_SEARCHES_ASC_C08R1.tsv
2184153852	1831403746	43	русские обереги	BY_SEARCHES	ASCENDING	0d2b3881-cfe5-48d8-a177-e2e48a95ba58	C08R1	3	0	NULL	NULL	NULL	0	0	RUB	canonical_chunks/product_queries_details_BY_SEARCHES_ASC_C08R1.tsv
2184153852	1831403746	43	#обереготсглаза	BY_SEARCHES	ASCENDING	0d2b3881-cfe5-48d8-a177-e2e48a95ba58	C08R1	4	0	NULL	NULL	NULL	0	0	RUB	canonical_chunks/product_queries_details_BY_SEARCHES_ASC_C08R1.tsv
2184153852	1831403746	43	брелок в машине машин на зеркало аромат запох	BY_SEARCHES	ASCENDING	0d2b3881-cfe5-48d8-a177-e2e48a95ba58	C08R1	5	0	NULL	NULL	NULL	0	0	RUB	canonical_chunks/product_queries_details_BY_SEARCHES_ASC_C08R1.tsv
2184153852	1831403746	43	брелок в машину на зеркало пушистики	BY_SEARCHES	ASCENDING	0d2b3881-cfe5-48d8-a177-e2e48a95ba58	C08R1	6	0	NULL	NULL	NULL	0	0	RUB	canonical_chunks/product_queries_details_BY_SEARCHES_ASC_C08R1.tsv
2184153852	1831403746	43	подвеска в машину на зеркало юрта	BY_SEARCHES	ASCENDING	0d2b3881-cfe5-48d8-a177-e2e48a95ba58	C08R1	7	0	NULL	NULL	NULL	0	0	RUB	canonical_chunks/product_queries_details_BY_SEARCHES_ASC_C08R1.tsv
2184153852	1831403746	43	подвеска в машину на зеркало ма ка крик	BY_SEARCHES	ASCENDING	0d2b3881-cfe5-48d8-a177-e2e48a95ba58	C08R1	8	0	NULL	NULL	NULL	0	0	RUB	canonical_chunks/product_queries_details_BY_SEARCHES_ASC_C08R1.tsv
2184153852	1831403746	43	мешочек со смехом подвеска в машину	BY_SEARCHES	ASCENDING	0d2b3881-cfe5-48d8-a177-e2e48a95ba58	C08R1	9	0	NULL	NULL	NULL	0	0	RUB	canonical_chunks/product_queries_details_BY_SEARCHES_ASC_C08R1.tsv
2184153852	1831403746	43	семагл	BY_SEARCHES	ASCENDING	0d2b3881-cfe5-48d8-a177-e2e48a95ba58	C08R1	10	0	NULL	NULL	NULL	0	0	RUB	canonical_chunks/product_queries_details_BY_SEARCHES_ASC_C08R1.tsv
2184153852	1831403746	43	кулон семергал	BY_SEARCHES	ASCENDING	0d2b3881-cfe5-48d8-a177-e2e48a95ba58	C08R1	11	0	NULL	NULL	NULL	0	0	RUB	canonical_chunks/product_queries_details_BY_SEARCHES_ASC_C08R1.tsv
2184153852	1831403746	43	#славянскиеобереги	BY_SEARCHES	ASCENDING	0d2b3881-cfe5-48d8-a177-e2e48a95ba58	C08R1	12	0	NULL	NULL	NULL	0	0	RUB	canonical_chunks/product_queries_details_BY_SEARCHES_ASC_C08R1.tsv
2184153852	1831403746	43	зеркало обгона праворукая машина	BY_SEARCHES	ASCENDING	0d2b3881-cfe5-48d8-a177-e2e48a95ba58	C08R1	13	0	NULL	NULL	NULL	0	0	RUB	canonical_chunks/product_queries_details_BY_SEARCHES_ASC_C08R1.tsv
2184153852	1831403746	43	крестик в машину на зеркало освешеный	BY_SEARCHES	ASCENDING	0d2b3881-cfe5-48d8-a177-e2e48a95ba58	C08R1	14	0	NULL	NULL	NULL	0	0	RUB	canonical_chunks/product_queries_details_BY_SEARCHES_ASC_C08R1.tsv
2184153852	1831403746	43	от сглаза и порчи подвеска	BY_SEARCHES	ASCENDING	0d2b3881-cfe5-48d8-a177-e2e48a95ba58	C08R1	15	0	NULL	NULL	NULL	0	0	RUB	canonical_chunks/product_queries_details_BY_SEARCHES_ASC_C08R1.tsv
2184234912	1831506538	46	амулеты обереги и талисманы зеркалр	BY_SEARCHES	ASCENDING	0d2b3881-cfe5-48d8-a177-e2e48a95ba58	C08R1	16	0	NULL	NULL	NULL	0	0	RUB	canonical_chunks/product_queries_details_BY_SEARCHES_ASC_C08R1.tsv
2184234912	1831506538	46	бусы славянские обереги	BY_SEARCHES	ASCENDING	0d2b3881-cfe5-48d8-a177-e2e48a95ba58	C08R1	17	0	NULL	NULL	NULL	0	811	RUB	canonical_chunks/product_queries_details_BY_SEARCHES_ASC_C08R1.tsv
2184234912	1831506538	46	#славянскиеобереги	BY_SEARCHES	ASCENDING	0d2b3881-cfe5-48d8-a177-e2e48a95ba58	C08R1	18	0	NULL	NULL	NULL	0	0	RUB	canonical_chunks/product_queries_details_BY_SEARCHES_ASC_C08R1.tsv
2184234912	1831506538	46	#обереготсглаза	BY_SEARCHES	ASCENDING	0d2b3881-cfe5-48d8-a177-e2e48a95ba58	C08R1	19	0	NULL	NULL	NULL	0	0	RUB	canonical_chunks/product_queries_details_BY_SEARCHES_ASC_C08R1.tsv
2184234912	1831506538	46	#амулеты_обереги_и_талисманы	BY_SEARCHES	ASCENDING	0d2b3881-cfe5-48d8-a177-e2e48a95ba58	C08R1	20	0	NULL	NULL	NULL	0	0	RUB	canonical_chunks/product_queries_details_BY_SEARCHES_ASC_C08R1.tsv
2184234912	1831506538	46	девушкам в машину	BY_SEARCHES	ASCENDING	0d2b3881-cfe5-48d8-a177-e2e48a95ba58	C08R1	21	0	NULL	NULL	NULL	0	0	RUB	canonical_chunks/product_queries_details_BY_SEARCHES_ASC_C08R1.tsv
2184234912	1831506538	46	бижутерия славянские обереги	BY_SEARCHES	ASCENDING	0d2b3881-cfe5-48d8-a177-e2e48a95ba58	C08R1	22	0	NULL	NULL	NULL	0	0	RUB	canonical_chunks/product_queries_details_BY_SEARCHES_ASC_C08R1.tsv
2184234912	1831506538	46	#подвеска_в_машину_на_зеркало	BY_SEARCHES	ASCENDING	0d2b3881-cfe5-48d8-a177-e2e48a95ba58	C08R1	23	0	NULL	NULL	NULL	0	0	RUB	canonical_chunks/product_queries_details_BY_SEARCHES_ASC_C08R1.tsv
2184234912	1831506538	46	амулет зведа	BY_SEARCHES	ASCENDING	0d2b3881-cfe5-48d8-a177-e2e48a95ba58	C08R1	24	0	NULL	NULL	NULL	0	0	RUB	canonical_chunks/product_queries_details_BY_SEARCHES_ASC_C08R1.tsv
2184234912	1831506538	46	богиня лада из дерева	BY_SEARCHES	ASCENDING	0d2b3881-cfe5-48d8-a177-e2e48a95ba58	C08R1	25	0	NULL	NULL	NULL	0	0	RUB	canonical_chunks/product_queries_details_BY_SEARCHES_ASC_C08R1.tsv
2184234912	1831506538	46	#славянские_обереги	BY_SEARCHES	ASCENDING	0d2b3881-cfe5-48d8-a177-e2e48a95ba58	C08R1	26	0	NULL	NULL	NULL	0	0	RUB	canonical_chunks/product_queries_details_BY_SEARCHES_ASC_C08R1.tsv
2184234912	1831506538	46	аксессуары в машину подвесаа зеркал барабан	BY_SEARCHES	ASCENDING	0d2b3881-cfe5-48d8-a177-e2e48a95ba58	C08R1	27	0	NULL	NULL	NULL	0	0	RUB	canonical_chunks/product_queries_details_BY_SEARCHES_ASC_C08R1.tsv
2184234912	1831506538	46	амулет тзвезда	BY_SEARCHES	ASCENDING	0d2b3881-cfe5-48d8-a177-e2e48a95ba58	C08R1	28	0	NULL	NULL	NULL	0	0	RUB	canonical_chunks/product_queries_details_BY_SEARCHES_ASC_C08R1.tsv
2184234912	1831506538	46	берет вв мвд на зеркало в машину	BY_SEARCHES	ASCENDING	0d2b3881-cfe5-48d8-a177-e2e48a95ba58	C08R1	29	1	NULL	NULL	NULL	0	0	RUB	canonical_chunks/product_queries_details_BY_SEARCHES_ASC_C08R1.tsv
2184234912	1831506538	46	амулет славянский из дерева для творчества	BY_SEARCHES	ASCENDING	0d2b3881-cfe5-48d8-a177-e2e48a95ba58	C08R1	30	1	NULL	NULL	NULL	0	0	RUB	canonical_chunks/product_queries_details_BY_SEARCHES_ASC_C08R1.tsv
2184932293	1832435919	47	висючка в машину на зеркало люстра	BY_SEARCHES	ASCENDING	0d2b3881-cfe5-48d8-a177-e2e48a95ba58	C08R1	31	0	NULL	NULL	NULL	0	0	RUB	canonical_chunks/product_queries_details_BY_SEARCHES_ASC_C08R1.tsv
2184932293	1832435919	47	аксессуары в машину подвесаа зеркал барабан	BY_SEARCHES	ASCENDING	0d2b3881-cfe5-48d8-a177-e2e48a95ba58	C08R1	32	0	NULL	NULL	NULL	0	0	RUB	canonical_chunks/product_queries_details_BY_SEARCHES_ASC_C08R1.tsv
2184932293	1832435919	47	оберег на машину славянский	BY_SEARCHES	ASCENDING	0d2b3881-cfe5-48d8-a177-e2e48a95ba58	C08R1	33	0	NULL	NULL	NULL	0	0	RUB	canonical_chunks/product_queries_details_BY_SEARCHES_ASC_C08R1.tsv
2184932293	1832435919	47	подвеска в машину на зеркало руна	BY_SEARCHES	ASCENDING	0d2b3881-cfe5-48d8-a177-e2e48a95ba58	C08R1	34	0	NULL	NULL	NULL	0	0	RUB	canonical_chunks/product_queries_details_BY_SEARCHES_ASC_C08R1.tsv
2184932293	1832435919	47	подвеска в машину на зеркало мужская евгений	BY_SEARCHES	ASCENDING	0d2b3881-cfe5-48d8-a177-e2e48a95ba58	C08R1	35	0	NULL	NULL	NULL	0	0	RUB	canonical_chunks/product_queries_details_BY_SEARCHES_ASC_C08R1.tsv
2184932293	1832435919	47	браслет мужской дажьбог	BY_SEARCHES	ASCENDING	0d2b3881-cfe5-48d8-a177-e2e48a95ba58	C08R1	36	0	NULL	NULL	NULL	0	0	RUB	canonical_chunks/product_queries_details_BY_SEARCHES_ASC_C08R1.tsv
2184932293	1832435919	47	#славянские_обереги	BY_SEARCHES	ASCENDING	0d2b3881-cfe5-48d8-a177-e2e48a95ba58	C08R1	37	0	NULL	NULL	NULL	0	0	RUB	canonical_chunks/product_queries_details_BY_SEARCHES_ASC_C08R1.tsv
2184932293	1832435919	47	бусина от сглаза на зеркало машины	BY_SEARCHES	ASCENDING	0d2b3881-cfe5-48d8-a177-e2e48a95ba58	C08R1	38	0	NULL	NULL	NULL	0	0	RUB	canonical_chunks/product_queries_details_BY_SEARCHES_ASC_C08R1.tsv
2184932293	1832435919	47	деревянная языческий славянский символ на	BY_SEARCHES	ASCENDING	0d2b3881-cfe5-48d8-a177-e2e48a95ba58	C08R1	39	0	NULL	NULL	NULL	0	0	RUB	canonical_chunks/product_queries_details_BY_SEARCHES_ASC_C08R1.tsv
2184932293	1832435919	47	подвеска в машину рука	BY_SEARCHES	ASCENDING	0d2b3881-cfe5-48d8-a177-e2e48a95ba58	C08R1	40	0	NULL	NULL	NULL	0	0	RUB	canonical_chunks/product_queries_details_BY_SEARCHES_ASC_C08R1.tsv
2184932293	1832435919	47	#подвеска_в_машину	BY_SEARCHES	ASCENDING	0d2b3881-cfe5-48d8-a177-e2e48a95ba58	C08R1	41	0	NULL	NULL	NULL	0	0	RUB	canonical_chunks/product_queries_details_BY_SEARCHES_ASC_C08R1.tsv
2184932293	1832435919	47	для салона машины подвеска	BY_SEARCHES	ASCENDING	0d2b3881-cfe5-48d8-a177-e2e48a95ba58	C08R1	42	0	NULL	NULL	NULL	0	0	RUB	canonical_chunks/product_queries_details_BY_SEARCHES_ASC_C08R1.tsv
2184932293	1832435919	47	песок для благ	BY_SEARCHES	ASCENDING	0d2b3881-cfe5-48d8-a177-e2e48a95ba58	C08R1	43	0	NULL	NULL	NULL	0	0	RUB	canonical_chunks/product_queries_details_BY_SEARCHES_ASC_C08R1.tsv
2184932293	1832435919	47	подвеска в машину на зеркало инь янь	BY_SEARCHES	ASCENDING	0d2b3881-cfe5-48d8-a177-e2e48a95ba58	C08R1	44	0	NULL	NULL	NULL	0	0	RUB	canonical_chunks/product_queries_details_BY_SEARCHES_ASC_C08R1.tsv
2184932293	1832435919	47	аметист даждьбог	BY_SEARCHES	ASCENDING	0d2b3881-cfe5-48d8-a177-e2e48a95ba58	C08R1	45	0	NULL	NULL	NULL	0	0	RUB	canonical_chunks/product_queries_details_BY_SEARCHES_ASC_C08R1.tsv
2184168890	1831422362	44	брелок в машину на зеркало пушистики	BY_SEARCHES	ASCENDING	0d2b3881-cfe5-48d8-a177-e2e48a95ba58	C08R1	46	0	NULL	NULL	NULL	0	0	RUB	canonical_chunks/product_queries_details_BY_SEARCHES_ASC_C08R1.tsv
2184168890	1831422362	44	подвеска на зеркало славянская	BY_SEARCHES	ASCENDING	0d2b3881-cfe5-48d8-a177-e2e48a95ba58	C08R1	47	0	NULL	NULL	NULL	0	0	RUB	canonical_chunks/product_queries_details_BY_SEARCHES_ASC_C08R1.tsv
2184168890	1831422362	44	бог омулет	BY_SEARCHES	ASCENDING	0d2b3881-cfe5-48d8-a177-e2e48a95ba58	C08R1	48	0	NULL	NULL	NULL	0	0	RUB	canonical_chunks/product_queries_details_BY_SEARCHES_ASC_C08R1.tsv
2184168890	1831422362	44	талисман предков	BY_SEARCHES	ASCENDING	0d2b3881-cfe5-48d8-a177-e2e48a95ba58	C08R1	49	0	NULL	NULL	NULL	0	0	RUB	canonical_chunks/product_queries_details_BY_SEARCHES_ASC_C08R1.tsv
2184168890	1831422362	44	обереги от порчи	BY_SEARCHES	ASCENDING	0d2b3881-cfe5-48d8-a177-e2e48a95ba58	C08R1	50	0	NULL	NULL	NULL	0	0	RUB	canonical_chunks/product_queries_details_BY_SEARCHES_ASC_C08R1.tsv
2184168890	1831422362	44	подвеска оберег в машину бог тарс	BY_SEARCHES	ASCENDING	0d2b3881-cfe5-48d8-a177-e2e48a95ba58	C08R1	51	0	NULL	NULL	NULL	0	0	RUB	canonical_chunks/product_queries_details_BY_SEARCHES_ASC_C08R1.tsv
2184168890	1831422362	44	подвеска в машину на зеркало а	BY_SEARCHES	ASCENDING	0d2b3881-cfe5-48d8-a177-e2e48a95ba58	C08R1	52	0	NULL	NULL	NULL	0	0	RUB	canonical_chunks/product_queries_details_BY_SEARCHES_ASC_C08R1.tsv
2184168890	1831422362	44	подвеска на зеркало автомобиля акула	BY_SEARCHES	ASCENDING	0d2b3881-cfe5-48d8-a177-e2e48a95ba58	C08R1	53	0	NULL	NULL	NULL	0	0	RUB	canonical_chunks/product_queries_details_BY_SEARCHES_ASC_C08R1.tsv
2184168890	1831422362	44	обереги коловрат	BY_SEARCHES	ASCENDING	0d2b3881-cfe5-48d8-a177-e2e48a95ba58	C08R1	54	0	NULL	NULL	NULL	0	0	RUB	canonical_chunks/product_queries_details_BY_SEARCHES_ASC_C08R1.tsv
2184168890	1831422362	44	#обереготсглаза	BY_SEARCHES	ASCENDING	0d2b3881-cfe5-48d8-a177-e2e48a95ba58	C08R1	55	0	NULL	NULL	NULL	0	0	RUB	canonical_chunks/product_queries_details_BY_SEARCHES_ASC_C08R1.tsv
2184168890	1831422362	44	автоподвеска луна	BY_SEARCHES	ASCENDING	0d2b3881-cfe5-48d8-a177-e2e48a95ba58	C08R1	56	0	NULL	NULL	NULL	0	0	RUB	canonical_chunks/product_queries_details_BY_SEARCHES_ASC_C08R1.tsv
2184168890	1831422362	44	бусина от сглаза на зеркало машины	BY_SEARCHES	ASCENDING	0d2b3881-cfe5-48d8-a177-e2e48a95ba58	C08R1	57	0	NULL	NULL	NULL	0	0	RUB	canonical_chunks/product_queries_details_BY_SEARCHES_ASC_C08R1.tsv
2184168890	1831422362	44	подвеска в машину на зеркало велес	BY_SEARCHES	ASCENDING	0d2b3881-cfe5-48d8-a177-e2e48a95ba58	C08R1	58	0	NULL	NULL	NULL	0	0	RUB	canonical_chunks/product_queries_details_BY_SEARCHES_ASC_C08R1.tsv
2184168890	1831422362	44	игрушка бог в машину на зеркало	BY_SEARCHES	ASCENDING	0d2b3881-cfe5-48d8-a177-e2e48a95ba58	C08R1	59	0	NULL	NULL	NULL	0	0	RUB	canonical_chunks/product_queries_details_BY_SEARCHES_ASC_C08R1.tsv
2184168890	1831422362	44	в машине хобби хорс	BY_SEARCHES	ASCENDING	0d2b3881-cfe5-48d8-a177-e2e48a95ba58	C08R1	60	0	NULL	NULL	NULL	0	0	RUB	canonical_chunks/product_queries_details_BY_SEARCHES_ASC_C08R1.tsv
2184199958	1831464047	45	амулетом на машину	BY_SEARCHES	ASCENDING	0d2b3881-cfe5-48d8-a177-e2e48a95ba58	C08R1	61	0	NULL	NULL	NULL	0	0	RUB	canonical_chunks/product_queries_details_BY_SEARCHES_ASC_C08R1.tsv
2184199958	1831464047	45	амулет кали богиня	BY_SEARCHES	ASCENDING	0d2b3881-cfe5-48d8-a177-e2e48a95ba58	C08R1	62	0	NULL	NULL	NULL	0	0	RUB	canonical_chunks/product_queries_details_BY_SEARCHES_ASC_C08R1.tsv
2184199958	1831464047	45	амулеты коло	BY_SEARCHES	ASCENDING	0d2b3881-cfe5-48d8-a177-e2e48a95ba58	C08R1	63	0	NULL	NULL	NULL	0	0	RUB	canonical_chunks/product_queries_details_BY_SEARCHES_ASC_C08R1.tsv
2184199958	1831464047	45	йогиня	BY_SEARCHES	ASCENDING	0d2b3881-cfe5-48d8-a177-e2e48a95ba58	C08R1	64	0	NULL	NULL	NULL	0	0	RUB	canonical_chunks/product_queries_details_BY_SEARCHES_ASC_C08R1.tsv
2184199958	1831464047	45	#славянскиеобереги	BY_SEARCHES	ASCENDING	0d2b3881-cfe5-48d8-a177-e2e48a95ba58	C08R1	65	0	NULL	NULL	NULL	0	0	RUB	canonical_chunks/product_queries_details_BY_SEARCHES_ASC_C08R1.tsv
2184199958	1831464047	45	аксессуары славян	BY_SEARCHES	ASCENDING	0d2b3881-cfe5-48d8-a177-e2e48a95ba58	C08R1	66	0	NULL	NULL	NULL	0	0	RUB	canonical_chunks/product_queries_details_BY_SEARCHES_ASC_C08R1.tsv
2184199958	1831464047	45	бусы в машину на зеркало лада спорт	BY_SEARCHES	ASCENDING	0d2b3881-cfe5-48d8-a177-e2e48a95ba58	C08R1	67	0	NULL	NULL	NULL	0	0	RUB	canonical_chunks/product_queries_details_BY_SEARCHES_ASC_C08R1.tsv
2184199958	1831464047	45	аксессуары в машину подвесаа зеркал барабан	BY_SEARCHES	ASCENDING	0d2b3881-cfe5-48d8-a177-e2e48a95ba58	C08R1	68	0	NULL	NULL	NULL	0	0	RUB	canonical_chunks/product_queries_details_BY_SEARCHES_ASC_C08R1.tsv
2184199958	1831464047	45	боковое зеркало на машину атлант левое	BY_SEARCHES	ASCENDING	0d2b3881-cfe5-48d8-a177-e2e48a95ba58	C08R1	69	0	NULL	NULL	NULL	0	0	RUB	canonical_chunks/product_queries_details_BY_SEARCHES_ASC_C08R1.tsv
2184199958	1831464047	45	#амулеты_обереги_и_талисманы	BY_SEARCHES	ASCENDING	0d2b3881-cfe5-48d8-a177-e2e48a95ba58	C08R1	70	0	NULL	NULL	NULL	0	0	RUB	canonical_chunks/product_queries_details_BY_SEARCHES_ASC_C08R1.tsv
2184199958	1831464047	45	брелок у машину byd на зерколо	BY_SEARCHES	ASCENDING	0d2b3881-cfe5-48d8-a177-e2e48a95ba58	C08R1	71	0	NULL	NULL	NULL	0	0	RUB	canonical_chunks/product_queries_details_BY_SEARCHES_ASC_C08R1.tsv
2184199958	1831464047	45	аксессуары салона авто	BY_SEARCHES	ASCENDING	0d2b3881-cfe5-48d8-a177-e2e48a95ba58	C08R1	72	0	NULL	NULL	NULL	0	0	RUB	canonical_chunks/product_queries_details_BY_SEARCHES_ASC_C08R1.tsv
2184199958	1831464047	45	древние славяне творчество	BY_SEARCHES	ASCENDING	0d2b3881-cfe5-48d8-a177-e2e48a95ba58	C08R1	73	0	NULL	NULL	NULL	0	0	RUB	canonical_chunks/product_queries_details_BY_SEARCHES_ASC_C08R1.tsv
2184199958	1831464047	45	подвеска в машину мир	BY_SEARCHES	ASCENDING	0d2b3881-cfe5-48d8-a177-e2e48a95ba58	C08R1	74	0	NULL	NULL	NULL	0	0	RUB	canonical_chunks/product_queries_details_BY_SEARCHES_ASC_C08R1.tsv
2184199958	1831464047	45	автомобиль мар	BY_SEARCHES	ASCENDING	0d2b3881-cfe5-48d8-a177-e2e48a95ba58	C08R1	75	0	NULL	NULL	NULL	0	0	RUB	canonical_chunks/product_queries_details_BY_SEARCHES_ASC_C08R1.tsv
2186766628	1834930939	48	обвес бусы телец	BY_SEARCHES	ASCENDING	0d2b3881-cfe5-48d8-a177-e2e48a95ba58	C08R1	76	0	NULL	NULL	NULL	0	0	RUB	canonical_chunks/product_queries_details_BY_SEARCHES_ASC_C08R1.tsv
2186766628	1834930939	48	крест в машину на зеркало хрестианский металлическмй	BY_SEARCHES	ASCENDING	0d2b3881-cfe5-48d8-a177-e2e48a95ba58	C08R1	77	0	NULL	NULL	NULL	0	0	RUB	canonical_chunks/product_queries_details_BY_SEARCHES_ASC_C08R1.tsv
2186766628	1834930939	48	оберег на руку телец	BY_SEARCHES	ASCENDING	0d2b3881-cfe5-48d8-a177-e2e48a95ba58	C08R1	78	0	NULL	NULL	NULL	0	0	RUB	canonical_chunks/product_queries_details_BY_SEARCHES_ASC_C08R1.tsv
2186766628	1834930939	48	крестик в машину на зеркало освешеный	BY_SEARCHES	ASCENDING	0d2b3881-cfe5-48d8-a177-e2e48a95ba58	C08R1	79	0	NULL	NULL	NULL	0	0	RUB	canonical_chunks/product_queries_details_BY_SEARCHES_ASC_C08R1.tsv
2186766628	1834930939	48	в машину амулет	BY_SEARCHES	ASCENDING	0d2b3881-cfe5-48d8-a177-e2e48a95ba58	C08R1	80	0	NULL	NULL	NULL	0	0	RUB	canonical_chunks/product_queries_details_BY_SEARCHES_ASC_C08R1.tsv
2186766628	1834930939	48	зеркальный топпер тел	BY_SEARCHES	ASCENDING	0d2b3881-cfe5-48d8-a177-e2e48a95ba58	C08R1	81	0	NULL	NULL	NULL	0	0	RUB	canonical_chunks/product_queries_details_BY_SEARCHES_ASC_C08R1.tsv
2186766628	1834930939	48	мешочек со смехом подвеска в машину	BY_SEARCHES	ASCENDING	0d2b3881-cfe5-48d8-a177-e2e48a95ba58	C08R1	82	0	NULL	NULL	NULL	0	0	RUB	canonical_chunks/product_queries_details_BY_SEARCHES_ASC_C08R1.tsv
2186766628	1834930939	48	подвеска в машину на зеркало ма ка крик	BY_SEARCHES	ASCENDING	0d2b3881-cfe5-48d8-a177-e2e48a95ba58	C08R1	83	0	NULL	NULL	NULL	0	0	RUB	canonical_chunks/product_queries_details_BY_SEARCHES_ASC_C08R1.tsv
2186766628	1834930939	48	наклейкана машину тилец	BY_SEARCHES	ASCENDING	0d2b3881-cfe5-48d8-a177-e2e48a95ba58	C08R1	84	0	NULL	NULL	NULL	0	0	RUB	canonical_chunks/product_queries_details_BY_SEARCHES_ASC_C08R1.tsv
2186766628	1834930939	48	телец значок	BY_SEARCHES	ASCENDING	0d2b3881-cfe5-48d8-a177-e2e48a95ba58	C08R1	85	0	NULL	NULL	NULL	0	0	RUB	canonical_chunks/product_queries_details_BY_SEARCHES_ASC_C08R1.tsv
2186766628	1834930939	48	брелок в машину на зеркало пушистики	BY_SEARCHES	ASCENDING	0d2b3881-cfe5-48d8-a177-e2e48a95ba58	C08R1	86	0	NULL	NULL	NULL	0	0	RUB	canonical_chunks/product_queries_details_BY_SEARCHES_ASC_C08R1.tsv
2186766628	1834930939	48	нашивкатна рюкзак телец	BY_SEARCHES	ASCENDING	0d2b3881-cfe5-48d8-a177-e2e48a95ba58	C08R1	87	0	NULL	NULL	NULL	0	0	RUB	canonical_chunks/product_queries_details_BY_SEARCHES_ASC_C08R1.tsv
2186766628	1834930939	48	четки н	BY_SEARCHES	ASCENDING	0d2b3881-cfe5-48d8-a177-e2e48a95ba58	C08R1	88	0	NULL	NULL	NULL	0	0	RUB	canonical_chunks/product_queries_details_BY_SEARCHES_ASC_C08R1.tsv
2186766628	1834930939	48	бусы оберег	BY_SEARCHES	ASCENDING	0d2b3881-cfe5-48d8-a177-e2e48a95ba58	C08R1	89	0	NULL	NULL	NULL	0	0	RUB	canonical_chunks/product_queries_details_BY_SEARCHES_ASC_C08R1.tsv
2186766628	1834930939	48	бусины диаметр 1 см	BY_SEARCHES	ASCENDING	0d2b3881-cfe5-48d8-a177-e2e48a95ba58	C08R1	90	0	NULL	NULL	NULL	0	0	RUB	canonical_chunks/product_queries_details_BY_SEARCHES_ASC_C08R1.tsv
2186839757	1835026306	52	#подвеска_в_машину	BY_SEARCHES	ASCENDING	4794ebf7-393a-43b7-ba33-e0106b89a4be	C09R1	1	0	NULL	NULL	NULL	0	0	RUB	canonical_chunks/product_queries_details_BY_SEARCHES_ASC_C09R1.tsv
2186839757	1835026306	52	чётки автомобильные аро	BY_SEARCHES	ASCENDING	4794ebf7-393a-43b7-ba33-e0106b89a4be	C09R1	2	0	NULL	NULL	NULL	0	0	RUB	canonical_chunks/product_queries_details_BY_SEARCHES_ASC_C09R1.tsv
2186839757	1835026306	52	подвеска в машину на зеркало прик	BY_SEARCHES	ASCENDING	4794ebf7-393a-43b7-ba33-e0106b89a4be	C09R1	3	0	NULL	NULL	NULL	0	0	RUB	canonical_chunks/product_queries_details_BY_SEARCHES_ASC_C09R1.tsv
2186839757	1835026306	52	наклейки_на_телефон знак зодиака стрелец	BY_SEARCHES	ASCENDING	4794ebf7-393a-43b7-ba33-e0106b89a4be	C09R1	4	0	NULL	NULL	NULL	0	0	RUB	canonical_chunks/product_queries_details_BY_SEARCHES_ASC_C09R1.tsv
2186839757	1835026306	52	кепка мужская стре	BY_SEARCHES	ASCENDING	4794ebf7-393a-43b7-ba33-e0106b89a4be	C09R1	5	0	NULL	NULL	NULL	0	0	RUB	canonical_chunks/product_queries_details_BY_SEARCHES_ASC_C09R1.tsv
2186839757	1835026306	52	стрелец подвеска на машину ключ	BY_SEARCHES	ASCENDING	4794ebf7-393a-43b7-ba33-e0106b89a4be	C09R1	6	0	NULL	NULL	NULL	0	0	RUB	canonical_chunks/product_queries_details_BY_SEARCHES_ASC_C09R1.tsv
2186839757	1835026306	52	#амулеты_обереги_и_талисманы	BY_SEARCHES	ASCENDING	4794ebf7-393a-43b7-ba33-e0106b89a4be	C09R1	7	0	NULL	NULL	NULL	0	0	RUB	canonical_chunks/product_queries_details_BY_SEARCHES_ASC_C09R1.tsv
2186839757	1835026306	52	подвеска в машину на зеркало питбуль	BY_SEARCHES	ASCENDING	4794ebf7-393a-43b7-ba33-e0106b89a4be	C09R1	8	0	NULL	NULL	NULL	0	0	RUB	canonical_chunks/product_queries_details_BY_SEARCHES_ASC_C09R1.tsv
2186839757	1835026306	52	подвеска в машину на зеркало а	BY_SEARCHES	ASCENDING	4794ebf7-393a-43b7-ba33-e0106b89a4be	C09R1	9	0	NULL	NULL	NULL	0	0	RUB	canonical_chunks/product_queries_details_BY_SEARCHES_ASC_C09R1.tsv
2186839757	1835026306	52	аксессуары для стрел	BY_SEARCHES	ASCENDING	4794ebf7-393a-43b7-ba33-e0106b89a4be	C09R1	10	0	NULL	NULL	NULL	0	0	RUB	canonical_chunks/product_queries_details_BY_SEARCHES_ASC_C09R1.tsv
2186839757	1835026306	52	подвеска в машину на зеркало юрта	BY_SEARCHES	ASCENDING	4794ebf7-393a-43b7-ba33-e0106b89a4be	C09R1	11	0	NULL	NULL	NULL	0	0	RUB	canonical_chunks/product_queries_details_BY_SEARCHES_ASC_C09R1.tsv
2186839757	1835026306	52	четки в машину и аро	BY_SEARCHES	ASCENDING	4794ebf7-393a-43b7-ba33-e0106b89a4be	C09R1	12	0	NULL	NULL	NULL	0	0	RUB	canonical_chunks/product_queries_details_BY_SEARCHES_ASC_C09R1.tsv
2186839757	1835026306	52	брелок в машину на зеркало пушистики	BY_SEARCHES	ASCENDING	4794ebf7-393a-43b7-ba33-e0106b89a4be	C09R1	13	0	NULL	NULL	NULL	0	0	RUB	canonical_chunks/product_queries_details_BY_SEARCHES_ASC_C09R1.tsv
2186839757	1835026306	52	четки н	BY_SEARCHES	ASCENDING	4794ebf7-393a-43b7-ba33-e0106b89a4be	C09R1	14	0	NULL	NULL	NULL	0	0	RUB	canonical_chunks/product_queries_details_BY_SEARCHES_ASC_C09R1.tsv
2186839757	1835026306	52	подвеска на зеркало автомобиля акула	BY_SEARCHES	ASCENDING	4794ebf7-393a-43b7-ba33-e0106b89a4be	C09R1	15	0	NULL	NULL	NULL	0	0	RUB	canonical_chunks/product_queries_details_BY_SEARCHES_ASC_C09R1.tsv
2186843798	1835030733	53	оберег для дева	BY_SEARCHES	ASCENDING	4794ebf7-393a-43b7-ba33-e0106b89a4be	C09R1	16	0	NULL	NULL	NULL	0	0	RUB	canonical_chunks/product_queries_details_BY_SEARCHES_ASC_C09R1.tsv
2186843798	1835030733	53	фигурка в машину дева	BY_SEARCHES	ASCENDING	4794ebf7-393a-43b7-ba33-e0106b89a4be	C09R1	17	0	NULL	NULL	NULL	0	0	RUB	canonical_chunks/product_queries_details_BY_SEARCHES_ASC_C09R1.tsv
2186843798	1835030733	53	зеркало для деву	BY_SEARCHES	ASCENDING	4794ebf7-393a-43b7-ba33-e0106b89a4be	C09R1	18	0	NULL	NULL	NULL	0	0	RUB	canonical_chunks/product_queries_details_BY_SEARCHES_ASC_C09R1.tsv
2186843798	1835030733	53	брелок в машину на зеркало я свободен	BY_SEARCHES	ASCENDING	4794ebf7-393a-43b7-ba33-e0106b89a4be	C09R1	19	0	NULL	NULL	NULL	0	0	RUB	canonical_chunks/product_queries_details_BY_SEARCHES_ASC_C09R1.tsv
2186843798	1835030733	53	брелок знак зодиака дева дева	BY_SEARCHES	ASCENDING	4794ebf7-393a-43b7-ba33-e0106b89a4be	C09R1	20	0	NULL	NULL	NULL	0	0	RUB	canonical_chunks/product_queries_details_BY_SEARCHES_ASC_C09R1.tsv
2186843798	1835030733	53	кольцо со знаком зодиака дева	BY_SEARCHES	ASCENDING	4794ebf7-393a-43b7-ba33-e0106b89a4be	C09R1	21	0	NULL	NULL	NULL	0	0	RUB	canonical_chunks/product_queries_details_BY_SEARCHES_ASC_C09R1.tsv
2186843798	1835030733	53	набор для творчества на дев	BY_SEARCHES	ASCENDING	4794ebf7-393a-43b7-ba33-e0106b89a4be	C09R1	22	0	NULL	NULL	NULL	0	0	RUB	canonical_chunks/product_queries_details_BY_SEARCHES_ASC_C09R1.tsv
2186843798	1835030733	53	демон на машину подвеска на стекло маленькие	BY_SEARCHES	ASCENDING	4794ebf7-393a-43b7-ba33-e0106b89a4be	C09R1	23	0	NULL	NULL	NULL	0	0	RUB	canonical_chunks/product_queries_details_BY_SEARCHES_ASC_C09R1.tsv
2186843798	1835030733	53	аодвеска зеркало	BY_SEARCHES	ASCENDING	4794ebf7-393a-43b7-ba33-e0106b89a4be	C09R1	24	0	NULL	NULL	NULL	0	0	RUB	canonical_chunks/product_queries_details_BY_SEARCHES_ASC_C09R1.tsv
2186843798	1835030733	53	знак подвеска брелок	BY_SEARCHES	ASCENDING	4794ebf7-393a-43b7-ba33-e0106b89a4be	C09R1	25	0	NULL	NULL	NULL	0	0	RUB	canonical_chunks/product_queries_details_BY_SEARCHES_ASC_C09R1.tsv
2186843798	1835030733	53	знак туфелька блестящая на машину	BY_SEARCHES	ASCENDING	4794ebf7-393a-43b7-ba33-e0106b89a4be	C09R1	26	0	NULL	NULL	NULL	0	0	RUB	canonical_chunks/product_queries_details_BY_SEARCHES_ASC_C09R1.tsv
2186843798	1835030733	53	подушка в машину дева	BY_SEARCHES	ASCENDING	4794ebf7-393a-43b7-ba33-e0106b89a4be	C09R1	27	0	NULL	NULL	NULL	0	0	RUB	canonical_chunks/product_queries_details_BY_SEARCHES_ASC_C09R1.tsv
2186843798	1835030733	53	дева знак зодиака рюмки	BY_SEARCHES	ASCENDING	4794ebf7-393a-43b7-ba33-e0106b89a4be	C09R1	28	0	NULL	NULL	NULL	0	0	RUB	canonical_chunks/product_queries_details_BY_SEARCHES_ASC_C09R1.tsv
2186843798	1835030733	53	кулон дева в машину	BY_SEARCHES	ASCENDING	4794ebf7-393a-43b7-ba33-e0106b89a4be	C09R1	29	0	NULL	NULL	NULL	0	0	RUB	canonical_chunks/product_queries_details_BY_SEARCHES_ASC_C09R1.tsv
2186843798	1835030733	53	на зеркало в машину подвеска дева	BY_SEARCHES	ASCENDING	4794ebf7-393a-43b7-ba33-e0106b89a4be	C09R1	30	0	NULL	NULL	NULL	0	0	RUB	canonical_chunks/product_queries_details_BY_SEARCHES_ASC_C09R1.tsv
2186846833	1835035733	54	в машину на зеркало подвес	BY_SEARCHES	ASCENDING	4794ebf7-393a-43b7-ba33-e0106b89a4be	C09R1	31	0	NULL	NULL	NULL	0	0	RUB	canonical_chunks/product_queries_details_BY_SEARCHES_ASC_C09R1.tsv
2186846833	1835035733	54	подвеска в машину на зеркало питбуль	BY_SEARCHES	ASCENDING	4794ebf7-393a-43b7-ba33-e0106b89a4be	C09R1	32	0	NULL	NULL	NULL	0	0	RUB	canonical_chunks/product_queries_details_BY_SEARCHES_ASC_C09R1.tsv
2186846833	1835035733	54	#подвеска_в_машину_на_зеркало	BY_SEARCHES	ASCENDING	4794ebf7-393a-43b7-ba33-e0106b89a4be	C09R1	33	0	NULL	NULL	NULL	0	0	RUB	canonical_chunks/product_queries_details_BY_SEARCHES_ASC_C09R1.tsv
2186846833	1835035733	54	подвеска в машину на зеркало жен	BY_SEARCHES	ASCENDING	4794ebf7-393a-43b7-ba33-e0106b89a4be	C09R1	34	0	NULL	NULL	NULL	0	0	RUB	canonical_chunks/product_queries_details_BY_SEARCHES_ASC_C09R1.tsv
2186846833	1835035733	54	подвеска на зеркало в машину собака	BY_SEARCHES	ASCENDING	4794ebf7-393a-43b7-ba33-e0106b89a4be	C09R1	35	0	NULL	NULL	NULL	0	0	RUB	canonical_chunks/product_queries_details_BY_SEARCHES_ASC_C09R1.tsv
2186846833	1835035733	54	подвеска в машину на зеркало инь янь	BY_SEARCHES	ASCENDING	4794ebf7-393a-43b7-ba33-e0106b89a4be	C09R1	36	0	NULL	NULL	NULL	0	0	RUB	canonical_chunks/product_queries_details_BY_SEARCHES_ASC_C09R1.tsv
2186846833	1835035733	54	#мужчине_на_день_рождения	BY_SEARCHES	ASCENDING	4794ebf7-393a-43b7-ba33-e0106b89a4be	C09R1	37	0	NULL	NULL	NULL	0	0	RUB	canonical_chunks/product_queries_details_BY_SEARCHES_ASC_C09R1.tsv
2186846833	1835035733	54	обереги талисманы	BY_SEARCHES	ASCENDING	4794ebf7-393a-43b7-ba33-e0106b89a4be	C09R1	38	0	NULL	NULL	NULL	0	0	RUB	canonical_chunks/product_queries_details_BY_SEARCHES_ASC_C09R1.tsv
2186846833	1835035733	54	календарь карманный знаки зодиака	BY_SEARCHES	ASCENDING	4794ebf7-393a-43b7-ba33-e0106b89a4be	C09R1	39	0	NULL	NULL	NULL	0	0	RUB	canonical_chunks/product_queries_details_BY_SEARCHES_ASC_C09R1.tsv
2186846833	1835035733	54	#подвеска_в_машину	BY_SEARCHES	ASCENDING	4794ebf7-393a-43b7-ba33-e0106b89a4be	C09R1	40	0	NULL	NULL	NULL	0	0	RUB	canonical_chunks/product_queries_details_BY_SEARCHES_ASC_C09R1.tsv
2186846833	1835035733	54	зонт водолей	BY_SEARCHES	ASCENDING	4794ebf7-393a-43b7-ba33-e0106b89a4be	C09R1	41	0	NULL	NULL	NULL	0	0	RUB	canonical_chunks/product_queries_details_BY_SEARCHES_ASC_C09R1.tsv
2186846833	1835035733	54	бусы в машину на зеркало лада спорт	BY_SEARCHES	ASCENDING	4794ebf7-393a-43b7-ba33-e0106b89a4be	C09R1	42	0	NULL	NULL	NULL	0	0	RUB	canonical_chunks/product_queries_details_BY_SEARCHES_ASC_C09R1.tsv
2186846833	1835035733	54	костюм мужской водолей	BY_SEARCHES	ASCENDING	4794ebf7-393a-43b7-ba33-e0106b89a4be	C09R1	43	0	NULL	NULL	NULL	0	0	RUB	canonical_chunks/product_queries_details_BY_SEARCHES_ASC_C09R1.tsv
2186846833	1835035733	54	кулон авто	BY_SEARCHES	ASCENDING	4794ebf7-393a-43b7-ba33-e0106b89a4be	C09R1	44	0	NULL	NULL	NULL	0	0	RUB	canonical_chunks/product_queries_details_BY_SEARCHES_ASC_C09R1.tsv
2186846833	1835035733	54	водолей знак зодиака камееь	BY_SEARCHES	ASCENDING	4794ebf7-393a-43b7-ba33-e0106b89a4be	C09R1	45	0	NULL	NULL	NULL	0	0	RUB	canonical_chunks/product_queries_details_BY_SEARCHES_ASC_C09R1.tsv
2186802133	1834976037	50	подвеска в машину на зеркало весы	BY_SEARCHES	ASCENDING	4794ebf7-393a-43b7-ba33-e0106b89a4be	C09R1	46	0	NULL	NULL	NULL	0	0	RUB	canonical_chunks/product_queries_details_BY_SEARCHES_ASC_C09R1.tsv
2186802133	1834976037	50	подвески на зеркало авто	BY_SEARCHES	ASCENDING	4794ebf7-393a-43b7-ba33-e0106b89a4be	C09R1	47	0	NULL	NULL	NULL	0	0	RUB	canonical_chunks/product_queries_details_BY_SEARCHES_ASC_C09R1.tsv
2186802133	1834976037	50	календарь карманный знаки зодиака	BY_SEARCHES	ASCENDING	4794ebf7-393a-43b7-ba33-e0106b89a4be	C09R1	48	0	NULL	NULL	NULL	0	0	RUB	canonical_chunks/product_queries_details_BY_SEARCHES_ASC_C09R1.tsv
2186802133	1834976037	50	подвеска в машину на зеркало жен	BY_SEARCHES	ASCENDING	4794ebf7-393a-43b7-ba33-e0106b89a4be	C09R1	49	0	NULL	NULL	NULL	0	0	RUB	canonical_chunks/product_queries_details_BY_SEARCHES_ASC_C09R1.tsv
2186802133	1834976037	50	на машину подвеска женская	BY_SEARCHES	ASCENDING	4794ebf7-393a-43b7-ba33-e0106b89a4be	C09R1	50	0	NULL	NULL	NULL	0	0	RUB	canonical_chunks/product_queries_details_BY_SEARCHES_ASC_C09R1.tsv
2186802133	1834976037	50	подвеска в машину на зеркало питбуль	BY_SEARCHES	ASCENDING	4794ebf7-393a-43b7-ba33-e0106b89a4be	C09R1	51	0	NULL	NULL	NULL	0	0	RUB	canonical_chunks/product_queries_details_BY_SEARCHES_ASC_C09R1.tsv
2186802133	1834976037	50	весы в машину лексус	BY_SEARCHES	ASCENDING	4794ebf7-393a-43b7-ba33-e0106b89a4be	C09R1	52	0	NULL	NULL	NULL	0	0	RUB	canonical_chunks/product_queries_details_BY_SEARCHES_ASC_C09R1.tsv
2186802133	1834976037	50	камень весы зодиака	BY_SEARCHES	ASCENDING	4794ebf7-393a-43b7-ba33-e0106b89a4be	C09R1	53	0	NULL	NULL	NULL	0	0	RUB	canonical_chunks/product_queries_details_BY_SEARCHES_ASC_C09R1.tsv
2186802133	1834976037	50	брелок в машину на зеркало пушистики	BY_SEARCHES	ASCENDING	4794ebf7-393a-43b7-ba33-e0106b89a4be	C09R1	54	0	NULL	NULL	NULL	0	0	RUB	canonical_chunks/product_queries_details_BY_SEARCHES_ASC_C09R1.tsv
2186802133	1834976037	50	амулеты обереги и талисманы по знаку зодиака весы	BY_SEARCHES	ASCENDING	4794ebf7-393a-43b7-ba33-e0106b89a4be	C09R1	55	0	NULL	NULL	NULL	0	0	RUB	canonical_chunks/product_queries_details_BY_SEARCHES_ASC_C09R1.tsv
2186802133	1834976037	50	аодвеска зеркало	BY_SEARCHES	ASCENDING	4794ebf7-393a-43b7-ba33-e0106b89a4be	C09R1	56	0	NULL	NULL	NULL	0	0	RUB	canonical_chunks/product_queries_details_BY_SEARCHES_ASC_C09R1.tsv
2186802133	1834976037	50	#подвеска_в_машину	BY_SEARCHES	ASCENDING	4794ebf7-393a-43b7-ba33-e0106b89a4be	C09R1	57	0	NULL	NULL	NULL	0	0	RUB	canonical_chunks/product_queries_details_BY_SEARCHES_ASC_C09R1.tsv
2186802133	1834976037	50	подвеска в машину на зеркало юрта	BY_SEARCHES	ASCENDING	4794ebf7-393a-43b7-ba33-e0106b89a4be	C09R1	58	0	NULL	NULL	NULL	0	0	RUB	canonical_chunks/product_queries_details_BY_SEARCHES_ASC_C09R1.tsv
2186802133	1834976037	50	необычный обвес в машину на зеркало	BY_SEARCHES	ASCENDING	4794ebf7-393a-43b7-ba33-e0106b89a4be	C09R1	59	0	NULL	NULL	NULL	0	0	RUB	canonical_chunks/product_queries_details_BY_SEARCHES_ASC_C09R1.tsv
2186802133	1834976037	50	зеркало обгона праворукая машина	BY_SEARCHES	ASCENDING	4794ebf7-393a-43b7-ba33-e0106b89a4be	C09R1	60	0	NULL	NULL	NULL	0	0	RUB	canonical_chunks/product_queries_details_BY_SEARCHES_ASC_C09R1.tsv
2186836116	1835021816	51	аксессуары в машину подвесаа зеркал барабан	BY_SEARCHES	ASCENDING	4794ebf7-393a-43b7-ba33-e0106b89a4be	C09R1	61	0	NULL	NULL	NULL	0	0	RUB	canonical_chunks/product_queries_details_BY_SEARCHES_ASC_C09R1.tsv
2186836116	1835021816	51	подвеска в машину на зеркало z	BY_SEARCHES	ASCENDING	4794ebf7-393a-43b7-ba33-e0106b89a4be	C09R1	62	0	NULL	NULL	NULL	0	0	RUB	canonical_chunks/product_queries_details_BY_SEARCHES_ASC_C09R1.tsv
2186836116	1835021816	51	бусы оберег	BY_SEARCHES	ASCENDING	4794ebf7-393a-43b7-ba33-e0106b89a4be	C09R1	63	0	NULL	NULL	NULL	0	0	RUB	canonical_chunks/product_queries_details_BY_SEARCHES_ASC_C09R1.tsv
2186836116	1835021816	51	подвеска в машину на зеркало юрта	BY_SEARCHES	ASCENDING	4794ebf7-393a-43b7-ba33-e0106b89a4be	C09R1	64	0	NULL	NULL	NULL	0	0	RUB	canonical_chunks/product_queries_details_BY_SEARCHES_ASC_C09R1.tsv
2186836116	1835021816	51	подвеска в машину на зеркало ссср	BY_SEARCHES	ASCENDING	4794ebf7-393a-43b7-ba33-e0106b89a4be	C09R1	65	0	NULL	NULL	NULL	0	0	RUB	canonical_chunks/product_queries_details_BY_SEARCHES_ASC_C09R1.tsv
2186836116	1835021816	51	аодвеска скорпион	BY_SEARCHES	ASCENDING	4794ebf7-393a-43b7-ba33-e0106b89a4be	C09R1	66	0	NULL	NULL	NULL	0	0	RUB	canonical_chunks/product_queries_details_BY_SEARCHES_ASC_C09R1.tsv
2186836116	1835021816	51	подвеска в машину на зеркало из биссера	BY_SEARCHES	ASCENDING	4794ebf7-393a-43b7-ba33-e0106b89a4be	C09R1	67	0	NULL	NULL	NULL	0	0	RUB	canonical_chunks/product_queries_details_BY_SEARCHES_ASC_C09R1.tsv
2186836116	1835021816	51	подвеска скорпион на ни	BY_SEARCHES	ASCENDING	4794ebf7-393a-43b7-ba33-e0106b89a4be	C09R1	68	0	NULL	NULL	NULL	0	0	RUB	canonical_chunks/product_queries_details_BY_SEARCHES_ASC_C09R1.tsv
2186836116	1835021816	51	на зеркало автомобиля подвеска красная	BY_SEARCHES	ASCENDING	4794ebf7-393a-43b7-ba33-e0106b89a4be	C09R1	69	0	NULL	NULL	NULL	0	0	RUB	canonical_chunks/product_queries_details_BY_SEARCHES_ASC_C09R1.tsv
2186836116	1835021816	51	подвеска в машину на зеркало горы	BY_SEARCHES	ASCENDING	4794ebf7-393a-43b7-ba33-e0106b89a4be	C09R1	70	0	NULL	NULL	NULL	0	0	RUB	canonical_chunks/product_queries_details_BY_SEARCHES_ASC_C09R1.tsv
2186836116	1835021816	51	#подвеска_в_машину	BY_SEARCHES	ASCENDING	4794ebf7-393a-43b7-ba33-e0106b89a4be	C09R1	71	0	NULL	NULL	NULL	0	0	RUB	canonical_chunks/product_queries_details_BY_SEARCHES_ASC_C09R1.tsv
2186836116	1835021816	51	брелок в виде амулета	BY_SEARCHES	ASCENDING	4794ebf7-393a-43b7-ba33-e0106b89a4be	C09R1	72	0	NULL	NULL	NULL	0	0	RUB	canonical_chunks/product_queries_details_BY_SEARCHES_ASC_C09R1.tsv
2186836116	1835021816	51	подвеска в машину на зеркало спецназ внутренних войск	BY_SEARCHES	ASCENDING	4794ebf7-393a-43b7-ba33-e0106b89a4be	C09R1	73	0	NULL	NULL	NULL	0	0	RUB	canonical_chunks/product_queries_details_BY_SEARCHES_ASC_C09R1.tsv
2186836116	1835021816	51	зодиак серум	BY_SEARCHES	ASCENDING	4794ebf7-393a-43b7-ba33-e0106b89a4be	C09R1	74	0	NULL	NULL	NULL	0	0	RUB	canonical_chunks/product_queries_details_BY_SEARCHES_ASC_C09R1.tsv
2186836116	1835021816	51	восклицательный знак на машину в красном треугольнике	BY_SEARCHES	ASCENDING	4794ebf7-393a-43b7-ba33-e0106b89a4be	C09R1	75	0	NULL	NULL	NULL	0	0	RUB	canonical_chunks/product_queries_details_BY_SEARCHES_ASC_C09R1.tsv
2186796339	1834968755	49	подвеска рак большая	BY_SEARCHES	ASCENDING	4794ebf7-393a-43b7-ba33-e0106b89a4be	C09R1	76	0	NULL	NULL	NULL	0	0	RUB	canonical_chunks/product_queries_details_BY_SEARCHES_ASC_C09R1.tsv
2186796339	1834968755	49	подвеска в машину на зеркало ссср	BY_SEARCHES	ASCENDING	4794ebf7-393a-43b7-ba33-e0106b89a4be	C09R1	77	0	NULL	NULL	NULL	0	0	RUB	canonical_chunks/product_queries_details_BY_SEARCHES_ASC_C09R1.tsv
2186796339	1834968755	49	обвес на сумку рак	BY_SEARCHES	ASCENDING	4794ebf7-393a-43b7-ba33-e0106b89a4be	C09R1	78	0	NULL	NULL	NULL	0	0	RUB	canonical_chunks/product_queries_details_BY_SEARCHES_ASC_C09R1.tsv
2186796339	1834968755	49	четки в машину со знакам зодиака дева	BY_SEARCHES	ASCENDING	4794ebf7-393a-43b7-ba33-e0106b89a4be	C09R1	79	0	NULL	NULL	NULL	0	0	RUB	canonical_chunks/product_queries_details_BY_SEARCHES_ASC_C09R1.tsv
2186796339	1834968755	49	подвеска в машину на зеркало юрта	BY_SEARCHES	ASCENDING	4794ebf7-393a-43b7-ba33-e0106b89a4be	C09R1	80	0	NULL	NULL	NULL	0	0	RUB	canonical_chunks/product_queries_details_BY_SEARCHES_ASC_C09R1.tsv
2186796339	1834968755	49	подвеска коз	BY_SEARCHES	ASCENDING	4794ebf7-393a-43b7-ba33-e0106b89a4be	C09R1	81	0	NULL	NULL	NULL	0	0	RUB	canonical_chunks/product_queries_details_BY_SEARCHES_ASC_C09R1.tsv
2186796339	1834968755	49	ниша под стиральную машинку и рак	BY_SEARCHES	ASCENDING	4794ebf7-393a-43b7-ba33-e0106b89a4be	C09R1	82	0	NULL	NULL	NULL	0	0	RUB	canonical_chunks/product_queries_details_BY_SEARCHES_ASC_C09R1.tsv
2186796339	1834968755	49	висюлька на зеркало в машину белая пушистая	BY_SEARCHES	ASCENDING	4794ebf7-393a-43b7-ba33-e0106b89a4be	C09R1	83	0	NULL	NULL	NULL	0	0	RUB	canonical_chunks/product_queries_details_BY_SEARCHES_ASC_C09R1.tsv
2186796339	1834968755	49	четки н	BY_SEARCHES	ASCENDING	4794ebf7-393a-43b7-ba33-e0106b89a4be	C09R1	84	0	NULL	NULL	NULL	0	0	RUB	canonical_chunks/product_queries_details_BY_SEARCHES_ASC_C09R1.tsv
2186796339	1834968755	49	подвеска в машину на зеркало питбуль	BY_SEARCHES	ASCENDING	4794ebf7-393a-43b7-ba33-e0106b89a4be	C09R1	85	0	NULL	NULL	NULL	0	0	RUB	canonical_chunks/product_queries_details_BY_SEARCHES_ASC_C09R1.tsv
2186796339	1834968755	49	подвески в авто рак	BY_SEARCHES	ASCENDING	4794ebf7-393a-43b7-ba33-e0106b89a4be	C09R1	86	0	NULL	NULL	NULL	0	0	RUB	canonical_chunks/product_queries_details_BY_SEARCHES_ASC_C09R1.tsv
2186796339	1834968755	49	кулон зеркалом со знаком рак зеркало	BY_SEARCHES	ASCENDING	4794ebf7-393a-43b7-ba33-e0106b89a4be	C09R1	87	0	NULL	NULL	NULL	0	0	RUB	canonical_chunks/product_queries_details_BY_SEARCHES_ASC_C09R1.tsv
2186796339	1834968755	49	на зеркало автомобиля подвеска красная	BY_SEARCHES	ASCENDING	4794ebf7-393a-43b7-ba33-e0106b89a4be	C09R1	88	0	NULL	NULL	NULL	0	0	RUB	canonical_chunks/product_queries_details_BY_SEARCHES_ASC_C09R1.tsv
2186796339	1834968755	49	подвеска в машину на зеркало в грузовик	BY_SEARCHES	ASCENDING	4794ebf7-393a-43b7-ba33-e0106b89a4be	C09R1	89	0	NULL	NULL	NULL	0	0	RUB	canonical_chunks/product_queries_details_BY_SEARCHES_ASC_C09R1.tsv
2186796339	1834968755	49	четкм в машину скорпион	BY_SEARCHES	ASCENDING	4794ebf7-393a-43b7-ba33-e0106b89a4be	C09R1	90	0	NULL	NULL	NULL	0	0	RUB	canonical_chunks/product_queries_details_BY_SEARCHES_ASC_C09R1.tsv
1602722942	1082862005	5	ловец снов в машину мужской	BY_GMV	DESCENDING	62668605-6207-4919-a24c-7009f249bc75	C01	1	0	NULL	NULL	NULL	0	1764	RUB	canonical_chunks/product_queries_details_BY_GMV_DESC_C01.tsv
1602722942	1082862005	5	руны подвеска дерево в машину на защиту	BY_GMV	DESCENDING	62668605-6207-4919-a24c-7009f249bc75	C01	2	0	NULL	NULL	NULL	0	1120	RUB	canonical_chunks/product_queries_details_BY_GMV_DESC_C01.tsv
1602722942	1082862005	5	оберег в машину	BY_GMV	DESCENDING	62668605-6207-4919-a24c-7009f249bc75	C01	3	1190	NULL	NULL	NULL	0	1089	RUB	canonical_chunks/product_queries_details_BY_GMV_DESC_C01.tsv
1602722942	1082862005	5	викинг подвеска в машину на зеркало	BY_GMV	DESCENDING	62668605-6207-4919-a24c-7009f249bc75	C01	4	1	NULL	NULL	NULL	0	825	RUB	canonical_chunks/product_queries_details_BY_GMV_DESC_C01.tsv
1602722942	1082862005	5	вегвезир	BY_GMV	DESCENDING	62668605-6207-4919-a24c-7009f249bc75	C01	5	3	NULL	NULL	NULL	0	820	RUB	canonical_chunks/product_queries_details_BY_GMV_DESC_C01.tsv
1602722942	1082862005	5	скандинавский оберег на зеркало в машину	BY_GMV	DESCENDING	62668605-6207-4919-a24c-7009f249bc75	C01	6	1	NULL	NULL	NULL	0	701	RUB	canonical_chunks/product_queries_details_BY_GMV_DESC_C01.tsv
1602722942	1082862005	5	четки славянские	BY_GMV	DESCENDING	62668605-6207-4919-a24c-7009f249bc75	C01	7	41	NULL	NULL	NULL	0	696	RUB	canonical_chunks/product_queries_details_BY_GMV_DESC_C01.tsv
1602722942	1082862005	5	вегвизир в машину	BY_GMV	DESCENDING	62668605-6207-4919-a24c-7009f249bc75	C01	8	1	NULL	NULL	NULL	0	688	RUB	canonical_chunks/product_queries_details_BY_GMV_DESC_C01.tsv
1602722942	1082862005	5	оберег в мвшину	BY_GMV	DESCENDING	62668605-6207-4919-a24c-7009f249bc75	C01	9	0	NULL	NULL	NULL	0	663	RUB	canonical_chunks/product_queries_details_BY_GMV_DESC_C01.tsv
1602722942	1082862005	5	четки руна	BY_GMV	DESCENDING	62668605-6207-4919-a24c-7009f249bc75	C01	10	1	NULL	NULL	NULL	0	531	RUB	canonical_chunks/product_queries_details_BY_GMV_DESC_C01.tsv
1602722942	1082862005	5	четки языческие	BY_GMV	DESCENDING	62668605-6207-4919-a24c-7009f249bc75	C01	11	6	NULL	NULL	NULL	0	0	RUB	canonical_chunks/product_queries_details_BY_GMV_DESC_C01.tsv
1602722942	1082862005	5	амулет от сглаза	BY_GMV	DESCENDING	62668605-6207-4919-a24c-7009f249bc75	C01	12	167	NULL	NULL	NULL	0	0	RUB	canonical_chunks/product_queries_details_BY_GMV_DESC_C01.tsv
1602722942	1082862005	5	рунический амулет	BY_GMV	DESCENDING	62668605-6207-4919-a24c-7009f249bc75	C01	13	20	NULL	NULL	NULL	0	0	RUB	canonical_chunks/product_queries_details_BY_GMV_DESC_C01.tsv
1602722942	1082862005	5	зеркало магическое	BY_GMV	DESCENDING	62668605-6207-4919-a24c-7009f249bc75	C01	14	31	NULL	NULL	NULL	0	0	RUB	canonical_chunks/product_queries_details_BY_GMV_DESC_C01.tsv
1602722942	1082862005	5	славянский амулет	BY_GMV	DESCENDING	62668605-6207-4919-a24c-7009f249bc75	C01	15	20	NULL	NULL	NULL	0	0	RUB	canonical_chunks/product_queries_details_BY_GMV_DESC_C01.tsv
1602717077	1082855228	4	шлем ужаса серебро	BY_GMV	DESCENDING	62668605-6207-4919-a24c-7009f249bc75	C01	16	44	NULL	NULL	NULL	0	1008	RUB	canonical_chunks/product_queries_details_BY_GMV_DESC_C01.tsv
1602717077	1082855228	4	в машину на зеркало	BY_GMV	DESCENDING	62668605-6207-4919-a24c-7009f249bc75	C01	17	120	NULL	NULL	NULL	0	810	RUB	canonical_chunks/product_queries_details_BY_GMV_DESC_C01.tsv
1602717077	1082855228	4	шлем брелок на	BY_GMV	DESCENDING	62668605-6207-4919-a24c-7009f249bc75	C01	18	1	NULL	NULL	NULL	0	0	RUB	canonical_chunks/product_queries_details_BY_GMV_DESC_C01.tsv
1602717077	1082855228	4	амулет оберег	BY_GMV	DESCENDING	62668605-6207-4919-a24c-7009f249bc75	C01	19	7	NULL	NULL	NULL	0	0	RUB	canonical_chunks/product_queries_details_BY_GMV_DESC_C01.tsv
1602717077	1082855228	4	бусина шлем ужаса	BY_GMV	DESCENDING	62668605-6207-4919-a24c-7009f249bc75	C01	20	3	NULL	NULL	NULL	0	0	RUB	canonical_chunks/product_queries_details_BY_GMV_DESC_C01.tsv
1602717077	1082855228	4	оберег зеркало на шею	BY_GMV	DESCENDING	62668605-6207-4919-a24c-7009f249bc75	C01	21	9	NULL	NULL	NULL	0	0	RUB	canonical_chunks/product_queries_details_BY_GMV_DESC_C01.tsv
1602717077	1082855228	4	крест зеркало	BY_GMV	DESCENDING	62668605-6207-4919-a24c-7009f249bc75	C01	22	1	NULL	NULL	NULL	0	0	RUB	canonical_chunks/product_queries_details_BY_GMV_DESC_C01.tsv
1602717077	1082855228	4	зеркальный оберег	BY_GMV	DESCENDING	62668605-6207-4919-a24c-7009f249bc75	C01	23	16	NULL	NULL	NULL	0	0	RUB	canonical_chunks/product_queries_details_BY_GMV_DESC_C01.tsv
1602717077	1082855228	4	браслет мужской с шлем ужаса	BY_GMV	DESCENDING	62668605-6207-4919-a24c-7009f249bc75	C01	24	1	NULL	NULL	NULL	0	0	RUB	canonical_chunks/product_queries_details_BY_GMV_DESC_C01.tsv
1602717077	1082855228	4	амулет в автомобиль	BY_GMV	DESCENDING	62668605-6207-4919-a24c-7009f249bc75	C01	25	8	NULL	NULL	NULL	0	0	RUB	canonical_chunks/product_queries_details_BY_GMV_DESC_C01.tsv
1602717077	1082855228	4	в машину на зеркало оберег	BY_GMV	DESCENDING	62668605-6207-4919-a24c-7009f249bc75	C01	26	1	NULL	NULL	NULL	0	0	RUB	canonical_chunks/product_queries_details_BY_GMV_DESC_C01.tsv
1602717077	1082855228	4	подвеска в машину оберег на зеркало	BY_GMV	DESCENDING	62668605-6207-4919-a24c-7009f249bc75	C01	27	1	NULL	NULL	NULL	0	0	RUB	canonical_chunks/product_queries_details_BY_GMV_DESC_C01.tsv
1602717077	1082855228	4	зеркало на шлем.	BY_GMV	DESCENDING	62668605-6207-4919-a24c-7009f249bc75	C01	28	1	NULL	NULL	NULL	0	0	RUB	canonical_chunks/product_queries_details_BY_GMV_DESC_C01.tsv
1602717077	1082855228	4	браслет шлем ужаса серебро	BY_GMV	DESCENDING	62668605-6207-4919-a24c-7009f249bc75	C01	29	1	NULL	NULL	NULL	0	0	RUB	canonical_chunks/product_queries_details_BY_GMV_DESC_C01.tsv
1602717077	1082855228	4	шлем ужаса шарм	BY_GMV	DESCENDING	62668605-6207-4919-a24c-7009f249bc75	C01	30	1	NULL	NULL	NULL	0	0	RUB	canonical_chunks/product_queries_details_BY_GMV_DESC_C01.tsv
1602715556	1082852354	3	самурайский оберег	BY_GMV	DESCENDING	62668605-6207-4919-a24c-7009f249bc75	C01	31	0	NULL	NULL	NULL	0	690	RUB	canonical_chunks/product_queries_details_BY_GMV_DESC_C01.tsv
1602715556	1082852354	3	аксессуары самурая	BY_GMV	DESCENDING	62668605-6207-4919-a24c-7009f249bc75	C01	32	2	NULL	NULL	NULL	0	0	RUB	canonical_chunks/product_queries_details_BY_GMV_DESC_C01.tsv
1602715556	1082852354	3	талисман из дерева	BY_GMV	DESCENDING	62668605-6207-4919-a24c-7009f249bc75	C01	33	2	NULL	NULL	NULL	0	0	RUB	canonical_chunks/product_queries_details_BY_GMV_DESC_C01.tsv
1602715556	1082852354	3	герб россии на зеркало деревянный в машину	BY_GMV	DESCENDING	62668605-6207-4919-a24c-7009f249bc75	C01	34	1	NULL	NULL	NULL	0	0	RUB	canonical_chunks/product_queries_details_BY_GMV_DESC_C01.tsv
1602715556	1082852354	3	брелок прапорщик полиции в машину на зеркало	BY_GMV	DESCENDING	62668605-6207-4919-a24c-7009f249bc75	C01	35	1	NULL	NULL	NULL	0	0	RUB	canonical_chunks/product_queries_details_BY_GMV_DESC_C01.tsv
1602715556	1082852354	3	подвески на зеркало	BY_GMV	DESCENDING	62668605-6207-4919-a24c-7009f249bc75	C01	36	2	NULL	NULL	NULL	0	0	RUB	canonical_chunks/product_queries_details_BY_GMV_DESC_C01.tsv
1602715556	1082852354	3	бутсы футбольные на зеркало подвеска	BY_GMV	DESCENDING	62668605-6207-4919-a24c-7009f249bc75	C01	37	1	NULL	NULL	NULL	0	0	RUB	canonical_chunks/product_queries_details_BY_GMV_DESC_C01.tsv
1602715556	1082852354	3	подвеска руна	BY_GMV	DESCENDING	62668605-6207-4919-a24c-7009f249bc75	C01	38	66	NULL	NULL	NULL	0	0	RUB	canonical_chunks/product_queries_details_BY_GMV_DESC_C01.tsv
1602715556	1082852354	3	машинки с подвеской	BY_GMV	DESCENDING	62668605-6207-4919-a24c-7009f249bc75	C01	39	3	NULL	NULL	NULL	0	0	RUB	canonical_chunks/product_queries_details_BY_GMV_DESC_C01.tsv
1602715556	1082852354	3	подвеска из дерева в машину	BY_GMV	DESCENDING	62668605-6207-4919-a24c-7009f249bc75	C01	40	3	NULL	NULL	NULL	0	0	RUB	canonical_chunks/product_queries_details_BY_GMV_DESC_C01.tsv
1602715556	1082852354	3	авторская подвеска на зеркало газель	BY_GMV	DESCENDING	62668605-6207-4919-a24c-7009f249bc75	C01	41	1	NULL	NULL	NULL	0	0	RUB	canonical_chunks/product_queries_details_BY_GMV_DESC_C01.tsv
1602715556	1082852354	3	талисман японский	BY_GMV	DESCENDING	62668605-6207-4919-a24c-7009f249bc75	C01	42	5	NULL	NULL	NULL	0	0	RUB	canonical_chunks/product_queries_details_BY_GMV_DESC_C01.tsv
1602715556	1082852354	3	бусы на зерколо	BY_GMV	DESCENDING	62668605-6207-4919-a24c-7009f249bc75	C01	43	1	NULL	NULL	NULL	0	0	RUB	canonical_chunks/product_queries_details_BY_GMV_DESC_C01.tsv
1602715556	1082852354	3	самурайские аксессуары	BY_GMV	DESCENDING	62668605-6207-4919-a24c-7009f249bc75	C01	44	2	NULL	NULL	NULL	0	0	RUB	canonical_chunks/product_queries_details_BY_GMV_DESC_C01.tsv
1602715556	1082852354	3	браслет зеркало оберег	BY_GMV	DESCENDING	62668605-6207-4919-a24c-7009f249bc75	C01	45	1	NULL	NULL	NULL	0	0	RUB	canonical_chunks/product_queries_details_BY_GMV_DESC_C01.tsv
1611643847	1092556350	6	амулеты обереги и талисманы	BY_GMV	DESCENDING	62668605-6207-4919-a24c-7009f249bc75	C01	46	217	NULL	NULL	NULL	0	0	RUB	canonical_chunks/product_queries_details_BY_GMV_DESC_C01.tsv
1611643847	1092556350	6	оберег в машину от дерева жизни на зеркало	BY_GMV	DESCENDING	62668605-6207-4919-a24c-7009f249bc75	C01	47	1	NULL	NULL	NULL	0	0	RUB	canonical_chunks/product_queries_details_BY_GMV_DESC_C01.tsv
1611643847	1092556350	6	копъё	BY_GMV	DESCENDING	62668605-6207-4919-a24c-7009f249bc75	C01	48	1	NULL	NULL	NULL	0	0	RUB	canonical_chunks/product_queries_details_BY_GMV_DESC_C01.tsv
1611643847	1092556350	6	узел оберег	BY_GMV	DESCENDING	62668605-6207-4919-a24c-7009f249bc75	C01	49	1	NULL	NULL	NULL	0	0	RUB	canonical_chunks/product_queries_details_BY_GMV_DESC_C01.tsv
1611643847	1092556350	6	подвеска в машину на зеркало русская красавица	BY_GMV	DESCENDING	62668605-6207-4919-a24c-7009f249bc75	C01	50	1	NULL	NULL	NULL	0	0	RUB	canonical_chunks/product_queries_details_BY_GMV_DESC_C01.tsv
1611643847	1092556350	6	сковорода гугнир	BY_GMV	DESCENDING	62668605-6207-4919-a24c-7009f249bc75	C01	51	1	NULL	NULL	NULL	0	0	RUB	canonical_chunks/product_queries_details_BY_GMV_DESC_C01.tsv
1611643847	1092556350	6	копья деревянные	BY_GMV	DESCENDING	62668605-6207-4919-a24c-7009f249bc75	C01	52	1	NULL	NULL	NULL	0	0	RUB	canonical_chunks/product_queries_details_BY_GMV_DESC_C01.tsv
1611643847	1092556350	6	голова хищника в машину подвеска	BY_GMV	DESCENDING	62668605-6207-4919-a24c-7009f249bc75	C01	53	1	NULL	NULL	NULL	0	0	RUB	canonical_chunks/product_queries_details_BY_GMV_DESC_C01.tsv
1611643847	1092556350	6	гунгнир копьём одиума	BY_GMV	DESCENDING	62668605-6207-4919-a24c-7009f249bc75	C01	54	0	NULL	NULL	NULL	0	0	RUB	canonical_chunks/product_queries_details_BY_GMV_DESC_C01.tsv
1611643847	1092556350	6	в автомобиль подвеска	BY_GMV	DESCENDING	62668605-6207-4919-a24c-7009f249bc75	C01	55	4	NULL	NULL	NULL	0	0	RUB	canonical_chunks/product_queries_details_BY_GMV_DESC_C01.tsv
1611643847	1092556350	6	подвеска в машину на зеркало женская оберег	BY_GMV	DESCENDING	62668605-6207-4919-a24c-7009f249bc75	C01	56	1	NULL	NULL	NULL	0	0	RUB	canonical_chunks/product_queries_details_BY_GMV_DESC_C01.tsv
1611643847	1092556350	6	четки автомобильные скандинавские с рунами	BY_GMV	DESCENDING	62668605-6207-4919-a24c-7009f249bc75	C01	57	1	NULL	NULL	NULL	0	0	RUB	canonical_chunks/product_queries_details_BY_GMV_DESC_C01.tsv
1611643847	1092556350	6	язычество оберег	BY_GMV	DESCENDING	62668605-6207-4919-a24c-7009f249bc75	C01	58	1	NULL	NULL	NULL	0	0	RUB	canonical_chunks/product_queries_details_BY_GMV_DESC_C01.tsv
1611643847	1092556350	6	мощные амулеты	BY_GMV	DESCENDING	62668605-6207-4919-a24c-7009f249bc75	C01	59	1	NULL	NULL	NULL	0	0	RUB	canonical_chunks/product_queries_details_BY_GMV_DESC_C01.tsv
1611643847	1092556350	6	руна гунгнира футболка	BY_GMV	DESCENDING	62668605-6207-4919-a24c-7009f249bc75	C01	60	1	NULL	NULL	NULL	0	0	RUB	canonical_chunks/product_queries_details_BY_GMV_DESC_C01.tsv
1623753672	1106060257	8	оберег в машину	BY_GMV	DESCENDING	6e32274a-4da3-4e85-b5da-b48ee664d660	C02	1	735	NULL	NULL	NULL	0	907	RUB	canonical_chunks/product_queries_details_BY_GMV_DESC_C02.tsv
1623753672	1106060257	8	подвеска на зеркало в машину древо жизни	BY_GMV	DESCENDING	6e32274a-4da3-4e85-b5da-b48ee664d660	C02	2	1	NULL	NULL	NULL	0	545	RUB	canonical_chunks/product_queries_details_BY_GMV_DESC_C02.tsv
1623753672	1106060257	8	амулет славянский в машину на зеркало	BY_GMV	DESCENDING	6e32274a-4da3-4e85-b5da-b48ee664d660	C02	3	1	NULL	NULL	NULL	0	0	RUB	canonical_chunks/product_queries_details_BY_GMV_DESC_C02.tsv
1623753672	1106060257	8	подвеска на зеркало автомобиля в машину	BY_GMV	DESCENDING	6e32274a-4da3-4e85-b5da-b48ee664d660	C02	4	10	NULL	NULL	NULL	0	0	RUB	canonical_chunks/product_queries_details_BY_GMV_DESC_C02.tsv
1623753672	1106060257	8	талисман подвеска в машину	BY_GMV	DESCENDING	6e32274a-4da3-4e85-b5da-b48ee664d660	C02	5	1	NULL	NULL	NULL	0	0	RUB	canonical_chunks/product_queries_details_BY_GMV_DESC_C02.tsv
1623753672	1106060257	8	на зеркало в машину подвеска уголовный розыск	BY_GMV	DESCENDING	6e32274a-4da3-4e85-b5da-b48ee664d660	C02	6	1	NULL	NULL	NULL	0	0	RUB	canonical_chunks/product_queries_details_BY_GMV_DESC_C02.tsv
1623753672	1106060257	8	оберег из зеркал	BY_GMV	DESCENDING	6e32274a-4da3-4e85-b5da-b48ee664d660	C02	7	1	NULL	NULL	NULL	0	0	RUB	canonical_chunks/product_queries_details_BY_GMV_DESC_C02.tsv
1623753672	1106060257	8	дерево жизни валькнут	BY_GMV	DESCENDING	6e32274a-4da3-4e85-b5da-b48ee664d660	C02	8	1	NULL	NULL	NULL	0	0	RUB	canonical_chunks/product_queries_details_BY_GMV_DESC_C02.tsv
1623753672	1106060257	8	в автопутешествие в машине для путешествий людям	BY_GMV	DESCENDING	6e32274a-4da3-4e85-b5da-b48ee664d660	C02	9	1	NULL	NULL	NULL	0	0	RUB	canonical_chunks/product_queries_details_BY_GMV_DESC_C02.tsv
1623753672	1106060257	8	крест в машину на зеркало армянский двухсторону	BY_GMV	DESCENDING	6e32274a-4da3-4e85-b5da-b48ee664d660	C02	10	1	NULL	NULL	NULL	0	0	RUB	canonical_chunks/product_queries_details_BY_GMV_DESC_C02.tsv
1623753672	1106060257	8	древо жизни кресты	BY_GMV	DESCENDING	6e32274a-4da3-4e85-b5da-b48ee664d660	C02	11	1	NULL	NULL	NULL	0	0	RUB	canonical_chunks/product_queries_details_BY_GMV_DESC_C02.tsv
1623753672	1106060257	8	амулет в машину славянский	BY_GMV	DESCENDING	6e32274a-4da3-4e85-b5da-b48ee664d660	C02	12	1	NULL	NULL	NULL	0	0	RUB	canonical_chunks/product_queries_details_BY_GMV_DESC_C02.tsv
1623753672	1106060257	8	деревянный амулет	BY_GMV	DESCENDING	6e32274a-4da3-4e85-b5da-b48ee664d660	C02	13	1	NULL	NULL	NULL	0	0	RUB	canonical_chunks/product_queries_details_BY_GMV_DESC_C02.tsv
1623753672	1106060257	8	подвеска дерево жизни на зеркале	BY_GMV	DESCENDING	6e32274a-4da3-4e85-b5da-b48ee664d660	C02	14	1	NULL	NULL	NULL	0	0	RUB	canonical_chunks/product_queries_details_BY_GMV_DESC_C02.tsv
1623753672	1106060257	8	славянские обереги мужские в машину на зеркало	BY_GMV	DESCENDING	6e32274a-4da3-4e85-b5da-b48ee664d660	C02	15	1	NULL	NULL	NULL	0	0	RUB	canonical_chunks/product_queries_details_BY_GMV_DESC_C02.tsv
1629553898	1112723580	10	подвеска в машину на зеркало инь янь дракон	BY_GMV	DESCENDING	6e32274a-4da3-4e85-b5da-b48ee664d660	C02	16	1	NULL	NULL	NULL	0	904	RUB	canonical_chunks/product_queries_details_BY_GMV_DESC_C02.tsv
1629553898	1112723580	10	талисман от сглаза в машину на зеркало	BY_GMV	DESCENDING	6e32274a-4da3-4e85-b5da-b48ee664d660	C02	17	1	NULL	NULL	NULL	0	812	RUB	canonical_chunks/product_queries_details_BY_GMV_DESC_C02.tsv
1629553898	1112723580	10	оберег в машину на зеркало прикольный	BY_GMV	DESCENDING	6e32274a-4da3-4e85-b5da-b48ee664d660	C02	18	1	NULL	NULL	NULL	0	0	RUB	canonical_chunks/product_queries_details_BY_GMV_DESC_C02.tsv
1629553898	1112723580	10	ботинки инь и ян	BY_GMV	DESCENDING	6e32274a-4da3-4e85-b5da-b48ee664d660	C02	19	1	NULL	NULL	NULL	0	0	RUB	canonical_chunks/product_queries_details_BY_GMV_DESC_C02.tsv
1629553898	1112723580	10	декоративная подвеска в машину	BY_GMV	DESCENDING	6e32274a-4da3-4e85-b5da-b48ee664d660	C02	20	3	NULL	NULL	NULL	0	0	RUB	canonical_chunks/product_queries_details_BY_GMV_DESC_C02.tsv
1629553898	1112723580	10	в машину брелок на зеркало бусы	BY_GMV	DESCENDING	6e32274a-4da3-4e85-b5da-b48ee664d660	C02	21	1	NULL	NULL	NULL	0	0	RUB	canonical_chunks/product_queries_details_BY_GMV_DESC_C02.tsv
1629553898	1112723580	10	инь янь эмблема	BY_GMV	DESCENDING	6e32274a-4da3-4e85-b5da-b48ee664d660	C02	22	1	NULL	NULL	NULL	0	0	RUB	canonical_chunks/product_queries_details_BY_GMV_DESC_C02.tsv
1629553898	1112723580	10	люстра в виде инь янь	BY_GMV	DESCENDING	6e32274a-4da3-4e85-b5da-b48ee664d660	C02	23	1	NULL	NULL	NULL	0	0	RUB	canonical_chunks/product_queries_details_BY_GMV_DESC_C02.tsv
1629553898	1112723580	10	герб россии на зеркало деревянный в машину	BY_GMV	DESCENDING	6e32274a-4da3-4e85-b5da-b48ee664d660	C02	24	1	NULL	NULL	NULL	0	0	RUB	canonical_chunks/product_queries_details_BY_GMV_DESC_C02.tsv
1629553898	1112723580	10	3д подвеска в машину на зеркало	BY_GMV	DESCENDING	6e32274a-4da3-4e85-b5da-b48ee664d660	C02	25	1	NULL	NULL	NULL	0	0	RUB	canonical_chunks/product_queries_details_BY_GMV_DESC_C02.tsv
1629553898	1112723580	10	брелок в машину на зеркало женский	BY_GMV	DESCENDING	6e32274a-4da3-4e85-b5da-b48ee664d660	C02	26	7	NULL	NULL	NULL	0	0	RUB	canonical_chunks/product_queries_details_BY_GMV_DESC_C02.tsv
1629553898	1112723580	10	мужской кулон инь ян	BY_GMV	DESCENDING	6e32274a-4da3-4e85-b5da-b48ee664d660	C02	27	1	NULL	NULL	NULL	0	0	RUB	canonical_chunks/product_queries_details_BY_GMV_DESC_C02.tsv
1629553898	1112723580	10	амулет в машину мусульманский подвеска мужская	BY_GMV	DESCENDING	6e32274a-4da3-4e85-b5da-b48ee664d660	C02	28	1	NULL	NULL	NULL	0	0	RUB	canonical_chunks/product_queries_details_BY_GMV_DESC_C02.tsv
1629553898	1112723580	10	подвеска инь янь золото	BY_GMV	DESCENDING	6e32274a-4da3-4e85-b5da-b48ee664d660	C02	29	2	NULL	NULL	NULL	0	0	RUB	canonical_chunks/product_queries_details_BY_GMV_DESC_C02.tsv
1629553898	1112723580	10	инь ян свечи	BY_GMV	DESCENDING	6e32274a-4da3-4e85-b5da-b48ee664d660	C02	30	1	NULL	NULL	NULL	0	0	RUB	canonical_chunks/product_queries_details_BY_GMV_DESC_C02.tsv
1630040194	1113288401	12	славянский оберег в машину	BY_GMV	DESCENDING	6e32274a-4da3-4e85-b5da-b48ee664d660	C02	31	28	NULL	NULL	NULL	0	899	RUB	canonical_chunks/product_queries_details_BY_GMV_DESC_C02.tsv
1630040194	1113288401	12	подвеска амулет	BY_GMV	DESCENDING	6e32274a-4da3-4e85-b5da-b48ee664d660	C02	32	6	NULL	NULL	NULL	0	0	RUB	canonical_chunks/product_queries_details_BY_GMV_DESC_C02.tsv
1630040194	1113288401	12	оберег в машину славянский	BY_GMV	DESCENDING	6e32274a-4da3-4e85-b5da-b48ee664d660	C02	33	29	NULL	NULL	NULL	0	0	RUB	canonical_chunks/product_queries_details_BY_GMV_DESC_C02.tsv
1630040194	1113288401	12	авто подвеска в машину	BY_GMV	DESCENDING	6e32274a-4da3-4e85-b5da-b48ee664d660	C02	34	1	NULL	NULL	NULL	0	0	RUB	canonical_chunks/product_queries_details_BY_GMV_DESC_C02.tsv
1630040194	1113288401	12	атрибутика зенит в машину на зеркало	BY_GMV	DESCENDING	6e32274a-4da3-4e85-b5da-b48ee664d660	C02	35	1	NULL	NULL	NULL	0	0	RUB	canonical_chunks/product_queries_details_BY_GMV_DESC_C02.tsv
1630040194	1113288401	12	амулет славянские боги	BY_GMV	DESCENDING	6e32274a-4da3-4e85-b5da-b48ee664d660	C02	36	1	NULL	NULL	NULL	0	0	RUB	canonical_chunks/product_queries_details_BY_GMV_DESC_C02.tsv
1630040194	1113288401	12	джокер чернобога	BY_GMV	DESCENDING	6e32274a-4da3-4e85-b5da-b48ee664d660	C02	37	1	NULL	NULL	NULL	0	0	RUB	canonical_chunks/product_queries_details_BY_GMV_DESC_C02.tsv
1630040194	1113288401	12	амулет с зеркалом подвеска	BY_GMV	DESCENDING	6e32274a-4da3-4e85-b5da-b48ee664d660	C02	38	1	NULL	NULL	NULL	0	0	RUB	canonical_chunks/product_queries_details_BY_GMV_DESC_C02.tsv
1630040194	1113288401	12	оберег в машину мусульманский наклейка	BY_GMV	DESCENDING	6e32274a-4da3-4e85-b5da-b48ee664d660	C02	39	1	NULL	NULL	NULL	0	0	RUB	canonical_chunks/product_queries_details_BY_GMV_DESC_C02.tsv
1630040194	1113288401	12	амулеты славянских богов	BY_GMV	DESCENDING	6e32274a-4da3-4e85-b5da-b48ee664d660	C02	40	1	NULL	NULL	NULL	0	0	RUB	canonical_chunks/product_queries_details_BY_GMV_DESC_C02.tsv
1630040194	1113288401	12	четки славянские	BY_GMV	DESCENDING	6e32274a-4da3-4e85-b5da-b48ee664d660	C02	41	40	NULL	NULL	NULL	0	0	RUB	canonical_chunks/product_queries_details_BY_GMV_DESC_C02.tsv
1630040194	1113288401	12	бусина чернобог	BY_GMV	DESCENDING	6e32274a-4da3-4e85-b5da-b48ee664d660	C02	42	1	NULL	NULL	NULL	0	0	RUB	canonical_chunks/product_queries_details_BY_GMV_DESC_C02.tsv
1630040194	1113288401	12	брелок на авто славянская на зеркало	BY_GMV	DESCENDING	6e32274a-4da3-4e85-b5da-b48ee664d660	C02	43	1	NULL	NULL	NULL	0	0	RUB	canonical_chunks/product_queries_details_BY_GMV_DESC_C02.tsv
1630040194	1113288401	12	амулет в машину	BY_GMV	DESCENDING	6e32274a-4da3-4e85-b5da-b48ee664d660	C02	44	61	NULL	NULL	NULL	0	0	RUB	canonical_chunks/product_queries_details_BY_GMV_DESC_C02.tsv
1630040194	1113288401	12	армянский барабан на машину подвеска	BY_GMV	DESCENDING	6e32274a-4da3-4e85-b5da-b48ee664d660	C02	45	1	NULL	NULL	NULL	0	0	RUB	canonical_chunks/product_queries_details_BY_GMV_DESC_C02.tsv
1630033296	1113280875	11	молд белобог	BY_GMV	DESCENDING	6e32274a-4da3-4e85-b5da-b48ee664d660	C02	46	1	NULL	NULL	NULL	0	805	RUB	canonical_chunks/product_queries_details_BY_GMV_DESC_C02.tsv
1630033296	1113280875	11	чур оберег в машину	BY_GMV	DESCENDING	6e32274a-4da3-4e85-b5da-b48ee664d660	C02	47	1	NULL	NULL	NULL	0	475	RUB	canonical_chunks/product_queries_details_BY_GMV_DESC_C02.tsv
1630033296	1113280875	11	зеркалл магисеское	BY_GMV	DESCENDING	6e32274a-4da3-4e85-b5da-b48ee664d660	C02	48	1	NULL	NULL	NULL	0	0	RUB	canonical_chunks/product_queries_details_BY_GMV_DESC_C02.tsv
1630033296	1113280875	11	славянскте обереги от сглаза	BY_GMV	DESCENDING	6e32274a-4da3-4e85-b5da-b48ee664d660	C02	49	1	NULL	NULL	NULL	0	0	RUB	canonical_chunks/product_queries_details_BY_GMV_DESC_C02.tsv
1630033296	1113280875	11	амулеты из дерева	BY_GMV	DESCENDING	6e32274a-4da3-4e85-b5da-b48ee664d660	C02	50	1	NULL	NULL	NULL	0	0	RUB	canonical_chunks/product_queries_details_BY_GMV_DESC_C02.tsv
1630033296	1113280875	11	руны славянские	BY_GMV	DESCENDING	6e32274a-4da3-4e85-b5da-b48ee664d660	C02	51	88	NULL	NULL	NULL	0	0	RUB	canonical_chunks/product_queries_details_BY_GMV_DESC_C02.tsv
1630033296	1113280875	11	обереги в машину	BY_GMV	DESCENDING	6e32274a-4da3-4e85-b5da-b48ee664d660	C02	52	3	NULL	NULL	NULL	0	0	RUB	canonical_chunks/product_queries_details_BY_GMV_DESC_C02.tsv
1630033296	1113280875	11	славянское	BY_GMV	DESCENDING	6e32274a-4da3-4e85-b5da-b48ee664d660	C02	53	6	NULL	NULL	NULL	0	0	RUB	canonical_chunks/product_queries_details_BY_GMV_DESC_C02.tsv
1630033296	1113280875	11	оберег в машину от дерева жизни на зеркало	BY_GMV	DESCENDING	6e32274a-4da3-4e85-b5da-b48ee664d660	C02	54	1	NULL	NULL	NULL	0	0	RUB	canonical_chunks/product_queries_details_BY_GMV_DESC_C02.tsv
1630033296	1113280875	11	амулет от сглаза в автомобиль	BY_GMV	DESCENDING	6e32274a-4da3-4e85-b5da-b48ee664d660	C02	55	1	NULL	NULL	NULL	0	0	RUB	canonical_chunks/product_queries_details_BY_GMV_DESC_C02.tsv
1630033296	1113280875	11	славянские обереги в машину для мужчин	BY_GMV	DESCENDING	6e32274a-4da3-4e85-b5da-b48ee664d660	C02	56	1	NULL	NULL	NULL	0	0	RUB	canonical_chunks/product_queries_details_BY_GMV_DESC_C02.tsv
1630033296	1113280875	11	подвеска в машину на зеркало dont drive so fast	BY_GMV	DESCENDING	6e32274a-4da3-4e85-b5da-b48ee664d660	C02	57	1	NULL	NULL	NULL	0	0	RUB	canonical_chunks/product_queries_details_BY_GMV_DESC_C02.tsv
1630033296	1113280875	11	цепочка славянская	BY_GMV	DESCENDING	6e32274a-4da3-4e85-b5da-b48ee664d660	C02	58	3	NULL	NULL	NULL	0	0	RUB	canonical_chunks/product_queries_details_BY_GMV_DESC_C02.tsv
1630033296	1113280875	11	в автомобиль подвеска	BY_GMV	DESCENDING	6e32274a-4da3-4e85-b5da-b48ee664d660	C02	59	2	NULL	NULL	NULL	0	0	RUB	canonical_chunks/product_queries_details_BY_GMV_DESC_C02.tsv
1630033296	1113280875	11	подвеска на зеркало у машину	BY_GMV	DESCENDING	6e32274a-4da3-4e85-b5da-b48ee664d660	C02	60	1	NULL	NULL	NULL	0	0	RUB	canonical_chunks/product_queries_details_BY_GMV_DESC_C02.tsv
1611695246	1092558299	7	валькнут подвеска в машину	BY_GMV	DESCENDING	6e32274a-4da3-4e85-b5da-b48ee664d660	C02	61	2	NULL	NULL	NULL	0	746	RUB	canonical_chunks/product_queries_details_BY_GMV_DESC_C02.tsv
1611695246	1092558299	7	зеркало толи	BY_GMV	DESCENDING	6e32274a-4da3-4e85-b5da-b48ee664d660	C02	62	3	NULL	NULL	NULL	0	0	RUB	canonical_chunks/product_queries_details_BY_GMV_DESC_C02.tsv
1611695246	1092558299	7	машинка минивен с подвеской на крыше	BY_GMV	DESCENDING	6e32274a-4da3-4e85-b5da-b48ee664d660	C02	63	1	NULL	NULL	NULL	0	0	RUB	canonical_chunks/product_queries_details_BY_GMV_DESC_C02.tsv
1611695246	1092558299	7	волчья лапа подвеска на зеркало в машину	BY_GMV	DESCENDING	6e32274a-4da3-4e85-b5da-b48ee664d660	C02	64	1	NULL	NULL	NULL	0	0	RUB	canonical_chunks/product_queries_details_BY_GMV_DESC_C02.tsv
1611695246	1092558299	7	подвеска зеркало автомобиля	BY_GMV	DESCENDING	6e32274a-4da3-4e85-b5da-b48ee664d660	C02	65	1	NULL	NULL	NULL	0	0	RUB	canonical_chunks/product_queries_details_BY_GMV_DESC_C02.tsv
1611695246	1092558299	7	оберег ворон	BY_GMV	DESCENDING	6e32274a-4da3-4e85-b5da-b48ee664d660	C02	66	2	NULL	NULL	NULL	0	0	RUB	canonical_chunks/product_queries_details_BY_GMV_DESC_C02.tsv
1611695246	1092558299	7	подвеска славянская на зеркало автомобиля	BY_GMV	DESCENDING	6e32274a-4da3-4e85-b5da-b48ee664d660	C02	67	2	NULL	NULL	NULL	0	0	RUB	canonical_chunks/product_queries_details_BY_GMV_DESC_C02.tsv
1611695246	1092558299	7	четки в машину славянские обереги	BY_GMV	DESCENDING	6e32274a-4da3-4e85-b5da-b48ee664d660	C02	68	1	NULL	NULL	NULL	0	0	RUB	canonical_chunks/product_queries_details_BY_GMV_DESC_C02.tsv
1611695246	1092558299	7	славянский	BY_GMV	DESCENDING	6e32274a-4da3-4e85-b5da-b48ee664d660	C02	69	73	NULL	NULL	NULL	0	0	RUB	canonical_chunks/product_queries_details_BY_GMV_DESC_C02.tsv
1611695246	1092558299	7	узел подвеска в машину	BY_GMV	DESCENDING	6e32274a-4da3-4e85-b5da-b48ee664d660	C02	70	1	NULL	NULL	NULL	0	0	RUB	canonical_chunks/product_queries_details_BY_GMV_DESC_C02.tsv
1611695246	1092558299	7	майка валькнут	BY_GMV	DESCENDING	6e32274a-4da3-4e85-b5da-b48ee664d660	C02	71	2	NULL	NULL	NULL	0	0	RUB	canonical_chunks/product_queries_details_BY_GMV_DESC_C02.tsv
1611695246	1092558299	7	ярость павшего амулет hollow	BY_GMV	DESCENDING	6e32274a-4da3-4e85-b5da-b48ee664d660	C02	72	1	NULL	NULL	NULL	0	0	RUB	canonical_chunks/product_queries_details_BY_GMV_DESC_C02.tsv
1611695246	1092558299	7	подвеска в машину на зеркало юрта	BY_GMV	DESCENDING	6e32274a-4da3-4e85-b5da-b48ee664d660	C02	73	0	NULL	NULL	NULL	0	0	RUB	canonical_chunks/product_queries_details_BY_GMV_DESC_C02.tsv
1611695246	1092558299	7	амулеты языческие	BY_GMV	DESCENDING	6e32274a-4da3-4e85-b5da-b48ee664d660	C02	74	2	NULL	NULL	NULL	0	0	RUB	canonical_chunks/product_queries_details_BY_GMV_DESC_C02.tsv
1611695246	1092558299	7	в машину на зеркало	BY_GMV	DESCENDING	6e32274a-4da3-4e85-b5da-b48ee664d660	C02	75	6	NULL	NULL	NULL	0	0	RUB	canonical_chunks/product_queries_details_BY_GMV_DESC_C02.tsv
1629493686	1112665646	9	бабой яга в машину подвеска	BY_GMV	DESCENDING	6e32274a-4da3-4e85-b5da-b48ee664d660	C02	76	1	NULL	NULL	NULL	0	0	RUB	canonical_chunks/product_queries_details_BY_GMV_DESC_C02.tsv
1629493686	1112665646	9	подвеска в машину на зеркало пкм	BY_GMV	DESCENDING	6e32274a-4da3-4e85-b5da-b48ee664d660	C02	77	1	NULL	NULL	NULL	0	0	RUB	canonical_chunks/product_queries_details_BY_GMV_DESC_C02.tsv
1629493686	1112665646	9	подвеска на зеркало в машину нисан	BY_GMV	DESCENDING	6e32274a-4da3-4e85-b5da-b48ee664d660	C02	78	1	NULL	NULL	NULL	0	0	RUB	canonical_chunks/product_queries_details_BY_GMV_DESC_C02.tsv
1629493686	1112665646	9	оберег шаман	BY_GMV	DESCENDING	6e32274a-4da3-4e85-b5da-b48ee664d660	C02	79	2	NULL	NULL	NULL	0	0	RUB	canonical_chunks/product_queries_details_BY_GMV_DESC_C02.tsv
1629493686	1112665646	9	подвеска оберег с	BY_GMV	DESCENDING	6e32274a-4da3-4e85-b5da-b48ee664d660	C02	80	1	NULL	NULL	NULL	0	0	RUB	canonical_chunks/product_queries_details_BY_GMV_DESC_C02.tsv
1629493686	1112665646	9	чётки	BY_GMV	DESCENDING	6e32274a-4da3-4e85-b5da-b48ee664d660	C02	81	259	NULL	NULL	NULL	0	0	RUB	canonical_chunks/product_queries_details_BY_GMV_DESC_C02.tsv
1629493686	1112665646	9	подвеска в машину на зеркало череп	BY_GMV	DESCENDING	6e32274a-4da3-4e85-b5da-b48ee664d660	C02	82	1	NULL	NULL	NULL	0	0	RUB	canonical_chunks/product_queries_details_BY_GMV_DESC_C02.tsv
1629493686	1112665646	9	подвеска шаманский оберег в машину	BY_GMV	DESCENDING	6e32274a-4da3-4e85-b5da-b48ee664d660	C02	83	1	NULL	NULL	NULL	0	0	RUB	canonical_chunks/product_queries_details_BY_GMV_DESC_C02.tsv
1629493686	1112665646	9	коловрат в машину на зеркало	BY_GMV	DESCENDING	6e32274a-4da3-4e85-b5da-b48ee664d660	C02	84	2	NULL	NULL	NULL	0	0	RUB	canonical_chunks/product_queries_details_BY_GMV_DESC_C02.tsv
1629493686	1112665646	9	подвеска в машину на зеркало шкода	BY_GMV	DESCENDING	6e32274a-4da3-4e85-b5da-b48ee664d660	C02	85	1	NULL	NULL	NULL	0	0	RUB	canonical_chunks/product_queries_details_BY_GMV_DESC_C02.tsv
1629493686	1112665646	9	подвеска в машину род войск	BY_GMV	DESCENDING	6e32274a-4da3-4e85-b5da-b48ee664d660	C02	86	1	NULL	NULL	NULL	0	0	RUB	canonical_chunks/product_queries_details_BY_GMV_DESC_C02.tsv
1629493686	1112665646	9	коловрат в машину	BY_GMV	DESCENDING	6e32274a-4da3-4e85-b5da-b48ee664d660	C02	87	4	NULL	NULL	NULL	0	0	RUB	canonical_chunks/product_queries_details_BY_GMV_DESC_C02.tsv
1629493686	1112665646	9	подвеска на зеркало в машину уаз	BY_GMV	DESCENDING	6e32274a-4da3-4e85-b5da-b48ee664d660	C02	88	1	NULL	NULL	NULL	0	0	RUB	canonical_chunks/product_queries_details_BY_GMV_DESC_C02.tsv
1629493686	1112665646	9	подвеска ом	BY_GMV	DESCENDING	6e32274a-4da3-4e85-b5da-b48ee664d660	C02	89	82	NULL	NULL	NULL	0	0	RUB	canonical_chunks/product_queries_details_BY_GMV_DESC_C02.tsv
1629493686	1112665646	9	на зеркало в машину брелок	BY_GMV	DESCENDING	6e32274a-4da3-4e85-b5da-b48ee664d660	C02	90	2	NULL	NULL	NULL	0	0	RUB	canonical_chunks/product_queries_details_BY_GMV_DESC_C02.tsv
1636048691	1119965443	14	оберег в машину	BY_GMV	DESCENDING	aeb58c6c-cf49-4559-990f-f422897fb8f5	C03	1	1190	NULL	NULL	NULL	0	2780	RUB	canonical_chunks/product_queries_details_BY_GMV_DESC_C03.tsv
1636048691	1119965443	14	четки славянские	BY_GMV	DESCENDING	aeb58c6c-cf49-4559-990f-f422897fb8f5	C03	2	13	NULL	NULL	NULL	0	1739	RUB	canonical_chunks/product_queries_details_BY_GMV_DESC_C03.tsv
1636048691	1119965443	14	от сглаза оберег в машину	BY_GMV	DESCENDING	aeb58c6c-cf49-4559-990f-f422897fb8f5	C03	3	8	NULL	NULL	NULL	0	1705	RUB	canonical_chunks/product_queries_details_BY_GMV_DESC_C03.tsv
1636048691	1119965443	14	славянский оберег в машину	BY_GMV	DESCENDING	aeb58c6c-cf49-4559-990f-f422897fb8f5	C03	4	6	NULL	NULL	NULL	0	1670.47	RUB	canonical_chunks/product_queries_details_BY_GMV_DESC_C03.tsv
1636048691	1119965443	14	оберег славянский в машину	BY_GMV	DESCENDING	aeb58c6c-cf49-4559-990f-f422897fb8f5	C03	5	1	NULL	NULL	NULL	0	1578	RUB	canonical_chunks/product_queries_details_BY_GMV_DESC_C03.tsv
1636048691	1119965443	14	печать велеса	BY_GMV	DESCENDING	aeb58c6c-cf49-4559-990f-f422897fb8f5	C03	6	432	NULL	NULL	NULL	0	1499	RUB	canonical_chunks/product_queries_details_BY_GMV_DESC_C03.tsv
1636048691	1119965443	14	четки в автомобиль славянские	BY_GMV	DESCENDING	aeb58c6c-cf49-4559-990f-f422897fb8f5	C03	7	3	NULL	NULL	NULL	0	1265	RUB	canonical_chunks/product_queries_details_BY_GMV_DESC_C03.tsv
1636048691	1119965443	14	толстовка велес	BY_GMV	DESCENDING	aeb58c6c-cf49-4559-990f-f422897fb8f5	C03	8	1	NULL	NULL	NULL	0	1160.11	RUB	canonical_chunks/product_queries_details_BY_GMV_DESC_C03.tsv
1636048691	1119965443	14	амулет	BY_GMV	DESCENDING	aeb58c6c-cf49-4559-990f-f422897fb8f5	C03	9	3190	NULL	NULL	NULL	0	1071	RUB	canonical_chunks/product_queries_details_BY_GMV_DESC_C03.tsv
1636048691	1119965443	14	велес амулет в машину	BY_GMV	DESCENDING	aeb58c6c-cf49-4559-990f-f422897fb8f5	C03	10	1	NULL	NULL	NULL	0	1058	RUB	canonical_chunks/product_queries_details_BY_GMV_DESC_C03.tsv
1636048691	1119965443	14	славянский оберег для машины	BY_GMV	DESCENDING	aeb58c6c-cf49-4559-990f-f422897fb8f5	C03	11	1	NULL	NULL	NULL	0	1053	RUB	canonical_chunks/product_queries_details_BY_GMV_DESC_C03.tsv
1636048691	1119965443	14	велес подвеска женская	BY_GMV	DESCENDING	aeb58c6c-cf49-4559-990f-f422897fb8f5	C03	12	1	NULL	NULL	NULL	0	987	RUB	canonical_chunks/product_queries_details_BY_GMV_DESC_C03.tsv
1636048691	1119965443	14	оберег славянский в автомобиль женский	BY_GMV	DESCENDING	aeb58c6c-cf49-4559-990f-f422897fb8f5	C03	13	0	NULL	NULL	NULL	0	960	RUB	canonical_chunks/product_queries_details_BY_GMV_DESC_C03.tsv
1636048691	1119965443	14	печать велеса медвежья лапа в машину	BY_GMV	DESCENDING	aeb58c6c-cf49-4559-990f-f422897fb8f5	C03	14	0	NULL	NULL	NULL	0	913	RUB	canonical_chunks/product_queries_details_BY_GMV_DESC_C03.tsv
1636048691	1119965443	14	четки амулет в машину	BY_GMV	DESCENDING	aeb58c6c-cf49-4559-990f-f422897fb8f5	C03	15	1	NULL	NULL	NULL	0	879	RUB	canonical_chunks/product_queries_details_BY_GMV_DESC_C03.tsv
1640251697	1124658338	15	оберег сварога	BY_GMV	DESCENDING	aeb58c6c-cf49-4559-990f-f422897fb8f5	C03	16	15	NULL	NULL	NULL	0	1446	RUB	canonical_chunks/product_queries_details_BY_GMV_DESC_C03.tsv
1640251697	1124658338	15	славянский оберег мужской в автомобиль на зеркало алатырь	BY_GMV	DESCENDING	aeb58c6c-cf49-4559-990f-f422897fb8f5	C03	17	1	NULL	NULL	NULL	0	815	RUB	canonical_chunks/product_queries_details_BY_GMV_DESC_C03.tsv
1640251697	1124658338	15	зеркало подвеска	BY_GMV	DESCENDING	aeb58c6c-cf49-4559-990f-f422897fb8f5	C03	18	16	NULL	NULL	NULL	0	772	RUB	canonical_chunks/product_queries_details_BY_GMV_DESC_C03.tsv
1640251697	1124658338	15	оберег от сглаза и порчи	BY_GMV	DESCENDING	aeb58c6c-cf49-4559-990f-f422897fb8f5	C03	19	350	NULL	NULL	NULL	0	671	RUB	canonical_chunks/product_queries_details_BY_GMV_DESC_C03.tsv
1640251697	1124658338	15	алатырь в машину	BY_GMV	DESCENDING	aeb58c6c-cf49-4559-990f-f422897fb8f5	C03	20	1	NULL	NULL	NULL	0	670	RUB	canonical_chunks/product_queries_details_BY_GMV_DESC_C03.tsv
1640251697	1124658338	15	алатырь в солнце	BY_GMV	DESCENDING	aeb58c6c-cf49-4559-990f-f422897fb8f5	C03	21	4	NULL	NULL	NULL	0	643	RUB	canonical_chunks/product_queries_details_BY_GMV_DESC_C03.tsv
1640251697	1124658338	15	подвеска в машину семья	BY_GMV	DESCENDING	aeb58c6c-cf49-4559-990f-f422897fb8f5	C03	22	1	NULL	NULL	NULL	0	639	RUB	canonical_chunks/product_queries_details_BY_GMV_DESC_C03.tsv
1640251697	1124658338	15	славянский оберег от сглаза для ребенка	BY_GMV	DESCENDING	aeb58c6c-cf49-4559-990f-f422897fb8f5	C03	23	1	NULL	NULL	NULL	0	575	RUB	canonical_chunks/product_queries_details_BY_GMV_DESC_C03.tsv
1640251697	1124658338	15	алатырь из золота	BY_GMV	DESCENDING	aeb58c6c-cf49-4559-990f-f422897fb8f5	C03	24	1	NULL	NULL	NULL	0	0	RUB	canonical_chunks/product_queries_details_BY_GMV_DESC_C03.tsv
1640251697	1124658338	15	алатырь пьютер	BY_GMV	DESCENDING	aeb58c6c-cf49-4559-990f-f422897fb8f5	C03	25	1	NULL	NULL	NULL	0	0	RUB	canonical_chunks/product_queries_details_BY_GMV_DESC_C03.tsv
1640251697	1124658338	15	славянский оберег подвеска солнце	BY_GMV	DESCENDING	aeb58c6c-cf49-4559-990f-f422897fb8f5	C03	26	2	NULL	NULL	NULL	0	0	RUB	canonical_chunks/product_queries_details_BY_GMV_DESC_C03.tsv
1640251697	1124658338	15	алатырь кгига	BY_GMV	DESCENDING	aeb58c6c-cf49-4559-990f-f422897fb8f5	C03	27	1	NULL	NULL	NULL	0	0	RUB	canonical_chunks/product_queries_details_BY_GMV_DESC_C03.tsv
1640251697	1124658338	15	алатырь штамп	BY_GMV	DESCENDING	aeb58c6c-cf49-4559-990f-f422897fb8f5	C03	28	1	NULL	NULL	NULL	0	0	RUB	canonical_chunks/product_queries_details_BY_GMV_DESC_C03.tsv
1640251697	1124658338	15	алатырь большой	BY_GMV	DESCENDING	aeb58c6c-cf49-4559-990f-f422897fb8f5	C03	29	1	NULL	NULL	NULL	0	0	RUB	canonical_chunks/product_queries_details_BY_GMV_DESC_C03.tsv
1640251697	1124658338	15	звезда сварога подвеска	BY_GMV	DESCENDING	aeb58c6c-cf49-4559-990f-f422897fb8f5	C03	30	8	NULL	NULL	NULL	0	0	RUB	canonical_chunks/product_queries_details_BY_GMV_DESC_C03.tsv
1640264403	1124673031	16	оберег в машину славянский	BY_GMV	DESCENDING	aeb58c6c-cf49-4559-990f-f422897fb8f5	C03	31	16	NULL	NULL	NULL	0	1367	RUB	canonical_chunks/product_queries_details_BY_GMV_DESC_C03.tsv
1640264403	1124673031	16	триглав	BY_GMV	DESCENDING	aeb58c6c-cf49-4559-990f-f422897fb8f5	C03	32	16	NULL	NULL	NULL	0	0	RUB	canonical_chunks/product_queries_details_BY_GMV_DESC_C03.tsv
1640264403	1124673031	16	брелок летящий ангел в машину на зеркало	BY_GMV	DESCENDING	aeb58c6c-cf49-4559-990f-f422897fb8f5	C03	33	1	NULL	NULL	NULL	0	0	RUB	canonical_chunks/product_queries_details_BY_GMV_DESC_C03.tsv
1640264403	1124673031	16	автооберег в машину	BY_GMV	DESCENDING	aeb58c6c-cf49-4559-990f-f422897fb8f5	C03	34	1	NULL	NULL	NULL	0	0	RUB	canonical_chunks/product_queries_details_BY_GMV_DESC_C03.tsv
1640264403	1124673031	16	подвеска в машину на зеркало оберег	BY_GMV	DESCENDING	aeb58c6c-cf49-4559-990f-f422897fb8f5	C03	35	3	NULL	NULL	NULL	0	0	RUB	canonical_chunks/product_queries_details_BY_GMV_DESC_C03.tsv
1640264403	1124673031	16	пушистая игрушка в машину на зеркало котенок	BY_GMV	DESCENDING	aeb58c6c-cf49-4559-990f-f422897fb8f5	C03	36	1	NULL	NULL	NULL	0	0	RUB	canonical_chunks/product_queries_details_BY_GMV_DESC_C03.tsv
1640264403	1124673031	16	подвеска от сглаза	BY_GMV	DESCENDING	aeb58c6c-cf49-4559-990f-f422897fb8f5	C03	37	16	NULL	NULL	NULL	0	0	RUB	canonical_chunks/product_queries_details_BY_GMV_DESC_C03.tsv
1640264403	1124673031	16	дух оберег	BY_GMV	DESCENDING	aeb58c6c-cf49-4559-990f-f422897fb8f5	C03	38	1	NULL	NULL	NULL	0	0	RUB	canonical_chunks/product_queries_details_BY_GMV_DESC_C03.tsv
1640264403	1124673031	16	купить амулет	BY_GMV	DESCENDING	aeb58c6c-cf49-4559-990f-f422897fb8f5	C03	39	1	NULL	NULL	NULL	0	0	RUB	canonical_chunks/product_queries_details_BY_GMV_DESC_C03.tsv
1640264403	1124673031	16	подвеска на зеркало машины лапа тигра	BY_GMV	DESCENDING	aeb58c6c-cf49-4559-990f-f422897fb8f5	C03	40	1	NULL	NULL	NULL	0	0	RUB	canonical_chunks/product_queries_details_BY_GMV_DESC_C03.tsv
1640264403	1124673031	16	зеркало обгона для праворуких машин	BY_GMV	DESCENDING	aeb58c6c-cf49-4559-990f-f422897fb8f5	C03	41	1	NULL	NULL	NULL	0	0	RUB	canonical_chunks/product_queries_details_BY_GMV_DESC_C03.tsv
1640264403	1124673031	16	ворон оберег	BY_GMV	DESCENDING	aeb58c6c-cf49-4559-990f-f422897fb8f5	C03	42	1	NULL	NULL	NULL	0	0	RUB	canonical_chunks/product_queries_details_BY_GMV_DESC_C03.tsv
1640264403	1124673031	16	оберег для авто	BY_GMV	DESCENDING	aeb58c6c-cf49-4559-990f-f422897fb8f5	C03	43	3	NULL	NULL	NULL	0	0	RUB	canonical_chunks/product_queries_details_BY_GMV_DESC_C03.tsv
1640264403	1124673031	16	пахучка в машину висюлька на зеркало бумажная	BY_GMV	DESCENDING	aeb58c6c-cf49-4559-990f-f422897fb8f5	C03	44	0	NULL	NULL	NULL	0	0	RUB	canonical_chunks/product_queries_details_BY_GMV_DESC_C03.tsv
1640264403	1124673031	16	оберег в машину женский	BY_GMV	DESCENDING	aeb58c6c-cf49-4559-990f-f422897fb8f5	C03	45	4	NULL	NULL	NULL	0	0	RUB	canonical_chunks/product_queries_details_BY_GMV_DESC_C03.tsv
1636041142	1119957837	13	от сглаза в машину	BY_GMV	DESCENDING	aeb58c6c-cf49-4559-990f-f422897fb8f5	C03	46	109	NULL	NULL	NULL	0	891	RUB	canonical_chunks/product_queries_details_BY_GMV_DESC_C03.tsv
1636041142	1119957837	13	славянский умулет в авто	BY_GMV	DESCENDING	aeb58c6c-cf49-4559-990f-f422897fb8f5	C03	47	1	NULL	NULL	NULL	0	819	RUB	canonical_chunks/product_queries_details_BY_GMV_DESC_C03.tsv
1636041142	1119957837	13	оберег велеса	BY_GMV	DESCENDING	aeb58c6c-cf49-4559-990f-f422897fb8f5	C03	48	52	NULL	NULL	NULL	0	780	RUB	canonical_chunks/product_queries_details_BY_GMV_DESC_C03.tsv
1636041142	1119957837	13	оберег в машину славянский	BY_GMV	DESCENDING	aeb58c6c-cf49-4559-990f-f422897fb8f5	C03	49	23	NULL	NULL	NULL	0	585	RUB	canonical_chunks/product_queries_details_BY_GMV_DESC_C03.tsv
1636041142	1119957837	13	амулеты дерева печать велеса	BY_GMV	DESCENDING	aeb58c6c-cf49-4559-990f-f422897fb8f5	C03	50	1	NULL	NULL	NULL	0	0	RUB	canonical_chunks/product_queries_details_BY_GMV_DESC_C03.tsv
1636041142	1119957837	13	ведьмино зеркало	BY_GMV	DESCENDING	aeb58c6c-cf49-4559-990f-f422897fb8f5	C03	51	4	NULL	NULL	NULL	0	0	RUB	canonical_chunks/product_queries_details_BY_GMV_DESC_C03.tsv
1636041142	1119957837	13	славянский оберег из дерева	BY_GMV	DESCENDING	aeb58c6c-cf49-4559-990f-f422897fb8f5	C03	52	2	NULL	NULL	NULL	0	0	RUB	canonical_chunks/product_queries_details_BY_GMV_DESC_C03.tsv
1636041142	1119957837	13	mirroreffect брелок оберег с зеркалом	BY_GMV	DESCENDING	aeb58c6c-cf49-4559-990f-f422897fb8f5	C03	53	1	NULL	NULL	NULL	0	0	RUB	canonical_chunks/product_queries_details_BY_GMV_DESC_C03.tsv
1636041142	1119957837	13	амулет на зеркало автомобиля	BY_GMV	DESCENDING	aeb58c6c-cf49-4559-990f-f422897fb8f5	C03	54	3	NULL	NULL	NULL	0	0	RUB	canonical_chunks/product_queries_details_BY_GMV_DESC_C03.tsv
1636041142	1119957837	13	велес. красная кровь	BY_GMV	DESCENDING	aeb58c6c-cf49-4559-990f-f422897fb8f5	C03	55	4	NULL	NULL	NULL	0	0	RUB	canonical_chunks/product_queries_details_BY_GMV_DESC_C03.tsv
1636041142	1119957837	13	амулет знак велеса серебро	BY_GMV	DESCENDING	aeb58c6c-cf49-4559-990f-f422897fb8f5	C03	56	1	NULL	NULL	NULL	0	0	RUB	canonical_chunks/product_queries_details_BY_GMV_DESC_C03.tsv
1636041142	1119957837	13	атрибут для порчи	BY_GMV	DESCENDING	aeb58c6c-cf49-4559-990f-f422897fb8f5	C03	57	1	NULL	NULL	NULL	0	0	RUB	canonical_chunks/product_queries_details_BY_GMV_DESC_C03.tsv
1636041142	1119957837	13	талисман зеркало	BY_GMV	DESCENDING	aeb58c6c-cf49-4559-990f-f422897fb8f5	C03	58	2	NULL	NULL	NULL	0	0	RUB	canonical_chunks/product_queries_details_BY_GMV_DESC_C03.tsv
1636041142	1119957837	13	коловрат оберег	BY_GMV	DESCENDING	aeb58c6c-cf49-4559-990f-f422897fb8f5	C03	59	57	NULL	NULL	NULL	0	0	RUB	canonical_chunks/product_queries_details_BY_GMV_DESC_C03.tsv
1636041142	1119957837	13	бижутерия славянский оберег	BY_GMV	DESCENDING	aeb58c6c-cf49-4559-990f-f422897fb8f5	C03	60	1	NULL	NULL	NULL	0	0	RUB	canonical_chunks/product_queries_details_BY_GMV_DESC_C03.tsv
1640306007	1124725450	18	молвинец оберег	BY_GMV	DESCENDING	aeb58c6c-cf49-4559-990f-f422897fb8f5	C03	61	121	NULL	NULL	NULL	0	607	RUB	canonical_chunks/product_queries_details_BY_GMV_DESC_C03.tsv
1640306007	1124725450	18	славянский оберег	BY_GMV	DESCENDING	aeb58c6c-cf49-4559-990f-f422897fb8f5	C03	62	138	NULL	NULL	NULL	0	459	RUB	canonical_chunks/product_queries_details_BY_GMV_DESC_C03.tsv
1640306007	1124725450	18	славянский оберег в машину на зеркало	BY_GMV	DESCENDING	aeb58c6c-cf49-4559-990f-f422897fb8f5	C03	63	2	NULL	NULL	NULL	0	0	RUB	canonical_chunks/product_queries_details_BY_GMV_DESC_C03.tsv
1640306007	1124725450	18	амулеты коло	BY_GMV	DESCENDING	aeb58c6c-cf49-4559-990f-f422897fb8f5	C03	64	0	NULL	NULL	NULL	0	0	RUB	canonical_chunks/product_queries_details_BY_GMV_DESC_C03.tsv
1640306007	1124725450	18	оберег в машину славянский	BY_GMV	DESCENDING	aeb58c6c-cf49-4559-990f-f422897fb8f5	C03	65	8	NULL	NULL	NULL	0	0	RUB	canonical_chunks/product_queries_details_BY_GMV_DESC_C03.tsv
1640306007	1124725450	18	брелок для ключей молвинец	BY_GMV	DESCENDING	aeb58c6c-cf49-4559-990f-f422897fb8f5	C03	66	1	NULL	NULL	NULL	0	0	RUB	canonical_chunks/product_queries_details_BY_GMV_DESC_C03.tsv
1640306007	1124725450	18	подвеска на зеркало автомобиля акула	BY_GMV	DESCENDING	aeb58c6c-cf49-4559-990f-f422897fb8f5	C03	67	0	NULL	NULL	NULL	0	0	RUB	canonical_chunks/product_queries_details_BY_GMV_DESC_C03.tsv
1640306007	1124725450	18	подвес на зеркало в машину звезда воровская	BY_GMV	DESCENDING	aeb58c6c-cf49-4559-990f-f422897fb8f5	C03	68	1	NULL	NULL	NULL	0	0	RUB	canonical_chunks/product_queries_details_BY_GMV_DESC_C03.tsv
1640306007	1124725450	18	оберег славянский женский	BY_GMV	DESCENDING	aeb58c6c-cf49-4559-990f-f422897fb8f5	C03	69	10	NULL	NULL	NULL	0	0	RUB	canonical_chunks/product_queries_details_BY_GMV_DESC_C03.tsv
1640306007	1124725450	18	красивая подвеска в машину для	BY_GMV	DESCENDING	aeb58c6c-cf49-4559-990f-f422897fb8f5	C03	70	1	NULL	NULL	NULL	0	0	RUB	canonical_chunks/product_queries_details_BY_GMV_DESC_C03.tsv
1640306007	1124725450	18	деревянный амуле	BY_GMV	DESCENDING	aeb58c6c-cf49-4559-990f-f422897fb8f5	C03	71	1	NULL	NULL	NULL	0	0	RUB	canonical_chunks/product_queries_details_BY_GMV_DESC_C03.tsv
1640306007	1124725450	18	интерьер в славянском	BY_GMV	DESCENDING	aeb58c6c-cf49-4559-990f-f422897fb8f5	C03	72	1	NULL	NULL	NULL	0	0	RUB	canonical_chunks/product_queries_details_BY_GMV_DESC_C03.tsv
1640306007	1124725450	18	настраиваимое зеркало мини в машину	BY_GMV	DESCENDING	aeb58c6c-cf49-4559-990f-f422897fb8f5	C03	73	1	NULL	NULL	NULL	0	0	RUB	canonical_chunks/product_queries_details_BY_GMV_DESC_C03.tsv
1640306007	1124725450	18	амулет с зеркалом подвеска	BY_GMV	DESCENDING	aeb58c6c-cf49-4559-990f-f422897fb8f5	C03	74	1	NULL	NULL	NULL	0	0	RUB	canonical_chunks/product_queries_details_BY_GMV_DESC_C03.tsv
1640306007	1124725450	18	славянский крест	BY_GMV	DESCENDING	aeb58c6c-cf49-4559-990f-f422897fb8f5	C03	75	20	NULL	NULL	NULL	0	0	RUB	canonical_chunks/product_queries_details_BY_GMV_DESC_C03.tsv
1640276582	1124691132	17	четки на стекло славянские	BY_GMV	DESCENDING	aeb58c6c-cf49-4559-990f-f422897fb8f5	C03	76	1	NULL	NULL	NULL	0	0	RUB	canonical_chunks/product_queries_details_BY_GMV_DESC_C03.tsv
1640276582	1124691132	17	подарочный набор для мужчин	BY_GMV	DESCENDING	aeb58c6c-cf49-4559-990f-f422897fb8f5	C03	77	1052	NULL	NULL	NULL	0	0	RUB	canonical_chunks/product_queries_details_BY_GMV_DESC_C03.tsv
1640276582	1124691132	17	руны славянские	BY_GMV	DESCENDING	aeb58c6c-cf49-4559-990f-f422897fb8f5	C03	78	19	NULL	NULL	NULL	0	0	RUB	canonical_chunks/product_queries_details_BY_GMV_DESC_C03.tsv
1640276582	1124691132	17	оберег для автомобиля для автомобиля	BY_GMV	DESCENDING	aeb58c6c-cf49-4559-990f-f422897fb8f5	C03	79	1	NULL	NULL	NULL	0	0	RUB	canonical_chunks/product_queries_details_BY_GMV_DESC_C03.tsv
1640276582	1124691132	17	оберег в машину на зеркало из кожи	BY_GMV	DESCENDING	aeb58c6c-cf49-4559-990f-f422897fb8f5	C03	80	1	NULL	NULL	NULL	0	0	RUB	canonical_chunks/product_queries_details_BY_GMV_DESC_C03.tsv
1640276582	1124691132	17	славянское	BY_GMV	DESCENDING	aeb58c6c-cf49-4559-990f-f422897fb8f5	C03	81	26	NULL	NULL	NULL	0	0	RUB	canonical_chunks/product_queries_details_BY_GMV_DESC_C03.tsv
1640276582	1124691132	17	кулон славянские	BY_GMV	DESCENDING	aeb58c6c-cf49-4559-990f-f422897fb8f5	C03	82	1	NULL	NULL	NULL	0	0	RUB	canonical_chunks/product_queries_details_BY_GMV_DESC_C03.tsv
1640276582	1124691132	17	дюрекс наклейка на машину	BY_GMV	DESCENDING	aeb58c6c-cf49-4559-990f-f422897fb8f5	C03	83	1	NULL	NULL	NULL	0	0	RUB	canonical_chunks/product_queries_details_BY_GMV_DESC_C03.tsv
1640276582	1124691132	17	бусины в машину	BY_GMV	DESCENDING	aeb58c6c-cf49-4559-990f-f422897fb8f5	C03	84	1	NULL	NULL	NULL	0	0	RUB	canonical_chunks/product_queries_details_BY_GMV_DESC_C03.tsv
1640276582	1124691132	17	зеркало маржены	BY_GMV	DESCENDING	aeb58c6c-cf49-4559-990f-f422897fb8f5	C03	85	2	NULL	NULL	NULL	0	0	RUB	canonical_chunks/product_queries_details_BY_GMV_DESC_C03.tsv
1640276582	1124691132	17	в автомобиль подвеска	BY_GMV	DESCENDING	aeb58c6c-cf49-4559-990f-f422897fb8f5	C03	86	4	NULL	NULL	NULL	0	0	RUB	canonical_chunks/product_queries_details_BY_GMV_DESC_C03.tsv
1640276582	1124691132	17	брелок в машину на зеркало пушистики	BY_GMV	DESCENDING	aeb58c6c-cf49-4559-990f-f422897fb8f5	C03	87	0	NULL	NULL	NULL	0	0	RUB	canonical_chunks/product_queries_details_BY_GMV_DESC_C03.tsv
1640276582	1124691132	17	зеркальный амулет	BY_GMV	DESCENDING	aeb58c6c-cf49-4559-990f-f422897fb8f5	C03	88	3	NULL	NULL	NULL	0	0	RUB	canonical_chunks/product_queries_details_BY_GMV_DESC_C03.tsv
1640276582	1124691132	17	четки в машину на зеркало красные	BY_GMV	DESCENDING	aeb58c6c-cf49-4559-990f-f422897fb8f5	C03	89	1	NULL	NULL	NULL	0	0	RUB	canonical_chunks/product_queries_details_BY_GMV_DESC_C03.tsv
1640276582	1124691132	17	на зеркало подвеска автомобиля	BY_GMV	DESCENDING	aeb58c6c-cf49-4559-990f-f422897fb8f5	C03	90	1	NULL	NULL	NULL	0	0	RUB	canonical_chunks/product_queries_details_BY_GMV_DESC_C03.tsv
1640326205	1124733734	19	четки с коловратом	BY_GMV	DESCENDING	b5eb8857-7675-485b-aaba-170002a1f75d	C04	1	0	NULL	NULL	NULL	0	1628	RUB	canonical_chunks/product_queries_details_BY_GMV_DESC_C04.tsv
1640326205	1124733734	19	оберег коловрат в машину	BY_GMV	DESCENDING	b5eb8857-7675-485b-aaba-170002a1f75d	C04	2	1	NULL	NULL	NULL	0	886	RUB	canonical_chunks/product_queries_details_BY_GMV_DESC_C04.tsv
1640326205	1124733734	19	коловрат	BY_GMV	DESCENDING	b5eb8857-7675-485b-aaba-170002a1f75d	C04	3	2000	NULL	NULL	NULL	0	805	RUB	canonical_chunks/product_queries_details_BY_GMV_DESC_C04.tsv
1640326205	1124733734	19	кулон коловрат	BY_GMV	DESCENDING	b5eb8857-7675-485b-aaba-170002a1f75d	C04	4	68	NULL	NULL	NULL	0	768	RUB	canonical_chunks/product_queries_details_BY_GMV_DESC_C04.tsv
1640326205	1124733734	19	коловрат в машину	BY_GMV	DESCENDING	b5eb8857-7675-485b-aaba-170002a1f75d	C04	5	19	NULL	NULL	NULL	0	737	RUB	canonical_chunks/product_queries_details_BY_GMV_DESC_C04.tsv
1640326205	1124733734	19	колядник оберег	BY_GMV	DESCENDING	b5eb8857-7675-485b-aaba-170002a1f75d	C04	6	28	NULL	NULL	NULL	0	729	RUB	canonical_chunks/product_queries_details_BY_GMV_DESC_C04.tsv
1640326205	1124733734	19	детский славянский оберег	BY_GMV	DESCENDING	b5eb8857-7675-485b-aaba-170002a1f75d	C04	7	1	NULL	NULL	NULL	0	712	RUB	canonical_chunks/product_queries_details_BY_GMV_DESC_C04.tsv
1640326205	1124733734	19	оберег от сглаза в машину	BY_GMV	DESCENDING	b5eb8857-7675-485b-aaba-170002a1f75d	C04	8	61	NULL	NULL	NULL	0	684	RUB	canonical_chunks/product_queries_details_BY_GMV_DESC_C04.tsv
1640326205	1124733734	19	славянский колядыдар	BY_GMV	DESCENDING	b5eb8857-7675-485b-aaba-170002a1f75d	C04	9	1	NULL	NULL	NULL	0	642	RUB	canonical_chunks/product_queries_details_BY_GMV_DESC_C04.tsv
1640326205	1124733734	19	славянский оберёг колядник	BY_GMV	DESCENDING	b5eb8857-7675-485b-aaba-170002a1f75d	C04	10	1	NULL	NULL	NULL	0	640	RUB	canonical_chunks/product_queries_details_BY_GMV_DESC_C04.tsv
1640326205	1124733734	19	славянский оберег мужской	BY_GMV	DESCENDING	b5eb8857-7675-485b-aaba-170002a1f75d	C04	11	198	NULL	NULL	NULL	0	466	RUB	canonical_chunks/product_queries_details_BY_GMV_DESC_C04.tsv
1640326205	1124733734	19	калаврат	BY_GMV	DESCENDING	b5eb8857-7675-485b-aaba-170002a1f75d	C04	12	47	NULL	NULL	NULL	0	0	RUB	canonical_chunks/product_queries_details_BY_GMV_DESC_C04.tsv
1640326205	1124733734	19	зеркальная подвеска	BY_GMV	DESCENDING	b5eb8857-7675-485b-aaba-170002a1f75d	C04	13	2	NULL	NULL	NULL	0	0	RUB	canonical_chunks/product_queries_details_BY_GMV_DESC_C04.tsv
1640326205	1124733734	19	коловрат браслет	BY_GMV	DESCENDING	b5eb8857-7675-485b-aaba-170002a1f75d	C04	14	14	NULL	NULL	NULL	0	0	RUB	canonical_chunks/product_queries_details_BY_GMV_DESC_C04.tsv
1640326205	1124733734	19	славянская подвеска	BY_GMV	DESCENDING	b5eb8857-7675-485b-aaba-170002a1f75d	C04	15	4	NULL	NULL	NULL	0	0	RUB	canonical_chunks/product_queries_details_BY_GMV_DESC_C04.tsv
1640330072	1124755617	21	в машину на зеркало	BY_GMV	DESCENDING	b5eb8857-7675-485b-aaba-170002a1f75d	C04	16	183	NULL	NULL	NULL	0	894	RUB	canonical_chunks/product_queries_details_BY_GMV_DESC_C04.tsv
1640330072	1124755617	21	славянские руны	BY_GMV	DESCENDING	b5eb8857-7675-485b-aaba-170002a1f75d	C04	17	522	NULL	NULL	NULL	0	875	RUB	canonical_chunks/product_queries_details_BY_GMV_DESC_C04.tsv
1640330072	1124755617	21	руны славянские	BY_GMV	DESCENDING	b5eb8857-7675-485b-aaba-170002a1f75d	C04	18	344	NULL	NULL	NULL	0	804	RUB	canonical_chunks/product_queries_details_BY_GMV_DESC_C04.tsv
1640330072	1124755617	21	славянский оберег путник в машину	BY_GMV	DESCENDING	b5eb8857-7675-485b-aaba-170002a1f75d	C04	19	1	NULL	NULL	NULL	0	801	RUB	canonical_chunks/product_queries_details_BY_GMV_DESC_C04.tsv
1640330072	1124755617	21	подвеска на зеркало в машину	BY_GMV	DESCENDING	b5eb8857-7675-485b-aaba-170002a1f75d	C04	20	1261	NULL	NULL	NULL	0	780	RUB	canonical_chunks/product_queries_details_BY_GMV_DESC_C04.tsv
1640330072	1124755617	21	коловрат в машину	BY_GMV	DESCENDING	b5eb8857-7675-485b-aaba-170002a1f75d	C04	21	20	NULL	NULL	NULL	0	631	RUB	canonical_chunks/product_queries_details_BY_GMV_DESC_C04.tsv
1640330072	1124755617	21	талисман в машину на зеркало	BY_GMV	DESCENDING	b5eb8857-7675-485b-aaba-170002a1f75d	C04	22	16	NULL	NULL	NULL	0	0	RUB	canonical_chunks/product_queries_details_BY_GMV_DESC_C04.tsv
1640330072	1124755617	21	военная атрибутика для мужчины	BY_GMV	DESCENDING	b5eb8857-7675-485b-aaba-170002a1f75d	C04	23	2	NULL	NULL	NULL	0	0	RUB	canonical_chunks/product_queries_details_BY_GMV_DESC_C04.tsv
1640330072	1124755617	21	амулеты славянские мужские	BY_GMV	DESCENDING	b5eb8857-7675-485b-aaba-170002a1f75d	C04	24	1	NULL	NULL	NULL	0	0	RUB	canonical_chunks/product_queries_details_BY_GMV_DESC_C04.tsv
1640330072	1124755617	21	амулеты славян	BY_GMV	DESCENDING	b5eb8857-7675-485b-aaba-170002a1f75d	C04	25	1	NULL	NULL	NULL	0	0	RUB	canonical_chunks/product_queries_details_BY_GMV_DESC_C04.tsv
1640330072	1124755617	21	славянские аксессуары	BY_GMV	DESCENDING	b5eb8857-7675-485b-aaba-170002a1f75d	C04	26	7	NULL	NULL	NULL	0	0	RUB	canonical_chunks/product_queries_details_BY_GMV_DESC_C04.tsv
1640330072	1124755617	21	амулет от сглаза в машину	BY_GMV	DESCENDING	b5eb8857-7675-485b-aaba-170002a1f75d	C04	27	4	NULL	NULL	NULL	0	0	RUB	canonical_chunks/product_queries_details_BY_GMV_DESC_C04.tsv
1640330072	1124755617	21	декали славянские обереги	BY_GMV	DESCENDING	b5eb8857-7675-485b-aaba-170002a1f75d	C04	28	1	NULL	NULL	NULL	0	0	RUB	canonical_chunks/product_queries_details_BY_GMV_DESC_C04.tsv
1640330072	1124755617	21	амулеты обереги славянские латунь	BY_GMV	DESCENDING	b5eb8857-7675-485b-aaba-170002a1f75d	C04	29	1	NULL	NULL	NULL	0	0	RUB	canonical_chunks/product_queries_details_BY_GMV_DESC_C04.tsv
1640330072	1124755617	21	руны подвеска	BY_GMV	DESCENDING	b5eb8857-7675-485b-aaba-170002a1f75d	C04	30	17	NULL	NULL	NULL	0	0	RUB	canonical_chunks/product_queries_details_BY_GMV_DESC_C04.tsv
1720124782	1217110817	24	подвеска в машину мужская оберег	BY_GMV	DESCENDING	b5eb8857-7675-485b-aaba-170002a1f75d	C04	31	1	NULL	NULL	NULL	0	608	RUB	canonical_chunks/product_queries_details_BY_GMV_DESC_C04.tsv
1720124782	1217110817	24	талисман в иашину стрелец	BY_GMV	DESCENDING	b5eb8857-7675-485b-aaba-170002a1f75d	C04	32	1	NULL	NULL	NULL	0	563	RUB	canonical_chunks/product_queries_details_BY_GMV_DESC_C04.tsv
1720124782	1217110817	24	висюлька в машину на зеркало мужская 18	BY_GMV	DESCENDING	b5eb8857-7675-485b-aaba-170002a1f75d	C04	33	1	NULL	NULL	NULL	0	0	RUB	canonical_chunks/product_queries_details_BY_GMV_DESC_C04.tsv
1720124782	1217110817	24	бусина защита акриловая	BY_GMV	DESCENDING	b5eb8857-7675-485b-aaba-170002a1f75d	C04	34	1	NULL	NULL	NULL	0	0	RUB	canonical_chunks/product_queries_details_BY_GMV_DESC_C04.tsv
1720124782	1217110817	24	для автомобиля подвеска на зеркало	BY_GMV	DESCENDING	b5eb8857-7675-485b-aaba-170002a1f75d	C04	35	2	NULL	NULL	NULL	0	0	RUB	canonical_chunks/product_queries_details_BY_GMV_DESC_C04.tsv
1720124782	1217110817	24	sergio ramos подвеска в машину	BY_GMV	DESCENDING	b5eb8857-7675-485b-aaba-170002a1f75d	C04	36	1	NULL	NULL	NULL	0	0	RUB	canonical_chunks/product_queries_details_BY_GMV_DESC_C04.tsv
1720124782	1217110817	24	браслет по знаку зодиака лев	BY_GMV	DESCENDING	b5eb8857-7675-485b-aaba-170002a1f75d	C04	37	2	NULL	NULL	NULL	0	0	RUB	canonical_chunks/product_queries_details_BY_GMV_DESC_C04.tsv
1720124782	1217110817	24	enjoy the silence подвеска в машину	BY_GMV	DESCENDING	b5eb8857-7675-485b-aaba-170002a1f75d	C04	38	1	NULL	NULL	NULL	0	0	RUB	canonical_chunks/product_queries_details_BY_GMV_DESC_C04.tsv
1720124782	1217110817	24	игрушки в машину оберег	BY_GMV	DESCENDING	b5eb8857-7675-485b-aaba-170002a1f75d	C04	39	1	NULL	NULL	NULL	0	0	RUB	canonical_chunks/product_queries_details_BY_GMV_DESC_C04.tsv
1720124782	1217110817	24	медведь gac плюшевый в машину на зеркало	BY_GMV	DESCENDING	b5eb8857-7675-485b-aaba-170002a1f75d	C04	40	1	NULL	NULL	NULL	0	0	RUB	canonical_chunks/product_queries_details_BY_GMV_DESC_C04.tsv
1720124782	1217110817	24	колокольчик оберег в машину стрелец	BY_GMV	DESCENDING	b5eb8857-7675-485b-aaba-170002a1f75d	C04	41	1	NULL	NULL	NULL	0	0	RUB	canonical_chunks/product_queries_details_BY_GMV_DESC_C04.tsv
1720124782	1217110817	24	бусина сила веры	BY_GMV	DESCENDING	b5eb8857-7675-485b-aaba-170002a1f75d	C04	42	1	NULL	NULL	NULL	0	0	RUB	canonical_chunks/product_queries_details_BY_GMV_DESC_C04.tsv
1720124782	1217110817	24	знак на машину выйду замуж	BY_GMV	DESCENDING	b5eb8857-7675-485b-aaba-170002a1f75d	C04	43	1	NULL	NULL	NULL	0	0	RUB	canonical_chunks/product_queries_details_BY_GMV_DESC_C04.tsv
1720124782	1217110817	24	зеркало для обгона на праворую машину	BY_GMV	DESCENDING	b5eb8857-7675-485b-aaba-170002a1f75d	C04	44	1	NULL	NULL	NULL	0	0	RUB	canonical_chunks/product_queries_details_BY_GMV_DESC_C04.tsv
1720124782	1217110817	24	оберёг в машинк	BY_GMV	DESCENDING	b5eb8857-7675-485b-aaba-170002a1f75d	C04	45	1	NULL	NULL	NULL	0	0	RUB	canonical_chunks/product_queries_details_BY_GMV_DESC_C04.tsv
1640337426	1124764995	23	четки в машину славянские	BY_GMV	DESCENDING	b5eb8857-7675-485b-aaba-170002a1f75d	C04	46	1	NULL	NULL	NULL	0	531	RUB	canonical_chunks/product_queries_details_BY_GMV_DESC_C04.tsv
1640337426	1124764995	23	браслет с старославянский	BY_GMV	DESCENDING	b5eb8857-7675-485b-aaba-170002a1f75d	C04	47	1	NULL	NULL	NULL	0	0	RUB	canonical_chunks/product_queries_details_BY_GMV_DESC_C04.tsv
1640337426	1124764995	23	защита оберег в машину	BY_GMV	DESCENDING	b5eb8857-7675-485b-aaba-170002a1f75d	C04	48	1	NULL	NULL	NULL	0	0	RUB	canonical_chunks/product_queries_details_BY_GMV_DESC_C04.tsv
1640337426	1124764995	23	талисман в машину на зеркало	BY_GMV	DESCENDING	b5eb8857-7675-485b-aaba-170002a1f75d	C04	49	13	NULL	NULL	NULL	0	0	RUB	canonical_chunks/product_queries_details_BY_GMV_DESC_C04.tsv
1640337426	1124764995	23	дух оберег	BY_GMV	DESCENDING	b5eb8857-7675-485b-aaba-170002a1f75d	C04	50	1	NULL	NULL	NULL	0	0	RUB	canonical_chunks/product_queries_details_BY_GMV_DESC_C04.tsv
1640337426	1124764995	23	межславянский	BY_GMV	DESCENDING	b5eb8857-7675-485b-aaba-170002a1f75d	C04	51	1	NULL	NULL	NULL	0	0	RUB	canonical_chunks/product_queries_details_BY_GMV_DESC_C04.tsv
1640337426	1124764995	23	на зеркало украшение в машину	BY_GMV	DESCENDING	b5eb8857-7675-485b-aaba-170002a1f75d	C04	52	1	NULL	NULL	NULL	0	0	RUB	canonical_chunks/product_queries_details_BY_GMV_DESC_C04.tsv
1640337426	1124764995	23	бог в машину	BY_GMV	DESCENDING	b5eb8857-7675-485b-aaba-170002a1f75d	C04	53	1	NULL	NULL	NULL	0	0	RUB	canonical_chunks/product_queries_details_BY_GMV_DESC_C04.tsv
1640337426	1124764995	23	дорожный оберег славянский	BY_GMV	DESCENDING	b5eb8857-7675-485b-aaba-170002a1f75d	C04	54	1	NULL	NULL	NULL	0	0	RUB	canonical_chunks/product_queries_details_BY_GMV_DESC_C04.tsv
1640337426	1124764995	23	славянский бог	BY_GMV	DESCENDING	b5eb8857-7675-485b-aaba-170002a1f75d	C04	55	1	NULL	NULL	NULL	0	0	RUB	canonical_chunks/product_queries_details_BY_GMV_DESC_C04.tsv
1640337426	1124764995	23	амулеты для призывать	BY_GMV	DESCENDING	b5eb8857-7675-485b-aaba-170002a1f75d	C04	56	1	NULL	NULL	NULL	0	0	RUB	canonical_chunks/product_queries_details_BY_GMV_DESC_C04.tsv
1640337426	1124764995	23	подвеска в машину новогодняя 2927	BY_GMV	DESCENDING	b5eb8857-7675-485b-aaba-170002a1f75d	C04	57	1	NULL	NULL	NULL	0	0	RUB	canonical_chunks/product_queries_details_BY_GMV_DESC_C04.tsv
1640337426	1124764995	23	оберег	BY_GMV	DESCENDING	b5eb8857-7675-485b-aaba-170002a1f75d	C04	58	364	NULL	NULL	NULL	0	0	RUB	canonical_chunks/product_queries_details_BY_GMV_DESC_C04.tsv
1640337426	1124764995	23	ведический амулет	BY_GMV	DESCENDING	b5eb8857-7675-485b-aaba-170002a1f75d	C04	59	2	NULL	NULL	NULL	0	0	RUB	canonical_chunks/product_queries_details_BY_GMV_DESC_C04.tsv
1640337426	1124764995	23	амулет с рунами	BY_GMV	DESCENDING	b5eb8857-7675-485b-aaba-170002a1f75d	C04	60	1	NULL	NULL	NULL	0	0	RUB	canonical_chunks/product_queries_details_BY_GMV_DESC_C04.tsv
1640334195	1124761013	22	аодвеска зеркало	BY_GMV	DESCENDING	b5eb8857-7675-485b-aaba-170002a1f75d	C04	61	0	NULL	NULL	NULL	0	0	RUB	canonical_chunks/product_queries_details_BY_GMV_DESC_C04.tsv
1640334195	1124761013	22	игрушка на зеркало в машину голова корса	BY_GMV	DESCENDING	b5eb8857-7675-485b-aaba-170002a1f75d	C04	62	1	NULL	NULL	NULL	0	0	RUB	canonical_chunks/product_queries_details_BY_GMV_DESC_C04.tsv
1640334195	1124761013	22	славянский крес	BY_GMV	DESCENDING	b5eb8857-7675-485b-aaba-170002a1f75d	C04	63	4	NULL	NULL	NULL	0	0	RUB	canonical_chunks/product_queries_details_BY_GMV_DESC_C04.tsv
1640334195	1124761013	22	крест на машину на зеркало	BY_GMV	DESCENDING	b5eb8857-7675-485b-aaba-170002a1f75d	C04	64	3	NULL	NULL	NULL	0	0	RUB	canonical_chunks/product_queries_details_BY_GMV_DESC_C04.tsv
1640334195	1124761013	22	четки в машину славянские обереги	BY_GMV	DESCENDING	b5eb8857-7675-485b-aaba-170002a1f75d	C04	65	1	NULL	NULL	NULL	0	0	RUB	canonical_chunks/product_queries_details_BY_GMV_DESC_C04.tsv
1640334195	1124761013	22	чепочки в машину	BY_GMV	DESCENDING	b5eb8857-7675-485b-aaba-170002a1f75d	C04	66	1	NULL	NULL	NULL	0	0	RUB	canonical_chunks/product_queries_details_BY_GMV_DESC_C04.tsv
1640334195	1124761013	22	подвеска монетки в машину славянский оберег	BY_GMV	DESCENDING	b5eb8857-7675-485b-aaba-170002a1f75d	C04	67	1	NULL	NULL	NULL	0	0	RUB	canonical_chunks/product_queries_details_BY_GMV_DESC_C04.tsv
1640334195	1124761013	22	подвеска блюрилок в машину женская на зеркало	BY_GMV	DESCENDING	b5eb8857-7675-485b-aaba-170002a1f75d	C04	68	1	NULL	NULL	NULL	0	0	RUB	canonical_chunks/product_queries_details_BY_GMV_DESC_C04.tsv
1640334195	1124761013	22	амулет для машины подвеска	BY_GMV	DESCENDING	b5eb8857-7675-485b-aaba-170002a1f75d	C04	69	1	NULL	NULL	NULL	0	0	RUB	canonical_chunks/product_queries_details_BY_GMV_DESC_C04.tsv
1640334195	1124761013	22	зеркальный оберег	BY_GMV	DESCENDING	b5eb8857-7675-485b-aaba-170002a1f75d	C04	70	3	NULL	NULL	NULL	0	0	RUB	canonical_chunks/product_queries_details_BY_GMV_DESC_C04.tsv
1640334195	1124761013	22	славянский омулет в машину	BY_GMV	DESCENDING	b5eb8857-7675-485b-aaba-170002a1f75d	C04	71	2	NULL	NULL	NULL	0	0	RUB	canonical_chunks/product_queries_details_BY_GMV_DESC_C04.tsv
1640334195	1124761013	22	амулет в машину на зеркало	BY_GMV	DESCENDING	b5eb8857-7675-485b-aaba-170002a1f75d	C04	72	10	NULL	NULL	NULL	0	0	RUB	canonical_chunks/product_queries_details_BY_GMV_DESC_C04.tsv
1640334195	1124761013	22	подвеска в машину на зеркало юрта	BY_GMV	DESCENDING	b5eb8857-7675-485b-aaba-170002a1f75d	C04	73	0	NULL	NULL	NULL	0	0	RUB	canonical_chunks/product_queries_details_BY_GMV_DESC_C04.tsv
1640334195	1124761013	22	четки со славянской символикой	BY_GMV	DESCENDING	b5eb8857-7675-485b-aaba-170002a1f75d	C04	74	1	NULL	NULL	NULL	0	0	RUB	canonical_chunks/product_queries_details_BY_GMV_DESC_C04.tsv
1640334195	1124761013	22	борьба подвеска на зеркало	BY_GMV	DESCENDING	b5eb8857-7675-485b-aaba-170002a1f75d	C04	75	1	NULL	NULL	NULL	0	0	RUB	canonical_chunks/product_queries_details_BY_GMV_DESC_C04.tsv
1640326230	1124751825	20	славянский оберег война	BY_GMV	DESCENDING	b5eb8857-7675-485b-aaba-170002a1f75d	C04	76	1	NULL	NULL	NULL	0	0	RUB	canonical_chunks/product_queries_details_BY_GMV_DESC_C04.tsv
1640326230	1124751825	20	оберег на машину куз тимэсен	BY_GMV	DESCENDING	b5eb8857-7675-485b-aaba-170002a1f75d	C04	77	0	NULL	NULL	NULL	0	0	RUB	canonical_chunks/product_queries_details_BY_GMV_DESC_C04.tsv
1640326230	1124751825	20	славяне оберег	BY_GMV	DESCENDING	b5eb8857-7675-485b-aaba-170002a1f75d	C04	78	1	NULL	NULL	NULL	0	0	RUB	canonical_chunks/product_queries_details_BY_GMV_DESC_C04.tsv
1640326230	1124751825	20	чур славянский в машину на зеркало	BY_GMV	DESCENDING	b5eb8857-7675-485b-aaba-170002a1f75d	C04	79	1	NULL	NULL	NULL	0	0	RUB	canonical_chunks/product_queries_details_BY_GMV_DESC_C04.tsv
1640326230	1124751825	20	подвеска в иашину	BY_GMV	DESCENDING	b5eb8857-7675-485b-aaba-170002a1f75d	C04	80	1	NULL	NULL	NULL	0	0	RUB	canonical_chunks/product_queries_details_BY_GMV_DESC_C04.tsv
1640326230	1124751825	20	славянский оберег для волос	BY_GMV	DESCENDING	b5eb8857-7675-485b-aaba-170002a1f75d	C04	81	1	NULL	NULL	NULL	0	0	RUB	canonical_chunks/product_queries_details_BY_GMV_DESC_C04.tsv
1640326230	1124751825	20	славянкая защита	BY_GMV	DESCENDING	b5eb8857-7675-485b-aaba-170002a1f75d	C04	82	1	NULL	NULL	NULL	0	0	RUB	canonical_chunks/product_queries_details_BY_GMV_DESC_C04.tsv
1640326230	1124751825	20	оберег славянский на зеркало	BY_GMV	DESCENDING	b5eb8857-7675-485b-aaba-170002a1f75d	C04	83	1	NULL	NULL	NULL	0	0	RUB	canonical_chunks/product_queries_details_BY_GMV_DESC_C04.tsv
1640326230	1124751825	20	зеркало в славянском стиле из дерева	BY_GMV	DESCENDING	b5eb8857-7675-485b-aaba-170002a1f75d	C04	84	1	NULL	NULL	NULL	0	0	RUB	canonical_chunks/product_queries_details_BY_GMV_DESC_C04.tsv
1640326230	1124751825	20	подвеска на машину	BY_GMV	DESCENDING	b5eb8857-7675-485b-aaba-170002a1f75d	C04	85	12	NULL	NULL	NULL	0	0	RUB	canonical_chunks/product_queries_details_BY_GMV_DESC_C04.tsv
1640326230	1124751825	20	паук в смоле подвеска на зеркало	BY_GMV	DESCENDING	b5eb8857-7675-485b-aaba-170002a1f75d	C04	86	1	NULL	NULL	NULL	0	0	RUB	canonical_chunks/product_queries_details_BY_GMV_DESC_C04.tsv
1640326230	1124751825	20	оберег для авто	BY_GMV	DESCENDING	b5eb8857-7675-485b-aaba-170002a1f75d	C04	87	1	NULL	NULL	NULL	0	0	RUB	canonical_chunks/product_queries_details_BY_GMV_DESC_C04.tsv
1640326230	1124751825	20	подвеска под з	BY_GMV	DESCENDING	b5eb8857-7675-485b-aaba-170002a1f75d	C04	88	0	NULL	NULL	NULL	0	0	RUB	canonical_chunks/product_queries_details_BY_GMV_DESC_C04.tsv
1640326230	1124751825	20	зеркало толи	BY_GMV	DESCENDING	b5eb8857-7675-485b-aaba-170002a1f75d	C04	89	3	NULL	NULL	NULL	0	0	RUB	canonical_chunks/product_queries_details_BY_GMV_DESC_C04.tsv
1640326230	1124751825	20	зеркало магическое	BY_GMV	DESCENDING	b5eb8857-7675-485b-aaba-170002a1f75d	C04	90	13	NULL	NULL	NULL	0	0	RUB	canonical_chunks/product_queries_details_BY_GMV_DESC_C04.tsv
1720141903	1217129635	27	талисман - подвеска на зеркало в машину. знак зодиака	BY_GMV	DESCENDING	6ea0008c-faf2-4a31-aa6b-162aa9f551c8	C05	1	1	NULL	NULL	NULL	0	832	RUB	canonical_chunks/product_queries_details_BY_GMV_DESC_C05.tsv
1720141903	1217129635	27	четки в автомобиль водооей	BY_GMV	DESCENDING	6ea0008c-faf2-4a31-aa6b-162aa9f551c8	C05	2	0	NULL	NULL	NULL	0	799	RUB	canonical_chunks/product_queries_details_BY_GMV_DESC_C05.tsv
1720141903	1217129635	27	подвеска в машину	BY_GMV	DESCENDING	6ea0008c-faf2-4a31-aa6b-162aa9f551c8	C05	3	7092	NULL	NULL	NULL	0	756	RUB	canonical_chunks/product_queries_details_BY_GMV_DESC_C05.tsv
1720141903	1217129635	27	бусина знак зодиака	BY_GMV	DESCENDING	6ea0008c-faf2-4a31-aa6b-162aa9f551c8	C05	4	3	NULL	NULL	NULL	0	0	RUB	canonical_chunks/product_queries_details_BY_GMV_DESC_C05.tsv
1720141903	1217129635	27	на зеркало подвеска	BY_GMV	DESCENDING	6ea0008c-faf2-4a31-aa6b-162aa9f551c8	C05	5	19	NULL	NULL	NULL	0	0	RUB	canonical_chunks/product_queries_details_BY_GMV_DESC_C05.tsv
1720141903	1217129635	27	водоклей	BY_GMV	DESCENDING	6ea0008c-faf2-4a31-aa6b-162aa9f551c8	C05	6	1	NULL	NULL	NULL	0	0	RUB	canonical_chunks/product_queries_details_BY_GMV_DESC_C05.tsv
1720141903	1217129635	27	водолей одежда мужская	BY_GMV	DESCENDING	6ea0008c-faf2-4a31-aa6b-162aa9f551c8	C05	7	1	NULL	NULL	NULL	0	0	RUB	canonical_chunks/product_queries_details_BY_GMV_DESC_C05.tsv
1720141903	1217129635	27	водолей кулон женский	BY_GMV	DESCENDING	6ea0008c-faf2-4a31-aa6b-162aa9f551c8	C05	8	1	NULL	NULL	NULL	0	0	RUB	canonical_chunks/product_queries_details_BY_GMV_DESC_C05.tsv
1720141903	1217129635	27	для гаданий зеркало	BY_GMV	DESCENDING	6ea0008c-faf2-4a31-aa6b-162aa9f551c8	C05	9	1	NULL	NULL	NULL	0	0	RUB	canonical_chunks/product_queries_details_BY_GMV_DESC_C05.tsv
1720141903	1217129635	27	водолей подвеска с камнем	BY_GMV	DESCENDING	6ea0008c-faf2-4a31-aa6b-162aa9f551c8	C05	10	1	NULL	NULL	NULL	0	0	RUB	canonical_chunks/product_queries_details_BY_GMV_DESC_C05.tsv
1720141903	1217129635	27	подвеска в машину коза	BY_GMV	DESCENDING	6ea0008c-faf2-4a31-aa6b-162aa9f551c8	C05	11	2	NULL	NULL	NULL	0	0	RUB	canonical_chunks/product_queries_details_BY_GMV_DESC_C05.tsv
1720141903	1217129635	27	зеркало мелонг	BY_GMV	DESCENDING	6ea0008c-faf2-4a31-aa6b-162aa9f551c8	C05	12	1	NULL	NULL	NULL	0	0	RUB	canonical_chunks/product_queries_details_BY_GMV_DESC_C05.tsv
1720141903	1217129635	27	молд водолей	BY_GMV	DESCENDING	6ea0008c-faf2-4a31-aa6b-162aa9f551c8	C05	13	2	NULL	NULL	NULL	0	0	RUB	canonical_chunks/product_queries_details_BY_GMV_DESC_C05.tsv
1720141903	1217129635	27	браслет на руку водолея	BY_GMV	DESCENDING	6ea0008c-faf2-4a31-aa6b-162aa9f551c8	C05	14	1	NULL	NULL	NULL	0	0	RUB	canonical_chunks/product_queries_details_BY_GMV_DESC_C05.tsv
1720141903	1217129635	27	браслет' обеоег для водолея	BY_GMV	DESCENDING	6ea0008c-faf2-4a31-aa6b-162aa9f551c8	C05	15	1	NULL	NULL	NULL	0	0	RUB	canonical_chunks/product_queries_details_BY_GMV_DESC_C05.tsv
1720148880	1217137863	30	подвеска в машину на зеркало	BY_GMV	DESCENDING	6ea0008c-faf2-4a31-aa6b-162aa9f551c8	C05	16	2032	NULL	NULL	NULL	0	777	RUB	canonical_chunks/product_queries_details_BY_GMV_DESC_C05.tsv
1720148880	1217137863	30	четки в автомобиль на зеркало мужские со знаком зодиака	BY_GMV	DESCENDING	6ea0008c-faf2-4a31-aa6b-162aa9f551c8	C05	17	1	NULL	NULL	NULL	0	707	RUB	canonical_chunks/product_queries_details_BY_GMV_DESC_C05.tsv
1720148880	1217137863	30	подвеска в машину	BY_GMV	DESCENDING	6ea0008c-faf2-4a31-aa6b-162aa9f551c8	C05	18	7092	NULL	NULL	NULL	0	617	RUB	canonical_chunks/product_queries_details_BY_GMV_DESC_C05.tsv
1720148880	1217137863	30	талисман овна	BY_GMV	DESCENDING	6ea0008c-faf2-4a31-aa6b-162aa9f551c8	C05	19	6	NULL	NULL	NULL	0	577	RUB	canonical_chunks/product_queries_details_BY_GMV_DESC_C05.tsv
1720148880	1217137863	30	для подвески зеркала	BY_GMV	DESCENDING	6ea0008c-faf2-4a31-aa6b-162aa9f551c8	C05	20	1	NULL	NULL	NULL	0	0	RUB	canonical_chunks/product_queries_details_BY_GMV_DESC_C05.tsv
1720148880	1217137863	30	браслет на зеркало	BY_GMV	DESCENDING	6ea0008c-faf2-4a31-aa6b-162aa9f551c8	C05	21	1	NULL	NULL	NULL	0	0	RUB	canonical_chunks/product_queries_details_BY_GMV_DESC_C05.tsv
1720148880	1217137863	30	знаеи зодиака	BY_GMV	DESCENDING	6ea0008c-faf2-4a31-aa6b-162aa9f551c8	C05	22	1	NULL	NULL	NULL	0	0	RUB	canonical_chunks/product_queries_details_BY_GMV_DESC_C05.tsv
1720148880	1217137863	30	на присоске в машину жезл оберег	BY_GMV	DESCENDING	6ea0008c-faf2-4a31-aa6b-162aa9f551c8	C05	23	1	NULL	NULL	NULL	0	0	RUB	canonical_chunks/product_queries_details_BY_GMV_DESC_C05.tsv
1720148880	1217137863	30	вертолётик на зеркало уличное машины	BY_GMV	DESCENDING	6ea0008c-faf2-4a31-aa6b-162aa9f551c8	C05	24	1	NULL	NULL	NULL	0	0	RUB	canonical_chunks/product_queries_details_BY_GMV_DESC_C05.tsv
1720148880	1217137863	30	висюлька на зеркало в машину ароматизатор мазда	BY_GMV	DESCENDING	6ea0008c-faf2-4a31-aa6b-162aa9f551c8	C05	25	1	NULL	NULL	NULL	0	0	RUB	canonical_chunks/product_queries_details_BY_GMV_DESC_C05.tsv
1720148880	1217137863	30	бусины акриловые от сглаза 12мм	BY_GMV	DESCENDING	6ea0008c-faf2-4a31-aa6b-162aa9f551c8	C05	26	1	NULL	NULL	NULL	0	0	RUB	canonical_chunks/product_queries_details_BY_GMV_DESC_C05.tsv
1720148880	1217137863	30	бусина овен	BY_GMV	DESCENDING	6ea0008c-faf2-4a31-aa6b-162aa9f551c8	C05	27	2	NULL	NULL	NULL	0	0	RUB	canonical_chunks/product_queries_details_BY_GMV_DESC_C05.tsv
1720148880	1217137863	30	амулет деревянный	BY_GMV	DESCENDING	6ea0008c-faf2-4a31-aa6b-162aa9f551c8	C05	28	1	NULL	NULL	NULL	0	0	RUB	canonical_chunks/product_queries_details_BY_GMV_DESC_C05.tsv
1720148880	1217137863	30	висюлька на зеркало в машину белая пушистая	BY_GMV	DESCENDING	6ea0008c-faf2-4a31-aa6b-162aa9f551c8	C05	29	0	NULL	NULL	NULL	0	0	RUB	canonical_chunks/product_queries_details_BY_GMV_DESC_C05.tsv
1720148880	1217137863	30	брилок овен	BY_GMV	DESCENDING	6ea0008c-faf2-4a31-aa6b-162aa9f551c8	C05	30	1	NULL	NULL	NULL	0	0	RUB	canonical_chunks/product_queries_details_BY_GMV_DESC_C05.tsv
1720147059	1217135724	29	чётки в машину козерог	BY_GMV	DESCENDING	6ea0008c-faf2-4a31-aa6b-162aa9f551c8	C05	31	0	NULL	NULL	NULL	0	690	RUB	canonical_chunks/product_queries_details_BY_GMV_DESC_C05.tsv
1720147059	1217135724	29	козерог	BY_GMV	DESCENDING	6ea0008c-faf2-4a31-aa6b-162aa9f551c8	C05	32	842	NULL	NULL	NULL	0	463	RUB	canonical_chunks/product_queries_details_BY_GMV_DESC_C05.tsv
1720147059	1217135724	29	красивые зеркало в авто	BY_GMV	DESCENDING	6ea0008c-faf2-4a31-aa6b-162aa9f551c8	C05	33	0	NULL	NULL	NULL	0	0	RUB	canonical_chunks/product_queries_details_BY_GMV_DESC_C05.tsv
1720147059	1217135724	29	знак на авто дорожный	BY_GMV	DESCENDING	6ea0008c-faf2-4a31-aa6b-162aa9f551c8	C05	34	1	NULL	NULL	NULL	0	0	RUB	canonical_chunks/product_queries_details_BY_GMV_DESC_C05.tsv
1720147059	1217135724	29	талисманы и обереги	BY_GMV	DESCENDING	6ea0008c-faf2-4a31-aa6b-162aa9f551c8	C05	35	84	NULL	NULL	NULL	0	0	RUB	canonical_chunks/product_queries_details_BY_GMV_DESC_C05.tsv
1720147059	1217135724	29	задиака знаки	BY_GMV	DESCENDING	6ea0008c-faf2-4a31-aa6b-162aa9f551c8	C05	36	1	NULL	NULL	NULL	0	0	RUB	canonical_chunks/product_queries_details_BY_GMV_DESC_C05.tsv
1720147059	1217135724	29	ароматизатор в машину версус на зеркало	BY_GMV	DESCENDING	6ea0008c-faf2-4a31-aa6b-162aa9f551c8	C05	37	1	NULL	NULL	NULL	0	0	RUB	canonical_chunks/product_queries_details_BY_GMV_DESC_C05.tsv
1720147059	1217135724	29	брошь оберег для козерога	BY_GMV	DESCENDING	6ea0008c-faf2-4a31-aa6b-162aa9f551c8	C05	38	1	NULL	NULL	NULL	0	0	RUB	canonical_chunks/product_queries_details_BY_GMV_DESC_C05.tsv
1720147059	1217135724	29	знак зодиака козерог фигурки	BY_GMV	DESCENDING	6ea0008c-faf2-4a31-aa6b-162aa9f551c8	C05	39	1	NULL	NULL	NULL	0	0	RUB	canonical_chunks/product_queries_details_BY_GMV_DESC_C05.tsv
1720147059	1217135724	29	игрушка мягка обезьяна в машину на зеркало	BY_GMV	DESCENDING	6ea0008c-faf2-4a31-aa6b-162aa9f551c8	C05	40	1	NULL	NULL	NULL	0	0	RUB	canonical_chunks/product_queries_details_BY_GMV_DESC_C05.tsv
1720147059	1217135724	29	оберег зеркальный	BY_GMV	DESCENDING	6ea0008c-faf2-4a31-aa6b-162aa9f551c8	C05	41	1	NULL	NULL	NULL	0	0	RUB	canonical_chunks/product_queries_details_BY_GMV_DESC_C05.tsv
1720147059	1217135724	29	подвестка в машину	BY_GMV	DESCENDING	6ea0008c-faf2-4a31-aa6b-162aa9f551c8	C05	42	10	NULL	NULL	NULL	0	0	RUB	canonical_chunks/product_queries_details_BY_GMV_DESC_C05.tsv
1720147059	1217135724	29	кулон зодиакальный козерог	BY_GMV	DESCENDING	6ea0008c-faf2-4a31-aa6b-162aa9f551c8	C05	43	1	NULL	NULL	NULL	0	0	RUB	canonical_chunks/product_queries_details_BY_GMV_DESC_C05.tsv
1720147059	1217135724	29	подарок для козерога	BY_GMV	DESCENDING	6ea0008c-faf2-4a31-aa6b-162aa9f551c8	C05	44	2	NULL	NULL	NULL	0	0	RUB	canonical_chunks/product_queries_details_BY_GMV_DESC_C05.tsv
1720147059	1217135724	29	знак везу мужана машину	BY_GMV	DESCENDING	6ea0008c-faf2-4a31-aa6b-162aa9f551c8	C05	45	1	NULL	NULL	NULL	0	0	RUB	canonical_chunks/product_queries_details_BY_GMV_DESC_C05.tsv
1720137256	1217124642	26	амулет весы	BY_GMV	DESCENDING	6ea0008c-faf2-4a31-aa6b-162aa9f551c8	C05	46	12	NULL	NULL	NULL	0	674	RUB	canonical_chunks/product_queries_details_BY_GMV_DESC_C05.tsv
1720137256	1217124642	26	подвеска на зеркало в машину	BY_GMV	DESCENDING	6ea0008c-faf2-4a31-aa6b-162aa9f551c8	C05	47	1288	NULL	NULL	NULL	0	633	RUB	canonical_chunks/product_queries_details_BY_GMV_DESC_C05.tsv
1720137256	1217124642	26	подвеска на зеркало девушка аниме	BY_GMV	DESCENDING	6ea0008c-faf2-4a31-aa6b-162aa9f551c8	C05	48	1	NULL	NULL	NULL	0	578	RUB	canonical_chunks/product_queries_details_BY_GMV_DESC_C05.tsv
1720137256	1217124642	26	амулет в машину славянский на зеркало	BY_GMV	DESCENDING	6ea0008c-faf2-4a31-aa6b-162aa9f551c8	C05	49	1	NULL	NULL	NULL	0	0	RUB	canonical_chunks/product_queries_details_BY_GMV_DESC_C05.tsv
1720137256	1217124642	26	брелок в машину славянский	BY_GMV	DESCENDING	6ea0008c-faf2-4a31-aa6b-162aa9f551c8	C05	50	1	NULL	NULL	NULL	0	0	RUB	canonical_chunks/product_queries_details_BY_GMV_DESC_C05.tsv
1720137256	1217124642	26	в машину на зеркало подвеска четки	BY_GMV	DESCENDING	6ea0008c-faf2-4a31-aa6b-162aa9f551c8	C05	51	1	NULL	NULL	NULL	0	0	RUB	canonical_chunks/product_queries_details_BY_GMV_DESC_C05.tsv
1720137256	1217124642	26	подвеска оберег в машину на зеркало	BY_GMV	DESCENDING	6ea0008c-faf2-4a31-aa6b-162aa9f551c8	C05	52	2	NULL	NULL	NULL	0	0	RUB	canonical_chunks/product_queries_details_BY_GMV_DESC_C05.tsv
1720137256	1217124642	26	автомобильные весы	BY_GMV	DESCENDING	6ea0008c-faf2-4a31-aa6b-162aa9f551c8	C05	53	23	NULL	NULL	NULL	0	0	RUB	canonical_chunks/product_queries_details_BY_GMV_DESC_C05.tsv
1720137256	1217124642	26	брелок славянский оберег	BY_GMV	DESCENDING	6ea0008c-faf2-4a31-aa6b-162aa9f551c8	C05	54	16	NULL	NULL	NULL	0	0	RUB	canonical_chunks/product_queries_details_BY_GMV_DESC_C05.tsv
1720137256	1217124642	26	forza кимоно подвеска в машину	BY_GMV	DESCENDING	6ea0008c-faf2-4a31-aa6b-162aa9f551c8	C05	55	1	NULL	NULL	NULL	0	0	RUB	canonical_chunks/product_queries_details_BY_GMV_DESC_C05.tsv
1720137256	1217124642	26	no pasaran подвеска в машину	BY_GMV	DESCENDING	6ea0008c-faf2-4a31-aa6b-162aa9f551c8	C05	56	1	NULL	NULL	NULL	0	0	RUB	canonical_chunks/product_queries_details_BY_GMV_DESC_C05.tsv
1720137256	1217124642	26	автомобильное подвеска оберег	BY_GMV	DESCENDING	6ea0008c-faf2-4a31-aa6b-162aa9f551c8	C05	57	1	NULL	NULL	NULL	0	0	RUB	canonical_chunks/product_queries_details_BY_GMV_DESC_C05.tsv
1720137256	1217124642	26	в автомобиль на зеркало подвеска	BY_GMV	DESCENDING	6ea0008c-faf2-4a31-aa6b-162aa9f551c8	C05	58	1	NULL	NULL	NULL	0	0	RUB	canonical_chunks/product_queries_details_BY_GMV_DESC_C05.tsv
1720137256	1217124642	26	брошка знак зодиака весы	BY_GMV	DESCENDING	6ea0008c-faf2-4a31-aa6b-162aa9f551c8	C05	59	1	NULL	NULL	NULL	0	0	RUB	canonical_chunks/product_queries_details_BY_GMV_DESC_C05.tsv
1720137256	1217124642	26	для машины в салон на зеркало подвескп	BY_GMV	DESCENDING	6ea0008c-faf2-4a31-aa6b-162aa9f551c8	C05	60	0	NULL	NULL	NULL	0	0	RUB	canonical_chunks/product_queries_details_BY_GMV_DESC_C05.tsv
1720144370	1217132021	28	подвеска в машину дева	BY_GMV	DESCENDING	6ea0008c-faf2-4a31-aa6b-162aa9f551c8	C05	61	1	NULL	NULL	NULL	0	673	RUB	canonical_chunks/product_queries_details_BY_GMV_DESC_C05.tsv
1720144370	1217132021	28	дева четки в машину	BY_GMV	DESCENDING	6ea0008c-faf2-4a31-aa6b-162aa9f551c8	C05	62	1	NULL	NULL	NULL	0	613	RUB	canonical_chunks/product_queries_details_BY_GMV_DESC_C05.tsv
1720144370	1217132021	28	подвеска на зеркало татарское	BY_GMV	DESCENDING	6ea0008c-faf2-4a31-aa6b-162aa9f551c8	C05	63	1	NULL	NULL	NULL	0	603	RUB	canonical_chunks/product_queries_details_BY_GMV_DESC_C05.tsv
1720144370	1217132021	28	ладанка оберег в машину на зеркало	BY_GMV	DESCENDING	6ea0008c-faf2-4a31-aa6b-162aa9f551c8	C05	64	2	NULL	NULL	NULL	0	0	RUB	canonical_chunks/product_queries_details_BY_GMV_DESC_C05.tsv
1720144370	1217132021	28	автомобиля на зеркало украшение	BY_GMV	DESCENDING	6ea0008c-faf2-4a31-aa6b-162aa9f551c8	C05	65	1	NULL	NULL	NULL	0	0	RUB	canonical_chunks/product_queries_details_BY_GMV_DESC_C05.tsv
1720144370	1217132021	28	дев	BY_GMV	DESCENDING	6ea0008c-faf2-4a31-aa6b-162aa9f551c8	C05	66	7	NULL	NULL	NULL	0	0	RUB	canonical_chunks/product_queries_details_BY_GMV_DESC_C05.tsv
1720144370	1217132021	28	на зеркало в машину подвеска дева	BY_GMV	DESCENDING	6ea0008c-faf2-4a31-aa6b-162aa9f551c8	C05	67	0	NULL	NULL	NULL	0	0	RUB	canonical_chunks/product_queries_details_BY_GMV_DESC_C05.tsv
1720144370	1217132021	28	демон на машину подвеска на стекло маленькие	BY_GMV	DESCENDING	6ea0008c-faf2-4a31-aa6b-162aa9f551c8	C05	68	0	NULL	NULL	NULL	0	0	RUB	canonical_chunks/product_queries_details_BY_GMV_DESC_C05.tsv
1720144370	1217132021	28	мусульманский оберег в машину на клею	BY_GMV	DESCENDING	6ea0008c-faf2-4a31-aa6b-162aa9f551c8	C05	69	1	NULL	NULL	NULL	0	0	RUB	canonical_chunks/product_queries_details_BY_GMV_DESC_C05.tsv
1720144370	1217132021	28	талисман дева	BY_GMV	DESCENDING	6ea0008c-faf2-4a31-aa6b-162aa9f551c8	C05	70	23	NULL	NULL	NULL	0	0	RUB	canonical_chunks/product_queries_details_BY_GMV_DESC_C05.tsv
1720144370	1217132021	28	для автомобиля подвеска на зеркало	BY_GMV	DESCENDING	6ea0008c-faf2-4a31-aa6b-162aa9f551c8	C05	71	2	NULL	NULL	NULL	0	0	RUB	canonical_chunks/product_queries_details_BY_GMV_DESC_C05.tsv
1720144370	1217132021	28	кулон зеркало оберег	BY_GMV	DESCENDING	6ea0008c-faf2-4a31-aa6b-162aa9f551c8	C05	72	54	NULL	NULL	NULL	0	0	RUB	canonical_chunks/product_queries_details_BY_GMV_DESC_C05.tsv
1720144370	1217132021	28	знак зодиака постер дева	BY_GMV	DESCENDING	6ea0008c-faf2-4a31-aa6b-162aa9f551c8	C05	73	1	NULL	NULL	NULL	0	0	RUB	canonical_chunks/product_queries_details_BY_GMV_DESC_C05.tsv
1720144370	1217132021	28	маленький оберев машину	BY_GMV	DESCENDING	6ea0008c-faf2-4a31-aa6b-162aa9f551c8	C05	74	0	NULL	NULL	NULL	0	0	RUB	canonical_chunks/product_queries_details_BY_GMV_DESC_C05.tsv
1720144370	1217132021	28	аварийный знак в машину на липучке вбогажник	BY_GMV	DESCENDING	6ea0008c-faf2-4a31-aa6b-162aa9f551c8	C05	75	1	NULL	NULL	NULL	0	0	RUB	canonical_chunks/product_queries_details_BY_GMV_DESC_C05.tsv
1720131759	1217117569	25	аксессуары в машину на зеркало подвеска	BY_GMV	DESCENDING	6ea0008c-faf2-4a31-aa6b-162aa9f551c8	C05	76	1	NULL	NULL	NULL	0	0	RUB	canonical_chunks/product_queries_details_BY_GMV_DESC_C05.tsv
1720131759	1217117569	25	зеркало деревянное для творчества	BY_GMV	DESCENDING	6ea0008c-faf2-4a31-aa6b-162aa9f551c8	C05	77	1	NULL	NULL	NULL	0	0	RUB	canonical_chunks/product_queries_details_BY_GMV_DESC_C05.tsv
1720131759	1217117569	25	все для близнецов	BY_GMV	DESCENDING	6ea0008c-faf2-4a31-aa6b-162aa9f551c8	C05	78	2	NULL	NULL	NULL	0	0	RUB	canonical_chunks/product_queries_details_BY_GMV_DESC_C05.tsv
1720131759	1217117569	25	камень для близнецов	BY_GMV	DESCENDING	6ea0008c-faf2-4a31-aa6b-162aa9f551c8	C05	79	3	NULL	NULL	NULL	0	0	RUB	canonical_chunks/product_queries_details_BY_GMV_DESC_C05.tsv
1720131759	1217117569	25	вонючка в машину оберег от дпс	BY_GMV	DESCENDING	6ea0008c-faf2-4a31-aa6b-162aa9f551c8	C05	80	1	NULL	NULL	NULL	0	0	RUB	canonical_chunks/product_queries_details_BY_GMV_DESC_C05.tsv
1720131759	1217117569	25	на зеркало авто подвеска	BY_GMV	DESCENDING	6ea0008c-faf2-4a31-aa6b-162aa9f551c8	C05	81	12	NULL	NULL	NULL	0	0	RUB	canonical_chunks/product_queries_details_BY_GMV_DESC_C05.tsv
1720131759	1217117569	25	брелок в машину на зеркало оберег сузуки на камне	BY_GMV	DESCENDING	6ea0008c-faf2-4a31-aa6b-162aa9f551c8	C05	82	1	NULL	NULL	NULL	0	0	RUB	canonical_chunks/product_queries_details_BY_GMV_DESC_C05.tsv
1720131759	1217117569	25	знак со стразами учебная машина	BY_GMV	DESCENDING	6ea0008c-faf2-4a31-aa6b-162aa9f551c8	C05	83	1	NULL	NULL	NULL	0	0	RUB	canonical_chunks/product_queries_details_BY_GMV_DESC_C05.tsv
1720131759	1217117569	25	кружка для близнеца	BY_GMV	DESCENDING	6ea0008c-faf2-4a31-aa6b-162aa9f551c8	C05	84	1	NULL	NULL	NULL	0	0	RUB	canonical_chunks/product_queries_details_BY_GMV_DESC_C05.tsv
1720131759	1217117569	25	bimbo twins	BY_GMV	DESCENDING	6ea0008c-faf2-4a31-aa6b-162aa9f551c8	C05	85	4	NULL	NULL	NULL	0	0	RUB	canonical_chunks/product_queries_details_BY_GMV_DESC_C05.tsv
1720131759	1217117569	25	деревянные обереги	BY_GMV	DESCENDING	6ea0008c-faf2-4a31-aa6b-162aa9f551c8	C05	86	3	NULL	NULL	NULL	0	0	RUB	canonical_chunks/product_queries_details_BY_GMV_DESC_C05.tsv
1720131759	1217117569	25	подвеска в машину лучше пешком	BY_GMV	DESCENDING	6ea0008c-faf2-4a31-aa6b-162aa9f551c8	C05	87	1	NULL	NULL	NULL	0	0	RUB	canonical_chunks/product_queries_details_BY_GMV_DESC_C05.tsv
1720131759	1217117569	25	подвеска на зеркало щущеная голоаа	BY_GMV	DESCENDING	6ea0008c-faf2-4a31-aa6b-162aa9f551c8	C05	88	1	NULL	NULL	NULL	0	0	RUB	canonical_chunks/product_queries_details_BY_GMV_DESC_C05.tsv
1720131759	1217117569	25	брелок оберег талисман	BY_GMV	DESCENDING	6ea0008c-faf2-4a31-aa6b-162aa9f551c8	C05	89	1	NULL	NULL	NULL	0	0	RUB	canonical_chunks/product_queries_details_BY_GMV_DESC_C05.tsv
1720131759	1217117569	25	лада оберег	BY_GMV	DESCENDING	6ea0008c-faf2-4a31-aa6b-162aa9f551c8	C05	90	4	NULL	NULL	NULL	0	0	RUB	canonical_chunks/product_queries_details_BY_GMV_DESC_C05.tsv
1720151850	1217141020	31	набор подвесок в машину	BY_GMV	DESCENDING	5e844786-8316-452b-8659-c163b6f54d88	C06	1	2	NULL	NULL	NULL	0	1092.93	RUB	canonical_chunks/product_queries_details_BY_GMV_DESC_C06.tsv
1720151850	1217141020	31	подвеска лев в машину	BY_GMV	DESCENDING	5e844786-8316-452b-8659-c163b6f54d88	C06	2	4	NULL	NULL	NULL	0	870	RUB	canonical_chunks/product_queries_details_BY_GMV_DESC_C06.tsv
1720151850	1217141020	31	на зеркало в машину украшение	BY_GMV	DESCENDING	5e844786-8316-452b-8659-c163b6f54d88	C06	3	4	NULL	NULL	NULL	0	826	RUB	canonical_chunks/product_queries_details_BY_GMV_DESC_C06.tsv
1720151850	1217141020	31	знаки зодиака лев	BY_GMV	DESCENDING	5e844786-8316-452b-8659-c163b6f54d88	C06	4	2	NULL	NULL	NULL	0	0	RUB	canonical_chunks/product_queries_details_BY_GMV_DESC_C06.tsv
1720151850	1217141020	31	зеркало для гадания	BY_GMV	DESCENDING	5e844786-8316-452b-8659-c163b6f54d88	C06	5	9	NULL	NULL	NULL	0	0	RUB	canonical_chunks/product_queries_details_BY_GMV_DESC_C06.tsv
1720151850	1217141020	31	оберег для автомобиля женский на зеркало	BY_GMV	DESCENDING	5e844786-8316-452b-8659-c163b6f54d88	C06	6	1	NULL	NULL	NULL	0	0	RUB	canonical_chunks/product_queries_details_BY_GMV_DESC_C06.tsv
1720151850	1217141020	31	колье,ожерельекулон знаки зодиака	BY_GMV	DESCENDING	5e844786-8316-452b-8659-c163b6f54d88	C06	7	1	NULL	NULL	NULL	0	0	RUB	canonical_chunks/product_queries_details_BY_GMV_DESC_C06.tsv
1720151850	1217141020	31	кулон автомобиль	BY_GMV	DESCENDING	5e844786-8316-452b-8659-c163b6f54d88	C06	8	3	NULL	NULL	NULL	0	0	RUB	canonical_chunks/product_queries_details_BY_GMV_DESC_C06.tsv
1720151850	1217141020	31	обереги для машины	BY_GMV	DESCENDING	5e844786-8316-452b-8659-c163b6f54d88	C06	9	3	NULL	NULL	NULL	0	0	RUB	canonical_chunks/product_queries_details_BY_GMV_DESC_C06.tsv
1720151850	1217141020	31	лев в машину на панель	BY_GMV	DESCENDING	5e844786-8316-452b-8659-c163b6f54d88	C06	10	1	NULL	NULL	NULL	0	0	RUB	canonical_chunks/product_queries_details_BY_GMV_DESC_C06.tsv
1720151850	1217141020	31	с рунами на зеркало в машину	BY_GMV	DESCENDING	5e844786-8316-452b-8659-c163b6f54d88	C06	11	1	NULL	NULL	NULL	0	0	RUB	canonical_chunks/product_queries_details_BY_GMV_DESC_C06.tsv
1720151850	1217141020	31	подвеска со львом	BY_GMV	DESCENDING	5e844786-8316-452b-8659-c163b6f54d88	C06	12	3	NULL	NULL	NULL	0	0	RUB	canonical_chunks/product_queries_details_BY_GMV_DESC_C06.tsv
1720151850	1217141020	31	знаки сувениры для парашютиста в машину	BY_GMV	DESCENDING	5e844786-8316-452b-8659-c163b6f54d88	C06	13	1	NULL	NULL	NULL	0	0	RUB	canonical_chunks/product_queries_details_BY_GMV_DESC_C06.tsv
1720151850	1217141020	31	для автомобиля подвеска на зеркало	BY_GMV	DESCENDING	5e844786-8316-452b-8659-c163b6f54d88	C06	14	2	NULL	NULL	NULL	0	0	RUB	canonical_chunks/product_queries_details_BY_GMV_DESC_C06.tsv
1720151850	1217141020	31	амулет с зеркалом подвеска	BY_GMV	DESCENDING	5e844786-8316-452b-8659-c163b6f54d88	C06	15	1	NULL	NULL	NULL	0	0	RUB	canonical_chunks/product_queries_details_BY_GMV_DESC_C06.tsv
1842444165	1366092977	36	оберег на дом	BY_GMV	DESCENDING	5e844786-8316-452b-8659-c163b6f54d88	C06	16	5	NULL	NULL	NULL	0	917	RUB	canonical_chunks/product_queries_details_BY_GMV_DESC_C06.tsv
1842444165	1366092977	36	амулет для автомобиля	BY_GMV	DESCENDING	5e844786-8316-452b-8659-c163b6f54d88	C06	17	8	NULL	NULL	NULL	0	657	RUB	canonical_chunks/product_queries_details_BY_GMV_DESC_C06.tsv
1842444165	1366092977	36	в машину на зеркало подвеска мужская	BY_GMV	DESCENDING	5e844786-8316-452b-8659-c163b6f54d88	C06	18	3	NULL	NULL	NULL	0	0	RUB	canonical_chunks/product_queries_details_BY_GMV_DESC_C06.tsv
1842444165	1366092977	36	блэк опиум в машину на зеркало фигурка	BY_GMV	DESCENDING	5e844786-8316-452b-8659-c163b6f54d88	C06	19	1	NULL	NULL	NULL	0	0	RUB	canonical_chunks/product_queries_details_BY_GMV_DESC_C06.tsv
1842444165	1366092977	36	бусинка славянские руны	BY_GMV	DESCENDING	5e844786-8316-452b-8659-c163b6f54d88	C06	20	1	NULL	NULL	NULL	0	0	RUB	canonical_chunks/product_queries_details_BY_GMV_DESC_C06.tsv
1842444165	1366092977	36	славянские обереги для мужчин	BY_GMV	DESCENDING	5e844786-8316-452b-8659-c163b6f54d88	C06	21	20	NULL	NULL	NULL	0	0	RUB	canonical_chunks/product_queries_details_BY_GMV_DESC_C06.tsv
1842444165	1366092977	36	кимоно в машину на зеркало самбо	BY_GMV	DESCENDING	5e844786-8316-452b-8659-c163b6f54d88	C06	22	1	NULL	NULL	NULL	0	0	RUB	canonical_chunks/product_queries_details_BY_GMV_DESC_C06.tsv
1842444165	1366092977	36	зеркало маржены	BY_GMV	DESCENDING	5e844786-8316-452b-8659-c163b6f54d88	C06	23	2	NULL	NULL	NULL	0	0	RUB	canonical_chunks/product_queries_details_BY_GMV_DESC_C06.tsv
1842444165	1366092977	36	висюяка на зеркало в машину хавал	BY_GMV	DESCENDING	5e844786-8316-452b-8659-c163b6f54d88	C06	24	1	NULL	NULL	NULL	0	0	RUB	canonical_chunks/product_queries_details_BY_GMV_DESC_C06.tsv
1842444165	1366092977	36	игрушка на зеркало в машину реал мадрид	BY_GMV	DESCENDING	5e844786-8316-452b-8659-c163b6f54d88	C06	25	1	NULL	NULL	NULL	0	0	RUB	canonical_chunks/product_queries_details_BY_GMV_DESC_C06.tsv
1842444165	1366092977	36	амулет зеркальный	BY_GMV	DESCENDING	5e844786-8316-452b-8659-c163b6f54d88	C06	26	2	NULL	NULL	NULL	0	0	RUB	canonical_chunks/product_queries_details_BY_GMV_DESC_C06.tsv
1842444165	1366092977	36	славянская подвеска оберег	BY_GMV	DESCENDING	5e844786-8316-452b-8659-c163b6f54d88	C06	27	1	NULL	NULL	NULL	0	0	RUB	canonical_chunks/product_queries_details_BY_GMV_DESC_C06.tsv
1842444165	1366092977	36	подвески с рунами	BY_GMV	DESCENDING	5e844786-8316-452b-8659-c163b6f54d88	C06	28	1	NULL	NULL	NULL	0	0	RUB	canonical_chunks/product_queries_details_BY_GMV_DESC_C06.tsv
1842444165	1366092977	36	ароматизатор в машину висячий на зеркало	BY_GMV	DESCENDING	5e844786-8316-452b-8659-c163b6f54d88	C06	29	1	NULL	NULL	NULL	0	0	RUB	canonical_chunks/product_queries_details_BY_GMV_DESC_C06.tsv
1842444165	1366092977	36	руны славянские	BY_GMV	DESCENDING	5e844786-8316-452b-8659-c163b6f54d88	C06	30	94	NULL	NULL	NULL	0	0	RUB	canonical_chunks/product_queries_details_BY_GMV_DESC_C06.tsv
1720161841	1217152166	35	толисман подвеска на зеркало машины знак зодиака	BY_GMV	DESCENDING	5e844786-8316-452b-8659-c163b6f54d88	C06	31	1	NULL	NULL	NULL	0	761	RUB	canonical_chunks/product_queries_details_BY_GMV_DESC_C06.tsv
1720161841	1217152166	35	телец подвеска в маш	BY_GMV	DESCENDING	5e844786-8316-452b-8659-c163b6f54d88	C06	32	0	NULL	NULL	NULL	0	608	RUB	canonical_chunks/product_queries_details_BY_GMV_DESC_C06.tsv
1720161841	1217152166	35	машины на зеркало хк локомотив	BY_GMV	DESCENDING	5e844786-8316-452b-8659-c163b6f54d88	C06	33	1	NULL	NULL	NULL	0	0	RUB	canonical_chunks/product_queries_details_BY_GMV_DESC_C06.tsv
1720161841	1217152166	35	аятуль курси в машину	BY_GMV	DESCENDING	5e844786-8316-452b-8659-c163b6f54d88	C06	34	2	NULL	NULL	NULL	0	0	RUB	canonical_chunks/product_queries_details_BY_GMV_DESC_C06.tsv
1720161841	1217152166	35	брелок боевое самбо в машину на зеркало	BY_GMV	DESCENDING	5e844786-8316-452b-8659-c163b6f54d88	C06	35	1	NULL	NULL	NULL	0	0	RUB	canonical_chunks/product_queries_details_BY_GMV_DESC_C06.tsv
1720161841	1217152166	35	амулет доч знака зодиака змееносец	BY_GMV	DESCENDING	5e844786-8316-452b-8659-c163b6f54d88	C06	36	1	NULL	NULL	NULL	0	0	RUB	canonical_chunks/product_queries_details_BY_GMV_DESC_C06.tsv
1720161841	1217152166	35	амулет для тельца мужской в авто	BY_GMV	DESCENDING	5e844786-8316-452b-8659-c163b6f54d88	C06	37	1	NULL	NULL	NULL	0	0	RUB	canonical_chunks/product_queries_details_BY_GMV_DESC_C06.tsv
1720161841	1217152166	35	армянский барабан на машину подвеска	BY_GMV	DESCENDING	5e844786-8316-452b-8659-c163b6f54d88	C06	38	1	NULL	NULL	NULL	0	0	RUB	canonical_chunks/product_queries_details_BY_GMV_DESC_C06.tsv
1720161841	1217152166	35	оберег на зеркало	BY_GMV	DESCENDING	5e844786-8316-452b-8659-c163b6f54d88	C06	39	1	NULL	NULL	NULL	0	0	RUB	canonical_chunks/product_queries_details_BY_GMV_DESC_C06.tsv
1720161841	1217152166	35	аромадиффузор в машину телец	BY_GMV	DESCENDING	5e844786-8316-452b-8659-c163b6f54d88	C06	40	1	NULL	NULL	NULL	0	0	RUB	canonical_chunks/product_queries_details_BY_GMV_DESC_C06.tsv
1720161841	1217152166	35	подвеска на машину	BY_GMV	DESCENDING	5e844786-8316-452b-8659-c163b6f54d88	C06	41	12	NULL	NULL	NULL	0	0	RUB	canonical_chunks/product_queries_details_BY_GMV_DESC_C06.tsv
1720161841	1217152166	35	амулет для автомобиля в машину на зеркало	BY_GMV	DESCENDING	5e844786-8316-452b-8659-c163b6f54d88	C06	42	2	NULL	NULL	NULL	0	0	RUB	canonical_chunks/product_queries_details_BY_GMV_DESC_C06.tsv
1720161841	1217152166	35	зеркало магическое	BY_GMV	DESCENDING	5e844786-8316-452b-8659-c163b6f54d88	C06	43	41	NULL	NULL	NULL	0	0	RUB	canonical_chunks/product_queries_details_BY_GMV_DESC_C06.tsv
1720161841	1217152166	35	мелонг зеркало	BY_GMV	DESCENDING	5e844786-8316-452b-8659-c163b6f54d88	C06	44	5	NULL	NULL	NULL	0	0	RUB	canonical_chunks/product_queries_details_BY_GMV_DESC_C06.tsv
1720161841	1217152166	35	крюковая подвеска сувенир в машину	BY_GMV	DESCENDING	5e844786-8316-452b-8659-c163b6f54d88	C06	45	1	NULL	NULL	NULL	0	0	RUB	canonical_chunks/product_queries_details_BY_GMV_DESC_C06.tsv
1720160556	1217150153	34	талисман скорпион подвеска в авто	BY_GMV	DESCENDING	5e844786-8316-452b-8659-c163b6f54d88	C06	46	1	NULL	NULL	NULL	0	712	RUB	canonical_chunks/product_queries_details_BY_GMV_DESC_C06.tsv
1720160556	1217150153	34	четки на зеркало в машину знак скорпион	BY_GMV	DESCENDING	5e844786-8316-452b-8659-c163b6f54d88	C06	47	1	NULL	NULL	NULL	0	572	RUB	canonical_chunks/product_queries_details_BY_GMV_DESC_C06.tsv
1720160556	1217150153	34	подвеска медная скорпион	BY_GMV	DESCENDING	5e844786-8316-452b-8659-c163b6f54d88	C06	48	1	NULL	NULL	NULL	0	0	RUB	canonical_chunks/product_queries_details_BY_GMV_DESC_C06.tsv
1720160556	1217150153	34	оберег для мужчины скорпиона	BY_GMV	DESCENDING	5e844786-8316-452b-8659-c163b6f54d88	C06	49	1	NULL	NULL	NULL	0	0	RUB	canonical_chunks/product_queries_details_BY_GMV_DESC_C06.tsv
1720160556	1217150153	34	амулет чёрное зеркало	BY_GMV	DESCENDING	5e844786-8316-452b-8659-c163b6f54d88	C06	50	1	NULL	NULL	NULL	0	0	RUB	canonical_chunks/product_queries_details_BY_GMV_DESC_C06.tsv
1720160556	1217150153	34	амулет скорпион	BY_GMV	DESCENDING	5e844786-8316-452b-8659-c163b6f54d88	C06	51	20	NULL	NULL	NULL	0	0	RUB	canonical_chunks/product_queries_details_BY_GMV_DESC_C06.tsv
1720160556	1217150153	34	зеленый оберег в машину	BY_GMV	DESCENDING	5e844786-8316-452b-8659-c163b6f54d88	C06	52	1	NULL	NULL	NULL	0	0	RUB	canonical_chunks/product_queries_details_BY_GMV_DESC_C06.tsv
1720160556	1217150153	34	зеркальце оберег	BY_GMV	DESCENDING	5e844786-8316-452b-8659-c163b6f54d88	C06	53	7	NULL	NULL	NULL	0	0	RUB	canonical_chunks/product_queries_details_BY_GMV_DESC_C06.tsv
1720160556	1217150153	34	амулет мужской на шею скорпион	BY_GMV	DESCENDING	5e844786-8316-452b-8659-c163b6f54d88	C06	54	2	NULL	NULL	NULL	0	0	RUB	canonical_chunks/product_queries_details_BY_GMV_DESC_C06.tsv
1720160556	1217150153	34	автооберег	BY_GMV	DESCENDING	5e844786-8316-452b-8659-c163b6f54d88	C06	55	1	NULL	NULL	NULL	0	0	RUB	canonical_chunks/product_queries_details_BY_GMV_DESC_C06.tsv
1720160556	1217150153	34	амулет для автомобиля	BY_GMV	DESCENDING	5e844786-8316-452b-8659-c163b6f54d88	C06	56	4	NULL	NULL	NULL	0	0	RUB	canonical_chunks/product_queries_details_BY_GMV_DESC_C06.tsv
1720160556	1217150153	34	интерьер скорпион	BY_GMV	DESCENDING	5e844786-8316-452b-8659-c163b6f54d88	C06	57	1	NULL	NULL	NULL	0	0	RUB	canonical_chunks/product_queries_details_BY_GMV_DESC_C06.tsv
1720160556	1217150153	34	камень скорпиона подвеска	BY_GMV	DESCENDING	5e844786-8316-452b-8659-c163b6f54d88	C06	58	1	NULL	NULL	NULL	0	0	RUB	canonical_chunks/product_queries_details_BY_GMV_DESC_C06.tsv
1720160556	1217150153	34	бутсы футбольные на зеркало подвеска	BY_GMV	DESCENDING	5e844786-8316-452b-8659-c163b6f54d88	C06	59	1	NULL	NULL	NULL	0	0	RUB	canonical_chunks/product_queries_details_BY_GMV_DESC_C06.tsv
1720160556	1217150153	34	змея талисман	BY_GMV	DESCENDING	5e844786-8316-452b-8659-c163b6f54d88	C06	60	1	NULL	NULL	NULL	0	0	RUB	canonical_chunks/product_queries_details_BY_GMV_DESC_C06.tsv
1720155616	1217145315	33	рыбий глаз зеркало на столб	BY_GMV	DESCENDING	5e844786-8316-452b-8659-c163b6f54d88	C06	61	1	NULL	NULL	NULL	0	0	RUB	canonical_chunks/product_queries_details_BY_GMV_DESC_C06.tsv
1720155616	1217145315	33	значек рыбка хрестианский на машину	BY_GMV	DESCENDING	5e844786-8316-452b-8659-c163b6f54d88	C06	62	0	NULL	NULL	NULL	0	0	RUB	canonical_chunks/product_queries_details_BY_GMV_DESC_C06.tsv
1720155616	1217145315	33	четки в автомобиль	BY_GMV	DESCENDING	5e844786-8316-452b-8659-c163b6f54d88	C06	63	178	NULL	NULL	NULL	0	0	RUB	canonical_chunks/product_queries_details_BY_GMV_DESC_C06.tsv
1720155616	1217145315	33	набор знаков зодиака	BY_GMV	DESCENDING	5e844786-8316-452b-8659-c163b6f54d88	C06	64	1	NULL	NULL	NULL	0	0	RUB	canonical_chunks/product_queries_details_BY_GMV_DESC_C06.tsv
1720155616	1217145315	33	брелок оберег славянский	BY_GMV	DESCENDING	5e844786-8316-452b-8659-c163b6f54d88	C06	65	3	NULL	NULL	NULL	0	0	RUB	canonical_chunks/product_queries_details_BY_GMV_DESC_C06.tsv
1720155616	1217145315	33	игрушка на зеркало в машину знак зодиака	BY_GMV	DESCENDING	5e844786-8316-452b-8659-c163b6f54d88	C06	66	1	NULL	NULL	NULL	0	0	RUB	canonical_chunks/product_queries_details_BY_GMV_DESC_C06.tsv
1720155616	1217145315	33	подвеска в машину на зеркало лапоть	BY_GMV	DESCENDING	5e844786-8316-452b-8659-c163b6f54d88	C06	67	1	NULL	NULL	NULL	0	0	RUB	canonical_chunks/product_queries_details_BY_GMV_DESC_C06.tsv
1720155616	1217145315	33	от сглаза знак зодиака рыба	BY_GMV	DESCENDING	5e844786-8316-452b-8659-c163b6f54d88	C06	68	1	NULL	NULL	NULL	0	0	RUB	canonical_chunks/product_queries_details_BY_GMV_DESC_C06.tsv
1720155616	1217145315	33	оберег для автомобиля на зеркало	BY_GMV	DESCENDING	5e844786-8316-452b-8659-c163b6f54d88	C06	69	2	NULL	NULL	NULL	0	0	RUB	canonical_chunks/product_queries_details_BY_GMV_DESC_C06.tsv
1720155616	1217145315	33	обереги от порчи	BY_GMV	DESCENDING	5e844786-8316-452b-8659-c163b6f54d88	C06	70	0	NULL	NULL	NULL	0	0	RUB	canonical_chunks/product_queries_details_BY_GMV_DESC_C06.tsv
1720155616	1217145315	33	подвеска для зеркало в авто	BY_GMV	DESCENDING	5e844786-8316-452b-8659-c163b6f54d88	C06	71	1	NULL	NULL	NULL	0	0	RUB	canonical_chunks/product_queries_details_BY_GMV_DESC_C06.tsv
1720155616	1217145315	33	подвеска на зеркало авто скорпион	BY_GMV	DESCENDING	5e844786-8316-452b-8659-c163b6f54d88	C06	72	1	NULL	NULL	NULL	0	0	RUB	canonical_chunks/product_queries_details_BY_GMV_DESC_C06.tsv
1720155616	1217145315	33	подвеска на зеркало в машину знак зодиака	BY_GMV	DESCENDING	5e844786-8316-452b-8659-c163b6f54d88	C06	73	1	NULL	NULL	NULL	0	0	RUB	canonical_chunks/product_queries_details_BY_GMV_DESC_C06.tsv
1720155616	1217145315	33	на зеркало автомобиля подвеска в машину	BY_GMV	DESCENDING	5e844786-8316-452b-8659-c163b6f54d88	C06	74	1	NULL	NULL	NULL	0	0	RUB	canonical_chunks/product_queries_details_BY_GMV_DESC_C06.tsv
1720155616	1217145315	33	подвеска с защитой от сглаза и порчи	BY_GMV	DESCENDING	5e844786-8316-452b-8659-c163b6f54d88	C06	75	1	NULL	NULL	NULL	0	0	RUB	canonical_chunks/product_queries_details_BY_GMV_DESC_C06.tsv
1720153914	1217143121	32	оберег в машину для рака мужской	BY_GMV	DESCENDING	5e844786-8316-452b-8659-c163b6f54d88	C06	76	1	NULL	NULL	NULL	0	0	RUB	canonical_chunks/product_queries_details_BY_GMV_DESC_C06.tsv
1720153914	1217143121	32	брелок в машину на зеркало оберег сузуки на камне	BY_GMV	DESCENDING	5e844786-8316-452b-8659-c163b6f54d88	C06	77	1	NULL	NULL	NULL	0	0	RUB	canonical_chunks/product_queries_details_BY_GMV_DESC_C06.tsv
1720153914	1217143121	32	кимоно боевое самбо в машину на зеркало	BY_GMV	DESCENDING	5e844786-8316-452b-8659-c163b6f54d88	C06	78	1	NULL	NULL	NULL	0	0	RUB	canonical_chunks/product_queries_details_BY_GMV_DESC_C06.tsv
1720153914	1217143121	32	амулет деревянный	BY_GMV	DESCENDING	5e844786-8316-452b-8659-c163b6f54d88	C06	79	3	NULL	NULL	NULL	0	0	RUB	canonical_chunks/product_queries_details_BY_GMV_DESC_C06.tsv
1720153914	1217143121	32	амулеты обереги и талисманы дерево	BY_GMV	DESCENDING	5e844786-8316-452b-8659-c163b6f54d88	C06	80	1	NULL	NULL	NULL	0	0	RUB	canonical_chunks/product_queries_details_BY_GMV_DESC_C06.tsv
1720153914	1217143121	32	оберег на зеркало в машину мужской	BY_GMV	DESCENDING	5e844786-8316-452b-8659-c163b6f54d88	C06	81	1	NULL	NULL	NULL	0	0	RUB	canonical_chunks/product_queries_details_BY_GMV_DESC_C06.tsv
1720153914	1217143121	32	брелок в машину на зеркало кудо	BY_GMV	DESCENDING	5e844786-8316-452b-8659-c163b6f54d88	C06	82	1	NULL	NULL	NULL	0	0	RUB	canonical_chunks/product_queries_details_BY_GMV_DESC_C06.tsv
1720153914	1217143121	32	купить знак рака	BY_GMV	DESCENDING	5e844786-8316-452b-8659-c163b6f54d88	C06	83	1	NULL	NULL	NULL	0	0	RUB	canonical_chunks/product_queries_details_BY_GMV_DESC_C06.tsv
1720153914	1217143121	32	знак зодиака крысы в машину подвеска	BY_GMV	DESCENDING	5e844786-8316-452b-8659-c163b6f54d88	C06	84	1	NULL	NULL	NULL	0	0	RUB	canonical_chunks/product_queries_details_BY_GMV_DESC_C06.tsv
1720153914	1217143121	32	для для раков	BY_GMV	DESCENDING	5e844786-8316-452b-8659-c163b6f54d88	C06	85	1	NULL	NULL	NULL	0	0	RUB	canonical_chunks/product_queries_details_BY_GMV_DESC_C06.tsv
1720153914	1217143121	32	оберег в машину женский	BY_GMV	DESCENDING	5e844786-8316-452b-8659-c163b6f54d88	C06	86	3	NULL	NULL	NULL	0	0	RUB	canonical_chunks/product_queries_details_BY_GMV_DESC_C06.tsv
1720153914	1217143121	32	подвеска для авто стильная	BY_GMV	DESCENDING	5e844786-8316-452b-8659-c163b6f54d88	C06	87	1	NULL	NULL	NULL	0	0	RUB	canonical_chunks/product_queries_details_BY_GMV_DESC_C06.tsv
1720153914	1217143121	32	кулон из рак	BY_GMV	DESCENDING	5e844786-8316-452b-8659-c163b6f54d88	C06	88	1	NULL	NULL	NULL	0	0	RUB	canonical_chunks/product_queries_details_BY_GMV_DESC_C06.tsv
1720153914	1217143121	32	черная магия четки	BY_GMV	DESCENDING	5e844786-8316-452b-8659-c163b6f54d88	C06	89	1	NULL	NULL	NULL	0	0	RUB	canonical_chunks/product_queries_details_BY_GMV_DESC_C06.tsv
1720153914	1217143121	32	для подвески зеркала	BY_GMV	DESCENDING	5e844786-8316-452b-8659-c163b6f54d88	C06	90	1	NULL	NULL	NULL	0	0	RUB	canonical_chunks/product_queries_details_BY_GMV_DESC_C06.tsv
2183921966	1831102037	39	брелок в машину на зеркало славянский символ алатырь	BY_GMV	DESCENDING	8d5bc83e-4c5a-42c5-acc7-e2185bf95253	C07	1	1	NULL	NULL	NULL	0	871	RUB	canonical_chunks/product_queries_details_BY_GMV_DESC_C07.tsv
2183921966	1831102037	39	славянские обереги	BY_GMV	DESCENDING	8d5bc83e-4c5a-42c5-acc7-e2185bf95253	C07	2	1149	NULL	NULL	NULL	0	735	RUB	canonical_chunks/product_queries_details_BY_GMV_DESC_C07.tsv
2183921966	1831102037	39	оберег сварга	BY_GMV	DESCENDING	8d5bc83e-4c5a-42c5-acc7-e2185bf95253	C07	3	0	NULL	NULL	NULL	0	628	RUB	canonical_chunks/product_queries_details_BY_GMV_DESC_C07.tsv
2183921966	1831102037	39	оберег перун в машину	BY_GMV	DESCENDING	8d5bc83e-4c5a-42c5-acc7-e2185bf95253	C07	4	1	NULL	NULL	NULL	0	571.56	RUB	canonical_chunks/product_queries_details_BY_GMV_DESC_C07.tsv
2183921966	1831102037	39	зеркало для гадания	BY_GMV	DESCENDING	8d5bc83e-4c5a-42c5-acc7-e2185bf95253	C07	5	6	NULL	NULL	NULL	0	0	RUB	canonical_chunks/product_queries_details_BY_GMV_DESC_C07.tsv
2183921966	1831102037	39	подвеска из дерева в машину	BY_GMV	DESCENDING	8d5bc83e-4c5a-42c5-acc7-e2185bf95253	C07	6	3	NULL	NULL	NULL	0	0	RUB	canonical_chunks/product_queries_details_BY_GMV_DESC_C07.tsv
2183921966	1831102037	39	в машину оберег	BY_GMV	DESCENDING	8d5bc83e-4c5a-42c5-acc7-e2185bf95253	C07	7	4	NULL	NULL	NULL	0	0	RUB	canonical_chunks/product_queries_details_BY_GMV_DESC_C07.tsv
2183921966	1831102037	39	оружие в машину	BY_GMV	DESCENDING	8d5bc83e-4c5a-42c5-acc7-e2185bf95253	C07	8	2	NULL	NULL	NULL	0	0	RUB	canonical_chunks/product_queries_details_BY_GMV_DESC_C07.tsv
2183921966	1831102037	39	амулет молот перуна	BY_GMV	DESCENDING	8d5bc83e-4c5a-42c5-acc7-e2185bf95253	C07	9	1	NULL	NULL	NULL	0	0	RUB	canonical_chunks/product_queries_details_BY_GMV_DESC_C07.tsv
2183921966	1831102037	39	брелок славянский оберег	BY_GMV	DESCENDING	8d5bc83e-4c5a-42c5-acc7-e2185bf95253	C07	10	5	NULL	NULL	NULL	0	0	RUB	canonical_chunks/product_queries_details_BY_GMV_DESC_C07.tsv
2183921966	1831102037	39	повесить в машину	BY_GMV	DESCENDING	8d5bc83e-4c5a-42c5-acc7-e2185bf95253	C07	11	5	NULL	NULL	NULL	0	0	RUB	canonical_chunks/product_queries_details_BY_GMV_DESC_C07.tsv
2183921966	1831102037	39	семейный очаг песок	BY_GMV	DESCENDING	8d5bc83e-4c5a-42c5-acc7-e2185bf95253	C07	12	2	NULL	NULL	NULL	0	0	RUB	canonical_chunks/product_queries_details_BY_GMV_DESC_C07.tsv
2183921966	1831102037	39	бог	BY_GMV	DESCENDING	8d5bc83e-4c5a-42c5-acc7-e2185bf95253	C07	13	69	NULL	NULL	NULL	0	0	RUB	canonical_chunks/product_queries_details_BY_GMV_DESC_C07.tsv
2183921966	1831102037	39	машинки с подвеской	BY_GMV	DESCENDING	8d5bc83e-4c5a-42c5-acc7-e2185bf95253	C07	14	5	NULL	NULL	NULL	0	0	RUB	canonical_chunks/product_queries_details_BY_GMV_DESC_C07.tsv
2183921966	1831102037	39	в машину на удачу	BY_GMV	DESCENDING	8d5bc83e-4c5a-42c5-acc7-e2185bf95253	C07	15	2	NULL	NULL	NULL	0	0	RUB	canonical_chunks/product_queries_details_BY_GMV_DESC_C07.tsv
2183985513	1831181558	40	кумит бога перуна	BY_GMV	DESCENDING	8d5bc83e-4c5a-42c5-acc7-e2185bf95253	C07	16	1	NULL	NULL	NULL	0	699	RUB	canonical_chunks/product_queries_details_BY_GMV_DESC_C07.tsv
2183985513	1831181558	40	перун	BY_GMV	DESCENDING	8d5bc83e-4c5a-42c5-acc7-e2185bf95253	C07	17	488	NULL	NULL	NULL	0	642	RUB	canonical_chunks/product_queries_details_BY_GMV_DESC_C07.tsv
2183985513	1831181558	40	кружка перун	BY_GMV	DESCENDING	8d5bc83e-4c5a-42c5-acc7-e2185bf95253	C07	18	2	NULL	NULL	NULL	0	0	RUB	canonical_chunks/product_queries_details_BY_GMV_DESC_C07.tsv
2183985513	1831181558	40	брелок узбекистан на машину	BY_GMV	DESCENDING	8d5bc83e-4c5a-42c5-acc7-e2185bf95253	C07	19	1	NULL	NULL	NULL	0	0	RUB	canonical_chunks/product_queries_details_BY_GMV_DESC_C07.tsv
2183985513	1831181558	40	от сглаза и порчи оберег	BY_GMV	DESCENDING	8d5bc83e-4c5a-42c5-acc7-e2185bf95253	C07	20	78	NULL	NULL	NULL	0	0	RUB	canonical_chunks/product_queries_details_BY_GMV_DESC_C07.tsv
2183985513	1831181558	40	висюлька в машину на зеркало тайота четки	BY_GMV	DESCENDING	8d5bc83e-4c5a-42c5-acc7-e2185bf95253	C07	21	1	NULL	NULL	NULL	0	0	RUB	canonical_chunks/product_queries_details_BY_GMV_DESC_C07.tsv
2183985513	1831181558	40	амулет в машину	BY_GMV	DESCENDING	8d5bc83e-4c5a-42c5-acc7-e2185bf95253	C07	22	92	NULL	NULL	NULL	0	0	RUB	canonical_chunks/product_queries_details_BY_GMV_DESC_C07.tsv
2183985513	1831181558	40	амулет от сглаза брелок в машину на зеркало	BY_GMV	DESCENDING	8d5bc83e-4c5a-42c5-acc7-e2185bf95253	C07	23	1	NULL	NULL	NULL	0	0	RUB	canonical_chunks/product_queries_details_BY_GMV_DESC_C07.tsv
2183985513	1831181558	40	четки славянские	BY_GMV	DESCENDING	8d5bc83e-4c5a-42c5-acc7-e2185bf95253	C07	24	41	NULL	NULL	NULL	0	0	RUB	canonical_chunks/product_queries_details_BY_GMV_DESC_C07.tsv
2183985513	1831181558	40	военный оберег	BY_GMV	DESCENDING	8d5bc83e-4c5a-42c5-acc7-e2185bf95253	C07	25	2	NULL	NULL	NULL	0	0	RUB	canonical_chunks/product_queries_details_BY_GMV_DESC_C07.tsv
2183985513	1831181558	40	подвеска амулет	BY_GMV	DESCENDING	8d5bc83e-4c5a-42c5-acc7-e2185bf95253	C07	26	4	NULL	NULL	NULL	0	0	RUB	canonical_chunks/product_queries_details_BY_GMV_DESC_C07.tsv
2183985513	1831181558	40	аниме подвеска в машину на зеркало	BY_GMV	DESCENDING	8d5bc83e-4c5a-42c5-acc7-e2185bf95253	C07	27	1	NULL	NULL	NULL	0	0	RUB	canonical_chunks/product_queries_details_BY_GMV_DESC_C07.tsv
2183985513	1831181558	40	по правую руку бога	BY_GMV	DESCENDING	8d5bc83e-4c5a-42c5-acc7-e2185bf95253	C07	28	6	NULL	NULL	NULL	0	0	RUB	canonical_chunks/product_queries_details_BY_GMV_DESC_C07.tsv
2183985513	1831181558	40	адыгейские украшения подвески на зеркало для машины	BY_GMV	DESCENDING	8d5bc83e-4c5a-42c5-acc7-e2185bf95253	C07	29	1	NULL	NULL	NULL	0	0	RUB	canonical_chunks/product_queries_details_BY_GMV_DESC_C07.tsv
2183985513	1831181558	40	авто подвеска на зеркало	BY_GMV	DESCENDING	8d5bc83e-4c5a-42c5-acc7-e2185bf95253	C07	30	2	NULL	NULL	NULL	0	0	RUB	canonical_chunks/product_queries_details_BY_GMV_DESC_C07.tsv
2184133137	1831377069	42	оберег макоши	BY_GMV	DESCENDING	8d5bc83e-4c5a-42c5-acc7-e2185bf95253	C07	31	1	NULL	NULL	NULL	0	0	RUB	canonical_chunks/product_queries_details_BY_GMV_DESC_C07.tsv
2184133137	1831377069	42	макошь	BY_GMV	DESCENDING	8d5bc83e-4c5a-42c5-acc7-e2185bf95253	C07	32	569	NULL	NULL	NULL	0	0	RUB	canonical_chunks/product_queries_details_BY_GMV_DESC_C07.tsv
2184133137	1831377069	42	в машину на зеркало	BY_GMV	DESCENDING	8d5bc83e-4c5a-42c5-acc7-e2185bf95253	C07	33	67	NULL	NULL	NULL	0	0	RUB	canonical_chunks/product_queries_details_BY_GMV_DESC_C07.tsv
2184133137	1831377069	42	оберег в авто	BY_GMV	DESCENDING	8d5bc83e-4c5a-42c5-acc7-e2185bf95253	C07	34	1	NULL	NULL	NULL	0	0	RUB	canonical_chunks/product_queries_details_BY_GMV_DESC_C07.tsv
2184133137	1831377069	42	на зеркало авто подвеска женская в машину	BY_GMV	DESCENDING	8d5bc83e-4c5a-42c5-acc7-e2185bf95253	C07	35	1	NULL	NULL	NULL	0	0	RUB	canonical_chunks/product_queries_details_BY_GMV_DESC_C07.tsv
2184133137	1831377069	42	брелок талисман славянский	BY_GMV	DESCENDING	8d5bc83e-4c5a-42c5-acc7-e2185bf95253	C07	36	1	NULL	NULL	NULL	0	0	RUB	canonical_chunks/product_queries_details_BY_GMV_DESC_C07.tsv
2184133137	1831377069	42	оберег для автомобиля для автомобиля	BY_GMV	DESCENDING	8d5bc83e-4c5a-42c5-acc7-e2185bf95253	C07	37	1	NULL	NULL	NULL	0	0	RUB	canonical_chunks/product_queries_details_BY_GMV_DESC_C07.tsv
2184133137	1831377069	42	оберег автомобильный	BY_GMV	DESCENDING	8d5bc83e-4c5a-42c5-acc7-e2185bf95253	C07	38	3	NULL	NULL	NULL	0	0	RUB	canonical_chunks/product_queries_details_BY_GMV_DESC_C07.tsv
2184133137	1831377069	42	подвеска женская в автомобиль на зеркало	BY_GMV	DESCENDING	8d5bc83e-4c5a-42c5-acc7-e2185bf95253	C07	39	0	NULL	NULL	NULL	0	0	RUB	canonical_chunks/product_queries_details_BY_GMV_DESC_C07.tsv
2184133137	1831377069	42	оберег в машину на зеркало в салон	BY_GMV	DESCENDING	8d5bc83e-4c5a-42c5-acc7-e2185bf95253	C07	40	1	NULL	NULL	NULL	0	0	RUB	canonical_chunks/product_queries_details_BY_GMV_DESC_C07.tsv
2184133137	1831377069	42	подвеска славянская	BY_GMV	DESCENDING	8d5bc83e-4c5a-42c5-acc7-e2185bf95253	C07	41	9	NULL	NULL	NULL	0	0	RUB	canonical_chunks/product_queries_details_BY_GMV_DESC_C07.tsv
2184133137	1831377069	42	амулет на шею славянский	BY_GMV	DESCENDING	8d5bc83e-4c5a-42c5-acc7-e2185bf95253	C07	42	2	NULL	NULL	NULL	0	0	RUB	canonical_chunks/product_queries_details_BY_GMV_DESC_C07.tsv
2184133137	1831377069	42	славянский оберег род	BY_GMV	DESCENDING	8d5bc83e-4c5a-42c5-acc7-e2185bf95253	C07	43	2	NULL	NULL	NULL	0	0	RUB	canonical_chunks/product_queries_details_BY_GMV_DESC_C07.tsv
2184133137	1831377069	42	оберег в машину на зеркало славянский	BY_GMV	DESCENDING	8d5bc83e-4c5a-42c5-acc7-e2185bf95253	C07	44	1	NULL	NULL	NULL	0	0	RUB	canonical_chunks/product_queries_details_BY_GMV_DESC_C07.tsv
2184133137	1831377069	42	оберег боги из дерева	BY_GMV	DESCENDING	8d5bc83e-4c5a-42c5-acc7-e2185bf95253	C07	45	1	NULL	NULL	NULL	0	0	RUB	canonical_chunks/product_queries_details_BY_GMV_DESC_C07.tsv
2183808182	1830964558	38	зеркало богоа	BY_GMV	DESCENDING	8d5bc83e-4c5a-42c5-acc7-e2185bf95253	C07	46	1	NULL	NULL	NULL	0	0	RUB	canonical_chunks/product_queries_details_BY_GMV_DESC_C07.tsv
2183808182	1830964558	38	оберег славянский женский	BY_GMV	DESCENDING	8d5bc83e-4c5a-42c5-acc7-e2185bf95253	C07	47	8	NULL	NULL	NULL	0	0	RUB	canonical_chunks/product_queries_details_BY_GMV_DESC_C07.tsv
2183808182	1830964558	38	обереги	BY_GMV	DESCENDING	8d5bc83e-4c5a-42c5-acc7-e2185bf95253	C07	48	20	NULL	NULL	NULL	0	0	RUB	canonical_chunks/product_queries_details_BY_GMV_DESC_C07.tsv
2183808182	1830964558	38	амулет с зеркалом подвеска	BY_GMV	DESCENDING	8d5bc83e-4c5a-42c5-acc7-e2185bf95253	C07	49	1	NULL	NULL	NULL	0	0	RUB	canonical_chunks/product_queries_details_BY_GMV_DESC_C07.tsv
2183808182	1830964558	38	жива	BY_GMV	DESCENDING	8d5bc83e-4c5a-42c5-acc7-e2185bf95253	C07	50	44	NULL	NULL	NULL	0	0	RUB	canonical_chunks/product_queries_details_BY_GMV_DESC_C07.tsv
2183808182	1830964558	38	подвнска в мсшине зерколо	BY_GMV	DESCENDING	8d5bc83e-4c5a-42c5-acc7-e2185bf95253	C07	51	1	NULL	NULL	NULL	0	0	RUB	canonical_chunks/product_queries_details_BY_GMV_DESC_C07.tsv
2183808182	1830964558	38	оберег в машину славянский	BY_GMV	DESCENDING	8d5bc83e-4c5a-42c5-acc7-e2185bf95253	C07	52	9	NULL	NULL	NULL	0	0	RUB	canonical_chunks/product_queries_details_BY_GMV_DESC_C07.tsv
2183808182	1830964558	38	#славянскиеобереги	BY_GMV	DESCENDING	8d5bc83e-4c5a-42c5-acc7-e2185bf95253	C07	53	0	NULL	NULL	NULL	0	0	RUB	canonical_chunks/product_queries_details_BY_GMV_DESC_C07.tsv
2183808182	1830964558	38	подвеска на зеркало автомобиля в машину	BY_GMV	DESCENDING	8d5bc83e-4c5a-42c5-acc7-e2185bf95253	C07	54	14	NULL	NULL	NULL	0	0	RUB	canonical_chunks/product_queries_details_BY_GMV_DESC_C07.tsv
2183808182	1830964558	38	подвеска украшение в автомобиль	BY_GMV	DESCENDING	8d5bc83e-4c5a-42c5-acc7-e2185bf95253	C07	55	1	NULL	NULL	NULL	0	0	RUB	canonical_chunks/product_queries_details_BY_GMV_DESC_C07.tsv
2183808182	1830964558	38	подвеска на авто зерколо	BY_GMV	DESCENDING	8d5bc83e-4c5a-42c5-acc7-e2185bf95253	C07	56	2	NULL	NULL	NULL	0	0	RUB	canonical_chunks/product_queries_details_BY_GMV_DESC_C07.tsv
2183808182	1830964558	38	четки славянские оберег	BY_GMV	DESCENDING	8d5bc83e-4c5a-42c5-acc7-e2185bf95253	C07	57	1	NULL	NULL	NULL	0	0	RUB	canonical_chunks/product_queries_details_BY_GMV_DESC_C07.tsv
2183808182	1830964558	38	славянские обереги набор	BY_GMV	DESCENDING	8d5bc83e-4c5a-42c5-acc7-e2185bf95253	C07	58	1	NULL	NULL	NULL	0	0	RUB	canonical_chunks/product_queries_details_BY_GMV_DESC_C07.tsv
2183808182	1830964558	38	,jubyz ;bdf	BY_GMV	DESCENDING	8d5bc83e-4c5a-42c5-acc7-e2185bf95253	C07	59	1	NULL	NULL	NULL	0	0	RUB	canonical_chunks/product_queries_details_BY_GMV_DESC_C07.tsv
2183808182	1830964558	38	подвеска на зеркало в машину купола	BY_GMV	DESCENDING	8d5bc83e-4c5a-42c5-acc7-e2185bf95253	C07	60	1	NULL	NULL	NULL	0	0	RUB	canonical_chunks/product_queries_details_BY_GMV_DESC_C07.tsv
1943215793	1498533114	37	оберег для автомобиля на зеркало	BY_GMV	DESCENDING	8d5bc83e-4c5a-42c5-acc7-e2185bf95253	C07	61	7	NULL	NULL	NULL	0	0	RUB	canonical_chunks/product_queries_details_BY_GMV_DESC_C07.tsv
1943215793	1498533114	37	подвеска в иашину	BY_GMV	DESCENDING	8d5bc83e-4c5a-42c5-acc7-e2185bf95253	C07	62	1	NULL	NULL	NULL	0	0	RUB	canonical_chunks/product_queries_details_BY_GMV_DESC_C07.tsv
1943215793	1498533114	37	подвеска в машину на зеркало	BY_GMV	DESCENDING	8d5bc83e-4c5a-42c5-acc7-e2185bf95253	C07	63	1560	NULL	NULL	NULL	0	0	RUB	canonical_chunks/product_queries_details_BY_GMV_DESC_C07.tsv
1943215793	1498533114	37	икона и крест в машину	BY_GMV	DESCENDING	8d5bc83e-4c5a-42c5-acc7-e2185bf95253	C07	64	1	NULL	NULL	NULL	0	0	RUB	canonical_chunks/product_queries_details_BY_GMV_DESC_C07.tsv
1943215793	1498533114	37	оберег мусульманский	BY_GMV	DESCENDING	8d5bc83e-4c5a-42c5-acc7-e2185bf95253	C07	65	23	NULL	NULL	NULL	0	0	RUB	canonical_chunks/product_queries_details_BY_GMV_DESC_C07.tsv
1943215793	1498533114	37	икона в машину подвеска кожаная	BY_GMV	DESCENDING	8d5bc83e-4c5a-42c5-acc7-e2185bf95253	C07	66	1	NULL	NULL	NULL	0	0	RUB	canonical_chunks/product_queries_details_BY_GMV_DESC_C07.tsv
1943215793	1498533114	37	дерево в машину	BY_GMV	DESCENDING	8d5bc83e-4c5a-42c5-acc7-e2185bf95253	C07	67	1	NULL	NULL	NULL	0	0	RUB	canonical_chunks/product_queries_details_BY_GMV_DESC_C07.tsv
1943215793	1498533114	37	иисус на зеркало авто	BY_GMV	DESCENDING	8d5bc83e-4c5a-42c5-acc7-e2185bf95253	C07	68	1	NULL	NULL	NULL	0	0	RUB	canonical_chunks/product_queries_details_BY_GMV_DESC_C07.tsv
1943215793	1498533114	37	оберег автомобильный на зеркало	BY_GMV	DESCENDING	8d5bc83e-4c5a-42c5-acc7-e2185bf95253	C07	69	1	NULL	NULL	NULL	0	0	RUB	canonical_chunks/product_queries_details_BY_GMV_DESC_C07.tsv
1943215793	1498533114	37	подвеска в машину на зеркало костюм	BY_GMV	DESCENDING	8d5bc83e-4c5a-42c5-acc7-e2185bf95253	C07	70	1	NULL	NULL	NULL	0	0	RUB	canonical_chunks/product_queries_details_BY_GMV_DESC_C07.tsv
1943215793	1498533114	37	молитва оберег в дом	BY_GMV	DESCENDING	8d5bc83e-4c5a-42c5-acc7-e2185bf95253	C07	71	1	NULL	NULL	NULL	0	0	RUB	canonical_chunks/product_queries_details_BY_GMV_DESC_C07.tsv
1943215793	1498533114	37	оберег христианский	BY_GMV	DESCENDING	8d5bc83e-4c5a-42c5-acc7-e2185bf95253	C07	72	4	NULL	NULL	NULL	0	0	RUB	canonical_chunks/product_queries_details_BY_GMV_DESC_C07.tsv
1943215793	1498533114	37	подвеска православная в машину на зеркало	BY_GMV	DESCENDING	8d5bc83e-4c5a-42c5-acc7-e2185bf95253	C07	73	1	NULL	NULL	NULL	0	0	RUB	canonical_chunks/product_queries_details_BY_GMV_DESC_C07.tsv
1943215793	1498533114	37	оберег в машину мужской	BY_GMV	DESCENDING	8d5bc83e-4c5a-42c5-acc7-e2185bf95253	C07	74	5	NULL	NULL	NULL	0	0	RUB	canonical_chunks/product_queries_details_BY_GMV_DESC_C07.tsv
1943215793	1498533114	37	подвеска в машину из кожи	BY_GMV	DESCENDING	8d5bc83e-4c5a-42c5-acc7-e2185bf95253	C07	75	1	NULL	NULL	NULL	0	0	RUB	canonical_chunks/product_queries_details_BY_GMV_DESC_C07.tsv
2184098058	1831327502	41	оберег в виде зеркала	BY_GMV	DESCENDING	8d5bc83e-4c5a-42c5-acc7-e2185bf95253	C07	76	1	NULL	NULL	NULL	0	0	RUB	canonical_chunks/product_queries_details_BY_GMV_DESC_C07.tsv
2184098058	1831327502	41	картина стрибо	BY_GMV	DESCENDING	8d5bc83e-4c5a-42c5-acc7-e2185bf95253	C07	77	1	NULL	NULL	NULL	0	0	RUB	canonical_chunks/product_queries_details_BY_GMV_DESC_C07.tsv
2184098058	1831327502	41	зеркало для гадания	BY_GMV	DESCENDING	8d5bc83e-4c5a-42c5-acc7-e2185bf95253	C07	78	7	NULL	NULL	NULL	0	0	RUB	canonical_chunks/product_queries_details_BY_GMV_DESC_C07.tsv
2184098058	1831327502	41	подвеска в машину на зеркало мужская футбол зенит	BY_GMV	DESCENDING	8d5bc83e-4c5a-42c5-acc7-e2185bf95253	C07	79	1	NULL	NULL	NULL	0	0	RUB	canonical_chunks/product_queries_details_BY_GMV_DESC_C07.tsv
2184098058	1831327502	41	подвеска брелок на зеркало в машину мячь баскетбольный	BY_GMV	DESCENDING	8d5bc83e-4c5a-42c5-acc7-e2185bf95253	C07	80	1	NULL	NULL	NULL	0	0	RUB	canonical_chunks/product_queries_details_BY_GMV_DESC_C07.tsv
2184098058	1831327502	41	оберёг в машину на зеркало	BY_GMV	DESCENDING	8d5bc83e-4c5a-42c5-acc7-e2185bf95253	C07	81	1	NULL	NULL	NULL	0	0	RUB	canonical_chunks/product_queries_details_BY_GMV_DESC_C07.tsv
2184098058	1831327502	41	брошь славянские обереги	BY_GMV	DESCENDING	8d5bc83e-4c5a-42c5-acc7-e2185bf95253	C07	82	1	NULL	NULL	NULL	0	0	RUB	canonical_chunks/product_queries_details_BY_GMV_DESC_C07.tsv
2184098058	1831327502	41	брелок в машину на зеркало славянский символ алатырь	BY_GMV	DESCENDING	8d5bc83e-4c5a-42c5-acc7-e2185bf95253	C07	83	1	NULL	NULL	NULL	0	0	RUB	canonical_chunks/product_queries_details_BY_GMV_DESC_C07.tsv
2184098058	1831327502	41	магическое зеркало	BY_GMV	DESCENDING	8d5bc83e-4c5a-42c5-acc7-e2185bf95253	C07	84	40	NULL	NULL	NULL	0	0	RUB	canonical_chunks/product_queries_details_BY_GMV_DESC_C07.tsv
2184098058	1831327502	41	меловые ароматизаторы в автомобиль подвеска на зеркало	BY_GMV	DESCENDING	8d5bc83e-4c5a-42c5-acc7-e2185bf95253	C07	85	1	NULL	NULL	NULL	0	0	RUB	canonical_chunks/product_queries_details_BY_GMV_DESC_C07.tsv
2184098058	1831327502	41	мячик мягкий в машину на зеркало смайлик	BY_GMV	DESCENDING	8d5bc83e-4c5a-42c5-acc7-e2185bf95253	C07	86	1	NULL	NULL	NULL	0	0	RUB	canonical_chunks/product_queries_details_BY_GMV_DESC_C07.tsv
2184098058	1831327502	41	украшение автомобиля на зеркало	BY_GMV	DESCENDING	8d5bc83e-4c5a-42c5-acc7-e2185bf95253	C07	87	1	NULL	NULL	NULL	0	0	RUB	canonical_chunks/product_queries_details_BY_GMV_DESC_C07.tsv
2184098058	1831327502	41	обереги и талисманы славянские	BY_GMV	DESCENDING	8d5bc83e-4c5a-42c5-acc7-e2185bf95253	C07	88	3	NULL	NULL	NULL	0	0	RUB	canonical_chunks/product_queries_details_BY_GMV_DESC_C07.tsv
2184098058	1831327502	41	обереги на автомобиль	BY_GMV	DESCENDING	8d5bc83e-4c5a-42c5-acc7-e2185bf95253	C07	89	1	NULL	NULL	NULL	0	0	RUB	canonical_chunks/product_queries_details_BY_GMV_DESC_C07.tsv
2184098058	1831327502	41	бог сварог в машину	BY_GMV	DESCENDING	8d5bc83e-4c5a-42c5-acc7-e2185bf95253	C07	90	1	NULL	NULL	NULL	0	0	RUB	canonical_chunks/product_queries_details_BY_GMV_DESC_C07.tsv
2184234912	1831506538	46	бусы славянские обереги	BY_GMV	DESCENDING	0353d205-a81a-4719-9b67-a5181c9cbed6	C08	1	0	NULL	NULL	NULL	0	811	RUB	canonical_chunks/product_queries_details_BY_GMV_DESC_C08.tsv
2184234912	1831506538	46	кровь и песок оберег	BY_GMV	DESCENDING	0353d205-a81a-4719-9b67-a5181c9cbed6	C08	2	1	NULL	NULL	NULL	0	700	RUB	canonical_chunks/product_queries_details_BY_GMV_DESC_C08.tsv
2184234912	1831506538	46	звезда лады в машину подвеска	BY_GMV	DESCENDING	0353d205-a81a-4719-9b67-a5181c9cbed6	C08	3	1	NULL	NULL	NULL	0	676	RUB	canonical_chunks/product_queries_details_BY_GMV_DESC_C08.tsv
2184234912	1831506538	46	талисманы и обереги	BY_GMV	DESCENDING	0353d205-a81a-4719-9b67-a5181c9cbed6	C08	4	371	NULL	NULL	NULL	0	645	RUB	canonical_chunks/product_queries_details_BY_GMV_DESC_C08.tsv
2184234912	1831506538	46	амулет деревянный	BY_GMV	DESCENDING	0353d205-a81a-4719-9b67-a5181c9cbed6	C08	5	7	NULL	NULL	NULL	0	0	RUB	canonical_chunks/product_queries_details_BY_GMV_DESC_C08.tsv
2184234912	1831506538	46	украшение в машину на зеркало подвеска	BY_GMV	DESCENDING	0353d205-a81a-4719-9b67-a5181c9cbed6	C08	6	3	NULL	NULL	NULL	0	0	RUB	canonical_chunks/product_queries_details_BY_GMV_DESC_C08.tsv
2184234912	1831506538	46	апортизатор звёздное небо в машину	BY_GMV	DESCENDING	0353d205-a81a-4719-9b67-a5181c9cbed6	C08	7	1	NULL	NULL	NULL	0	0	RUB	canonical_chunks/product_queries_details_BY_GMV_DESC_C08.tsv
2184234912	1831506538	46	амулет звезда руси	BY_GMV	DESCENDING	0353d205-a81a-4719-9b67-a5181c9cbed6	C08	8	7	NULL	NULL	NULL	0	0	RUB	canonical_chunks/product_queries_details_BY_GMV_DESC_C08.tsv
2184234912	1831506538	46	200 шт подвески звезды	BY_GMV	DESCENDING	0353d205-a81a-4719-9b67-a5181c9cbed6	C08	9	1	NULL	NULL	NULL	0	0	RUB	canonical_chunks/product_queries_details_BY_GMV_DESC_C08.tsv
2184234912	1831506538	46	амулеты от сглаза с зеркалом	BY_GMV	DESCENDING	0353d205-a81a-4719-9b67-a5181c9cbed6	C08	10	1	NULL	NULL	NULL	0	0	RUB	canonical_chunks/product_queries_details_BY_GMV_DESC_C08.tsv
2184234912	1831506538	46	оберег для дома	BY_GMV	DESCENDING	0353d205-a81a-4719-9b67-a5181c9cbed6	C08	11	1675	NULL	NULL	NULL	0	0	RUB	canonical_chunks/product_queries_details_BY_GMV_DESC_C08.tsv
2184234912	1831506538	46	коловрат славянский	BY_GMV	DESCENDING	0353d205-a81a-4719-9b67-a5181c9cbed6	C08	12	1	NULL	NULL	NULL	0	0	RUB	canonical_chunks/product_queries_details_BY_GMV_DESC_C08.tsv
2184234912	1831506538	46	зеркальная защита амулет	BY_GMV	DESCENDING	0353d205-a81a-4719-9b67-a5181c9cbed6	C08	13	6	NULL	NULL	NULL	0	0	RUB	canonical_chunks/product_queries_details_BY_GMV_DESC_C08.tsv
2184234912	1831506538	46	славянские амулеты обереги	BY_GMV	DESCENDING	0353d205-a81a-4719-9b67-a5181c9cbed6	C08	14	2	NULL	NULL	NULL	0	0	RUB	canonical_chunks/product_queries_details_BY_GMV_DESC_C08.tsv
2184234912	1831506538	46	подвеска эзотерика	BY_GMV	DESCENDING	0353d205-a81a-4719-9b67-a5181c9cbed6	C08	15	1	NULL	NULL	NULL	0	0	RUB	canonical_chunks/product_queries_details_BY_GMV_DESC_C08.tsv
2184199958	1831464047	45	богиня мара	BY_GMV	DESCENDING	0353d205-a81a-4719-9b67-a5181c9cbed6	C08	16	69	NULL	NULL	NULL	0	798	RUB	canonical_chunks/product_queries_details_BY_GMV_DESC_C08.tsv
2184199958	1831464047	45	оберег в машину славянский	BY_GMV	DESCENDING	0353d205-a81a-4719-9b67-a5181c9cbed6	C08	17	13	NULL	NULL	NULL	0	507	RUB	canonical_chunks/product_queries_details_BY_GMV_DESC_C08.tsv
2184199958	1831464047	45	блестящий брелок в машину на зеркало ведьмочка	BY_GMV	DESCENDING	0353d205-a81a-4719-9b67-a5181c9cbed6	C08	18	1	NULL	NULL	NULL	0	0	RUB	canonical_chunks/product_queries_details_BY_GMV_DESC_C08.tsv
2184199958	1831464047	45	амулеты обереги в машину	BY_GMV	DESCENDING	0353d205-a81a-4719-9b67-a5181c9cbed6	C08	19	1	NULL	NULL	NULL	0	0	RUB	canonical_chunks/product_queries_details_BY_GMV_DESC_C08.tsv
2184199958	1831464047	45	оберёг в машину	BY_GMV	DESCENDING	0353d205-a81a-4719-9b67-a5181c9cbed6	C08	20	2	NULL	NULL	NULL	0	0	RUB	canonical_chunks/product_queries_details_BY_GMV_DESC_C08.tsv
2184199958	1831464047	45	висюльки в машину на зеркало череп обезьяна	BY_GMV	DESCENDING	0353d205-a81a-4719-9b67-a5181c9cbed6	C08	21	1	NULL	NULL	NULL	0	0	RUB	canonical_chunks/product_queries_details_BY_GMV_DESC_C08.tsv
2184199958	1831464047	45	оберег зеркало	BY_GMV	DESCENDING	0353d205-a81a-4719-9b67-a5181c9cbed6	C08	22	10	NULL	NULL	NULL	0	0	RUB	canonical_chunks/product_queries_details_BY_GMV_DESC_C08.tsv
2184199958	1831464047	45	зеркало магическое	BY_GMV	DESCENDING	0353d205-a81a-4719-9b67-a5181c9cbed6	C08	23	40	NULL	NULL	NULL	0	0	RUB	canonical_chunks/product_queries_details_BY_GMV_DESC_C08.tsv
2184199958	1831464047	45	азербайджанские чётки и амулеты на зеркало в машину	BY_GMV	DESCENDING	0353d205-a81a-4719-9b67-a5181c9cbed6	C08	24	2	NULL	NULL	NULL	0	0	RUB	canonical_chunks/product_queries_details_BY_GMV_DESC_C08.tsv
2184199958	1831464047	45	славянские талисманы	BY_GMV	DESCENDING	0353d205-a81a-4719-9b67-a5181c9cbed6	C08	25	3	NULL	NULL	NULL	0	0	RUB	canonical_chunks/product_queries_details_BY_GMV_DESC_C08.tsv
2184199958	1831464047	45	амулеты богинь славянских	BY_GMV	DESCENDING	0353d205-a81a-4719-9b67-a5181c9cbed6	C08	26	1	NULL	NULL	NULL	0	0	RUB	canonical_chunks/product_queries_details_BY_GMV_DESC_C08.tsv
2184199958	1831464047	45	подвеска на машину	BY_GMV	DESCENDING	0353d205-a81a-4719-9b67-a5181c9cbed6	C08	27	12	NULL	NULL	NULL	0	0	RUB	canonical_chunks/product_queries_details_BY_GMV_DESC_C08.tsv
2184199958	1831464047	45	аятуль курси в машину	BY_GMV	DESCENDING	0353d205-a81a-4719-9b67-a5181c9cbed6	C08	28	4	NULL	NULL	NULL	0	0	RUB	canonical_chunks/product_queries_details_BY_GMV_DESC_C08.tsv
2184199958	1831464047	45	авто подвеска	BY_GMV	DESCENDING	0353d205-a81a-4719-9b67-a5181c9cbed6	C08	29	1	NULL	NULL	NULL	0	0	RUB	canonical_chunks/product_queries_details_BY_GMV_DESC_C08.tsv
2184199958	1831464047	45	амулет тайна амулета	BY_GMV	DESCENDING	0353d205-a81a-4719-9b67-a5181c9cbed6	C08	30	1	NULL	NULL	NULL	0	0	RUB	canonical_chunks/product_queries_details_BY_GMV_DESC_C08.tsv
2184168890	1831422362	44	символ хорса	BY_GMV	DESCENDING	0353d205-a81a-4719-9b67-a5181c9cbed6	C08	31	2	NULL	NULL	NULL	0	783	RUB	canonical_chunks/product_queries_details_BY_GMV_DESC_C08.tsv
2184168890	1831422362	44	дьявол игрушка страшная в машину на зеркало	BY_GMV	DESCENDING	0353d205-a81a-4719-9b67-a5181c9cbed6	C08	32	1	NULL	NULL	NULL	0	0	RUB	canonical_chunks/product_queries_details_BY_GMV_DESC_C08.tsv
2184168890	1831422362	44	зеркало с подвеской	BY_GMV	DESCENDING	0353d205-a81a-4719-9b67-a5181c9cbed6	C08	33	4	NULL	NULL	NULL	0	0	RUB	canonical_chunks/product_queries_details_BY_GMV_DESC_C08.tsv
2184168890	1831422362	44	в славянской традиции	BY_GMV	DESCENDING	0353d205-a81a-4719-9b67-a5181c9cbed6	C08	34	1	NULL	NULL	NULL	0	0	RUB	canonical_chunks/product_queries_details_BY_GMV_DESC_C08.tsv
2184168890	1831422362	44	подвеска брелок славянская	BY_GMV	DESCENDING	0353d205-a81a-4719-9b67-a5181c9cbed6	C08	35	1	NULL	NULL	NULL	0	0	RUB	canonical_chunks/product_queries_details_BY_GMV_DESC_C08.tsv
2184168890	1831422362	44	оберег зеркало на шею подвеска	BY_GMV	DESCENDING	0353d205-a81a-4719-9b67-a5181c9cbed6	C08	36	1	NULL	NULL	NULL	0	0	RUB	canonical_chunks/product_queries_details_BY_GMV_DESC_C08.tsv
2184168890	1831422362	44	крюковая подвеска сувенир в машину	BY_GMV	DESCENDING	0353d205-a81a-4719-9b67-a5181c9cbed6	C08	37	1	NULL	NULL	NULL	0	0	RUB	canonical_chunks/product_queries_details_BY_GMV_DESC_C08.tsv
2184168890	1831422362	44	оберег велес	BY_GMV	DESCENDING	0353d205-a81a-4719-9b67-a5181c9cbed6	C08	38	8	NULL	NULL	NULL	0	0	RUB	canonical_chunks/product_queries_details_BY_GMV_DESC_C08.tsv
2184168890	1831422362	44	посуда хорс	BY_GMV	DESCENDING	0353d205-a81a-4719-9b67-a5181c9cbed6	C08	39	1	NULL	NULL	NULL	0	0	RUB	canonical_chunks/product_queries_details_BY_GMV_DESC_C08.tsv
2184168890	1831422362	44	атрибутика зенит в машину на зеркало	BY_GMV	DESCENDING	0353d205-a81a-4719-9b67-a5181c9cbed6	C08	40	1	NULL	NULL	NULL	0	0	RUB	canonical_chunks/product_queries_details_BY_GMV_DESC_C08.tsv
2184168890	1831422362	44	береза бусина 8 мм	BY_GMV	DESCENDING	0353d205-a81a-4719-9b67-a5181c9cbed6	C08	41	1	NULL	NULL	NULL	0	0	RUB	canonical_chunks/product_queries_details_BY_GMV_DESC_C08.tsv
2184168890	1831422362	44	славянские обереги в машину	BY_GMV	DESCENDING	0353d205-a81a-4719-9b67-a5181c9cbed6	C08	42	6	NULL	NULL	NULL	0	0	RUB	canonical_chunks/product_queries_details_BY_GMV_DESC_C08.tsv
2184168890	1831422362	44	#славянские_обереги	BY_GMV	DESCENDING	0353d205-a81a-4719-9b67-a5181c9cbed6	C08	43	0	NULL	NULL	NULL	0	0	RUB	canonical_chunks/product_queries_details_BY_GMV_DESC_C08.tsv
2184168890	1831422362	44	славянский бог	BY_GMV	DESCENDING	0353d205-a81a-4719-9b67-a5181c9cbed6	C08	44	2	NULL	NULL	NULL	0	0	RUB	canonical_chunks/product_queries_details_BY_GMV_DESC_C08.tsv
2184168890	1831422362	44	на зеркало авто подвеска	BY_GMV	DESCENDING	0353d205-a81a-4719-9b67-a5181c9cbed6	C08	45	11	NULL	NULL	NULL	0	0	RUB	canonical_chunks/product_queries_details_BY_GMV_DESC_C08.tsv
2186766628	1834930939	48	для тельцов	BY_GMV	DESCENDING	0353d205-a81a-4719-9b67-a5181c9cbed6	C08	46	6	NULL	NULL	NULL	0	729	RUB	canonical_chunks/product_queries_details_BY_GMV_DESC_C08.tsv
2186766628	1834930939	48	брелок в машину на зеркало плавец	BY_GMV	DESCENDING	0353d205-a81a-4719-9b67-a5181c9cbed6	C08	47	1	NULL	NULL	NULL	0	0	RUB	canonical_chunks/product_queries_details_BY_GMV_DESC_C08.tsv
2186766628	1834930939	48	зажигалка телец	BY_GMV	DESCENDING	0353d205-a81a-4719-9b67-a5181c9cbed6	C08	48	1	NULL	NULL	NULL	0	0	RUB	canonical_chunks/product_queries_details_BY_GMV_DESC_C08.tsv
2186766628	1834930939	48	подарок подвеска в машину	BY_GMV	DESCENDING	0353d205-a81a-4719-9b67-a5181c9cbed6	C08	49	1	NULL	NULL	NULL	0	0	RUB	canonical_chunks/product_queries_details_BY_GMV_DESC_C08.tsv
2186766628	1834930939	48	висюяка на зеркало в машину хавал	BY_GMV	DESCENDING	0353d205-a81a-4719-9b67-a5181c9cbed6	C08	50	1	NULL	NULL	NULL	0	0	RUB	canonical_chunks/product_queries_details_BY_GMV_DESC_C08.tsv
2186766628	1834930939	48	нашивка телец	BY_GMV	DESCENDING	0353d205-a81a-4719-9b67-a5181c9cbed6	C08	51	0	NULL	NULL	NULL	0	0	RUB	canonical_chunks/product_queries_details_BY_GMV_DESC_C08.tsv
2186766628	1834930939	48	оберег в машину талисман удачи автодомовой	BY_GMV	DESCENDING	0353d205-a81a-4719-9b67-a5181c9cbed6	C08	52	1	NULL	NULL	NULL	0	0	RUB	canonical_chunks/product_queries_details_BY_GMV_DESC_C08.tsv
2186766628	1834930939	48	брелок телец деревянный	BY_GMV	DESCENDING	0353d205-a81a-4719-9b67-a5181c9cbed6	C08	53	1	NULL	NULL	NULL	0	0	RUB	canonical_chunks/product_queries_details_BY_GMV_DESC_C08.tsv
2186766628	1834930939	48	оберег подвеска в машину	BY_GMV	DESCENDING	0353d205-a81a-4719-9b67-a5181c9cbed6	C08	54	1	NULL	NULL	NULL	0	0	RUB	canonical_chunks/product_queries_details_BY_GMV_DESC_C08.tsv
2186766628	1834930939	48	брошь телец	BY_GMV	DESCENDING	0353d205-a81a-4719-9b67-a5181c9cbed6	C08	55	2	NULL	NULL	NULL	0	0	RUB	canonical_chunks/product_queries_details_BY_GMV_DESC_C08.tsv
2186766628	1834930939	48	кулон подвеска телец мужской	BY_GMV	DESCENDING	0353d205-a81a-4719-9b67-a5181c9cbed6	C08	56	2	NULL	NULL	NULL	0	0	RUB	canonical_chunks/product_queries_details_BY_GMV_DESC_C08.tsv
2186766628	1834930939	48	аксессуары для автомобиля подвеска на зеркало	BY_GMV	DESCENDING	0353d205-a81a-4719-9b67-a5181c9cbed6	C08	57	1	NULL	NULL	NULL	0	0	RUB	canonical_chunks/product_queries_details_BY_GMV_DESC_C08.tsv
2186766628	1834930939	48	подвеска в машину бутцы арсенал	BY_GMV	DESCENDING	0353d205-a81a-4719-9b67-a5181c9cbed6	C08	58	1	NULL	NULL	NULL	0	0	RUB	canonical_chunks/product_queries_details_BY_GMV_DESC_C08.tsv
2186766628	1834930939	48	подвеска	BY_GMV	DESCENDING	0353d205-a81a-4719-9b67-a5181c9cbed6	C08	59	2415	NULL	NULL	NULL	0	0	RUB	canonical_chunks/product_queries_details_BY_GMV_DESC_C08.tsv
2186766628	1834930939	48	енот десантник в машину подвеска	BY_GMV	DESCENDING	0353d205-a81a-4719-9b67-a5181c9cbed6	C08	60	1	NULL	NULL	NULL	0	0	RUB	canonical_chunks/product_queries_details_BY_GMV_DESC_C08.tsv
2184932293	1832435919	47	даждьбог	BY_GMV	DESCENDING	0353d205-a81a-4719-9b67-a5181c9cbed6	C08	61	115	NULL	NULL	NULL	0	565	RUB	canonical_chunks/product_queries_details_BY_GMV_DESC_C08.tsv
2184932293	1832435919	47	языческие аксессуары в машину	BY_GMV	DESCENDING	0353d205-a81a-4719-9b67-a5181c9cbed6	C08	62	0	NULL	NULL	NULL	0	547	RUB	canonical_chunks/product_queries_details_BY_GMV_DESC_C08.tsv
2184932293	1832435919	47	оберег даж бога	BY_GMV	DESCENDING	0353d205-a81a-4719-9b67-a5181c9cbed6	C08	63	1	NULL	NULL	NULL	0	490	RUB	canonical_chunks/product_queries_details_BY_GMV_DESC_C08.tsv
2184932293	1832435919	47	оберег в машину от дерева жизни на зеркало	BY_GMV	DESCENDING	0353d205-a81a-4719-9b67-a5181c9cbed6	C08	64	1	NULL	NULL	NULL	0	0	RUB	canonical_chunks/product_queries_details_BY_GMV_DESC_C08.tsv
2184932293	1832435919	47	славянские обереги на шею	BY_GMV	DESCENDING	0353d205-a81a-4719-9b67-a5181c9cbed6	C08	65	2	NULL	NULL	NULL	0	0	RUB	canonical_chunks/product_queries_details_BY_GMV_DESC_C08.tsv
2184932293	1832435919	47	все в славянском стиле	BY_GMV	DESCENDING	0353d205-a81a-4719-9b67-a5181c9cbed6	C08	66	2	NULL	NULL	NULL	0	0	RUB	canonical_chunks/product_queries_details_BY_GMV_DESC_C08.tsv
2184932293	1832435919	47	амулеты языческие	BY_GMV	DESCENDING	0353d205-a81a-4719-9b67-a5181c9cbed6	C08	67	5	NULL	NULL	NULL	0	0	RUB	canonical_chunks/product_queries_details_BY_GMV_DESC_C08.tsv
2184932293	1832435919	47	no pasaran подвеска в машину	BY_GMV	DESCENDING	0353d205-a81a-4719-9b67-a5181c9cbed6	C08	68	1	NULL	NULL	NULL	0	0	RUB	canonical_chunks/product_queries_details_BY_GMV_DESC_C08.tsv
2184932293	1832435919	47	в машину на зеркало	BY_GMV	DESCENDING	0353d205-a81a-4719-9b67-a5181c9cbed6	C08	69	42	NULL	NULL	NULL	0	0	RUB	canonical_chunks/product_queries_details_BY_GMV_DESC_C08.tsv
2184932293	1832435919	47	брелок славянский оберег	BY_GMV	DESCENDING	0353d205-a81a-4719-9b67-a5181c9cbed6	C08	70	17	NULL	NULL	NULL	0	0	RUB	canonical_chunks/product_queries_details_BY_GMV_DESC_C08.tsv
2184932293	1832435919	47	во блага подвеска в машину	BY_GMV	DESCENDING	0353d205-a81a-4719-9b67-a5181c9cbed6	C08	71	1	NULL	NULL	NULL	0	0	RUB	canonical_chunks/product_queries_details_BY_GMV_DESC_C08.tsv
2184932293	1832435919	47	подвеска зеркало-амулет	BY_GMV	DESCENDING	0353d205-a81a-4719-9b67-a5181c9cbed6	C08	72	1	NULL	NULL	NULL	0	0	RUB	canonical_chunks/product_queries_details_BY_GMV_DESC_C08.tsv
2184932293	1832435919	47	зеркало параболическое для праворульных машин	BY_GMV	DESCENDING	0353d205-a81a-4719-9b67-a5181c9cbed6	C08	73	1	NULL	NULL	NULL	0	0	RUB	canonical_chunks/product_queries_details_BY_GMV_DESC_C08.tsv
2184932293	1832435919	47	амулет с зеркалом	BY_GMV	DESCENDING	0353d205-a81a-4719-9b67-a5181c9cbed6	C08	74	13	NULL	NULL	NULL	0	0	RUB	canonical_chunks/product_queries_details_BY_GMV_DESC_C08.tsv
2184932293	1832435919	47	бог омулет	BY_GMV	DESCENDING	0353d205-a81a-4719-9b67-a5181c9cbed6	C08	75	0	NULL	NULL	NULL	0	0	RUB	canonical_chunks/product_queries_details_BY_GMV_DESC_C08.tsv
2184153852	1831403746	43	оберег семаргл	BY_GMV	DESCENDING	0353d205-a81a-4719-9b67-a5181c9cbed6	C08	76	6	NULL	NULL	NULL	0	549	RUB	canonical_chunks/product_queries_details_BY_GMV_DESC_C08.tsv
2184153852	1831403746	43	подвеска в машину на зеркало для мужчиныс надптсью езди аккуратно	BY_GMV	DESCENDING	0353d205-a81a-4719-9b67-a5181c9cbed6	C08	77	1	NULL	NULL	NULL	0	0	RUB	canonical_chunks/product_queries_details_BY_GMV_DESC_C08.tsv
2184153852	1831403746	43	оберег на	BY_GMV	DESCENDING	0353d205-a81a-4719-9b67-a5181c9cbed6	C08	78	7	NULL	NULL	NULL	0	0	RUB	canonical_chunks/product_queries_details_BY_GMV_DESC_C08.tsv
2184153852	1831403746	43	мконка оберег в машину на зеркало круглая	BY_GMV	DESCENDING	0353d205-a81a-4719-9b67-a5181c9cbed6	C08	79	1	NULL	NULL	NULL	0	0	RUB	canonical_chunks/product_queries_details_BY_GMV_DESC_C08.tsv
2184153852	1831403746	43	амулет в машину	BY_GMV	DESCENDING	0353d205-a81a-4719-9b67-a5181c9cbed6	C08	80	36	NULL	NULL	NULL	0	0	RUB	canonical_chunks/product_queries_details_BY_GMV_DESC_C08.tsv
2184153852	1831403746	43	славянские обереги мужские в машину	BY_GMV	DESCENDING	0353d205-a81a-4719-9b67-a5181c9cbed6	C08	81	1	NULL	NULL	NULL	0	0	RUB	canonical_chunks/product_queries_details_BY_GMV_DESC_C08.tsv
2184153852	1831403746	43	оберег в автомобиль на зеркало	BY_GMV	DESCENDING	0353d205-a81a-4719-9b67-a5181c9cbed6	C08	82	1	NULL	NULL	NULL	0	0	RUB	canonical_chunks/product_queries_details_BY_GMV_DESC_C08.tsv
2184153852	1831403746	43	славянская подвеска	BY_GMV	DESCENDING	0353d205-a81a-4719-9b67-a5181c9cbed6	C08	83	4	NULL	NULL	NULL	0	0	RUB	canonical_chunks/product_queries_details_BY_GMV_DESC_C08.tsv
2184153852	1831403746	43	для подвески зеркала	BY_GMV	DESCENDING	0353d205-a81a-4719-9b67-a5181c9cbed6	C08	84	1	NULL	NULL	NULL	0	0	RUB	canonical_chunks/product_queries_details_BY_GMV_DESC_C08.tsv
2184153852	1831403746	43	ооо семаргл	BY_GMV	DESCENDING	0353d205-a81a-4719-9b67-a5181c9cbed6	C08	85	1	NULL	NULL	NULL	0	0	RUB	canonical_chunks/product_queries_details_BY_GMV_DESC_C08.tsv
2184153852	1831403746	43	амулеты обереги и талисманы дерево	BY_GMV	DESCENDING	0353d205-a81a-4719-9b67-a5181c9cbed6	C08	86	1	NULL	NULL	NULL	0	0	RUB	canonical_chunks/product_queries_details_BY_GMV_DESC_C08.tsv
2184153852	1831403746	43	амулет деревянный	BY_GMV	DESCENDING	0353d205-a81a-4719-9b67-a5181c9cbed6	C08	87	5	NULL	NULL	NULL	0	0	RUB	canonical_chunks/product_queries_details_BY_GMV_DESC_C08.tsv
2184153852	1831403746	43	обереги от сглаза и порчи	BY_GMV	DESCENDING	0353d205-a81a-4719-9b67-a5181c9cbed6	C08	88	20	NULL	NULL	NULL	0	0	RUB	canonical_chunks/product_queries_details_BY_GMV_DESC_C08.tsv
2184153852	1831403746	43	деревянная семаргл	BY_GMV	DESCENDING	0353d205-a81a-4719-9b67-a5181c9cbed6	C08	89	1	NULL	NULL	NULL	0	0	RUB	canonical_chunks/product_queries_details_BY_GMV_DESC_C08.tsv
2184153852	1831403746	43	оберег для автомобиля	BY_GMV	DESCENDING	0353d205-a81a-4719-9b67-a5181c9cbed6	C08	90	15	NULL	NULL	NULL	0	0	RUB	canonical_chunks/product_queries_details_BY_GMV_DESC_C08.tsv
2186839757	1835026306	52	четки в автомобиль на зеркало знак зодиака	BY_GMV	DESCENDING	ad174ee4-5e5c-4c3c-b51a-779591b266fc	C09	1	0	NULL	NULL	NULL	0	799	RUB	canonical_chunks/product_queries_details_BY_GMV_DESC_C09.tsv
2186839757	1835026306	52	подвеска в машину стрелец	BY_GMV	DESCENDING	ad174ee4-5e5c-4c3c-b51a-779591b266fc	C09	2	6	NULL	NULL	NULL	0	580	RUB	canonical_chunks/product_queries_details_BY_GMV_DESC_C09.tsv
2186839757	1835026306	52	брелок фсин в машину на зеркало	BY_GMV	DESCENDING	ad174ee4-5e5c-4c3c-b51a-779591b266fc	C09	3	1	NULL	NULL	NULL	0	0	RUB	canonical_chunks/product_queries_details_BY_GMV_DESC_C09.tsv
2186839757	1835026306	52	в машину на зеркало подвеска японская	BY_GMV	DESCENDING	ad174ee4-5e5c-4c3c-b51a-779591b266fc	C09	4	1	NULL	NULL	NULL	0	0	RUB	canonical_chunks/product_queries_details_BY_GMV_DESC_C09.tsv
2186839757	1835026306	52	наклейки на автомобиль стрелец	BY_GMV	DESCENDING	ad174ee4-5e5c-4c3c-b51a-779591b266fc	C09	5	1	NULL	NULL	NULL	0	0	RUB	canonical_chunks/product_queries_details_BY_GMV_DESC_C09.tsv
2186839757	1835026306	52	украшение на зеркало автомобиля знаки зодиака	BY_GMV	DESCENDING	ad174ee4-5e5c-4c3c-b51a-779591b266fc	C09	6	1	NULL	NULL	NULL	0	0	RUB	canonical_chunks/product_queries_details_BY_GMV_DESC_C09.tsv
2186839757	1835026306	52	в машину на зеркало подвеска	BY_GMV	DESCENDING	ad174ee4-5e5c-4c3c-b51a-779591b266fc	C09	7	13	NULL	NULL	NULL	0	0	RUB	canonical_chunks/product_queries_details_BY_GMV_DESC_C09.tsv
2186839757	1835026306	52	мужская подвеска на зеркало в машину	BY_GMV	DESCENDING	ad174ee4-5e5c-4c3c-b51a-779591b266fc	C09	8	1	NULL	NULL	NULL	0	0	RUB	canonical_chunks/product_queries_details_BY_GMV_DESC_C09.tsv
2186839757	1835026306	52	толисман подвеска на зеркало машины знак зодиака	BY_GMV	DESCENDING	ad174ee4-5e5c-4c3c-b51a-779591b266fc	C09	9	2	NULL	NULL	NULL	0	0	RUB	canonical_chunks/product_queries_details_BY_GMV_DESC_C09.tsv
2186839757	1835026306	52	подвеска на зеркало в машину	BY_GMV	DESCENDING	ad174ee4-5e5c-4c3c-b51a-779591b266fc	C09	10	1203	NULL	NULL	NULL	0	0	RUB	canonical_chunks/product_queries_details_BY_GMV_DESC_C09.tsv
2186839757	1835026306	52	в машину подвеска на зеркало скорпион	BY_GMV	DESCENDING	ad174ee4-5e5c-4c3c-b51a-779591b266fc	C09	11	1	NULL	NULL	NULL	0	0	RUB	canonical_chunks/product_queries_details_BY_GMV_DESC_C09.tsv
2186839757	1835026306	52	подвеска со заком зодиака стрелец	BY_GMV	DESCENDING	ad174ee4-5e5c-4c3c-b51a-779591b266fc	C09	12	0	NULL	NULL	NULL	0	0	RUB	canonical_chunks/product_queries_details_BY_GMV_DESC_C09.tsv
2186839757	1835026306	52	подвеска в машину авторская стрелец	BY_GMV	DESCENDING	ad174ee4-5e5c-4c3c-b51a-779591b266fc	C09	13	1	NULL	NULL	NULL	0	0	RUB	canonical_chunks/product_queries_details_BY_GMV_DESC_C09.tsv
2186839757	1835026306	52	деревянный талисман	BY_GMV	DESCENDING	ad174ee4-5e5c-4c3c-b51a-779591b266fc	C09	14	2	NULL	NULL	NULL	0	0	RUB	canonical_chunks/product_queries_details_BY_GMV_DESC_C09.tsv
2186839757	1835026306	52	бусина талисман	BY_GMV	DESCENDING	ad174ee4-5e5c-4c3c-b51a-779591b266fc	C09	15	1	NULL	NULL	NULL	0	0	RUB	canonical_chunks/product_queries_details_BY_GMV_DESC_C09.tsv
2186802133	1834976037	50	талисман в машину женский	BY_GMV	DESCENDING	ad174ee4-5e5c-4c3c-b51a-779591b266fc	C09	16	4	NULL	NULL	NULL	0	790	RUB	canonical_chunks/product_queries_details_BY_GMV_DESC_C09.tsv
2186802133	1834976037	50	весы подвеска в автомобиль	BY_GMV	DESCENDING	ad174ee4-5e5c-4c3c-b51a-779591b266fc	C09	17	1	NULL	NULL	NULL	0	0	RUB	canonical_chunks/product_queries_details_BY_GMV_DESC_C09.tsv
2186802133	1834976037	50	подвеска ювелирная весы скорпион	BY_GMV	DESCENDING	ad174ee4-5e5c-4c3c-b51a-779591b266fc	C09	18	1	NULL	NULL	NULL	0	0	RUB	canonical_chunks/product_queries_details_BY_GMV_DESC_C09.tsv
2186802133	1834976037	50	талисман машина	BY_GMV	DESCENDING	ad174ee4-5e5c-4c3c-b51a-779591b266fc	C09	19	1	NULL	NULL	NULL	0	0	RUB	canonical_chunks/product_queries_details_BY_GMV_DESC_C09.tsv
2186802133	1834976037	50	знак зодиака весы	BY_GMV	DESCENDING	ad174ee4-5e5c-4c3c-b51a-779591b266fc	C09	20	122	NULL	NULL	NULL	0	0	RUB	canonical_chunks/product_queries_details_BY_GMV_DESC_C09.tsv
2186802133	1834976037	50	подвеска в машину на зеркало хендай	BY_GMV	DESCENDING	ad174ee4-5e5c-4c3c-b51a-779591b266fc	C09	21	1	NULL	NULL	NULL	0	0	RUB	canonical_chunks/product_queries_details_BY_GMV_DESC_C09.tsv
2186802133	1834976037	50	бусина знак зодиака весы	BY_GMV	DESCENDING	ad174ee4-5e5c-4c3c-b51a-779591b266fc	C09	22	1	NULL	NULL	NULL	0	0	RUB	canonical_chunks/product_queries_details_BY_GMV_DESC_C09.tsv
2186802133	1834976037	50	гравити фолз в машину брелок на зеркало	BY_GMV	DESCENDING	ad174ee4-5e5c-4c3c-b51a-779591b266fc	C09	23	1	NULL	NULL	NULL	0	0	RUB	canonical_chunks/product_queries_details_BY_GMV_DESC_C09.tsv
2186802133	1834976037	50	подвеска в машину четки	BY_GMV	DESCENDING	ad174ee4-5e5c-4c3c-b51a-779591b266fc	C09	24	1	NULL	NULL	NULL	0	0	RUB	canonical_chunks/product_queries_details_BY_GMV_DESC_C09.tsv
2186802133	1834976037	50	амулет в машину	BY_GMV	DESCENDING	ad174ee4-5e5c-4c3c-b51a-779591b266fc	C09	25	18	NULL	NULL	NULL	0	0	RUB	canonical_chunks/product_queries_details_BY_GMV_DESC_C09.tsv
2186802133	1834976037	50	на зеркало автомобиля подвеска красная	BY_GMV	DESCENDING	ad174ee4-5e5c-4c3c-b51a-779591b266fc	C09	26	0	NULL	NULL	NULL	0	0	RUB	canonical_chunks/product_queries_details_BY_GMV_DESC_C09.tsv
2186802133	1834976037	50	вонючка в машину архангел михаил на зеркало	BY_GMV	DESCENDING	ad174ee4-5e5c-4c3c-b51a-779591b266fc	C09	27	1	NULL	NULL	NULL	0	0	RUB	canonical_chunks/product_queries_details_BY_GMV_DESC_C09.tsv
2186802133	1834976037	50	украшение в машину на зеркало знаки зодиака	BY_GMV	DESCENDING	ad174ee4-5e5c-4c3c-b51a-779591b266fc	C09	28	1	NULL	NULL	NULL	0	0	RUB	canonical_chunks/product_queries_details_BY_GMV_DESC_C09.tsv
2186802133	1834976037	50	подвеска весы мужская	BY_GMV	DESCENDING	ad174ee4-5e5c-4c3c-b51a-779591b266fc	C09	29	3	NULL	NULL	NULL	0	0	RUB	canonical_chunks/product_queries_details_BY_GMV_DESC_C09.tsv
2186802133	1834976037	50	подвески весы	BY_GMV	DESCENDING	ad174ee4-5e5c-4c3c-b51a-779591b266fc	C09	30	1	NULL	NULL	NULL	0	0	RUB	canonical_chunks/product_queries_details_BY_GMV_DESC_C09.tsv
2186846833	1835035733	54	водолей	BY_GMV	DESCENDING	ad174ee4-5e5c-4c3c-b51a-779591b266fc	C09	31	746	NULL	NULL	NULL	0	669	RUB	canonical_chunks/product_queries_details_BY_GMV_DESC_C09.tsv
2186846833	1835035733	54	оберег в машину со знаком зодиака водолей	BY_GMV	DESCENDING	ad174ee4-5e5c-4c3c-b51a-779591b266fc	C09	32	1	NULL	NULL	NULL	0	597	RUB	canonical_chunks/product_queries_details_BY_GMV_DESC_C09.tsv
2186846833	1835035733	54	нитка оберег на руку водолей	BY_GMV	DESCENDING	ad174ee4-5e5c-4c3c-b51a-779591b266fc	C09	33	1	NULL	NULL	NULL	0	0	RUB	canonical_chunks/product_queries_details_BY_GMV_DESC_C09.tsv
2186846833	1835035733	54	автомобиля на зеркало украшение	BY_GMV	DESCENDING	ad174ee4-5e5c-4c3c-b51a-779591b266fc	C09	34	1	NULL	NULL	NULL	0	0	RUB	canonical_chunks/product_queries_details_BY_GMV_DESC_C09.tsv
2186846833	1835035733	54	ладанка оберег в машину на зеркало	BY_GMV	DESCENDING	ad174ee4-5e5c-4c3c-b51a-779591b266fc	C09	35	1	NULL	NULL	NULL	0	0	RUB	canonical_chunks/product_queries_details_BY_GMV_DESC_C09.tsv
2186846833	1835035733	54	аквамарин подвеска водолей ровновесие	BY_GMV	DESCENDING	ad174ee4-5e5c-4c3c-b51a-779591b266fc	C09	36	1	NULL	NULL	NULL	0	0	RUB	canonical_chunks/product_queries_details_BY_GMV_DESC_C09.tsv
2186846833	1835035733	54	подвеска в машину из аниме	BY_GMV	DESCENDING	ad174ee4-5e5c-4c3c-b51a-779591b266fc	C09	37	1	NULL	NULL	NULL	0	0	RUB	canonical_chunks/product_queries_details_BY_GMV_DESC_C09.tsv
2186846833	1835035733	54	подвеска в машину на зеркало мотоцикл	BY_GMV	DESCENDING	ad174ee4-5e5c-4c3c-b51a-779591b266fc	C09	38	1	NULL	NULL	NULL	0	0	RUB	canonical_chunks/product_queries_details_BY_GMV_DESC_C09.tsv
2186846833	1835035733	54	оберег в машину мусульманский четки	BY_GMV	DESCENDING	ad174ee4-5e5c-4c3c-b51a-779591b266fc	C09	39	1	NULL	NULL	NULL	0	0	RUB	canonical_chunks/product_queries_details_BY_GMV_DESC_C09.tsv
2186846833	1835035733	54	славянский оберег в машину на зеркало	BY_GMV	DESCENDING	ad174ee4-5e5c-4c3c-b51a-779591b266fc	C09	40	2	NULL	NULL	NULL	0	0	RUB	canonical_chunks/product_queries_details_BY_GMV_DESC_C09.tsv
2186846833	1835035733	54	в машину подвес	BY_GMV	DESCENDING	ad174ee4-5e5c-4c3c-b51a-779591b266fc	C09	41	1	NULL	NULL	NULL	0	0	RUB	canonical_chunks/product_queries_details_BY_GMV_DESC_C09.tsv
2186846833	1835035733	54	знак зеркало	BY_GMV	DESCENDING	ad174ee4-5e5c-4c3c-b51a-779591b266fc	C09	42	2	NULL	NULL	NULL	0	0	RUB	canonical_chunks/product_queries_details_BY_GMV_DESC_C09.tsv
2186846833	1835035733	54	водолей расческа	BY_GMV	DESCENDING	ad174ee4-5e5c-4c3c-b51a-779591b266fc	C09	43	1	NULL	NULL	NULL	0	0	RUB	canonical_chunks/product_queries_details_BY_GMV_DESC_C09.tsv
2186846833	1835035733	54	подвеска на зеркало автомобиля в машину	BY_GMV	DESCENDING	ad174ee4-5e5c-4c3c-b51a-779591b266fc	C09	44	17	NULL	NULL	NULL	0	0	RUB	canonical_chunks/product_queries_details_BY_GMV_DESC_C09.tsv
2186846833	1835035733	54	водолей в машину	BY_GMV	DESCENDING	ad174ee4-5e5c-4c3c-b51a-779591b266fc	C09	45	4	NULL	NULL	NULL	0	0	RUB	canonical_chunks/product_queries_details_BY_GMV_DESC_C09.tsv
2186836116	1835021816	51	четки в машину скорпион.из китая	BY_GMV	DESCENDING	ad174ee4-5e5c-4c3c-b51a-779591b266fc	C09	46	1	NULL	NULL	NULL	0	0	RUB	canonical_chunks/product_queries_details_BY_GMV_DESC_C09.tsv
2186836116	1835021816	51	зеркало параболическое для праворульных машин	BY_GMV	DESCENDING	ad174ee4-5e5c-4c3c-b51a-779591b266fc	C09	47	1	NULL	NULL	NULL	0	0	RUB	canonical_chunks/product_queries_details_BY_GMV_DESC_C09.tsv
2186836116	1835021816	51	кулоны амулеты	BY_GMV	DESCENDING	ad174ee4-5e5c-4c3c-b51a-779591b266fc	C09	48	1	NULL	NULL	NULL	0	0	RUB	canonical_chunks/product_queries_details_BY_GMV_DESC_C09.tsv
2186836116	1835021816	51	подвеска скорпион мужская	BY_GMV	DESCENDING	ad174ee4-5e5c-4c3c-b51a-779591b266fc	C09	49	6	NULL	NULL	NULL	0	0	RUB	canonical_chunks/product_queries_details_BY_GMV_DESC_C09.tsv
2186836116	1835021816	51	подвеска в машину на зеркало спорт	BY_GMV	DESCENDING	ad174ee4-5e5c-4c3c-b51a-779591b266fc	C09	50	1	NULL	NULL	NULL	0	0	RUB	canonical_chunks/product_queries_details_BY_GMV_DESC_C09.tsv
2186836116	1835021816	51	зеркало для гкдарий	BY_GMV	DESCENDING	ad174ee4-5e5c-4c3c-b51a-779591b266fc	C09	51	1	NULL	NULL	NULL	0	0	RUB	canonical_chunks/product_queries_details_BY_GMV_DESC_C09.tsv
2186836116	1835021816	51	подвеска в машину на зеркало dont drive so fast	BY_GMV	DESCENDING	ad174ee4-5e5c-4c3c-b51a-779591b266fc	C09	52	1	NULL	NULL	NULL	0	0	RUB	canonical_chunks/product_queries_details_BY_GMV_DESC_C09.tsv
2186836116	1835021816	51	скутер скорпион зеркало	BY_GMV	DESCENDING	ad174ee4-5e5c-4c3c-b51a-779591b266fc	C09	53	1	NULL	NULL	NULL	0	0	RUB	canonical_chunks/product_queries_details_BY_GMV_DESC_C09.tsv
2186836116	1835021816	51	в машину подвеска на зеркало с фото	BY_GMV	DESCENDING	ad174ee4-5e5c-4c3c-b51a-779591b266fc	C09	54	1	NULL	NULL	NULL	0	0	RUB	canonical_chunks/product_queries_details_BY_GMV_DESC_C09.tsv
2186836116	1835021816	51	подвеска в машину мягкий пушистый ежик	BY_GMV	DESCENDING	ad174ee4-5e5c-4c3c-b51a-779591b266fc	C09	55	1	NULL	NULL	NULL	0	0	RUB	canonical_chunks/product_queries_details_BY_GMV_DESC_C09.tsv
2186836116	1835021816	51	зеркало крест	BY_GMV	DESCENDING	ad174ee4-5e5c-4c3c-b51a-779591b266fc	C09	56	4	NULL	NULL	NULL	0	0	RUB	canonical_chunks/product_queries_details_BY_GMV_DESC_C09.tsv
2186836116	1835021816	51	подвеска скорпион на шею мужской	BY_GMV	DESCENDING	ad174ee4-5e5c-4c3c-b51a-779591b266fc	C09	57	1	NULL	NULL	NULL	0	0	RUB	canonical_chunks/product_queries_details_BY_GMV_DESC_C09.tsv
2186836116	1835021816	51	машину подвеска	BY_GMV	DESCENDING	ad174ee4-5e5c-4c3c-b51a-779591b266fc	C09	58	1	NULL	NULL	NULL	0	0	RUB	canonical_chunks/product_queries_details_BY_GMV_DESC_C09.tsv
2186836116	1835021816	51	для авто на зеркало подвеска	BY_GMV	DESCENDING	ad174ee4-5e5c-4c3c-b51a-779591b266fc	C09	59	1	NULL	NULL	NULL	0	0	RUB	canonical_chunks/product_queries_details_BY_GMV_DESC_C09.tsv
2186836116	1835021816	51	подвечка на зеркало	BY_GMV	DESCENDING	ad174ee4-5e5c-4c3c-b51a-779591b266fc	C09	60	1	NULL	NULL	NULL	0	0	RUB	canonical_chunks/product_queries_details_BY_GMV_DESC_C09.tsv
2186843798	1835030733	53	вонючка в машину оберег от дпс	BY_GMV	DESCENDING	ad174ee4-5e5c-4c3c-b51a-779591b266fc	C09	61	1	NULL	NULL	NULL	0	0	RUB	canonical_chunks/product_queries_details_BY_GMV_DESC_C09.tsv
2186843798	1835030733	53	подвеска в машину на зеркало мех	BY_GMV	DESCENDING	ad174ee4-5e5c-4c3c-b51a-779591b266fc	C09	62	0	NULL	NULL	NULL	0	0	RUB	canonical_chunks/product_queries_details_BY_GMV_DESC_C09.tsv
2186843798	1835030733	53	машина-дева	BY_GMV	DESCENDING	ad174ee4-5e5c-4c3c-b51a-779591b266fc	C09	63	1	NULL	NULL	NULL	0	0	RUB	canonical_chunks/product_queries_details_BY_GMV_DESC_C09.tsv
2186843798	1835030733	53	подарок для девы знака зодиака	BY_GMV	DESCENDING	ad174ee4-5e5c-4c3c-b51a-779591b266fc	C09	64	1	NULL	NULL	NULL	0	0	RUB	canonical_chunks/product_queries_details_BY_GMV_DESC_C09.tsv
2186843798	1835030733	53	горшок дева знак зодиака	BY_GMV	DESCENDING	ad174ee4-5e5c-4c3c-b51a-779591b266fc	C09	65	1	NULL	NULL	NULL	0	0	RUB	canonical_chunks/product_queries_details_BY_GMV_DESC_C09.tsv
2186843798	1835030733	53	подвеска на зеркало мужская	BY_GMV	DESCENDING	ad174ee4-5e5c-4c3c-b51a-779591b266fc	C09	66	3	NULL	NULL	NULL	0	0	RUB	canonical_chunks/product_queries_details_BY_GMV_DESC_C09.tsv
2186843798	1835030733	53	все для знака зодиака дева	BY_GMV	DESCENDING	ad174ee4-5e5c-4c3c-b51a-779591b266fc	C09	67	1	NULL	NULL	NULL	0	0	RUB	canonical_chunks/product_queries_details_BY_GMV_DESC_C09.tsv
2186843798	1835030733	53	зодиак дева	BY_GMV	DESCENDING	ad174ee4-5e5c-4c3c-b51a-779591b266fc	C09	68	1	NULL	NULL	NULL	0	0	RUB	canonical_chunks/product_queries_details_BY_GMV_DESC_C09.tsv
2186843798	1835030733	53	оберег для девы женский на шею	BY_GMV	DESCENDING	ad174ee4-5e5c-4c3c-b51a-779591b266fc	C09	69	1	NULL	NULL	NULL	0	0	RUB	canonical_chunks/product_queries_details_BY_GMV_DESC_C09.tsv
2186843798	1835030733	53	зекало подвеска	BY_GMV	DESCENDING	ad174ee4-5e5c-4c3c-b51a-779591b266fc	C09	70	1	NULL	NULL	NULL	0	0	RUB	canonical_chunks/product_queries_details_BY_GMV_DESC_C09.tsv
2186843798	1835030733	53	амулет зеркало	BY_GMV	DESCENDING	ad174ee4-5e5c-4c3c-b51a-779591b266fc	C09	71	10	NULL	NULL	NULL	0	0	RUB	canonical_chunks/product_queries_details_BY_GMV_DESC_C09.tsv
2186843798	1835030733	53	подвеска в машину женская ловец	BY_GMV	DESCENDING	ad174ee4-5e5c-4c3c-b51a-779591b266fc	C09	72	1	NULL	NULL	NULL	0	0	RUB	canonical_chunks/product_queries_details_BY_GMV_DESC_C09.tsv
2186843798	1835030733	53	зеркальце амулет	BY_GMV	DESCENDING	ad174ee4-5e5c-4c3c-b51a-779591b266fc	C09	73	1	NULL	NULL	NULL	0	0	RUB	canonical_chunks/product_queries_details_BY_GMV_DESC_C09.tsv
2186843798	1835030733	53	зеркальный амудет	BY_GMV	DESCENDING	ad174ee4-5e5c-4c3c-b51a-779591b266fc	C09	74	1	NULL	NULL	NULL	0	0	RUB	canonical_chunks/product_queries_details_BY_GMV_DESC_C09.tsv
2186843798	1835030733	53	подвеска для машины перчатка написанными ufc	BY_GMV	DESCENDING	ad174ee4-5e5c-4c3c-b51a-779591b266fc	C09	75	1	NULL	NULL	NULL	0	0	RUB	canonical_chunks/product_queries_details_BY_GMV_DESC_C09.tsv
2186796339	1834968755	49	оберег для рака	BY_GMV	DESCENDING	ad174ee4-5e5c-4c3c-b51a-779591b266fc	C09	76	5	NULL	NULL	NULL	0	0	RUB	canonical_chunks/product_queries_details_BY_GMV_DESC_C09.tsv
2186796339	1834968755	49	кулон четки	BY_GMV	DESCENDING	ad174ee4-5e5c-4c3c-b51a-779591b266fc	C09	77	1	NULL	NULL	NULL	0	0	RUB	canonical_chunks/product_queries_details_BY_GMV_DESC_C09.tsv
2186796339	1834968755	49	машину четки	BY_GMV	DESCENDING	ad174ee4-5e5c-4c3c-b51a-779591b266fc	C09	78	1	NULL	NULL	NULL	0	0	RUB	canonical_chunks/product_queries_details_BY_GMV_DESC_C09.tsv
2186796339	1834968755	49	талисман в машину на зеркало	BY_GMV	DESCENDING	ad174ee4-5e5c-4c3c-b51a-779591b266fc	C09	79	4	NULL	NULL	NULL	0	0	RUB	canonical_chunks/product_queries_details_BY_GMV_DESC_C09.tsv
2186796339	1834968755	49	подвеска на авто зерколо	BY_GMV	DESCENDING	ad174ee4-5e5c-4c3c-b51a-779591b266fc	C09	80	1	NULL	NULL	NULL	0	0	RUB	canonical_chunks/product_queries_details_BY_GMV_DESC_C09.tsv
2186796339	1834968755	49	знаки зодиака из дерева	BY_GMV	DESCENDING	ad174ee4-5e5c-4c3c-b51a-779591b266fc	C09	81	1	NULL	NULL	NULL	0	0	RUB	canonical_chunks/product_queries_details_BY_GMV_DESC_C09.tsv
2186796339	1834968755	49	скорпион оберег	BY_GMV	DESCENDING	ad174ee4-5e5c-4c3c-b51a-779591b266fc	C09	82	1	NULL	NULL	NULL	0	0	RUB	canonical_chunks/product_queries_details_BY_GMV_DESC_C09.tsv
2186796339	1834968755	49	оберег деревянный	BY_GMV	DESCENDING	ad174ee4-5e5c-4c3c-b51a-779591b266fc	C09	83	9	NULL	NULL	NULL	0	0	RUB	canonical_chunks/product_queries_details_BY_GMV_DESC_C09.tsv
2186796339	1834968755	49	на зеркало украшение в машину	BY_GMV	DESCENDING	ad174ee4-5e5c-4c3c-b51a-779591b266fc	C09	84	1	NULL	NULL	NULL	0	0	RUB	canonical_chunks/product_queries_details_BY_GMV_DESC_C09.tsv
2186796339	1834968755	49	четки в машину на зеркало	BY_GMV	DESCENDING	ad174ee4-5e5c-4c3c-b51a-779591b266fc	C09	85	117	NULL	NULL	NULL	0	0	RUB	canonical_chunks/product_queries_details_BY_GMV_DESC_C09.tsv
2186796339	1834968755	49	знаки зодиака фигурки рак	BY_GMV	DESCENDING	ad174ee4-5e5c-4c3c-b51a-779591b266fc	C09	86	1	NULL	NULL	NULL	0	0	RUB	canonical_chunks/product_queries_details_BY_GMV_DESC_C09.tsv
2186796339	1834968755	49	подвеска в машину на зеркало рак	BY_GMV	DESCENDING	ad174ee4-5e5c-4c3c-b51a-779591b266fc	C09	87	1	NULL	NULL	NULL	0	0	RUB	canonical_chunks/product_queries_details_BY_GMV_DESC_C09.tsv
2186796339	1834968755	49	о.берег в машину	BY_GMV	DESCENDING	ad174ee4-5e5c-4c3c-b51a-779591b266fc	C09	88	1	NULL	NULL	NULL	0	0	RUB	canonical_chunks/product_queries_details_BY_GMV_DESC_C09.tsv
2186796339	1834968755	49	худи со знаком зодиака	BY_GMV	DESCENDING	ad174ee4-5e5c-4c3c-b51a-779591b266fc	C09	89	6	NULL	NULL	NULL	0	0	RUB	canonical_chunks/product_queries_details_BY_GMV_DESC_C09.tsv
2186796339	1834968755	49	на дифлектоп араматизатор в машину знак задиака	BY_GMV	DESCENDING	ad174ee4-5e5c-4c3c-b51a-779591b266fc	C09	90	1	NULL	NULL	NULL	0	0	RUB	canonical_chunks/product_queries_details_BY_GMV_DESC_C09.tsv
2186865070	1835063317	60	брелок в машину знак зодиака дева	BY_GMV	DESCENDING	bebb9506-9aab-4639-af07-cc63c0915e2e	C10	1	1	NULL	NULL	NULL	0	778	RUB	canonical_chunks/product_queries_details_BY_GMV_DESC_C10.tsv
2186865070	1835063317	60	подвеска в машину дева	BY_GMV	DESCENDING	bebb9506-9aab-4639-af07-cc63c0915e2e	C10	2	5	NULL	NULL	NULL	0	654	RUB	canonical_chunks/product_queries_details_BY_GMV_DESC_C10.tsv
2186865070	1835063317	60	подвеска на зеркало в машину рыба	BY_GMV	DESCENDING	bebb9506-9aab-4639-af07-cc63c0915e2e	C10	3	1	NULL	NULL	NULL	0	0	RUB	canonical_chunks/product_queries_details_BY_GMV_DESC_C10.tsv
2186865070	1835063317	60	подвеска в машину на зеркало звезда	BY_GMV	DESCENDING	bebb9506-9aab-4639-af07-cc63c0915e2e	C10	4	1	NULL	NULL	NULL	0	0	RUB	canonical_chunks/product_queries_details_BY_GMV_DESC_C10.tsv
2186865070	1835063317	60	подвеска в машину на зеркало оберег	BY_GMV	DESCENDING	bebb9506-9aab-4639-af07-cc63c0915e2e	C10	5	3	NULL	NULL	NULL	0	0	RUB	canonical_chunks/product_queries_details_BY_GMV_DESC_C10.tsv
2186865070	1835063317	60	четки в машину женские	BY_GMV	DESCENDING	bebb9506-9aab-4639-af07-cc63c0915e2e	C10	6	1	NULL	NULL	NULL	0	0	RUB	canonical_chunks/product_queries_details_BY_GMV_DESC_C10.tsv
2186865070	1835063317	60	подвеска на зеркало в машину нисан	BY_GMV	DESCENDING	bebb9506-9aab-4639-af07-cc63c0915e2e	C10	7	1	NULL	NULL	NULL	0	0	RUB	canonical_chunks/product_queries_details_BY_GMV_DESC_C10.tsv
2186865070	1835063317	60	прикол в машину талисман	BY_GMV	DESCENDING	bebb9506-9aab-4639-af07-cc63c0915e2e	C10	8	1	NULL	NULL	NULL	0	0	RUB	canonical_chunks/product_queries_details_BY_GMV_DESC_C10.tsv
2186865070	1835063317	60	зеркальный амудет	BY_GMV	DESCENDING	bebb9506-9aab-4639-af07-cc63c0915e2e	C10	9	1	NULL	NULL	NULL	0	0	RUB	canonical_chunks/product_queries_details_BY_GMV_DESC_C10.tsv
2186865070	1835063317	60	брелок в машину на зеркало подвеска	BY_GMV	DESCENDING	bebb9506-9aab-4639-af07-cc63c0915e2e	C10	10	1	NULL	NULL	NULL	0	0	RUB	canonical_chunks/product_queries_details_BY_GMV_DESC_C10.tsv
2186865070	1835063317	60	подвеска в машину на зеркало вв мвд	BY_GMV	DESCENDING	bebb9506-9aab-4639-af07-cc63c0915e2e	C10	11	1	NULL	NULL	NULL	0	0	RUB	canonical_chunks/product_queries_details_BY_GMV_DESC_C10.tsv
2186865070	1835063317	60	знаки зодиака дева мужчине	BY_GMV	DESCENDING	bebb9506-9aab-4639-af07-cc63c0915e2e	C10	12	1	NULL	NULL	NULL	0	0	RUB	canonical_chunks/product_queries_details_BY_GMV_DESC_C10.tsv
2186865070	1835063317	60	подвеска в машину на зеркало шкода	BY_GMV	DESCENDING	bebb9506-9aab-4639-af07-cc63c0915e2e	C10	13	1	NULL	NULL	NULL	0	0	RUB	canonical_chunks/product_queries_details_BY_GMV_DESC_C10.tsv
2186865070	1835063317	60	майки со знаком зодиака дева	BY_GMV	DESCENDING	bebb9506-9aab-4639-af07-cc63c0915e2e	C10	14	1	NULL	NULL	NULL	0	0	RUB	canonical_chunks/product_queries_details_BY_GMV_DESC_C10.tsv
2186865070	1835063317	60	четки в виде	BY_GMV	DESCENDING	bebb9506-9aab-4639-af07-cc63c0915e2e	C10	15	1	NULL	NULL	NULL	0	0	RUB	canonical_chunks/product_queries_details_BY_GMV_DESC_C10.tsv
2186848313	1835037959	55	кулон мужской рыбы	BY_GMV	DESCENDING	bebb9506-9aab-4639-af07-cc63c0915e2e	C10	16	2	NULL	NULL	NULL	0	773	RUB	canonical_chunks/product_queries_details_BY_GMV_DESC_C10.tsv
2186848313	1835037959	55	четки для знака зодиака рыбы	BY_GMV	DESCENDING	bebb9506-9aab-4639-af07-cc63c0915e2e	C10	17	1	NULL	NULL	NULL	0	556	RUB	canonical_chunks/product_queries_details_BY_GMV_DESC_C10.tsv
2186848313	1835037959	55	зеркалл магисеское	BY_GMV	DESCENDING	bebb9506-9aab-4639-af07-cc63c0915e2e	C10	18	1	NULL	NULL	NULL	0	0	RUB	canonical_chunks/product_queries_details_BY_GMV_DESC_C10.tsv
2186848313	1835037959	55	кулон в автомобиль	BY_GMV	DESCENDING	bebb9506-9aab-4639-af07-cc63c0915e2e	C10	19	1	NULL	NULL	NULL	0	0	RUB	canonical_chunks/product_queries_details_BY_GMV_DESC_C10.tsv
2186848313	1835037959	55	чётки руны	BY_GMV	DESCENDING	bebb9506-9aab-4639-af07-cc63c0915e2e	C10	20	1	NULL	NULL	NULL	0	0	RUB	canonical_chunks/product_queries_details_BY_GMV_DESC_C10.tsv
2186848313	1835037959	55	бусинки в машину на зеркало	BY_GMV	DESCENDING	bebb9506-9aab-4639-af07-cc63c0915e2e	C10	21	1	NULL	NULL	NULL	0	0	RUB	canonical_chunks/product_queries_details_BY_GMV_DESC_C10.tsv
2186848313	1835037959	55	подвеска в машину на зеркало дракон	BY_GMV	DESCENDING	bebb9506-9aab-4639-af07-cc63c0915e2e	C10	22	2	NULL	NULL	NULL	0	0	RUB	canonical_chunks/product_queries_details_BY_GMV_DESC_C10.tsv
2186848313	1835037959	55	подвеска на зеркало half life	BY_GMV	DESCENDING	bebb9506-9aab-4639-af07-cc63c0915e2e	C10	23	1	NULL	NULL	NULL	0	0	RUB	canonical_chunks/product_queries_details_BY_GMV_DESC_C10.tsv
2186848313	1835037959	55	бисмиля на машину на зеркало мусульманские	BY_GMV	DESCENDING	bebb9506-9aab-4639-af07-cc63c0915e2e	C10	24	1	NULL	NULL	NULL	0	0	RUB	canonical_chunks/product_queries_details_BY_GMV_DESC_C10.tsv
2186848313	1835037959	55	мужской кулон рыба	BY_GMV	DESCENDING	bebb9506-9aab-4639-af07-cc63c0915e2e	C10	25	1	NULL	NULL	NULL	0	0	RUB	canonical_chunks/product_queries_details_BY_GMV_DESC_C10.tsv
2186848313	1835037959	55	на зеркало в машину скорпион	BY_GMV	DESCENDING	bebb9506-9aab-4639-af07-cc63c0915e2e	C10	26	1	NULL	NULL	NULL	0	0	RUB	canonical_chunks/product_queries_details_BY_GMV_DESC_C10.tsv
2186848313	1835037959	55	подвеска в машину светильник	BY_GMV	DESCENDING	bebb9506-9aab-4639-af07-cc63c0915e2e	C10	27	2	NULL	NULL	NULL	0	0	RUB	canonical_chunks/product_queries_details_BY_GMV_DESC_C10.tsv
2186848313	1835037959	55	амулет рыбы	BY_GMV	DESCENDING	bebb9506-9aab-4639-af07-cc63c0915e2e	C10	28	4	NULL	NULL	NULL	0	0	RUB	canonical_chunks/product_queries_details_BY_GMV_DESC_C10.tsv
2186848313	1835037959	55	знак на машину для женщин	BY_GMV	DESCENDING	bebb9506-9aab-4639-af07-cc63c0915e2e	C10	29	1	NULL	NULL	NULL	0	0	RUB	canonical_chunks/product_queries_details_BY_GMV_DESC_C10.tsv
2186848313	1835037959	55	зеркало рыбий глаз на самокат	BY_GMV	DESCENDING	bebb9506-9aab-4639-af07-cc63c0915e2e	C10	30	2	NULL	NULL	NULL	0	0	RUB	canonical_chunks/product_queries_details_BY_GMV_DESC_C10.tsv
2186857668	1835050645	59	лев	BY_GMV	DESCENDING	bebb9506-9aab-4639-af07-cc63c0915e2e	C10	31	4058	NULL	NULL	NULL	0	681	RUB	canonical_chunks/product_queries_details_BY_GMV_DESC_C10.tsv
2186857668	1835050645	59	четки в машину	BY_GMV	DESCENDING	bebb9506-9aab-4639-af07-cc63c0915e2e	C10	32	2381	NULL	NULL	NULL	0	644	RUB	canonical_chunks/product_queries_details_BY_GMV_DESC_C10.tsv
2186857668	1835050645	59	подвеска в автомобиль на зеркало	BY_GMV	DESCENDING	bebb9506-9aab-4639-af07-cc63c0915e2e	C10	33	415	NULL	NULL	NULL	0	0	RUB	canonical_chunks/product_queries_details_BY_GMV_DESC_C10.tsv
2186857668	1835050645	59	герб россии на зеркало деревянный в машину	BY_GMV	DESCENDING	bebb9506-9aab-4639-af07-cc63c0915e2e	C10	34	1	NULL	NULL	NULL	0	0	RUB	canonical_chunks/product_queries_details_BY_GMV_DESC_C10.tsv
2186857668	1835050645	59	94049007 подвеска лев	BY_GMV	DESCENDING	bebb9506-9aab-4639-af07-cc63c0915e2e	C10	35	1	NULL	NULL	NULL	0	0	RUB	canonical_chunks/product_queries_details_BY_GMV_DESC_C10.tsv
2186857668	1835050645	59	зеркало параболическое для праворульных машин	BY_GMV	DESCENDING	bebb9506-9aab-4639-af07-cc63c0915e2e	C10	36	1	NULL	NULL	NULL	0	0	RUB	canonical_chunks/product_queries_details_BY_GMV_DESC_C10.tsv
2186857668	1835050645	59	амулет на шею зеркало	BY_GMV	DESCENDING	bebb9506-9aab-4639-af07-cc63c0915e2e	C10	37	1	NULL	NULL	NULL	0	0	RUB	canonical_chunks/product_queries_details_BY_GMV_DESC_C10.tsv
2186857668	1835050645	59	на зеркало авто подвеска	BY_GMV	DESCENDING	bebb9506-9aab-4639-af07-cc63c0915e2e	C10	38	16	NULL	NULL	NULL	0	0	RUB	canonical_chunks/product_queries_details_BY_GMV_DESC_C10.tsv
2186857668	1835050645	59	в машину подвеска в салон	BY_GMV	DESCENDING	bebb9506-9aab-4639-af07-cc63c0915e2e	C10	39	2	NULL	NULL	NULL	0	0	RUB	canonical_chunks/product_queries_details_BY_GMV_DESC_C10.tsv
2186857668	1835050645	59	декоротивная подвеска в авто	BY_GMV	DESCENDING	bebb9506-9aab-4639-af07-cc63c0915e2e	C10	40	1	NULL	NULL	NULL	0	0	RUB	canonical_chunks/product_queries_details_BY_GMV_DESC_C10.tsv
2186857668	1835050645	59	оберег в машину види сердца	BY_GMV	DESCENDING	bebb9506-9aab-4639-af07-cc63c0915e2e	C10	41	1	NULL	NULL	NULL	0	0	RUB	canonical_chunks/product_queries_details_BY_GMV_DESC_C10.tsv
2186857668	1835050645	59	оберег на шею славянский	BY_GMV	DESCENDING	bebb9506-9aab-4639-af07-cc63c0915e2e	C10	42	2	NULL	NULL	NULL	0	0	RUB	canonical_chunks/product_queries_details_BY_GMV_DESC_C10.tsv
2186857668	1835050645	59	ак барс брелок в машину на зеркало	BY_GMV	DESCENDING	bebb9506-9aab-4639-af07-cc63c0915e2e	C10	43	1	NULL	NULL	NULL	0	0	RUB	canonical_chunks/product_queries_details_BY_GMV_DESC_C10.tsv
2186857668	1835050645	59	оберег для машины мужской на зеркало	BY_GMV	DESCENDING	bebb9506-9aab-4639-af07-cc63c0915e2e	C10	44	1	NULL	NULL	NULL	0	0	RUB	canonical_chunks/product_queries_details_BY_GMV_DESC_C10.tsv
2186857668	1835050645	59	зеркальце оберег	BY_GMV	DESCENDING	bebb9506-9aab-4639-af07-cc63c0915e2e	C10	45	3	NULL	NULL	NULL	0	0	RUB	canonical_chunks/product_queries_details_BY_GMV_DESC_C10.tsv
2186852750	1835045239	57	подвеска в машину подарок	BY_GMV	DESCENDING	bebb9506-9aab-4639-af07-cc63c0915e2e	C10	46	1	NULL	NULL	NULL	0	0	RUB	canonical_chunks/product_queries_details_BY_GMV_DESC_C10.tsv
2186852750	1835045239	57	оберег в машину ч кпп туз	BY_GMV	DESCENDING	bebb9506-9aab-4639-af07-cc63c0915e2e	C10	47	1	NULL	NULL	NULL	0	0	RUB	canonical_chunks/product_queries_details_BY_GMV_DESC_C10.tsv
2186852750	1835045239	57	четки амулет в машину на удачу	BY_GMV	DESCENDING	bebb9506-9aab-4639-af07-cc63c0915e2e	C10	48	1	NULL	NULL	NULL	0	0	RUB	canonical_chunks/product_queries_details_BY_GMV_DESC_C10.tsv
2186852750	1835045239	57	козерог подарок	BY_GMV	DESCENDING	bebb9506-9aab-4639-af07-cc63c0915e2e	C10	49	1	NULL	NULL	NULL	0	0	RUB	canonical_chunks/product_queries_details_BY_GMV_DESC_C10.tsv
2186852750	1835045239	57	оберег на руку мужской козерог	BY_GMV	DESCENDING	bebb9506-9aab-4639-af07-cc63c0915e2e	C10	50	1	NULL	NULL	NULL	0	0	RUB	canonical_chunks/product_queries_details_BY_GMV_DESC_C10.tsv
2186852750	1835045239	57	оберег на зеркало автомобиля	BY_GMV	DESCENDING	bebb9506-9aab-4639-af07-cc63c0915e2e	C10	51	1	NULL	NULL	NULL	0	0	RUB	canonical_chunks/product_queries_details_BY_GMV_DESC_C10.tsv
2186852750	1835045239	57	серьги с козерогом	BY_GMV	DESCENDING	bebb9506-9aab-4639-af07-cc63c0915e2e	C10	52	1	NULL	NULL	NULL	0	0	RUB	canonical_chunks/product_queries_details_BY_GMV_DESC_C10.tsv
2186852750	1835045239	57	козерог на боковые зеркало	BY_GMV	DESCENDING	bebb9506-9aab-4639-af07-cc63c0915e2e	C10	53	1	NULL	NULL	NULL	0	0	RUB	canonical_chunks/product_queries_details_BY_GMV_DESC_C10.tsv
2186852750	1835045239	57	декоративный элемент козерог	BY_GMV	DESCENDING	bebb9506-9aab-4639-af07-cc63c0915e2e	C10	54	2	NULL	NULL	NULL	0	0	RUB	canonical_chunks/product_queries_details_BY_GMV_DESC_C10.tsv
2186852750	1835045239	57	четки на шею	BY_GMV	DESCENDING	bebb9506-9aab-4639-af07-cc63c0915e2e	C10	55	13	NULL	NULL	NULL	0	0	RUB	canonical_chunks/product_queries_details_BY_GMV_DESC_C10.tsv
2186852750	1835045239	57	автомобильные подвески/декоративные элементы для автомобилей	BY_GMV	DESCENDING	bebb9506-9aab-4639-af07-cc63c0915e2e	C10	56	1	NULL	NULL	NULL	0	0	RUB	canonical_chunks/product_queries_details_BY_GMV_DESC_C10.tsv
2186852750	1835045239	57	в машину аксессуары на зеркало подвеска	BY_GMV	DESCENDING	bebb9506-9aab-4639-af07-cc63c0915e2e	C10	57	1	NULL	NULL	NULL	0	0	RUB	canonical_chunks/product_queries_details_BY_GMV_DESC_C10.tsv
2186852750	1835045239	57	подвеска в машину фигурка дедпул	BY_GMV	DESCENDING	bebb9506-9aab-4639-af07-cc63c0915e2e	C10	58	1	NULL	NULL	NULL	0	0	RUB	canonical_chunks/product_queries_details_BY_GMV_DESC_C10.tsv
2186852750	1835045239	57	в машину подвеска	BY_GMV	DESCENDING	bebb9506-9aab-4639-af07-cc63c0915e2e	C10	59	17	NULL	NULL	NULL	0	0	RUB	canonical_chunks/product_queries_details_BY_GMV_DESC_C10.tsv
2186852750	1835045239	57	козерог	BY_GMV	DESCENDING	bebb9506-9aab-4639-af07-cc63c0915e2e	C10	60	774	NULL	NULL	NULL	0	0	RUB	canonical_chunks/product_queries_details_BY_GMV_DESC_C10.tsv
2186850644	1835042242	56	крест в машину освященный православный на зеркало	BY_GMV	DESCENDING	bebb9506-9aab-4639-af07-cc63c0915e2e	C10	61	1	NULL	NULL	NULL	0	0	RUB	canonical_chunks/product_queries_details_BY_GMV_DESC_C10.tsv
2186850644	1835042242	56	подвески знаки зодиака	BY_GMV	DESCENDING	bebb9506-9aab-4639-af07-cc63c0915e2e	C10	62	2	NULL	NULL	NULL	0	0	RUB	canonical_chunks/product_queries_details_BY_GMV_DESC_C10.tsv
2186850644	1835042242	56	в машину украшение на зеркало	BY_GMV	DESCENDING	bebb9506-9aab-4639-af07-cc63c0915e2e	C10	63	1	NULL	NULL	NULL	0	0	RUB	canonical_chunks/product_queries_details_BY_GMV_DESC_C10.tsv
2186850644	1835042242	56	игрушка в машину овен	BY_GMV	DESCENDING	bebb9506-9aab-4639-af07-cc63c0915e2e	C10	64	1	NULL	NULL	NULL	0	0	RUB	canonical_chunks/product_queries_details_BY_GMV_DESC_C10.tsv
2186850644	1835042242	56	подвеска четки на зеркало в машину	BY_GMV	DESCENDING	bebb9506-9aab-4639-af07-cc63c0915e2e	C10	65	1	NULL	NULL	NULL	0	0	RUB	canonical_chunks/product_queries_details_BY_GMV_DESC_C10.tsv
2186850644	1835042242	56	с зеркалом оберег	BY_GMV	DESCENDING	bebb9506-9aab-4639-af07-cc63c0915e2e	C10	66	1	NULL	NULL	NULL	0	0	RUB	canonical_chunks/product_queries_details_BY_GMV_DESC_C10.tsv
2186850644	1835042242	56	подвеска в машину на зеркало в грузовик	BY_GMV	DESCENDING	bebb9506-9aab-4639-af07-cc63c0915e2e	C10	67	0	NULL	NULL	NULL	0	0	RUB	canonical_chunks/product_queries_details_BY_GMV_DESC_C10.tsv
2186850644	1835042242	56	аксессуар в авто на зеркало подвеска	BY_GMV	DESCENDING	bebb9506-9aab-4639-af07-cc63c0915e2e	C10	68	1	NULL	NULL	NULL	0	0	RUB	canonical_chunks/product_queries_details_BY_GMV_DESC_C10.tsv
2186850644	1835042242	56	руна подвеска	BY_GMV	DESCENDING	bebb9506-9aab-4639-af07-cc63c0915e2e	C10	69	2	NULL	NULL	NULL	0	0	RUB	canonical_chunks/product_queries_details_BY_GMV_DESC_C10.tsv
2186850644	1835042242	56	оберег для автомобиля на зеркало	BY_GMV	DESCENDING	bebb9506-9aab-4639-af07-cc63c0915e2e	C10	70	2	NULL	NULL	NULL	0	0	RUB	canonical_chunks/product_queries_details_BY_GMV_DESC_C10.tsv
2186850644	1835042242	56	кулон в автомобиль на зеркало	BY_GMV	DESCENDING	bebb9506-9aab-4639-af07-cc63c0915e2e	C10	71	1	NULL	NULL	NULL	0	0	RUB	canonical_chunks/product_queries_details_BY_GMV_DESC_C10.tsv
2186850644	1835042242	56	декоративная подвеска в авто	BY_GMV	DESCENDING	bebb9506-9aab-4639-af07-cc63c0915e2e	C10	72	1	NULL	NULL	NULL	0	0	RUB	canonical_chunks/product_queries_details_BY_GMV_DESC_C10.tsv
2186850644	1835042242	56	подвеска машины	BY_GMV	DESCENDING	bebb9506-9aab-4639-af07-cc63c0915e2e	C10	73	1	NULL	NULL	NULL	0	0	RUB	canonical_chunks/product_queries_details_BY_GMV_DESC_C10.tsv
2186850644	1835042242	56	подвеска в машину новогодняя	BY_GMV	DESCENDING	bebb9506-9aab-4639-af07-cc63c0915e2e	C10	74	1	NULL	NULL	NULL	0	0	RUB	canonical_chunks/product_queries_details_BY_GMV_DESC_C10.tsv
2186850644	1835042242	56	амулет для овна мужской	BY_GMV	DESCENDING	bebb9506-9aab-4639-af07-cc63c0915e2e	C10	75	1	NULL	NULL	NULL	0	0	RUB	canonical_chunks/product_queries_details_BY_GMV_DESC_C10.tsv
2186856503	1835048645	58	деревянные украшения на ст	BY_GMV	DESCENDING	bebb9506-9aab-4639-af07-cc63c0915e2e	C10	76	0	NULL	NULL	NULL	0	0	RUB	canonical_chunks/product_queries_details_BY_GMV_DESC_C10.tsv
2186856503	1835048645	58	близнецы одежда	BY_GMV	DESCENDING	bebb9506-9aab-4639-af07-cc63c0915e2e	C10	77	1	NULL	NULL	NULL	0	0	RUB	canonical_chunks/product_queries_details_BY_GMV_DESC_C10.tsv
2186856503	1835048645	58	bimbo twins	BY_GMV	DESCENDING	bebb9506-9aab-4639-af07-cc63c0915e2e	C10	78	4	NULL	NULL	NULL	0	0	RUB	canonical_chunks/product_queries_details_BY_GMV_DESC_C10.tsv
2186856503	1835048645	58	подвеска со стразами в машину на зеркало	BY_GMV	DESCENDING	bebb9506-9aab-4639-af07-cc63c0915e2e	C10	79	1	NULL	NULL	NULL	0	0	RUB	canonical_chunks/product_queries_details_BY_GMV_DESC_C10.tsv
2186856503	1835048645	58	подвеска колесо в машину на зеркало	BY_GMV	DESCENDING	bebb9506-9aab-4639-af07-cc63c0915e2e	C10	80	1	NULL	NULL	NULL	0	0	RUB	canonical_chunks/product_queries_details_BY_GMV_DESC_C10.tsv
2186856503	1835048645	58	кулоны близницы	BY_GMV	DESCENDING	bebb9506-9aab-4639-af07-cc63c0915e2e	C10	81	1	NULL	NULL	NULL	0	0	RUB	canonical_chunks/product_queries_details_BY_GMV_DESC_C10.tsv
2186856503	1835048645	58	подвеска в машину ведьмочка на метле на пружинке	BY_GMV	DESCENDING	bebb9506-9aab-4639-af07-cc63c0915e2e	C10	82	1	NULL	NULL	NULL	0	0	RUB	canonical_chunks/product_queries_details_BY_GMV_DESC_C10.tsv
2186856503	1835048645	58	для машины подвеска	BY_GMV	DESCENDING	bebb9506-9aab-4639-af07-cc63c0915e2e	C10	83	5	NULL	NULL	NULL	0	0	RUB	canonical_chunks/product_queries_details_BY_GMV_DESC_C10.tsv
2186856503	1835048645	58	оберег на зеркало в машину мужской	BY_GMV	DESCENDING	bebb9506-9aab-4639-af07-cc63c0915e2e	C10	84	1	NULL	NULL	NULL	0	0	RUB	canonical_chunks/product_queries_details_BY_GMV_DESC_C10.tsv
2186856503	1835048645	58	в машину амулет	BY_GMV	DESCENDING	bebb9506-9aab-4639-af07-cc63c0915e2e	C10	85	0	NULL	NULL	NULL	0	0	RUB	canonical_chunks/product_queries_details_BY_GMV_DESC_C10.tsv
2186856503	1835048645	58	близнецы бусина	BY_GMV	DESCENDING	bebb9506-9aab-4639-af07-cc63c0915e2e	C10	86	1	NULL	NULL	NULL	0	0	RUB	canonical_chunks/product_queries_details_BY_GMV_DESC_C10.tsv
2186856503	1835048645	58	подвеска близнецы	BY_GMV	DESCENDING	bebb9506-9aab-4639-af07-cc63c0915e2e	C10	87	101	NULL	NULL	NULL	0	0	RUB	canonical_chunks/product_queries_details_BY_GMV_DESC_C10.tsv
2186856503	1835048645	58	подвеска в машину талисман	BY_GMV	DESCENDING	bebb9506-9aab-4639-af07-cc63c0915e2e	C10	88	1	NULL	NULL	NULL	0	0	RUB	canonical_chunks/product_queries_details_BY_GMV_DESC_C10.tsv
2186856503	1835048645	58	подставка близнец	BY_GMV	DESCENDING	bebb9506-9aab-4639-af07-cc63c0915e2e	C10	89	1	NULL	NULL	NULL	0	0	RUB	canonical_chunks/product_queries_details_BY_GMV_DESC_C10.tsv
2186856503	1835048645	58	подвеска скорпион в машину на зеркало	BY_GMV	DESCENDING	bebb9506-9aab-4639-af07-cc63c0915e2e	C10	90	1	NULL	NULL	NULL	0	0	RUB	canonical_chunks/product_queries_details_BY_GMV_DESC_C10.tsv
2271210394	1948032144	62	четки со знаком зодиака	BY_GMV	DESCENDING	456463f8-2d5e-46b3-807f-5f92afb20653	C11	1	0	NULL	NULL	NULL	0	1032	RUB	canonical_chunks/product_queries_details_BY_GMV_DESC_C11.tsv
2271210394	1948032144	62	талисман в машину на зеркало	BY_GMV	DESCENDING	456463f8-2d5e-46b3-807f-5f92afb20653	C11	2	4	NULL	NULL	NULL	0	640	RUB	canonical_chunks/product_queries_details_BY_GMV_DESC_C11.tsv
2271210394	1948032144	62	знак зеркальный	BY_GMV	DESCENDING	456463f8-2d5e-46b3-807f-5f92afb20653	C11	3	2	NULL	NULL	NULL	0	0	RUB	canonical_chunks/product_queries_details_BY_GMV_DESC_C11.tsv
2271210394	1948032144	62	близнец подвеска	BY_GMV	DESCENDING	456463f8-2d5e-46b3-807f-5f92afb20653	C11	4	1	NULL	NULL	NULL	0	0	RUB	canonical_chunks/product_queries_details_BY_GMV_DESC_C11.tsv
2271210394	1948032144	62	подвеска в машину на зеркало гремлины	BY_GMV	DESCENDING	456463f8-2d5e-46b3-807f-5f92afb20653	C11	5	1	NULL	NULL	NULL	0	0	RUB	canonical_chunks/product_queries_details_BY_GMV_DESC_C11.tsv
2271210394	1948032144	62	браслет талисман для женщины близнеца	BY_GMV	DESCENDING	456463f8-2d5e-46b3-807f-5f92afb20653	C11	6	1	NULL	NULL	NULL	0	0	RUB	canonical_chunks/product_queries_details_BY_GMV_DESC_C11.tsv
2271210394	1948032144	62	близнецы для рукоделия	BY_GMV	DESCENDING	456463f8-2d5e-46b3-807f-5f92afb20653	C11	7	1	NULL	NULL	NULL	0	0	RUB	canonical_chunks/product_queries_details_BY_GMV_DESC_C11.tsv
2271210394	1948032144	62	знак туфелька блестящая на машину	BY_GMV	DESCENDING	456463f8-2d5e-46b3-807f-5f92afb20653	C11	8	0	NULL	NULL	NULL	0	0	RUB	canonical_chunks/product_queries_details_BY_GMV_DESC_C11.tsv
2271210394	1948032144	62	близнецы мужчина	BY_GMV	DESCENDING	456463f8-2d5e-46b3-807f-5f92afb20653	C11	9	1	NULL	NULL	NULL	0	0	RUB	canonical_chunks/product_queries_details_BY_GMV_DESC_C11.tsv
2271210394	1948032144	62	мусульманский талисман нс зеркало	BY_GMV	DESCENDING	456463f8-2d5e-46b3-807f-5f92afb20653	C11	10	1	NULL	NULL	NULL	0	0	RUB	canonical_chunks/product_queries_details_BY_GMV_DESC_C11.tsv
2271210394	1948032144	62	колье близнецы на шею	BY_GMV	DESCENDING	456463f8-2d5e-46b3-807f-5f92afb20653	C11	11	1	NULL	NULL	NULL	0	0	RUB	canonical_chunks/product_queries_details_BY_GMV_DESC_C11.tsv
2271210394	1948032144	62	близнецы в машину подвеска в салон	BY_GMV	DESCENDING	456463f8-2d5e-46b3-807f-5f92afb20653	C11	12	1	NULL	NULL	NULL	0	0	RUB	canonical_chunks/product_queries_details_BY_GMV_DESC_C11.tsv
2271210394	1948032144	62	декоративная подвеска в машину	BY_GMV	DESCENDING	456463f8-2d5e-46b3-807f-5f92afb20653	C11	13	1	NULL	NULL	NULL	0	0	RUB	canonical_chunks/product_queries_details_BY_GMV_DESC_C11.tsv
2271210394	1948032144	62	брелок в машину на зеркало четки	BY_GMV	DESCENDING	456463f8-2d5e-46b3-807f-5f92afb20653	C11	14	1	NULL	NULL	NULL	0	0	RUB	canonical_chunks/product_queries_details_BY_GMV_DESC_C11.tsv
2271210394	1948032144	62	четки в машину на зеркало	BY_GMV	DESCENDING	456463f8-2d5e-46b3-807f-5f92afb20653	C11	15	129	NULL	NULL	NULL	0	0	RUB	canonical_chunks/product_queries_details_BY_GMV_DESC_C11.tsv
2271234726	1948064495	64	подвеска в машину	BY_GMV	DESCENDING	456463f8-2d5e-46b3-807f-5f92afb20653	C11	16	7092	NULL	NULL	NULL	0	935	RUB	canonical_chunks/product_queries_details_BY_GMV_DESC_C11.tsv
2271234726	1948064495	64	подвески в машину водолей	BY_GMV	DESCENDING	456463f8-2d5e-46b3-807f-5f92afb20653	C11	17	1	NULL	NULL	NULL	0	618	RUB	canonical_chunks/product_queries_details_BY_GMV_DESC_C11.tsv
2271234726	1948064495	64	кулон на зеркало в машину	BY_GMV	DESCENDING	456463f8-2d5e-46b3-807f-5f92afb20653	C11	18	4	NULL	NULL	NULL	0	0	RUB	canonical_chunks/product_queries_details_BY_GMV_DESC_C11.tsv
2271234726	1948064495	64	висюлька джили cityray в машину подвеска	BY_GMV	DESCENDING	456463f8-2d5e-46b3-807f-5f92afb20653	C11	19	1	NULL	NULL	NULL	0	0	RUB	canonical_chunks/product_queries_details_BY_GMV_DESC_C11.tsv
2271234726	1948064495	64	бусины для подвески в машину мужские	BY_GMV	DESCENDING	456463f8-2d5e-46b3-807f-5f92afb20653	C11	20	1	NULL	NULL	NULL	0	0	RUB	canonical_chunks/product_queries_details_BY_GMV_DESC_C11.tsv
2271234726	1948064495	64	браслет для водолея женский	BY_GMV	DESCENDING	456463f8-2d5e-46b3-807f-5f92afb20653	C11	21	3	NULL	NULL	NULL	0	0	RUB	canonical_chunks/product_queries_details_BY_GMV_DESC_C11.tsv
2271234726	1948064495	64	витрина водолей	BY_GMV	DESCENDING	456463f8-2d5e-46b3-807f-5f92afb20653	C11	22	1	NULL	NULL	NULL	0	0	RUB	canonical_chunks/product_queries_details_BY_GMV_DESC_C11.tsv
2271234726	1948064495	64	подвеска на зеркало в машину рыба	BY_GMV	DESCENDING	456463f8-2d5e-46b3-807f-5f92afb20653	C11	23	1	NULL	NULL	NULL	0	0	RUB	canonical_chunks/product_queries_details_BY_GMV_DESC_C11.tsv
2271234726	1948064495	64	девушки матрешки подвески на машину	BY_GMV	DESCENDING	456463f8-2d5e-46b3-807f-5f92afb20653	C11	24	1	NULL	NULL	NULL	0	0	RUB	canonical_chunks/product_queries_details_BY_GMV_DESC_C11.tsv
2271234726	1948064495	64	для машин оберег	BY_GMV	DESCENDING	456463f8-2d5e-46b3-807f-5f92afb20653	C11	25	1	NULL	NULL	NULL	0	0	RUB	canonical_chunks/product_queries_details_BY_GMV_DESC_C11.tsv
2271234726	1948064495	64	алимпийская мишка брелок в машину подвеска	BY_GMV	DESCENDING	456463f8-2d5e-46b3-807f-5f92afb20653	C11	26	1	NULL	NULL	NULL	0	0	RUB	canonical_chunks/product_queries_details_BY_GMV_DESC_C11.tsv
2271234726	1948064495	64	игрушки в машину на зеркало	BY_GMV	DESCENDING	456463f8-2d5e-46b3-807f-5f92afb20653	C11	27	5	NULL	NULL	NULL	0	0	RUB	canonical_chunks/product_queries_details_BY_GMV_DESC_C11.tsv
2271234726	1948064495	64	аксессуары в машину подвесаа зеркал барабан	BY_GMV	DESCENDING	456463f8-2d5e-46b3-807f-5f92afb20653	C11	28	0	NULL	NULL	NULL	0	0	RUB	canonical_chunks/product_queries_details_BY_GMV_DESC_C11.tsv
2271234726	1948064495	64	знак на машину аптечные товары	BY_GMV	DESCENDING	456463f8-2d5e-46b3-807f-5f92afb20653	C11	29	1	NULL	NULL	NULL	0	0	RUB	canonical_chunks/product_queries_details_BY_GMV_DESC_C11.tsv
2271234726	1948064495	64	оберег мужской славянский на шею	BY_GMV	DESCENDING	456463f8-2d5e-46b3-807f-5f92afb20653	C11	30	1	NULL	NULL	NULL	0	0	RUB	canonical_chunks/product_queries_details_BY_GMV_DESC_C11.tsv
2271188511	1947980208	61	четки для знака зодиака лев мужчине в подарочной упаковке	BY_GMV	DESCENDING	456463f8-2d5e-46b3-807f-5f92afb20653	C11	31	1	NULL	NULL	NULL	0	781	RUB	canonical_chunks/product_queries_details_BY_GMV_DESC_C11.tsv
2271188511	1947980208	61	брелок артиллерия в машину на зеркало пушка	BY_GMV	DESCENDING	456463f8-2d5e-46b3-807f-5f92afb20653	C11	32	1	NULL	NULL	NULL	0	0	RUB	canonical_chunks/product_queries_details_BY_GMV_DESC_C11.tsv
2271188511	1947980208	61	повеска в машину	BY_GMV	DESCENDING	456463f8-2d5e-46b3-807f-5f92afb20653	C11	33	2	NULL	NULL	NULL	0	0	RUB	canonical_chunks/product_queries_details_BY_GMV_DESC_C11.tsv
2271188511	1947980208	61	амулет для львп	BY_GMV	DESCENDING	456463f8-2d5e-46b3-807f-5f92afb20653	C11	34	1	NULL	NULL	NULL	0	0	RUB	canonical_chunks/product_queries_details_BY_GMV_DESC_C11.tsv
2271188511	1947980208	61	амулет в машину на зеркало	BY_GMV	DESCENDING	456463f8-2d5e-46b3-807f-5f92afb20653	C11	35	24	NULL	NULL	NULL	0	0	RUB	canonical_chunks/product_queries_details_BY_GMV_DESC_C11.tsv
2271188511	1947980208	61	брелок в машину на зеркало славянский	BY_GMV	DESCENDING	456463f8-2d5e-46b3-807f-5f92afb20653	C11	36	1	NULL	NULL	NULL	0	0	RUB	canonical_chunks/product_queries_details_BY_GMV_DESC_C11.tsv
2271188511	1947980208	61	в машину красивую подвеску с нашим триколором	BY_GMV	DESCENDING	456463f8-2d5e-46b3-807f-5f92afb20653	C11	37	1	NULL	NULL	NULL	0	0	RUB	canonical_chunks/product_queries_details_BY_GMV_DESC_C11.tsv
2271188511	1947980208	61	в машину мужчине амулет	BY_GMV	DESCENDING	456463f8-2d5e-46b3-807f-5f92afb20653	C11	38	1	NULL	NULL	NULL	0	0	RUB	canonical_chunks/product_queries_details_BY_GMV_DESC_C11.tsv
2271188511	1947980208	61	амулет для машины подвеска	BY_GMV	DESCENDING	456463f8-2d5e-46b3-807f-5f92afb20653	C11	39	1	NULL	NULL	NULL	0	0	RUB	canonical_chunks/product_queries_details_BY_GMV_DESC_C11.tsv
2271188511	1947980208	61	амулет на удачу в машину	BY_GMV	DESCENDING	456463f8-2d5e-46b3-807f-5f92afb20653	C11	40	1	NULL	NULL	NULL	0	0	RUB	canonical_chunks/product_queries_details_BY_GMV_DESC_C11.tsv
2271188511	1947980208	61	брелок знаки зодиака лев	BY_GMV	DESCENDING	456463f8-2d5e-46b3-807f-5f92afb20653	C11	41	0	NULL	NULL	NULL	0	0	RUB	canonical_chunks/product_queries_details_BY_GMV_DESC_C11.tsv
2271188511	1947980208	61	амулет для автомобиля в машину на зеркало	BY_GMV	DESCENDING	456463f8-2d5e-46b3-807f-5f92afb20653	C11	42	2	NULL	NULL	NULL	0	0	RUB	canonical_chunks/product_queries_details_BY_GMV_DESC_C11.tsv
2271188511	1947980208	61	monster energy подвеска на зеркало в машину	BY_GMV	DESCENDING	456463f8-2d5e-46b3-807f-5f92afb20653	C11	43	1	NULL	NULL	NULL	0	0	RUB	canonical_chunks/product_queries_details_BY_GMV_DESC_C11.tsv
2271188511	1947980208	61	подвестка в машину	BY_GMV	DESCENDING	456463f8-2d5e-46b3-807f-5f92afb20653	C11	44	21	NULL	NULL	NULL	0	0	RUB	canonical_chunks/product_queries_details_BY_GMV_DESC_C11.tsv
2271188511	1947980208	61	висюльки диско шар в машину на зеркало	BY_GMV	DESCENDING	456463f8-2d5e-46b3-807f-5f92afb20653	C11	45	1	NULL	NULL	NULL	0	0	RUB	canonical_chunks/product_queries_details_BY_GMV_DESC_C11.tsv
2271240621	1948071647	65	оберег на зеркало	BY_GMV	DESCENDING	456463f8-2d5e-46b3-807f-5f92afb20653	C11	46	1	NULL	NULL	NULL	0	780	RUB	canonical_chunks/product_queries_details_BY_GMV_DESC_C11.tsv
2271240621	1948071647	65	подарок для девы	BY_GMV	DESCENDING	456463f8-2d5e-46b3-807f-5f92afb20653	C11	47	379	NULL	NULL	NULL	0	624	RUB	canonical_chunks/product_queries_details_BY_GMV_DESC_C11.tsv
2271240621	1948071647	65	талисман в машину дева	BY_GMV	DESCENDING	456463f8-2d5e-46b3-807f-5f92afb20653	C11	48	1	NULL	NULL	NULL	0	584	RUB	canonical_chunks/product_queries_details_BY_GMV_DESC_C11.tsv
2271240621	1948071647	65	брелок дева знак зодиака	BY_GMV	DESCENDING	456463f8-2d5e-46b3-807f-5f92afb20653	C11	49	36	NULL	NULL	NULL	0	520	RUB	canonical_chunks/product_queries_details_BY_GMV_DESC_C11.tsv
2271240621	1948071647	65	для девы из дерева	BY_GMV	DESCENDING	456463f8-2d5e-46b3-807f-5f92afb20653	C11	50	1	NULL	NULL	NULL	0	0	RUB	canonical_chunks/product_queries_details_BY_GMV_DESC_C11.tsv
2271240621	1948071647	65	картина для знака зодиака дева мужская	BY_GMV	DESCENDING	456463f8-2d5e-46b3-807f-5f92afb20653	C11	51	1	NULL	NULL	NULL	0	0	RUB	canonical_chunks/product_queries_details_BY_GMV_DESC_C11.tsv
2271240621	1948071647	65	подвеска знак зодиака дева	BY_GMV	DESCENDING	456463f8-2d5e-46b3-807f-5f92afb20653	C11	52	28	NULL	NULL	NULL	0	0	RUB	canonical_chunks/product_queries_details_BY_GMV_DESC_C11.tsv
2271240621	1948071647	65	дева знак зодиака худи	BY_GMV	DESCENDING	456463f8-2d5e-46b3-807f-5f92afb20653	C11	53	1	NULL	NULL	NULL	0	0	RUB	canonical_chunks/product_queries_details_BY_GMV_DESC_C11.tsv
2271240621	1948071647	65	зеркальце оборег	BY_GMV	DESCENDING	456463f8-2d5e-46b3-807f-5f92afb20653	C11	54	1	NULL	NULL	NULL	0	0	RUB	canonical_chunks/product_queries_details_BY_GMV_DESC_C11.tsv
2271240621	1948071647	65	игрушки в машину на зеркало	BY_GMV	DESCENDING	456463f8-2d5e-46b3-807f-5f92afb20653	C11	55	5	NULL	NULL	NULL	0	0	RUB	canonical_chunks/product_queries_details_BY_GMV_DESC_C11.tsv
2271240621	1948071647	65	амулет талисман мужской	BY_GMV	DESCENDING	456463f8-2d5e-46b3-807f-5f92afb20653	C11	56	1	NULL	NULL	NULL	0	0	RUB	canonical_chunks/product_queries_details_BY_GMV_DESC_C11.tsv
2271240621	1948071647	65	подвеска в машину ретро	BY_GMV	DESCENDING	456463f8-2d5e-46b3-807f-5f92afb20653	C11	57	1	NULL	NULL	NULL	0	0	RUB	canonical_chunks/product_queries_details_BY_GMV_DESC_C11.tsv
2271240621	1948071647	65	ведьмино зеркало	BY_GMV	DESCENDING	456463f8-2d5e-46b3-807f-5f92afb20653	C11	58	4	NULL	NULL	NULL	0	0	RUB	canonical_chunks/product_queries_details_BY_GMV_DESC_C11.tsv
2271240621	1948071647	65	подарок для девы мужчины	BY_GMV	DESCENDING	456463f8-2d5e-46b3-807f-5f92afb20653	C11	59	5	NULL	NULL	NULL	0	0	RUB	canonical_chunks/product_queries_details_BY_GMV_DESC_C11.tsv
2271240621	1948071647	65	знаки зодиака	BY_GMV	DESCENDING	456463f8-2d5e-46b3-807f-5f92afb20653	C11	60	44	NULL	NULL	NULL	0	0	RUB	canonical_chunks/product_queries_details_BY_GMV_DESC_C11.tsv
2271219774	1948039800	63	подвеска в машину на зеркало знак задиака	BY_GMV	DESCENDING	456463f8-2d5e-46b3-807f-5f92afb20653	C11	61	1	NULL	NULL	NULL	0	683	RUB	canonical_chunks/product_queries_details_BY_GMV_DESC_C11.tsv
2271219774	1948039800	63	подвеска в машину на зеркало знак зодиака весы	BY_GMV	DESCENDING	456463f8-2d5e-46b3-807f-5f92afb20653	C11	62	1	NULL	NULL	NULL	0	0	RUB	canonical_chunks/product_queries_details_BY_GMV_DESC_C11.tsv
2271219774	1948039800	63	талисман на удачу для автомобиля	BY_GMV	DESCENDING	456463f8-2d5e-46b3-807f-5f92afb20653	C11	63	1	NULL	NULL	NULL	0	0	RUB	canonical_chunks/product_queries_details_BY_GMV_DESC_C11.tsv
2271219774	1948039800	63	подвеска прикольная на зеркало в машину	BY_GMV	DESCENDING	456463f8-2d5e-46b3-807f-5f92afb20653	C11	64	1	NULL	NULL	NULL	0	0	RUB	canonical_chunks/product_queries_details_BY_GMV_DESC_C11.tsv
2271219774	1948039800	63	подвеска в машину ловец снов	BY_GMV	DESCENDING	456463f8-2d5e-46b3-807f-5f92afb20653	C11	65	4	NULL	NULL	NULL	0	0	RUB	canonical_chunks/product_queries_details_BY_GMV_DESC_C11.tsv
2271219774	1948039800	63	весы набор	BY_GMV	DESCENDING	456463f8-2d5e-46b3-807f-5f92afb20653	C11	66	1	NULL	NULL	NULL	0	0	RUB	canonical_chunks/product_queries_details_BY_GMV_DESC_C11.tsv
2271219774	1948039800	63	акриловые чётки в машину на зеркало	BY_GMV	DESCENDING	456463f8-2d5e-46b3-807f-5f92afb20653	C11	67	1	NULL	NULL	NULL	0	0	RUB	canonical_chunks/product_queries_details_BY_GMV_DESC_C11.tsv
2271219774	1948039800	63	podveska na salon	BY_GMV	DESCENDING	456463f8-2d5e-46b3-807f-5f92afb20653	C11	68	1	NULL	NULL	NULL	0	0	RUB	canonical_chunks/product_queries_details_BY_GMV_DESC_C11.tsv
2271219774	1948039800	63	подвеска череп вагнер в машину	BY_GMV	DESCENDING	456463f8-2d5e-46b3-807f-5f92afb20653	C11	69	1	NULL	NULL	NULL	0	0	RUB	canonical_chunks/product_queries_details_BY_GMV_DESC_C11.tsv
2271219774	1948039800	63	японский оберег в машину	BY_GMV	DESCENDING	456463f8-2d5e-46b3-807f-5f92afb20653	C11	70	1	NULL	NULL	NULL	0	0	RUB	canonical_chunks/product_queries_details_BY_GMV_DESC_C11.tsv
2271219774	1948039800	63	амулет в машину женский зеркальная	BY_GMV	DESCENDING	456463f8-2d5e-46b3-807f-5f92afb20653	C11	71	1	NULL	NULL	NULL	0	0	RUB	canonical_chunks/product_queries_details_BY_GMV_DESC_C11.tsv
2271219774	1948039800	63	амулеты и талисманы	BY_GMV	DESCENDING	456463f8-2d5e-46b3-807f-5f92afb20653	C11	72	2	NULL	NULL	NULL	0	0	RUB	canonical_chunks/product_queries_details_BY_GMV_DESC_C11.tsv
2271219774	1948039800	63	зеркало маржены	BY_GMV	DESCENDING	456463f8-2d5e-46b3-807f-5f92afb20653	C11	73	2	NULL	NULL	NULL	0	0	RUB	canonical_chunks/product_queries_details_BY_GMV_DESC_C11.tsv
2271219774	1948039800	63	бусины в машину	BY_GMV	DESCENDING	456463f8-2d5e-46b3-807f-5f92afb20653	C11	74	1	NULL	NULL	NULL	0	0	RUB	canonical_chunks/product_queries_details_BY_GMV_DESC_C11.tsv
2271219774	1948039800	63	на зеркало в машину украшение	BY_GMV	DESCENDING	456463f8-2d5e-46b3-807f-5f92afb20653	C11	75	1	NULL	NULL	NULL	0	0	RUB	canonical_chunks/product_queries_details_BY_GMV_DESC_C11.tsv
2271246783	1948079096	66	шарм подвеска бусина мужская козерог	BY_GMV	DESCENDING	456463f8-2d5e-46b3-807f-5f92afb20653	C11	76	1	NULL	NULL	NULL	0	0	RUB	canonical_chunks/product_queries_details_BY_GMV_DESC_C11.tsv
2271246783	1948079096	66	деревянные подвески в автомобиль	BY_GMV	DESCENDING	456463f8-2d5e-46b3-807f-5f92afb20653	C11	77	1	NULL	NULL	NULL	0	0	RUB	canonical_chunks/product_queries_details_BY_GMV_DESC_C11.tsv
2271246783	1948079096	66	дорогой подарок мужчине в машину оригинальный	BY_GMV	DESCENDING	456463f8-2d5e-46b3-807f-5f92afb20653	C11	78	1	NULL	NULL	NULL	0	0	RUB	canonical_chunks/product_queries_details_BY_GMV_DESC_C11.tsv
2271246783	1948079096	66	коза подвеска в машину	BY_GMV	DESCENDING	456463f8-2d5e-46b3-807f-5f92afb20653	C11	79	2	NULL	NULL	NULL	0	0	RUB	canonical_chunks/product_queries_details_BY_GMV_DESC_C11.tsv
2271246783	1948079096	66	бусы подвеска в машину	BY_GMV	DESCENDING	456463f8-2d5e-46b3-807f-5f92afb20653	C11	80	1	NULL	NULL	NULL	0	0	RUB	canonical_chunks/product_queries_details_BY_GMV_DESC_C11.tsv
2271246783	1948079096	66	серьги с козерогом	BY_GMV	DESCENDING	456463f8-2d5e-46b3-807f-5f92afb20653	C11	81	1	NULL	NULL	NULL	0	0	RUB	canonical_chunks/product_queries_details_BY_GMV_DESC_C11.tsv
2271246783	1948079096	66	подвеска на зеркало в машину для мужчины	BY_GMV	DESCENDING	456463f8-2d5e-46b3-807f-5f92afb20653	C11	82	1	NULL	NULL	NULL	0	0	RUB	canonical_chunks/product_queries_details_BY_GMV_DESC_C11.tsv
2271246783	1948079096	66	козерог на автомобиль	BY_GMV	DESCENDING	456463f8-2d5e-46b3-807f-5f92afb20653	C11	83	1	NULL	NULL	NULL	0	0	RUB	canonical_chunks/product_queries_details_BY_GMV_DESC_C11.tsv
2271246783	1948079096	66	коз брелок	BY_GMV	DESCENDING	456463f8-2d5e-46b3-807f-5f92afb20653	C11	84	0	NULL	NULL	NULL	0	0	RUB	canonical_chunks/product_queries_details_BY_GMV_DESC_C11.tsv
2271246783	1948079096	66	подарок коза	BY_GMV	DESCENDING	456463f8-2d5e-46b3-807f-5f92afb20653	C11	85	2	NULL	NULL	NULL	0	0	RUB	canonical_chunks/product_queries_details_BY_GMV_DESC_C11.tsv
2271246783	1948079096	66	подвеска на зеркало у машину	BY_GMV	DESCENDING	456463f8-2d5e-46b3-807f-5f92afb20653	C11	86	1	NULL	NULL	NULL	0	0	RUB	canonical_chunks/product_queries_details_BY_GMV_DESC_C11.tsv
2271246783	1948079096	66	брелок со знаком зодиака козерог	BY_GMV	DESCENDING	456463f8-2d5e-46b3-807f-5f92afb20653	C11	87	2	NULL	NULL	NULL	0	0	RUB	canonical_chunks/product_queries_details_BY_GMV_DESC_C11.tsv
2271246783	1948079096	66	скрепка на авто козерог	BY_GMV	DESCENDING	456463f8-2d5e-46b3-807f-5f92afb20653	C11	88	1	NULL	NULL	NULL	0	0	RUB	canonical_chunks/product_queries_details_BY_GMV_DESC_C11.tsv
2271246783	1948079096	66	зеркало амулет	BY_GMV	DESCENDING	456463f8-2d5e-46b3-807f-5f92afb20653	C11	89	4	NULL	NULL	NULL	0	0	RUB	canonical_chunks/product_queries_details_BY_GMV_DESC_C11.tsv
2271246783	1948079096	66	прикольная талисман подвеска на зеркало в машину для машины в салон	BY_GMV	DESCENDING	456463f8-2d5e-46b3-807f-5f92afb20653	C11	90	1	NULL	NULL	NULL	0	0	RUB	canonical_chunks/product_queries_details_BY_GMV_DESC_C11.tsv
2271275793	1948116414	70	скорпион оберег	BY_GMV	DESCENDING	4788903a-97cc-4439-a1b8-f01ea8b119cd	C12	1	4	NULL	NULL	NULL	0	788	RUB	canonical_chunks/product_queries_details_BY_GMV_DESC_C12.tsv
2271275793	1948116414	70	зеркало кулон амулет	BY_GMV	DESCENDING	4788903a-97cc-4439-a1b8-f01ea8b119cd	C12	2	1	NULL	NULL	NULL	0	0	RUB	canonical_chunks/product_queries_details_BY_GMV_DESC_C12.tsv
2271275793	1948116414	70	декор в машину подвеска	BY_GMV	DESCENDING	4788903a-97cc-4439-a1b8-f01ea8b119cd	C12	3	1	NULL	NULL	NULL	0	0	RUB	canonical_chunks/product_queries_details_BY_GMV_DESC_C12.tsv
2271275793	1948116414	70	бусина знаки зодиака	BY_GMV	DESCENDING	4788903a-97cc-4439-a1b8-f01ea8b119cd	C12	4	2	NULL	NULL	NULL	0	0	RUB	canonical_chunks/product_queries_details_BY_GMV_DESC_C12.tsv
2271275793	1948116414	70	на четки подвеска	BY_GMV	DESCENDING	4788903a-97cc-4439-a1b8-f01ea8b119cd	C12	5	1	NULL	NULL	NULL	0	0	RUB	canonical_chunks/product_queries_details_BY_GMV_DESC_C12.tsv
2271275793	1948116414	70	амулеты обереги и талисманы дерево	BY_GMV	DESCENDING	4788903a-97cc-4439-a1b8-f01ea8b119cd	C12	6	1	NULL	NULL	NULL	0	0	RUB	canonical_chunks/product_queries_details_BY_GMV_DESC_C12.tsv
2271275793	1948116414	70	брелок в виде амулета	BY_GMV	DESCENDING	4788903a-97cc-4439-a1b8-f01ea8b119cd	C12	7	0	NULL	NULL	NULL	0	0	RUB	canonical_chunks/product_queries_details_BY_GMV_DESC_C12.tsv
2271275793	1948116414	70	кулон мужской зеркало	BY_GMV	DESCENDING	4788903a-97cc-4439-a1b8-f01ea8b119cd	C12	8	0	NULL	NULL	NULL	0	0	RUB	canonical_chunks/product_queries_details_BY_GMV_DESC_C12.tsv
2271275793	1948116414	70	амулет зеркало защиты для мужчин	BY_GMV	DESCENDING	4788903a-97cc-4439-a1b8-f01ea8b119cd	C12	9	1	NULL	NULL	NULL	0	0	RUB	canonical_chunks/product_queries_details_BY_GMV_DESC_C12.tsv
2271275793	1948116414	70	yamasaki скорпион	BY_GMV	DESCENDING	4788903a-97cc-4439-a1b8-f01ea8b119cd	C12	10	1	NULL	NULL	NULL	0	0	RUB	canonical_chunks/product_queries_details_BY_GMV_DESC_C12.tsv
2271275793	1948116414	70	брелок на зеркало в машину хово	BY_GMV	DESCENDING	4788903a-97cc-4439-a1b8-f01ea8b119cd	C12	11	1	NULL	NULL	NULL	0	0	RUB	canonical_chunks/product_queries_details_BY_GMV_DESC_C12.tsv
2271275793	1948116414	70	амулет на удачу в машину	BY_GMV	DESCENDING	4788903a-97cc-4439-a1b8-f01ea8b119cd	C12	12	1	NULL	NULL	NULL	0	0	RUB	canonical_chunks/product_queries_details_BY_GMV_DESC_C12.tsv
2271275793	1948116414	70	оберег талисман в машину	BY_GMV	DESCENDING	4788903a-97cc-4439-a1b8-f01ea8b119cd	C12	13	1	NULL	NULL	NULL	0	0	RUB	canonical_chunks/product_queries_details_BY_GMV_DESC_C12.tsv
2271275793	1948116414	70	брелок в машину военный на зеркало ртв	BY_GMV	DESCENDING	4788903a-97cc-4439-a1b8-f01ea8b119cd	C12	14	1	NULL	NULL	NULL	0	0	RUB	canonical_chunks/product_queries_details_BY_GMV_DESC_C12.tsv
2271275793	1948116414	70	оберёг в автомобиль на зеркало	BY_GMV	DESCENDING	4788903a-97cc-4439-a1b8-f01ea8b119cd	C12	15	1	NULL	NULL	NULL	0	0	RUB	canonical_chunks/product_queries_details_BY_GMV_DESC_C12.tsv
2271292556	1948138072	72	чётки на зеркало с амулетом	BY_GMV	DESCENDING	4788903a-97cc-4439-a1b8-f01ea8b119cd	C12	16	1	NULL	NULL	NULL	0	578	RUB	canonical_chunks/product_queries_details_BY_GMV_DESC_C12.tsv
2271292556	1948138072	72	диффузор с палочками знак зодиака телец	BY_GMV	DESCENDING	4788903a-97cc-4439-a1b8-f01ea8b119cd	C12	17	1	NULL	NULL	NULL	0	0	RUB	canonical_chunks/product_queries_details_BY_GMV_DESC_C12.tsv
2271292556	1948138072	72	подвеска оберег на зеркало автомобиля	BY_GMV	DESCENDING	4788903a-97cc-4439-a1b8-f01ea8b119cd	C12	18	1	NULL	NULL	NULL	0	0	RUB	canonical_chunks/product_queries_details_BY_GMV_DESC_C12.tsv
2271292556	1948138072	72	амулет для мужчины тельца	BY_GMV	DESCENDING	4788903a-97cc-4439-a1b8-f01ea8b119cd	C12	19	1	NULL	NULL	NULL	0	0	RUB	canonical_chunks/product_queries_details_BY_GMV_DESC_C12.tsv
2271292556	1948138072	72	зеркало на велосипед торцевое	BY_GMV	DESCENDING	4788903a-97cc-4439-a1b8-f01ea8b119cd	C12	20	1	NULL	NULL	NULL	0	0	RUB	canonical_chunks/product_queries_details_BY_GMV_DESC_C12.tsv
2271292556	1948138072	72	ароматизвтор в машину на зеркало кофе ваниль	BY_GMV	DESCENDING	4788903a-97cc-4439-a1b8-f01ea8b119cd	C12	21	1	NULL	NULL	NULL	0	0	RUB	canonical_chunks/product_queries_details_BY_GMV_DESC_C12.tsv
2271292556	1948138072	72	авто подвеска на зеркало	BY_GMV	DESCENDING	4788903a-97cc-4439-a1b8-f01ea8b119cd	C12	22	2	NULL	NULL	NULL	0	0	RUB	canonical_chunks/product_queries_details_BY_GMV_DESC_C12.tsv
2271292556	1948138072	72	знак зодиака на машину змееносец	BY_GMV	DESCENDING	4788903a-97cc-4439-a1b8-f01ea8b119cd	C12	23	1	NULL	NULL	NULL	0	0	RUB	canonical_chunks/product_queries_details_BY_GMV_DESC_C12.tsv
2271292556	1948138072	72	амулет тельца	BY_GMV	DESCENDING	4788903a-97cc-4439-a1b8-f01ea8b119cd	C12	24	1	NULL	NULL	NULL	0	0	RUB	canonical_chunks/product_queries_details_BY_GMV_DESC_C12.tsv
2271292556	1948138072	72	знак на машину для женщины	BY_GMV	DESCENDING	4788903a-97cc-4439-a1b8-f01ea8b119cd	C12	25	1	NULL	NULL	NULL	0	0	RUB	canonical_chunks/product_queries_details_BY_GMV_DESC_C12.tsv
2271292556	1948138072	72	сережки телец	BY_GMV	DESCENDING	4788903a-97cc-4439-a1b8-f01ea8b119cd	C12	26	1	NULL	NULL	NULL	0	0	RUB	canonical_chunks/product_queries_details_BY_GMV_DESC_C12.tsv
2271292556	1948138072	72	кулон череп телец	BY_GMV	DESCENDING	4788903a-97cc-4439-a1b8-f01ea8b119cd	C12	27	1	NULL	NULL	NULL	0	0	RUB	canonical_chunks/product_queries_details_BY_GMV_DESC_C12.tsv
2271292556	1948138072	72	брелок в машину на зеркало вархаммер	BY_GMV	DESCENDING	4788903a-97cc-4439-a1b8-f01ea8b119cd	C12	28	1	NULL	NULL	NULL	0	0	RUB	canonical_chunks/product_queries_details_BY_GMV_DESC_C12.tsv
2271292556	1948138072	72	подвеска в машину на зеркало женская зодиак	BY_GMV	DESCENDING	4788903a-97cc-4439-a1b8-f01ea8b119cd	C12	29	1	NULL	NULL	NULL	0	0	RUB	canonical_chunks/product_queries_details_BY_GMV_DESC_C12.tsv
2271292556	1948138072	72	защита оберег для машины	BY_GMV	DESCENDING	4788903a-97cc-4439-a1b8-f01ea8b119cd	C12	30	1	NULL	NULL	NULL	0	0	RUB	canonical_chunks/product_queries_details_BY_GMV_DESC_C12.tsv
2271251938	1948085774	67	dtlmvbyf gjldtcrf	BY_GMV	DESCENDING	4788903a-97cc-4439-a1b8-f01ea8b119cd	C12	31	1	NULL	NULL	NULL	0	0	RUB	canonical_chunks/product_queries_details_BY_GMV_DESC_C12.tsv
2271251938	1948085774	67	знак на машину для женщин	BY_GMV	DESCENDING	4788903a-97cc-4439-a1b8-f01ea8b119cd	C12	32	1	NULL	NULL	NULL	0	0	RUB	canonical_chunks/product_queries_details_BY_GMV_DESC_C12.tsv
2271251938	1948085774	67	зеркало с изразцами	BY_GMV	DESCENDING	4788903a-97cc-4439-a1b8-f01ea8b119cd	C12	33	2	NULL	NULL	NULL	0	0	RUB	canonical_chunks/product_queries_details_BY_GMV_DESC_C12.tsv
2271251938	1948085774	67	в машину красивую подвеску с нашим триколором	BY_GMV	DESCENDING	4788903a-97cc-4439-a1b8-f01ea8b119cd	C12	34	1	NULL	NULL	NULL	0	0	RUB	canonical_chunks/product_queries_details_BY_GMV_DESC_C12.tsv
2271251938	1948085774	67	знак овен женский	BY_GMV	DESCENDING	4788903a-97cc-4439-a1b8-f01ea8b119cd	C12	35	1	NULL	NULL	NULL	0	0	RUB	canonical_chunks/product_queries_details_BY_GMV_DESC_C12.tsv
2271251938	1948085774	67	защита оберег в машину	BY_GMV	DESCENDING	4788903a-97cc-4439-a1b8-f01ea8b119cd	C12	36	1	NULL	NULL	NULL	0	0	RUB	canonical_chunks/product_queries_details_BY_GMV_DESC_C12.tsv
2271251938	1948085774	67	акриловая подвеска в машину на зеркало	BY_GMV	DESCENDING	4788903a-97cc-4439-a1b8-f01ea8b119cd	C12	37	1	NULL	NULL	NULL	0	0	RUB	canonical_chunks/product_queries_details_BY_GMV_DESC_C12.tsv
2271251938	1948085774	67	в машину на зеркало для девушки	BY_GMV	DESCENDING	4788903a-97cc-4439-a1b8-f01ea8b119cd	C12	38	1	NULL	NULL	NULL	0	0	RUB	canonical_chunks/product_queries_details_BY_GMV_DESC_C12.tsv
2271251938	1948085774	67	игрушки в машину на зеркало подвеска	BY_GMV	DESCENDING	4788903a-97cc-4439-a1b8-f01ea8b119cd	C12	39	1	NULL	NULL	NULL	0	0	RUB	canonical_chunks/product_queries_details_BY_GMV_DESC_C12.tsv
2271251938	1948085774	67	подвеска в машину на зеркало череп	BY_GMV	DESCENDING	4788903a-97cc-4439-a1b8-f01ea8b119cd	C12	40	2	NULL	NULL	NULL	0	0	RUB	canonical_chunks/product_queries_details_BY_GMV_DESC_C12.tsv
2271251938	1948085774	67	зеркальный оберег	BY_GMV	DESCENDING	4788903a-97cc-4439-a1b8-f01ea8b119cd	C12	41	7	NULL	NULL	NULL	0	0	RUB	canonical_chunks/product_queries_details_BY_GMV_DESC_C12.tsv
2271251938	1948085774	67	подвеска в машину на зеркало шар черный восьмерка	BY_GMV	DESCENDING	4788903a-97cc-4439-a1b8-f01ea8b119cd	C12	42	1	NULL	NULL	NULL	0	0	RUB	canonical_chunks/product_queries_details_BY_GMV_DESC_C12.tsv
2271251938	1948085774	67	амулет в автомобиль	BY_GMV	DESCENDING	4788903a-97cc-4439-a1b8-f01ea8b119cd	C12	43	5	NULL	NULL	NULL	0	0	RUB	canonical_chunks/product_queries_details_BY_GMV_DESC_C12.tsv
2271251938	1948085774	67	китайский талисман в машину	BY_GMV	DESCENDING	4788903a-97cc-4439-a1b8-f01ea8b119cd	C12	44	2	NULL	NULL	NULL	0	0	RUB	canonical_chunks/product_queries_details_BY_GMV_DESC_C12.tsv
2271251938	1948085774	67	маленький кулон овен	BY_GMV	DESCENDING	4788903a-97cc-4439-a1b8-f01ea8b119cd	C12	45	1	NULL	NULL	NULL	0	0	RUB	canonical_chunks/product_queries_details_BY_GMV_DESC_C12.tsv
2271262133	1948098351	68	футболка знаки зодиака мужская	BY_GMV	DESCENDING	4788903a-97cc-4439-a1b8-f01ea8b119cd	C12	46	1	NULL	NULL	NULL	0	0	RUB	canonical_chunks/product_queries_details_BY_GMV_DESC_C12.tsv
2271262133	1948098351	68	подвеска в машину на зеркало кипарис	BY_GMV	DESCENDING	4788903a-97cc-4439-a1b8-f01ea8b119cd	C12	47	1	NULL	NULL	NULL	0	0	RUB	canonical_chunks/product_queries_details_BY_GMV_DESC_C12.tsv
2271262133	1948098351	68	кулончик в машину	BY_GMV	DESCENDING	4788903a-97cc-4439-a1b8-f01ea8b119cd	C12	48	1	NULL	NULL	NULL	0	0	RUB	canonical_chunks/product_queries_details_BY_GMV_DESC_C12.tsv
2271262133	1948098351	68	подвеска в машину на зеркало dont drive so fast	BY_GMV	DESCENDING	4788903a-97cc-4439-a1b8-f01ea8b119cd	C12	49	1	NULL	NULL	NULL	0	0	RUB	canonical_chunks/product_queries_details_BY_GMV_DESC_C12.tsv
2271262133	1948098351	68	машина уипочка	BY_GMV	DESCENDING	4788903a-97cc-4439-a1b8-f01ea8b119cd	C12	50	1	NULL	NULL	NULL	0	0	RUB	canonical_chunks/product_queries_details_BY_GMV_DESC_C12.tsv
2271262133	1948098351	68	подвеска авто для мужчин на зеркало	BY_GMV	DESCENDING	4788903a-97cc-4439-a1b8-f01ea8b119cd	C12	51	1	NULL	NULL	NULL	0	0	RUB	canonical_chunks/product_queries_details_BY_GMV_DESC_C12.tsv
2271262133	1948098351	68	знак зодиака рак подвеска шарм	BY_GMV	DESCENDING	4788903a-97cc-4439-a1b8-f01ea8b119cd	C12	52	1	NULL	NULL	NULL	0	0	RUB	canonical_chunks/product_queries_details_BY_GMV_DESC_C12.tsv
2271262133	1948098351	68	на зеркало авто подвеска женская в машину	BY_GMV	DESCENDING	4788903a-97cc-4439-a1b8-f01ea8b119cd	C12	53	1	NULL	NULL	NULL	0	0	RUB	canonical_chunks/product_queries_details_BY_GMV_DESC_C12.tsv
2271262133	1948098351	68	мужской талисман на шею	BY_GMV	DESCENDING	4788903a-97cc-4439-a1b8-f01ea8b119cd	C12	54	1	NULL	NULL	NULL	0	0	RUB	canonical_chunks/product_queries_details_BY_GMV_DESC_C12.tsv
2271262133	1948098351	68	карманные календари знак зодиак рак	BY_GMV	DESCENDING	4788903a-97cc-4439-a1b8-f01ea8b119cd	C12	55	1	NULL	NULL	NULL	0	0	RUB	canonical_chunks/product_queries_details_BY_GMV_DESC_C12.tsv
2271262133	1948098351	68	в машину подвеска на зеркало с фото	BY_GMV	DESCENDING	4788903a-97cc-4439-a1b8-f01ea8b119cd	C12	56	1	NULL	NULL	NULL	0	0	RUB	canonical_chunks/product_queries_details_BY_GMV_DESC_C12.tsv
2271262133	1948098351	68	металлическая подвеска в машину на зеркало hongoi	BY_GMV	DESCENDING	4788903a-97cc-4439-a1b8-f01ea8b119cd	C12	57	1	NULL	NULL	NULL	0	0	RUB	canonical_chunks/product_queries_details_BY_GMV_DESC_C12.tsv
2271262133	1948098351	68	мимо меня обереги	BY_GMV	DESCENDING	4788903a-97cc-4439-a1b8-f01ea8b119cd	C12	58	1	NULL	NULL	NULL	0	0	RUB	canonical_chunks/product_queries_details_BY_GMV_DESC_C12.tsv
2271262133	1948098351	68	амулет на зеркало в машину	BY_GMV	DESCENDING	4788903a-97cc-4439-a1b8-f01ea8b119cd	C12	59	1	NULL	NULL	NULL	0	0	RUB	canonical_chunks/product_queries_details_BY_GMV_DESC_C12.tsv
2271262133	1948098351	68	мусульманский оберег в машину	BY_GMV	DESCENDING	4788903a-97cc-4439-a1b8-f01ea8b119cd	C12	60	11	NULL	NULL	NULL	0	0	RUB	canonical_chunks/product_queries_details_BY_GMV_DESC_C12.tsv
2271285786	1948128035	71	талисман стрельца	BY_GMV	DESCENDING	4788903a-97cc-4439-a1b8-f01ea8b119cd	C12	61	1	NULL	NULL	NULL	0	0	RUB	canonical_chunks/product_queries_details_BY_GMV_DESC_C12.tsv
2271285786	1948128035	71	бусы знак зодиака	BY_GMV	DESCENDING	4788903a-97cc-4439-a1b8-f01ea8b119cd	C12	62	1	NULL	NULL	NULL	0	0	RUB	canonical_chunks/product_queries_details_BY_GMV_DESC_C12.tsv
2271285786	1948128035	71	оберег с зеркалом	BY_GMV	DESCENDING	4788903a-97cc-4439-a1b8-f01ea8b119cd	C12	63	5	NULL	NULL	NULL	0	0	RUB	canonical_chunks/product_queries_details_BY_GMV_DESC_C12.tsv
2271285786	1948128035	71	расческа стрелец	BY_GMV	DESCENDING	4788903a-97cc-4439-a1b8-f01ea8b119cd	C12	64	1	NULL	NULL	NULL	0	0	RUB	canonical_chunks/product_queries_details_BY_GMV_DESC_C12.tsv
2271285786	1948128035	71	деревянная коробка для подарка мужчине	BY_GMV	DESCENDING	4788903a-97cc-4439-a1b8-f01ea8b119cd	C12	65	2	NULL	NULL	NULL	0	0	RUB	canonical_chunks/product_queries_details_BY_GMV_DESC_C12.tsv
2271285786	1948128035	71	на зеркало в машину подвеска участник бое	BY_GMV	DESCENDING	4788903a-97cc-4439-a1b8-f01ea8b119cd	C12	66	1	NULL	NULL	NULL	0	0	RUB	canonical_chunks/product_queries_details_BY_GMV_DESC_C12.tsv
2271285786	1948128035	71	голова хищника подвеска в машину	BY_GMV	DESCENDING	4788903a-97cc-4439-a1b8-f01ea8b119cd	C12	67	1	NULL	NULL	NULL	0	0	RUB	canonical_chunks/product_queries_details_BY_GMV_DESC_C12.tsv
2271285786	1948128035	71	подвеска на зеркало девушка	BY_GMV	DESCENDING	4788903a-97cc-4439-a1b8-f01ea8b119cd	C12	68	1	NULL	NULL	NULL	0	0	RUB	canonical_chunks/product_queries_details_BY_GMV_DESC_C12.tsv
2271285786	1948128035	71	доллар деревянный в машину подвеска на зеркало	BY_GMV	DESCENDING	4788903a-97cc-4439-a1b8-f01ea8b119cd	C12	69	1	NULL	NULL	NULL	0	0	RUB	canonical_chunks/product_queries_details_BY_GMV_DESC_C12.tsv
2271285786	1948128035	71	подвеска из дерева в машину	BY_GMV	DESCENDING	4788903a-97cc-4439-a1b8-f01ea8b119cd	C12	70	3	NULL	NULL	NULL	0	0	RUB	canonical_chunks/product_queries_details_BY_GMV_DESC_C12.tsv
2271285786	1948128035	71	подвеска стрелец позолота	BY_GMV	DESCENDING	4788903a-97cc-4439-a1b8-f01ea8b119cd	C12	71	1	NULL	NULL	NULL	0	0	RUB	canonical_chunks/product_queries_details_BY_GMV_DESC_C12.tsv
2271285786	1948128035	71	защита для стрельца мужская	BY_GMV	DESCENDING	4788903a-97cc-4439-a1b8-f01ea8b119cd	C12	72	1	NULL	NULL	NULL	0	0	RUB	canonical_chunks/product_queries_details_BY_GMV_DESC_C12.tsv
2271285786	1948128035	71	дневник знака зодиака стрелец ♐	BY_GMV	DESCENDING	4788903a-97cc-4439-a1b8-f01ea8b119cd	C12	73	1	NULL	NULL	NULL	0	0	RUB	canonical_chunks/product_queries_details_BY_GMV_DESC_C12.tsv
2271285786	1948128035	71	подвеска зеркал в машине	BY_GMV	DESCENDING	4788903a-97cc-4439-a1b8-f01ea8b119cd	C12	74	1	NULL	NULL	NULL	0	0	RUB	canonical_chunks/product_queries_details_BY_GMV_DESC_C12.tsv
2271285786	1948128035	71	оберег из дерева	BY_GMV	DESCENDING	4788903a-97cc-4439-a1b8-f01ea8b119cd	C12	75	11	NULL	NULL	NULL	0	0	RUB	canonical_chunks/product_queries_details_BY_GMV_DESC_C12.tsv
2271270261	1948107866	69	на удачу талисман набор	BY_GMV	DESCENDING	4788903a-97cc-4439-a1b8-f01ea8b119cd	C12	76	1	NULL	NULL	NULL	0	0	RUB	canonical_chunks/product_queries_details_BY_GMV_DESC_C12.tsv
2271270261	1948107866	69	в машину на зеркало	BY_GMV	DESCENDING	4788903a-97cc-4439-a1b8-f01ea8b119cd	C12	77	47	NULL	NULL	NULL	0	0	RUB	canonical_chunks/product_queries_details_BY_GMV_DESC_C12.tsv
2271270261	1948107866	69	четки в авто с	BY_GMV	DESCENDING	4788903a-97cc-4439-a1b8-f01ea8b119cd	C12	78	1	NULL	NULL	NULL	0	0	RUB	canonical_chunks/product_queries_details_BY_GMV_DESC_C12.tsv
2271270261	1948107866	69	оберег в машину мужской сынуподвеска на зеркало	BY_GMV	DESCENDING	4788903a-97cc-4439-a1b8-f01ea8b119cd	C12	79	1	NULL	NULL	NULL	0	0	RUB	canonical_chunks/product_queries_details_BY_GMV_DESC_C12.tsv
2271270261	1948107866	69	брелок войска связи на зеркало в машине	BY_GMV	DESCENDING	4788903a-97cc-4439-a1b8-f01ea8b119cd	C12	80	1	NULL	NULL	NULL	0	0	RUB	canonical_chunks/product_queries_details_BY_GMV_DESC_C12.tsv
2271270261	1948107866	69	голова вуду подвеска на зеркало	BY_GMV	DESCENDING	4788903a-97cc-4439-a1b8-f01ea8b119cd	C12	81	1	NULL	NULL	NULL	0	0	RUB	canonical_chunks/product_queries_details_BY_GMV_DESC_C12.tsv
2271270261	1948107866	69	брелок в машину на зеркало подвеска	BY_GMV	DESCENDING	4788903a-97cc-4439-a1b8-f01ea8b119cd	C12	82	1	NULL	NULL	NULL	0	0	RUB	canonical_chunks/product_queries_details_BY_GMV_DESC_C12.tsv
2271270261	1948107866	69	амулеты для знака зодиака рак	BY_GMV	DESCENDING	4788903a-97cc-4439-a1b8-f01ea8b119cd	C12	83	1	NULL	NULL	NULL	0	0	RUB	canonical_chunks/product_queries_details_BY_GMV_DESC_C12.tsv
2271270261	1948107866	69	висюлька на зеркало в машину ароматизатор мазда	BY_GMV	DESCENDING	4788903a-97cc-4439-a1b8-f01ea8b119cd	C12	84	1	NULL	NULL	NULL	0	0	RUB	canonical_chunks/product_queries_details_BY_GMV_DESC_C12.tsv
2271270261	1948107866	69	подвеска на зеркало в машину скелет рыба	BY_GMV	DESCENDING	4788903a-97cc-4439-a1b8-f01ea8b119cd	C12	85	1	NULL	NULL	NULL	0	0	RUB	canonical_chunks/product_queries_details_BY_GMV_DESC_C12.tsv
2271270261	1948107866	69	амулеты мужские	BY_GMV	DESCENDING	4788903a-97cc-4439-a1b8-f01ea8b119cd	C12	86	2	NULL	NULL	NULL	0	0	RUB	canonical_chunks/product_queries_details_BY_GMV_DESC_C12.tsv
2271270261	1948107866	69	на зеркало в машину скорпион	BY_GMV	DESCENDING	4788903a-97cc-4439-a1b8-f01ea8b119cd	C12	87	1	NULL	NULL	NULL	0	0	RUB	canonical_chunks/product_queries_details_BY_GMV_DESC_C12.tsv
2271270261	1948107866	69	зеркало рыбий глаз на самокат	BY_GMV	DESCENDING	4788903a-97cc-4439-a1b8-f01ea8b119cd	C12	88	1	NULL	NULL	NULL	0	0	RUB	canonical_chunks/product_queries_details_BY_GMV_DESC_C12.tsv
2271270261	1948107866	69	набор подвесок на зеркало	BY_GMV	DESCENDING	4788903a-97cc-4439-a1b8-f01ea8b119cd	C12	89	1	NULL	NULL	NULL	0	0	RUB	canonical_chunks/product_queries_details_BY_GMV_DESC_C12.tsv
2271270261	1948107866	69	знак зодиака рыбы серебро мужская	BY_GMV	DESCENDING	4788903a-97cc-4439-a1b8-f01ea8b119cd	C12	90	1	NULL	NULL	NULL	0	0	RUB	canonical_chunks/product_queries_details_BY_GMV_DESC_C12.tsv
2559748332	2324384021	75	подвеска в машину	BY_GMV	DESCENDING	da5ae446-24a4-476f-8b21-a61f912727b3	C13R1	1	7092	NULL	NULL	NULL	0	1988	RUB	canonical_chunks/product_queries_details_BY_GMV_DESC_C13R1.tsv
2559748332	2324384021	75	подвеска в машину на зеркало	BY_GMV	DESCENDING	da5ae446-24a4-476f-8b21-a61f912727b3	C13R1	2	6256	NULL	NULL	NULL	0	1334	RUB	canonical_chunks/product_queries_details_BY_GMV_DESC_C13R1.tsv
2559748332	2324384021	75	{value}	BY_GMV	DESCENDING	da5ae446-24a4-476f-8b21-a61f912727b3	C13R1	3	1	NULL	NULL	NULL	0	648	RUB	canonical_chunks/product_queries_details_BY_GMV_DESC_C13R1.tsv
2559748332	2324384021	75	подвеска герб в машину	BY_GMV	DESCENDING	da5ae446-24a4-476f-8b21-a61f912727b3	C13R1	4	13	NULL	NULL	NULL	0	551	RUB	canonical_chunks/product_queries_details_BY_GMV_DESC_C13R1.tsv
2559748332	2324384021	75	талисман в машину мужской	BY_GMV	DESCENDING	da5ae446-24a4-476f-8b21-a61f912727b3	C13R1	5	18	NULL	NULL	NULL	0	551	RUB	canonical_chunks/product_queries_details_BY_GMV_DESC_C13R1.tsv
2559748332	2324384021	75	аксессуар на зеркало	BY_GMV	DESCENDING	da5ae446-24a4-476f-8b21-a61f912727b3	C13R1	6	1	NULL	NULL	NULL	0	0	RUB	canonical_chunks/product_queries_details_BY_GMV_DESC_C13R1.tsv
2559748332	2324384021	75	оберег на шею мужской славянский	BY_GMV	DESCENDING	da5ae446-24a4-476f-8b21-a61f912727b3	C13R1	7	6	NULL	NULL	NULL	0	0	RUB	canonical_chunks/product_queries_details_BY_GMV_DESC_C13R1.tsv
2559748332	2324384021	75	амулет для автомобиля в машину на зеркало	BY_GMV	DESCENDING	da5ae446-24a4-476f-8b21-a61f912727b3	C13R1	8	1	NULL	NULL	NULL	0	0	RUB	canonical_chunks/product_queries_details_BY_GMV_DESC_C13R1.tsv
2559748332	2324384021	75	подвеска в машину на зеркало с кисточкой	BY_GMV	DESCENDING	da5ae446-24a4-476f-8b21-a61f912727b3	C13R1	9	2	NULL	NULL	NULL	0	0	RUB	canonical_chunks/product_queries_details_BY_GMV_DESC_C13R1.tsv
2559748332	2324384021	75	зеркало амулет	BY_GMV	DESCENDING	da5ae446-24a4-476f-8b21-a61f912727b3	C13R1	10	4	NULL	NULL	NULL	0	0	RUB	canonical_chunks/product_queries_details_BY_GMV_DESC_C13R1.tsv
2559748332	2324384021	75	авто аксессуары на зеркало	BY_GMV	DESCENDING	da5ae446-24a4-476f-8b21-a61f912727b3	C13R1	11	1	NULL	NULL	NULL	0	0	RUB	canonical_chunks/product_queries_details_BY_GMV_DESC_C13R1.tsv
2559748332	2324384021	75	аксессуары на машину герб	BY_GMV	DESCENDING	da5ae446-24a4-476f-8b21-a61f912727b3	C13R1	12	1	NULL	NULL	NULL	0	0	RUB	canonical_chunks/product_queries_details_BY_GMV_DESC_C13R1.tsv
2559748332	2324384021	75	#подвеска_в_машину	BY_GMV	DESCENDING	da5ae446-24a4-476f-8b21-a61f912727b3	C13R1	13	1	NULL	NULL	NULL	0	0	RUB	canonical_chunks/product_queries_details_BY_GMV_DESC_C13R1.tsv
2559748332	2324384021	75	зеркальный амулет	BY_GMV	DESCENDING	da5ae446-24a4-476f-8b21-a61f912727b3	C13R1	14	5	NULL	NULL	NULL	0	0	RUB	canonical_chunks/product_queries_details_BY_GMV_DESC_C13R1.tsv
2559748332	2324384021	75	оберег в машину	BY_GMV	DESCENDING	da5ae446-24a4-476f-8b21-a61f912727b3	C13R1	15	1238	NULL	NULL	NULL	0	0	RUB	canonical_chunks/product_queries_details_BY_GMV_DESC_C13R1.tsv
2559437928	2324003802	74	славянский оберег в машину	BY_GMV	DESCENDING	da5ae446-24a4-476f-8b21-a61f912727b3	C13R1	16	33	NULL	NULL	NULL	0	1528	RUB	canonical_chunks/product_queries_details_BY_GMV_DESC_C13R1.tsv
2559437928	2324003802	74	славянский оберег для ключей дома	BY_GMV	DESCENDING	da5ae446-24a4-476f-8b21-a61f912727b3	C13R1	17	0	NULL	NULL	NULL	0	829	RUB	canonical_chunks/product_queries_details_BY_GMV_DESC_C13R1.tsv
2559437928	2324003802	74	наклейка чур	BY_GMV	DESCENDING	da5ae446-24a4-476f-8b21-a61f912727b3	C13R1	18	1	NULL	NULL	NULL	0	804	RUB	canonical_chunks/product_queries_details_BY_GMV_DESC_C13R1.tsv
2559437928	2324003802	74	славянский оберег мужской в машину	BY_GMV	DESCENDING	da5ae446-24a4-476f-8b21-a61f912727b3	C13R1	19	1	NULL	NULL	NULL	0	788	RUB	canonical_chunks/product_queries_details_BY_GMV_DESC_C13R1.tsv
2559437928	2324003802	74	оберег славянский	BY_GMV	DESCENDING	da5ae446-24a4-476f-8b21-a61f912727b3	C13R1	20	171	NULL	NULL	NULL	0	716	RUB	canonical_chunks/product_queries_details_BY_GMV_DESC_C13R1.tsv
2559437928	2324003802	74	четки в автомобиль славянские в машину	BY_GMV	DESCENDING	da5ae446-24a4-476f-8b21-a61f912727b3	C13R1	21	1	NULL	NULL	NULL	0	716	RUB	canonical_chunks/product_queries_details_BY_GMV_DESC_C13R1.tsv
2559437928	2324003802	74	славянский оберег	BY_GMV	DESCENDING	da5ae446-24a4-476f-8b21-a61f912727b3	C13R1	22	498	NULL	NULL	NULL	0	663	RUB	canonical_chunks/product_queries_details_BY_GMV_DESC_C13R1.tsv
2559437928	2324003802	74	амулет мужской в машину	BY_GMV	DESCENDING	da5ae446-24a4-476f-8b21-a61f912727b3	C13R1	23	2	NULL	NULL	NULL	0	0	RUB	canonical_chunks/product_queries_details_BY_GMV_DESC_C13R1.tsv
2559437928	2324003802	74	оберег в машину мужской на зеркало	BY_GMV	DESCENDING	da5ae446-24a4-476f-8b21-a61f912727b3	C13R1	24	2	NULL	NULL	NULL	0	0	RUB	canonical_chunks/product_queries_details_BY_GMV_DESC_C13R1.tsv
2559437928	2324003802	74	брелок в машину от сглаза	BY_GMV	DESCENDING	da5ae446-24a4-476f-8b21-a61f912727b3	C13R1	25	1	NULL	NULL	NULL	0	0	RUB	canonical_chunks/product_queries_details_BY_GMV_DESC_C13R1.tsv
2559437928	2324003802	74	подвеска из акрила	BY_GMV	DESCENDING	da5ae446-24a4-476f-8b21-a61f912727b3	C13R1	26	2	NULL	NULL	NULL	0	0	RUB	canonical_chunks/product_queries_details_BY_GMV_DESC_C13R1.tsv
2559437928	2324003802	74	аксессуары в машину подвесаа зеркал барабан	BY_GMV	DESCENDING	da5ae446-24a4-476f-8b21-a61f912727b3	C13R1	27	0	NULL	NULL	NULL	0	0	RUB	canonical_chunks/product_queries_details_BY_GMV_DESC_C13R1.tsv
2559437928	2324003802	74	обереги	BY_GMV	DESCENDING	da5ae446-24a4-476f-8b21-a61f912727b3	C13R1	28	140	NULL	NULL	NULL	0	0	RUB	canonical_chunks/product_queries_details_BY_GMV_DESC_C13R1.tsv
2559437928	2324003802	74	коловрат подвеска	BY_GMV	DESCENDING	da5ae446-24a4-476f-8b21-a61f912727b3	C13R1	29	316	NULL	NULL	NULL	0	0	RUB	canonical_chunks/product_queries_details_BY_GMV_DESC_C13R1.tsv
2559437928	2324003802	74	чур амулет	BY_GMV	DESCENDING	da5ae446-24a4-476f-8b21-a61f912727b3	C13R1	30	2	NULL	NULL	NULL	0	0	RUB	canonical_chunks/product_queries_details_BY_GMV_DESC_C13R1.tsv
2326866320	2020661872	73	провославный оберег в машину	BY_GMV	DESCENDING	da5ae446-24a4-476f-8b21-a61f912727b3	C13R1	31	0	NULL	NULL	NULL	0	831	RUB	canonical_chunks/product_queries_details_BY_GMV_DESC_C13R1.tsv
2326866320	2020661872	73	талисман в автомобиль	BY_GMV	DESCENDING	da5ae446-24a4-476f-8b21-a61f912727b3	C13R1	32	1	NULL	NULL	NULL	0	591	RUB	canonical_chunks/product_queries_details_BY_GMV_DESC_C13R1.tsv
2326866320	2020661872	73	амулет от сглаза в машину на зеркало	BY_GMV	DESCENDING	da5ae446-24a4-476f-8b21-a61f912727b3	C13R1	33	1	NULL	NULL	NULL	0	0	RUB	canonical_chunks/product_queries_details_BY_GMV_DESC_C13R1.tsv
2326866320	2020661872	73	брелок деревянный автомобиль	BY_GMV	DESCENDING	da5ae446-24a4-476f-8b21-a61f912727b3	C13R1	34	1	NULL	NULL	NULL	0	0	RUB	canonical_chunks/product_queries_details_BY_GMV_DESC_C13R1.tsv
2326866320	2020661872	73	баннер православный	BY_GMV	DESCENDING	da5ae446-24a4-476f-8b21-a61f912727b3	C13R1	35	2	NULL	NULL	NULL	0	0	RUB	canonical_chunks/product_queries_details_BY_GMV_DESC_C13R1.tsv
2326866320	2020661872	73	#обереготсглаза	BY_GMV	DESCENDING	da5ae446-24a4-476f-8b21-a61f912727b3	C13R1	36	0	NULL	NULL	NULL	0	0	RUB	canonical_chunks/product_queries_details_BY_GMV_DESC_C13R1.tsv
2326866320	2020661872	73	амулет глаз подвеска в машину	BY_GMV	DESCENDING	da5ae446-24a4-476f-8b21-a61f912727b3	C13R1	37	1	NULL	NULL	NULL	0	0	RUB	canonical_chunks/product_queries_details_BY_GMV_DESC_C13R1.tsv
2326866320	2020661872	73	амулет мужской мусульманский	BY_GMV	DESCENDING	da5ae446-24a4-476f-8b21-a61f912727b3	C13R1	38	3	NULL	NULL	NULL	0	0	RUB	canonical_chunks/product_queries_details_BY_GMV_DESC_C13R1.tsv
2326866320	2020661872	73	амулеты обереги и талисманы дерево	BY_GMV	DESCENDING	da5ae446-24a4-476f-8b21-a61f912727b3	C13R1	39	1	NULL	NULL	NULL	0	0	RUB	canonical_chunks/product_queries_details_BY_GMV_DESC_C13R1.tsv
2326866320	2020661872	73	брелок оберег деревянный	BY_GMV	DESCENDING	da5ae446-24a4-476f-8b21-a61f912727b3	C13R1	40	2	NULL	NULL	NULL	0	0	RUB	canonical_chunks/product_queries_details_BY_GMV_DESC_C13R1.tsv
2326866320	2020661872	73	оберег подвеска в машину	BY_GMV	DESCENDING	da5ae446-24a4-476f-8b21-a61f912727b3	C13R1	41	2	NULL	NULL	NULL	0	0	RUB	canonical_chunks/product_queries_details_BY_GMV_DESC_C13R1.tsv
2326866320	2020661872	73	брелок амулет на машину	BY_GMV	DESCENDING	da5ae446-24a4-476f-8b21-a61f912727b3	C13R1	42	1	NULL	NULL	NULL	0	0	RUB	canonical_chunks/product_queries_details_BY_GMV_DESC_C13R1.tsv
2326866320	2020661872	73	спаси и сохрани в машину с подсветкой	BY_GMV	DESCENDING	da5ae446-24a4-476f-8b21-a61f912727b3	C13R1	43	6	NULL	NULL	NULL	0	0	RUB	canonical_chunks/product_queries_details_BY_GMV_DESC_C13R1.tsv
2326866320	2020661872	73	брелок в машину иконка	BY_GMV	DESCENDING	da5ae446-24a4-476f-8b21-a61f912727b3	C13R1	44	2	NULL	NULL	NULL	0	0	RUB	canonical_chunks/product_queries_details_BY_GMV_DESC_C13R1.tsv
2326866320	2020661872	73	брелок на зеркало в машину ловец снов	BY_GMV	DESCENDING	da5ae446-24a4-476f-8b21-a61f912727b3	C13R1	45	1	NULL	NULL	NULL	0	0	RUB	canonical_chunks/product_queries_details_BY_GMV_DESC_C13R1.tsv
2559817779	2324467855	76	подвеска на зеркало в машину топор	BY_GMV	DESCENDING	da5ae446-24a4-476f-8b21-a61f912727b3	C13R1	46	0	NULL	NULL	NULL	0	0	RUB	canonical_chunks/product_queries_details_BY_GMV_DESC_C13R1.tsv
2559817779	2324467855	76	автооберег	BY_GMV	DESCENDING	da5ae446-24a4-476f-8b21-a61f912727b3	C13R1	47	1	NULL	NULL	NULL	0	0	RUB	canonical_chunks/product_queries_details_BY_GMV_DESC_C13R1.tsv
2559817779	2324467855	76	оберег на машину	BY_GMV	DESCENDING	da5ae446-24a4-476f-8b21-a61f912727b3	C13R1	48	3	NULL	NULL	NULL	0	0	RUB	canonical_chunks/product_queries_details_BY_GMV_DESC_C13R1.tsv
2559817779	2324467855	76	россия белоруссия флаг на присоске в машину	BY_GMV	DESCENDING	da5ae446-24a4-476f-8b21-a61f912727b3	C13R1	49	1	NULL	NULL	NULL	0	0	RUB	canonical_chunks/product_queries_details_BY_GMV_DESC_C13R1.tsv
2559817779	2324467855	76	мусульманский оберег в машину	BY_GMV	DESCENDING	da5ae446-24a4-476f-8b21-a61f912727b3	C13R1	50	11	NULL	NULL	NULL	0	0	RUB	canonical_chunks/product_queries_details_BY_GMV_DESC_C13R1.tsv
2559817779	2324467855	76	оберег амулет в машину с волосами	BY_GMV	DESCENDING	da5ae446-24a4-476f-8b21-a61f912727b3	C13R1	51	1	NULL	NULL	NULL	0	0	RUB	canonical_chunks/product_queries_details_BY_GMV_DESC_C13R1.tsv
2559817779	2324467855	76	подвеска на зеркало в машину мужская скалодаз	BY_GMV	DESCENDING	da5ae446-24a4-476f-8b21-a61f912727b3	C13R1	52	1	NULL	NULL	NULL	0	0	RUB	canonical_chunks/product_queries_details_BY_GMV_DESC_C13R1.tsv
2559817779	2324467855	76	кровь дерево подвеска на шею	BY_GMV	DESCENDING	da5ae446-24a4-476f-8b21-a61f912727b3	C13R1	53	1	NULL	NULL	NULL	0	0	RUB	canonical_chunks/product_queries_details_BY_GMV_DESC_C13R1.tsv
2559817779	2324467855	76	мотоцикл подвеска в машину	BY_GMV	DESCENDING	da5ae446-24a4-476f-8b21-a61f912727b3	C13R1	54	1	NULL	NULL	NULL	0	0	RUB	canonical_chunks/product_queries_details_BY_GMV_DESC_C13R1.tsv
2559817779	2324467855	76	подвеска в машину на зеркало георгиевская	BY_GMV	DESCENDING	da5ae446-24a4-476f-8b21-a61f912727b3	C13R1	55	1	NULL	NULL	NULL	0	0	RUB	canonical_chunks/product_queries_details_BY_GMV_DESC_C13R1.tsv
2559817779	2324467855	76	крутящийся ароматизатор в машину подвеска на зеркало	BY_GMV	DESCENDING	da5ae446-24a4-476f-8b21-a61f912727b3	C13R1	56	1	NULL	NULL	NULL	0	0	RUB	canonical_chunks/product_queries_details_BY_GMV_DESC_C13R1.tsv
2559817779	2324467855	76	оберег для водителя в машину	BY_GMV	DESCENDING	da5ae446-24a4-476f-8b21-a61f912727b3	C13R1	57	3	NULL	NULL	NULL	0	0	RUB	canonical_chunks/product_queries_details_BY_GMV_DESC_C13R1.tsv
2559817779	2324467855	76	подвеска в машину большая	BY_GMV	DESCENDING	da5ae446-24a4-476f-8b21-a61f912727b3	C13R1	58	1	NULL	NULL	NULL	0	0	RUB	canonical_chunks/product_queries_details_BY_GMV_DESC_C13R1.tsv
2559817779	2324467855	76	арома подвеска в машину на зеркало мужская	BY_GMV	DESCENDING	da5ae446-24a4-476f-8b21-a61f912727b3	C13R1	59	1	NULL	NULL	NULL	0	0	RUB	canonical_chunks/product_queries_details_BY_GMV_DESC_C13R1.tsv
2559817779	2324467855	76	брелок в машину мягкий на зеркало	BY_GMV	DESCENDING	da5ae446-24a4-476f-8b21-a61f912727b3	C13R1	60	1	NULL	NULL	NULL	0	0	RUB	canonical_chunks/product_queries_details_BY_GMV_DESC_C13R1.tsv
1611643847	1092556350	6	подвеска в авто бусины	BY_GMV	ASCENDING	a0c7f40a-43c4-4e7e-863b-f46239875298	C01	1	2	NULL	NULL	NULL	0	0	RUB	canonical_chunks/product_queries_details_BY_GMV_ASC_C01.tsv
1611643847	1092556350	6	штуки где зеркало в машине в	BY_GMV	ASCENDING	a0c7f40a-43c4-4e7e-863b-f46239875298	C01	2	1	NULL	NULL	NULL	0	0	RUB	canonical_chunks/product_queries_details_BY_GMV_ASC_C01.tsv
1611643847	1092556350	6	талисманы	BY_GMV	ASCENDING	a0c7f40a-43c4-4e7e-863b-f46239875298	C01	3	58	NULL	NULL	NULL	0	0	RUB	canonical_chunks/product_queries_details_BY_GMV_ASC_C01.tsv
1611643847	1092556350	6	руны амулет защита	BY_GMV	ASCENDING	a0c7f40a-43c4-4e7e-863b-f46239875298	C01	4	1	NULL	NULL	NULL	0	0	RUB	canonical_chunks/product_queries_details_BY_GMV_ASC_C01.tsv
1611643847	1092556350	6	подвеска в машину на зеркало спецназ внутренних войск	BY_GMV	ASCENDING	a0c7f40a-43c4-4e7e-863b-f46239875298	C01	5	0	NULL	NULL	NULL	0	0	RUB	canonical_chunks/product_queries_details_BY_GMV_ASC_C01.tsv
1611643847	1092556350	6	кулоны зеркальные обереги	BY_GMV	ASCENDING	a0c7f40a-43c4-4e7e-863b-f46239875298	C01	6	1	NULL	NULL	NULL	0	0	RUB	canonical_chunks/product_queries_details_BY_GMV_ASC_C01.tsv
1611643847	1092556350	6	подвеска от сглаза в машину	BY_GMV	ASCENDING	a0c7f40a-43c4-4e7e-863b-f46239875298	C01	7	3	NULL	NULL	NULL	0	0	RUB	canonical_chunks/product_queries_details_BY_GMV_ASC_C01.tsv
1611643847	1092556350	6	акриловая подвеска в машину.	BY_GMV	ASCENDING	a0c7f40a-43c4-4e7e-863b-f46239875298	C01	8	1	NULL	NULL	NULL	0	0	RUB	canonical_chunks/product_queries_details_BY_GMV_ASC_C01.tsv
1611643847	1092556350	6	руны обкрег	BY_GMV	ASCENDING	a0c7f40a-43c4-4e7e-863b-f46239875298	C01	9	1	NULL	NULL	NULL	0	0	RUB	canonical_chunks/product_queries_details_BY_GMV_ASC_C01.tsv
1611643847	1092556350	6	подвеска валькнут	BY_GMV	ASCENDING	a0c7f40a-43c4-4e7e-863b-f46239875298	C01	10	4	NULL	NULL	NULL	0	0	RUB	canonical_chunks/product_queries_details_BY_GMV_ASC_C01.tsv
1611643847	1092556350	6	копьё бога	BY_GMV	ASCENDING	a0c7f40a-43c4-4e7e-863b-f46239875298	C01	11	1	NULL	NULL	NULL	0	0	RUB	canonical_chunks/product_queries_details_BY_GMV_ASC_C01.tsv
1611643847	1092556350	6	подвеска амулет оберег	BY_GMV	ASCENDING	a0c7f40a-43c4-4e7e-863b-f46239875298	C01	12	1	NULL	NULL	NULL	0	0	RUB	canonical_chunks/product_queries_details_BY_GMV_ASC_C01.tsv
1611643847	1092556350	6	зеркало авто подвеска	BY_GMV	ASCENDING	a0c7f40a-43c4-4e7e-863b-f46239875298	C01	13	1	NULL	NULL	NULL	0	0	RUB	canonical_chunks/product_queries_details_BY_GMV_ASC_C01.tsv
1611643847	1092556350	6	оберег на зеркало автомобиля	BY_GMV	ASCENDING	a0c7f40a-43c4-4e7e-863b-f46239875298	C01	14	1	NULL	NULL	NULL	0	0	RUB	canonical_chunks/product_queries_details_BY_GMV_ASC_C01.tsv
1611643847	1092556350	6	подвеска катана в машину на зеркало мужская	BY_GMV	ASCENDING	a0c7f40a-43c4-4e7e-863b-f46239875298	C01	15	1	NULL	NULL	NULL	0	0	RUB	canonical_chunks/product_queries_details_BY_GMV_ASC_C01.tsv
1602717077	1082855228	4	магический амулет, оберег	BY_GMV	ASCENDING	a0c7f40a-43c4-4e7e-863b-f46239875298	C01	16	15	NULL	NULL	NULL	0	0	RUB	canonical_chunks/product_queries_details_BY_GMV_ASC_C01.tsv
1602717077	1082855228	4	зеркальце на шлем	BY_GMV	ASCENDING	a0c7f40a-43c4-4e7e-863b-f46239875298	C01	17	1	NULL	NULL	NULL	0	0	RUB	canonical_chunks/product_queries_details_BY_GMV_ASC_C01.tsv
1602717077	1082855228	4	оберег с зеркалом	BY_GMV	ASCENDING	a0c7f40a-43c4-4e7e-863b-f46239875298	C01	18	5	NULL	NULL	NULL	0	0	RUB	canonical_chunks/product_queries_details_BY_GMV_ASC_C01.tsv
1602717077	1082855228	4	подвеска в машину на зеркало белджи	BY_GMV	ASCENDING	a0c7f40a-43c4-4e7e-863b-f46239875298	C01	19	1	NULL	NULL	NULL	0	0	RUB	canonical_chunks/product_queries_details_BY_GMV_ASC_C01.tsv
1602717077	1082855228	4	амулет подвеска грифон	BY_GMV	ASCENDING	a0c7f40a-43c4-4e7e-863b-f46239875298	C01	20	1	NULL	NULL	NULL	0	0	RUB	canonical_chunks/product_queries_details_BY_GMV_ASC_C01.tsv
1602717077	1082855228	4	подвеска в машину на зеркало lron maiden	BY_GMV	ASCENDING	a0c7f40a-43c4-4e7e-863b-f46239875298	C01	21	1	NULL	NULL	NULL	0	0	RUB	canonical_chunks/product_queries_details_BY_GMV_ASC_C01.tsv
1602717077	1082855228	4	амулет руна в машину	BY_GMV	ASCENDING	a0c7f40a-43c4-4e7e-863b-f46239875298	C01	22	1	NULL	NULL	NULL	0	0	RUB	canonical_chunks/product_queries_details_BY_GMV_ASC_C01.tsv
1602717077	1082855228	4	брелок на зеркало в машину крест	BY_GMV	ASCENDING	a0c7f40a-43c4-4e7e-863b-f46239875298	C01	23	1	NULL	NULL	NULL	0	0	RUB	canonical_chunks/product_queries_details_BY_GMV_ASC_C01.tsv
1602717077	1082855228	4	подвеска на зеркало авто уголовный розыск в машину	BY_GMV	ASCENDING	a0c7f40a-43c4-4e7e-863b-f46239875298	C01	24	1	NULL	NULL	NULL	0	0	RUB	canonical_chunks/product_queries_details_BY_GMV_ASC_C01.tsv
1602717077	1082855228	4	шлем ужаса подвеска	BY_GMV	ASCENDING	a0c7f40a-43c4-4e7e-863b-f46239875298	C01	25	10	NULL	NULL	NULL	0	0	RUB	canonical_chunks/product_queries_details_BY_GMV_ASC_C01.tsv
1602717077	1082855228	4	на зеркало подвеска автомобиля	BY_GMV	ASCENDING	a0c7f40a-43c4-4e7e-863b-f46239875298	C01	26	1	NULL	NULL	NULL	0	0	RUB	canonical_chunks/product_queries_details_BY_GMV_ASC_C01.tsv
1602717077	1082855228	4	брелок на зеркало в машину ссср скилет	BY_GMV	ASCENDING	a0c7f40a-43c4-4e7e-863b-f46239875298	C01	27	1	NULL	NULL	NULL	0	0	RUB	canonical_chunks/product_queries_details_BY_GMV_ASC_C01.tsv
1602717077	1082855228	4	обереги и талисманы	BY_GMV	ASCENDING	a0c7f40a-43c4-4e7e-863b-f46239875298	C01	28	45	NULL	NULL	NULL	0	0	RUB	canonical_chunks/product_queries_details_BY_GMV_ASC_C01.tsv
1602717077	1082855228	4	атрибуты с российской символикой	BY_GMV	ASCENDING	a0c7f40a-43c4-4e7e-863b-f46239875298	C01	29	1	NULL	NULL	NULL	0	0	RUB	canonical_chunks/product_queries_details_BY_GMV_ASC_C01.tsv
1602717077	1082855228	4	ботвеска в машине	BY_GMV	ASCENDING	a0c7f40a-43c4-4e7e-863b-f46239875298	C01	30	1	NULL	NULL	NULL	0	0	RUB	canonical_chunks/product_queries_details_BY_GMV_ASC_C01.tsv
1602715556	1082852354	3	амулет японский самурай	BY_GMV	ASCENDING	a0c7f40a-43c4-4e7e-863b-f46239875298	C01	31	1	NULL	NULL	NULL	0	0	RUB	canonical_chunks/product_queries_details_BY_GMV_ASC_C01.tsv
1602715556	1082852354	3	висюлька на зеркало в машину женская bmv	BY_GMV	ASCENDING	a0c7f40a-43c4-4e7e-863b-f46239875298	C01	32	1	NULL	NULL	NULL	0	0	RUB	canonical_chunks/product_queries_details_BY_GMV_ASC_C01.tsv
1602715556	1082852354	3	«подвеска в машину обезьяна из дорамы	BY_GMV	ASCENDING	a0c7f40a-43c4-4e7e-863b-f46239875298	C01	33	1	NULL	NULL	NULL	0	0	RUB	canonical_chunks/product_queries_details_BY_GMV_ASC_C01.tsv
1602715556	1082852354	3	авто_стиль	BY_GMV	ASCENDING	a0c7f40a-43c4-4e7e-863b-f46239875298	C01	34	1	NULL	NULL	NULL	0	0	RUB	canonical_chunks/product_queries_details_BY_GMV_ASC_C01.tsv
1602715556	1082852354	3	самурайский стиль	BY_GMV	ASCENDING	a0c7f40a-43c4-4e7e-863b-f46239875298	C01	35	2	NULL	NULL	NULL	0	0	RUB	canonical_chunks/product_queries_details_BY_GMV_ASC_C01.tsv
1602715556	1082852354	3	подвеска зеркало оберег	BY_GMV	ASCENDING	a0c7f40a-43c4-4e7e-863b-f46239875298	C01	36	11	NULL	NULL	NULL	0	0	RUB	canonical_chunks/product_queries_details_BY_GMV_ASC_C01.tsv
1602715556	1082852354	3	амулет зеркало магическое	BY_GMV	ASCENDING	a0c7f40a-43c4-4e7e-863b-f46239875298	C01	37	1	NULL	NULL	NULL	0	0	RUB	canonical_chunks/product_queries_details_BY_GMV_ASC_C01.tsv
1602715556	1082852354	3	обереги	BY_GMV	ASCENDING	a0c7f40a-43c4-4e7e-863b-f46239875298	C01	38	172	NULL	NULL	NULL	0	0	RUB	canonical_chunks/product_queries_details_BY_GMV_ASC_C01.tsv
1602715556	1082852354	3	браслет каловрат	BY_GMV	ASCENDING	a0c7f40a-43c4-4e7e-863b-f46239875298	C01	39	1	NULL	NULL	NULL	0	0	RUB	canonical_chunks/product_queries_details_BY_GMV_ASC_C01.tsv
1602715556	1082852354	3	браслет самурай.	BY_GMV	ASCENDING	a0c7f40a-43c4-4e7e-863b-f46239875298	C01	40	1	NULL	NULL	NULL	0	0	RUB	canonical_chunks/product_queries_details_BY_GMV_ASC_C01.tsv
1602715556	1082852354	3	амулет японский на шею	BY_GMV	ASCENDING	a0c7f40a-43c4-4e7e-863b-f46239875298	C01	41	3	NULL	NULL	NULL	0	0	RUB	canonical_chunks/product_queries_details_BY_GMV_ASC_C01.tsv
1602715556	1082852354	3	оберег в машину мужской	BY_GMV	ASCENDING	a0c7f40a-43c4-4e7e-863b-f46239875298	C01	42	13	NULL	NULL	NULL	0	0	RUB	canonical_chunks/product_queries_details_BY_GMV_ASC_C01.tsv
1602715556	1082852354	3	ароматизатор в машину веселый роджер на зеркало	BY_GMV	ASCENDING	a0c7f40a-43c4-4e7e-863b-f46239875298	C01	43	1	NULL	NULL	NULL	0	0	RUB	canonical_chunks/product_queries_details_BY_GMV_ASC_C01.tsv
1602715556	1082852354	3	кулон на зеркало в машину	BY_GMV	ASCENDING	a0c7f40a-43c4-4e7e-863b-f46239875298	C01	44	2	NULL	NULL	NULL	0	0	RUB	canonical_chunks/product_queries_details_BY_GMV_ASC_C01.tsv
1602715556	1082852354	3	адыгейски подвески костюмы на машину	BY_GMV	ASCENDING	a0c7f40a-43c4-4e7e-863b-f46239875298	C01	45	1	NULL	NULL	NULL	0	0	RUB	canonical_chunks/product_queries_details_BY_GMV_ASC_C01.tsv
1602722942	1082862005	5	оберег от сглаза	BY_GMV	ASCENDING	a0c7f40a-43c4-4e7e-863b-f46239875298	C01	46	110	NULL	NULL	NULL	0	0	RUB	canonical_chunks/product_queries_details_BY_GMV_ASC_C01.tsv
1602722942	1082862005	5	амулет руны	BY_GMV	ASCENDING	a0c7f40a-43c4-4e7e-863b-f46239875298	C01	47	8	NULL	NULL	NULL	0	0	RUB	canonical_chunks/product_queries_details_BY_GMV_ASC_C01.tsv
1602722942	1082862005	5	от сглаза в авто	BY_GMV	ASCENDING	a0c7f40a-43c4-4e7e-863b-f46239875298	C01	48	2	NULL	NULL	NULL	0	0	RUB	canonical_chunks/product_queries_details_BY_GMV_ASC_C01.tsv
1602722942	1082862005	5	алатырь оберег в машину	BY_GMV	ASCENDING	a0c7f40a-43c4-4e7e-863b-f46239875298	C01	49	1	NULL	NULL	NULL	0	0	RUB	canonical_chunks/product_queries_details_BY_GMV_ASC_C01.tsv
1602722942	1082862005	5	амулет зеркальная защита	BY_GMV	ASCENDING	a0c7f40a-43c4-4e7e-863b-f46239875298	C01	50	25	NULL	NULL	NULL	0	0	RUB	canonical_chunks/product_queries_details_BY_GMV_ASC_C01.tsv
1602722942	1082862005	5	подвеска в машину на зеркало четки	BY_GMV	ASCENDING	a0c7f40a-43c4-4e7e-863b-f46239875298	C01	51	3	NULL	NULL	NULL	0	0	RUB	canonical_chunks/product_queries_details_BY_GMV_ASC_C01.tsv
1602722942	1082862005	5	амулеты обереги и талисманы славянские	BY_GMV	ASCENDING	a0c7f40a-43c4-4e7e-863b-f46239875298	C01	52	12	NULL	NULL	NULL	0	0	RUB	canonical_chunks/product_queries_details_BY_GMV_ASC_C01.tsv
1602722942	1082862005	5	славянские обереги	BY_GMV	ASCENDING	a0c7f40a-43c4-4e7e-863b-f46239875298	C01	53	1109	NULL	NULL	NULL	0	0	RUB	canonical_chunks/product_queries_details_BY_GMV_ASC_C01.tsv
1602722942	1082862005	5	обереги языческие	BY_GMV	ASCENDING	a0c7f40a-43c4-4e7e-863b-f46239875298	C01	54	2	NULL	NULL	NULL	0	0	RUB	canonical_chunks/product_queries_details_BY_GMV_ASC_C01.tsv
1602722942	1082862005	5	на зеркало подвеска в машину	BY_GMV	ASCENDING	a0c7f40a-43c4-4e7e-863b-f46239875298	C01	55	6	NULL	NULL	NULL	0	0	RUB	canonical_chunks/product_queries_details_BY_GMV_ASC_C01.tsv
1602722942	1082862005	5	авто подвески на зеркало	BY_GMV	ASCENDING	a0c7f40a-43c4-4e7e-863b-f46239875298	C01	56	1	NULL	NULL	NULL	0	0	RUB	canonical_chunks/product_queries_details_BY_GMV_ASC_C01.tsv
1602722942	1082862005	5	валькнут кулон	BY_GMV	ASCENDING	a0c7f40a-43c4-4e7e-863b-f46239875298	C01	57	2	NULL	NULL	NULL	0	0	RUB	canonical_chunks/product_queries_details_BY_GMV_ASC_C01.tsv
1602722942	1082862005	5	оберег с зеркалом	BY_GMV	ASCENDING	a0c7f40a-43c4-4e7e-863b-f46239875298	C01	58	6	NULL	NULL	NULL	0	0	RUB	canonical_chunks/product_queries_details_BY_GMV_ASC_C01.tsv
1602722942	1082862005	5	оберег в машину женский	BY_GMV	ASCENDING	a0c7f40a-43c4-4e7e-863b-f46239875298	C01	59	19	NULL	NULL	NULL	0	0	RUB	canonical_chunks/product_queries_details_BY_GMV_ASC_C01.tsv
1602722942	1082862005	5	зеркало ру	BY_GMV	ASCENDING	a0c7f40a-43c4-4e7e-863b-f46239875298	C01	60	0	NULL	NULL	NULL	0	0	RUB	canonical_chunks/product_queries_details_BY_GMV_ASC_C01.tsv
1629493686	1112665646	9	брелок в машину ауд	BY_GMV	ASCENDING	3192ffe7-5bd2-4ce8-8bd1-3a6c56e57d60	C02	1	1	NULL	NULL	NULL	0	0	RUB	canonical_chunks/product_queries_details_BY_GMV_ASC_C02.tsv
1629493686	1112665646	9	оберег защита для воина	BY_GMV	ASCENDING	3192ffe7-5bd2-4ce8-8bd1-3a6c56e57d60	C02	2	1	NULL	NULL	NULL	0	0	RUB	canonical_chunks/product_queries_details_BY_GMV_ASC_C02.tsv
1629493686	1112665646	9	подвеска в автомобиль на зеркало	BY_GMV	ASCENDING	3192ffe7-5bd2-4ce8-8bd1-3a6c56e57d60	C02	3	325	NULL	NULL	NULL	0	0	RUB	canonical_chunks/product_queries_details_BY_GMV_ASC_C02.tsv
1629493686	1112665646	9	в машину на зеркало подвеска в виде дракона	BY_GMV	ASCENDING	3192ffe7-5bd2-4ce8-8bd1-3a6c56e57d60	C02	4	1	NULL	NULL	NULL	0	0	RUB	canonical_chunks/product_queries_details_BY_GMV_ASC_C02.tsv
1629493686	1112665646	9	на зеркало в машину аксессуары необычные	BY_GMV	ASCENDING	3192ffe7-5bd2-4ce8-8bd1-3a6c56e57d60	C02	5	1	NULL	NULL	NULL	0	0	RUB	canonical_chunks/product_queries_details_BY_GMV_ASC_C02.tsv
1629493686	1112665646	9	висюльки в машину на зеркало череп обезьяна	BY_GMV	ASCENDING	3192ffe7-5bd2-4ce8-8bd1-3a6c56e57d60	C02	6	1	NULL	NULL	NULL	0	0	RUB	canonical_chunks/product_queries_details_BY_GMV_ASC_C02.tsv
1629493686	1112665646	9	деревянный талисман	BY_GMV	ASCENDING	3192ffe7-5bd2-4ce8-8bd1-3a6c56e57d60	C02	7	2	NULL	NULL	NULL	0	0	RUB	canonical_chunks/product_queries_details_BY_GMV_ASC_C02.tsv
1629493686	1112665646	9	украшения я в машину в салон	BY_GMV	ASCENDING	3192ffe7-5bd2-4ce8-8bd1-3a6c56e57d60	C02	8	1	NULL	NULL	NULL	0	0	RUB	canonical_chunks/product_queries_details_BY_GMV_ASC_C02.tsv
1629493686	1112665646	9	в машину подвеска мужская на зеркало	BY_GMV	ASCENDING	3192ffe7-5bd2-4ce8-8bd1-3a6c56e57d60	C02	9	1	NULL	NULL	NULL	0	0	RUB	canonical_chunks/product_queries_details_BY_GMV_ASC_C02.tsv
1629493686	1112665646	9	подвеска на зеркало заднего вида в машину маска бдсм	BY_GMV	ASCENDING	3192ffe7-5bd2-4ce8-8bd1-3a6c56e57d60	C02	10	1	NULL	NULL	NULL	0	0	RUB	canonical_chunks/product_queries_details_BY_GMV_ASC_C02.tsv
1629493686	1112665646	9	оберёг в машину на зеркало	BY_GMV	ASCENDING	3192ffe7-5bd2-4ce8-8bd1-3a6c56e57d60	C02	11	1	NULL	NULL	NULL	0	0	RUB	canonical_chunks/product_queries_details_BY_GMV_ASC_C02.tsv
1629493686	1112665646	9	подвеска оберег глаз в машину	BY_GMV	ASCENDING	3192ffe7-5bd2-4ce8-8bd1-3a6c56e57d60	C02	12	1	NULL	NULL	NULL	0	0	RUB	canonical_chunks/product_queries_details_BY_GMV_ASC_C02.tsv
1629493686	1112665646	9	деревянные украшения в машину	BY_GMV	ASCENDING	3192ffe7-5bd2-4ce8-8bd1-3a6c56e57d60	C02	13	1	NULL	NULL	NULL	0	0	RUB	canonical_chunks/product_queries_details_BY_GMV_ASC_C02.tsv
1629493686	1112665646	9	подвеска в машину на зеркало казахская	BY_GMV	ASCENDING	3192ffe7-5bd2-4ce8-8bd1-3a6c56e57d60	C02	14	1	NULL	NULL	NULL	0	0	RUB	canonical_chunks/product_queries_details_BY_GMV_ASC_C02.tsv
1629493686	1112665646	9	аксессуар в авто на зеркало подвеска	BY_GMV	ASCENDING	3192ffe7-5bd2-4ce8-8bd1-3a6c56e57d60	C02	15	1	NULL	NULL	NULL	0	0	RUB	canonical_chunks/product_queries_details_BY_GMV_ASC_C02.tsv
1629553898	1112723580	10	дракон в авто	BY_GMV	ASCENDING	3192ffe7-5bd2-4ce8-8bd1-3a6c56e57d60	C02	16	1	NULL	NULL	NULL	0	0	RUB	canonical_chunks/product_queries_details_BY_GMV_ASC_C02.tsv
1629553898	1112723580	10	для гадания на песке	BY_GMV	ASCENDING	3192ffe7-5bd2-4ce8-8bd1-3a6c56e57d60	C02	17	1	NULL	NULL	NULL	0	0	RUB	canonical_chunks/product_queries_details_BY_GMV_ASC_C02.tsv
1629553898	1112723580	10	подвеска в машину на зеркало hyundai	BY_GMV	ASCENDING	3192ffe7-5bd2-4ce8-8bd1-3a6c56e57d60	C02	18	1	NULL	NULL	NULL	0	0	RUB	canonical_chunks/product_queries_details_BY_GMV_ASC_C02.tsv
1629553898	1112723580	10	бусы в авто	BY_GMV	ASCENDING	3192ffe7-5bd2-4ce8-8bd1-3a6c56e57d60	C02	19	2	NULL	NULL	NULL	0	0	RUB	canonical_chunks/product_queries_details_BY_GMV_ASC_C02.tsv
1629553898	1112723580	10	подвеска на зеркало в машину прикол	BY_GMV	ASCENDING	3192ffe7-5bd2-4ce8-8bd1-3a6c56e57d60	C02	20	2	NULL	NULL	NULL	0	0	RUB	canonical_chunks/product_queries_details_BY_GMV_ASC_C02.tsv
1629553898	1112723580	10	оберег от сглаза мусульманский в машину	BY_GMV	ASCENDING	3192ffe7-5bd2-4ce8-8bd1-3a6c56e57d60	C02	21	1	NULL	NULL	NULL	0	0	RUB	canonical_chunks/product_queries_details_BY_GMV_ASC_C02.tsv
1629553898	1112723580	10	на четки подвеска	BY_GMV	ASCENDING	3192ffe7-5bd2-4ce8-8bd1-3a6c56e57d60	C02	22	1	NULL	NULL	NULL	0	0	RUB	canonical_chunks/product_queries_details_BY_GMV_ASC_C02.tsv
1629553898	1112723580	10	декоративная подвеска в авто на зеркало	BY_GMV	ASCENDING	3192ffe7-5bd2-4ce8-8bd1-3a6c56e57d60	C02	23	1	NULL	NULL	NULL	0	0	RUB	canonical_chunks/product_queries_details_BY_GMV_ASC_C02.tsv
1629553898	1112723580	10	на зеркало в машину	BY_GMV	ASCENDING	3192ffe7-5bd2-4ce8-8bd1-3a6c56e57d60	C02	24	11	NULL	NULL	NULL	0	0	RUB	canonical_chunks/product_queries_details_BY_GMV_ASC_C02.tsv
1629553898	1112723580	10	#подвеска_в_машину	BY_GMV	ASCENDING	3192ffe7-5bd2-4ce8-8bd1-3a6c56e57d60	C02	25	0	NULL	NULL	NULL	0	0	RUB	canonical_chunks/product_queries_details_BY_GMV_ASC_C02.tsv
1629553898	1112723580	10	подвеска на зеркало мужская в машину	BY_GMV	ASCENDING	3192ffe7-5bd2-4ce8-8bd1-3a6c56e57d60	C02	26	1	NULL	NULL	NULL	0	0	RUB	canonical_chunks/product_queries_details_BY_GMV_ASC_C02.tsv
1629553898	1112723580	10	оберег для воина	BY_GMV	ASCENDING	3192ffe7-5bd2-4ce8-8bd1-3a6c56e57d60	C02	27	3	NULL	NULL	NULL	0	0	RUB	canonical_chunks/product_queries_details_BY_GMV_ASC_C02.tsv
1629553898	1112723580	10	игрушка лиса инь-ян	BY_GMV	ASCENDING	3192ffe7-5bd2-4ce8-8bd1-3a6c56e57d60	C02	28	1	NULL	NULL	NULL	0	0	RUB	canonical_chunks/product_queries_details_BY_GMV_ASC_C02.tsv
1629553898	1112723580	10	дух оберег	BY_GMV	ASCENDING	3192ffe7-5bd2-4ce8-8bd1-3a6c56e57d60	C02	29	1	NULL	NULL	NULL	0	0	RUB	canonical_chunks/product_queries_details_BY_GMV_ASC_C02.tsv
1629553898	1112723580	10	инь ян конверт	BY_GMV	ASCENDING	3192ffe7-5bd2-4ce8-8bd1-3a6c56e57d60	C02	30	0	NULL	NULL	NULL	0	0	RUB	canonical_chunks/product_queries_details_BY_GMV_ASC_C02.tsv
1611695246	1092558299	7	валькнут коврик на пол	BY_GMV	ASCENDING	3192ffe7-5bd2-4ce8-8bd1-3a6c56e57d60	C02	31	1	NULL	NULL	NULL	0	0	RUB	canonical_chunks/product_queries_details_BY_GMV_ASC_C02.tsv
1611695246	1092558299	7	подвеска под зеркало	BY_GMV	ASCENDING	3192ffe7-5bd2-4ce8-8bd1-3a6c56e57d60	C02	32	1	NULL	NULL	NULL	0	0	RUB	canonical_chunks/product_queries_details_BY_GMV_ASC_C02.tsv
1611695246	1092558299	7	оберег в автомобиль	BY_GMV	ASCENDING	3192ffe7-5bd2-4ce8-8bd1-3a6c56e57d60	C02	33	10	NULL	NULL	NULL	0	0	RUB	canonical_chunks/product_queries_details_BY_GMV_ASC_C02.tsv
1611695246	1092558299	7	подвеска узел	BY_GMV	ASCENDING	3192ffe7-5bd2-4ce8-8bd1-3a6c56e57d60	C02	34	9	NULL	NULL	NULL	0	0	RUB	canonical_chunks/product_queries_details_BY_GMV_ASC_C02.tsv
1611695246	1092558299	7	подвески в авто на зеркало	BY_GMV	ASCENDING	3192ffe7-5bd2-4ce8-8bd1-3a6c56e57d60	C02	35	2	NULL	NULL	NULL	0	0	RUB	canonical_chunks/product_queries_details_BY_GMV_ASC_C02.tsv
1611695246	1092558299	7	от сглаза и порчи	BY_GMV	ASCENDING	3192ffe7-5bd2-4ce8-8bd1-3a6c56e57d60	C02	36	8	NULL	NULL	NULL	0	0	RUB	canonical_chunks/product_queries_details_BY_GMV_ASC_C02.tsv
1611695246	1092558299	7	сихлы в машину	BY_GMV	ASCENDING	3192ffe7-5bd2-4ce8-8bd1-3a6c56e57d60	C02	37	1	NULL	NULL	NULL	0	0	RUB	canonical_chunks/product_queries_details_BY_GMV_ASC_C02.tsv
1611695246	1092558299	7	амулет в машину на зеркало с горного алтая	BY_GMV	ASCENDING	3192ffe7-5bd2-4ce8-8bd1-3a6c56e57d60	C02	38	1	NULL	NULL	NULL	0	0	RUB	canonical_chunks/product_queries_details_BY_GMV_ASC_C02.tsv
1611695246	1092558299	7	вольного борца подвеска в машину	BY_GMV	ASCENDING	3192ffe7-5bd2-4ce8-8bd1-3a6c56e57d60	C02	39	1	NULL	NULL	NULL	0	0	RUB	canonical_chunks/product_queries_details_BY_GMV_ASC_C02.tsv
1611695246	1092558299	7	шаманский оберег	BY_GMV	ASCENDING	3192ffe7-5bd2-4ce8-8bd1-3a6c56e57d60	C02	40	5	NULL	NULL	NULL	0	0	RUB	canonical_chunks/product_queries_details_BY_GMV_ASC_C02.tsv
1611695246	1092558299	7	в авто славянские символы в машину	BY_GMV	ASCENDING	3192ffe7-5bd2-4ce8-8bd1-3a6c56e57d60	C02	41	1	NULL	NULL	NULL	0	0	RUB	canonical_chunks/product_queries_details_BY_GMV_ASC_C02.tsv
1611695246	1092558299	7	#обереги	BY_GMV	ASCENDING	3192ffe7-5bd2-4ce8-8bd1-3a6c56e57d60	C02	42	1	NULL	NULL	NULL	0	0	RUB	canonical_chunks/product_queries_details_BY_GMV_ASC_C02.tsv
1611695246	1092558299	7	подвеска в автомобиль стильная	BY_GMV	ASCENDING	3192ffe7-5bd2-4ce8-8bd1-3a6c56e57d60	C02	43	1	NULL	NULL	NULL	0	0	RUB	canonical_chunks/product_queries_details_BY_GMV_ASC_C02.tsv
1611695246	1092558299	7	мусульманская подвеска в машину тюбетейка	BY_GMV	ASCENDING	3192ffe7-5bd2-4ce8-8bd1-3a6c56e57d60	C02	44	1	NULL	NULL	NULL	0	0	RUB	canonical_chunks/product_queries_details_BY_GMV_ASC_C02.tsv
1611695246	1092558299	7	на зеркало в машину талисман	BY_GMV	ASCENDING	3192ffe7-5bd2-4ce8-8bd1-3a6c56e57d60	C02	45	1	NULL	NULL	NULL	0	0	RUB	canonical_chunks/product_queries_details_BY_GMV_ASC_C02.tsv
1630040194	1113288401	12	подвеска в авто оьерег	BY_GMV	ASCENDING	3192ffe7-5bd2-4ce8-8bd1-3a6c56e57d60	C02	46	1	NULL	NULL	NULL	0	0	RUB	canonical_chunks/product_queries_details_BY_GMV_ASC_C02.tsv
1630040194	1113288401	12	аксессуары в машину на зеркало skoda в октаве	BY_GMV	ASCENDING	3192ffe7-5bd2-4ce8-8bd1-3a6c56e57d60	C02	47	1	NULL	NULL	NULL	0	0	RUB	canonical_chunks/product_queries_details_BY_GMV_ASC_C02.tsv
1630040194	1113288401	12	вымпел военная прокуратура в машину на зеркало	BY_GMV	ASCENDING	3192ffe7-5bd2-4ce8-8bd1-3a6c56e57d60	C02	48	1	NULL	NULL	NULL	0	0	RUB	canonical_chunks/product_queries_details_BY_GMV_ASC_C02.tsv
1630040194	1113288401	12	монстры на кан кулах подвеска в машину	BY_GMV	ASCENDING	3192ffe7-5bd2-4ce8-8bd1-3a6c56e57d60	C02	49	1	NULL	NULL	NULL	0	0	RUB	canonical_chunks/product_queries_details_BY_GMV_ASC_C02.tsv
1630040194	1113288401	12	магические четки	BY_GMV	ASCENDING	3192ffe7-5bd2-4ce8-8bd1-3a6c56e57d60	C02	50	1	NULL	NULL	NULL	0	0	RUB	canonical_chunks/product_queries_details_BY_GMV_ASC_C02.tsv
1630040194	1113288401	12	на зеркало подвеска	BY_GMV	ASCENDING	3192ffe7-5bd2-4ce8-8bd1-3a6c56e57d60	C02	51	12	NULL	NULL	NULL	0	0	RUB	canonical_chunks/product_queries_details_BY_GMV_ASC_C02.tsv
1630040194	1113288401	12	брелок восьмерка в машину на зеркало	BY_GMV	ASCENDING	3192ffe7-5bd2-4ce8-8bd1-3a6c56e57d60	C02	52	1	NULL	NULL	NULL	0	0	RUB	canonical_chunks/product_queries_details_BY_GMV_ASC_C02.tsv
1630040194	1113288401	12	славянский оберег подвеска	BY_GMV	ASCENDING	3192ffe7-5bd2-4ce8-8bd1-3a6c56e57d60	C02	53	11	NULL	NULL	NULL	0	0	RUB	canonical_chunks/product_queries_details_BY_GMV_ASC_C02.tsv
1630040194	1113288401	12	fox racing подвеска на зеркало	BY_GMV	ASCENDING	3192ffe7-5bd2-4ce8-8bd1-3a6c56e57d60	C02	54	1	NULL	NULL	NULL	0	0	RUB	canonical_chunks/product_queries_details_BY_GMV_ASC_C02.tsv
1630040194	1113288401	12	амулет оберег	BY_GMV	ASCENDING	3192ffe7-5bd2-4ce8-8bd1-3a6c56e57d60	C02	55	3	NULL	NULL	NULL	0	0	RUB	canonical_chunks/product_queries_details_BY_GMV_ASC_C02.tsv
1630040194	1113288401	12	оберег в машину на зеркало славянский	BY_GMV	ASCENDING	3192ffe7-5bd2-4ce8-8bd1-3a6c56e57d60	C02	56	1	NULL	NULL	NULL	0	0	RUB	canonical_chunks/product_queries_details_BY_GMV_ASC_C02.tsv
1630040194	1113288401	12	славянский оберег из дерева	BY_GMV	ASCENDING	3192ffe7-5bd2-4ce8-8bd1-3a6c56e57d60	C02	57	2	NULL	NULL	NULL	0	0	RUB	canonical_chunks/product_queries_details_BY_GMV_ASC_C02.tsv
1630040194	1113288401	12	зеркало обгона для праворульных машин	BY_GMV	ASCENDING	3192ffe7-5bd2-4ce8-8bd1-3a6c56e57d60	C02	58	2	NULL	NULL	NULL	0	0	RUB	canonical_chunks/product_queries_details_BY_GMV_ASC_C02.tsv
1630040194	1113288401	12	на зеркало в машину подвеска россия	BY_GMV	ASCENDING	3192ffe7-5bd2-4ce8-8bd1-3a6c56e57d60	C02	59	1	NULL	NULL	NULL	0	0	RUB	canonical_chunks/product_queries_details_BY_GMV_ASC_C02.tsv
1630040194	1113288401	12	мелонг зеркало	BY_GMV	ASCENDING	3192ffe7-5bd2-4ce8-8bd1-3a6c56e57d60	C02	60	3	NULL	NULL	NULL	0	0	RUB	canonical_chunks/product_queries_details_BY_GMV_ASC_C02.tsv
1623753672	1106060257	8	доево жизни	BY_GMV	ASCENDING	3192ffe7-5bd2-4ce8-8bd1-3a6c56e57d60	C02	61	1	NULL	NULL	NULL	0	0	RUB	canonical_chunks/product_queries_details_BY_GMV_ASC_C02.tsv
1623753672	1106060257	8	акриловая подвеска в машину.	BY_GMV	ASCENDING	3192ffe7-5bd2-4ce8-8bd1-3a6c56e57d60	C02	62	1	NULL	NULL	NULL	0	0	RUB	canonical_chunks/product_queries_details_BY_GMV_ASC_C02.tsv
1623753672	1106060257	8	автооберег	BY_GMV	ASCENDING	3192ffe7-5bd2-4ce8-8bd1-3a6c56e57d60	C02	63	1	NULL	NULL	NULL	0	0	RUB	canonical_chunks/product_queries_details_BY_GMV_ASC_C02.tsv
1623753672	1106060257	8	руна крест	BY_GMV	ASCENDING	3192ffe7-5bd2-4ce8-8bd1-3a6c56e57d60	C02	64	1	NULL	NULL	NULL	0	0	RUB	canonical_chunks/product_queries_details_BY_GMV_ASC_C02.tsv
1623753672	1106060257	8	в машине на зеркало подвеска	BY_GMV	ASCENDING	3192ffe7-5bd2-4ce8-8bd1-3a6c56e57d60	C02	65	1	NULL	NULL	NULL	0	0	RUB	canonical_chunks/product_queries_details_BY_GMV_ASC_C02.tsv
1623753672	1106060257	8	талисман на любовь	BY_GMV	ASCENDING	3192ffe7-5bd2-4ce8-8bd1-3a6c56e57d60	C02	66	8	NULL	NULL	NULL	0	0	RUB	canonical_chunks/product_queries_details_BY_GMV_ASC_C02.tsv
1623753672	1106060257	8	амулет медведь на веревке	BY_GMV	ASCENDING	3192ffe7-5bd2-4ce8-8bd1-3a6c56e57d60	C02	67	1	NULL	NULL	NULL	0	0	RUB	canonical_chunks/product_queries_details_BY_GMV_ASC_C02.tsv
1623753672	1106060257	8	валькнут амулет	BY_GMV	ASCENDING	3192ffe7-5bd2-4ce8-8bd1-3a6c56e57d60	C02	68	2	NULL	NULL	NULL	0	0	RUB	canonical_chunks/product_queries_details_BY_GMV_ASC_C02.tsv
1623753672	1106060257	8	зеркальная защита рунами	BY_GMV	ASCENDING	3192ffe7-5bd2-4ce8-8bd1-3a6c56e57d60	C02	69	1	NULL	NULL	NULL	0	0	RUB	canonical_chunks/product_queries_details_BY_GMV_ASC_C02.tsv
1623753672	1106060257	8	подвеска в авто бусины	BY_GMV	ASCENDING	3192ffe7-5bd2-4ce8-8bd1-3a6c56e57d60	C02	70	2	NULL	NULL	NULL	0	0	RUB	canonical_chunks/product_queries_details_BY_GMV_ASC_C02.tsv
1623753672	1106060257	8	чётки и крест	BY_GMV	ASCENDING	3192ffe7-5bd2-4ce8-8bd1-3a6c56e57d60	C02	71	1	NULL	NULL	NULL	0	0	RUB	canonical_chunks/product_queries_details_BY_GMV_ASC_C02.tsv
1623753672	1106060257	8	зеркало магическое подвеска	BY_GMV	ASCENDING	3192ffe7-5bd2-4ce8-8bd1-3a6c56e57d60	C02	72	1	NULL	NULL	NULL	0	0	RUB	canonical_chunks/product_queries_details_BY_GMV_ASC_C02.tsv
1623753672	1106060257	8	зеркала на машину универсальные	BY_GMV	ASCENDING	3192ffe7-5bd2-4ce8-8bd1-3a6c56e57d60	C02	73	2	NULL	NULL	NULL	0	0	RUB	canonical_chunks/product_queries_details_BY_GMV_ASC_C02.tsv
1623753672	1106060257	8	доллар деревянный в машину подвеска на зеркало	BY_GMV	ASCENDING	3192ffe7-5bd2-4ce8-8bd1-3a6c56e57d60	C02	74	1	NULL	NULL	NULL	0	0	RUB	canonical_chunks/product_queries_details_BY_GMV_ASC_C02.tsv
1623753672	1106060257	8	деревянные обереги	BY_GMV	ASCENDING	3192ffe7-5bd2-4ce8-8bd1-3a6c56e57d60	C02	75	5	NULL	NULL	NULL	0	0	RUB	canonical_chunks/product_queries_details_BY_GMV_ASC_C02.tsv
1630033296	1113280875	11	подвеска на зеркало авто валенки	BY_GMV	ASCENDING	3192ffe7-5bd2-4ce8-8bd1-3a6c56e57d60	C02	76	1	NULL	NULL	NULL	0	0	RUB	canonical_chunks/product_queries_details_BY_GMV_ASC_C02.tsv
1630033296	1113280875	11	подвеска в машину на зеркало а	BY_GMV	ASCENDING	3192ffe7-5bd2-4ce8-8bd1-3a6c56e57d60	C02	77	0	NULL	NULL	NULL	0	0	RUB	canonical_chunks/product_queries_details_BY_GMV_ASC_C02.tsv
1630033296	1113280875	11	чернобог подвеска серебро	BY_GMV	ASCENDING	3192ffe7-5bd2-4ce8-8bd1-3a6c56e57d60	C02	78	1	NULL	NULL	NULL	0	0	RUB	canonical_chunks/product_queries_details_BY_GMV_ASC_C02.tsv
1630033296	1113280875	11	кольцо чернобога	BY_GMV	ASCENDING	3192ffe7-5bd2-4ce8-8bd1-3a6c56e57d60	C02	79	1	NULL	NULL	NULL	0	0	RUB	canonical_chunks/product_queries_details_BY_GMV_ASC_C02.tsv
1630033296	1113280875	11	подвеска на шею чернобог	BY_GMV	ASCENDING	3192ffe7-5bd2-4ce8-8bd1-3a6c56e57d60	C02	80	1	NULL	NULL	NULL	0	0	RUB	canonical_chunks/product_queries_details_BY_GMV_ASC_C02.tsv
1630033296	1113280875	11	брелок мчс на зеркало в машине	BY_GMV	ASCENDING	3192ffe7-5bd2-4ce8-8bd1-3a6c56e57d60	C02	81	1	NULL	NULL	NULL	0	0	RUB	canonical_chunks/product_queries_details_BY_GMV_ASC_C02.tsv
1630033296	1113280875	11	здравник славянский оберег	BY_GMV	ASCENDING	3192ffe7-5bd2-4ce8-8bd1-3a6c56e57d60	C02	82	1	NULL	NULL	NULL	0	0	RUB	canonical_chunks/product_queries_details_BY_GMV_ASC_C02.tsv
1630033296	1113280875	11	бусины руны	BY_GMV	ASCENDING	3192ffe7-5bd2-4ce8-8bd1-3a6c56e57d60	C02	83	6	NULL	NULL	NULL	0	0	RUB	canonical_chunks/product_queries_details_BY_GMV_ASC_C02.tsv
1630033296	1113280875	11	оберег в машину под вышивку	BY_GMV	ASCENDING	3192ffe7-5bd2-4ce8-8bd1-3a6c56e57d60	C02	84	1	NULL	NULL	NULL	0	0	RUB	canonical_chunks/product_queries_details_BY_GMV_ASC_C02.tsv
1630033296	1113280875	11	зеркальная защита рунами	BY_GMV	ASCENDING	3192ffe7-5bd2-4ce8-8bd1-3a6c56e57d60	C02	85	1	NULL	NULL	NULL	0	0	RUB	canonical_chunks/product_queries_details_BY_GMV_ASC_C02.tsv
1630033296	1113280875	11	подвеска в авто бусины	BY_GMV	ASCENDING	3192ffe7-5bd2-4ce8-8bd1-3a6c56e57d60	C02	86	1	NULL	NULL	NULL	0	0	RUB	canonical_chunks/product_queries_details_BY_GMV_ASC_C02.tsv
1630033296	1113280875	11	брошь с славянским оберегом женская	BY_GMV	ASCENDING	3192ffe7-5bd2-4ce8-8bd1-3a6c56e57d60	C02	87	1	NULL	NULL	NULL	0	0	RUB	canonical_chunks/product_queries_details_BY_GMV_ASC_C02.tsv
1630033296	1113280875	11	руны амулет защита	BY_GMV	ASCENDING	3192ffe7-5bd2-4ce8-8bd1-3a6c56e57d60	C02	88	1	NULL	NULL	NULL	0	0	RUB	canonical_chunks/product_queries_details_BY_GMV_ASC_C02.tsv
1630033296	1113280875	11	в машину подвеска на зеркало мужская	BY_GMV	ASCENDING	3192ffe7-5bd2-4ce8-8bd1-3a6c56e57d60	C02	89	1	NULL	NULL	NULL	0	0	RUB	canonical_chunks/product_queries_details_BY_GMV_ASC_C02.tsv
1630033296	1113280875	11	в славянском стиле для	BY_GMV	ASCENDING	3192ffe7-5bd2-4ce8-8bd1-3a6c56e57d60	C02	90	1	NULL	NULL	NULL	0	0	RUB	canonical_chunks/product_queries_details_BY_GMV_ASC_C02.tsv
1640276582	1124691132	17	подвеска славянская	BY_GMV	ASCENDING	c4528d64-e854-4430-8a0f-4d9e068e8380	C03	1	4	NULL	NULL	NULL	0	0	RUB	canonical_chunks/product_queries_details_BY_GMV_ASC_C03.tsv
1640276582	1124691132	17	подвеска на удачу	BY_GMV	ASCENDING	c4528d64-e854-4430-8a0f-4d9e068e8380	C03	2	1	NULL	NULL	NULL	0	0	RUB	canonical_chunks/product_queries_details_BY_GMV_ASC_C03.tsv
1640276582	1124691132	17	бусины акриловые от сглаза 12мм	BY_GMV	ASCENDING	c4528d64-e854-4430-8a0f-4d9e068e8380	C03	3	1	NULL	NULL	NULL	0	0	RUB	canonical_chunks/product_queries_details_BY_GMV_ASC_C03.tsv
1640276582	1124691132	17	оберег автомобильный	BY_GMV	ASCENDING	c4528d64-e854-4430-8a0f-4d9e068e8380	C03	4	2	NULL	NULL	NULL	0	0	RUB	canonical_chunks/product_queries_details_BY_GMV_ASC_C03.tsv
1640276582	1124691132	17	зеркало шамана	BY_GMV	ASCENDING	c4528d64-e854-4430-8a0f-4d9e068e8380	C03	5	3	NULL	NULL	NULL	0	0	RUB	canonical_chunks/product_queries_details_BY_GMV_ASC_C03.tsv
1640276582	1124691132	17	на присоске в машину жезл оберег	BY_GMV	ASCENDING	c4528d64-e854-4430-8a0f-4d9e068e8380	C03	6	1	NULL	NULL	NULL	0	0	RUB	canonical_chunks/product_queries_details_BY_GMV_ASC_C03.tsv
1640276582	1124691132	17	бусины символ дерева 8 мм	BY_GMV	ASCENDING	c4528d64-e854-4430-8a0f-4d9e068e8380	C03	7	1	NULL	NULL	NULL	0	0	RUB	canonical_chunks/product_queries_details_BY_GMV_ASC_C03.tsv
1640276582	1124691132	17	бусины акриловые народные	BY_GMV	ASCENDING	c4528d64-e854-4430-8a0f-4d9e068e8380	C03	8	1	NULL	NULL	NULL	0	0	RUB	canonical_chunks/product_queries_details_BY_GMV_ASC_C03.tsv
1640276582	1124691132	17	зеркальные обереги	BY_GMV	ASCENDING	c4528d64-e854-4430-8a0f-4d9e068e8380	C03	9	1	NULL	NULL	NULL	0	0	RUB	canonical_chunks/product_queries_details_BY_GMV_ASC_C03.tsv
1640276582	1124691132	17	брелок на авто славянская на зеркало	BY_GMV	ASCENDING	c4528d64-e854-4430-8a0f-4d9e068e8380	C03	10	1	NULL	NULL	NULL	0	0	RUB	canonical_chunks/product_queries_details_BY_GMV_ASC_C03.tsv
1640276582	1124691132	17	стильная подвеска в машину на зеркало	BY_GMV	ASCENDING	c4528d64-e854-4430-8a0f-4d9e068e8380	C03	11	1	NULL	NULL	NULL	0	0	RUB	canonical_chunks/product_queries_details_BY_GMV_ASC_C03.tsv
1640276582	1124691132	17	викинские амулет	BY_GMV	ASCENDING	c4528d64-e854-4430-8a0f-4d9e068e8380	C03	12	1	NULL	NULL	NULL	0	0	RUB	canonical_chunks/product_queries_details_BY_GMV_ASC_C03.tsv
1640276582	1124691132	17	западные славянские обереги	BY_GMV	ASCENDING	c4528d64-e854-4430-8a0f-4d9e068e8380	C03	13	1	NULL	NULL	NULL	0	0	RUB	canonical_chunks/product_queries_details_BY_GMV_ASC_C03.tsv
1640276582	1124691132	17	на зеркало украшение в машину	BY_GMV	ASCENDING	c4528d64-e854-4430-8a0f-4d9e068e8380	C03	14	1	NULL	NULL	NULL	0	0	RUB	canonical_chunks/product_queries_details_BY_GMV_ASC_C03.tsv
1640276582	1124691132	17	кулоны обереги	BY_GMV	ASCENDING	c4528d64-e854-4430-8a0f-4d9e068e8380	C03	15	1	NULL	NULL	NULL	0	0	RUB	canonical_chunks/product_queries_details_BY_GMV_ASC_C03.tsv
1636048691	1119965443	14	оберег для дома от сглаза и порчи	BY_GMV	ASCENDING	c4528d64-e854-4430-8a0f-4d9e068e8380	C03	16	243	NULL	NULL	NULL	0	0	RUB	canonical_chunks/product_queries_details_BY_GMV_ASC_C03.tsv
1636048691	1119965443	14	печать велеса серебро	BY_GMV	ASCENDING	c4528d64-e854-4430-8a0f-4d9e068e8380	C03	17	41	NULL	NULL	NULL	0	0	RUB	canonical_chunks/product_queries_details_BY_GMV_ASC_C03.tsv
1636048691	1119965443	14	в машину подвеска	BY_GMV	ASCENDING	c4528d64-e854-4430-8a0f-4d9e068e8380	C03	18	73	NULL	NULL	NULL	0	0	RUB	canonical_chunks/product_queries_details_BY_GMV_ASC_C03.tsv
1636048691	1119965443	14	амулет зеркало	BY_GMV	ASCENDING	c4528d64-e854-4430-8a0f-4d9e068e8380	C03	19	5	NULL	NULL	NULL	0	0	RUB	canonical_chunks/product_queries_details_BY_GMV_ASC_C03.tsv
1636048691	1119965443	14	оберег от сглаза и порчи	BY_GMV	ASCENDING	c4528d64-e854-4430-8a0f-4d9e068e8380	C03	20	2126	NULL	NULL	NULL	0	0	RUB	canonical_chunks/product_queries_details_BY_GMV_ASC_C03.tsv
1636048691	1119965443	14	славянский оберег	BY_GMV	ASCENDING	c4528d64-e854-4430-8a0f-4d9e068e8380	C03	21	608	NULL	NULL	NULL	0	0	RUB	canonical_chunks/product_queries_details_BY_GMV_ASC_C03.tsv
1636048691	1119965443	14	велес подвеска	BY_GMV	ASCENDING	c4528d64-e854-4430-8a0f-4d9e068e8380	C03	22	20	NULL	NULL	NULL	0	0	RUB	canonical_chunks/product_queries_details_BY_GMV_ASC_C03.tsv
1636048691	1119965443	14	оберег славянский женский	BY_GMV	ASCENDING	c4528d64-e854-4430-8a0f-4d9e068e8380	C03	23	7	NULL	NULL	NULL	0	0	RUB	canonical_chunks/product_queries_details_BY_GMV_ASC_C03.tsv
1636048691	1119965443	14	славянские	BY_GMV	ASCENDING	c4528d64-e854-4430-8a0f-4d9e068e8380	C03	24	175	NULL	NULL	NULL	0	0	RUB	canonical_chunks/product_queries_details_BY_GMV_ASC_C03.tsv
1636048691	1119965443	14	талисманы	BY_GMV	ASCENDING	c4528d64-e854-4430-8a0f-4d9e068e8380	C03	25	23	NULL	NULL	NULL	0	0	RUB	canonical_chunks/product_queries_details_BY_GMV_ASC_C03.tsv
1636048691	1119965443	14	от сглаза оберег	BY_GMV	ASCENDING	c4528d64-e854-4430-8a0f-4d9e068e8380	C03	26	375	NULL	NULL	NULL	0	0	RUB	canonical_chunks/product_queries_details_BY_GMV_ASC_C03.tsv
1636048691	1119965443	14	руны славянские	BY_GMV	ASCENDING	c4528d64-e854-4430-8a0f-4d9e068e8380	C03	27	344	NULL	NULL	NULL	0	0	RUB	canonical_chunks/product_queries_details_BY_GMV_ASC_C03.tsv
1636048691	1119965443	14	славянские обереги для мужчин	BY_GMV	ASCENDING	c4528d64-e854-4430-8a0f-4d9e068e8380	C03	28	10	NULL	NULL	NULL	0	0	RUB	canonical_chunks/product_queries_details_BY_GMV_ASC_C03.tsv
1636048691	1119965443	14	подвеска руна	BY_GMV	ASCENDING	c4528d64-e854-4430-8a0f-4d9e068e8380	C03	29	54	NULL	NULL	NULL	0	0	RUB	canonical_chunks/product_queries_details_BY_GMV_ASC_C03.tsv
1636048691	1119965443	14	оберег в автомобиль	BY_GMV	ASCENDING	c4528d64-e854-4430-8a0f-4d9e068e8380	C03	30	39	NULL	NULL	NULL	0	0	RUB	canonical_chunks/product_queries_details_BY_GMV_ASC_C03.tsv
1640264403	1124673031	16	перуница оберег	BY_GMV	ASCENDING	c4528d64-e854-4430-8a0f-4d9e068e8380	C03	31	6	NULL	NULL	NULL	0	0	RUB	canonical_chunks/product_queries_details_BY_GMV_ASC_C03.tsv
1640264403	1124673031	16	славянские украшения	BY_GMV	ASCENDING	c4528d64-e854-4430-8a0f-4d9e068e8380	C03	32	161	NULL	NULL	NULL	0	0	RUB	canonical_chunks/product_queries_details_BY_GMV_ASC_C03.tsv
1640264403	1124673031	16	амулет бога перун	BY_GMV	ASCENDING	c4528d64-e854-4430-8a0f-4d9e068e8380	C03	33	1	NULL	NULL	NULL	0	0	RUB	canonical_chunks/product_queries_details_BY_GMV_ASC_C03.tsv
1640264403	1124673031	16	четки в машину на зеркало,	BY_GMV	ASCENDING	c4528d64-e854-4430-8a0f-4d9e068e8380	C03	34	1	NULL	NULL	NULL	0	0	RUB	canonical_chunks/product_queries_details_BY_GMV_ASC_C03.tsv
1640264403	1124673031	16	оберег в машину славянский на деньги	BY_GMV	ASCENDING	c4528d64-e854-4430-8a0f-4d9e068e8380	C03	35	1	NULL	NULL	NULL	0	0	RUB	canonical_chunks/product_queries_details_BY_GMV_ASC_C03.tsv
1640264403	1124673031	16	дополнительные зеркала на учебную машину	BY_GMV	ASCENDING	c4528d64-e854-4430-8a0f-4d9e068e8380	C03	36	1	NULL	NULL	NULL	0	0	RUB	canonical_chunks/product_queries_details_BY_GMV_ASC_C03.tsv
1640264403	1124673031	16	четки оберег	BY_GMV	ASCENDING	c4528d64-e854-4430-8a0f-4d9e068e8380	C03	37	1	NULL	NULL	NULL	0	0	RUB	canonical_chunks/product_queries_details_BY_GMV_ASC_C03.tsv
1640264403	1124673031	16	блестящий брелок в машину на зеркало ведьмочка	BY_GMV	ASCENDING	c4528d64-e854-4430-8a0f-4d9e068e8380	C03	38	1	NULL	NULL	NULL	0	0	RUB	canonical_chunks/product_queries_details_BY_GMV_ASC_C03.tsv
1640264403	1124673031	16	висюльки в машину на зеркало череп обезьяна	BY_GMV	ASCENDING	c4528d64-e854-4430-8a0f-4d9e068e8380	C03	39	1	NULL	NULL	NULL	0	0	RUB	canonical_chunks/product_queries_details_BY_GMV_ASC_C03.tsv
1640264403	1124673031	16	подвеска на зеркало в машину купола	BY_GMV	ASCENDING	c4528d64-e854-4430-8a0f-4d9e068e8380	C03	40	1	NULL	NULL	NULL	0	0	RUB	canonical_chunks/product_queries_details_BY_GMV_ASC_C03.tsv
1640264403	1124673031	16	о.берег в машину	BY_GMV	ASCENDING	c4528d64-e854-4430-8a0f-4d9e068e8380	C03	41	1	NULL	NULL	NULL	0	0	RUB	canonical_chunks/product_queries_details_BY_GMV_ASC_C03.tsv
1640264403	1124673031	16	подвеска в виде бесконечности	BY_GMV	ASCENDING	c4528d64-e854-4430-8a0f-4d9e068e8380	C03	42	1	NULL	NULL	NULL	0	0	RUB	canonical_chunks/product_queries_details_BY_GMV_ASC_C03.tsv
1640264403	1124673031	16	талисман в машину	BY_GMV	ASCENDING	c4528d64-e854-4430-8a0f-4d9e068e8380	C03	43	28	NULL	NULL	NULL	0	0	RUB	canonical_chunks/product_queries_details_BY_GMV_ASC_C03.tsv
1640264403	1124673031	16	подвеска на зеркало авто валенки	BY_GMV	ASCENDING	c4528d64-e854-4430-8a0f-4d9e068e8380	C03	44	1	NULL	NULL	NULL	0	0	RUB	canonical_chunks/product_queries_details_BY_GMV_ASC_C03.tsv
1640264403	1124673031	16	славянская подвеска оберег	BY_GMV	ASCENDING	c4528d64-e854-4430-8a0f-4d9e068e8380	C03	45	1	NULL	NULL	NULL	0	0	RUB	canonical_chunks/product_queries_details_BY_GMV_ASC_C03.tsv
1636041142	1119957837	13	велес оберег волк	BY_GMV	ASCENDING	c4528d64-e854-4430-8a0f-4d9e068e8380	C03	46	1	NULL	NULL	NULL	0	0	RUB	canonical_chunks/product_queries_details_BY_GMV_ASC_C03.tsv
1636041142	1119957837	13	брелок сабвуфер альфард в машину на зеркало	BY_GMV	ASCENDING	c4528d64-e854-4430-8a0f-4d9e068e8380	C03	47	1	NULL	NULL	NULL	0	0	RUB	canonical_chunks/product_queries_details_BY_GMV_ASC_C03.tsv
1636041142	1119957837	13	оберег от сглаза и порчи	BY_GMV	ASCENDING	c4528d64-e854-4430-8a0f-4d9e068e8380	C03	48	74	NULL	NULL	NULL	0	0	RUB	canonical_chunks/product_queries_details_BY_GMV_ASC_C03.tsv
1636041142	1119957837	13	женский оберег славянский	BY_GMV	ASCENDING	c4528d64-e854-4430-8a0f-4d9e068e8380	C03	49	1	NULL	NULL	NULL	0	0	RUB	canonical_chunks/product_queries_details_BY_GMV_ASC_C03.tsv
1636041142	1119957837	13	амулет бога	BY_GMV	ASCENDING	c4528d64-e854-4430-8a0f-4d9e068e8380	C03	50	4	NULL	NULL	NULL	0	0	RUB	canonical_chunks/product_queries_details_BY_GMV_ASC_C03.tsv
1636041142	1119957837	13	всё для славянских чёток	BY_GMV	ASCENDING	c4528d64-e854-4430-8a0f-4d9e068e8380	C03	51	1	NULL	NULL	NULL	0	0	RUB	canonical_chunks/product_queries_details_BY_GMV_ASC_C03.tsv
1636041142	1119957837	13	славянский оберег для мужчин	BY_GMV	ASCENDING	c4528d64-e854-4430-8a0f-4d9e068e8380	C03	52	6	NULL	NULL	NULL	0	0	RUB	canonical_chunks/product_queries_details_BY_GMV_ASC_C03.tsv
1636041142	1119957837	13	аксессуары в машину на зеркало перчатки кимано	BY_GMV	ASCENDING	c4528d64-e854-4430-8a0f-4d9e068e8380	C03	53	1	NULL	NULL	NULL	0	0	RUB	canonical_chunks/product_queries_details_BY_GMV_ASC_C03.tsv
1636041142	1119957837	13	оберег дерево	BY_GMV	ASCENDING	c4528d64-e854-4430-8a0f-4d9e068e8380	C03	54	2	NULL	NULL	NULL	0	0	RUB	canonical_chunks/product_queries_details_BY_GMV_ASC_C03.tsv
1636041142	1119957837	13	славянские четки	BY_GMV	ASCENDING	c4528d64-e854-4430-8a0f-4d9e068e8380	C03	55	4	NULL	NULL	NULL	0	0	RUB	canonical_chunks/product_queries_details_BY_GMV_ASC_C03.tsv
1636041142	1119957837	13	на зеркало авто подвеска	BY_GMV	ASCENDING	c4528d64-e854-4430-8a0f-4d9e068e8380	C03	56	5	NULL	NULL	NULL	0	0	RUB	canonical_chunks/product_queries_details_BY_GMV_ASC_C03.tsv
1636041142	1119957837	13	армянский барабан на машину подвеска	BY_GMV	ASCENDING	c4528d64-e854-4430-8a0f-4d9e068e8380	C03	57	1	NULL	NULL	NULL	0	0	RUB	canonical_chunks/product_queries_details_BY_GMV_ASC_C03.tsv
1636041142	1119957837	13	амулет велеса браслет	BY_GMV	ASCENDING	c4528d64-e854-4430-8a0f-4d9e068e8380	C03	58	1	NULL	NULL	NULL	0	0	RUB	canonical_chunks/product_queries_details_BY_GMV_ASC_C03.tsv
1636041142	1119957837	13	амулет с зеркалом подвеска	BY_GMV	ASCENDING	c4528d64-e854-4430-8a0f-4d9e068e8380	C03	59	1	NULL	NULL	NULL	0	0	RUB	canonical_chunks/product_queries_details_BY_GMV_ASC_C03.tsv
1636041142	1119957837	13	оберег славянский женский	BY_GMV	ASCENDING	c4528d64-e854-4430-8a0f-4d9e068e8380	C03	60	12	NULL	NULL	NULL	0	0	RUB	canonical_chunks/product_queries_details_BY_GMV_ASC_C03.tsv
1640251697	1124658338	15	алатырь агат	BY_GMV	ASCENDING	c4528d64-e854-4430-8a0f-4d9e068e8380	C03	61	1	NULL	NULL	NULL	0	0	RUB	canonical_chunks/product_queries_details_BY_GMV_ASC_C03.tsv
1640251697	1124658338	15	эзотерика украшения	BY_GMV	ASCENDING	c4528d64-e854-4430-8a0f-4d9e068e8380	C03	62	3	NULL	NULL	NULL	0	0	RUB	canonical_chunks/product_queries_details_BY_GMV_ASC_C03.tsv
1640251697	1124658338	15	алатырь амулет мужской	BY_GMV	ASCENDING	c4528d64-e854-4430-8a0f-4d9e068e8380	C03	63	1	NULL	NULL	NULL	0	0	RUB	canonical_chunks/product_queries_details_BY_GMV_ASC_C03.tsv
1640251697	1124658338	15	крестик деревянный в машину	BY_GMV	ASCENDING	c4528d64-e854-4430-8a0f-4d9e068e8380	C03	64	2	NULL	NULL	NULL	0	0	RUB	canonical_chunks/product_queries_details_BY_GMV_ASC_C03.tsv
1640251697	1124658338	15	авто подвеска на зеркало	BY_GMV	ASCENDING	c4528d64-e854-4430-8a0f-4d9e068e8380	C03	65	2	NULL	NULL	NULL	0	0	RUB	canonical_chunks/product_queries_details_BY_GMV_ASC_C03.tsv
1640251697	1124658338	15	подвеска на зеркало для автомобиля	BY_GMV	ASCENDING	c4528d64-e854-4430-8a0f-4d9e068e8380	C03	66	2	NULL	NULL	NULL	0	0	RUB	canonical_chunks/product_queries_details_BY_GMV_ASC_C03.tsv
1640251697	1124658338	15	подвеска мужская оберег	BY_GMV	ASCENDING	c4528d64-e854-4430-8a0f-4d9e068e8380	C03	67	2	NULL	NULL	NULL	0	0	RUB	canonical_chunks/product_queries_details_BY_GMV_ASC_C03.tsv
1640251697	1124658338	15	сварочник сварог	BY_GMV	ASCENDING	c4528d64-e854-4430-8a0f-4d9e068e8380	C03	68	3	NULL	NULL	NULL	0	0	RUB	canonical_chunks/product_queries_details_BY_GMV_ASC_C03.tsv
1640251697	1124658338	15	акриловые крест	BY_GMV	ASCENDING	c4528d64-e854-4430-8a0f-4d9e068e8380	C03	69	1	NULL	NULL	NULL	0	0	RUB	canonical_chunks/product_queries_details_BY_GMV_ASC_C03.tsv
1640251697	1124658338	15	алатырь закладка	BY_GMV	ASCENDING	c4528d64-e854-4430-8a0f-4d9e068e8380	C03	70	2	NULL	NULL	NULL	0	0	RUB	canonical_chunks/product_queries_details_BY_GMV_ASC_C03.tsv
1640251697	1124658338	15	эзотерика	BY_GMV	ASCENDING	c4528d64-e854-4430-8a0f-4d9e068e8380	C03	71	75	NULL	NULL	NULL	0	0	RUB	canonical_chunks/product_queries_details_BY_GMV_ASC_C03.tsv
1640251697	1124658338	15	зеркало с подвеской	BY_GMV	ASCENDING	c4528d64-e854-4430-8a0f-4d9e068e8380	C03	72	4	NULL	NULL	NULL	0	0	RUB	canonical_chunks/product_queries_details_BY_GMV_ASC_C03.tsv
1640251697	1124658338	15	#славянские_обереги	BY_GMV	ASCENDING	c4528d64-e854-4430-8a0f-4d9e068e8380	C03	73	0	NULL	NULL	NULL	0	0	RUB	canonical_chunks/product_queries_details_BY_GMV_ASC_C03.tsv
1640251697	1124658338	15	славянские обереги мужские на шею	BY_GMV	ASCENDING	c4528d64-e854-4430-8a0f-4d9e068e8380	C03	74	23	NULL	NULL	NULL	0	0	RUB	canonical_chunks/product_queries_details_BY_GMV_ASC_C03.tsv
1640251697	1124658338	15	абирег в машину	BY_GMV	ASCENDING	c4528d64-e854-4430-8a0f-4d9e068e8380	C03	75	2	NULL	NULL	NULL	0	0	RUB	canonical_chunks/product_queries_details_BY_GMV_ASC_C03.tsv
1640306007	1124725450	18	цепочка славянская	BY_GMV	ASCENDING	c4528d64-e854-4430-8a0f-4d9e068e8380	C03	76	3	NULL	NULL	NULL	0	0	RUB	canonical_chunks/product_queries_details_BY_GMV_ASC_C03.tsv
1640306007	1124725450	18	коловрат славянский	BY_GMV	ASCENDING	c4528d64-e854-4430-8a0f-4d9e068e8380	C03	77	2	NULL	NULL	NULL	0	0	RUB	canonical_chunks/product_queries_details_BY_GMV_ASC_C03.tsv
1640306007	1124725450	18	оберег воздуха славянский	BY_GMV	ASCENDING	c4528d64-e854-4430-8a0f-4d9e068e8380	C03	78	1	NULL	NULL	NULL	0	0	RUB	canonical_chunks/product_queries_details_BY_GMV_ASC_C03.tsv
1640306007	1124725450	18	амулеты обереги и талисманы дерево	BY_GMV	ASCENDING	c4528d64-e854-4430-8a0f-4d9e068e8380	C03	79	1	NULL	NULL	NULL	0	0	RUB	canonical_chunks/product_queries_details_BY_GMV_ASC_C03.tsv
1640306007	1124725450	18	крест славян	BY_GMV	ASCENDING	c4528d64-e854-4430-8a0f-4d9e068e8380	C03	80	1	NULL	NULL	NULL	0	0	RUB	canonical_chunks/product_queries_details_BY_GMV_ASC_C03.tsv
1640306007	1124725450	18	в машину подвестка на зеркало красивая	BY_GMV	ASCENDING	c4528d64-e854-4430-8a0f-4d9e068e8380	C03	81	1	NULL	NULL	NULL	0	0	RUB	canonical_chunks/product_queries_details_BY_GMV_ASC_C03.tsv
1640306007	1124725450	18	славянский оберег подвеска	BY_GMV	ASCENDING	c4528d64-e854-4430-8a0f-4d9e068e8380	C03	82	2	NULL	NULL	NULL	0	0	RUB	canonical_chunks/product_queries_details_BY_GMV_ASC_C03.tsv
1640306007	1124725450	18	крестик в машину на зеркало освященный дивеево	BY_GMV	ASCENDING	c4528d64-e854-4430-8a0f-4d9e068e8380	C03	83	1	NULL	NULL	NULL	0	0	RUB	canonical_chunks/product_queries_details_BY_GMV_ASC_C03.tsv
1640306007	1124725450	18	славянский оберег из дерева	BY_GMV	ASCENDING	c4528d64-e854-4430-8a0f-4d9e068e8380	C03	84	2	NULL	NULL	NULL	0	0	RUB	canonical_chunks/product_queries_details_BY_GMV_ASC_C03.tsv
1640306007	1124725450	18	оберег в машину на руль	BY_GMV	ASCENDING	c4528d64-e854-4430-8a0f-4d9e068e8380	C03	85	1	NULL	NULL	NULL	0	0	RUB	canonical_chunks/product_queries_details_BY_GMV_ASC_C03.tsv
1640306007	1124725450	18	нательные славянские обереги лось	BY_GMV	ASCENDING	c4528d64-e854-4430-8a0f-4d9e068e8380	C03	86	1	NULL	NULL	NULL	0	0	RUB	canonical_chunks/product_queries_details_BY_GMV_ASC_C03.tsv
1640306007	1124725450	18	висюлька на зеркало в машину ароматизатор мазда	BY_GMV	ASCENDING	c4528d64-e854-4430-8a0f-4d9e068e8380	C03	87	1	NULL	NULL	NULL	0	0	RUB	canonical_chunks/product_queries_details_BY_GMV_ASC_C03.tsv
1640306007	1124725450	18	бусины акрил с рунами	BY_GMV	ASCENDING	c4528d64-e854-4430-8a0f-4d9e068e8380	C03	88	1	NULL	NULL	NULL	0	0	RUB	canonical_chunks/product_queries_details_BY_GMV_ASC_C03.tsv
1640306007	1124725450	18	амулет от сглаза в машину на зеркало	BY_GMV	ASCENDING	c4528d64-e854-4430-8a0f-4d9e068e8380	C03	89	1	NULL	NULL	NULL	0	0	RUB	canonical_chunks/product_queries_details_BY_GMV_ASC_C03.tsv
1640306007	1124725450	18	брелок в машину для девушки на зеркало	BY_GMV	ASCENDING	c4528d64-e854-4430-8a0f-4d9e068e8380	C03	90	1	NULL	NULL	NULL	0	0	RUB	canonical_chunks/product_queries_details_BY_GMV_ASC_C03.tsv
1640334195	1124761013	22	автомобиля подвеска в зеркало	BY_GMV	ASCENDING	f20d0a22-c8d9-497c-816d-19ecd377dcd3	C04	1	1	NULL	NULL	NULL	0	0	RUB	canonical_chunks/product_queries_details_BY_GMV_ASC_C04.tsv
1640334195	1124761013	22	подвеска для машины перчатка написанными ufc	BY_GMV	ASCENDING	f20d0a22-c8d9-497c-816d-19ecd377dcd3	C04	2	1	NULL	NULL	NULL	0	0	RUB	canonical_chunks/product_queries_details_BY_GMV_ASC_C04.tsv
1640334195	1124761013	22	четки талисман	BY_GMV	ASCENDING	f20d0a22-c8d9-497c-816d-19ecd377dcd3	C04	3	1	NULL	NULL	NULL	0	0	RUB	canonical_chunks/product_queries_details_BY_GMV_ASC_C04.tsv
1640334195	1124761013	22	брелоки в машину на зеркало кокошник	BY_GMV	ASCENDING	f20d0a22-c8d9-497c-816d-19ecd377dcd3	C04	4	1	NULL	NULL	NULL	0	0	RUB	canonical_chunks/product_queries_details_BY_GMV_ASC_C04.tsv
1640334195	1124761013	22	оберег подвеска в машину	BY_GMV	ASCENDING	f20d0a22-c8d9-497c-816d-19ecd377dcd3	C04	5	3	NULL	NULL	NULL	0	0	RUB	canonical_chunks/product_queries_details_BY_GMV_ASC_C04.tsv
1640334195	1124761013	22	бусина славянские символ	BY_GMV	ASCENDING	f20d0a22-c8d9-497c-816d-19ecd377dcd3	C04	6	1	NULL	NULL	NULL	0	0	RUB	canonical_chunks/product_queries_details_BY_GMV_ASC_C04.tsv
1640334195	1124761013	22	в авто славянские символы в машину	BY_GMV	ASCENDING	f20d0a22-c8d9-497c-816d-19ecd377dcd3	C04	7	1	NULL	NULL	NULL	0	0	RUB	canonical_chunks/product_queries_details_BY_GMV_ASC_C04.tsv
1640334195	1124761013	22	значок всеслав	BY_GMV	ASCENDING	f20d0a22-c8d9-497c-816d-19ecd377dcd3	C04	8	0	NULL	NULL	NULL	0	0	RUB	canonical_chunks/product_queries_details_BY_GMV_ASC_C04.tsv
1640334195	1124761013	22	кулончик с зеркалом оберег	BY_GMV	ASCENDING	f20d0a22-c8d9-497c-816d-19ecd377dcd3	C04	9	1	NULL	NULL	NULL	0	0	RUB	canonical_chunks/product_queries_details_BY_GMV_ASC_C04.tsv
1640334195	1124761013	22	вольного борца подвеска в машину	BY_GMV	ASCENDING	f20d0a22-c8d9-497c-816d-19ecd377dcd3	C04	10	1	NULL	NULL	NULL	0	0	RUB	canonical_chunks/product_queries_details_BY_GMV_ASC_C04.tsv
1640334195	1124761013	22	амулет из дерева	BY_GMV	ASCENDING	f20d0a22-c8d9-497c-816d-19ecd377dcd3	C04	11	1	NULL	NULL	NULL	0	0	RUB	canonical_chunks/product_queries_details_BY_GMV_ASC_C04.tsv
1640334195	1124761013	22	оберег с зеркалом	BY_GMV	ASCENDING	f20d0a22-c8d9-497c-816d-19ecd377dcd3	C04	12	5	NULL	NULL	NULL	0	0	RUB	canonical_chunks/product_queries_details_BY_GMV_ASC_C04.tsv
1640334195	1124761013	22	украшение подвеска в машину	BY_GMV	ASCENDING	f20d0a22-c8d9-497c-816d-19ecd377dcd3	C04	13	1	NULL	NULL	NULL	0	0	RUB	canonical_chunks/product_queries_details_BY_GMV_ASC_C04.tsv
1640334195	1124761013	22	руны славянские бусины	BY_GMV	ASCENDING	f20d0a22-c8d9-497c-816d-19ecd377dcd3	C04	14	1	NULL	NULL	NULL	0	0	RUB	canonical_chunks/product_queries_details_BY_GMV_ASC_C04.tsv
1640334195	1124761013	22	подвеска в машину легионерский шлем	BY_GMV	ASCENDING	f20d0a22-c8d9-497c-816d-19ecd377dcd3	C04	15	1	NULL	NULL	NULL	0	0	RUB	canonical_chunks/product_queries_details_BY_GMV_ASC_C04.tsv
1640337426	1124764995	23	обереги для машины	BY_GMV	ASCENDING	f20d0a22-c8d9-497c-816d-19ecd377dcd3	C04	16	4	NULL	NULL	NULL	0	0	RUB	canonical_chunks/product_queries_details_BY_GMV_ASC_C04.tsv
1640337426	1124764995	23	деревянный оберег славянский	BY_GMV	ASCENDING	f20d0a22-c8d9-497c-816d-19ecd377dcd3	C04	17	2	NULL	NULL	NULL	0	0	RUB	canonical_chunks/product_queries_details_BY_GMV_ASC_C04.tsv
1640337426	1124764995	23	весючка в машину от зглаза на зеркало	BY_GMV	ASCENDING	f20d0a22-c8d9-497c-816d-19ecd377dcd3	C04	18	1	NULL	NULL	NULL	0	0	RUB	canonical_chunks/product_queries_details_BY_GMV_ASC_C04.tsv
1640337426	1124764995	23	ароматизатор в машину хендай крета на зеркало	BY_GMV	ASCENDING	f20d0a22-c8d9-497c-816d-19ecd377dcd3	C04	19	1	NULL	NULL	NULL	0	0	RUB	canonical_chunks/product_queries_details_BY_GMV_ASC_C04.tsv
1640337426	1124764995	23	оберег славянский	BY_GMV	ASCENDING	f20d0a22-c8d9-497c-816d-19ecd377dcd3	C04	20	142	NULL	NULL	NULL	0	0	RUB	canonical_chunks/product_queries_details_BY_GMV_ASC_C04.tsv
1640337426	1124764995	23	льняная рубашка старославянская	BY_GMV	ASCENDING	f20d0a22-c8d9-497c-816d-19ecd377dcd3	C04	21	1	NULL	NULL	NULL	0	0	RUB	canonical_chunks/product_queries_details_BY_GMV_ASC_C04.tsv
1640337426	1124764995	23	велес оберег мужской	BY_GMV	ASCENDING	f20d0a22-c8d9-497c-816d-19ecd377dcd3	C04	22	1	NULL	NULL	NULL	0	0	RUB	canonical_chunks/product_queries_details_BY_GMV_ASC_C04.tsv
1640337426	1124764995	23	амулет из дерева	BY_GMV	ASCENDING	f20d0a22-c8d9-497c-816d-19ecd377dcd3	C04	23	11	NULL	NULL	NULL	0	0	RUB	canonical_chunks/product_queries_details_BY_GMV_ASC_C04.tsv
1640337426	1124764995	23	ведические	BY_GMV	ASCENDING	f20d0a22-c8d9-497c-816d-19ecd377dcd3	C04	24	9	NULL	NULL	NULL	0	0	RUB	canonical_chunks/product_queries_details_BY_GMV_ASC_C04.tsv
1640337426	1124764995	23	в машину аксессуары на зеркало подвеска	BY_GMV	ASCENDING	f20d0a22-c8d9-497c-816d-19ecd377dcd3	C04	25	1	NULL	NULL	NULL	0	0	RUB	canonical_chunks/product_queries_details_BY_GMV_ASC_C04.tsv
1640337426	1124764995	23	на зеркало в машину украшение	BY_GMV	ASCENDING	f20d0a22-c8d9-497c-816d-19ecd377dcd3	C04	26	1	NULL	NULL	NULL	0	0	RUB	canonical_chunks/product_queries_details_BY_GMV_ASC_C04.tsv
1640337426	1124764995	23	дублирующие зеркала на учебный	BY_GMV	ASCENDING	f20d0a22-c8d9-497c-816d-19ecd377dcd3	C04	27	1	NULL	NULL	NULL	0	0	RUB	canonical_chunks/product_queries_details_BY_GMV_ASC_C04.tsv
1640337426	1124764995	23	подвеска в машину	BY_GMV	ASCENDING	f20d0a22-c8d9-497c-816d-19ecd377dcd3	C04	28	3171	NULL	NULL	NULL	0	0	RUB	canonical_chunks/product_queries_details_BY_GMV_ASC_C04.tsv
1640337426	1124764995	23	амулет для защиты	BY_GMV	ASCENDING	f20d0a22-c8d9-497c-816d-19ecd377dcd3	C04	29	2	NULL	NULL	NULL	0	0	RUB	canonical_chunks/product_queries_details_BY_GMV_ASC_C04.tsv
1640337426	1124764995	23	мир старославянской	BY_GMV	ASCENDING	f20d0a22-c8d9-497c-816d-19ecd377dcd3	C04	30	1	NULL	NULL	NULL	0	0	RUB	canonical_chunks/product_queries_details_BY_GMV_ASC_C04.tsv
1640326205	1124733734	19	обереги в машину	BY_GMV	ASCENDING	f20d0a22-c8d9-497c-816d-19ecd377dcd3	C04	31	8	NULL	NULL	NULL	0	0	RUB	canonical_chunks/product_queries_details_BY_GMV_ASC_C04.tsv
1640326205	1124733734	19	оберег для водителя в машину	BY_GMV	ASCENDING	f20d0a22-c8d9-497c-816d-19ecd377dcd3	C04	32	2	NULL	NULL	NULL	0	0	RUB	canonical_chunks/product_queries_details_BY_GMV_ASC_C04.tsv
1640326205	1124733734	19	оберег славянский для мужчин на шею	BY_GMV	ASCENDING	f20d0a22-c8d9-497c-816d-19ecd377dcd3	C04	33	2	NULL	NULL	NULL	0	0	RUB	canonical_chunks/product_queries_details_BY_GMV_ASC_C04.tsv
1640326205	1124733734	19	амлеты	BY_GMV	ASCENDING	f20d0a22-c8d9-497c-816d-19ecd377dcd3	C04	34	1	NULL	NULL	NULL	0	0	RUB	canonical_chunks/product_queries_details_BY_GMV_ASC_C04.tsv
1640326205	1124733734	19	кофта с коловратом	BY_GMV	ASCENDING	f20d0a22-c8d9-497c-816d-19ecd377dcd3	C04	35	8	NULL	NULL	NULL	0	0	RUB	canonical_chunks/product_queries_details_BY_GMV_ASC_C04.tsv
1640326205	1124733734	19	мусульманский оберег в машину	BY_GMV	ASCENDING	f20d0a22-c8d9-497c-816d-19ecd377dcd3	C04	36	181	NULL	NULL	NULL	0	0	RUB	canonical_chunks/product_queries_details_BY_GMV_ASC_C04.tsv
1640326205	1124733734	19	защитный амулет от сглаза и порчи	BY_GMV	ASCENDING	f20d0a22-c8d9-497c-816d-19ecd377dcd3	C04	37	2	NULL	NULL	NULL	0	0	RUB	canonical_chunks/product_queries_details_BY_GMV_ASC_C04.tsv
1640326205	1124733734	19	четки руны	BY_GMV	ASCENDING	f20d0a22-c8d9-497c-816d-19ecd377dcd3	C04	38	3	NULL	NULL	NULL	0	0	RUB	canonical_chunks/product_queries_details_BY_GMV_ASC_C04.tsv
1640326205	1124733734	19	коловрат брелок	BY_GMV	ASCENDING	f20d0a22-c8d9-497c-816d-19ecd377dcd3	C04	39	27	NULL	NULL	NULL	0	0	RUB	canonical_chunks/product_queries_details_BY_GMV_ASC_C04.tsv
1640326205	1124733734	19	подвеска от сглаза	BY_GMV	ASCENDING	f20d0a22-c8d9-497c-816d-19ecd377dcd3	C04	40	278	NULL	NULL	NULL	0	0	RUB	canonical_chunks/product_queries_details_BY_GMV_ASC_C04.tsv
1640326205	1124733734	19	от сглаза и порчи оберег	BY_GMV	ASCENDING	f20d0a22-c8d9-497c-816d-19ecd377dcd3	C04	41	39	NULL	NULL	NULL	0	0	RUB	canonical_chunks/product_queries_details_BY_GMV_ASC_C04.tsv
1640326205	1124733734	19	подвеска в машину коловрат	BY_GMV	ASCENDING	f20d0a22-c8d9-497c-816d-19ecd377dcd3	C04	42	3	NULL	NULL	NULL	0	0	RUB	canonical_chunks/product_queries_details_BY_GMV_ASC_C04.tsv
1640326205	1124733734	19	коловрат cd	BY_GMV	ASCENDING	f20d0a22-c8d9-497c-816d-19ecd377dcd3	C04	43	7	NULL	NULL	NULL	0	0	RUB	canonical_chunks/product_queries_details_BY_GMV_ASC_C04.tsv
1640326205	1124733734	19	подвеска мужская оберег	BY_GMV	ASCENDING	f20d0a22-c8d9-497c-816d-19ecd377dcd3	C04	44	2	NULL	NULL	NULL	0	0	RUB	canonical_chunks/product_queries_details_BY_GMV_ASC_C04.tsv
1640326205	1124733734	19	авто подвеска на зеркало	BY_GMV	ASCENDING	f20d0a22-c8d9-497c-816d-19ecd377dcd3	C04	45	1	NULL	NULL	NULL	0	0	RUB	canonical_chunks/product_queries_details_BY_GMV_ASC_C04.tsv
1720124782	1217110817	24	зеркало подвеска	BY_GMV	ASCENDING	f20d0a22-c8d9-497c-816d-19ecd377dcd3	C04	46	21	NULL	NULL	NULL	0	0	RUB	canonical_chunks/product_queries_details_BY_GMV_ASC_C04.tsv
1720124782	1217110817	24	бусины в машину на зеркало	BY_GMV	ASCENDING	f20d0a22-c8d9-497c-816d-19ecd377dcd3	C04	47	1	NULL	NULL	NULL	0	0	RUB	canonical_chunks/product_queries_details_BY_GMV_ASC_C04.tsv
1720124782	1217110817	24	подвеска бетмен в машину силткон	BY_GMV	ASCENDING	f20d0a22-c8d9-497c-816d-19ecd377dcd3	C04	48	0	NULL	NULL	NULL	0	0	RUB	canonical_chunks/product_queries_details_BY_GMV_ASC_C04.tsv
1720124782	1217110817	24	вымпелы подвески вдв в мошину	BY_GMV	ASCENDING	f20d0a22-c8d9-497c-816d-19ecd377dcd3	C04	49	1	NULL	NULL	NULL	0	0	RUB	canonical_chunks/product_queries_details_BY_GMV_ASC_C04.tsv
1720124782	1217110817	24	амулет на зеркало оберег в машину	BY_GMV	ASCENDING	f20d0a22-c8d9-497c-816d-19ecd377dcd3	C04	50	1	NULL	NULL	NULL	0	0	RUB	canonical_chunks/product_queries_details_BY_GMV_ASC_C04.tsv
1720124782	1217110817	24	на четки подвеска	BY_GMV	ASCENDING	f20d0a22-c8d9-497c-816d-19ecd377dcd3	C04	51	1	NULL	NULL	NULL	0	0	RUB	canonical_chunks/product_queries_details_BY_GMV_ASC_C04.tsv
1720124782	1217110817	24	бусина знаки зодиака	BY_GMV	ASCENDING	f20d0a22-c8d9-497c-816d-19ecd377dcd3	C04	52	1	NULL	NULL	NULL	0	0	RUB	canonical_chunks/product_queries_details_BY_GMV_ASC_C04.tsv
1720124782	1217110817	24	зеркало авто подвеска	BY_GMV	ASCENDING	f20d0a22-c8d9-497c-816d-19ecd377dcd3	C04	53	1	NULL	NULL	NULL	0	0	RUB	canonical_chunks/product_queries_details_BY_GMV_ASC_C04.tsv
1720124782	1217110817	24	коннектор стрелец	BY_GMV	ASCENDING	f20d0a22-c8d9-497c-816d-19ecd377dcd3	C04	54	1	NULL	NULL	NULL	0	0	RUB	canonical_chunks/product_queries_details_BY_GMV_ASC_C04.tsv
1720124782	1217110817	24	зеркало кулон амулет	BY_GMV	ASCENDING	f20d0a22-c8d9-497c-816d-19ecd377dcd3	C04	55	1	NULL	NULL	NULL	0	0	RUB	canonical_chunks/product_queries_details_BY_GMV_ASC_C04.tsv
1720124782	1217110817	24	боковые зеркала на машину спасио 1999	BY_GMV	ASCENDING	f20d0a22-c8d9-497c-816d-19ecd377dcd3	C04	56	1	NULL	NULL	NULL	0	0	RUB	canonical_chunks/product_queries_details_BY_GMV_ASC_C04.tsv
1720124782	1217110817	24	для гадания на песке	BY_GMV	ASCENDING	f20d0a22-c8d9-497c-816d-19ecd377dcd3	C04	57	1	NULL	NULL	NULL	0	0	RUB	canonical_chunks/product_queries_details_BY_GMV_ASC_C04.tsv
1720124782	1217110817	24	гномика в машину мягкая на зеркало	BY_GMV	ASCENDING	f20d0a22-c8d9-497c-816d-19ecd377dcd3	C04	58	1	NULL	NULL	NULL	0	0	RUB	canonical_chunks/product_queries_details_BY_GMV_ASC_C04.tsv
1720124782	1217110817	24	оберег защитный в машину на зеркало	BY_GMV	ASCENDING	f20d0a22-c8d9-497c-816d-19ecd377dcd3	C04	59	1	NULL	NULL	NULL	0	0	RUB	canonical_chunks/product_queries_details_BY_GMV_ASC_C04.tsv
1720124782	1217110817	24	оберег для стрелец опал	BY_GMV	ASCENDING	f20d0a22-c8d9-497c-816d-19ecd377dcd3	C04	60	1	NULL	NULL	NULL	0	0	RUB	canonical_chunks/product_queries_details_BY_GMV_ASC_C04.tsv
1640326230	1124751825	20	ведьмина подвеска	BY_GMV	ASCENDING	f20d0a22-c8d9-497c-816d-19ecd377dcd3	C04	61	2	NULL	NULL	NULL	0	0	RUB	canonical_chunks/product_queries_details_BY_GMV_ASC_C04.tsv
1640326230	1124751825	20	оберёг с зеркалом	BY_GMV	ASCENDING	f20d0a22-c8d9-497c-816d-19ecd377dcd3	C04	62	1	NULL	NULL	NULL	0	0	RUB	canonical_chunks/product_queries_details_BY_GMV_ASC_C04.tsv
1640326230	1124751825	20	символ славянский	BY_GMV	ASCENDING	f20d0a22-c8d9-497c-816d-19ecd377dcd3	C04	63	1	NULL	NULL	NULL	0	0	RUB	canonical_chunks/product_queries_details_BY_GMV_ASC_C04.tsv
1640326230	1124751825	20	талисман оберег деревянный	BY_GMV	ASCENDING	f20d0a22-c8d9-497c-816d-19ecd377dcd3	C04	64	1	NULL	NULL	NULL	0	0	RUB	canonical_chunks/product_queries_details_BY_GMV_ASC_C04.tsv
1640326230	1124751825	20	#обереги	BY_GMV	ASCENDING	f20d0a22-c8d9-497c-816d-19ecd377dcd3	C04	65	1	NULL	NULL	NULL	0	0	RUB	canonical_chunks/product_queries_details_BY_GMV_ASC_C04.tsv
1640326230	1124751825	20	подвески в авто на зеркало деревянные	BY_GMV	ASCENDING	f20d0a22-c8d9-497c-816d-19ecd377dcd3	C04	66	1	NULL	NULL	NULL	0	0	RUB	canonical_chunks/product_queries_details_BY_GMV_ASC_C04.tsv
1640326230	1124751825	20	автомобиль, подаренный предкам	BY_GMV	ASCENDING	f20d0a22-c8d9-497c-816d-19ecd377dcd3	C04	67	1	NULL	NULL	NULL	0	0	RUB	canonical_chunks/product_queries_details_BY_GMV_ASC_C04.tsv
1640326230	1124751825	20	подвеска славянская на зеркало автомобиля	BY_GMV	ASCENDING	f20d0a22-c8d9-497c-816d-19ecd377dcd3	C04	68	1	NULL	NULL	NULL	0	0	RUB	canonical_chunks/product_queries_details_BY_GMV_ASC_C04.tsv
1640326230	1124751825	20	на зеркало подвеска в машину	BY_GMV	ASCENDING	f20d0a22-c8d9-497c-816d-19ecd377dcd3	C04	69	1	NULL	NULL	NULL	0	0	RUB	canonical_chunks/product_queries_details_BY_GMV_ASC_C04.tsv
1640326230	1124751825	20	славянские обереги	BY_GMV	ASCENDING	f20d0a22-c8d9-497c-816d-19ecd377dcd3	C04	70	633	NULL	NULL	NULL	0	0	RUB	canonical_chunks/product_queries_details_BY_GMV_ASC_C04.tsv
1640326230	1124751825	20	четки в машину на зеркало,	BY_GMV	ASCENDING	f20d0a22-c8d9-497c-816d-19ecd377dcd3	C04	71	1	NULL	NULL	NULL	0	0	RUB	canonical_chunks/product_queries_details_BY_GMV_ASC_C04.tsv
1640326230	1124751825	20	для эзотерика предметы	BY_GMV	ASCENDING	f20d0a22-c8d9-497c-816d-19ecd377dcd3	C04	72	1	NULL	NULL	NULL	0	0	RUB	canonical_chunks/product_queries_details_BY_GMV_ASC_C04.tsv
1640326230	1124751825	20	подвеска в машину на зеркало с крестом провославным	BY_GMV	ASCENDING	f20d0a22-c8d9-497c-816d-19ecd377dcd3	C04	73	1	NULL	NULL	NULL	0	0	RUB	canonical_chunks/product_queries_details_BY_GMV_ASC_C04.tsv
1640326230	1124751825	20	подвеска в машину на зеркало спецназ внутренних войск	BY_GMV	ASCENDING	f20d0a22-c8d9-497c-816d-19ecd377dcd3	C04	74	1	NULL	NULL	NULL	0	0	RUB	canonical_chunks/product_queries_details_BY_GMV_ASC_C04.tsv
1640326230	1124751825	20	брелок в машину на зеркало мужской полиция	BY_GMV	ASCENDING	f20d0a22-c8d9-497c-816d-19ecd377dcd3	C04	75	1	NULL	NULL	NULL	0	0	RUB	canonical_chunks/product_queries_details_BY_GMV_ASC_C04.tsv
1640330072	1124755617	21	ведьмочка подвеска в машину обьемная	BY_GMV	ASCENDING	f20d0a22-c8d9-497c-816d-19ecd377dcd3	C04	76	1	NULL	NULL	NULL	0	0	RUB	canonical_chunks/product_queries_details_BY_GMV_ASC_C04.tsv
1640330072	1124755617	21	бутсы подвеска в машину на зеркало	BY_GMV	ASCENDING	f20d0a22-c8d9-497c-816d-19ecd377dcd3	C04	77	1	NULL	NULL	NULL	0	0	RUB	canonical_chunks/product_queries_details_BY_GMV_ASC_C04.tsv
1640330072	1124755617	21	повесить в машину	BY_GMV	ASCENDING	f20d0a22-c8d9-497c-816d-19ecd377dcd3	C04	78	5	NULL	NULL	NULL	0	0	RUB	canonical_chunks/product_queries_details_BY_GMV_ASC_C04.tsv
1640330072	1124755617	21	амулет на зеркало оберег в машину	BY_GMV	ASCENDING	f20d0a22-c8d9-497c-816d-19ecd377dcd3	C04	79	1	NULL	NULL	NULL	0	0	RUB	canonical_chunks/product_queries_details_BY_GMV_ASC_C04.tsv
1640330072	1124755617	21	золотой славянский оберег	BY_GMV	ASCENDING	f20d0a22-c8d9-497c-816d-19ecd377dcd3	C04	80	1	NULL	NULL	NULL	0	0	RUB	canonical_chunks/product_queries_details_BY_GMV_ASC_C04.tsv
1640330072	1124755617	21	брелок на маштну ловец снов в машину	BY_GMV	ASCENDING	f20d0a22-c8d9-497c-816d-19ecd377dcd3	C04	81	1	NULL	NULL	NULL	0	0	RUB	canonical_chunks/product_queries_details_BY_GMV_ASC_C04.tsv
1640330072	1124755617	21	амулет на шею мужской славянский оберег	BY_GMV	ASCENDING	f20d0a22-c8d9-497c-816d-19ecd377dcd3	C04	82	1	NULL	NULL	NULL	0	0	RUB	canonical_chunks/product_queries_details_BY_GMV_ASC_C04.tsv
1640330072	1124755617	21	амулет	BY_GMV	ASCENDING	f20d0a22-c8d9-497c-816d-19ecd377dcd3	C04	83	805	NULL	NULL	NULL	0	0	RUB	canonical_chunks/product_queries_details_BY_GMV_ASC_C04.tsv
1640330072	1124755617	21	брелок оберег в машину на зеркало	BY_GMV	ASCENDING	f20d0a22-c8d9-497c-816d-19ecd377dcd3	C04	84	1	NULL	NULL	NULL	0	0	RUB	canonical_chunks/product_queries_details_BY_GMV_ASC_C04.tsv
1640330072	1124755617	21	амулеты и обереги набор	BY_GMV	ASCENDING	f20d0a22-c8d9-497c-816d-19ecd377dcd3	C04	85	1	NULL	NULL	NULL	0	0	RUB	canonical_chunks/product_queries_details_BY_GMV_ASC_C04.tsv
1640330072	1124755617	21	на зеркало в машину украшение	BY_GMV	ASCENDING	f20d0a22-c8d9-497c-816d-19ecd377dcd3	C04	86	1	NULL	NULL	NULL	0	0	RUB	canonical_chunks/product_queries_details_BY_GMV_ASC_C04.tsv
1640330072	1124755617	21	дикий вепрь славянская подвеска	BY_GMV	ASCENDING	f20d0a22-c8d9-497c-816d-19ecd377dcd3	C04	87	1	NULL	NULL	NULL	0	0	RUB	canonical_chunks/product_queries_details_BY_GMV_ASC_C04.tsv
1640330072	1124755617	21	бусины руны	BY_GMV	ASCENDING	f20d0a22-c8d9-497c-816d-19ecd377dcd3	C04	88	6	NULL	NULL	NULL	0	0	RUB	canonical_chunks/product_queries_details_BY_GMV_ASC_C04.tsv
1640330072	1124755617	21	подвески на зеркало	BY_GMV	ASCENDING	f20d0a22-c8d9-497c-816d-19ecd377dcd3	C04	89	2	NULL	NULL	NULL	0	0	RUB	canonical_chunks/product_queries_details_BY_GMV_ASC_C04.tsv
1640330072	1124755617	21	брелок громовик	BY_GMV	ASCENDING	f20d0a22-c8d9-497c-816d-19ecd377dcd3	C04	90	0	NULL	NULL	NULL	0	0	RUB	canonical_chunks/product_queries_details_BY_GMV_ASC_C04.tsv
1720131759	1217117569	25	брелоки знак зодиака близнецы	BY_GMV	ASCENDING	7b2452a5-2794-4eb4-ba52-b61939937756	C05	1	1	NULL	NULL	NULL	0	0	RUB	canonical_chunks/product_queries_details_BY_GMV_ASC_C05.tsv
1720131759	1217117569	25	омулет оберегающий в машину	BY_GMV	ASCENDING	7b2452a5-2794-4eb4-ba52-b61939937756	C05	2	1	NULL	NULL	NULL	0	0	RUB	canonical_chunks/product_queries_details_BY_GMV_ASC_C05.tsv
1720131759	1217117569	25	бабой яга в машину подвеска	BY_GMV	ASCENDING	7b2452a5-2794-4eb4-ba52-b61939937756	C05	3	1	NULL	NULL	NULL	0	0	RUB	canonical_chunks/product_queries_details_BY_GMV_ASC_C05.tsv
1720131759	1217117569	25	амулет близнецы в машину подвеска	BY_GMV	ASCENDING	7b2452a5-2794-4eb4-ba52-b61939937756	C05	4	2	NULL	NULL	NULL	0	0	RUB	canonical_chunks/product_queries_details_BY_GMV_ASC_C05.tsv
1720131759	1217117569	25	мусульманский оберег на веревочке	BY_GMV	ASCENDING	7b2452a5-2794-4eb4-ba52-b61939937756	C05	5	1	NULL	NULL	NULL	0	0	RUB	canonical_chunks/product_queries_details_BY_GMV_ASC_C05.tsv
1720131759	1217117569	25	свеча для знака близнецы	BY_GMV	ASCENDING	7b2452a5-2794-4eb4-ba52-b61939937756	C05	6	1	NULL	NULL	NULL	0	0	RUB	canonical_chunks/product_queries_details_BY_GMV_ASC_C05.tsv
1720131759	1217117569	25	подвеска россия на зеркало в машину	BY_GMV	ASCENDING	7b2452a5-2794-4eb4-ba52-b61939937756	C05	7	1	NULL	NULL	NULL	0	0	RUB	canonical_chunks/product_queries_details_BY_GMV_ASC_C05.tsv
1720131759	1217117569	25	ловец снов в машину	BY_GMV	ASCENDING	7b2452a5-2794-4eb4-ba52-b61939937756	C05	8	17	NULL	NULL	NULL	0	0	RUB	canonical_chunks/product_queries_details_BY_GMV_ASC_C05.tsv
1720131759	1217117569	25	талисман в машину иконка близнецов	BY_GMV	ASCENDING	7b2452a5-2794-4eb4-ba52-b61939937756	C05	9	1	NULL	NULL	NULL	0	0	RUB	canonical_chunks/product_queries_details_BY_GMV_ASC_C05.tsv
1720131759	1217117569	25	оберег для машины	BY_GMV	ASCENDING	7b2452a5-2794-4eb4-ba52-b61939937756	C05	10	11	NULL	NULL	NULL	0	0	RUB	canonical_chunks/product_queries_details_BY_GMV_ASC_C05.tsv
1720131759	1217117569	25	зеркала на машину ниссан wingroas боковые	BY_GMV	ASCENDING	7b2452a5-2794-4eb4-ba52-b61939937756	C05	11	1	NULL	NULL	NULL	0	0	RUB	canonical_chunks/product_queries_details_BY_GMV_ASC_C05.tsv
1720131759	1217117569	25	близнецы драконы	BY_GMV	ASCENDING	7b2452a5-2794-4eb4-ba52-b61939937756	C05	12	1	NULL	NULL	NULL	0	0	RUB	canonical_chunks/product_queries_details_BY_GMV_ASC_C05.tsv
1720131759	1217117569	25	из дерева в машину подвеска	BY_GMV	ASCENDING	7b2452a5-2794-4eb4-ba52-b61939937756	C05	13	1	NULL	NULL	NULL	0	0	RUB	canonical_chunks/product_queries_details_BY_GMV_ASC_C05.tsv
1720131759	1217117569	25	знак зодиака близнецы сувенир	BY_GMV	ASCENDING	7b2452a5-2794-4eb4-ba52-b61939937756	C05	14	1	NULL	NULL	NULL	0	0	RUB	canonical_chunks/product_queries_details_BY_GMV_ASC_C05.tsv
1720131759	1217117569	25	аятол корси на машину на салон зеркало	BY_GMV	ASCENDING	7b2452a5-2794-4eb4-ba52-b61939937756	C05	15	1	NULL	NULL	NULL	0	0	RUB	canonical_chunks/product_queries_details_BY_GMV_ASC_C05.tsv
1720147059	1217135724	29	брелок офицер пупсик в машину на зеркало	BY_GMV	ASCENDING	7b2452a5-2794-4eb4-ba52-b61939937756	C05	16	1	NULL	NULL	NULL	0	0	RUB	canonical_chunks/product_queries_details_BY_GMV_ASC_C05.tsv
1720147059	1217135724	29	молд козерог	BY_GMV	ASCENDING	7b2452a5-2794-4eb4-ba52-b61939937756	C05	17	2	NULL	NULL	NULL	0	0	RUB	canonical_chunks/product_queries_details_BY_GMV_ASC_C05.tsv
1720147059	1217135724	29	зеркало на машину киа риа боковое	BY_GMV	ASCENDING	7b2452a5-2794-4eb4-ba52-b61939937756	C05	18	1	NULL	NULL	NULL	0	0	RUB	canonical_chunks/product_queries_details_BY_GMV_ASC_C05.tsv
1720147059	1217135724	29	красивая подвеска в машину для	BY_GMV	ASCENDING	7b2452a5-2794-4eb4-ba52-b61939937756	C05	19	1	NULL	NULL	NULL	0	0	RUB	canonical_chunks/product_queries_details_BY_GMV_ASC_C05.tsv
1720147059	1217135724	29	денежная карта талисман козерог	BY_GMV	ASCENDING	7b2452a5-2794-4eb4-ba52-b61939937756	C05	20	1	NULL	NULL	NULL	0	0	RUB	canonical_chunks/product_queries_details_BY_GMV_ASC_C05.tsv
1720147059	1217135724	29	козерог мужской	BY_GMV	ASCENDING	7b2452a5-2794-4eb4-ba52-b61939937756	C05	21	3	NULL	NULL	NULL	0	0	RUB	canonical_chunks/product_queries_details_BY_GMV_ASC_C05.tsv
1720147059	1217135724	29	подвеска знак зодиака набор	BY_GMV	ASCENDING	7b2452a5-2794-4eb4-ba52-b61939937756	C05	22	2	NULL	NULL	NULL	0	0	RUB	canonical_chunks/product_queries_details_BY_GMV_ASC_C05.tsv
1720147059	1217135724	29	брелок козерог мягкий	BY_GMV	ASCENDING	7b2452a5-2794-4eb4-ba52-b61939937756	C05	23	1	NULL	NULL	NULL	0	0	RUB	canonical_chunks/product_queries_details_BY_GMV_ASC_C05.tsv
1720147059	1217135724	29	подвески знаки зодиака	BY_GMV	ASCENDING	7b2452a5-2794-4eb4-ba52-b61939937756	C05	24	3	NULL	NULL	NULL	0	0	RUB	canonical_chunks/product_queries_details_BY_GMV_ASC_C05.tsv
1720147059	1217135724	29	медальон козерог	BY_GMV	ASCENDING	7b2452a5-2794-4eb4-ba52-b61939937756	C05	25	1	NULL	NULL	NULL	0	0	RUB	canonical_chunks/product_queries_details_BY_GMV_ASC_C05.tsv
1720147059	1217135724	29	оберег деревянный	BY_GMV	ASCENDING	7b2452a5-2794-4eb4-ba52-b61939937756	C05	26	9	NULL	NULL	NULL	0	0	RUB	canonical_chunks/product_queries_details_BY_GMV_ASC_C05.tsv
1720147059	1217135724	29	в машину. подвеска	BY_GMV	ASCENDING	7b2452a5-2794-4eb4-ba52-b61939937756	C05	27	1	NULL	NULL	NULL	0	0	RUB	canonical_chunks/product_queries_details_BY_GMV_ASC_C05.tsv
1720147059	1217135724	29	для автомобиля подвеска на зеркало	BY_GMV	ASCENDING	7b2452a5-2794-4eb4-ba52-b61939937756	C05	28	2	NULL	NULL	NULL	0	0	RUB	canonical_chunks/product_queries_details_BY_GMV_ASC_C05.tsv
1720147059	1217135724	29	зеркало сдвижное на щиток	BY_GMV	ASCENDING	7b2452a5-2794-4eb4-ba52-b61939937756	C05	29	1	NULL	NULL	NULL	0	0	RUB	canonical_chunks/product_queries_details_BY_GMV_ASC_C05.tsv
1720147059	1217135724	29	висюлька в машину на зеркало мужская 18	BY_GMV	ASCENDING	7b2452a5-2794-4eb4-ba52-b61939937756	C05	30	1	NULL	NULL	NULL	0	0	RUB	canonical_chunks/product_queries_details_BY_GMV_ASC_C05.tsv
1720144370	1217132021	28	амулет подвеска талисман	BY_GMV	ASCENDING	7b2452a5-2794-4eb4-ba52-b61939937756	C05	31	1	NULL	NULL	NULL	0	0	RUB	canonical_chunks/product_queries_details_BY_GMV_ASC_C05.tsv
1720144370	1217132021	28	обереги из дерева	BY_GMV	ASCENDING	7b2452a5-2794-4eb4-ba52-b61939937756	C05	32	2	NULL	NULL	NULL	0	0	RUB	canonical_chunks/product_queries_details_BY_GMV_ASC_C05.tsv
1720144370	1217132021	28	дева знак зодиака для девочки в машину	BY_GMV	ASCENDING	7b2452a5-2794-4eb4-ba52-b61939937756	C05	33	1	NULL	NULL	NULL	0	0	RUB	canonical_chunks/product_queries_details_BY_GMV_ASC_C05.tsv
1720144370	1217132021	28	доллар деревянный в машину подвеска на зеркало	BY_GMV	ASCENDING	7b2452a5-2794-4eb4-ba52-b61939937756	C05	34	1	NULL	NULL	NULL	0	0	RUB	canonical_chunks/product_queries_details_BY_GMV_ASC_C05.tsv
1720144370	1217132021	28	бусины талисманы	BY_GMV	ASCENDING	7b2452a5-2794-4eb4-ba52-b61939937756	C05	35	2	NULL	NULL	NULL	0	0	RUB	canonical_chunks/product_queries_details_BY_GMV_ASC_C05.tsv
1720144370	1217132021	28	дева талисман	BY_GMV	ASCENDING	7b2452a5-2794-4eb4-ba52-b61939937756	C05	36	13	NULL	NULL	NULL	0	0	RUB	canonical_chunks/product_queries_details_BY_GMV_ASC_C05.tsv
1720144370	1217132021	28	знак зодиака дева подвеска на шею	BY_GMV	ASCENDING	7b2452a5-2794-4eb4-ba52-b61939937756	C05	37	1	NULL	NULL	NULL	0	0	RUB	canonical_chunks/product_queries_details_BY_GMV_ASC_C05.tsv
1720144370	1217132021	28	талисман в машину мужской	BY_GMV	ASCENDING	7b2452a5-2794-4eb4-ba52-b61939937756	C05	38	8	NULL	NULL	NULL	0	0	RUB	canonical_chunks/product_queries_details_BY_GMV_ASC_C05.tsv
1720144370	1217132021	28	брелок дева	BY_GMV	ASCENDING	7b2452a5-2794-4eb4-ba52-b61939937756	C05	39	38	NULL	NULL	NULL	0	0	RUB	canonical_chunks/product_queries_details_BY_GMV_ASC_C05.tsv
1720144370	1217132021	28	брелок знаки зодиака	BY_GMV	ASCENDING	7b2452a5-2794-4eb4-ba52-b61939937756	C05	40	13	NULL	NULL	NULL	0	0	RUB	canonical_chunks/product_queries_details_BY_GMV_ASC_C05.tsv
1720144370	1217132021	28	боковые зеркала на машину спасио 1999	BY_GMV	ASCENDING	7b2452a5-2794-4eb4-ba52-b61939937756	C05	41	1	NULL	NULL	NULL	0	0	RUB	canonical_chunks/product_queries_details_BY_GMV_ASC_C05.tsv
1720144370	1217132021	28	брелок для машины на зеркало спарашутом	BY_GMV	ASCENDING	7b2452a5-2794-4eb4-ba52-b61939937756	C05	42	1	NULL	NULL	NULL	0	0	RUB	canonical_chunks/product_queries_details_BY_GMV_ASC_C05.tsv
1720144370	1217132021	28	брелок подвеска дева	BY_GMV	ASCENDING	7b2452a5-2794-4eb4-ba52-b61939937756	C05	43	1	NULL	NULL	NULL	0	0	RUB	canonical_chunks/product_queries_details_BY_GMV_ASC_C05.tsv
1720144370	1217132021	28	дева знак зодиака огненная серия	BY_GMV	ASCENDING	7b2452a5-2794-4eb4-ba52-b61939937756	C05	44	1	NULL	NULL	NULL	0	0	RUB	canonical_chunks/product_queries_details_BY_GMV_ASC_C05.tsv
1720144370	1217132021	28	подвеска в зеркало в авто	BY_GMV	ASCENDING	7b2452a5-2794-4eb4-ba52-b61939937756	C05	45	1	NULL	NULL	NULL	0	0	RUB	canonical_chunks/product_queries_details_BY_GMV_ASC_C05.tsv
1720141903	1217129635	27	деревянный оберег	BY_GMV	ASCENDING	7b2452a5-2794-4eb4-ba52-b61939937756	C05	46	9	NULL	NULL	NULL	0	0	RUB	canonical_chunks/product_queries_details_BY_GMV_ASC_C05.tsv
1720141903	1217129635	27	sex seven подвеска в машину	BY_GMV	ASCENDING	7b2452a5-2794-4eb4-ba52-b61939937756	C05	47	1	NULL	NULL	NULL	0	0	RUB	canonical_chunks/product_queries_details_BY_GMV_ASC_C05.tsv
1720141903	1217129635	27	бподвеска в машину	BY_GMV	ASCENDING	7b2452a5-2794-4eb4-ba52-b61939937756	C05	48	1	NULL	NULL	NULL	0	0	RUB	canonical_chunks/product_queries_details_BY_GMV_ASC_C05.tsv
1720141903	1217129635	27	знак зодика деревянный	BY_GMV	ASCENDING	7b2452a5-2794-4eb4-ba52-b61939937756	C05	49	1	NULL	NULL	NULL	0	0	RUB	canonical_chunks/product_queries_details_BY_GMV_ASC_C05.tsv
1720141903	1217129635	27	автомобиль кулон на зеркало	BY_GMV	ASCENDING	7b2452a5-2794-4eb4-ba52-b61939937756	C05	50	1	NULL	NULL	NULL	0	0	RUB	canonical_chunks/product_queries_details_BY_GMV_ASC_C05.tsv
1720141903	1217129635	27	кулоны знаки зодиака набор	BY_GMV	ASCENDING	7b2452a5-2794-4eb4-ba52-b61939937756	C05	51	1	NULL	NULL	NULL	0	0	RUB	canonical_chunks/product_queries_details_BY_GMV_ASC_C05.tsv
1720141903	1217129635	27	браслет оберег для водолея	BY_GMV	ASCENDING	7b2452a5-2794-4eb4-ba52-b61939937756	C05	52	11	NULL	NULL	NULL	0	0	RUB	canonical_chunks/product_queries_details_BY_GMV_ASC_C05.tsv
1720141903	1217129635	27	брелок в машину оберег	BY_GMV	ASCENDING	7b2452a5-2794-4eb4-ba52-b61939937756	C05	53	1	NULL	NULL	NULL	0	0	RUB	canonical_chunks/product_queries_details_BY_GMV_ASC_C05.tsv
1720141903	1217129635	27	подвеска в автомобиль	BY_GMV	ASCENDING	7b2452a5-2794-4eb4-ba52-b61939937756	C05	54	79	NULL	NULL	NULL	0	0	RUB	canonical_chunks/product_queries_details_BY_GMV_ASC_C05.tsv
1720141903	1217129635	27	авторучка шариковая знаки зодиака	BY_GMV	ASCENDING	7b2452a5-2794-4eb4-ba52-b61939937756	C05	55	1	NULL	NULL	NULL	0	0	RUB	canonical_chunks/product_queries_details_BY_GMV_ASC_C05.tsv
1720141903	1217129635	27	бусина талисман	BY_GMV	ASCENDING	7b2452a5-2794-4eb4-ba52-b61939937756	C05	56	1	NULL	NULL	NULL	0	0	RUB	canonical_chunks/product_queries_details_BY_GMV_ASC_C05.tsv
1720141903	1217129635	27	год оф ва на зеркало в машину	BY_GMV	ASCENDING	7b2452a5-2794-4eb4-ba52-b61939937756	C05	57	1	NULL	NULL	NULL	0	0	RUB	canonical_chunks/product_queries_details_BY_GMV_ASC_C05.tsv
1720141903	1217129635	27	водолей на распрыскиватель заачасти	BY_GMV	ASCENDING	7b2452a5-2794-4eb4-ba52-b61939937756	C05	58	0	NULL	NULL	NULL	0	0	RUB	canonical_chunks/product_queries_details_BY_GMV_ASC_C05.tsv
1720141903	1217129635	27	амулеты обереги для водолея на руку	BY_GMV	ASCENDING	7b2452a5-2794-4eb4-ba52-b61939937756	C05	59	2	NULL	NULL	NULL	0	0	RUB	canonical_chunks/product_queries_details_BY_GMV_ASC_C05.tsv
1720141903	1217129635	27	аксессуары в машину подвесаа зеркал барабан	BY_GMV	ASCENDING	7b2452a5-2794-4eb4-ba52-b61939937756	C05	60	0	NULL	NULL	NULL	0	0	RUB	canonical_chunks/product_queries_details_BY_GMV_ASC_C05.tsv
1720148880	1217137863	30	игрушка на зеркало в машину мягкий чертик	BY_GMV	ASCENDING	7b2452a5-2794-4eb4-ba52-b61939937756	C05	61	1	NULL	NULL	NULL	0	0	RUB	canonical_chunks/product_queries_details_BY_GMV_ASC_C05.tsv
1720148880	1217137863	30	оберег на зеркало в машину	BY_GMV	ASCENDING	7b2452a5-2794-4eb4-ba52-b61939937756	C05	62	1	NULL	NULL	NULL	0	0	RUB	canonical_chunks/product_queries_details_BY_GMV_ASC_C05.tsv
1720148880	1217137863	30	амулет - подвеска на зеркало в машину	BY_GMV	ASCENDING	7b2452a5-2794-4eb4-ba52-b61939937756	C05	63	1	NULL	NULL	NULL	0	0	RUB	canonical_chunks/product_queries_details_BY_GMV_ASC_C05.tsv
1720148880	1217137863	30	подвеска на зеркало автомобиля в машину	BY_GMV	ASCENDING	7b2452a5-2794-4eb4-ba52-b61939937756	C05	64	22	NULL	NULL	NULL	0	0	RUB	canonical_chunks/product_queries_details_BY_GMV_ASC_C05.tsv
1720148880	1217137863	30	#оберег_в_машину	BY_GMV	ASCENDING	7b2452a5-2794-4eb4-ba52-b61939937756	C05	65	0	NULL	NULL	NULL	0	0	RUB	canonical_chunks/product_queries_details_BY_GMV_ASC_C05.tsv
1720148880	1217137863	30	бусинка знак зодиака овен	BY_GMV	ASCENDING	7b2452a5-2794-4eb4-ba52-b61939937756	C05	66	1	NULL	NULL	NULL	0	0	RUB	canonical_chunks/product_queries_details_BY_GMV_ASC_C05.tsv
1720148880	1217137863	30	набор знак зодиака	BY_GMV	ASCENDING	7b2452a5-2794-4eb4-ba52-b61939937756	C05	67	1	NULL	NULL	NULL	0	0	RUB	canonical_chunks/product_queries_details_BY_GMV_ASC_C05.tsv
1720148880	1217137863	30	в машину подвеска на зеркало мужская	BY_GMV	ASCENDING	7b2452a5-2794-4eb4-ba52-b61939937756	C05	68	1	NULL	NULL	NULL	0	0	RUB	canonical_chunks/product_queries_details_BY_GMV_ASC_C05.tsv
1720148880	1217137863	30	амулет зеркальный	BY_GMV	ASCENDING	7b2452a5-2794-4eb4-ba52-b61939937756	C05	69	4	NULL	NULL	NULL	0	0	RUB	canonical_chunks/product_queries_details_BY_GMV_ASC_C05.tsv
1720148880	1217137863	30	брелок коза в машину на зеркало	BY_GMV	ASCENDING	7b2452a5-2794-4eb4-ba52-b61939937756	C05	70	1	NULL	NULL	NULL	0	0	RUB	canonical_chunks/product_queries_details_BY_GMV_ASC_C05.tsv
1720148880	1217137863	30	талисман подвеска	BY_GMV	ASCENDING	7b2452a5-2794-4eb4-ba52-b61939937756	C05	71	2	NULL	NULL	NULL	0	0	RUB	canonical_chunks/product_queries_details_BY_GMV_ASC_C05.tsv
1720148880	1217137863	30	знак атлантов	BY_GMV	ASCENDING	7b2452a5-2794-4eb4-ba52-b61939937756	C05	72	5	NULL	NULL	NULL	0	0	RUB	canonical_chunks/product_queries_details_BY_GMV_ASC_C05.tsv
1720148880	1217137863	30	амулеты обереги и талисманы для овна	BY_GMV	ASCENDING	7b2452a5-2794-4eb4-ba52-b61939937756	C05	73	1	NULL	NULL	NULL	0	0	RUB	canonical_chunks/product_queries_details_BY_GMV_ASC_C05.tsv
1720148880	1217137863	30	зеркало магическое талисман	BY_GMV	ASCENDING	7b2452a5-2794-4eb4-ba52-b61939937756	C05	74	1	NULL	NULL	NULL	0	0	RUB	canonical_chunks/product_queries_details_BY_GMV_ASC_C05.tsv
1720148880	1217137863	30	коза подвеска в машину	BY_GMV	ASCENDING	7b2452a5-2794-4eb4-ba52-b61939937756	C05	75	1	NULL	NULL	NULL	0	0	RUB	canonical_chunks/product_queries_details_BY_GMV_ASC_C05.tsv
1720137256	1217124642	26	четки в автомобиль	BY_GMV	ASCENDING	7b2452a5-2794-4eb4-ba52-b61939937756	C05	76	395	NULL	NULL	NULL	0	0	RUB	canonical_chunks/product_queries_details_BY_GMV_ASC_C05.tsv
1720137256	1217124642	26	блюдо весы знак зодиака	BY_GMV	ASCENDING	7b2452a5-2794-4eb4-ba52-b61939937756	C05	77	1	NULL	NULL	NULL	0	0	RUB	canonical_chunks/product_queries_details_BY_GMV_ASC_C05.tsv
1720137256	1217124642	26	для автомобиля подвеска	BY_GMV	ASCENDING	7b2452a5-2794-4eb4-ba52-b61939937756	C05	78	2	NULL	NULL	NULL	0	0	RUB	canonical_chunks/product_queries_details_BY_GMV_ASC_C05.tsv
1720137256	1217124642	26	виктор знак зодиака весы	BY_GMV	ASCENDING	7b2452a5-2794-4eb4-ba52-b61939937756	C05	79	1	NULL	NULL	NULL	0	0	RUB	canonical_chunks/product_queries_details_BY_GMV_ASC_C05.tsv
1720137256	1217124642	26	висюлька в машину на зеркало лысый кот	BY_GMV	ASCENDING	7b2452a5-2794-4eb4-ba52-b61939937756	C05	80	1	NULL	NULL	NULL	0	0	RUB	canonical_chunks/product_queries_details_BY_GMV_ASC_C05.tsv
1720137256	1217124642	26	брелок на автомобиль на зеркало	BY_GMV	ASCENDING	7b2452a5-2794-4eb4-ba52-b61939937756	C05	81	1	NULL	NULL	NULL	0	0	RUB	canonical_chunks/product_queries_details_BY_GMV_ASC_C05.tsv
1720137256	1217124642	26	брилки с знаком зодиака весы	BY_GMV	ASCENDING	7b2452a5-2794-4eb4-ba52-b61939937756	C05	82	1	NULL	NULL	NULL	0	0	RUB	canonical_chunks/product_queries_details_BY_GMV_ASC_C05.tsv
1720137256	1217124642	26	горький перец брелок в машину на зеркало	BY_GMV	ASCENDING	7b2452a5-2794-4eb4-ba52-b61939937756	C05	83	1	NULL	NULL	NULL	0	0	RUB	canonical_chunks/product_queries_details_BY_GMV_ASC_C05.tsv
1720137256	1217124642	26	зеркальная защита амулет	BY_GMV	ASCENDING	7b2452a5-2794-4eb4-ba52-b61939937756	C05	84	11	NULL	NULL	NULL	0	0	RUB	canonical_chunks/product_queries_details_BY_GMV_ASC_C05.tsv
1720137256	1217124642	26	амулет на машину на зеркало мужской	BY_GMV	ASCENDING	7b2452a5-2794-4eb4-ba52-b61939937756	C05	85	1	NULL	NULL	NULL	0	0	RUB	canonical_chunks/product_queries_details_BY_GMV_ASC_C05.tsv
1720137256	1217124642	26	в машину подвеска на руль автомобиля	BY_GMV	ASCENDING	7b2452a5-2794-4eb4-ba52-b61939937756	C05	86	1	NULL	NULL	NULL	0	0	RUB	canonical_chunks/product_queries_details_BY_GMV_ASC_C05.tsv
1720137256	1217124642	26	в машину на удачу очень на счастье	BY_GMV	ASCENDING	7b2452a5-2794-4eb4-ba52-b61939937756	C05	87	1	NULL	NULL	NULL	0	0	RUB	canonical_chunks/product_queries_details_BY_GMV_ASC_C05.tsv
1720137256	1217124642	26	кулончик весы	BY_GMV	ASCENDING	7b2452a5-2794-4eb4-ba52-b61939937756	C05	88	1	NULL	NULL	NULL	0	0	RUB	canonical_chunks/product_queries_details_BY_GMV_ASC_C05.tsv
1720137256	1217124642	26	амулет в автомобиль на зеркало	BY_GMV	ASCENDING	7b2452a5-2794-4eb4-ba52-b61939937756	C05	89	1	NULL	NULL	NULL	0	0	RUB	canonical_chunks/product_queries_details_BY_GMV_ASC_C05.tsv
1720137256	1217124642	26	четки в машину на зеркало	BY_GMV	ASCENDING	7b2452a5-2794-4eb4-ba52-b61939937756	C05	90	311	NULL	NULL	NULL	0	0	RUB	canonical_chunks/product_queries_details_BY_GMV_ASC_C05.tsv
1720153914	1217143121	32	круглая подвеска кристиансеаямв машину	BY_GMV	ASCENDING	1ecf1d6c-70a7-4fca-8a2e-475efd6fdc77	C06	1	1	NULL	NULL	NULL	0	0	RUB	canonical_chunks/product_queries_details_BY_GMV_ASC_C06.tsv
1720153914	1217143121	32	набор для четки	BY_GMV	ASCENDING	1ecf1d6c-70a7-4fca-8a2e-475efd6fdc77	C06	2	1	NULL	NULL	NULL	0	0	RUB	canonical_chunks/product_queries_details_BY_GMV_ASC_C06.tsv
1720153914	1217143121	32	подвеска в машину на зеркало мотоцикл	BY_GMV	ASCENDING	1ecf1d6c-70a7-4fca-8a2e-475efd6fdc77	C06	3	1	NULL	NULL	NULL	0	0	RUB	canonical_chunks/product_queries_details_BY_GMV_ASC_C06.tsv
1720153914	1217143121	32	китайская подвеска талисман	BY_GMV	ASCENDING	1ecf1d6c-70a7-4fca-8a2e-475efd6fdc77	C06	4	1	NULL	NULL	NULL	0	0	RUB	canonical_chunks/product_queries_details_BY_GMV_ASC_C06.tsv
1720153914	1217143121	32	подвеска в машину зуб или коготь на зеркало	BY_GMV	ASCENDING	1ecf1d6c-70a7-4fca-8a2e-475efd6fdc77	C06	5	1	NULL	NULL	NULL	0	0	RUB	canonical_chunks/product_queries_details_BY_GMV_ASC_C06.tsv
1720153914	1217143121	32	подвеска на зеркало в автомобиль	BY_GMV	ASCENDING	1ecf1d6c-70a7-4fca-8a2e-475efd6fdc77	C06	6	21	NULL	NULL	NULL	0	0	RUB	canonical_chunks/product_queries_details_BY_GMV_ASC_C06.tsv
1720153914	1217143121	32	подвеска в авто на зеркало большая	BY_GMV	ASCENDING	1ecf1d6c-70a7-4fca-8a2e-475efd6fdc77	C06	7	1	NULL	NULL	NULL	0	0	RUB	canonical_chunks/product_queries_details_BY_GMV_ASC_C06.tsv
1720153914	1217143121	32	бомбический оберег в машину на зеркало	BY_GMV	ASCENDING	1ecf1d6c-70a7-4fca-8a2e-475efd6fdc77	C06	8	1	NULL	NULL	NULL	0	0	RUB	canonical_chunks/product_queries_details_BY_GMV_ASC_C06.tsv
1720153914	1217143121	32	ароматизатор джек рассел в машину на зеркало	BY_GMV	ASCENDING	1ecf1d6c-70a7-4fca-8a2e-475efd6fdc77	C06	9	1	NULL	NULL	NULL	0	0	RUB	canonical_chunks/product_queries_details_BY_GMV_ASC_C06.tsv
1720153914	1217143121	32	знак на машину выносной габаритный	BY_GMV	ASCENDING	1ecf1d6c-70a7-4fca-8a2e-475efd6fdc77	C06	10	1	NULL	NULL	NULL	0	0	RUB	canonical_chunks/product_queries_details_BY_GMV_ASC_C06.tsv
1720153914	1217143121	32	талисман скорпион	BY_GMV	ASCENDING	1ecf1d6c-70a7-4fca-8a2e-475efd6fdc77	C06	11	6	NULL	NULL	NULL	0	0	RUB	canonical_chunks/product_queries_details_BY_GMV_ASC_C06.tsv
1720153914	1217143121	32	подвеска руна	BY_GMV	ASCENDING	1ecf1d6c-70a7-4fca-8a2e-475efd6fdc77	C06	12	7	NULL	NULL	NULL	0	0	RUB	canonical_chunks/product_queries_details_BY_GMV_ASC_C06.tsv
1720153914	1217143121	32	подвеска в машину кия с пандой	BY_GMV	ASCENDING	1ecf1d6c-70a7-4fca-8a2e-475efd6fdc77	C06	13	1	NULL	NULL	NULL	0	0	RUB	canonical_chunks/product_queries_details_BY_GMV_ASC_C06.tsv
1720153914	1217143121	32	талисман подвеска в машину плетеный	BY_GMV	ASCENDING	1ecf1d6c-70a7-4fca-8a2e-475efd6fdc77	C06	14	1	NULL	NULL	NULL	0	0	RUB	canonical_chunks/product_queries_details_BY_GMV_ASC_C06.tsv
1720153914	1217143121	32	подвеска в машину водителю илье	BY_GMV	ASCENDING	1ecf1d6c-70a7-4fca-8a2e-475efd6fdc77	C06	15	0	NULL	NULL	NULL	0	0	RUB	canonical_chunks/product_queries_details_BY_GMV_ASC_C06.tsv
1842444165	1366092977	36	зеркальные амулеты	BY_GMV	ASCENDING	1ecf1d6c-70a7-4fca-8a2e-475efd6fdc77	C06	16	1	NULL	NULL	NULL	0	0	RUB	canonical_chunks/product_queries_details_BY_GMV_ASC_C06.tsv
1842444165	1366092977	36	медальон вдв в машину на зеркало	BY_GMV	ASCENDING	1ecf1d6c-70a7-4fca-8a2e-475efd6fdc77	C06	17	1	NULL	NULL	NULL	0	0	RUB	canonical_chunks/product_queries_details_BY_GMV_ASC_C06.tsv
1842444165	1366092977	36	магические	BY_GMV	ASCENDING	1ecf1d6c-70a7-4fca-8a2e-475efd6fdc77	C06	18	14	NULL	NULL	NULL	0	0	RUB	canonical_chunks/product_queries_details_BY_GMV_ASC_C06.tsv
1842444165	1366092977	36	вибратор для песка	BY_GMV	ASCENDING	1ecf1d6c-70a7-4fca-8a2e-475efd6fdc77	C06	19	1	NULL	NULL	NULL	0	0	RUB	canonical_chunks/product_queries_details_BY_GMV_ASC_C06.tsv
1842444165	1366092977	36	на зеркало подвеска в машину с символом следственного	BY_GMV	ASCENDING	1ecf1d6c-70a7-4fca-8a2e-475efd6fdc77	C06	20	0	NULL	NULL	NULL	0	0	RUB	canonical_chunks/product_queries_details_BY_GMV_ASC_C06.tsv
1842444165	1366092977	36	коловрат оберег на стену	BY_GMV	ASCENDING	1ecf1d6c-70a7-4fca-8a2e-475efd6fdc77	C06	21	1	NULL	NULL	NULL	0	0	RUB	canonical_chunks/product_queries_details_BY_GMV_ASC_C06.tsv
1842444165	1366092977	36	зеркало шамана	BY_GMV	ASCENDING	1ecf1d6c-70a7-4fca-8a2e-475efd6fdc77	C06	22	3	NULL	NULL	NULL	0	0	RUB	canonical_chunks/product_queries_details_BY_GMV_ASC_C06.tsv
1842444165	1366092977	36	оберег для ребенка	BY_GMV	ASCENDING	1ecf1d6c-70a7-4fca-8a2e-475efd6fdc77	C06	23	14	NULL	NULL	NULL	0	0	RUB	canonical_chunks/product_queries_details_BY_GMV_ASC_C06.tsv
1842444165	1366092977	36	оберег от сглаза и порчи	BY_GMV	ASCENDING	1ecf1d6c-70a7-4fca-8a2e-475efd6fdc77	C06	24	449	NULL	NULL	NULL	0	0	RUB	canonical_chunks/product_queries_details_BY_GMV_ASC_C06.tsv
1842444165	1366092977	36	цепочка надёжная для кулона	BY_GMV	ASCENDING	1ecf1d6c-70a7-4fca-8a2e-475efd6fdc77	C06	25	1	NULL	NULL	NULL	0	0	RUB	canonical_chunks/product_queries_details_BY_GMV_ASC_C06.tsv
1842444165	1366092977	36	амулет на удачу славянский	BY_GMV	ASCENDING	1ecf1d6c-70a7-4fca-8a2e-475efd6fdc77	C06	26	1	NULL	NULL	NULL	0	0	RUB	canonical_chunks/product_queries_details_BY_GMV_ASC_C06.tsv
1842444165	1366092977	36	висюльки в машину на зеркало ловец снов	BY_GMV	ASCENDING	1ecf1d6c-70a7-4fca-8a2e-475efd6fdc77	C06	27	1	NULL	NULL	NULL	0	0	RUB	canonical_chunks/product_queries_details_BY_GMV_ASC_C06.tsv
1842444165	1366092977	36	зеркальная подвеска	BY_GMV	ASCENDING	1ecf1d6c-70a7-4fca-8a2e-475efd6fdc77	C06	28	3	NULL	NULL	NULL	0	0	RUB	canonical_chunks/product_queries_details_BY_GMV_ASC_C06.tsv
1842444165	1366092977	36	на зеркало подвеска в машину с символом следственного ком	BY_GMV	ASCENDING	1ecf1d6c-70a7-4fca-8a2e-475efd6fdc77	C06	29	0	NULL	NULL	NULL	0	0	RUB	canonical_chunks/product_queries_details_BY_GMV_ASC_C06.tsv
1842444165	1366092977	36	славянские руны для четок	BY_GMV	ASCENDING	1ecf1d6c-70a7-4fca-8a2e-475efd6fdc77	C06	30	1	NULL	NULL	NULL	0	0	RUB	canonical_chunks/product_queries_details_BY_GMV_ASC_C06.tsv
1720160556	1217150153	34	кулон скорпион мужской на шею	BY_GMV	ASCENDING	1ecf1d6c-70a7-4fca-8a2e-475efd6fdc77	C06	31	1	NULL	NULL	NULL	0	0	RUB	canonical_chunks/product_queries_details_BY_GMV_ASC_C06.tsv
1720160556	1217150153	34	брелок артиллерия в машину на зеркало пушка	BY_GMV	ASCENDING	1ecf1d6c-70a7-4fca-8a2e-475efd6fdc77	C06	32	1	NULL	NULL	NULL	0	0	RUB	canonical_chunks/product_queries_details_BY_GMV_ASC_C06.tsv
1720160556	1217150153	34	амулет на шею зеркало	BY_GMV	ASCENDING	1ecf1d6c-70a7-4fca-8a2e-475efd6fdc77	C06	33	1	NULL	NULL	NULL	0	0	RUB	canonical_chunks/product_queries_details_BY_GMV_ASC_C06.tsv
1720160556	1217150153	34	герб россии на зеркало деревянный в машину	BY_GMV	ASCENDING	1ecf1d6c-70a7-4fca-8a2e-475efd6fdc77	C06	34	1	NULL	NULL	NULL	0	0	RUB	canonical_chunks/product_queries_details_BY_GMV_ASC_C06.tsv
1720160556	1217150153	34	автомобиль кулон	BY_GMV	ASCENDING	1ecf1d6c-70a7-4fca-8a2e-475efd6fdc77	C06	35	1	NULL	NULL	NULL	0	0	RUB	canonical_chunks/product_queries_details_BY_GMV_ASC_C06.tsv
1720160556	1217150153	34	лист марихуаны подвеска в машину на зеркало	BY_GMV	ASCENDING	1ecf1d6c-70a7-4fca-8a2e-475efd6fdc77	C06	36	1	NULL	NULL	NULL	0	0	RUB	canonical_chunks/product_queries_details_BY_GMV_ASC_C06.tsv
1720160556	1217150153	34	деревянный талисман	BY_GMV	ASCENDING	1ecf1d6c-70a7-4fca-8a2e-475efd6fdc77	C06	37	2	NULL	NULL	NULL	0	0	RUB	canonical_chunks/product_queries_details_BY_GMV_ASC_C06.tsv
1720160556	1217150153	34	брелок в машину на зеркало коньки хоккейные	BY_GMV	ASCENDING	1ecf1d6c-70a7-4fca-8a2e-475efd6fdc77	C06	38	1	NULL	NULL	NULL	0	0	RUB	canonical_chunks/product_queries_details_BY_GMV_ASC_C06.tsv
1720160556	1217150153	34	зеркало оберег для защиты	BY_GMV	ASCENDING	1ecf1d6c-70a7-4fca-8a2e-475efd6fdc77	C06	39	1	NULL	NULL	NULL	0	0	RUB	canonical_chunks/product_queries_details_BY_GMV_ASC_C06.tsv
1720160556	1217150153	34	подвеска в машину на зеркало майки	BY_GMV	ASCENDING	1ecf1d6c-70a7-4fca-8a2e-475efd6fdc77	C06	40	0	NULL	NULL	NULL	0	0	RUB	canonical_chunks/product_queries_details_BY_GMV_ASC_C06.tsv
1720160556	1217150153	34	на зеркало в машину подвеска молот викингов	BY_GMV	ASCENDING	1ecf1d6c-70a7-4fca-8a2e-475efd6fdc77	C06	41	1	NULL	NULL	NULL	0	0	RUB	canonical_chunks/product_queries_details_BY_GMV_ASC_C06.tsv
1720160556	1217150153	34	«подвеска в машину обезьяна из дорамы	BY_GMV	ASCENDING	1ecf1d6c-70a7-4fca-8a2e-475efd6fdc77	C06	42	1	NULL	NULL	NULL	0	0	RUB	canonical_chunks/product_queries_details_BY_GMV_ASC_C06.tsv
1720160556	1217150153	34	китайская подвеска талисман	BY_GMV	ASCENDING	1ecf1d6c-70a7-4fca-8a2e-475efd6fdc77	C06	43	1	NULL	NULL	NULL	0	0	RUB	canonical_chunks/product_queries_details_BY_GMV_ASC_C06.tsv
1720160556	1217150153	34	магический амулет, оберег	BY_GMV	ASCENDING	1ecf1d6c-70a7-4fca-8a2e-475efd6fdc77	C06	44	8	NULL	NULL	NULL	0	0	RUB	canonical_chunks/product_queries_details_BY_GMV_ASC_C06.tsv
1720160556	1217150153	34	деревяные знаки зодиака в подарок из дерева	BY_GMV	ASCENDING	1ecf1d6c-70a7-4fca-8a2e-475efd6fdc77	C06	45	1	NULL	NULL	NULL	0	0	RUB	canonical_chunks/product_queries_details_BY_GMV_ASC_C06.tsv
1720155616	1217145315	33	машинки хотвилс монст трак рыбы	BY_GMV	ASCENDING	1ecf1d6c-70a7-4fca-8a2e-475efd6fdc77	C06	46	1	NULL	NULL	NULL	0	0	RUB	canonical_chunks/product_queries_details_BY_GMV_ASC_C06.tsv
1720155616	1217145315	33	dtlmvbyf gjldtcrf	BY_GMV	ASCENDING	1ecf1d6c-70a7-4fca-8a2e-475efd6fdc77	C06	47	1	NULL	NULL	NULL	0	0	RUB	canonical_chunks/product_queries_details_BY_GMV_ASC_C06.tsv
1720155616	1217145315	33	оберег в машину или просто украшиение	BY_GMV	ASCENDING	1ecf1d6c-70a7-4fca-8a2e-475efd6fdc77	C06	48	1	NULL	NULL	NULL	0	0	RUB	canonical_chunks/product_queries_details_BY_GMV_ASC_C06.tsv
1720155616	1217145315	33	подвеска на зеркало автомобиля,	BY_GMV	ASCENDING	1ecf1d6c-70a7-4fca-8a2e-475efd6fdc77	C06	49	1	NULL	NULL	NULL	0	0	RUB	canonical_chunks/product_queries_details_BY_GMV_ASC_C06.tsv
1720155616	1217145315	33	дагестан папаха для машины на зеркало	BY_GMV	ASCENDING	1ecf1d6c-70a7-4fca-8a2e-475efd6fdc77	C06	50	1	NULL	NULL	NULL	0	0	RUB	canonical_chunks/product_queries_details_BY_GMV_ASC_C06.tsv
1720155616	1217145315	33	четки для рыб	BY_GMV	ASCENDING	1ecf1d6c-70a7-4fca-8a2e-475efd6fdc77	C06	51	1	NULL	NULL	NULL	0	0	RUB	canonical_chunks/product_queries_details_BY_GMV_ASC_C06.tsv
1720155616	1217145315	33	кулон в автомобиль	BY_GMV	ASCENDING	1ecf1d6c-70a7-4fca-8a2e-475efd6fdc77	C06	52	1	NULL	NULL	NULL	0	0	RUB	canonical_chunks/product_queries_details_BY_GMV_ASC_C06.tsv
1720155616	1217145315	33	брелок от сглаза в машину на зеркало	BY_GMV	ASCENDING	1ecf1d6c-70a7-4fca-8a2e-475efd6fdc77	C06	53	1	NULL	NULL	NULL	0	0	RUB	canonical_chunks/product_queries_details_BY_GMV_ASC_C06.tsv
1720155616	1217145315	33	знаки зодиака рыбы фигурки	BY_GMV	ASCENDING	1ecf1d6c-70a7-4fca-8a2e-475efd6fdc77	C06	54	1	NULL	NULL	NULL	0	0	RUB	canonical_chunks/product_queries_details_BY_GMV_ASC_C06.tsv
1720155616	1217145315	33	подвеска из дерева в машину	BY_GMV	ASCENDING	1ecf1d6c-70a7-4fca-8a2e-475efd6fdc77	C06	55	2	NULL	NULL	NULL	0	0	RUB	canonical_chunks/product_queries_details_BY_GMV_ASC_C06.tsv
1720155616	1217145315	33	мусульманский оберег на веревочке	BY_GMV	ASCENDING	1ecf1d6c-70a7-4fca-8a2e-475efd6fdc77	C06	56	1	NULL	NULL	NULL	0	0	RUB	canonical_chunks/product_queries_details_BY_GMV_ASC_C06.tsv
1720155616	1217145315	33	знак атлантов	BY_GMV	ASCENDING	1ecf1d6c-70a7-4fca-8a2e-475efd6fdc77	C06	57	3	NULL	NULL	NULL	0	0	RUB	canonical_chunks/product_queries_details_BY_GMV_ASC_C06.tsv
1720155616	1217145315	33	подвеска в машинк	BY_GMV	ASCENDING	1ecf1d6c-70a7-4fca-8a2e-475efd6fdc77	C06	58	2	NULL	NULL	NULL	0	0	RUB	canonical_chunks/product_queries_details_BY_GMV_ASC_C06.tsv
1720155616	1217145315	33	подвеска на зеркало рыбы	BY_GMV	ASCENDING	1ecf1d6c-70a7-4fca-8a2e-475efd6fdc77	C06	59	1	NULL	NULL	NULL	0	0	RUB	canonical_chunks/product_queries_details_BY_GMV_ASC_C06.tsv
1720155616	1217145315	33	магический амулет, оберег	BY_GMV	ASCENDING	1ecf1d6c-70a7-4fca-8a2e-475efd6fdc77	C06	60	9	NULL	NULL	NULL	0	0	RUB	canonical_chunks/product_queries_details_BY_GMV_ASC_C06.tsv
1720151850	1217141020	31	о.берег в машину	BY_GMV	ASCENDING	1ecf1d6c-70a7-4fca-8a2e-475efd6fdc77	C06	61	1	NULL	NULL	NULL	0	0	RUB	canonical_chunks/product_queries_details_BY_GMV_ASC_C06.tsv
1720151850	1217141020	31	оберег защитный в машину на зеркало	BY_GMV	ASCENDING	1ecf1d6c-70a7-4fca-8a2e-475efd6fdc77	C06	62	1	NULL	NULL	NULL	0	0	RUB	canonical_chunks/product_queries_details_BY_GMV_ASC_C06.tsv
1720151850	1217141020	31	зеркало лева	BY_GMV	ASCENDING	1ecf1d6c-70a7-4fca-8a2e-475efd6fdc77	C06	63	1	NULL	NULL	NULL	0	0	RUB	canonical_chunks/product_queries_details_BY_GMV_ASC_C06.tsv
1720151850	1217141020	31	амулет в машину на зеркало мужской	BY_GMV	ASCENDING	1ecf1d6c-70a7-4fca-8a2e-475efd6fdc77	C06	64	3	NULL	NULL	NULL	0	0	RUB	canonical_chunks/product_queries_details_BY_GMV_ASC_C06.tsv
1720151850	1217141020	31	додвестка на машину	BY_GMV	ASCENDING	1ecf1d6c-70a7-4fca-8a2e-475efd6fdc77	C06	65	1	NULL	NULL	NULL	0	0	RUB	canonical_chunks/product_queries_details_BY_GMV_ASC_C06.tsv
1720151850	1217141020	31	подвечка на зеркало	BY_GMV	ASCENDING	1ecf1d6c-70a7-4fca-8a2e-475efd6fdc77	C06	66	1	NULL	NULL	NULL	0	0	RUB	canonical_chunks/product_queries_details_BY_GMV_ASC_C06.tsv
1720151850	1217141020	31	в машину красивая подвеска	BY_GMV	ASCENDING	1ecf1d6c-70a7-4fca-8a2e-475efd6fdc77	C06	67	1	NULL	NULL	NULL	0	0	RUB	canonical_chunks/product_queries_details_BY_GMV_ASC_C06.tsv
1720151850	1217141020	31	метла оберег	BY_GMV	ASCENDING	1ecf1d6c-70a7-4fca-8a2e-475efd6fdc77	C06	68	2	NULL	NULL	NULL	0	0	RUB	canonical_chunks/product_queries_details_BY_GMV_ASC_C06.tsv
1720151850	1217141020	31	брелок руна оберег	BY_GMV	ASCENDING	1ecf1d6c-70a7-4fca-8a2e-475efd6fdc77	C06	69	1	NULL	NULL	NULL	0	0	RUB	canonical_chunks/product_queries_details_BY_GMV_ASC_C06.tsv
1720151850	1217141020	31	магия оберег защитник	BY_GMV	ASCENDING	1ecf1d6c-70a7-4fca-8a2e-475efd6fdc77	C06	70	1	NULL	NULL	NULL	0	0	RUB	canonical_chunks/product_queries_details_BY_GMV_ASC_C06.tsv
1720151850	1217141020	31	dtlmvbyf gjldtcrf	BY_GMV	ASCENDING	1ecf1d6c-70a7-4fca-8a2e-475efd6fdc77	C06	71	1	NULL	NULL	NULL	0	0	RUB	canonical_chunks/product_queries_details_BY_GMV_ASC_C06.tsv
1720151850	1217141020	31	оберег подвеска в машину	BY_GMV	ASCENDING	1ecf1d6c-70a7-4fca-8a2e-475efd6fdc77	C06	72	4	NULL	NULL	NULL	0	0	RUB	canonical_chunks/product_queries_details_BY_GMV_ASC_C06.tsv
1720151850	1217141020	31	оберег славянский мужской в машину	BY_GMV	ASCENDING	1ecf1d6c-70a7-4fca-8a2e-475efd6fdc77	C06	73	1	NULL	NULL	NULL	0	0	RUB	canonical_chunks/product_queries_details_BY_GMV_ASC_C06.tsv
1720151850	1217141020	31	кулончик зеркало оберег	BY_GMV	ASCENDING	1ecf1d6c-70a7-4fca-8a2e-475efd6fdc77	C06	74	1	NULL	NULL	NULL	0	0	RUB	canonical_chunks/product_queries_details_BY_GMV_ASC_C06.tsv
1720151850	1217141020	31	оберег в машину от гибдд фига	BY_GMV	ASCENDING	1ecf1d6c-70a7-4fca-8a2e-475efd6fdc77	C06	75	1	NULL	NULL	NULL	0	0	RUB	canonical_chunks/product_queries_details_BY_GMV_ASC_C06.tsv
1720161841	1217152166	35	ведьмина подвеска	BY_GMV	ASCENDING	1ecf1d6c-70a7-4fca-8a2e-475efd6fdc77	C06	76	2	NULL	NULL	NULL	0	0	RUB	canonical_chunks/product_queries_details_BY_GMV_ASC_C06.tsv
1720161841	1217152166	35	бусы мужские черные телец	BY_GMV	ASCENDING	1ecf1d6c-70a7-4fca-8a2e-475efd6fdc77	C06	77	1	NULL	NULL	NULL	0	0	RUB	canonical_chunks/product_queries_details_BY_GMV_ASC_C06.tsv
1720161841	1217152166	35	амулет с зеркальцем	BY_GMV	ASCENDING	1ecf1d6c-70a7-4fca-8a2e-475efd6fdc77	C06	78	1	NULL	NULL	NULL	0	0	RUB	canonical_chunks/product_queries_details_BY_GMV_ASC_C06.tsv
1720161841	1217152166	35	брелок в машину на зеркало оберег сузуки на камне	BY_GMV	ASCENDING	1ecf1d6c-70a7-4fca-8a2e-475efd6fdc77	C06	79	1	NULL	NULL	NULL	0	0	RUB	canonical_chunks/product_queries_details_BY_GMV_ASC_C06.tsv
1720161841	1217152166	35	брелок мягкий телец	BY_GMV	ASCENDING	1ecf1d6c-70a7-4fca-8a2e-475efd6fdc77	C06	80	1	NULL	NULL	NULL	0	0	RUB	canonical_chunks/product_queries_details_BY_GMV_ASC_C06.tsv
1720161841	1217152166	35	брелок знак зодиака телец	BY_GMV	ASCENDING	1ecf1d6c-70a7-4fca-8a2e-475efd6fdc77	C06	81	4	NULL	NULL	NULL	0	0	RUB	canonical_chunks/product_queries_details_BY_GMV_ASC_C06.tsv
1720161841	1217152166	35	подвеска в машину оберег череп манула	BY_GMV	ASCENDING	1ecf1d6c-70a7-4fca-8a2e-475efd6fdc77	C06	82	1	NULL	NULL	NULL	0	0	RUB	canonical_chunks/product_queries_details_BY_GMV_ASC_C06.tsv
1720161841	1217152166	35	зеркало обгона для праворульных машин	BY_GMV	ASCENDING	1ecf1d6c-70a7-4fca-8a2e-475efd6fdc77	C06	83	2	NULL	NULL	NULL	0	0	RUB	canonical_chunks/product_queries_details_BY_GMV_ASC_C06.tsv
1720161841	1217152166	35	на зеркало в машину подвеска россия	BY_GMV	ASCENDING	1ecf1d6c-70a7-4fca-8a2e-475efd6fdc77	C06	84	2	NULL	NULL	NULL	0	0	RUB	canonical_chunks/product_queries_details_BY_GMV_ASC_C06.tsv
1720161841	1217152166	35	монстры на кан кулах подвеска в машину	BY_GMV	ASCENDING	1ecf1d6c-70a7-4fca-8a2e-475efd6fdc77	C06	85	1	NULL	NULL	NULL	0	0	RUB	canonical_chunks/product_queries_details_BY_GMV_ASC_C06.tsv
1720161841	1217152166	35	лапа орлиная настоящая в машину на зеркало	BY_GMV	ASCENDING	1ecf1d6c-70a7-4fca-8a2e-475efd6fdc77	C06	86	1	NULL	NULL	NULL	0	0	RUB	canonical_chunks/product_queries_details_BY_GMV_ASC_C06.tsv
1720161841	1217152166	35	брелок восьмерка в машину на зеркало	BY_GMV	ASCENDING	1ecf1d6c-70a7-4fca-8a2e-475efd6fdc77	C06	87	1	NULL	NULL	NULL	0	0	RUB	canonical_chunks/product_queries_details_BY_GMV_ASC_C06.tsv
1720161841	1217152166	35	на зеркало в авто оберег	BY_GMV	ASCENDING	1ecf1d6c-70a7-4fca-8a2e-475efd6fdc77	C06	88	1	NULL	NULL	NULL	0	0	RUB	canonical_chunks/product_queries_details_BY_GMV_ASC_C06.tsv
1720161841	1217152166	35	подвеска на зеркало машины	BY_GMV	ASCENDING	1ecf1d6c-70a7-4fca-8a2e-475efd6fdc77	C06	89	2	NULL	NULL	NULL	0	0	RUB	canonical_chunks/product_queries_details_BY_GMV_ASC_C06.tsv
1720161841	1217152166	35	волейбольные мячики в машину на зеркало	BY_GMV	ASCENDING	1ecf1d6c-70a7-4fca-8a2e-475efd6fdc77	C06	90	1	NULL	NULL	NULL	0	0	RUB	canonical_chunks/product_queries_details_BY_GMV_ASC_C06.tsv
1943215793	1498533114	37	амулет в машину мусульманский	BY_GMV	ASCENDING	a5f1cb05-dbb4-4f78-8469-b019a977283f	C07	1	1	NULL	NULL	NULL	0	0	RUB	canonical_chunks/product_queries_details_BY_GMV_ASC_C07.tsv
1943215793	1498533114	37	оберег на автомобиль	BY_GMV	ASCENDING	a5f1cb05-dbb4-4f78-8469-b019a977283f	C07	2	1	NULL	NULL	NULL	0	0	RUB	canonical_chunks/product_queries_details_BY_GMV_ASC_C07.tsv
1943215793	1498533114	37	набор декоративных кисточек с бусинами	BY_GMV	ASCENDING	a5f1cb05-dbb4-4f78-8469-b019a977283f	C07	3	1	NULL	NULL	NULL	0	0	RUB	canonical_chunks/product_queries_details_BY_GMV_ASC_C07.tsv
1943215793	1498533114	37	келейная книжица иоанна крестьянина молитва	BY_GMV	ASCENDING	a5f1cb05-dbb4-4f78-8469-b019a977283f	C07	4	1	NULL	NULL	NULL	0	0	RUB	canonical_chunks/product_queries_details_BY_GMV_ASC_C07.tsv
1943215793	1498533114	37	подвеска на зеркало в машину талисман	BY_GMV	ASCENDING	a5f1cb05-dbb4-4f78-8469-b019a977283f	C07	5	1	NULL	NULL	NULL	0	0	RUB	canonical_chunks/product_queries_details_BY_GMV_ASC_C07.tsv
1943215793	1498533114	37	иоанн хозевит	BY_GMV	ASCENDING	a5f1cb05-dbb4-4f78-8469-b019a977283f	C07	6	1	NULL	NULL	NULL	0	0	RUB	canonical_chunks/product_queries_details_BY_GMV_ASC_C07.tsv
1943215793	1498533114	37	подвеска в машину из бисера оберег	BY_GMV	ASCENDING	a5f1cb05-dbb4-4f78-8469-b019a977283f	C07	7	1	NULL	NULL	NULL	0	0	RUB	canonical_chunks/product_queries_details_BY_GMV_ASC_C07.tsv
1943215793	1498533114	37	молитвой деревянный православный	BY_GMV	ASCENDING	a5f1cb05-dbb4-4f78-8469-b019a977283f	C07	8	0	NULL	NULL	NULL	0	0	RUB	canonical_chunks/product_queries_details_BY_GMV_ASC_C07.tsv
1943215793	1498533114	37	в машину оберег с камнями	BY_GMV	ASCENDING	a5f1cb05-dbb4-4f78-8469-b019a977283f	C07	9	1	NULL	NULL	NULL	0	0	RUB	canonical_chunks/product_queries_details_BY_GMV_ASC_C07.tsv
1943215793	1498533114	37	плетеная подвеска оберег на зеркало	BY_GMV	ASCENDING	a5f1cb05-dbb4-4f78-8469-b019a977283f	C07	10	1	NULL	NULL	NULL	0	0	RUB	canonical_chunks/product_queries_details_BY_GMV_ASC_C07.tsv
1943215793	1498533114	37	оберег в машину от поломки позолота	BY_GMV	ASCENDING	a5f1cb05-dbb4-4f78-8469-b019a977283f	C07	11	1	NULL	NULL	NULL	0	0	RUB	canonical_chunks/product_queries_details_BY_GMV_ASC_C07.tsv
1943215793	1498533114	37	мини подвеска оберег	BY_GMV	ASCENDING	a5f1cb05-dbb4-4f78-8469-b019a977283f	C07	12	1	NULL	NULL	NULL	0	0	RUB	canonical_chunks/product_queries_details_BY_GMV_ASC_C07.tsv
1943215793	1498533114	37	лего машина не сло	BY_GMV	ASCENDING	a5f1cb05-dbb4-4f78-8469-b019a977283f	C07	13	0	NULL	NULL	NULL	0	0	RUB	canonical_chunks/product_queries_details_BY_GMV_ASC_C07.tsv
1943215793	1498533114	37	дерево оберег	BY_GMV	ASCENDING	a5f1cb05-dbb4-4f78-8469-b019a977283f	C07	14	1	NULL	NULL	NULL	0	0	RUB	canonical_chunks/product_queries_details_BY_GMV_ASC_C07.tsv
1943215793	1498533114	37	на зеркало автомобиля подвеска в машину	BY_GMV	ASCENDING	a5f1cb05-dbb4-4f78-8469-b019a977283f	C07	15	1	NULL	NULL	NULL	0	0	RUB	canonical_chunks/product_queries_details_BY_GMV_ASC_C07.tsv
2184098058	1831327502	41	додвеска в машину	BY_GMV	ASCENDING	a5f1cb05-dbb4-4f78-8469-b019a977283f	C07	16	1	NULL	NULL	NULL	0	0	RUB	canonical_chunks/product_queries_details_BY_GMV_ASC_C07.tsv
2184098058	1831327502	41	оберег чур славянский	BY_GMV	ASCENDING	a5f1cb05-dbb4-4f78-8469-b019a977283f	C07	17	1	NULL	NULL	NULL	0	0	RUB	canonical_chunks/product_queries_details_BY_GMV_ASC_C07.tsv
2184098058	1831327502	41	подвеска в авто на зеркало руны	BY_GMV	ASCENDING	a5f1cb05-dbb4-4f78-8469-b019a977283f	C07	18	1	NULL	NULL	NULL	0	0	RUB	canonical_chunks/product_queries_details_BY_GMV_ASC_C07.tsv
2184098058	1831327502	41	сварог подвеска	BY_GMV	ASCENDING	a5f1cb05-dbb4-4f78-8469-b019a977283f	C07	19	1	NULL	NULL	NULL	0	0	RUB	canonical_chunks/product_queries_details_BY_GMV_ASC_C07.tsv
2184098058	1831327502	41	подвеска в машину род войск	BY_GMV	ASCENDING	a5f1cb05-dbb4-4f78-8469-b019a977283f	C07	20	1	NULL	NULL	NULL	0	0	RUB	canonical_chunks/product_queries_details_BY_GMV_ASC_C07.tsv
2184098058	1831327502	41	сварог оберег в машину	BY_GMV	ASCENDING	a5f1cb05-dbb4-4f78-8469-b019a977283f	C07	21	1	NULL	NULL	NULL	0	0	RUB	canonical_chunks/product_queries_details_BY_GMV_ASC_C07.tsv
2184098058	1831327502	41	оберег славянский в машину на стекло	BY_GMV	ASCENDING	a5f1cb05-dbb4-4f78-8469-b019a977283f	C07	22	1	NULL	NULL	NULL	0	0	RUB	canonical_chunks/product_queries_details_BY_GMV_ASC_C07.tsv
2184098058	1831327502	41	славянские боги дерево	BY_GMV	ASCENDING	a5f1cb05-dbb4-4f78-8469-b019a977283f	C07	23	1	NULL	NULL	NULL	0	0	RUB	canonical_chunks/product_queries_details_BY_GMV_ASC_C07.tsv
2184098058	1831327502	41	амулет славянский ветер	BY_GMV	ASCENDING	a5f1cb05-dbb4-4f78-8469-b019a977283f	C07	24	1	NULL	NULL	NULL	0	0	RUB	canonical_chunks/product_queries_details_BY_GMV_ASC_C07.tsv
2184098058	1831327502	41	подвески на зеркало для авто	BY_GMV	ASCENDING	a5f1cb05-dbb4-4f78-8469-b019a977283f	C07	25	1	NULL	NULL	NULL	0	0	RUB	canonical_chunks/product_queries_details_BY_GMV_ASC_C07.tsv
2184098058	1831327502	41	коловрат в машину на зеркало	BY_GMV	ASCENDING	a5f1cb05-dbb4-4f78-8469-b019a977283f	C07	26	2	NULL	NULL	NULL	0	0	RUB	canonical_chunks/product_queries_details_BY_GMV_ASC_C07.tsv
2184098058	1831327502	41	славянский	BY_GMV	ASCENDING	a5f1cb05-dbb4-4f78-8469-b019a977283f	C07	27	27	NULL	NULL	NULL	0	0	RUB	canonical_chunks/product_queries_details_BY_GMV_ASC_C07.tsv
2184098058	1831327502	41	набор славянские боги дерево	BY_GMV	ASCENDING	a5f1cb05-dbb4-4f78-8469-b019a977283f	C07	28	1	NULL	NULL	NULL	0	0	RUB	canonical_chunks/product_queries_details_BY_GMV_ASC_C07.tsv
2184098058	1831327502	41	славянский талисман подвеска	BY_GMV	ASCENDING	a5f1cb05-dbb4-4f78-8469-b019a977283f	C07	29	1	NULL	NULL	NULL	0	0	RUB	canonical_chunks/product_queries_details_BY_GMV_ASC_C07.tsv
2184098058	1831327502	41	блестящий брелок в машину на зеркало ведьмочка	BY_GMV	ASCENDING	a5f1cb05-dbb4-4f78-8469-b019a977283f	C07	30	1	NULL	NULL	NULL	0	0	RUB	canonical_chunks/product_queries_details_BY_GMV_ASC_C07.tsv
2183985513	1831181558	40	гобелен перун	BY_GMV	ASCENDING	a5f1cb05-dbb4-4f78-8469-b019a977283f	C07	31	2	NULL	NULL	NULL	0	0	RUB	canonical_chunks/product_queries_details_BY_GMV_ASC_C07.tsv
2183985513	1831181558	40	деревянные славянские боги	BY_GMV	ASCENDING	a5f1cb05-dbb4-4f78-8469-b019a977283f	C07	32	1	NULL	NULL	NULL	0	0	RUB	canonical_chunks/product_queries_details_BY_GMV_ASC_C07.tsv
2183985513	1831181558	40	боковые зеркала на машину спасио 1999	BY_GMV	ASCENDING	a5f1cb05-dbb4-4f78-8469-b019a977283f	C07	33	1	NULL	NULL	NULL	0	0	RUB	canonical_chunks/product_queries_details_BY_GMV_ASC_C07.tsv
2183985513	1831181558	40	висючка в машину на зеркало мчс	BY_GMV	ASCENDING	a5f1cb05-dbb4-4f78-8469-b019a977283f	C07	34	1	NULL	NULL	NULL	0	0	RUB	canonical_chunks/product_queries_details_BY_GMV_ASC_C07.tsv
2183985513	1831181558	40	зеркало толи	BY_GMV	ASCENDING	a5f1cb05-dbb4-4f78-8469-b019a977283f	C07	35	3	NULL	NULL	NULL	0	0	RUB	canonical_chunks/product_queries_details_BY_GMV_ASC_C07.tsv
2183985513	1831181558	40	цепочка славянская	BY_GMV	ASCENDING	a5f1cb05-dbb4-4f78-8469-b019a977283f	C07	36	10	NULL	NULL	NULL	0	0	RUB	canonical_chunks/product_queries_details_BY_GMV_ASC_C07.tsv
2183985513	1831181558	40	бог амулет	BY_GMV	ASCENDING	a5f1cb05-dbb4-4f78-8469-b019a977283f	C07	37	1	NULL	NULL	NULL	0	0	RUB	canonical_chunks/product_queries_details_BY_GMV_ASC_C07.tsv
2183985513	1831181558	40	амулет оберег	BY_GMV	ASCENDING	a5f1cb05-dbb4-4f78-8469-b019a977283f	C07	38	13	NULL	NULL	NULL	0	0	RUB	canonical_chunks/product_queries_details_BY_GMV_ASC_C07.tsv
2183985513	1831181558	40	славянские традиции	BY_GMV	ASCENDING	a5f1cb05-dbb4-4f78-8469-b019a977283f	C07	39	3	NULL	NULL	NULL	0	0	RUB	canonical_chunks/product_queries_details_BY_GMV_ASC_C07.tsv
2183985513	1831181558	40	оберег на зеркало в машину	BY_GMV	ASCENDING	a5f1cb05-dbb4-4f78-8469-b019a977283f	C07	40	4	NULL	NULL	NULL	0	0	RUB	canonical_chunks/product_queries_details_BY_GMV_ASC_C07.tsv
2183985513	1831181558	40	подвеска на зеркало в машину	BY_GMV	ASCENDING	a5f1cb05-dbb4-4f78-8469-b019a977283f	C07	41	1307	NULL	NULL	NULL	0	0	RUB	canonical_chunks/product_queries_details_BY_GMV_ASC_C07.tsv
2183985513	1831181558	40	в машину на зеркало подвеска женская	BY_GMV	ASCENDING	a5f1cb05-dbb4-4f78-8469-b019a977283f	C07	42	3	NULL	NULL	NULL	0	0	RUB	canonical_chunks/product_queries_details_BY_GMV_ASC_C07.tsv
2183985513	1831181558	40	в машину на зеркало подвеска	BY_GMV	ASCENDING	a5f1cb05-dbb4-4f78-8469-b019a977283f	C07	43	13	NULL	NULL	NULL	0	0	RUB	canonical_chunks/product_queries_details_BY_GMV_ASC_C07.tsv
2183985513	1831181558	40	свеча перун	BY_GMV	ASCENDING	a5f1cb05-dbb4-4f78-8469-b019a977283f	C07	44	2	NULL	NULL	NULL	0	0	RUB	canonical_chunks/product_queries_details_BY_GMV_ASC_C07.tsv
2183985513	1831181558	40	брелок на машину звезда воровская на зеркало	BY_GMV	ASCENDING	a5f1cb05-dbb4-4f78-8469-b019a977283f	C07	45	1	NULL	NULL	NULL	0	0	RUB	canonical_chunks/product_queries_details_BY_GMV_ASC_C07.tsv
2184133137	1831377069	42	мусульманский оберег на веревочке	BY_GMV	ASCENDING	a5f1cb05-dbb4-4f78-8469-b019a977283f	C07	46	1	NULL	NULL	NULL	0	0	RUB	canonical_chunks/product_queries_details_BY_GMV_ASC_C07.tsv
2184133137	1831377069	42	имперский штурмовик подвеска в машину на зеркало	BY_GMV	ASCENDING	a5f1cb05-dbb4-4f78-8469-b019a977283f	C07	47	1	NULL	NULL	NULL	0	0	RUB	canonical_chunks/product_queries_details_BY_GMV_ASC_C07.tsv
2184133137	1831377069	42	оберег от крадников	BY_GMV	ASCENDING	a5f1cb05-dbb4-4f78-8469-b019a977283f	C07	48	1	NULL	NULL	NULL	0	0	RUB	canonical_chunks/product_queries_details_BY_GMV_ASC_C07.tsv
2184133137	1831377069	42	крюковая подвеска сувенир в машину	BY_GMV	ASCENDING	a5f1cb05-dbb4-4f78-8469-b019a977283f	C07	49	1	NULL	NULL	NULL	0	0	RUB	canonical_chunks/product_queries_details_BY_GMV_ASC_C07.tsv
2184133137	1831377069	42	амулет в машину от сглаза	BY_GMV	ASCENDING	a5f1cb05-dbb4-4f78-8469-b019a977283f	C07	50	2	NULL	NULL	NULL	0	0	RUB	canonical_chunks/product_queries_details_BY_GMV_ASC_C07.tsv
2184133137	1831377069	42	зеркальный амулет	BY_GMV	ASCENDING	a5f1cb05-dbb4-4f78-8469-b019a977283f	C07	51	13	NULL	NULL	NULL	0	0	RUB	canonical_chunks/product_queries_details_BY_GMV_ASC_C07.tsv
2184133137	1831377069	42	молд берегиня макошь	BY_GMV	ASCENDING	a5f1cb05-dbb4-4f78-8469-b019a977283f	C07	52	1	NULL	NULL	NULL	0	0	RUB	canonical_chunks/product_queries_details_BY_GMV_ASC_C07.tsv
2184133137	1831377069	42	подвеска на зеркало в машину фигурка гимнаст	BY_GMV	ASCENDING	a5f1cb05-dbb4-4f78-8469-b019a977283f	C07	53	1	NULL	NULL	NULL	0	0	RUB	canonical_chunks/product_queries_details_BY_GMV_ASC_C07.tsv
2184133137	1831377069	42	оберёг в автомобишь	BY_GMV	ASCENDING	a5f1cb05-dbb4-4f78-8469-b019a977283f	C07	54	1	NULL	NULL	NULL	0	0	RUB	canonical_chunks/product_queries_details_BY_GMV_ASC_C07.tsv
2184133137	1831377069	42	армянский барабан на машину подвеска	BY_GMV	ASCENDING	a5f1cb05-dbb4-4f78-8469-b019a977283f	C07	55	1	NULL	NULL	NULL	0	0	RUB	canonical_chunks/product_queries_details_BY_GMV_ASC_C07.tsv
2184133137	1831377069	42	брелок на авто славянская на зеркало	BY_GMV	ASCENDING	a5f1cb05-dbb4-4f78-8469-b019a977283f	C07	56	1	NULL	NULL	NULL	0	0	RUB	canonical_chunks/product_queries_details_BY_GMV_ASC_C07.tsv
2184133137	1831377069	42	деревянные подвески в автомобиль	BY_GMV	ASCENDING	a5f1cb05-dbb4-4f78-8469-b019a977283f	C07	57	1	NULL	NULL	NULL	0	0	RUB	canonical_chunks/product_queries_details_BY_GMV_ASC_C07.tsv
2184133137	1831377069	42	амулет подвеска талисман	BY_GMV	ASCENDING	a5f1cb05-dbb4-4f78-8469-b019a977283f	C07	58	1	NULL	NULL	NULL	0	0	RUB	canonical_chunks/product_queries_details_BY_GMV_ASC_C07.tsv
2184133137	1831377069	42	оберег в автомобиль	BY_GMV	ASCENDING	a5f1cb05-dbb4-4f78-8469-b019a977283f	C07	59	11	NULL	NULL	NULL	0	0	RUB	canonical_chunks/product_queries_details_BY_GMV_ASC_C07.tsv
2184133137	1831377069	42	аксессуар в машину женское	BY_GMV	ASCENDING	a5f1cb05-dbb4-4f78-8469-b019a977283f	C07	60	1	NULL	NULL	NULL	0	0	RUB	canonical_chunks/product_queries_details_BY_GMV_ASC_C07.tsv
2183808182	1830964558	38	бог подвеска	BY_GMV	ASCENDING	a5f1cb05-dbb4-4f78-8469-b019a977283f	C07	61	1	NULL	NULL	NULL	0	0	RUB	canonical_chunks/product_queries_details_BY_GMV_ASC_C07.tsv
2183808182	1830964558	38	подвеска в машину на зеркало дракон	BY_GMV	ASCENDING	a5f1cb05-dbb4-4f78-8469-b019a977283f	C07	62	2	NULL	NULL	NULL	0	0	RUB	canonical_chunks/product_queries_details_BY_GMV_ASC_C07.tsv
2183808182	1830964558	38	богиня жива амулет	BY_GMV	ASCENDING	a5f1cb05-dbb4-4f78-8469-b019a977283f	C07	63	1	NULL	NULL	NULL	0	0	RUB	canonical_chunks/product_queries_details_BY_GMV_ASC_C07.tsv
2183808182	1830964558	38	славянские смулетв жива	BY_GMV	ASCENDING	a5f1cb05-dbb4-4f78-8469-b019a977283f	C07	64	1	NULL	NULL	NULL	0	0	RUB	canonical_chunks/product_queries_details_BY_GMV_ASC_C07.tsv
2183808182	1830964558	38	берег бог	BY_GMV	ASCENDING	a5f1cb05-dbb4-4f78-8469-b019a977283f	C07	65	1	NULL	NULL	NULL	0	0	RUB	canonical_chunks/product_queries_details_BY_GMV_ASC_C07.tsv
2183808182	1830964558	38	подвеска в машину на зеркало оберег	BY_GMV	ASCENDING	a5f1cb05-dbb4-4f78-8469-b019a977283f	C07	66	3	NULL	NULL	NULL	0	0	RUB	canonical_chunks/product_queries_details_BY_GMV_ASC_C07.tsv
2183808182	1830964558	38	путник оберег	BY_GMV	ASCENDING	a5f1cb05-dbb4-4f78-8469-b019a977283f	C07	67	1	NULL	NULL	NULL	0	0	RUB	canonical_chunks/product_queries_details_BY_GMV_ASC_C07.tsv
2183808182	1830964558	38	славянский оберег из дерева	BY_GMV	ASCENDING	a5f1cb05-dbb4-4f78-8469-b019a977283f	C07	68	3	NULL	NULL	NULL	0	0	RUB	canonical_chunks/product_queries_details_BY_GMV_ASC_C07.tsv
2183808182	1830964558	38	деревянный амулет	BY_GMV	ASCENDING	a5f1cb05-dbb4-4f78-8469-b019a977283f	C07	69	1	NULL	NULL	NULL	0	0	RUB	canonical_chunks/product_queries_details_BY_GMV_ASC_C07.tsv
2183808182	1830964558	38	славянские боги и богини	BY_GMV	ASCENDING	a5f1cb05-dbb4-4f78-8469-b019a977283f	C07	70	1	NULL	NULL	NULL	0	0	RUB	canonical_chunks/product_queries_details_BY_GMV_ASC_C07.tsv
2183808182	1830964558	38	славянский оберег чур	BY_GMV	ASCENDING	a5f1cb05-dbb4-4f78-8469-b019a977283f	C07	71	1	NULL	NULL	NULL	0	0	RUB	canonical_chunks/product_queries_details_BY_GMV_ASC_C07.tsv
2183808182	1830964558	38	талимсаны	BY_GMV	ASCENDING	a5f1cb05-dbb4-4f78-8469-b019a977283f	C07	72	1	NULL	NULL	NULL	0	0	RUB	canonical_chunks/product_queries_details_BY_GMV_ASC_C07.tsv
2183808182	1830964558	38	славянский оберег подвеска	BY_GMV	ASCENDING	a5f1cb05-dbb4-4f78-8469-b019a977283f	C07	73	10	NULL	NULL	NULL	0	0	RUB	canonical_chunks/product_queries_details_BY_GMV_ASC_C07.tsv
2183808182	1830964558	38	украшения предков	BY_GMV	ASCENDING	a5f1cb05-dbb4-4f78-8469-b019a977283f	C07	74	1	NULL	NULL	NULL	0	0	RUB	canonical_chunks/product_queries_details_BY_GMV_ASC_C07.tsv
2183808182	1830964558	38	амулет на любовь	BY_GMV	ASCENDING	a5f1cb05-dbb4-4f78-8469-b019a977283f	C07	75	2	NULL	NULL	NULL	0	0	RUB	canonical_chunks/product_queries_details_BY_GMV_ASC_C07.tsv
2183921966	1831102037	39	славянский оберег женский	BY_GMV	ASCENDING	a5f1cb05-dbb4-4f78-8469-b019a977283f	C07	76	50	NULL	NULL	NULL	0	0	RUB	canonical_chunks/product_queries_details_BY_GMV_ASC_C07.tsv
2183921966	1831102037	39	оберег перуна	BY_GMV	ASCENDING	a5f1cb05-dbb4-4f78-8469-b019a977283f	C07	77	12	NULL	NULL	NULL	0	0	RUB	canonical_chunks/product_queries_details_BY_GMV_ASC_C07.tsv
2183921966	1831102037	39	зеркальная защита амулет	BY_GMV	ASCENDING	a5f1cb05-dbb4-4f78-8469-b019a977283f	C07	78	13	NULL	NULL	NULL	0	0	RUB	canonical_chunks/product_queries_details_BY_GMV_ASC_C07.tsv
2183921966	1831102037	39	подвеска на зеркало в машине	BY_GMV	ASCENDING	a5f1cb05-dbb4-4f78-8469-b019a977283f	C07	79	2	NULL	NULL	NULL	0	0	RUB	canonical_chunks/product_queries_details_BY_GMV_ASC_C07.tsv
2183921966	1831102037	39	для машины оберег	BY_GMV	ASCENDING	a5f1cb05-dbb4-4f78-8469-b019a977283f	C07	80	2	NULL	NULL	NULL	0	0	RUB	canonical_chunks/product_queries_details_BY_GMV_ASC_C07.tsv
2183921966	1831102037	39	молот сварога подвеска	BY_GMV	ASCENDING	a5f1cb05-dbb4-4f78-8469-b019a977283f	C07	81	9	NULL	NULL	NULL	0	0	RUB	canonical_chunks/product_queries_details_BY_GMV_ASC_C07.tsv
2183921966	1831102037	39	славянский оберег велес	BY_GMV	ASCENDING	a5f1cb05-dbb4-4f78-8469-b019a977283f	C07	82	2	NULL	NULL	NULL	0	0	RUB	canonical_chunks/product_queries_details_BY_GMV_ASC_C07.tsv
2183921966	1831102037	39	подвеска оберег от сглаза	BY_GMV	ASCENDING	a5f1cb05-dbb4-4f78-8469-b019a977283f	C07	83	4	NULL	NULL	NULL	0	0	RUB	canonical_chunks/product_queries_details_BY_GMV_ASC_C07.tsv
2183921966	1831102037	39	перуница оберег	BY_GMV	ASCENDING	a5f1cb05-dbb4-4f78-8469-b019a977283f	C07	84	7	NULL	NULL	NULL	0	0	RUB	canonical_chunks/product_queries_details_BY_GMV_ASC_C07.tsv
2183921966	1831102037	39	оберег на руку	BY_GMV	ASCENDING	a5f1cb05-dbb4-4f78-8469-b019a977283f	C07	85	19	NULL	NULL	NULL	0	0	RUB	canonical_chunks/product_queries_details_BY_GMV_ASC_C07.tsv
2183921966	1831102037	39	оберег	BY_GMV	ASCENDING	a5f1cb05-dbb4-4f78-8469-b019a977283f	C07	86	4516	NULL	NULL	NULL	0	0	RUB	canonical_chunks/product_queries_details_BY_GMV_ASC_C07.tsv
2183921966	1831102037	39	оберёг в машину	BY_GMV	ASCENDING	a5f1cb05-dbb4-4f78-8469-b019a977283f	C07	87	2	NULL	NULL	NULL	0	0	RUB	canonical_chunks/product_queries_details_BY_GMV_ASC_C07.tsv
2183921966	1831102037	39	оберег зеркало	BY_GMV	ASCENDING	a5f1cb05-dbb4-4f78-8469-b019a977283f	C07	88	10	NULL	NULL	NULL	0	0	RUB	canonical_chunks/product_queries_details_BY_GMV_ASC_C07.tsv
2183921966	1831102037	39	mirroreffect брелок оберег с зеркалом	BY_GMV	ASCENDING	a5f1cb05-dbb4-4f78-8469-b019a977283f	C07	89	1	NULL	NULL	NULL	0	0	RUB	canonical_chunks/product_queries_details_BY_GMV_ASC_C07.tsv
2183921966	1831102037	39	подвеска на зеркало машины	BY_GMV	ASCENDING	a5f1cb05-dbb4-4f78-8469-b019a977283f	C07	90	5	NULL	NULL	NULL	0	0	RUB	canonical_chunks/product_queries_details_BY_GMV_ASC_C07.tsv
2184168890	1831422362	44	амулет крес славян	BY_GMV	ASCENDING	2232d689-98a0-4111-b048-d4e4ad3b7630	C08	1	1	NULL	NULL	NULL	0	0	RUB	canonical_chunks/product_queries_details_BY_GMV_ASC_C08.tsv
2184168890	1831422362	44	монстры на кан кулах подвеска в машину	BY_GMV	ASCENDING	2232d689-98a0-4111-b048-d4e4ad3b7630	C08	2	1	NULL	NULL	NULL	0	0	RUB	canonical_chunks/product_queries_details_BY_GMV_ASC_C08.tsv
2184168890	1831422362	44	четки талисман	BY_GMV	ASCENDING	2232d689-98a0-4111-b048-d4e4ad3b7630	C08	3	1	NULL	NULL	NULL	0	0	RUB	canonical_chunks/product_queries_details_BY_GMV_ASC_C08.tsv
2184168890	1831422362	44	подвеска от порчи	BY_GMV	ASCENDING	2232d689-98a0-4111-b048-d4e4ad3b7630	C08	4	3	NULL	NULL	NULL	0	0	RUB	canonical_chunks/product_queries_details_BY_GMV_ASC_C08.tsv
2184168890	1831422362	44	крес в машину	BY_GMV	ASCENDING	2232d689-98a0-4111-b048-d4e4ad3b7630	C08	5	2	NULL	NULL	NULL	0	0	RUB	canonical_chunks/product_queries_details_BY_GMV_ASC_C08.tsv
2184168890	1831422362	44	коловрат оберег в машину	BY_GMV	ASCENDING	2232d689-98a0-4111-b048-d4e4ad3b7630	C08	6	1	NULL	NULL	NULL	0	0	RUB	canonical_chunks/product_queries_details_BY_GMV_ASC_C08.tsv
2184168890	1831422362	44	на зеркало в машину подвеска россия	BY_GMV	ASCENDING	2232d689-98a0-4111-b048-d4e4ad3b7630	C08	7	1	NULL	NULL	NULL	0	0	RUB	canonical_chunks/product_queries_details_BY_GMV_ASC_C08.tsv
2184168890	1831422362	44	зеркало подвеска оберег	BY_GMV	ASCENDING	2232d689-98a0-4111-b048-d4e4ad3b7630	C08	8	1	NULL	NULL	NULL	0	0	RUB	canonical_chunks/product_queries_details_BY_GMV_ASC_C08.tsv
2184168890	1831422362	44	амулет из дерева	BY_GMV	ASCENDING	2232d689-98a0-4111-b048-d4e4ad3b7630	C08	9	1	NULL	NULL	NULL	0	0	RUB	canonical_chunks/product_queries_details_BY_GMV_ASC_C08.tsv
2184168890	1831422362	44	брелок в машину на зеркало пушистики	BY_GMV	ASCENDING	2232d689-98a0-4111-b048-d4e4ad3b7630	C08	10	0	NULL	NULL	NULL	0	0	RUB	canonical_chunks/product_queries_details_BY_GMV_ASC_C08.tsv
2184168890	1831422362	44	подвеска в машину мусульманская бисмила	BY_GMV	ASCENDING	2232d689-98a0-4111-b048-d4e4ad3b7630	C08	11	1	NULL	NULL	NULL	0	0	RUB	canonical_chunks/product_queries_details_BY_GMV_ASC_C08.tsv
2184168890	1831422362	44	подвеска зеркал в машине	BY_GMV	ASCENDING	2232d689-98a0-4111-b048-d4e4ad3b7630	C08	12	1	NULL	NULL	NULL	0	0	RUB	canonical_chunks/product_queries_details_BY_GMV_ASC_C08.tsv
2184168890	1831422362	44	велес оберег подвеска	BY_GMV	ASCENDING	2232d689-98a0-4111-b048-d4e4ad3b7630	C08	13	2	NULL	NULL	NULL	0	0	RUB	canonical_chunks/product_queries_details_BY_GMV_ASC_C08.tsv
2184168890	1831422362	44	обереги из дерева	BY_GMV	ASCENDING	2232d689-98a0-4111-b048-d4e4ad3b7630	C08	14	2	NULL	NULL	NULL	0	0	RUB	canonical_chunks/product_queries_details_BY_GMV_ASC_C08.tsv
2184168890	1831422362	44	оберег в карман в машину	BY_GMV	ASCENDING	2232d689-98a0-4111-b048-d4e4ad3b7630	C08	15	1	NULL	NULL	NULL	0	0	RUB	canonical_chunks/product_queries_details_BY_GMV_ASC_C08.tsv
2184234912	1831506538	46	амулет звезда лады	BY_GMV	ASCENDING	2232d689-98a0-4111-b048-d4e4ad3b7630	C08	16	4	NULL	NULL	NULL	0	0	RUB	canonical_chunks/product_queries_details_BY_GMV_ASC_C08.tsv
2184234912	1831506538	46	берет вв мвд на зеркало в машину	BY_GMV	ASCENDING	2232d689-98a0-4111-b048-d4e4ad3b7630	C08	17	1	NULL	NULL	NULL	0	0	RUB	canonical_chunks/product_queries_details_BY_GMV_ASC_C08.tsv
2184234912	1831506538	46	коловрат амулет	BY_GMV	ASCENDING	2232d689-98a0-4111-b048-d4e4ad3b7630	C08	18	2	NULL	NULL	NULL	0	0	RUB	canonical_chunks/product_queries_details_BY_GMV_ASC_C08.tsv
2184234912	1831506538	46	брелок славянский оберег	BY_GMV	ASCENDING	2232d689-98a0-4111-b048-d4e4ad3b7630	C08	19	6	NULL	NULL	NULL	0	0	RUB	canonical_chunks/product_queries_details_BY_GMV_ASC_C08.tsv
2184234912	1831506538	46	амулет славянский из дерева для творчества	BY_GMV	ASCENDING	2232d689-98a0-4111-b048-d4e4ad3b7630	C08	20	1	NULL	NULL	NULL	0	0	RUB	canonical_chunks/product_queries_details_BY_GMV_ASC_C08.tsv
2184234912	1831506538	46	руны в машину	BY_GMV	ASCENDING	2232d689-98a0-4111-b048-d4e4ad3b7630	C08	21	2	NULL	NULL	NULL	0	0	RUB	canonical_chunks/product_queries_details_BY_GMV_ASC_C08.tsv
2184234912	1831506538	46	амулет в машину на зеркало мужской	BY_GMV	ASCENDING	2232d689-98a0-4111-b048-d4e4ad3b7630	C08	22	4	NULL	NULL	NULL	0	0	RUB	canonical_chunks/product_queries_details_BY_GMV_ASC_C08.tsv
2184234912	1831506538	46	акриловые звезды подвески	BY_GMV	ASCENDING	2232d689-98a0-4111-b048-d4e4ad3b7630	C08	23	1	NULL	NULL	NULL	0	0	RUB	canonical_chunks/product_queries_details_BY_GMV_ASC_C08.tsv
2184234912	1831506538	46	богиня лада бусина	BY_GMV	ASCENDING	2232d689-98a0-4111-b048-d4e4ad3b7630	C08	24	1	NULL	NULL	NULL	0	0	RUB	canonical_chunks/product_queries_details_BY_GMV_ASC_C08.tsv
2184234912	1831506538	46	амулеты обереги и талисманы славянские наклейки на телефон	BY_GMV	ASCENDING	2232d689-98a0-4111-b048-d4e4ad3b7630	C08	25	1	NULL	NULL	NULL	0	0	RUB	canonical_chunks/product_queries_details_BY_GMV_ASC_C08.tsv
2184234912	1831506538	46	амулет зеркальный	BY_GMV	ASCENDING	2232d689-98a0-4111-b048-d4e4ad3b7630	C08	26	5	NULL	NULL	NULL	0	0	RUB	canonical_chunks/product_queries_details_BY_GMV_ASC_C08.tsv
2184234912	1831506538	46	славянские обереги на шею	BY_GMV	ASCENDING	2232d689-98a0-4111-b048-d4e4ad3b7630	C08	27	2	NULL	NULL	NULL	0	0	RUB	canonical_chunks/product_queries_details_BY_GMV_ASC_C08.tsv
2184234912	1831506538	46	висюльки в машину на зеркало череп обезьяна	BY_GMV	ASCENDING	2232d689-98a0-4111-b048-d4e4ad3b7630	C08	28	1	NULL	NULL	NULL	0	0	RUB	canonical_chunks/product_queries_details_BY_GMV_ASC_C08.tsv
2184234912	1831506538	46	амулеты подвески	BY_GMV	ASCENDING	2232d689-98a0-4111-b048-d4e4ad3b7630	C08	29	1	NULL	NULL	NULL	0	0	RUB	canonical_chunks/product_queries_details_BY_GMV_ASC_C08.tsv
2184234912	1831506538	46	бусина славянская	BY_GMV	ASCENDING	2232d689-98a0-4111-b048-d4e4ad3b7630	C08	30	2	NULL	NULL	NULL	0	0	RUB	canonical_chunks/product_queries_details_BY_GMV_ASC_C08.tsv
2184932293	1832435919	47	для салона машины подвеска	BY_GMV	ASCENDING	2232d689-98a0-4111-b048-d4e4ad3b7630	C08	31	0	NULL	NULL	NULL	0	0	RUB	canonical_chunks/product_queries_details_BY_GMV_ASC_C08.tsv
2184932293	1832435919	47	зеркальная защита амулет	BY_GMV	ASCENDING	2232d689-98a0-4111-b048-d4e4ad3b7630	C08	32	13	NULL	NULL	NULL	0	0	RUB	canonical_chunks/product_queries_details_BY_GMV_ASC_C08.tsv
2184932293	1832435919	47	вонючка в машину архангел михаил на зеркало	BY_GMV	ASCENDING	2232d689-98a0-4111-b048-d4e4ad3b7630	C08	33	1	NULL	NULL	NULL	0	0	RUB	canonical_chunks/product_queries_details_BY_GMV_ASC_C08.tsv
2184932293	1832435919	47	подвеска в машину языческая	BY_GMV	ASCENDING	2232d689-98a0-4111-b048-d4e4ad3b7630	C08	34	1	NULL	NULL	NULL	0	0	RUB	canonical_chunks/product_queries_details_BY_GMV_ASC_C08.tsv
2184932293	1832435919	47	оберег в автомобиль	BY_GMV	ASCENDING	2232d689-98a0-4111-b048-d4e4ad3b7630	C08	35	19	NULL	NULL	NULL	0	0	RUB	canonical_chunks/product_queries_details_BY_GMV_ASC_C08.tsv
2184932293	1832435919	47	даждьбог бусина	BY_GMV	ASCENDING	2232d689-98a0-4111-b048-d4e4ad3b7630	C08	36	1	NULL	NULL	NULL	0	0	RUB	canonical_chunks/product_queries_details_BY_GMV_ASC_C08.tsv
2184932293	1832435919	47	славянские обереги для мужчин	BY_GMV	ASCENDING	2232d689-98a0-4111-b048-d4e4ad3b7630	C08	37	22	NULL	NULL	NULL	0	0	RUB	canonical_chunks/product_queries_details_BY_GMV_ASC_C08.tsv
2184932293	1832435919	47	славянское солнце	BY_GMV	ASCENDING	2232d689-98a0-4111-b048-d4e4ad3b7630	C08	38	5	NULL	NULL	NULL	0	0	RUB	canonical_chunks/product_queries_details_BY_GMV_ASC_C08.tsv
2184932293	1832435919	47	висючка в машину на зеркало люстра	BY_GMV	ASCENDING	2232d689-98a0-4111-b048-d4e4ad3b7630	C08	39	0	NULL	NULL	NULL	0	0	RUB	canonical_chunks/product_queries_details_BY_GMV_ASC_C08.tsv
2184932293	1832435919	47	украшение в машину на зеркало оберег	BY_GMV	ASCENDING	2232d689-98a0-4111-b048-d4e4ad3b7630	C08	40	1	NULL	NULL	NULL	0	0	RUB	canonical_chunks/product_queries_details_BY_GMV_ASC_C08.tsv
2184932293	1832435919	47	зеркало амулет	BY_GMV	ASCENDING	2232d689-98a0-4111-b048-d4e4ad3b7630	C08	41	7	NULL	NULL	NULL	0	0	RUB	canonical_chunks/product_queries_details_BY_GMV_ASC_C08.tsv
2184932293	1832435919	47	кимоно в машину на зеркало самбо	BY_GMV	ASCENDING	2232d689-98a0-4111-b048-d4e4ad3b7630	C08	42	1	NULL	NULL	NULL	0	0	RUB	canonical_chunks/product_queries_details_BY_GMV_ASC_C08.tsv
2184932293	1832435919	47	красивая подвеска на авто	BY_GMV	ASCENDING	2232d689-98a0-4111-b048-d4e4ad3b7630	C08	43	1	NULL	NULL	NULL	0	0	RUB	canonical_chunks/product_queries_details_BY_GMV_ASC_C08.tsv
2184932293	1832435919	47	боги славянские	BY_GMV	ASCENDING	2232d689-98a0-4111-b048-d4e4ad3b7630	C08	44	1	NULL	NULL	NULL	0	0	RUB	canonical_chunks/product_queries_details_BY_GMV_ASC_C08.tsv
2184932293	1832435919	47	висюяка на зеркало в машину хавал	BY_GMV	ASCENDING	2232d689-98a0-4111-b048-d4e4ad3b7630	C08	45	1	NULL	NULL	NULL	0	0	RUB	canonical_chunks/product_queries_details_BY_GMV_ASC_C08.tsv
2184153852	1831403746	43	амулет славянский из дерева для творчества	BY_GMV	ASCENDING	2232d689-98a0-4111-b048-d4e4ad3b7630	C08	46	1	NULL	NULL	NULL	0	0	RUB	canonical_chunks/product_queries_details_BY_GMV_ASC_C08.tsv
2184153852	1831403746	43	в машину защита от сглаза	BY_GMV	ASCENDING	2232d689-98a0-4111-b048-d4e4ad3b7630	C08	47	1	NULL	NULL	NULL	0	0	RUB	canonical_chunks/product_queries_details_BY_GMV_ASC_C08.tsv
2184153852	1831403746	43	оберег для автомобиля на зеркало	BY_GMV	ASCENDING	2232d689-98a0-4111-b048-d4e4ad3b7630	C08	48	2	NULL	NULL	NULL	0	0	RUB	canonical_chunks/product_queries_details_BY_GMV_ASC_C08.tsv
2184153852	1831403746	43	подвеска в машину талисман	BY_GMV	ASCENDING	2232d689-98a0-4111-b048-d4e4ad3b7630	C08	49	1	NULL	NULL	NULL	0	0	RUB	canonical_chunks/product_queries_details_BY_GMV_ASC_C08.tsv
2184153852	1831403746	43	брелок на машину звезда воровская на зеркало	BY_GMV	ASCENDING	2232d689-98a0-4111-b048-d4e4ad3b7630	C08	50	1	NULL	NULL	NULL	0	0	RUB	canonical_chunks/product_queries_details_BY_GMV_ASC_C08.tsv
2184153852	1831403746	43	на машину в салон оберег	BY_GMV	ASCENDING	2232d689-98a0-4111-b048-d4e4ad3b7630	C08	51	1	NULL	NULL	NULL	0	0	RUB	canonical_chunks/product_queries_details_BY_GMV_ASC_C08.tsv
2184153852	1831403746	43	славянский оберег в машину на зеркало	BY_GMV	ASCENDING	2232d689-98a0-4111-b048-d4e4ad3b7630	C08	52	2	NULL	NULL	NULL	0	0	RUB	canonical_chunks/product_queries_details_BY_GMV_ASC_C08.tsv
2184153852	1831403746	43	амулет оберег	BY_GMV	ASCENDING	2232d689-98a0-4111-b048-d4e4ad3b7630	C08	53	7	NULL	NULL	NULL	0	0	RUB	canonical_chunks/product_queries_details_BY_GMV_ASC_C08.tsv
2184153852	1831403746	43	вымпел уголовный розыск в машину на зеркало	BY_GMV	ASCENDING	2232d689-98a0-4111-b048-d4e4ad3b7630	C08	54	1	NULL	NULL	NULL	0	0	RUB	canonical_chunks/product_queries_details_BY_GMV_ASC_C08.tsv
2184153852	1831403746	43	бомбический оберег в машину на зеркало	BY_GMV	ASCENDING	2232d689-98a0-4111-b048-d4e4ad3b7630	C08	55	1	NULL	NULL	NULL	0	0	RUB	canonical_chunks/product_queries_details_BY_GMV_ASC_C08.tsv
2184153852	1831403746	43	магическое зеркало подвеска	BY_GMV	ASCENDING	2232d689-98a0-4111-b048-d4e4ad3b7630	C08	56	1	NULL	NULL	NULL	0	0	RUB	canonical_chunks/product_queries_details_BY_GMV_ASC_C08.tsv
2184153852	1831403746	43	славянский бог семаргл магнит на холодильник	BY_GMV	ASCENDING	2232d689-98a0-4111-b048-d4e4ad3b7630	C08	57	1	NULL	NULL	NULL	0	0	RUB	canonical_chunks/product_queries_details_BY_GMV_ASC_C08.tsv
2184153852	1831403746	43	амулет зеркальный	BY_GMV	ASCENDING	2232d689-98a0-4111-b048-d4e4ad3b7630	C08	58	3	NULL	NULL	NULL	0	0	RUB	canonical_chunks/product_queries_details_BY_GMV_ASC_C08.tsv
2184153852	1831403746	43	оберег семаргла	BY_GMV	ASCENDING	2232d689-98a0-4111-b048-d4e4ad3b7630	C08	59	2	NULL	NULL	NULL	0	0	RUB	canonical_chunks/product_queries_details_BY_GMV_ASC_C08.tsv
2184153852	1831403746	43	от сглаза и порчи оберег	BY_GMV	ASCENDING	2232d689-98a0-4111-b048-d4e4ad3b7630	C08	60	81	NULL	NULL	NULL	0	0	RUB	canonical_chunks/product_queries_details_BY_GMV_ASC_C08.tsv
2184199958	1831464047	45	амулеты	BY_GMV	ASCENDING	2232d689-98a0-4111-b048-d4e4ad3b7630	C08	61	155	NULL	NULL	NULL	0	0	RUB	canonical_chunks/product_queries_details_BY_GMV_ASC_C08.tsv
2184199958	1831464047	45	картина богиня мара	BY_GMV	ASCENDING	2232d689-98a0-4111-b048-d4e4ad3b7630	C08	62	1	NULL	NULL	NULL	0	0	RUB	canonical_chunks/product_queries_details_BY_GMV_ASC_C08.tsv
2184199958	1831464047	45	брелок в машину на зеркало пушистфй	BY_GMV	ASCENDING	2232d689-98a0-4111-b048-d4e4ad3b7630	C08	63	1	NULL	NULL	NULL	0	0	RUB	canonical_chunks/product_queries_details_BY_GMV_ASC_C08.tsv
2184199958	1831464047	45	амулеты и талисманы	BY_GMV	ASCENDING	2232d689-98a0-4111-b048-d4e4ad3b7630	C08	64	4	NULL	NULL	NULL	0	0	RUB	canonical_chunks/product_queries_details_BY_GMV_ASC_C08.tsv
2184199958	1831464047	45	амулеты деревянные	BY_GMV	ASCENDING	2232d689-98a0-4111-b048-d4e4ad3b7630	C08	65	2	NULL	NULL	NULL	0	0	RUB	canonical_chunks/product_queries_details_BY_GMV_ASC_C08.tsv
2184199958	1831464047	45	вонючки в авто лакост подвески на зеркало	BY_GMV	ASCENDING	2232d689-98a0-4111-b048-d4e4ad3b7630	C08	66	1	NULL	NULL	NULL	0	0	RUB	canonical_chunks/product_queries_details_BY_GMV_ASC_C08.tsv
2184199958	1831464047	45	акриловая подвеска в машину на зеркало	BY_GMV	ASCENDING	2232d689-98a0-4111-b048-d4e4ad3b7630	C08	67	1	NULL	NULL	NULL	0	0	RUB	canonical_chunks/product_queries_details_BY_GMV_ASC_C08.tsv
2184199958	1831464047	45	деревянный оберег в машину	BY_GMV	ASCENDING	2232d689-98a0-4111-b048-d4e4ad3b7630	C08	68	1	NULL	NULL	NULL	0	0	RUB	canonical_chunks/product_queries_details_BY_GMV_ASC_C08.tsv
2184199958	1831464047	45	подвеска богиня	BY_GMV	ASCENDING	2232d689-98a0-4111-b048-d4e4ad3b7630	C08	69	3	NULL	NULL	NULL	0	0	RUB	canonical_chunks/product_queries_details_BY_GMV_ASC_C08.tsv
2184199958	1831464047	45	амулетом на машину	BY_GMV	ASCENDING	2232d689-98a0-4111-b048-d4e4ad3b7630	C08	70	0	NULL	NULL	NULL	0	0	RUB	canonical_chunks/product_queries_details_BY_GMV_ASC_C08.tsv
2184199958	1831464047	45	подвеска в машину из дерева	BY_GMV	ASCENDING	2232d689-98a0-4111-b048-d4e4ad3b7630	C08	71	2	NULL	NULL	NULL	0	0	RUB	canonical_chunks/product_queries_details_BY_GMV_ASC_C08.tsv
2184199958	1831464047	45	булавки обереги в машину на зеркало	BY_GMV	ASCENDING	2232d689-98a0-4111-b048-d4e4ad3b7630	C08	72	1	NULL	NULL	NULL	0	0	RUB	canonical_chunks/product_queries_details_BY_GMV_ASC_C08.tsv
2184199958	1831464047	45	в машину подвеска	BY_GMV	ASCENDING	2232d689-98a0-4111-b048-d4e4ad3b7630	C08	73	126	NULL	NULL	NULL	0	0	RUB	canonical_chunks/product_queries_details_BY_GMV_ASC_C08.tsv
2184199958	1831464047	45	оберег в машину мужской	BY_GMV	ASCENDING	2232d689-98a0-4111-b048-d4e4ad3b7630	C08	74	12	NULL	NULL	NULL	0	0	RUB	canonical_chunks/product_queries_details_BY_GMV_ASC_C08.tsv
2184199958	1831464047	45	ароматизатор джек рассел в машину на зеркало	BY_GMV	ASCENDING	2232d689-98a0-4111-b048-d4e4ad3b7630	C08	75	1	NULL	NULL	NULL	0	0	RUB	canonical_chunks/product_queries_details_BY_GMV_ASC_C08.tsv
2186766628	1834930939	48	купить подвеску на зеркало в машину	BY_GMV	ASCENDING	2232d689-98a0-4111-b048-d4e4ad3b7630	C08	76	1	NULL	NULL	NULL	0	0	RUB	canonical_chunks/product_queries_details_BY_GMV_ASC_C08.tsv
2186766628	1834930939	48	для подвески зеркала	BY_GMV	ASCENDING	2232d689-98a0-4111-b048-d4e4ad3b7630	C08	77	1	NULL	NULL	NULL	0	0	RUB	canonical_chunks/product_queries_details_BY_GMV_ASC_C08.tsv
2186766628	1834930939	48	обвес бусы телец	BY_GMV	ASCENDING	2232d689-98a0-4111-b048-d4e4ad3b7630	C08	78	0	NULL	NULL	NULL	0	0	RUB	canonical_chunks/product_queries_details_BY_GMV_ASC_C08.tsv
2186766628	1834930939	48	оберег славянский от зла	BY_GMV	ASCENDING	2232d689-98a0-4111-b048-d4e4ad3b7630	C08	79	1	NULL	NULL	NULL	0	0	RUB	canonical_chunks/product_queries_details_BY_GMV_ASC_C08.tsv
2186766628	1834930939	48	оберег для друга татарина в машину	BY_GMV	ASCENDING	2232d689-98a0-4111-b048-d4e4ad3b7630	C08	80	1	NULL	NULL	NULL	0	0	RUB	canonical_chunks/product_queries_details_BY_GMV_ASC_C08.tsv
2186766628	1834930939	48	оберёги мужские в жорогу,в машину подвеска	BY_GMV	ASCENDING	2232d689-98a0-4111-b048-d4e4ad3b7630	C08	81	1	NULL	NULL	NULL	0	0	RUB	canonical_chunks/product_queries_details_BY_GMV_ASC_C08.tsv
2186766628	1834930939	48	на зеркало в машину подвеска уголовный розыск	BY_GMV	ASCENDING	2232d689-98a0-4111-b048-d4e4ad3b7630	C08	82	1	NULL	NULL	NULL	0	0	RUB	canonical_chunks/product_queries_details_BY_GMV_ASC_C08.tsv
2186766628	1834930939	48	зеркало толи	BY_GMV	ASCENDING	2232d689-98a0-4111-b048-d4e4ad3b7630	C08	83	3	NULL	NULL	NULL	0	0	RUB	canonical_chunks/product_queries_details_BY_GMV_ASC_C08.tsv
2186766628	1834930939	48	оберег в машину от гибдд фига	BY_GMV	ASCENDING	2232d689-98a0-4111-b048-d4e4ad3b7630	C08	84	1	NULL	NULL	NULL	0	0	RUB	canonical_chunks/product_queries_details_BY_GMV_ASC_C08.tsv
2186766628	1834930939	48	аксессуары в машину на зеркало подвеска	BY_GMV	ASCENDING	2232d689-98a0-4111-b048-d4e4ad3b7630	C08	85	2	NULL	NULL	NULL	0	0	RUB	canonical_chunks/product_queries_details_BY_GMV_ASC_C08.tsv
2186766628	1834930939	48	амулет кулон-зеркало	BY_GMV	ASCENDING	2232d689-98a0-4111-b048-d4e4ad3b7630	C08	86	1	NULL	NULL	NULL	0	0	RUB	canonical_chunks/product_queries_details_BY_GMV_ASC_C08.tsv
2186766628	1834930939	48	подвеска в автомобиль зеркало	BY_GMV	ASCENDING	2232d689-98a0-4111-b048-d4e4ad3b7630	C08	87	1	NULL	NULL	NULL	0	0	RUB	canonical_chunks/product_queries_details_BY_GMV_ASC_C08.tsv
2186766628	1834930939	48	в машину украшение на зеркало	BY_GMV	ASCENDING	2232d689-98a0-4111-b048-d4e4ad3b7630	C08	88	1	NULL	NULL	NULL	0	0	RUB	canonical_chunks/product_queries_details_BY_GMV_ASC_C08.tsv
2186766628	1834930939	48	знаки зодиака кулоны	BY_GMV	ASCENDING	2232d689-98a0-4111-b048-d4e4ad3b7630	C08	89	1	NULL	NULL	NULL	0	0	RUB	canonical_chunks/product_queries_details_BY_GMV_ASC_C08.tsv
2186766628	1834930939	48	подвеска в машину на зеркало телец	BY_GMV	ASCENDING	2232d689-98a0-4111-b048-d4e4ad3b7630	C08	90	2	NULL	NULL	NULL	0	0	RUB	canonical_chunks/product_queries_details_BY_GMV_ASC_C08.tsv
2186843798	1835030733	53	оберег для знака дева	BY_GMV	ASCENDING	430a892e-5e59-49e2-9535-f437932e1f34	C09	1	1	NULL	NULL	NULL	0	0	RUB	canonical_chunks/product_queries_details_BY_GMV_ASC_C09.tsv
2186843798	1835030733	53	подвеска на зеркало	BY_GMV	ASCENDING	430a892e-5e59-49e2-9535-f437932e1f34	C09	2	81	NULL	NULL	NULL	0	0	RUB	canonical_chunks/product_queries_details_BY_GMV_ASC_C09.tsv
2186843798	1835030733	53	дева знак зодиак	BY_GMV	ASCENDING	430a892e-5e59-49e2-9535-f437932e1f34	C09	3	2	NULL	NULL	NULL	0	0	RUB	canonical_chunks/product_queries_details_BY_GMV_ASC_C09.tsv
2186843798	1835030733	53	подвеска на зеркало авто	BY_GMV	ASCENDING	430a892e-5e59-49e2-9535-f437932e1f34	C09	4	12	NULL	NULL	NULL	0	0	RUB	canonical_chunks/product_queries_details_BY_GMV_ASC_C09.tsv
2186843798	1835030733	53	подвеска амулет дева	BY_GMV	ASCENDING	430a892e-5e59-49e2-9535-f437932e1f34	C09	5	1	NULL	NULL	NULL	0	0	RUB	canonical_chunks/product_queries_details_BY_GMV_ASC_C09.tsv
2186843798	1835030733	53	подарок подвеска в машину	BY_GMV	ASCENDING	430a892e-5e59-49e2-9535-f437932e1f34	C09	6	1	NULL	NULL	NULL	0	0	RUB	canonical_chunks/product_queries_details_BY_GMV_ASC_C09.tsv
2186843798	1835030733	53	знак дева	BY_GMV	ASCENDING	430a892e-5e59-49e2-9535-f437932e1f34	C09	7	6	NULL	NULL	NULL	0	0	RUB	canonical_chunks/product_queries_details_BY_GMV_ASC_C09.tsv
2186843798	1835030733	53	зеркало оберег на шею	BY_GMV	ASCENDING	430a892e-5e59-49e2-9535-f437932e1f34	C09	8	9	NULL	NULL	NULL	0	0	RUB	canonical_chunks/product_queries_details_BY_GMV_ASC_C09.tsv
2186843798	1835030733	53	оберег в авто	BY_GMV	ASCENDING	430a892e-5e59-49e2-9535-f437932e1f34	C09	9	1	NULL	NULL	NULL	0	0	RUB	canonical_chunks/product_queries_details_BY_GMV_ASC_C09.tsv
2186843798	1835030733	53	зеркала с поворотниками на машину экстрел	BY_GMV	ASCENDING	430a892e-5e59-49e2-9535-f437932e1f34	C09	10	1	NULL	NULL	NULL	0	0	RUB	canonical_chunks/product_queries_details_BY_GMV_ASC_C09.tsv
2186843798	1835030733	53	оберег подвеска в машину	BY_GMV	ASCENDING	430a892e-5e59-49e2-9535-f437932e1f34	C09	11	4	NULL	NULL	NULL	0	0	RUB	canonical_chunks/product_queries_details_BY_GMV_ASC_C09.tsv
2186843798	1835030733	53	оберег на машину	BY_GMV	ASCENDING	430a892e-5e59-49e2-9535-f437932e1f34	C09	12	3	NULL	NULL	NULL	0	0	RUB	canonical_chunks/product_queries_details_BY_GMV_ASC_C09.tsv
2186843798	1835030733	53	подвеска красная в машину на зеркало	BY_GMV	ASCENDING	430a892e-5e59-49e2-9535-f437932e1f34	C09	13	1	NULL	NULL	NULL	0	0	RUB	canonical_chunks/product_queries_details_BY_GMV_ASC_C09.tsv
2186843798	1835030733	53	знак зодиака зодиака дева	BY_GMV	ASCENDING	430a892e-5e59-49e2-9535-f437932e1f34	C09	14	1	NULL	NULL	NULL	0	0	RUB	canonical_chunks/product_queries_details_BY_GMV_ASC_C09.tsv
2186843798	1835030733	53	подвеска на зеркало в машину женская	BY_GMV	ASCENDING	430a892e-5e59-49e2-9535-f437932e1f34	C09	15	1	NULL	NULL	NULL	0	0	RUB	canonical_chunks/product_queries_details_BY_GMV_ASC_C09.tsv
2186796339	1834968755	49	амулет в машину на зеркало мужской	BY_GMV	ASCENDING	430a892e-5e59-49e2-9535-f437932e1f34	C09	16	2	NULL	NULL	NULL	0	0	RUB	canonical_chunks/product_queries_details_BY_GMV_ASC_C09.tsv
2186796339	1834968755	49	подвеска в машину на зеркало 18	BY_GMV	ASCENDING	430a892e-5e59-49e2-9535-f437932e1f34	C09	17	1	NULL	NULL	NULL	0	0	RUB	canonical_chunks/product_queries_details_BY_GMV_ASC_C09.tsv
2186796339	1834968755	49	амулеты на шею рак мужские	BY_GMV	ASCENDING	430a892e-5e59-49e2-9535-f437932e1f34	C09	18	1	NULL	NULL	NULL	0	0	RUB	canonical_chunks/product_queries_details_BY_GMV_ASC_C09.tsv
2186796339	1834968755	49	подвеска рак большая	BY_GMV	ASCENDING	430a892e-5e59-49e2-9535-f437932e1f34	C09	19	0	NULL	NULL	NULL	0	0	RUB	canonical_chunks/product_queries_details_BY_GMV_ASC_C09.tsv
2186796339	1834968755	49	талисман в машину женский	BY_GMV	ASCENDING	430a892e-5e59-49e2-9535-f437932e1f34	C09	20	2	NULL	NULL	NULL	0	0	RUB	canonical_chunks/product_queries_details_BY_GMV_ASC_C09.tsv
2186796339	1834968755	49	подвеска в машину для мужч	BY_GMV	ASCENDING	430a892e-5e59-49e2-9535-f437932e1f34	C09	21	1	NULL	NULL	NULL	0	0	RUB	canonical_chunks/product_queries_details_BY_GMV_ASC_C09.tsv
2186796339	1834968755	49	зеркало толи	BY_GMV	ASCENDING	430a892e-5e59-49e2-9535-f437932e1f34	C09	22	3	NULL	NULL	NULL	0	0	RUB	canonical_chunks/product_queries_details_BY_GMV_ASC_C09.tsv
2186796339	1834968755	49	оберег для авто	BY_GMV	ASCENDING	430a892e-5e59-49e2-9535-f437932e1f34	C09	23	1	NULL	NULL	NULL	0	0	RUB	canonical_chunks/product_queries_details_BY_GMV_ASC_C09.tsv
2186796339	1834968755	49	на зеркало в машину украшение	BY_GMV	ASCENDING	430a892e-5e59-49e2-9535-f437932e1f34	C09	24	1	NULL	NULL	NULL	0	0	RUB	canonical_chunks/product_queries_details_BY_GMV_ASC_C09.tsv
2186796339	1834968755	49	голова хищника в машину подвеска	BY_GMV	ASCENDING	430a892e-5e59-49e2-9535-f437932e1f34	C09	25	1	NULL	NULL	NULL	0	0	RUB	canonical_chunks/product_queries_details_BY_GMV_ASC_C09.tsv
2186796339	1834968755	49	подвеска знак зодиака соколов	BY_GMV	ASCENDING	430a892e-5e59-49e2-9535-f437932e1f34	C09	26	1	NULL	NULL	NULL	0	0	RUB	canonical_chunks/product_queries_details_BY_GMV_ASC_C09.tsv
2186796339	1834968755	49	кулон автомобиль	BY_GMV	ASCENDING	430a892e-5e59-49e2-9535-f437932e1f34	C09	27	4	NULL	NULL	NULL	0	0	RUB	canonical_chunks/product_queries_details_BY_GMV_ASC_C09.tsv
2186796339	1834968755	49	подвеска на зеркало в машину питбуль	BY_GMV	ASCENDING	430a892e-5e59-49e2-9535-f437932e1f34	C09	28	1	NULL	NULL	NULL	0	0	RUB	canonical_chunks/product_queries_details_BY_GMV_ASC_C09.tsv
2186796339	1834968755	49	подвеска зеркало-амулет	BY_GMV	ASCENDING	430a892e-5e59-49e2-9535-f437932e1f34	C09	29	1	NULL	NULL	NULL	0	0	RUB	canonical_chunks/product_queries_details_BY_GMV_ASC_C09.tsv
2186796339	1834968755	49	четки в машину	BY_GMV	ASCENDING	430a892e-5e59-49e2-9535-f437932e1f34	C09	30	137	NULL	NULL	NULL	0	0	RUB	canonical_chunks/product_queries_details_BY_GMV_ASC_C09.tsv
2186846833	1835035733	54	для авто украшения подвески	BY_GMV	ASCENDING	430a892e-5e59-49e2-9535-f437932e1f34	C09	31	1	NULL	NULL	NULL	0	0	RUB	canonical_chunks/product_queries_details_BY_GMV_ASC_C09.tsv
2186846833	1835035733	54	восклицательный знак на машину в треугольнике красный	BY_GMV	ASCENDING	430a892e-5e59-49e2-9535-f437932e1f34	C09	32	1	NULL	NULL	NULL	0	0	RUB	canonical_chunks/product_queries_details_BY_GMV_ASC_C09.tsv
2186846833	1835035733	54	эзотерика аксессуары	BY_GMV	ASCENDING	430a892e-5e59-49e2-9535-f437932e1f34	C09	33	20	NULL	NULL	NULL	0	0	RUB	canonical_chunks/product_queries_details_BY_GMV_ASC_C09.tsv
2186846833	1835035733	54	браслет оберег для водолея	BY_GMV	ASCENDING	430a892e-5e59-49e2-9535-f437932e1f34	C09	34	3	NULL	NULL	NULL	0	0	RUB	canonical_chunks/product_queries_details_BY_GMV_ASC_C09.tsv
2186846833	1835035733	54	оберег в машинку	BY_GMV	ASCENDING	430a892e-5e59-49e2-9535-f437932e1f34	C09	35	1	NULL	NULL	NULL	0	0	RUB	canonical_chunks/product_queries_details_BY_GMV_ASC_C09.tsv
2186846833	1835035733	54	подвеска на зеркало в машину череп	BY_GMV	ASCENDING	430a892e-5e59-49e2-9535-f437932e1f34	C09	36	1	NULL	NULL	NULL	0	0	RUB	canonical_chunks/product_queries_details_BY_GMV_ASC_C09.tsv
2186846833	1835035733	54	браслет амулет водолея	BY_GMV	ASCENDING	430a892e-5e59-49e2-9535-f437932e1f34	C09	37	1	NULL	NULL	NULL	0	0	RUB	canonical_chunks/product_queries_details_BY_GMV_ASC_C09.tsv
2186846833	1835035733	54	в машину на зеркало подвес	BY_GMV	ASCENDING	430a892e-5e59-49e2-9535-f437932e1f34	C09	38	0	NULL	NULL	NULL	0	0	RUB	canonical_chunks/product_queries_details_BY_GMV_ASC_C09.tsv
2186846833	1835035733	54	амулеты обереги и талисманы дерево	BY_GMV	ASCENDING	430a892e-5e59-49e2-9535-f437932e1f34	C09	39	1	NULL	NULL	NULL	0	0	RUB	canonical_chunks/product_queries_details_BY_GMV_ASC_C09.tsv
2186846833	1835035733	54	оберег в машину женский	BY_GMV	ASCENDING	430a892e-5e59-49e2-9535-f437932e1f34	C09	40	3	NULL	NULL	NULL	0	0	RUB	canonical_chunks/product_queries_details_BY_GMV_ASC_C09.tsv
2186846833	1835035733	54	зеркало толи	BY_GMV	ASCENDING	430a892e-5e59-49e2-9535-f437932e1f34	C09	41	3	NULL	NULL	NULL	0	0	RUB	canonical_chunks/product_queries_details_BY_GMV_ASC_C09.tsv
2186846833	1835035733	54	подвеска на зеркало hella flash	BY_GMV	ASCENDING	430a892e-5e59-49e2-9535-f437932e1f34	C09	42	1	NULL	NULL	NULL	0	0	RUB	canonical_chunks/product_queries_details_BY_GMV_ASC_C09.tsv
2186846833	1835035733	54	брелок в машину для девушки на зеркало	BY_GMV	ASCENDING	430a892e-5e59-49e2-9535-f437932e1f34	C09	43	1	NULL	NULL	NULL	0	0	RUB	canonical_chunks/product_queries_details_BY_GMV_ASC_C09.tsv
2186846833	1835035733	54	в машину фигурка водолей	BY_GMV	ASCENDING	430a892e-5e59-49e2-9535-f437932e1f34	C09	44	1	NULL	NULL	NULL	0	0	RUB	canonical_chunks/product_queries_details_BY_GMV_ASC_C09.tsv
2186846833	1835035733	54	подвеска в машину на зеркало красная	BY_GMV	ASCENDING	430a892e-5e59-49e2-9535-f437932e1f34	C09	45	1	NULL	NULL	NULL	0	0	RUB	canonical_chunks/product_queries_details_BY_GMV_ASC_C09.tsv
2186839757	1835026306	52	подвеска оберег с	BY_GMV	ASCENDING	430a892e-5e59-49e2-9535-f437932e1f34	C09	46	1	NULL	NULL	NULL	0	0	RUB	canonical_chunks/product_queries_details_BY_GMV_ASC_C09.tsv
2186839757	1835026306	52	подвеска на зеркало в машину фигурка спортивная гимнастика	BY_GMV	ASCENDING	430a892e-5e59-49e2-9535-f437932e1f34	C09	47	1	NULL	NULL	NULL	0	0	RUB	canonical_chunks/product_queries_details_BY_GMV_ASC_C09.tsv
2186839757	1835026306	52	подвеска машину на зеркало	BY_GMV	ASCENDING	430a892e-5e59-49e2-9535-f437932e1f34	C09	48	3	NULL	NULL	NULL	0	0	RUB	canonical_chunks/product_queries_details_BY_GMV_ASC_C09.tsv
2186839757	1835026306	52	кулон в машину	BY_GMV	ASCENDING	430a892e-5e59-49e2-9535-f437932e1f34	C09	49	2	NULL	NULL	NULL	0	0	RUB	canonical_chunks/product_queries_details_BY_GMV_ASC_C09.tsv
2186839757	1835026306	52	подвеска на зеркало в машину фигурка гимнаст	BY_GMV	ASCENDING	430a892e-5e59-49e2-9535-f437932e1f34	C09	50	1	NULL	NULL	NULL	0	0	RUB	canonical_chunks/product_queries_details_BY_GMV_ASC_C09.tsv
2186839757	1835026306	52	подвеска в машину женская на зеркало скорпион	BY_GMV	ASCENDING	430a892e-5e59-49e2-9535-f437932e1f34	C09	51	1	NULL	NULL	NULL	0	0	RUB	canonical_chunks/product_queries_details_BY_GMV_ASC_C09.tsv
2186839757	1835026306	52	подвеска четки	BY_GMV	ASCENDING	430a892e-5e59-49e2-9535-f437932e1f34	C09	52	3	NULL	NULL	NULL	0	0	RUB	canonical_chunks/product_queries_details_BY_GMV_ASC_C09.tsv
2186839757	1835026306	52	набор подвесок на зеркало	BY_GMV	ASCENDING	430a892e-5e59-49e2-9535-f437932e1f34	C09	53	1	NULL	NULL	NULL	0	0	RUB	canonical_chunks/product_queries_details_BY_GMV_ASC_C09.tsv
2186839757	1835026306	52	мыло стрелец	BY_GMV	ASCENDING	430a892e-5e59-49e2-9535-f437932e1f34	C09	54	1	NULL	NULL	NULL	0	0	RUB	canonical_chunks/product_queries_details_BY_GMV_ASC_C09.tsv
2186839757	1835026306	52	"талисман - подвеска на зеркало в машину. знак зодиака ""овен"""	BY_GMV	ASCENDING	430a892e-5e59-49e2-9535-f437932e1f34	C09	55	1	NULL	NULL	NULL	0	0	RUB	canonical_chunks/product_queries_details_BY_GMV_ASC_C09.tsv
2186839757	1835026306	52	зеркало подвеска	BY_GMV	ASCENDING	430a892e-5e59-49e2-9535-f437932e1f34	C09	56	10	NULL	NULL	NULL	0	0	RUB	canonical_chunks/product_queries_details_BY_GMV_ASC_C09.tsv
2186839757	1835026306	52	подвеска в машину скорпион	BY_GMV	ASCENDING	430a892e-5e59-49e2-9535-f437932e1f34	C09	57	11	NULL	NULL	NULL	0	0	RUB	canonical_chunks/product_queries_details_BY_GMV_ASC_C09.tsv
2186839757	1835026306	52	#подвеска_в_машину	BY_GMV	ASCENDING	430a892e-5e59-49e2-9535-f437932e1f34	C09	58	0	NULL	NULL	NULL	0	0	RUB	canonical_chunks/product_queries_details_BY_GMV_ASC_C09.tsv
2186839757	1835026306	52	на зеркало в машину	BY_GMV	ASCENDING	430a892e-5e59-49e2-9535-f437932e1f34	C09	59	21	NULL	NULL	NULL	0	0	RUB	canonical_chunks/product_queries_details_BY_GMV_ASC_C09.tsv
2186839757	1835026306	52	на четки подвеска	BY_GMV	ASCENDING	430a892e-5e59-49e2-9535-f437932e1f34	C09	60	1	NULL	NULL	NULL	0	0	RUB	canonical_chunks/product_queries_details_BY_GMV_ASC_C09.tsv
2186802133	1834976037	50	игрушка талисман в машину	BY_GMV	ASCENDING	430a892e-5e59-49e2-9535-f437932e1f34	C09	61	1	NULL	NULL	NULL	0	0	RUB	canonical_chunks/product_queries_details_BY_GMV_ASC_C09.tsv
2186802133	1834976037	50	аксессуар узел счастья на зеркало в машину	BY_GMV	ASCENDING	430a892e-5e59-49e2-9535-f437932e1f34	C09	62	1	NULL	NULL	NULL	0	0	RUB	canonical_chunks/product_queries_details_BY_GMV_ASC_C09.tsv
2186802133	1834976037	50	кулон знак зодиака весы с цепочкой	BY_GMV	ASCENDING	430a892e-5e59-49e2-9535-f437932e1f34	C09	63	1	NULL	NULL	NULL	0	0	RUB	canonical_chunks/product_queries_details_BY_GMV_ASC_C09.tsv
2186802133	1834976037	50	весы амулет на стол	BY_GMV	ASCENDING	430a892e-5e59-49e2-9535-f437932e1f34	C09	64	1	NULL	NULL	NULL	0	0	RUB	canonical_chunks/product_queries_details_BY_GMV_ASC_C09.tsv
2186802133	1834976037	50	наклейки на машину прикольные большие знак весы	BY_GMV	ASCENDING	430a892e-5e59-49e2-9535-f437932e1f34	C09	65	1	NULL	NULL	NULL	0	0	RUB	canonical_chunks/product_queries_details_BY_GMV_ASC_C09.tsv
2186802133	1834976037	50	кулон на зеркало автомобиля	BY_GMV	ASCENDING	430a892e-5e59-49e2-9535-f437932e1f34	C09	66	1	NULL	NULL	NULL	0	0	RUB	canonical_chunks/product_queries_details_BY_GMV_ASC_C09.tsv
2186802133	1834976037	50	металлическая подвеска в машину на зеркало hongoi	BY_GMV	ASCENDING	430a892e-5e59-49e2-9535-f437932e1f34	C09	67	1	NULL	NULL	NULL	0	0	RUB	canonical_chunks/product_queries_details_BY_GMV_ASC_C09.tsv
2186802133	1834976037	50	брелок в машину славянский	BY_GMV	ASCENDING	430a892e-5e59-49e2-9535-f437932e1f34	C09	68	1	NULL	NULL	NULL	0	0	RUB	canonical_chunks/product_queries_details_BY_GMV_ASC_C09.tsv
2186802133	1834976037	50	подвеска в машину на зеркало дракон	BY_GMV	ASCENDING	430a892e-5e59-49e2-9535-f437932e1f34	C09	69	2	NULL	NULL	NULL	0	0	RUB	canonical_chunks/product_queries_details_BY_GMV_ASC_C09.tsv
2186802133	1834976037	50	подвеска на зеркало в авто коасный	BY_GMV	ASCENDING	430a892e-5e59-49e2-9535-f437932e1f34	C09	70	1	NULL	NULL	NULL	0	0	RUB	canonical_chunks/product_queries_details_BY_GMV_ASC_C09.tsv
2186802133	1834976037	50	оберег славянский на шею	BY_GMV	ASCENDING	430a892e-5e59-49e2-9535-f437932e1f34	C09	71	2	NULL	NULL	NULL	0	0	RUB	canonical_chunks/product_queries_details_BY_GMV_ASC_C09.tsv
2186802133	1834976037	50	подвеска в машину на зеркало оберег	BY_GMV	ASCENDING	430a892e-5e59-49e2-9535-f437932e1f34	C09	72	1	NULL	NULL	NULL	0	0	RUB	canonical_chunks/product_queries_details_BY_GMV_ASC_C09.tsv
2186802133	1834976037	50	#обереги	BY_GMV	ASCENDING	430a892e-5e59-49e2-9535-f437932e1f34	C09	73	1	NULL	NULL	NULL	0	0	RUB	canonical_chunks/product_queries_details_BY_GMV_ASC_C09.tsv
2186802133	1834976037	50	крест в машину на зеркало хрестианский металлическмй	BY_GMV	ASCENDING	430a892e-5e59-49e2-9535-f437932e1f34	C09	74	1	NULL	NULL	NULL	0	0	RUB	canonical_chunks/product_queries_details_BY_GMV_ASC_C09.tsv
2186802133	1834976037	50	на зеркало подвеска	BY_GMV	ASCENDING	430a892e-5e59-49e2-9535-f437932e1f34	C09	75	5	NULL	NULL	NULL	0	0	RUB	canonical_chunks/product_queries_details_BY_GMV_ASC_C09.tsv
2186836116	1835021816	51	амулеты, обереги для скорпиона женский	BY_GMV	ASCENDING	430a892e-5e59-49e2-9535-f437932e1f34	C09	76	1	NULL	NULL	NULL	0	0	RUB	canonical_chunks/product_queries_details_BY_GMV_ASC_C09.tsv
2186836116	1835021816	51	обереги для машины	BY_GMV	ASCENDING	430a892e-5e59-49e2-9535-f437932e1f34	C09	77	1	NULL	NULL	NULL	0	0	RUB	canonical_chunks/product_queries_details_BY_GMV_ASC_C09.tsv
2186836116	1835021816	51	подвеска амулет оберег	BY_GMV	ASCENDING	430a892e-5e59-49e2-9535-f437932e1f34	C09	78	1	NULL	NULL	NULL	0	0	RUB	canonical_chunks/product_queries_details_BY_GMV_ASC_C09.tsv
2186836116	1835021816	51	брелок в машину на зеркало geely monjaro	BY_GMV	ASCENDING	430a892e-5e59-49e2-9535-f437932e1f34	C09	79	1	NULL	NULL	NULL	0	0	RUB	canonical_chunks/product_queries_details_BY_GMV_ASC_C09.tsv
2186836116	1835021816	51	книга подвеска в машину	BY_GMV	ASCENDING	430a892e-5e59-49e2-9535-f437932e1f34	C09	80	3	NULL	NULL	NULL	0	0	RUB	canonical_chunks/product_queries_details_BY_GMV_ASC_C09.tsv
2186836116	1835021816	51	аксессуары в машину подвесаа зеркал барабан	BY_GMV	ASCENDING	430a892e-5e59-49e2-9535-f437932e1f34	C09	81	0	NULL	NULL	NULL	0	0	RUB	canonical_chunks/product_queries_details_BY_GMV_ASC_C09.tsv
2186836116	1835021816	51	в машину подвеска на зеркало мужская	BY_GMV	ASCENDING	430a892e-5e59-49e2-9535-f437932e1f34	C09	82	1	NULL	NULL	NULL	0	0	RUB	canonical_chunks/product_queries_details_BY_GMV_ASC_C09.tsv
2186836116	1835021816	51	для авто на зеркало украшение	BY_GMV	ASCENDING	430a892e-5e59-49e2-9535-f437932e1f34	C09	83	1	NULL	NULL	NULL	0	0	RUB	canonical_chunks/product_queries_details_BY_GMV_ASC_C09.tsv
2186836116	1835021816	51	подвеска в машину	BY_GMV	ASCENDING	430a892e-5e59-49e2-9535-f437932e1f34	C09	84	7092	NULL	NULL	NULL	0	0	RUB	canonical_chunks/product_queries_details_BY_GMV_ASC_C09.tsv
2186836116	1835021816	51	оберег подвеска в машину вв мвд рф	BY_GMV	ASCENDING	430a892e-5e59-49e2-9535-f437932e1f34	C09	85	1	NULL	NULL	NULL	0	0	RUB	canonical_chunks/product_queries_details_BY_GMV_ASC_C09.tsv
2186836116	1835021816	51	украшение подвеска на зеркало автомобиля	BY_GMV	ASCENDING	430a892e-5e59-49e2-9535-f437932e1f34	C09	86	1	NULL	NULL	NULL	0	0	RUB	canonical_chunks/product_queries_details_BY_GMV_ASC_C09.tsv
2186836116	1835021816	51	зеркало для гадания	BY_GMV	ASCENDING	430a892e-5e59-49e2-9535-f437932e1f34	C09	87	5	NULL	NULL	NULL	0	0	RUB	canonical_chunks/product_queries_details_BY_GMV_ASC_C09.tsv
2186836116	1835021816	51	оберег в машину от гибдд прикольный	BY_GMV	ASCENDING	430a892e-5e59-49e2-9535-f437932e1f34	C09	88	1	NULL	NULL	NULL	0	0	RUB	canonical_chunks/product_queries_details_BY_GMV_ASC_C09.tsv
2186836116	1835021816	51	подвеска с знаком зодиака рак	BY_GMV	ASCENDING	430a892e-5e59-49e2-9535-f437932e1f34	C09	89	1	NULL	NULL	NULL	0	0	RUB	canonical_chunks/product_queries_details_BY_GMV_ASC_C09.tsv
2186836116	1835021816	51	сувенир подвеска в машину скорпион	BY_GMV	ASCENDING	430a892e-5e59-49e2-9535-f437932e1f34	C09	90	1	NULL	NULL	NULL	0	0	RUB	canonical_chunks/product_queries_details_BY_GMV_ASC_C09.tsv
2271240621	1948071647	65	атрибутика зенит в машину на зеркало	BY_GMV	ASCENDING	f33059f6-1b82-4406-a8e6-bad886481c65	C11	1	1	NULL	NULL	NULL	0	0	RUB	canonical_chunks/product_queries_details_BY_GMV_ASC_C11.tsv
2271240621	1948071647	65	оберег ворон в компасе	BY_GMV	ASCENDING	f33059f6-1b82-4406-a8e6-bad886481c65	C11	2	1	NULL	NULL	NULL	0	0	RUB	canonical_chunks/product_queries_details_BY_GMV_ASC_C11.tsv
2271240621	1948071647	65	знак зодика деревянный	BY_GMV	ASCENDING	f33059f6-1b82-4406-a8e6-bad886481c65	C11	3	1	NULL	NULL	NULL	0	0	RUB	canonical_chunks/product_queries_details_BY_GMV_ASC_C11.tsv
2271240621	1948071647	65	бусины знаки зодиака подвеска набор	BY_GMV	ASCENDING	f33059f6-1b82-4406-a8e6-bad886481c65	C11	4	1	NULL	NULL	NULL	0	0	RUB	canonical_chunks/product_queries_details_BY_GMV_ASC_C11.tsv
2271240621	1948071647	65	в машину для мужчины амулет	BY_GMV	ASCENDING	f33059f6-1b82-4406-a8e6-bad886481c65	C11	5	1	NULL	NULL	NULL	0	0	RUB	canonical_chunks/product_queries_details_BY_GMV_ASC_C11.tsv
2271240621	1948071647	65	знак дорожный зеркало	BY_GMV	ASCENDING	f33059f6-1b82-4406-a8e6-bad886481c65	C11	6	1	NULL	NULL	NULL	0	0	RUB	canonical_chunks/product_queries_details_BY_GMV_ASC_C11.tsv
2271240621	1948071647	65	армянский барабан на машину подвеска	BY_GMV	ASCENDING	f33059f6-1b82-4406-a8e6-bad886481c65	C11	7	1	NULL	NULL	NULL	0	0	RUB	canonical_chunks/product_queries_details_BY_GMV_ASC_C11.tsv
2271240621	1948071647	65	подвески обереги в машину на зеркало женские	BY_GMV	ASCENDING	f33059f6-1b82-4406-a8e6-bad886481c65	C11	8	1	NULL	NULL	NULL	0	0	RUB	canonical_chunks/product_queries_details_BY_GMV_ASC_C11.tsv
2271240621	1948071647	65	знак зодиака дева	BY_GMV	ASCENDING	f33059f6-1b82-4406-a8e6-bad886481c65	C11	9	289	NULL	NULL	NULL	0	0	RUB	canonical_chunks/product_queries_details_BY_GMV_ASC_C11.tsv
2271240621	1948071647	65	подвеска в машину на зеркало японская	BY_GMV	ASCENDING	f33059f6-1b82-4406-a8e6-bad886481c65	C11	10	2	NULL	NULL	NULL	0	0	RUB	canonical_chunks/product_queries_details_BY_GMV_ASC_C11.tsv
2271240621	1948071647	65	брелок знак зодиака набор	BY_GMV	ASCENDING	f33059f6-1b82-4406-a8e6-bad886481c65	C11	11	1	NULL	NULL	NULL	0	0	RUB	canonical_chunks/product_queries_details_BY_GMV_ASC_C11.tsv
2271240621	1948071647	65	подвеска в автомобиль	BY_GMV	ASCENDING	f33059f6-1b82-4406-a8e6-bad886481c65	C11	12	417	NULL	NULL	NULL	0	0	RUB	canonical_chunks/product_queries_details_BY_GMV_ASC_C11.tsv
2271240621	1948071647	65	автомобильный талисман оберег на зеркало	BY_GMV	ASCENDING	f33059f6-1b82-4406-a8e6-bad886481c65	C11	13	1	NULL	NULL	NULL	0	0	RUB	canonical_chunks/product_queries_details_BY_GMV_ASC_C11.tsv
2271240621	1948071647	65	зеркало оберег на шею	BY_GMV	ASCENDING	f33059f6-1b82-4406-a8e6-bad886481c65	C11	14	4	NULL	NULL	NULL	0	0	RUB	canonical_chunks/product_queries_details_BY_GMV_ASC_C11.tsv
2271240621	1948071647	65	дева подвеска для мужчин	BY_GMV	ASCENDING	f33059f6-1b82-4406-a8e6-bad886481c65	C11	15	1	NULL	NULL	NULL	0	0	RUB	canonical_chunks/product_queries_details_BY_GMV_ASC_C11.tsv
2271219774	1948039800	63	брелок в машину на зеркало .	BY_GMV	ASCENDING	f33059f6-1b82-4406-a8e6-bad886481c65	C11	16	1	NULL	NULL	NULL	0	0	RUB	canonical_chunks/product_queries_details_BY_GMV_ASC_C11.tsv
2271219774	1948039800	63	детали подвески лего техник для машин	BY_GMV	ASCENDING	f33059f6-1b82-4406-a8e6-bad886481c65	C11	17	1	NULL	NULL	NULL	0	0	RUB	canonical_chunks/product_queries_details_BY_GMV_ASC_C11.tsv
2271219774	1948039800	63	аниме в машину подвеска	BY_GMV	ASCENDING	f33059f6-1b82-4406-a8e6-bad886481c65	C11	18	1	NULL	NULL	NULL	0	0	RUB	canonical_chunks/product_queries_details_BY_GMV_ASC_C11.tsv
2271219774	1948039800	63	подвеска оберег в машину на зеркало	BY_GMV	ASCENDING	f33059f6-1b82-4406-a8e6-bad886481c65	C11	19	2	NULL	NULL	NULL	0	0	RUB	canonical_chunks/product_queries_details_BY_GMV_ASC_C11.tsv
2271219774	1948039800	63	знаки зодиака шармы	BY_GMV	ASCENDING	f33059f6-1b82-4406-a8e6-bad886481c65	C11	20	1	NULL	NULL	NULL	0	0	RUB	canonical_chunks/product_queries_details_BY_GMV_ASC_C11.tsv
2271219774	1948039800	63	защёлка на нагрудный знак	BY_GMV	ASCENDING	f33059f6-1b82-4406-a8e6-bad886481c65	C11	21	1	NULL	NULL	NULL	0	0	RUB	canonical_chunks/product_queries_details_BY_GMV_ASC_C11.tsv
2271219774	1948039800	63	знаки вес классность	BY_GMV	ASCENDING	f33059f6-1b82-4406-a8e6-bad886481c65	C11	22	1	NULL	NULL	NULL	0	0	RUB	canonical_chunks/product_queries_details_BY_GMV_ASC_C11.tsv
2271219774	1948039800	63	на зеркало в авто четки	BY_GMV	ASCENDING	f33059f6-1b82-4406-a8e6-bad886481c65	C11	23	1	NULL	NULL	NULL	0	0	RUB	canonical_chunks/product_queries_details_BY_GMV_ASC_C11.tsv
2271219774	1948039800	63	подвеска на зеркало в машину весы	BY_GMV	ASCENDING	f33059f6-1b82-4406-a8e6-bad886481c65	C11	24	2	NULL	NULL	NULL	0	0	RUB	canonical_chunks/product_queries_details_BY_GMV_ASC_C11.tsv
2271219774	1948039800	63	игрушка спаниель в машину на зеркало	BY_GMV	ASCENDING	f33059f6-1b82-4406-a8e6-bad886481c65	C11	25	1	NULL	NULL	NULL	0	0	RUB	canonical_chunks/product_queries_details_BY_GMV_ASC_C11.tsv
2271219774	1948039800	63	талисман подвеска весы	BY_GMV	ASCENDING	f33059f6-1b82-4406-a8e6-bad886481c65	C11	26	1	NULL	NULL	NULL	0	0	RUB	canonical_chunks/product_queries_details_BY_GMV_ASC_C11.tsv
2271219774	1948039800	63	кулоны обереги	BY_GMV	ASCENDING	f33059f6-1b82-4406-a8e6-bad886481c65	C11	27	1	NULL	NULL	NULL	0	0	RUB	canonical_chunks/product_queries_details_BY_GMV_ASC_C11.tsv
2271219774	1948039800	63	игрушка на зеркало в машину знак зодиака	BY_GMV	ASCENDING	f33059f6-1b82-4406-a8e6-bad886481c65	C11	28	1	NULL	NULL	NULL	0	0	RUB	canonical_chunks/product_queries_details_BY_GMV_ASC_C11.tsv
2271219774	1948039800	63	астрология подвеска	BY_GMV	ASCENDING	f33059f6-1b82-4406-a8e6-bad886481c65	C11	29	1	NULL	NULL	NULL	0	0	RUB	canonical_chunks/product_queries_details_BY_GMV_ASC_C11.tsv
2271219774	1948039800	63	голова хищника в машину подвеска	BY_GMV	ASCENDING	f33059f6-1b82-4406-a8e6-bad886481c65	C11	30	1	NULL	NULL	NULL	0	0	RUB	canonical_chunks/product_queries_details_BY_GMV_ASC_C11.tsv
2271246783	1948079096	66	козерог подарок	BY_GMV	ASCENDING	f33059f6-1b82-4406-a8e6-bad886481c65	C11	31	1	NULL	NULL	NULL	0	0	RUB	canonical_chunks/product_queries_details_BY_GMV_ASC_C11.tsv
2271246783	1948079096	66	амулет мужской в машину деревянный	BY_GMV	ASCENDING	f33059f6-1b82-4406-a8e6-bad886481c65	C11	32	1	NULL	NULL	NULL	0	0	RUB	canonical_chunks/product_queries_details_BY_GMV_ASC_C11.tsv
2271246783	1948079096	66	для салона машины подвеска	BY_GMV	ASCENDING	f33059f6-1b82-4406-a8e6-bad886481c65	C11	33	0	NULL	NULL	NULL	0	0	RUB	canonical_chunks/product_queries_details_BY_GMV_ASC_C11.tsv
2271246783	1948079096	66	подвеска в машину на зеркало дракон	BY_GMV	ASCENDING	f33059f6-1b82-4406-a8e6-bad886481c65	C11	34	2	NULL	NULL	NULL	0	0	RUB	canonical_chunks/product_queries_details_BY_GMV_ASC_C11.tsv
2271246783	1948079096	66	амулет козерог и клевер	BY_GMV	ASCENDING	f33059f6-1b82-4406-a8e6-bad886481c65	C11	35	1	NULL	NULL	NULL	0	0	RUB	canonical_chunks/product_queries_details_BY_GMV_ASC_C11.tsv
2271246783	1948079096	66	знак со стразами учебная машина	BY_GMV	ASCENDING	f33059f6-1b82-4406-a8e6-bad886481c65	C11	36	1	NULL	NULL	NULL	0	0	RUB	canonical_chunks/product_queries_details_BY_GMV_ASC_C11.tsv
2271246783	1948079096	66	cosaque	BY_GMV	ASCENDING	f33059f6-1b82-4406-a8e6-bad886481c65	C11	37	3	NULL	NULL	NULL	0	0	RUB	canonical_chunks/product_queries_details_BY_GMV_ASC_C11.tsv
2271246783	1948079096	66	амулет зеркальная защита	BY_GMV	ASCENDING	f33059f6-1b82-4406-a8e6-bad886481c65	C11	38	22	NULL	NULL	NULL	0	0	RUB	canonical_chunks/product_queries_details_BY_GMV_ASC_C11.tsv
2271246783	1948079096	66	козерог из серебра	BY_GMV	ASCENDING	f33059f6-1b82-4406-a8e6-bad886481c65	C11	39	1	NULL	NULL	NULL	0	0	RUB	canonical_chunks/product_queries_details_BY_GMV_ASC_C11.tsv
2271246783	1948079096	66	козерог авто	BY_GMV	ASCENDING	f33059f6-1b82-4406-a8e6-bad886481c65	C11	40	1	NULL	NULL	NULL	0	0	RUB	canonical_chunks/product_queries_details_BY_GMV_ASC_C11.tsv
2271246783	1948079096	66	зеркало обгона для праворуких машин	BY_GMV	ASCENDING	f33059f6-1b82-4406-a8e6-bad886481c65	C11	41	1	NULL	NULL	NULL	0	0	RUB	canonical_chunks/product_queries_details_BY_GMV_ASC_C11.tsv
2271246783	1948079096	66	козерог на зеркало тайота прадо	BY_GMV	ASCENDING	f33059f6-1b82-4406-a8e6-bad886481c65	C11	42	1	NULL	NULL	NULL	0	0	RUB	canonical_chunks/product_queries_details_BY_GMV_ASC_C11.tsv
2271246783	1948079096	66	подвеска в автомобиль мужская на зеркало	BY_GMV	ASCENDING	f33059f6-1b82-4406-a8e6-bad886481c65	C11	43	1	NULL	NULL	NULL	0	0	RUB	canonical_chunks/product_queries_details_BY_GMV_ASC_C11.tsv
2271246783	1948079096	66	браслет оберег мужчины	BY_GMV	ASCENDING	f33059f6-1b82-4406-a8e6-bad886481c65	C11	44	1	NULL	NULL	NULL	0	0	RUB	canonical_chunks/product_queries_details_BY_GMV_ASC_C11.tsv
2271246783	1948079096	66	авто подвески на зеркало	BY_GMV	ASCENDING	f33059f6-1b82-4406-a8e6-bad886481c65	C11	45	1	NULL	NULL	NULL	0	0	RUB	canonical_chunks/product_queries_details_BY_GMV_ASC_C11.tsv
2271210394	1948032144	62	оталисман в авто	BY_GMV	ASCENDING	f33059f6-1b82-4406-a8e6-bad886481c65	C11	46	1	NULL	NULL	NULL	0	0	RUB	canonical_chunks/product_queries_details_BY_GMV_ASC_C11.tsv
2271210394	1948032144	62	на зеркало автомобиля подвеска	BY_GMV	ASCENDING	f33059f6-1b82-4406-a8e6-bad886481c65	C11	47	39	NULL	NULL	NULL	0	0	RUB	canonical_chunks/product_queries_details_BY_GMV_ASC_C11.tsv
2271210394	1948032144	62	амулет скорпион на шею талисман	BY_GMV	ASCENDING	f33059f6-1b82-4406-a8e6-bad886481c65	C11	48	1	NULL	NULL	NULL	0	0	RUB	canonical_chunks/product_queries_details_BY_GMV_ASC_C11.tsv
2271210394	1948032144	62	для гаданий зеркало	BY_GMV	ASCENDING	f33059f6-1b82-4406-a8e6-bad886481c65	C11	49	1	NULL	NULL	NULL	0	0	RUB	canonical_chunks/product_queries_details_BY_GMV_ASC_C11.tsv
2271210394	1948032144	62	талисман в машину женский	BY_GMV	ASCENDING	f33059f6-1b82-4406-a8e6-bad886481c65	C11	50	2	NULL	NULL	NULL	0	0	RUB	canonical_chunks/product_queries_details_BY_GMV_ASC_C11.tsv
2271210394	1948032144	62	маска близнецы	BY_GMV	ASCENDING	f33059f6-1b82-4406-a8e6-bad886481c65	C11	51	1	NULL	NULL	NULL	0	0	RUB	canonical_chunks/product_queries_details_BY_GMV_ASC_C11.tsv
2271210394	1948032144	62	кулон в машину женский на зеркало	BY_GMV	ASCENDING	f33059f6-1b82-4406-a8e6-bad886481c65	C11	52	1	NULL	NULL	NULL	0	0	RUB	canonical_chunks/product_queries_details_BY_GMV_ASC_C11.tsv
2271210394	1948032144	62	близнецы на лобовое	BY_GMV	ASCENDING	f33059f6-1b82-4406-a8e6-bad886481c65	C11	53	1	NULL	NULL	NULL	0	0	RUB	canonical_chunks/product_queries_details_BY_GMV_ASC_C11.tsv
2271210394	1948032144	62	вольного борца подвеска в машину	BY_GMV	ASCENDING	f33059f6-1b82-4406-a8e6-bad886481c65	C11	54	1	NULL	NULL	NULL	0	0	RUB	canonical_chunks/product_queries_details_BY_GMV_ASC_C11.tsv
2271210394	1948032144	62	знак атлантов	BY_GMV	ASCENDING	f33059f6-1b82-4406-a8e6-bad886481c65	C11	55	7	NULL	NULL	NULL	0	0	RUB	canonical_chunks/product_queries_details_BY_GMV_ASC_C11.tsv
2271210394	1948032144	62	висюльки на зеркало в машину мужское лицо	BY_GMV	ASCENDING	f33059f6-1b82-4406-a8e6-bad886481c65	C11	56	1	NULL	NULL	NULL	0	0	RUB	canonical_chunks/product_queries_details_BY_GMV_ASC_C11.tsv
2271210394	1948032144	62	коробочка в машину	BY_GMV	ASCENDING	f33059f6-1b82-4406-a8e6-bad886481c65	C11	57	2	NULL	NULL	NULL	0	0	RUB	canonical_chunks/product_queries_details_BY_GMV_ASC_C11.tsv
2271210394	1948032144	62	бусы в машину на зеркало тюремные	BY_GMV	ASCENDING	f33059f6-1b82-4406-a8e6-bad886481c65	C11	58	1	NULL	NULL	NULL	0	0	RUB	canonical_chunks/product_queries_details_BY_GMV_ASC_C11.tsv
2271210394	1948032144	62	камни близнец знак зодиака	BY_GMV	ASCENDING	f33059f6-1b82-4406-a8e6-bad886481c65	C11	59	1	NULL	NULL	NULL	0	0	RUB	canonical_chunks/product_queries_details_BY_GMV_ASC_C11.tsv
2271210394	1948032144	62	no pasaran подвеска в машину	BY_GMV	ASCENDING	f33059f6-1b82-4406-a8e6-bad886481c65	C11	60	1	NULL	NULL	NULL	0	0	RUB	canonical_chunks/product_queries_details_BY_GMV_ASC_C11.tsv
2271188511	1947980208	61	дьявол игрушка страшная в машину на зеркало	BY_GMV	ASCENDING	f33059f6-1b82-4406-a8e6-bad886481c65	C11	61	1	NULL	NULL	NULL	0	0	RUB	canonical_chunks/product_queries_details_BY_GMV_ASC_C11.tsv
2271188511	1947980208	61	в машину амулет	BY_GMV	ASCENDING	f33059f6-1b82-4406-a8e6-bad886481c65	C11	62	0	NULL	NULL	NULL	0	0	RUB	canonical_chunks/product_queries_details_BY_GMV_ASC_C11.tsv
2271188511	1947980208	61	ароматизатор в машину шайба повесить на зеркало	BY_GMV	ASCENDING	f33059f6-1b82-4406-a8e6-bad886481c65	C11	63	1	NULL	NULL	NULL	0	0	RUB	canonical_chunks/product_queries_details_BY_GMV_ASC_C11.tsv
2271188511	1947980208	61	славянский оберег подвеска	BY_GMV	ASCENDING	f33059f6-1b82-4406-a8e6-bad886481c65	C11	64	3	NULL	NULL	NULL	0	0	RUB	canonical_chunks/product_queries_details_BY_GMV_ASC_C11.tsv
2271188511	1947980208	61	оберег в машину мусульманский четки	BY_GMV	ASCENDING	f33059f6-1b82-4406-a8e6-bad886481c65	C11	65	1	NULL	NULL	NULL	0	0	RUB	canonical_chunks/product_queries_details_BY_GMV_ASC_C11.tsv
2271188511	1947980208	61	игрушка талисман в машину	BY_GMV	ASCENDING	f33059f6-1b82-4406-a8e6-bad886481c65	C11	66	1	NULL	NULL	NULL	0	0	RUB	canonical_chunks/product_queries_details_BY_GMV_ASC_C11.tsv
2271188511	1947980208	61	амулет зеркало мужской	BY_GMV	ASCENDING	f33059f6-1b82-4406-a8e6-bad886481c65	C11	67	1	NULL	NULL	NULL	0	0	RUB	canonical_chunks/product_queries_details_BY_GMV_ASC_C11.tsv
2271188511	1947980208	61	голая жеещина подвеска в машину	BY_GMV	ASCENDING	f33059f6-1b82-4406-a8e6-bad886481c65	C11	68	1	NULL	NULL	NULL	0	0	RUB	canonical_chunks/product_queries_details_BY_GMV_ASC_C11.tsv
2271188511	1947980208	61	джиу джитсу на машину подвеска на зеркало	BY_GMV	ASCENDING	f33059f6-1b82-4406-a8e6-bad886481c65	C11	69	1	NULL	NULL	NULL	0	0	RUB	canonical_chunks/product_queries_details_BY_GMV_ASC_C11.tsv
2271188511	1947980208	61	амулет с зеркалом подвеска	BY_GMV	ASCENDING	f33059f6-1b82-4406-a8e6-bad886481c65	C11	70	1	NULL	NULL	NULL	0	0	RUB	canonical_chunks/product_queries_details_BY_GMV_ASC_C11.tsv
2271188511	1947980208	61	наблр для творчества знако зодиака	BY_GMV	ASCENDING	f33059f6-1b82-4406-a8e6-bad886481c65	C11	71	1	NULL	NULL	NULL	0	0	RUB	canonical_chunks/product_queries_details_BY_GMV_ASC_C11.tsv
2271188511	1947980208	61	девушка в авто назеркало	BY_GMV	ASCENDING	f33059f6-1b82-4406-a8e6-bad886481c65	C11	72	1	NULL	NULL	NULL	0	0	RUB	canonical_chunks/product_queries_details_BY_GMV_ASC_C11.tsv
2271188511	1947980208	61	оберег в машину славянский	BY_GMV	ASCENDING	f33059f6-1b82-4406-a8e6-bad886481c65	C11	73	3	NULL	NULL	NULL	0	0	RUB	canonical_chunks/product_queries_details_BY_GMV_ASC_C11.tsv
2271188511	1947980208	61	висюлька в машину на зеркало девушка на качельке	BY_GMV	ASCENDING	f33059f6-1b82-4406-a8e6-bad886481c65	C11	74	1	NULL	NULL	NULL	0	0	RUB	canonical_chunks/product_queries_details_BY_GMV_ASC_C11.tsv
2271188511	1947980208	61	подвески знаки зодиака	BY_GMV	ASCENDING	f33059f6-1b82-4406-a8e6-bad886481c65	C11	75	3	NULL	NULL	NULL	0	0	RUB	canonical_chunks/product_queries_details_BY_GMV_ASC_C11.tsv
2271234726	1948064495	64	брелок оберег славянский мужской	BY_GMV	ASCENDING	f33059f6-1b82-4406-a8e6-bad886481c65	C11	76	1	NULL	NULL	NULL	0	0	RUB	canonical_chunks/product_queries_details_BY_GMV_ASC_C11.tsv
2271234726	1948064495	64	машину четки	BY_GMV	ASCENDING	f33059f6-1b82-4406-a8e6-bad886481c65	C11	77	1	NULL	NULL	NULL	0	0	RUB	canonical_chunks/product_queries_details_BY_GMV_ASC_C11.tsv
2271234726	1948064495	64	зеркалл магисеское	BY_GMV	ASCENDING	f33059f6-1b82-4406-a8e6-bad886481c65	C11	78	1	NULL	NULL	NULL	0	0	RUB	canonical_chunks/product_queries_details_BY_GMV_ASC_C11.tsv
2271234726	1948064495	64	водолей подвеска ювелирная	BY_GMV	ASCENDING	f33059f6-1b82-4406-a8e6-bad886481c65	C11	79	1	NULL	NULL	NULL	0	0	RUB	canonical_chunks/product_queries_details_BY_GMV_ASC_C11.tsv
2271234726	1948064495	64	подвеска славянский оберег	BY_GMV	ASCENDING	f33059f6-1b82-4406-a8e6-bad886481c65	C11	80	1	NULL	NULL	NULL	0	0	RUB	canonical_chunks/product_queries_details_BY_GMV_ASC_C11.tsv
2271234726	1948064495	64	коробочка в машину	BY_GMV	ASCENDING	f33059f6-1b82-4406-a8e6-bad886481c65	C11	81	2	NULL	NULL	NULL	0	0	RUB	canonical_chunks/product_queries_details_BY_GMV_ASC_C11.tsv
2271234726	1948064495	64	девушка в авто назеркало	BY_GMV	ASCENDING	f33059f6-1b82-4406-a8e6-bad886481c65	C11	82	1	NULL	NULL	NULL	0	0	RUB	canonical_chunks/product_queries_details_BY_GMV_ASC_C11.tsv
2271234726	1948064495	64	браслет женский для водолея	BY_GMV	ASCENDING	f33059f6-1b82-4406-a8e6-bad886481c65	C11	83	5	NULL	NULL	NULL	0	0	RUB	canonical_chunks/product_queries_details_BY_GMV_ASC_C11.tsv
2271234726	1948064495	64	магические подвески	BY_GMV	ASCENDING	f33059f6-1b82-4406-a8e6-bad886481c65	C11	84	2	NULL	NULL	NULL	0	0	RUB	canonical_chunks/product_queries_details_BY_GMV_ASC_C11.tsv
2271234726	1948064495	64	игрушка талисман в машину	BY_GMV	ASCENDING	f33059f6-1b82-4406-a8e6-bad886481c65	C11	85	4	NULL	NULL	NULL	0	0	RUB	canonical_chunks/product_queries_details_BY_GMV_ASC_C11.tsv
2271234726	1948064495	64	оберег для автомобиля	BY_GMV	ASCENDING	f33059f6-1b82-4406-a8e6-bad886481c65	C11	86	22	NULL	NULL	NULL	0	0	RUB	canonical_chunks/product_queries_details_BY_GMV_ASC_C11.tsv
2271234726	1948064495	64	весючка в машину от зглаза на зеркало	BY_GMV	ASCENDING	f33059f6-1b82-4406-a8e6-bad886481c65	C11	87	1	NULL	NULL	NULL	0	0	RUB	canonical_chunks/product_queries_details_BY_GMV_ASC_C11.tsv
2271234726	1948064495	64	знаки сувениры для парашютиста в машину	BY_GMV	ASCENDING	f33059f6-1b82-4406-a8e6-bad886481c65	C11	88	1	NULL	NULL	NULL	0	0	RUB	canonical_chunks/product_queries_details_BY_GMV_ASC_C11.tsv
2271234726	1948064495	64	блакнот водолей	BY_GMV	ASCENDING	f33059f6-1b82-4406-a8e6-bad886481c65	C11	89	1	NULL	NULL	NULL	0	0	RUB	canonical_chunks/product_queries_details_BY_GMV_ASC_C11.tsv
2271234726	1948064495	64	знак зодиака водолей	BY_GMV	ASCENDING	f33059f6-1b82-4406-a8e6-bad886481c65	C11	90	21	NULL	NULL	NULL	0	0	RUB	canonical_chunks/product_queries_details_BY_GMV_ASC_C11.tsv
2271270261	1948107866	69	украшение в машину на зеркало знаки зодиака	BY_GMV	ASCENDING	8a52c97d-fad9-4dc7-8e60-a4f6b7c4508f	C12	1	1	NULL	NULL	NULL	0	0	RUB	canonical_chunks/product_queries_details_BY_GMV_ASC_C12.tsv
2271270261	1948107866	69	ловец снов рыбы	BY_GMV	ASCENDING	8a52c97d-fad9-4dc7-8e60-a4f6b7c4508f	C12	2	1	NULL	NULL	NULL	0	0	RUB	canonical_chunks/product_queries_details_BY_GMV_ASC_C12.tsv
2271270261	1948107866	69	висюлька на зеркало в машину женская bmv	BY_GMV	ASCENDING	8a52c97d-fad9-4dc7-8e60-a4f6b7c4508f	C12	3	1	NULL	NULL	NULL	0	0	RUB	canonical_chunks/product_queries_details_BY_GMV_ASC_C12.tsv
2271270261	1948107866	69	подвеска на зеркало в машину лошадь	BY_GMV	ASCENDING	8a52c97d-fad9-4dc7-8e60-a4f6b7c4508f	C12	4	1	NULL	NULL	NULL	0	0	RUB	canonical_chunks/product_queries_details_BY_GMV_ASC_C12.tsv
2271270261	1948107866	69	крутящийся ароматизатор в машину подвеска на зеркало	BY_GMV	ASCENDING	8a52c97d-fad9-4dc7-8e60-a4f6b7c4508f	C12	5	1	NULL	NULL	NULL	0	0	RUB	canonical_chunks/product_queries_details_BY_GMV_ASC_C12.tsv
2271270261	1948107866	69	оберег в дорогу	BY_GMV	ASCENDING	8a52c97d-fad9-4dc7-8e60-a4f6b7c4508f	C12	6	1	NULL	NULL	NULL	0	0	RUB	canonical_chunks/product_queries_details_BY_GMV_ASC_C12.tsv
2271270261	1948107866	69	подвеска для автомобиля на зеркало женская	BY_GMV	ASCENDING	8a52c97d-fad9-4dc7-8e60-a4f6b7c4508f	C12	7	1	NULL	NULL	NULL	0	0	RUB	canonical_chunks/product_queries_details_BY_GMV_ASC_C12.tsv
2271270261	1948107866	69	зеркало с рыбками	BY_GMV	ASCENDING	8a52c97d-fad9-4dc7-8e60-a4f6b7c4508f	C12	8	2	NULL	NULL	NULL	0	0	RUB	canonical_chunks/product_queries_details_BY_GMV_ASC_C12.tsv
2271270261	1948107866	69	зеркальный оберег для мужчин и женщин	BY_GMV	ASCENDING	8a52c97d-fad9-4dc7-8e60-a4f6b7c4508f	C12	9	1	NULL	NULL	NULL	0	0	RUB	canonical_chunks/product_queries_details_BY_GMV_ASC_C12.tsv
2271270261	1948107866	69	зеркало оберег	BY_GMV	ASCENDING	8a52c97d-fad9-4dc7-8e60-a4f6b7c4508f	C12	10	2	NULL	NULL	NULL	0	0	RUB	canonical_chunks/product_queries_details_BY_GMV_ASC_C12.tsv
2271270261	1948107866	69	кулон зодиака	BY_GMV	ASCENDING	8a52c97d-fad9-4dc7-8e60-a4f6b7c4508f	C12	11	1	NULL	NULL	NULL	0	0	RUB	canonical_chunks/product_queries_details_BY_GMV_ASC_C12.tsv
2271270261	1948107866	69	паук в смоле подвеска на зеркало	BY_GMV	ASCENDING	8a52c97d-fad9-4dc7-8e60-a4f6b7c4508f	C12	12	1	NULL	NULL	NULL	0	0	RUB	canonical_chunks/product_queries_details_BY_GMV_ASC_C12.tsv
2271270261	1948107866	69	амулеты обереги и талисманы	BY_GMV	ASCENDING	8a52c97d-fad9-4dc7-8e60-a4f6b7c4508f	C12	13	151	NULL	NULL	NULL	0	0	RUB	canonical_chunks/product_queries_details_BY_GMV_ASC_C12.tsv
2271270261	1948107866	69	подвеска под зеркало	BY_GMV	ASCENDING	8a52c97d-fad9-4dc7-8e60-a4f6b7c4508f	C12	14	1	NULL	NULL	NULL	0	0	RUB	canonical_chunks/product_queries_details_BY_GMV_ASC_C12.tsv
2271270261	1948107866	69	оберег в автомобиль	BY_GMV	ASCENDING	8a52c97d-fad9-4dc7-8e60-a4f6b7c4508f	C12	15	10	NULL	NULL	NULL	0	0	RUB	canonical_chunks/product_queries_details_BY_GMV_ASC_C12.tsv
2271292556	1948138072	72	кулон оеребро телец	BY_GMV	ASCENDING	8a52c97d-fad9-4dc7-8e60-a4f6b7c4508f	C12	16	1	NULL	NULL	NULL	0	0	RUB	canonical_chunks/product_queries_details_BY_GMV_ASC_C12.tsv
2271292556	1948138072	72	подвеска в зеркало автомобиля телец	BY_GMV	ASCENDING	8a52c97d-fad9-4dc7-8e60-a4f6b7c4508f	C12	17	1	NULL	NULL	NULL	0	0	RUB	canonical_chunks/product_queries_details_BY_GMV_ASC_C12.tsv
2271292556	1948138072	72	амулет тельца мужской	BY_GMV	ASCENDING	8a52c97d-fad9-4dc7-8e60-a4f6b7c4508f	C12	18	1	NULL	NULL	NULL	0	0	RUB	canonical_chunks/product_queries_details_BY_GMV_ASC_C12.tsv
2271292556	1948138072	72	зеркало на машину тойота надия левое	BY_GMV	ASCENDING	8a52c97d-fad9-4dc7-8e60-a4f6b7c4508f	C12	19	1	NULL	NULL	NULL	0	0	RUB	canonical_chunks/product_queries_details_BY_GMV_ASC_C12.tsv
2271292556	1948138072	72	оригинальная подвеска на зерквло	BY_GMV	ASCENDING	8a52c97d-fad9-4dc7-8e60-a4f6b7c4508f	C12	20	1	NULL	NULL	NULL	0	0	RUB	canonical_chunks/product_queries_details_BY_GMV_ASC_C12.tsv
2271292556	1948138072	72	деревянный амулет	BY_GMV	ASCENDING	8a52c97d-fad9-4dc7-8e60-a4f6b7c4508f	C12	21	1	NULL	NULL	NULL	0	0	RUB	canonical_chunks/product_queries_details_BY_GMV_ASC_C12.tsv
2271292556	1948138072	72	телец колье	BY_GMV	ASCENDING	8a52c97d-fad9-4dc7-8e60-a4f6b7c4508f	C12	22	1	NULL	NULL	NULL	0	0	RUB	canonical_chunks/product_queries_details_BY_GMV_ASC_C12.tsv
2271292556	1948138072	72	подвеска на авто зеркало	BY_GMV	ASCENDING	8a52c97d-fad9-4dc7-8e60-a4f6b7c4508f	C12	23	1	NULL	NULL	NULL	0	0	RUB	canonical_chunks/product_queries_details_BY_GMV_ASC_C12.tsv
2271292556	1948138072	72	подвеска магическая	BY_GMV	ASCENDING	8a52c97d-fad9-4dc7-8e60-a4f6b7c4508f	C12	24	3	NULL	NULL	NULL	0	0	RUB	canonical_chunks/product_queries_details_BY_GMV_ASC_C12.tsv
2271292556	1948138072	72	10 шилингов знаки зодиака	BY_GMV	ASCENDING	8a52c97d-fad9-4dc7-8e60-a4f6b7c4508f	C12	25	1	NULL	NULL	NULL	0	0	RUB	canonical_chunks/product_queries_details_BY_GMV_ASC_C12.tsv
2271292556	1948138072	72	бык в машину	BY_GMV	ASCENDING	8a52c97d-fad9-4dc7-8e60-a4f6b7c4508f	C12	26	3	NULL	NULL	NULL	0	0	RUB	canonical_chunks/product_queries_details_BY_GMV_ASC_C12.tsv
2271292556	1948138072	72	зеркало для магии	BY_GMV	ASCENDING	8a52c97d-fad9-4dc7-8e60-a4f6b7c4508f	C12	27	3	NULL	NULL	NULL	0	0	RUB	canonical_chunks/product_queries_details_BY_GMV_ASC_C12.tsv
2271292556	1948138072	72	четки на машину знак зодиака	BY_GMV	ASCENDING	8a52c97d-fad9-4dc7-8e60-a4f6b7c4508f	C12	28	0	NULL	NULL	NULL	0	0	RUB	canonical_chunks/product_queries_details_BY_GMV_ASC_C12.tsv
2271292556	1948138072	72	my jewelry телец	BY_GMV	ASCENDING	8a52c97d-fad9-4dc7-8e60-a4f6b7c4508f	C12	29	1	NULL	NULL	NULL	0	0	RUB	canonical_chunks/product_queries_details_BY_GMV_ASC_C12.tsv
2271292556	1948138072	72	золотой телец	BY_GMV	ASCENDING	8a52c97d-fad9-4dc7-8e60-a4f6b7c4508f	C12	30	39	NULL	NULL	NULL	0	0	RUB	canonical_chunks/product_queries_details_BY_GMV_ASC_C12.tsv
2271251938	1948085774	67	ведьмино зеркало	BY_GMV	ASCENDING	8a52c97d-fad9-4dc7-8e60-a4f6b7c4508f	C12	31	7	NULL	NULL	NULL	0	0	RUB	canonical_chunks/product_queries_details_BY_GMV_ASC_C12.tsv
2271251938	1948085774	67	бусы в машину на зеркало ленд ровер	BY_GMV	ASCENDING	8a52c97d-fad9-4dc7-8e60-a4f6b7c4508f	C12	32	1	NULL	NULL	NULL	0	0	RUB	canonical_chunks/product_queries_details_BY_GMV_ASC_C12.tsv
2271251938	1948085774	67	подвеска в автомобиль на зеркало	BY_GMV	ASCENDING	8a52c97d-fad9-4dc7-8e60-a4f6b7c4508f	C12	33	325	NULL	NULL	NULL	0	0	RUB	canonical_chunks/product_queries_details_BY_GMV_ASC_C12.tsv
2271251938	1948085774	67	подарок знак	BY_GMV	ASCENDING	8a52c97d-fad9-4dc7-8e60-a4f6b7c4508f	C12	34	1	NULL	NULL	NULL	0	0	RUB	canonical_chunks/product_queries_details_BY_GMV_ASC_C12.tsv
2271251938	1948085774	67	оберег с зеркалом	BY_GMV	ASCENDING	8a52c97d-fad9-4dc7-8e60-a4f6b7c4508f	C12	35	8	NULL	NULL	NULL	0	0	RUB	canonical_chunks/product_queries_details_BY_GMV_ASC_C12.tsv
2271251938	1948085774	67	джиу джитсу на машину подвеска на зеркало	BY_GMV	ASCENDING	8a52c97d-fad9-4dc7-8e60-a4f6b7c4508f	C12	36	1	NULL	NULL	NULL	0	0	RUB	canonical_chunks/product_queries_details_BY_GMV_ASC_C12.tsv
2271251938	1948085774	67	аксессуары для овна	BY_GMV	ASCENDING	8a52c97d-fad9-4dc7-8e60-a4f6b7c4508f	C12	37	1	NULL	NULL	NULL	0	0	RUB	canonical_chunks/product_queries_details_BY_GMV_ASC_C12.tsv
2271251938	1948085774	67	знаки зодиака	BY_GMV	ASCENDING	8a52c97d-fad9-4dc7-8e60-a4f6b7c4508f	C12	38	47	NULL	NULL	NULL	0	0	RUB	canonical_chunks/product_queries_details_BY_GMV_ASC_C12.tsv
2271251938	1948085774	67	знак зодиака подвеска	BY_GMV	ASCENDING	8a52c97d-fad9-4dc7-8e60-a4f6b7c4508f	C12	39	1	NULL	NULL	NULL	0	0	RUB	canonical_chunks/product_queries_details_BY_GMV_ASC_C12.tsv
2271251938	1948085774	67	бусины шармы наборна удачу	BY_GMV	ASCENDING	8a52c97d-fad9-4dc7-8e60-a4f6b7c4508f	C12	40	1	NULL	NULL	NULL	0	0	RUB	canonical_chunks/product_queries_details_BY_GMV_ASC_C12.tsv
2271251938	1948085774	67	машины четкины машины	BY_GMV	ASCENDING	8a52c97d-fad9-4dc7-8e60-a4f6b7c4508f	C12	41	1	NULL	NULL	NULL	0	0	RUB	canonical_chunks/product_queries_details_BY_GMV_ASC_C12.tsv
2271251938	1948085774	67	для машины подвеска на зеркало мужская	BY_GMV	ASCENDING	8a52c97d-fad9-4dc7-8e60-a4f6b7c4508f	C12	42	1	NULL	NULL	NULL	0	0	RUB	canonical_chunks/product_queries_details_BY_GMV_ASC_C12.tsv
2271251938	1948085774	67	мконка оберег в машину на зеркало круглая	BY_GMV	ASCENDING	8a52c97d-fad9-4dc7-8e60-a4f6b7c4508f	C12	43	1	NULL	NULL	NULL	0	0	RUB	canonical_chunks/product_queries_details_BY_GMV_ASC_C12.tsv
2271251938	1948085774	67	зеркальце оборег	BY_GMV	ASCENDING	8a52c97d-fad9-4dc7-8e60-a4f6b7c4508f	C12	44	1	NULL	NULL	NULL	0	0	RUB	canonical_chunks/product_queries_details_BY_GMV_ASC_C12.tsv
2271251938	1948085774	67	для знака на машину	BY_GMV	ASCENDING	8a52c97d-fad9-4dc7-8e60-a4f6b7c4508f	C12	45	1	NULL	NULL	NULL	0	0	RUB	canonical_chunks/product_queries_details_BY_GMV_ASC_C12.tsv
2271262133	1948098351	68	оберег на автомобиль	BY_GMV	ASCENDING	8a52c97d-fad9-4dc7-8e60-a4f6b7c4508f	C12	46	1	NULL	NULL	NULL	0	0	RUB	canonical_chunks/product_queries_details_BY_GMV_ASC_C12.tsv
2271262133	1948098351	68	вонючка в машину архангел михаил на зеркало	BY_GMV	ASCENDING	8a52c97d-fad9-4dc7-8e60-a4f6b7c4508f	C12	47	1	NULL	NULL	NULL	0	0	RUB	canonical_chunks/product_queries_details_BY_GMV_ASC_C12.tsv
2271262133	1948098351	68	кулон мужской на шею рак	BY_GMV	ASCENDING	8a52c97d-fad9-4dc7-8e60-a4f6b7c4508f	C12	48	1	NULL	NULL	NULL	0	0	RUB	canonical_chunks/product_queries_details_BY_GMV_ASC_C12.tsv
2271262133	1948098351	68	оберег	BY_GMV	ASCENDING	8a52c97d-fad9-4dc7-8e60-a4f6b7c4508f	C12	49	183	NULL	NULL	NULL	0	0	RUB	canonical_chunks/product_queries_details_BY_GMV_ASC_C12.tsv
2271262133	1948098351	68	в машину подвеска на зеркало мужская	BY_GMV	ASCENDING	8a52c97d-fad9-4dc7-8e60-a4f6b7c4508f	C12	50	1	NULL	NULL	NULL	0	0	RUB	canonical_chunks/product_queries_details_BY_GMV_ASC_C12.tsv
2271262133	1948098351	68	подвеска на зеркало в машину для мужчины	BY_GMV	ASCENDING	8a52c97d-fad9-4dc7-8e60-a4f6b7c4508f	C12	51	1	NULL	NULL	NULL	0	0	RUB	canonical_chunks/product_queries_details_BY_GMV_ASC_C12.tsv
2271262133	1948098351	68	знак рак	BY_GMV	ASCENDING	8a52c97d-fad9-4dc7-8e60-a4f6b7c4508f	C12	52	2	NULL	NULL	NULL	0	0	RUB	canonical_chunks/product_queries_details_BY_GMV_ASC_C12.tsv
2271262133	1948098351	68	машинка раковый	BY_GMV	ASCENDING	8a52c97d-fad9-4dc7-8e60-a4f6b7c4508f	C12	53	1	NULL	NULL	NULL	0	0	RUB	canonical_chunks/product_queries_details_BY_GMV_ASC_C12.tsv
2271262133	1948098351	68	мини подвеска оберег	BY_GMV	ASCENDING	8a52c97d-fad9-4dc7-8e60-a4f6b7c4508f	C12	54	1	NULL	NULL	NULL	0	0	RUB	canonical_chunks/product_queries_details_BY_GMV_ASC_C12.tsv
2271262133	1948098351	68	купить раков	BY_GMV	ASCENDING	8a52c97d-fad9-4dc7-8e60-a4f6b7c4508f	C12	55	2	NULL	NULL	NULL	0	0	RUB	canonical_chunks/product_queries_details_BY_GMV_ASC_C12.tsv
2271262133	1948098351	68	оберег в машину от гибдд прикольный	BY_GMV	ASCENDING	8a52c97d-fad9-4dc7-8e60-a4f6b7c4508f	C12	56	1	NULL	NULL	NULL	0	0	RUB	canonical_chunks/product_queries_details_BY_GMV_ASC_C12.tsv
2271262133	1948098351	68	дерево талисман подвеска	BY_GMV	ASCENDING	8a52c97d-fad9-4dc7-8e60-a4f6b7c4508f	C12	57	1	NULL	NULL	NULL	0	0	RUB	canonical_chunks/product_queries_details_BY_GMV_ASC_C12.tsv
2271262133	1948098351	68	подвеска в авто четки	BY_GMV	ASCENDING	8a52c97d-fad9-4dc7-8e60-a4f6b7c4508f	C12	58	1	NULL	NULL	NULL	0	0	RUB	canonical_chunks/product_queries_details_BY_GMV_ASC_C12.tsv
2271262133	1948098351	68	четки в автомобиль на зеркало мужские со знаком зодиака	BY_GMV	ASCENDING	8a52c97d-fad9-4dc7-8e60-a4f6b7c4508f	C12	59	1	NULL	NULL	NULL	0	0	RUB	canonical_chunks/product_queries_details_BY_GMV_ASC_C12.tsv
2271262133	1948098351	68	подвеска в машину на зеркало стеклянная	BY_GMV	ASCENDING	8a52c97d-fad9-4dc7-8e60-a4f6b7c4508f	C12	60	1	NULL	NULL	NULL	0	0	RUB	canonical_chunks/product_queries_details_BY_GMV_ASC_C12.tsv
2271275793	1948116414	70	подвеска скорпион в машину	BY_GMV	ASCENDING	8a52c97d-fad9-4dc7-8e60-a4f6b7c4508f	C12	61	4	NULL	NULL	NULL	0	0	RUB	canonical_chunks/product_queries_details_BY_GMV_ASC_C12.tsv
2271275793	1948116414	70	амулет на шею зеркало	BY_GMV	ASCENDING	8a52c97d-fad9-4dc7-8e60-a4f6b7c4508f	C12	62	1	NULL	NULL	NULL	0	0	RUB	canonical_chunks/product_queries_details_BY_GMV_ASC_C12.tsv
2271275793	1948116414	70	брелок в машину на зеркало домовёнок кузя	BY_GMV	ASCENDING	8a52c97d-fad9-4dc7-8e60-a4f6b7c4508f	C12	63	1	NULL	NULL	NULL	0	0	RUB	canonical_chunks/product_queries_details_BY_GMV_ASC_C12.tsv
2271275793	1948116414	70	колонки в машину скорпионы	BY_GMV	ASCENDING	8a52c97d-fad9-4dc7-8e60-a4f6b7c4508f	C12	64	1	NULL	NULL	NULL	0	0	RUB	canonical_chunks/product_queries_details_BY_GMV_ASC_C12.tsv
2271275793	1948116414	70	деревянный талисман	BY_GMV	ASCENDING	8a52c97d-fad9-4dc7-8e60-a4f6b7c4508f	C12	65	2	NULL	NULL	NULL	0	0	RUB	canonical_chunks/product_queries_details_BY_GMV_ASC_C12.tsv
2271275793	1948116414	70	кулон на зеркало в машину	BY_GMV	ASCENDING	8a52c97d-fad9-4dc7-8e60-a4f6b7c4508f	C12	66	4	NULL	NULL	NULL	0	0	RUB	canonical_chunks/product_queries_details_BY_GMV_ASC_C12.tsv
2271275793	1948116414	70	крест в машину на зеркало не доинный	BY_GMV	ASCENDING	8a52c97d-fad9-4dc7-8e60-a4f6b7c4508f	C12	67	1	NULL	NULL	NULL	0	0	RUB	canonical_chunks/product_queries_details_BY_GMV_ASC_C12.tsv
2271275793	1948116414	70	оберег в машину мужской	BY_GMV	ASCENDING	8a52c97d-fad9-4dc7-8e60-a4f6b7c4508f	C12	68	4	NULL	NULL	NULL	0	0	RUB	canonical_chunks/product_queries_details_BY_GMV_ASC_C12.tsv
2271275793	1948116414	70	брелок амулет для авто на зеркало	BY_GMV	ASCENDING	8a52c97d-fad9-4dc7-8e60-a4f6b7c4508f	C12	69	1	NULL	NULL	NULL	0	0	RUB	canonical_chunks/product_queries_details_BY_GMV_ASC_C12.tsv
2271275793	1948116414	70	талисман мужской на шею	BY_GMV	ASCENDING	8a52c97d-fad9-4dc7-8e60-a4f6b7c4508f	C12	70	7	NULL	NULL	NULL	0	0	RUB	canonical_chunks/product_queries_details_BY_GMV_ASC_C12.tsv
2271275793	1948116414	70	знак на авто девушка	BY_GMV	ASCENDING	8a52c97d-fad9-4dc7-8e60-a4f6b7c4508f	C12	71	1	NULL	NULL	NULL	0	0	RUB	canonical_chunks/product_queries_details_BY_GMV_ASC_C12.tsv
2271275793	1948116414	70	из дерева знаки зодиака в подарок	BY_GMV	ASCENDING	8a52c97d-fad9-4dc7-8e60-a4f6b7c4508f	C12	72	1	NULL	NULL	NULL	0	0	RUB	canonical_chunks/product_queries_details_BY_GMV_ASC_C12.tsv
2271275793	1948116414	70	висюльки в машину на зеркало череп обезьяна	BY_GMV	ASCENDING	8a52c97d-fad9-4dc7-8e60-a4f6b7c4508f	C12	73	1	NULL	NULL	NULL	0	0	RUB	canonical_chunks/product_queries_details_BY_GMV_ASC_C12.tsv
2271275793	1948116414	70	блестящий брелок в машину на зеркало ведьмочка	BY_GMV	ASCENDING	8a52c97d-fad9-4dc7-8e60-a4f6b7c4508f	C12	74	1	NULL	NULL	NULL	0	0	RUB	canonical_chunks/product_queries_details_BY_GMV_ASC_C12.tsv
2271275793	1948116414	70	камни талисманы скорпионы	BY_GMV	ASCENDING	8a52c97d-fad9-4dc7-8e60-a4f6b7c4508f	C12	75	1	NULL	NULL	NULL	0	0	RUB	canonical_chunks/product_queries_details_BY_GMV_ASC_C12.tsv
2271285786	1948128035	71	на зеркало подвеска для машины	BY_GMV	ASCENDING	8a52c97d-fad9-4dc7-8e60-a4f6b7c4508f	C12	76	1	NULL	NULL	NULL	0	0	RUB	canonical_chunks/product_queries_details_BY_GMV_ASC_C12.tsv
2271285786	1948128035	71	оберег в машину машину на зеркало	BY_GMV	ASCENDING	8a52c97d-fad9-4dc7-8e60-a4f6b7c4508f	C12	77	1	NULL	NULL	NULL	0	0	RUB	canonical_chunks/product_queries_details_BY_GMV_ASC_C12.tsv
2271285786	1948128035	71	подвеска на зеркало для автомобиля	BY_GMV	ASCENDING	8a52c97d-fad9-4dc7-8e60-a4f6b7c4508f	C12	78	2	NULL	NULL	NULL	0	0	RUB	canonical_chunks/product_queries_details_BY_GMV_ASC_C12.tsv
2271285786	1948128035	71	трафарет стрелец знак зодиака для топора	BY_GMV	ASCENDING	8a52c97d-fad9-4dc7-8e60-a4f6b7c4508f	C12	79	1	NULL	NULL	NULL	0	0	RUB	canonical_chunks/product_queries_details_BY_GMV_ASC_C12.tsv
2271285786	1948128035	71	брелок в машину на зеркало фига	BY_GMV	ASCENDING	8a52c97d-fad9-4dc7-8e60-a4f6b7c4508f	C12	80	1	NULL	NULL	NULL	0	0	RUB	canonical_chunks/product_queries_details_BY_GMV_ASC_C12.tsv
2271285786	1948128035	71	зеркальный оберег	BY_GMV	ASCENDING	8a52c97d-fad9-4dc7-8e60-a4f6b7c4508f	C12	81	7	NULL	NULL	NULL	0	0	RUB	canonical_chunks/product_queries_details_BY_GMV_ASC_C12.tsv
2271285786	1948128035	71	на зеркало автомобиля подвеска мужская	BY_GMV	ASCENDING	8a52c97d-fad9-4dc7-8e60-a4f6b7c4508f	C12	82	13	NULL	NULL	NULL	0	0	RUB	canonical_chunks/product_queries_details_BY_GMV_ASC_C12.tsv
2271285786	1948128035	71	амулет в автомобиль	BY_GMV	ASCENDING	8a52c97d-fad9-4dc7-8e60-a4f6b7c4508f	C12	83	6	NULL	NULL	NULL	0	0	RUB	canonical_chunks/product_queries_details_BY_GMV_ASC_C12.tsv
2271285786	1948128035	71	в машину подвеска на зеркало скорпион	BY_GMV	ASCENDING	8a52c97d-fad9-4dc7-8e60-a4f6b7c4508f	C12	84	1	NULL	NULL	NULL	0	0	RUB	canonical_chunks/product_queries_details_BY_GMV_ASC_C12.tsv
2271285786	1948128035	71	бусы для стрельца	BY_GMV	ASCENDING	8a52c97d-fad9-4dc7-8e60-a4f6b7c4508f	C12	85	1	NULL	NULL	NULL	0	0	RUB	canonical_chunks/product_queries_details_BY_GMV_ASC_C12.tsv
2271285786	1948128035	71	подвеска в машину авторская стрелец	BY_GMV	ASCENDING	8a52c97d-fad9-4dc7-8e60-a4f6b7c4508f	C12	86	1	NULL	NULL	NULL	0	0	RUB	canonical_chunks/product_queries_details_BY_GMV_ASC_C12.tsv
2271285786	1948128035	71	брошь стрелец	BY_GMV	ASCENDING	8a52c97d-fad9-4dc7-8e60-a4f6b7c4508f	C12	87	39	NULL	NULL	NULL	0	0	RUB	canonical_chunks/product_queries_details_BY_GMV_ASC_C12.tsv
2271285786	1948128035	71	подвеска на зеркало в машине	BY_GMV	ASCENDING	8a52c97d-fad9-4dc7-8e60-a4f6b7c4508f	C12	88	2	NULL	NULL	NULL	0	0	RUB	canonical_chunks/product_queries_details_BY_GMV_ASC_C12.tsv
2271285786	1948128035	71	подвеска в машину на зеркало четки	BY_GMV	ASCENDING	8a52c97d-fad9-4dc7-8e60-a4f6b7c4508f	C12	89	1	NULL	NULL	NULL	0	0	RUB	canonical_chunks/product_queries_details_BY_GMV_ASC_C12.tsv
2271285786	1948128035	71	на зеркало авто подвеска	BY_GMV	ASCENDING	8a52c97d-fad9-4dc7-8e60-a4f6b7c4508f	C12	90	11	NULL	NULL	NULL	0	0	RUB	canonical_chunks/product_queries_details_BY_GMV_ASC_C12.tsv
2559748332	2324384021	75	подвески в автомобиль на зеркало	BY_GMV	ASCENDING	d8a3bcea-9b07-462b-9211-eded0166ca85	C13_C01R1	1	5	NULL	NULL	NULL	0	0	RUB	canonical_chunks/product_queries_details_BY_GMV_ASC_C13_C01R1.tsv
2559748332	2324384021	75	автомобиль мусульманский	BY_GMV	ASCENDING	d8a3bcea-9b07-462b-9211-eded0166ca85	C13_C01R1	2	1	NULL	NULL	NULL	0	0	RUB	canonical_chunks/product_queries_details_BY_GMV_ASC_C13_C01R1.tsv
2559748332	2324384021	75	оберег автомобильный	BY_GMV	ASCENDING	d8a3bcea-9b07-462b-9211-eded0166ca85	C13_C01R1	3	7	NULL	NULL	NULL	0	0	RUB	canonical_chunks/product_queries_details_BY_GMV_ASC_C13_C01R1.tsv
2559748332	2324384021	75	аксессуары для машины в подарок мужчине подвески на зеркало	BY_GMV	ASCENDING	d8a3bcea-9b07-462b-9211-eded0166ca85	C13_C01R1	4	1	NULL	NULL	NULL	0	0	RUB	canonical_chunks/product_queries_details_BY_GMV_ASC_C13_C01R1.tsv
2559748332	2324384021	75	талисман в машину женский	BY_GMV	ASCENDING	d8a3bcea-9b07-462b-9211-eded0166ca85	C13_C01R1	5	7	NULL	NULL	NULL	0	0	RUB	canonical_chunks/product_queries_details_BY_GMV_ASC_C13_C01R1.tsv
2559748332	2324384021	75	амулет зеркало оберег	BY_GMV	ASCENDING	d8a3bcea-9b07-462b-9211-eded0166ca85	C13_C01R1	6	2	NULL	NULL	NULL	0	0	RUB	canonical_chunks/product_queries_details_BY_GMV_ASC_C13_C01R1.tsv
2559748332	2324384021	75	no pasaran подвеска в машину	BY_GMV	ASCENDING	d8a3bcea-9b07-462b-9211-eded0166ca85	C13_C01R1	7	1	NULL	NULL	NULL	0	0	RUB	canonical_chunks/product_queries_details_BY_GMV_ASC_C13_C01R1.tsv
2559748332	2324384021	75	автомобильный талисман оберег на зеркало	BY_GMV	ASCENDING	d8a3bcea-9b07-462b-9211-eded0166ca85	C13_C01R1	8	1	NULL	NULL	NULL	0	0	RUB	canonical_chunks/product_queries_details_BY_GMV_ASC_C13_C01R1.tsv
2559748332	2324384021	75	брелок славянский оберег	BY_GMV	ASCENDING	d8a3bcea-9b07-462b-9211-eded0166ca85	C13_C01R1	9	15	NULL	NULL	NULL	0	0	RUB	canonical_chunks/product_queries_details_BY_GMV_ASC_C13_C01R1.tsv
2559748332	2324384021	75	амулет с зеркалом	BY_GMV	ASCENDING	d8a3bcea-9b07-462b-9211-eded0166ca85	C13_C01R1	10	11	NULL	NULL	NULL	0	0	RUB	canonical_chunks/product_queries_details_BY_GMV_ASC_C13_C01R1.tsv
2559748332	2324384021	75	подвеска на зеркало в машину киа	BY_GMV	ASCENDING	d8a3bcea-9b07-462b-9211-eded0166ca85	C13_C01R1	11	2	NULL	NULL	NULL	0	0	RUB	canonical_chunks/product_queries_details_BY_GMV_ASC_C13_C01R1.tsv
2559748332	2324384021	75	в машину на зеркало	BY_GMV	ASCENDING	d8a3bcea-9b07-462b-9211-eded0166ca85	C13_C01R1	12	226	NULL	NULL	NULL	0	0	RUB	canonical_chunks/product_queries_details_BY_GMV_ASC_C13_C01R1.tsv
2559748332	2324384021	75	аксессуары в машину подвеска	BY_GMV	ASCENDING	d8a3bcea-9b07-462b-9211-eded0166ca85	C13_C01R1	13	1	NULL	NULL	NULL	0	0	RUB	canonical_chunks/product_queries_details_BY_GMV_ASC_C13_C01R1.tsv
2559748332	2324384021	75	амулет на зеркало автомобиля	BY_GMV	ASCENDING	d8a3bcea-9b07-462b-9211-eded0166ca85	C13_C01R1	14	2	NULL	NULL	NULL	0	0	RUB	canonical_chunks/product_queries_details_BY_GMV_ASC_C13_C01R1.tsv
2559748332	2324384021	75	в машину подвеска на зеркало	BY_GMV	ASCENDING	d8a3bcea-9b07-462b-9211-eded0166ca85	C13_C01R1	15	32	NULL	NULL	NULL	0	0	RUB	canonical_chunks/product_queries_details_BY_GMV_ASC_C13_C01R1.tsv
2326866320	2020661872	73	брелок от склаза в машину	BY_GMV	ASCENDING	d8a3bcea-9b07-462b-9211-eded0166ca85	C13_C01R1	16	1	NULL	NULL	NULL	0	0	RUB	canonical_chunks/product_queries_details_BY_GMV_ASC_C13_C01R1.tsv
2326866320	2020661872	73	брелокмтамара спаси и сохрани	BY_GMV	ASCENDING	d8a3bcea-9b07-462b-9211-eded0166ca85	C13_C01R1	17	1	NULL	NULL	NULL	0	0	RUB	canonical_chunks/product_queries_details_BY_GMV_ASC_C13_C01R1.tsv
2326866320	2020661872	73	подвеска в авто оберег	BY_GMV	ASCENDING	d8a3bcea-9b07-462b-9211-eded0166ca85	C13_C01R1	18	2	NULL	NULL	NULL	0	0	RUB	canonical_chunks/product_queries_details_BY_GMV_ASC_C13_C01R1.tsv
2326866320	2020661872	73	амулеты и обереги	BY_GMV	ASCENDING	d8a3bcea-9b07-462b-9211-eded0166ca85	C13_C01R1	19	6	NULL	NULL	NULL	0	0	RUB	canonical_chunks/product_queries_details_BY_GMV_ASC_C13_C01R1.tsv
2326866320	2020661872	73	иконка спаси сохрани	BY_GMV	ASCENDING	d8a3bcea-9b07-462b-9211-eded0166ca85	C13_C01R1	20	1	NULL	NULL	NULL	0	0	RUB	canonical_chunks/product_queries_details_BY_GMV_ASC_C13_C01R1.tsv
2326866320	2020661872	73	амулет на брелок в машину	BY_GMV	ASCENDING	d8a3bcea-9b07-462b-9211-eded0166ca85	C13_C01R1	21	1	NULL	NULL	NULL	0	0	RUB	canonical_chunks/product_queries_details_BY_GMV_ASC_C13_C01R1.tsv
2326866320	2020661872	73	брелок оберег от сглаза	BY_GMV	ASCENDING	d8a3bcea-9b07-462b-9211-eded0166ca85	C13_C01R1	22	12	NULL	NULL	NULL	0	0	RUB	canonical_chunks/product_queries_details_BY_GMV_ASC_C13_C01R1.tsv
2326866320	2020661872	73	амулет мужской деревянный	BY_GMV	ASCENDING	d8a3bcea-9b07-462b-9211-eded0166ca85	C13_C01R1	23	1	NULL	NULL	NULL	0	0	RUB	canonical_chunks/product_queries_details_BY_GMV_ASC_C13_C01R1.tsv
2326866320	2020661872	73	брелок оберег от	BY_GMV	ASCENDING	d8a3bcea-9b07-462b-9211-eded0166ca85	C13_C01R1	24	2	NULL	NULL	NULL	0	0	RUB	canonical_chunks/product_queries_details_BY_GMV_ASC_C13_C01R1.tsv
2326866320	2020661872	73	брслет охранный спаси и сохрани	BY_GMV	ASCENDING	d8a3bcea-9b07-462b-9211-eded0166ca85	C13_C01R1	25	1	NULL	NULL	NULL	0	0	RUB	canonical_chunks/product_queries_details_BY_GMV_ASC_C13_C01R1.tsv
2326866320	2020661872	73	талисман от сглаза и порчи	BY_GMV	ASCENDING	d8a3bcea-9b07-462b-9211-eded0166ca85	C13_C01R1	26	10	NULL	NULL	NULL	0	0	RUB	canonical_chunks/product_queries_details_BY_GMV_ASC_C13_C01R1.tsv
2326866320	2020661872	73	оберег для дома от сглаза на стену	BY_GMV	ASCENDING	d8a3bcea-9b07-462b-9211-eded0166ca85	C13_C01R1	27	3	NULL	NULL	NULL	0	0	RUB	canonical_chunks/product_queries_details_BY_GMV_ASC_C13_C01R1.tsv
2326866320	2020661872	73	от сглаза в авто	BY_GMV	ASCENDING	d8a3bcea-9b07-462b-9211-eded0166ca85	C13_C01R1	28	2	NULL	NULL	NULL	0	0	RUB	canonical_chunks/product_queries_details_BY_GMV_ASC_C13_C01R1.tsv
2326866320	2020661872	73	славянский оберег в машину на зеркало	BY_GMV	ASCENDING	d8a3bcea-9b07-462b-9211-eded0166ca85	C13_C01R1	29	2	NULL	NULL	NULL	0	0	RUB	canonical_chunks/product_queries_details_BY_GMV_ASC_C13_C01R1.tsv
2326866320	2020661872	73	оберег	BY_GMV	ASCENDING	d8a3bcea-9b07-462b-9211-eded0166ca85	C13_C01R1	30	3886	NULL	NULL	NULL	0	0	RUB	canonical_chunks/product_queries_details_BY_GMV_ASC_C13_C01R1.tsv
2559817779	2324467855	76	подвеска в машину на зеркало с крестом провославным	BY_GMV	ASCENDING	d8a3bcea-9b07-462b-9211-eded0166ca85	C13_C01R1	31	1	NULL	NULL	NULL	0	0	RUB	canonical_chunks/product_queries_details_BY_GMV_ASC_C13_C01R1.tsv
2559817779	2324467855	76	оберег в машину тойота	BY_GMV	ASCENDING	d8a3bcea-9b07-462b-9211-eded0166ca85	C13_C01R1	32	1	NULL	NULL	NULL	0	0	RUB	canonical_chunks/product_queries_details_BY_GMV_ASC_C13_C01R1.tsv
2559817779	2324467855	76	в машину для мужчины амулет	BY_GMV	ASCENDING	d8a3bcea-9b07-462b-9211-eded0166ca85	C13_C01R1	33	1	NULL	NULL	NULL	0	0	RUB	canonical_chunks/product_queries_details_BY_GMV_ASC_C13_C01R1.tsv
2559817779	2324467855	76	оберег зеркало на шею подвеска	BY_GMV	ASCENDING	d8a3bcea-9b07-462b-9211-eded0166ca85	C13_C01R1	34	1	NULL	NULL	NULL	0	0	RUB	canonical_chunks/product_queries_details_BY_GMV_ASC_C13_C01R1.tsv
2559817779	2324467855	76	звезда на зеркало в машину	BY_GMV	ASCENDING	d8a3bcea-9b07-462b-9211-eded0166ca85	C13_C01R1	35	6	NULL	NULL	NULL	0	0	RUB	canonical_chunks/product_queries_details_BY_GMV_ASC_C13_C01R1.tsv
2559817779	2324467855	76	русская подвескс	BY_GMV	ASCENDING	d8a3bcea-9b07-462b-9211-eded0166ca85	C13_C01R1	36	1	NULL	NULL	NULL	0	0	RUB	canonical_chunks/product_queries_details_BY_GMV_ASC_C13_C01R1.tsv
2559817779	2324467855	76	обеоег на зеркало в машину мусульманская	BY_GMV	ASCENDING	d8a3bcea-9b07-462b-9211-eded0166ca85	C13_C01R1	37	1	NULL	NULL	NULL	0	0	RUB	canonical_chunks/product_queries_details_BY_GMV_ASC_C13_C01R1.tsv
2559817779	2324467855	76	для машины в салон на зеркало подвескп	BY_GMV	ASCENDING	d8a3bcea-9b07-462b-9211-eded0166ca85	C13_C01R1	38	0	NULL	NULL	NULL	0	0	RUB	canonical_chunks/product_queries_details_BY_GMV_ASC_C13_C01R1.tsv
2559817779	2324467855	76	кулон на зеркало в машину	BY_GMV	ASCENDING	d8a3bcea-9b07-462b-9211-eded0166ca85	C13_C01R1	39	2	NULL	NULL	NULL	0	0	RUB	canonical_chunks/product_queries_details_BY_GMV_ASC_C13_C01R1.tsv
2559817779	2324467855	76	флаги россии маленькие на присоске в машину	BY_GMV	ASCENDING	d8a3bcea-9b07-462b-9211-eded0166ca85	C13_C01R1	40	1	NULL	NULL	NULL	0	0	RUB	canonical_chunks/product_queries_details_BY_GMV_ASC_C13_C01R1.tsv
2559817779	2324467855	76	зеркало талисман	BY_GMV	ASCENDING	d8a3bcea-9b07-462b-9211-eded0166ca85	C13_C01R1	41	1	NULL	NULL	NULL	0	0	RUB	canonical_chunks/product_queries_details_BY_GMV_ASC_C13_C01R1.tsv
2559817779	2324467855	76	оберег на зеркала	BY_GMV	ASCENDING	d8a3bcea-9b07-462b-9211-eded0166ca85	C13_C01R1	42	1	NULL	NULL	NULL	0	0	RUB	canonical_chunks/product_queries_details_BY_GMV_ASC_C13_C01R1.tsv
2559817779	2324467855	76	на зеркало в машину подвеска участник бое	BY_GMV	ASCENDING	d8a3bcea-9b07-462b-9211-eded0166ca85	C13_C01R1	43	1	NULL	NULL	NULL	0	0	RUB	canonical_chunks/product_queries_details_BY_GMV_ASC_C13_C01R1.tsv
2559817779	2324467855	76	амулет зеркало	BY_GMV	ASCENDING	d8a3bcea-9b07-462b-9211-eded0166ca85	C13_C01R1	44	5	NULL	NULL	NULL	0	0	RUB	canonical_chunks/product_queries_details_BY_GMV_ASC_C13_C01R1.tsv
2559817779	2324467855	76	голова вуду подвеска на зеркало	BY_GMV	ASCENDING	d8a3bcea-9b07-462b-9211-eded0166ca85	C13_C01R1	45	1	NULL	NULL	NULL	0	0	RUB	canonical_chunks/product_queries_details_BY_GMV_ASC_C13_C01R1.tsv
2559437928	2324003802	74	эзотерика	BY_GMV	ASCENDING	d8a3bcea-9b07-462b-9211-eded0166ca85	C13_C01R1	46	84	NULL	NULL	NULL	0	0	RUB	canonical_chunks/product_queries_details_BY_GMV_ASC_C13_C01R1.tsv
2559437928	2324003802	74	амулеты славянские	BY_GMV	ASCENDING	d8a3bcea-9b07-462b-9211-eded0166ca85	C13_C01R1	47	8	NULL	NULL	NULL	0	0	RUB	canonical_chunks/product_queries_details_BY_GMV_ASC_C13_C01R1.tsv
2559437928	2324003802	74	амулеты обереги для дома	BY_GMV	ASCENDING	d8a3bcea-9b07-462b-9211-eded0166ca85	C13_C01R1	48	1	NULL	NULL	NULL	0	0	RUB	canonical_chunks/product_queries_details_BY_GMV_ASC_C13_C01R1.tsv
2559437928	2324003802	74	руны в машину	BY_GMV	ASCENDING	d8a3bcea-9b07-462b-9211-eded0166ca85	C13_C01R1	49	3	NULL	NULL	NULL	0	0	RUB	canonical_chunks/product_queries_details_BY_GMV_ASC_C13_C01R1.tsv
2559437928	2324003802	74	гусь обнимусь подвеска на нитке в машину	BY_GMV	ASCENDING	d8a3bcea-9b07-462b-9211-eded0166ca85	C13_C01R1	50	1	NULL	NULL	NULL	0	0	RUB	canonical_chunks/product_queries_details_BY_GMV_ASC_C13_C01R1.tsv
2559437928	2324003802	74	амулет славянский подарок	BY_GMV	ASCENDING	d8a3bcea-9b07-462b-9211-eded0166ca85	C13_C01R1	51	1	NULL	NULL	NULL	0	0	RUB	canonical_chunks/product_queries_details_BY_GMV_ASC_C13_C01R1.tsv
2559437928	2324003802	74	в машину кулон от сглаза	BY_GMV	ASCENDING	d8a3bcea-9b07-462b-9211-eded0166ca85	C13_C01R1	52	1	NULL	NULL	NULL	0	0	RUB	canonical_chunks/product_queries_details_BY_GMV_ASC_C13_C01R1.tsv
2559437928	2324003802	74	аксессуары в машину подвеска на зеркало	BY_GMV	ASCENDING	d8a3bcea-9b07-462b-9211-eded0166ca85	C13_C01R1	53	2	NULL	NULL	NULL	0	0	RUB	canonical_chunks/product_queries_details_BY_GMV_ASC_C13_C01R1.tsv
2559437928	2324003802	74	амулет на зеркало оберег в машину	BY_GMV	ASCENDING	d8a3bcea-9b07-462b-9211-eded0166ca85	C13_C01R1	54	1	NULL	NULL	NULL	0	0	RUB	canonical_chunks/product_queries_details_BY_GMV_ASC_C13_C01R1.tsv
2559437928	2324003802	74	висюлька на зеркало в машину ароматизатор мазда	BY_GMV	ASCENDING	d8a3bcea-9b07-462b-9211-eded0166ca85	C13_C01R1	55	1	NULL	NULL	NULL	0	0	RUB	canonical_chunks/product_queries_details_BY_GMV_ASC_C13_C01R1.tsv
2559437928	2324003802	74	дикий вепрь славянская подвеска	BY_GMV	ASCENDING	d8a3bcea-9b07-462b-9211-eded0166ca85	C13_C01R1	56	1	NULL	NULL	NULL	0	0	RUB	canonical_chunks/product_queries_details_BY_GMV_ASC_C13_C01R1.tsv
2559437928	2324003802	74	в дом оберег	BY_GMV	ASCENDING	d8a3bcea-9b07-462b-9211-eded0166ca85	C13_C01R1	57	2	NULL	NULL	NULL	0	0	RUB	canonical_chunks/product_queries_details_BY_GMV_ASC_C13_C01R1.tsv
2559437928	2324003802	74	акриловая подвеска в машину на зеркало	BY_GMV	ASCENDING	d8a3bcea-9b07-462b-9211-eded0166ca85	C13_C01R1	58	1	NULL	NULL	NULL	0	0	RUB	canonical_chunks/product_queries_details_BY_GMV_ASC_C13_C01R1.tsv
2559437928	2324003802	74	ароматизатор в машину висячий на зеркало	BY_GMV	ASCENDING	d8a3bcea-9b07-462b-9211-eded0166ca85	C13_C01R1	59	1	NULL	NULL	NULL	0	0	RUB	canonical_chunks/product_queries_details_BY_GMV_ASC_C13_C01R1.tsv
2559437928	2324003802	74	в машину славянский	BY_GMV	ASCENDING	d8a3bcea-9b07-462b-9211-eded0166ca85	C13_C01R1	60	1	NULL	NULL	NULL	0	0	RUB	canonical_chunks/product_queries_details_BY_GMV_ASC_C13_C01R1.tsv
2186856503	1835048645	58	подвеска на зеркало в автомобиль	BY_GMV	ASCENDING	7a25a469-ccf0-4935-b04d-12a0bcb43d17	C10R2B	1	8	NULL	NULL	NULL	0	0	RUB	canonical_chunks/product_queries_details_BY_GMV_ASC_C10R2B.tsv
2186856503	1835048645	58	оберег подвеска в машину весы	BY_GMV	ASCENDING	7a25a469-ccf0-4935-b04d-12a0bcb43d17	C10R2B	2	1	NULL	NULL	NULL	0	0	RUB	canonical_chunks/product_queries_details_BY_GMV_ASC_C10R2B.tsv
2186856503	1835048645	58	подвеска на авто зеркало	BY_GMV	ASCENDING	7a25a469-ccf0-4935-b04d-12a0bcb43d17	C10R2B	3	1	NULL	NULL	NULL	0	0	RUB	canonical_chunks/product_queries_details_BY_GMV_ASC_C10R2B.tsv
2186856503	1835048645	58	подвеска в авто на зеркало большая	BY_GMV	ASCENDING	7a25a469-ccf0-4935-b04d-12a0bcb43d17	C10R2B	4	1	NULL	NULL	NULL	0	0	RUB	canonical_chunks/product_queries_details_BY_GMV_ASC_C10R2B.tsv
2186856503	1835048645	58	крест в машину освященный православный на зеркало	BY_GMV	ASCENDING	7a25a469-ccf0-4935-b04d-12a0bcb43d17	C10R2B	5	1	NULL	NULL	NULL	0	0	RUB	canonical_chunks/product_queries_details_BY_GMV_ASC_C10R2B.tsv
2186856503	1835048645	58	аксессуары в машину подвеска на зеркало скорпион	BY_GMV	ASCENDING	7a25a469-ccf0-4935-b04d-12a0bcb43d17	C10R2B	6	1	NULL	NULL	NULL	0	0	RUB	canonical_chunks/product_queries_details_BY_GMV_ASC_C10R2B.tsv
2186856503	1835048645	58	близнецы оберег на машину на стекло из метала	BY_GMV	ASCENDING	7a25a469-ccf0-4935-b04d-12a0bcb43d17	C10R2B	7	1	NULL	NULL	NULL	0	0	RUB	canonical_chunks/product_queries_details_BY_GMV_ASC_C10R2B.tsv
2186856503	1835048645	58	висюлька в машину на зеркало мусульманская	BY_GMV	ASCENDING	7a25a469-ccf0-4935-b04d-12a0bcb43d17	C10R2B	8	1	NULL	NULL	NULL	0	0	RUB	canonical_chunks/product_queries_details_BY_GMV_ASC_C10R2B.tsv
2186856503	1835048645	58	на машину подвеска женская	BY_GMV	ASCENDING	7a25a469-ccf0-4935-b04d-12a0bcb43d17	C10R2B	9	0	NULL	NULL	NULL	0	0	RUB	canonical_chunks/product_queries_details_BY_GMV_ASC_C10R2B.tsv
2186856503	1835048645	58	автомобильные принадлежности э	BY_GMV	ASCENDING	7a25a469-ccf0-4935-b04d-12a0bcb43d17	C10R2B	10	1	NULL	NULL	NULL	0	0	RUB	canonical_chunks/product_queries_details_BY_GMV_ASC_C10R2B.tsv
2186856503	1835048645	58	оберег для близнецов	BY_GMV	ASCENDING	7a25a469-ccf0-4935-b04d-12a0bcb43d17	C10R2B	11	3	NULL	NULL	NULL	0	0	RUB	canonical_chunks/product_queries_details_BY_GMV_ASC_C10R2B.tsv
2186856503	1835048645	58	аксессуар для автомобиля на зеркало подвеска	BY_GMV	ASCENDING	7a25a469-ccf0-4935-b04d-12a0bcb43d17	C10R2B	12	1	NULL	NULL	NULL	0	0	RUB	canonical_chunks/product_queries_details_BY_GMV_ASC_C10R2B.tsv
2186856503	1835048645	58	подвеска на зеркало в машину боксерские перчатки lada samara	BY_GMV	ASCENDING	7a25a469-ccf0-4935-b04d-12a0bcb43d17	C10R2B	13	1	NULL	NULL	NULL	0	0	RUB	canonical_chunks/product_queries_details_BY_GMV_ASC_C10R2B.tsv
2186856503	1835048645	58	украшения обереги	BY_GMV	ASCENDING	7a25a469-ccf0-4935-b04d-12a0bcb43d17	C10R2B	14	1	NULL	NULL	NULL	0	0	RUB	canonical_chunks/product_queries_details_BY_GMV_ASC_C10R2B.tsv
2186856503	1835048645	58	на зеркало в машину подвеска женская сердечко сере	BY_GMV	ASCENDING	7a25a469-ccf0-4935-b04d-12a0bcb43d17	C10R2B	15	1	NULL	NULL	NULL	0	0	RUB	canonical_chunks/product_queries_details_BY_GMV_ASC_C10R2B.tsv
2186857668	1835050645	59	четки оберег в машину	BY_GMV	ASCENDING	7a25a469-ccf0-4935-b04d-12a0bcb43d17	C10R2B	16	2	NULL	NULL	NULL	0	0	RUB	canonical_chunks/product_queries_details_BY_GMV_ASC_C10R2B.tsv
2186857668	1835050645	59	автомобиль кулон	BY_GMV	ASCENDING	7a25a469-ccf0-4935-b04d-12a0bcb43d17	C10R2B	17	2	NULL	NULL	NULL	0	0	RUB	canonical_chunks/product_queries_details_BY_GMV_ASC_C10R2B.tsv
2186857668	1835050645	59	зеркало подвеска оберег	BY_GMV	ASCENDING	7a25a469-ccf0-4935-b04d-12a0bcb43d17	C10R2B	18	1	NULL	NULL	NULL	0	0	RUB	canonical_chunks/product_queries_details_BY_GMV_ASC_C10R2B.tsv
2186857668	1835050645	59	подвеска славянский оберег	BY_GMV	ASCENDING	7a25a469-ccf0-4935-b04d-12a0bcb43d17	C10R2B	19	1	NULL	NULL	NULL	0	0	RUB	canonical_chunks/product_queries_details_BY_GMV_ASC_C10R2B.tsv
2186857668	1835050645	59	аксессуары в машину подвесаа зеркал барабан	BY_GMV	ASCENDING	7a25a469-ccf0-4935-b04d-12a0bcb43d17	C10R2B	20	0	NULL	NULL	NULL	0	0	RUB	canonical_chunks/product_queries_details_BY_GMV_ASC_C10R2B.tsv
2186857668	1835050645	59	крест в машину на зеркало не доинный	BY_GMV	ASCENDING	7a25a469-ccf0-4935-b04d-12a0bcb43d17	C10R2B	21	1	NULL	NULL	NULL	0	0	RUB	canonical_chunks/product_queries_details_BY_GMV_ASC_C10R2B.tsv
2186857668	1835050645	59	деревянная подвеска для кулона	BY_GMV	ASCENDING	7a25a469-ccf0-4935-b04d-12a0bcb43d17	C10R2B	22	1	NULL	NULL	NULL	0	0	RUB	canonical_chunks/product_queries_details_BY_GMV_ASC_C10R2B.tsv
2186857668	1835050645	59	крест славянский оберег	BY_GMV	ASCENDING	7a25a469-ccf0-4935-b04d-12a0bcb43d17	C10R2B	23	1	NULL	NULL	NULL	0	0	RUB	canonical_chunks/product_queries_details_BY_GMV_ASC_C10R2B.tsv
2186857668	1835050645	59	арома четки в машину	BY_GMV	ASCENDING	7a25a469-ccf0-4935-b04d-12a0bcb43d17	C10R2B	24	1	NULL	NULL	NULL	0	0	RUB	canonical_chunks/product_queries_details_BY_GMV_ASC_C10R2B.tsv
2186857668	1835050645	59	год оф ва на зеркало в машину	BY_GMV	ASCENDING	7a25a469-ccf0-4935-b04d-12a0bcb43d17	C10R2B	25	1	NULL	NULL	NULL	0	0	RUB	canonical_chunks/product_queries_details_BY_GMV_ASC_C10R2B.tsv
2186857668	1835050645	59	#подвеска_в_машину	BY_GMV	ASCENDING	7a25a469-ccf0-4935-b04d-12a0bcb43d17	C10R2B	26	1	NULL	NULL	NULL	0	0	RUB	canonical_chunks/product_queries_details_BY_GMV_ASC_C10R2B.tsv
2186857668	1835050645	59	бомбический оберег в машину на зеркало	BY_GMV	ASCENDING	7a25a469-ccf0-4935-b04d-12a0bcb43d17	C10R2B	27	1	NULL	NULL	NULL	0	0	RUB	canonical_chunks/product_queries_details_BY_GMV_ASC_C10R2B.tsv
2186857668	1835050645	59	зеркало лев	BY_GMV	ASCENDING	7a25a469-ccf0-4935-b04d-12a0bcb43d17	C10R2B	28	2	NULL	NULL	NULL	0	0	RUB	canonical_chunks/product_queries_details_BY_GMV_ASC_C10R2B.tsv
2186857668	1835050645	59	подвеска в машину на зеркало череп	BY_GMV	ASCENDING	7a25a469-ccf0-4935-b04d-12a0bcb43d17	C10R2B	29	4	NULL	NULL	NULL	0	0	RUB	canonical_chunks/product_queries_details_BY_GMV_ASC_C10R2B.tsv
2186857668	1835050645	59	на зеркало в машину	BY_GMV	ASCENDING	7a25a469-ccf0-4935-b04d-12a0bcb43d17	C10R2B	30	26	NULL	NULL	NULL	0	0	RUB	canonical_chunks/product_queries_details_BY_GMV_ASC_C10R2B.tsv
2186865070	1835063317	60	мусульманский оберег в машину	BY_GMV	ASCENDING	7a25a469-ccf0-4935-b04d-12a0bcb43d17	C10R2B	31	11	NULL	NULL	NULL	0	0	RUB	canonical_chunks/product_queries_details_BY_GMV_ASC_C10R2B.tsv
2186865070	1835063317	60	джиу джитсу на машину подвеска на зеркало	BY_GMV	ASCENDING	7a25a469-ccf0-4935-b04d-12a0bcb43d17	C10R2B	32	1	NULL	NULL	NULL	0	0	RUB	canonical_chunks/product_queries_details_BY_GMV_ASC_C10R2B.tsv
2186865070	1835063317	60	талисман для девы мужской	BY_GMV	ASCENDING	7a25a469-ccf0-4935-b04d-12a0bcb43d17	C10R2B	33	1	NULL	NULL	NULL	0	0	RUB	canonical_chunks/product_queries_details_BY_GMV_ASC_C10R2B.tsv
2186865070	1835063317	60	магический амулет, оберег	BY_GMV	ASCENDING	7a25a469-ccf0-4935-b04d-12a0bcb43d17	C10R2B	34	6	NULL	NULL	NULL	0	0	RUB	canonical_chunks/product_queries_details_BY_GMV_ASC_C10R2B.tsv
2186865070	1835063317	60	талисман дева	BY_GMV	ASCENDING	7a25a469-ccf0-4935-b04d-12a0bcb43d17	C10R2B	35	7	NULL	NULL	NULL	0	0	RUB	canonical_chunks/product_queries_details_BY_GMV_ASC_C10R2B.tsv
2186865070	1835063317	60	подвеска амулет дева	BY_GMV	ASCENDING	7a25a469-ccf0-4935-b04d-12a0bcb43d17	C10R2B	36	1	NULL	NULL	NULL	0	0	RUB	canonical_chunks/product_queries_details_BY_GMV_ASC_C10R2B.tsv
2186865070	1835063317	60	подвеска на зеркало	BY_GMV	ASCENDING	7a25a469-ccf0-4935-b04d-12a0bcb43d17	C10R2B	37	81	NULL	NULL	NULL	0	0	RUB	canonical_chunks/product_queries_details_BY_GMV_ASC_C10R2B.tsv
2186865070	1835063317	60	оберег для знака дева	BY_GMV	ASCENDING	7a25a469-ccf0-4935-b04d-12a0bcb43d17	C10R2B	38	2	NULL	NULL	NULL	0	0	RUB	canonical_chunks/product_queries_details_BY_GMV_ASC_C10R2B.tsv
2186865070	1835063317	60	знак дева обвес на телефон	BY_GMV	ASCENDING	7a25a469-ccf0-4935-b04d-12a0bcb43d17	C10R2B	39	1	NULL	NULL	NULL	0	0	RUB	canonical_chunks/product_queries_details_BY_GMV_ASC_C10R2B.tsv
2186865070	1835063317	60	подвеска с зеркалом дерево	BY_GMV	ASCENDING	7a25a469-ccf0-4935-b04d-12a0bcb43d17	C10R2B	40	1	NULL	NULL	NULL	0	0	RUB	canonical_chunks/product_queries_details_BY_GMV_ASC_C10R2B.tsv
2186865070	1835063317	60	знак зодиака дева прикол	BY_GMV	ASCENDING	7a25a469-ccf0-4935-b04d-12a0bcb43d17	C10R2B	41	1	NULL	NULL	NULL	0	0	RUB	canonical_chunks/product_queries_details_BY_GMV_ASC_C10R2B.tsv
2186865070	1835063317	60	зеркало оберег на шею	BY_GMV	ASCENDING	7a25a469-ccf0-4935-b04d-12a0bcb43d17	C10R2B	42	5	NULL	NULL	NULL	0	0	RUB	canonical_chunks/product_queries_details_BY_GMV_ASC_C10R2B.tsv
2186865070	1835063317	60	подвеска на зеркало в машину воровская звезда	BY_GMV	ASCENDING	7a25a469-ccf0-4935-b04d-12a0bcb43d17	C10R2B	43	1	NULL	NULL	NULL	0	0	RUB	canonical_chunks/product_queries_details_BY_GMV_ASC_C10R2B.tsv
2186865070	1835063317	60	подвеска на зеркало в машину купола	BY_GMV	ASCENDING	7a25a469-ccf0-4935-b04d-12a0bcb43d17	C10R2B	44	1	NULL	NULL	NULL	0	0	RUB	canonical_chunks/product_queries_details_BY_GMV_ASC_C10R2B.tsv
2186865070	1835063317	60	оберег для сестры знак зодиака дева	BY_GMV	ASCENDING	7a25a469-ccf0-4935-b04d-12a0bcb43d17	C10R2B	45	1	NULL	NULL	NULL	0	0	RUB	canonical_chunks/product_queries_details_BY_GMV_ASC_C10R2B.tsv
2186852750	1835045239	57	подвеска в машину на зеркало спецназ внутренних войск	BY_GMV	ASCENDING	ab9c3b92-6b98-4a8c-b7a3-d9478e240f59	C10R3	1	0	NULL	NULL	NULL	0	0	RUB	canonical_chunks/product_queries_details_BY_GMV_ASC_C10R3_2186852750.tsv
2186852750	1835045239	57	бусы подвеска в машину	BY_GMV	ASCENDING	ab9c3b92-6b98-4a8c-b7a3-d9478e240f59	C10R3	2	1	NULL	NULL	NULL	0	0	RUB	canonical_chunks/product_queries_details_BY_GMV_ASC_C10R3_2186852750.tsv
2186852750	1835045239	57	для машин оберег	BY_GMV	ASCENDING	ab9c3b92-6b98-4a8c-b7a3-d9478e240f59	C10R3	3	1	NULL	NULL	NULL	0	0	RUB	canonical_chunks/product_queries_details_BY_GMV_ASC_C10R3_2186852750.tsv
2186852750	1835045239	57	украшения обереги	BY_GMV	ASCENDING	ab9c3b92-6b98-4a8c-b7a3-d9478e240f59	C10R3	4	1	NULL	NULL	NULL	0	0	RUB	canonical_chunks/product_queries_details_BY_GMV_ASC_C10R3_2186852750.tsv
2186852750	1835045239	57	#подвеска_в_машину	BY_GMV	ASCENDING	ab9c3b92-6b98-4a8c-b7a3-d9478e240f59	C10R3	5	0	NULL	NULL	NULL	0	0	RUB	canonical_chunks/product_queries_details_BY_GMV_ASC_C10R3_2186852750.tsv
2186852750	1835045239	57	подвеска в машину бутцы арсенал	BY_GMV	ASCENDING	ab9c3b92-6b98-4a8c-b7a3-d9478e240f59	C10R3	6	1	NULL	NULL	NULL	0	0	RUB	canonical_chunks/product_queries_details_BY_GMV_ASC_C10R3_2186852750.tsv
2186852750	1835045239	57	подвеска на зеркало заднего вида в машину маска бдсм	BY_GMV	ASCENDING	ab9c3b92-6b98-4a8c-b7a3-d9478e240f59	C10R3	7	1	NULL	NULL	NULL	0	0	RUB	canonical_chunks/product_queries_details_BY_GMV_ASC_C10R3_2186852750.tsv
2186852750	1835045239	57	подвеска зеркало магического	BY_GMV	ASCENDING	ab9c3b92-6b98-4a8c-b7a3-d9478e240f59	C10R3	8	1	NULL	NULL	NULL	0	0	RUB	canonical_chunks/product_queries_details_BY_GMV_ASC_C10R3_2186852750.tsv
2186852750	1835045239	57	брелок талисман козерог	BY_GMV	ASCENDING	ab9c3b92-6b98-4a8c-b7a3-d9478e240f59	C10R3	9	1	NULL	NULL	NULL	0	0	RUB	canonical_chunks/product_queries_details_BY_GMV_ASC_C10R3_2186852750.tsv
2186852750	1835045239	57	оникс козерог	BY_GMV	ASCENDING	ab9c3b92-6b98-4a8c-b7a3-d9478e240f59	C10R3	10	1	NULL	NULL	NULL	0	0	RUB	canonical_chunks/product_queries_details_BY_GMV_ASC_C10R3_2186852750.tsv
2186852750	1835045239	57	подвеска зеркало из натурального	BY_GMV	ASCENDING	ab9c3b92-6b98-4a8c-b7a3-d9478e240f59	C10R3	11	1	NULL	NULL	NULL	0	0	RUB	canonical_chunks/product_queries_details_BY_GMV_ASC_C10R3_2186852750.tsv
2186852750	1835045239	57	козерог на автомобиль	BY_GMV	ASCENDING	ab9c3b92-6b98-4a8c-b7a3-d9478e240f59	C10R3	12	1	NULL	NULL	NULL	0	0	RUB	canonical_chunks/product_queries_details_BY_GMV_ASC_C10R3_2186852750.tsv
2186852750	1835045239	57	зеркало талисман для ворот кованое	BY_GMV	ASCENDING	ab9c3b92-6b98-4a8c-b7a3-d9478e240f59	C10R3	13	1	NULL	NULL	NULL	0	0	RUB	canonical_chunks/product_queries_details_BY_GMV_ASC_C10R3_2186852750.tsv
2186852750	1835045239	57	тарелка козерог	BY_GMV	ASCENDING	ab9c3b92-6b98-4a8c-b7a3-d9478e240f59	C10R3	14	1	NULL	NULL	NULL	0	0	RUB	canonical_chunks/product_queries_details_BY_GMV_ASC_C10R3_2186852750.tsv
2186852750	1835045239	57	сувенирная хоккейная майка на зеркало в машину	BY_GMV	ASCENDING	ab9c3b92-6b98-4a8c-b7a3-d9478e240f59	C10R3	15	1	NULL	NULL	NULL	0	0	RUB	canonical_chunks/product_queries_details_BY_GMV_ASC_C10R3_2186852750.tsv
2186848313	1835037959	55	амулеты мужские в машину	BY_GMV	ASCENDING	faa6dae3-cb80-42c1-849e-a771e42a0797	C10R4	1	1	NULL	NULL	NULL	0	0	RUB	canonical_chunks/product_queries_details_BY_GMV_ASC_C10R4_2186848313.tsv
2186848313	1835037959	55	подвеска в машину рыба на зеркало	BY_GMV	ASCENDING	faa6dae3-cb80-42c1-849e-a771e42a0797	C10R4	2	1	NULL	NULL	NULL	0	0	RUB	canonical_chunks/product_queries_details_BY_GMV_ASC_C10R4_2186848313.tsv
2186848313	1835037959	55	бусы в машину на зеркало ленд ровер	BY_GMV	ASCENDING	faa6dae3-cb80-42c1-849e-a771e42a0797	C10R4	3	1	NULL	NULL	NULL	0	0	RUB	canonical_chunks/product_queries_details_BY_GMV_ASC_C10R4_2186848313.tsv
2186848313	1835037959	55	талисман на шею мужской	BY_GMV	ASCENDING	faa6dae3-cb80-42c1-849e-a771e42a0797	C10R4	4	4	NULL	NULL	NULL	0	0	RUB	canonical_chunks/product_queries_details_BY_GMV_ASC_C10R4_2186848313.tsv
2186848313	1835037959	55	кулончики в машину	BY_GMV	ASCENDING	faa6dae3-cb80-42c1-849e-a771e42a0797	C10R4	5	1	NULL	NULL	NULL	0	0	RUB	canonical_chunks/product_queries_details_BY_GMV_ASC_C10R4_2186848313.tsv
2186848313	1835037959	55	кулон на шею для мальчика знак зодиака	BY_GMV	ASCENDING	faa6dae3-cb80-42c1-849e-a771e42a0797	C10R4	6	1	NULL	NULL	NULL	0	0	RUB	canonical_chunks/product_queries_details_BY_GMV_ASC_C10R4_2186848313.tsv
2186848313	1835037959	55	талисман скорпион	BY_GMV	ASCENDING	faa6dae3-cb80-42c1-849e-a771e42a0797	C10R4	7	5	NULL	NULL	NULL	0	0	RUB	canonical_chunks/product_queries_details_BY_GMV_ASC_C10R4_2186848313.tsv
2186848313	1835037959	55	автомобильная чётки в машину на зеркало	BY_GMV	ASCENDING	faa6dae3-cb80-42c1-849e-a771e42a0797	C10R4	8	1	NULL	NULL	NULL	0	0	RUB	canonical_chunks/product_queries_details_BY_GMV_ASC_C10R4_2186848313.tsv
2186848313	1835037959	55	висюлька в машину на зеркало тайота четки	BY_GMV	ASCENDING	faa6dae3-cb80-42c1-849e-a771e42a0797	C10R4	9	1	NULL	NULL	NULL	0	0	RUB	canonical_chunks/product_queries_details_BY_GMV_ASC_C10R4_2186848313.tsv
2186848313	1835037959	55	знак зодиака лев подвеска в машину	BY_GMV	ASCENDING	faa6dae3-cb80-42c1-849e-a771e42a0797	C10R4	10	1	NULL	NULL	NULL	0	0	RUB	canonical_chunks/product_queries_details_BY_GMV_ASC_C10R4_2186848313.tsv
2186848313	1835037959	55	подвеска на машину	BY_GMV	ASCENDING	faa6dae3-cb80-42c1-849e-a771e42a0797	C10R4	11	88	NULL	NULL	NULL	0	0	RUB	canonical_chunks/product_queries_details_BY_GMV_ASC_C10R4_2186848313.tsv
2186848313	1835037959	55	#обереги	BY_GMV	ASCENDING	faa6dae3-cb80-42c1-849e-a771e42a0797	C10R4	12	1	NULL	NULL	NULL	0	0	RUB	canonical_chunks/product_queries_details_BY_GMV_ASC_C10R4_2186848313.tsv
2186848313	1835037959	55	подвеска на зеркало автомобиля	BY_GMV	ASCENDING	faa6dae3-cb80-42c1-849e-a771e42a0797	C10R4	13	47	NULL	NULL	NULL	0	0	RUB	canonical_chunks/product_queries_details_BY_GMV_ASC_C10R4_2186848313.tsv
2186848313	1835037959	55	игрушка оберег в машину	BY_GMV	ASCENDING	faa6dae3-cb80-42c1-849e-a771e42a0797	C10R4	14	2	NULL	NULL	NULL	0	0	RUB	canonical_chunks/product_queries_details_BY_GMV_ASC_C10R4_2186848313.tsv
2186848313	1835037959	55	подвеска в машину на зеркало череп	BY_GMV	ASCENDING	faa6dae3-cb80-42c1-849e-a771e42a0797	C10R4	15	4	NULL	NULL	NULL	0	0	RUB	canonical_chunks/product_queries_details_BY_GMV_ASC_C10R4_2186848313.tsv
2186850644	1835042242	56	подвеска в автомобиль	BY_GMV	ASCENDING	37be53b0-a92c-4b08-8369-302658063799	C10R5	1	346	NULL	NULL	NULL	0	0	RUB	canonical_chunks/product_queries_details_BY_GMV_ASC_C10R5_2186850644.tsv
2186850644	1835042242	56	четки для овна	BY_GMV	ASCENDING	37be53b0-a92c-4b08-8369-302658063799	C10R5	2	1	NULL	NULL	NULL	0	0	RUB	canonical_chunks/product_queries_details_BY_GMV_ASC_C10R5_2186850644.tsv
2186850644	1835042242	56	подвеска в машину для мужч	BY_GMV	ASCENDING	37be53b0-a92c-4b08-8369-302658063799	C10R5	3	1	NULL	NULL	NULL	0	0	RUB	canonical_chunks/product_queries_details_BY_GMV_ASC_C10R5_2186850644.tsv
2186850644	1835042242	56	украшение автомобиля на зеркало	BY_GMV	ASCENDING	37be53b0-a92c-4b08-8369-302658063799	C10R5	4	1	NULL	NULL	NULL	0	0	RUB	canonical_chunks/product_queries_details_BY_GMV_ASC_C10R5_2186850644.tsv
2186850644	1835042242	56	подвеска для овнов	BY_GMV	ASCENDING	37be53b0-a92c-4b08-8369-302658063799	C10R5	5	1	NULL	NULL	NULL	0	0	RUB	canonical_chunks/product_queries_details_BY_GMV_ASC_C10R5_2186850644.tsv
2186850644	1835042242	56	для овна мужской	BY_GMV	ASCENDING	37be53b0-a92c-4b08-8369-302658063799	C10R5	6	1	NULL	NULL	NULL	0	0	RUB	canonical_chunks/product_queries_details_BY_GMV_ASC_C10R5_2186850644.tsv
2186850644	1835042242	56	оберег в автомобиль на зеркало	BY_GMV	ASCENDING	37be53b0-a92c-4b08-8369-302658063799	C10R5	7	1	NULL	NULL	NULL	0	0	RUB	canonical_chunks/product_queries_details_BY_GMV_ASC_C10R5_2186850644.tsv
2186850644	1835042242	56	талисман овен мужской в машину	BY_GMV	ASCENDING	37be53b0-a92c-4b08-8369-302658063799	C10R5	8	1	NULL	NULL	NULL	0	0	RUB	canonical_chunks/product_queries_details_BY_GMV_ASC_C10R5_2186850644.tsv
2186850644	1835042242	56	оберег зеркальный	BY_GMV	ASCENDING	37be53b0-a92c-4b08-8369-302658063799	C10R5	9	1	NULL	NULL	NULL	0	0	RUB	canonical_chunks/product_queries_details_BY_GMV_ASC_C10R5_2186850644.tsv
2186850644	1835042242	56	подвестка в машину	BY_GMV	ASCENDING	37be53b0-a92c-4b08-8369-302658063799	C10R5	10	7	NULL	NULL	NULL	0	0	RUB	canonical_chunks/product_queries_details_BY_GMV_ASC_C10R5_2186850644.tsv
2186850644	1835042242	56	талисман овен в машину мужской	BY_GMV	ASCENDING	37be53b0-a92c-4b08-8369-302658063799	C10R5	11	1	NULL	NULL	NULL	0	0	RUB	canonical_chunks/product_queries_details_BY_GMV_ASC_C10R5_2186850644.tsv
2186850644	1835042242	56	подвеска на зеркало автомобиля.	BY_GMV	ASCENDING	37be53b0-a92c-4b08-8369-302658063799	C10R5	12	1	NULL	NULL	NULL	0	0	RUB	canonical_chunks/product_queries_details_BY_GMV_ASC_C10R5_2186850644.tsv
2186850644	1835042242	56	зеркало для праворульных машин для обгона	BY_GMV	ASCENDING	37be53b0-a92c-4b08-8369-302658063799	C10R5	13	1	NULL	NULL	NULL	0	0	RUB	canonical_chunks/product_queries_details_BY_GMV_ASC_C10R5_2186850644.tsv
2186850644	1835042242	56	магический амулет, оберег	BY_GMV	ASCENDING	37be53b0-a92c-4b08-8369-302658063799	C10R5	14	21	NULL	NULL	NULL	0	0	RUB	canonical_chunks/product_queries_details_BY_GMV_ASC_C10R5_2186850644.tsv
2186850644	1835042242	56	подвеска в машину на зеркало штурмовик север z	BY_GMV	ASCENDING	37be53b0-a92c-4b08-8369-302658063799	C10R5	15	1	NULL	NULL	NULL	0	0	RUB	canonical_chunks/product_queries_details_BY_GMV_ASC_C10R5_2186850644.tsv
