query_raw	query_normalized	normalization_group_id	normalization_type	normalization_reason
#амулеты_обереги_и_талисманы	амулеты обереги и талисманы	QG_54aaf93376ab	PUNCTUATION	Conservative Unicode/case/whitespace/punctuation normalization only.
#коловратка	коловратка	QG_6c92d4e6309d	PUNCTUATION	Conservative Unicode/case/whitespace/punctuation normalization only.
#мужчине_на_день_рождения	мужчине на день рождения	QG_b8a7adaa9809	PUNCTUATION	Conservative Unicode/case/whitespace/punctuation normalization only.
#оберег_в_машину	оберег в машину	QG_73a89b930447	PUNCTUATION	Conservative Unicode/case/whitespace/punctuation normalization only.
#обереги	обереги	QG_c8efdffe40d8	PUNCTUATION	Conservative Unicode/case/whitespace/punctuation normalization only.
#обереготсглаза	обереготсглаза	QG_34e419bf01db	PUNCTUATION	Conservative Unicode/case/whitespace/punctuation normalization only.
#подвеска_в_авто	подвеска в авто	QG_1e8bbaacb772	PUNCTUATION	Conservative Unicode/case/whitespace/punctuation normalization only.
#подвеска_в_машину	подвеска в машину	QG_6aade3fe8069	PUNCTUATION	Conservative Unicode/case/whitespace/punctuation normalization only.
#подвеска_в_машину_на_зеркало	подвеска в машину на зеркало	QG_6cf450e84963	PUNCTUATION	Conservative Unicode/case/whitespace/punctuation normalization only.
#славянские_обереги	славянские обереги	QG_dfba2a0449f3	PUNCTUATION	Conservative Unicode/case/whitespace/punctuation normalization only.
#славянскиеобереги	славянскиеобереги	QG_e1bf62907bf9	PUNCTUATION	Conservative Unicode/case/whitespace/punctuation normalization only.
#талисманудачи	талисманудачи	QG_883655bcd3ec	PUNCTUATION	Conservative Unicode/case/whitespace/punctuation normalization only.
,jubyz ;bdf	jubyz ; bdf	QG_4f7810dab2a2	NONE	Conservative Unicode/case/whitespace/punctuation normalization only.
10 шилингов знаки зодиака	10 шилингов знаки зодиака	QG_f59e3defb891	NONE	Conservative Unicode/case/whitespace/punctuation normalization only.
12 з подвеска	12 з подвеска	QG_ca6bb821b6a3	NONE	Conservative Unicode/case/whitespace/punctuation normalization only.
1600013 сварог	1600013 сварог	QG_5042ab79481b	NONE	Conservative Unicode/case/whitespace/punctuation normalization only.
200 шт подвески звезды	200 шт подвески звезды	QG_90f1a3c4e15f	NONE	Conservative Unicode/case/whitespace/punctuation normalization only.
3d подвеска в машину на зеркало	3d подвеска в машину на зеркало	QG_71a47eb0f5ff	NONE	Conservative Unicode/case/whitespace/punctuation normalization only.
3д подвеска в машину на зеркало	3д подвеска в машину на зеркало	QG_106272fda149	NONE	Conservative Unicode/case/whitespace/punctuation normalization only.
94049007 подвеска лев	94049007 подвеска лев	QG_0b2ccb4b0ad1	NONE	Conservative Unicode/case/whitespace/punctuation normalization only.
bimbo twins	bimbo twins	QG_5e9e2089e336	NONE	Conservative Unicode/case/whitespace/punctuation normalization only.
cerave	cerave	QG_18a80038ed67	NONE	Conservative Unicode/case/whitespace/punctuation normalization only.
cosaque	cosaque	QG_d6cc23e3b7db	NONE	Conservative Unicode/case/whitespace/punctuation normalization only.
dtlmvbyf gjldtcrf	dtlmvbyf gjldtcrf	QG_f0e41f0eed0d	NONE	Conservative Unicode/case/whitespace/punctuation normalization only.
enjoy the silence подвеска в машину	enjoy the silence подвеска в машину	QG_e6b4e0e9bdba	NONE	Conservative Unicode/case/whitespace/punctuation normalization only.
forza кимоно подвеска в машину	forza кимоно подвеска в машину	QG_2dd678ad1bb8	NONE	Conservative Unicode/case/whitespace/punctuation normalization only.
fox racing подвеска на зеркало	fox racing подвеска на зеркало	QG_4fe611b51684	NONE	Conservative Unicode/case/whitespace/punctuation normalization only.
lol	lol	QG_403926033d00	NONE	Conservative Unicode/case/whitespace/punctuation normalization only.
mirroreffect брелок оберег с зеркалом	mirroreffect брелок оберег с зеркалом	QG_5a0c8c2d4bfa	NONE	Conservative Unicode/case/whitespace/punctuation normalization only.
monster energy подвеска на зеркало в машину	monster energy подвеска на зеркало в машину	QG_cca00d9730ee	NONE	Conservative Unicode/case/whitespace/punctuation normalization only.
my jewelry телец	my jewelry телец	QG_bba7b07a94de	NONE	Conservative Unicode/case/whitespace/punctuation normalization only.
no pasaran подвеска в машину	no pasaran подвеска в машину	QG_8e64a918734c	NONE	Conservative Unicode/case/whitespace/punctuation normalization only.
podveska na salon	podveska na salon	QG_94537ef79f0b	NONE	Conservative Unicode/case/whitespace/punctuation normalization only.
sergio ramos подвеска в машину	sergio ramos подвеска в машину	QG_24683a3f967a	NONE	Conservative Unicode/case/whitespace/punctuation normalization only.
sex seven подвеска в машину	sex seven подвеска в машину	QG_2930a4c322c0	NONE	Conservative Unicode/case/whitespace/punctuation normalization only.
taccardi для дев	taccardi для дев	QG_057de7067036	NONE	Conservative Unicode/case/whitespace/punctuation normalization only.
yamasaki скорпион	yamasaki скорпион	QG_0ac91707d755	NONE	Conservative Unicode/case/whitespace/punctuation normalization only.
{value}	{value}	QG_75ced707ad79	NONE	Conservative Unicode/case/whitespace/punctuation normalization only.
«подвеска в машину обезьяна из дорамы	подвеска в машину обезьяна из дорамы	QG_d3b949f38e82	PUNCTUATION	Conservative Unicode/case/whitespace/punctuation normalization only.
абирег в машину	абирег в машину	QG_f348b0408036	NONE	Conservative Unicode/case/whitespace/punctuation normalization only.
аварийный знак в машину на липучке вбогажник	аварийный знак в машину на липучке вбогажник	QG_b44fcdbe0a9d	NONE	Conservative Unicode/case/whitespace/punctuation normalization only.
авто аксессуары на зеркало	авто аксессуары на зеркало	QG_80cfe24aceda	NONE	Conservative Unicode/case/whitespace/punctuation normalization only.
авто кресло для близнецов	авто кресло для близнецов	QG_5bf36b01bcc5	NONE	Conservative Unicode/case/whitespace/punctuation normalization only.
авто подвеска	авто подвеска	QG_3680dae8ce0f	NONE	Conservative Unicode/case/whitespace/punctuation normalization only.
авто подвеска в машину	авто подвеска в машину	QG_baaa61fe70a7	NONE	Conservative Unicode/case/whitespace/punctuation normalization only.
авто подвеска на зеркало	авто подвеска на зеркало	QG_b8bdb9713ded	NONE	Conservative Unicode/case/whitespace/punctuation normalization only.
авто подвески на зеркало	авто подвески на зеркало	QG_528a1d21397a	NONE	Conservative Unicode/case/whitespace/punctuation normalization only.
авто рыба	авто рыба	QG_b02f7dac4f12	NONE	Conservative Unicode/case/whitespace/punctuation normalization only.
авто четки в машину	авто четки в машину	QG_aa9cc970bf6d	NONE	Conservative Unicode/case/whitespace/punctuation normalization only.
авто_стиль	авто стиль	QG_72711e115154	PUNCTUATION	Conservative Unicode/case/whitespace/punctuation normalization only.
автобильные весы	автобильные весы	QG_8e372695050b	NONE	Conservative Unicode/case/whitespace/punctuation normalization only.
автомобиль кулон	автомобиль кулон	QG_a6e07771f9e5	NONE	Conservative Unicode/case/whitespace/punctuation normalization only.
автомобиль кулон на зеркало	автомобиль кулон на зеркало	QG_f73412fa0a88	NONE	Conservative Unicode/case/whitespace/punctuation normalization only.
автомобиль мар	автомобиль мар	QG_93d0af7651a3	NONE	Conservative Unicode/case/whitespace/punctuation normalization only.
автомобиль мусульманский	автомобиль мусульманский	QG_2ea6b5fa106e	NONE	Conservative Unicode/case/whitespace/punctuation normalization only.
автомобиль, подаренный предкам	автомобиль , подаренный предкам	QG_616929d3d348	NONE	Conservative Unicode/case/whitespace/punctuation normalization only.
автомобильная чётки в машину на зеркало	автомобильная четки в машину на зеркало	QG_cf6217e49403	NONE	Conservative Unicode/case/whitespace/punctuation normalization only.
автомобильное подвеска оберег	автомобильное подвеска оберег	QG_2c2a887c4e7c	NONE	Conservative Unicode/case/whitespace/punctuation normalization only.
автомобильные весы	автомобильные весы	QG_f989236760ac	NONE	Conservative Unicode/case/whitespace/punctuation normalization only.
автомобильные подвески/декоративные элементы для автомобилей	автомобильные подвески/декоративные элементы для автомобилей	QG_c66413f87eb1	NONE	Conservative Unicode/case/whitespace/punctuation normalization only.
автомобильные принадлежности э	автомобильные принадлежности э	QG_c3b059fffabf	NONE	Conservative Unicode/case/whitespace/punctuation normalization only.
автомобильный талисман оберег на зеркало	автомобильный талисман оберег на зеркало	QG_b1c4be838c00	NONE	Conservative Unicode/case/whitespace/punctuation normalization only.
автомобиля на зеркало украшение	автомобиля на зеркало украшение	QG_66eb70349d7e	NONE	Conservative Unicode/case/whitespace/punctuation normalization only.
автомобиля подвеска в зеркало	автомобиля подвеска в зеркало	QG_e3025fe64710	NONE	Conservative Unicode/case/whitespace/punctuation normalization only.
автооберег	автооберег	QG_beb165ae6dde	NONE	Conservative Unicode/case/whitespace/punctuation normalization only.
автооберег в машину	автооберег в машину	QG_6323d69e1618	NONE	Conservative Unicode/case/whitespace/punctuation normalization only.
автоподвеска луна	автоподвеска луна	QG_1321ea22ebd4	NONE	Conservative Unicode/case/whitespace/punctuation normalization only.
автоподвеска мужска	автоподвеска мужска	QG_0ea3a32429fb	NONE	Conservative Unicode/case/whitespace/punctuation normalization only.
автоподвеска на зеркало авто для женщин	автоподвеска на зеркало авто для женщин	QG_1fbb797974d0	NONE	Conservative Unicode/case/whitespace/punctuation normalization only.
авторская подвеска на зеркало газель	авторская подвеска на зеркало газель	QG_a790361822f5	NONE	Conservative Unicode/case/whitespace/punctuation normalization only.
авторучка шариковая знаки зодиака	авторучка шариковая знаки зодиака	QG_f602f85c0d6d	NONE	Conservative Unicode/case/whitespace/punctuation normalization only.
адамас золото знак зодиака	адамас золото знак зодиака	QG_c2d6a0ffd19e	NONE	Conservative Unicode/case/whitespace/punctuation normalization only.
адидас спаси и сохрани коыту	адидас спаси и сохрани коыту	QG_d9f66de0771a	NONE	Conservative Unicode/case/whitespace/punctuation normalization only.
адыгейски подвески костюмы на машину	адыгейски подвески костюмы на машину	QG_434f3545a70b	NONE	Conservative Unicode/case/whitespace/punctuation normalization only.
адыгейские украшения подвески на зеркало для машины	адыгейские украшения подвески на зеркало для машины	QG_075927f8c1e1	NONE	Conservative Unicode/case/whitespace/punctuation normalization only.
азербайджанские чётки и амулеты на зеркало в машину	азербайджанские четки и амулеты на зеркало в машину	QG_f1134509dcb5	NONE	Conservative Unicode/case/whitespace/punctuation normalization only.
ак барс брелок в машину на зеркало	ак барс брелок в машину на зеркало	QG_94a5d7fcbe15	NONE	Conservative Unicode/case/whitespace/punctuation normalization only.
аквамарин подвеска водолей ровновесие	аквамарин подвеска водолей ровновесие	QG_8f2e029ef040	NONE	Conservative Unicode/case/whitespace/punctuation normalization only.
акомпас в тысячных	акомпас в тысячных	QG_6b9d473a5532	NONE	Conservative Unicode/case/whitespace/punctuation normalization only.
акриловая бусина машинка	акриловая бусина машинка	QG_e9348e0297aa	NONE	Conservative Unicode/case/whitespace/punctuation normalization only.
акриловая подвеска в машину на зеркало	акриловая подвеска в машину на зеркало	QG_7d69ad02df25	NONE	Conservative Unicode/case/whitespace/punctuation normalization only.
акриловая подвеска в машину.	акриловая подвеска в машину	QG_3fd8b5f83d60	NONE	Conservative Unicode/case/whitespace/punctuation normalization only.
акриловые звезды подвески	акриловые звезды подвески	QG_66d6ff8d023e	NONE	Conservative Unicode/case/whitespace/punctuation normalization only.
акриловые крест	акриловые крест	QG_e1cc53efca7c	NONE	Conservative Unicode/case/whitespace/punctuation normalization only.
акриловые чётки в машину на зеркало	акриловые четки в машину на зеркало	QG_b46ecdbe99fc	NONE	Conservative Unicode/case/whitespace/punctuation normalization only.
аксессуар в авто на зеркало подвеска	аксессуар в авто на зеркало подвеска	QG_de99e4f64395	NONE	Conservative Unicode/case/whitespace/punctuation normalization only.
аксессуар в машину женское	аксессуар в машину женское	QG_5e0971fc9f6c	NONE	Conservative Unicode/case/whitespace/punctuation normalization only.
аксессуар для автомобиля на зеркало подвеска	аксессуар для автомобиля на зеркало подвеска	QG_6fdb04bf5bd5	NONE	Conservative Unicode/case/whitespace/punctuation normalization only.
аксессуар на зеркало	аксессуар на зеркало	QG_f0be4f5b7290	NONE	Conservative Unicode/case/whitespace/punctuation normalization only.
аксессуар узел счастья на зеркало в машину	аксессуар узел счастья на зеркало в машину	QG_90b54c7b2080	NONE	Conservative Unicode/case/whitespace/punctuation normalization only.
аксессуары в машину мужские	аксессуары в машину мужские	QG_daf5dc019a39	NONE	Conservative Unicode/case/whitespace/punctuation normalization only.
аксессуары в машину на зеркало skoda в октаве	аксессуары в машину на зеркало skoda в октаве	QG_525ef1ce3b95	NONE	Conservative Unicode/case/whitespace/punctuation normalization only.
аксессуары в машину на зеркало перчатки кимано	аксессуары в машину на зеркало перчатки кимано	QG_7f3627fd61ae	NONE	Conservative Unicode/case/whitespace/punctuation normalization only.
аксессуары в машину на зеркало подвеска	аксессуары в машину на зеркало подвеска	QG_7a52c40d3689	NONE	Conservative Unicode/case/whitespace/punctuation normalization only.
аксессуары в машину подвесаа зеркал барабан	аксессуары в машину подвесаа зеркал барабан	QG_5e97e28a290f	NONE	Conservative Unicode/case/whitespace/punctuation normalization only.
аксессуары в машину подвеска	аксессуары в машину подвеска	QG_1bcfe5dcd4aa	NONE	Conservative Unicode/case/whitespace/punctuation normalization only.
аксессуары в машину подвеска на зеркало	аксессуары в машину подвеска на зеркало	QG_b6b59729fdd2	NONE	Conservative Unicode/case/whitespace/punctuation normalization only.
аксессуары в машину подвеска на зеркало скорпион	аксессуары в машину подвеска на зеркало скорпион	QG_278404b2ecba	NONE	Conservative Unicode/case/whitespace/punctuation normalization only.
аксессуары вел	аксессуары вел	QG_1d66123dc6ce	NONE	Conservative Unicode/case/whitespace/punctuation normalization only.
аксессуары для авто самурай	аксессуары для авто самурай	QG_1a7ce030ffbb	NONE	Conservative Unicode/case/whitespace/punctuation normalization only.
аксессуары для автомобиля подвеска на зеркало	аксессуары для автомобиля подвеска на зеркало	QG_f7da630a56ba	NONE	Conservative Unicode/case/whitespace/punctuation normalization only.
аксессуары для машины в подарок мужчине подвески на зеркало	аксессуары для машины в подарок мужчине подвески на зеркало	QG_1b576c4c17fa	NONE	Conservative Unicode/case/whitespace/punctuation normalization only.
аксессуары для овна	аксессуары для овна	QG_ca0a39f56aa7	NONE	Conservative Unicode/case/whitespace/punctuation normalization only.
аксессуары для стрел	аксессуары для стрел	QG_30f182cfdf03	NONE	Conservative Unicode/case/whitespace/punctuation normalization only.
аксессуары на зеркало в атомобиль	аксессуары на зеркало в атомобиль	QG_1959746b284a	NONE	Conservative Unicode/case/whitespace/punctuation normalization only.
аксессуары на машину герб	аксессуары на машину герб	QG_495314d380fd	NONE	Conservative Unicode/case/whitespace/punctuation normalization only.
аксессуары салона авто	аксессуары салона авто	QG_004651e0a0e0	NONE	Conservative Unicode/case/whitespace/punctuation normalization only.
аксессуары самурая	аксессуары самурая	QG_17020d89b439	NONE	Conservative Unicode/case/whitespace/punctuation normalization only.
аксессуары славян	аксессуары славян	QG_24406736d597	NONE	Conservative Unicode/case/whitespace/punctuation normalization only.
аксессуары славянские	аксессуары славянские	QG_4063a6c8c3af	NONE	Conservative Unicode/case/whitespace/punctuation normalization only.
алатырь	алатырь	QG_3088a7735529	NONE	Conservative Unicode/case/whitespace/punctuation normalization only.
алатырь агат	алатырь агат	QG_4448bed3af68	NONE	Conservative Unicode/case/whitespace/punctuation normalization only.
алатырь амулет мужской	алатырь амулет мужской	QG_d1bef17bf2cd	NONE	Conservative Unicode/case/whitespace/punctuation normalization only.
алатырь бляшка	алатырь бляшка	QG_c47390c9a677	NONE	Conservative Unicode/case/whitespace/punctuation normalization only.
алатырь большой	алатырь большой	QG_ca1f5e5f9e58	NONE	Conservative Unicode/case/whitespace/punctuation normalization only.
алатырь в машину	алатырь в машину	QG_5708c28c7a9c	NONE	Conservative Unicode/case/whitespace/punctuation normalization only.
алатырь в солнце	алатырь в солнце	QG_44e7feb37731	NONE	Conservative Unicode/case/whitespace/punctuation normalization only.
алатырь закладка	алатырь закладка	QG_32e115dbb36f	NONE	Conservative Unicode/case/whitespace/punctuation normalization only.
алатырь из дуба	алатырь из дуба	QG_5c50716ce9fd	NONE	Conservative Unicode/case/whitespace/punctuation normalization only.
алатырь из золота	алатырь из золота	QG_f8126a8203d3	NONE	Conservative Unicode/case/whitespace/punctuation normalization only.
алатырь кгига	алатырь кгига	QG_f680dd07a179	NONE	Conservative Unicode/case/whitespace/punctuation normalization only.
алатырь оберег в машину	алатырь оберег в машину	QG_f9f8a0d544f6	NONE	Conservative Unicode/case/whitespace/punctuation normalization only.
алатырь п	алатырь п	QG_d261e2fe7fcc	NONE	Conservative Unicode/case/whitespace/punctuation normalization only.
алатырь подве	алатырь подве	QG_a5f7f6bf1fee	NONE	Conservative Unicode/case/whitespace/punctuation normalization only.
алатырь пьютер	алатырь пьютер	QG_d98ec2e2e079	NONE	Conservative Unicode/case/whitespace/punctuation normalization only.
алатырь талисман	алатырь талисман	QG_ccb0cdb6282c	NONE	Conservative Unicode/case/whitespace/punctuation normalization only.
алатырь штамп	алатырь штамп	QG_5493bed3bdff	NONE	Conservative Unicode/case/whitespace/punctuation normalization only.
алимпийская мишка брелок в машину подвеска	алимпийская мишка брелок в машину подвеска	QG_ba0285fb3955	NONE	Conservative Unicode/case/whitespace/punctuation normalization only.
алтырь деревянный большой	алтырь деревянный большой	QG_5a2238a06097	NONE	Conservative Unicode/case/whitespace/punctuation normalization only.
алтырь славянских богов	алтырь славянских богов	QG_549ac35dbd84	NONE	Conservative Unicode/case/whitespace/punctuation normalization only.
аметист даждьбог	аметист даждьбог	QG_e6fe53af1088	NONE	Conservative Unicode/case/whitespace/punctuation normalization only.
амлеты	амлеты	QG_031d317c8387	NONE	Conservative Unicode/case/whitespace/punctuation normalization only.
амулет	амулет	QG_54d0b2dd264f	NONE	Conservative Unicode/case/whitespace/punctuation normalization only.
амулет - подвеска на зеркало в машину	амулет - подвеска на зеркало в машину	QG_18e07f4bd6fc	NONE	Conservative Unicode/case/whitespace/punctuation normalization only.
амулет близнецы в машин	амулет близнецы в машин	QG_99b29b99e2c7	NONE	Conservative Unicode/case/whitespace/punctuation normalization only.
амулет близнецы в машину подвеска	амулет близнецы в машину подвеска	QG_91d3cb598eed	NONE	Conservative Unicode/case/whitespace/punctuation normalization only.
амулет бога	амулет бога	QG_2d0b9dd606aa	NONE	Conservative Unicode/case/whitespace/punctuation normalization only.
амулет бога перун	амулет бога перун	QG_6bbf28e7a947	NONE	Conservative Unicode/case/whitespace/punctuation normalization only.
амулет бусина	амулет бусина	QG_596b96dd86df	NONE	Conservative Unicode/case/whitespace/punctuation normalization only.
амулет в автомобиль	амулет в автомобиль	QG_108495d4dea2	NONE	Conservative Unicode/case/whitespace/punctuation normalization only.
амулет в автомобиль на зеркало	амулет в автомобиль на зеркало	QG_922e617053b3	NONE	Conservative Unicode/case/whitespace/punctuation normalization only.
амулет в машину	амулет в машину	QG_04e47b70203f	NONE	Conservative Unicode/case/whitespace/punctuation normalization only.
амулет в машину женский зеркальная	амулет в машину женский зеркальная	QG_54104bad8a70	NONE	Conservative Unicode/case/whitespace/punctuation normalization only.
амулет в машину мусульманский	амулет в машину мусульманский	QG_5ab8579a408a	NONE	Conservative Unicode/case/whitespace/punctuation normalization only.
амулет в машину мусульманский подвеска мужская	амулет в машину мусульманский подвеска мужская	QG_7f51a4092f3c	NONE	Conservative Unicode/case/whitespace/punctuation normalization only.
амулет в машину на зеркало	амулет в машину на зеркало	QG_21802a9e47d1	NONE	Conservative Unicode/case/whitespace/punctuation normalization only.
амулет в машину на зеркало мужской	амулет в машину на зеркало мужской	QG_48da3d48c639	NONE	Conservative Unicode/case/whitespace/punctuation normalization only.
амулет в машину на зеркало с горного алтая	амулет в машину на зеркало с горного алтая	QG_672795fa6b22	NONE	Conservative Unicode/case/whitespace/punctuation normalization only.
амулет в машину от сглаза	амулет в машину от сглаза	QG_ad1699655d2e	NONE	Conservative Unicode/case/whitespace/punctuation normalization only.
амулет в машину славянский	амулет в машину славянский	QG_d5e55eac4d80	NONE	Conservative Unicode/case/whitespace/punctuation normalization only.
амулет в машину славянский на зеркало	амулет в машину славянский на зеркало	QG_97ec1468c8cd	NONE	Conservative Unicode/case/whitespace/punctuation normalization only.
амулет велеса браслет	амулет велеса браслет	QG_9aeed50cc535	NONE	Conservative Unicode/case/whitespace/punctuation normalization only.
амулет весы	амулет весы	QG_17e29195689f	NONE	Conservative Unicode/case/whitespace/punctuation normalization only.
амулет глаз подвеска в машину	амулет глаз подвеска в машину	QG_d38b67a7273f	NONE	Conservative Unicode/case/whitespace/punctuation normalization only.
амулет деревянный	амулет деревянный	QG_df46c95e573d	NONE	Conservative Unicode/case/whitespace/punctuation normalization only.
амулет для автомобиля	амулет для автомобиля	QG_e551a7979af0	NONE	Conservative Unicode/case/whitespace/punctuation normalization only.
амулет для автомобиля в машину на зеркало	амулет для автомобиля в машину на зеркало	QG_8ff5a6731a24	NONE	Conservative Unicode/case/whitespace/punctuation normalization only.
амулет для защиты	амулет для защиты	QG_a306ac41861c	NONE	Conservative Unicode/case/whitespace/punctuation normalization only.
амулет для львп	амулет для львп	QG_23c441a2043b	NONE	Conservative Unicode/case/whitespace/punctuation normalization only.
амулет для магии черной	амулет для магии черной	QG_c703bfba579b	NONE	Conservative Unicode/case/whitespace/punctuation normalization only.
амулет для машины подвеска	амулет для машины подвеска	QG_9259099e4b5d	NONE	Conservative Unicode/case/whitespace/punctuation normalization only.
амулет для мужчины тельца	амулет для мужчины тельца	QG_8e1d5ce31fa2	NONE	Conservative Unicode/case/whitespace/punctuation normalization only.
амулет для овна мужской	амулет для овна мужской	QG_402396f63256	NONE	Conservative Unicode/case/whitespace/punctuation normalization only.
амулет для тельца мужской в авто	амулет для тельца мужской в авто	QG_15c87349d6f8	NONE	Conservative Unicode/case/whitespace/punctuation normalization only.
амулет доч знака зодиака змееносец	амулет доч знака зодиака змееносец	QG_9b90626fa9b4	NONE	Conservative Unicode/case/whitespace/punctuation normalization only.
амулет з	амулет з	QG_ccb0ea499756	NONE	Conservative Unicode/case/whitespace/punctuation normalization only.
амулет зведа	амулет зведа	QG_94c2b4f07e26	NONE	Conservative Unicode/case/whitespace/punctuation normalization only.
амулет звезда лады	амулет звезда лады	QG_04b58a72ad3f	NONE	Conservative Unicode/case/whitespace/punctuation normalization only.
амулет звезда руси	амулет звезда руси	QG_26311bee352d	NONE	Conservative Unicode/case/whitespace/punctuation normalization only.
амулет зеркало	амулет зеркало	QG_812c8afccd83	NONE	Conservative Unicode/case/whitespace/punctuation normalization only.
амулет зеркало защиты для мужчин	амулет зеркало защиты для мужчин	QG_b0ef38b02f90	NONE	Conservative Unicode/case/whitespace/punctuation normalization only.
амулет зеркало магическое	амулет зеркало магическое	QG_07f4f19037f6	NONE	Conservative Unicode/case/whitespace/punctuation normalization only.
амулет зеркало мужской	амулет зеркало мужской	QG_a89d9c24f17c	NONE	Conservative Unicode/case/whitespace/punctuation normalization only.
амулет зеркало оберег	амулет зеркало оберег	QG_62858053e11d	NONE	Conservative Unicode/case/whitespace/punctuation normalization only.
амулет зеркальная защита	амулет зеркальная защита	QG_8d1c2a96d630	NONE	Conservative Unicode/case/whitespace/punctuation normalization only.
амулет зеркальный	амулет зеркальный	QG_da5a45e2a86a	NONE	Conservative Unicode/case/whitespace/punctuation normalization only.
амулет знак велеса серебро	амулет знак велеса серебро	QG_94eb07c8000d	NONE	Conservative Unicode/case/whitespace/punctuation normalization only.
амулет из дерева	амулет из дерева	QG_bc8e499788c2	NONE	Conservative Unicode/case/whitespace/punctuation normalization only.
амулет иньян для мужчин	амулет иньян для мужчин	QG_90369779aeda	NONE	Conservative Unicode/case/whitespace/punctuation normalization only.
амулет кали богиня	амулет кали богиня	QG_94eb01081881	NONE	Conservative Unicode/case/whitespace/punctuation normalization only.
амулет козерог и клевер	амулет козерог и клевер	QG_a24fed8b9f75	NONE	Conservative Unicode/case/whitespace/punctuation normalization only.
амулет крес славян	амулет крес славян	QG_82a7368c2294	NONE	Conservative Unicode/case/whitespace/punctuation normalization only.
амулет кулон-зеркало	амулет кулон - зеркало	QG_cfeb20df8083	NONE	Conservative Unicode/case/whitespace/punctuation normalization only.
амулет медведь на веревке	амулет медведь на веревке	QG_2c8ad6e99bd5	NONE	Conservative Unicode/case/whitespace/punctuation normalization only.
амулет молот перуна	амулет молот перуна	QG_1ff5d36f943e	NONE	Conservative Unicode/case/whitespace/punctuation normalization only.
амулет мужской в машину	амулет мужской в машину	QG_8b2ab1392552	NONE	Conservative Unicode/case/whitespace/punctuation normalization only.
амулет мужской в машину деревянный	амулет мужской в машину деревянный	QG_dafb9be44ece	NONE	Conservative Unicode/case/whitespace/punctuation normalization only.
амулет мужской деревянный	амулет мужской деревянный	QG_55c62ec1a7cb	NONE	Conservative Unicode/case/whitespace/punctuation normalization only.
амулет мужской мусульманский	амулет мужской мусульманский	QG_1943c96ed10a	NONE	Conservative Unicode/case/whitespace/punctuation normalization only.
амулет мужской на зеркало щаднего вида	амулет мужской на зеркало щаднего вида	QG_8ecdfa093144	NONE	Conservative Unicode/case/whitespace/punctuation normalization only.
амулет мужской на шею скорпион	амулет мужской на шею скорпион	QG_4ace1f92b47c	NONE	Conservative Unicode/case/whitespace/punctuation normalization only.
амулет на брелок в машину	амулет на брелок в машину	QG_68c4e17df90d	NONE	Conservative Unicode/case/whitespace/punctuation normalization only.
амулет на зеркало автомобиля	амулет на зеркало автомобиля	QG_6a711b778257	NONE	Conservative Unicode/case/whitespace/punctuation normalization only.
амулет на зеркало в машину	амулет на зеркало в машину	QG_3108a639bd36	NONE	Conservative Unicode/case/whitespace/punctuation normalization only.
амулет на зеркало оберег в машину	амулет на зеркало оберег в машину	QG_b5176e14e5e0	NONE	Conservative Unicode/case/whitespace/punctuation normalization only.
амулет на любовь	амулет на любовь	QG_6067b6cdfab0	NONE	Conservative Unicode/case/whitespace/punctuation normalization only.
амулет на машину на зеркало мужской	амулет на машину на зеркало мужской	QG_aaef0ce04b44	NONE	Conservative Unicode/case/whitespace/punctuation normalization only.
амулет на удачу в машину	амулет на удачу в машину	QG_2b598113351d	NONE	Conservative Unicode/case/whitespace/punctuation normalization only.
амулет на удачу славянский	амулет на удачу славянский	QG_f040b8147273	NONE	Conservative Unicode/case/whitespace/punctuation normalization only.
амулет на шею зеркало	амулет на шею зеркало	QG_b8c7faadf1f3	NONE	Conservative Unicode/case/whitespace/punctuation normalization only.
амулет на шею мужской славянский оберег	амулет на шею мужской славянский оберег	QG_f58bc31e1dc2	NONE	Conservative Unicode/case/whitespace/punctuation normalization only.
амулет на шею славянский	амулет на шею славянский	QG_c044ec356034	NONE	Conservative Unicode/case/whitespace/punctuation normalization only.
амулет оберег	амулет оберег	QG_2e4c06feb898	NONE	Conservative Unicode/case/whitespace/punctuation normalization only.
амулет оберег бык	амулет оберег бык	QG_503149665d10	NONE	Conservative Unicode/case/whitespace/punctuation normalization only.
амулет от сглаза	амулет от сглаза	QG_3a2078ae0bcd	NONE	Conservative Unicode/case/whitespace/punctuation normalization only.
амулет от сглаза брелок в машину на зеркало	амулет от сглаза брелок в машину на зеркало	QG_d169b94e0cdc	NONE	Conservative Unicode/case/whitespace/punctuation normalization only.
амулет от сглаза в автомобиль	амулет от сглаза в автомобиль	QG_dc0dc71d7f50	NONE	Conservative Unicode/case/whitespace/punctuation normalization only.
амулет от сглаза в машину	амулет от сглаза в машину	QG_5a9fb7f74c01	NONE	Conservative Unicode/case/whitespace/punctuation normalization only.
амулет от сглаза в машину на зеркало	амулет от сглаза в машину на зеркало	QG_a8a1740e8d4c	NONE	Conservative Unicode/case/whitespace/punctuation normalization only.
амулет подвеска грифон	амулет подвеска грифон	QG_6d69122bd8f9	NONE	Conservative Unicode/case/whitespace/punctuation normalization only.
амулет подвеска кришна	амулет подвеска кришна	QG_029e5a934e4d	NONE	Conservative Unicode/case/whitespace/punctuation normalization only.
амулет подвеска талисман	амулет подвеска талисман	QG_e9ff4b3910ae	NONE	Conservative Unicode/case/whitespace/punctuation normalization only.
амулет руна в машину	амулет руна в машину	QG_45978d24d235	NONE	Conservative Unicode/case/whitespace/punctuation normalization only.
амулет руны	амулет руны	QG_07fd8a0fe6b7	NONE	Conservative Unicode/case/whitespace/punctuation normalization only.
амулет рыбы	амулет рыбы	QG_bd40417b2bf0	NONE	Conservative Unicode/case/whitespace/punctuation normalization only.
амулет с зеркалом	амулет с зеркалом	QG_cad14de4f23a	NONE	Conservative Unicode/case/whitespace/punctuation normalization only.
амулет с зеркалом по	амулет с зеркалом по	QG_e673d92669c9	NONE	Conservative Unicode/case/whitespace/punctuation normalization only.
амулет с зеркалом подвеска	амулет с зеркалом подвеска	QG_8b8209d92793	NONE	Conservative Unicode/case/whitespace/punctuation normalization only.
амулет с зеркальцем	амулет с зеркальцем	QG_6a3c4053b634	NONE	Conservative Unicode/case/whitespace/punctuation normalization only.
амулет с рунами	амулет с рунами	QG_4e480f60896d	NONE	Conservative Unicode/case/whitespace/punctuation normalization only.
амулет скорпион	амулет скорпион	QG_5aa3eccfad7e	NONE	Conservative Unicode/case/whitespace/punctuation normalization only.
амулет скорпион на	амулет скорпион на	QG_da2386238952	NONE	Conservative Unicode/case/whitespace/punctuation normalization only.
амулет скорпион на шею талисман	амулет скорпион на шею талисман	QG_990ec4e00dcb	NONE	Conservative Unicode/case/whitespace/punctuation normalization only.
амулет славянские боги	амулет славянские боги	QG_35e3bf123a90	NONE	Conservative Unicode/case/whitespace/punctuation normalization only.
амулет славянский в машину на зеркало	амулет славянский в машину на зеркало	QG_6c46dc5f3bc4	NONE	Conservative Unicode/case/whitespace/punctuation normalization only.
амулет славянский ветер	амулет славянский ветер	QG_f36ff2a23882	NONE	Conservative Unicode/case/whitespace/punctuation normalization only.
амулет славянский из дерева для творчества	амулет славянский из дерева для творчества	QG_8563a86ab623	NONE	Conservative Unicode/case/whitespace/punctuation normalization only.
амулет славянский мужской перуна	амулет славянский мужской перуна	QG_fcfa7dc6202e	NONE	Conservative Unicode/case/whitespace/punctuation normalization only.
амулет славянский подарок	амулет славянский подарок	QG_c089c1a77eeb	NONE	Conservative Unicode/case/whitespace/punctuation normalization only.
амулет тайна амулета	амулет тайна амулета	QG_dd0cdecf76d6	NONE	Conservative Unicode/case/whitespace/punctuation normalization only.
амулет талисман мужской	амулет талисман мужской	QG_b9e959d53704	NONE	Conservative Unicode/case/whitespace/punctuation normalization only.
амулет тельца	амулет тельца	QG_498daafa6c99	NONE	Conservative Unicode/case/whitespace/punctuation normalization only.
амулет тельца мужской	амулет тельца мужской	QG_1042f02298ee	NONE	Conservative Unicode/case/whitespace/punctuation normalization only.
амулет тзвезда	амулет тзвезда	QG_2df77e45b41d	NONE	Conservative Unicode/case/whitespace/punctuation normalization only.
амулет черный подвеска	амулет черный подвеска	QG_c036ed5cb0de	NONE	Conservative Unicode/case/whitespace/punctuation normalization only.
амулет чёрное зеркало	амулет черное зеркало	QG_4eaca557779a	NONE	Conservative Unicode/case/whitespace/punctuation normalization only.
амулет японский на шею	амулет японский на шею	QG_5ffcdbafd979	NONE	Conservative Unicode/case/whitespace/punctuation normalization only.
амулет японский самурай	амулет японский самурай	QG_bf20f94f747c	NONE	Conservative Unicode/case/whitespace/punctuation normalization only.
амулетом на машину	амулетом на машину	QG_b197926667f3	NONE	Conservative Unicode/case/whitespace/punctuation normalization only.
амулеты	амулеты	QG_e27399e40bfd	NONE	Conservative Unicode/case/whitespace/punctuation normalization only.
амулеты богинь славянских	амулеты богинь славянских	QG_15af0cc18450	NONE	Conservative Unicode/case/whitespace/punctuation normalization only.
амулеты дерева печать велеса	амулеты дерева печать велеса	QG_9d1275821bb8	NONE	Conservative Unicode/case/whitespace/punctuation normalization only.
амулеты деревянные	амулеты деревянные	QG_7dc2a834e71c	NONE	Conservative Unicode/case/whitespace/punctuation normalization only.
амулеты для знака зодиака рак	амулеты для знака зодиака рак	QG_c71681f648cd	NONE	Conservative Unicode/case/whitespace/punctuation normalization only.
амулеты для призывать	амулеты для призывать	QG_eab946d08353	NONE	Conservative Unicode/case/whitespace/punctuation normalization only.
амулеты и обереги	амулеты и обереги	QG_06696161e31b	NONE	Conservative Unicode/case/whitespace/punctuation normalization only.
амулеты и обереги набор	амулеты и обереги набор	QG_a55af2466926	NONE	Conservative Unicode/case/whitespace/punctuation normalization only.
амулеты и талисманы	амулеты и талисманы	QG_eec661d72032	NONE	Conservative Unicode/case/whitespace/punctuation normalization only.
амулеты из дерева	амулеты из дерева	QG_881a50467874	NONE	Conservative Unicode/case/whitespace/punctuation normalization only.
амулеты коло	амулеты коло	QG_dcc939cfeb39	NONE	Conservative Unicode/case/whitespace/punctuation normalization only.
амулеты мужские	амулеты мужские	QG_198779dd0c76	NONE	Conservative Unicode/case/whitespace/punctuation normalization only.
амулеты мужские в машину	амулеты мужские в машину	QG_5bedc2ffd3ea	NONE	Conservative Unicode/case/whitespace/punctuation normalization only.
амулеты на шею рак мужские	амулеты на шею рак мужские	QG_76a021f07d5c	NONE	Conservative Unicode/case/whitespace/punctuation normalization only.
амулеты обереги	амулеты обереги	QG_645e053da60c	NONE	Conservative Unicode/case/whitespace/punctuation normalization only.
амулеты обереги в машину	амулеты обереги в машину	QG_ab1075cfb8a5	NONE	Conservative Unicode/case/whitespace/punctuation normalization only.
амулеты обереги для водолея на руку	амулеты обереги для водолея на руку	QG_dea9b1907ddb	NONE	Conservative Unicode/case/whitespace/punctuation normalization only.
амулеты обереги для дома	амулеты обереги для дома	QG_c920caeeaa4f	NONE	Conservative Unicode/case/whitespace/punctuation normalization only.
амулеты обереги и талисманы	амулеты обереги и талисманы	QG_54aaf93376ab	NONE	Conservative Unicode/case/whitespace/punctuation normalization only.
амулеты обереги и талисманы дерево	амулеты обереги и талисманы дерево	QG_2d26cd7b417f	NONE	Conservative Unicode/case/whitespace/punctuation normalization only.
амулеты обереги и талисманы для овна	амулеты обереги и талисманы для овна	QG_4e3c84cb1b6a	NONE	Conservative Unicode/case/whitespace/punctuation normalization only.
амулеты обереги и талисманы зеркалр	амулеты обереги и талисманы зеркалр	QG_ea32b32610c0	NONE	Conservative Unicode/case/whitespace/punctuation normalization only.
амулеты обереги и талисманы по знаку зодиака весы	амулеты обереги и талисманы по знаку зодиака весы	QG_e4c5311f09d7	NONE	Conservative Unicode/case/whitespace/punctuation normalization only.
амулеты обереги и талисманы рак	амулеты обереги и талисманы рак	QG_f291c4b130de	NONE	Conservative Unicode/case/whitespace/punctuation normalization only.
амулеты обереги и талисманы славянские	амулеты обереги и талисманы славянские	QG_ca45b55f6239	NONE	Conservative Unicode/case/whitespace/punctuation normalization only.
амулеты обереги и талисманы славянские наклейки на телефон	амулеты обереги и талисманы славянские наклейки на телефон	QG_3386bd975ad6	NONE	Conservative Unicode/case/whitespace/punctuation normalization only.
амулеты обереги кулоны	амулеты обереги кулоны	QG_06563cf9eb58	NONE	Conservative Unicode/case/whitespace/punctuation normalization only.
амулеты обереги подвеска	амулеты обереги подвеска	QG_f2383532bcff	NONE	Conservative Unicode/case/whitespace/punctuation normalization only.
амулеты обереги славянские латунь	амулеты обереги славянские латунь	QG_9dd6a3cd9aaa	NONE	Conservative Unicode/case/whitespace/punctuation normalization only.
амулеты от сглаза с зеркалом	амулеты от сглаза с зеркалом	QG_ff0d16291ab6	NONE	Conservative Unicode/case/whitespace/punctuation normalization only.
амулеты подвески	амулеты подвески	QG_2ba2bbac72c8	NONE	Conservative Unicode/case/whitespace/punctuation normalization only.
амулеты славян	амулеты славян	QG_4a3241169450	NONE	Conservative Unicode/case/whitespace/punctuation normalization only.
амулеты славянские	амулеты славянские	QG_2706cfa94c8e	NONE	Conservative Unicode/case/whitespace/punctuation normalization only.
амулеты славянские мужские	амулеты славянские мужские	QG_79593779a488	NONE	Conservative Unicode/case/whitespace/punctuation normalization only.
амулеты славянских богов	амулеты славянских богов	QG_1767e8ba7b88	NONE	Conservative Unicode/case/whitespace/punctuation normalization only.
амулеты языческие	амулеты языческие	QG_1f1b32cc3519	NONE	Conservative Unicode/case/whitespace/punctuation normalization only.
амулеты, обереги для скорпиона женский	амулеты , обереги для скорпиона женский	QG_9aa8a925b759	NONE	Conservative Unicode/case/whitespace/punctuation normalization only.
аниме в машину подвеска	аниме в машину подвеска	QG_6acd28e72268	NONE	Conservative Unicode/case/whitespace/punctuation normalization only.
аниме подвеска в машину на зеркало	аниме подвеска в машину на зеркало	QG_960346f206fb	NONE	Conservative Unicode/case/whitespace/punctuation normalization only.
антена на рроп стрелец	антена на рроп стрелец	QG_ff3eff50f711	NONE	Conservative Unicode/case/whitespace/punctuation normalization only.
аодвеска зеркало	аодвеска зеркало	QG_bca9631073c6	NONE	Conservative Unicode/case/whitespace/punctuation normalization only.
аодвеска скорпион	аодвеска скорпион	QG_cc235dfdf133	NONE	Conservative Unicode/case/whitespace/punctuation normalization only.
апортизатор звёздное небо в машину	апортизатор звездное небо в машину	QG_f5a98a09a39f	NONE	Conservative Unicode/case/whitespace/punctuation normalization only.
армянский барабан на машину подвеска	армянский барабан на машину подвеска	QG_5d96dc2f6a43	NONE	Conservative Unicode/case/whitespace/punctuation normalization only.
армянский кругдый крест аревахач в машину на зеркало	армянский кругдый крест аревахач в машину на зеркало	QG_63945fe9b6a6	NONE	Conservative Unicode/case/whitespace/punctuation normalization only.
арома подвеска в машину на зеркало мужская	арома подвеска в машину на зеркало мужская	QG_c03f1d15ccef	NONE	Conservative Unicode/case/whitespace/punctuation normalization only.
арома четки в машину	арома четки в машину	QG_c02fee75d668	NONE	Conservative Unicode/case/whitespace/punctuation normalization only.
аромадиффузор в машину телец	аромадиффузор в машину телец	QG_226aa38f2379	NONE	Conservative Unicode/case/whitespace/punctuation normalization only.
ароматизатор в машину версус на зеркало	ароматизатор в машину версус на зеркало	QG_a17043d7c049	NONE	Conservative Unicode/case/whitespace/punctuation normalization only.
ароматизатор в машину веселый роджер на зеркало	ароматизатор в машину веселый роджер на зеркало	QG_2692f71fa627	NONE	Conservative Unicode/case/whitespace/punctuation normalization only.
ароматизатор в машину висячий на зеркало	ароматизатор в машину висячий на зеркало	QG_70ebd265c70b	NONE	Conservative Unicode/case/whitespace/punctuation normalization only.
ароматизатор в машину на зеркало в виде касеты	ароматизатор в машину на зеркало в виде касеты	QG_031a70f714f7	NONE	Conservative Unicode/case/whitespace/punctuation normalization only.
ароматизатор в машину хендай крета на зеркало	ароматизатор в машину хендай крета на зеркало	QG_49039011cafd	NONE	Conservative Unicode/case/whitespace/punctuation normalization only.
ароматизатор в машину шайба повесить на зеркало	ароматизатор в машину шайба повесить на зеркало	QG_f487ab80cbc4	NONE	Conservative Unicode/case/whitespace/punctuation normalization only.
ароматизатор джек рассел в машину на зеркало	ароматизатор джек рассел в машину на зеркало	QG_146a2f5afb7b	NONE	Conservative Unicode/case/whitespace/punctuation normalization only.
ароматизвтор в машину на зеркало кофе ваниль	ароматизвтор в машину на зеркало кофе ваниль	QG_547aff395cf2	NONE	Conservative Unicode/case/whitespace/punctuation normalization only.
астрология подвеска	астрология подвеска	QG_6121d1896754	NONE	Conservative Unicode/case/whitespace/punctuation normalization only.
атрибут для порчи	атрибут для порчи	QG_d9e0d6f1fa00	NONE	Conservative Unicode/case/whitespace/punctuation normalization only.
атрибутика зенит в машину на зеркало	атрибутика зенит в машину на зеркало	QG_3ba21466a3e2	NONE	Conservative Unicode/case/whitespace/punctuation normalization only.
атрибуты дерево природа	атрибуты дерево природа	QG_9c1cfb46c506	NONE	Conservative Unicode/case/whitespace/punctuation normalization only.
атрибуты с российской символикой	атрибуты с российской символикой	QG_9b7f5f708c94	NONE	Conservative Unicode/case/whitespace/punctuation normalization only.
аум знак	аум знак	QG_bbb1f34c6337	NONE	Conservative Unicode/case/whitespace/punctuation normalization only.
аум сенерик	аум сенерик	QG_51885c4026ba	NONE	Conservative Unicode/case/whitespace/punctuation normalization only.
аятол корси на машину на салон зеркало	аятол корси на машину на салон зеркало	QG_c80b336820a0	NONE	Conservative Unicode/case/whitespace/punctuation normalization only.
аятуль курси в машину	аятуль курси в машину	QG_31a77c93776f	NONE	Conservative Unicode/case/whitespace/punctuation normalization only.
бабой яга в машину подвеска	бабой яга в машину подвеска	QG_d873b380184a	NONE	Conservative Unicode/case/whitespace/punctuation normalization only.
балерина в машину подвеска коутящаяся	балерина в машину подвеска коутящаяся	QG_90390afe5984	NONE	Conservative Unicode/case/whitespace/punctuation normalization only.
баннер православный	баннер православный	QG_ea4e32274fa4	NONE	Conservative Unicode/case/whitespace/punctuation normalization only.
белобог чернобог футболка	белобог чернобог футболка	QG_530d865e77e0	NONE	Conservative Unicode/case/whitespace/punctuation normalization only.
берег бог	берег бог	QG_8f988b4ea389	NONE	Conservative Unicode/case/whitespace/punctuation normalization only.
береза бусина 8 мм	береза бусина 8 мм	QG_6f884ca63a74	NONE	Conservative Unicode/case/whitespace/punctuation normalization only.
берет вв мвд на зеркало в машину	берет вв мвд на зеркало в машину	QG_b8bf2c40f6bb	NONE	Conservative Unicode/case/whitespace/punctuation normalization only.
бесболка сварог	бесболка сварог	QG_da77de775856	NONE	Conservative Unicode/case/whitespace/punctuation normalization only.
бижутерия славянские обереги	бижутерия славянские обереги	QG_a7af5c790c2c	NONE	Conservative Unicode/case/whitespace/punctuation normalization only.
бижутерия славянский оберег	бижутерия славянский оберег	QG_74af7607e798	NONE	Conservative Unicode/case/whitespace/punctuation normalization only.
бисмиля на машину на зеркало мусульманские	бисмиля на машину на зеркало мусульманские	QG_492f933d597a	NONE	Conservative Unicode/case/whitespace/punctuation normalization only.
блакнот водолей	блакнот водолей	QG_614879d37781	NONE	Conservative Unicode/case/whitespace/punctuation normalization only.
блестящий брелок в машину на зеркало ведьмочка	блестящий брелок в машину на зеркало ведьмочка	QG_bf03782d096a	NONE	Conservative Unicode/case/whitespace/punctuation normalization only.
близнец подвеска	близнец подвеска	QG_b8f4b4df0bad	NONE	Conservative Unicode/case/whitespace/punctuation normalization only.
близнецы	близнецы	QG_33842a8e1dfb	NONE	Conservative Unicode/case/whitespace/punctuation normalization only.
близнецы бусина	близнецы бусина	QG_089ab5bf871b	NONE	Conservative Unicode/case/whitespace/punctuation normalization only.
близнецы в машину подвеска в салон	близнецы в машину подвеска в салон	QG_8634683fbc94	NONE	Conservative Unicode/case/whitespace/punctuation normalization only.
близнецы для рукоделия	близнецы для рукоделия	QG_1b14790c97d9	NONE	Conservative Unicode/case/whitespace/punctuation normalization only.
близнецы драконы	близнецы драконы	QG_f997fbb62a19	NONE	Conservative Unicode/case/whitespace/punctuation normalization only.
близнецы мужчина	близнецы мужчина	QG_1b38e6eb162e	NONE	Conservative Unicode/case/whitespace/punctuation normalization only.
близнецы на лобовое	близнецы на лобовое	QG_e91b70dac850	NONE	Conservative Unicode/case/whitespace/punctuation normalization only.
близнецы оберег на машину на стекло из метала	близнецы оберег на машину на стекло из метала	QG_eaa9d2fadb5b	NONE	Conservative Unicode/case/whitespace/punctuation normalization only.
близнецы одежда	близнецы одежда	QG_e899d309c91e	NONE	Conservative Unicode/case/whitespace/punctuation normalization only.
близнецы подарок в машину	близнецы подарок в машину	QG_c68ef1f3e2fa	NONE	Conservative Unicode/case/whitespace/punctuation normalization only.
блэк опиум в машину на зеркало фигурка	блэк опиум в машину на зеркало фигурка	QG_a904148a6ae3	NONE	Conservative Unicode/case/whitespace/punctuation normalization only.
блюдо весы знак зодиака	блюдо весы знак зодиака	QG_7a0bf1fb9a71	NONE	Conservative Unicode/case/whitespace/punctuation normalization only.
бог	бог	QG_9efdfb8855ad	NONE	Conservative Unicode/case/whitespace/punctuation normalization only.
бог амулет	бог амулет	QG_2a6c06c9f63a	NONE	Conservative Unicode/case/whitespace/punctuation normalization only.
бог в машину	бог в машину	QG_b5c281a87bf9	NONE	Conservative Unicode/case/whitespace/punctuation normalization only.
бог и богиня	бог и богиня	QG_aa669e05299a	NONE	Conservative Unicode/case/whitespace/punctuation normalization only.
бог омулет	бог омулет	QG_0b1ee2c2f7a8	NONE	Conservative Unicode/case/whitespace/punctuation normalization only.
бог подвеска	бог подвеска	QG_c2db4bb6d5e1	NONE	Conservative Unicode/case/whitespace/punctuation normalization only.
бог сварог в машину	бог сварог в машину	QG_a44b6553d60b	NONE	Conservative Unicode/case/whitespace/punctuation normalization only.
бог чур наклейка оберег	бог чур наклейка оберег	QG_1d75b325b4be	NONE	Conservative Unicode/case/whitespace/punctuation normalization only.
боги славянские	боги славянские	QG_356bd4a77203	NONE	Conservative Unicode/case/whitespace/punctuation normalization only.
богиня	богиня	QG_ed1874bb3207	NONE	Conservative Unicode/case/whitespace/punctuation normalization only.
богиня жива амулет	богиня жива амулет	QG_43bcabb709dc	NONE	Conservative Unicode/case/whitespace/punctuation normalization only.
богиня кали	богиня кали	QG_41706cb735cf	NONE	Conservative Unicode/case/whitespace/punctuation normalization only.
богиня лада бусина	богиня лада бусина	QG_de731349508c	NONE	Conservative Unicode/case/whitespace/punctuation normalization only.
богиня лада из дерева	богиня лада из дерева	QG_08acad7e7644	NONE	Conservative Unicode/case/whitespace/punctuation normalization only.
богиня мара	богиня мара	QG_b8a78b363898	NONE	Conservative Unicode/case/whitespace/punctuation normalization only.
боковое зеркало на машину атлант левое	боковое зеркало на машину атлант левое	QG_6983bb1b5b97	NONE	Conservative Unicode/case/whitespace/punctuation normalization only.
боковые зеркала на машину спасио 1999	боковые зеркала на машину спасио 1999	QG_b245b1da5cc4	NONE	Conservative Unicode/case/whitespace/punctuation normalization only.
большой крест в машину на зеркало православный	большой крест в машину на зеркало православный	QG_06274775cfa7	NONE	Conservative Unicode/case/whitespace/punctuation normalization only.
бомбический оберег в машину на зеркало	бомбический оберег в машину на зеркало	QG_56f452734681	NONE	Conservative Unicode/case/whitespace/punctuation normalization only.
борьба подвеска на зеркало	борьба подвеска на зеркало	QG_8a259e88e93d	NONE	Conservative Unicode/case/whitespace/punctuation normalization only.
ботвеска в машине	ботвеска в машине	QG_57d8b5954308	NONE	Conservative Unicode/case/whitespace/punctuation normalization only.
ботинки инь и ян	ботинки инь и ян	QG_5b9dac90d6a1	NONE	Conservative Unicode/case/whitespace/punctuation normalization only.
бподвеска в машину	бподвеска в машину	QG_642481121f04	NONE	Conservative Unicode/case/whitespace/punctuation normalization only.
браслет амулет водолея	браслет амулет водолея	QG_c89c6f890134	NONE	Conservative Unicode/case/whitespace/punctuation normalization only.
браслет в старо словянский	браслет в старо словянский	QG_851e930e6743	NONE	Conservative Unicode/case/whitespace/punctuation normalization only.
браслет для водолея женский	браслет для водолея женский	QG_cf6515ae0d48	NONE	Conservative Unicode/case/whitespace/punctuation normalization only.
браслет женский для водолея	браслет женский для водолея	QG_f5f0a8b9b427	NONE	Conservative Unicode/case/whitespace/punctuation normalization only.
браслет зеркало оберег	браслет зеркало оберег	QG_e4f7223fbc47	NONE	Conservative Unicode/case/whitespace/punctuation normalization only.
браслет из перу	браслет из перу	QG_f0c23a812f9a	NONE	Conservative Unicode/case/whitespace/punctuation normalization only.
браслет каловрат	браслет каловрат	QG_51236eb19ac6	NONE	Conservative Unicode/case/whitespace/punctuation normalization only.
браслет мужской дажьбог	браслет мужской дажьбог	QG_e9a366ab469e	NONE	Conservative Unicode/case/whitespace/punctuation normalization only.
браслет мужской для близнеца	браслет мужской для близнеца	QG_fcd1b0edf49b	NONE	Conservative Unicode/case/whitespace/punctuation normalization only.
браслет мужской с шлем ужаса	браслет мужской с шлем ужаса	QG_43bdd25806d7	NONE	Conservative Unicode/case/whitespace/punctuation normalization only.
браслет мужскойславянское	браслет мужскойславянское	QG_aebc0abea160	NONE	Conservative Unicode/case/whitespace/punctuation normalization only.
браслет на зеркало	браслет на зеркало	QG_2d0e8d3eaaea	NONE	Conservative Unicode/case/whitespace/punctuation normalization only.
браслет на руку водолея	браслет на руку водолея	QG_8c3f0ba39201	NONE	Conservative Unicode/case/whitespace/punctuation normalization only.
браслет оберег для водолея	браслет оберег для водолея	QG_f03911a21ba4	NONE	Conservative Unicode/case/whitespace/punctuation normalization only.
браслет оберег мужчины	браслет оберег мужчины	QG_8b21f8d667a4	NONE	Conservative Unicode/case/whitespace/punctuation normalization only.
браслет по знаку зодиака лев	браслет по знаку зодиака лев	QG_e0950a1f8ec8	NONE	Conservative Unicode/case/whitespace/punctuation normalization only.
браслет с старославянский	браслет с старославянский	QG_37afe1150766	NONE	Conservative Unicode/case/whitespace/punctuation normalization only.
браслет самурай.	браслет самурай	QG_9db82dd75566	NONE	Conservative Unicode/case/whitespace/punctuation normalization only.
браслет старо словянский	браслет старо словянский	QG_53f39e979a82	NONE	Conservative Unicode/case/whitespace/punctuation normalization only.
браслет талисман для женщины близнеца	браслет талисман для женщины близнеца	QG_11ca8c734b0c	NONE	Conservative Unicode/case/whitespace/punctuation normalization only.
браслет шлем ужаса серебро	браслет шлем ужаса серебро	QG_ae37c4764212	NONE	Conservative Unicode/case/whitespace/punctuation normalization only.
браслет' обеоег для водолея	браслет' обеоег для водолея	QG_3f5745d5a1db	NONE	Conservative Unicode/case/whitespace/punctuation normalization only.
браслетик оберег для овна	браслетик оберег для овна	QG_e520b5963b49	NONE	Conservative Unicode/case/whitespace/punctuation normalization only.
брелки на автомобиль на зеркало четк	брелки на автомобиль на зеркало четк	QG_805f981d2a47	NONE	Conservative Unicode/case/whitespace/punctuation normalization only.
брелок авто талисман	брелок авто талисман	QG_1ecc659bc08f	NONE	Conservative Unicode/case/whitespace/punctuation normalization only.
брелок амулет для авто на зеркало	брелок амулет для авто на зеркало	QG_2f1a2c7e74f0	NONE	Conservative Unicode/case/whitespace/punctuation normalization only.
брелок амулет на машину	брелок амулет на машину	QG_73d4ab121564	NONE	Conservative Unicode/case/whitespace/punctuation normalization only.
брелок артиллерия в машину на зеркало пушка	брелок артиллерия в машину на зеркало пушка	QG_e16ab8379395	NONE	Conservative Unicode/case/whitespace/punctuation normalization only.
брелок аудра	брелок аудра	QG_fe55794c104e	NONE	Conservative Unicode/case/whitespace/punctuation normalization only.
брелок близнецы плоский	брелок близнецы плоский	QG_12d4d764667f	NONE	Conservative Unicode/case/whitespace/punctuation normalization only.
брелок боевое самбо в машину на зеркало	брелок боевое самбо в машину на зеркало	QG_f496f729286a	NONE	Conservative Unicode/case/whitespace/punctuation normalization only.
брелок в виде амулета	брелок в виде амулета	QG_fce22c5cc0a1	NONE	Conservative Unicode/case/whitespace/punctuation normalization only.
брелок в машине машин на зеркало аромат запох	брелок в машине машин на зеркало аромат запох	QG_c7639877f197	NONE	Conservative Unicode/case/whitespace/punctuation normalization only.
брелок в машину ауд	брелок в машину ауд	QG_8b51d8eac95f	NONE	Conservative Unicode/case/whitespace/punctuation normalization only.
брелок в машину военный на зеркало ртв	брелок в машину военный на зеркало ртв	QG_ddbdaac1b56d	NONE	Conservative Unicode/case/whitespace/punctuation normalization only.
брелок в машину для девушки на зеркало	брелок в машину для девушки на зеркало	QG_2053605b374f	NONE	Conservative Unicode/case/whitespace/punctuation normalization only.
брелок в машину зеркало	брелок в машину зеркало	QG_2dbcd72dd0ed	NONE	Conservative Unicode/case/whitespace/punctuation normalization only.
брелок в машину знак зодиака дева	брелок в машину знак зодиака дева	QG_746d4553de21	NONE	Conservative Unicode/case/whitespace/punctuation normalization only.
брелок в машину иконка	брелок в машину иконка	QG_bf3edbcf8187	NONE	Conservative Unicode/case/whitespace/punctuation normalization only.
брелок в машину мягкий на зеркало	брелок в машину мягкий на зеркало	QG_4894a152b40e	NONE	Conservative Unicode/case/whitespace/punctuation normalization only.
брелок в машину на зеркало	брелок в машину на зеркало	QG_c497911b70fc	NONE	Conservative Unicode/case/whitespace/punctuation normalization only.
брелок в машину на зеркало .	брелок в машину на зеркало	QG_c497911b70fc	NONE	Conservative Unicode/case/whitespace/punctuation normalization only.
брелок в машину на зеркало geely monjaro	брелок в машину на зеркало geely monjaro	QG_b3695e6cbd46	NONE	Conservative Unicode/case/whitespace/punctuation normalization only.
брелок в машину на зеркало вархаммер	брелок в машину на зеркало вархаммер	QG_8a1316d29aaf	NONE	Conservative Unicode/case/whitespace/punctuation normalization only.
брелок в машину на зеркало домовёнок кузя	брелок в машину на зеркало домовенок кузя	QG_7344ae5da545	NONE	Conservative Unicode/case/whitespace/punctuation normalization only.
брелок в машину на зеркало женский	брелок в машину на зеркало женский	QG_f134a7e3ac96	NONE	Conservative Unicode/case/whitespace/punctuation normalization only.
брелок в машину на зеркало коньки хоккейные	брелок в машину на зеркало коньки хоккейные	QG_5d717b8658b0	NONE	Conservative Unicode/case/whitespace/punctuation normalization only.
брелок в машину на зеркало кудо	брелок в машину на зеркало кудо	QG_4020f97229ea	NONE	Conservative Unicode/case/whitespace/punctuation normalization only.
брелок в машину на зеркало мужской полиция	брелок в машину на зеркало мужской полиция	QG_0acf4dba9839	NONE	Conservative Unicode/case/whitespace/punctuation normalization only.
брелок в машину на зеркало оберег сузуки на камне	брелок в машину на зеркало оберег сузуки на камне	QG_6b244e494101	NONE	Conservative Unicode/case/whitespace/punctuation normalization only.
брелок в машину на зеркало плавец	брелок в машину на зеркало плавец	QG_b2de38741530	NONE	Conservative Unicode/case/whitespace/punctuation normalization only.
брелок в машину на зеркало подвеска	брелок в машину на зеркало подвеска	QG_4a9f0011582a	NONE	Conservative Unicode/case/whitespace/punctuation normalization only.
брелок в машину на зеркало пушистики	брелок в машину на зеркало пушистики	QG_85572ea4fa7f	NONE	Conservative Unicode/case/whitespace/punctuation normalization only.
брелок в машину на зеркало пушистфй	брелок в машину на зеркало пушистфй	QG_a189c4e435a7	NONE	Conservative Unicode/case/whitespace/punctuation normalization only.
брелок в машину на зеркало славянский	брелок в машину на зеркало славянский	QG_bf5aba21f43d	NONE	Conservative Unicode/case/whitespace/punctuation normalization only.
брелок в машину на зеркало славянский символ алатырь	брелок в машину на зеркало славянский символ алатырь	QG_1fa54e3ce2fa	NONE	Conservative Unicode/case/whitespace/punctuation normalization only.
брелок в машину на зеркало спартанец	брелок в машину на зеркало спартанец	QG_5b0a07e2f3a8	NONE	Conservative Unicode/case/whitespace/punctuation normalization only.
брелок в машину на зеркало фига	брелок в машину на зеркало фига	QG_f979a9fd6c88	NONE	Conservative Unicode/case/whitespace/punctuation normalization only.
брелок в машину на зеркало хоккей локомотив	брелок в машину на зеркало хоккей локомотив	QG_ae0d54d4612d	NONE	Conservative Unicode/case/whitespace/punctuation normalization only.
брелок в машину на зеркало четки	брелок в машину на зеркало четки	QG_372c3b6fc311	NONE	Conservative Unicode/case/whitespace/punctuation normalization only.
брелок в машину на зеркало я свободен	брелок в машину на зеркало я свободен	QG_081940ac0c53	NONE	Conservative Unicode/case/whitespace/punctuation normalization only.
брелок в машину оберег	брелок в машину оберег	QG_5b6c32720e9c	NONE	Conservative Unicode/case/whitespace/punctuation normalization only.
брелок в машину от сглаза	брелок в машину от сглаза	QG_cba42dd335d3	NONE	Conservative Unicode/case/whitespace/punctuation normalization only.
брелок в машину подц	брелок в машину подц	QG_d02ca3c50745	NONE	Conservative Unicode/case/whitespace/punctuation normalization only.
брелок в машину славянский	брелок в машину славянский	QG_f7a338e21f72	NONE	Conservative Unicode/case/whitespace/punctuation normalization only.
брелок водолей телефон	брелок водолей телефон	QG_01855ea4fc10	NONE	Conservative Unicode/case/whitespace/punctuation normalization only.
брелок войска связи на зеркало в машине	брелок войска связи на зеркало в машине	QG_419d530f6449	NONE	Conservative Unicode/case/whitespace/punctuation normalization only.
брелок восьмерка в машину на зеркало	брелок восьмерка в машину на зеркало	QG_5197955f697e	NONE	Conservative Unicode/case/whitespace/punctuation normalization only.
брелок гром и	брелок гром и	QG_e87080a47baf	NONE	Conservative Unicode/case/whitespace/punctuation normalization only.
брелок громовик	брелок громовик	QG_12e417257da4	NONE	Conservative Unicode/case/whitespace/punctuation normalization only.
брелок дева	брелок дева	QG_3f206f34ba11	NONE	Conservative Unicode/case/whitespace/punctuation normalization only.
брелок дева знак зодиака	брелок дева знак зодиака	QG_b98c0cc18d2e	NONE	Conservative Unicode/case/whitespace/punctuation normalization only.
брелок деревянный автомобиль	брелок деревянный автомобиль	QG_062cb3c10f45	NONE	Conservative Unicode/case/whitespace/punctuation normalization only.
брелок для ключей молвинец	брелок для ключей молвинец	QG_bc18374021b2	NONE	Conservative Unicode/case/whitespace/punctuation normalization only.
брелок для ключей с перун	брелок для ключей с перун	QG_4376e84d5f94	NONE	Conservative Unicode/case/whitespace/punctuation normalization only.
брелок для машины на зеркало спарашутом	брелок для машины на зеркало спарашутом	QG_35621f389fbd	NONE	Conservative Unicode/case/whitespace/punctuation normalization only.
брелок знак зодиака дева дева	брелок знак зодиака дева дева	QG_98ec13a40a9b	NONE	Conservative Unicode/case/whitespace/punctuation normalization only.
брелок знак зодиака набор	брелок знак зодиака набор	QG_afe7beef29bd	NONE	Conservative Unicode/case/whitespace/punctuation normalization only.
брелок знак зодиака телец	брелок знак зодиака телец	QG_79dadaee1c1a	NONE	Conservative Unicode/case/whitespace/punctuation normalization only.
брелок знаки зодиака	брелок знаки зодиака	QG_30ab5448470e	NONE	Conservative Unicode/case/whitespace/punctuation normalization only.
брелок знаки зодиака лев	брелок знаки зодиака лев	QG_c3dc9fd85747	NONE	Conservative Unicode/case/whitespace/punctuation normalization only.
брелок каловрат	брелок каловрат	QG_25f06e570217	NONE	Conservative Unicode/case/whitespace/punctuation normalization only.
брелок коза	брелок коза	QG_e88919b9edc4	NONE	Conservative Unicode/case/whitespace/punctuation normalization only.
брелок коза в автомобиль на зеркало	брелок коза в автомобиль на зеркало	QG_9ac2132eb648	NONE	Conservative Unicode/case/whitespace/punctuation normalization only.
брелок коза в машину на зеркало	брелок коза в машину на зеркало	QG_380ab410cd7e	NONE	Conservative Unicode/case/whitespace/punctuation normalization only.
брелок козе	брелок козе	QG_09549a5431bd	NONE	Conservative Unicode/case/whitespace/punctuation normalization only.
брелок козерог мягкий	брелок козерог мягкий	QG_a2a581a0230c	NONE	Conservative Unicode/case/whitespace/punctuation normalization only.
брелок козерошки	брелок козерошки	QG_a968162a9838	NONE	Conservative Unicode/case/whitespace/punctuation normalization only.
брелок коло	брелок коло	QG_a13ec43f2002	NONE	Conservative Unicode/case/whitespace/punctuation normalization only.
брелок летящий ангел в машину на зеркало	брелок летящий ангел в машину на зеркало	QG_dd3d79c69a19	NONE	Conservative Unicode/case/whitespace/punctuation normalization only.
брелок мчс на зеркало в машине	брелок мчс на зеркало в машине	QG_8e7321cbae88	NONE	Conservative Unicode/case/whitespace/punctuation normalization only.
брелок мягкий телец	брелок мягкий телец	QG_40774339f150	NONE	Conservative Unicode/case/whitespace/punctuation normalization only.
брелок на авто славянская на зеркало	брелок на авто славянская на зеркало	QG_0a2b48b015f9	NONE	Conservative Unicode/case/whitespace/punctuation normalization only.
брелок на автомобиль на зеркало	брелок на автомобиль на зеркало	QG_e914d485abcc	NONE	Conservative Unicode/case/whitespace/punctuation normalization only.
брелок на зеркало в машину бус	брелок на зеркало в машину бус	QG_c43bc164cd56	NONE	Conservative Unicode/case/whitespace/punctuation normalization only.
брелок на зеркало в машину крест	брелок на зеркало в машину крест	QG_cb4524a722b1	NONE	Conservative Unicode/case/whitespace/punctuation normalization only.
брелок на зеркало в машину ловец снов	брелок на зеркало в машину ловец снов	QG_75c53229a925	NONE	Conservative Unicode/case/whitespace/punctuation normalization only.
брелок на зеркало в машину ссср скилет	брелок на зеркало в машину ссср скилет	QG_e4d2304b205a	NONE	Conservative Unicode/case/whitespace/punctuation normalization only.
брелок на зеркало в машину фемида	брелок на зеркало в машину фемида	QG_2ed2c8b9c65f	NONE	Conservative Unicode/case/whitespace/punctuation normalization only.
брелок на зеркало в машину хово	брелок на зеркало в машину хово	QG_eb8b2639b9d5	NONE	Conservative Unicode/case/whitespace/punctuation normalization only.
брелок на машину звезда воровская на зеркало	брелок на машину звезда воровская на зеркало	QG_41b8afca47ab	NONE	Conservative Unicode/case/whitespace/punctuation normalization only.
брелок на маштну ловец снов в машину	брелок на маштну ловец снов в машину	QG_e04a66e5a623	NONE	Conservative Unicode/case/whitespace/punctuation normalization only.
брелок оберег в машину на зеркало	брелок оберег в машину на зеркало	QG_235d5d1a3701	NONE	Conservative Unicode/case/whitespace/punctuation normalization only.
брелок оберег деревянный	брелок оберег деревянный	QG_f8aeae6dfa43	NONE	Conservative Unicode/case/whitespace/punctuation normalization only.
брелок оберег от	брелок оберег от	QG_227ca6f07cd4	NONE	Conservative Unicode/case/whitespace/punctuation normalization only.
брелок оберег от сглаза	брелок оберег от сглаза	QG_4bcc9fc852d4	NONE	Conservative Unicode/case/whitespace/punctuation normalization only.
брелок оберег славянский	брелок оберег славянский	QG_f1c58f528c97	NONE	Conservative Unicode/case/whitespace/punctuation normalization only.
брелок оберег славянский мужской	брелок оберег славянский мужской	QG_3c5ab619074d	NONE	Conservative Unicode/case/whitespace/punctuation normalization only.
брелок оберег талисман	брелок оберег талисман	QG_9ac514a94f96	NONE	Conservative Unicode/case/whitespace/punctuation normalization only.
брелок от сглаза	брелок от сглаза	QG_110631040caa	NONE	Conservative Unicode/case/whitespace/punctuation normalization only.
брелок от сглаза в машину на зеркало	брелок от сглаза в машину на зеркало	QG_f80628d64c9f	NONE	Conservative Unicode/case/whitespace/punctuation normalization only.
брелок от склаза в машину	брелок от склаза в машину	QG_6bc8094164cc	NONE	Conservative Unicode/case/whitespace/punctuation normalization only.
брелок офицер пупсик в машину на зеркало	брелок офицер пупсик в машину на зеркало	QG_a2f25e63434c	NONE	Conservative Unicode/case/whitespace/punctuation normalization only.
брелок перу	брелок перу	QG_7c7d6bf8d303	NONE	Conservative Unicode/case/whitespace/punctuation normalization only.
брелок подвеска дева	брелок подвеска дева	QG_04b65d56759e	NONE	Conservative Unicode/case/whitespace/punctuation normalization only.
брелок прапорщик полиции в машину на зеркало	брелок прапорщик полиции в машину на зеркало	QG_05c94991df25	NONE	Conservative Unicode/case/whitespace/punctuation normalization only.
брелок руна оберег	брелок руна оберег	QG_666a03d2bfa9	NONE	Conservative Unicode/case/whitespace/punctuation normalization only.
брелок сабвуфер альфард в машину на зеркало	брелок сабвуфер альфард в машину на зеркало	QG_73d2040ab430	NONE	Conservative Unicode/case/whitespace/punctuation normalization only.
брелок славянский	брелок славянский	QG_e1fd87ccdb92	NONE	Conservative Unicode/case/whitespace/punctuation normalization only.
брелок славянский оберег	брелок славянский оберег	QG_43c292565e65	NONE	Conservative Unicode/case/whitespace/punctuation normalization only.
брелок слпвянск	брелок слпвянск	QG_3c0b493514ed	NONE	Conservative Unicode/case/whitespace/punctuation normalization only.
брелок со знаком зодиака козерог	брелок со знаком зодиака козерог	QG_4b48b1f66c8f	NONE	Conservative Unicode/case/whitespace/punctuation normalization only.
брелок талисман козерог	брелок талисман козерог	QG_8c99ae1d219b	NONE	Conservative Unicode/case/whitespace/punctuation normalization only.
брелок талисман лев в машину	брелок талисман лев в машину	QG_e1af8e983abc	NONE	Conservative Unicode/case/whitespace/punctuation normalization only.
брелок талисман славянский	брелок талисман славянский	QG_acf6b1ed24e7	NONE	Conservative Unicode/case/whitespace/punctuation normalization only.
брелок телец деревянный	брелок телец деревянный	QG_decfba80db9b	NONE	Conservative Unicode/case/whitespace/punctuation normalization only.
брелок телец и	брелок телец и	QG_5ba66803601e	NONE	Conservative Unicode/case/whitespace/punctuation normalization only.
брелок у машину byd на зерколо	брелок у машину byd на зерколо	QG_76f10d4917ad	NONE	Conservative Unicode/case/whitespace/punctuation normalization only.
брелок узбекистан на машину	брелок узбекистан на машину	QG_b672297894b5	NONE	Conservative Unicode/case/whitespace/punctuation normalization only.
брелок фсин в машину на зеркало	брелок фсин в машину на зеркало	QG_3f3e94fd9f83	NONE	Conservative Unicode/case/whitespace/punctuation normalization only.
брелок черный овен	брелок черный овен	QG_714a23811ae9	NONE	Conservative Unicode/case/whitespace/punctuation normalization only.
брелоки в машину на зеркало кокошник	брелоки в машину на зеркало кокошник	QG_6a06aa6fe135	NONE	Conservative Unicode/case/whitespace/punctuation normalization only.
брелоки знак зодиака близнецы	брелоки знак зодиака близнецы	QG_78f942ecb1b4	NONE	Conservative Unicode/case/whitespace/punctuation normalization only.
брелокмтамара спаси и сохрани	брелокмтамара спаси и сохрани	QG_1d83d2b6bedb	NONE	Conservative Unicode/case/whitespace/punctuation normalization only.
брилки с знаком зодиака весы	брилки с знаком зодиака весы	QG_604675a64feb	NONE	Conservative Unicode/case/whitespace/punctuation normalization only.
брилок овен	брилок овен	QG_89170ff03b5e	NONE	Conservative Unicode/case/whitespace/punctuation normalization only.
брошка знак зодиака весы	брошка знак зодиака весы	QG_9ad8e6b2e43c	NONE	Conservative Unicode/case/whitespace/punctuation normalization only.
брошь на машину рыбка самаклейная	брошь на машину рыбка самаклейная	QG_e24fc7b50fe8	NONE	Conservative Unicode/case/whitespace/punctuation normalization only.
брошь оберег для козерога	брошь оберег для козерога	QG_20f48d389435	NONE	Conservative Unicode/case/whitespace/punctuation normalization only.
брошь с славянским оберегом женская	брошь с славянским оберегом женская	QG_9bd61ca1edb3	NONE	Conservative Unicode/case/whitespace/punctuation normalization only.
брошь славянские обереги	брошь славянские обереги	QG_6a49f748bad8	NONE	Conservative Unicode/case/whitespace/punctuation normalization only.
брошь стрелец	брошь стрелец	QG_9854beaca1e8	NONE	Conservative Unicode/case/whitespace/punctuation normalization only.
брошь телец	брошь телец	QG_1f7f3320c199	NONE	Conservative Unicode/case/whitespace/punctuation normalization only.
брслет охранный спаси и сохрани	брслет охранный спаси и сохрани	QG_454ed5c28dfc	NONE	Conservative Unicode/case/whitespace/punctuation normalization only.
булавки обереги в машину на зеркало	булавки обереги в машину на зеркало	QG_7f3f847f8c0d	NONE	Conservative Unicode/case/whitespace/punctuation normalization only.
бусина закон	бусина закон	QG_75a80f4c6f33	NONE	Conservative Unicode/case/whitespace/punctuation normalization only.
бусина защита акриловая	бусина защита акриловая	QG_59e81378b2e2	NONE	Conservative Unicode/case/whitespace/punctuation normalization only.
бусина знак зодиака	бусина знак зодиака	QG_97333b3a48f7	NONE	Conservative Unicode/case/whitespace/punctuation normalization only.
бусина знак зодиака весы	бусина знак зодиака весы	QG_13dd81ccc981	NONE	Conservative Unicode/case/whitespace/punctuation normalization only.
бусина знак скорпион	бусина знак скорпион	QG_44935fccb08a	NONE	Conservative Unicode/case/whitespace/punctuation normalization only.
бусина знаки	бусина знаки	QG_ae81bc5b129b	NONE	Conservative Unicode/case/whitespace/punctuation normalization only.
бусина знаки зодиака	бусина знаки зодиака	QG_d028fa96b05e	NONE	Conservative Unicode/case/whitespace/punctuation normalization only.
бусина зодиак по	бусина зодиак по	QG_8ef70d99a547	NONE	Conservative Unicode/case/whitespace/punctuation normalization only.
бусина лев знак зодиака оберег	бусина лев знак зодиака оберег	QG_9822d3771836	NONE	Conservative Unicode/case/whitespace/punctuation normalization only.
бусина овен	бусина овен	QG_0780491a94cc	NONE	Conservative Unicode/case/whitespace/punctuation normalization only.
бусина от сглаза на зеркало машины	бусина от сглаза на зеркало машины	QG_13287a75410a	NONE	Conservative Unicode/case/whitespace/punctuation normalization only.
бусина сила веры	бусина сила веры	QG_d707ef180bea	NONE	Conservative Unicode/case/whitespace/punctuation normalization only.
бусина славянская	бусина славянская	QG_10c3743d4cd2	NONE	Conservative Unicode/case/whitespace/punctuation normalization only.
бусина славянская на четки	бусина славянская на четки	QG_1886a9294046	NONE	Conservative Unicode/case/whitespace/punctuation normalization only.
бусина славянские символ	бусина славянские символ	QG_07a51e98813b	NONE	Conservative Unicode/case/whitespace/punctuation normalization only.
бусина талисман	бусина талисман	QG_65a489737e6f	NONE	Conservative Unicode/case/whitespace/punctuation normalization only.
бусина чернобог	бусина чернобог	QG_746e43c6cc18	NONE	Conservative Unicode/case/whitespace/punctuation normalization only.
бусина шлем ужаса	бусина шлем ужаса	QG_31bf2838ff9c	NONE	Conservative Unicode/case/whitespace/punctuation normalization only.
бусинка знак зодиака овен	бусинка знак зодиака овен	QG_ffe31f4c7609	NONE	Conservative Unicode/case/whitespace/punctuation normalization only.
бусинка славянские руны	бусинка славянские руны	QG_f23a4db65eda	NONE	Conservative Unicode/case/whitespace/punctuation normalization only.
бусинки в машину на зеркало	бусинки в машину на зеркало	QG_48efc101360c	NONE	Conservative Unicode/case/whitespace/punctuation normalization only.
бусины акрил с рунами	бусины акрил с рунами	QG_099dd10930b6	NONE	Conservative Unicode/case/whitespace/punctuation normalization only.
бусины акриловые народные	бусины акриловые народные	QG_1279bfd1ef73	NONE	Conservative Unicode/case/whitespace/punctuation normalization only.
бусины акриловые от сглаза 12мм	бусины акриловые от сглаза 12мм	QG_2b04777b6257	NONE	Conservative Unicode/case/whitespace/punctuation normalization only.
бусины в машину	бусины в машину	QG_c340e8a8ea01	NONE	Conservative Unicode/case/whitespace/punctuation normalization only.
бусины в машину на зеркало	бусины в машину на зеркало	QG_4e0f086bfd38	NONE	Conservative Unicode/case/whitespace/punctuation normalization only.
бусины деревянные	бусины деревянные	QG_5e1453983add	NONE	Conservative Unicode/case/whitespace/punctuation normalization only.
бусины диаметр 1 см	бусины диаметр 1 см	QG_b2e5942dcdbb	NONE	Conservative Unicode/case/whitespace/punctuation normalization only.
бусины для подвески в машину мужские	бусины для подвески в машину мужские	QG_a4281a80cc02	NONE	Conservative Unicode/case/whitespace/punctuation normalization only.
бусины для подвески на зеркало в машину	бусины для подвески на зеркало в машину	QG_e90939d3a6b6	NONE	Conservative Unicode/case/whitespace/punctuation normalization only.
бусины для терм	бусины для терм	QG_9bef575f7d1d	NONE	Conservative Unicode/case/whitespace/punctuation normalization only.
бусины знаки зодиака подвеска набор	бусины знаки зодиака подвеска набор	QG_690aefa260c0	NONE	Conservative Unicode/case/whitespace/punctuation normalization only.
бусины и аксессуары и детали для чёток	бусины и аксессуары и детали для четок	QG_e1ac40d06ed5	NONE	Conservative Unicode/case/whitespace/punctuation normalization only.
бусины руны	бусины руны	QG_f27acc521191	NONE	Conservative Unicode/case/whitespace/punctuation normalization only.
бусины символ дерева 8 мм	бусины символ дерева 8 мм	QG_e0c98e992dcb	NONE	Conservative Unicode/case/whitespace/punctuation normalization only.
бусины славянский	бусины славянский	QG_92395f30f8a6	NONE	Conservative Unicode/case/whitespace/punctuation normalization only.
бусины талисманы	бусины талисманы	QG_9eeb60248063	NONE	Conservative Unicode/case/whitespace/punctuation normalization only.
бусины шармы наборна удачу	бусины шармы наборна удачу	QG_e03ee69e32e5	NONE	Conservative Unicode/case/whitespace/punctuation normalization only.
бусы в авто	бусы в авто	QG_32ab60947ddf	NONE	Conservative Unicode/case/whitespace/punctuation normalization only.
бусы в машину на зеркало лада спорт	бусы в машину на зеркало лада спорт	QG_ea0295d8e531	NONE	Conservative Unicode/case/whitespace/punctuation normalization only.
бусы в машину на зеркало ленд ровер	бусы в машину на зеркало ленд ровер	QG_e60d9954a97a	NONE	Conservative Unicode/case/whitespace/punctuation normalization only.
бусы в машину на зеркало тюремные	бусы в машину на зеркало тюремные	QG_e208a7d47650	NONE	Conservative Unicode/case/whitespace/punctuation normalization only.
бусы в машину с	бусы в машину с	QG_96f441bf3191	NONE	Conservative Unicode/case/whitespace/punctuation normalization only.
бусы для знака зодиака	бусы для знака зодиака	QG_1fd13578af65	NONE	Conservative Unicode/case/whitespace/punctuation normalization only.
бусы для стрельца	бусы для стрельца	QG_8fb7751c00b1	NONE	Conservative Unicode/case/whitespace/punctuation normalization only.
бусы знак	бусы знак	QG_9c91ad164b2d	NONE	Conservative Unicode/case/whitespace/punctuation normalization only.
бусы знак зодиака	бусы знак зодиака	QG_fdef4639d706	NONE	Conservative Unicode/case/whitespace/punctuation normalization only.
бусы коловрат	бусы коловрат	QG_d656990b49b1	NONE	Conservative Unicode/case/whitespace/punctuation normalization only.
бусы мужские черные телец	бусы мужские черные телец	QG_cf81970e7c20	NONE	Conservative Unicode/case/whitespace/punctuation normalization only.
бусы на зерколо	бусы на зерколо	QG_b13b2bccb923	NONE	Conservative Unicode/case/whitespace/punctuation normalization only.
бусы оберег	бусы оберег	QG_4f57c007a6ea	NONE	Conservative Unicode/case/whitespace/punctuation normalization only.
бусы подвеска в машину	бусы подвеска в машину	QG_704f30e5a09f	NONE	Conservative Unicode/case/whitespace/punctuation normalization only.
бусы славянские обереги	бусы славянские обереги	QG_a1a8133197e0	NONE	Conservative Unicode/case/whitespace/punctuation normalization only.
бусы японские мужские браслет	бусы японские мужские браслет	QG_6aaaca4c36f2	NONE	Conservative Unicode/case/whitespace/punctuation normalization only.
бутсы подвеска в машину на зеркало	бутсы подвеска в машину на зеркало	QG_69f038153d63	NONE	Conservative Unicode/case/whitespace/punctuation normalization only.
бутсы футбольные на зеркало подвеска	бутсы футбольные на зеркало подвеска	QG_60f900a586d6	NONE	Conservative Unicode/case/whitespace/punctuation normalization only.
бык в машину	бык в машину	QG_26ebd0d5b61a	NONE	Conservative Unicode/case/whitespace/punctuation normalization only.
в авто славянские символы в машину	в авто славянские символы в машину	QG_fd13f164c567	NONE	Conservative Unicode/case/whitespace/punctuation normalization only.
в автомобиль на зеркало подвеска	в автомобиль на зеркало подвеска	QG_7dd5acc47a95	NONE	Conservative Unicode/case/whitespace/punctuation normalization only.
в автомобиль подвеска	в автомобиль подвеска	QG_bc6507e55c2c	NONE	Conservative Unicode/case/whitespace/punctuation normalization only.
в автопутешествие в машине для путешествий людям	в автопутешествие в машине для путешествий людям	QG_d5b520f7d897	NONE	Conservative Unicode/case/whitespace/punctuation normalization only.
в дом оберег	в дом оберег	QG_75d4106755b3	NONE	Conservative Unicode/case/whitespace/punctuation normalization only.
в машине деву	в машине деву	QG_c16637cfa7ea	NONE	Conservative Unicode/case/whitespace/punctuation normalization only.
в машине на зеркало подвеска	в машине на зеркало подвеска	QG_7c14ba081f8d	NONE	Conservative Unicode/case/whitespace/punctuation normalization only.
в машине хобби хорс	в машине хобби хорс	QG_6bb98b2ae4d0	NONE	Conservative Unicode/case/whitespace/punctuation normalization only.
в машину	в машину	QG_b4e3c415c263	NONE	Conservative Unicode/case/whitespace/punctuation normalization only.
в машину авулет	в машину авулет	QG_04479e7c644d	NONE	Conservative Unicode/case/whitespace/punctuation normalization only.
в машину аксессуары на зеркало подвеска	в машину аксессуары на зеркало подвеска	QG_83a693125c2c	NONE	Conservative Unicode/case/whitespace/punctuation normalization only.
в машину амулет	в машину амулет	QG_dfb0d2ccb72e	NONE	Conservative Unicode/case/whitespace/punctuation normalization only.
в машину брелок на зеркало бусы	в машину брелок на зеркало бусы	QG_79d3b50dc994	NONE	Conservative Unicode/case/whitespace/punctuation normalization only.
в машину для дев	в машину для дев	QG_1a5d2f770e5a	NONE	Conservative Unicode/case/whitespace/punctuation normalization only.
в машину для малыша подвеска	в машину для малыша подвеска	QG_fcee1333632f	NONE	Conservative Unicode/case/whitespace/punctuation normalization only.
в машину для мужчины амулет	в машину для мужчины амулет	QG_2f5cb9456e3f	NONE	Conservative Unicode/case/whitespace/punctuation normalization only.
в машину женская дева	в машину женская дева	QG_96b3d552a313	NONE	Conservative Unicode/case/whitespace/punctuation normalization only.
в машину женщине подвеска	в машину женщине подвеска	QG_cc40ea81d135	NONE	Conservative Unicode/case/whitespace/punctuation normalization only.
в машину защита от сглаза	в машину защита от сглаза	QG_4b64e12bd33e	NONE	Conservative Unicode/case/whitespace/punctuation normalization only.
в машину красивая подвеска	в машину красивая подвеска	QG_83b89c416447	NONE	Conservative Unicode/case/whitespace/punctuation normalization only.
в машину красивую подвеску с нашим триколором	в машину красивую подвеску с нашим триколором	QG_1a2c8bd0eab7	NONE	Conservative Unicode/case/whitespace/punctuation normalization only.
в машину кулон от сглаза	в машину кулон от сглаза	QG_34f09ecb65b2	NONE	Conservative Unicode/case/whitespace/punctuation normalization only.
в машину мужчине амулет	в машину мужчине амулет	QG_9f028223039b	NONE	Conservative Unicode/case/whitespace/punctuation normalization only.
в машину на заруало	в машину на заруало	QG_8313cc7e736b	NONE	Conservative Unicode/case/whitespace/punctuation normalization only.
в машину на зеркало	в машину на зеркало	QG_df158b6c8df4	NONE	Conservative Unicode/case/whitespace/punctuation normalization only.
в машину на зеркало для девушки	в машину на зеркало для девушки	QG_58b50c7eea80	NONE	Conservative Unicode/case/whitespace/punctuation normalization only.
в машину на зеркало оберег	в машину на зеркало оберег	QG_d69fa30324d8	NONE	Conservative Unicode/case/whitespace/punctuation normalization only.
в машину на зеркало подвес	в машину на зеркало подвес	QG_434b522b059c	NONE	Conservative Unicode/case/whitespace/punctuation normalization only.
в машину на зеркало подвеска	в машину на зеркало подвеска	QG_1c63934277da	NONE	Conservative Unicode/case/whitespace/punctuation normalization only.
в машину на зеркало подвеска в виде дракона	в машину на зеркало подвеска в виде дракона	QG_e0057f4db36e	NONE	Conservative Unicode/case/whitespace/punctuation normalization only.
в машину на зеркало подвеска женская	в машину на зеркало подвеска женская	QG_8c5630858fe5	NONE	Conservative Unicode/case/whitespace/punctuation normalization only.
в машину на зеркало подвеска мужская	в машину на зеркало подвеска мужская	QG_bbf416120f40	NONE	Conservative Unicode/case/whitespace/punctuation normalization only.
в машину на зеркало подвеска четки	в машину на зеркало подвеска четки	QG_3374fa81af60	NONE	Conservative Unicode/case/whitespace/punctuation normalization only.
в машину на зеркало подвеска японская	в машину на зеркало подвеска японская	QG_05e3afe8949f	NONE	Conservative Unicode/case/whitespace/punctuation normalization only.
в машину на удачу	в машину на удачу	QG_82dbe5214704	NONE	Conservative Unicode/case/whitespace/punctuation normalization only.
в машину на удачу очень на счастье	в машину на удачу очень на счастье	QG_39326576e2a9	NONE	Conservative Unicode/case/whitespace/punctuation normalization only.
в машину оберег	в машину оберег	QG_a84a2b3a1ec2	NONE	Conservative Unicode/case/whitespace/punctuation normalization only.
в машину оберег с камнями	в машину оберег с камнями	QG_a6b7cffe7a32	NONE	Conservative Unicode/case/whitespace/punctuation normalization only.
в машину овен	в машину овен	QG_9539553a3935	NONE	Conservative Unicode/case/whitespace/punctuation normalization only.
в машину подвес	в машину подвес	QG_774722b54166	NONE	Conservative Unicode/case/whitespace/punctuation normalization only.
в машину подвеска	в машину подвеска	QG_d4d403b597b9	NONE	Conservative Unicode/case/whitespace/punctuation normalization only.
в машину подвеска в салон	в машину подвеска в салон	QG_aa49824e6902	NONE	Conservative Unicode/case/whitespace/punctuation normalization only.
в машину подвеска лев	в машину подвеска лев	QG_752a0cbf4d37	NONE	Conservative Unicode/case/whitespace/punctuation normalization only.
в машину подвеска мужская на зеркало	в машину подвеска мужская на зеркало	QG_ff9793fb8fe0	NONE	Conservative Unicode/case/whitespace/punctuation normalization only.
в машину подвеска на зеркало	в машину подвеска на зеркало	QG_567b044b852d	NONE	Conservative Unicode/case/whitespace/punctuation normalization only.
в машину подвеска на зеркало мужская	в машину подвеска на зеркало мужская	QG_8e27e4f28538	NONE	Conservative Unicode/case/whitespace/punctuation normalization only.
в машину подвеска на зеркало россия	в машину подвеска на зеркало россия	QG_de9393286ba8	NONE	Conservative Unicode/case/whitespace/punctuation normalization only.
в машину подвеска на зеркало с фото	в машину подвеска на зеркало с фото	QG_ff3cb901eea2	NONE	Conservative Unicode/case/whitespace/punctuation normalization only.
в машину подвеска на зеркало скорпион	в машину подвеска на зеркало скорпион	QG_35c2936f0864	NONE	Conservative Unicode/case/whitespace/punctuation normalization only.
в машину подвеска на руль автомобиля	в машину подвеска на руль автомобиля	QG_8cf9edb6e5ab	NONE	Conservative Unicode/case/whitespace/punctuation normalization only.
в машину подвеска э	в машину подвеска э	QG_43427863d933	NONE	Conservative Unicode/case/whitespace/punctuation normalization only.
в машину подвестка на зеркало красивая	в машину подвестка на зеркало красивая	QG_b1759aa9b1de	NONE	Conservative Unicode/case/whitespace/punctuation normalization only.
в машину скорпион	в машину скорпион	QG_7e381c215dff	NONE	Conservative Unicode/case/whitespace/punctuation normalization only.
в машину славянский	в машину славянский	QG_d8b0f540f553	NONE	Conservative Unicode/case/whitespace/punctuation normalization only.
в машину украшение на зеркало	в машину украшение на зеркало	QG_e0fd0aefc336	NONE	Conservative Unicode/case/whitespace/punctuation normalization only.
в машину фигурка водолей	в машину фигурка водолей	QG_d733dd346390	NONE	Conservative Unicode/case/whitespace/punctuation normalization only.
в машину. подвеска	в машину. подвеска	QG_bde837d3a098	NONE	Conservative Unicode/case/whitespace/punctuation normalization only.
в славянской традиции	в славянской традиции	QG_d157969ffb49	NONE	Conservative Unicode/case/whitespace/punctuation normalization only.
в славянском стиле для	в славянском стиле для	QG_79883d28c0be	NONE	Conservative Unicode/case/whitespace/punctuation normalization only.
валькнут	валькнут	QG_248739d555b2	NONE	Conservative Unicode/case/whitespace/punctuation normalization only.
валькнут амулет	валькнут амулет	QG_58a1c1115567	NONE	Conservative Unicode/case/whitespace/punctuation normalization only.
валькнут коврик на пол	валькнут коврик на пол	QG_542afe686730	NONE	Conservative Unicode/case/whitespace/punctuation normalization only.
валькнут кулон	валькнут кулон	QG_71b653c23e0f	NONE	Conservative Unicode/case/whitespace/punctuation normalization only.
валькнут подвеска в машину	валькнут подвеска в машину	QG_6ecf41de607b	NONE	Conservative Unicode/case/whitespace/punctuation normalization only.
вегвезир	вегвезир	QG_ba1b57d58754	NONE	Conservative Unicode/case/whitespace/punctuation normalization only.
вегвизир в машину	вегвизир в машину	QG_1a7c77a707cf	NONE	Conservative Unicode/case/whitespace/punctuation normalization only.
ведические	ведические	QG_302173bfeb88	NONE	Conservative Unicode/case/whitespace/punctuation normalization only.
ведический амулет	ведический амулет	QG_a8a0c76df53d	NONE	Conservative Unicode/case/whitespace/punctuation normalization only.
ведьмина подвеска	ведьмина подвеска	QG_db17373d9d6b	NONE	Conservative Unicode/case/whitespace/punctuation normalization only.
ведьмино зеркало	ведьмино зеркало	QG_97ff40f6a8db	NONE	Conservative Unicode/case/whitespace/punctuation normalization only.
ведьмочка подвеска в машину обьемная	ведьмочка подвеска в машину обьемная	QG_9038950a38e7	NONE	Conservative Unicode/case/whitespace/punctuation normalization only.
велес	велес	QG_202dd7d36cee	NONE	Conservative Unicode/case/whitespace/punctuation normalization only.
велес амулет в машину	велес амулет в машину	QG_f491115e5eab	NONE	Conservative Unicode/case/whitespace/punctuation normalization only.
велес оберег волк	велес оберег волк	QG_61c60fbdaa3c	NONE	Conservative Unicode/case/whitespace/punctuation normalization only.
велес оберег мужской	велес оберег мужской	QG_d70d3dc62a58	NONE	Conservative Unicode/case/whitespace/punctuation normalization only.
велес оберег подвеска	велес оберег подвеска	QG_2dd8fbeaf37f	NONE	Conservative Unicode/case/whitespace/punctuation normalization only.
велес подвеска	велес подвеска	QG_3157d653ebc4	NONE	Conservative Unicode/case/whitespace/punctuation normalization only.
велес подвеска женская	велес подвеска женская	QG_e33a0e45749a	NONE	Conservative Unicode/case/whitespace/punctuation normalization only.
велес. красная кровь	велес. красная кровь	QG_84b11a573363	NONE	Conservative Unicode/case/whitespace/punctuation normalization only.
вертолётик на зеркало уличное машины	вертолетик на зеркало уличное машины	QG_0ff757cb0411	NONE	Conservative Unicode/case/whitespace/punctuation normalization only.
весеька в машину на зеркало пахочка	весеька в машину на зеркало пахочка	QG_d627727b4523	NONE	Conservative Unicode/case/whitespace/punctuation normalization only.
весы	весы	QG_4b6867bb8b2b	NONE	Conservative Unicode/case/whitespace/punctuation normalization only.
весы авто	весы авто	QG_cf4c51e9cfea	NONE	Conservative Unicode/case/whitespace/punctuation normalization only.
весы амулет на стол	весы амулет на стол	QG_e3c2e4cbd8bb	NONE	Conservative Unicode/case/whitespace/punctuation normalization only.
весы в машину лексус	весы в машину лексус	QG_e74aac489cdd	NONE	Conservative Unicode/case/whitespace/punctuation normalization only.
весы знак зодиака	весы знак зодиака	QG_f051a65d4bd7	NONE	Conservative Unicode/case/whitespace/punctuation normalization only.
весы зодиак подвеска	весы зодиак подвеска	QG_713e887d7376	NONE	Conservative Unicode/case/whitespace/punctuation normalization only.
весы зодиака	весы зодиака	QG_6773514e9246	NONE	Conservative Unicode/case/whitespace/punctuation normalization only.
весы набор	весы набор	QG_eab78f09cb75	NONE	Conservative Unicode/case/whitespace/punctuation normalization only.
весы подвеска в автомобиль	весы подвеска в автомобиль	QG_c462246c8d96	NONE	Conservative Unicode/case/whitespace/punctuation normalization only.
весючка в машину от зглаза на зеркало	весючка в машину от зглаза на зеркало	QG_e8b322fea52f	NONE	Conservative Unicode/case/whitespace/punctuation normalization only.
вибратор	вибратор	QG_9f93863554d0	NONE	Conservative Unicode/case/whitespace/punctuation normalization only.
вибратор для песка	вибратор для песка	QG_58689c1d6708	NONE	Conservative Unicode/case/whitespace/punctuation normalization only.
викинг подвеска в машину на зеркало	викинг подвеска в машину на зеркало	QG_2cc60e267ccf	NONE	Conservative Unicode/case/whitespace/punctuation normalization only.
викинские амулет	викинские амулет	QG_32384ce4e45f	NONE	Conservative Unicode/case/whitespace/punctuation normalization only.
виктор знак зодиака весы	виктор знак зодиака весы	QG_fe556731e3a7	NONE	Conservative Unicode/case/whitespace/punctuation normalization only.
висюлька в машину на зеркало девушка на качельке	висюлька в машину на зеркало девушка на качельке	QG_60793d691baf	NONE	Conservative Unicode/case/whitespace/punctuation normalization only.
висюлька в машину на зеркало лысый кот	висюлька в машину на зеркало лысый кот	QG_6910c98ad3a6	NONE	Conservative Unicode/case/whitespace/punctuation normalization only.
висюлька в машину на зеркало мужская 18	висюлька в машину на зеркало мужская 18	QG_e957bd3a5b9b	NONE	Conservative Unicode/case/whitespace/punctuation normalization only.
висюлька в машину на зеркало мусульманская	висюлька в машину на зеркало мусульманская	QG_a70bb73e0f29	NONE	Conservative Unicode/case/whitespace/punctuation normalization only.
висюлька в машину на зеркало мусульманская на грузовую	висюлька в машину на зеркало мусульманская на грузовую	QG_1617b7171f83	NONE	Conservative Unicode/case/whitespace/punctuation normalization only.
висюлька в машину на зеркало тайота четки	висюлька в машину на зеркало тайота четки	QG_43bf18a8e124	NONE	Conservative Unicode/case/whitespace/punctuation normalization only.
висюлька джили cityray в машину подвеска	висюлька джили cityray в машину подвеска	QG_5ea84aff849d	NONE	Conservative Unicode/case/whitespace/punctuation normalization only.
висюлька на зеркало в машину ароматизатор мазда	висюлька на зеркало в машину ароматизатор мазда	QG_72596da81ae2	NONE	Conservative Unicode/case/whitespace/punctuation normalization only.
висюлька на зеркало в машину белая пушистая	висюлька на зеркало в машину белая пушистая	QG_eba3b6e6c7ba	NONE	Conservative Unicode/case/whitespace/punctuation normalization only.
висюлька на зеркало в машину женская bmv	висюлька на зеркало в машину женская bmv	QG_2c0d47982481	NONE	Conservative Unicode/case/whitespace/punctuation normalization only.
висюльки в машину на зеркало знак диака стрелец	висюльки в машину на зеркало знак диака стрелец	QG_9ff00d499500	NONE	Conservative Unicode/case/whitespace/punctuation normalization only.
висюльки в машину на зеркало ловец снов	висюльки в машину на зеркало ловец снов	QG_09fbc5be29d5	NONE	Conservative Unicode/case/whitespace/punctuation normalization only.
висюльки в машину на зеркало череп обезьяна	висюльки в машину на зеркало череп обезьяна	QG_e401782c09f3	NONE	Conservative Unicode/case/whitespace/punctuation normalization only.
висюльки диско шар в машину на зеркало	висюльки диско шар в машину на зеркало	QG_9faa599e5fdd	NONE	Conservative Unicode/case/whitespace/punctuation normalization only.
висюльки для авто на зеркало знак зодиака лев	висюльки для авто на зеркало знак зодиака лев	QG_244505177d14	NONE	Conservative Unicode/case/whitespace/punctuation normalization only.
висюльки на зеркало в машину мужское лицо	висюльки на зеркало в машину мужское лицо	QG_fb006e70461f	NONE	Conservative Unicode/case/whitespace/punctuation normalization only.
висючка в машину на зеркало люстра	висючка в машину на зеркало люстра	QG_bb8bc04be591	NONE	Conservative Unicode/case/whitespace/punctuation normalization only.
висючка в машину на зеркало мчс	висючка в машину на зеркало мчс	QG_e8e6df49ccb7	NONE	Conservative Unicode/case/whitespace/punctuation normalization only.
висюяка на зеркало в машину хавал	висюяка на зеркало в машину хавал	QG_71082b58288f	NONE	Conservative Unicode/case/whitespace/punctuation normalization only.
витрина водолей	витрина водолей	QG_07e05774c620	NONE	Conservative Unicode/case/whitespace/punctuation normalization only.
во блага подвеска в машину	во блага подвеска в машину	QG_b89d32d2f277	NONE	Conservative Unicode/case/whitespace/punctuation normalization only.
водоклей	водоклей	QG_d8e0a3f3e679	NONE	Conservative Unicode/case/whitespace/punctuation normalization only.
водолей	водолей	QG_5f2b57d703d3	NONE	Conservative Unicode/case/whitespace/punctuation normalization only.
водолей в машину	водолей в машину	QG_02c329d97341	NONE	Conservative Unicode/case/whitespace/punctuation normalization only.
водолей знак зодиака камееь	водолей знак зодиака камееь	QG_a5ea32886f2b	NONE	Conservative Unicode/case/whitespace/punctuation normalization only.
водолей кулон женский	водолей кулон женский	QG_d7692ecba897	NONE	Conservative Unicode/case/whitespace/punctuation normalization only.
водолей на распрыскиватель заачасти	водолей на распрыскиватель заачасти	QG_1554eb54df1e	NONE	Conservative Unicode/case/whitespace/punctuation normalization only.
водолей одежда мужская	водолей одежда мужская	QG_fcae32b0aa3d	NONE	Conservative Unicode/case/whitespace/punctuation normalization only.
водолей подвеска с камнем	водолей подвеска с камнем	QG_c753e7decdf2	NONE	Conservative Unicode/case/whitespace/punctuation normalization only.
водолей подвеска ювелирная	водолей подвеска ювелирная	QG_ac2fe2463a28	NONE	Conservative Unicode/case/whitespace/punctuation normalization only.
водолей расческа	водолей расческа	QG_a72b75834f57	NONE	Conservative Unicode/case/whitespace/punctuation normalization only.
водолей украшения	водолей украшения	QG_c503293e784e	NONE	Conservative Unicode/case/whitespace/punctuation normalization only.
военная атрибутика для мужчины	военная атрибутика для мужчины	QG_580e0aa28c7a	NONE	Conservative Unicode/case/whitespace/punctuation normalization only.
военный оберег	военный оберег	QG_4cdcca7804c4	NONE	Conservative Unicode/case/whitespace/punctuation normalization only.
волейбольные мячики в машину на зеркало	волейбольные мячики в машину на зеркало	QG_e1bd69aaafcc	NONE	Conservative Unicode/case/whitespace/punctuation normalization only.
волчья лапа подвеска на зеркало в машину	волчья лапа подвеска на зеркало в машину	QG_ba14c1d6ad82	NONE	Conservative Unicode/case/whitespace/punctuation normalization only.
вольного борца подвеска в машину	вольного борца подвеска в машину	QG_780a7c3085dc	NONE	Conservative Unicode/case/whitespace/punctuation normalization only.
вонючка в машину архангел михаил на зеркало	вонючка в машину архангел михаил на зеркало	QG_7d914a0d033d	NONE	Conservative Unicode/case/whitespace/punctuation normalization only.
вонючка в машину оберег от дпс	вонючка в машину оберег от дпс	QG_e4ebc413e53d	NONE	Conservative Unicode/case/whitespace/punctuation normalization only.
вонючка в машину оберег от штрафа	вонючка в машину оберег от штрафа	QG_48c4ae53ea82	NONE	Conservative Unicode/case/whitespace/punctuation normalization only.
вонючка дельфин в машину синяя на зеркало	вонючка дельфин в машину синяя на зеркало	QG_b7a4d7028e76	NONE	Conservative Unicode/case/whitespace/punctuation normalization only.
вонючки в авто лакост подвески на зеркало	вонючки в авто лакост подвески на зеркало	QG_1f320286b4ea	NONE	Conservative Unicode/case/whitespace/punctuation normalization only.
ворон оберег	ворон оберег	QG_5cf7718ea87d	NONE	Conservative Unicode/case/whitespace/punctuation normalization only.
восклицательный знак на машину в красном треугольнике	восклицательный знак на машину в красном треугольнике	QG_fbcd12ad677a	NONE	Conservative Unicode/case/whitespace/punctuation normalization only.
восклицательный знак на машину в треугольнике красный	восклицательный знак на машину в треугольнике красный	QG_e4371e291aea	NONE	Conservative Unicode/case/whitespace/punctuation normalization only.
все в славянском стиле	все в славянском стиле	QG_a28fdb1c93df	NONE	Conservative Unicode/case/whitespace/punctuation normalization only.
все для близнецов	все для близнецов	QG_e39ad6111d99	NONE	Conservative Unicode/case/whitespace/punctuation normalization only.
все для знака зодиака дева	все для знака зодиака дева	QG_bf84e4fc85b4	NONE	Conservative Unicode/case/whitespace/punctuation normalization only.
всё для славянских чёток	все для славянских четок	QG_9adfac03b55f	NONE	Conservative Unicode/case/whitespace/punctuation normalization only.
вто триглав	вто триглав	QG_c019015f689a	NONE	Conservative Unicode/case/whitespace/punctuation normalization only.
вымпел военная прокуратура в машину на зеркало	вымпел военная прокуратура в машину на зеркало	QG_a6fc63260ab7	NONE	Conservative Unicode/case/whitespace/punctuation normalization only.
вымпел уголовный розыск в машину на зеркало	вымпел уголовный розыск в машину на зеркало	QG_f59cc956f614	NONE	Conservative Unicode/case/whitespace/punctuation normalization only.
вымпелы подвески вдв в мошину	вымпелы подвески вдв в мошину	QG_e17bb5890cec	NONE	Conservative Unicode/case/whitespace/punctuation normalization only.
вышивка крестом оберегиславянские	вышивка крестом оберегиславянские	QG_cb55965a6c6d	NONE	Conservative Unicode/case/whitespace/punctuation normalization only.
гексаграмма козерог	гексаграмма козерог	QG_5fa8e7ff2f60	NONE	Conservative Unicode/case/whitespace/punctuation normalization only.
герб	герб	QG_8a2cd787698d	NONE	Conservative Unicode/case/whitespace/punctuation normalization only.
герб россии на зеркало деревянный в машину	герб россии на зеркало деревянный в машину	QG_0779eff0190e	NONE	Conservative Unicode/case/whitespace/punctuation normalization only.
герб рости наклека на машину	герб рости наклека на машину	QG_145379e80c22	NONE	Conservative Unicode/case/whitespace/punctuation normalization only.
гномика в машину мягкая на зеркало	гномика в машину мягкая на зеркало	QG_8e67b86b6f62	NONE	Conservative Unicode/case/whitespace/punctuation normalization only.
гобелен перун	гобелен перун	QG_21d4385c37f8	NONE	Conservative Unicode/case/whitespace/punctuation normalization only.
год оф ва на зеркало в машину	год оф ва на зеркало в машину	QG_e48101c7abb8	NONE	Conservative Unicode/case/whitespace/punctuation normalization only.
голая жеещина подвеска в машину	голая жеещина подвеска в машину	QG_f883e9714460	NONE	Conservative Unicode/case/whitespace/punctuation normalization only.
голова вуду подвеска на зеркало	голова вуду подвеска на зеркало	QG_c27d9c70ff84	NONE	Conservative Unicode/case/whitespace/punctuation normalization only.
голова хищника в машину подвеска	голова хищника в машину подвеска	QG_88cff94c5be4	NONE	Conservative Unicode/case/whitespace/punctuation normalization only.
голова хищника подвеска в машину	голова хищника подвеска в машину	QG_d46c0327ee70	NONE	Conservative Unicode/case/whitespace/punctuation normalization only.
горшок дева знак зодиака	горшок дева знак зодиака	QG_347ad01a5fcd	NONE	Conservative Unicode/case/whitespace/punctuation normalization only.
горький перец брелок в машину на зеркало	горький перец брелок в машину на зеркало	QG_d71ceaff7293	NONE	Conservative Unicode/case/whitespace/punctuation normalization only.
гравити фолз в машину брелок на зеркало	гравити фолз в машину брелок на зеркало	QG_d17c08bbd585	NONE	Conservative Unicode/case/whitespace/punctuation normalization only.
громовик колесо	громовик колесо	QG_31e987b4d9e2	NONE	Conservative Unicode/case/whitespace/punctuation normalization only.
громовик оберег с	громовик оберег с	QG_2f2605268d9c	NONE	Conservative Unicode/case/whitespace/punctuation normalization only.
громовка оберег	громовка оберег	QG_d124ea37cd19	NONE	Conservative Unicode/case/whitespace/punctuation normalization only.
гун подвеска	гун подвеска	QG_7154727455c3	NONE	Conservative Unicode/case/whitespace/punctuation normalization only.
гунгнир копье не	гунгнир копье не	QG_ac4a36977ea7	NONE	Conservative Unicode/case/whitespace/punctuation normalization only.
гунгнир копьём одиума	гунгнир копьем одиума	QG_493335aa4407	NONE	Conservative Unicode/case/whitespace/punctuation normalization only.
гусь обнимусь подвеска на нитке в машину	гусь обнимусь подвеска на нитке в машину	QG_5c7fc88dfca0	NONE	Conservative Unicode/case/whitespace/punctuation normalization only.
дагестан папаха для машины на зеркало	дагестан папаха для машины на зеркало	QG_3644cea34e20	NONE	Conservative Unicode/case/whitespace/punctuation normalization only.
даждьбог	даждьбог	QG_f87aedfe490e	NONE	Conservative Unicode/case/whitespace/punctuation normalization only.
даждьбог бусина	даждьбог бусина	QG_d635f5c71acc	NONE	Conservative Unicode/case/whitespace/punctuation normalization only.
дев	дев	QG_467b4c988c3b	NONE	Conservative Unicode/case/whitespace/punctuation normalization only.
дева	дева	QG_9862058e7b9b	NONE	Conservative Unicode/case/whitespace/punctuation normalization only.
дева деревянная	дева деревянная	QG_4e4cab38049e	NONE	Conservative Unicode/case/whitespace/punctuation normalization only.
дева зеркальце	дева зеркальце	QG_789e3a082953	NONE	Conservative Unicode/case/whitespace/punctuation normalization only.
дева знак зодиак	дева знак зодиак	QG_78c733a678db	NONE	Conservative Unicode/case/whitespace/punctuation normalization only.
дева знак зодиака	дева знак зодиака	QG_b739dcf8a95b	NONE	Conservative Unicode/case/whitespace/punctuation normalization only.
дева знак зодиака для девочки в машину	дева знак зодиака для девочки в машину	QG_164b676ed17d	NONE	Conservative Unicode/case/whitespace/punctuation normalization only.
дева знак зодиака огненная серия	дева знак зодиака огненная серия	QG_b1e4f94acd79	NONE	Conservative Unicode/case/whitespace/punctuation normalization only.
дева знак зодиака рюмки	дева знак зодиака рюмки	QG_d708b98fa846	NONE	Conservative Unicode/case/whitespace/punctuation normalization only.
дева знак зодиака худи	дева знак зодиака худи	QG_329de4162890	NONE	Conservative Unicode/case/whitespace/punctuation normalization only.
дева знак золиака свитшот	дева знак золиака свитшот	QG_11e07beaef2e	NONE	Conservative Unicode/case/whitespace/punctuation normalization only.
дева подвеска для мужчин	дева подвеска для мужчин	QG_ff29c4235115	NONE	Conservative Unicode/case/whitespace/punctuation normalization only.
дева талисман	дева талисман	QG_786633f352bb	NONE	Conservative Unicode/case/whitespace/punctuation normalization only.
дева четки в машину	дева четки в машину	QG_a68734d31eff	NONE	Conservative Unicode/case/whitespace/punctuation normalization only.
девушка в авто назеркало	девушка в авто назеркало	QG_c7b9a5e43cd3	NONE	Conservative Unicode/case/whitespace/punctuation normalization only.
девушка в машину на зеркало	девушка в машину на зеркало	QG_6048824624bd	NONE	Conservative Unicode/case/whitespace/punctuation normalization only.
девушкам в машину	девушкам в машину	QG_1623d4507c6b	NONE	Conservative Unicode/case/whitespace/punctuation normalization only.
девушки матрешки подвески на машину	девушки матрешки подвески на машину	QG_ee8fcbd51c23	NONE	Conservative Unicode/case/whitespace/punctuation normalization only.
декали славянские обереги	декали славянские обереги	QG_622b7e43e2ce	NONE	Conservative Unicode/case/whitespace/punctuation normalization only.
декор в машину подвеска	декор в машину подвеска	QG_4cf5905c305a	NONE	Conservative Unicode/case/whitespace/punctuation normalization only.
декоративная подвеска в авто	декоративная подвеска в авто	QG_b67935847469	NONE	Conservative Unicode/case/whitespace/punctuation normalization only.
декоративная подвеска в авто на зеркало	декоративная подвеска в авто на зеркало	QG_e197322a4299	NONE	Conservative Unicode/case/whitespace/punctuation normalization only.
декоративная подвеска в машину	декоративная подвеска в машину	QG_2c0cd93b4172	NONE	Conservative Unicode/case/whitespace/punctuation normalization only.
декоративный элемент козерог	декоративный элемент козерог	QG_5fc909280f75	NONE	Conservative Unicode/case/whitespace/punctuation normalization only.
декоротивная подвеска в авто	декоротивная подвеска в авто	QG_862887d013b6	NONE	Conservative Unicode/case/whitespace/punctuation normalization only.
демон на машину подвеска на стекло маленькие	демон на машину подвеска на стекло маленькие	QG_304c2087c569	NONE	Conservative Unicode/case/whitespace/punctuation normalization only.
денежная карта талисман козерог	денежная карта талисман козерог	QG_e7770a43c198	NONE	Conservative Unicode/case/whitespace/punctuation normalization only.
день рождения для девы	день рождения для девы	QG_a153db22afd9	NONE	Conservative Unicode/case/whitespace/punctuation normalization only.
дерево в машину	дерево в машину	QG_28e6c6db142c	NONE	Conservative Unicode/case/whitespace/punctuation normalization only.
дерево граб подвеска на зеркало в машину	дерево граб подвеска на зеркало в машину	QG_66b2a6cc0838	NONE	Conservative Unicode/case/whitespace/punctuation normalization only.
дерево жизни	дерево жизни	QG_df65c1cffb65	NONE	Conservative Unicode/case/whitespace/punctuation normalization only.
дерево жизни валькнут	дерево жизни валькнут	QG_c2628a78b8ec	NONE	Conservative Unicode/case/whitespace/punctuation normalization only.
дерево оберег	дерево оберег	QG_b90aefd7c8b1	NONE	Conservative Unicode/case/whitespace/punctuation normalization only.
дерево талисман подвеска	дерево талисман подвеска	QG_f429ba2bfcbf	NONE	Conservative Unicode/case/whitespace/punctuation normalization only.
деревянная бусина с стмволом макошь	деревянная бусина с стмволом макошь	QG_481a0eef6cdc	NONE	Conservative Unicode/case/whitespace/punctuation normalization only.
деревянная коробка для подарка мужчине	деревянная коробка для подарка мужчине	QG_16277dec8870	NONE	Conservative Unicode/case/whitespace/punctuation normalization only.
деревянная подвеска для кулона	деревянная подвеска для кулона	QG_d5f078cea15d	NONE	Conservative Unicode/case/whitespace/punctuation normalization only.
деревянная семаргл	деревянная семаргл	QG_bc5cf943b773	NONE	Conservative Unicode/case/whitespace/punctuation normalization only.
деревянная шкатулка старославянская	деревянная шкатулка старославянская	QG_c5c8debaa258	NONE	Conservative Unicode/case/whitespace/punctuation normalization only.
деревянная языческий славянский символ на	деревянная языческий славянский символ на	QG_b3a941772832	NONE	Conservative Unicode/case/whitespace/punctuation normalization only.
деревянное повеска для мужчин	деревянное повеска для мужчин	QG_abf9890bf2df	NONE	Conservative Unicode/case/whitespace/punctuation normalization only.
деревянные знаки зодиака на шею	деревянные знаки зодиака на шею	QG_a1a2b2babdf0	NONE	Conservative Unicode/case/whitespace/punctuation normalization only.
деревянные качественные четки эзотерика	деревянные качественные четки эзотерика	QG_73a071a5f9eb	NONE	Conservative Unicode/case/whitespace/punctuation normalization only.
деревянные обереги	деревянные обереги	QG_cc18ee85931f	NONE	Conservative Unicode/case/whitespace/punctuation normalization only.
деревянные подвески в автомобиль	деревянные подвески в автомобиль	QG_28e8beaddbf1	NONE	Conservative Unicode/case/whitespace/punctuation normalization only.
деревянные славянские боги	деревянные славянские боги	QG_6a03c77f39b0	NONE	Conservative Unicode/case/whitespace/punctuation normalization only.
деревянные украшения в машину	деревянные украшения в машину	QG_ec16d517cf88	NONE	Conservative Unicode/case/whitespace/punctuation normalization only.
деревянные украшения на ст	деревянные украшения на ст	QG_e48a53915fe1	NONE	Conservative Unicode/case/whitespace/punctuation normalization only.
деревянный амуле	деревянный амуле	QG_da4941eeb7db	NONE	Conservative Unicode/case/whitespace/punctuation normalization only.
деревянный амулет	деревянный амулет	QG_edfddb969af5	NONE	Conservative Unicode/case/whitespace/punctuation normalization only.
деревянный оберег	деревянный оберег	QG_8f7f475b9439	NONE	Conservative Unicode/case/whitespace/punctuation normalization only.
деревянный оберег в машину	деревянный оберег в машину	QG_744891d1ef01	NONE	Conservative Unicode/case/whitespace/punctuation normalization only.
деревянный оберег славянский	деревянный оберег славянский	QG_2ec4f94bc72a	NONE	Conservative Unicode/case/whitespace/punctuation normalization only.
деревянный талисман	деревянный талисман	QG_00ddc79695d5	NONE	Conservative Unicode/case/whitespace/punctuation normalization only.
деревяные знаки зодиака в подарок из дерева	деревяные знаки зодиака в подарок из дерева	QG_5b59bfa367bc	NONE	Conservative Unicode/case/whitespace/punctuation normalization only.
детали подвески лего техник для машин	детали подвески лего техник для машин	QG_c78ec8994e1c	NONE	Conservative Unicode/case/whitespace/punctuation normalization only.
детский славянский оберег	детский славянский оберег	QG_34104d976594	NONE	Conservative Unicode/case/whitespace/punctuation normalization only.
джиу джитсу на машину подвеска на зеркало	джиу джитсу на машину подвеска на зеркало	QG_763f268b94a5	NONE	Conservative Unicode/case/whitespace/punctuation normalization only.
джокер чернобога	джокер чернобога	QG_63f2d438df7b	NONE	Conservative Unicode/case/whitespace/punctuation normalization only.
джон таварес в машину на зеркало	джон таварес в машину на зеркало	QG_3030fb2283b8	NONE	Conservative Unicode/case/whitespace/punctuation normalization only.
дикий вепрь славянская подвеска	дикий вепрь славянская подвеска	QG_87f89e32f76d	NONE	Conservative Unicode/case/whitespace/punctuation normalization only.
диффузор с палочками знак зодиака телец	диффузор с палочками знак зодиака телец	QG_3d77d79ee981	NONE	Conservative Unicode/case/whitespace/punctuation normalization only.
для авто на зеркало подвеска	для авто на зеркало подвеска	QG_a0271db8d727	NONE	Conservative Unicode/case/whitespace/punctuation normalization only.
для авто на зеркало украшение	для авто на зеркало украшение	QG_83d8d658517c	NONE	Conservative Unicode/case/whitespace/punctuation normalization only.
для авто украшения подвески	для авто украшения подвески	QG_01622e345e34	NONE	Conservative Unicode/case/whitespace/punctuation normalization only.
для автомобиля подвеска	для автомобиля подвеска	QG_f6d5bbf5ef52	NONE	Conservative Unicode/case/whitespace/punctuation normalization only.
для автомобиля подвеска на зеркало	для автомобиля подвеска на зеркало	QG_9087895b3632	NONE	Conservative Unicode/case/whitespace/punctuation normalization only.
для гаданий зеркало	для гаданий зеркало	QG_a53c390a14cc	NONE	Conservative Unicode/case/whitespace/punctuation normalization only.
для гадания на песке	для гадания на песке	QG_d0302ca2c9bc	NONE	Conservative Unicode/case/whitespace/punctuation normalization only.
для девы из дерева	для девы из дерева	QG_a32ed50ff38e	NONE	Conservative Unicode/case/whitespace/punctuation normalization only.
для для раков	для для раков	QG_8bb1121a228c	NONE	Conservative Unicode/case/whitespace/punctuation normalization only.
для знака зодиака дева	для знака зодиака дева	QG_8db07bf97f0a	NONE	Conservative Unicode/case/whitespace/punctuation normalization only.
для знака на машину	для знака на машину	QG_6521712fc40d	NONE	Conservative Unicode/case/whitespace/punctuation normalization only.
для любителя энергетикво	для любителя энергетикво	QG_22ebf22fdf11	NONE	Conservative Unicode/case/whitespace/punctuation normalization only.
для машин оберег	для машин оберег	QG_fc539b08a519	NONE	Conservative Unicode/case/whitespace/punctuation normalization only.
для машины в салон на зеркало подвескп	для машины в салон на зеркало подвескп	QG_38d33db930e6	NONE	Conservative Unicode/case/whitespace/punctuation normalization only.
для машины деву	для машины деву	QG_6d14c92c0549	NONE	Conservative Unicode/case/whitespace/punctuation normalization only.
для машины лев	для машины лев	QG_6ebd57f4d997	NONE	Conservative Unicode/case/whitespace/punctuation normalization only.
для машины оберег	для машины оберег	QG_d96d6b53f42c	NONE	Conservative Unicode/case/whitespace/punctuation normalization only.
для машины подвеска	для машины подвеска	QG_2acccfb16246	NONE	Conservative Unicode/case/whitespace/punctuation normalization only.
для машины подвеска на зеркало мужская	для машины подвеска на зеркало мужская	QG_dc00b495dabb	NONE	Conservative Unicode/case/whitespace/punctuation normalization only.
для овна мужской	для овна мужской	QG_6248f9229185	NONE	Conservative Unicode/case/whitespace/punctuation normalization only.
для подвески зеркала	для подвески зеркала	QG_559575e12413	NONE	Conservative Unicode/case/whitespace/punctuation normalization only.
для салона машины подвеска	для салона машины подвеска	QG_42ca39745545	NONE	Conservative Unicode/case/whitespace/punctuation normalization only.
для тельцов	для тельцов	QG_ec66302456ce	NONE	Conservative Unicode/case/whitespace/punctuation normalization only.
для эзотерика предметы	для эзотерика предметы	QG_271415feb857	NONE	Conservative Unicode/case/whitespace/punctuation normalization only.
дневник знака зодиака стрелец ♐	дневник знака зодиака стрелец ♐	QG_cc87693422a9	NONE	Conservative Unicode/case/whitespace/punctuation normalization only.
додвеска в машину	додвеска в машину	QG_b34c3442720b	NONE	Conservative Unicode/case/whitespace/punctuation normalization only.
додвестка на машину	додвестка на машину	QG_ff3f3b6f1396	NONE	Conservative Unicode/case/whitespace/punctuation normalization only.
доево жизни	доево жизни	QG_febd3d2b6dbe	NONE	Conservative Unicode/case/whitespace/punctuation normalization only.
доллар деревянный в машину подвеска на зеркало	доллар деревянный в машину подвеска на зеркало	QG_b4fd562140b6	NONE	Conservative Unicode/case/whitespace/punctuation normalization only.
домовенок в тележке оберег	домовенок в тележке оберег	QG_826562b78bf9	NONE	Conservative Unicode/case/whitespace/punctuation normalization only.
дополнительные зеркала на учебную машину	дополнительные зеркала на учебную машину	QG_39fa3cc79ebc	NONE	Conservative Unicode/case/whitespace/punctuation normalization only.
дорогой подарок мужчине в машину оригинальный	дорогой подарок мужчине в машину оригинальный	QG_4c3c73958ecb	NONE	Conservative Unicode/case/whitespace/punctuation normalization only.
дорожный знак в авто	дорожный знак в авто	QG_f1652a172c33	NONE	Conservative Unicode/case/whitespace/punctuation normalization only.
дорожный набор подарочный для мужчин	дорожный набор подарочный для мужчин	QG_fb72cb4386f8	NONE	Conservative Unicode/case/whitespace/punctuation normalization only.
дорожный оберег славянский	дорожный оберег славянский	QG_c8cad826ab36	NONE	Conservative Unicode/case/whitespace/punctuation normalization only.
доска гунгнир	доска гунгнир	QG_cabd4b78d3a5	NONE	Conservative Unicode/case/whitespace/punctuation normalization only.
дракон в авто	дракон в авто	QG_8103331ea07c	NONE	Conservative Unicode/case/whitespace/punctuation normalization only.
дракон в машину на зеркало	дракон в машину на зеркало	QG_5331d707d693	NONE	Conservative Unicode/case/whitespace/punctuation normalization only.
древние славяне творчество	древние славяне творчество	QG_928c507fe32f	NONE	Conservative Unicode/case/whitespace/punctuation normalization only.
древо жизни	древо жизни	QG_62ce130c2c3d	NONE	Conservative Unicode/case/whitespace/punctuation normalization only.
древо жизни кресты	древо жизни кресты	QG_984edbae4725	NONE	Conservative Unicode/case/whitespace/punctuation normalization only.
дублирующие зеркала на учебный	дублирующие зеркала на учебный	QG_0b4e2b3042f9	NONE	Conservative Unicode/case/whitespace/punctuation normalization only.
дух оберег	дух оберег	QG_53ee406cec4b	NONE	Conservative Unicode/case/whitespace/punctuation normalization only.
духи	духи	QG_6fbfc0a85d21	NONE	Conservative Unicode/case/whitespace/punctuation normalization only.
дьявол игрушка страшная в машину на зеркало	дьявол игрушка страшная в машину на зеркало	QG_062f363f46dd	NONE	Conservative Unicode/case/whitespace/punctuation normalization only.
дюрекс наклейка на машину	дюрекс наклейка на машину	QG_171360ecfad2	NONE	Conservative Unicode/case/whitespace/punctuation normalization only.
еврейская заезда подвеска в машину	еврейская заезда подвеска в машину	QG_c8b97ab53383	NONE	Conservative Unicode/case/whitespace/punctuation normalization only.
ежедневник знак зодиака рыбы 2027	ежедневник знак зодиака рыбы 2027	QG_fd7604977aea	NONE	Conservative Unicode/case/whitespace/punctuation normalization only.
енот десантник в машину подвеска	енот десантник в машину подвеска	QG_d5862908de53	NONE	Conservative Unicode/case/whitespace/punctuation normalization only.
железный стрелец	железный стрелец	QG_51f1fb8f33d3	NONE	Conservative Unicode/case/whitespace/punctuation normalization only.
женский оберег славянский	женский оберег славянский	QG_48a987327f80	NONE	Conservative Unicode/case/whitespace/punctuation normalization only.
жива	жива	QG_e90e47755f73	NONE	Conservative Unicode/case/whitespace/punctuation normalization only.
жива кулон	жива кулон	QG_44628bdc4ef6	NONE	Conservative Unicode/case/whitespace/punctuation normalization only.
задиака знаки	задиака знаки	QG_a9f29df0a1bf	NONE	Conservative Unicode/case/whitespace/punctuation normalization only.
заец в машину	заец в машину	QG_69aec5c67d05	NONE	Conservative Unicode/case/whitespace/punctuation normalization only.
зажигалка телец	зажигалка телец	QG_0167d92088f7	NONE	Conservative Unicode/case/whitespace/punctuation normalization only.
западные славянские обереги	западные славянские обереги	QG_7ff2ee427df4	NONE	Conservative Unicode/case/whitespace/punctuation normalization only.
защита для стрельца	защита для стрельца	QG_ba3e4c6ec1b3	NONE	Conservative Unicode/case/whitespace/punctuation normalization only.
защита для стрельца мужская	защита для стрельца мужская	QG_b293df0f203a	NONE	Conservative Unicode/case/whitespace/punctuation normalization only.
защита оберег в машину	защита оберег в машину	QG_ed04a725d8ed	NONE	Conservative Unicode/case/whitespace/punctuation normalization only.
защита оберег для машины	защита оберег для машины	QG_7d83c4f6c42e	NONE	Conservative Unicode/case/whitespace/punctuation normalization only.
защитный амулет от сглаза и порчи	защитный амулет от сглаза и порчи	QG_c155e32deba1	NONE	Conservative Unicode/case/whitespace/punctuation normalization only.
защёлка на нагрудный знак	защелка на нагрудный знак	QG_1cbfe75e6fb2	NONE	Conservative Unicode/case/whitespace/punctuation normalization only.
звезда лады в машину подвеска	звезда лады в машину подвеска	QG_2e105973efb6	NONE	Conservative Unicode/case/whitespace/punctuation normalization only.
звезда на зеркало в машину	звезда на зеркало в машину	QG_b1e4fb1c8aca	NONE	Conservative Unicode/case/whitespace/punctuation normalization only.
звезда сварога подвеска	звезда сварога подвеска	QG_789094645681	NONE	Conservative Unicode/case/whitespace/punctuation normalization only.
здравник славянский оберег	здравник славянский оберег	QG_3b41c86307f5	NONE	Conservative Unicode/case/whitespace/punctuation normalization only.
зекало подвеска	зекало подвеска	QG_67409d951494	NONE	Conservative Unicode/case/whitespace/punctuation normalization only.
зеленый оберег в машину	зеленый оберег в машину	QG_55dfb27fe01b	NONE	Conservative Unicode/case/whitespace/punctuation normalization only.
зеркала на машину ниссан wingroas боковые	зеркала на машину ниссан wingroas боковые	QG_d2351ecae578	NONE	Conservative Unicode/case/whitespace/punctuation normalization only.
зеркала на машину универсальные	зеркала на машину универсальные	QG_32304a8513c9	NONE	Conservative Unicode/case/whitespace/punctuation normalization only.
зеркала с поворотниками на машину экстрел	зеркала с поворотниками на машину экстрел	QG_0de8683bfec7	NONE	Conservative Unicode/case/whitespace/punctuation normalization only.
зеркалл магисеское	зеркалл магисеское	QG_a6a8b6fe452b	NONE	Conservative Unicode/case/whitespace/punctuation normalization only.
зеркало	зеркало	QG_53fbab429159	NONE	Conservative Unicode/case/whitespace/punctuation normalization only.
зеркало авто подвеска	зеркало авто подвеска	QG_079966627bd1	NONE	Conservative Unicode/case/whitespace/punctuation normalization only.
зеркало амулет	зеркало амулет	QG_38680abb427b	NONE	Conservative Unicode/case/whitespace/punctuation normalization only.
зеркало богоа	зеркало богоа	QG_f76fcc4aaef7	NONE	Conservative Unicode/case/whitespace/punctuation normalization only.
зеркало в	зеркало в	QG_6e12d662de4c	NONE	Conservative Unicode/case/whitespace/punctuation normalization only.
зеркало в машину на козы	зеркало в машину на козы	QG_8128e162b786	NONE	Conservative Unicode/case/whitespace/punctuation normalization only.
зеркало в пол	зеркало в пол	QG_b33648f0297f	NONE	Conservative Unicode/case/whitespace/punctuation normalization only.
зеркало в славянском стиле из дерева	зеркало в славянском стиле из дерева	QG_7db77b5261a9	NONE	Conservative Unicode/case/whitespace/punctuation normalization only.
зеркало двухстороннее с ув	зеркало двухстороннее с ув	QG_89b9c3c69e35	NONE	Conservative Unicode/case/whitespace/punctuation normalization only.
зеркало дерева	зеркало дерева	QG_4e3aec0a23e1	NONE	Conservative Unicode/case/whitespace/punctuation normalization only.
зеркало деревянное для творчества	зеркало деревянное для творчества	QG_b82850b5d737	NONE	Conservative Unicode/case/whitespace/punctuation normalization only.
зеркало для гадания	зеркало для гадания	QG_eb20641e7353	NONE	Conservative Unicode/case/whitespace/punctuation normalization only.
зеркало для гкдарий	зеркало для гкдарий	QG_15fababd6cc3	NONE	Conservative Unicode/case/whitespace/punctuation normalization only.
зеркало для деву	зеркало для деву	QG_aca49f3fb24b	NONE	Conservative Unicode/case/whitespace/punctuation normalization only.
зеркало для магии	зеркало для магии	QG_013534a3e70d	NONE	Conservative Unicode/case/whitespace/punctuation normalization only.
зеркало для обгона на праворую машину	зеркало для обгона на праворую машину	QG_521c09df0a98	NONE	Conservative Unicode/case/whitespace/punctuation normalization only.
зеркало для праворульных машин для обгона	зеркало для праворульных машин для обгона	QG_4454cc87e08a	NONE	Conservative Unicode/case/whitespace/punctuation normalization only.
зеркало заднего вида салонное	зеркало заднего вида салонное	QG_3d3d825097f0	NONE	Conservative Unicode/case/whitespace/punctuation normalization only.
зеркало иг	зеркало иг	QG_f7b900924f60	NONE	Conservative Unicode/case/whitespace/punctuation normalization only.
зеркало крест	зеркало крест	QG_20fecf92f390	NONE	Conservative Unicode/case/whitespace/punctuation normalization only.
зеркало кулон амулет	зеркало кулон амулет	QG_1e3566ecadda	NONE	Conservative Unicode/case/whitespace/punctuation normalization only.
зеркало лев	зеркало лев	QG_0dc4d79dd195	NONE	Conservative Unicode/case/whitespace/punctuation normalization only.
зеркало лева	зеркало лева	QG_606fd8ba2f3d	NONE	Conservative Unicode/case/whitespace/punctuation normalization only.
зеркало магическое	зеркало магическое	QG_4c5fea20de61	NONE	Conservative Unicode/case/whitespace/punctuation normalization only.
зеркало магическое подвеска	зеркало магическое подвеска	QG_01b57ebcb689	NONE	Conservative Unicode/case/whitespace/punctuation normalization only.
зеркало магическое талисман	зеркало магическое талисман	QG_dae6c9ad9ee4	NONE	Conservative Unicode/case/whitespace/punctuation normalization only.
зеркало маржены	зеркало маржены	QG_c96aa9e6cbfe	NONE	Conservative Unicode/case/whitespace/punctuation normalization only.
зеркало мелонг	зеркало мелонг	QG_24edc7d85cba	NONE	Conservative Unicode/case/whitespace/punctuation normalization only.
зеркало на велосипед торцевое	зеркало на велосипед торцевое	QG_4e7ac232959b	NONE	Conservative Unicode/case/whitespace/punctuation normalization only.
зеркало на машину киа риа боковое	зеркало на машину киа риа боковое	QG_08e5f36cdc2b	NONE	Conservative Unicode/case/whitespace/punctuation normalization only.
зеркало на машину тойота надия левое	зеркало на машину тойота надия левое	QG_142e18c10133	NONE	Conservative Unicode/case/whitespace/punctuation normalization only.
зеркало на праворукую машину на встречку	зеркало на праворукую машину на встречку	QG_7bb347c0221f	NONE	Conservative Unicode/case/whitespace/punctuation normalization only.
зеркало на шлем.	зеркало на шлем	QG_56893c4929d7	NONE	Conservative Unicode/case/whitespace/punctuation normalization only.
зеркало обгона для праворуких машин	зеркало обгона для праворуких машин	QG_ececc16bf6a0	NONE	Conservative Unicode/case/whitespace/punctuation normalization only.
зеркало обгона для праворульных машин	зеркало обгона для праворульных машин	QG_41da4addb8d8	NONE	Conservative Unicode/case/whitespace/punctuation normalization only.
зеркало обгона праворукая машина	зеркало обгона праворукая машина	QG_6aadc3802e79	NONE	Conservative Unicode/case/whitespace/punctuation normalization only.
зеркало оберег	зеркало оберег	QG_e1d21bdb34c7	NONE	Conservative Unicode/case/whitespace/punctuation normalization only.
зеркало оберег для защиты	зеркало оберег для защиты	QG_f88f9d858954	NONE	Conservative Unicode/case/whitespace/punctuation normalization only.
зеркало оберег на шею	зеркало оберег на шею	QG_a17b30a537a8	NONE	Conservative Unicode/case/whitespace/punctuation normalization only.
зеркало оберег на шею славянское	зеркало оберег на шею славянское	QG_e3a1726e006d	NONE	Conservative Unicode/case/whitespace/punctuation normalization only.
зеркало овл	зеркало овл	QG_b138aa58b3ea	NONE	Conservative Unicode/case/whitespace/punctuation normalization only.
зеркало параболическое для праворульных машин	зеркало параболическое для праворульных машин	QG_0165cba20219	NONE	Conservative Unicode/case/whitespace/punctuation normalization only.
зеркало подвеска	зеркало подвеска	QG_705dbe4d6cc8	NONE	Conservative Unicode/case/whitespace/punctuation normalization only.
зеркало подвеска оберег	зеркало подвеска оберег	QG_f176f1840a79	NONE	Conservative Unicode/case/whitespace/punctuation normalization only.
зеркало ру	зеркало ру	QG_a747054e7484	NONE	Conservative Unicode/case/whitespace/punctuation normalization only.
зеркало рыбий глаз на самокат	зеркало рыбий глаз на самокат	QG_0b2515e3d4ac	NONE	Conservative Unicode/case/whitespace/punctuation normalization only.
зеркало с изразцами	зеркало с изразцами	QG_7e1edb2638fb	NONE	Conservative Unicode/case/whitespace/punctuation normalization only.
зеркало с подвеской	зеркало с подвеской	QG_1bbe25354e36	NONE	Conservative Unicode/case/whitespace/punctuation normalization only.
зеркало с ру	зеркало с ру	QG_100c5464abc1	NONE	Conservative Unicode/case/whitespace/punctuation normalization only.
зеркало с рыбками	зеркало с рыбками	QG_ffa571461d61	NONE	Conservative Unicode/case/whitespace/punctuation normalization only.
зеркало с ув подвеской	зеркало с ув подвеской	QG_9133410f2409	NONE	Conservative Unicode/case/whitespace/punctuation normalization only.
зеркало с черепами	зеркало с черепами	QG_0807270fa0c1	NONE	Conservative Unicode/case/whitespace/punctuation normalization only.
зеркало сдвижное на щиток	зеркало сдвижное на щиток	QG_4f0d2ac5f08c	NONE	Conservative Unicode/case/whitespace/punctuation normalization only.
зеркало талисман	зеркало талисман	QG_2ca6e9419956	NONE	Conservative Unicode/case/whitespace/punctuation normalization only.
зеркало талисман для ворот кованое	зеркало талисман для ворот кованое	QG_8b6310c4cdcc	NONE	Conservative Unicode/case/whitespace/punctuation normalization only.
зеркало толи	зеркало толи	QG_dccba7036cf0	NONE	Conservative Unicode/case/whitespace/punctuation normalization only.
зеркало шамана	зеркало шамана	QG_565e0cec7b5d	NONE	Conservative Unicode/case/whitespace/punctuation normalization only.
зеркалодля магии	зеркалодля магии	QG_f75fa16a40e1	NONE	Conservative Unicode/case/whitespace/punctuation normalization only.
зеркальная защита амулет	зеркальная защита амулет	QG_02b033733192	NONE	Conservative Unicode/case/whitespace/punctuation normalization only.
зеркальная защита рунами	зеркальная защита рунами	QG_e83af6b41d5c	NONE	Conservative Unicode/case/whitespace/punctuation normalization only.
зеркальная подвеска	зеркальная подвеска	QG_e578249acd04	NONE	Conservative Unicode/case/whitespace/punctuation normalization only.
зеркальные амулеты	зеркальные амулеты	QG_be830c61695d	NONE	Conservative Unicode/case/whitespace/punctuation normalization only.
зеркальные знаки	зеркальные знаки	QG_063168aa0f1e	NONE	Conservative Unicode/case/whitespace/punctuation normalization only.
зеркальные обереги	зеркальные обереги	QG_8098c5f45698	NONE	Conservative Unicode/case/whitespace/punctuation normalization only.
зеркальный амудет	зеркальный амудет	QG_0bf7afd860dc	NONE	Conservative Unicode/case/whitespace/punctuation normalization only.
зеркальный амулет	зеркальный амулет	QG_df254bcf922e	NONE	Conservative Unicode/case/whitespace/punctuation normalization only.
зеркальный оберег	зеркальный оберег	QG_3cd1f2064e14	NONE	Conservative Unicode/case/whitespace/punctuation normalization only.
зеркальный оберег для мужчин и женщин	зеркальный оберег для мужчин и женщин	QG_0cbd44379d5f	NONE	Conservative Unicode/case/whitespace/punctuation normalization only.
зеркальный топпер тел	зеркальный топпер тел	QG_d1ab58fc3c8c	NONE	Conservative Unicode/case/whitespace/punctuation normalization only.
зеркальце амулет	зеркальце амулет	QG_b330eef59cbe	NONE	Conservative Unicode/case/whitespace/punctuation normalization only.
зеркальце на шлем	зеркальце на шлем	QG_6b6b17c22df5	NONE	Conservative Unicode/case/whitespace/punctuation normalization only.
зеркальце оберег	зеркальце оберег	QG_246b7d927196	NONE	Conservative Unicode/case/whitespace/punctuation normalization only.
зеркальце оборег	зеркальце оборег	QG_cdb5625c6f8b	NONE	Conservative Unicode/case/whitespace/punctuation normalization only.
златоуст	златоуст	QG_0deb9433dc0a	NONE	Conservative Unicode/case/whitespace/punctuation normalization only.
змея талисман	змея талисман	QG_b3e23c8ce9cb	NONE	Conservative Unicode/case/whitespace/punctuation normalization only.
знаеи зодиака	знаеи зодиака	QG_a6fa297f4ef8	NONE	Conservative Unicode/case/whitespace/punctuation normalization only.
зназодиака козерог	зназодиака козерог	QG_20bf8747d149	NONE	Conservative Unicode/case/whitespace/punctuation normalization only.
знак атлантов	знак атлантов	QG_4ea3c05541a6	NONE	Conservative Unicode/case/whitespace/punctuation normalization only.
знак близнецы м	знак близнецы м	QG_2ed746fe4eaa	NONE	Conservative Unicode/case/whitespace/punctuation normalization only.
знак везу мужана машину	знак везу мужана машину	QG_3e13ecab4ede	NONE	Conservative Unicode/case/whitespace/punctuation normalization only.
знак дева	знак дева	QG_0188c6382eed	NONE	Conservative Unicode/case/whitespace/punctuation normalization only.
знак дева обвес на телефон	знак дева обвес на телефон	QG_281fbc0df38f	NONE	Conservative Unicode/case/whitespace/punctuation normalization only.
знак дорожный зеркало	знак дорожный зеркало	QG_2834a058ded8	NONE	Conservative Unicode/case/whitespace/punctuation normalization only.
знак задиа лев	знак задиа лев	QG_87b9c9d117eb	NONE	Conservative Unicode/case/whitespace/punctuation normalization only.
знак задиак лев	знак задиак лев	QG_9cb4c83083fa	NONE	Conservative Unicode/case/whitespace/punctuation normalization only.
знак задиака девы на торт	знак задиака девы на торт	QG_c5f3d2a6d3c8	NONE	Conservative Unicode/case/whitespace/punctuation normalization only.
знак зеркало	знак зеркало	QG_ed334dcc8504	NONE	Conservative Unicode/case/whitespace/punctuation normalization only.
знак зеркальный	знак зеркальный	QG_a517836ac03b	NONE	Conservative Unicode/case/whitespace/punctuation normalization only.
знак зодиака близнецы сувенир	знак зодиака близнецы сувенир	QG_285ee7285974	NONE	Conservative Unicode/case/whitespace/punctuation normalization only.
знак зодиака весы	знак зодиака весы	QG_9658927cf9c0	NONE	Conservative Unicode/case/whitespace/punctuation normalization only.
знак зодиака весы платок	знак зодиака весы платок	QG_62e458fdf029	NONE	Conservative Unicode/case/whitespace/punctuation normalization only.
знак зодиака водолей	знак зодиака водолей	QG_f2d0539442f0	NONE	Conservative Unicode/case/whitespace/punctuation normalization only.
знак зодиака дева	знак зодиака дева	QG_5589a433a92d	NONE	Conservative Unicode/case/whitespace/punctuation normalization only.
знак зодиака дева подвеска на шею	знак зодиака дева подвеска на шею	QG_f823db81cee3	NONE	Conservative Unicode/case/whitespace/punctuation normalization only.
знак зодиака дева прикол	знак зодиака дева прикол	QG_1347d0097e19	NONE	Conservative Unicode/case/whitespace/punctuation normalization only.
знак зодиака зодиака дева	знак зодиака зодиака дева	QG_1d5d3cf4a4c7	NONE	Conservative Unicode/case/whitespace/punctuation normalization only.
знак зодиака козерог фигурки	знак зодиака козерог фигурки	QG_c47ae20d3e98	NONE	Conservative Unicode/case/whitespace/punctuation normalization only.
знак зодиака крысы в машину подвеска	знак зодиака крысы в машину подвеска	QG_fd785166816d	NONE	Conservative Unicode/case/whitespace/punctuation normalization only.
знак зодиака лев	знак зодиака лев	QG_9672101d17d8	NONE	Conservative Unicode/case/whitespace/punctuation normalization only.
знак зодиака лев муж	знак зодиака лев муж	QG_4482fcebfd8e	NONE	Conservative Unicode/case/whitespace/punctuation normalization only.
знак зодиака лев мужчина	знак зодиака лев мужчина	QG_9080bec44ce8	NONE	Conservative Unicode/case/whitespace/punctuation normalization only.
знак зодиака лев подвеска в машину	знак зодиака лев подвеска в машину	QG_bc27f7264067	NONE	Conservative Unicode/case/whitespace/punctuation normalization only.
знак зодиака на машину змееносец	знак зодиака на машину змееносец	QG_f0848a0dc915	NONE	Conservative Unicode/case/whitespace/punctuation normalization only.
знак зодиака ов	знак зодиака ов	QG_56680ad4e1ad	NONE	Conservative Unicode/case/whitespace/punctuation normalization only.
знак зодиака подвеска	знак зодиака подвеска	QG_55ed43a25b3d	NONE	Conservative Unicode/case/whitespace/punctuation normalization only.
знак зодиака постер дева	знак зодиака постер дева	QG_7f92fc8e85ba	NONE	Conservative Unicode/case/whitespace/punctuation normalization only.
знак зодиака рак	знак зодиака рак	QG_d30659c37633	NONE	Conservative Unicode/case/whitespace/punctuation normalization only.
знак зодиака рак подвеска шарм	знак зодиака рак подвеска шарм	QG_dccdd8147c04	NONE	Conservative Unicode/case/whitespace/punctuation normalization only.
знак зодиака рыбы большой	знак зодиака рыбы большой	QG_f5ad0a13af86	NONE	Conservative Unicode/case/whitespace/punctuation normalization only.
знак зодиака рыбы серебро мужская	знак зодиака рыбы серебро мужская	QG_4ab42f2ead84	NONE	Conservative Unicode/case/whitespace/punctuation normalization only.
знак зодиака стрелец подвеска мужская в машину	знак зодиака стрелец подвеска мужская в машину	QG_70d6d0773e04	NONE	Conservative Unicode/case/whitespace/punctuation normalization only.
знак зодика деревянный	знак зодика деревянный	QG_a18369576927	NONE	Conservative Unicode/case/whitespace/punctuation normalization only.
знак козерога подст	знак козерога подст	QG_9cd924f9178b	NONE	Conservative Unicode/case/whitespace/punctuation normalization only.
знак козерога серебро	знак козерога серебро	QG_046e6d87d0da	NONE	Conservative Unicode/case/whitespace/punctuation normalization only.
знак на авто девушка	знак на авто девушка	QG_c1f13f1b52ca	NONE	Conservative Unicode/case/whitespace/punctuation normalization only.
знак на авто дорожный	знак на авто дорожный	QG_cbd127c8be41	NONE	Conservative Unicode/case/whitespace/punctuation normalization only.
знак на машину аптечные товары	знак на машину аптечные товары	QG_d7be4c740dd0	NONE	Conservative Unicode/case/whitespace/punctuation normalization only.
знак на машину выйду замуж	знак на машину выйду замуж	QG_3e879b68ae15	NONE	Conservative Unicode/case/whitespace/punctuation normalization only.
знак на машину выносной габаритный	знак на машину выносной габаритный	QG_6aa098f10dca	NONE	Conservative Unicode/case/whitespace/punctuation normalization only.
знак на машину для женщин	знак на машину для женщин	QG_d3ba17957b42	NONE	Conservative Unicode/case/whitespace/punctuation normalization only.
знак на машину для женщины	знак на машину для женщины	QG_93cb2ef329f3	NONE	Conservative Unicode/case/whitespace/punctuation normalization only.
знак новичок на машину смешно	знак новичок на машину смешно	QG_bf4750bd0d01	NONE	Conservative Unicode/case/whitespace/punctuation normalization only.
знак овен женский	знак овен женский	QG_08842875912d	NONE	Conservative Unicode/case/whitespace/punctuation normalization only.
знак подвеска брелок	знак подвеска брелок	QG_2e387f971912	NONE	Conservative Unicode/case/whitespace/punctuation normalization only.
знак рак	знак рак	QG_be5d4b53f563	NONE	Conservative Unicode/case/whitespace/punctuation normalization only.
знак со стразами учебная машина	знак со стразами учебная машина	QG_afe65fec3e2c	NONE	Conservative Unicode/case/whitespace/punctuation normalization only.
знак стрелец светодиодная в машину 99	знак стрелец светодиодная в машину 99	QG_ad71483d0538	NONE	Conservative Unicode/case/whitespace/punctuation normalization only.
знак туфелька блестящая на машину	знак туфелька блестящая на машину	QG_095ca51261ab	NONE	Conservative Unicode/case/whitespace/punctuation normalization only.
знакак зодиака рыбы	знакак зодиака рыбы	QG_e5c27430bf3b	NONE	Conservative Unicode/case/whitespace/punctuation normalization only.
знаки вес классность	знаки вес классность	QG_4192f3f8a289	NONE	Conservative Unicode/case/whitespace/punctuation normalization only.
знаки зодиака	знаки зодиака	QG_70cd5db4f3f7	NONE	Conservative Unicode/case/whitespace/punctuation normalization only.
знаки зодиака дева мужчине	знаки зодиака дева мужчине	QG_0f6ef277a5f9	NONE	Conservative Unicode/case/whitespace/punctuation normalization only.
знаки зодиака из дерева	знаки зодиака из дерева	QG_8f7c1ea6c2e6	NONE	Conservative Unicode/case/whitespace/punctuation normalization only.
знаки зодиака кулоны	знаки зодиака кулоны	QG_5d6a69c67611	NONE	Conservative Unicode/case/whitespace/punctuation normalization only.
знаки зодиака лев	знаки зодиака лев	QG_d8478df39b9a	NONE	Conservative Unicode/case/whitespace/punctuation normalization only.
знаки зодиака рыбы фигурки	знаки зодиака рыбы фигурки	QG_ee4a55ae17a3	NONE	Conservative Unicode/case/whitespace/punctuation normalization only.
знаки зодиака телец	знаки зодиака телец	QG_0ebd86d07888	NONE	Conservative Unicode/case/whitespace/punctuation normalization only.
знаки зодиака фигурки рак	знаки зодиака фигурки рак	QG_0e0487d79a8c	NONE	Conservative Unicode/case/whitespace/punctuation normalization only.
знаки зодиака шармы	знаки зодиака шармы	QG_d006fc603833	NONE	Conservative Unicode/case/whitespace/punctuation normalization only.
знаки сувениры для парашютиста в машину	знаки сувениры для парашютиста в машину	QG_2fb98e3e7d2b	NONE	Conservative Unicode/case/whitespace/punctuation normalization only.
значек рыбка хрестианский на машину	значек рыбка хрестианский на машину	QG_aab4294b2921	NONE	Conservative Unicode/case/whitespace/punctuation normalization only.
значок всеслав	значок всеслав	QG_c2cb878802c7	NONE	Conservative Unicode/case/whitespace/punctuation normalization only.
зодиак дева	зодиак дева	QG_121114516002	NONE	Conservative Unicode/case/whitespace/punctuation normalization only.
зодиак серум	зодиак серум	QG_6b286bd5bc88	NONE	Conservative Unicode/case/whitespace/punctuation normalization only.
золотой лев в машину	золотой лев в машину	QG_17305bc2a00f	NONE	Conservative Unicode/case/whitespace/punctuation normalization only.
золотой славянский оберег	золотой славянский оберег	QG_7727ba718a7f	NONE	Conservative Unicode/case/whitespace/punctuation normalization only.
золотой телец	золотой телец	QG_e7c08ab813a8	NONE	Conservative Unicode/case/whitespace/punctuation normalization only.
зонт водолей	зонт водолей	QG_3555a7b28578	NONE	Conservative Unicode/case/whitespace/punctuation normalization only.
игрушка бог в машину на зеркало	игрушка бог в машину на зеркало	QG_a1fd60b1dd30	NONE	Conservative Unicode/case/whitespace/punctuation normalization only.
игрушка в машину овен	игрушка в машину овен	QG_bcce51f09259	NONE	Conservative Unicode/case/whitespace/punctuation normalization only.
игрушка лиса инь-ян	игрушка лиса инь - ян	QG_c8e2d3c66e58	NONE	Conservative Unicode/case/whitespace/punctuation normalization only.
игрушка мягка обезьяна в машину на зеркало	игрушка мягка обезьяна в машину на зеркало	QG_85a5edc4ec14	NONE	Conservative Unicode/case/whitespace/punctuation normalization only.
игрушка на зеркало в машину голова корса	игрушка на зеркало в машину голова корса	QG_3326734f2322	NONE	Conservative Unicode/case/whitespace/punctuation normalization only.
игрушка на зеркало в машину знак зодиака	игрушка на зеркало в машину знак зодиака	QG_c955b9dc81d2	NONE	Conservative Unicode/case/whitespace/punctuation normalization only.
игрушка на зеркало в машину мягкий чертик	игрушка на зеркало в машину мягкий чертик	QG_bc4406ae7d90	NONE	Conservative Unicode/case/whitespace/punctuation normalization only.
игрушка на зеркало в машину пачка сигарет	игрушка на зеркало в машину пачка сигарет	QG_784fd013b7ee	NONE	Conservative Unicode/case/whitespace/punctuation normalization only.
игрушка на зеркало в машину реал мадрид	игрушка на зеркало в машину реал мадрид	QG_3e82dbc63fa1	NONE	Conservative Unicode/case/whitespace/punctuation normalization only.
игрушка оберег в машину	игрушка оберег в машину	QG_af91e2f81a0d	NONE	Conservative Unicode/case/whitespace/punctuation normalization only.
игрушка спаниель в машину на зеркало	игрушка спаниель в машину на зеркало	QG_01dcf428f20e	NONE	Conservative Unicode/case/whitespace/punctuation normalization only.
игрушка талисман в машину	игрушка талисман в машину	QG_9d6e1cd5c88b	NONE	Conservative Unicode/case/whitespace/punctuation normalization only.
игрушки в машину на зеркало	игрушки в машину на зеркало	QG_57622f6c0a48	NONE	Conservative Unicode/case/whitespace/punctuation normalization only.
игрушки в машину на зеркало подвеска	игрушки в машину на зеркало подвеска	QG_87fc0a1b10b2	NONE	Conservative Unicode/case/whitespace/punctuation normalization only.
игрушки в машину оберег	игрушки в машину оберег	QG_7eed7e82c4d0	NONE	Conservative Unicode/case/whitespace/punctuation normalization only.
из дерева	из дерева	QG_46b07ca137bb	NONE	Conservative Unicode/case/whitespace/punctuation normalization only.
из дерева в машину подвеска	из дерева в машину подвеска	QG_00540d83605f	NONE	Conservative Unicode/case/whitespace/punctuation normalization only.
из дерева знаки зодиака в подарок	из дерева знаки зодиака в подарок	QG_4d8b51221fc0	NONE	Conservative Unicode/case/whitespace/punctuation normalization only.
из дерева подвеска	из дерева подвеска	QG_853036dadb01	NONE	Conservative Unicode/case/whitespace/punctuation normalization only.
иисус на зеркало авто	иисус на зеркало авто	QG_ebd91697eec8	NONE	Conservative Unicode/case/whitespace/punctuation normalization only.
икона в машину подвеска кожаная	икона в машину подвеска кожаная	QG_ae87f48cf93e	NONE	Conservative Unicode/case/whitespace/punctuation normalization only.
икона и крест в машину	икона и крест в машину	QG_609bf5793f98	NONE	Conservative Unicode/case/whitespace/punctuation normalization only.
иконка спаси сохрани	иконка спаси сохрани	QG_e1734bc14ce2	NONE	Conservative Unicode/case/whitespace/punctuation normalization only.
имперский штурмовик подвеска в машину на зеркало	имперский штурмовик подвеска в машину на зеркало	QG_9f2627610835	NONE	Conservative Unicode/case/whitespace/punctuation normalization only.
интерьер в славянском	интерьер в славянском	QG_b13550d9b6a0	NONE	Conservative Unicode/case/whitespace/punctuation normalization only.
интерьер скорпион	интерьер скорпион	QG_7c2227783403	NONE	Conservative Unicode/case/whitespace/punctuation normalization only.
инь ян	инь ян	QG_ee14b56dc4a8	NONE	Conservative Unicode/case/whitespace/punctuation normalization only.
инь ян конверт	инь ян конверт	QG_be644c121194	NONE	Conservative Unicode/case/whitespace/punctuation normalization only.
инь ян свечи	инь ян свечи	QG_13ca25562319	NONE	Conservative Unicode/case/whitespace/punctuation normalization only.
инь ян ткань	инь ян ткань	QG_bc55bf517492	NONE	Conservative Unicode/case/whitespace/punctuation normalization only.
инь янь	инь янь	QG_547009afd2ba	NONE	Conservative Unicode/case/whitespace/punctuation normalization only.
инь янь на машину	инь янь на машину	QG_c659d073323f	NONE	Conservative Unicode/case/whitespace/punctuation normalization only.
инь янь эмблема	инь янь эмблема	QG_b7b822b5bdf1	NONE	Conservative Unicode/case/whitespace/punctuation normalization only.
иоанн хозевит	иоанн хозевит	QG_72eace704213	NONE	Conservative Unicode/case/whitespace/punctuation normalization only.
ищу хозяина подвеска	ищу хозяина подвеска	QG_9631240fd76d	NONE	Conservative Unicode/case/whitespace/punctuation normalization only.
йогиня	йогиня	QG_48b4237561f4	NONE	Conservative Unicode/case/whitespace/punctuation normalization only.
калаврат	калаврат	QG_75ddbf023086	NONE	Conservative Unicode/case/whitespace/punctuation normalization only.
календарь карманный знаки зодиака	календарь карманный знаки зодиака	QG_dfe802db2a5a	NONE	Conservative Unicode/case/whitespace/punctuation normalization only.
камень весы зодиака	камень весы зодиака	QG_9922816b7782	NONE	Conservative Unicode/case/whitespace/punctuation normalization only.
камень для близнецов	камень для близнецов	QG_c49b37672e53	NONE	Conservative Unicode/case/whitespace/punctuation normalization only.
камень скорпиона подвеска	камень скорпиона подвеска	QG_0b5e9d849012	NONE	Conservative Unicode/case/whitespace/punctuation normalization only.
камень талисман в машину	камень талисман в машину	QG_59213fb0f90b	NONE	Conservative Unicode/case/whitespace/punctuation normalization only.
камни близнец знак зодиака	камни близнец знак зодиака	QG_833aefd76bf7	NONE	Conservative Unicode/case/whitespace/punctuation normalization only.
камни талисманы скорпионы	камни талисманы скорпионы	QG_e241ae353303	NONE	Conservative Unicode/case/whitespace/punctuation normalization only.
карманные календари знак зодиак рак	карманные календари знак зодиак рак	QG_17315d829e46	NONE	Conservative Unicode/case/whitespace/punctuation normalization only.
картина богиня мара	картина богиня мара	QG_bd98b8ecd70a	NONE	Conservative Unicode/case/whitespace/punctuation normalization only.
картина для знака зодиака дева мужская	картина для знака зодиака дева мужская	QG_30d038042d12	NONE	Conservative Unicode/case/whitespace/punctuation normalization only.
картина стрибо	картина стрибо	QG_c0bf432c1c61	NONE	Conservative Unicode/case/whitespace/punctuation normalization only.
картины со знаком зодиака козерог	картины со знаком зодиака козерог	QG_48c43bb8b0c5	NONE	Conservative Unicode/case/whitespace/punctuation normalization only.
качественные чётки	качественные четки	QG_b1954ba4e176	NONE	Conservative Unicode/case/whitespace/punctuation normalization only.
келейная книжица иоанна крестьянина молитва	келейная книжица иоанна крестьянина молитва	QG_1bb099b6c047	NONE	Conservative Unicode/case/whitespace/punctuation normalization only.
кепка мужская стре	кепка мужская стре	QG_2e4001397fb2	NONE	Conservative Unicode/case/whitespace/punctuation normalization only.
кимоно боевое самбо в машину на зеркало	кимоно боевое самбо в машину на зеркало	QG_4a07e2035c9f	NONE	Conservative Unicode/case/whitespace/punctuation normalization only.
кимоно в машину на зеркало самбо	кимоно в машину на зеркало самбо	QG_004af4d6f7b1	NONE	Conservative Unicode/case/whitespace/punctuation normalization only.
китайская подвеска талисман	китайская подвеска талисман	QG_29d1bf3b3f73	NONE	Conservative Unicode/case/whitespace/punctuation normalization only.
китайский талисман в машину	китайский талисман в машину	QG_0675e55de6ca	NONE	Conservative Unicode/case/whitespace/punctuation normalization only.
книга подвеска в машину	книга подвеска в машину	QG_6d96c29cb7c4	NONE	Conservative Unicode/case/whitespace/punctuation normalization only.
книга чернобог	книга чернобог	QG_c41cea9f0f4b	NONE	Conservative Unicode/case/whitespace/punctuation normalization only.
коз брелок	коз брелок	QG_486fcd2cd093	NONE	Conservative Unicode/case/whitespace/punctuation normalization only.
коза подвеска в машину	коза подвеска в машину	QG_91dcefd71b0c	NONE	Conservative Unicode/case/whitespace/punctuation normalization only.
коза полвеска	коза полвеска	QG_cfddf56f10bb	NONE	Conservative Unicode/case/whitespace/punctuation normalization only.
козаки	козаки	QG_6b799541dde2	NONE	Conservative Unicode/case/whitespace/punctuation normalization only.
козерог	козерог	QG_82dbf0b52a11	NONE	Conservative Unicode/case/whitespace/punctuation normalization only.
козерог авто	козерог авто	QG_b410bd826cf6	NONE	Conservative Unicode/case/whitespace/punctuation normalization only.
козерог из серебра	козерог из серебра	QG_a0ffb0dad33b	NONE	Conservative Unicode/case/whitespace/punctuation normalization only.
козерог мужской	козерог мужской	QG_c782688e8fde	NONE	Conservative Unicode/case/whitespace/punctuation normalization only.
козерог на автомобиль	козерог на автомобиль	QG_4728eb2ef834	NONE	Conservative Unicode/case/whitespace/punctuation normalization only.
козерог на боковые зеркало	козерог на боковые зеркало	QG_0cdb4fcbf2dd	NONE	Conservative Unicode/case/whitespace/punctuation normalization only.
козерог на зеркало тайота прадо	козерог на зеркало тайота прадо	QG_490a03d3abb9	NONE	Conservative Unicode/case/whitespace/punctuation normalization only.
козерог на зеркало фх	козерог на зеркало фх	QG_8c34a868826d	NONE	Conservative Unicode/case/whitespace/punctuation normalization only.
козерог подарок	козерог подарок	QG_7c867c9f275b	NONE	Conservative Unicode/case/whitespace/punctuation normalization only.
козерог подвеска	козерог подвеска	QG_73a0dab936cf	NONE	Conservative Unicode/case/whitespace/punctuation normalization only.
козерог подвеска мериада	козерог подвеска мериада	QG_7aa011209dd1	NONE	Conservative Unicode/case/whitespace/punctuation normalization only.
коловрат	коловрат	QG_38ea3863b2cb	NONE	Conservative Unicode/case/whitespace/punctuation normalization only.
коловрат cd	коловрат cd	QG_79926c83dc32	NONE	Conservative Unicode/case/whitespace/punctuation normalization only.
коловрат амулет	коловрат амулет	QG_a8ced0369bc7	NONE	Conservative Unicode/case/whitespace/punctuation normalization only.
коловрат браслет	коловрат браслет	QG_296123814890	NONE	Conservative Unicode/case/whitespace/punctuation normalization only.
коловрат брелок	коловрат брелок	QG_01e0ef7aaccd	NONE	Conservative Unicode/case/whitespace/punctuation normalization only.
коловрат в машину	коловрат в машину	QG_ee44c0e0e80b	NONE	Conservative Unicode/case/whitespace/punctuation normalization only.
коловрат в машину на зеркало	коловрат в машину на зеркало	QG_0e80b6c54feb	NONE	Conservative Unicode/case/whitespace/punctuation normalization only.
коловрат оберег	коловрат оберег	QG_547c8a58da80	NONE	Conservative Unicode/case/whitespace/punctuation normalization only.
коловрат оберег в машину	коловрат оберег в машину	QG_f31a1d7f0763	NONE	Conservative Unicode/case/whitespace/punctuation normalization only.
коловрат оберег на стену	коловрат оберег на стену	QG_6f72c7a7b9cb	NONE	Conservative Unicode/case/whitespace/punctuation normalization only.
коловрат оберег славянские мужские	коловрат оберег славянские мужские	QG_505c5b244683	NONE	Conservative Unicode/case/whitespace/punctuation normalization only.
коловрат подвеска	коловрат подвеска	QG_8e41020ea4b0	NONE	Conservative Unicode/case/whitespace/punctuation normalization only.
коловрат славянский	коловрат славянский	QG_ba290a0f41ec	NONE	Conservative Unicode/case/whitespace/punctuation normalization only.
коловрат славянский в машину	коловрат славянский в машину	QG_266a952dee76	NONE	Conservative Unicode/case/whitespace/punctuation normalization only.
колокольчик оберег в машину стрелец	колокольчик оберег в машину стрелец	QG_a423fb40eb6e	NONE	Conservative Unicode/case/whitespace/punctuation normalization only.
колонки в машину скорпионы	колонки в машину скорпионы	QG_ba28fe1fc72a	NONE	Conservative Unicode/case/whitespace/punctuation normalization only.
колье близнецы на шею	колье близнецы на шею	QG_6be49e707d90	NONE	Conservative Unicode/case/whitespace/punctuation normalization only.
колье,ожерельекулон знаки зодиака	колье , ожерельекулон знаки зодиака	QG_098741aed680	NONE	Conservative Unicode/case/whitespace/punctuation normalization only.
кольцо инь ян	кольцо инь ян	QG_6995faecd703	NONE	Conservative Unicode/case/whitespace/punctuation normalization only.
кольцо ратиборец	кольцо ратиборец	QG_20b2b609a6ee	NONE	Conservative Unicode/case/whitespace/punctuation normalization only.
кольцо со знаком зодиака дева	кольцо со знаком зодиака дева	QG_a517c0af0b29	NONE	Conservative Unicode/case/whitespace/punctuation normalization only.
кольцо чернобога	кольцо чернобога	QG_e49a19689f04	NONE	Conservative Unicode/case/whitespace/punctuation normalization only.
колядник оберег	колядник оберег	QG_6f9a68a68305	NONE	Conservative Unicode/case/whitespace/punctuation normalization only.
компас вегвизир	компас вегвизир	QG_3a5a8a6dc476	NONE	Conservative Unicode/case/whitespace/punctuation normalization only.
комплект	комплект	QG_7793eb42756c	NONE	Conservative Unicode/case/whitespace/punctuation normalization only.
кому в шлем	кому в шлем	QG_03542a08fc74	NONE	Conservative Unicode/case/whitespace/punctuation normalization only.
коннектор стрелец	коннектор стрелец	QG_9069af0ab4fe	NONE	Conservative Unicode/case/whitespace/punctuation normalization only.
коп гунгнир один	коп гунгнир один	QG_eb2795d0f3fc	NONE	Conservative Unicode/case/whitespace/punctuation normalization only.
копй для зеркал	копй для зеркал	QG_b9d200478e51	NONE	Conservative Unicode/case/whitespace/punctuation normalization only.
копъё	копъе	QG_8f45a1a4f898	NONE	Conservative Unicode/case/whitespace/punctuation normalization only.
копье	копье	QG_5242c948fe83	NONE	Conservative Unicode/case/whitespace/punctuation normalization only.
копье 1/12	копье 1/12	QG_08af693fcef9	NONE	Conservative Unicode/case/whitespace/punctuation normalization only.
копье дерева 200 см	копье дерева 200 см	QG_77dde9de4a58	NONE	Conservative Unicode/case/whitespace/punctuation normalization only.
копье ммг	копье ммг	QG_91b71a57d827	NONE	Conservative Unicode/case/whitespace/punctuation normalization only.
копья деревянные	копья деревянные	QG_a74c8d357c3a	NONE	Conservative Unicode/case/whitespace/punctuation normalization only.
копьё	копье	QG_5242c948fe83	NONE	Conservative Unicode/case/whitespace/punctuation normalization only.
копьё бога	копье бога	QG_12cd33e065a7	NONE	Conservative Unicode/case/whitespace/punctuation normalization only.
коробочка в машину	коробочка в машину	QG_abbdd0296477	NONE	Conservative Unicode/case/whitespace/punctuation normalization only.
коробочки 12 см дерево	коробочки 12 см дерево	QG_1d7382cf90e6	NONE	Conservative Unicode/case/whitespace/punctuation normalization only.
костюм мужской водолей	костюм мужской водолей	QG_1da8bf0e6f3d	NONE	Conservative Unicode/case/whitespace/punctuation normalization only.
костюм мужской старославянский	костюм мужской старославянский	QG_628f0c3dccef	NONE	Conservative Unicode/case/whitespace/punctuation normalization only.
кофта с коловратом	кофта с коловратом	QG_d07840e824fb	NONE	Conservative Unicode/case/whitespace/punctuation normalization only.
красивая подвеска в машину для	красивая подвеска в машину для	QG_e07357742b9c	NONE	Conservative Unicode/case/whitespace/punctuation normalization only.
красивая подвеска на авто	красивая подвеска на авто	QG_1b1815bc916c	NONE	Conservative Unicode/case/whitespace/punctuation normalization only.
красивые зеркало в авто	красивые зеркало в авто	QG_899c2bd384d6	NONE	Conservative Unicode/case/whitespace/punctuation normalization only.
красный самурайский	красный самурайский	QG_2627194dcc87	NONE	Conservative Unicode/case/whitespace/punctuation normalization only.
крес в машину	крес в машину	QG_03fe2df01a30	NONE	Conservative Unicode/case/whitespace/punctuation normalization only.
крест а зеркало в машину	крест а зеркало в машину	QG_06bfb26c3232	NONE	Conservative Unicode/case/whitespace/punctuation normalization only.
крест в машинв	крест в машинв	QG_118b8072e3d0	NONE	Conservative Unicode/case/whitespace/punctuation normalization only.
крест в машину	крест в машину	QG_c1d6370f2e16	NONE	Conservative Unicode/case/whitespace/punctuation normalization only.
крест в машину на зеркало	крест в машину на зеркало	QG_d1a23d9bff80	NONE	Conservative Unicode/case/whitespace/punctuation normalization only.
крест в машину на зеркало армянский двухсторону	крест в машину на зеркало армянский двухсторону	QG_8358196cbfa9	NONE	Conservative Unicode/case/whitespace/punctuation normalization only.
крест в машину на зеркало не доинный	крест в машину на зеркало не доинный	QG_29a5ff0b53bb	NONE	Conservative Unicode/case/whitespace/punctuation normalization only.
крест в машину на зеркало серый	крест в машину на зеркало серый	QG_e67e1a9b4bfc	NONE	Conservative Unicode/case/whitespace/punctuation normalization only.
крест в машину на зеркало хрестианский металлическмй	крест в машину на зеркало хрестианский металлическмй	QG_5dc903921978	NONE	Conservative Unicode/case/whitespace/punctuation normalization only.
крест в машину освященный православный на зеркало	крест в машину освященный православный на зеркало	QG_1951500e5a3e	NONE	Conservative Unicode/case/whitespace/punctuation normalization only.
крест деревянны в машину на зеркало	крест деревянны в машину на зеркало	QG_b90e5539504e	NONE	Conservative Unicode/case/whitespace/punctuation normalization only.
крест деревянный в авто	крест деревянный в авто	QG_2631565fa924	NONE	Conservative Unicode/case/whitespace/punctuation normalization only.
крест зеркало	крест зеркало	QG_9017ee8ccbf3	NONE	Conservative Unicode/case/whitespace/punctuation normalization only.
крест на машину на зеркало	крест на машину на зеркало	QG_bfeef168ca61	NONE	Conservative Unicode/case/whitespace/punctuation normalization only.
крест славян	крест славян	QG_acf388391391	NONE	Conservative Unicode/case/whitespace/punctuation normalization only.
крест славянский оберег	крест славянский оберег	QG_550388cf35a4	NONE	Conservative Unicode/case/whitespace/punctuation normalization only.
крестик в машину на зеркало освешеный	крестик в машину на зеркало освешеный	QG_da6cba10a1d0	NONE	Conservative Unicode/case/whitespace/punctuation normalization only.
крестик в машину на зеркало освященный дивеево	крестик в машину на зеркало освященный дивеево	QG_5a89f500014a	NONE	Conservative Unicode/case/whitespace/punctuation normalization only.
крестик деревянный в машину	крестик деревянный в машину	QG_22a7d0a59a24	NONE	Conservative Unicode/case/whitespace/punctuation normalization only.
кровь дерево подвеска на шею	кровь дерево подвеска на шею	QG_ac1fb7d9da24	NONE	Conservative Unicode/case/whitespace/punctuation normalization only.
кровь и песок оберег	кровь и песок оберег	QG_ff1f9d79fe0b	NONE	Conservative Unicode/case/whitespace/punctuation normalization only.
кролик стрелец и	кролик стрелец и	QG_5cd843750fad	NONE	Conservative Unicode/case/whitespace/punctuation normalization only.
крона	крона	QG_85d1cd38d373	NONE	Conservative Unicode/case/whitespace/punctuation normalization only.
кросовславянские	кросовславянские	QG_1990fc8f2709	NONE	Conservative Unicode/case/whitespace/punctuation normalization only.
круглая подвеска кристиансеаямв машину	круглая подвеска кристиансеаямв машину	QG_fe152eb6edbd	NONE	Conservative Unicode/case/whitespace/punctuation normalization only.
кружка для близнеца	кружка для близнеца	QG_f437be9c5fb7	NONE	Conservative Unicode/case/whitespace/punctuation normalization only.
кружка перун	кружка перун	QG_79894f2f4a5a	NONE	Conservative Unicode/case/whitespace/punctuation normalization only.
крутящийся ароматизатор в машину подвеска на зеркало	крутящийся ароматизатор в машину подвеска на зеркало	QG_ceab275d3696	NONE	Conservative Unicode/case/whitespace/punctuation normalization only.
крюковая подвеска сувенир в машину	крюковая подвеска сувенир в машину	QG_f67915f2e3fe	NONE	Conservative Unicode/case/whitespace/punctuation normalization only.
кулон авто	кулон авто	QG_00eb80227584	NONE	Conservative Unicode/case/whitespace/punctuation normalization only.
кулон автомобиль	кулон автомобиль	QG_e4ac4e16c701	NONE	Conservative Unicode/case/whitespace/punctuation normalization only.
кулон близнец	кулон близнец	QG_6b9ea9e82682	NONE	Conservative Unicode/case/whitespace/punctuation normalization only.
кулон в автомобиль	кулон в автомобиль	QG_fe39b9c089ed	NONE	Conservative Unicode/case/whitespace/punctuation normalization only.
кулон в автомобиль на зеркало	кулон в автомобиль на зеркало	QG_8f842d9c74b0	NONE	Conservative Unicode/case/whitespace/punctuation normalization only.
кулон в машину	кулон в машину	QG_b0957d2885f4	NONE	Conservative Unicode/case/whitespace/punctuation normalization only.
кулон в машину женский на зеркало	кулон в машину женский на зеркало	QG_f0b5e689af00	NONE	Conservative Unicode/case/whitespace/punctuation normalization only.
кулон дева в машину	кулон дева в машину	QG_4450e2f7decb	NONE	Conservative Unicode/case/whitespace/punctuation normalization only.
кулон зеркало оберег	кулон зеркало оберег	QG_c44989967432	NONE	Conservative Unicode/case/whitespace/punctuation normalization only.
кулон зеркалом со знаком рак зеркало	кулон зеркалом со знаком рак зеркало	QG_050c33f53648	NONE	Conservative Unicode/case/whitespace/punctuation normalization only.
кулон знак зодиака весы с цепочкой	кулон знак зодиака весы с цепочкой	QG_fc870d4e1097	NONE	Conservative Unicode/case/whitespace/punctuation normalization only.
кулон зодиака	кулон зодиака	QG_c63b1597617f	NONE	Conservative Unicode/case/whitespace/punctuation normalization only.
кулон зодиакальный козерог	кулон зодиакальный козерог	QG_c6d32ac236ac	NONE	Conservative Unicode/case/whitespace/punctuation normalization only.
кулон из рак	кулон из рак	QG_3b452a6bdf25	NONE	Conservative Unicode/case/whitespace/punctuation normalization only.
кулон коловрат	кулон коловрат	QG_9e83b7b92ee9	NONE	Conservative Unicode/case/whitespace/punctuation normalization only.
кулон мужской зеркало	кулон мужской зеркало	QG_d9d8d8ea5605	NONE	Conservative Unicode/case/whitespace/punctuation normalization only.
кулон мужской на шею рак	кулон мужской на шею рак	QG_3df7b894ffad	NONE	Conservative Unicode/case/whitespace/punctuation normalization only.
кулон мужской рыбы	кулон мужской рыбы	QG_4c91279be403	NONE	Conservative Unicode/case/whitespace/punctuation normalization only.
кулон на зеркало автомобиля	кулон на зеркало автомобиля	QG_a1dc72f91abb	NONE	Conservative Unicode/case/whitespace/punctuation normalization only.
кулон на зеркало в машину	кулон на зеркало в машину	QG_aaff343a552d	NONE	Conservative Unicode/case/whitespace/punctuation normalization only.
кулон на шею для мальчика знак зодиака	кулон на шею для мальчика знак зодиака	QG_adf54f766189	NONE	Conservative Unicode/case/whitespace/punctuation normalization only.
кулон оеребро телец	кулон оеребро телец	QG_4e01ab9a40ec	NONE	Conservative Unicode/case/whitespace/punctuation normalization only.
кулон подвеска телец мужской	кулон подвеска телец мужской	QG_d3ddc7f402c8	NONE	Conservative Unicode/case/whitespace/punctuation normalization only.
кулон рода славянский	кулон рода славянский	QG_b4721eeb2478	NONE	Conservative Unicode/case/whitespace/punctuation normalization only.
кулон с рыбами	кулон с рыбами	QG_0d5a673d2b7e	NONE	Conservative Unicode/case/whitespace/punctuation normalization only.
кулон семергал	кулон семергал	QG_4b87cb64f460	NONE	Conservative Unicode/case/whitespace/punctuation normalization only.
кулон скорпион мужской на шею	кулон скорпион мужской на шею	QG_730523bc03fb	NONE	Conservative Unicode/case/whitespace/punctuation normalization only.
кулон славянские	кулон славянские	QG_57468a990497	NONE	Conservative Unicode/case/whitespace/punctuation normalization only.
кулон череп телец	кулон череп телец	QG_0c9e3a8ef29a	NONE	Conservative Unicode/case/whitespace/punctuation normalization only.
кулон четки	кулон четки	QG_3c193a1e2bce	NONE	Conservative Unicode/case/whitespace/punctuation normalization only.
кулончик в машину	кулончик в машину	QG_ce81cb7afeca	NONE	Conservative Unicode/case/whitespace/punctuation normalization only.
кулончик весы	кулончик весы	QG_8b5e4ae98f75	NONE	Conservative Unicode/case/whitespace/punctuation normalization only.
кулончик зеркало оберег	кулончик зеркало оберег	QG_1024aad0290e	NONE	Conservative Unicode/case/whitespace/punctuation normalization only.
кулончик с зеркалом оберег	кулончик с зеркалом оберег	QG_4fa49443390b	NONE	Conservative Unicode/case/whitespace/punctuation normalization only.
кулончик с машинкой	кулончик с машинкой	QG_a2adc4ac31f4	NONE	Conservative Unicode/case/whitespace/punctuation normalization only.
кулончики в машину	кулончики в машину	QG_400dc4e0fb16	NONE	Conservative Unicode/case/whitespace/punctuation normalization only.
кулоны амулеты	кулоны амулеты	QG_3d4ffe88ca54	NONE	Conservative Unicode/case/whitespace/punctuation normalization only.
кулоны близницы	кулоны близницы	QG_6ed97afb5d68	NONE	Conservative Unicode/case/whitespace/punctuation normalization only.
кулоны зеркальные обереги	кулоны зеркальные обереги	QG_f25f0ef98513	NONE	Conservative Unicode/case/whitespace/punctuation normalization only.
кулоны знаки зодиака набор	кулоны знаки зодиака набор	QG_9e8e8f9e97dd	NONE	Conservative Unicode/case/whitespace/punctuation normalization only.
кулоны обереги	кулоны обереги	QG_e5fc85b26d1f	NONE	Conservative Unicode/case/whitespace/punctuation normalization only.
кумит бога перуна	кумит бога перуна	QG_697d79af41d2	NONE	Conservative Unicode/case/whitespace/punctuation normalization only.
купить амулет	купить амулет	QG_dbdbe103ed5b	NONE	Conservative Unicode/case/whitespace/punctuation normalization only.
купить знак рака	купить знак рака	QG_16344e1644f4	NONE	Conservative Unicode/case/whitespace/punctuation normalization only.
купить подвеску на зеркало в машину	купить подвеску на зеркало в машину	QG_f3fac8e7ac75	NONE	Conservative Unicode/case/whitespace/punctuation normalization only.
купить раков	купить раков	QG_dce42a36d835	NONE	Conservative Unicode/case/whitespace/punctuation normalization only.
купить славянского бога род подвеску	купить славянского бога род подвеску	QG_742759a7f66d	NONE	Conservative Unicode/case/whitespace/punctuation normalization only.
лада оберег	лада оберег	QG_383334f86e97	NONE	Conservative Unicode/case/whitespace/punctuation normalization only.
ладанка оберег в машину на зеркало	ладанка оберег в машину на зеркало	QG_1cea4f433359	NONE	Conservative Unicode/case/whitespace/punctuation normalization only.
лампа подвеска в машину	лампа подвеска в машину	QG_e175f9dbbf34	NONE	Conservative Unicode/case/whitespace/punctuation normalization only.
лапа орлиная настоящая в машину на зеркало	лапа орлиная настоящая в машину на зеркало	QG_4e50de1852d4	NONE	Conservative Unicode/case/whitespace/punctuation normalization only.
лев	лев	QG_b0f63ddd4255	NONE	Conservative Unicode/case/whitespace/punctuation normalization only.
лев в машину на панель	лев в машину на панель	QG_4a565e7b0b15	NONE	Conservative Unicode/case/whitespace/punctuation normalization only.
лев в машину с креплением	лев в машину с креплением	QG_a9341f6441a3	NONE	Conservative Unicode/case/whitespace/punctuation normalization only.
лего машина не сло	лего машина не сло	QG_ac96b4c496a9	NONE	Conservative Unicode/case/whitespace/punctuation normalization only.
лист марихуаны подвеска в машину на зеркало	лист марихуаны подвеска в машину на зеркало	QG_18630a64fc98	NONE	Conservative Unicode/case/whitespace/punctuation normalization only.
ловец снов в машину	ловец снов в машину	QG_95cb7c6f85a0	NONE	Conservative Unicode/case/whitespace/punctuation normalization only.
ловец снов в машину мужской	ловец снов в машину мужской	QG_d87afe522180	NONE	Conservative Unicode/case/whitespace/punctuation normalization only.
ловец снов рыбы	ловец снов рыбы	QG_ed0fd93475cf	NONE	Conservative Unicode/case/whitespace/punctuation normalization only.
льняная рубашка старославянская	льняная рубашка старославянская	QG_7805c7399d22	NONE	Conservative Unicode/case/whitespace/punctuation normalization only.
люстра в виде инь янь	люстра в виде инь янь	QG_c99b156c44f8	NONE	Conservative Unicode/case/whitespace/punctuation normalization only.
"магазин ""стрелец"""	"магазин ""стрелец"	QG_397de5e1aa4a	NONE	Conservative Unicode/case/whitespace/punctuation normalization only.
магические	магические	QG_efe125fc9054	NONE	Conservative Unicode/case/whitespace/punctuation normalization only.
магические атрибуты	магические атрибуты	QG_66b69487f2df	NONE	Conservative Unicode/case/whitespace/punctuation normalization only.
магические подвески	магические подвески	QG_abeac66651c4	NONE	Conservative Unicode/case/whitespace/punctuation normalization only.
магические четки	магические четки	QG_464d89d76890	NONE	Conservative Unicode/case/whitespace/punctuation normalization only.
магический амулет, молвинец оберег	магический амулет , молвинец оберег	QG_c23318f1ee55	NONE	Conservative Unicode/case/whitespace/punctuation normalization only.
магический амулет, оберег	магический амулет , оберег	QG_914e5399ac16	NONE	Conservative Unicode/case/whitespace/punctuation normalization only.
магическое зеркало	магическое зеркало	QG_32536503dafc	NONE	Conservative Unicode/case/whitespace/punctuation normalization only.
магическое зеркало подвеска	магическое зеркало подвеска	QG_e8c01c3493a9	NONE	Conservative Unicode/case/whitespace/punctuation normalization only.
магия	магия	QG_aa3ddb0cf755	NONE	Conservative Unicode/case/whitespace/punctuation normalization only.
магия оберег защитник	магия оберег защитник	QG_3ab2460fe0be	NONE	Conservative Unicode/case/whitespace/punctuation normalization only.
майка валькнут	майка валькнут	QG_ffc8e8c3b0a1	NONE	Conservative Unicode/case/whitespace/punctuation normalization only.
майки со знаком зодиака дева	майки со знаком зодиака дева	QG_10334117e512	NONE	Conservative Unicode/case/whitespace/punctuation normalization only.
макошь	макошь	QG_3fe19649e6c9	NONE	Conservative Unicode/case/whitespace/punctuation normalization only.
макошь доска	макошь доска	QG_e90d36ab09c5	NONE	Conservative Unicode/case/whitespace/punctuation normalization only.
макошь оберег	макошь оберег	QG_8870eb406bfb	NONE	Conservative Unicode/case/whitespace/punctuation normalization only.
макошь славянский оберег	макошь славянский оберег	QG_cb640eed8193	NONE	Conservative Unicode/case/whitespace/punctuation normalization only.
маленький кулон овен	маленький кулон овен	QG_5bfc09311683	NONE	Conservative Unicode/case/whitespace/punctuation normalization only.
маленький оберев машину	маленький оберев машину	QG_13a4849e9171	NONE	Conservative Unicode/case/whitespace/punctuation normalization only.
мара	мара	QG_a6fe0dda6074	NONE	Conservative Unicode/case/whitespace/punctuation normalization only.
маска близнецы	маска близнецы	QG_e1c682892a38	NONE	Conservative Unicode/case/whitespace/punctuation normalization only.
машина уипочка	машина уипочка	QG_24db284ae07e	NONE	Conservative Unicode/case/whitespace/punctuation normalization only.
машина-дева	машина - дева	QG_f5e896ca3026	NONE	Conservative Unicode/case/whitespace/punctuation normalization only.
машинка минивен с подвеской на крыше	машинка минивен с подвеской на крыше	QG_739b443bc2dc	NONE	Conservative Unicode/case/whitespace/punctuation normalization only.
машинка раковый	машинка раковый	QG_fe5b1b745546	NONE	Conservative Unicode/case/whitespace/punctuation normalization only.
машинка янд	машинка янд	QG_12bd7a1cd1a6	NONE	Conservative Unicode/case/whitespace/punctuation normalization only.
машинки с подвеской	машинки с подвеской	QG_8f28ce00aa68	NONE	Conservative Unicode/case/whitespace/punctuation normalization only.
машинки хотвилс монст трак рыбы	машинки хотвилс монст трак рыбы	QG_d4832c12301c	NONE	Conservative Unicode/case/whitespace/punctuation normalization only.
машину подвеска	машину подвеска	QG_f912fc526518	NONE	Conservative Unicode/case/whitespace/punctuation normalization only.
машину четки	машину четки	QG_81859ea8ff4b	NONE	Conservative Unicode/case/whitespace/punctuation normalization only.
машины на зеркало хк локомотив	машины на зеркало хк локомотив	QG_09e84bdacf0d	NONE	Conservative Unicode/case/whitespace/punctuation normalization only.
машины с подвеской	машины с подвеской	QG_207e772b62e2	NONE	Conservative Unicode/case/whitespace/punctuation normalization only.
машины четкины машины	машины четкины машины	QG_f43394b7a377	NONE	Conservative Unicode/case/whitespace/punctuation normalization only.
медальон вдв в машину на зеркало	медальон вдв в машину на зеркало	QG_780d9e031e70	NONE	Conservative Unicode/case/whitespace/punctuation normalization only.
медальон козерог	медальон козерог	QG_0a1e26ed5d7d	NONE	Conservative Unicode/case/whitespace/punctuation normalization only.
медальон старославянская	медальон старославянская	QG_56c6f47da7db	NONE	Conservative Unicode/case/whitespace/punctuation normalization only.
медведь gac плюшевый в машину на зеркало	медведь gac плюшевый в машину на зеркало	QG_9987e6440e42	NONE	Conservative Unicode/case/whitespace/punctuation normalization only.
межславянский	межславянский	QG_1e75c7bf4efb	NONE	Conservative Unicode/case/whitespace/punctuation normalization only.
меловые ароматизаторы в автомобиль подвеска на зеркало	меловые ароматизаторы в автомобиль подвеска на зеркало	QG_e9aca59ad9b6	NONE	Conservative Unicode/case/whitespace/punctuation normalization only.
мелонг зеркало	мелонг зеркало	QG_09ffe9f4b7b8	NONE	Conservative Unicode/case/whitespace/punctuation normalization only.
металлическая подвеска в машину на зеркало hongoi	металлическая подвеска в машину на зеркало hongoi	QG_9a1e78f67df1	NONE	Conservative Unicode/case/whitespace/punctuation normalization only.
метла оберег	метла оберег	QG_761e2df063c4	NONE	Conservative Unicode/case/whitespace/punctuation normalization only.
методическая подвеска рекстон на зеркало	методическая подвеска рекстон на зеркало	QG_4f5abf623de7	NONE	Conservative Unicode/case/whitespace/punctuation normalization only.
мешочек со смехом подвеска в машину	мешочек со смехом подвеска в машину	QG_e9a01280e2e5	NONE	Conservative Unicode/case/whitespace/punctuation normalization only.
мимо меня обереги	мимо меня обереги	QG_3b09eea19de4	NONE	Conservative Unicode/case/whitespace/punctuation normalization only.
мини подвеска оберег	мини подвеска оберег	QG_c31a143eb386	NONE	Conservative Unicode/case/whitespace/punctuation normalization only.
мир старославянской	мир старославянской	QG_686d1d138029	NONE	Conservative Unicode/case/whitespace/punctuation normalization only.
мконка оберег в машину на зеркало круглая	мконка оберег в машину на зеркало круглая	QG_bbc0fdb80690	NONE	Conservative Unicode/case/whitespace/punctuation normalization only.
молвинец в	молвинец в	QG_a33c521d4235	NONE	Conservative Unicode/case/whitespace/punctuation normalization only.
молвинец золотой	молвинец золотой	QG_6fdb13f26a99	NONE	Conservative Unicode/case/whitespace/punctuation normalization only.
молвинец оберег	молвинец оберег	QG_f9ba04bc15ea	NONE	Conservative Unicode/case/whitespace/punctuation normalization only.
молд белобог	молд белобог	QG_fc5b8598eb6c	NONE	Conservative Unicode/case/whitespace/punctuation normalization only.
молд берегиня макошь	молд берегиня макошь	QG_6f985db9fb0e	NONE	Conservative Unicode/case/whitespace/punctuation normalization only.
молд водолей	молд водолей	QG_6d991f739a8c	NONE	Conservative Unicode/case/whitespace/punctuation normalization only.
молд козерог	молд козерог	QG_998da9043488	NONE	Conservative Unicode/case/whitespace/punctuation normalization only.
молитва	молитва	QG_9f7533e5953c	NONE	Conservative Unicode/case/whitespace/punctuation normalization only.
молитва оберег в дом	молитва оберег в дом	QG_bc516c3ebae3	NONE	Conservative Unicode/case/whitespace/punctuation normalization only.
молитвой деревянный православный	молитвой деревянный православный	QG_1898ebc2f8e8	NONE	Conservative Unicode/case/whitespace/punctuation normalization only.
молитвы	молитвы	QG_ab906b4944ef	NONE	Conservative Unicode/case/whitespace/punctuation normalization only.
молитвы о детях православные даниленко	молитвы о детях православные даниленко	QG_6e24deaa5091	NONE	Conservative Unicode/case/whitespace/punctuation normalization only.
молот сварога подвеска	молот сварога подвеска	QG_e042fc51b9f7	NONE	Conservative Unicode/case/whitespace/punctuation normalization only.
монстры на кан кулах подвеска в машину	монстры на кан кулах подвеска в машину	QG_a968694b5c6d	NONE	Conservative Unicode/case/whitespace/punctuation normalization only.
мотоцикл подвеска в машину	мотоцикл подвеска в машину	QG_1a767e26342a	NONE	Conservative Unicode/case/whitespace/punctuation normalization only.
мощные амулеты	мощные амулеты	QG_8cd3f096c06f	NONE	Conservative Unicode/case/whitespace/punctuation normalization only.
мужская подвеска на зеркало в машину	мужская подвеска на зеркало в машину	QG_0b302b32bd62	NONE	Conservative Unicode/case/whitespace/punctuation normalization only.
мужской кулон инь ян	мужской кулон инь ян	QG_e60bd7a59cdf	NONE	Conservative Unicode/case/whitespace/punctuation normalization only.
мужской кулон рыба	мужской кулон рыба	QG_ce2990596638	NONE	Conservative Unicode/case/whitespace/punctuation normalization only.
мужской талисман на шею	мужской талисман на шею	QG_9bb68217576e	NONE	Conservative Unicode/case/whitespace/punctuation normalization only.
мусульманская подвеска в машину тюбетейка	мусульманская подвеска в машину тюбетейка	QG_3281f171f478	NONE	Conservative Unicode/case/whitespace/punctuation normalization only.
мусульманский оберег	мусульманский оберег	QG_f20a1efa1ef4	NONE	Conservative Unicode/case/whitespace/punctuation normalization only.
мусульманский оберег брелок на автомобиль	мусульманский оберег брелок на автомобиль	QG_f5efd202d66f	NONE	Conservative Unicode/case/whitespace/punctuation normalization only.
мусульманский оберег в машину	мусульманский оберег в машину	QG_da2e64fea685	NONE	Conservative Unicode/case/whitespace/punctuation normalization only.
мусульманский оберег в машину на клею	мусульманский оберег в машину на клею	QG_4046eab69c70	NONE	Conservative Unicode/case/whitespace/punctuation normalization only.
мусульманский оберег на веревочке	мусульманский оберег на веревочке	QG_61578f80e0ee	NONE	Conservative Unicode/case/whitespace/punctuation normalization only.
мусульманский талисман нс зеркало	мусульманский талисман нс зеркало	QG_f445966b2881	NONE	Conservative Unicode/case/whitespace/punctuation normalization only.
мыло стрелец	мыло стрелец	QG_b713150cfb32	NONE	Conservative Unicode/case/whitespace/punctuation normalization only.
мячик мягкий в машину на зеркало смайлик	мячик мягкий в машину на зеркало смайлик	QG_f46b8abc380d	NONE	Conservative Unicode/case/whitespace/punctuation normalization only.
на дифлектоп араматизатор в машину знак задиака	на дифлектоп араматизатор в машину знак задиака	QG_c1633f3edea0	NONE	Conservative Unicode/case/whitespace/punctuation normalization only.
на зеркало авто подвеска	на зеркало авто подвеска	QG_8d76bbfe0ecf	NONE	Conservative Unicode/case/whitespace/punctuation normalization only.
на зеркало авто подвеска женская в машину	на зеркало авто подвеска женская в машину	QG_6720359a1bc0	NONE	Conservative Unicode/case/whitespace/punctuation normalization only.
на зеркало автомобиля подвеска	на зеркало автомобиля подвеска	QG_de525f01e880	NONE	Conservative Unicode/case/whitespace/punctuation normalization only.
на зеркало автомобиля подвеска в машину	на зеркало автомобиля подвеска в машину	QG_9489aaeab566	NONE	Conservative Unicode/case/whitespace/punctuation normalization only.
на зеркало автомобиля подвеска герю	на зеркало автомобиля подвеска герю	QG_d6caed432b98	NONE	Conservative Unicode/case/whitespace/punctuation normalization only.
на зеркало автомобиля подвеска красная	на зеркало автомобиля подвеска красная	QG_16080f72839c	NONE	Conservative Unicode/case/whitespace/punctuation normalization only.
на зеркало автомобиля подвеска мужская	на зеркало автомобиля подвеска мужская	QG_57a0e9d7a9ca	NONE	Conservative Unicode/case/whitespace/punctuation normalization only.
на зеркало в авто оберег	на зеркало в авто оберег	QG_de0f04af7bc8	NONE	Conservative Unicode/case/whitespace/punctuation normalization only.
на зеркало в авто четки	на зеркало в авто четки	QG_88a7c6c4da1d	NONE	Conservative Unicode/case/whitespace/punctuation normalization only.
на зеркало в машину	на зеркало в машину	QG_747713bfe653	NONE	Conservative Unicode/case/whitespace/punctuation normalization only.
на зеркало в машину аксессуары необычные	на зеркало в машину аксессуары необычные	QG_09ebcf7868e0	NONE	Conservative Unicode/case/whitespace/punctuation normalization only.
на зеркало в машину брелок	на зеркало в машину брелок	QG_9e14179a98d8	NONE	Conservative Unicode/case/whitespace/punctuation normalization only.
на зеркало в машину подвеска	на зеркало в машину подвеска	QG_f04d2f39828c	NONE	Conservative Unicode/case/whitespace/punctuation normalization only.
на зеркало в машину подвеска дева	на зеркало в машину подвеска дева	QG_7ee237f7258e	NONE	Conservative Unicode/case/whitespace/punctuation normalization only.
на зеркало в машину подвеска женская сердечко сере	на зеркало в машину подвеска женская сердечко сере	QG_f9160b3fa55c	NONE	Conservative Unicode/case/whitespace/punctuation normalization only.
на зеркало в машину подвеска молот викингов	на зеркало в машину подвеска молот викингов	QG_1c5ea801aacc	NONE	Conservative Unicode/case/whitespace/punctuation normalization only.
на зеркало в машину подвеска россия	на зеркало в машину подвеска россия	QG_10d74c4379bf	NONE	Conservative Unicode/case/whitespace/punctuation normalization only.
на зеркало в машину подвеска уголовный розыск	на зеркало в машину подвеска уголовный розыск	QG_25bc45fbcba3	NONE	Conservative Unicode/case/whitespace/punctuation normalization only.
на зеркало в машину подвеска участник бое	на зеркало в машину подвеска участник бое	QG_a8f42ee8a0de	NONE	Conservative Unicode/case/whitespace/punctuation normalization only.
на зеркало в машину скорпион	на зеркало в машину скорпион	QG_d766832b2631	NONE	Conservative Unicode/case/whitespace/punctuation normalization only.
на зеркало в машину талисман	на зеркало в машину талисман	QG_61df174112ed	NONE	Conservative Unicode/case/whitespace/punctuation normalization only.
на зеркало в машину украшение	на зеркало в машину украшение	QG_f6f7a8c2f958	NONE	Conservative Unicode/case/whitespace/punctuation normalization only.
на зеркало знак зодиака рак в машину	на зеркало знак зодиака рак в машину	QG_a052fccde0c3	NONE	Conservative Unicode/case/whitespace/punctuation normalization only.
на зеркало подвеска	на зеркало подвеска	QG_1a31d45ddc90	NONE	Conservative Unicode/case/whitespace/punctuation normalization only.
на зеркало подвеска авто	на зеркало подвеска авто	QG_6d3495d58996	NONE	Conservative Unicode/case/whitespace/punctuation normalization only.
на зеркало подвеска автомобиля	на зеркало подвеска автомобиля	QG_33514273a657	NONE	Conservative Unicode/case/whitespace/punctuation normalization only.
на зеркало подвеска в машину	на зеркало подвеска в машину	QG_2982251b09dd	NONE	Conservative Unicode/case/whitespace/punctuation normalization only.
на зеркало подвеска в машину с символом следственного	на зеркало подвеска в машину с символом следственного	QG_19562b97f651	NONE	Conservative Unicode/case/whitespace/punctuation normalization only.
на зеркало подвеска в машину с символом следственного ком	на зеркало подвеска в машину с символом следственного ком	QG_6a18a414bbfa	NONE	Conservative Unicode/case/whitespace/punctuation normalization only.
на зеркало подвеска для машины	на зеркало подвеска для машины	QG_a98e58821ba6	NONE	Conservative Unicode/case/whitespace/punctuation normalization only.
на зеркало украшение в машину	на зеркало украшение в машину	QG_eb1ddd6dc45c	NONE	Conservative Unicode/case/whitespace/punctuation normalization only.
на машину в салон оберег	на машину в салон оберег	QG_f6d01a529a87	NONE	Conservative Unicode/case/whitespace/punctuation normalization only.
на машину подвеска женская	на машину подвеска женская	QG_7b34f370baa9	NONE	Conservative Unicode/case/whitespace/punctuation normalization only.
на присоске в машину жезл оберег	на присоске в машину жезл оберег	QG_daaa068582b2	NONE	Conservative Unicode/case/whitespace/punctuation normalization only.
на удачу талисман набор	на удачу талисман набор	QG_eaf39af136c9	NONE	Conservative Unicode/case/whitespace/punctuation normalization only.
на четки подвеска	на четки подвеска	QG_52fad4cb47c6	NONE	Conservative Unicode/case/whitespace/punctuation normalization only.
наблр для творчества знако зодиака	наблр для творчества знако зодиака	QG_92906704ce21	NONE	Conservative Unicode/case/whitespace/punctuation normalization only.
набор	набор	QG_6b5297fb6c78	NONE	Conservative Unicode/case/whitespace/punctuation normalization only.
набор автомобилиста	набор автомобилиста	QG_c8a57b763957	NONE	Conservative Unicode/case/whitespace/punctuation normalization only.
набор декоративных кисточек с бусинами	набор декоративных кисточек с бусинами	QG_86b31beff916	NONE	Conservative Unicode/case/whitespace/punctuation normalization only.
набор для близнеца	набор для близнеца	QG_c63993b838f7	NONE	Conservative Unicode/case/whitespace/punctuation normalization only.
набор для творчества	набор для творчества	QG_83914629f58a	NONE	Conservative Unicode/case/whitespace/punctuation normalization only.
набор для творчества на дев	набор для творчества на дев	QG_50d733944871	NONE	Conservative Unicode/case/whitespace/punctuation normalization only.
набор для четки	набор для четки	QG_1f766ddfdad3	NONE	Conservative Unicode/case/whitespace/punctuation normalization only.
набор знак зодиака	набор знак зодиака	QG_6ddb7c530164	NONE	Conservative Unicode/case/whitespace/punctuation normalization only.
набор знаков зодиака	набор знаков зодиака	QG_fd07c174dde3	NONE	Conservative Unicode/case/whitespace/punctuation normalization only.
набор ключей для автомобиля	набор ключей для автомобиля	QG_45f52ec011b4	NONE	Conservative Unicode/case/whitespace/punctuation normalization only.
набор подвесок в машину	набор подвесок в машину	QG_4740f677ad10	NONE	Conservative Unicode/case/whitespace/punctuation normalization only.
набор подвесок на зеркало	набор подвесок на зеркало	QG_9a8dbe21e297	NONE	Conservative Unicode/case/whitespace/punctuation normalization only.
набор славянские боги дерево	набор славянские боги дерево	QG_8f86206a87e7	NONE	Conservative Unicode/case/whitespace/punctuation normalization only.
наклейка чур	наклейка чур	QG_1b988bb17269	NONE	Conservative Unicode/case/whitespace/punctuation normalization only.
наклейкана машину тилец	наклейкана машину тилец	QG_6975380ef7db	NONE	Conservative Unicode/case/whitespace/punctuation normalization only.
наклейки на автомобиль стрелец	наклейки на автомобиль стрелец	QG_ec02f3764e93	NONE	Conservative Unicode/case/whitespace/punctuation normalization only.
наклейки на машину прикольные большие знак весы	наклейки на машину прикольные большие знак весы	QG_5fe716c856c7	NONE	Conservative Unicode/case/whitespace/punctuation normalization only.
наклейки на машину стри	наклейки на машину стри	QG_b6ffef5c9ec0	NONE	Conservative Unicode/case/whitespace/punctuation normalization only.
наклейки_на_телефон знак зодиака стрелец	наклейки на телефон знак зодиака стрелец	QG_1a2f1dbd273e	PUNCTUATION	Conservative Unicode/case/whitespace/punctuation normalization only.
настраиваимое зеркало мини в машину	настраиваимое зеркало мини в машину	QG_b8f7fe3f2924	NONE	Conservative Unicode/case/whitespace/punctuation normalization only.
нательные славянские обереги лось	нательные славянские обереги лось	QG_2191069b8121	NONE	Conservative Unicode/case/whitespace/punctuation normalization only.
нашивка телец	нашивка телец	QG_db0d4c3078fe	NONE	Conservative Unicode/case/whitespace/punctuation normalization only.
нашивкатна рюкзак телец	нашивкатна рюкзак телец	QG_d9601deb4637	NONE	Conservative Unicode/case/whitespace/punctuation normalization only.
необычный обвес в машину на зеркало	необычный обвес в машину на зеркало	QG_2cdd79d1e9ab	NONE	Conservative Unicode/case/whitespace/punctuation normalization only.
нитка оберег на руку водолей	нитка оберег на руку водолей	QG_e5841fe95a23	NONE	Conservative Unicode/case/whitespace/punctuation normalization only.
ниша под стиральную машинку и рак	ниша под стиральную машинку и рак	QG_b2b1ba5f39ba	NONE	Conservative Unicode/case/whitespace/punctuation normalization only.
о.берег в машину	о.берег в машину	QG_856b023bfcc8	NONE	Conservative Unicode/case/whitespace/punctuation normalization only.
обвес бусы телец	обвес бусы телец	QG_4bfae57d62fd	NONE	Conservative Unicode/case/whitespace/punctuation normalization only.
обвес на сумку рак	обвес на сумку рак	QG_aac7233fbc36	NONE	Conservative Unicode/case/whitespace/punctuation normalization only.
обеоег на зеркало в машину мусульманская	обеоег на зеркало в машину мусульманская	QG_f87a173fbd21	NONE	Conservative Unicode/case/whitespace/punctuation normalization only.
оберег	оберег	QG_889b4b59d128	NONE	Conservative Unicode/case/whitespace/punctuation normalization only.
оберег автомобильный	оберег автомобильный	QG_4df80bcdf4a0	NONE	Conservative Unicode/case/whitespace/punctuation normalization only.
оберег автомобильный на зеркало	оберег автомобильный на зеркало	QG_abb730272367	NONE	Conservative Unicode/case/whitespace/punctuation normalization only.
оберег амулет в машину с волосами	оберег амулет в машину с волосами	QG_3816a45ca1b5	NONE	Conservative Unicode/case/whitespace/punctuation normalization only.
оберег боги из дерева	оберег боги из дерева	QG_13106d61a84d	NONE	Conservative Unicode/case/whitespace/punctuation normalization only.
оберег в авто	оберег в авто	QG_726a27ad1e18	NONE	Conservative Unicode/case/whitespace/punctuation normalization only.
оберег в автомобиль	оберег в автомобиль	QG_a8f6e2430317	NONE	Conservative Unicode/case/whitespace/punctuation normalization only.
оберег в автомобиль на зеркало	оберег в автомобиль на зеркало	QG_74707183e695	NONE	Conservative Unicode/case/whitespace/punctuation normalization only.
оберег в виде зеркала	оберег в виде зеркала	QG_13d5195888e5	NONE	Conservative Unicode/case/whitespace/punctuation normalization only.
оберег в виде тельца	оберег в виде тельца	QG_1aaa9be5f4e0	NONE	Conservative Unicode/case/whitespace/punctuation normalization only.
оберег в дорогу	оберег в дорогу	QG_8244501c543a	NONE	Conservative Unicode/case/whitespace/punctuation normalization only.
оберег в карман в машину	оберег в карман в машину	QG_5f75655ef4b9	NONE	Conservative Unicode/case/whitespace/punctuation normalization only.
оберег в кошелек овен	оберег в кошелек овен	QG_3151bf7e486e	NONE	Conservative Unicode/case/whitespace/punctuation normalization only.
оберег в машинку	оберег в машинку	QG_194099fdccae	NONE	Conservative Unicode/case/whitespace/punctuation normalization only.
оберег в машину	оберег в машину	QG_73a89b930447	NONE	Conservative Unicode/case/whitespace/punctuation normalization only.
оберег в машину види сердца	оберег в машину види сердца	QG_0d72fa65815b	NONE	Conservative Unicode/case/whitespace/punctuation normalization only.
оберег в машину для рака мужской	оберег в машину для рака мужской	QG_34bfb89924e4	NONE	Conservative Unicode/case/whitespace/punctuation normalization only.
оберег в машину женский	оберег в машину женский	QG_795a4723d24e	NONE	Conservative Unicode/case/whitespace/punctuation normalization only.
оберег в машину или просто украшиение	оберег в машину или просто украшиение	QG_d65dadf8dce1	NONE	Conservative Unicode/case/whitespace/punctuation normalization only.
оберег в машину колаврат	оберег в машину колаврат	QG_b0cc87968fbe	NONE	Conservative Unicode/case/whitespace/punctuation normalization only.
оберег в машину машину на зеркало	оберег в машину машину на зеркало	QG_b83a89b69bd2	NONE	Conservative Unicode/case/whitespace/punctuation normalization only.
оберег в машину мужской	оберег в машину мужской	QG_aea53d90743a	NONE	Conservative Unicode/case/whitespace/punctuation normalization only.
оберег в машину мужской на зеркало	оберег в машину мужской на зеркало	QG_f6f5892b3c11	NONE	Conservative Unicode/case/whitespace/punctuation normalization only.
оберег в машину мужской сынуподвеска на зеркало	оберег в машину мужской сынуподвеска на зеркало	QG_e2f78a90302b	NONE	Conservative Unicode/case/whitespace/punctuation normalization only.
оберег в машину мусульманский наклейка	оберег в машину мусульманский наклейка	QG_e69b748fb448	NONE	Conservative Unicode/case/whitespace/punctuation normalization only.
оберег в машину мусульманский четки	оберег в машину мусульманский четки	QG_56394a0c8a9f	NONE	Conservative Unicode/case/whitespace/punctuation normalization only.
оберег в машину на зеркало в салон	оберег в машину на зеркало в салон	QG_c5b2ce6ea93c	NONE	Conservative Unicode/case/whitespace/punctuation normalization only.
оберег в машину на зеркало женский	оберег в машину на зеркало женский	QG_fc4229ad11a1	NONE	Conservative Unicode/case/whitespace/punctuation normalization only.
оберег в машину на зеркало из кожи	оберег в машину на зеркало из кожи	QG_01035c70c15b	NONE	Conservative Unicode/case/whitespace/punctuation normalization only.
оберег в машину на зеркало прикольный	оберег в машину на зеркало прикольный	QG_b9d917fb8959	NONE	Conservative Unicode/case/whitespace/punctuation normalization only.
оберег в машину на зеркало славянский	оберег в машину на зеркало славянский	QG_afa7fe416e78	NONE	Conservative Unicode/case/whitespace/punctuation normalization only.
оберег в машину на руль	оберег в машину на руль	QG_8c0f2dc8dd50	NONE	Conservative Unicode/case/whitespace/punctuation normalization only.
оберег в машину от гибдд прикольный	оберег в машину от гибдд прикольный	QG_c7819a27ea27	NONE	Conservative Unicode/case/whitespace/punctuation normalization only.
оберег в машину от гибдд фига	оберег в машину от гибдд фига	QG_85f394613bb4	NONE	Conservative Unicode/case/whitespace/punctuation normalization only.
оберег в машину от дерева жизни на зеркало	оберег в машину от дерева жизни на зеркало	QG_cffbca59100a	NONE	Conservative Unicode/case/whitespace/punctuation normalization only.
оберег в машину от поломки позолота	оберег в машину от поломки позолота	QG_0657f20453dd	NONE	Conservative Unicode/case/whitespace/punctuation normalization only.
оберег в машину под вышивку	оберег в машину под вышивку	QG_f08e8857f1ee	NONE	Conservative Unicode/case/whitespace/punctuation normalization only.
оберег в машину православный	оберег в машину православный	QG_6fbda2fdaab2	NONE	Conservative Unicode/case/whitespace/punctuation normalization only.
оберег в машину православный мал	оберег в машину православный мал	QG_b18828416041	NONE	Conservative Unicode/case/whitespace/punctuation normalization only.
оберег в машину славянский	оберег в машину славянский	QG_14b691affab0	NONE	Conservative Unicode/case/whitespace/punctuation normalization only.
оберег в машину славянский на деньги	оберег в машину славянский на деньги	QG_bd663a8f6d7b	NONE	Conservative Unicode/case/whitespace/punctuation normalization only.
оберег в машину со знаком зодиака водолей	оберег в машину со знаком зодиака водолей	QG_4bde1b723fea	NONE	Conservative Unicode/case/whitespace/punctuation normalization only.
оберег в машину талисман удачи автодомовой	оберег в машину талисман удачи автодомовой	QG_907b8348d405	NONE	Conservative Unicode/case/whitespace/punctuation normalization only.
оберег в машину тойота	оберег в машину тойота	QG_4a3f17ef1395	NONE	Conservative Unicode/case/whitespace/punctuation normalization only.
оберег в машину ч кпп туз	оберег в машину ч кпп туз	QG_28fab3b3ddb5	NONE	Conservative Unicode/case/whitespace/punctuation normalization only.
оберег в мвшину	оберег в мвшину	QG_3653da8d8a2c	NONE	Conservative Unicode/case/whitespace/punctuation normalization only.
оберег велес	оберег велес	QG_c1d7a99e55c6	NONE	Conservative Unicode/case/whitespace/punctuation normalization only.
оберег велеса	оберег велеса	QG_eba508a865f8	NONE	Conservative Unicode/case/whitespace/punctuation normalization only.
оберег воздуха славянский	оберег воздуха славянский	QG_037f72d42000	NONE	Conservative Unicode/case/whitespace/punctuation normalization only.
оберег ворон	оберег ворон	QG_57b8036c6d61	NONE	Conservative Unicode/case/whitespace/punctuation normalization only.
оберег ворон в компасе	оберег ворон в компасе	QG_cd0af9b65b32	NONE	Conservative Unicode/case/whitespace/punctuation normalization only.
оберег даж бога	оберег даж бога	QG_c3ff0d7963e1	NONE	Conservative Unicode/case/whitespace/punctuation normalization only.
оберег дерево	оберег дерево	QG_9d23a0e4db2c	NONE	Conservative Unicode/case/whitespace/punctuation normalization only.
оберег деревянный	оберег деревянный	QG_0e72fa803c0a	NONE	Conservative Unicode/case/whitespace/punctuation normalization only.
оберег для авто	оберег для авто	QG_2aa56b03dcdc	NONE	Conservative Unicode/case/whitespace/punctuation normalization only.
оберег для автомобиля	оберег для автомобиля	QG_84d68137c205	NONE	Conservative Unicode/case/whitespace/punctuation normalization only.
оберег для автомобиля для автомобиля	оберег для автомобиля для автомобиля	QG_e334d8854fb8	NONE	Conservative Unicode/case/whitespace/punctuation normalization only.
оберег для автомобиля женский на зеркало	оберег для автомобиля женский на зеркало	QG_94608d22b50a	NONE	Conservative Unicode/case/whitespace/punctuation normalization only.
оберег для автомобиля на зеркало	оберег для автомобиля на зеркало	QG_f6b13583c1f1	NONE	Conservative Unicode/case/whitespace/punctuation normalization only.
оберег для близнецов	оберег для близнецов	QG_90cc83fb38d2	NONE	Conservative Unicode/case/whitespace/punctuation normalization only.
оберег для водителя в машину	оберег для водителя в машину	QG_5afe8aca1c17	NONE	Conservative Unicode/case/whitespace/punctuation normalization only.
оберег для воина	оберег для воина	QG_44a60b5e1585	NONE	Conservative Unicode/case/whitespace/punctuation normalization only.
оберег для дева	оберег для дева	QG_05956550de72	NONE	Conservative Unicode/case/whitespace/punctuation normalization only.
оберег для девы женский на шею	оберег для девы женский на шею	QG_6981ad36ad72	NONE	Conservative Unicode/case/whitespace/punctuation normalization only.
оберег для дома	оберег для дома	QG_1f4b0998e54b	NONE	Conservative Unicode/case/whitespace/punctuation normalization only.
оберег для дома от сглаза и порчи	оберег для дома от сглаза и порчи	QG_9fd9a8b79745	NONE	Conservative Unicode/case/whitespace/punctuation normalization only.
оберег для дома от сглаза на стену	оберег для дома от сглаза на стену	QG_11715d4b016a	NONE	Conservative Unicode/case/whitespace/punctuation normalization only.
оберег для дома чтобы были дети	оберег для дома чтобы были дети	QG_da3b214ca755	NONE	Conservative Unicode/case/whitespace/punctuation normalization only.
оберег для друга татарина в машину	оберег для друга татарина в машину	QG_c9f158865255	NONE	Conservative Unicode/case/whitespace/punctuation normalization only.
оберег для знака дева	оберег для знака дева	QG_7fec056e69dc	NONE	Conservative Unicode/case/whitespace/punctuation normalization only.
оберег для машины	оберег для машины	QG_572667fd6c75	NONE	Conservative Unicode/case/whitespace/punctuation normalization only.
оберег для машины мужской на зеркало	оберег для машины мужской на зеркало	QG_24b687d9e8ff	NONE	Conservative Unicode/case/whitespace/punctuation normalization only.
оберег для мужчины скорпиона	оберег для мужчины скорпиона	QG_660228346c5f	NONE	Conservative Unicode/case/whitespace/punctuation normalization only.
оберег для рака	оберег для рака	QG_d7fe5fa203ba	NONE	Conservative Unicode/case/whitespace/punctuation normalization only.
оберег для ребенка	оберег для ребенка	QG_ed39c9c9dd00	NONE	Conservative Unicode/case/whitespace/punctuation normalization only.
оберег для сестры знак зодиака дева	оберег для сестры знак зодиака дева	QG_e4f738d088b0	NONE	Conservative Unicode/case/whitespace/punctuation normalization only.
оберег для стрелец опал	оберег для стрелец опал	QG_35fec6c0f6c9	NONE	Conservative Unicode/case/whitespace/punctuation normalization only.
оберег защита для воина	оберег защита для воина	QG_232b9bbb6dce	NONE	Conservative Unicode/case/whitespace/punctuation normalization only.
оберег защитный в машину на зеркало	оберег защитный в машину на зеркало	QG_de2ab090fc98	NONE	Conservative Unicode/case/whitespace/punctuation normalization only.
оберег зеркало	оберег зеркало	QG_dcae757d0e7c	NONE	Conservative Unicode/case/whitespace/punctuation normalization only.
оберег зеркало на шею	оберег зеркало на шею	QG_cc1f8ed18be8	NONE	Conservative Unicode/case/whitespace/punctuation normalization only.
оберег зеркало на шею подвеска	оберег зеркало на шею подвеска	QG_31c8241bdc5a	NONE	Conservative Unicode/case/whitespace/punctuation normalization only.
оберег зеркальный	оберег зеркальный	QG_875e4c2f0e96	NONE	Conservative Unicode/case/whitespace/punctuation normalization only.
оберег из дерева	оберег из дерева	QG_343a07ac1e45	NONE	Conservative Unicode/case/whitespace/punctuation normalization only.
оберег из дерева на шею	оберег из дерева на шею	QG_4141f441d613	NONE	Conservative Unicode/case/whitespace/punctuation normalization only.
оберег из зеркал	оберег из зеркал	QG_0b95139c91ba	NONE	Conservative Unicode/case/whitespace/punctuation normalization only.
оберег коловрат	оберег коловрат	QG_2fc3279cc1bf	NONE	Conservative Unicode/case/whitespace/punctuation normalization only.
оберег коловрат в машину	оберег коловрат в машину	QG_0eecb10c8042	NONE	Conservative Unicode/case/whitespace/punctuation normalization only.
оберег макоши	оберег макоши	QG_c0916e9272c9	NONE	Conservative Unicode/case/whitespace/punctuation normalization only.
оберег мужской славянский на шею	оберег мужской славянский на шею	QG_93c4ec587950	NONE	Conservative Unicode/case/whitespace/punctuation normalization only.
оберег мусульманский	оберег мусульманский	QG_161433cbfddd	NONE	Conservative Unicode/case/whitespace/punctuation normalization only.
оберег мусульманский в машину в форме звезды	оберег мусульманский в машину в форме звезды	QG_37753056fef9	NONE	Conservative Unicode/case/whitespace/punctuation normalization only.
оберег на	оберег на	QG_5f368abcaa63	NONE	Conservative Unicode/case/whitespace/punctuation normalization only.
оберег на автомобиль	оберег на автомобиль	QG_63ad72bcc0e3	NONE	Conservative Unicode/case/whitespace/punctuation normalization only.
оберег на дом	оберег на дом	QG_cf81b3ab6af2	NONE	Conservative Unicode/case/whitespace/punctuation normalization only.
оберег на зеркала	оберег на зеркала	QG_664d7f7f9eab	NONE	Conservative Unicode/case/whitespace/punctuation normalization only.
оберег на зеркало	оберег на зеркало	QG_7f032743e34e	NONE	Conservative Unicode/case/whitespace/punctuation normalization only.
оберег на зеркало автомобиля	оберег на зеркало автомобиля	QG_5d94a440c46e	NONE	Conservative Unicode/case/whitespace/punctuation normalization only.
оберег на зеркало в машину	оберег на зеркало в машину	QG_ce01b51af452	NONE	Conservative Unicode/case/whitespace/punctuation normalization only.
оберег на зеркало в машину мужской	оберег на зеркало в машину мужской	QG_365e7f6cd014	NONE	Conservative Unicode/case/whitespace/punctuation normalization only.
оберег на машину	оберег на машину	QG_1a56642fde8c	NONE	Conservative Unicode/case/whitespace/punctuation normalization only.
оберег на машину куз тимэсен	оберег на машину куз тимэсен	QG_915128aa0a40	NONE	Conservative Unicode/case/whitespace/punctuation normalization only.
оберег на машину славянский	оберег на машину славянский	QG_6ab6fd093cc4	NONE	Conservative Unicode/case/whitespace/punctuation normalization only.
оберег на ркккмужской православный освященны	оберег на ркккмужской православный освященны	QG_fe107af18907	NONE	Conservative Unicode/case/whitespace/punctuation normalization only.
оберег на руку	оберег на руку	QG_4f6df5515a9b	NONE	Conservative Unicode/case/whitespace/punctuation normalization only.
оберег на руку мужской козерог	оберег на руку мужской козерог	QG_517f7fc894a1	NONE	Conservative Unicode/case/whitespace/punctuation normalization only.
оберег на руку телец	оберег на руку телец	QG_1d990bb85528	NONE	Conservative Unicode/case/whitespace/punctuation normalization only.
оберег на сво лев	оберег на сво лев	QG_b72fc23824d7	NONE	Conservative Unicode/case/whitespace/punctuation normalization only.
оберег на шею мужской славянский	оберег на шею мужской славянский	QG_055868914a43	NONE	Conservative Unicode/case/whitespace/punctuation normalization only.
оберег на шею славянский	оберег на шею славянский	QG_6b5609643584	NONE	Conservative Unicode/case/whitespace/punctuation normalization only.
оберег от крадников	оберег от крадников	QG_cc343e9a5e6b	NONE	Conservative Unicode/case/whitespace/punctuation normalization only.
оберег от сглаза	оберег от сглаза	QG_2773eb98bc31	NONE	Conservative Unicode/case/whitespace/punctuation normalization only.
оберег от сглаза в машину	оберег от сглаза в машину	QG_ed7422c085ad	NONE	Conservative Unicode/case/whitespace/punctuation normalization only.
оберег от сглаза и порчи	оберег от сглаза и порчи	QG_a9fd92e01050	NONE	Conservative Unicode/case/whitespace/punctuation normalization only.
оберег от сглаза мусульманский в машину	оберег от сглаза мусульманский в машину	QG_d86e3549d9f5	NONE	Conservative Unicode/case/whitespace/punctuation normalization only.
оберег перун в машину	оберег перун в машину	QG_d3acb1bc8826	NONE	Conservative Unicode/case/whitespace/punctuation normalization only.
оберег перуна	оберег перуна	QG_0e77bda553a2	NONE	Conservative Unicode/case/whitespace/punctuation normalization only.
оберег подвеска в машину	оберег подвеска в машину	QG_a6c88062a12a	NONE	Conservative Unicode/case/whitespace/punctuation normalization only.
оберег подвеска в машину вв мвд рф	оберег подвеска в машину вв мвд рф	QG_36afea6af379	NONE	Conservative Unicode/case/whitespace/punctuation normalization only.
оберег подвеска в машину весы	оберег подвеска в машину весы	QG_f0be5209c882	NONE	Conservative Unicode/case/whitespace/punctuation normalization only.
оберег право	оберег право	QG_415c0f20ee46	NONE	Conservative Unicode/case/whitespace/punctuation normalization only.
оберег с зеркалом	оберег с зеркалом	QG_9530baf9e167	NONE	Conservative Unicode/case/whitespace/punctuation normalization only.
оберег сварга	оберег сварга	QG_8f7572dda061	NONE	Conservative Unicode/case/whitespace/punctuation normalization only.
оберег сварога	оберег сварога	QG_b9a4500a66b7	NONE	Conservative Unicode/case/whitespace/punctuation normalization only.
оберег семаргл	оберег семаргл	QG_f4001569ead2	NONE	Conservative Unicode/case/whitespace/punctuation normalization only.
оберег семаргла	оберег семаргла	QG_c5ffb2cfbdf1	NONE	Conservative Unicode/case/whitespace/punctuation normalization only.
оберег славянский	оберег славянский	QG_50ce31237872	NONE	Conservative Unicode/case/whitespace/punctuation normalization only.
оберег славянский в автомобиль женский	оберег славянский в автомобиль женский	QG_c8c8a62720e1	NONE	Conservative Unicode/case/whitespace/punctuation normalization only.
оберег славянский в машину	оберег славянский в машину	QG_9d9b10ee94d2	NONE	Conservative Unicode/case/whitespace/punctuation normalization only.
оберег славянский в машину на стекло	оберег славянский в машину на стекло	QG_5e80a51987fa	NONE	Conservative Unicode/case/whitespace/punctuation normalization only.
оберег славянский вышевка	оберег славянский вышевка	QG_755af704166f	NONE	Conservative Unicode/case/whitespace/punctuation normalization only.
оберег славянский для мужчин на шею	оберег славянский для мужчин на шею	QG_e5b94610e38f	NONE	Conservative Unicode/case/whitespace/punctuation normalization only.
оберег славянский женский	оберег славянский женский	QG_3c998a41ec3c	NONE	Conservative Unicode/case/whitespace/punctuation normalization only.
оберег славянский мужской в машину	оберег славянский мужской в машину	QG_d1902eaf2e19	NONE	Conservative Unicode/case/whitespace/punctuation normalization only.
оберег славянский на зеркало	оберег славянский на зеркало	QG_067b339e0b50	NONE	Conservative Unicode/case/whitespace/punctuation normalization only.
оберег славянский на шею	оберег славянский на шею	QG_a91edcfe6cf3	NONE	Conservative Unicode/case/whitespace/punctuation normalization only.
оберег славянский от зла	оберег славянский от зла	QG_a3773cc03470	NONE	Conservative Unicode/case/whitespace/punctuation normalization only.
оберег талисман в машину	оберег талисман в машину	QG_09b5ef235fef	NONE	Conservative Unicode/case/whitespace/punctuation normalization only.
оберег христианский	оберег христианский	QG_d803a335166b	NONE	Conservative Unicode/case/whitespace/punctuation normalization only.
оберег чур славянский	оберег чур славянский	QG_46224a79d4cc	NONE	Conservative Unicode/case/whitespace/punctuation normalization only.
оберег шаман	оберег шаман	QG_c2a95516bce1	NONE	Conservative Unicode/case/whitespace/punctuation normalization only.
оберег язычество для	оберег язычество для	QG_1e31063a2f4c	NONE	Conservative Unicode/case/whitespace/punctuation normalization only.
обереги	обереги	QG_c8efdffe40d8	NONE	Conservative Unicode/case/whitespace/punctuation normalization only.
обереги в машину	обереги в машину	QG_153b38aaf2fa	NONE	Conservative Unicode/case/whitespace/punctuation normalization only.
обереги для машины	обереги для машины	QG_1ebab1eeb0fd	NONE	Conservative Unicode/case/whitespace/punctuation normalization only.
обереги и талисманы	обереги и талисманы	QG_a249066cecc3	NONE	Conservative Unicode/case/whitespace/punctuation normalization only.
обереги и талисманы славянские	обереги и талисманы славянские	QG_9be9e5e01122	NONE	Conservative Unicode/case/whitespace/punctuation normalization only.
обереги из дерева	обереги из дерева	QG_270283b8cdbf	NONE	Conservative Unicode/case/whitespace/punctuation normalization only.
обереги коловрат	обереги коловрат	QG_00a4d072dd26	NONE	Conservative Unicode/case/whitespace/punctuation normalization only.
обереги на автомобиль	обереги на автомобиль	QG_c31fb8c5cc8e	NONE	Conservative Unicode/case/whitespace/punctuation normalization only.
обереги от порчи	обереги от порчи	QG_d2b835c021b7	NONE	Conservative Unicode/case/whitespace/punctuation normalization only.
обереги от сглаза и порчи	обереги от сглаза и порчи	QG_ac7094096f8b	NONE	Conservative Unicode/case/whitespace/punctuation normalization only.
обереги славянские для мужчин	обереги славянские для мужчин	QG_a3bb339f84f6	NONE	Conservative Unicode/case/whitespace/punctuation normalization only.
обереги талисманы	обереги талисманы	QG_ce087542c20e	NONE	Conservative Unicode/case/whitespace/punctuation normalization only.
обереги языческие	обереги языческие	QG_66d3d7bc2fe9	NONE	Conservative Unicode/case/whitespace/punctuation normalization only.
оберёг в автомобиль на зеркало	оберег в автомобиль на зеркало	QG_74707183e695	NONE	Conservative Unicode/case/whitespace/punctuation normalization only.
оберёг в автомобишь	оберег в автомобишь	QG_7fe05d0348a4	NONE	Conservative Unicode/case/whitespace/punctuation normalization only.
оберёг в машинк	оберег в машинк	QG_fbfa36be535b	NONE	Conservative Unicode/case/whitespace/punctuation normalization only.
оберёг в машину	оберег в машину	QG_73a89b930447	NONE	Conservative Unicode/case/whitespace/punctuation normalization only.
оберёг в машину на зеркало	оберег в машину на зеркало	QG_768d9fb66a6c	NONE	Conservative Unicode/case/whitespace/punctuation normalization only.
оберёг деревянный	оберег деревянный	QG_0e72fa803c0a	NONE	Conservative Unicode/case/whitespace/punctuation normalization only.
оберёг рода	оберег рода	QG_3207762c1220	NONE	Conservative Unicode/case/whitespace/punctuation normalization only.
оберёг с зеркалом	оберег с зеркалом	QG_9530baf9e167	NONE	Conservative Unicode/case/whitespace/punctuation normalization only.
оберёги мужские в жорогу,в машину подвеска	обереги мужские в жорогу , в машину подвеска	QG_e1d2ed622ff6	NONE	Conservative Unicode/case/whitespace/punctuation normalization only.
овен	овен	QG_01da05047568	NONE	Conservative Unicode/case/whitespace/punctuation normalization only.
овен оберег в машину	овен оберег в машину	QG_6beb845ca9f9	NONE	Conservative Unicode/case/whitespace/punctuation normalization only.
омулет оберегающий в машину	омулет оберегающий в машину	QG_c509472ab806	NONE	Conservative Unicode/case/whitespace/punctuation normalization only.
омулеты	омулеты	QG_528df0b1e805	NONE	Conservative Unicode/case/whitespace/punctuation normalization only.
оникс козерог	оникс козерог	QG_7e2bcb2e0868	NONE	Conservative Unicode/case/whitespace/punctuation normalization only.
ооо семаргл	ооо семаргл	QG_0089cf9b4d7c	NONE	Conservative Unicode/case/whitespace/punctuation normalization only.
оригинальная подвеска на зерквло	оригинальная подвеска на зерквло	QG_87189666e267	NONE	Conservative Unicode/case/whitespace/punctuation normalization only.
оружие в машину	оружие в машину	QG_fc7b7a78884c	NONE	Conservative Unicode/case/whitespace/punctuation normalization only.
от сглаза	от сглаза	QG_d39731db9d73	NONE	Conservative Unicode/case/whitespace/punctuation normalization only.
от сглаза в авто	от сглаза в авто	QG_1de8cc52b3ea	NONE	Conservative Unicode/case/whitespace/punctuation normalization only.
от сглаза в машину	от сглаза в машину	QG_01d3944bbf76	NONE	Conservative Unicode/case/whitespace/punctuation normalization only.
от сглаза длямашины	от сглаза длямашины	QG_b1ffdffb09f0	NONE	Conservative Unicode/case/whitespace/punctuation normalization only.
от сглаза знак зодиака рыба	от сглаза знак зодиака рыба	QG_a874e5feaab8	NONE	Conservative Unicode/case/whitespace/punctuation normalization only.
от сглаза и порчи	от сглаза и порчи	QG_b3911ba0527c	NONE	Conservative Unicode/case/whitespace/punctuation normalization only.
от сглаза и порчи оберег	от сглаза и порчи оберег	QG_5b714920968c	NONE	Conservative Unicode/case/whitespace/punctuation normalization only.
от сглаза и порчи подвеска	от сглаза и порчи подвеска	QG_9a859fd2a2ff	NONE	Conservative Unicode/case/whitespace/punctuation normalization only.
от сглаза оберег	от сглаза оберег	QG_79da86a18648	NONE	Conservative Unicode/case/whitespace/punctuation normalization only.
от сглаза оберег в машину	от сглаза оберег в машину	QG_630d42664652	NONE	Conservative Unicode/case/whitespace/punctuation normalization only.
оталисман в авто	оталисман в авто	QG_59a90bb4a3d2	NONE	Conservative Unicode/case/whitespace/punctuation normalization only.
паук в смоле подвеска на зеркало	паук в смоле подвеска на зеркало	QG_49658f006c14	NONE	Conservative Unicode/case/whitespace/punctuation normalization only.
пахучка в машину висюлька на зеркало бумажная	пахучка в машину висюлька на зеркало бумажная	QG_6d46d4c66f90	NONE	Conservative Unicode/case/whitespace/punctuation normalization only.
перук	перук	QG_e37255c2aec8	NONE	Conservative Unicode/case/whitespace/punctuation normalization only.
перун	перун	QG_f1158b4ee067	NONE	Conservative Unicode/case/whitespace/punctuation normalization only.
перун в машину	перун в машину	QG_844f79d3efce	NONE	Conservative Unicode/case/whitespace/punctuation normalization only.
перуница оберег	перуница оберег	QG_3b744e42a6db	NONE	Conservative Unicode/case/whitespace/punctuation normalization only.
песок для благ	песок для благ	QG_f2f2c15810f2	NONE	Conservative Unicode/case/whitespace/punctuation normalization only.
печать велеса	печать велеса	QG_9de861b6f6f7	NONE	Conservative Unicode/case/whitespace/punctuation normalization only.
печать велеса медвежья лапа в машину	печать велеса медвежья лапа в машину	QG_2c825e630a44	NONE	Conservative Unicode/case/whitespace/punctuation normalization only.
печать велеса на шею	печать велеса на шею	QG_3f1ce2241dd9	NONE	Conservative Unicode/case/whitespace/punctuation normalization only.
печать велеса подвеска в автомобиль	печать велеса подвеска в автомобиль	QG_73177fed76b9	NONE	Conservative Unicode/case/whitespace/punctuation normalization only.
печать велеса серебро	печать велеса серебро	QG_507754f39a04	NONE	Conservative Unicode/case/whitespace/punctuation normalization only.
платье старосла	платье старосла	QG_72dab1fec33f	NONE	Conservative Unicode/case/whitespace/punctuation normalization only.
плетеная подвеска оберег на зеркало	плетеная подвеска оберег на зеркало	QG_e431db850834	NONE	Conservative Unicode/case/whitespace/punctuation normalization only.
по правую руку бога	по правую руку бога	QG_d136d72f649c	NONE	Conservative Unicode/case/whitespace/punctuation normalization only.
повесить в машину	повесить в машину	QG_aeeab48bd10b	NONE	Conservative Unicode/case/whitespace/punctuation normalization only.
повеска в машину	повеска в машину	QG_65133d935564	NONE	Conservative Unicode/case/whitespace/punctuation normalization only.
подарки в авто	подарки в авто	QG_e36a59820f2e	NONE	Conservative Unicode/case/whitespace/punctuation normalization only.
подарок	подарок	QG_c3293aa61749	NONE	Conservative Unicode/case/whitespace/punctuation normalization only.
подарок для девушки	подарок для девушки	QG_a251babf82a7	NONE	Conservative Unicode/case/whitespace/punctuation normalization only.
подарок для девы	подарок для девы	QG_74b38dbfd75c	NONE	Conservative Unicode/case/whitespace/punctuation normalization only.
подарок для девы знака зодиака	подарок для девы знака зодиака	QG_5526037f8a50	NONE	Conservative Unicode/case/whitespace/punctuation normalization only.
подарок для девы мужчины	подарок для девы мужчины	QG_961f0dd574d4	NONE	Conservative Unicode/case/whitespace/punctuation normalization only.
подарок для козерога	подарок для козерога	QG_288267aeec00	NONE	Conservative Unicode/case/whitespace/punctuation normalization only.
подарок женщине	подарок женщине	QG_7df36ab7dc20	NONE	Conservative Unicode/case/whitespace/punctuation normalization only.
подарок знак	подарок знак	QG_72803ebf497c	NONE	Conservative Unicode/case/whitespace/punctuation normalization only.
подарок коза	подарок коза	QG_6132ae7f36a3	NONE	Conservative Unicode/case/whitespace/punctuation normalization only.
подарок мужу	подарок мужу	QG_b4b4e743d0a9	NONE	Conservative Unicode/case/whitespace/punctuation normalization only.
подарок мужчине	подарок мужчине	QG_049c0b3b4cf3	NONE	Conservative Unicode/case/whitespace/punctuation normalization only.
подарок мужчине на день рождения	подарок мужчине на день рождения	QG_fa6d9082379a	NONE	Conservative Unicode/case/whitespace/punctuation normalization only.
подарок овца	подарок овца	QG_3164909d39a1	NONE	Conservative Unicode/case/whitespace/punctuation normalization only.
подарок подвеска в машину	подарок подвеска в машину	QG_b0f880e7d482	NONE	Conservative Unicode/case/whitespace/punctuation normalization only.
подарочный набор	подарочный набор	QG_62ef396f9f4b	NONE	Conservative Unicode/case/whitespace/punctuation normalization only.
подарочный набор для женщин	подарочный набор для женщин	QG_89a7af88a8cd	NONE	Conservative Unicode/case/whitespace/punctuation normalization only.
подарочный набор для мужчин	подарочный набор для мужчин	QG_f9e943f1bd3e	NONE	Conservative Unicode/case/whitespace/punctuation normalization only.
подвес в машину на зеркало	подвес в машину на зеркало	QG_021149ffaaa5	NONE	Conservative Unicode/case/whitespace/punctuation normalization only.
подвес на зеркало в машину звезда воровская	подвес на зеркало в машину звезда воровская	QG_0a3f0e973056	NONE	Conservative Unicode/case/whitespace/punctuation normalization only.
подвеска	подвеска	QG_429121f020f2	NONE	Conservative Unicode/case/whitespace/punctuation normalization only.
подвеска авто для мужчин на зеркало	подвеска авто для мужчин на зеркало	QG_fa59e56147fa	NONE	Conservative Unicode/case/whitespace/punctuation normalization only.
подвеска авто салон	подвеска авто салон	QG_1bc62986653d	NONE	Conservative Unicode/case/whitespace/punctuation normalization only.
подвеска амулет	подвеска амулет	QG_0ee83b3f0f87	NONE	Conservative Unicode/case/whitespace/punctuation normalization only.
подвеска амулет аллах в авто	подвеска амулет аллах в авто	QG_437039fe2b82	NONE	Conservative Unicode/case/whitespace/punctuation normalization only.
подвеска амулет дева	подвеска амулет дева	QG_84566306bc0e	NONE	Conservative Unicode/case/whitespace/punctuation normalization only.
подвеска амулет знак зодиака дева с натуральным чароитом	подвеска амулет знак зодиака дева с натуральным чароитом	QG_a7c83677bd27	NONE	Conservative Unicode/case/whitespace/punctuation normalization only.
подвеска амулет оберег	подвеска амулет оберег	QG_1c53cfa6dec5	NONE	Conservative Unicode/case/whitespace/punctuation normalization only.
подвеска бетмен в машину силткон	подвеска бетмен в машину силткон	QG_01951b9680a5	NONE	Conservative Unicode/case/whitespace/punctuation normalization only.
подвеска близнецы	подвеска близнецы	QG_1429467aa493	NONE	Conservative Unicode/case/whitespace/punctuation normalization only.
подвеска блюрилок в машину женская на зеркало	подвеска блюрилок в машину женская на зеркало	QG_8c2f4329ca03	NONE	Conservative Unicode/case/whitespace/punctuation normalization only.
подвеска богиня	подвеска богиня	QG_f17dd854d442	NONE	Conservative Unicode/case/whitespace/punctuation normalization only.
подвеска брелок на зеркало в машину мячь баскетбольный	подвеска брелок на зеркало в машину мячь баскетбольный	QG_41a429d6d9c1	NONE	Conservative Unicode/case/whitespace/punctuation normalization only.
подвеска брелок славянская	подвеска брелок славянская	QG_647771329d36	NONE	Conservative Unicode/case/whitespace/punctuation normalization only.
подвеска в авто бусины	подвеска в авто бусины	QG_16907b89c742	NONE	Conservative Unicode/case/whitespace/punctuation normalization only.
подвеска в авто на зеркало большая	подвеска в авто на зеркало большая	QG_56f974d41a98	NONE	Conservative Unicode/case/whitespace/punctuation normalization only.
подвеска в авто на зеркало руны	подвеска в авто на зеркало руны	QG_f00ddcc4b3af	NONE	Conservative Unicode/case/whitespace/punctuation normalization only.
подвеска в авто оберег	подвеска в авто оберег	QG_6198a58126dd	NONE	Conservative Unicode/case/whitespace/punctuation normalization only.
подвеска в авто оьерег	подвеска в авто оьерег	QG_5eff601d888b	NONE	Conservative Unicode/case/whitespace/punctuation normalization only.
подвеска в авто четки	подвеска в авто четки	QG_676b2087cff8	NONE	Conservative Unicode/case/whitespace/punctuation normalization only.
подвеска в автобус на зеркало ввс	подвеска в автобус на зеркало ввс	QG_ecdb48e39f6e	NONE	Conservative Unicode/case/whitespace/punctuation normalization only.
подвеска в автомобиль	подвеска в автомобиль	QG_a473acb8ee85	NONE	Conservative Unicode/case/whitespace/punctuation normalization only.
подвеска в автомобиль зеркало	подвеска в автомобиль зеркало	QG_cf2864e114c0	NONE	Conservative Unicode/case/whitespace/punctuation normalization only.
подвеска в автомобиль мужская на зеркало	подвеска в автомобиль мужская на зеркало	QG_a14d9b90aa0f	NONE	Conservative Unicode/case/whitespace/punctuation normalization only.
подвеска в автомобиль на зеркало	подвеска в автомобиль на зеркало	QG_659aaf490bce	NONE	Conservative Unicode/case/whitespace/punctuation normalization only.
подвеска в автомобиль стильная	подвеска в автомобиль стильная	QG_6328e8f3565f	NONE	Conservative Unicode/case/whitespace/punctuation normalization only.
подвеска в виде бесконечности	подвеска в виде бесконечности	QG_908079e9c3df	NONE	Conservative Unicode/case/whitespace/punctuation normalization only.
подвеска в зеркало автомобиля телец	подвеска в зеркало автомобиля телец	QG_44e78ea5748d	NONE	Conservative Unicode/case/whitespace/punctuation normalization only.
подвеска в зеркало в авто	подвеска в зеркало в авто	QG_f120bc5cf63c	NONE	Conservative Unicode/case/whitespace/punctuation normalization only.
подвеска в иашину	подвеска в иашину	QG_d26d14eeaeda	NONE	Conservative Unicode/case/whitespace/punctuation normalization only.
подвеска в ладу на зеркало	подвеска в ладу на зеркало	QG_2b9c20f3e544	NONE	Conservative Unicode/case/whitespace/punctuation normalization only.
подвеска в машин	подвеска в машин	QG_3e20c513c74e	NONE	Conservative Unicode/case/whitespace/punctuation normalization only.
подвеска в машинк	подвеска в машинк	QG_e8d53858d855	NONE	Conservative Unicode/case/whitespace/punctuation normalization only.
подвеска в машину	подвеска в машину	QG_6aade3fe8069	NONE	Conservative Unicode/case/whitespace/punctuation normalization only.
подвеска в машину jdm на зеркало	подвеска в машину jdm на зеркало	QG_bc4cd2189452	NONE	Conservative Unicode/case/whitespace/punctuation normalization only.
подвеска в машину авторская стрелец	подвеска в машину авторская стрелец	QG_363c506b9c9b	NONE	Conservative Unicode/case/whitespace/punctuation normalization only.
подвеска в машину большая	подвеска в машину большая	QG_dfdde90f15cd	NONE	Conservative Unicode/case/whitespace/punctuation normalization only.
подвеска в машину бутцы арсенал	подвеска в машину бутцы арсенал	QG_44961af5385d	NONE	Conservative Unicode/case/whitespace/punctuation normalization only.
подвеска в машину вдв 76	подвеска в машину вдв 76	QG_4a50f7daa371	NONE	Conservative Unicode/case/whitespace/punctuation normalization only.
подвеска в машину ведьмочка на метле на пружинке	подвеска в машину ведьмочка на метле на пружинке	QG_cf34616d5f6e	NONE	Conservative Unicode/case/whitespace/punctuation normalization only.
подвеска в машину велес	подвеска в машину велес	QG_a78fd1c04235	NONE	Conservative Unicode/case/whitespace/punctuation normalization only.
подвеска в машину водителю илье	подвеска в машину водителю илье	QG_58ebd6454f9d	NONE	Conservative Unicode/case/whitespace/punctuation normalization only.
подвеска в машину герб	подвеска в машину герб	QG_5f1a1ae4a37b	NONE	Conservative Unicode/case/whitespace/punctuation normalization only.
подвеска в машину дева	подвеска в машину дева	QG_43bf9c0579e8	NONE	Conservative Unicode/case/whitespace/punctuation normalization only.
подвеска в машину демон они на четках	подвеска в машину демон они на четках	QG_e49e52b54f09	NONE	Conservative Unicode/case/whitespace/punctuation normalization only.
подвеска в машину для мужч	подвеска в машину для мужч	QG_9d74da42a224	NONE	Conservative Unicode/case/whitespace/punctuation normalization only.
подвеска в машину женская ловец	подвеска в машину женская ловец	QG_5cf34e420ac3	NONE	Conservative Unicode/case/whitespace/punctuation normalization only.
подвеска в машину женская на зеркало скорпион	подвеска в машину женская на зеркало скорпион	QG_f05ea51259a7	NONE	Conservative Unicode/case/whitespace/punctuation normalization only.
подвеска в машину женский	подвеска в машину женский	QG_9cc38632f5fa	NONE	Conservative Unicode/case/whitespace/punctuation normalization only.
подвеска в машину зуб или коготь на зеркало	подвеска в машину зуб или коготь на зеркало	QG_8b3713ffa427	NONE	Conservative Unicode/case/whitespace/punctuation normalization only.
подвеска в машину из аниме	подвеска в машину из аниме	QG_69597551b27c	NONE	Conservative Unicode/case/whitespace/punctuation normalization only.
подвеска в машину из бисера оберег	подвеска в машину из бисера оберег	QG_fddc40b68cea	NONE	Conservative Unicode/case/whitespace/punctuation normalization only.
подвеска в машину из дерева	подвеска в машину из дерева	QG_3e65a81d6a31	NONE	Conservative Unicode/case/whitespace/punctuation normalization only.
подвеска в машину из кожи	подвеска в машину из кожи	QG_5ae44ab11ad6	NONE	Conservative Unicode/case/whitespace/punctuation normalization only.
подвеска в машину кия с пандой	подвеска в машину кия с пандой	QG_04b9f39102ce	NONE	Conservative Unicode/case/whitespace/punctuation normalization only.
подвеска в машину коза	подвеска в машину коза	QG_662b142a0044	NONE	Conservative Unicode/case/whitespace/punctuation normalization only.
подвеска в машину коловрат	подвеска в машину коловрат	QG_0cd22012730c	NONE	Conservative Unicode/case/whitespace/punctuation normalization only.
подвеска в машину легионерский шлем	подвеска в машину легионерский шлем	QG_f30168952a3f	NONE	Conservative Unicode/case/whitespace/punctuation normalization only.
подвеска в машину ловец снов	подвеска в машину ловец снов	QG_25bd3ae67e3c	NONE	Conservative Unicode/case/whitespace/punctuation normalization only.
подвеска в машину лучше пешком	подвеска в машину лучше пешком	QG_51b0db82122e	NONE	Conservative Unicode/case/whitespace/punctuation normalization only.
подвеска в машину мир	подвеска в машину мир	QG_15a9984211cb	NONE	Conservative Unicode/case/whitespace/punctuation normalization only.
подвеска в машину мужская оберег	подвеска в машину мужская оберег	QG_3d2a35c064fa	NONE	Conservative Unicode/case/whitespace/punctuation normalization only.
подвеска в машину мусульманская бисмила	подвеска в машину мусульманская бисмила	QG_ed7482ea05ec	NONE	Conservative Unicode/case/whitespace/punctuation normalization only.
подвеска в машину мягкий пушистый ежик	подвеска в машину мягкий пушистый ежик	QG_fae3405ac73a	NONE	Conservative Unicode/case/whitespace/punctuation normalization only.
подвеска в машину на зеркало	подвеска в машину на зеркало	QG_6cf450e84963	NONE	Conservative Unicode/case/whitespace/punctuation normalization only.
подвеска в машину на зеркало 18	подвеска в машину на зеркало 18	QG_236d52668ffd	NONE	Conservative Unicode/case/whitespace/punctuation normalization only.
подвеска в машину на зеркало dont drive so fast	подвеска в машину на зеркало dont drive so fast	QG_a9b747d0fff8	NONE	Conservative Unicode/case/whitespace/punctuation normalization only.
подвеска в машину на зеркало hyundai	подвеска в машину на зеркало hyundai	QG_2a7b9148b355	NONE	Conservative Unicode/case/whitespace/punctuation normalization only.
подвеска в машину на зеркало lron maiden	подвеска в машину на зеркало lron maiden	QG_8ed06430fe77	NONE	Conservative Unicode/case/whitespace/punctuation normalization only.
подвеска в машину на зеркало z	подвеска в машину на зеркало z	QG_045722176a21	NONE	Conservative Unicode/case/whitespace/punctuation normalization only.
подвеска в машину на зеркало а	подвеска в машину на зеркало а	QG_77373bb28915	NONE	Conservative Unicode/case/whitespace/punctuation normalization only.
подвеска в машину на зеркало белджи	подвеска в машину на зеркало белджи	QG_3cc197867d16	NONE	Conservative Unicode/case/whitespace/punctuation normalization only.
подвеска в машину на зеркало в грузовик	подвеска в машину на зеркало в грузовик	QG_f393641e6b35	NONE	Conservative Unicode/case/whitespace/punctuation normalization only.
подвеска в машину на зеркало вв мвд	подвеска в машину на зеркало вв мвд	QG_b9fa15675750	NONE	Conservative Unicode/case/whitespace/punctuation normalization only.
подвеска в машину на зеркало велес	подвеска в машину на зеркало велес	QG_44399a469bad	NONE	Conservative Unicode/case/whitespace/punctuation normalization only.
подвеска в машину на зеркало вера	подвеска в машину на зеркало вера	QG_a4a8bab67578	NONE	Conservative Unicode/case/whitespace/punctuation normalization only.
подвеска в машину на зеркало весы	подвеска в машину на зеркало весы	QG_567c5001f057	NONE	Conservative Unicode/case/whitespace/punctuation normalization only.
подвеска в машину на зеркало георгиевская	подвеска в машину на зеркало георгиевская	QG_a7dfbba0ce8b	NONE	Conservative Unicode/case/whitespace/punctuation normalization only.
подвеска в машину на зеркало горы	подвеска в машину на зеркало горы	QG_4978b59db9e4	NONE	Conservative Unicode/case/whitespace/punctuation normalization only.
подвеска в машину на зеркало гремлины	подвеска в машину на зеркало гремлины	QG_44c9dc93957f	NONE	Conservative Unicode/case/whitespace/punctuation normalization only.
подвеска в машину на зеркало девушке	подвеска в машину на зеркало девушке	QG_9eaa6d08bdd9	NONE	Conservative Unicode/case/whitespace/punctuation normalization only.
подвеска в машину на зеркало для мужчиныс надптсью езди аккуратно	подвеска в машину на зеркало для мужчиныс надптсью езди аккуратно	QG_42998ab167f6	NONE	Conservative Unicode/case/whitespace/punctuation normalization only.
подвеска в машину на зеркало домов	подвеска в машину на зеркало домов	QG_0f7dffecf85e	NONE	Conservative Unicode/case/whitespace/punctuation normalization only.
подвеска в машину на зеркало дракон	подвеска в машину на зеркало дракон	QG_6bd61bc757c3	NONE	Conservative Unicode/case/whitespace/punctuation normalization only.
подвеска в машину на зеркало же	подвеска в машину на зеркало же	QG_145bc25aba5f	NONE	Conservative Unicode/case/whitespace/punctuation normalization only.
подвеска в машину на зеркало жен	подвеска в машину на зеркало жен	QG_a0341cf8e990	NONE	Conservative Unicode/case/whitespace/punctuation normalization only.
подвеска в машину на зеркало женская зодиак	подвеска в машину на зеркало женская зодиак	QG_1e27b40225d7	NONE	Conservative Unicode/case/whitespace/punctuation normalization only.
подвеска в машину на зеркало женская оберег	подвеска в машину на зеркало женская оберег	QG_2d9e4b5337ba	NONE	Conservative Unicode/case/whitespace/punctuation normalization only.
подвеска в машину на зеркало звезда	подвеска в машину на зеркало звезда	QG_7c666cd2171c	NONE	Conservative Unicode/case/whitespace/punctuation normalization only.
подвеска в машину на зеркало знак задиака	подвеска в машину на зеркало знак задиака	QG_2ca6989de215	NONE	Conservative Unicode/case/whitespace/punctuation normalization only.
подвеска в машину на зеркало знак зодиака	подвеска в машину на зеркало знак зодиака	QG_6548028f0afb	NONE	Conservative Unicode/case/whitespace/punctuation normalization only.
подвеска в машину на зеркало знак зодиака весы	подвеска в машину на зеркало знак зодиака весы	QG_ca4320c04ee7	NONE	Conservative Unicode/case/whitespace/punctuation normalization only.
подвеска в машину на зеркало из биссера	подвеска в машину на зеркало из биссера	QG_03a879b68933	NONE	Conservative Unicode/case/whitespace/punctuation normalization only.
подвеска в машину на зеркало из камня с древом	подвеска в машину на зеркало из камня с древом	QG_c24facbb06ba	NONE	Conservative Unicode/case/whitespace/punctuation normalization only.
подвеска в машину на зеркало из камня с древом жизни	подвеска в машину на зеркало из камня с древом жизни	QG_68dfec233b94	NONE	Conservative Unicode/case/whitespace/punctuation normalization only.
подвеска в машину на зеркало инь янь	подвеска в машину на зеркало инь янь	QG_9bb583100447	NONE	Conservative Unicode/case/whitespace/punctuation normalization only.
подвеска в машину на зеркало инь янь дракон	подвеска в машину на зеркало инь янь дракон	QG_a4447d55689b	NONE	Conservative Unicode/case/whitespace/punctuation normalization only.
подвеска в машину на зеркало казахская	подвеска в машину на зеркало казахская	QG_6a17990afa9b	NONE	Conservative Unicode/case/whitespace/punctuation normalization only.
подвеска в машину на зеркало кипарис	подвеска в машину на зеркало кипарис	QG_c9d2562a9dbb	NONE	Conservative Unicode/case/whitespace/punctuation normalization only.
подвеска в машину на зеркало китай	подвеска в машину на зеркало китай	QG_86a65a50221e	NONE	Conservative Unicode/case/whitespace/punctuation normalization only.
подвеска в машину на зеркало коловрат	подвеска в машину на зеркало коловрат	QG_07295c517f1f	NONE	Conservative Unicode/case/whitespace/punctuation normalization only.
подвеска в машину на зеркало костюм	подвеска в машину на зеркало костюм	QG_9bf120cbd716	NONE	Conservative Unicode/case/whitespace/punctuation normalization only.
подвеска в машину на зеркало красная	подвеска в машину на зеркало красная	QG_d8787fbd9c52	NONE	Conservative Unicode/case/whitespace/punctuation normalization only.
подвеска в машину на зеркало лапоть	подвеска в машину на зеркало лапоть	QG_171c238b2f7e	NONE	Conservative Unicode/case/whitespace/punctuation normalization only.
подвеска в машину на зеркало ма ка крик	подвеска в машину на зеркало ма ка крик	QG_373137d9e9ba	NONE	Conservative Unicode/case/whitespace/punctuation normalization only.
подвеска в машину на зеркало майки	подвеска в машину на зеркало майки	QG_5c80225d9361	NONE	Conservative Unicode/case/whitespace/punctuation normalization only.
подвеска в машину на зеркало матрос	подвеска в машину на зеркало матрос	QG_8fbd26599914	NONE	Conservative Unicode/case/whitespace/punctuation normalization only.
подвеска в машину на зеркало мех	подвеска в машину на зеркало мех	QG_57e33e015e77	NONE	Conservative Unicode/case/whitespace/punctuation normalization only.
подвеска в машину на зеркало мотоцикл	подвеска в машину на зеркало мотоцикл	QG_348d6d48b02f	NONE	Conservative Unicode/case/whitespace/punctuation normalization only.
подвеска в машину на зеркало мужская евгений	подвеска в машину на зеркало мужская евгений	QG_f80871f78848	NONE	Conservative Unicode/case/whitespace/punctuation normalization only.
подвеска в машину на зеркало мужская рок	подвеска в машину на зеркало мужская рок	QG_61e6f4921fb9	NONE	Conservative Unicode/case/whitespace/punctuation normalization only.
подвеска в машину на зеркало мужская футбол зенит	подвеска в машину на зеркало мужская футбол зенит	QG_77c45e6f6cbb	NONE	Conservative Unicode/case/whitespace/punctuation normalization only.
подвеска в машину на зеркало мужская шайба	подвеска в машину на зеркало мужская шайба	QG_b243d129bf96	NONE	Conservative Unicode/case/whitespace/punctuation normalization only.
подвеска в машину на зеркало мусульманская сердечка	подвеска в машину на зеркало мусульманская сердечка	QG_794706b56a05	NONE	Conservative Unicode/case/whitespace/punctuation normalization only.
подвеска в машину на зеркало оберег	подвеска в машину на зеркало оберег	QG_f1f628a7c5da	NONE	Conservative Unicode/case/whitespace/punctuation normalization only.
подвеска в машину на зеркало овен	подвеска в машину на зеркало овен	QG_604d639426b5	NONE	Conservative Unicode/case/whitespace/punctuation normalization only.
подвеска в машину на зеркало оскал тигра	подвеска в машину на зеркало оскал тигра	QG_4668d6c364a3	NONE	Conservative Unicode/case/whitespace/punctuation normalization only.
подвеска в машину на зеркало от сглаза	подвеска в машину на зеркало от сглаза	QG_76e16ff0f1aa	NONE	Conservative Unicode/case/whitespace/punctuation normalization only.
подвеска в машину на зеркало питбуль	подвеска в машину на зеркало питбуль	QG_444505a9dfb2	NONE	Conservative Unicode/case/whitespace/punctuation normalization only.
подвеска в машину на зеркало пкм	подвеска в машину на зеркало пкм	QG_dc33a7aae418	NONE	Conservative Unicode/case/whitespace/punctuation normalization only.
подвеска в машину на зеркало прик	подвеска в машину на зеркало прик	QG_44d7d0effe14	NONE	Conservative Unicode/case/whitespace/punctuation normalization only.
подвеска в машину на зеркало приколь	подвеска в машину на зеркало приколь	QG_7a75a830cf56	NONE	Conservative Unicode/case/whitespace/punctuation normalization only.
подвеска в машину на зеркало рак	подвеска в машину на зеркало рак	QG_8d4d2ff8e465	NONE	Conservative Unicode/case/whitespace/punctuation normalization only.
подвеска в машину на зеркало россиянка	подвеска в машину на зеркало россиянка	QG_e0c0dc758086	NONE	Conservative Unicode/case/whitespace/punctuation normalization only.
подвеска в машину на зеркало руна	подвеска в машину на зеркало руна	QG_7549bf4f96bb	NONE	Conservative Unicode/case/whitespace/punctuation normalization only.
подвеска в машину на зеркало русская красавица	подвеска в машину на зеркало русская красавица	QG_53b80dc770e5	NONE	Conservative Unicode/case/whitespace/punctuation normalization only.
подвеска в машину на зеркало с кисточкой	подвеска в машину на зеркало с кисточкой	QG_7719877cafda	NONE	Conservative Unicode/case/whitespace/punctuation normalization only.
подвеска в машину на зеркало с крестом провославным	подвеска в машину на зеркало с крестом провославным	QG_91498f79af49	NONE	Conservative Unicode/case/whitespace/punctuation normalization only.
подвеска в машину на зеркало славянская	подвеска в машину на зеркало славянская	QG_4394209956fb	NONE	Conservative Unicode/case/whitespace/punctuation normalization only.
подвеска в машину на зеркало спецназ внутренних войск	подвеска в машину на зеркало спецназ внутренних войск	QG_7aff6bbed863	NONE	Conservative Unicode/case/whitespace/punctuation normalization only.
подвеска в машину на зеркало спорт	подвеска в машину на зеркало спорт	QG_1c89001cc651	NONE	Conservative Unicode/case/whitespace/punctuation normalization only.
подвеска в машину на зеркало ссср	подвеска в машину на зеркало ссср	QG_d3bab6dd6605	NONE	Conservative Unicode/case/whitespace/punctuation normalization only.
подвеска в машину на зеркало старославянская лада	подвеска в машину на зеркало старославянская лада	QG_957b236e8e3a	NONE	Conservative Unicode/case/whitespace/punctuation normalization only.
подвеска в машину на зеркало стеклянная	подвеска в машину на зеркало стеклянная	QG_05da74dcdbb8	NONE	Conservative Unicode/case/whitespace/punctuation normalization only.
подвеска в машину на зеркало телец	подвеска в машину на зеркало телец	QG_d072f9aba245	NONE	Conservative Unicode/case/whitespace/punctuation normalization only.
подвеска в машину на зеркало хендай	подвеска в машину на зеркало хендай	QG_e5a88801c800	NONE	Conservative Unicode/case/whitespace/punctuation normalization only.
подвеска в машину на зеркало череп	подвеска в машину на зеркало череп	QG_2ec80245d8dc	NONE	Conservative Unicode/case/whitespace/punctuation normalization only.
подвеска в машину на зеркало четки	подвеска в машину на зеркало четки	QG_b2a7fe2d96eb	NONE	Conservative Unicode/case/whitespace/punctuation normalization only.
подвеска в машину на зеркало шар черный восьмерка	подвеска в машину на зеркало шар черный восьмерка	QG_fd457192d107	NONE	Conservative Unicode/case/whitespace/punctuation normalization only.
подвеска в машину на зеркало шкода	подвеска в машину на зеркало шкода	QG_4b266bea2dc3	NONE	Conservative Unicode/case/whitespace/punctuation normalization only.
подвеска в машину на зеркало штурмовик север z	подвеска в машину на зеркало штурмовик север z	QG_e42d66100b60	NONE	Conservative Unicode/case/whitespace/punctuation normalization only.
подвеска в машину на зеркало юрта	подвеска в машину на зеркало юрта	QG_bcd83799140b	NONE	Conservative Unicode/case/whitespace/punctuation normalization only.
подвеска в машину на зеркало японская	подвеска в машину на зеркало японская	QG_5ea346b9823b	NONE	Conservative Unicode/case/whitespace/punctuation normalization only.
подвеска в машину наррд	подвеска в машину наррд	QG_11e5f742da4f	NONE	Conservative Unicode/case/whitespace/punctuation normalization only.
подвеска в машину новогодняя	подвеска в машину новогодняя	QG_52d2ee43214b	NONE	Conservative Unicode/case/whitespace/punctuation normalization only.
подвеска в машину новогодняя 2927	подвеска в машину новогодняя 2927	QG_2d6ebc08c271	NONE	Conservative Unicode/case/whitespace/punctuation normalization only.
подвеска в машину оберег на зеркало	подвеска в машину оберег на зеркало	QG_13efbd296e02	NONE	Conservative Unicode/case/whitespace/punctuation normalization only.
подвеска в машину оберег череп манула	подвеска в машину оберег череп манула	QG_b74a42c421b9	NONE	Conservative Unicode/case/whitespace/punctuation normalization only.
подвеска в машину подарок	подвеска в машину подарок	QG_41b907de25f2	NONE	Conservative Unicode/case/whitespace/punctuation normalization only.
подвеска в машину ретро	подвеска в машину ретро	QG_c63296e68f15	NONE	Conservative Unicode/case/whitespace/punctuation normalization only.
подвеска в машину род войск	подвеска в машину род войск	QG_de4912746ed3	NONE	Conservative Unicode/case/whitespace/punctuation normalization only.
подвеска в машину рука	подвеска в машину рука	QG_fda10cd6273d	NONE	Conservative Unicode/case/whitespace/punctuation normalization only.
подвеска в машину рыба на зеркало	подвеска в машину рыба на зеркало	QG_fc1765edd435	NONE	Conservative Unicode/case/whitespace/punctuation normalization only.
подвеска в машину светильник	подвеска в машину светильник	QG_c90fd5a660ae	NONE	Conservative Unicode/case/whitespace/punctuation normalization only.
подвеска в машину семья	подвеска в машину семья	QG_344db6eef99c	NONE	Conservative Unicode/case/whitespace/punctuation normalization only.
подвеска в машину скорпион	подвеска в машину скорпион	QG_7f993486ff38	NONE	Conservative Unicode/case/whitespace/punctuation normalization only.
подвеска в машину стрелец	подвеска в машину стрелец	QG_1ea4da32ba40	NONE	Conservative Unicode/case/whitespace/punctuation normalization only.
подвеска в машину талисман	подвеска в машину талисман	QG_d3407e83fbb0	NONE	Conservative Unicode/case/whitespace/punctuation normalization only.
подвеска в машину фигурка дедпул	подвеска в машину фигурка дедпул	QG_f454e453e84f	NONE	Conservative Unicode/case/whitespace/punctuation normalization only.
подвеска в машину четки	подвеска в машину четки	QG_a0b5447ab62b	NONE	Conservative Unicode/case/whitespace/punctuation normalization only.
подвеска в машину языческая	подвеска в машину языческая	QG_17d793b075c9	NONE	Conservative Unicode/case/whitespace/punctuation normalization only.
подвеска валькнут	подвеска валькнут	QG_a1aca1d6fb8b	NONE	Conservative Unicode/case/whitespace/punctuation normalization only.
подвеска весы	подвеска весы	QG_cc001a2678bd	NONE	Conservative Unicode/case/whitespace/punctuation normalization only.
подвеска весы мужская	подвеска весы мужская	QG_a30b61453dea	NONE	Conservative Unicode/case/whitespace/punctuation normalization only.
подвеска водолей	подвеска водолей	QG_de7a14ce64b2	NONE	Conservative Unicode/case/whitespace/punctuation normalization only.
подвеска герб в машину	подвеска герб в машину	QG_6086a772a6b6	NONE	Conservative Unicode/case/whitespace/punctuation normalization only.
подвеска дева	подвеска дева	QG_01d9e9be1b23	NONE	Conservative Unicode/case/whitespace/punctuation normalization only.
подвеска дерева мужская	подвеска дерева мужская	QG_ce944785ba77	NONE	Conservative Unicode/case/whitespace/punctuation normalization only.
подвеска дерево жизни на зеркале	подвеска дерево жизни на зеркале	QG_b9a4b4f3562a	NONE	Conservative Unicode/case/whitespace/punctuation normalization only.
подвеска для авто стильная	подвеска для авто стильная	QG_b0d4c657e685	NONE	Conservative Unicode/case/whitespace/punctuation normalization only.
подвеска для автомобиля на зеркало женская	подвеска для автомобиля на зеркало женская	QG_1c2d7e659e6f	NONE	Conservative Unicode/case/whitespace/punctuation normalization only.
подвеска для зеркало в авто	подвеска для зеркало в авто	QG_cf7489fd0c40	NONE	Conservative Unicode/case/whitespace/punctuation normalization only.
подвеска для машины перчатка написанными ufc	подвеска для машины перчатка написанными ufc	QG_eae30124317d	NONE	Conservative Unicode/case/whitespace/punctuation normalization only.
подвеска для овнов	подвеска для овнов	QG_0f6041a04b2c	NONE	Conservative Unicode/case/whitespace/punctuation normalization only.
подвеска для песка	подвеска для песка	QG_db4772dfdffc	NONE	Conservative Unicode/case/whitespace/punctuation normalization only.
подвеска женская в автомобиль на зеркало	подвеска женская в автомобиль на зеркало	QG_13a10c2b96f9	NONE	Conservative Unicode/case/whitespace/punctuation normalization only.
подвеска зеркал в машине	подвеска зеркал в машине	QG_d74127742f7e	NONE	Conservative Unicode/case/whitespace/punctuation normalization only.
подвеска зеркало автомобиля	подвеска зеркало автомобиля	QG_528b050aecd1	NONE	Conservative Unicode/case/whitespace/punctuation normalization only.
подвеска зеркало из натурального	подвеска зеркало из натурального	QG_4771ab11bf75	NONE	Conservative Unicode/case/whitespace/punctuation normalization only.
подвеска зеркало магического	подвеска зеркало магического	QG_ed038b346abe	NONE	Conservative Unicode/case/whitespace/punctuation normalization only.
подвеска зеркало оберег	подвеска зеркало оберег	QG_494f888b1580	NONE	Conservative Unicode/case/whitespace/punctuation normalization only.
подвеска зеркало-амулет	подвеска зеркало - амулет	QG_71bbbfc29f61	NONE	Conservative Unicode/case/whitespace/punctuation normalization only.
подвеска знак зодиака дева	подвеска знак зодиака дева	QG_50d72969f9c4	NONE	Conservative Unicode/case/whitespace/punctuation normalization only.
подвеска знак зодиака набор	подвеска знак зодиака набор	QG_fb41c4e0cfe3	NONE	Conservative Unicode/case/whitespace/punctuation normalization only.
подвеска знак зодиака рак в машину	подвеска знак зодиака рак в машину	QG_690e7eb6271a	NONE	Conservative Unicode/case/whitespace/punctuation normalization only.
подвеска знак зодиака соколов	подвеска знак зодиака соколов	QG_8bce34755540	NONE	Conservative Unicode/case/whitespace/punctuation normalization only.
подвеска из акрила	подвеска из акрила	QG_c0d0974242ee	NONE	Conservative Unicode/case/whitespace/punctuation normalization only.
подвеска из дерева в машину	подвеска из дерева в машину	QG_2c625cdb6be7	NONE	Conservative Unicode/case/whitespace/punctuation normalization only.
подвеска инь янь золото	подвеска инь янь золото	QG_76643810e53b	NONE	Conservative Unicode/case/whitespace/punctuation normalization only.
подвеска катана в машину на зеркало мужская	подвеска катана в машину на зеркало мужская	QG_22de38629498	NONE	Conservative Unicode/case/whitespace/punctuation normalization only.
подвеска коз	подвеска коз	QG_692deb5116f6	NONE	Conservative Unicode/case/whitespace/punctuation normalization only.
подвеска козерог	подвеска козерог	QG_cf764b0fb568	NONE	Conservative Unicode/case/whitespace/punctuation normalization only.
подвеска козерог карабин	подвеска козерог карабин	QG_2625e3d104c0	NONE	Conservative Unicode/case/whitespace/punctuation normalization only.
подвеска колесо в машину на зеркало	подвеска колесо в машину на зеркало	QG_6fdf9034cb3c	NONE	Conservative Unicode/case/whitespace/punctuation normalization only.
подвеска красная в машину на зеркало	подвеска красная в машину на зеркало	QG_d7622ba7fa49	NONE	Conservative Unicode/case/whitespace/punctuation normalization only.
подвеска крючок рыб в машину	подвеска крючок рыб в машину	QG_c888b2b01971	NONE	Conservative Unicode/case/whitespace/punctuation normalization only.
подвеска лев	подвеска лев	QG_95b5b6dd2b4d	NONE	Conservative Unicode/case/whitespace/punctuation normalization only.
подвеска лев в машину	подвеска лев в машину	QG_cb21e3f1ccd4	NONE	Conservative Unicode/case/whitespace/punctuation normalization only.
подвеска левна телефон	подвеска левна телефон	QG_9bbc4f23df2c	NONE	Conservative Unicode/case/whitespace/punctuation normalization only.
подвеска магическая	подвеска магическая	QG_aba84d124bc0	NONE	Conservative Unicode/case/whitespace/punctuation normalization only.
подвеска машину на зеркало	подвеска машину на зеркало	QG_57ca27438656	NONE	Conservative Unicode/case/whitespace/punctuation normalization only.
подвеска машины	подвеска машины	QG_090cdf4f56c9	NONE	Conservative Unicode/case/whitespace/punctuation normalization only.
подвеска медная скорпион	подвеска медная скорпион	QG_3c1577a4a70a	NONE	Conservative Unicode/case/whitespace/punctuation normalization only.
подвеска монетки в машину славянский оберег	подвеска монетки в машину славянский оберег	QG_ad27bb98fe89	NONE	Conservative Unicode/case/whitespace/punctuation normalization only.
подвеска мужская	подвеска мужская	QG_03f3236bed96	NONE	Conservative Unicode/case/whitespace/punctuation normalization only.
подвеска мужская коловрат	подвеска мужская коловрат	QG_c9d6c8ac44d9	NONE	Conservative Unicode/case/whitespace/punctuation normalization only.
подвеска мужская оберег	подвеска мужская оберег	QG_863c8124150f	NONE	Conservative Unicode/case/whitespace/punctuation normalization only.
подвеска на авто зеркало	подвеска на авто зеркало	QG_751b47c5d641	NONE	Conservative Unicode/case/whitespace/punctuation normalization only.
подвеска на авто зерколо	подвеска на авто зерколо	QG_507a47c1a7f4	NONE	Conservative Unicode/case/whitespace/punctuation normalization only.
подвеска на зеркало	подвеска на зеркало	QG_bb4b15bae108	NONE	Conservative Unicode/case/whitespace/punctuation normalization only.
подвеска на зеркало half life	подвеска на зеркало half life	QG_6013e2323a6c	NONE	Conservative Unicode/case/whitespace/punctuation normalization only.
подвеска на зеркало hella flash	подвеска на зеркало hella flash	QG_d6fcd7b15a74	NONE	Conservative Unicode/case/whitespace/punctuation normalization only.
подвеска на зеркало авто	подвеска на зеркало авто	QG_9bb86d70a646	NONE	Conservative Unicode/case/whitespace/punctuation normalization only.
подвеска на зеркало авто валенки	подвеска на зеркало авто валенки	QG_4a076d1aba98	NONE	Conservative Unicode/case/whitespace/punctuation normalization only.
подвеска на зеркало авто скорпион	подвеска на зеркало авто скорпион	QG_e84b40eb4289	NONE	Conservative Unicode/case/whitespace/punctuation normalization only.
подвеска на зеркало авто уголовный розыск в машину	подвеска на зеркало авто уголовный розыск в машину	QG_dab2d8a2dfe4	NONE	Conservative Unicode/case/whitespace/punctuation normalization only.
подвеска на зеркало автомобиля	подвеска на зеркало автомобиля	QG_be9fae3e1c6c	NONE	Conservative Unicode/case/whitespace/punctuation normalization only.
подвеска на зеркало автомобиля акула	подвеска на зеркало автомобиля акула	QG_e0bcc7627735	NONE	Conservative Unicode/case/whitespace/punctuation normalization only.
подвеска на зеркало автомобиля в машину	подвеска на зеркало автомобиля в машину	QG_18b537956ce4	NONE	Conservative Unicode/case/whitespace/punctuation normalization only.
подвеска на зеркало автомобиля дева	подвеска на зеркало автомобиля дева	QG_36420aa758c7	NONE	Conservative Unicode/case/whitespace/punctuation normalization only.
подвеска на зеркало автомобиля,	подвеска на зеркало автомобиля	QG_be9fae3e1c6c	NONE	Conservative Unicode/case/whitespace/punctuation normalization only.
подвеска на зеркало автомобиля.	подвеска на зеркало автомобиля	QG_be9fae3e1c6c	NONE	Conservative Unicode/case/whitespace/punctuation normalization only.
подвеска на зеркало в авто	подвеска на зеркало в авто	QG_4222642e6ef6	NONE	Conservative Unicode/case/whitespace/punctuation normalization only.
подвеска на зеркало в авто водолей	подвеска на зеркало в авто водолей	QG_66819c42e34b	NONE	Conservative Unicode/case/whitespace/punctuation normalization only.
подвеска на зеркало в авто коасный	подвеска на зеркало в авто коасный	QG_6b4f0ebe5263	NONE	Conservative Unicode/case/whitespace/punctuation normalization only.
подвеска на зеркало в автомобиль	подвеска на зеркало в автомобиль	QG_622224a5b49a	NONE	Conservative Unicode/case/whitespace/punctuation normalization only.
подвеска на зеркало в машине	подвеска на зеркало в машине	QG_e6733f7f5e69	NONE	Conservative Unicode/case/whitespace/punctuation normalization only.
подвеска на зеркало в машину	подвеска на зеркало в машину	QG_0ed10411d4cc	NONE	Conservative Unicode/case/whitespace/punctuation normalization only.
подвеска на зеркало в машину близнец	подвеска на зеркало в машину близнец	QG_7710171d74d0	NONE	Conservative Unicode/case/whitespace/punctuation normalization only.
подвеска на зеркало в машину боксерские перчатки lada samara	подвеска на зеркало в машину боксерские перчатки lada samara	QG_22593a054233	NONE	Conservative Unicode/case/whitespace/punctuation normalization only.
подвеска на зеркало в машину весы	подвеска на зеркало в машину весы	QG_037448fd65a1	NONE	Conservative Unicode/case/whitespace/punctuation normalization only.
подвеска на зеркало в машину воровская звезда	подвеска на зеркало в машину воровская звезда	QG_ca5a7f1b7beb	NONE	Conservative Unicode/case/whitespace/punctuation normalization only.
подвеска на зеркало в машину гаваи	подвеска на зеркало в машину гаваи	QG_5f6ed587b53c	NONE	Conservative Unicode/case/whitespace/punctuation normalization only.
подвеска на зеркало в машину для мужчины	подвеска на зеркало в машину для мужчины	QG_0749ef0e2496	NONE	Conservative Unicode/case/whitespace/punctuation normalization only.
подвеска на зеркало в машину древо жизни	подвеска на зеркало в машину древо жизни	QG_f87f20d25b4d	NONE	Conservative Unicode/case/whitespace/punctuation normalization only.
подвеска на зеркало в машину женская	подвеска на зеркало в машину женская	QG_36298444e5e2	NONE	Conservative Unicode/case/whitespace/punctuation normalization only.
подвеска на зеркало в машину згт	подвеска на зеркало в машину згт	QG_00e0dc0acd44	NONE	Conservative Unicode/case/whitespace/punctuation normalization only.
подвеска на зеркало в машину знак зодиака	подвеска на зеркало в машину знак зодиака	QG_0ed08300b22c	NONE	Conservative Unicode/case/whitespace/punctuation normalization only.
подвеска на зеркало в машину индейцы	подвеска на зеркало в машину индейцы	QG_72ab778ffc99	NONE	Conservative Unicode/case/whitespace/punctuation normalization only.
подвеска на зеркало в машину киа	подвеска на зеркало в машину киа	QG_bd49f58e44a3	NONE	Conservative Unicode/case/whitespace/punctuation normalization only.
подвеска на зеркало в машину купола	подвеска на зеркало в машину купола	QG_83cd7ffa69bf	NONE	Conservative Unicode/case/whitespace/punctuation normalization only.
подвеска на зеркало в машину лошадь	подвеска на зеркало в машину лошадь	QG_af20d3a763ca	NONE	Conservative Unicode/case/whitespace/punctuation normalization only.
подвеска на зеркало в машину мужская скалодаз	подвеска на зеркало в машину мужская скалодаз	QG_1ab0ce72ee77	NONE	Conservative Unicode/case/whitespace/punctuation normalization only.
подвеска на зеркало в машину нисан	подвеска на зеркало в машину нисан	QG_cd0044afbab5	NONE	Conservative Unicode/case/whitespace/punctuation normalization only.
подвеска на зеркало в машину оберег	подвеска на зеркало в машину оберег	QG_c67ad57ea4ed	NONE	Conservative Unicode/case/whitespace/punctuation normalization only.
подвеска на зеркало в машину питбуль	подвеска на зеркало в машину питбуль	QG_814bca642a2d	NONE	Conservative Unicode/case/whitespace/punctuation normalization only.
подвеска на зеркало в машину прикол	подвеска на зеркало в машину прикол	QG_5efb803f208f	NONE	Conservative Unicode/case/whitespace/punctuation normalization only.
подвеска на зеркало в машину рыба	подвеска на зеркало в машину рыба	QG_9ab1f9c98d9c	NONE	Conservative Unicode/case/whitespace/punctuation normalization only.
подвеска на зеркало в машину скелет рыба	подвеска на зеркало в машину скелет рыба	QG_9eb3e9794786	NONE	Conservative Unicode/case/whitespace/punctuation normalization only.
подвеска на зеркало в машину собака	подвеска на зеркало в машину собака	QG_ba2486948c6b	NONE	Conservative Unicode/case/whitespace/punctuation normalization only.
подвеска на зеркало в машину ссср	подвеска на зеркало в машину ссср	QG_c16ede913414	NONE	Conservative Unicode/case/whitespace/punctuation normalization only.
подвеска на зеркало в машину талисман	подвеска на зеркало в машину талисман	QG_9c420cd7c90c	NONE	Conservative Unicode/case/whitespace/punctuation normalization only.
подвеска на зеркало в машину тигр	подвеска на зеркало в машину тигр	QG_7a7a0d3884e4	NONE	Conservative Unicode/case/whitespace/punctuation normalization only.
подвеска на зеркало в машину топор	подвеска на зеркало в машину топор	QG_03b9dd849ef8	NONE	Conservative Unicode/case/whitespace/punctuation normalization only.
подвеска на зеркало в машину уаз	подвеска на зеркало в машину уаз	QG_4e3a998acfd8	NONE	Conservative Unicode/case/whitespace/punctuation normalization only.
подвеска на зеркало в машину фигурка гимнаст	подвеска на зеркало в машину фигурка гимнаст	QG_588e8ee9b0d3	NONE	Conservative Unicode/case/whitespace/punctuation normalization only.
подвеска на зеркало в машину фигурка спортивная гимнастика	подвеска на зеркало в машину фигурка спортивная гимнастика	QG_c1af2258fabd	NONE	Conservative Unicode/case/whitespace/punctuation normalization only.
подвеска на зеркало в машину череп	подвеска на зеркало в машину череп	QG_5ab27672c0b5	NONE	Conservative Unicode/case/whitespace/punctuation normalization only.
подвеска на зеркало в машину япоская	подвеска на зеркало в машину япоская	QG_5aedcdc5acdf	NONE	Conservative Unicode/case/whitespace/punctuation normalization only.
подвеска на зеркало девушка	подвеска на зеркало девушка	QG_5e1c4732e310	NONE	Conservative Unicode/case/whitespace/punctuation normalization only.
подвеска на зеркало девушка аниме	подвеска на зеркало девушка аниме	QG_9fcddc4e8c94	NONE	Conservative Unicode/case/whitespace/punctuation normalization only.
подвеска на зеркало деревянная	подвеска на зеркало деревянная	QG_c617b90e7ecd	NONE	Conservative Unicode/case/whitespace/punctuation normalization only.
подвеска на зеркало для автомобиля	подвеска на зеркало для автомобиля	QG_e8eb9aeb9467	NONE	Conservative Unicode/case/whitespace/punctuation normalization only.
подвеска на зеркало заднего вида в машину маска бдсм	подвеска на зеркало заднего вида в машину маска бдсм	QG_cfa9c5943692	NONE	Conservative Unicode/case/whitespace/punctuation normalization only.
подвеска на зеркало машины	подвеска на зеркало машины	QG_ed1218425b7c	NONE	Conservative Unicode/case/whitespace/punctuation normalization only.
подвеска на зеркало машины лапа тигра	подвеска на зеркало машины лапа тигра	QG_09a0b7817b83	NONE	Conservative Unicode/case/whitespace/punctuation normalization only.
подвеска на зеркало мужская	подвеска на зеркало мужская	QG_52445b1d50d8	NONE	Conservative Unicode/case/whitespace/punctuation normalization only.
подвеска на зеркало мужская в машину	подвеска на зеркало мужская в машину	QG_3d6a7d605f94	NONE	Conservative Unicode/case/whitespace/punctuation normalization only.
подвеска на зеркало рыба	подвеска на зеркало рыба	QG_c9d9484a4c39	NONE	Conservative Unicode/case/whitespace/punctuation normalization only.
подвеска на зеркало рыбы	подвеска на зеркало рыбы	QG_ecb2fa34ae2d	NONE	Conservative Unicode/case/whitespace/punctuation normalization only.
подвеска на зеркало славянская	подвеска на зеркало славянская	QG_e5df8ea99e4d	NONE	Conservative Unicode/case/whitespace/punctuation normalization only.
подвеска на зеркало татарское	подвеска на зеркало татарское	QG_e9a7cebda8aa	NONE	Conservative Unicode/case/whitespace/punctuation normalization only.
подвеска на зеркало у машину	подвеска на зеркало у машину	QG_25a4d4a4d2eb	NONE	Conservative Unicode/case/whitespace/punctuation normalization only.
подвеска на зеркало хоккейная краги в машину	подвеска на зеркало хоккейная краги в машину	QG_be1be981e33a	NONE	Conservative Unicode/case/whitespace/punctuation normalization only.
подвеска на зеркало щущеная голоаа	подвеска на зеркало щущеная голоаа	QG_96ea64917509	NONE	Conservative Unicode/case/whitespace/punctuation normalization only.
подвеска на машину	подвеска на машину	QG_d0d54245db76	NONE	Conservative Unicode/case/whitespace/punctuation normalization only.
подвеска на удачу	подвеска на удачу	QG_8d93a3ffb366	NONE	Conservative Unicode/case/whitespace/punctuation normalization only.
подвеска на шею ловец снов	подвеска на шею ловец снов	QG_d2aa767e7011	NONE	Conservative Unicode/case/whitespace/punctuation normalization only.
подвеска на шею чернобог	подвеска на шею чернобог	QG_15c6483d6cd0	NONE	Conservative Unicode/case/whitespace/punctuation normalization only.
подвеска оберег в машину бог тарс	подвеска оберег в машину бог тарс	QG_7cf68c363379	NONE	Conservative Unicode/case/whitespace/punctuation normalization only.
подвеска оберег в машину на зеркало	подвеска оберег в машину на зеркало	QG_f7f03499202b	NONE	Conservative Unicode/case/whitespace/punctuation normalization only.
подвеска оберег глаз в машину	подвеска оберег глаз в машину	QG_f2c375eb35ee	NONE	Conservative Unicode/case/whitespace/punctuation normalization only.
подвеска оберег на зеркало автомобиля	подвеска оберег на зеркало автомобиля	QG_878ff267f7ea	NONE	Conservative Unicode/case/whitespace/punctuation normalization only.
подвеска оберег овен	подвеска оберег овен	QG_8e49af1b3524	NONE	Conservative Unicode/case/whitespace/punctuation normalization only.
подвеска оберег от сглаза	подвеска оберег от сглаза	QG_e10f32a97ad6	NONE	Conservative Unicode/case/whitespace/punctuation normalization only.
подвеска оберег с	подвеска оберег с	QG_ede3816fde67	NONE	Conservative Unicode/case/whitespace/punctuation normalization only.
подвеска овен	подвеска овен	QG_97d87fb1665d	NONE	Conservative Unicode/case/whitespace/punctuation normalization only.
подвеска ом	подвеска ом	QG_2fa62791f572	NONE	Conservative Unicode/case/whitespace/punctuation normalization only.
подвеска от порчи	подвеска от порчи	QG_e44ec9f0171c	NONE	Conservative Unicode/case/whitespace/punctuation normalization only.
подвеска от сглаза	подвеска от сглаза	QG_e023450c3e1d	NONE	Conservative Unicode/case/whitespace/punctuation normalization only.
подвеска от сглаза в машину	подвеска от сглаза в машину	QG_d960a74b302c	NONE	Conservative Unicode/case/whitespace/punctuation normalization only.
подвеска под з	подвеска под з	QG_336ea37768b2	NONE	Conservative Unicode/case/whitespace/punctuation normalization only.
подвеска под зеркало	подвеска под зеркало	QG_c983d2920b93	NONE	Conservative Unicode/case/whitespace/punctuation normalization only.
подвеска православная в машину на зеркало	подвеска православная в машину на зеркало	QG_d177a3eca79a	NONE	Conservative Unicode/case/whitespace/punctuation normalization only.
подвеска прикольная на зеркало в машину	подвеска прикольная на зеркало в машину	QG_e4ab9948e4e4	NONE	Conservative Unicode/case/whitespace/punctuation normalization only.
подвеска рак	подвеска рак	QG_f7f52e68724d	NONE	Conservative Unicode/case/whitespace/punctuation normalization only.
подвеска рак большая	подвеска рак большая	QG_6fcfb1b54bc5	NONE	Conservative Unicode/case/whitespace/punctuation normalization only.
подвеска россия на зеркало в машину	подвеска россия на зеркало в машину	QG_660b0946e622	NONE	Conservative Unicode/case/whitespace/punctuation normalization only.
подвеска руна	подвеска руна	QG_4bcd41abde85	NONE	Conservative Unicode/case/whitespace/punctuation normalization only.
подвеска с защитой от сглаза и порчи	подвеска с защитой от сглаза и порчи	QG_407fdf807fd1	NONE	Conservative Unicode/case/whitespace/punctuation normalization only.
подвеска с зеркалом дерево	подвеска с зеркалом дерево	QG_d7e1b488c1e1	NONE	Conservative Unicode/case/whitespace/punctuation normalization only.
подвеска с знаком зодиака рак	подвеска с знаком зодиака рак	QG_ded1098f553c	NONE	Conservative Unicode/case/whitespace/punctuation normalization only.
подвеска с ру	подвеска с ру	QG_8661604cdc5a	NONE	Conservative Unicode/case/whitespace/punctuation normalization only.
подвеска скорпион	подвеска скорпион	QG_657a9f613f11	NONE	Conservative Unicode/case/whitespace/punctuation normalization only.
подвеска скорпион в машину	подвеска скорпион в машину	QG_2e3e773ed681	NONE	Conservative Unicode/case/whitespace/punctuation normalization only.
подвеска скорпион в машину на зеркало	подвеска скорпион в машину на зеркало	QG_766292dfb26c	NONE	Conservative Unicode/case/whitespace/punctuation normalization only.
подвеска скорпион мужская	подвеска скорпион мужская	QG_1fb60b9c1cd6	NONE	Conservative Unicode/case/whitespace/punctuation normalization only.
подвеска скорпион на ни	подвеска скорпион на ни	QG_252066b845ef	NONE	Conservative Unicode/case/whitespace/punctuation normalization only.
подвеска скорпион на шею мужской	подвеска скорпион на шею мужской	QG_e23d61547f67	NONE	Conservative Unicode/case/whitespace/punctuation normalization only.
подвеска славянская	подвеска славянская	QG_e2c40e34755c	NONE	Conservative Unicode/case/whitespace/punctuation normalization only.
подвеска славянская на зеркало автомобиля	подвеска славянская на зеркало автомобиля	QG_42913742cfff	NONE	Conservative Unicode/case/whitespace/punctuation normalization only.
подвеска славянский оберег	подвеска славянский оберег	QG_e037bde2c11f	NONE	Conservative Unicode/case/whitespace/punctuation normalization only.
подвеска со заком зодиака стрелец	подвеска со заком зодиака стрелец	QG_50dc89950f1b	NONE	Conservative Unicode/case/whitespace/punctuation normalization only.
подвеска со львом	подвеска со львом	QG_290366f9d71a	NONE	Conservative Unicode/case/whitespace/punctuation normalization only.
подвеска со стразами в машину на зеркало	подвеска со стразами в машину на зеркало	QG_0ad95b085ecf	NONE	Conservative Unicode/case/whitespace/punctuation normalization only.
подвеска стрелец	подвеска стрелец	QG_52d469eb8bb9	NONE	Conservative Unicode/case/whitespace/punctuation normalization only.
подвеска стрелец позолота	подвеска стрелец позолота	QG_2d8687fcc87f	NONE	Conservative Unicode/case/whitespace/punctuation normalization only.
подвеска телец	подвеска телец	QG_be9dda035ab3	NONE	Conservative Unicode/case/whitespace/punctuation normalization only.
подвеска узел	подвеска узел	QG_4b7ebdb3b14d	NONE	Conservative Unicode/case/whitespace/punctuation normalization only.
подвеска украшение в автомобиль	подвеска украшение в автомобиль	QG_f5b7242aa002	NONE	Conservative Unicode/case/whitespace/punctuation normalization only.
подвеска череп вагнер в машину	подвеска череп вагнер в машину	QG_c7740ffbe1fb	NONE	Conservative Unicode/case/whitespace/punctuation normalization only.
подвеска четки	подвеска четки	QG_f5b42ae5704d	NONE	Conservative Unicode/case/whitespace/punctuation normalization only.
подвеска четки на зеркало в машину	подвеска четки на зеркало в машину	QG_32174009125d	NONE	Conservative Unicode/case/whitespace/punctuation normalization only.
подвеска шаманский оберег в машину	подвеска шаманский оберег в машину	QG_3bf5852535c4	NONE	Conservative Unicode/case/whitespace/punctuation normalization only.
подвеска эзотерика	подвеска эзотерика	QG_fa1183c05c56	NONE	Conservative Unicode/case/whitespace/punctuation normalization only.
подвеска ювелирная весы скорпион	подвеска ювелирная весы скорпион	QG_75b483156c65	NONE	Conservative Unicode/case/whitespace/punctuation normalization only.
подвеска ювелирная козерог	подвеска ювелирная козерог	QG_9abbdf0f96ac	NONE	Conservative Unicode/case/whitespace/punctuation normalization only.
подвески в авто на зеркало	подвески в авто на зеркало	QG_6df265f67ae0	NONE	Conservative Unicode/case/whitespace/punctuation normalization only.
подвески в авто на зеркало деревянные	подвески в авто на зеркало деревянные	QG_c69a65d27059	NONE	Conservative Unicode/case/whitespace/punctuation normalization only.
подвески в авто рак	подвески в авто рак	QG_8a131af2c138	NONE	Conservative Unicode/case/whitespace/punctuation normalization only.
подвески в автомобиль на зеркало	подвески в автомобиль на зеркало	QG_2559dc12fb19	NONE	Conservative Unicode/case/whitespace/punctuation normalization only.
подвески в машину водолей	подвески в машину водолей	QG_373f408afd9c	NONE	Conservative Unicode/case/whitespace/punctuation normalization only.
подвески в машину на зеркало для девушки	подвески в машину на зеркало для девушки	QG_bfee953576bf	NONE	Conservative Unicode/case/whitespace/punctuation normalization only.
подвески весы	подвески весы	QG_31a039da5a48	NONE	Conservative Unicode/case/whitespace/punctuation normalization only.
подвески знаки зодиака	подвески знаки зодиака	QG_e522d4442e19	NONE	Conservative Unicode/case/whitespace/punctuation normalization only.
подвески на зеркало	подвески на зеркало	QG_2eb429d79109	NONE	Conservative Unicode/case/whitespace/punctuation normalization only.
подвески на зеркало авто	подвески на зеркало авто	QG_c113229141d5	NONE	Conservative Unicode/case/whitespace/punctuation normalization only.
подвески на зеркало для авто	подвески на зеркало для авто	QG_d84a6ecb3f3e	NONE	Conservative Unicode/case/whitespace/punctuation normalization only.
подвески обереги в машину на зеркало женские	подвески обереги в машину на зеркало женские	QG_8881084c7b7f	NONE	Conservative Unicode/case/whitespace/punctuation normalization only.
подвески с рунами	подвески с рунами	QG_852c2aea6e53	NONE	Conservative Unicode/case/whitespace/punctuation normalization only.
подвестка в машину	подвестка в машину	QG_3c7549b65e2b	NONE	Conservative Unicode/case/whitespace/punctuation normalization only.
подвечка на зеркало	подвечка на зеркало	QG_ebfa3e6c2020	NONE	Conservative Unicode/case/whitespace/punctuation normalization only.
подвнска в мсшине зерколо	подвнска в мсшине зерколо	QG_0e1e4f77b8a1	NONE	Conservative Unicode/case/whitespace/punctuation normalization only.
поддвеска славянские	поддвеска славянские	QG_755b4eb0ade1	NONE	Conservative Unicode/case/whitespace/punctuation normalization only.
подставка близнец	подставка близнец	QG_ab0deec936c5	NONE	Conservative Unicode/case/whitespace/punctuation normalization only.
подушка в машину дева	подушка в машину дева	QG_80caf30d956b	NONE	Conservative Unicode/case/whitespace/punctuation normalization only.
полвеска телец	полвеска телец	QG_75c203c03925	NONE	Conservative Unicode/case/whitespace/punctuation normalization only.
посуда хорс	посуда хорс	QG_7bfbf1b278c4	NONE	Conservative Unicode/case/whitespace/punctuation normalization only.
прикол в машину талисман	прикол в машину талисман	QG_9bf48fd34f44	NONE	Conservative Unicode/case/whitespace/punctuation normalization only.
прикольная талисман подвеска на зеркало в машину для машины в салон	прикольная талисман подвеска на зеркало в машину для машины в салон	QG_d17a28a0be12	NONE	Conservative Unicode/case/whitespace/punctuation normalization only.
провославный оберег в машину	провославный оберег в машину	QG_c190d34c4d55	NONE	Conservative Unicode/case/whitespace/punctuation normalization only.
путник оберег	путник оберег	QG_1d69b313eae1	NONE	Conservative Unicode/case/whitespace/punctuation normalization only.
пушистая игрушка в машину на зеркало котенок	пушистая игрушка в машину на зеркало котенок	QG_4a1d0b5812a2	NONE	Conservative Unicode/case/whitespace/punctuation normalization only.
рак	рак	QG_9d41210ad9ac	NONE	Conservative Unicode/case/whitespace/punctuation normalization only.
рак на присоске в машину	рак на присоске в машину	QG_b99dd2daa748	NONE	Conservative Unicode/case/whitespace/punctuation normalization only.
рака ловки	рака ловки	QG_76902649026d	NONE	Conservative Unicode/case/whitespace/punctuation normalization only.
раки	раки	QG_7146f59841c4	NONE	Conservative Unicode/case/whitespace/punctuation normalization only.
распродажа	распродажа	QG_6300f808619e	NONE	Conservative Unicode/case/whitespace/punctuation normalization only.
расческа стрелец	расческа стрелец	QG_b4e69ffbc324	NONE	Conservative Unicode/case/whitespace/punctuation normalization only.
россия белоруссия флаг на присоске в машину	россия белоруссия флаг на присоске в машину	QG_4346a55db57f	NONE	Conservative Unicode/case/whitespace/punctuation normalization only.
руна гунгнира футболка	руна гунгнира футболка	QG_0f59d7cc6297	NONE	Conservative Unicode/case/whitespace/punctuation normalization only.
руна крест	руна крест	QG_0f7c024794fc	NONE	Conservative Unicode/case/whitespace/punctuation normalization only.
руна подвеска	руна подвеска	QG_76df3d4cf201	NONE	Conservative Unicode/case/whitespace/punctuation normalization only.
рунический амулет	рунический амулет	QG_88ffc9cff947	NONE	Conservative Unicode/case/whitespace/punctuation normalization only.
руны	руны	QG_96869e4e1c5d	NONE	Conservative Unicode/case/whitespace/punctuation normalization only.
руны амулет защита	руны амулет защита	QG_9649c5806c54	NONE	Conservative Unicode/case/whitespace/punctuation normalization only.
руны в машину	руны в машину	QG_06435467ad22	NONE	Conservative Unicode/case/whitespace/punctuation normalization only.
руны обкрег	руны обкрег	QG_1989d474df8a	NONE	Conservative Unicode/case/whitespace/punctuation normalization only.
руны подвеска	руны подвеска	QG_55940633f0fb	NONE	Conservative Unicode/case/whitespace/punctuation normalization only.
руны подвеска в машину	руны подвеска в машину	QG_4f379e3f958d	NONE	Conservative Unicode/case/whitespace/punctuation normalization only.
руны подвеска дерево в машину на защиту	руны подвеска дерево в машину на защиту	QG_ae2a048d4d4c	NONE	Conservative Unicode/case/whitespace/punctuation normalization only.
руны славянские	руны славянские	QG_48fca06a80a5	NONE	Conservative Unicode/case/whitespace/punctuation normalization only.
руны славянские бусины	руны славянские бусины	QG_3c9e32b232dd	NONE	Conservative Unicode/case/whitespace/punctuation normalization only.
русич	русич	QG_8f1b5a9423f1	NONE	Conservative Unicode/case/whitespace/punctuation normalization only.
русская подвескс	русская подвескс	QG_18e456f11213	NONE	Conservative Unicode/case/whitespace/punctuation normalization only.
русские обереги	русские обереги	QG_2a14d390f487	NONE	Conservative Unicode/case/whitespace/punctuation normalization only.
рыба	рыба	QG_a01c2e254d6c	NONE	Conservative Unicode/case/whitespace/punctuation normalization only.
рыбий глаз зеркало на столб	рыбий глаз зеркало на столб	QG_08800cbfc675	NONE	Conservative Unicode/case/whitespace/punctuation normalization only.
рыбы	рыбы	QG_0eb931637891	NONE	Conservative Unicode/case/whitespace/punctuation normalization only.
с зеркалом оберег	с зеркалом оберег	QG_53a19502edcf	NONE	Conservative Unicode/case/whitespace/punctuation normalization only.
с рунами на зеркало в машину	с рунами на зеркало в машину	QG_6a8d2a070002	NONE	Conservative Unicode/case/whitespace/punctuation normalization only.
самурай	самурай	QG_0af3e6e13231	NONE	Conservative Unicode/case/whitespace/punctuation normalization only.
самурайские аксессуары	самурайские аксессуары	QG_6fe96cc71341	NONE	Conservative Unicode/case/whitespace/punctuation normalization only.
самурайский оберег	самурайский оберег	QG_bdf450314987	NONE	Conservative Unicode/case/whitespace/punctuation normalization only.
самурайский стиль	самурайский стиль	QG_48140aeebc3c	NONE	Conservative Unicode/case/whitespace/punctuation normalization only.
самурая на голову	самурая на голову	QG_1360c0719429	NONE	Conservative Unicode/case/whitespace/punctuation normalization only.
сварог зн	сварог зн	QG_9a02ac340e8f	NONE	Conservative Unicode/case/whitespace/punctuation normalization only.
сварог оберег	сварог оберег	QG_789e105f0f47	NONE	Conservative Unicode/case/whitespace/punctuation normalization only.
сварог оберег в машину	сварог оберег в машину	QG_9a118b7439aa	NONE	Conservative Unicode/case/whitespace/punctuation normalization only.
сварог подвеска	сварог подвеска	QG_776cbdf0d8ee	NONE	Conservative Unicode/case/whitespace/punctuation normalization only.
сварочник сварог	сварочник сварог	QG_e7e910ec3fda	NONE	Conservative Unicode/case/whitespace/punctuation normalization only.
свеча для знака близнецы	свеча для знака близнецы	QG_ba94584724c3	NONE	Conservative Unicode/case/whitespace/punctuation normalization only.
свеча перун	свеча перун	QG_4783906b6e31	NONE	Conservative Unicode/case/whitespace/punctuation normalization only.
семагл	семагл	QG_17ad9057be86	NONE	Conservative Unicode/case/whitespace/punctuation normalization only.
семейный оберег	семейный оберег	QG_c79e5185d223	NONE	Conservative Unicode/case/whitespace/punctuation normalization only.
семейный очаг песок	семейный очаг песок	QG_e34a1b8c2f01	NONE	Conservative Unicode/case/whitespace/punctuation normalization only.
семургл	семургл	QG_4a02d2eb7346	NONE	Conservative Unicode/case/whitespace/punctuation normalization only.
сережки телец	сережки телец	QG_43a7aece496f	NONE	Conservative Unicode/case/whitespace/punctuation normalization only.
серьги с козерогом	серьги с козерогом	QG_20951b5824cd	NONE	Conservative Unicode/case/whitespace/punctuation normalization only.
сила	сила	QG_2fcdb9d858a7	NONE	Conservative Unicode/case/whitespace/punctuation normalization only.
символ славянский	символ славянский	QG_7c4a122aaed1	NONE	Conservative Unicode/case/whitespace/punctuation normalization only.
символ хорса	символ хорса	QG_1d49202ea517	NONE	Conservative Unicode/case/whitespace/punctuation normalization only.
символ чернобог	символ чернобог	QG_627d6b961a21	NONE	Conservative Unicode/case/whitespace/punctuation normalization only.
сито для муки	сито для муки	QG_f8fd3b1d99ab	NONE	Conservative Unicode/case/whitespace/punctuation normalization only.
сихлы в машину	сихлы в машину	QG_786d165a3cac	NONE	Conservative Unicode/case/whitespace/punctuation normalization only.
скандинавский оберег на зеркало в машину	скандинавский оберег на зеркало в машину	QG_4cf71e14f2ab	NONE	Conservative Unicode/case/whitespace/punctuation normalization only.
сковорода гугнир	сковорода гугнир	QG_38d7351727dd	NONE	Conservative Unicode/case/whitespace/punctuation normalization only.
скорпион	скорпион	QG_fcc5576b998a	NONE	Conservative Unicode/case/whitespace/punctuation normalization only.
скорпион оберег	скорпион оберег	QG_9aab878c31d5	NONE	Conservative Unicode/case/whitespace/punctuation normalization only.
скорпион подвеска	скорпион подвеска	QG_4bd5d28c84a7	NONE	Conservative Unicode/case/whitespace/punctuation normalization only.
скрепка на авто козерог	скрепка на авто козерог	QG_26550b448b4f	NONE	Conservative Unicode/case/whitespace/punctuation normalization only.
скутер скорпион зеркало	скутер скорпион зеркало	QG_fb542cbbadd2	NONE	Conservative Unicode/case/whitespace/punctuation normalization only.
славяне оберег	славяне оберег	QG_4dc481de8ed4	NONE	Conservative Unicode/case/whitespace/punctuation normalization only.
славянкая защита	славянкая защита	QG_b601a98fef0d	NONE	Conservative Unicode/case/whitespace/punctuation normalization only.
славянская подвеска	славянская подвеска	QG_a13d0dcc922c	NONE	Conservative Unicode/case/whitespace/punctuation normalization only.
славянская подвеска оберег	славянская подвеска оберег	QG_71520afd2dab	NONE	Conservative Unicode/case/whitespace/punctuation normalization only.
славянские	славянские	QG_7672be6f579d	NONE	Conservative Unicode/case/whitespace/punctuation normalization only.
славянские аксессуары	славянские аксессуары	QG_411b8a92a0fd	NONE	Conservative Unicode/case/whitespace/punctuation normalization only.
славянские амулеты обереги	славянские амулеты обереги	QG_272a1caab8fa	NONE	Conservative Unicode/case/whitespace/punctuation normalization only.
славянские боги дерево	славянские боги дерево	QG_bb7ab4a90fe1	NONE	Conservative Unicode/case/whitespace/punctuation normalization only.
славянские боги и богини	славянские боги и богини	QG_ec179655bedb	NONE	Conservative Unicode/case/whitespace/punctuation normalization only.
славянские оберег	славянские оберег	QG_06b210d30d8f	NONE	Conservative Unicode/case/whitespace/punctuation normalization only.
славянские оберег чернобог для мужчин	славянские оберег чернобог для мужчин	QG_a540d33902f1	NONE	Conservative Unicode/case/whitespace/punctuation normalization only.
славянские обереги	славянские обереги	QG_dfba2a0449f3	NONE	Conservative Unicode/case/whitespace/punctuation normalization only.
славянские обереги в машину	славянские обереги в машину	QG_4ab776780cb5	NONE	Conservative Unicode/case/whitespace/punctuation normalization only.
славянские обереги в машину для мужчин	славянские обереги в машину для мужчин	QG_b211c1abdde4	NONE	Conservative Unicode/case/whitespace/punctuation normalization only.
славянские обереги для мужчин	славянские обереги для мужчин	QG_e97909887a58	NONE	Conservative Unicode/case/whitespace/punctuation normalization only.
славянские обереги знич	славянские обереги знич	QG_572cfe7a9d78	NONE	Conservative Unicode/case/whitespace/punctuation normalization only.
славянские обереги мужские	славянские обереги мужские	QG_dcfa6ab894b0	NONE	Conservative Unicode/case/whitespace/punctuation normalization only.
славянские обереги мужские в машину	славянские обереги мужские в машину	QG_0213afc78c61	NONE	Conservative Unicode/case/whitespace/punctuation normalization only.
славянские обереги мужские в машину на зеркало	славянские обереги мужские в машину на зеркало	QG_15ffb9b3e32d	NONE	Conservative Unicode/case/whitespace/punctuation normalization only.
славянские обереги мужские на шею	славянские обереги мужские на шею	QG_be885dc6580d	NONE	Conservative Unicode/case/whitespace/punctuation normalization only.
славянские обереги на шею	славянские обереги на шею	QG_7bf2edada30a	NONE	Conservative Unicode/case/whitespace/punctuation normalization only.
славянские обереги набор	славянские обереги набор	QG_c11f10c908a0	NONE	Conservative Unicode/case/whitespace/punctuation normalization only.
славянские руны	славянские руны	QG_30fb19b2a118	NONE	Conservative Unicode/case/whitespace/punctuation normalization only.
славянские руны для четок	славянские руны для четок	QG_e73ec6b33332	NONE	Conservative Unicode/case/whitespace/punctuation normalization only.
славянские руны подвеска	славянские руны подвеска	QG_8760b46ded35	NONE	Conservative Unicode/case/whitespace/punctuation normalization only.
славянские смулетв жива	славянские смулетв жива	QG_2b818ab93372	NONE	Conservative Unicode/case/whitespace/punctuation normalization only.
славянские талисманы	славянские талисманы	QG_a66685cd1020	NONE	Conservative Unicode/case/whitespace/punctuation normalization only.
славянские традиции	славянские традиции	QG_347bf7d1c6f5	NONE	Conservative Unicode/case/whitespace/punctuation normalization only.
славянские украшения	славянские украшения	QG_486c53a0f092	NONE	Conservative Unicode/case/whitespace/punctuation normalization only.
славянские четки	славянские четки	QG_66be588c9192	NONE	Conservative Unicode/case/whitespace/punctuation normalization only.
славянские чуры	славянские чуры	QG_157a37be15fe	NONE	Conservative Unicode/case/whitespace/punctuation normalization only.
славянский	славянский	QG_ba42563a54e9	NONE	Conservative Unicode/case/whitespace/punctuation normalization only.
славянский амулет	славянский амулет	QG_d25bf9e01eb2	NONE	Conservative Unicode/case/whitespace/punctuation normalization only.
славянский бог	славянский бог	QG_07ebf9240d08	NONE	Conservative Unicode/case/whitespace/punctuation normalization only.
славянский бог семаргл магнит на холодильник	славянский бог семаргл магнит на холодильник	QG_4a9d9ace2df6	NONE	Conservative Unicode/case/whitespace/punctuation normalization only.
славянский колядыдар	славянский колядыдар	QG_c450786b9e69	NONE	Conservative Unicode/case/whitespace/punctuation normalization only.
славянский крес	славянский крес	QG_34a4e24dd2d6	NONE	Conservative Unicode/case/whitespace/punctuation normalization only.
славянский крест	славянский крест	QG_2d334973cd3b	NONE	Conservative Unicode/case/whitespace/punctuation normalization only.
славянский оберег	славянский оберег	QG_8dc1825a0dc3	NONE	Conservative Unicode/case/whitespace/punctuation normalization only.
славянский оберег в машину	славянский оберег в машину	QG_9839a1db818e	NONE	Conservative Unicode/case/whitespace/punctuation normalization only.
славянский оберег в машину на зеркало	славянский оберег в машину на зеркало	QG_48f7130ac284	NONE	Conservative Unicode/case/whitespace/punctuation normalization only.
славянский оберег в машину с	славянский оберег в машину с	QG_03ca5b022ccd	NONE	Conservative Unicode/case/whitespace/punctuation normalization only.
славянский оберег велес	славянский оберег велес	QG_e690f3b426f0	NONE	Conservative Unicode/case/whitespace/punctuation normalization only.
славянский оберег война	славянский оберег война	QG_0cc34cdfc7ab	NONE	Conservative Unicode/case/whitespace/punctuation normalization only.
славянский оберег для волос	славянский оберег для волос	QG_910239c65ac4	NONE	Conservative Unicode/case/whitespace/punctuation normalization only.
славянский оберег для ключей дома	славянский оберег для ключей дома	QG_44b4b3bd06da	NONE	Conservative Unicode/case/whitespace/punctuation normalization only.
славянский оберег для машины	славянский оберег для машины	QG_9697dee82fb3	NONE	Conservative Unicode/case/whitespace/punctuation normalization only.
славянский оберег для мужчин	славянский оберег для мужчин	QG_1ec0a539ca8d	NONE	Conservative Unicode/case/whitespace/punctuation normalization only.
славянский оберег женский	славянский оберег женский	QG_3e333861c352	NONE	Conservative Unicode/case/whitespace/punctuation normalization only.
славянский оберег из дерева	славянский оберег из дерева	QG_dc9b55ed5806	NONE	Conservative Unicode/case/whitespace/punctuation normalization only.
славянский оберег мужской	славянский оберег мужской	QG_05f24ec0e619	NONE	Conservative Unicode/case/whitespace/punctuation normalization only.
славянский оберег мужской в автомобиль на зеркало алатырь	славянский оберег мужской в автомобиль на зеркало алатырь	QG_f0bf4760e70b	NONE	Conservative Unicode/case/whitespace/punctuation normalization only.
славянский оберег мужской в машину	славянский оберег мужской в машину	QG_1d0cb1dfcc81	NONE	Conservative Unicode/case/whitespace/punctuation normalization only.
славянский оберег на зеркало автомобиля	славянский оберег на зеркало автомобиля	QG_f4b750ab5826	NONE	Conservative Unicode/case/whitespace/punctuation normalization only.
славянский оберег от сглаза для ребенка	славянский оберег от сглаза для ребенка	QG_3f58909bde14	NONE	Conservative Unicode/case/whitespace/punctuation normalization only.
славянский оберег подвеска	славянский оберег подвеска	QG_1b6341fc6242	NONE	Conservative Unicode/case/whitespace/punctuation normalization only.
славянский оберег подвеска солнце	славянский оберег подвеска солнце	QG_f1d0116d9382	NONE	Conservative Unicode/case/whitespace/punctuation normalization only.
славянский оберег путник в машину	славянский оберег путник в машину	QG_b07d3c55aa89	NONE	Conservative Unicode/case/whitespace/punctuation normalization only.
славянский оберег род	славянский оберег род	QG_40cc0c683d5a	NONE	Conservative Unicode/case/whitespace/punctuation normalization only.
славянский оберег чур	славянский оберег чур	QG_453254fde5f8	NONE	Conservative Unicode/case/whitespace/punctuation normalization only.
славянский оберёг колядник	славянский оберег колядник	QG_bcc32b541c77	NONE	Conservative Unicode/case/whitespace/punctuation normalization only.
славянский омулет в машину	славянский омулет в машину	QG_3ce3aa7abd2e	NONE	Conservative Unicode/case/whitespace/punctuation normalization only.
славянский талисман подвеска	славянский талисман подвеска	QG_910b6eb56371	NONE	Conservative Unicode/case/whitespace/punctuation normalization only.
славянский умулет в авто	славянский умулет в авто	QG_b99addc90641	NONE	Conservative Unicode/case/whitespace/punctuation normalization only.
славянское	славянское	QG_54a28cf1665e	NONE	Conservative Unicode/case/whitespace/punctuation normalization only.
славянское солнце	славянское солнце	QG_b5269e40b10a	NONE	Conservative Unicode/case/whitespace/punctuation normalization only.
славянскте обереги от сглаза	славянскте обереги от сглаза	QG_ab7b23a7ff7a	NONE	Conservative Unicode/case/whitespace/punctuation normalization only.
спаси и сохрани в машину с подсветкой	спаси и сохрани в машину с подсветкой	QG_c827f1133cc2	NONE	Conservative Unicode/case/whitespace/punctuation normalization only.
стильная подвеска в машину на зеркало	стильная подвеска в машину на зеркало	QG_3d1f560dda42	NONE	Conservative Unicode/case/whitespace/punctuation normalization only.
стрелец	стрелец	QG_638f562c8578	NONE	Conservative Unicode/case/whitespace/punctuation normalization only.
стрелец подвеска на машину ключ	стрелец подвеска на машину ключ	QG_8ae9dd36be40	NONE	Conservative Unicode/case/whitespace/punctuation normalization only.
сувенир коза	сувенир коза	QG_7ee68b585197	NONE	Conservative Unicode/case/whitespace/punctuation normalization only.
сувенир подвеска в машину скорпион	сувенир подвеска в машину скорпион	QG_329584839e3f	NONE	Conservative Unicode/case/whitespace/punctuation normalization only.
сувенирная хоккейная майка на зеркало в машину	сувенирная хоккейная майка на зеркало в машину	QG_e5041b8591f8	NONE	Conservative Unicode/case/whitespace/punctuation normalization only.
талесман для рака	талесман для рака	QG_716b489fe628	NONE	Conservative Unicode/case/whitespace/punctuation normalization only.
талимсаны	талимсаны	QG_49b094eebb1a	NONE	Conservative Unicode/case/whitespace/punctuation normalization only.
талисман	талисман	QG_cc051e57a422	NONE	Conservative Unicode/case/whitespace/punctuation normalization only.
талисман - подвеска на зеркало в машину. знак зодиака	талисман - подвеска на зеркало в машину. знак зодиака	QG_bab0685afd27	NONE	Conservative Unicode/case/whitespace/punctuation normalization only.
"талисман - подвеска на зеркало в машину. знак зодиака ""овен"""	"талисман - подвеска на зеркало в машину. знак зодиака ""овен"	QG_3bb204496c00	NONE	Conservative Unicode/case/whitespace/punctuation normalization only.
талисман в автомобиль	талисман в автомобиль	QG_6f0045d2b86c	NONE	Conservative Unicode/case/whitespace/punctuation normalization only.
талисман в иашину стрелец	талисман в иашину стрелец	QG_c188ead4aec6	NONE	Conservative Unicode/case/whitespace/punctuation normalization only.
талисман в машину	талисман в машину	QG_961a9739ace4	NONE	Conservative Unicode/case/whitespace/punctuation normalization only.
талисман в машину дева	талисман в машину дева	QG_6bb8f5fdb450	NONE	Conservative Unicode/case/whitespace/punctuation normalization only.
талисман в машину женский	талисман в машину женский	QG_eaab644d2256	NONE	Conservative Unicode/case/whitespace/punctuation normalization only.
талисман в машину иконка близнецов	талисман в машину иконка близнецов	QG_53614ecd5bf5	NONE	Conservative Unicode/case/whitespace/punctuation normalization only.
талисман в машину красивый на зеркало	талисман в машину красивый на зеркало	QG_db3eb888c360	NONE	Conservative Unicode/case/whitespace/punctuation normalization only.
талисман в машину мужской	талисман в машину мужской	QG_1456923e14d5	NONE	Conservative Unicode/case/whitespace/punctuation normalization only.
талисман в машину на зеркало	талисман в машину на зеркало	QG_72dd5625ddcc	NONE	Conservative Unicode/case/whitespace/punctuation normalization only.
талисман дева	талисман дева	QG_82a9663f1d38	NONE	Conservative Unicode/case/whitespace/punctuation normalization only.
талисман для девы мужской	талисман для девы мужской	QG_a862348f2c84	NONE	Conservative Unicode/case/whitespace/punctuation normalization only.
талисман зеркало	талисман зеркало	QG_95750995fa16	NONE	Conservative Unicode/case/whitespace/punctuation normalization only.
талисман из дерева	талисман из дерева	QG_9c46480b6192	NONE	Conservative Unicode/case/whitespace/punctuation normalization only.
талисман маска для знака зодиака близнецы	талисман маска для знака зодиака близнецы	QG_54ca775f5eae	NONE	Conservative Unicode/case/whitespace/punctuation normalization only.
талисман машина	талисман машина	QG_4975651e534a	NONE	Conservative Unicode/case/whitespace/punctuation normalization only.
талисман мужской на шею	талисман мужской на шею	QG_2644da0f223a	NONE	Conservative Unicode/case/whitespace/punctuation normalization only.
талисман на любовь	талисман на любовь	QG_095623fa30e6	NONE	Conservative Unicode/case/whitespace/punctuation normalization only.
талисман на удачу для автомобиля	талисман на удачу для автомобиля	QG_d0ee0c886bda	NONE	Conservative Unicode/case/whitespace/punctuation normalization only.
талисман на шею мужской	талисман на шею мужской	QG_b5362a75fccc	NONE	Conservative Unicode/case/whitespace/punctuation normalization only.
талисман оберег деревянный	талисман оберег деревянный	QG_31060da5a9f5	NONE	Conservative Unicode/case/whitespace/punctuation normalization only.
талисман овен в машину мужской	талисман овен в машину мужской	QG_41d58281465d	NONE	Conservative Unicode/case/whitespace/punctuation normalization only.
талисман овен мужской в машину	талисман овен мужской в машину	QG_0a4a1f804ef5	NONE	Conservative Unicode/case/whitespace/punctuation normalization only.
талисман овна	талисман овна	QG_388ce87ec5c0	NONE	Conservative Unicode/case/whitespace/punctuation normalization only.
талисман от сглаза в машину	талисман от сглаза в машину	QG_7fc416ec7381	NONE	Conservative Unicode/case/whitespace/punctuation normalization only.
талисман от сглаза в машину на зеркало	талисман от сглаза в машину на зеркало	QG_d6ab51dca403	NONE	Conservative Unicode/case/whitespace/punctuation normalization only.
талисман от сглаза и порчи	талисман от сглаза и порчи	QG_340829d80683	NONE	Conservative Unicode/case/whitespace/punctuation normalization only.
талисман подвеска	талисман подвеска	QG_6aaf23af36be	NONE	Conservative Unicode/case/whitespace/punctuation normalization only.
талисман подвеска в машину	талисман подвеска в машину	QG_81639f5ed4d0	NONE	Conservative Unicode/case/whitespace/punctuation normalization only.
талисман подвеска в машину плетеный	талисман подвеска в машину плетеный	QG_a629d179b048	NONE	Conservative Unicode/case/whitespace/punctuation normalization only.
талисман подвеска весы	талисман подвеска весы	QG_b2e0c761d1e8	NONE	Conservative Unicode/case/whitespace/punctuation normalization only.
талисман предков	талисман предков	QG_e93258564c6e	NONE	Conservative Unicode/case/whitespace/punctuation normalization only.
талисман скорпион	талисман скорпион	QG_08e6780ae1b8	NONE	Conservative Unicode/case/whitespace/punctuation normalization only.
талисман скорпион подвеска в авто	талисман скорпион подвеска в авто	QG_4b937bfe6058	NONE	Conservative Unicode/case/whitespace/punctuation normalization only.
талисман стрельца	талисман стрельца	QG_a6c818662aae	NONE	Conservative Unicode/case/whitespace/punctuation normalization only.
талисман японский	талисман японский	QG_f7225f161348	NONE	Conservative Unicode/case/whitespace/punctuation normalization only.
талисманы	талисманы	QG_190d50604054	NONE	Conservative Unicode/case/whitespace/punctuation normalization only.
талисманы и обереги	талисманы и обереги	QG_f55b33fdf8e4	NONE	Conservative Unicode/case/whitespace/punctuation normalization only.
тарелка козерог	тарелка козерог	QG_6f54f9bec0a8	NONE	Conservative Unicode/case/whitespace/punctuation normalization only.
телец	телец	QG_2ca7af5ab35e	NONE	Conservative Unicode/case/whitespace/punctuation normalization only.
телец знакзодиака на стену	телец знакзодиака на стену	QG_b6682b2f7497	NONE	Conservative Unicode/case/whitespace/punctuation normalization only.
телец значок	телец значок	QG_3ea291786ec9	NONE	Conservative Unicode/case/whitespace/punctuation normalization only.
телец колье	телец колье	QG_e8b6f4bd8b0c	NONE	Conservative Unicode/case/whitespace/punctuation normalization only.
телец подвеска в маш	телец подвеска в маш	QG_6db2a9624156	NONE	Conservative Unicode/case/whitespace/punctuation normalization only.
термоаппликация славянская	термоаппликация славянская	QG_3c15bbc808a7	NONE	Conservative Unicode/case/whitespace/punctuation normalization only.
термонаклейка блищнецы	термонаклейка блищнецы	QG_a004caad8dd7	NONE	Conservative Unicode/case/whitespace/punctuation normalization only.
толисман подвеска на зеркало машины знак зодиака	толисман подвеска на зеркало машины знак зодиака	QG_d0a186cad3b5	NONE	Conservative Unicode/case/whitespace/punctuation normalization only.
толстовка велес	толстовка велес	QG_4b22cf88a2af	NONE	Conservative Unicode/case/whitespace/punctuation normalization only.
трафарет стрелец знак зодиака для топора	трафарет стрелец знак зодиака для топора	QG_92593d89fc2e	NONE	Conservative Unicode/case/whitespace/punctuation normalization only.
трафарет узел валькнутв	трафарет узел валькнутв	QG_a54aae7843ca	NONE	Conservative Unicode/case/whitespace/punctuation normalization only.
триглав	триглав	QG_fdc2a65393c7	NONE	Conservative Unicode/case/whitespace/punctuation normalization only.
узел анама кара подвеска	узел анама кара подвеска	QG_8e432704117b	NONE	Conservative Unicode/case/whitespace/punctuation normalization only.
узел оберег	узел оберег	QG_0cbc0f68a945	NONE	Conservative Unicode/case/whitespace/punctuation normalization only.
узел подвеска в машину	узел подвеска в машину	QG_fc38ec14115f	NONE	Conservative Unicode/case/whitespace/punctuation normalization only.
украшение автомобиля на зеркало	украшение автомобиля на зеркало	QG_5f0478fa5842	NONE	Conservative Unicode/case/whitespace/punctuation normalization only.
украшение в машину на зеркало знаки зодиака	украшение в машину на зеркало знаки зодиака	QG_8cdd7029bee7	NONE	Conservative Unicode/case/whitespace/punctuation normalization only.
украшение в машину на зеркало оберег	украшение в машину на зеркало оберег	QG_35c3e2466444	NONE	Conservative Unicode/case/whitespace/punctuation normalization only.
украшение в машину на зеркало подвеска	украшение в машину на зеркало подвеска	QG_aad9038b72df	NONE	Conservative Unicode/case/whitespace/punctuation normalization only.
украшение на зеркало автомобиля знаки зодиака	украшение на зеркало автомобиля знаки зодиака	QG_e60c74bc53af	NONE	Conservative Unicode/case/whitespace/punctuation normalization only.
украшение подвеска в машину	украшение подвеска в машину	QG_c86d5a8fca57	NONE	Conservative Unicode/case/whitespace/punctuation normalization only.
украшение подвеска на зеркало автомобиля	украшение подвеска на зеркало автомобиля	QG_8f6f74716302	NONE	Conservative Unicode/case/whitespace/punctuation normalization only.
украшения на зеркало автомобиля автомобилист	украшения на зеркало автомобиля автомобилист	QG_14ae85a4f173	NONE	Conservative Unicode/case/whitespace/punctuation normalization only.
украшения обереги	украшения обереги	QG_f48448608a20	NONE	Conservative Unicode/case/whitespace/punctuation normalization only.
украшения предков	украшения предков	QG_c7f0d476561e	NONE	Conservative Unicode/case/whitespace/punctuation normalization only.
украшения я в машину в салон	украшения я в машину в салон	QG_dea28f83790e	NONE	Conservative Unicode/case/whitespace/punctuation normalization only.
фигурка в машину дева	фигурка в машину дева	QG_3e32e7d0b184	NONE	Conservative Unicode/case/whitespace/punctuation normalization only.
флаг гугнир	флаг гугнир	QG_5753801ceb80	NONE	Conservative Unicode/case/whitespace/punctuation normalization only.
флаги россии маленькие на присоске в машину	флаги россии маленькие на присоске в машину	QG_9d4d4f45f754	NONE	Conservative Unicode/case/whitespace/punctuation normalization only.
футболка знаки зодиака мужская	футболка знаки зодиака мужская	QG_b9ac5d7ff39f	NONE	Conservative Unicode/case/whitespace/punctuation normalization only.
хобби	хобби	QG_93fa05c75a52	NONE	Conservative Unicode/case/whitespace/punctuation normalization only.
худи со знаком зодиака	худи со знаком зодиака	QG_bea11dd99da7	NONE	Conservative Unicode/case/whitespace/punctuation normalization only.
цепочка надёжная для кулона	цепочка надежная для кулона	QG_6d0ad4821000	NONE	Conservative Unicode/case/whitespace/punctuation normalization only.
цепочка славянская	цепочка славянская	QG_164a14a6df36	NONE	Conservative Unicode/case/whitespace/punctuation normalization only.
чепочки в машину	чепочки в машину	QG_99357e0ac7f9	NONE	Conservative Unicode/case/whitespace/punctuation normalization only.
черная магия четки	черная магия четки	QG_2a0b0e8b9c7e	NONE	Conservative Unicode/case/whitespace/punctuation normalization only.
чернобог	чернобог	QG_87cae55c26ea	NONE	Conservative Unicode/case/whitespace/punctuation normalization only.
чернобог амулет метал	чернобог амулет метал	QG_d5d9eff8c7df	NONE	Conservative Unicode/case/whitespace/punctuation normalization only.
чернобог подвеска серебро	чернобог подвеска серебро	QG_ff59c63091f0	NONE	Conservative Unicode/case/whitespace/punctuation normalization only.
четки	четки	QG_c5cd3f6ff167	NONE	Conservative Unicode/case/whitespace/punctuation normalization only.
четки автомобильные скандинавские с рунами	четки автомобильные скандинавские с рунами	QG_3608d7e47e7d	NONE	Conservative Unicode/case/whitespace/punctuation normalization only.
четки амулет в машину	четки амулет в машину	QG_49a834daf23f	NONE	Conservative Unicode/case/whitespace/punctuation normalization only.
четки амулет в машину на удачу	четки амулет в машину на удачу	QG_371f79796a2b	NONE	Conservative Unicode/case/whitespace/punctuation normalization only.
четки аув автомобиль	четки аув автомобиль	QG_6070a7453fba	NONE	Conservative Unicode/case/whitespace/punctuation normalization only.
четки в авто с	четки в авто с	QG_e35932efa8ec	NONE	Conservative Unicode/case/whitespace/punctuation normalization only.
четки в автомобиль	четки в автомобиль	QG_b9c31663c7f5	NONE	Conservative Unicode/case/whitespace/punctuation normalization only.
четки в автомобиль водооей	четки в автомобиль водооей	QG_dd55b449ee14	NONE	Conservative Unicode/case/whitespace/punctuation normalization only.
четки в автомобиль на зеркало знак зодиака	четки в автомобиль на зеркало знак зодиака	QG_880feff7bfb3	NONE	Conservative Unicode/case/whitespace/punctuation normalization only.
четки в автомобиль на зеркало мужские со знаком зодиака	четки в автомобиль на зеркало мужские со знаком зодиака	QG_0e462af2675e	NONE	Conservative Unicode/case/whitespace/punctuation normalization only.
четки в автомобиль славянские	четки в автомобиль славянские	QG_796bc138d440	NONE	Conservative Unicode/case/whitespace/punctuation normalization only.
четки в автомобиль славянские в машину	четки в автомобиль славянские в машину	QG_7b759adb9d81	NONE	Conservative Unicode/case/whitespace/punctuation normalization only.
четки в виде	четки в виде	QG_93b86a5ebb16	NONE	Conservative Unicode/case/whitespace/punctuation normalization only.
четки в круге в машину	четки в круге в машину	QG_6f901c5368af	NONE	Conservative Unicode/case/whitespace/punctuation normalization only.
четки в машине	четки в машине	QG_b8de546c2ed0	NONE	Conservative Unicode/case/whitespace/punctuation normalization only.
четки в машину	четки в машину	QG_9fe57621eac4	NONE	Conservative Unicode/case/whitespace/punctuation normalization only.
четки в машину женские	четки в машину женские	QG_f19f8c5d6b68	NONE	Conservative Unicode/case/whitespace/punctuation normalization only.
четки в машину и аро	четки в машину и аро	QG_d628e30d53df	NONE	Conservative Unicode/case/whitespace/punctuation normalization only.
четки в машину на зеркало	четки в машину на зеркало	QG_636189b5e105	NONE	Conservative Unicode/case/whitespace/punctuation normalization only.
четки в машину на зеркало красные	четки в машину на зеркало красные	QG_fa4a99e69455	NONE	Conservative Unicode/case/whitespace/punctuation normalization only.
четки в машину на зеркало,	четки в машину на зеркало	QG_636189b5e105	NONE	Conservative Unicode/case/whitespace/punctuation normalization only.
четки в машину от сглаза	четки в машину от сглаза	QG_9a90e2b08901	NONE	Conservative Unicode/case/whitespace/punctuation normalization only.
четки в машину руч	четки в машину руч	QG_690bd7fb70eb	NONE	Conservative Unicode/case/whitespace/punctuation normalization only.
четки в машину скорпион.из китая	четки в машину скорпион.из китая	QG_13d16f90393a	NONE	Conservative Unicode/case/whitespace/punctuation normalization only.
четки в машину славянские	четки в машину славянские	QG_51582f1a48d5	NONE	Conservative Unicode/case/whitespace/punctuation normalization only.
четки в машину славянские обереги	четки в машину славянские обереги	QG_7e43202761bf	NONE	Conservative Unicode/case/whitespace/punctuation normalization only.
четки в машину со знакам зодиака дева	четки в машину со знакам зодиака дева	QG_f567b88f5469	NONE	Conservative Unicode/case/whitespace/punctuation normalization only.
четки для знака зодиака лев мужчине в подарочной упаковке	четки для знака зодиака лев мужчине в подарочной упаковке	QG_905a0056e35b	NONE	Conservative Unicode/case/whitespace/punctuation normalization only.
четки для знака зодиака рыбы	четки для знака зодиака рыбы	QG_9a331524f364	NONE	Conservative Unicode/case/whitespace/punctuation normalization only.
четки для овна	четки для овна	QG_2875b1b40625	NONE	Conservative Unicode/case/whitespace/punctuation normalization only.
четки для рыб	четки для рыб	QG_14bbded8ffb1	NONE	Conservative Unicode/case/whitespace/punctuation normalization only.
четки з	четки з	QG_5133bc337103	NONE	Conservative Unicode/case/whitespace/punctuation normalization only.
четки н	четки н	QG_c94aa8c5d26e	NONE	Conservative Unicode/case/whitespace/punctuation normalization only.
четки на для знака зодиака рыбы	четки на для знака зодиака рыбы	QG_69d9758c441b	NONE	Conservative Unicode/case/whitespace/punctuation normalization only.
четки на зеркало в машину	четки на зеркало в машину	QG_47e797668d6c	NONE	Conservative Unicode/case/whitespace/punctuation normalization only.
четки на зеркало в машину знак скорпион	четки на зеркало в машину знак скорпион	QG_8fdaedb8975f	NONE	Conservative Unicode/case/whitespace/punctuation normalization only.
четки на машину знак зодиака	четки на машину знак зодиака	QG_497767e9b858	NONE	Conservative Unicode/case/whitespace/punctuation normalization only.
четки на стекло славянские	четки на стекло славянские	QG_fdc0100cbffc	NONE	Conservative Unicode/case/whitespace/punctuation normalization only.
четки на шею	четки на шею	QG_d908a63c825a	NONE	Conservative Unicode/case/whitespace/punctuation normalization only.
четки оберег	четки оберег	QG_bf96ef25ebb0	NONE	Conservative Unicode/case/whitespace/punctuation normalization only.
четки оберег в машину	четки оберег в машину	QG_e2855e847788	NONE	Conservative Unicode/case/whitespace/punctuation normalization only.
четки руна	четки руна	QG_d04167daa56a	NONE	Conservative Unicode/case/whitespace/punctuation normalization only.
четки руны	четки руны	QG_01d19426df25	NONE	Conservative Unicode/case/whitespace/punctuation normalization only.
четки с коловратом	четки с коловратом	QG_b8b3392ccb94	NONE	Conservative Unicode/case/whitespace/punctuation normalization only.
четки с тр	четки с тр	QG_04ace98d9606	NONE	Conservative Unicode/case/whitespace/punctuation normalization only.
четки славянские	четки славянские	QG_4a7f583fb3ce	NONE	Conservative Unicode/case/whitespace/punctuation normalization only.
четки славянские оберег	четки славянские оберег	QG_e0f0ddfef5b6	NONE	Conservative Unicode/case/whitespace/punctuation normalization only.
четки со знаком зодиака	четки со знаком зодиака	QG_11dafa20ddb7	NONE	Conservative Unicode/case/whitespace/punctuation normalization only.
четки со славянской символикой	четки со славянской символикой	QG_b4f4cdb2d59c	NONE	Conservative Unicode/case/whitespace/punctuation normalization only.
четки талисман	четки талисман	QG_dd018e046a55	NONE	Conservative Unicode/case/whitespace/punctuation normalization only.
четки телец	четки телец	QG_58a4602348bf	NONE	Conservative Unicode/case/whitespace/punctuation normalization only.
четки языческие	четки языческие	QG_9abb96b13c3c	NONE	Conservative Unicode/case/whitespace/punctuation normalization only.
четкм в машину скорпион	четкм в машину скорпион	QG_6f5071db9c3f	NONE	Conservative Unicode/case/whitespace/punctuation normalization only.
что-то для девы	что - то для девы	QG_9a95bf21472e	NONE	Conservative Unicode/case/whitespace/punctuation normalization only.
чур	чур	QG_46fc16be1bb3	NONE	Conservative Unicode/case/whitespace/punctuation normalization only.
чур амулет	чур амулет	QG_4c6e5ccf0834	NONE	Conservative Unicode/case/whitespace/punctuation normalization only.
чур оберег в машину	чур оберег в машину	QG_3459763583cf	NONE	Conservative Unicode/case/whitespace/punctuation normalization only.
чур славянский в машину на зеркало	чур славянский в машину на зеркало	QG_e1d8acfdb64f	NONE	Conservative Unicode/case/whitespace/punctuation normalization only.
чётки	четки	QG_c5cd3f6ff167	NONE	Conservative Unicode/case/whitespace/punctuation normalization only.
чётки автомобильные аро	четки автомобильные аро	QG_773aa11d3218	NONE	Conservative Unicode/case/whitespace/punctuation normalization only.
чётки в машину козерог	четки в машину козерог	QG_423e14c381fd	NONE	Conservative Unicode/case/whitespace/punctuation normalization only.
чётки и крест	четки и крест	QG_3e54ad4e69d2	NONE	Conservative Unicode/case/whitespace/punctuation normalization only.
чётки на зеркало с амулетом	четки на зеркало с амулетом	QG_b6aaddec535b	NONE	Conservative Unicode/case/whitespace/punctuation normalization only.
чётки руны	четки руны	QG_01d19426df25	NONE	Conservative Unicode/case/whitespace/punctuation normalization only.
шаманский оберег	шаманский оберег	QG_842402754b89	NONE	Conservative Unicode/case/whitespace/punctuation normalization only.
шаманское зеркало	шаманское зеркало	QG_fefc7e42548f	NONE	Conservative Unicode/case/whitespace/punctuation normalization only.
шарм подвеска бусина мужская козерог	шарм подвеска бусина мужская козерог	QG_c81b93bc1f36	NONE	Conservative Unicode/case/whitespace/punctuation normalization only.
шифрондля школы герб россии	шифрондля школы герб россии	QG_08cd3ed609af	NONE	Conservative Unicode/case/whitespace/punctuation normalization only.
шлем	шлем	QG_f7bd8413e9a2	NONE	Conservative Unicode/case/whitespace/punctuation normalization only.
шлем брелок на	шлем брелок на	QG_d5b3b76b7319	NONE	Conservative Unicode/case/whitespace/punctuation normalization only.
шлем ужаса	шлем ужаса	QG_49d32d4761bd	NONE	Conservative Unicode/case/whitespace/punctuation normalization only.
шлем ужаса подвеска	шлем ужаса подвеска	QG_9e6f46e01206	NONE	Conservative Unicode/case/whitespace/punctuation normalization only.
шлем ужаса серебро	шлем ужаса серебро	QG_224c02a46275	NONE	Conservative Unicode/case/whitespace/punctuation normalization only.
шлем ужаса шарм	шлем ужаса шарм	QG_0688bfb571ca	NONE	Conservative Unicode/case/whitespace/punctuation normalization only.
штуки где зеркало в машине в	штуки где зеркало в машине в	QG_71ea709d9a81	NONE	Conservative Unicode/case/whitespace/punctuation normalization only.
эзотерика	эзотерика	QG_66ac86beaebc	NONE	Conservative Unicode/case/whitespace/punctuation normalization only.
эзотерика аксессуары	эзотерика аксессуары	QG_7406aafd9107	NONE	Conservative Unicode/case/whitespace/punctuation normalization only.
эзотерика украшения	эзотерика украшения	QG_5c69c43f60fc	NONE	Conservative Unicode/case/whitespace/punctuation normalization only.
энергетик	энергетик	QG_5f31695ad107	NONE	Conservative Unicode/case/whitespace/punctuation normalization only.
языческие аксессуары в машину	языческие аксессуары в машину	QG_19707439c920	NONE	Conservative Unicode/case/whitespace/punctuation normalization only.
язычество оберег	язычество оберег	QG_beac9466638c	NONE	Conservative Unicode/case/whitespace/punctuation normalization only.
язычество обереги на машину	язычество обереги на машину	QG_4ca6fcf26f84	NONE	Conservative Unicode/case/whitespace/punctuation normalization only.
японский оберег в машину	японский оберег в машину	QG_d16085769286	NONE	Conservative Unicode/case/whitespace/punctuation normalization only.
ярость павшего амулет hollow	ярость павшего амулет hollow	QG_76d2cb01841a	NONE	Conservative Unicode/case/whitespace/punctuation normalization only.
