sku	cluster_id	query_or_concept	relevance_state	title_coverage	offer_id_coverage	attribute_coverage	description_coverage	best_existing_evidence	gap_state	notes
1602715556	USE::car_mirror	авто стиль	GENERIC_RELEVANT	ABSENT	ABSENT	ABSENT	ABSENT		GAP_PRESENT	Content coverage only; no Ozon ranking-weight claim.
1602715556	USE::car_mirror	авторская подвеска на зеркало газель	GENERIC_RELEVANT	ABSENT	ABSENT	PARTIAL_PRESENT	ABSENT	attr_n:PARTIAL_PRESENT	GAP_PRESENT	Content coverage only; no Ozon ranking-weight claim.
1602715556	USE::car_mirror	адыгейски подвески костюмы на машину	GENERIC_RELEVANT	ABSENT	ABSENT	ABSENT	ABSENT		GAP_PRESENT	Content coverage only; no Ozon ranking-weight claim.
1602715556	USE::car_mirror	аксессуары для авто самурай	GENERIC_RELEVANT	ABSENT	ABSENT	ABSENT	ABSENT		GAP_PRESENT	Content coverage only; no Ozon ranking-weight claim.
1602715556	CLASS::amulet_pendant	аксессуары самурая	GENERIC_RELEVANT	ABSENT	ABSENT	ABSENT	ABSENT		GAP_PRESENT	Content coverage only; no Ozon ranking-weight claim.
1602715556	CLASS::amulet_pendant	амулет бусина	GENERIC_RELEVANT	ABSENT	ABSENT	SEMANTIC_PRESENT	SEMANTIC_PRESENT	attr_n:SEMANTIC_PRESENT	GAP_PRESENT	Content coverage only; no Ozon ranking-weight claim.
1602715556	USE::car_mirror	амулет зеркало магическое	GENERIC_RELEVANT	ABSENT	ABSENT	ABSENT	ABSENT		GAP_PRESENT	Content coverage only; no Ozon ranking-weight claim.
1602715556	CLASS::amulet_pendant	амулет японский на шею	GENERIC_RELEVANT	ABSENT	ABSENT	ABSENT	ABSENT		GAP_PRESENT	Content coverage only; no Ozon ranking-weight claim.
1602715556	CLASS::amulet_pendant	амулет японский самурай	GENERIC_RELEVANT	ABSENT	ABSENT	ABSENT	ABSENT		GAP_PRESENT	Content coverage only; no Ozon ranking-weight claim.
1602715556	USE::car_mirror	амулеты обереги и талисманы зеркалр	GENERIC_RELEVANT	ABSENT	ABSENT	ABSENT	ABSENT		GAP_PRESENT	Content coverage only; no Ozon ranking-weight claim.
1602715556	USE::car_mirror	ароматизатор в машину веселый роджер на зеркало	GENERIC_RELEVANT	ABSENT	ABSENT	ABSENT	ABSENT		GAP_PRESENT	Content coverage only; no Ozon ranking-weight claim.
1602715556	USE::car_mirror	боковое зеркало на машину атлант левое	GENERIC_RELEVANT	ABSENT	ABSENT	ABSENT	ABSENT		GAP_PRESENT	Content coverage only; no Ozon ranking-weight claim.
1602715556	USE::car_mirror	браслет зеркало оберег	GENERIC_RELEVANT	ABSENT	ABSENT	ABSENT	ABSENT		GAP_PRESENT	Content coverage only; no Ozon ranking-weight claim.
1602715556	UNCLEAR::51236eb19a	браслет каловрат	AMBIGUOUS_HOLD	ABSENT	ABSENT	ABSENT	ABSENT		GAP_PRESENT	Content coverage only; no Ozon ranking-weight claim.
1602715556	UNCLEAR::9db82dd755	браслет самурай	AMBIGUOUS_HOLD	ABSENT	ABSENT	ABSENT	ABSENT		GAP_PRESENT	Content coverage only; no Ozon ranking-weight claim.
1602715556	USE::car_mirror	брелок в машину на зеркало пушистики	GENERIC_RELEVANT	ABSENT	ABSENT	ABSENT	ABSENT		GAP_PRESENT	Content coverage only; no Ozon ranking-weight claim.
1602715556	USE::car_mirror	брелок в машину на зеркало спартанец	GENERIC_RELEVANT	ABSENT	ABSENT	ABSENT	ABSENT		GAP_PRESENT	Content coverage only; no Ozon ranking-weight claim.
1602715556	USE::car_mirror	брелок в машину на зеркало хоккей локомотив	GENERIC_RELEVANT	ABSENT	ABSENT	ABSENT	ABSENT		GAP_PRESENT	Content coverage only; no Ozon ranking-weight claim.
1602715556	USE::car_mirror	брелок на зеркало в машину бус	GENERIC_RELEVANT	ABSENT	ABSENT	ABSENT	ABSENT		GAP_PRESENT	Content coverage only; no Ozon ranking-weight claim.
1602715556	USE::car_mirror	брелок прапорщик полиции в машину на зеркало	GENERIC_RELEVANT	ABSENT	ABSENT	ABSENT	ABSENT		GAP_PRESENT	Content coverage only; no Ozon ranking-weight claim.
1602715556	UNCLEAR::d656990b49	бусы коловрат	AMBIGUOUS_HOLD	ABSENT	ABSENT	ABSENT	ABSENT		GAP_PRESENT	Content coverage only; no Ozon ranking-weight claim.
1602715556	UNCLEAR::b13b2bccb9	бусы на зерколо	AMBIGUOUS_HOLD	ABSENT	ABSENT	ABSENT	ABSENT		GAP_PRESENT	Content coverage only; no Ozon ranking-weight claim.
1602715556	UNCLEAR::6aaaca4c36	бусы японские мужские браслет	AMBIGUOUS_HOLD	ABSENT	ABSENT	ABSENT	ABSENT		GAP_PRESENT	Content coverage only; no Ozon ranking-weight claim.
1602715556	USE::car_mirror	бутсы футбольные на зеркало подвеска	GENERIC_RELEVANT	ABSENT	ABSENT	ABSENT	ABSENT		GAP_PRESENT	Content coverage only; no Ozon ranking-weight claim.
1602715556	USE::car_mirror	висюлька на зеркало в машину женская bmv	GENERIC_RELEVANT	ABSENT	ABSENT	ABSENT	ABSENT		GAP_PRESENT	Content coverage only; no Ozon ranking-weight claim.
1602715556	USE::car_mirror	вонючка дельфин в машину синяя на зеркало	GENERIC_RELEVANT	ABSENT	ABSENT	ABSENT	ABSENT		GAP_PRESENT	Content coverage only; no Ozon ranking-weight claim.
1602715556	USE::car_mirror	демон на машину подвеска на стекло маленькие	GENERIC_RELEVANT	ABSENT	ABSENT	ABSENT	ABSENT		GAP_PRESENT	Content coverage only; no Ozon ranking-weight claim.
1602715556	USE::car_mirror	зеркало	GENERIC_RELEVANT	EXACT_PRESENT	SEMANTIC_PRESENT	EXACT_PRESENT	SEMANTIC_PRESENT	title_n:EXACT_PRESENT	NO_GAP	Content coverage only; no Ozon ranking-weight claim.
1602715556	USE::car_mirror	зеркало иг	GENERIC_RELEVANT	ABSENT	ABSENT	ABSENT	ABSENT		GAP_PRESENT	Content coverage only; no Ozon ranking-weight claim.
1602715556	UNCLEAR::38ea3863b2	коловрат	AMBIGUOUS_HOLD	ABSENT	ABSENT	ABSENT	ABSENT		GAP_PRESENT	Content coverage only; no Ozon ranking-weight claim.
1602715556	CLASS::amulet_pendant	коловрат подвеска	GENERIC_RELEVANT	ABSENT	ABSENT	ABSENT	ABSENT		GAP_PRESENT	Content coverage only; no Ozon ranking-weight claim.
1602715556	UNCLEAR::2627194dcc	красный самурайский	AMBIGUOUS_HOLD	ABSENT	ABSENT	ABSENT	ABSENT		GAP_PRESENT	Content coverage only; no Ozon ranking-weight claim.
1602715556	USE::car_mirror	кулон на зеркало в машину	GENERIC_RELEVANT	ABSENT	ABSENT	ABSENT	ABSENT		GAP_PRESENT	Content coverage only; no Ozon ranking-weight claim.
1602715556	USE::car_mirror	машинки с подвеской	GENERIC_RELEVANT	ABSENT	ABSENT	ABSENT	ABSENT		GAP_PRESENT	Content coverage only; no Ozon ranking-weight claim.
1602715556	USE::car_mirror	оберег в машину	GENERIC_RELEVANT	SEMANTIC_PRESENT	SEMANTIC_PRESENT	EXACT_PRESENT	SEMANTIC_PRESENT	title_n:SEMANTIC_PRESENT	NO_GAP	Content coverage only; no Ozon ranking-weight claim.
1602715556	USE::car_mirror	оберег в машину мужской	GENERIC_RELEVANT	SEMANTIC_PRESENT	SEMANTIC_PRESENT	SEMANTIC_PRESENT	SEMANTIC_PRESENT	title_n:SEMANTIC_PRESENT	NO_GAP	Content coverage only; no Ozon ranking-weight claim.
1602715556	USE::protection	обереги	GENERIC_RELEVANT	SEMANTIC_PRESENT	SEMANTIC_PRESENT	EXACT_PRESENT	SEMANTIC_PRESENT	title_n:SEMANTIC_PRESENT	NO_GAP	Content coverage only; no Ozon ranking-weight claim.
1602715556	USE::car_mirror	подвеска в машину	GENERIC_RELEVANT	SEMANTIC_PRESENT	SEMANTIC_PRESENT	EXACT_PRESENT	SEMANTIC_PRESENT	title_n:SEMANTIC_PRESENT	NO_GAP	Content coverage only; no Ozon ranking-weight claim.
1602715556	USE::car_mirror	подвеска в машину на зеркало	GENERIC_RELEVANT	SEMANTIC_PRESENT	SEMANTIC_PRESENT	EXACT_PRESENT	SEMANTIC_PRESENT	title_n:SEMANTIC_PRESENT	NO_GAP	Content coverage only; no Ozon ranking-weight claim.
1602715556	USE::car_mirror	подвеска в машину обезьяна из дорамы	GENERIC_RELEVANT	ABSENT	ABSENT	ABSENT	ABSENT		GAP_PRESENT	Content coverage only; no Ozon ranking-weight claim.
1602715556	USE::car_mirror	подвеска зеркало оберег	GENERIC_RELEVANT	SEMANTIC_PRESENT	SEMANTIC_PRESENT	SEMANTIC_PRESENT	SEMANTIC_PRESENT	title_n:SEMANTIC_PRESENT	NO_GAP	Content coverage only; no Ozon ranking-weight claim.
1602715556	USE::car_mirror	подвеска из дерева в машину	GENERIC_RELEVANT	ABSENT	ABSENT	ABSENT	ABSENT		GAP_PRESENT	Content coverage only; no Ozon ranking-weight claim.
1602715556	USE::car_mirror	подвеска на зеркало в машину	GENERIC_RELEVANT	EXACT_PRESENT	SEMANTIC_PRESENT	EXACT_PRESENT	SEMANTIC_PRESENT	title_n:EXACT_PRESENT	NO_GAP	Content coverage only; no Ozon ranking-weight claim.
1602715556	CLASS::amulet_pendant	подвеска руна	GENERIC_RELEVANT	ABSENT	ABSENT	ABSENT	ABSENT		GAP_PRESENT	Content coverage only; no Ozon ranking-weight claim.
1602715556	USE::car_mirror	подвески на зеркало	GENERIC_RELEVANT	SEMANTIC_PRESENT	SEMANTIC_PRESENT	SEMANTIC_PRESENT	SEMANTIC_PRESENT	title_n:SEMANTIC_PRESENT	NO_GAP	Content coverage only; no Ozon ranking-weight claim.
1602715556	UNCLEAR::0af3e6e132	самурай	AMBIGUOUS_HOLD	ABSENT	ABSENT	ABSENT	ABSENT		GAP_PRESENT	Content coverage only; no Ozon ranking-weight claim.
1602715556	CLASS::amulet_pendant	самурайские аксессуары	GENERIC_RELEVANT	ABSENT	ABSENT	ABSENT	ABSENT		GAP_PRESENT	Content coverage only; no Ozon ranking-weight claim.
1602715556	USE::protection	самурайский оберег	GENERIC_RELEVANT	ABSENT	ABSENT	ABSENT	ABSENT		GAP_PRESENT	Content coverage only; no Ozon ranking-weight claim.
1602715556	UNCLEAR::48140aeebc	самурайский стиль	AMBIGUOUS_HOLD	ABSENT	ABSENT	ABSENT	ABSENT		GAP_PRESENT	Content coverage only; no Ozon ranking-weight claim.
1602715556	UNCLEAR::1360c07194	самурая на голову	AMBIGUOUS_HOLD	ABSENT	ABSENT	ABSENT	ABSENT		GAP_PRESENT	Content coverage only; no Ozon ranking-weight claim.
1602715556	USE::protection	талисман	GENERIC_RELEVANT	EXACT_PRESENT	EXACT_PRESENT	EXACT_PRESENT	EXACT_PRESENT	title_n:EXACT_PRESENT	NO_GAP	Content coverage only; no Ozon ranking-weight claim.
1602715556	USE::protection	талисман из дерева	GENERIC_RELEVANT	ABSENT	ABSENT	ABSENT	ABSENT		GAP_PRESENT	Content coverage only; no Ozon ranking-weight claim.
1602715556	USE::protection	талисман японский	GENERIC_RELEVANT	ABSENT	ABSENT	ABSENT	ABSENT		GAP_PRESENT	Content coverage only; no Ozon ranking-weight claim.
1602715556	CLASS::beads	четки	GENERIC_RELEVANT	SEMANTIC_PRESENT	EXACT_PRESENT	EXACT_PRESENT	EXACT_PRESENT	title_n:SEMANTIC_PRESENT	NO_GAP	Content coverage only; no Ozon ranking-weight claim.
1602715556	USE::car_mirror	четки в автомобиль	GENERIC_RELEVANT	SEMANTIC_PRESENT	SEMANTIC_PRESENT	SEMANTIC_PRESENT	SEMANTIC_PRESENT	title_n:SEMANTIC_PRESENT	NO_GAP	Content coverage only; no Ozon ranking-weight claim.
1602715556	USE::car_mirror	четки в машину	GENERIC_RELEVANT	SEMANTIC_PRESENT	SEMANTIC_PRESENT	SEMANTIC_PRESENT	SEMANTIC_PRESENT	title_n:SEMANTIC_PRESENT	NO_GAP	Content coverage only; no Ozon ranking-weight claim.
1602715556	USE::car_mirror	четки в машину на зеркало	GENERIC_RELEVANT	SEMANTIC_PRESENT	SEMANTIC_PRESENT	SEMANTIC_PRESENT	SEMANTIC_PRESENT	title_n:SEMANTIC_PRESENT	NO_GAP	Content coverage only; no Ozon ranking-weight claim.
1602715556	USE::car_mirror	четки на зеркало в машину	GENERIC_RELEVANT	SEMANTIC_PRESENT	SEMANTIC_PRESENT	SEMANTIC_PRESENT	SEMANTIC_PRESENT	title_n:SEMANTIC_PRESENT	NO_GAP	Content coverage only; no Ozon ranking-weight claim.
1602717077	CLASS::amulet_pendant	амулет	GENERIC_RELEVANT	EXACT_PRESENT	SEMANTIC_PRESENT	EXACT_PRESENT	EXACT_PRESENT	title_n:EXACT_PRESENT	NO_GAP	Content coverage only; no Ozon ranking-weight claim.
1602717077	USE::car_mirror	амулет в автомобиль	GENERIC_RELEVANT	SEMANTIC_PRESENT	SEMANTIC_PRESENT	SEMANTIC_PRESENT	SEMANTIC_PRESENT	title_n:SEMANTIC_PRESENT	NO_GAP	Content coverage only; no Ozon ranking-weight claim.
1602717077	USE::protection	амулет оберег	GENERIC_RELEVANT	SEMANTIC_PRESENT	SEMANTIC_PRESENT	SEMANTIC_PRESENT	SEMANTIC_PRESENT	title_n:SEMANTIC_PRESENT	NO_GAP	Content coverage only; no Ozon ranking-weight claim.
1602717077	CLASS::amulet_pendant	амулет подвеска грифон	GENERIC_RELEVANT	ABSENT	ABSENT	ABSENT	ABSENT		GAP_PRESENT	Content coverage only; no Ozon ranking-weight claim.
1602717077	CLASS::amulet_pendant	амулет подвеска кришна	GENERIC_RELEVANT	ABSENT	ABSENT	ABSENT	ABSENT		GAP_PRESENT	Content coverage only; no Ozon ranking-weight claim.
1602717077	USE::car_mirror	амулет руна в машину	GENERIC_RELEVANT	ABSENT	ABSENT	ABSENT	ABSENT		GAP_PRESENT	Content coverage only; no Ozon ranking-weight claim.
1602717077	CLASS::amulet_pendant	амулеты	GENERIC_RELEVANT	SEMANTIC_PRESENT	SEMANTIC_PRESENT	EXACT_PRESENT	SEMANTIC_PRESENT	title_n:SEMANTIC_PRESENT	NO_GAP	Content coverage only; no Ozon ranking-weight claim.
1602717077	USE::protection	амулеты обереги	GENERIC_RELEVANT	SEMANTIC_PRESENT	SEMANTIC_PRESENT	EXACT_PRESENT	SEMANTIC_PRESENT	title_n:SEMANTIC_PRESENT	NO_GAP	Content coverage only; no Ozon ranking-weight claim.
1602717077	USE::protection	амулеты обереги и талисманы	GENERIC_RELEVANT	SEMANTIC_PRESENT	SEMANTIC_PRESENT	EXACT_PRESENT	SEMANTIC_PRESENT	title_n:SEMANTIC_PRESENT	NO_GAP	Content coverage only; no Ozon ranking-weight claim.
1602717077	UNCLEAR::9b7f5f708c	атрибуты с российской символикой	AMBIGUOUS_HOLD	ABSENT	ABSENT	PARTIAL_PRESENT	PARTIAL_PRESENT	attr_n:PARTIAL_PRESENT	GAP_PRESENT	Content coverage only; no Ozon ranking-weight claim.
1602717077	USE::car_mirror	ботвеска в машине	GENERIC_RELEVANT	ABSENT	ABSENT	ABSENT	ABSENT		GAP_PRESENT	Content coverage only; no Ozon ranking-weight claim.
1602717077	VARIANT::ужаса	браслет мужской с шлем ужаса	EXACT_PRODUCT	PARTIAL_PRESENT	PARTIAL_PRESENT	PARTIAL_PRESENT	PARTIAL_PRESENT	title_n:PARTIAL_PRESENT	PARTIAL_GAP	Content coverage only; no Ozon ranking-weight claim.
1602717077	VARIANT::ужаса	браслет шлем ужаса серебро	EXACT_PRODUCT	PARTIAL_PRESENT	PARTIAL_PRESENT	PARTIAL_PRESENT	PARTIAL_PRESENT	title_n:PARTIAL_PRESENT	PARTIAL_GAP	Content coverage only; no Ozon ranking-weight claim.
1602717077	USE::car_mirror	брелок на зеркало в машину ссср скилет	GENERIC_RELEVANT	ABSENT	ABSENT	ABSENT	ABSENT		GAP_PRESENT	Content coverage only; no Ozon ranking-weight claim.
1602717077	USE::car_mirror	брелок на зеркало в машину фемида	GENERIC_RELEVANT	ABSENT	ABSENT	ABSENT	ABSENT		GAP_PRESENT	Content coverage only; no Ozon ranking-weight claim.
1602717077	USE::car_mirror	брелок у машину byd на зерколо	GENERIC_RELEVANT	ABSENT	ABSENT	ABSENT	ABSENT		GAP_PRESENT	Content coverage only; no Ozon ranking-weight claim.
1602717077	VARIANT::ужаса	бусина шлем ужаса	EXACT_PRODUCT	PARTIAL_PRESENT	PARTIAL_PRESENT	SEMANTIC_PRESENT	SEMANTIC_PRESENT	title_n:PARTIAL_PRESENT	PARTIAL_GAP	Content coverage only; no Ozon ranking-weight claim.
1602717077	UNCLEAR::b2e5942dcd	бусины диаметр 1 см	AMBIGUOUS_HOLD	ABSENT	ABSENT	PARTIAL_PRESENT	PARTIAL_PRESENT	attr_n:PARTIAL_PRESENT	GAP_PRESENT	Content coverage only; no Ozon ranking-weight claim.
1602717077	USE::car_mirror	бусины для подвески на зеркало в машину	GENERIC_RELEVANT	ABSENT	ABSENT	SEMANTIC_PRESENT	SEMANTIC_PRESENT	attr_n:SEMANTIC_PRESENT	GAP_PRESENT	Content coverage only; no Ozon ranking-weight claim.
1602717077	USE::car_mirror	в машину авулет	GENERIC_RELEVANT	ABSENT	ABSENT	ABSENT	ABSENT		GAP_PRESENT	Content coverage only; no Ozon ranking-weight claim.
1602717077	USE::car_mirror	в машину на зеркало	GENERIC_RELEVANT	SEMANTIC_PRESENT	SEMANTIC_PRESENT	EXACT_PRESENT	SEMANTIC_PRESENT	title_n:SEMANTIC_PRESENT	NO_GAP	Content coverage only; no Ozon ranking-weight claim.
1602717077	USE::car_mirror	в машину на зеркало оберег	GENERIC_RELEVANT	SEMANTIC_PRESENT	SEMANTIC_PRESENT	SEMANTIC_PRESENT	SEMANTIC_PRESENT	title_n:SEMANTIC_PRESENT	NO_GAP	Content coverage only; no Ozon ranking-weight claim.
1602717077	USE::car_mirror	зеркало	GENERIC_RELEVANT	EXACT_PRESENT	SEMANTIC_PRESENT	EXACT_PRESENT	EXACT_PRESENT	title_n:EXACT_PRESENT	NO_GAP	Content coverage only; no Ozon ranking-weight claim.
1602717077	VARIANT::шлем	зеркало на шлем	EXACT_PRODUCT	SEMANTIC_PRESENT	SEMANTIC_PRESENT	SEMANTIC_PRESENT	SEMANTIC_PRESENT	title_n:SEMANTIC_PRESENT	NO_GAP	Content coverage only; no Ozon ranking-weight claim.
1602717077	USE::car_mirror	зеркальный оберег	GENERIC_RELEVANT	ABSENT	ABSENT	ABSENT	ABSENT		GAP_PRESENT	Content coverage only; no Ozon ranking-weight claim.
1602717077	VARIANT::шлем	зеркальце на шлем	EXACT_PRODUCT	PARTIAL_PRESENT	PARTIAL_PRESENT	PARTIAL_PRESENT	PARTIAL_PRESENT	title_n:PARTIAL_PRESENT	PARTIAL_GAP	Content coverage only; no Ozon ranking-weight claim.
1602717077	VARIANT::шлем	кому в шлем	EXACT_PRODUCT	PARTIAL_PRESENT	PARTIAL_PRESENT	PARTIAL_PRESENT	PARTIAL_PRESENT	title_n:PARTIAL_PRESENT	PARTIAL_GAP	Content coverage only; no Ozon ranking-weight claim.
1602717077	USE::protection	магический амулет , оберег	GENERIC_RELEVANT	ABSENT	ABSENT	ABSENT	ABSENT		GAP_PRESENT	Content coverage only; no Ozon ranking-weight claim.
1602717077	USE::car_mirror	на зеркало подвеска автомобиля	GENERIC_RELEVANT	ABSENT	ABSENT	SEMANTIC_PRESENT	SEMANTIC_PRESENT	attr_n:SEMANTIC_PRESENT	GAP_PRESENT	Content coverage only; no Ozon ranking-weight claim.
1602717077	UNCLEAR::6b5297fb6c	набор	AMBIGUOUS_HOLD	SEMANTIC_PRESENT	SEMANTIC_PRESENT	SEMANTIC_PRESENT	SEMANTIC_PRESENT	title_n:SEMANTIC_PRESENT	NO_GAP	Content coverage only; no Ozon ranking-weight claim.
1602717077	USE::car_mirror	оберег в машину	GENERIC_RELEVANT	SEMANTIC_PRESENT	SEMANTIC_PRESENT	EXACT_PRESENT	SEMANTIC_PRESENT	title_n:SEMANTIC_PRESENT	NO_GAP	Content coverage only; no Ozon ranking-weight claim.
1602717077	USE::car_mirror	оберег зеркало на шею	GENERIC_RELEVANT	ABSENT	ABSENT	ABSENT	ABSENT		GAP_PRESENT	Content coverage only; no Ozon ranking-weight claim.
1602717077	USE::car_mirror	оберег с зеркалом	GENERIC_RELEVANT	ABSENT	ABSENT	ABSENT	ABSENT		GAP_PRESENT	Content coverage only; no Ozon ranking-weight claim.
1602717077	USE::protection	обереги	GENERIC_RELEVANT	SEMANTIC_PRESENT	SEMANTIC_PRESENT	EXACT_PRESENT	SEMANTIC_PRESENT	title_n:SEMANTIC_PRESENT	NO_GAP	Content coverage only; no Ozon ranking-weight claim.
1602717077	USE::protection	обереги и талисманы	GENERIC_RELEVANT	SEMANTIC_PRESENT	SEMANTIC_PRESENT	EXACT_PRESENT	SEMANTIC_PRESENT	title_n:SEMANTIC_PRESENT	NO_GAP	Content coverage only; no Ozon ranking-weight claim.
1602717077	USE::car_mirror	подвеска амулет аллах в авто	GENERIC_RELEVANT	ABSENT	ABSENT	ABSENT	ABSENT		GAP_PRESENT	Content coverage only; no Ozon ranking-weight claim.
1602717077	USE::car_mirror	подвеска в автобус на зеркало ввс	GENERIC_RELEVANT	ABSENT	ABSENT	ABSENT	ABSENT		GAP_PRESENT	Content coverage only; no Ozon ranking-weight claim.
1602717077	USE::car_mirror	подвеска в машину	GENERIC_RELEVANT	SEMANTIC_PRESENT	SEMANTIC_PRESENT	EXACT_PRESENT	SEMANTIC_PRESENT	title_n:SEMANTIC_PRESENT	NO_GAP	Content coverage only; no Ozon ranking-weight claim.
1602717077	USE::car_mirror	подвеска в машину на зеркало lron maiden	GENERIC_RELEVANT	ABSENT	ABSENT	ABSENT	ABSENT		GAP_PRESENT	Content coverage only; no Ozon ranking-weight claim.
1602717077	USE::car_mirror	подвеска в машину на зеркало а	GENERIC_RELEVANT	SEMANTIC_PRESENT	SEMANTIC_PRESENT	SEMANTIC_PRESENT	SEMANTIC_PRESENT	title_n:SEMANTIC_PRESENT	NO_GAP	Content coverage only; no Ozon ranking-weight claim.
1602717077	USE::car_mirror	подвеска в машину на зеркало белджи	GENERIC_RELEVANT	ABSENT	ABSENT	ABSENT	ABSENT		GAP_PRESENT	Content coverage only; no Ozon ranking-weight claim.
1602717077	USE::car_mirror	подвеска в машину оберег на зеркало	GENERIC_RELEVANT	SEMANTIC_PRESENT	SEMANTIC_PRESENT	SEMANTIC_PRESENT	SEMANTIC_PRESENT	title_n:SEMANTIC_PRESENT	NO_GAP	Content coverage only; no Ozon ranking-weight claim.
1602717077	USE::car_mirror	подвеска на зеркало авто уголовный розыск в машину	GENERIC_RELEVANT	ABSENT	ABSENT	ABSENT	ABSENT		GAP_PRESENT	Content coverage only; no Ozon ranking-weight claim.
1602717077	USE::car_mirror	подвеска на зеркало в машину	GENERIC_RELEVANT	EXACT_PRESENT	SEMANTIC_PRESENT	EXACT_PRESENT	EXACT_PRESENT	title_n:EXACT_PRESENT	NO_GAP	Content coverage only; no Ozon ranking-weight claim.
1602717077	USE::car_mirror	подвеска на зеркало деревянная	GENERIC_RELEVANT	ABSENT	ABSENT	ABSENT	ABSENT		GAP_PRESENT	Content coverage only; no Ozon ranking-weight claim.
1602717077	UNCLEAR::96869e4e1c	руны	AMBIGUOUS_HOLD	ABSENT	ABSENT	EXACT_PRESENT	EXACT_PRESENT	attr_n:EXACT_PRESENT	GAP_PRESENT	Content coverage only; no Ozon ranking-weight claim.
1602717077	USE::protection	талисман	GENERIC_RELEVANT	SEMANTIC_PRESENT	SEMANTIC_PRESENT	EXACT_PRESENT	EXACT_PRESENT	title_n:SEMANTIC_PRESENT	NO_GAP	Content coverage only; no Ozon ranking-weight claim.
1602717077	USE::protection	талисманы и обереги	GENERIC_RELEVANT	SEMANTIC_PRESENT	SEMANTIC_PRESENT	SEMANTIC_PRESENT	SEMANTIC_PRESENT	title_n:SEMANTIC_PRESENT	NO_GAP	Content coverage only; no Ozon ranking-weight claim.
1602717077	VARIANT::шлем	шлем	EXACT_PRODUCT	EXACT_PRESENT	EXACT_PRESENT	EXACT_PRESENT	EXACT_PRESENT	title_n:EXACT_PRESENT	NO_GAP	Content coverage only; no Ozon ranking-weight claim.
1602717077	VARIANT::шлем	шлем брелок на	EXACT_PRODUCT	PARTIAL_PRESENT	PARTIAL_PRESENT	PARTIAL_PRESENT	PARTIAL_PRESENT	title_n:PARTIAL_PRESENT	PARTIAL_GAP	Content coverage only; no Ozon ranking-weight claim.
1602717077	VARIANT::ужаса	шлем ужаса	EXACT_PRODUCT	EXACT_PRESENT	EXACT_PRESENT	EXACT_PRESENT	EXACT_PRESENT	title_n:EXACT_PRESENT	NO_GAP	Content coverage only; no Ozon ranking-weight claim.
1602717077	VARIANT::ужаса	шлем ужаса подвеска	EXACT_PRODUCT	SEMANTIC_PRESENT	SEMANTIC_PRESENT	SEMANTIC_PRESENT	SEMANTIC_PRESENT	title_n:SEMANTIC_PRESENT	NO_GAP	Content coverage only; no Ozon ranking-weight claim.
1602717077	VARIANT::ужаса	шлем ужаса серебро	EXACT_PRODUCT	PARTIAL_PRESENT	PARTIAL_PRESENT	PARTIAL_PRESENT	PARTIAL_PRESENT	title_n:PARTIAL_PRESENT	PARTIAL_GAP	Content coverage only; no Ozon ranking-weight claim.
1602717077	VARIANT::ужаса	шлем ужаса шарм	EXACT_PRODUCT	PARTIAL_PRESENT	PARTIAL_PRESENT	PARTIAL_PRESENT	PARTIAL_PRESENT	title_n:PARTIAL_PRESENT	PARTIAL_GAP	Content coverage only; no Ozon ranking-weight claim.
1602722942	USE::car_mirror	авто подвески на зеркало	GENERIC_RELEVANT	SEMANTIC_PRESENT	ABSENT	SEMANTIC_PRESENT	SEMANTIC_PRESENT	title_n:SEMANTIC_PRESENT	GAP_PRESENT	Content coverage only; no Ozon ranking-weight claim.
1602722942	VARIANT::компас	акомпас в тысячных	AMBIGUOUS_HOLD	ABSENT	ABSENT	ABSENT	ABSENT		GAP_PRESENT	Content coverage only; no Ozon ranking-weight claim.
1602722942	USE::car_mirror	акриловая бусина машинка	GENERIC_RELEVANT	ABSENT	ABSENT	PARTIAL_PRESENT	PARTIAL_PRESENT	attr_n:PARTIAL_PRESENT	GAP_PRESENT	Content coverage only; no Ozon ranking-weight claim.
1602722942	USE::car_mirror	акриловая подвеска в машину на зеркало	GENERIC_RELEVANT	ABSENT	ABSENT	ABSENT	ABSENT		GAP_PRESENT	Content coverage only; no Ozon ranking-weight claim.
1602722942	CLASS::amulet_pendant	амулет	GENERIC_RELEVANT	EXACT_PRESENT	ABSENT	EXACT_PRESENT	EXACT_PRESENT	title_n:EXACT_PRESENT	GAP_PRESENT	Content coverage only; no Ozon ranking-weight claim.
1602722942	USE::car_mirror	амулет зеркальная защита	GENERIC_RELEVANT	ABSENT	ABSENT	PARTIAL_PRESENT	PARTIAL_PRESENT	attr_n:PARTIAL_PRESENT	GAP_PRESENT	Content coverage only; no Ozon ranking-weight claim.
1602722942	USE::protection	амулет от сглаза	GENERIC_RELEVANT	ABSENT	ABSENT	EXACT_PRESENT	SEMANTIC_PRESENT	attr_n:EXACT_PRESENT	GAP_PRESENT	Content coverage only; no Ozon ranking-weight claim.
1602722942	CLASS::amulet_pendant	амулет руны	GENERIC_RELEVANT	ABSENT	ABSENT	ABSENT	ABSENT		GAP_PRESENT	Content coverage only; no Ozon ranking-weight claim.
1602722942	USE::protection	амулеты обереги и талисманы	GENERIC_RELEVANT	SEMANTIC_PRESENT	ABSENT	EXACT_PRESENT	SEMANTIC_PRESENT	title_n:SEMANTIC_PRESENT	GAP_PRESENT	Content coverage only; no Ozon ranking-weight claim.
1602722942	USE::car_mirror	в машину	GENERIC_RELEVANT	EXACT_PRESENT	ABSENT	EXACT_PRESENT	EXACT_PRESENT	title_n:EXACT_PRESENT	GAP_PRESENT	Content coverage only; no Ozon ranking-weight claim.
1602722942	UNCLEAR::ba1b57d587	вегвезир	AMBIGUOUS_HOLD	ABSENT	ABSENT	ABSENT	ABSENT		GAP_PRESENT	Content coverage only; no Ozon ranking-weight claim.
1602722942	VARIANT::вегвизир	вегвизир в машину	EXACT_PRODUCT	SEMANTIC_PRESENT	SEMANTIC_PRESENT	SEMANTIC_PRESENT	SEMANTIC_PRESENT	title_n:SEMANTIC_PRESENT	NO_GAP	Content coverage only; no Ozon ranking-weight claim.
1602722942	USE::car_mirror	викинг подвеска в машину на зеркало	GENERIC_RELEVANT	ABSENT	ABSENT	ABSENT	ABSENT		GAP_PRESENT	Content coverage only; no Ozon ranking-weight claim.
1602722942	USE::car_mirror	зеркало	GENERIC_RELEVANT	EXACT_PRESENT	ABSENT	EXACT_PRESENT	EXACT_PRESENT	title_n:EXACT_PRESENT	GAP_PRESENT	Content coverage only; no Ozon ranking-weight claim.
1602722942	USE::car_mirror	зеркало магическое	GENERIC_RELEVANT	ABSENT	ABSENT	ABSENT	ABSENT		GAP_PRESENT	Content coverage only; no Ozon ranking-weight claim.
1602722942	USE::car_mirror	зеркало ру	GENERIC_RELEVANT	ABSENT	ABSENT	ABSENT	ABSENT		GAP_PRESENT	Content coverage only; no Ozon ranking-weight claim.
1602722942	USE::car_mirror	зеркало с ру	GENERIC_RELEVANT	ABSENT	ABSENT	ABSENT	ABSENT		GAP_PRESENT	Content coverage only; no Ozon ranking-weight claim.
1602722942	UNCLEAR::38ea3863b2	коловрат	AMBIGUOUS_HOLD	ABSENT	ABSENT	ABSENT	ABSENT		GAP_PRESENT	Content coverage only; no Ozon ranking-weight claim.
1602722942	VARIANT::вегвизир	компас вегвизир	EXACT_PRODUCT	SEMANTIC_PRESENT	SEMANTIC_PRESENT	SEMANTIC_PRESENT	SEMANTIC_PRESENT	title_n:SEMANTIC_PRESENT	NO_GAP	Content coverage only; no Ozon ranking-weight claim.
1602722942	USE::car_mirror	ловец снов в машину мужской	GENERIC_RELEVANT	ABSENT	ABSENT	ABSENT	ABSENT		GAP_PRESENT	Content coverage only; no Ozon ranking-weight claim.
1602722942	USE::car_mirror	на зеркало подвеска в машину	GENERIC_RELEVANT	SEMANTIC_PRESENT	ABSENT	SEMANTIC_PRESENT	SEMANTIC_PRESENT	title_n:SEMANTIC_PRESENT	GAP_PRESENT	Content coverage only; no Ozon ranking-weight claim.
1602722942	USE::protection	оберег	GENERIC_RELEVANT	SEMANTIC_PRESENT	ABSENT	EXACT_PRESENT	EXACT_PRESENT	title_n:SEMANTIC_PRESENT	GAP_PRESENT	Content coverage only; no Ozon ranking-weight claim.
1602722942	USE::car_mirror	оберег в машину	GENERIC_RELEVANT	SEMANTIC_PRESENT	ABSENT	EXACT_PRESENT	SEMANTIC_PRESENT	title_n:SEMANTIC_PRESENT	GAP_PRESENT	Content coverage only; no Ozon ranking-weight claim.
1602722942	USE::car_mirror	оберег в машину женский	GENERIC_RELEVANT	ABSENT	ABSENT	ABSENT	ABSENT		GAP_PRESENT	Content coverage only; no Ozon ranking-weight claim.
1602722942	USE::car_mirror	оберег в машину на зеркало женский	GENERIC_RELEVANT	ABSENT	ABSENT	ABSENT	ABSENT		GAP_PRESENT	Content coverage only; no Ozon ranking-weight claim.
1602722942	USE::protection	оберег в мвшину	GENERIC_RELEVANT	ABSENT	ABSENT	ABSENT	ABSENT		GAP_PRESENT	Content coverage only; no Ozon ranking-weight claim.
1602722942	USE::protection	оберег от сглаза	GENERIC_RELEVANT	ABSENT	ABSENT	SEMANTIC_PRESENT	SEMANTIC_PRESENT	attr_n:SEMANTIC_PRESENT	GAP_PRESENT	Content coverage only; no Ozon ranking-weight claim.
1602722942	USE::protection	оберег от сглаза и порчи	GENERIC_RELEVANT	ABSENT	ABSENT	SEMANTIC_PRESENT	SEMANTIC_PRESENT	attr_n:SEMANTIC_PRESENT	GAP_PRESENT	Content coverage only; no Ozon ranking-weight claim.
1602722942	USE::car_mirror	оберег с зеркалом	GENERIC_RELEVANT	ABSENT	ABSENT	ABSENT	ABSENT		GAP_PRESENT	Content coverage only; no Ozon ranking-weight claim.
1602722942	USE::protection	обереги языческие	GENERIC_RELEVANT	ABSENT	ABSENT	ABSENT	ABSENT		GAP_PRESENT	Content coverage only; no Ozon ranking-weight claim.
1602722942	USE::car_mirror	от сглаза в авто	GENERIC_RELEVANT	ABSENT	ABSENT	SEMANTIC_PRESENT	SEMANTIC_PRESENT	attr_n:SEMANTIC_PRESENT	GAP_PRESENT	Content coverage only; no Ozon ranking-weight claim.
1602722942	USE::car_mirror	подвеска в авто	GENERIC_RELEVANT	SEMANTIC_PRESENT	ABSENT	EXACT_PRESENT	SEMANTIC_PRESENT	title_n:SEMANTIC_PRESENT	GAP_PRESENT	Content coverage only; no Ozon ranking-weight claim.
1602722942	USE::car_mirror	подвеска в машину	GENERIC_RELEVANT	SEMANTIC_PRESENT	ABSENT	EXACT_PRESENT	SEMANTIC_PRESENT	title_n:SEMANTIC_PRESENT	GAP_PRESENT	Content coverage only; no Ozon ranking-weight claim.
1602722942	USE::car_mirror	подвеска в машину на зеркало	GENERIC_RELEVANT	SEMANTIC_PRESENT	ABSENT	EXACT_PRESENT	SEMANTIC_PRESENT	title_n:SEMANTIC_PRESENT	GAP_PRESENT	Content coverage only; no Ozon ranking-weight claim.
1602722942	USE::car_mirror	подвеска в машину на зеркало четки	GENERIC_RELEVANT	SEMANTIC_PRESENT	ABSENT	SEMANTIC_PRESENT	SEMANTIC_PRESENT	title_n:SEMANTIC_PRESENT	GAP_PRESENT	Content coverage only; no Ozon ranking-weight claim.
1602722942	USE::car_mirror	подвеска на зеркало в машину	GENERIC_RELEVANT	EXACT_PRESENT	ABSENT	EXACT_PRESENT	EXACT_PRESENT	title_n:EXACT_PRESENT	GAP_PRESENT	Content coverage only; no Ozon ranking-weight claim.
1602722942	USE::car_mirror	подвеска на зеркало в машину ссср	GENERIC_RELEVANT	ABSENT	ABSENT	ABSENT	ABSENT		GAP_PRESENT	Content coverage only; no Ozon ranking-weight claim.
1602722942	VARIANT::рунический	рунический амулет	EXACT_PRODUCT	SEMANTIC_PRESENT	SEMANTIC_PRESENT	SEMANTIC_PRESENT	SEMANTIC_PRESENT	title_n:SEMANTIC_PRESENT	NO_GAP	Content coverage only; no Ozon ranking-weight claim.
1602722942	UNCLEAR::96869e4e1c	руны	AMBIGUOUS_HOLD	ABSENT	ABSENT	ABSENT	ABSENT		GAP_PRESENT	Content coverage only; no Ozon ranking-weight claim.
1602722942	USE::car_mirror	руны подвеска дерево в машину на защиту	GENERIC_RELEVANT	ABSENT	ABSENT	PARTIAL_PRESENT	PARTIAL_PRESENT	attr_n:PARTIAL_PRESENT	GAP_PRESENT	Content coverage only; no Ozon ranking-weight claim.
1602722942	USE::car_mirror	скандинавский оберег на зеркало в машину	GENERIC_RELEVANT	ABSENT	ABSENT	SEMANTIC_PRESENT	SEMANTIC_PRESENT	attr_n:SEMANTIC_PRESENT	GAP_PRESENT	Content coverage only; no Ozon ranking-weight claim.
1602722942	USE::protection	талисман	GENERIC_RELEVANT	SEMANTIC_PRESENT	ABSENT	EXACT_PRESENT	EXACT_PRESENT	title_n:SEMANTIC_PRESENT	GAP_PRESENT	Content coverage only; no Ozon ranking-weight claim.
1602722942	USE::car_mirror	четки в машину	GENERIC_RELEVANT	SEMANTIC_PRESENT	ABSENT	SEMANTIC_PRESENT	SEMANTIC_PRESENT	title_n:SEMANTIC_PRESENT	GAP_PRESENT	Content coverage only; no Ozon ranking-weight claim.
1602722942	CLASS::beads	четки руна	GENERIC_RELEVANT	ABSENT	ABSENT	ABSENT	ABSENT		GAP_PRESENT	Content coverage only; no Ozon ranking-weight claim.
1602722942	CLASS::beads	четки языческие	GENERIC_RELEVANT	ABSENT	ABSENT	ABSENT	ABSENT		GAP_PRESENT	Content coverage only; no Ozon ranking-weight claim.
1611643847	UNCLEAR::403926033d	lol	AMBIGUOUS_HOLD	ABSENT	ABSENT	ABSENT	ABSENT		GAP_PRESENT	Content coverage only; no Ozon ranking-weight claim.
1611643847	USE::car_mirror	акриловая подвеска в машину	GENERIC_RELEVANT	ABSENT	ABSENT	ABSENT	ABSENT		GAP_PRESENT	Content coverage only; no Ozon ranking-weight claim.
1611643847	USE::protection	амулеты обереги и талисманы	GENERIC_RELEVANT	SEMANTIC_PRESENT	ABSENT	EXACT_PRESENT	SEMANTIC_PRESENT	title_n:SEMANTIC_PRESENT	GAP_PRESENT	Content coverage only; no Ozon ranking-weight claim.
1611643847	USE::car_mirror	в автомобиль подвеска	GENERIC_RELEVANT	SEMANTIC_PRESENT	ABSENT	SEMANTIC_PRESENT	SEMANTIC_PRESENT	title_n:SEMANTIC_PRESENT	GAP_PRESENT	Content coverage only; no Ozon ranking-weight claim.
1611643847	USE::car_mirror	в машину амулет	GENERIC_RELEVANT	SEMANTIC_PRESENT	ABSENT	SEMANTIC_PRESENT	SEMANTIC_PRESENT	title_n:SEMANTIC_PRESENT	GAP_PRESENT	Content coverage only; no Ozon ranking-weight claim.
1611643847	USE::car_mirror	голова хищника в машину подвеска	GENERIC_RELEVANT	ABSENT	ABSENT	ABSENT	ABSENT		GAP_PRESENT	Content coverage only; no Ozon ranking-weight claim.
1611643847	CLASS::amulet_pendant	гун подвеска	GENERIC_RELEVANT	ABSENT	ABSENT	ABSENT	ABSENT		GAP_PRESENT	Content coverage only; no Ozon ranking-weight claim.
1611643847	VARIANT::гунгнир	гунгнир копье не	EXACT_PRODUCT	PARTIAL_PRESENT	PARTIAL_PRESENT	SEMANTIC_PRESENT	SEMANTIC_PRESENT	title_n:PARTIAL_PRESENT	PARTIAL_GAP	Content coverage only; no Ozon ranking-weight claim.
1611643847	VARIANT::гунгнир	гунгнир копьем одиума	EXACT_PRODUCT	PARTIAL_PRESENT	PARTIAL_PRESENT	PARTIAL_PRESENT	PARTIAL_PRESENT	title_n:PARTIAL_PRESENT	PARTIAL_GAP	Content coverage only; no Ozon ranking-weight claim.
1611643847	VARIANT::гунгнир	доска гунгнир	EXACT_PRODUCT	PARTIAL_PRESENT	PARTIAL_PRESENT	PARTIAL_PRESENT	PARTIAL_PRESENT	title_n:PARTIAL_PRESENT	PARTIAL_GAP	Content coverage only; no Ozon ranking-weight claim.
1611643847	USE::car_mirror	зеркало авто подвеска	GENERIC_RELEVANT	SEMANTIC_PRESENT	ABSENT	SEMANTIC_PRESENT	SEMANTIC_PRESENT	title_n:SEMANTIC_PRESENT	GAP_PRESENT	Content coverage only; no Ozon ranking-weight claim.
1611643847	VARIANT::гунгнир	коп гунгнир один	EXACT_PRODUCT	PARTIAL_PRESENT	PARTIAL_PRESENT	PARTIAL_PRESENT	PARTIAL_PRESENT	title_n:PARTIAL_PRESENT	PARTIAL_GAP	Content coverage only; no Ozon ranking-weight claim.
1611643847	USE::car_mirror	копй для зеркал	GENERIC_RELEVANT	ABSENT	ABSENT	ABSENT	ABSENT		GAP_PRESENT	Content coverage only; no Ozon ranking-weight claim.
1611643847	UNCLEAR::8f45a1a4f8	копъе	AMBIGUOUS_HOLD	ABSENT	ABSENT	ABSENT	ABSENT		GAP_PRESENT	Content coverage only; no Ozon ranking-weight claim.
1611643847	VARIANT::копье	копье	EXACT_PRODUCT	EXACT_PRESENT	EXACT_PRESENT	EXACT_PRESENT	EXACT_PRESENT	title_n:EXACT_PRESENT	NO_GAP	Content coverage only; no Ozon ranking-weight claim.
1611643847	VARIANT::копье	копье 1/12	EXACT_PRODUCT	PARTIAL_PRESENT	PARTIAL_PRESENT	PARTIAL_PRESENT	PARTIAL_PRESENT	title_n:PARTIAL_PRESENT	PARTIAL_GAP	Content coverage only; no Ozon ranking-weight claim.
1611643847	VARIANT::копье	копье бога	EXACT_PRODUCT	PARTIAL_PRESENT	PARTIAL_PRESENT	PARTIAL_PRESENT	PARTIAL_PRESENT	title_n:PARTIAL_PRESENT	PARTIAL_GAP	Content coverage only; no Ozon ranking-weight claim.
1611643847	VARIANT::копье	копье дерева 200 см	EXACT_PRODUCT	PARTIAL_PRESENT	PARTIAL_PRESENT	PARTIAL_PRESENT	PARTIAL_PRESENT	title_n:PARTIAL_PRESENT	PARTIAL_GAP	Content coverage only; no Ozon ranking-weight claim.
1611643847	VARIANT::копье	копье ммг	EXACT_PRODUCT	PARTIAL_PRESENT	PARTIAL_PRESENT	PARTIAL_PRESENT	PARTIAL_PRESENT	title_n:PARTIAL_PRESENT	PARTIAL_GAP	Content coverage only; no Ozon ranking-weight claim.
1611643847	UNCLEAR::a74c8d357c	копья деревянные	AMBIGUOUS_HOLD	ABSENT	ABSENT	ABSENT	ABSENT		GAP_PRESENT	Content coverage only; no Ozon ranking-weight claim.
1611643847	USE::car_mirror	кулоны зеркальные обереги	GENERIC_RELEVANT	ABSENT	ABSENT	ABSENT	ABSENT		GAP_PRESENT	Content coverage only; no Ozon ranking-weight claim.
1611643847	CLASS::amulet_pendant	мощные амулеты	GENERIC_RELEVANT	ABSENT	ABSENT	ABSENT	ABSENT		GAP_PRESENT	Content coverage only; no Ozon ranking-weight claim.
1611643847	USE::protection	оберег	GENERIC_RELEVANT	SEMANTIC_PRESENT	ABSENT	EXACT_PRESENT	EXACT_PRESENT	title_n:SEMANTIC_PRESENT	GAP_PRESENT	Content coverage only; no Ozon ranking-weight claim.
1611643847	USE::car_mirror	оберег в машину	GENERIC_RELEVANT	SEMANTIC_PRESENT	ABSENT	EXACT_PRESENT	SEMANTIC_PRESENT	title_n:SEMANTIC_PRESENT	GAP_PRESENT	Content coverage only; no Ozon ranking-weight claim.
1611643847	USE::car_mirror	оберег на зеркало автомобиля	GENERIC_RELEVANT	ABSENT	ABSENT	SEMANTIC_PRESENT	SEMANTIC_PRESENT	attr_n:SEMANTIC_PRESENT	GAP_PRESENT	Content coverage only; no Ozon ranking-weight claim.
1611643847	USE::protection	оберег от сглаза и порчи	GENERIC_RELEVANT	ABSENT	ABSENT	PARTIAL_PRESENT	PARTIAL_PRESENT	attr_n:PARTIAL_PRESENT	GAP_PRESENT	Content coverage only; no Ozon ranking-weight claim.
1611643847	USE::protection	оберег язычество для	GENERIC_RELEVANT	ABSENT	ABSENT	ABSENT	ABSENT		GAP_PRESENT	Content coverage only; no Ozon ranking-weight claim.
1611643847	USE::protection	обереги от порчи	GENERIC_RELEVANT	ABSENT	ABSENT	ABSENT	ABSENT		GAP_PRESENT	Content coverage only; no Ozon ranking-weight claim.
1611643847	USE::protection	от сглаза	GENERIC_RELEVANT	ABSENT	ABSENT	EXACT_PRESENT	SEMANTIC_PRESENT	attr_n:EXACT_PRESENT	GAP_PRESENT	Content coverage only; no Ozon ranking-weight claim.
1611643847	CLASS::amulet_pendant	подвеска	GENERIC_RELEVANT	EXACT_PRESENT	ABSENT	EXACT_PRESENT	EXACT_PRESENT	title_n:EXACT_PRESENT	GAP_PRESENT	Content coverage only; no Ozon ranking-weight claim.
1611643847	USE::protection	подвеска амулет оберег	GENERIC_RELEVANT	SEMANTIC_PRESENT	ABSENT	SEMANTIC_PRESENT	SEMANTIC_PRESENT	title_n:SEMANTIC_PRESENT	GAP_PRESENT	Content coverage only; no Ozon ranking-weight claim.
1611643847	USE::car_mirror	подвеска в авто бусины	GENERIC_RELEVANT	ABSENT	ABSENT	SEMANTIC_PRESENT	SEMANTIC_PRESENT	attr_n:SEMANTIC_PRESENT	GAP_PRESENT	Content coverage only; no Ozon ranking-weight claim.
1611643847	USE::car_mirror	подвеска в машину	GENERIC_RELEVANT	SEMANTIC_PRESENT	ABSENT	EXACT_PRESENT	SEMANTIC_PRESENT	title_n:SEMANTIC_PRESENT	GAP_PRESENT	Content coverage only; no Ozon ranking-weight claim.
1611643847	USE::car_mirror	подвеска в машину на зеркало женская оберег	GENERIC_RELEVANT	ABSENT	ABSENT	ABSENT	ABSENT		GAP_PRESENT	Content coverage only; no Ozon ranking-weight claim.
1611643847	USE::car_mirror	подвеска в машину на зеркало ма ка крик	GENERIC_RELEVANT	ABSENT	ABSENT	ABSENT	ABSENT		GAP_PRESENT	Content coverage only; no Ozon ranking-weight claim.
1611643847	USE::car_mirror	подвеска в машину на зеркало русская красавица	GENERIC_RELEVANT	ABSENT	ABSENT	ABSENT	ABSENT		GAP_PRESENT	Content coverage only; no Ozon ranking-weight claim.
1611643847	USE::car_mirror	подвеска в машину на зеркало спецназ внутренних войск	GENERIC_RELEVANT	ABSENT	ABSENT	ABSENT	ABSENT		GAP_PRESENT	Content coverage only; no Ozon ranking-weight claim.
1611643847	USE::car_mirror	подвеска катана в машину на зеркало мужская	GENERIC_RELEVANT	ABSENT	ABSENT	PARTIAL_PRESENT	ABSENT	attr_n:PARTIAL_PRESENT	GAP_PRESENT	Content coverage only; no Ozon ranking-weight claim.
1611643847	USE::car_mirror	подвеска на зеркало в машину	GENERIC_RELEVANT	EXACT_PRESENT	ABSENT	EXACT_PRESENT	EXACT_PRESENT	title_n:EXACT_PRESENT	GAP_PRESENT	Content coverage only; no Ozon ranking-weight claim.
1611643847	USE::car_mirror	подвеска от сглаза в машину	GENERIC_RELEVANT	ABSENT	ABSENT	SEMANTIC_PRESENT	SEMANTIC_PRESENT	attr_n:SEMANTIC_PRESENT	GAP_PRESENT	Content coverage only; no Ozon ranking-weight claim.
1611643847	VARIANT::гунгнир	руна гунгнира футболка	PARTIAL_RELEVANCE	PARTIAL_PRESENT	PARTIAL_PRESENT	PARTIAL_PRESENT	PARTIAL_PRESENT	title_n:PARTIAL_PRESENT	PARTIAL_GAP	Content coverage only; no Ozon ranking-weight claim.
1611643847	UNCLEAR::96869e4e1c	руны	AMBIGUOUS_HOLD	ABSENT	ABSENT	ABSENT	ABSENT		GAP_PRESENT	Content coverage only; no Ozon ranking-weight claim.
1611643847	USE::protection	руны амулет защита	GENERIC_RELEVANT	ABSENT	ABSENT	PARTIAL_PRESENT	PARTIAL_PRESENT	attr_n:PARTIAL_PRESENT	GAP_PRESENT	Content coverage only; no Ozon ranking-weight claim.
1611643847	UNCLEAR::1989d474df	руны обкрег	AMBIGUOUS_HOLD	ABSENT	ABSENT	ABSENT	ABSENT		GAP_PRESENT	Content coverage only; no Ozon ranking-weight claim.
1611643847	UNCLEAR::2fcdb9d858	сила	AMBIGUOUS_HOLD	ABSENT	ABSENT	ABSENT	ABSENT		GAP_PRESENT	Content coverage only; no Ozon ranking-weight claim.
1611643847	UNCLEAR::38d7351727	сковорода гугнир	AMBIGUOUS_HOLD	ABSENT	ABSENT	ABSENT	ABSENT		GAP_PRESENT	Content coverage only; no Ozon ranking-weight claim.
1611643847	USE::protection	талисманы	GENERIC_RELEVANT	SEMANTIC_PRESENT	ABSENT	EXACT_PRESENT	SEMANTIC_PRESENT	title_n:SEMANTIC_PRESENT	GAP_PRESENT	Content coverage only; no Ozon ranking-weight claim.
1611643847	UNCLEAR::5753801ceb	флаг гугнир	AMBIGUOUS_HOLD	ABSENT	ABSENT	ABSENT	ABSENT		GAP_PRESENT	Content coverage only; no Ozon ranking-weight claim.
1611643847	USE::car_mirror	четки автомобильные скандинавские с рунами	GENERIC_RELEVANT	ABSENT	ABSENT	SEMANTIC_PRESENT	PARTIAL_PRESENT	attr_n:SEMANTIC_PRESENT	GAP_PRESENT	Content coverage only; no Ozon ranking-weight claim.
1611643847	USE::car_mirror	четки в машину	GENERIC_RELEVANT	SEMANTIC_PRESENT	ABSENT	SEMANTIC_PRESENT	SEMANTIC_PRESENT	title_n:SEMANTIC_PRESENT	GAP_PRESENT	Content coverage only; no Ozon ranking-weight claim.
1611643847	USE::car_mirror	штуки где зеркало в машине в	GENERIC_RELEVANT	ABSENT	ABSENT	ABSENT	ABSENT		GAP_PRESENT	Content coverage only; no Ozon ranking-weight claim.
1611643847	USE::protection	язычество оберег	GENERIC_RELEVANT	ABSENT	ABSENT	ABSENT	ABSENT		GAP_PRESENT	Content coverage only; no Ozon ranking-weight claim.
1611695246	USE::car_mirror	амулет в машину на зеркало с горного алтая	GENERIC_RELEVANT	ABSENT	ABSENT	ABSENT	ABSENT		GAP_PRESENT	Content coverage only; no Ozon ranking-weight claim.
1611695246	USE::protection	амулеты обереги и талисманы	GENERIC_RELEVANT	SEMANTIC_PRESENT	ABSENT	EXACT_PRESENT	SEMANTIC_PRESENT	title_n:SEMANTIC_PRESENT	GAP_PRESENT	Content coverage only; no Ozon ranking-weight claim.
1611695246	CLASS::amulet_pendant	амулеты языческие	GENERIC_RELEVANT	ABSENT	ABSENT	ABSENT	ABSENT		GAP_PRESENT	Content coverage only; no Ozon ranking-weight claim.
1611695246	USE::car_mirror	бусина от сглаза на зеркало машины	GENERIC_RELEVANT	PARTIAL_PRESENT	ABSENT	SEMANTIC_PRESENT	SEMANTIC_PRESENT	title_n:PARTIAL_PRESENT	GAP_PRESENT	Content coverage only; no Ozon ranking-weight claim.
1611695246	USE::protection	бусы оберег	GENERIC_RELEVANT	ABSENT	ABSENT	ABSENT	ABSENT		GAP_PRESENT	Content coverage only; no Ozon ranking-weight claim.
1611695246	USE::car_mirror	в машину на зеркало	GENERIC_RELEVANT	SEMANTIC_PRESENT	ABSENT	EXACT_PRESENT	SEMANTIC_PRESENT	title_n:SEMANTIC_PRESENT	GAP_PRESENT	Content coverage only; no Ozon ranking-weight claim.
1611695246	VARIANT::валькнут	валькнут	EXACT_PRODUCT	EXACT_PRESENT	EXACT_PRESENT	EXACT_PRESENT	EXACT_PRESENT	title_n:EXACT_PRESENT	NO_GAP	Content coverage only; no Ozon ranking-weight claim.
1611695246	VARIANT::валькнут	валькнут коврик на пол	EXACT_PRODUCT	PARTIAL_PRESENT	PARTIAL_PRESENT	PARTIAL_PRESENT	PARTIAL_PRESENT	title_n:PARTIAL_PRESENT	PARTIAL_GAP	Content coverage only; no Ozon ranking-weight claim.
1611695246	VARIANT::валькнут	валькнут подвеска в машину	EXACT_PRODUCT	SEMANTIC_PRESENT	SEMANTIC_PRESENT	SEMANTIC_PRESENT	SEMANTIC_PRESENT	title_n:SEMANTIC_PRESENT	NO_GAP	Content coverage only; no Ozon ranking-weight claim.
1611695246	USE::car_mirror	волчья лапа подвеска на зеркало в машину	GENERIC_RELEVANT	ABSENT	ABSENT	ABSENT	ABSENT		GAP_PRESENT	Content coverage only; no Ozon ranking-weight claim.
1611695246	USE::car_mirror	вольного борца подвеска в машину	GENERIC_RELEVANT	ABSENT	ABSENT	ABSENT	ABSENT		GAP_PRESENT	Content coverage only; no Ozon ranking-weight claim.
1611695246	USE::car_mirror	зеркало толи	GENERIC_RELEVANT	ABSENT	ABSENT	ABSENT	ABSENT		GAP_PRESENT	Content coverage only; no Ozon ranking-weight claim.
1611695246	VARIANT::валькнут	майка валькнут	EXACT_PRODUCT	PARTIAL_PRESENT	PARTIAL_PRESENT	PARTIAL_PRESENT	PARTIAL_PRESENT	title_n:PARTIAL_PRESENT	PARTIAL_GAP	Content coverage only; no Ozon ranking-weight claim.
1611695246	USE::car_mirror	машинка минивен с подвеской на крыше	GENERIC_RELEVANT	ABSENT	ABSENT	ABSENT	ABSENT		GAP_PRESENT	Content coverage only; no Ozon ranking-weight claim.
1611695246	USE::car_mirror	мусульманская подвеска в машину тюбетейка	GENERIC_RELEVANT	ABSENT	ABSENT	ABSENT	ABSENT		GAP_PRESENT	Content coverage only; no Ozon ranking-weight claim.
1611695246	USE::car_mirror	на зеркало автомобиля подвеска красная	GENERIC_RELEVANT	ABSENT	ABSENT	PARTIAL_PRESENT	PARTIAL_PRESENT	attr_n:PARTIAL_PRESENT	GAP_PRESENT	Content coverage only; no Ozon ranking-weight claim.
1611695246	USE::car_mirror	на зеркало в машину талисман	GENERIC_RELEVANT	SEMANTIC_PRESENT	ABSENT	SEMANTIC_PRESENT	SEMANTIC_PRESENT	title_n:SEMANTIC_PRESENT	GAP_PRESENT	Content coverage only; no Ozon ranking-weight claim.
1611695246	USE::car_mirror	набор автомобилиста	GENERIC_RELEVANT	ABSENT	ABSENT	SEMANTIC_PRESENT	SEMANTIC_PRESENT	attr_n:SEMANTIC_PRESENT	GAP_PRESENT	Content coverage only; no Ozon ranking-weight claim.
1611695246	USE::car_mirror	набор ключей для автомобиля	GENERIC_RELEVANT	ABSENT	ABSENT	PARTIAL_PRESENT	PARTIAL_PRESENT	attr_n:PARTIAL_PRESENT	GAP_PRESENT	Content coverage only; no Ozon ranking-weight claim.
1611695246	USE::protection	оберег	GENERIC_RELEVANT	SEMANTIC_PRESENT	ABSENT	EXACT_PRESENT	EXACT_PRESENT	title_n:SEMANTIC_PRESENT	GAP_PRESENT	Content coverage only; no Ozon ranking-weight claim.
1611695246	USE::car_mirror	оберег в автомобиль	GENERIC_RELEVANT	SEMANTIC_PRESENT	ABSENT	SEMANTIC_PRESENT	SEMANTIC_PRESENT	title_n:SEMANTIC_PRESENT	GAP_PRESENT	Content coverage only; no Ozon ranking-weight claim.
1611695246	USE::car_mirror	оберег в машину	GENERIC_RELEVANT	SEMANTIC_PRESENT	ABSENT	EXACT_PRESENT	SEMANTIC_PRESENT	title_n:SEMANTIC_PRESENT	GAP_PRESENT	Content coverage only; no Ozon ranking-weight claim.
1611695246	USE::car_mirror	оберег в машину колаврат	GENERIC_RELEVANT	ABSENT	ABSENT	ABSENT	ABSENT		GAP_PRESENT	Content coverage only; no Ozon ranking-weight claim.
1611695246	USE::protection	оберег ворон	GENERIC_RELEVANT	ABSENT	ABSENT	ABSENT	ABSENT		GAP_PRESENT	Content coverage only; no Ozon ranking-weight claim.
1611695246	USE::protection	оберег от сглаза и порчи	GENERIC_RELEVANT	ABSENT	ABSENT	SEMANTIC_PRESENT	SEMANTIC_PRESENT	attr_n:SEMANTIC_PRESENT	GAP_PRESENT	Content coverage only; no Ozon ranking-weight claim.
1611695246	USE::protection	обереги	GENERIC_RELEVANT	SEMANTIC_PRESENT	ABSENT	EXACT_PRESENT	SEMANTIC_PRESENT	title_n:SEMANTIC_PRESENT	GAP_PRESENT	Content coverage only; no Ozon ranking-weight claim.
1611695246	USE::protection	обереготсглаза	GENERIC_RELEVANT	ABSENT	ABSENT	EXACT_PRESENT	ABSENT	attr_n:EXACT_PRESENT	GAP_PRESENT	Content coverage only; no Ozon ranking-weight claim.
1611695246	USE::protection	от сглаза	GENERIC_RELEVANT	ABSENT	ABSENT	EXACT_PRESENT	SEMANTIC_PRESENT	attr_n:EXACT_PRESENT	GAP_PRESENT	Content coverage only; no Ozon ranking-weight claim.
1611695246	USE::protection	от сглаза и порчи	GENERIC_RELEVANT	ABSENT	ABSENT	SEMANTIC_PRESENT	SEMANTIC_PRESENT	attr_n:SEMANTIC_PRESENT	GAP_PRESENT	Content coverage only; no Ozon ranking-weight claim.
1611695246	USE::car_mirror	подвеска в автомобиль стильная	GENERIC_RELEVANT	ABSENT	ABSENT	SEMANTIC_PRESENT	SEMANTIC_PRESENT	attr_n:SEMANTIC_PRESENT	GAP_PRESENT	Content coverage only; no Ozon ranking-weight claim.
1611695246	USE::car_mirror	подвеска в машину	GENERIC_RELEVANT	SEMANTIC_PRESENT	ABSENT	EXACT_PRESENT	SEMANTIC_PRESENT	title_n:SEMANTIC_PRESENT	GAP_PRESENT	Content coverage only; no Ozon ranking-weight claim.
1611695246	USE::car_mirror	подвеска в машину водителю илье	GENERIC_RELEVANT	ABSENT	ABSENT	ABSENT	ABSENT		GAP_PRESENT	Content coverage only; no Ozon ranking-weight claim.
1611695246	USE::car_mirror	подвеска в машину мягкий пушистый ежик	GENERIC_RELEVANT	ABSENT	ABSENT	ABSENT	ABSENT		GAP_PRESENT	Content coverage only; no Ozon ranking-weight claim.
1611695246	USE::car_mirror	подвеска в машину на зеркало питбуль	GENERIC_RELEVANT	ABSENT	ABSENT	ABSENT	ABSENT		GAP_PRESENT	Content coverage only; no Ozon ranking-weight claim.
1611695246	USE::car_mirror	подвеска в машину на зеркало юрта	GENERIC_RELEVANT	ABSENT	ABSENT	ABSENT	ABSENT		GAP_PRESENT	Content coverage only; no Ozon ranking-weight claim.
1611695246	USE::car_mirror	подвеска зеркало автомобиля	GENERIC_RELEVANT	ABSENT	ABSENT	SEMANTIC_PRESENT	SEMANTIC_PRESENT	attr_n:SEMANTIC_PRESENT	GAP_PRESENT	Content coverage only; no Ozon ranking-weight claim.
1611695246	USE::car_mirror	подвеска на зеркало в машину	GENERIC_RELEVANT	EXACT_PRESENT	ABSENT	EXACT_PRESENT	EXACT_PRESENT	title_n:EXACT_PRESENT	GAP_PRESENT	Content coverage only; no Ozon ranking-weight claim.
1611695246	USE::car_mirror	подвеска под зеркало	GENERIC_RELEVANT	ABSENT	ABSENT	ABSENT	ABSENT		GAP_PRESENT	Content coverage only; no Ozon ranking-weight claim.
1611695246	VARIANT::узел	подвеска узел	EXACT_PRODUCT	SEMANTIC_PRESENT	SEMANTIC_PRESENT	SEMANTIC_PRESENT	SEMANTIC_PRESENT	title_n:SEMANTIC_PRESENT	NO_GAP	Content coverage only; no Ozon ranking-weight claim.
1611695246	USE::car_mirror	подвески в авто на зеркало	GENERIC_RELEVANT	SEMANTIC_PRESENT	ABSENT	SEMANTIC_PRESENT	SEMANTIC_PRESENT	title_n:SEMANTIC_PRESENT	GAP_PRESENT	Content coverage only; no Ozon ranking-weight claim.
1611695246	USE::car_mirror	руны подвеска в машину	GENERIC_RELEVANT	ABSENT	ABSENT	ABSENT	ABSENT		GAP_PRESENT	Content coverage only; no Ozon ranking-weight claim.
1611695246	USE::car_mirror	сихлы в машину	GENERIC_RELEVANT	ABSENT	ABSENT	ABSENT	ABSENT		GAP_PRESENT	Content coverage only; no Ozon ranking-weight claim.
1611695246	USE::protection	талисман	GENERIC_RELEVANT	SEMANTIC_PRESENT	ABSENT	EXACT_PRESENT	EXACT_PRESENT	title_n:SEMANTIC_PRESENT	GAP_PRESENT	Content coverage only; no Ozon ranking-weight claim.
1611695246	VARIANT::валькнут	трафарет узел валькнутв	EXACT_PRODUCT	PARTIAL_PRESENT	PARTIAL_PRESENT	PARTIAL_PRESENT	PARTIAL_PRESENT	title_n:PARTIAL_PRESENT	PARTIAL_GAP	Content coverage only; no Ozon ranking-weight claim.
1611695246	VARIANT::узел	узел анама кара подвеска	EXACT_PRODUCT	PARTIAL_PRESENT	PARTIAL_PRESENT	PARTIAL_PRESENT	PARTIAL_PRESENT	title_n:PARTIAL_PRESENT	PARTIAL_GAP	Content coverage only; no Ozon ranking-weight claim.
1611695246	VARIANT::узел	узел подвеска в машину	EXACT_PRODUCT	SEMANTIC_PRESENT	SEMANTIC_PRESENT	SEMANTIC_PRESENT	SEMANTIC_PRESENT	title_n:SEMANTIC_PRESENT	NO_GAP	Content coverage only; no Ozon ranking-weight claim.
1611695246	USE::protection	шаманский оберег	GENERIC_RELEVANT	ABSENT	ABSENT	ABSENT	ABSENT		GAP_PRESENT	Content coverage only; no Ozon ranking-weight claim.
1611695246	USE::car_mirror	язычество обереги на машину	GENERIC_RELEVANT	ABSENT	ABSENT	ABSENT	ABSENT		GAP_PRESENT	Content coverage only; no Ozon ranking-weight claim.
1611695246	CLASS::amulet_pendant	ярость павшего амулет hollow	GENERIC_RELEVANT	ABSENT	ABSENT	ABSENT	ABSENT		GAP_PRESENT	Content coverage only; no Ozon ranking-weight claim.
1623753672	USE::car_mirror	автооберег	GENERIC_RELEVANT	ABSENT	ABSENT	ABSENT	ABSENT		GAP_PRESENT	Content coverage only; no Ozon ranking-weight claim.
1623753672	USE::car_mirror	акриловая подвеска в машину	GENERIC_RELEVANT	ABSENT	ABSENT	ABSENT	ABSENT		GAP_PRESENT	Content coverage only; no Ozon ranking-weight claim.
1623753672	CLASS::amulet_pendant	амулет медведь на веревке	GENERIC_RELEVANT	ABSENT	ABSENT	ABSENT	ABSENT		GAP_PRESENT	Content coverage only; no Ozon ranking-weight claim.
1623753672	USE::protection	амулеты обереги и талисманы	GENERIC_RELEVANT	SEMANTIC_PRESENT	ABSENT	EXACT_PRESENT	SEMANTIC_PRESENT	title_n:SEMANTIC_PRESENT	GAP_PRESENT	Content coverage only; no Ozon ranking-weight claim.
1623753672	USE::protection	бусы оберег	GENERIC_RELEVANT	ABSENT	ABSENT	ABSENT	ABSENT		GAP_PRESENT	Content coverage only; no Ozon ranking-weight claim.
1623753672	USE::car_mirror	в автопутешествие в машине для путешествий людям	GENERIC_RELEVANT	ABSENT	ABSENT	ABSENT	ABSENT		GAP_PRESENT	Content coverage only; no Ozon ranking-weight claim.
1623753672	USE::car_mirror	в машине на зеркало подвеска	GENERIC_RELEVANT	SEMANTIC_PRESENT	ABSENT	SEMANTIC_PRESENT	SEMANTIC_PRESENT	title_n:SEMANTIC_PRESENT	GAP_PRESENT	Content coverage only; no Ozon ranking-weight claim.
1623753672	USE::car_mirror	в машину амулет	GENERIC_RELEVANT	SEMANTIC_PRESENT	ABSENT	SEMANTIC_PRESENT	SEMANTIC_PRESENT	title_n:SEMANTIC_PRESENT	GAP_PRESENT	Content coverage only; no Ozon ranking-weight claim.
1623753672	VARIANT::жизни	дерево жизни	EXACT_PRODUCT	SEMANTIC_PRESENT	SEMANTIC_PRESENT	SEMANTIC_PRESENT	SEMANTIC_PRESENT	title_n:SEMANTIC_PRESENT	NO_GAP	Content coverage only; no Ozon ranking-weight claim.
1623753672	USE::protection	деревянные обереги	GENERIC_RELEVANT	ABSENT	ABSENT	ABSENT	ABSENT		GAP_PRESENT	Content coverage only; no Ozon ranking-weight claim.
1623753672	CLASS::amulet_pendant	деревянный амулет	GENERIC_RELEVANT	SEMANTIC_PRESENT	ABSENT	SEMANTIC_PRESENT	SEMANTIC_PRESENT	title_n:SEMANTIC_PRESENT	GAP_PRESENT	Content coverage only; no Ozon ranking-weight claim.
1623753672	VARIANT::жизни	доево жизни	EXACT_PRODUCT	PARTIAL_PRESENT	PARTIAL_PRESENT	PARTIAL_PRESENT	PARTIAL_PRESENT	title_n:PARTIAL_PRESENT	PARTIAL_GAP	Content coverage only; no Ozon ranking-weight claim.
1623753672	USE::car_mirror	доллар деревянный в машину подвеска на зеркало	GENERIC_RELEVANT	ABSENT	ABSENT	ABSENT	ABSENT		GAP_PRESENT	Content coverage only; no Ozon ranking-weight claim.
1623753672	VARIANT::древо жизни	древо жизни	EXACT_PRODUCT	EXACT_PRESENT	EXACT_PRESENT	EXACT_PRESENT	EXACT_PRESENT	title_n:EXACT_PRESENT	NO_GAP	Content coverage only; no Ozon ranking-weight claim.
1623753672	VARIANT::древо жизни	древо жизни кресты	EXACT_PRODUCT	PARTIAL_PRESENT	PARTIAL_PRESENT	PARTIAL_PRESENT	PARTIAL_PRESENT	title_n:PARTIAL_PRESENT	PARTIAL_GAP	Content coverage only; no Ozon ranking-weight claim.
1623753672	USE::car_mirror	зеркала на машину универсальные	GENERIC_RELEVANT	ABSENT	ABSENT	ABSENT	ABSENT		GAP_PRESENT	Content coverage only; no Ozon ranking-weight claim.
1623753672	USE::car_mirror	зеркало магическое подвеска	GENERIC_RELEVANT	ABSENT	ABSENT	ABSENT	ABSENT		GAP_PRESENT	Content coverage only; no Ozon ranking-weight claim.
1623753672	USE::car_mirror	зеркальная защита рунами	GENERIC_RELEVANT	ABSENT	ABSENT	PARTIAL_PRESENT	PARTIAL_PRESENT	attr_n:PARTIAL_PRESENT	GAP_PRESENT	Content coverage only; no Ozon ranking-weight claim.
1623753672	UNCLEAR::85d1cd38d3	крона	AMBIGUOUS_HOLD	ABSENT	ABSENT	EXACT_PRESENT	EXACT_PRESENT	attr_n:EXACT_PRESENT	GAP_PRESENT	Content coverage only; no Ozon ranking-weight claim.
1623753672	USE::car_mirror	на зеркало в машину подвеска уголовный розыск	GENERIC_RELEVANT	ABSENT	ABSENT	ABSENT	ABSENT		GAP_PRESENT	Content coverage only; no Ozon ranking-weight claim.
1623753672	UNCLEAR::6b5297fb6c	набор	AMBIGUOUS_HOLD	SEMANTIC_PRESENT	ABSENT	SEMANTIC_PRESENT	SEMANTIC_PRESENT	title_n:SEMANTIC_PRESENT	GAP_PRESENT	Content coverage only; no Ozon ranking-weight claim.
1623753672	USE::car_mirror	набор автомобилиста	GENERIC_RELEVANT	ABSENT	ABSENT	SEMANTIC_PRESENT	SEMANTIC_PRESENT	attr_n:SEMANTIC_PRESENT	GAP_PRESENT	Content coverage only; no Ozon ranking-weight claim.
1623753672	UNCLEAR::83914629f5	набор для творчества	AMBIGUOUS_HOLD	ABSENT	ABSENT	ABSENT	ABSENT		GAP_PRESENT	Content coverage only; no Ozon ranking-weight claim.
1623753672	USE::car_mirror	оберег в машину	GENERIC_RELEVANT	SEMANTIC_PRESENT	ABSENT	EXACT_PRESENT	SEMANTIC_PRESENT	title_n:SEMANTIC_PRESENT	GAP_PRESENT	Content coverage only; no Ozon ranking-weight claim.
1623753672	USE::car_mirror	оберег в машину на зеркало женский	GENERIC_RELEVANT	ABSENT	ABSENT	ABSENT	ABSENT		GAP_PRESENT	Content coverage only; no Ozon ranking-weight claim.
1623753672	USE::car_mirror	оберег из зеркал	GENERIC_RELEVANT	ABSENT	ABSENT	ABSENT	ABSENT		GAP_PRESENT	Content coverage only; no Ozon ranking-weight claim.
1623753672	USE::protection	обереготсглаза	GENERIC_RELEVANT	ABSENT	ABSENT	EXACT_PRESENT	ABSENT	attr_n:EXACT_PRESENT	GAP_PRESENT	Content coverage only; no Ozon ranking-weight claim.
1623753672	USE::car_mirror	подвеска в авто бусины	GENERIC_RELEVANT	ABSENT	ABSENT	SEMANTIC_PRESENT	SEMANTIC_PRESENT	attr_n:SEMANTIC_PRESENT	GAP_PRESENT	Content coverage only; no Ozon ranking-weight claim.
1623753672	USE::car_mirror	подвеска в машину	GENERIC_RELEVANT	SEMANTIC_PRESENT	ABSENT	EXACT_PRESENT	SEMANTIC_PRESENT	title_n:SEMANTIC_PRESENT	GAP_PRESENT	Content coverage only; no Ozon ranking-weight claim.
1623753672	USE::car_mirror	подвеска в машину на зеркало	GENERIC_RELEVANT	SEMANTIC_PRESENT	ABSENT	EXACT_PRESENT	SEMANTIC_PRESENT	title_n:SEMANTIC_PRESENT	GAP_PRESENT	Content coverage only; no Ozon ranking-weight claim.
1623753672	USE::car_mirror	подвеска в машину на зеркало а	GENERIC_RELEVANT	SEMANTIC_PRESENT	ABSENT	SEMANTIC_PRESENT	SEMANTIC_PRESENT	title_n:SEMANTIC_PRESENT	GAP_PRESENT	Content coverage only; no Ozon ranking-weight claim.
1623753672	VARIANT::древо	подвеска в машину на зеркало из камня с древом	GENERIC_RELEVANT	ABSENT	ABSENT	ABSENT	ABSENT		GAP_PRESENT	Content coverage only; no Ozon ranking-weight claim.
1623753672	VARIANT::древо	подвеска в машину на зеркало из камня с древом жизни	EXACT_PRODUCT	PARTIAL_PRESENT	PARTIAL_PRESENT	PARTIAL_PRESENT	PARTIAL_PRESENT	title_n:PARTIAL_PRESENT	PARTIAL_GAP	Content coverage only; no Ozon ranking-weight claim.
1623753672	USE::car_mirror	подвеска в машину на зеркало инь янь	GENERIC_RELEVANT	ABSENT	ABSENT	ABSENT	ABSENT		GAP_PRESENT	Content coverage only; no Ozon ranking-weight claim.
1623753672	USE::car_mirror	подвеска в машину на зеркало мужская евгений	GENERIC_RELEVANT	ABSENT	ABSENT	PARTIAL_PRESENT	ABSENT	attr_n:PARTIAL_PRESENT	GAP_PRESENT	Content coverage only; no Ozon ranking-weight claim.
1623753672	USE::car_mirror	подвеска в машину на зеркало руна	GENERIC_RELEVANT	ABSENT	ABSENT	ABSENT	ABSENT		GAP_PRESENT	Content coverage only; no Ozon ranking-weight claim.
1623753672	VARIANT::жизни	подвеска дерево жизни на зеркале	EXACT_PRODUCT	SEMANTIC_PRESENT	SEMANTIC_PRESENT	SEMANTIC_PRESENT	SEMANTIC_PRESENT	title_n:SEMANTIC_PRESENT	NO_GAP	Content coverage only; no Ozon ranking-weight claim.
1623753672	USE::car_mirror	подвеска на зеркало автомобиля в машину	GENERIC_RELEVANT	ABSENT	ABSENT	SEMANTIC_PRESENT	SEMANTIC_PRESENT	attr_n:SEMANTIC_PRESENT	GAP_PRESENT	Content coverage only; no Ozon ranking-weight claim.
1623753672	USE::car_mirror	подвеска на зеркало в машину	GENERIC_RELEVANT	EXACT_PRESENT	ABSENT	EXACT_PRESENT	EXACT_PRESENT	title_n:EXACT_PRESENT	GAP_PRESENT	Content coverage only; no Ozon ranking-weight claim.
1623753672	VARIANT::древо жизни	подвеска на зеркало в машину древо жизни	EXACT_PRODUCT	SEMANTIC_PRESENT	SEMANTIC_PRESENT	SEMANTIC_PRESENT	SEMANTIC_PRESENT	title_n:SEMANTIC_PRESENT	NO_GAP	Content coverage only; no Ozon ranking-weight claim.
1623753672	CLASS::amulet_pendant	подвеска с ру	GENERIC_RELEVANT	ABSENT	ABSENT	ABSENT	ABSENT		GAP_PRESENT	Content coverage only; no Ozon ranking-weight claim.
1623753672	UNCLEAR::96869e4e1c	руны	AMBIGUOUS_HOLD	ABSENT	ABSENT	EXACT_PRESENT	EXACT_PRESENT	attr_n:EXACT_PRESENT	GAP_PRESENT	Content coverage only; no Ozon ranking-weight claim.
1623753672	USE::car_mirror	руны подвеска в машину	GENERIC_RELEVANT	ABSENT	ABSENT	SEMANTIC_PRESENT	SEMANTIC_PRESENT	attr_n:SEMANTIC_PRESENT	GAP_PRESENT	Content coverage only; no Ozon ranking-weight claim.
1623753672	USE::protection	талисман	GENERIC_RELEVANT	SEMANTIC_PRESENT	ABSENT	EXACT_PRESENT	EXACT_PRESENT	title_n:SEMANTIC_PRESENT	GAP_PRESENT	Content coverage only; no Ozon ranking-weight claim.
1623753672	USE::protection	талисман на любовь	GENERIC_RELEVANT	ABSENT	ABSENT	ABSENT	ABSENT		GAP_PRESENT	Content coverage only; no Ozon ranking-weight claim.
1623753672	USE::car_mirror	талисман подвеска в машину	GENERIC_RELEVANT	SEMANTIC_PRESENT	ABSENT	SEMANTIC_PRESENT	SEMANTIC_PRESENT	title_n:SEMANTIC_PRESENT	GAP_PRESENT	Content coverage only; no Ozon ranking-weight claim.
1623753672	USE::car_mirror	украшения на зеркало автомобиля автомобилист	GENERIC_RELEVANT	ABSENT	ABSENT	SEMANTIC_PRESENT	SEMANTIC_PRESENT	attr_n:SEMANTIC_PRESENT	GAP_PRESENT	Content coverage only; no Ozon ranking-weight claim.
1623753672	USE::car_mirror	четки в круге в машину	GENERIC_RELEVANT	ABSENT	ABSENT	ABSENT	ABSENT		GAP_PRESENT	Content coverage only; no Ozon ranking-weight claim.
1629493686	USE::car_mirror	аксессуар в авто на зеркало подвеска	GENERIC_RELEVANT	SEMANTIC_PRESENT	ABSENT	SEMANTIC_PRESENT	SEMANTIC_PRESENT	title_n:SEMANTIC_PRESENT	GAP_PRESENT	Content coverage only; no Ozon ranking-weight claim.
1629493686	UNCLEAR::bbb1f34c63	аум знак	PARTIAL_RELEVANCE	SEMANTIC_PRESENT	SEMANTIC_PRESENT	SEMANTIC_PRESENT	ABSENT	title_n:SEMANTIC_PRESENT	GAP_PRESENT	Content coverage only; no Ozon ranking-weight claim.
1629493686	UNCLEAR::51885c4026	аум сенерик	PARTIAL_RELEVANCE	PARTIAL_PRESENT	PARTIAL_PRESENT	PARTIAL_PRESENT	ABSENT	title_n:PARTIAL_PRESENT	GAP_PRESENT	Content coverage only; no Ozon ranking-weight claim.
1629493686	USE::car_mirror	бабой яга в машину подвеска	GENERIC_RELEVANT	ABSENT	ABSENT	ABSENT	ABSENT		GAP_PRESENT	Content coverage only; no Ozon ranking-weight claim.
1629493686	UNCLEAR::fe55794c10	брелок аудра	AMBIGUOUS_HOLD	ABSENT	ABSENT	ABSENT	ABSENT		GAP_PRESENT	Content coverage only; no Ozon ranking-weight claim.
1629493686	USE::car_mirror	брелок в машину ауд	GENERIC_RELEVANT	ABSENT	ABSENT	ABSENT	ABSENT		GAP_PRESENT	Content coverage only; no Ozon ranking-weight claim.
1629493686	USE::car_mirror	брелок в машину на зеркало	GENERIC_RELEVANT	ABSENT	ABSENT	ABSENT	ABSENT		GAP_PRESENT	Content coverage only; no Ozon ranking-weight claim.
1629493686	UNCLEAR::3c0b493514	брелок слпвянск	AMBIGUOUS_HOLD	ABSENT	ABSENT	ABSENT	ABSENT		GAP_PRESENT	Content coverage only; no Ozon ranking-weight claim.
1629493686	USE::car_mirror	в машину на зеркало подвеска в виде дракона	GENERIC_RELEVANT	ABSENT	ABSENT	ABSENT	ABSENT		GAP_PRESENT	Content coverage only; no Ozon ranking-weight claim.
1629493686	USE::car_mirror	в машину подвеска мужская на зеркало	GENERIC_RELEVANT	ABSENT	ABSENT	SEMANTIC_PRESENT	ABSENT	attr_n:SEMANTIC_PRESENT	GAP_PRESENT	Content coverage only; no Ozon ranking-weight claim.
1629493686	USE::car_mirror	висюльки в машину на зеркало череп обезьяна	GENERIC_RELEVANT	ABSENT	ABSENT	ABSENT	ABSENT		GAP_PRESENT	Content coverage only; no Ozon ranking-weight claim.
1629493686	USE::car_mirror	деревянные украшения в машину	GENERIC_RELEVANT	ABSENT	ABSENT	ABSENT	ABSENT		GAP_PRESENT	Content coverage only; no Ozon ranking-weight claim.
1629493686	USE::protection	деревянный талисман	GENERIC_RELEVANT	SEMANTIC_PRESENT	ABSENT	SEMANTIC_PRESENT	SEMANTIC_PRESENT	title_n:SEMANTIC_PRESENT	GAP_PRESENT	Content coverage only; no Ozon ranking-weight claim.
1629493686	USE::car_mirror	зеркало	GENERIC_RELEVANT	EXACT_PRESENT	ABSENT	EXACT_PRESENT	SEMANTIC_PRESENT	title_n:EXACT_PRESENT	GAP_PRESENT	Content coverage only; no Ozon ranking-weight claim.
1629493686	USE::car_mirror	коловрат в машину	GENERIC_RELEVANT	ABSENT	ABSENT	ABSENT	ABSENT		GAP_PRESENT	Content coverage only; no Ozon ranking-weight claim.
1629493686	USE::car_mirror	коловрат в машину на зеркало	GENERIC_RELEVANT	ABSENT	ABSENT	ABSENT	ABSENT		GAP_PRESENT	Content coverage only; no Ozon ranking-weight claim.
1629493686	CLASS::amulet_pendant	коловрат подвеска	GENERIC_RELEVANT	ABSENT	ABSENT	ABSENT	ABSENT		GAP_PRESENT	Content coverage only; no Ozon ranking-weight claim.
1629493686	USE::car_mirror	на зеркало автомобиля подвеска красная	GENERIC_RELEVANT	ABSENT	ABSENT	PARTIAL_PRESENT	PARTIAL_PRESENT	attr_n:PARTIAL_PRESENT	GAP_PRESENT	Content coverage only; no Ozon ranking-weight claim.
1629493686	USE::car_mirror	на зеркало в машину аксессуары необычные	GENERIC_RELEVANT	ABSENT	ABSENT	SEMANTIC_PRESENT	SEMANTIC_PRESENT	attr_n:SEMANTIC_PRESENT	GAP_PRESENT	Content coverage only; no Ozon ranking-weight claim.
1629493686	USE::car_mirror	на зеркало в машину брелок	GENERIC_RELEVANT	ABSENT	ABSENT	ABSENT	ABSENT		GAP_PRESENT	Content coverage only; no Ozon ranking-weight claim.
1629493686	USE::car_mirror	оберег в машину	GENERIC_RELEVANT	SEMANTIC_PRESENT	ABSENT	EXACT_PRESENT	EXACT_PRESENT	title_n:SEMANTIC_PRESENT	GAP_PRESENT	Content coverage only; no Ozon ranking-weight claim.
1629493686	USE::car_mirror	оберег в машину на зеркало	GENERIC_RELEVANT	SEMANTIC_PRESENT	ABSENT	SEMANTIC_PRESENT	SEMANTIC_PRESENT	title_n:SEMANTIC_PRESENT	GAP_PRESENT	Content coverage only; no Ozon ranking-weight claim.
1629493686	USE::protection	оберег шаман	GENERIC_RELEVANT	ABSENT	ABSENT	ABSENT	ABSENT		GAP_PRESENT	Content coverage only; no Ozon ranking-weight claim.
1629493686	USE::protection	обереготсглаза	GENERIC_RELEVANT	ABSENT	ABSENT	EXACT_PRESENT	ABSENT	attr_n:EXACT_PRESENT	GAP_PRESENT	Content coverage only; no Ozon ranking-weight claim.
1629493686	USE::car_mirror	подвеска в автомобиль	GENERIC_RELEVANT	SEMANTIC_PRESENT	ABSENT	SEMANTIC_PRESENT	SEMANTIC_PRESENT	title_n:SEMANTIC_PRESENT	GAP_PRESENT	Content coverage only; no Ozon ranking-weight claim.
1629493686	USE::car_mirror	подвеска в автомобиль на зеркало	GENERIC_RELEVANT	SEMANTIC_PRESENT	ABSENT	SEMANTIC_PRESENT	SEMANTIC_PRESENT	title_n:SEMANTIC_PRESENT	GAP_PRESENT	Content coverage only; no Ozon ranking-weight claim.
1629493686	USE::car_mirror	подвеска в машину	GENERIC_RELEVANT	SEMANTIC_PRESENT	ABSENT	EXACT_PRESENT	SEMANTIC_PRESENT	title_n:SEMANTIC_PRESENT	GAP_PRESENT	Content coverage only; no Ozon ranking-weight claim.
1629493686	USE::car_mirror	подвеска в машину на зеркало	GENERIC_RELEVANT	SEMANTIC_PRESENT	ABSENT	EXACT_PRESENT	SEMANTIC_PRESENT	title_n:SEMANTIC_PRESENT	GAP_PRESENT	Content coverage only; no Ozon ranking-weight claim.
1629493686	USE::car_mirror	подвеска в машину на зеркало а	GENERIC_RELEVANT	SEMANTIC_PRESENT	ABSENT	SEMANTIC_PRESENT	SEMANTIC_PRESENT	title_n:SEMANTIC_PRESENT	GAP_PRESENT	Content coverage only; no Ozon ranking-weight claim.
1629493686	USE::car_mirror	подвеска в машину на зеркало в грузовик	GENERIC_RELEVANT	ABSENT	ABSENT	ABSENT	ABSENT		GAP_PRESENT	Content coverage only; no Ozon ranking-weight claim.
1629493686	USE::car_mirror	подвеска в машину на зеркало из биссера	GENERIC_RELEVANT	ABSENT	ABSENT	ABSENT	ABSENT		GAP_PRESENT	Content coverage only; no Ozon ranking-weight claim.
1629493686	USE::car_mirror	подвеска в машину на зеркало инь янь	GENERIC_RELEVANT	ABSENT	ABSENT	ABSENT	ABSENT		GAP_PRESENT	Content coverage only; no Ozon ranking-weight claim.
1629493686	USE::car_mirror	подвеска в машину на зеркало казахская	GENERIC_RELEVANT	ABSENT	ABSENT	ABSENT	ABSENT		GAP_PRESENT	Content coverage only; no Ozon ranking-weight claim.
1629493686	USE::car_mirror	подвеска в машину на зеркало мех	GENERIC_RELEVANT	ABSENT	ABSENT	ABSENT	ABSENT		GAP_PRESENT	Content coverage only; no Ozon ranking-weight claim.
1629493686	USE::car_mirror	подвеска в машину на зеркало пкм	GENERIC_RELEVANT	ABSENT	ABSENT	ABSENT	ABSENT		GAP_PRESENT	Content coverage only; no Ozon ranking-weight claim.
1629493686	USE::car_mirror	подвеска в машину на зеркало руна	GENERIC_RELEVANT	ABSENT	ABSENT	ABSENT	ABSENT		GAP_PRESENT	Content coverage only; no Ozon ranking-weight claim.
1629493686	USE::car_mirror	подвеска в машину на зеркало череп	GENERIC_RELEVANT	ABSENT	ABSENT	ABSENT	ABSENT		GAP_PRESENT	Content coverage only; no Ozon ranking-weight claim.
1629493686	USE::car_mirror	подвеска в машину на зеркало шкода	GENERIC_RELEVANT	ABSENT	ABSENT	ABSENT	ABSENT		GAP_PRESENT	Content coverage only; no Ozon ranking-weight claim.
1629493686	USE::car_mirror	подвеска в машину род войск	GENERIC_RELEVANT	ABSENT	ABSENT	ABSENT	ABSENT		GAP_PRESENT	Content coverage only; no Ozon ranking-weight claim.
1629493686	USE::car_mirror	подвеска на зеркало в машину	GENERIC_RELEVANT	EXACT_PRESENT	ABSENT	EXACT_PRESENT	SEMANTIC_PRESENT	title_n:EXACT_PRESENT	GAP_PRESENT	Content coverage only; no Ozon ranking-weight claim.
1629493686	USE::car_mirror	подвеска на зеркало в машину гаваи	GENERIC_RELEVANT	ABSENT	ABSENT	ABSENT	ABSENT		GAP_PRESENT	Content coverage only; no Ozon ranking-weight claim.
1629493686	USE::car_mirror	подвеска на зеркало в машину нисан	GENERIC_RELEVANT	ABSENT	ABSENT	ABSENT	ABSENT		GAP_PRESENT	Content coverage only; no Ozon ranking-weight claim.
1629493686	USE::car_mirror	подвеска на зеркало в машину уаз	GENERIC_RELEVANT	ABSENT	ABSENT	ABSENT	ABSENT		GAP_PRESENT	Content coverage only; no Ozon ranking-weight claim.
1629493686	USE::car_mirror	подвеска на зеркало заднего вида в машину маска бдсм	GENERIC_RELEVANT	ABSENT	ABSENT	ABSENT	ABSENT		GAP_PRESENT	Content coverage only; no Ozon ranking-weight claim.
1629493686	USE::car_mirror	подвеска оберег глаз в машину	GENERIC_RELEVANT	ABSENT	ABSENT	ABSENT	ABSENT		GAP_PRESENT	Content coverage only; no Ozon ranking-weight claim.
1629493686	USE::protection	подвеска оберег с	GENERIC_RELEVANT	SEMANTIC_PRESENT	ABSENT	SEMANTIC_PRESENT	SEMANTIC_PRESENT	title_n:SEMANTIC_PRESENT	GAP_PRESENT	Content coverage only; no Ozon ranking-weight claim.
1629493686	CLASS::amulet_pendant	подвеска ом	PARTIAL_RELEVANCE	SEMANTIC_PRESENT	SEMANTIC_PRESENT	SEMANTIC_PRESENT	SEMANTIC_PRESENT	title_n:SEMANTIC_PRESENT	NO_GAP	Content coverage only; no Ozon ranking-weight claim.
1629493686	USE::car_mirror	подвеска шаманский оберег в машину	GENERIC_RELEVANT	ABSENT	ABSENT	ABSENT	ABSENT		GAP_PRESENT	Content coverage only; no Ozon ranking-weight claim.
1629493686	USE::protection	талисман	GENERIC_RELEVANT	EXACT_PRESENT	ABSENT	EXACT_PRESENT	EXACT_PRESENT	title_n:EXACT_PRESENT	GAP_PRESENT	Content coverage only; no Ozon ranking-weight claim.
1629493686	USE::car_mirror	украшения я в машину в салон	GENERIC_RELEVANT	SEMANTIC_PRESENT	ABSENT	SEMANTIC_PRESENT	SEMANTIC_PRESENT	title_n:SEMANTIC_PRESENT	GAP_PRESENT	Content coverage only; no Ozon ranking-weight claim.
1629493686	CLASS::beads	четки	GENERIC_RELEVANT	SEMANTIC_PRESENT	ABSENT	EXACT_PRESENT	EXACT_PRESENT	title_n:SEMANTIC_PRESENT	GAP_PRESENT	Content coverage only; no Ozon ranking-weight claim.
1629493686	USE::car_mirror	четки аув автомобиль	GENERIC_RELEVANT	ABSENT	ABSENT	ABSENT	ABSENT		GAP_PRESENT	Content coverage only; no Ozon ranking-weight claim.
1629493686	USE::car_mirror	четки в автомобиль	GENERIC_RELEVANT	SEMANTIC_PRESENT	ABSENT	SEMANTIC_PRESENT	SEMANTIC_PRESENT	title_n:SEMANTIC_PRESENT	GAP_PRESENT	Content coverage only; no Ozon ranking-weight claim.
1629493686	USE::car_mirror	четки в машину	GENERIC_RELEVANT	SEMANTIC_PRESENT	ABSENT	SEMANTIC_PRESENT	SEMANTIC_PRESENT	title_n:SEMANTIC_PRESENT	GAP_PRESENT	Content coverage only; no Ozon ranking-weight claim.
1629493686	USE::car_mirror	четки в машину на зеркало	GENERIC_RELEVANT	SEMANTIC_PRESENT	ABSENT	SEMANTIC_PRESENT	SEMANTIC_PRESENT	title_n:SEMANTIC_PRESENT	GAP_PRESENT	Content coverage only; no Ozon ranking-weight claim.
1629553898	USE::car_mirror	3д подвеска в машину на зеркало	GENERIC_RELEVANT	ABSENT	ABSENT	ABSENT	ABSENT		GAP_PRESENT	Content coverage only; no Ozon ranking-weight claim.
1629553898	USE::car_mirror	амулет в машину мусульманский подвеска мужская	GENERIC_RELEVANT	ABSENT	ABSENT	PARTIAL_PRESENT	ABSENT	attr_n:PARTIAL_PRESENT	GAP_PRESENT	Content coverage only; no Ozon ranking-weight claim.
1629553898	CLASS::amulet_pendant	амулет иньян для мужчин	GENERIC_RELEVANT	ABSENT	ABSENT	ABSENT	ABSENT		GAP_PRESENT	Content coverage only; no Ozon ranking-weight claim.
1629553898	USE::protection	амулеты обереги и талисманы	GENERIC_RELEVANT	SEMANTIC_PRESENT	ABSENT	EXACT_PRESENT	SEMANTIC_PRESENT	title_n:SEMANTIC_PRESENT	GAP_PRESENT	Content coverage only; no Ozon ranking-weight claim.
1629553898	VARIANT::инь и ян	ботинки инь и ян	EXACT_PRODUCT	PARTIAL_PRESENT	PARTIAL_PRESENT	PARTIAL_PRESENT	PARTIAL_PRESENT	title_n:PARTIAL_PRESENT	PARTIAL_GAP	Content coverage only; no Ozon ranking-weight claim.
1629553898	USE::car_mirror	брелки на автомобиль на зеркало четк	GENERIC_RELEVANT	ABSENT	ABSENT	ABSENT	ABSENT		GAP_PRESENT	Content coverage only; no Ozon ranking-weight claim.
1629553898	USE::car_mirror	брелок в машину на зеркало женский	GENERIC_RELEVANT	ABSENT	ABSENT	ABSENT	ABSENT		GAP_PRESENT	Content coverage only; no Ozon ranking-weight claim.
1629553898	USE::car_mirror	бусы в авто	GENERIC_RELEVANT	ABSENT	ABSENT	ABSENT	ABSENT		GAP_PRESENT	Content coverage only; no Ozon ranking-weight claim.
1629553898	USE::car_mirror	в машину амулет	GENERIC_RELEVANT	SEMANTIC_PRESENT	ABSENT	SEMANTIC_PRESENT	SEMANTIC_PRESENT	title_n:SEMANTIC_PRESENT	GAP_PRESENT	Content coverage only; no Ozon ranking-weight claim.
1629553898	USE::car_mirror	в машину брелок на зеркало бусы	GENERIC_RELEVANT	ABSENT	ABSENT	ABSENT	ABSENT		GAP_PRESENT	Content coverage only; no Ozon ranking-weight claim.
1629553898	USE::car_mirror	декоративная подвеска в авто на зеркало	GENERIC_RELEVANT	ABSENT	ABSENT	ABSENT	ABSENT		GAP_PRESENT	Content coverage only; no Ozon ranking-weight claim.
1629553898	USE::car_mirror	декоративная подвеска в машину	GENERIC_RELEVANT	ABSENT	ABSENT	ABSENT	ABSENT		GAP_PRESENT	Content coverage only; no Ozon ranking-weight claim.
1629553898	UNCLEAR::d0302ca2c9	для гадания на песке	AMBIGUOUS_HOLD	ABSENT	ABSENT	ABSENT	ABSENT		GAP_PRESENT	Content coverage only; no Ozon ranking-weight claim.
1629553898	USE::car_mirror	дракон в авто	GENERIC_RELEVANT	ABSENT	ABSENT	ABSENT	ABSENT		GAP_PRESENT	Content coverage only; no Ozon ranking-weight claim.
1629553898	USE::protection	дух оберег	GENERIC_RELEVANT	ABSENT	ABSENT	ABSENT	ABSENT		GAP_PRESENT	Content coverage only; no Ozon ranking-weight claim.
1629553898	USE::car_mirror	зеркало	GENERIC_RELEVANT	EXACT_PRESENT	ABSENT	EXACT_PRESENT	SEMANTIC_PRESENT	title_n:EXACT_PRESENT	GAP_PRESENT	Content coverage only; no Ozon ranking-weight claim.
1629553898	USE::car_mirror	зеркалодля магии	GENERIC_RELEVANT	ABSENT	ABSENT	ABSENT	ABSENT		GAP_PRESENT	Content coverage only; no Ozon ranking-weight claim.
1629553898	UNCLEAR::c8e2d3c66e	игрушка лиса инь - ян	STRONG_PRODUCT	PARTIAL_PRESENT	PARTIAL_PRESENT	PARTIAL_PRESENT	PARTIAL_PRESENT	title_n:PARTIAL_PRESENT	PARTIAL_GAP	Content coverage only; no Ozon ranking-weight claim.
1629553898	VARIANT::инь ян	инь ян	EXACT_PRODUCT	SEMANTIC_PRESENT	SEMANTIC_PRESENT	SEMANTIC_PRESENT	SEMANTIC_PRESENT	title_n:SEMANTIC_PRESENT	NO_GAP	Content coverage only; no Ozon ranking-weight claim.
1629553898	VARIANT::инь ян	инь ян конверт	EXACT_PRODUCT	PARTIAL_PRESENT	PARTIAL_PRESENT	PARTIAL_PRESENT	PARTIAL_PRESENT	title_n:PARTIAL_PRESENT	PARTIAL_GAP	Content coverage only; no Ozon ranking-weight claim.
1629553898	VARIANT::инь ян	инь ян свечи	EXACT_PRODUCT	PARTIAL_PRESENT	PARTIAL_PRESENT	PARTIAL_PRESENT	PARTIAL_PRESENT	title_n:PARTIAL_PRESENT	PARTIAL_GAP	Content coverage only; no Ozon ranking-weight claim.
1629553898	VARIANT::инь ян	инь ян ткань	EXACT_PRODUCT	PARTIAL_PRESENT	PARTIAL_PRESENT	PARTIAL_PRESENT	PARTIAL_PRESENT	title_n:PARTIAL_PRESENT	PARTIAL_GAP	Content coverage only; no Ozon ranking-weight claim.
1629553898	VARIANT::инь ян	инь янь	PARTIAL_RELEVANCE	PARTIAL_PRESENT	PARTIAL_PRESENT	PARTIAL_PRESENT	PARTIAL_PRESENT	title_n:PARTIAL_PRESENT	PARTIAL_GAP	Content coverage only; no Ozon ranking-weight claim.
1629553898	VARIANT::инь ян	инь янь на машину	PARTIAL_RELEVANCE	PARTIAL_PRESENT	PARTIAL_PRESENT	PARTIAL_PRESENT	PARTIAL_PRESENT	title_n:PARTIAL_PRESENT	PARTIAL_GAP	Content coverage only; no Ozon ranking-weight claim.
1629553898	VARIANT::инь ян	инь янь эмблема	PARTIAL_RELEVANCE	PARTIAL_PRESENT	PARTIAL_PRESENT	PARTIAL_PRESENT	PARTIAL_PRESENT	title_n:PARTIAL_PRESENT	PARTIAL_GAP	Content coverage only; no Ozon ranking-weight claim.
1629553898	VARIANT::инь ян	кольцо инь ян	EXACT_PRODUCT	PARTIAL_PRESENT	PARTIAL_PRESENT	PARTIAL_PRESENT	PARTIAL_PRESENT	title_n:PARTIAL_PRESENT	PARTIAL_GAP	Content coverage only; no Ozon ranking-weight claim.
1629553898	VARIANT::инь ян	люстра в виде инь янь	PARTIAL_RELEVANCE	PARTIAL_PRESENT	PARTIAL_PRESENT	PARTIAL_PRESENT	PARTIAL_PRESENT	title_n:PARTIAL_PRESENT	PARTIAL_GAP	Content coverage only; no Ozon ranking-weight claim.
1629553898	USE::car_mirror	маленький оберев машину	GENERIC_RELEVANT	ABSENT	ABSENT	ABSENT	ABSENT		GAP_PRESENT	Content coverage only; no Ozon ranking-weight claim.
1629553898	USE::car_mirror	машинка янд	GENERIC_RELEVANT	ABSENT	ABSENT	ABSENT	ABSENT		GAP_PRESENT	Content coverage only; no Ozon ranking-weight claim.
1629553898	VARIANT::инь ян	мужской кулон инь ян	EXACT_PRODUCT	PARTIAL_PRESENT	PARTIAL_PRESENT	PARTIAL_PRESENT	PARTIAL_PRESENT	title_n:PARTIAL_PRESENT	PARTIAL_GAP	Content coverage only; no Ozon ranking-weight claim.
1629553898	USE::protection	мусульманский оберег	GENERIC_RELEVANT	ABSENT	ABSENT	ABSENT	ABSENT		GAP_PRESENT	Content coverage only; no Ozon ranking-weight claim.
1629553898	USE::car_mirror	на зеркало автомобиля подвеска красная	GENERIC_RELEVANT	ABSENT	ABSENT	PARTIAL_PRESENT	PARTIAL_PRESENT	attr_n:PARTIAL_PRESENT	GAP_PRESENT	Content coverage only; no Ozon ranking-weight claim.
1629553898	USE::car_mirror	на зеркало в машину	GENERIC_RELEVANT	EXACT_PRESENT	ABSENT	EXACT_PRESENT	SEMANTIC_PRESENT	title_n:EXACT_PRESENT	GAP_PRESENT	Content coverage only; no Ozon ranking-weight claim.
1629553898	CLASS::beads	на четки подвеска	GENERIC_RELEVANT	SEMANTIC_PRESENT	ABSENT	SEMANTIC_PRESENT	SEMANTIC_PRESENT	title_n:SEMANTIC_PRESENT	GAP_PRESENT	Content coverage only; no Ozon ranking-weight claim.
1629553898	USE::protection	оберег	GENERIC_RELEVANT	EXACT_PRESENT	ABSENT	EXACT_PRESENT	EXACT_PRESENT	title_n:EXACT_PRESENT	GAP_PRESENT	Content coverage only; no Ozon ranking-weight claim.
1629553898	USE::car_mirror	оберег в машину	GENERIC_RELEVANT	SEMANTIC_PRESENT	ABSENT	EXACT_PRESENT	SEMANTIC_PRESENT	title_n:SEMANTIC_PRESENT	GAP_PRESENT	Content coverage only; no Ozon ranking-weight claim.
1629553898	USE::car_mirror	оберег в машину на зеркало прикольный	GENERIC_RELEVANT	ABSENT	ABSENT	ABSENT	ABSENT		GAP_PRESENT	Content coverage only; no Ozon ranking-weight claim.
1629553898	USE::car_mirror	оберег от сглаза мусульманский в машину	GENERIC_RELEVANT	ABSENT	ABSENT	PARTIAL_PRESENT	ABSENT	attr_n:PARTIAL_PRESENT	GAP_PRESENT	Content coverage only; no Ozon ranking-weight claim.
1629553898	USE::protection	обереготсглаза	GENERIC_RELEVANT	ABSENT	ABSENT	EXACT_PRESENT	ABSENT	attr_n:EXACT_PRESENT	GAP_PRESENT	Content coverage only; no Ozon ranking-weight claim.
1629553898	USE::car_mirror	подвеска в автомобиль	GENERIC_RELEVANT	SEMANTIC_PRESENT	ABSENT	SEMANTIC_PRESENT	SEMANTIC_PRESENT	title_n:SEMANTIC_PRESENT	GAP_PRESENT	Content coverage only; no Ozon ranking-weight claim.
1629553898	USE::car_mirror	подвеска в автомобиль на зеркало	GENERIC_RELEVANT	SEMANTIC_PRESENT	ABSENT	SEMANTIC_PRESENT	SEMANTIC_PRESENT	title_n:SEMANTIC_PRESENT	GAP_PRESENT	Content coverage only; no Ozon ranking-weight claim.
1629553898	USE::car_mirror	подвеска в машину	GENERIC_RELEVANT	SEMANTIC_PRESENT	ABSENT	EXACT_PRESENT	SEMANTIC_PRESENT	title_n:SEMANTIC_PRESENT	GAP_PRESENT	Content coverage only; no Ozon ranking-weight claim.
1629553898	USE::car_mirror	подвеска в машину на зеркало	GENERIC_RELEVANT	SEMANTIC_PRESENT	ABSENT	EXACT_PRESENT	SEMANTIC_PRESENT	title_n:SEMANTIC_PRESENT	GAP_PRESENT	Content coverage only; no Ozon ranking-weight claim.
1629553898	USE::car_mirror	подвеска в машину на зеркало hyundai	GENERIC_RELEVANT	ABSENT	ABSENT	ABSENT	ABSENT		GAP_PRESENT	Content coverage only; no Ozon ranking-weight claim.
1629553898	VARIANT::инь ян	подвеска в машину на зеркало инь янь	PARTIAL_RELEVANCE	PARTIAL_PRESENT	PARTIAL_PRESENT	PARTIAL_PRESENT	PARTIAL_PRESENT	title_n:PARTIAL_PRESENT	PARTIAL_GAP	Content coverage only; no Ozon ranking-weight claim.
1629553898	VARIANT::инь ян	подвеска в машину на зеркало инь янь дракон	PARTIAL_RELEVANCE	PARTIAL_PRESENT	PARTIAL_PRESENT	PARTIAL_PRESENT	PARTIAL_PRESENT	title_n:PARTIAL_PRESENT	PARTIAL_GAP	Content coverage only; no Ozon ranking-weight claim.
1629553898	USE::car_mirror	подвеска в машину на зеркало мех	GENERIC_RELEVANT	ABSENT	ABSENT	ABSENT	ABSENT		GAP_PRESENT	Content coverage only; no Ozon ranking-weight claim.
1629553898	VARIANT::инь ян	подвеска инь янь золото	PARTIAL_RELEVANCE	PARTIAL_PRESENT	PARTIAL_PRESENT	PARTIAL_PRESENT	PARTIAL_PRESENT	title_n:PARTIAL_PRESENT	PARTIAL_GAP	Content coverage only; no Ozon ranking-weight claim.
1629553898	USE::car_mirror	подвеска на зеркало в машину	GENERIC_RELEVANT	EXACT_PRESENT	ABSENT	EXACT_PRESENT	SEMANTIC_PRESENT	title_n:EXACT_PRESENT	GAP_PRESENT	Content coverage only; no Ozon ranking-weight claim.
1629553898	USE::car_mirror	подвеска на зеркало в машину прикол	GENERIC_RELEVANT	ABSENT	ABSENT	ABSENT	ABSENT		GAP_PRESENT	Content coverage only; no Ozon ranking-weight claim.
1629553898	USE::car_mirror	подвеска на зеркало мужская в машину	GENERIC_RELEVANT	ABSENT	ABSENT	SEMANTIC_PRESENT	ABSENT	attr_n:SEMANTIC_PRESENT	GAP_PRESENT	Content coverage only; no Ozon ranking-weight claim.
1629553898	USE::car_mirror	талисман от сглаза в машину на зеркало	GENERIC_RELEVANT	ABSENT	ABSENT	SEMANTIC_PRESENT	ABSENT	attr_n:SEMANTIC_PRESENT	GAP_PRESENT	Content coverage only; no Ozon ranking-weight claim.
1629553898	USE::car_mirror	четки в автомобиль	GENERIC_RELEVANT	SEMANTIC_PRESENT	ABSENT	SEMANTIC_PRESENT	SEMANTIC_PRESENT	title_n:SEMANTIC_PRESENT	GAP_PRESENT	Content coverage only; no Ozon ranking-weight claim.
1629553898	USE::car_mirror	четки в машину	GENERIC_RELEVANT	SEMANTIC_PRESENT	ABSENT	SEMANTIC_PRESENT	SEMANTIC_PRESENT	title_n:SEMANTIC_PRESENT	GAP_PRESENT	Content coverage only; no Ozon ranking-weight claim.
1629553898	USE::car_mirror	четки в машину на зеркало	GENERIC_RELEVANT	SEMANTIC_PRESENT	ABSENT	SEMANTIC_PRESENT	SEMANTIC_PRESENT	title_n:SEMANTIC_PRESENT	GAP_PRESENT	Content coverage only; no Ozon ranking-weight claim.
1630033296	FAMILY::slavic	аксессуары славянские	FAMILY_RELEVANT	SEMANTIC_PRESENT	ABSENT	SEMANTIC_PRESENT	SEMANTIC_PRESENT	title_n:SEMANTIC_PRESENT	GAP_PRESENT	Content coverage only; no Ozon ranking-weight claim.
1630033296	USE::car_mirror	амулет от сглаза в автомобиль	GENERIC_RELEVANT	ABSENT	ABSENT	SEMANTIC_PRESENT	SEMANTIC_PRESENT	attr_n:SEMANTIC_PRESENT	GAP_PRESENT	Content coverage only; no Ozon ranking-weight claim.
1630033296	CLASS::amulet_pendant	амулеты из дерева	GENERIC_RELEVANT	ABSENT	ABSENT	ABSENT	ABSENT		GAP_PRESENT	Content coverage only; no Ozon ranking-weight claim.
1630033296	USE::protection	амулеты обереги и талисманы	GENERIC_RELEVANT	SEMANTIC_PRESENT	ABSENT	EXACT_PRESENT	SEMANTIC_PRESENT	title_n:SEMANTIC_PRESENT	GAP_PRESENT	Content coverage only; no Ozon ranking-weight claim.
1630033296	USE::car_mirror	брелок мчс на зеркало в машине	GENERIC_RELEVANT	ABSENT	ABSENT	ABSENT	ABSENT		GAP_PRESENT	Content coverage only; no Ozon ranking-weight claim.
1630033296	FAMILY::slavic	брелок славянский	FAMILY_RELEVANT	ABSENT	ABSENT	ABSENT	ABSENT		GAP_PRESENT	Content coverage only; no Ozon ranking-weight claim.
1630033296	FAMILY::slavic	брошь с славянским оберегом женская	FAMILY_RELEVANT	PARTIAL_PRESENT	ABSENT	PARTIAL_PRESENT	PARTIAL_PRESENT	title_n:PARTIAL_PRESENT	GAP_PRESENT	Content coverage only; no Ozon ranking-weight claim.
1630033296	CLASS::amulet_pendant	бусины и аксессуары и детали для четок	GENERIC_RELEVANT	ABSENT	ABSENT	PARTIAL_PRESENT	PARTIAL_PRESENT	attr_n:PARTIAL_PRESENT	GAP_PRESENT	Content coverage only; no Ozon ranking-weight claim.
1630033296	UNCLEAR::f27acc5211	бусины руны	AMBIGUOUS_HOLD	ABSENT	ABSENT	PARTIAL_PRESENT	PARTIAL_PRESENT	attr_n:PARTIAL_PRESENT	GAP_PRESENT	Content coverage only; no Ozon ranking-weight claim.
1630033296	USE::car_mirror	в автомобиль подвеска	GENERIC_RELEVANT	SEMANTIC_PRESENT	ABSENT	SEMANTIC_PRESENT	SEMANTIC_PRESENT	title_n:SEMANTIC_PRESENT	GAP_PRESENT	Content coverage only; no Ozon ranking-weight claim.
1630033296	USE::car_mirror	в машину амулет	GENERIC_RELEVANT	SEMANTIC_PRESENT	ABSENT	SEMANTIC_PRESENT	SEMANTIC_PRESENT	title_n:SEMANTIC_PRESENT	GAP_PRESENT	Content coverage only; no Ozon ranking-weight claim.
1630033296	USE::car_mirror	в машину подвеска на зеркало мужская	GENERIC_RELEVANT	ABSENT	ABSENT	SEMANTIC_PRESENT	ABSENT	attr_n:SEMANTIC_PRESENT	GAP_PRESENT	Content coverage only; no Ozon ranking-weight claim.
1630033296	FAMILY::slavic	в славянском стиле для	FAMILY_RELEVANT	PARTIAL_PRESENT	ABSENT	PARTIAL_PRESENT	PARTIAL_PRESENT	title_n:PARTIAL_PRESENT	GAP_PRESENT	Content coverage only; no Ozon ranking-weight claim.
1630033296	FAMILY::slavic	здравник славянский оберег	FAMILY_RELEVANT	ABSENT	ABSENT	ABSENT	ABSENT		GAP_PRESENT	Content coverage only; no Ozon ranking-weight claim.
1630033296	USE::car_mirror	зеркалл магисеское	GENERIC_RELEVANT	ABSENT	ABSENT	ABSENT	ABSENT		GAP_PRESENT	Content coverage only; no Ozon ranking-weight claim.
1630033296	USE::car_mirror	зеркальная защита рунами	GENERIC_RELEVANT	ABSENT	ABSENT	PARTIAL_PRESENT	PARTIAL_PRESENT	attr_n:PARTIAL_PRESENT	GAP_PRESENT	Content coverage only; no Ozon ranking-weight claim.
1630033296	UNCLEAR::e49a19689f	кольцо чернобога	AMBIGUOUS_HOLD	ABSENT	ABSENT	PARTIAL_PRESENT	PARTIAL_PRESENT	attr_n:PARTIAL_PRESENT	GAP_PRESENT	Content coverage only; no Ozon ranking-weight claim.
1630033296	VARIANT::белобог	молд белобог	EXACT_PRODUCT	PARTIAL_PRESENT	PARTIAL_PRESENT	PARTIAL_PRESENT	PARTIAL_PRESENT	title_n:PARTIAL_PRESENT	PARTIAL_GAP	Content coverage only; no Ozon ranking-weight claim.
1630033296	USE::protection	оберег	GENERIC_RELEVANT	EXACT_PRESENT	ABSENT	EXACT_PRESENT	EXACT_PRESENT	title_n:EXACT_PRESENT	GAP_PRESENT	Content coverage only; no Ozon ranking-weight claim.
1630033296	USE::car_mirror	оберег в машину	GENERIC_RELEVANT	SEMANTIC_PRESENT	ABSENT	SEMANTIC_PRESENT	SEMANTIC_PRESENT	title_n:SEMANTIC_PRESENT	GAP_PRESENT	Content coverage only; no Ozon ranking-weight claim.
1630033296	USE::car_mirror	оберег в машину под вышивку	GENERIC_RELEVANT	ABSENT	ABSENT	SEMANTIC_PRESENT	SEMANTIC_PRESENT	attr_n:SEMANTIC_PRESENT	GAP_PRESENT	Content coverage only; no Ozon ranking-weight claim.
1630033296	USE::protection	оберег от сглаза и порчи	GENERIC_RELEVANT	ABSENT	ABSENT	EXACT_PRESENT	SEMANTIC_PRESENT	attr_n:EXACT_PRESENT	GAP_PRESENT	Content coverage only; no Ozon ranking-weight claim.
1630033296	FAMILY::slavic	оберег славянский вышевка	FAMILY_RELEVANT	ABSENT	ABSENT	ABSENT	ABSENT		GAP_PRESENT	Content coverage only; no Ozon ranking-weight claim.
1630033296	USE::car_mirror	обереги в машину	GENERIC_RELEVANT	SEMANTIC_PRESENT	ABSENT	SEMANTIC_PRESENT	SEMANTIC_PRESENT	title_n:SEMANTIC_PRESENT	GAP_PRESENT	Content coverage only; no Ozon ranking-weight claim.
1630033296	USE::protection	обереготсглаза	GENERIC_RELEVANT	ABSENT	ABSENT	EXACT_PRESENT	ABSENT	attr_n:EXACT_PRESENT	GAP_PRESENT	Content coverage only; no Ozon ranking-weight claim.
1630033296	USE::car_mirror	подвеска в авто бусины	GENERIC_RELEVANT	ABSENT	ABSENT	SEMANTIC_PRESENT	SEMANTIC_PRESENT	attr_n:SEMANTIC_PRESENT	GAP_PRESENT	Content coverage only; no Ozon ranking-weight claim.
1630033296	USE::car_mirror	подвеска в машину	GENERIC_RELEVANT	SEMANTIC_PRESENT	ABSENT	EXACT_PRESENT	SEMANTIC_PRESENT	title_n:SEMANTIC_PRESENT	GAP_PRESENT	Content coverage only; no Ozon ranking-weight claim.
1630033296	USE::car_mirror	подвеска в машину на зеркало dont drive so fast	GENERIC_RELEVANT	ABSENT	ABSENT	ABSENT	ABSENT		GAP_PRESENT	Content coverage only; no Ozon ranking-weight claim.
1630033296	USE::car_mirror	подвеска в машину на зеркало а	GENERIC_RELEVANT	SEMANTIC_PRESENT	ABSENT	SEMANTIC_PRESENT	SEMANTIC_PRESENT	title_n:SEMANTIC_PRESENT	GAP_PRESENT	Content coverage only; no Ozon ranking-weight claim.
1630033296	USE::car_mirror	подвеска в машину на зеркало питбуль	GENERIC_RELEVANT	ABSENT	ABSENT	ABSENT	ABSENT		GAP_PRESENT	Content coverage only; no Ozon ranking-weight claim.
1630033296	USE::car_mirror	подвеска на зеркало авто валенки	GENERIC_RELEVANT	ABSENT	ABSENT	ABSENT	ABSENT		GAP_PRESENT	Content coverage only; no Ozon ranking-weight claim.
1630033296	USE::car_mirror	подвеска на зеркало в машину	GENERIC_RELEVANT	EXACT_PRESENT	ABSENT	EXACT_PRESENT	EXACT_PRESENT	title_n:EXACT_PRESENT	GAP_PRESENT	Content coverage only; no Ozon ranking-weight claim.
1630033296	FAMILY::slavic	подвеска на зеркало славянская	FAMILY_RELEVANT	SEMANTIC_PRESENT	ABSENT	SEMANTIC_PRESENT	SEMANTIC_PRESENT	title_n:SEMANTIC_PRESENT	GAP_PRESENT	Content coverage only; no Ozon ranking-weight claim.
1630033296	USE::car_mirror	подвеска на зеркало у машину	GENERIC_RELEVANT	SEMANTIC_PRESENT	ABSENT	SEMANTIC_PRESENT	SEMANTIC_PRESENT	title_n:SEMANTIC_PRESENT	GAP_PRESENT	Content coverage only; no Ozon ranking-weight claim.
1630033296	FAMILY::slavic	поддвеска славянские	FAMILY_RELEVANT	ABSENT	ABSENT	ABSENT	ABSENT		GAP_PRESENT	Content coverage only; no Ozon ranking-weight claim.
1630033296	UNCLEAR::96869e4e1c	руны	AMBIGUOUS_HOLD	ABSENT	ABSENT	ABSENT	ABSENT		GAP_PRESENT	Content coverage only; no Ozon ranking-weight claim.
1630033296	USE::protection	руны амулет защита	GENERIC_RELEVANT	ABSENT	ABSENT	PARTIAL_PRESENT	PARTIAL_PRESENT	attr_n:PARTIAL_PRESENT	GAP_PRESENT	Content coverage only; no Ozon ranking-weight claim.
1630033296	FAMILY::slavic	руны славянские	FAMILY_RELEVANT	ABSENT	ABSENT	ABSENT	ABSENT		GAP_PRESENT	Content coverage only; no Ozon ranking-weight claim.
1630033296	FAMILY::slavic	славянские	FAMILY_RELEVANT	SEMANTIC_PRESENT	ABSENT	EXACT_PRESENT	EXACT_PRESENT	title_n:SEMANTIC_PRESENT	GAP_PRESENT	Content coverage only; no Ozon ranking-weight claim.
1630033296	FAMILY::slavic	славянские обереги	FAMILY_RELEVANT	SEMANTIC_PRESENT	ABSENT	EXACT_PRESENT	EXACT_PRESENT	title_n:SEMANTIC_PRESENT	GAP_PRESENT	Content coverage only; no Ozon ranking-weight claim.
1630033296	FAMILY::slavic	славянские обереги в машину для мужчин	FAMILY_RELEVANT	ABSENT	ABSENT	SEMANTIC_PRESENT	ABSENT	attr_n:SEMANTIC_PRESENT	GAP_PRESENT	Content coverage only; no Ozon ranking-weight claim.
1630033296	FAMILY::slavic	славянские обереги мужские	FAMILY_RELEVANT	SEMANTIC_PRESENT	ABSENT	SEMANTIC_PRESENT	SEMANTIC_PRESENT	title_n:SEMANTIC_PRESENT	GAP_PRESENT	Content coverage only; no Ozon ranking-weight claim.
1630033296	FAMILY::slavic	славянские руны	FAMILY_RELEVANT	ABSENT	ABSENT	ABSENT	ABSENT		GAP_PRESENT	Content coverage only; no Ozon ranking-weight claim.
1630033296	FAMILY::slavic	славянские украшения	FAMILY_RELEVANT	SEMANTIC_PRESENT	ABSENT	SEMANTIC_PRESENT	SEMANTIC_PRESENT	title_n:SEMANTIC_PRESENT	GAP_PRESENT	Content coverage only; no Ozon ranking-weight claim.
1630033296	FAMILY::slavic	славянский оберег	FAMILY_RELEVANT	EXACT_PRESENT	ABSENT	EXACT_PRESENT	EXACT_PRESENT	title_n:EXACT_PRESENT	GAP_PRESENT	Content coverage only; no Ozon ranking-weight claim.
1630033296	FAMILY::slavic	славянское	FAMILY_RELEVANT	SEMANTIC_PRESENT	ABSENT	SEMANTIC_PRESENT	SEMANTIC_PRESENT	title_n:SEMANTIC_PRESENT	GAP_PRESENT	Content coverage only; no Ozon ranking-weight claim.
1630033296	FAMILY::slavic	славянскте обереги от сглаза	FAMILY_RELEVANT	ABSENT	ABSENT	PARTIAL_PRESENT	PARTIAL_PRESENT	attr_n:PARTIAL_PRESENT	GAP_PRESENT	Content coverage only; no Ozon ranking-weight claim.
1630033296	FAMILY::slavic	цепочка славянская	FAMILY_RELEVANT	PARTIAL_PRESENT	ABSENT	PARTIAL_PRESENT	PARTIAL_PRESENT	title_n:PARTIAL_PRESENT	GAP_PRESENT	Content coverage only; no Ozon ranking-weight claim.
1630033296	USE::car_mirror	чур оберег в машину	GENERIC_RELEVANT	ABSENT	ABSENT	ABSENT	ABSENT		GAP_PRESENT	Content coverage only; no Ozon ranking-weight claim.
1630040194	USE::car_mirror	fox racing подвеска на зеркало	GENERIC_RELEVANT	ABSENT	ABSENT	ABSENT	ABSENT		GAP_PRESENT	Content coverage only; no Ozon ranking-weight claim.
1630040194	USE::car_mirror	авто подвеска в машину	GENERIC_RELEVANT	SEMANTIC_PRESENT	ABSENT	SEMANTIC_PRESENT	SEMANTIC_PRESENT	title_n:SEMANTIC_PRESENT	GAP_PRESENT	Content coverage only; no Ozon ranking-weight claim.
1630040194	USE::car_mirror	аксессуары в машину на зеркало skoda в октаве	GENERIC_RELEVANT	ABSENT	ABSENT	ABSENT	ABSENT		GAP_PRESENT	Content coverage only; no Ozon ranking-weight claim.
1630040194	USE::car_mirror	аксессуары в машину подвесаа зеркал барабан	GENERIC_RELEVANT	ABSENT	ABSENT	ABSENT	ABSENT		GAP_PRESENT	Content coverage only; no Ozon ranking-weight claim.
1630040194	CLASS::amulet_pendant	амулет	GENERIC_RELEVANT	SEMANTIC_PRESENT	ABSENT	EXACT_PRESENT	EXACT_PRESENT	title_n:SEMANTIC_PRESENT	GAP_PRESENT	Content coverage only; no Ozon ranking-weight claim.
1630040194	USE::car_mirror	амулет в машину	GENERIC_RELEVANT	SEMANTIC_PRESENT	ABSENT	SEMANTIC_PRESENT	SEMANTIC_PRESENT	title_n:SEMANTIC_PRESENT	GAP_PRESENT	Content coverage only; no Ozon ranking-weight claim.
1630040194	USE::protection	амулет оберег	GENERIC_RELEVANT	SEMANTIC_PRESENT	ABSENT	SEMANTIC_PRESENT	SEMANTIC_PRESENT	title_n:SEMANTIC_PRESENT	GAP_PRESENT	Content coverage only; no Ozon ranking-weight claim.
1630040194	USE::car_mirror	амулет с зеркалом подвеска	GENERIC_RELEVANT	ABSENT	ABSENT	ABSENT	ABSENT		GAP_PRESENT	Content coverage only; no Ozon ranking-weight claim.
1630040194	FAMILY::slavic	амулет славянские боги	FAMILY_RELEVANT	ABSENT	ABSENT	SEMANTIC_PRESENT	ABSENT	attr_n:SEMANTIC_PRESENT	GAP_PRESENT	Content coverage only; no Ozon ranking-weight claim.
1630040194	USE::car_mirror	амулетом на машину	GENERIC_RELEVANT	ABSENT	ABSENT	SEMANTIC_PRESENT	SEMANTIC_PRESENT	attr_n:SEMANTIC_PRESENT	GAP_PRESENT	Content coverage only; no Ozon ranking-weight claim.
1630040194	USE::protection	амулеты обереги и талисманы	GENERIC_RELEVANT	SEMANTIC_PRESENT	ABSENT	EXACT_PRESENT	SEMANTIC_PRESENT	title_n:SEMANTIC_PRESENT	GAP_PRESENT	Content coverage only; no Ozon ranking-weight claim.
1630040194	USE::car_mirror	амулеты обереги и талисманы зеркалр	GENERIC_RELEVANT	ABSENT	ABSENT	ABSENT	ABSENT		GAP_PRESENT	Content coverage only; no Ozon ranking-weight claim.
1630040194	FAMILY::slavic	амулеты славянских богов	FAMILY_RELEVANT	ABSENT	ABSENT	ABSENT	ABSENT		GAP_PRESENT	Content coverage only; no Ozon ranking-weight claim.
1630040194	USE::car_mirror	армянский барабан на машину подвеска	GENERIC_RELEVANT	ABSENT	ABSENT	ABSENT	ABSENT		GAP_PRESENT	Content coverage only; no Ozon ranking-weight claim.
1630040194	USE::car_mirror	атрибутика зенит в машину на зеркало	GENERIC_RELEVANT	ABSENT	ABSENT	ABSENT	ABSENT		GAP_PRESENT	Content coverage only; no Ozon ranking-weight claim.
1630040194	UNCLEAR::0b1ee2c2f7	бог омулет	AMBIGUOUS_HOLD	ABSENT	ABSENT	ABSENT	ABSENT		GAP_PRESENT	Content coverage only; no Ozon ranking-weight claim.
1630040194	USE::car_mirror	брелок в машину на зеркало пушистики	GENERIC_RELEVANT	ABSENT	ABSENT	ABSENT	ABSENT		GAP_PRESENT	Content coverage only; no Ozon ranking-weight claim.
1630040194	USE::car_mirror	брелок восьмерка в машину на зеркало	GENERIC_RELEVANT	ABSENT	ABSENT	ABSENT	ABSENT		GAP_PRESENT	Content coverage only; no Ozon ranking-weight claim.
1630040194	FAMILY::slavic	брелок на авто славянская на зеркало	FAMILY_RELEVANT	PARTIAL_PRESENT	ABSENT	PARTIAL_PRESENT	PARTIAL_PRESENT	title_n:PARTIAL_PRESENT	GAP_PRESENT	Content coverage only; no Ozon ranking-weight claim.
1630040194	USE::car_mirror	бусина от сглаза на зеркало машины	GENERIC_RELEVANT	PARTIAL_PRESENT	ABSENT	SEMANTIC_PRESENT	SEMANTIC_PRESENT	title_n:PARTIAL_PRESENT	GAP_PRESENT	Content coverage only; no Ozon ranking-weight claim.
1630040194	VARIANT::чернобог	бусина чернобог	EXACT_PRODUCT	PARTIAL_PRESENT	PARTIAL_PRESENT	SEMANTIC_PRESENT	SEMANTIC_PRESENT	title_n:PARTIAL_PRESENT	PARTIAL_GAP	Content coverage only; no Ozon ranking-weight claim.
1630040194	USE::car_mirror	в машину амулет	GENERIC_RELEVANT	SEMANTIC_PRESENT	ABSENT	SEMANTIC_PRESENT	SEMANTIC_PRESENT	title_n:SEMANTIC_PRESENT	GAP_PRESENT	Content coverage only; no Ozon ranking-weight claim.
1630040194	USE::car_mirror	висюлька на зеркало в машину белая пушистая	GENERIC_RELEVANT	ABSENT	ABSENT	ABSENT	ABSENT		GAP_PRESENT	Content coverage only; no Ozon ranking-weight claim.
1630040194	USE::car_mirror	вымпел военная прокуратура в машину на зеркало	GENERIC_RELEVANT	ABSENT	ABSENT	ABSENT	ABSENT		GAP_PRESENT	Content coverage only; no Ozon ranking-weight claim.
1630040194	VARIANT::чернобог	джокер чернобога	PARTIAL_RELEVANCE	PARTIAL_PRESENT	PARTIAL_PRESENT	PARTIAL_PRESENT	PARTIAL_PRESENT	title_n:PARTIAL_PRESENT	PARTIAL_GAP	Content coverage only; no Ozon ranking-weight claim.
1630040194	USE::car_mirror	зеркало обгона для праворульных машин	GENERIC_RELEVANT	PARTIAL_PRESENT	ABSENT	PARTIAL_PRESENT	PARTIAL_PRESENT	title_n:PARTIAL_PRESENT	GAP_PRESENT	Content coverage only; no Ozon ranking-weight claim.
1630040194	USE::car_mirror	крестик в машину на зеркало освешеный	GENERIC_RELEVANT	ABSENT	ABSENT	ABSENT	ABSENT		GAP_PRESENT	Content coverage only; no Ozon ranking-weight claim.
1630040194	CLASS::beads	магические четки	GENERIC_RELEVANT	ABSENT	ABSENT	ABSENT	ABSENT		GAP_PRESENT	Content coverage only; no Ozon ranking-weight claim.
1630040194	USE::car_mirror	мелонг зеркало	GENERIC_RELEVANT	ABSENT	ABSENT	ABSENT	ABSENT		GAP_PRESENT	Content coverage only; no Ozon ranking-weight claim.
1630040194	USE::car_mirror	монстры на кан кулах подвеска в машину	GENERIC_RELEVANT	ABSENT	ABSENT	ABSENT	ABSENT		GAP_PRESENT	Content coverage only; no Ozon ranking-weight claim.
1630040194	USE::car_mirror	на зеркало в машину подвеска россия	GENERIC_RELEVANT	ABSENT	ABSENT	SEMANTIC_PRESENT	ABSENT	attr_n:SEMANTIC_PRESENT	GAP_PRESENT	Content coverage only; no Ozon ranking-weight claim.
1630040194	USE::car_mirror	на зеркало подвеска	GENERIC_RELEVANT	SEMANTIC_PRESENT	ABSENT	SEMANTIC_PRESENT	SEMANTIC_PRESENT	title_n:SEMANTIC_PRESENT	GAP_PRESENT	Content coverage only; no Ozon ranking-weight claim.
1630040194	USE::protection	оберег	GENERIC_RELEVANT	EXACT_PRESENT	ABSENT	EXACT_PRESENT	EXACT_PRESENT	title_n:EXACT_PRESENT	GAP_PRESENT	Content coverage only; no Ozon ranking-weight claim.
1630040194	USE::car_mirror	оберег в машину	GENERIC_RELEVANT	SEMANTIC_PRESENT	ABSENT	EXACT_PRESENT	EXACT_PRESENT	title_n:SEMANTIC_PRESENT	GAP_PRESENT	Content coverage only; no Ozon ranking-weight claim.
1630040194	USE::car_mirror	оберег в машину мусульманский наклейка	GENERIC_RELEVANT	ABSENT	ABSENT	ABSENT	ABSENT		GAP_PRESENT	Content coverage only; no Ozon ranking-weight claim.
1630040194	FAMILY::slavic	оберег в машину на зеркало славянский	FAMILY_RELEVANT	SEMANTIC_PRESENT	ABSENT	SEMANTIC_PRESENT	SEMANTIC_PRESENT	title_n:SEMANTIC_PRESENT	GAP_PRESENT	Content coverage only; no Ozon ranking-weight claim.
1630040194	FAMILY::slavic	оберег в машину славянский	FAMILY_RELEVANT	SEMANTIC_PRESENT	ABSENT	SEMANTIC_PRESENT	SEMANTIC_PRESENT	title_n:SEMANTIC_PRESENT	GAP_PRESENT	Content coverage only; no Ozon ranking-weight claim.
1630040194	USE::protection	оберег от сглаза и порчи	GENERIC_RELEVANT	ABSENT	ABSENT	EXACT_PRESENT	SEMANTIC_PRESENT	attr_n:EXACT_PRESENT	GAP_PRESENT	Content coverage only; no Ozon ranking-weight claim.
1630040194	USE::protection	обереги	GENERIC_RELEVANT	SEMANTIC_PRESENT	ABSENT	EXACT_PRESENT	EXACT_PRESENT	title_n:SEMANTIC_PRESENT	GAP_PRESENT	Content coverage only; no Ozon ranking-weight claim.
1630040194	USE::protection	обереготсглаза	GENERIC_RELEVANT	ABSENT	ABSENT	EXACT_PRESENT	ABSENT	attr_n:EXACT_PRESENT	GAP_PRESENT	Content coverage only; no Ozon ranking-weight claim.
1630040194	CLASS::amulet_pendant	подвеска амулет	GENERIC_RELEVANT	SEMANTIC_PRESENT	ABSENT	SEMANTIC_PRESENT	SEMANTIC_PRESENT	title_n:SEMANTIC_PRESENT	GAP_PRESENT	Content coverage only; no Ozon ranking-weight claim.
1630040194	USE::car_mirror	подвеска в авто оьерег	GENERIC_RELEVANT	ABSENT	ABSENT	ABSENT	ABSENT		GAP_PRESENT	Content coverage only; no Ozon ranking-weight claim.
1630040194	USE::car_mirror	подвеска в машину	GENERIC_RELEVANT	SEMANTIC_PRESENT	ABSENT	EXACT_PRESENT	SEMANTIC_PRESENT	title_n:SEMANTIC_PRESENT	GAP_PRESENT	Content coverage only; no Ozon ranking-weight claim.
1630040194	USE::car_mirror	подвеска в машину мягкий пушистый ежик	GENERIC_RELEVANT	ABSENT	ABSENT	ABSENT	ABSENT		GAP_PRESENT	Content coverage only; no Ozon ranking-weight claim.
1630040194	USE::car_mirror	подвеска в машину на зеркало мужская евгений	GENERIC_RELEVANT	ABSENT	ABSENT	PARTIAL_PRESENT	ABSENT	attr_n:PARTIAL_PRESENT	GAP_PRESENT	Content coverage only; no Ozon ranking-weight claim.
1630040194	USE::car_mirror	подвеска на зеркало в машину	GENERIC_RELEVANT	EXACT_PRESENT	ABSENT	EXACT_PRESENT	EXACT_PRESENT	title_n:EXACT_PRESENT	GAP_PRESENT	Content coverage only; no Ozon ranking-weight claim.
1630040194	FAMILY::slavic	подвеска на зеркало славянская	FAMILY_RELEVANT	SEMANTIC_PRESENT	ABSENT	SEMANTIC_PRESENT	SEMANTIC_PRESENT	title_n:SEMANTIC_PRESENT	GAP_PRESENT	Content coverage only; no Ozon ranking-weight claim.
1630040194	USE::protection	подвеска от сглаза	GENERIC_RELEVANT	ABSENT	ABSENT	SEMANTIC_PRESENT	SEMANTIC_PRESENT	attr_n:SEMANTIC_PRESENT	GAP_PRESENT	Content coverage only; no Ozon ranking-weight claim.
1630040194	USE::protection	русские обереги	GENERIC_RELEVANT	ABSENT	ABSENT	ABSENT	ABSENT		GAP_PRESENT	Content coverage only; no Ozon ranking-weight claim.
1630040194	FAMILY::slavic	славянские обереги	FAMILY_RELEVANT	SEMANTIC_PRESENT	ABSENT	EXACT_PRESENT	EXACT_PRESENT	title_n:SEMANTIC_PRESENT	GAP_PRESENT	Content coverage only; no Ozon ranking-weight claim.
1630040194	FAMILY::slavic	славянские обереги мужские	FAMILY_RELEVANT	SEMANTIC_PRESENT	ABSENT	SEMANTIC_PRESENT	SEMANTIC_PRESENT	title_n:SEMANTIC_PRESENT	GAP_PRESENT	Content coverage only; no Ozon ranking-weight claim.
1630040194	FAMILY::slavic	славянские украшения	FAMILY_RELEVANT	SEMANTIC_PRESENT	ABSENT	EXACT_PRESENT	EXACT_PRESENT	title_n:SEMANTIC_PRESENT	GAP_PRESENT	Content coverage only; no Ozon ranking-weight claim.
1630040194	FAMILY::slavic	славянскиеобереги	FAMILY_RELEVANT	ABSENT	ABSENT	ABSENT	ABSENT		GAP_PRESENT	Content coverage only; no Ozon ranking-weight claim.
1630040194	FAMILY::slavic	славянский оберег	FAMILY_RELEVANT	EXACT_PRESENT	ABSENT	EXACT_PRESENT	EXACT_PRESENT	title_n:EXACT_PRESENT	GAP_PRESENT	Content coverage only; no Ozon ranking-weight claim.
1630040194	FAMILY::slavic	славянский оберег в машину	FAMILY_RELEVANT	SEMANTIC_PRESENT	ABSENT	EXACT_PRESENT	EXACT_PRESENT	title_n:SEMANTIC_PRESENT	GAP_PRESENT	Content coverage only; no Ozon ranking-weight claim.
1630040194	FAMILY::slavic	славянский оберег из дерева	FAMILY_RELEVANT	ABSENT	ABSENT	ABSENT	ABSENT		GAP_PRESENT	Content coverage only; no Ozon ranking-weight claim.
1630040194	FAMILY::slavic	славянский оберег подвеска	FAMILY_RELEVANT	SEMANTIC_PRESENT	ABSENT	SEMANTIC_PRESENT	SEMANTIC_PRESENT	title_n:SEMANTIC_PRESENT	GAP_PRESENT	Content coverage only; no Ozon ranking-weight claim.
1630040194	VARIANT::чернобог	чернобог	EXACT_PRODUCT	EXACT_PRESENT	EXACT_PRESENT	EXACT_PRESENT	EXACT_PRESENT	title_n:EXACT_PRESENT	NO_GAP	Content coverage only; no Ozon ranking-weight claim.
1630040194	FAMILY::slavic	четки славянские	FAMILY_RELEVANT	SEMANTIC_PRESENT	ABSENT	SEMANTIC_PRESENT	SEMANTIC_PRESENT	title_n:SEMANTIC_PRESENT	GAP_PRESENT	Content coverage only; no Ozon ranking-weight claim.
1636041142	USE::car_mirror	mirroreffect брелок оберег с зеркалом	GENERIC_RELEVANT	ABSENT	ABSENT	ABSENT	ABSENT		GAP_PRESENT	Content coverage only; no Ozon ranking-weight claim.
1636041142	USE::car_mirror	аксессуары в машину на зеркало перчатки кимано	GENERIC_RELEVANT	ABSENT	ABSENT	ABSENT	ABSENT		GAP_PRESENT	Content coverage only; no Ozon ranking-weight claim.
1636041142	CLASS::amulet_pendant	амулет	GENERIC_RELEVANT	SEMANTIC_PRESENT	ABSENT	EXACT_PRESENT	EXACT_PRESENT	title_n:SEMANTIC_PRESENT	GAP_PRESENT	Content coverage only; no Ozon ranking-weight claim.
1636041142	CLASS::amulet_pendant	амулет бога	GENERIC_RELEVANT	ABSENT	ABSENT	ABSENT	ABSENT		GAP_PRESENT	Content coverage only; no Ozon ranking-weight claim.
1636041142	USE::car_mirror	амулет на зеркало автомобиля	GENERIC_RELEVANT	ABSENT	ABSENT	SEMANTIC_PRESENT	SEMANTIC_PRESENT	attr_n:SEMANTIC_PRESENT	GAP_PRESENT	Content coverage only; no Ozon ranking-weight claim.
1636041142	USE::car_mirror	амулет с зеркалом подвеска	GENERIC_RELEVANT	ABSENT	ABSENT	ABSENT	ABSENT		GAP_PRESENT	Content coverage only; no Ozon ranking-weight claim.
1636041142	USE::car_mirror	амулетом на машину	GENERIC_RELEVANT	ABSENT	ABSENT	SEMANTIC_PRESENT	SEMANTIC_PRESENT	attr_n:SEMANTIC_PRESENT	GAP_PRESENT	Content coverage only; no Ozon ranking-weight claim.
1636041142	USE::protection	амулеты обереги и талисманы	GENERIC_RELEVANT	SEMANTIC_PRESENT	ABSENT	EXACT_PRESENT	SEMANTIC_PRESENT	title_n:SEMANTIC_PRESENT	GAP_PRESENT	Content coverage only; no Ozon ranking-weight claim.
1636041142	USE::protection	амулеты обереги подвеска	GENERIC_RELEVANT	SEMANTIC_PRESENT	ABSENT	SEMANTIC_PRESENT	SEMANTIC_PRESENT	title_n:SEMANTIC_PRESENT	GAP_PRESENT	Content coverage only; no Ozon ranking-weight claim.
1636041142	USE::car_mirror	аодвеска зеркало	GENERIC_RELEVANT	ABSENT	ABSENT	ABSENT	ABSENT		GAP_PRESENT	Content coverage only; no Ozon ranking-weight claim.
1636041142	USE::car_mirror	армянский барабан на машину подвеска	GENERIC_RELEVANT	ABSENT	ABSENT	ABSENT	ABSENT		GAP_PRESENT	Content coverage only; no Ozon ranking-weight claim.
1636041142	USE::protection	атрибут для порчи	GENERIC_RELEVANT	ABSENT	ABSENT	SEMANTIC_PRESENT	SEMANTIC_PRESENT	attr_n:SEMANTIC_PRESENT	GAP_PRESENT	Content coverage only; no Ozon ranking-weight claim.
1636041142	UNCLEAR::9c1cfb46c5	атрибуты дерево природа	AMBIGUOUS_HOLD	ABSENT	ABSENT	SEMANTIC_PRESENT	SEMANTIC_PRESENT	attr_n:SEMANTIC_PRESENT	GAP_PRESENT	Content coverage only; no Ozon ranking-weight claim.
1636041142	FAMILY::slavic	бижутерия славянские обереги	FAMILY_RELEVANT	ABSENT	ABSENT	SEMANTIC_PRESENT	ABSENT	attr_n:SEMANTIC_PRESENT	GAP_PRESENT	Content coverage only; no Ozon ranking-weight claim.
1636041142	FAMILY::slavic	бижутерия славянский оберег	FAMILY_RELEVANT	ABSENT	ABSENT	SEMANTIC_PRESENT	ABSENT	attr_n:SEMANTIC_PRESENT	GAP_PRESENT	Content coverage only; no Ozon ranking-weight claim.
1636041142	USE::car_mirror	брелок в машину на зеркало я свободен	GENERIC_RELEVANT	ABSENT	ABSENT	ABSENT	ABSENT		GAP_PRESENT	Content coverage only; no Ozon ranking-weight claim.
1636041142	USE::car_mirror	брелок сабвуфер альфард в машину на зеркало	GENERIC_RELEVANT	ABSENT	ABSENT	ABSENT	ABSENT		GAP_PRESENT	Content coverage only; no Ozon ranking-weight claim.
1636041142	UNCLEAR::75a80f4c6f	бусина закон	AMBIGUOUS_HOLD	ABSENT	ABSENT	SEMANTIC_PRESENT	SEMANTIC_PRESENT	attr_n:SEMANTIC_PRESENT	GAP_PRESENT	Content coverage only; no Ozon ranking-weight claim.
1636041142	FAMILY::slavic	бусина славянская на четки	FAMILY_RELEVANT	PARTIAL_PRESENT	ABSENT	SEMANTIC_PRESENT	SEMANTIC_PRESENT	title_n:PARTIAL_PRESENT	GAP_PRESENT	Content coverage only; no Ozon ranking-weight claim.
1636041142	USE::car_mirror	бусы в машину на зеркало лада спорт	GENERIC_RELEVANT	ABSENT	ABSENT	ABSENT	ABSENT		GAP_PRESENT	Content coverage only; no Ozon ranking-weight claim.
1636041142	USE::car_mirror	в машину авулет	GENERIC_RELEVANT	ABSENT	ABSENT	ABSENT	ABSENT		GAP_PRESENT	Content coverage only; no Ozon ranking-weight claim.
1636041142	USE::car_mirror	ведьмино зеркало	GENERIC_RELEVANT	ABSENT	ABSENT	ABSENT	ABSENT		GAP_PRESENT	Content coverage only; no Ozon ranking-weight claim.
1636041142	VARIANT::велес	велес	EXACT_PRODUCT	EXACT_PRESENT	EXACT_PRESENT	EXACT_PRESENT	EXACT_PRESENT	title_n:EXACT_PRESENT	NO_GAP	Content coverage only; no Ozon ranking-weight claim.
1636041142	VARIANT::велес	велес оберег волк	EXACT_PRODUCT	PARTIAL_PRESENT	PARTIAL_PRESENT	PARTIAL_PRESENT	PARTIAL_PRESENT	title_n:PARTIAL_PRESENT	PARTIAL_GAP	Content coverage only; no Ozon ranking-weight claim.
1636041142	VARIANT::велес	велес. красная кровь	EXACT_PRODUCT	PARTIAL_PRESENT	PARTIAL_PRESENT	PARTIAL_PRESENT	PARTIAL_PRESENT	title_n:PARTIAL_PRESENT	PARTIAL_GAP	Content coverage only; no Ozon ranking-weight claim.
1636041142	FAMILY::slavic	все для славянских четок	FAMILY_RELEVANT	ABSENT	ABSENT	PARTIAL_PRESENT	PARTIAL_PRESENT	attr_n:PARTIAL_PRESENT	GAP_PRESENT	Content coverage only; no Ozon ranking-weight claim.
1636041142	FAMILY::slavic	женский оберег славянский	FAMILY_RELEVANT	ABSENT	ABSENT	ABSENT	ABSENT		GAP_PRESENT	Content coverage only; no Ozon ranking-weight claim.
1636041142	USE::car_mirror	зеркало дерева	GENERIC_RELEVANT	ABSENT	ABSENT	ABSENT	ABSENT		GAP_PRESENT	Content coverage only; no Ozon ranking-weight claim.
1636041142	FAMILY::slavic	зеркало оберег на шею славянское	FAMILY_RELEVANT	PARTIAL_PRESENT	ABSENT	PARTIAL_PRESENT	PARTIAL_PRESENT	title_n:PARTIAL_PRESENT	GAP_PRESENT	Content coverage only; no Ozon ranking-weight claim.
1636041142	UNCLEAR::38ea3863b2	коловрат	AMBIGUOUS_HOLD	ABSENT	ABSENT	ABSENT	ABSENT		GAP_PRESENT	Content coverage only; no Ozon ranking-weight claim.
1636041142	USE::protection	коловрат оберег	GENERIC_RELEVANT	ABSENT	ABSENT	ABSENT	ABSENT		GAP_PRESENT	Content coverage only; no Ozon ranking-weight claim.
1636041142	CLASS::amulet_pendant	коловрат подвеска	GENERIC_RELEVANT	ABSENT	ABSENT	ABSENT	ABSENT		GAP_PRESENT	Content coverage only; no Ozon ranking-weight claim.
1636041142	USE::car_mirror	на зеркало авто подвеска	GENERIC_RELEVANT	SEMANTIC_PRESENT	ABSENT	SEMANTIC_PRESENT	SEMANTIC_PRESENT	title_n:SEMANTIC_PRESENT	GAP_PRESENT	Content coverage only; no Ozon ranking-weight claim.
1636041142	USE::protection	оберег	GENERIC_RELEVANT	EXACT_PRESENT	ABSENT	EXACT_PRESENT	EXACT_PRESENT	title_n:EXACT_PRESENT	GAP_PRESENT	Content coverage only; no Ozon ranking-weight claim.
1636041142	USE::car_mirror	оберег в машину	GENERIC_RELEVANT	SEMANTIC_PRESENT	ABSENT	SEMANTIC_PRESENT	SEMANTIC_PRESENT	title_n:SEMANTIC_PRESENT	GAP_PRESENT	Content coverage only; no Ozon ranking-weight claim.
1636041142	FAMILY::slavic	оберег в машину славянский	FAMILY_RELEVANT	SEMANTIC_PRESENT	ABSENT	SEMANTIC_PRESENT	SEMANTIC_PRESENT	title_n:SEMANTIC_PRESENT	GAP_PRESENT	Content coverage only; no Ozon ranking-weight claim.
1636041142	USE::protection	оберег дерево	GENERIC_RELEVANT	SEMANTIC_PRESENT	ABSENT	SEMANTIC_PRESENT	SEMANTIC_PRESENT	title_n:SEMANTIC_PRESENT	GAP_PRESENT	Content coverage only; no Ozon ranking-weight claim.
1636041142	USE::protection	оберег от сглаза и порчи	GENERIC_RELEVANT	ABSENT	ABSENT	EXACT_PRESENT	SEMANTIC_PRESENT	attr_n:EXACT_PRESENT	GAP_PRESENT	Content coverage only; no Ozon ranking-weight claim.
1636041142	FAMILY::slavic	оберег славянский женский	FAMILY_RELEVANT	ABSENT	ABSENT	ABSENT	ABSENT		GAP_PRESENT	Content coverage only; no Ozon ranking-weight claim.
1636041142	USE::car_mirror	от сглаза в машину	GENERIC_RELEVANT	ABSENT	ABSENT	SEMANTIC_PRESENT	SEMANTIC_PRESENT	attr_n:SEMANTIC_PRESENT	GAP_PRESENT	Content coverage only; no Ozon ranking-weight claim.
1636041142	USE::car_mirror	подвеска в машину	GENERIC_RELEVANT	SEMANTIC_PRESENT	ABSENT	EXACT_PRESENT	SEMANTIC_PRESENT	title_n:SEMANTIC_PRESENT	GAP_PRESENT	Content coverage only; no Ozon ranking-weight claim.
1636041142	USE::car_mirror	подвеска в машину на зеркало	GENERIC_RELEVANT	SEMANTIC_PRESENT	ABSENT	EXACT_PRESENT	SEMANTIC_PRESENT	title_n:SEMANTIC_PRESENT	GAP_PRESENT	Content coverage only; no Ozon ranking-weight claim.
1636041142	USE::car_mirror	подвеска на зеркало в машину	GENERIC_RELEVANT	EXACT_PRESENT	ABSENT	EXACT_PRESENT	EXACT_PRESENT	title_n:EXACT_PRESENT	GAP_PRESENT	Content coverage only; no Ozon ranking-weight claim.
1636041142	FAMILY::slavic	славянские	FAMILY_RELEVANT	SEMANTIC_PRESENT	ABSENT	EXACT_PRESENT	EXACT_PRESENT	title_n:SEMANTIC_PRESENT	GAP_PRESENT	Content coverage only; no Ozon ranking-weight claim.
1636041142	FAMILY::slavic	славянские обереги	FAMILY_RELEVANT	SEMANTIC_PRESENT	ABSENT	EXACT_PRESENT	EXACT_PRESENT	title_n:SEMANTIC_PRESENT	GAP_PRESENT	Content coverage only; no Ozon ranking-weight claim.
1636041142	FAMILY::slavic	славянские обереги мужские	FAMILY_RELEVANT	SEMANTIC_PRESENT	ABSENT	SEMANTIC_PRESENT	SEMANTIC_PRESENT	title_n:SEMANTIC_PRESENT	GAP_PRESENT	Content coverage only; no Ozon ranking-weight claim.
1636041142	FAMILY::slavic	славянские украшения	FAMILY_RELEVANT	SEMANTIC_PRESENT	ABSENT	SEMANTIC_PRESENT	SEMANTIC_PRESENT	title_n:SEMANTIC_PRESENT	GAP_PRESENT	Content coverage only; no Ozon ranking-weight claim.
1636041142	FAMILY::slavic	славянские четки	FAMILY_RELEVANT	SEMANTIC_PRESENT	ABSENT	SEMANTIC_PRESENT	SEMANTIC_PRESENT	title_n:SEMANTIC_PRESENT	GAP_PRESENT	Content coverage only; no Ozon ranking-weight claim.
1636041142	FAMILY::slavic	славянскиеобереги	FAMILY_RELEVANT	ABSENT	ABSENT	ABSENT	ABSENT		GAP_PRESENT	Content coverage only; no Ozon ranking-weight claim.
1636041142	FAMILY::slavic	славянский оберег	FAMILY_RELEVANT	EXACT_PRESENT	ABSENT	EXACT_PRESENT	EXACT_PRESENT	title_n:EXACT_PRESENT	GAP_PRESENT	Content coverage only; no Ozon ranking-weight claim.
1636041142	FAMILY::slavic	славянский оберег для мужчин	FAMILY_RELEVANT	ABSENT	ABSENT	SEMANTIC_PRESENT	ABSENT	attr_n:SEMANTIC_PRESENT	GAP_PRESENT	Content coverage only; no Ozon ranking-weight claim.
1636041142	FAMILY::slavic	славянский оберег из дерева	FAMILY_RELEVANT	ABSENT	ABSENT	ABSENT	ABSENT		GAP_PRESENT	Content coverage only; no Ozon ranking-weight claim.
1636041142	FAMILY::slavic	славянский умулет в авто	FAMILY_RELEVANT	ABSENT	ABSENT	ABSENT	ABSENT		GAP_PRESENT	Content coverage only; no Ozon ranking-weight claim.
1636041142	USE::car_mirror	талисман зеркало	GENERIC_RELEVANT	SEMANTIC_PRESENT	ABSENT	SEMANTIC_PRESENT	SEMANTIC_PRESENT	title_n:SEMANTIC_PRESENT	GAP_PRESENT	Content coverage only; no Ozon ranking-weight claim.
1636041142	USE::car_mirror	четки в машину	GENERIC_RELEVANT	SEMANTIC_PRESENT	ABSENT	SEMANTIC_PRESENT	SEMANTIC_PRESENT	title_n:SEMANTIC_PRESENT	GAP_PRESENT	Content coverage only; no Ozon ranking-weight claim.
1636048691	CLASS::amulet_pendant	амулет	GENERIC_RELEVANT	SEMANTIC_PRESENT	ABSENT	EXACT_PRESENT	EXACT_PRESENT	title_n:SEMANTIC_PRESENT	GAP_PRESENT	Content coverage only; no Ozon ranking-weight claim.
1636048691	USE::car_mirror	амулет зеркало	GENERIC_RELEVANT	SEMANTIC_PRESENT	ABSENT	SEMANTIC_PRESENT	SEMANTIC_PRESENT	title_n:SEMANTIC_PRESENT	GAP_PRESENT	Content coverage only; no Ozon ranking-weight claim.
1636048691	USE::car_mirror	в машину	GENERIC_RELEVANT	EXACT_PRESENT	ABSENT	EXACT_PRESENT	EXACT_PRESENT	title_n:EXACT_PRESENT	GAP_PRESENT	Content coverage only; no Ozon ranking-weight claim.
1636048691	USE::car_mirror	в машину подвеска	GENERIC_RELEVANT	SEMANTIC_PRESENT	ABSENT	EXACT_PRESENT	SEMANTIC_PRESENT	title_n:SEMANTIC_PRESENT	GAP_PRESENT	Content coverage only; no Ozon ranking-weight claim.
1636048691	USE::car_mirror	зеркало	GENERIC_RELEVANT	EXACT_PRESENT	ABSENT	EXACT_PRESENT	EXACT_PRESENT	title_n:EXACT_PRESENT	GAP_PRESENT	Content coverage only; no Ozon ranking-weight claim.
1636048691	UNCLEAR::46b07ca137	из дерева	AMBIGUOUS_HOLD	ABSENT	ABSENT	ABSENT	ABSENT		GAP_PRESENT	Content coverage only; no Ozon ranking-weight claim.
1636048691	UNCLEAR::38ea3863b2	коловрат	AMBIGUOUS_HOLD	ABSENT	ABSENT	ABSENT	ABSENT		GAP_PRESENT	Content coverage only; no Ozon ranking-weight claim.
1636048691	UNCLEAR::aa3ddb0cf7	магия	AMBIGUOUS_HOLD	ABSENT	ABSENT	ABSENT	ABSENT		GAP_PRESENT	Content coverage only; no Ozon ranking-weight claim.
1636048691	USE::protection	оберег	GENERIC_RELEVANT	EXACT_PRESENT	ABSENT	EXACT_PRESENT	EXACT_PRESENT	title_n:EXACT_PRESENT	GAP_PRESENT	Content coverage only; no Ozon ranking-weight claim.
1636048691	USE::car_mirror	оберег в автомобиль	GENERIC_RELEVANT	SEMANTIC_PRESENT	ABSENT	SEMANTIC_PRESENT	SEMANTIC_PRESENT	title_n:SEMANTIC_PRESENT	GAP_PRESENT	Content coverage only; no Ozon ranking-weight claim.
1636048691	USE::car_mirror	оберег в машину	GENERIC_RELEVANT	SEMANTIC_PRESENT	ABSENT	SEMANTIC_PRESENT	SEMANTIC_PRESENT	title_n:SEMANTIC_PRESENT	GAP_PRESENT	Content coverage only; no Ozon ranking-weight claim.
1636048691	USE::protection	оберег для дома	GENERIC_RELEVANT	ABSENT	ABSENT	SEMANTIC_PRESENT	SEMANTIC_PRESENT	attr_n:SEMANTIC_PRESENT	GAP_PRESENT	Content coverage only; no Ozon ranking-weight claim.
1636048691	USE::protection	оберег для дома от сглаза и порчи	GENERIC_RELEVANT	ABSENT	ABSENT	SEMANTIC_PRESENT	SEMANTIC_PRESENT	attr_n:SEMANTIC_PRESENT	GAP_PRESENT	Content coverage only; no Ozon ranking-weight claim.
1636048691	USE::protection	оберег от сглаза	GENERIC_RELEVANT	ABSENT	ABSENT	EXACT_PRESENT	SEMANTIC_PRESENT	attr_n:EXACT_PRESENT	GAP_PRESENT	Content coverage only; no Ozon ranking-weight claim.
1636048691	USE::protection	оберег от сглаза и порчи	GENERIC_RELEVANT	ABSENT	ABSENT	EXACT_PRESENT	SEMANTIC_PRESENT	attr_n:EXACT_PRESENT	GAP_PRESENT	Content coverage only; no Ozon ranking-weight claim.
1636048691	FAMILY::slavic	оберег славянский в автомобиль женский	FAMILY_RELEVANT	ABSENT	ABSENT	ABSENT	ABSENT		GAP_PRESENT	Content coverage only; no Ozon ranking-weight claim.
1636048691	FAMILY::slavic	оберег славянский в машину	FAMILY_RELEVANT	SEMANTIC_PRESENT	ABSENT	SEMANTIC_PRESENT	SEMANTIC_PRESENT	title_n:SEMANTIC_PRESENT	GAP_PRESENT	Content coverage only; no Ozon ranking-weight claim.
1636048691	FAMILY::slavic	оберег славянский женский	FAMILY_RELEVANT	ABSENT	ABSENT	ABSENT	ABSENT		GAP_PRESENT	Content coverage only; no Ozon ranking-weight claim.
1636048691	FAMILY::slavic	обереги славянские для мужчин	FAMILY_RELEVANT	ABSENT	ABSENT	SEMANTIC_PRESENT	ABSENT	attr_n:SEMANTIC_PRESENT	GAP_PRESENT	Content coverage only; no Ozon ranking-weight claim.
1636048691	USE::protection	от сглаза	GENERIC_RELEVANT	ABSENT	ABSENT	EXACT_PRESENT	SEMANTIC_PRESENT	attr_n:EXACT_PRESENT	GAP_PRESENT	Content coverage only; no Ozon ranking-weight claim.
1636048691	USE::protection	от сглаза оберег	GENERIC_RELEVANT	ABSENT	ABSENT	SEMANTIC_PRESENT	SEMANTIC_PRESENT	attr_n:SEMANTIC_PRESENT	GAP_PRESENT	Content coverage only; no Ozon ranking-weight claim.
1636048691	USE::car_mirror	от сглаза оберег в машину	GENERIC_RELEVANT	ABSENT	ABSENT	SEMANTIC_PRESENT	SEMANTIC_PRESENT	attr_n:SEMANTIC_PRESENT	GAP_PRESENT	Content coverage only; no Ozon ranking-weight claim.
1636048691	VARIANT::печать велеса	печать велеса	EXACT_PRODUCT	EXACT_PRESENT	EXACT_PRESENT	EXACT_PRESENT	EXACT_PRESENT	title_n:EXACT_PRESENT	NO_GAP	Content coverage only; no Ozon ranking-weight claim.
1636048691	VARIANT::печать велеса	печать велеса медвежья лапа в машину	EXACT_PRODUCT	PARTIAL_PRESENT	PARTIAL_PRESENT	PARTIAL_PRESENT	PARTIAL_PRESENT	title_n:PARTIAL_PRESENT	PARTIAL_GAP	Content coverage only; no Ozon ranking-weight claim.
1636048691	VARIANT::печать велеса	печать велеса на шею	EXACT_PRODUCT	PARTIAL_PRESENT	PARTIAL_PRESENT	PARTIAL_PRESENT	PARTIAL_PRESENT	title_n:PARTIAL_PRESENT	PARTIAL_GAP	Content coverage only; no Ozon ranking-weight claim.
1636048691	VARIANT::печать велеса	печать велеса подвеска в автомобиль	EXACT_PRODUCT	SEMANTIC_PRESENT	SEMANTIC_PRESENT	SEMANTIC_PRESENT	SEMANTIC_PRESENT	title_n:SEMANTIC_PRESENT	NO_GAP	Content coverage only; no Ozon ranking-weight claim.
1636048691	VARIANT::печать велеса	печать велеса серебро	EXACT_PRODUCT	PARTIAL_PRESENT	PARTIAL_PRESENT	PARTIAL_PRESENT	PARTIAL_PRESENT	title_n:PARTIAL_PRESENT	PARTIAL_GAP	Content coverage only; no Ozon ranking-weight claim.
1636048691	CLASS::amulet_pendant	подвеска	GENERIC_RELEVANT	EXACT_PRESENT	ABSENT	EXACT_PRESENT	EXACT_PRESENT	title_n:EXACT_PRESENT	GAP_PRESENT	Content coverage only; no Ozon ranking-weight claim.
1636048691	USE::car_mirror	подвеска в машину	GENERIC_RELEVANT	SEMANTIC_PRESENT	ABSENT	EXACT_PRESENT	SEMANTIC_PRESENT	title_n:SEMANTIC_PRESENT	GAP_PRESENT	Content coverage only; no Ozon ranking-weight claim.
1636048691	USE::car_mirror	подвеска в машину на зеркало от сглаза	GENERIC_RELEVANT	ABSENT	ABSENT	SEMANTIC_PRESENT	SEMANTIC_PRESENT	attr_n:SEMANTIC_PRESENT	GAP_PRESENT	Content coverage only; no Ozon ranking-weight claim.
1636048691	FAMILY::slavic	подвеска в машину на зеркало славянская	FAMILY_RELEVANT	SEMANTIC_PRESENT	ABSENT	SEMANTIC_PRESENT	SEMANTIC_PRESENT	title_n:SEMANTIC_PRESENT	GAP_PRESENT	Content coverage only; no Ozon ranking-weight claim.
1636048691	FAMILY::slavic	подвеска в машину на зеркало старославянская лада	FAMILY_RELEVANT	ABSENT	ABSENT	ABSENT	ABSENT		GAP_PRESENT	Content coverage only; no Ozon ranking-weight claim.
1636048691	USE::car_mirror	подвеска на зеркало в машину оберег	GENERIC_RELEVANT	SEMANTIC_PRESENT	ABSENT	SEMANTIC_PRESENT	SEMANTIC_PRESENT	title_n:SEMANTIC_PRESENT	GAP_PRESENT	Content coverage only; no Ozon ranking-weight claim.
1636048691	CLASS::amulet_pendant	подвеска руна	GENERIC_RELEVANT	ABSENT	ABSENT	ABSENT	ABSENT		GAP_PRESENT	Content coverage only; no Ozon ranking-weight claim.
1636048691	FAMILY::slavic	руны славянские	FAMILY_RELEVANT	ABSENT	ABSENT	ABSENT	ABSENT		GAP_PRESENT	Content coverage only; no Ozon ranking-weight claim.
1636048691	FAMILY::slavic	славянские	FAMILY_RELEVANT	SEMANTIC_PRESENT	ABSENT	EXACT_PRESENT	SEMANTIC_PRESENT	title_n:SEMANTIC_PRESENT	GAP_PRESENT	Content coverage only; no Ozon ranking-weight claim.
1636048691	FAMILY::slavic	славянские обереги для мужчин	FAMILY_RELEVANT	ABSENT	ABSENT	SEMANTIC_PRESENT	ABSENT	attr_n:SEMANTIC_PRESENT	GAP_PRESENT	Content coverage only; no Ozon ranking-weight claim.
1636048691	FAMILY::slavic	славянский оберег	FAMILY_RELEVANT	EXACT_PRESENT	ABSENT	EXACT_PRESENT	EXACT_PRESENT	title_n:EXACT_PRESENT	GAP_PRESENT	Content coverage only; no Ozon ranking-weight claim.
1636048691	FAMILY::slavic	славянский оберег в машину	FAMILY_RELEVANT	SEMANTIC_PRESENT	ABSENT	SEMANTIC_PRESENT	SEMANTIC_PRESENT	title_n:SEMANTIC_PRESENT	GAP_PRESENT	Content coverage only; no Ozon ranking-weight claim.
1636048691	FAMILY::slavic	славянский оберег для машины	FAMILY_RELEVANT	SEMANTIC_PRESENT	ABSENT	SEMANTIC_PRESENT	SEMANTIC_PRESENT	title_n:SEMANTIC_PRESENT	GAP_PRESENT	Content coverage only; no Ozon ranking-weight claim.
1636048691	FAMILY::slavic	славянский оберег на зеркало автомобиля	FAMILY_RELEVANT	ABSENT	ABSENT	SEMANTIC_PRESENT	SEMANTIC_PRESENT	attr_n:SEMANTIC_PRESENT	GAP_PRESENT	Content coverage only; no Ozon ranking-weight claim.
1636048691	USE::protection	талисман	GENERIC_RELEVANT	SEMANTIC_PRESENT	ABSENT	EXACT_PRESENT	EXACT_PRESENT	title_n:SEMANTIC_PRESENT	GAP_PRESENT	Content coverage only; no Ozon ranking-weight claim.
1636048691	USE::car_mirror	талисман от сглаза в машину	GENERIC_RELEVANT	ABSENT	ABSENT	SEMANTIC_PRESENT	SEMANTIC_PRESENT	attr_n:SEMANTIC_PRESENT	GAP_PRESENT	Content coverage only; no Ozon ranking-weight claim.
1636048691	USE::protection	талисманы	GENERIC_RELEVANT	SEMANTIC_PRESENT	ABSENT	EXACT_PRESENT	SEMANTIC_PRESENT	title_n:SEMANTIC_PRESENT	GAP_PRESENT	Content coverage only; no Ozon ranking-weight claim.
1636048691	USE::car_mirror	четки амулет в машину	GENERIC_RELEVANT	SEMANTIC_PRESENT	ABSENT	SEMANTIC_PRESENT	SEMANTIC_PRESENT	title_n:SEMANTIC_PRESENT	GAP_PRESENT	Content coverage only; no Ozon ranking-weight claim.
1636048691	FAMILY::slavic	четки в автомобиль славянские	FAMILY_RELEVANT	SEMANTIC_PRESENT	ABSENT	SEMANTIC_PRESENT	SEMANTIC_PRESENT	title_n:SEMANTIC_PRESENT	GAP_PRESENT	Content coverage only; no Ozon ranking-weight claim.
1636048691	FAMILY::slavic	четки славянские	FAMILY_RELEVANT	SEMANTIC_PRESENT	ABSENT	SEMANTIC_PRESENT	SEMANTIC_PRESENT	title_n:SEMANTIC_PRESENT	GAP_PRESENT	Content coverage only; no Ozon ranking-weight claim.
1636048691	UNCLEAR::66ac86beae	эзотерика	AMBIGUOUS_HOLD	ABSENT	ABSENT	SEMANTIC_PRESENT	SEMANTIC_PRESENT	attr_n:SEMANTIC_PRESENT	GAP_PRESENT	Content coverage only; no Ozon ranking-weight claim.
1640251697	USE::car_mirror	абирег в машину	GENERIC_RELEVANT	ABSENT	ABSENT	ABSENT	ABSENT		GAP_PRESENT	Content coverage only; no Ozon ranking-weight claim.
1640251697	USE::car_mirror	авто подвеска на зеркало	GENERIC_RELEVANT	SEMANTIC_PRESENT	ABSENT	SEMANTIC_PRESENT	SEMANTIC_PRESENT	title_n:SEMANTIC_PRESENT	GAP_PRESENT	Content coverage only; no Ozon ranking-weight claim.
1640251697	VARIANT::крест	акриловые крест	EXACT_PRODUCT	PARTIAL_PRESENT	PARTIAL_PRESENT	PARTIAL_PRESENT	PARTIAL_PRESENT	title_n:PARTIAL_PRESENT	PARTIAL_GAP	Content coverage only; no Ozon ranking-weight claim.
1640251697	USE::car_mirror	аксессуары в машину подвесаа зеркал барабан	GENERIC_RELEVANT	ABSENT	ABSENT	ABSENT	ABSENT		GAP_PRESENT	Content coverage only; no Ozon ranking-weight claim.
1640251697	VARIANT::алатырь	алатырь	EXACT_PRODUCT	EXACT_PRESENT	EXACT_PRESENT	EXACT_PRESENT	EXACT_PRESENT	title_n:EXACT_PRESENT	NO_GAP	Content coverage only; no Ozon ranking-weight claim.
1640251697	VARIANT::алатырь	алатырь агат	EXACT_PRODUCT	PARTIAL_PRESENT	PARTIAL_PRESENT	PARTIAL_PRESENT	PARTIAL_PRESENT	title_n:PARTIAL_PRESENT	PARTIAL_GAP	Content coverage only; no Ozon ranking-weight claim.
1640251697	VARIANT::алатырь	алатырь амулет мужской	EXACT_PRODUCT	SEMANTIC_PRESENT	SEMANTIC_PRESENT	SEMANTIC_PRESENT	SEMANTIC_PRESENT	title_n:SEMANTIC_PRESENT	NO_GAP	Content coverage only; no Ozon ranking-weight claim.
1640251697	VARIANT::алатырь	алатырь бляшка	EXACT_PRODUCT	PARTIAL_PRESENT	PARTIAL_PRESENT	PARTIAL_PRESENT	PARTIAL_PRESENT	title_n:PARTIAL_PRESENT	PARTIAL_GAP	Content coverage only; no Ozon ranking-weight claim.
1640251697	VARIANT::алатырь	алатырь большой	EXACT_PRODUCT	SEMANTIC_PRESENT	SEMANTIC_PRESENT	SEMANTIC_PRESENT	SEMANTIC_PRESENT	title_n:SEMANTIC_PRESENT	NO_GAP	Content coverage only; no Ozon ranking-weight claim.
1640251697	VARIANT::алатырь	алатырь в машину	EXACT_PRODUCT	SEMANTIC_PRESENT	SEMANTIC_PRESENT	SEMANTIC_PRESENT	SEMANTIC_PRESENT	title_n:SEMANTIC_PRESENT	NO_GAP	Content coverage only; no Ozon ranking-weight claim.
1640251697	VARIANT::алатырь	алатырь в солнце	EXACT_PRODUCT	PARTIAL_PRESENT	PARTIAL_PRESENT	SEMANTIC_PRESENT	SEMANTIC_PRESENT	title_n:PARTIAL_PRESENT	PARTIAL_GAP	Content coverage only; no Ozon ranking-weight claim.
1640251697	VARIANT::алатырь	алатырь закладка	EXACT_PRODUCT	PARTIAL_PRESENT	PARTIAL_PRESENT	PARTIAL_PRESENT	PARTIAL_PRESENT	title_n:PARTIAL_PRESENT	PARTIAL_GAP	Content coverage only; no Ozon ranking-weight claim.
1640251697	VARIANT::алатырь	алатырь из дуба	EXACT_PRODUCT	PARTIAL_PRESENT	PARTIAL_PRESENT	PARTIAL_PRESENT	PARTIAL_PRESENT	title_n:PARTIAL_PRESENT	PARTIAL_GAP	Content coverage only; no Ozon ranking-weight claim.
1640251697	VARIANT::алатырь	алатырь из золота	EXACT_PRODUCT	PARTIAL_PRESENT	PARTIAL_PRESENT	PARTIAL_PRESENT	PARTIAL_PRESENT	title_n:PARTIAL_PRESENT	PARTIAL_GAP	Content coverage only; no Ozon ranking-weight claim.
1640251697	VARIANT::алатырь	алатырь кгига	EXACT_PRODUCT	PARTIAL_PRESENT	PARTIAL_PRESENT	PARTIAL_PRESENT	PARTIAL_PRESENT	title_n:PARTIAL_PRESENT	PARTIAL_GAP	Content coverage only; no Ozon ranking-weight claim.
1640251697	VARIANT::алатырь	алатырь п	EXACT_PRODUCT	SEMANTIC_PRESENT	SEMANTIC_PRESENT	SEMANTIC_PRESENT	SEMANTIC_PRESENT	title_n:SEMANTIC_PRESENT	NO_GAP	Content coverage only; no Ozon ranking-weight claim.
1640251697	VARIANT::алатырь	алатырь подве	EXACT_PRODUCT	PARTIAL_PRESENT	PARTIAL_PRESENT	PARTIAL_PRESENT	PARTIAL_PRESENT	title_n:PARTIAL_PRESENT	PARTIAL_GAP	Content coverage only; no Ozon ranking-weight claim.
1640251697	VARIANT::алатырь	алатырь пьютер	EXACT_PRODUCT	PARTIAL_PRESENT	PARTIAL_PRESENT	PARTIAL_PRESENT	PARTIAL_PRESENT	title_n:PARTIAL_PRESENT	PARTIAL_GAP	Content coverage only; no Ozon ranking-weight claim.
1640251697	VARIANT::алатырь	алатырь талисман	EXACT_PRODUCT	SEMANTIC_PRESENT	SEMANTIC_PRESENT	SEMANTIC_PRESENT	SEMANTIC_PRESENT	title_n:SEMANTIC_PRESENT	NO_GAP	Content coverage only; no Ozon ranking-weight claim.
1640251697	VARIANT::алатырь	алатырь штамп	EXACT_PRODUCT	PARTIAL_PRESENT	PARTIAL_PRESENT	PARTIAL_PRESENT	PARTIAL_PRESENT	title_n:PARTIAL_PRESENT	PARTIAL_GAP	Content coverage only; no Ozon ranking-weight claim.
1640251697	UNCLEAR::5a2238a060	алтырь деревянный большой	AMBIGUOUS_HOLD	ABSENT	ABSENT	ABSENT	ABSENT		GAP_PRESENT	Content coverage only; no Ozon ranking-weight claim.
1640251697	FAMILY::slavic	алтырь славянских богов	FAMILY_RELEVANT	ABSENT	ABSENT	PARTIAL_PRESENT	PARTIAL_PRESENT	attr_n:PARTIAL_PRESENT	GAP_PRESENT	Content coverage only; no Ozon ranking-weight claim.
1640251697	CLASS::amulet_pendant	амулет	GENERIC_RELEVANT	SEMANTIC_PRESENT	ABSENT	EXACT_PRESENT	EXACT_PRESENT	title_n:SEMANTIC_PRESENT	GAP_PRESENT	Content coverage only; no Ozon ranking-weight claim.
1640251697	USE::protection	амулеты обереги и талисманы	GENERIC_RELEVANT	SEMANTIC_PRESENT	ABSENT	EXACT_PRESENT	SEMANTIC_PRESENT	title_n:SEMANTIC_PRESENT	GAP_PRESENT	Content coverage only; no Ozon ranking-weight claim.
1640251697	USE::car_mirror	амулеты обереги и талисманы зеркалр	GENERIC_RELEVANT	ABSENT	ABSENT	ABSENT	ABSENT		GAP_PRESENT	Content coverage only; no Ozon ranking-weight claim.
1640251697	VARIANT::крест	армянский кругдый крест аревахач в машину на зеркало	EXACT_PRODUCT	PARTIAL_PRESENT	PARTIAL_PRESENT	PARTIAL_PRESENT	PARTIAL_PRESENT	title_n:PARTIAL_PRESENT	PARTIAL_GAP	Content coverage only; no Ozon ranking-weight claim.
1640251697	VARIANT::сварога	звезда сварога подвеска	EXACT_PRODUCT	PARTIAL_PRESENT	PARTIAL_PRESENT	SEMANTIC_PRESENT	SEMANTIC_PRESENT	title_n:PARTIAL_PRESENT	PARTIAL_GAP	Content coverage only; no Ozon ranking-weight claim.
1640251697	USE::car_mirror	зеркало подвеска	GENERIC_RELEVANT	SEMANTIC_PRESENT	ABSENT	SEMANTIC_PRESENT	SEMANTIC_PRESENT	title_n:SEMANTIC_PRESENT	GAP_PRESENT	Content coverage only; no Ozon ranking-weight claim.
1640251697	USE::car_mirror	зеркало с подвеской	GENERIC_RELEVANT	ABSENT	ABSENT	ABSENT	ABSENT		GAP_PRESENT	Content coverage only; no Ozon ranking-weight claim.
1640251697	UNCLEAR::38ea3863b2	коловрат	AMBIGUOUS_HOLD	ABSENT	ABSENT	ABSENT	ABSENT		GAP_PRESENT	Content coverage only; no Ozon ranking-weight claim.
1640251697	CLASS::amulet_pendant	коловрат подвеска	GENERIC_RELEVANT	ABSENT	ABSENT	ABSENT	ABSENT		GAP_PRESENT	Content coverage only; no Ozon ranking-weight claim.
1640251697	VARIANT::крест	крестик деревянный в машину	GENERIC_RELEVANT	ABSENT	ABSENT	ABSENT	ABSENT		GAP_PRESENT	Content coverage only; no Ozon ranking-weight claim.
1640251697	UNCLEAR::b8a7adaa98	мужчине на день рождения	AMBIGUOUS_HOLD	ABSENT	ABSENT	EXACT_PRESENT	ABSENT	attr_n:EXACT_PRESENT	GAP_PRESENT	Content coverage only; no Ozon ranking-weight claim.
1640251697	USE::protection	оберег	GENERIC_RELEVANT	EXACT_PRESENT	ABSENT	EXACT_PRESENT	EXACT_PRESENT	title_n:EXACT_PRESENT	GAP_PRESENT	Content coverage only; no Ozon ranking-weight claim.
1640251697	USE::car_mirror	оберег в машину	GENERIC_RELEVANT	SEMANTIC_PRESENT	ABSENT	SEMANTIC_PRESENT	SEMANTIC_PRESENT	title_n:SEMANTIC_PRESENT	GAP_PRESENT	Content coverage only; no Ozon ranking-weight claim.
1640251697	USE::protection	оберег для дома	GENERIC_RELEVANT	ABSENT	ABSENT	SEMANTIC_PRESENT	SEMANTIC_PRESENT	attr_n:SEMANTIC_PRESENT	GAP_PRESENT	Content coverage only; no Ozon ranking-weight claim.
1640251697	USE::protection	оберег от сглаза и порчи	GENERIC_RELEVANT	ABSENT	ABSENT	EXACT_PRESENT	SEMANTIC_PRESENT	attr_n:EXACT_PRESENT	GAP_PRESENT	Content coverage only; no Ozon ranking-weight claim.
1640251697	VARIANT::сварога	оберег сварога	EXACT_PRODUCT	SEMANTIC_PRESENT	SEMANTIC_PRESENT	SEMANTIC_PRESENT	SEMANTIC_PRESENT	title_n:SEMANTIC_PRESENT	NO_GAP	Content coverage only; no Ozon ranking-weight claim.
1640251697	USE::gift	подарок женщине	AMBIGUOUS_HOLD	ABSENT	ABSENT	SEMANTIC_PRESENT	SEMANTIC_PRESENT	attr_n:SEMANTIC_PRESENT	GAP_PRESENT	Content coverage only; no Ozon ranking-weight claim.
1640251697	USE::gift	подарок мужчине	AMBIGUOUS_HOLD	SEMANTIC_PRESENT	ABSENT	EXACT_PRESENT	SEMANTIC_PRESENT	title_n:SEMANTIC_PRESENT	GAP_PRESENT	Content coverage only; no Ozon ranking-weight claim.
1640251697	USE::gift	подарочный набор для женщин	AMBIGUOUS_HOLD	ABSENT	ABSENT	PARTIAL_PRESENT	PARTIAL_PRESENT	attr_n:PARTIAL_PRESENT	GAP_PRESENT	Content coverage only; no Ozon ranking-weight claim.
1640251697	USE::car_mirror	подвеска в машину	GENERIC_RELEVANT	SEMANTIC_PRESENT	ABSENT	EXACT_PRESENT	SEMANTIC_PRESENT	title_n:SEMANTIC_PRESENT	GAP_PRESENT	Content coverage only; no Ozon ranking-weight claim.
1640251697	USE::car_mirror	подвеска в машину на зеркало	GENERIC_RELEVANT	SEMANTIC_PRESENT	ABSENT	EXACT_PRESENT	SEMANTIC_PRESENT	title_n:SEMANTIC_PRESENT	GAP_PRESENT	Content coverage only; no Ozon ranking-weight claim.
1640251697	USE::car_mirror	подвеска в машину семья	GENERIC_RELEVANT	ABSENT	ABSENT	ABSENT	ABSENT		GAP_PRESENT	Content coverage only; no Ozon ranking-weight claim.
1640251697	USE::protection	подвеска мужская оберег	GENERIC_RELEVANT	ABSENT	ABSENT	SEMANTIC_PRESENT	ABSENT	attr_n:SEMANTIC_PRESENT	GAP_PRESENT	Content coverage only; no Ozon ranking-weight claim.
1640251697	USE::car_mirror	подвеска на зеркало в машину	GENERIC_RELEVANT	EXACT_PRESENT	ABSENT	EXACT_PRESENT	EXACT_PRESENT	title_n:EXACT_PRESENT	GAP_PRESENT	Content coverage only; no Ozon ranking-weight claim.
1640251697	USE::car_mirror	подвеска на зеркало для автомобиля	GENERIC_RELEVANT	ABSENT	ABSENT	SEMANTIC_PRESENT	SEMANTIC_PRESENT	attr_n:SEMANTIC_PRESENT	GAP_PRESENT	Content coverage only; no Ozon ranking-weight claim.
1640251697	FAMILY::slavic	славянские обереги	FAMILY_RELEVANT	SEMANTIC_PRESENT	ABSENT	EXACT_PRESENT	EXACT_PRESENT	title_n:SEMANTIC_PRESENT	GAP_PRESENT	Content coverage only; no Ozon ranking-weight claim.
1640251697	FAMILY::slavic	славянские обереги мужские на шею	FAMILY_RELEVANT	ABSENT	ABSENT	ABSENT	ABSENT		GAP_PRESENT	Content coverage only; no Ozon ranking-weight claim.
1640251697	FAMILY::slavic	славянскиеобереги	FAMILY_RELEVANT	ABSENT	ABSENT	ABSENT	ABSENT		GAP_PRESENT	Content coverage only; no Ozon ranking-weight claim.
1640251697	VARIANT::алатырь	славянский оберег мужской в автомобиль на зеркало алатырь	EXACT_PRODUCT	SEMANTIC_PRESENT	SEMANTIC_PRESENT	SEMANTIC_PRESENT	SEMANTIC_PRESENT	title_n:SEMANTIC_PRESENT	NO_GAP	Content coverage only; no Ozon ranking-weight claim.
1640251697	FAMILY::slavic	славянский оберег от сглаза для ребенка	FAMILY_RELEVANT	ABSENT	ABSENT	PARTIAL_PRESENT	PARTIAL_PRESENT	attr_n:PARTIAL_PRESENT	GAP_PRESENT	Content coverage only; no Ozon ranking-weight claim.
1640251697	FAMILY::slavic	славянский оберег подвеска солнце	FAMILY_RELEVANT	ABSENT	ABSENT	SEMANTIC_PRESENT	SEMANTIC_PRESENT	attr_n:SEMANTIC_PRESENT	GAP_PRESENT	Content coverage only; no Ozon ranking-weight claim.
1640251697	UNCLEAR::66ac86beae	эзотерика	AMBIGUOUS_HOLD	ABSENT	ABSENT	ABSENT	ABSENT		GAP_PRESENT	Content coverage only; no Ozon ranking-weight claim.
1640251697	CLASS::amulet_pendant	эзотерика украшения	GENERIC_RELEVANT	ABSENT	ABSENT	ABSENT	ABSENT		GAP_PRESENT	Content coverage only; no Ozon ranking-weight claim.
1640264403	USE::car_mirror	автооберег в машину	GENERIC_RELEVANT	ABSENT	ABSENT	ABSENT	ABSENT		GAP_PRESENT	Content coverage only; no Ozon ranking-weight claim.
1640264403	CLASS::amulet_pendant	амулет	GENERIC_RELEVANT	SEMANTIC_PRESENT	ABSENT	EXACT_PRESENT	EXACT_PRESENT	title_n:SEMANTIC_PRESENT	GAP_PRESENT	Content coverage only; no Ozon ranking-weight claim.
1640264403	USE::car_mirror	блестящий брелок в машину на зеркало ведьмочка	GENERIC_RELEVANT	ABSENT	ABSENT	ABSENT	ABSENT		GAP_PRESENT	Content coverage only; no Ozon ranking-weight claim.
1640264403	USE::car_mirror	брелок в машину на зеркало пушистики	GENERIC_RELEVANT	ABSENT	ABSENT	ABSENT	ABSENT		GAP_PRESENT	Content coverage only; no Ozon ranking-weight claim.
1640264403	USE::car_mirror	брелок летящий ангел в машину на зеркало	GENERIC_RELEVANT	ABSENT	ABSENT	ABSENT	ABSENT		GAP_PRESENT	Content coverage only; no Ozon ranking-weight claim.
1640264403	USE::car_mirror	бусина от сглаза на зеркало машины	GENERIC_RELEVANT	PARTIAL_PRESENT	ABSENT	SEMANTIC_PRESENT	SEMANTIC_PRESENT	title_n:PARTIAL_PRESENT	GAP_PRESENT	Content coverage only; no Ozon ranking-weight claim.
1640264403	USE::car_mirror	висюльки в машину на зеркало череп обезьяна	GENERIC_RELEVANT	ABSENT	ABSENT	ABSENT	ABSENT		GAP_PRESENT	Content coverage only; no Ozon ranking-weight claim.
1640264403	USE::protection	ворон оберег	GENERIC_RELEVANT	ABSENT	ABSENT	ABSENT	ABSENT		GAP_PRESENT	Content coverage only; no Ozon ranking-weight claim.
1640264403	VARIANT::триглав	вто триглав	EXACT_PRODUCT	PARTIAL_PRESENT	PARTIAL_PRESENT	PARTIAL_PRESENT	PARTIAL_PRESENT	title_n:PARTIAL_PRESENT	PARTIAL_GAP	Content coverage only; no Ozon ranking-weight claim.
1640264403	USE::car_mirror	дополнительные зеркала на учебную машину	GENERIC_RELEVANT	ABSENT	ABSENT	ABSENT	ABSENT		GAP_PRESENT	Content coverage only; no Ozon ranking-weight claim.
1640264403	USE::protection	дух оберег	GENERIC_RELEVANT	ABSENT	ABSENT	ABSENT	ABSENT		GAP_PRESENT	Content coverage only; no Ozon ranking-weight claim.
1640264403	USE::car_mirror	зеркало обгона для праворуких машин	GENERIC_RELEVANT	PARTIAL_PRESENT	ABSENT	PARTIAL_PRESENT	PARTIAL_PRESENT	title_n:PARTIAL_PRESENT	GAP_PRESENT	Content coverage only; no Ozon ranking-weight claim.
1640264403	CLASS::amulet_pendant	из дерева подвеска	GENERIC_RELEVANT	ABSENT	ABSENT	ABSENT	ABSENT		GAP_PRESENT	Content coverage only; no Ozon ranking-weight claim.
1640264403	UNCLEAR::38ea3863b2	коловрат	AMBIGUOUS_HOLD	ABSENT	ABSENT	ABSENT	ABSENT		GAP_PRESENT	Content coverage only; no Ozon ranking-weight claim.
1640264403	UNCLEAR::7793eb4275	комплект	AMBIGUOUS_HOLD	ABSENT	ABSENT	ABSENT	ABSENT		GAP_PRESENT	Content coverage only; no Ozon ranking-weight claim.
1640264403	CLASS::amulet_pendant	купить амулет	GENERIC_RELEVANT	SEMANTIC_PRESENT	ABSENT	SEMANTIC_PRESENT	SEMANTIC_PRESENT	title_n:SEMANTIC_PRESENT	GAP_PRESENT	Content coverage only; no Ozon ranking-weight claim.
1640264403	USE::car_mirror	на зеркало автомобиля подвеска красная	GENERIC_RELEVANT	ABSENT	ABSENT	PARTIAL_PRESENT	PARTIAL_PRESENT	attr_n:PARTIAL_PRESENT	GAP_PRESENT	Content coverage only; no Ozon ranking-weight claim.
1640264403	UNCLEAR::6b5297fb6c	набор	AMBIGUOUS_HOLD	SEMANTIC_PRESENT	ABSENT	SEMANTIC_PRESENT	SEMANTIC_PRESENT	title_n:SEMANTIC_PRESENT	GAP_PRESENT	Content coverage only; no Ozon ranking-weight claim.
1640264403	UNCLEAR::83914629f5	набор для творчества	AMBIGUOUS_HOLD	ABSENT	ABSENT	ABSENT	ABSENT		GAP_PRESENT	Content coverage only; no Ozon ranking-weight claim.
1640264403	USE::car_mirror	о.берег в машину	GENERIC_RELEVANT	ABSENT	ABSENT	ABSENT	ABSENT		GAP_PRESENT	Content coverage only; no Ozon ranking-weight claim.
1640264403	USE::protection	оберег	GENERIC_RELEVANT	EXACT_PRESENT	ABSENT	EXACT_PRESENT	EXACT_PRESENT	title_n:EXACT_PRESENT	GAP_PRESENT	Content coverage only; no Ozon ranking-weight claim.
1640264403	USE::car_mirror	оберег в машину	GENERIC_RELEVANT	SEMANTIC_PRESENT	ABSENT	EXACT_PRESENT	EXACT_PRESENT	title_n:SEMANTIC_PRESENT	GAP_PRESENT	Content coverage only; no Ozon ranking-weight claim.
1640264403	USE::car_mirror	оберег в машину женский	GENERIC_RELEVANT	ABSENT	ABSENT	ABSENT	ABSENT		GAP_PRESENT	Content coverage only; no Ozon ranking-weight claim.
1640264403	USE::car_mirror	оберег в машину колаврат	GENERIC_RELEVANT	ABSENT	ABSENT	ABSENT	ABSENT		GAP_PRESENT	Content coverage only; no Ozon ranking-weight claim.
1640264403	USE::car_mirror	оберег в машину на зеркало женский	GENERIC_RELEVANT	ABSENT	ABSENT	ABSENT	ABSENT		GAP_PRESENT	Content coverage only; no Ozon ranking-weight claim.
1640264403	FAMILY::slavic	оберег в машину славянский	FAMILY_RELEVANT	SEMANTIC_PRESENT	ABSENT	SEMANTIC_PRESENT	SEMANTIC_PRESENT	title_n:SEMANTIC_PRESENT	GAP_PRESENT	Content coverage only; no Ozon ranking-weight claim.
1640264403	FAMILY::slavic	оберег в машину славянский на деньги	FAMILY_RELEVANT	ABSENT	ABSENT	ABSENT	ABSENT		GAP_PRESENT	Content coverage only; no Ozon ranking-weight claim.
1640264403	USE::car_mirror	оберег для авто	GENERIC_RELEVANT	SEMANTIC_PRESENT	ABSENT	SEMANTIC_PRESENT	SEMANTIC_PRESENT	title_n:SEMANTIC_PRESENT	GAP_PRESENT	Content coverage only; no Ozon ranking-weight claim.
1640264403	USE::protection	оберег от сглаза и порчи	GENERIC_RELEVANT	ABSENT	ABSENT	EXACT_PRESENT	PARTIAL_PRESENT	attr_n:EXACT_PRESENT	GAP_PRESENT	Content coverage only; no Ozon ranking-weight claim.
1640264403	USE::protection	обереготсглаза	GENERIC_RELEVANT	ABSENT	ABSENT	EXACT_PRESENT	ABSENT	attr_n:EXACT_PRESENT	GAP_PRESENT	Content coverage only; no Ozon ranking-weight claim.
1640264403	USE::protection	от сглаза	GENERIC_RELEVANT	ABSENT	ABSENT	EXACT_PRESENT	SEMANTIC_PRESENT	attr_n:EXACT_PRESENT	GAP_PRESENT	Content coverage only; no Ozon ranking-weight claim.
1640264403	USE::car_mirror	пахучка в машину висюлька на зеркало бумажная	GENERIC_RELEVANT	ABSENT	ABSENT	ABSENT	ABSENT		GAP_PRESENT	Content coverage only; no Ozon ranking-weight claim.
1640264403	USE::protection	перуница оберег	GENERIC_RELEVANT	ABSENT	ABSENT	ABSENT	ABSENT		GAP_PRESENT	Content coverage only; no Ozon ranking-weight claim.
1640264403	USE::gift	подарок	AMBIGUOUS_HOLD	SEMANTIC_PRESENT	ABSENT	EXACT_PRESENT	SEMANTIC_PRESENT	title_n:SEMANTIC_PRESENT	GAP_PRESENT	Content coverage only; no Ozon ranking-weight claim.
1640264403	CLASS::amulet_pendant	подвеска в виде бесконечности	GENERIC_RELEVANT	ABSENT	ABSENT	SEMANTIC_PRESENT	SEMANTIC_PRESENT	attr_n:SEMANTIC_PRESENT	GAP_PRESENT	Content coverage only; no Ozon ranking-weight claim.
1640264403	USE::car_mirror	подвеска в машину	GENERIC_RELEVANT	SEMANTIC_PRESENT	ABSENT	EXACT_PRESENT	SEMANTIC_PRESENT	title_n:SEMANTIC_PRESENT	GAP_PRESENT	Content coverage only; no Ozon ranking-weight claim.
1640264403	USE::car_mirror	подвеска в машину на зеркало	GENERIC_RELEVANT	SEMANTIC_PRESENT	ABSENT	EXACT_PRESENT	SEMANTIC_PRESENT	title_n:SEMANTIC_PRESENT	GAP_PRESENT	Content coverage only; no Ozon ranking-weight claim.
1640264403	USE::car_mirror	подвеска в машину на зеркало коловрат	GENERIC_RELEVANT	ABSENT	ABSENT	ABSENT	ABSENT		GAP_PRESENT	Content coverage only; no Ozon ranking-weight claim.
1640264403	USE::car_mirror	подвеска в машину на зеркало мусульманская сердечка	GENERIC_RELEVANT	ABSENT	ABSENT	ABSENT	ABSENT		GAP_PRESENT	Content coverage only; no Ozon ranking-weight claim.
1640264403	USE::car_mirror	подвеска в машину на зеркало оберег	GENERIC_RELEVANT	SEMANTIC_PRESENT	ABSENT	SEMANTIC_PRESENT	SEMANTIC_PRESENT	title_n:SEMANTIC_PRESENT	GAP_PRESENT	Content coverage only; no Ozon ranking-weight claim.
1640264403	USE::car_mirror	подвеска в машину на зеркало руна	GENERIC_RELEVANT	ABSENT	ABSENT	ABSENT	ABSENT		GAP_PRESENT	Content coverage only; no Ozon ranking-weight claim.
1640264403	USE::car_mirror	подвеска на зеркало авто валенки	GENERIC_RELEVANT	ABSENT	ABSENT	ABSENT	ABSENT		GAP_PRESENT	Content coverage only; no Ozon ranking-weight claim.
1640264403	USE::car_mirror	подвеска на зеркало в машину	GENERIC_RELEVANT	EXACT_PRESENT	ABSENT	EXACT_PRESENT	EXACT_PRESENT	title_n:EXACT_PRESENT	GAP_PRESENT	Content coverage only; no Ozon ranking-weight claim.
1640264403	USE::car_mirror	подвеска на зеркало в машину купола	GENERIC_RELEVANT	ABSENT	ABSENT	ABSENT	ABSENT		GAP_PRESENT	Content coverage only; no Ozon ranking-weight claim.
1640264403	USE::car_mirror	подвеска на зеркало машины лапа тигра	GENERIC_RELEVANT	PARTIAL_PRESENT	ABSENT	PARTIAL_PRESENT	PARTIAL_PRESENT	title_n:PARTIAL_PRESENT	GAP_PRESENT	Content coverage only; no Ozon ranking-weight claim.
1640264403	USE::protection	подвеска от сглаза	GENERIC_RELEVANT	ABSENT	ABSENT	SEMANTIC_PRESENT	SEMANTIC_PRESENT	attr_n:SEMANTIC_PRESENT	GAP_PRESENT	Content coverage only; no Ozon ranking-weight claim.
1640264403	USE::car_mirror	пушистая игрушка в машину на зеркало котенок	GENERIC_RELEVANT	ABSENT	ABSENT	ABSENT	ABSENT		GAP_PRESENT	Content coverage only; no Ozon ranking-weight claim.
1640264403	FAMILY::slavic	славянская подвеска оберег	FAMILY_RELEVANT	SEMANTIC_PRESENT	ABSENT	SEMANTIC_PRESENT	SEMANTIC_PRESENT	title_n:SEMANTIC_PRESENT	GAP_PRESENT	Content coverage only; no Ozon ranking-weight claim.
1640264403	FAMILY::slavic	славянские обереги	FAMILY_RELEVANT	SEMANTIC_PRESENT	ABSENT	EXACT_PRESENT	EXACT_PRESENT	title_n:SEMANTIC_PRESENT	GAP_PRESENT	Content coverage only; no Ozon ranking-weight claim.
1640264403	FAMILY::slavic	славянские украшения	FAMILY_RELEVANT	SEMANTIC_PRESENT	ABSENT	SEMANTIC_PRESENT	SEMANTIC_PRESENT	title_n:SEMANTIC_PRESENT	GAP_PRESENT	Content coverage only; no Ozon ranking-weight claim.
1640264403	FAMILY::slavic	славянские чуры	FAMILY_RELEVANT	ABSENT	ABSENT	ABSENT	ABSENT		GAP_PRESENT	Content coverage only; no Ozon ranking-weight claim.
1640264403	USE::car_mirror	талисман в машину	GENERIC_RELEVANT	SEMANTIC_PRESENT	ABSENT	EXACT_PRESENT	EXACT_PRESENT	title_n:SEMANTIC_PRESENT	GAP_PRESENT	Content coverage only; no Ozon ranking-weight claim.
1640264403	VARIANT::триглав	триглав	EXACT_PRODUCT	EXACT_PRESENT	EXACT_PRESENT	EXACT_PRESENT	EXACT_PRESENT	title_n:EXACT_PRESENT	NO_GAP	Content coverage only; no Ozon ranking-weight claim.
1640264403	USE::car_mirror	четки в машину на зеркало	GENERIC_RELEVANT	SEMANTIC_PRESENT	ABSENT	SEMANTIC_PRESENT	SEMANTIC_PRESENT	title_n:SEMANTIC_PRESENT	GAP_PRESENT	Content coverage only; no Ozon ranking-weight claim.
1640264403	USE::protection	четки оберег	GENERIC_RELEVANT	SEMANTIC_PRESENT	ABSENT	SEMANTIC_PRESENT	SEMANTIC_PRESENT	title_n:SEMANTIC_PRESENT	GAP_PRESENT	Content coverage only; no Ozon ranking-weight claim.
1640276582	USE::car_mirror	автоподвеска мужска	GENERIC_RELEVANT	ABSENT	ABSENT	PARTIAL_PRESENT	ABSENT	attr_n:PARTIAL_PRESENT	GAP_PRESENT	Content coverage only; no Ozon ranking-weight claim.
1640276582	USE::car_mirror	брелок в машину на зеркало пушистики	GENERIC_RELEVANT	ABSENT	ABSENT	ABSENT	ABSENT		GAP_PRESENT	Content coverage only; no Ozon ranking-weight claim.
1640276582	USE::car_mirror	брелок в машину на зеркало я свободен	GENERIC_RELEVANT	ABSENT	ABSENT	ABSENT	ABSENT		GAP_PRESENT	Content coverage only; no Ozon ranking-weight claim.
1640276582	FAMILY::slavic	брелок на авто славянская на зеркало	FAMILY_RELEVANT	PARTIAL_PRESENT	ABSENT	PARTIAL_PRESENT	PARTIAL_PRESENT	title_n:PARTIAL_PRESENT	GAP_PRESENT	Content coverage only; no Ozon ranking-weight claim.
1640276582	USE::car_mirror	бусина от сглаза на зеркало машины	GENERIC_RELEVANT	PARTIAL_PRESENT	ABSENT	SEMANTIC_PRESENT	SEMANTIC_PRESENT	title_n:PARTIAL_PRESENT	GAP_PRESENT	Content coverage only; no Ozon ranking-weight claim.
1640276582	UNCLEAR::1279bfd1ef	бусины акриловые народные	AMBIGUOUS_HOLD	ABSENT	ABSENT	PARTIAL_PRESENT	PARTIAL_PRESENT	attr_n:PARTIAL_PRESENT	GAP_PRESENT	Content coverage only; no Ozon ranking-weight claim.
1640276582	USE::protection	бусины акриловые от сглаза 12мм	GENERIC_RELEVANT	ABSENT	ABSENT	PARTIAL_PRESENT	PARTIAL_PRESENT	attr_n:PARTIAL_PRESENT	GAP_PRESENT	Content coverage only; no Ozon ranking-weight claim.
1640276582	USE::car_mirror	бусины в машину	GENERIC_RELEVANT	ABSENT	ABSENT	SEMANTIC_PRESENT	SEMANTIC_PRESENT	attr_n:SEMANTIC_PRESENT	GAP_PRESENT	Content coverage only; no Ozon ranking-weight claim.
1640276582	UNCLEAR::e0c98e992d	бусины символ дерева 8 мм	AMBIGUOUS_HOLD	ABSENT	ABSENT	PARTIAL_PRESENT	PARTIAL_PRESENT	attr_n:PARTIAL_PRESENT	GAP_PRESENT	Content coverage only; no Ozon ranking-weight claim.
1640276582	USE::car_mirror	в автомобиль подвеска	GENERIC_RELEVANT	SEMANTIC_PRESENT	ABSENT	SEMANTIC_PRESENT	SEMANTIC_PRESENT	title_n:SEMANTIC_PRESENT	GAP_PRESENT	Content coverage only; no Ozon ranking-weight claim.
1640276582	CLASS::amulet_pendant	викинские амулет	GENERIC_RELEVANT	ABSENT	ABSENT	ABSENT	ABSENT		GAP_PRESENT	Content coverage only; no Ozon ranking-weight claim.
1640276582	USE::car_mirror	дюрекс наклейка на машину	GENERIC_RELEVANT	ABSENT	ABSENT	ABSENT	ABSENT		GAP_PRESENT	Content coverage only; no Ozon ranking-weight claim.
1640276582	FAMILY::slavic	западные славянские обереги	FAMILY_RELEVANT	ABSENT	ABSENT	ABSENT	ABSENT		GAP_PRESENT	Content coverage only; no Ozon ranking-weight claim.
1640276582	USE::car_mirror	зеркало маржены	GENERIC_RELEVANT	ABSENT	ABSENT	ABSENT	ABSENT		GAP_PRESENT	Content coverage only; no Ozon ranking-weight claim.
1640276582	USE::car_mirror	зеркало шамана	GENERIC_RELEVANT	ABSENT	ABSENT	ABSENT	ABSENT		GAP_PRESENT	Content coverage only; no Ozon ranking-weight claim.
1640276582	USE::car_mirror	зеркальные обереги	GENERIC_RELEVANT	ABSENT	ABSENT	ABSENT	ABSENT		GAP_PRESENT	Content coverage only; no Ozon ranking-weight claim.
1640276582	USE::car_mirror	зеркальный амулет	GENERIC_RELEVANT	ABSENT	ABSENT	ABSENT	ABSENT		GAP_PRESENT	Content coverage only; no Ozon ranking-weight claim.
1640276582	FAMILY::slavic	коловрат оберег славянские мужские	FAMILY_RELEVANT	ABSENT	ABSENT	ABSENT	ABSENT		GAP_PRESENT	Content coverage only; no Ozon ranking-weight claim.
1640276582	VARIANT::ратиборец	кольцо ратиборец	EXACT_PRODUCT	PARTIAL_PRESENT	PARTIAL_PRESENT	PARTIAL_PRESENT	PARTIAL_PRESENT	title_n:PARTIAL_PRESENT	PARTIAL_GAP	Content coverage only; no Ozon ranking-weight claim.
1640276582	FAMILY::slavic	кулон славянские	FAMILY_RELEVANT	ABSENT	ABSENT	ABSENT	ABSENT		GAP_PRESENT	Content coverage only; no Ozon ranking-weight claim.
1640276582	USE::protection	кулоны обереги	GENERIC_RELEVANT	ABSENT	ABSENT	ABSENT	ABSENT		GAP_PRESENT	Content coverage only; no Ozon ranking-weight claim.
1640276582	USE::car_mirror	на зеркало подвеска автомобиля	GENERIC_RELEVANT	ABSENT	ABSENT	SEMANTIC_PRESENT	SEMANTIC_PRESENT	attr_n:SEMANTIC_PRESENT	GAP_PRESENT	Content coverage only; no Ozon ranking-weight claim.
1640276582	USE::car_mirror	на зеркало украшение в машину	GENERIC_RELEVANT	SEMANTIC_PRESENT	ABSENT	SEMANTIC_PRESENT	SEMANTIC_PRESENT	title_n:SEMANTIC_PRESENT	GAP_PRESENT	Content coverage only; no Ozon ranking-weight claim.
1640276582	USE::car_mirror	на присоске в машину жезл оберег	GENERIC_RELEVANT	ABSENT	ABSENT	ABSENT	ABSENT		GAP_PRESENT	Content coverage only; no Ozon ranking-weight claim.
1640276582	USE::car_mirror	набор автомобилиста	GENERIC_RELEVANT	ABSENT	ABSENT	SEMANTIC_PRESENT	SEMANTIC_PRESENT	attr_n:SEMANTIC_PRESENT	GAP_PRESENT	Content coverage only; no Ozon ranking-weight claim.
1640276582	UNCLEAR::83914629f5	набор для творчества	AMBIGUOUS_HOLD	ABSENT	ABSENT	ABSENT	ABSENT		GAP_PRESENT	Content coverage only; no Ozon ranking-weight claim.
1640276582	USE::protection	оберег	GENERIC_RELEVANT	EXACT_PRESENT	ABSENT	EXACT_PRESENT	EXACT_PRESENT	title_n:EXACT_PRESENT	GAP_PRESENT	Content coverage only; no Ozon ranking-weight claim.
1640276582	USE::car_mirror	оберег автомобильный	GENERIC_RELEVANT	SEMANTIC_PRESENT	ABSENT	SEMANTIC_PRESENT	SEMANTIC_PRESENT	title_n:SEMANTIC_PRESENT	GAP_PRESENT	Content coverage only; no Ozon ranking-weight claim.
1640276582	USE::car_mirror	оберег в машину на зеркало из кожи	GENERIC_RELEVANT	ABSENT	ABSENT	ABSENT	ABSENT		GAP_PRESENT	Content coverage only; no Ozon ranking-weight claim.
1640276582	USE::car_mirror	оберег для автомобиля для автомобиля	GENERIC_RELEVANT	ABSENT	ABSENT	SEMANTIC_PRESENT	SEMANTIC_PRESENT	attr_n:SEMANTIC_PRESENT	GAP_PRESENT	Content coverage only; no Ozon ranking-weight claim.
1640276582	USE::protection	оберег от сглаза и порчи	GENERIC_RELEVANT	ABSENT	ABSENT	EXACT_PRESENT	SEMANTIC_PRESENT	attr_n:EXACT_PRESENT	GAP_PRESENT	Content coverage only; no Ozon ranking-weight claim.
1640276582	USE::protection	оберег право	GENERIC_RELEVANT	ABSENT	ABSENT	SEMANTIC_PRESENT	SEMANTIC_PRESENT	attr_n:SEMANTIC_PRESENT	GAP_PRESENT	Content coverage only; no Ozon ranking-weight claim.
1640276582	USE::protection	обереготсглаза	GENERIC_RELEVANT	ABSENT	ABSENT	EXACT_PRESENT	ABSENT	attr_n:EXACT_PRESENT	GAP_PRESENT	Content coverage only; no Ozon ranking-weight claim.
1640276582	USE::protection	от сглаза	GENERIC_RELEVANT	ABSENT	ABSENT	EXACT_PRESENT	SEMANTIC_PRESENT	attr_n:EXACT_PRESENT	GAP_PRESENT	Content coverage only; no Ozon ranking-weight claim.
1640276582	USE::gift	подарок	AMBIGUOUS_HOLD	SEMANTIC_PRESENT	ABSENT	EXACT_PRESENT	SEMANTIC_PRESENT	title_n:SEMANTIC_PRESENT	GAP_PRESENT	Content coverage only; no Ozon ranking-weight claim.
1640276582	USE::gift	подарок мужу	AMBIGUOUS_HOLD	SEMANTIC_PRESENT	ABSENT	EXACT_PRESENT	SEMANTIC_PRESENT	title_n:SEMANTIC_PRESENT	GAP_PRESENT	Content coverage only; no Ozon ranking-weight claim.
1640276582	USE::gift	подарок мужчине	AMBIGUOUS_HOLD	SEMANTIC_PRESENT	ABSENT	EXACT_PRESENT	SEMANTIC_PRESENT	title_n:SEMANTIC_PRESENT	GAP_PRESENT	Content coverage only; no Ozon ranking-weight claim.
1640276582	USE::gift	подарочный набор для мужчин	AMBIGUOUS_HOLD	ABSENT	ABSENT	PARTIAL_PRESENT	PARTIAL_PRESENT	attr_n:PARTIAL_PRESENT	GAP_PRESENT	Content coverage only; no Ozon ranking-weight claim.
1640276582	CLASS::amulet_pendant	подвеска	GENERIC_RELEVANT	EXACT_PRESENT	ABSENT	EXACT_PRESENT	EXACT_PRESENT	title_n:EXACT_PRESENT	GAP_PRESENT	Content coverage only; no Ozon ranking-weight claim.
1640276582	USE::car_mirror	подвеска в машину	GENERIC_RELEVANT	SEMANTIC_PRESENT	ABSENT	EXACT_PRESENT	SEMANTIC_PRESENT	title_n:SEMANTIC_PRESENT	GAP_PRESENT	Content coverage only; no Ozon ranking-weight claim.
1640276582	USE::car_mirror	подвеска в машину на зеркало а	GENERIC_RELEVANT	SEMANTIC_PRESENT	ABSENT	SEMANTIC_PRESENT	SEMANTIC_PRESENT	title_n:SEMANTIC_PRESENT	GAP_PRESENT	Content coverage only; no Ozon ranking-weight claim.
1640276582	USE::car_mirror	подвеска в машину на зеркало ма ка крик	GENERIC_RELEVANT	ABSENT	ABSENT	ABSENT	ABSENT		GAP_PRESENT	Content coverage only; no Ozon ranking-weight claim.
1640276582	USE::car_mirror	подвеска в машину на зеркало мужская евгений	GENERIC_RELEVANT	ABSENT	ABSENT	PARTIAL_PRESENT	ABSENT	attr_n:PARTIAL_PRESENT	GAP_PRESENT	Content coverage only; no Ozon ranking-weight claim.
1640276582	USE::car_mirror	подвеска в машину на зеркало питбуль	GENERIC_RELEVANT	ABSENT	ABSENT	ABSENT	ABSENT		GAP_PRESENT	Content coverage only; no Ozon ranking-weight claim.
1640276582	USE::car_mirror	подвеска в машину наррд	GENERIC_RELEVANT	ABSENT	ABSENT	ABSENT	ABSENT		GAP_PRESENT	Content coverage only; no Ozon ranking-weight claim.
1640276582	USE::car_mirror	подвеска на зеркало в машину	GENERIC_RELEVANT	EXACT_PRESENT	ABSENT	EXACT_PRESENT	EXACT_PRESENT	title_n:EXACT_PRESENT	GAP_PRESENT	Content coverage only; no Ozon ranking-weight claim.
1640276582	USE::protection	подвеска на удачу	GENERIC_RELEVANT	ABSENT	ABSENT	ABSENT	ABSENT		GAP_PRESENT	Content coverage only; no Ozon ranking-weight claim.
1640276582	FAMILY::slavic	подвеска славянская	FAMILY_RELEVANT	SEMANTIC_PRESENT	ABSENT	SEMANTIC_PRESENT	SEMANTIC_PRESENT	title_n:SEMANTIC_PRESENT	GAP_PRESENT	Content coverage only; no Ozon ranking-weight claim.
1640276582	FAMILY::slavic	руны славянские	FAMILY_RELEVANT	ABSENT	ABSENT	ABSENT	ABSENT		GAP_PRESENT	Content coverage only; no Ozon ranking-weight claim.
1640276582	FAMILY::slavic	славянские обереги	FAMILY_RELEVANT	SEMANTIC_PRESENT	ABSENT	EXACT_PRESENT	SEMANTIC_PRESENT	title_n:SEMANTIC_PRESENT	GAP_PRESENT	Content coverage only; no Ozon ranking-weight claim.
1640276582	FAMILY::slavic	славянскиеобереги	FAMILY_RELEVANT	ABSENT	ABSENT	ABSENT	ABSENT		GAP_PRESENT	Content coverage only; no Ozon ranking-weight claim.
1640276582	FAMILY::slavic	славянский оберег	FAMILY_RELEVANT	EXACT_PRESENT	ABSENT	EXACT_PRESENT	EXACT_PRESENT	title_n:EXACT_PRESENT	GAP_PRESENT	Content coverage only; no Ozon ranking-weight claim.
1640276582	FAMILY::slavic	славянское	FAMILY_RELEVANT	SEMANTIC_PRESENT	ABSENT	SEMANTIC_PRESENT	SEMANTIC_PRESENT	title_n:SEMANTIC_PRESENT	GAP_PRESENT	Content coverage only; no Ozon ranking-weight claim.
1640276582	USE::car_mirror	стильная подвеска в машину на зеркало	GENERIC_RELEVANT	ABSENT	ABSENT	ABSENT	ABSENT		GAP_PRESENT	Content coverage only; no Ozon ranking-weight claim.
1640276582	UNCLEAR::93fa05c75a	хобби	AMBIGUOUS_HOLD	ABSENT	ABSENT	ABSENT	ABSENT		GAP_PRESENT	Content coverage only; no Ozon ranking-weight claim.
1640276582	USE::car_mirror	четки в машине	GENERIC_RELEVANT	SEMANTIC_PRESENT	ABSENT	SEMANTIC_PRESENT	SEMANTIC_PRESENT	title_n:SEMANTIC_PRESENT	GAP_PRESENT	Content coverage only; no Ozon ranking-weight claim.
1640276582	USE::car_mirror	четки в машину на зеркало красные	GENERIC_RELEVANT	ABSENT	ABSENT	ABSENT	ABSENT		GAP_PRESENT	Content coverage only; no Ozon ranking-weight claim.
1640276582	FAMILY::slavic	четки на стекло славянские	FAMILY_RELEVANT	ABSENT	ABSENT	ABSENT	ABSENT		GAP_PRESENT	Content coverage only; no Ozon ranking-weight claim.
1640306007	USE::car_mirror	аксессуары в машину подвесаа зеркал барабан	GENERIC_RELEVANT	ABSENT	ABSENT	ABSENT	ABSENT		GAP_PRESENT	Content coverage only; no Ozon ranking-weight claim.
1640306007	CLASS::amulet_pendant	амулет	GENERIC_RELEVANT	SEMANTIC_PRESENT	ABSENT	EXACT_PRESENT	EXACT_PRESENT	title_n:SEMANTIC_PRESENT	GAP_PRESENT	Content coverage only; no Ozon ranking-weight claim.
1640306007	USE::car_mirror	амулет от сглаза в машину на зеркало	GENERIC_RELEVANT	ABSENT	ABSENT	SEMANTIC_PRESENT	SEMANTIC_PRESENT	attr_n:SEMANTIC_PRESENT	GAP_PRESENT	Content coverage only; no Ozon ranking-weight claim.
1640306007	USE::car_mirror	амулет с зеркалом подвеска	GENERIC_RELEVANT	ABSENT	ABSENT	ABSENT	ABSENT		GAP_PRESENT	Content coverage only; no Ozon ranking-weight claim.
1640306007	CLASS::amulet_pendant	амулеты коло	GENERIC_RELEVANT	ABSENT	ABSENT	ABSENT	ABSENT		GAP_PRESENT	Content coverage only; no Ozon ranking-weight claim.
1640306007	USE::protection	амулеты обереги и талисманы	GENERIC_RELEVANT	SEMANTIC_PRESENT	ABSENT	EXACT_PRESENT	SEMANTIC_PRESENT	title_n:SEMANTIC_PRESENT	GAP_PRESENT	Content coverage only; no Ozon ranking-weight claim.
1640306007	USE::protection	амулеты обереги и талисманы дерево	GENERIC_RELEVANT	SEMANTIC_PRESENT	ABSENT	SEMANTIC_PRESENT	SEMANTIC_PRESENT	title_n:SEMANTIC_PRESENT	GAP_PRESENT	Content coverage only; no Ozon ranking-weight claim.
1640306007	USE::car_mirror	брелок в машину для девушки на зеркало	GENERIC_RELEVANT	ABSENT	ABSENT	ABSENT	ABSENT		GAP_PRESENT	Content coverage only; no Ozon ranking-weight claim.
1640306007	VARIANT::молвинец	брелок для ключей молвинец	EXACT_PRODUCT	PARTIAL_PRESENT	PARTIAL_PRESENT	PARTIAL_PRESENT	PARTIAL_PRESENT	title_n:PARTIAL_PRESENT	PARTIAL_GAP	Content coverage only; no Ozon ranking-weight claim.
1640306007	USE::car_mirror	бусина от сглаза на зеркало машины	GENERIC_RELEVANT	PARTIAL_PRESENT	ABSENT	SEMANTIC_PRESENT	SEMANTIC_PRESENT	title_n:PARTIAL_PRESENT	GAP_PRESENT	Content coverage only; no Ozon ranking-weight claim.
1640306007	UNCLEAR::099dd10930	бусины акрил с рунами	AMBIGUOUS_HOLD	ABSENT	ABSENT	PARTIAL_PRESENT	PARTIAL_PRESENT	attr_n:PARTIAL_PRESENT	GAP_PRESENT	Content coverage only; no Ozon ranking-weight claim.
1640306007	FAMILY::slavic	бусины славянский	FAMILY_RELEVANT	ABSENT	ABSENT	SEMANTIC_PRESENT	SEMANTIC_PRESENT	attr_n:SEMANTIC_PRESENT	GAP_PRESENT	Content coverage only; no Ozon ranking-weight claim.
1640306007	USE::car_mirror	в машину подвестка на зеркало красивая	GENERIC_RELEVANT	ABSENT	ABSENT	ABSENT	ABSENT		GAP_PRESENT	Content coverage only; no Ozon ranking-weight claim.
1640306007	USE::car_mirror	висюлька на зеркало в машину ароматизатор мазда	GENERIC_RELEVANT	ABSENT	ABSENT	ABSENT	ABSENT		GAP_PRESENT	Content coverage only; no Ozon ranking-weight claim.
1640306007	UNCLEAR::da4941eeb7	деревянный амуле	AMBIGUOUS_HOLD	ABSENT	ABSENT	ABSENT	ABSENT		GAP_PRESENT	Content coverage only; no Ozon ranking-weight claim.
1640306007	USE::protection	домовенок в тележке оберег	GENERIC_RELEVANT	ABSENT	ABSENT	ABSENT	ABSENT		GAP_PRESENT	Content coverage only; no Ozon ranking-weight claim.
1640306007	FAMILY::slavic	древние славяне творчество	FAMILY_RELEVANT	ABSENT	ABSENT	PARTIAL_PRESENT	PARTIAL_PRESENT	attr_n:PARTIAL_PRESENT	GAP_PRESENT	Content coverage only; no Ozon ranking-weight claim.
1640306007	UNCLEAR::6fbfc0a85d	духи	AMBIGUOUS_HOLD	ABSENT	ABSENT	ABSENT	ABSENT		GAP_PRESENT	Content coverage only; no Ozon ranking-weight claim.
1640306007	USE::car_mirror	еврейская заезда подвеска в машину	GENERIC_RELEVANT	ABSENT	ABSENT	ABSENT	ABSENT		GAP_PRESENT	Content coverage only; no Ozon ranking-weight claim.
1640306007	USE::car_mirror	зеркало	GENERIC_RELEVANT	EXACT_PRESENT	ABSENT	EXACT_PRESENT	EXACT_PRESENT	title_n:EXACT_PRESENT	GAP_PRESENT	Content coverage only; no Ozon ranking-weight claim.
1640306007	FAMILY::slavic	интерьер в славянском	FAMILY_RELEVANT	PARTIAL_PRESENT	ABSENT	SEMANTIC_PRESENT	SEMANTIC_PRESENT	title_n:PARTIAL_PRESENT	GAP_PRESENT	Content coverage only; no Ozon ranking-weight claim.
1640306007	UNCLEAR::38ea3863b2	коловрат	AMBIGUOUS_HOLD	ABSENT	ABSENT	ABSENT	ABSENT		GAP_PRESENT	Content coverage only; no Ozon ranking-weight claim.
1640306007	FAMILY::slavic	коловрат славянский	FAMILY_RELEVANT	ABSENT	ABSENT	ABSENT	ABSENT		GAP_PRESENT	Content coverage only; no Ozon ranking-weight claim.
1640306007	USE::car_mirror	красивая подвеска в машину для	GENERIC_RELEVANT	ABSENT	ABSENT	ABSENT	ABSENT		GAP_PRESENT	Content coverage only; no Ozon ranking-weight claim.
1640306007	USE::car_mirror	крестик в машину на зеркало освященный дивеево	GENERIC_RELEVANT	ABSENT	ABSENT	ABSENT	ABSENT		GAP_PRESENT	Content coverage only; no Ozon ranking-weight claim.
1640306007	VARIANT::молвинец	магический амулет , молвинец оберег	EXACT_PRODUCT	PARTIAL_PRESENT	PARTIAL_PRESENT	PARTIAL_PRESENT	PARTIAL_PRESENT	title_n:PARTIAL_PRESENT	PARTIAL_GAP	Content coverage only; no Ozon ranking-weight claim.
1640306007	VARIANT::молвинец	молвинец в	EXACT_PRODUCT	SEMANTIC_PRESENT	SEMANTIC_PRESENT	SEMANTIC_PRESENT	SEMANTIC_PRESENT	title_n:SEMANTIC_PRESENT	NO_GAP	Content coverage only; no Ozon ranking-weight claim.
1640306007	VARIANT::молвинец	молвинец золотой	EXACT_PRODUCT	PARTIAL_PRESENT	PARTIAL_PRESENT	PARTIAL_PRESENT	PARTIAL_PRESENT	title_n:PARTIAL_PRESENT	PARTIAL_GAP	Content coverage only; no Ozon ranking-weight claim.
1640306007	VARIANT::молвинец	молвинец оберег	EXACT_PRODUCT	SEMANTIC_PRESENT	SEMANTIC_PRESENT	SEMANTIC_PRESENT	SEMANTIC_PRESENT	title_n:SEMANTIC_PRESENT	NO_GAP	Content coverage only; no Ozon ranking-weight claim.
1640306007	USE::car_mirror	на зеркало автомобиля подвеска красная	GENERIC_RELEVANT	ABSENT	ABSENT	PARTIAL_PRESENT	PARTIAL_PRESENT	attr_n:PARTIAL_PRESENT	GAP_PRESENT	Content coverage only; no Ozon ranking-weight claim.
1640306007	UNCLEAR::83914629f5	набор для творчества	AMBIGUOUS_HOLD	ABSENT	ABSENT	ABSENT	ABSENT		GAP_PRESENT	Content coverage only; no Ozon ranking-weight claim.
1640306007	USE::car_mirror	настраиваимое зеркало мини в машину	GENERIC_RELEVANT	ABSENT	ABSENT	ABSENT	ABSENT		GAP_PRESENT	Content coverage only; no Ozon ranking-weight claim.
1640306007	FAMILY::slavic	нательные славянские обереги лось	FAMILY_RELEVANT	ABSENT	ABSENT	ABSENT	ABSENT		GAP_PRESENT	Content coverage only; no Ozon ranking-weight claim.
1640306007	USE::protection	оберег	GENERIC_RELEVANT	EXACT_PRESENT	ABSENT	EXACT_PRESENT	EXACT_PRESENT	title_n:EXACT_PRESENT	GAP_PRESENT	Content coverage only; no Ozon ranking-weight claim.
1640306007	USE::car_mirror	оберег в машину	GENERIC_RELEVANT	SEMANTIC_PRESENT	ABSENT	SEMANTIC_PRESENT	SEMANTIC_PRESENT	title_n:SEMANTIC_PRESENT	GAP_PRESENT	Content coverage only; no Ozon ranking-weight claim.
1640306007	USE::car_mirror	оберег в машину на зеркало женский	GENERIC_RELEVANT	ABSENT	ABSENT	ABSENT	ABSENT		GAP_PRESENT	Content coverage only; no Ozon ranking-weight claim.
1640306007	USE::car_mirror	оберег в машину на руль	GENERIC_RELEVANT	ABSENT	ABSENT	ABSENT	ABSENT		GAP_PRESENT	Content coverage only; no Ozon ranking-weight claim.
1640306007	FAMILY::slavic	оберег в машину славянский	FAMILY_RELEVANT	SEMANTIC_PRESENT	ABSENT	SEMANTIC_PRESENT	SEMANTIC_PRESENT	title_n:SEMANTIC_PRESENT	GAP_PRESENT	Content coverage only; no Ozon ranking-weight claim.
1640306007	FAMILY::slavic	оберег воздуха славянский	FAMILY_RELEVANT	ABSENT	ABSENT	ABSENT	ABSENT		GAP_PRESENT	Content coverage only; no Ozon ranking-weight claim.
1640306007	USE::protection	оберег от сглаза и порчи	GENERIC_RELEVANT	ABSENT	ABSENT	EXACT_PRESENT	PARTIAL_PRESENT	attr_n:EXACT_PRESENT	GAP_PRESENT	Content coverage only; no Ozon ranking-weight claim.
1640306007	FAMILY::slavic	оберег славянский вышевка	FAMILY_RELEVANT	ABSENT	ABSENT	ABSENT	ABSENT		GAP_PRESENT	Content coverage only; no Ozon ranking-weight claim.
1640306007	FAMILY::slavic	оберег славянский женский	FAMILY_RELEVANT	ABSENT	ABSENT	ABSENT	ABSENT		GAP_PRESENT	Content coverage only; no Ozon ranking-weight claim.
1640306007	USE::protection	от сглаза	GENERIC_RELEVANT	ABSENT	ABSENT	EXACT_PRESENT	SEMANTIC_PRESENT	attr_n:EXACT_PRESENT	GAP_PRESENT	Content coverage only; no Ozon ranking-weight claim.
1640306007	USE::car_mirror	подвеска в машину	GENERIC_RELEVANT	SEMANTIC_PRESENT	ABSENT	EXACT_PRESENT	SEMANTIC_PRESENT	title_n:SEMANTIC_PRESENT	GAP_PRESENT	Content coverage only; no Ozon ranking-weight claim.
1640306007	USE::car_mirror	подвеска в машину на зеркало матрос	GENERIC_RELEVANT	ABSENT	ABSENT	ABSENT	ABSENT		GAP_PRESENT	Content coverage only; no Ozon ranking-weight claim.
1640306007	USE::car_mirror	подвеска на зеркало автомобиля акула	GENERIC_RELEVANT	ABSENT	ABSENT	PARTIAL_PRESENT	PARTIAL_PRESENT	attr_n:PARTIAL_PRESENT	GAP_PRESENT	Content coverage only; no Ozon ranking-weight claim.
1640306007	USE::car_mirror	подвеска на зеркало в машину	GENERIC_RELEVANT	EXACT_PRESENT	ABSENT	EXACT_PRESENT	EXACT_PRESENT	title_n:EXACT_PRESENT	GAP_PRESENT	Content coverage only; no Ozon ranking-weight claim.
1640306007	UNCLEAR::96869e4e1c	руны	AMBIGUOUS_HOLD	ABSENT	ABSENT	EXACT_PRESENT	EXACT_PRESENT	attr_n:EXACT_PRESENT	GAP_PRESENT	Content coverage only; no Ozon ranking-weight claim.
1640306007	FAMILY::slavic	славянские обереги	FAMILY_RELEVANT	SEMANTIC_PRESENT	ABSENT	EXACT_PRESENT	EXACT_PRESENT	title_n:SEMANTIC_PRESENT	GAP_PRESENT	Content coverage only; no Ozon ranking-weight claim.
1640306007	FAMILY::slavic	славянские руны	FAMILY_RELEVANT	ABSENT	ABSENT	SEMANTIC_PRESENT	SEMANTIC_PRESENT	attr_n:SEMANTIC_PRESENT	GAP_PRESENT	Content coverage only; no Ozon ranking-weight claim.
1640306007	FAMILY::slavic	славянский оберег	FAMILY_RELEVANT	EXACT_PRESENT	ABSENT	EXACT_PRESENT	EXACT_PRESENT	title_n:EXACT_PRESENT	GAP_PRESENT	Content coverage only; no Ozon ranking-weight claim.
1640306007	FAMILY::slavic	славянский оберег в машину на зеркало	FAMILY_RELEVANT	SEMANTIC_PRESENT	ABSENT	SEMANTIC_PRESENT	SEMANTIC_PRESENT	title_n:SEMANTIC_PRESENT	GAP_PRESENT	Content coverage only; no Ozon ranking-weight claim.
1640306007	FAMILY::slavic	славянский оберег из дерева	FAMILY_RELEVANT	ABSENT	ABSENT	ABSENT	ABSENT		GAP_PRESENT	Content coverage only; no Ozon ranking-weight claim.
1640306007	FAMILY::slavic	славянский оберег подвеска	FAMILY_RELEVANT	SEMANTIC_PRESENT	ABSENT	SEMANTIC_PRESENT	SEMANTIC_PRESENT	title_n:SEMANTIC_PRESENT	GAP_PRESENT	Content coverage only; no Ozon ranking-weight claim.
1640306007	FAMILY::slavic	цепочка славянская	FAMILY_RELEVANT	PARTIAL_PRESENT	ABSENT	PARTIAL_PRESENT	PARTIAL_PRESENT	title_n:PARTIAL_PRESENT	GAP_PRESENT	Content coverage only; no Ozon ranking-weight claim.
1640326205	UNCLEAR::f0e41f0eed	dtlmvbyf gjldtcrf	AMBIGUOUS_HOLD	ABSENT	ABSENT	ABSENT	ABSENT		GAP_PRESENT	Content coverage only; no Ozon ranking-weight claim.
1640326205	USE::car_mirror	авто подвеска на зеркало	GENERIC_RELEVANT	SEMANTIC_PRESENT	ABSENT	SEMANTIC_PRESENT	SEMANTIC_PRESENT	title_n:SEMANTIC_PRESENT	GAP_PRESENT	Content coverage only; no Ozon ranking-weight claim.
1640326205	USE::car_mirror	авто четки в машину	GENERIC_RELEVANT	SEMANTIC_PRESENT	ABSENT	SEMANTIC_PRESENT	SEMANTIC_PRESENT	title_n:SEMANTIC_PRESENT	GAP_PRESENT	Content coverage only; no Ozon ranking-weight claim.
1640326205	USE::car_mirror	акриловая бусина машинка	GENERIC_RELEVANT	ABSENT	ABSENT	PARTIAL_PRESENT	PARTIAL_PRESENT	attr_n:PARTIAL_PRESENT	GAP_PRESENT	Content coverage only; no Ozon ranking-weight claim.
1640326205	USE::car_mirror	акриловые четки в машину на зеркало	GENERIC_RELEVANT	ABSENT	ABSENT	ABSENT	ABSENT		GAP_PRESENT	Content coverage only; no Ozon ranking-weight claim.
1640326205	USE::car_mirror	аксессуары в машину мужские	GENERIC_RELEVANT	SEMANTIC_PRESENT	ABSENT	SEMANTIC_PRESENT	SEMANTIC_PRESENT	title_n:SEMANTIC_PRESENT	GAP_PRESENT	Content coverage only; no Ozon ranking-weight claim.
1640326205	UNCLEAR::031d317c83	амлеты	AMBIGUOUS_HOLD	ABSENT	ABSENT	ABSENT	ABSENT		GAP_PRESENT	Content coverage only; no Ozon ranking-weight claim.
1640326205	CLASS::amulet_pendant	амулет	GENERIC_RELEVANT	SEMANTIC_PRESENT	ABSENT	EXACT_PRESENT	EXACT_PRESENT	title_n:SEMANTIC_PRESENT	GAP_PRESENT	Content coverage only; no Ozon ranking-weight claim.
1640326205	CLASS::amulet_pendant	амулеты	GENERIC_RELEVANT	SEMANTIC_PRESENT	ABSENT	EXACT_PRESENT	SEMANTIC_PRESENT	title_n:SEMANTIC_PRESENT	GAP_PRESENT	Content coverage only; no Ozon ranking-weight claim.
1640326205	FAMILY::slavic	детский славянский оберег	FAMILY_RELEVANT	ABSENT	ABSENT	ABSENT	ABSENT		GAP_PRESENT	Content coverage only; no Ozon ranking-weight claim.
1640326205	USE::protection	защитный амулет от сглаза и порчи	GENERIC_RELEVANT	ABSENT	ABSENT	SEMANTIC_PRESENT	SEMANTIC_PRESENT	attr_n:SEMANTIC_PRESENT	GAP_PRESENT	Content coverage only; no Ozon ranking-weight claim.
1640326205	USE::car_mirror	зеркало	GENERIC_RELEVANT	EXACT_PRESENT	ABSENT	EXACT_PRESENT	EXACT_PRESENT	title_n:EXACT_PRESENT	GAP_PRESENT	Content coverage only; no Ozon ranking-weight claim.
1640326205	USE::car_mirror	зеркальная подвеска	GENERIC_RELEVANT	ABSENT	ABSENT	ABSENT	ABSENT		GAP_PRESENT	Content coverage only; no Ozon ranking-weight claim.
1640326205	UNCLEAR::75ddbf0230	калаврат	AMBIGUOUS_HOLD	ABSENT	ABSENT	ABSENT	ABSENT		GAP_PRESENT	Content coverage only; no Ozon ranking-weight claim.
1640326205	UNCLEAR::38ea3863b2	коловрат	AMBIGUOUS_HOLD	ABSENT	ABSENT	EXACT_PRESENT	EXACT_PRESENT	attr_n:EXACT_PRESENT	GAP_PRESENT	Content coverage only; no Ozon ranking-weight claim.
1640326205	UNCLEAR::79926c83dc	коловрат cd	AMBIGUOUS_HOLD	ABSENT	ABSENT	PARTIAL_PRESENT	PARTIAL_PRESENT	attr_n:PARTIAL_PRESENT	GAP_PRESENT	Content coverage only; no Ozon ranking-weight claim.
1640326205	UNCLEAR::2961238148	коловрат браслет	AMBIGUOUS_HOLD	ABSENT	ABSENT	PARTIAL_PRESENT	PARTIAL_PRESENT	attr_n:PARTIAL_PRESENT	GAP_PRESENT	Content coverage only; no Ozon ranking-weight claim.
1640326205	UNCLEAR::01e0ef7aac	коловрат брелок	AMBIGUOUS_HOLD	ABSENT	ABSENT	PARTIAL_PRESENT	PARTIAL_PRESENT	attr_n:PARTIAL_PRESENT	GAP_PRESENT	Content coverage only; no Ozon ranking-weight claim.
1640326205	USE::car_mirror	коловрат в машину	GENERIC_RELEVANT	ABSENT	ABSENT	SEMANTIC_PRESENT	SEMANTIC_PRESENT	attr_n:SEMANTIC_PRESENT	GAP_PRESENT	Content coverage only; no Ozon ranking-weight claim.
1640326205	CLASS::amulet_pendant	коловрат подвеска	GENERIC_RELEVANT	ABSENT	ABSENT	SEMANTIC_PRESENT	SEMANTIC_PRESENT	attr_n:SEMANTIC_PRESENT	GAP_PRESENT	Content coverage only; no Ozon ranking-weight claim.
1640326205	VARIANT::колядник	колядник оберег	EXACT_PRODUCT	SEMANTIC_PRESENT	SEMANTIC_PRESENT	SEMANTIC_PRESENT	SEMANTIC_PRESENT	title_n:SEMANTIC_PRESENT	NO_GAP	Content coverage only; no Ozon ranking-weight claim.
1640326205	UNCLEAR::d07840e824	кофта с коловратом	AMBIGUOUS_HOLD	ABSENT	ABSENT	PARTIAL_PRESENT	PARTIAL_PRESENT	attr_n:PARTIAL_PRESENT	GAP_PRESENT	Content coverage only; no Ozon ranking-weight claim.
1640326205	UNCLEAR::9e83b7b92e	кулон коловрат	AMBIGUOUS_HOLD	ABSENT	ABSENT	PARTIAL_PRESENT	PARTIAL_PRESENT	attr_n:PARTIAL_PRESENT	GAP_PRESENT	Content coverage only; no Ozon ranking-weight claim.
1640326205	UNCLEAR::b8a7adaa98	мужчине на день рождения	AMBIGUOUS_HOLD	ABSENT	ABSENT	EXACT_PRESENT	ABSENT	attr_n:EXACT_PRESENT	GAP_PRESENT	Content coverage only; no Ozon ranking-weight claim.
1640326205	USE::protection	мусульманский оберег	GENERIC_RELEVANT	ABSENT	ABSENT	ABSENT	ABSENT		GAP_PRESENT	Content coverage only; no Ozon ranking-weight claim.
1640326205	USE::car_mirror	мусульманский оберег в машину	GENERIC_RELEVANT	ABSENT	ABSENT	ABSENT	ABSENT		GAP_PRESENT	Content coverage only; no Ozon ranking-weight claim.
1640326205	USE::protection	оберег	GENERIC_RELEVANT	EXACT_PRESENT	ABSENT	EXACT_PRESENT	EXACT_PRESENT	title_n:EXACT_PRESENT	GAP_PRESENT	Content coverage only; no Ozon ranking-weight claim.
1640326205	USE::car_mirror	оберег в машину	GENERIC_RELEVANT	SEMANTIC_PRESENT	ABSENT	SEMANTIC_PRESENT	SEMANTIC_PRESENT	title_n:SEMANTIC_PRESENT	GAP_PRESENT	Content coverage only; no Ozon ranking-weight claim.
1640326205	USE::car_mirror	оберег для водителя в машину	GENERIC_RELEVANT	ABSENT	ABSENT	SEMANTIC_PRESENT	SEMANTIC_PRESENT	attr_n:SEMANTIC_PRESENT	GAP_PRESENT	Content coverage only; no Ozon ranking-weight claim.
1640326205	USE::car_mirror	оберег коловрат в машину	GENERIC_RELEVANT	ABSENT	ABSENT	SEMANTIC_PRESENT	SEMANTIC_PRESENT	attr_n:SEMANTIC_PRESENT	GAP_PRESENT	Content coverage only; no Ozon ranking-weight claim.
1640326205	USE::car_mirror	оберег от сглаза в машину	GENERIC_RELEVANT	ABSENT	ABSENT	SEMANTIC_PRESENT	SEMANTIC_PRESENT	attr_n:SEMANTIC_PRESENT	GAP_PRESENT	Content coverage only; no Ozon ranking-weight claim.
1640326205	USE::protection	оберег от сглаза и порчи	GENERIC_RELEVANT	ABSENT	ABSENT	EXACT_PRESENT	SEMANTIC_PRESENT	attr_n:EXACT_PRESENT	GAP_PRESENT	Content coverage only; no Ozon ranking-weight claim.
1640326205	FAMILY::slavic	оберег славянский для мужчин на шею	FAMILY_RELEVANT	ABSENT	ABSENT	PARTIAL_PRESENT	PARTIAL_PRESENT	attr_n:PARTIAL_PRESENT	GAP_PRESENT	Content coverage only; no Ozon ranking-weight claim.
1640326205	USE::car_mirror	обереги в машину	GENERIC_RELEVANT	SEMANTIC_PRESENT	ABSENT	SEMANTIC_PRESENT	SEMANTIC_PRESENT	title_n:SEMANTIC_PRESENT	GAP_PRESENT	Content coverage only; no Ozon ranking-weight claim.
1640326205	UNCLEAR::528df0b1e8	омулеты	AMBIGUOUS_HOLD	ABSENT	ABSENT	ABSENT	ABSENT		GAP_PRESENT	Content coverage only; no Ozon ranking-weight claim.
1640326205	USE::protection	от сглаза и порчи оберег	GENERIC_RELEVANT	ABSENT	ABSENT	SEMANTIC_PRESENT	SEMANTIC_PRESENT	attr_n:SEMANTIC_PRESENT	GAP_PRESENT	Content coverage only; no Ozon ranking-weight claim.
1640326205	USE::gift	подарок мужчине	AMBIGUOUS_HOLD	SEMANTIC_PRESENT	ABSENT	EXACT_PRESENT	SEMANTIC_PRESENT	title_n:SEMANTIC_PRESENT	GAP_PRESENT	Content coverage only; no Ozon ranking-weight claim.
1640326205	USE::car_mirror	подвеска в машину	GENERIC_RELEVANT	SEMANTIC_PRESENT	ABSENT	EXACT_PRESENT	SEMANTIC_PRESENT	title_n:SEMANTIC_PRESENT	GAP_PRESENT	Content coverage only; no Ozon ranking-weight claim.
1640326205	USE::car_mirror	подвеска в машину коловрат	GENERIC_RELEVANT	ABSENT	ABSENT	SEMANTIC_PRESENT	SEMANTIC_PRESENT	attr_n:SEMANTIC_PRESENT	GAP_PRESENT	Content coverage only; no Ozon ranking-weight claim.
1640326205	CLASS::amulet_pendant	подвеска мужская коловрат	GENERIC_RELEVANT	ABSENT	ABSENT	SEMANTIC_PRESENT	PARTIAL_PRESENT	attr_n:SEMANTIC_PRESENT	GAP_PRESENT	Content coverage only; no Ozon ranking-weight claim.
1640326205	USE::protection	подвеска мужская оберег	GENERIC_RELEVANT	ABSENT	ABSENT	SEMANTIC_PRESENT	ABSENT	attr_n:SEMANTIC_PRESENT	GAP_PRESENT	Content coverage only; no Ozon ranking-weight claim.
1640326205	USE::car_mirror	подвеска на зеркало в машину	GENERIC_RELEVANT	EXACT_PRESENT	ABSENT	EXACT_PRESENT	EXACT_PRESENT	title_n:EXACT_PRESENT	GAP_PRESENT	Content coverage only; no Ozon ranking-weight claim.
1640326205	USE::protection	подвеска от сглаза	GENERIC_RELEVANT	ABSENT	ABSENT	SEMANTIC_PRESENT	SEMANTIC_PRESENT	attr_n:SEMANTIC_PRESENT	GAP_PRESENT	Content coverage only; no Ozon ranking-weight claim.
1640326205	FAMILY::slavic	славянская подвеска	FAMILY_RELEVANT	SEMANTIC_PRESENT	ABSENT	SEMANTIC_PRESENT	SEMANTIC_PRESENT	title_n:SEMANTIC_PRESENT	GAP_PRESENT	Content coverage only; no Ozon ranking-weight claim.
1640326205	FAMILY::slavic	славянские обереги	FAMILY_RELEVANT	SEMANTIC_PRESENT	ABSENT	EXACT_PRESENT	EXACT_PRESENT	title_n:SEMANTIC_PRESENT	GAP_PRESENT	Content coverage only; no Ozon ranking-weight claim.
1640326205	FAMILY::slavic	славянский колядыдар	FAMILY_RELEVANT	ABSENT	ABSENT	ABSENT	ABSENT		GAP_PRESENT	Content coverage only; no Ozon ranking-weight claim.
1640326205	FAMILY::slavic	славянский оберег	FAMILY_RELEVANT	EXACT_PRESENT	ABSENT	EXACT_PRESENT	EXACT_PRESENT	title_n:EXACT_PRESENT	GAP_PRESENT	Content coverage only; no Ozon ranking-weight claim.
1640326205	VARIANT::колядник	славянский оберег колядник	EXACT_PRODUCT	SEMANTIC_PRESENT	SEMANTIC_PRESENT	SEMANTIC_PRESENT	SEMANTIC_PRESENT	title_n:SEMANTIC_PRESENT	NO_GAP	Content coverage only; no Ozon ranking-weight claim.
1640326205	FAMILY::slavic	славянский оберег мужской	FAMILY_RELEVANT	SEMANTIC_PRESENT	ABSENT	SEMANTIC_PRESENT	SEMANTIC_PRESENT	title_n:SEMANTIC_PRESENT	GAP_PRESENT	Content coverage only; no Ozon ranking-weight claim.
1640326205	USE::car_mirror	четки в машину	GENERIC_RELEVANT	SEMANTIC_PRESENT	ABSENT	SEMANTIC_PRESENT	SEMANTIC_PRESENT	title_n:SEMANTIC_PRESENT	GAP_PRESENT	Content coverage only; no Ozon ranking-weight claim.
1640326205	CLASS::beads	четки руны	GENERIC_RELEVANT	ABSENT	ABSENT	ABSENT	ABSENT		GAP_PRESENT	Content coverage only; no Ozon ranking-weight claim.
1640326205	CLASS::beads	четки с коловратом	GENERIC_RELEVANT	ABSENT	ABSENT	SEMANTIC_PRESENT	SEMANTIC_PRESENT	attr_n:SEMANTIC_PRESENT	GAP_PRESENT	Content coverage only; no Ozon ranking-weight claim.
1640326230	CLASS::amulet_pendant	12 з подвеска	GENERIC_RELEVANT	ABSENT	ABSENT	ABSENT	ABSENT		GAP_PRESENT	Content coverage only; no Ozon ranking-weight claim.
1640326230	USE::car_mirror	автомобиль , подаренный предкам	GENERIC_RELEVANT	ABSENT	ABSENT	PARTIAL_PRESENT	PARTIAL_PRESENT	attr_n:PARTIAL_PRESENT	GAP_PRESENT	Content coverage only; no Ozon ranking-weight claim.
1640326230	CLASS::amulet_pendant	амулет з	GENERIC_RELEVANT	SEMANTIC_PRESENT	ABSENT	EXACT_PRESENT	SEMANTIC_PRESENT	title_n:SEMANTIC_PRESENT	GAP_PRESENT	Content coverage only; no Ozon ranking-weight claim.
1640326230	USE::car_mirror	брелок в машину на зеркало мужской полиция	GENERIC_RELEVANT	ABSENT	ABSENT	ABSENT	ABSENT		GAP_PRESENT	Content coverage only; no Ozon ranking-weight claim.
1640326230	USE::car_mirror	в машину амулет	GENERIC_RELEVANT	SEMANTIC_PRESENT	ABSENT	SEMANTIC_PRESENT	SEMANTIC_PRESENT	title_n:SEMANTIC_PRESENT	GAP_PRESENT	Content coverage only; no Ozon ranking-weight claim.
1640326230	CLASS::amulet_pendant	ведьмина подвеска	GENERIC_RELEVANT	ABSENT	ABSENT	ABSENT	ABSENT		GAP_PRESENT	Content coverage only; no Ozon ranking-weight claim.
1640326230	UNCLEAR::271415feb8	для эзотерика предметы	AMBIGUOUS_HOLD	ABSENT	ABSENT	PARTIAL_PRESENT	PARTIAL_PRESENT	attr_n:PARTIAL_PRESENT	GAP_PRESENT	Content coverage only; no Ozon ranking-weight claim.
1640326230	UNCLEAR::6fbfc0a85d	духи	AMBIGUOUS_HOLD	ABSENT	ABSENT	ABSENT	ABSENT		GAP_PRESENT	Content coverage only; no Ozon ranking-weight claim.
1640326230	FAMILY::slavic	зеркало в славянском стиле из дерева	FAMILY_RELEVANT	PARTIAL_PRESENT	ABSENT	PARTIAL_PRESENT	PARTIAL_PRESENT	title_n:PARTIAL_PRESENT	GAP_PRESENT	Content coverage only; no Ozon ranking-weight claim.
1640326230	USE::car_mirror	зеркало магическое	GENERIC_RELEVANT	ABSENT	ABSENT	ABSENT	ABSENT		GAP_PRESENT	Content coverage only; no Ozon ranking-weight claim.
1640326230	USE::car_mirror	зеркало толи	GENERIC_RELEVANT	ABSENT	ABSENT	ABSENT	ABSENT		GAP_PRESENT	Content coverage only; no Ozon ranking-weight claim.
1640326230	UNCLEAR::38ea3863b2	коловрат	AMBIGUOUS_HOLD	ABSENT	ABSENT	ABSENT	ABSENT		GAP_PRESENT	Content coverage only; no Ozon ranking-weight claim.
1640326230	CLASS::amulet_pendant	коловрат подвеска	GENERIC_RELEVANT	ABSENT	ABSENT	ABSENT	ABSENT		GAP_PRESENT	Content coverage only; no Ozon ranking-weight claim.
1640326230	USE::car_mirror	на зеркало подвеска в машину	GENERIC_RELEVANT	SEMANTIC_PRESENT	ABSENT	SEMANTIC_PRESENT	SEMANTIC_PRESENT	title_n:SEMANTIC_PRESENT	GAP_PRESENT	Content coverage only; no Ozon ranking-weight claim.
1640326230	USE::car_mirror	набор автомобилиста	GENERIC_RELEVANT	ABSENT	ABSENT	SEMANTIC_PRESENT	SEMANTIC_PRESENT	attr_n:SEMANTIC_PRESENT	GAP_PRESENT	Content coverage only; no Ozon ranking-weight claim.
1640326230	UNCLEAR::83914629f5	набор для творчества	AMBIGUOUS_HOLD	ABSENT	ABSENT	ABSENT	ABSENT		GAP_PRESENT	Content coverage only; no Ozon ranking-weight claim.
1640326230	USE::protection	оберег	GENERIC_RELEVANT	EXACT_PRESENT	ABSENT	EXACT_PRESENT	EXACT_PRESENT	title_n:EXACT_PRESENT	GAP_PRESENT	Content coverage only; no Ozon ranking-weight claim.
1640326230	USE::car_mirror	оберег для авто	GENERIC_RELEVANT	SEMANTIC_PRESENT	ABSENT	SEMANTIC_PRESENT	SEMANTIC_PRESENT	title_n:SEMANTIC_PRESENT	GAP_PRESENT	Content coverage only; no Ozon ranking-weight claim.
1640326230	USE::car_mirror	оберег на машину куз тимэсен	GENERIC_RELEVANT	ABSENT	ABSENT	ABSENT	ABSENT		GAP_PRESENT	Content coverage only; no Ozon ranking-weight claim.
1640326230	FAMILY::slavic	оберег на машину славянский	FAMILY_RELEVANT	SEMANTIC_PRESENT	ABSENT	SEMANTIC_PRESENT	SEMANTIC_PRESENT	title_n:SEMANTIC_PRESENT	GAP_PRESENT	Content coverage only; no Ozon ranking-weight claim.
1640326230	USE::protection	оберег от сглаза и порчи	GENERIC_RELEVANT	ABSENT	ABSENT	EXACT_PRESENT	PARTIAL_PRESENT	attr_n:EXACT_PRESENT	GAP_PRESENT	Content coverage only; no Ozon ranking-weight claim.
1640326230	USE::car_mirror	оберег с зеркалом	GENERIC_RELEVANT	ABSENT	ABSENT	ABSENT	ABSENT		GAP_PRESENT	Content coverage only; no Ozon ranking-weight claim.
1640326230	FAMILY::slavic	оберег славянский на зеркало	FAMILY_RELEVANT	SEMANTIC_PRESENT	ABSENT	SEMANTIC_PRESENT	SEMANTIC_PRESENT	title_n:SEMANTIC_PRESENT	GAP_PRESENT	Content coverage only; no Ozon ranking-weight claim.
1640326230	USE::protection	обереги	GENERIC_RELEVANT	SEMANTIC_PRESENT	ABSENT	EXACT_PRESENT	EXACT_PRESENT	title_n:SEMANTIC_PRESENT	GAP_PRESENT	Content coverage only; no Ozon ranking-weight claim.
1640326230	USE::protection	обереги коловрат	GENERIC_RELEVANT	ABSENT	ABSENT	ABSENT	ABSENT		GAP_PRESENT	Content coverage only; no Ozon ranking-weight claim.
1640326230	USE::protection	обереготсглаза	GENERIC_RELEVANT	ABSENT	ABSENT	EXACT_PRESENT	ABSENT	attr_n:EXACT_PRESENT	GAP_PRESENT	Content coverage only; no Ozon ranking-weight claim.
1640326230	USE::protection	от сглаза	GENERIC_RELEVANT	ABSENT	ABSENT	EXACT_PRESENT	SEMANTIC_PRESENT	attr_n:EXACT_PRESENT	GAP_PRESENT	Content coverage only; no Ozon ranking-weight claim.
1640326230	USE::protection	от сглаза и порчи оберег	GENERIC_RELEVANT	ABSENT	ABSENT	SEMANTIC_PRESENT	PARTIAL_PRESENT	attr_n:SEMANTIC_PRESENT	GAP_PRESENT	Content coverage only; no Ozon ranking-weight claim.
1640326230	USE::car_mirror	паук в смоле подвеска на зеркало	GENERIC_RELEVANT	ABSENT	ABSENT	ABSENT	ABSENT		GAP_PRESENT	Content coverage only; no Ozon ranking-weight claim.
1640326230	USE::gift	подарочный набор	AMBIGUOUS_HOLD	ABSENT	ABSENT	ABSENT	ABSENT		GAP_PRESENT	Content coverage only; no Ozon ranking-weight claim.
1640326230	CLASS::amulet_pendant	подвеска в иашину	GENERIC_RELEVANT	ABSENT	ABSENT	ABSENT	ABSENT		GAP_PRESENT	Content coverage only; no Ozon ranking-weight claim.
1640326230	USE::car_mirror	подвеска в машину	GENERIC_RELEVANT	SEMANTIC_PRESENT	ABSENT	EXACT_PRESENT	SEMANTIC_PRESENT	title_n:SEMANTIC_PRESENT	GAP_PRESENT	Content coverage only; no Ozon ranking-weight claim.
1640326230	USE::car_mirror	подвеска в машину на зеркало инь янь	GENERIC_RELEVANT	ABSENT	ABSENT	ABSENT	ABSENT		GAP_PRESENT	Content coverage only; no Ozon ranking-weight claim.
1640326230	USE::car_mirror	подвеска в машину на зеркало с крестом провославным	GENERIC_RELEVANT	ABSENT	ABSENT	ABSENT	ABSENT		GAP_PRESENT	Content coverage only; no Ozon ranking-weight claim.
1640326230	USE::car_mirror	подвеска в машину на зеркало спецназ внутренних войск	GENERIC_RELEVANT	ABSENT	ABSENT	ABSENT	ABSENT		GAP_PRESENT	Content coverage only; no Ozon ranking-weight claim.
1640326230	USE::car_mirror	подвеска в машину на зеркало юрта	GENERIC_RELEVANT	ABSENT	ABSENT	ABSENT	ABSENT		GAP_PRESENT	Content coverage only; no Ozon ranking-weight claim.
1640326230	USE::car_mirror	подвеска в машину наррд	GENERIC_RELEVANT	ABSENT	ABSENT	ABSENT	ABSENT		GAP_PRESENT	Content coverage only; no Ozon ranking-weight claim.
1640326230	USE::car_mirror	подвеска на зеркало в машину	GENERIC_RELEVANT	EXACT_PRESENT	ABSENT	EXACT_PRESENT	EXACT_PRESENT	title_n:EXACT_PRESENT	GAP_PRESENT	Content coverage only; no Ozon ranking-weight claim.
1640326230	USE::car_mirror	подвеска на зеркало в машину згт	GENERIC_RELEVANT	ABSENT	ABSENT	ABSENT	ABSENT		GAP_PRESENT	Content coverage only; no Ozon ranking-weight claim.
1640326230	USE::car_mirror	подвеска на машину	GENERIC_RELEVANT	SEMANTIC_PRESENT	ABSENT	SEMANTIC_PRESENT	SEMANTIC_PRESENT	title_n:SEMANTIC_PRESENT	GAP_PRESENT	Content coverage only; no Ozon ranking-weight claim.
1640326230	CLASS::amulet_pendant	подвеска под з	GENERIC_RELEVANT	ABSENT	ABSENT	ABSENT	ABSENT		GAP_PRESENT	Content coverage only; no Ozon ranking-weight claim.
1640326230	FAMILY::slavic	подвеска славянская на зеркало автомобиля	FAMILY_RELEVANT	PARTIAL_PRESENT	ABSENT	SEMANTIC_PRESENT	SEMANTIC_PRESENT	title_n:PARTIAL_PRESENT	GAP_PRESENT	Content coverage only; no Ozon ranking-weight claim.
1640326230	USE::car_mirror	подвески в авто на зеркало деревянные	GENERIC_RELEVANT	ABSENT	ABSENT	ABSENT	ABSENT		GAP_PRESENT	Content coverage only; no Ozon ranking-weight claim.
1640326230	UNCLEAR::6300f80861	распродажа	AMBIGUOUS_HOLD	ABSENT	ABSENT	ABSENT	ABSENT		GAP_PRESENT	Content coverage only; no Ozon ranking-weight claim.
1640326230	FAMILY::slavic	символ славянский	FAMILY_RELEVANT	ABSENT	ABSENT	SEMANTIC_PRESENT	SEMANTIC_PRESENT	attr_n:SEMANTIC_PRESENT	GAP_PRESENT	Content coverage only; no Ozon ranking-weight claim.
1640326230	FAMILY::slavic	славяне оберег	FAMILY_RELEVANT	ABSENT	ABSENT	ABSENT	ABSENT		GAP_PRESENT	Content coverage only; no Ozon ranking-weight claim.
1640326230	FAMILY::slavic	славянкая защита	FAMILY_RELEVANT	ABSENT	ABSENT	PARTIAL_PRESENT	PARTIAL_PRESENT	attr_n:PARTIAL_PRESENT	GAP_PRESENT	Content coverage only; no Ozon ranking-weight claim.
1640326230	FAMILY::slavic	славянские обереги	FAMILY_RELEVANT	SEMANTIC_PRESENT	ABSENT	EXACT_PRESENT	EXACT_PRESENT	title_n:SEMANTIC_PRESENT	GAP_PRESENT	Content coverage only; no Ozon ranking-weight claim.
1640326230	VARIANT::знич	славянские обереги знич	EXACT_PRODUCT	SEMANTIC_PRESENT	SEMANTIC_PRESENT	SEMANTIC_PRESENT	SEMANTIC_PRESENT	title_n:SEMANTIC_PRESENT	NO_GAP	Content coverage only; no Ozon ranking-weight claim.
1640326230	FAMILY::slavic	славянские руны подвеска	FAMILY_RELEVANT	ABSENT	ABSENT	ABSENT	ABSENT		GAP_PRESENT	Content coverage only; no Ozon ranking-weight claim.
1640326230	FAMILY::slavic	славянскиеобереги	FAMILY_RELEVANT	ABSENT	ABSENT	ABSENT	ABSENT		GAP_PRESENT	Content coverage only; no Ozon ranking-weight claim.
1640326230	FAMILY::slavic	славянский оберег война	FAMILY_RELEVANT	ABSENT	ABSENT	ABSENT	ABSENT		GAP_PRESENT	Content coverage only; no Ozon ranking-weight claim.
1640326230	FAMILY::slavic	славянский оберег для волос	FAMILY_RELEVANT	ABSENT	ABSENT	ABSENT	ABSENT		GAP_PRESENT	Content coverage only; no Ozon ranking-weight claim.
1640326230	USE::protection	талисман оберег деревянный	GENERIC_RELEVANT	SEMANTIC_PRESENT	ABSENT	SEMANTIC_PRESENT	SEMANTIC_PRESENT	title_n:SEMANTIC_PRESENT	GAP_PRESENT	Content coverage only; no Ozon ranking-weight claim.
1640326230	UNCLEAR::93fa05c75a	хобби	AMBIGUOUS_HOLD	ABSENT	ABSENT	ABSENT	ABSENT		GAP_PRESENT	Content coverage only; no Ozon ranking-weight claim.
1640326230	USE::car_mirror	четки в машину на зеркало	GENERIC_RELEVANT	SEMANTIC_PRESENT	ABSENT	SEMANTIC_PRESENT	SEMANTIC_PRESENT	title_n:SEMANTIC_PRESENT	GAP_PRESENT	Content coverage only; no Ozon ranking-weight claim.
1640326230	CLASS::beads	четки з	GENERIC_RELEVANT	SEMANTIC_PRESENT	ABSENT	SEMANTIC_PRESENT	SEMANTIC_PRESENT	title_n:SEMANTIC_PRESENT	GAP_PRESENT	Content coverage only; no Ozon ranking-weight claim.
1640326230	FAMILY::slavic	чур славянский в машину на зеркало	FAMILY_RELEVANT	ABSENT	ABSENT	ABSENT	ABSENT		GAP_PRESENT	Content coverage only; no Ozon ranking-weight claim.
1640330072	CLASS::amulet_pendant	амулет	GENERIC_RELEVANT	SEMANTIC_PRESENT	ABSENT	EXACT_PRESENT	EXACT_PRESENT	title_n:SEMANTIC_PRESENT	GAP_PRESENT	Content coverage only; no Ozon ranking-weight claim.
1640330072	USE::car_mirror	амулет на зеркало оберег в машину	GENERIC_RELEVANT	SEMANTIC_PRESENT	ABSENT	SEMANTIC_PRESENT	SEMANTIC_PRESENT	title_n:SEMANTIC_PRESENT	GAP_PRESENT	Content coverage only; no Ozon ranking-weight claim.
1640330072	FAMILY::slavic	амулет на шею мужской славянский оберег	FAMILY_RELEVANT	ABSENT	ABSENT	ABSENT	ABSENT		GAP_PRESENT	Content coverage only; no Ozon ranking-weight claim.
1640330072	USE::car_mirror	амулет от сглаза в машину	GENERIC_RELEVANT	ABSENT	ABSENT	SEMANTIC_PRESENT	SEMANTIC_PRESENT	attr_n:SEMANTIC_PRESENT	GAP_PRESENT	Content coverage only; no Ozon ranking-weight claim.
1640330072	USE::protection	амулеты и обереги набор	GENERIC_RELEVANT	SEMANTIC_PRESENT	ABSENT	SEMANTIC_PRESENT	SEMANTIC_PRESENT	title_n:SEMANTIC_PRESENT	GAP_PRESENT	Content coverage only; no Ozon ranking-weight claim.
1640330072	USE::protection	амулеты обереги и талисманы	GENERIC_RELEVANT	SEMANTIC_PRESENT	ABSENT	EXACT_PRESENT	SEMANTIC_PRESENT	title_n:SEMANTIC_PRESENT	GAP_PRESENT	Content coverage only; no Ozon ranking-weight claim.
1640330072	USE::car_mirror	амулеты обереги и талисманы зеркалр	GENERIC_RELEVANT	ABSENT	ABSENT	ABSENT	ABSENT		GAP_PRESENT	Content coverage only; no Ozon ranking-weight claim.
1640330072	FAMILY::slavic	амулеты обереги славянские латунь	FAMILY_RELEVANT	ABSENT	ABSENT	ABSENT	ABSENT		GAP_PRESENT	Content coverage only; no Ozon ranking-weight claim.
1640330072	FAMILY::slavic	амулеты славян	FAMILY_RELEVANT	ABSENT	ABSENT	SEMANTIC_PRESENT	SEMANTIC_PRESENT	attr_n:SEMANTIC_PRESENT	GAP_PRESENT	Content coverage only; no Ozon ranking-weight claim.
1640330072	FAMILY::slavic	амулеты славянские мужские	FAMILY_RELEVANT	SEMANTIC_PRESENT	ABSENT	SEMANTIC_PRESENT	SEMANTIC_PRESENT	title_n:SEMANTIC_PRESENT	GAP_PRESENT	Content coverage only; no Ozon ranking-weight claim.
1640330072	USE::car_mirror	аодвеска зеркало	GENERIC_RELEVANT	ABSENT	ABSENT	ABSENT	ABSENT		GAP_PRESENT	Content coverage only; no Ozon ranking-weight claim.
1640330072	UNCLEAR::e87080a47b	брелок гром и	AMBIGUOUS_HOLD	ABSENT	ABSENT	ABSENT	ABSENT		GAP_PRESENT	Content coverage only; no Ozon ranking-weight claim.
1640330072	VARIANT::громовик	брелок громовик	EXACT_PRODUCT	PARTIAL_PRESENT	PARTIAL_PRESENT	PARTIAL_PRESENT	PARTIAL_PRESENT	title_n:PARTIAL_PRESENT	PARTIAL_GAP	Content coverage only; no Ozon ranking-weight claim.
1640330072	UNCLEAR::25f06e5702	брелок каловрат	AMBIGUOUS_HOLD	ABSENT	ABSENT	ABSENT	ABSENT		GAP_PRESENT	Content coverage only; no Ozon ranking-weight claim.
1640330072	UNCLEAR::a13ec43f20	брелок коло	AMBIGUOUS_HOLD	ABSENT	ABSENT	ABSENT	ABSENT		GAP_PRESENT	Content coverage only; no Ozon ranking-weight claim.
1640330072	USE::car_mirror	брелок на маштну ловец снов в машину	GENERIC_RELEVANT	ABSENT	ABSENT	ABSENT	ABSENT		GAP_PRESENT	Content coverage only; no Ozon ranking-weight claim.
1640330072	USE::car_mirror	брелок оберег в машину на зеркало	GENERIC_RELEVANT	ABSENT	ABSENT	ABSENT	ABSENT		GAP_PRESENT	Content coverage only; no Ozon ranking-weight claim.
1640330072	UNCLEAR::f27acc5211	бусины руны	AMBIGUOUS_HOLD	ABSENT	ABSENT	SEMANTIC_PRESENT	SEMANTIC_PRESENT	attr_n:SEMANTIC_PRESENT	GAP_PRESENT	Content coverage only; no Ozon ranking-weight claim.
1640330072	USE::car_mirror	бутсы подвеска в машину на зеркало	GENERIC_RELEVANT	ABSENT	ABSENT	ABSENT	ABSENT		GAP_PRESENT	Content coverage only; no Ozon ranking-weight claim.
1640330072	USE::car_mirror	в машину на зеркало	GENERIC_RELEVANT	SEMANTIC_PRESENT	ABSENT	EXACT_PRESENT	SEMANTIC_PRESENT	title_n:SEMANTIC_PRESENT	GAP_PRESENT	Content coverage only; no Ozon ranking-weight claim.
1640330072	USE::car_mirror	ведьмочка подвеска в машину обьемная	GENERIC_RELEVANT	ABSENT	ABSENT	ABSENT	ABSENT		GAP_PRESENT	Content coverage only; no Ozon ranking-weight claim.
1640330072	USE::car_mirror	висюлька на зеркало в машину белая пушистая	GENERIC_RELEVANT	ABSENT	ABSENT	ABSENT	ABSENT		GAP_PRESENT	Content coverage only; no Ozon ranking-weight claim.
1640330072	UNCLEAR::580e0aa28c	военная атрибутика для мужчины	AMBIGUOUS_HOLD	ABSENT	ABSENT	PARTIAL_PRESENT	PARTIAL_PRESENT	attr_n:PARTIAL_PRESENT	GAP_PRESENT	Content coverage only; no Ozon ranking-weight claim.
1640330072	VARIANT::громовик	громовик колесо	EXACT_PRODUCT	PARTIAL_PRESENT	PARTIAL_PRESENT	PARTIAL_PRESENT	PARTIAL_PRESENT	title_n:PARTIAL_PRESENT	PARTIAL_GAP	Content coverage only; no Ozon ranking-weight claim.
1640330072	VARIANT::громовик	громовик оберег с	EXACT_PRODUCT	SEMANTIC_PRESENT	SEMANTIC_PRESENT	SEMANTIC_PRESENT	SEMANTIC_PRESENT	title_n:SEMANTIC_PRESENT	NO_GAP	Content coverage only; no Ozon ranking-weight claim.
1640330072	USE::protection	громовка оберег	GENERIC_RELEVANT	ABSENT	ABSENT	ABSENT	ABSENT		GAP_PRESENT	Content coverage only; no Ozon ranking-weight claim.
1640330072	FAMILY::slavic	декали славянские обереги	FAMILY_RELEVANT	ABSENT	ABSENT	ABSENT	ABSENT		GAP_PRESENT	Content coverage only; no Ozon ranking-weight claim.
1640330072	FAMILY::slavic	дикий вепрь славянская подвеска	FAMILY_RELEVANT	PARTIAL_PRESENT	ABSENT	PARTIAL_PRESENT	PARTIAL_PRESENT	title_n:PARTIAL_PRESENT	GAP_PRESENT	Content coverage only; no Ozon ranking-weight claim.
1640330072	FAMILY::slavic	зеркало оберег на шею славянское	FAMILY_RELEVANT	PARTIAL_PRESENT	ABSENT	PARTIAL_PRESENT	PARTIAL_PRESENT	title_n:PARTIAL_PRESENT	GAP_PRESENT	Content coverage only; no Ozon ranking-weight claim.
1640330072	USE::car_mirror	зеркало с черепами	GENERIC_RELEVANT	ABSENT	ABSENT	ABSENT	ABSENT		GAP_PRESENT	Content coverage only; no Ozon ranking-weight claim.
1640330072	FAMILY::slavic	золотой славянский оберег	FAMILY_RELEVANT	ABSENT	ABSENT	ABSENT	ABSENT		GAP_PRESENT	Content coverage only; no Ozon ranking-weight claim.
1640330072	UNCLEAR::38ea3863b2	коловрат	AMBIGUOUS_HOLD	ABSENT	ABSENT	ABSENT	ABSENT		GAP_PRESENT	Content coverage only; no Ozon ranking-weight claim.
1640330072	USE::car_mirror	коловрат в машину	GENERIC_RELEVANT	ABSENT	ABSENT	ABSENT	ABSENT		GAP_PRESENT	Content coverage only; no Ozon ranking-weight claim.
1640330072	UNCLEAR::6c92d4e630	коловратка	AMBIGUOUS_HOLD	ABSENT	ABSENT	ABSENT	ABSENT		GAP_PRESENT	Content coverage only; no Ozon ranking-weight claim.
1640330072	USE::car_mirror	на зеркало в машину украшение	GENERIC_RELEVANT	SEMANTIC_PRESENT	ABSENT	SEMANTIC_PRESENT	SEMANTIC_PRESENT	title_n:SEMANTIC_PRESENT	GAP_PRESENT	Content coverage only; no Ozon ranking-weight claim.
1640330072	USE::protection	оберег	GENERIC_RELEVANT	EXACT_PRESENT	ABSENT	EXACT_PRESENT	EXACT_PRESENT	title_n:EXACT_PRESENT	GAP_PRESENT	Content coverage only; no Ozon ranking-weight claim.
1640330072	USE::car_mirror	повесить в машину	GENERIC_RELEVANT	ABSENT	ABSENT	SEMANTIC_PRESENT	SEMANTIC_PRESENT	attr_n:SEMANTIC_PRESENT	GAP_PRESENT	Content coverage only; no Ozon ranking-weight claim.
1640330072	USE::gift	подарок женщине	AMBIGUOUS_HOLD	ABSENT	ABSENT	SEMANTIC_PRESENT	SEMANTIC_PRESENT	attr_n:SEMANTIC_PRESENT	GAP_PRESENT	Content coverage only; no Ozon ranking-weight claim.
1640330072	USE::gift	подарок мужчине	AMBIGUOUS_HOLD	SEMANTIC_PRESENT	ABSENT	EXACT_PRESENT	SEMANTIC_PRESENT	title_n:SEMANTIC_PRESENT	GAP_PRESENT	Content coverage only; no Ozon ranking-weight claim.
1640330072	USE::gift	подарочный набор для женщин	AMBIGUOUS_HOLD	ABSENT	ABSENT	PARTIAL_PRESENT	PARTIAL_PRESENT	attr_n:PARTIAL_PRESENT	GAP_PRESENT	Content coverage only; no Ozon ranking-weight claim.
1640330072	USE::car_mirror	подвеска в машину	GENERIC_RELEVANT	SEMANTIC_PRESENT	ABSENT	EXACT_PRESENT	SEMANTIC_PRESENT	title_n:SEMANTIC_PRESENT	GAP_PRESENT	Content coverage only; no Ozon ranking-weight claim.
1640330072	USE::car_mirror	подвеска на зеркало в машину	GENERIC_RELEVANT	EXACT_PRESENT	ABSENT	EXACT_PRESENT	EXACT_PRESENT	title_n:EXACT_PRESENT	GAP_PRESENT	Content coverage only; no Ozon ranking-weight claim.
1640330072	USE::car_mirror	подвески на зеркало	GENERIC_RELEVANT	SEMANTIC_PRESENT	ABSENT	SEMANTIC_PRESENT	SEMANTIC_PRESENT	title_n:SEMANTIC_PRESENT	GAP_PRESENT	Content coverage only; no Ozon ranking-weight claim.
1640330072	UNCLEAR::96869e4e1c	руны	AMBIGUOUS_HOLD	ABSENT	ABSENT	EXACT_PRESENT	EXACT_PRESENT	attr_n:EXACT_PRESENT	GAP_PRESENT	Content coverage only; no Ozon ranking-weight claim.
1640330072	CLASS::amulet_pendant	руны подвеска	GENERIC_RELEVANT	ABSENT	ABSENT	SEMANTIC_PRESENT	SEMANTIC_PRESENT	attr_n:SEMANTIC_PRESENT	GAP_PRESENT	Content coverage only; no Ozon ranking-weight claim.
1640330072	FAMILY::slavic	руны славянские	FAMILY_RELEVANT	ABSENT	ABSENT	SEMANTIC_PRESENT	SEMANTIC_PRESENT	attr_n:SEMANTIC_PRESENT	GAP_PRESENT	Content coverage only; no Ozon ranking-weight claim.
1640330072	FAMILY::slavic	славянские аксессуары	FAMILY_RELEVANT	SEMANTIC_PRESENT	ABSENT	SEMANTIC_PRESENT	SEMANTIC_PRESENT	title_n:SEMANTIC_PRESENT	GAP_PRESENT	Content coverage only; no Ozon ranking-weight claim.
1640330072	FAMILY::slavic	славянские обереги	FAMILY_RELEVANT	SEMANTIC_PRESENT	ABSENT	EXACT_PRESENT	EXACT_PRESENT	title_n:SEMANTIC_PRESENT	GAP_PRESENT	Content coverage only; no Ozon ranking-weight claim.
1640330072	FAMILY::slavic	славянские руны	FAMILY_RELEVANT	ABSENT	ABSENT	EXACT_PRESENT	EXACT_PRESENT	attr_n:EXACT_PRESENT	GAP_PRESENT	Content coverage only; no Ozon ranking-weight claim.
1640330072	FAMILY::slavic	славянские украшения	FAMILY_RELEVANT	SEMANTIC_PRESENT	ABSENT	SEMANTIC_PRESENT	SEMANTIC_PRESENT	title_n:SEMANTIC_PRESENT	GAP_PRESENT	Content coverage only; no Ozon ranking-weight claim.
1640330072	FAMILY::slavic	славянский оберег путник в машину	FAMILY_RELEVANT	ABSENT	ABSENT	ABSENT	ABSENT		GAP_PRESENT	Content coverage only; no Ozon ranking-weight claim.
1640330072	USE::car_mirror	талисман в машину на зеркало	GENERIC_RELEVANT	SEMANTIC_PRESENT	ABSENT	SEMANTIC_PRESENT	SEMANTIC_PRESENT	title_n:SEMANTIC_PRESENT	GAP_PRESENT	Content coverage only; no Ozon ranking-weight claim.
1640330072	USE::car_mirror	четки в машину	GENERIC_RELEVANT	SEMANTIC_PRESENT	ABSENT	SEMANTIC_PRESENT	SEMANTIC_PRESENT	title_n:SEMANTIC_PRESENT	GAP_PRESENT	Content coverage only; no Ozon ranking-weight claim.
1640334195	USE::car_mirror	автомобиля подвеска в зеркало	GENERIC_RELEVANT	ABSENT	ABSENT	SEMANTIC_PRESENT	SEMANTIC_PRESENT	attr_n:SEMANTIC_PRESENT	GAP_PRESENT	Content coverage only; no Ozon ranking-weight claim.
1640334195	USE::car_mirror	амулет в машину на зеркало	GENERIC_RELEVANT	SEMANTIC_PRESENT	ABSENT	SEMANTIC_PRESENT	SEMANTIC_PRESENT	title_n:SEMANTIC_PRESENT	GAP_PRESENT	Content coverage only; no Ozon ranking-weight claim.
1640334195	USE::car_mirror	амулет для машины подвеска	GENERIC_RELEVANT	SEMANTIC_PRESENT	ABSENT	SEMANTIC_PRESENT	SEMANTIC_PRESENT	title_n:SEMANTIC_PRESENT	GAP_PRESENT	Content coverage only; no Ozon ranking-weight claim.
1640334195	CLASS::amulet_pendant	амулет из дерева	GENERIC_RELEVANT	ABSENT	ABSENT	ABSENT	ABSENT		GAP_PRESENT	Content coverage only; no Ozon ranking-weight claim.
1640334195	USE::car_mirror	аодвеска зеркало	GENERIC_RELEVANT	ABSENT	ABSENT	ABSENT	ABSENT		GAP_PRESENT	Content coverage only; no Ozon ranking-weight claim.
1640334195	USE::car_mirror	борьба подвеска на зеркало	GENERIC_RELEVANT	ABSENT	ABSENT	SEMANTIC_PRESENT	SEMANTIC_PRESENT	attr_n:SEMANTIC_PRESENT	GAP_PRESENT	Content coverage only; no Ozon ranking-weight claim.
1640334195	USE::car_mirror	брелок в машину на зеркало пушистики	GENERIC_RELEVANT	ABSENT	ABSENT	ABSENT	ABSENT		GAP_PRESENT	Content coverage only; no Ozon ranking-weight claim.
1640334195	USE::car_mirror	брелоки в машину на зеркало кокошник	GENERIC_RELEVANT	ABSENT	ABSENT	ABSENT	ABSENT		GAP_PRESENT	Content coverage only; no Ozon ranking-weight claim.
1640334195	FAMILY::slavic	бусина славянские символ	FAMILY_RELEVANT	ABSENT	ABSENT	SEMANTIC_PRESENT	SEMANTIC_PRESENT	attr_n:SEMANTIC_PRESENT	GAP_PRESENT	Content coverage only; no Ozon ranking-weight claim.
1640334195	USE::car_mirror	в машину подвеска	GENERIC_RELEVANT	SEMANTIC_PRESENT	ABSENT	EXACT_PRESENT	SEMANTIC_PRESENT	title_n:SEMANTIC_PRESENT	GAP_PRESENT	Content coverage only; no Ozon ranking-weight claim.
1640334195	USE::car_mirror	вольного борца подвеска в машину	GENERIC_RELEVANT	ABSENT	ABSENT	ABSENT	ABSENT		GAP_PRESENT	Content coverage only; no Ozon ranking-weight claim.
1640334195	USE::car_mirror	зеркальный оберег	GENERIC_RELEVANT	ABSENT	ABSENT	ABSENT	ABSENT		GAP_PRESENT	Content coverage only; no Ozon ranking-weight claim.
1640334195	UNCLEAR::c2cb878802	значок всеслав	AMBIGUOUS_HOLD	ABSENT	ABSENT	PARTIAL_PRESENT	PARTIAL_PRESENT	attr_n:PARTIAL_PRESENT	GAP_PRESENT	Content coverage only; no Ozon ranking-weight claim.
1640334195	USE::car_mirror	игрушка на зеркало в машину голова корса	GENERIC_RELEVANT	ABSENT	ABSENT	ABSENT	ABSENT		GAP_PRESENT	Content coverage only; no Ozon ranking-weight claim.
1640334195	USE::car_mirror	кулончик с зеркалом оберег	GENERIC_RELEVANT	ABSENT	ABSENT	ABSENT	ABSENT		GAP_PRESENT	Content coverage only; no Ozon ranking-weight claim.
1640334195	USE::car_mirror	на зеркало автомобиля подвеска красная	GENERIC_RELEVANT	ABSENT	ABSENT	PARTIAL_PRESENT	PARTIAL_PRESENT	attr_n:PARTIAL_PRESENT	GAP_PRESENT	Content coverage only; no Ozon ranking-weight claim.
1640334195	USE::protection	оберег	GENERIC_RELEVANT	EXACT_PRESENT	ABSENT	EXACT_PRESENT	EXACT_PRESENT	title_n:EXACT_PRESENT	GAP_PRESENT	Content coverage only; no Ozon ranking-weight claim.
1640334195	USE::car_mirror	оберег в машину	GENERIC_RELEVANT	SEMANTIC_PRESENT	ABSENT	SEMANTIC_PRESENT	SEMANTIC_PRESENT	title_n:SEMANTIC_PRESENT	GAP_PRESENT	Content coverage only; no Ozon ranking-weight claim.
1640334195	USE::protection	оберег для дома	GENERIC_RELEVANT	ABSENT	ABSENT	SEMANTIC_PRESENT	SEMANTIC_PRESENT	attr_n:SEMANTIC_PRESENT	GAP_PRESENT	Content coverage only; no Ozon ranking-weight claim.
1640334195	USE::car_mirror	оберег подвеска в машину	GENERIC_RELEVANT	SEMANTIC_PRESENT	ABSENT	SEMANTIC_PRESENT	SEMANTIC_PRESENT	title_n:SEMANTIC_PRESENT	GAP_PRESENT	Content coverage only; no Ozon ranking-weight claim.
1640334195	USE::car_mirror	оберег с зеркалом	GENERIC_RELEVANT	ABSENT	ABSENT	ABSENT	ABSENT		GAP_PRESENT	Content coverage only; no Ozon ranking-weight claim.
1640334195	FAMILY::slavic	оберег славянский	FAMILY_RELEVANT	SEMANTIC_PRESENT	ABSENT	SEMANTIC_PRESENT	SEMANTIC_PRESENT	title_n:SEMANTIC_PRESENT	GAP_PRESENT	Content coverage only; no Ozon ranking-weight claim.
1640334195	USE::protection	обереготсглаза	GENERIC_RELEVANT	ABSENT	ABSENT	EXACT_PRESENT	ABSENT	attr_n:EXACT_PRESENT	GAP_PRESENT	Content coverage only; no Ozon ranking-weight claim.
1640334195	USE::car_mirror	подвеска блюрилок в машину женская на зеркало	GENERIC_RELEVANT	ABSENT	ABSENT	ABSENT	ABSENT		GAP_PRESENT	Content coverage only; no Ozon ranking-weight claim.
1640334195	USE::car_mirror	подвеска в машину	GENERIC_RELEVANT	SEMANTIC_PRESENT	ABSENT	EXACT_PRESENT	SEMANTIC_PRESENT	title_n:SEMANTIC_PRESENT	GAP_PRESENT	Content coverage only; no Ozon ranking-weight claim.
1640334195	USE::car_mirror	подвеска в машину мягкий пушистый ежик	GENERIC_RELEVANT	ABSENT	ABSENT	ABSENT	ABSENT		GAP_PRESENT	Content coverage only; no Ozon ranking-weight claim.
1640334195	USE::car_mirror	подвеска в машину на зеркало а	GENERIC_RELEVANT	SEMANTIC_PRESENT	ABSENT	SEMANTIC_PRESENT	SEMANTIC_PRESENT	title_n:SEMANTIC_PRESENT	GAP_PRESENT	Content coverage only; no Ozon ranking-weight claim.
1640334195	USE::car_mirror	подвеска в машину на зеркало домов	GENERIC_RELEVANT	ABSENT	ABSENT	ABSENT	ABSENT		GAP_PRESENT	Content coverage only; no Ozon ranking-weight claim.
1640334195	USE::car_mirror	подвеска в машину на зеркало ма ка крик	GENERIC_RELEVANT	ABSENT	ABSENT	ABSENT	ABSENT		GAP_PRESENT	Content coverage only; no Ozon ranking-weight claim.
1640334195	USE::car_mirror	подвеска в машину на зеркало мусульманская сердечка	GENERIC_RELEVANT	ABSENT	ABSENT	ABSENT	ABSENT		GAP_PRESENT	Content coverage only; no Ozon ranking-weight claim.
1640334195	USE::car_mirror	подвеска в машину на зеркало юрта	GENERIC_RELEVANT	ABSENT	ABSENT	ABSENT	ABSENT		GAP_PRESENT	Content coverage only; no Ozon ranking-weight claim.
1640334195	USE::car_mirror	подвеска для машины перчатка написанными ufc	GENERIC_RELEVANT	PARTIAL_PRESENT	ABSENT	PARTIAL_PRESENT	PARTIAL_PRESENT	title_n:PARTIAL_PRESENT	GAP_PRESENT	Content coverage only; no Ozon ranking-weight claim.
1640334195	FAMILY::slavic	подвеска монетки в машину славянский оберег	FAMILY_RELEVANT	ABSENT	ABSENT	ABSENT	ABSENT		GAP_PRESENT	Content coverage only; no Ozon ranking-weight claim.
1640334195	USE::car_mirror	подвеска на зеркало автомобиля акула	GENERIC_RELEVANT	ABSENT	ABSENT	PARTIAL_PRESENT	PARTIAL_PRESENT	attr_n:PARTIAL_PRESENT	GAP_PRESENT	Content coverage only; no Ozon ranking-weight claim.
1640334195	USE::car_mirror	подвеска на зеркало в машину	GENERIC_RELEVANT	EXACT_PRESENT	ABSENT	EXACT_PRESENT	EXACT_PRESENT	title_n:EXACT_PRESENT	GAP_PRESENT	Content coverage only; no Ozon ranking-weight claim.
1640334195	FAMILY::slavic	подвеска на зеркало славянская	FAMILY_RELEVANT	SEMANTIC_PRESENT	ABSENT	SEMANTIC_PRESENT	SEMANTIC_PRESENT	title_n:SEMANTIC_PRESENT	GAP_PRESENT	Content coverage only; no Ozon ranking-weight claim.
1640334195	USE::car_mirror	руны подвеска в машину	GENERIC_RELEVANT	ABSENT	ABSENT	ABSENT	ABSENT		GAP_PRESENT	Content coverage only; no Ozon ranking-weight claim.
1640334195	FAMILY::slavic	руны славянские бусины	FAMILY_RELEVANT	ABSENT	ABSENT	PARTIAL_PRESENT	PARTIAL_PRESENT	attr_n:PARTIAL_PRESENT	GAP_PRESENT	Content coverage only; no Ozon ranking-weight claim.
1640334195	USE::protection	семейный оберег	GENERIC_RELEVANT	ABSENT	ABSENT	SEMANTIC_PRESENT	SEMANTIC_PRESENT	attr_n:SEMANTIC_PRESENT	GAP_PRESENT	Content coverage only; no Ozon ranking-weight claim.
1640334195	FAMILY::slavic	славянские обереги	FAMILY_RELEVANT	SEMANTIC_PRESENT	ABSENT	EXACT_PRESENT	EXACT_PRESENT	title_n:SEMANTIC_PRESENT	GAP_PRESENT	Content coverage only; no Ozon ranking-weight claim.
1640334195	FAMILY::slavic	славянские обереги мужские	FAMILY_RELEVANT	SEMANTIC_PRESENT	ABSENT	SEMANTIC_PRESENT	SEMANTIC_PRESENT	title_n:SEMANTIC_PRESENT	GAP_PRESENT	Content coverage only; no Ozon ranking-weight claim.
1640334195	FAMILY::slavic	славянские украшения	FAMILY_RELEVANT	SEMANTIC_PRESENT	ABSENT	SEMANTIC_PRESENT	SEMANTIC_PRESENT	title_n:SEMANTIC_PRESENT	GAP_PRESENT	Content coverage only; no Ozon ranking-weight claim.
1640334195	FAMILY::slavic	славянскиеобереги	FAMILY_RELEVANT	ABSENT	ABSENT	ABSENT	ABSENT		GAP_PRESENT	Content coverage only; no Ozon ranking-weight claim.
1640334195	FAMILY::slavic	славянский	FAMILY_RELEVANT	EXACT_PRESENT	ABSENT	EXACT_PRESENT	EXACT_PRESENT	title_n:EXACT_PRESENT	GAP_PRESENT	Content coverage only; no Ozon ranking-weight claim.
1640334195	FAMILY::slavic	славянский крес	FAMILY_RELEVANT	ABSENT	ABSENT	ABSENT	ABSENT		GAP_PRESENT	Content coverage only; no Ozon ranking-weight claim.
1640334195	FAMILY::slavic	славянский оберег	FAMILY_RELEVANT	EXACT_PRESENT	ABSENT	EXACT_PRESENT	EXACT_PRESENT	title_n:EXACT_PRESENT	GAP_PRESENT	Content coverage only; no Ozon ranking-weight claim.
1640334195	FAMILY::slavic	славянский оберег в машину с	FAMILY_RELEVANT	SEMANTIC_PRESENT	ABSENT	SEMANTIC_PRESENT	SEMANTIC_PRESENT	title_n:SEMANTIC_PRESENT	GAP_PRESENT	Content coverage only; no Ozon ranking-weight claim.
1640334195	FAMILY::slavic	славянский омулет в машину	FAMILY_RELEVANT	ABSENT	ABSENT	ABSENT	ABSENT		GAP_PRESENT	Content coverage only; no Ozon ranking-weight claim.
1640334195	USE::protection	талисман	GENERIC_RELEVANT	SEMANTIC_PRESENT	ABSENT	EXACT_PRESENT	EXACT_PRESENT	title_n:SEMANTIC_PRESENT	GAP_PRESENT	Content coverage only; no Ozon ranking-weight claim.
1640334195	FAMILY::slavic	термоаппликация славянская	FAMILY_RELEVANT	PARTIAL_PRESENT	ABSENT	PARTIAL_PRESENT	PARTIAL_PRESENT	title_n:PARTIAL_PRESENT	GAP_PRESENT	Content coverage only; no Ozon ranking-weight claim.
1640334195	USE::car_mirror	украшение подвеска в машину	GENERIC_RELEVANT	SEMANTIC_PRESENT	ABSENT	SEMANTIC_PRESENT	SEMANTIC_PRESENT	title_n:SEMANTIC_PRESENT	GAP_PRESENT	Content coverage only; no Ozon ranking-weight claim.
1640334195	USE::car_mirror	чепочки в машину	GENERIC_RELEVANT	ABSENT	ABSENT	ABSENT	ABSENT		GAP_PRESENT	Content coverage only; no Ozon ranking-weight claim.
1640334195	FAMILY::slavic	четки в машину славянские обереги	FAMILY_RELEVANT	SEMANTIC_PRESENT	ABSENT	SEMANTIC_PRESENT	SEMANTIC_PRESENT	title_n:SEMANTIC_PRESENT	GAP_PRESENT	Content coverage only; no Ozon ranking-weight claim.
1640334195	FAMILY::slavic	четки со славянской символикой	FAMILY_RELEVANT	ABSENT	ABSENT	SEMANTIC_PRESENT	SEMANTIC_PRESENT	attr_n:SEMANTIC_PRESENT	GAP_PRESENT	Content coverage only; no Ozon ranking-weight claim.
1640334195	USE::protection	четки талисман	GENERIC_RELEVANT	SEMANTIC_PRESENT	ABSENT	SEMANTIC_PRESENT	SEMANTIC_PRESENT	title_n:SEMANTIC_PRESENT	GAP_PRESENT	Content coverage only; no Ozon ranking-weight claim.
1640337426	USE::car_mirror	аксессуары салона авто	GENERIC_RELEVANT	SEMANTIC_PRESENT	ABSENT	SEMANTIC_PRESENT	SEMANTIC_PRESENT	title_n:SEMANTIC_PRESENT	GAP_PRESENT	Content coverage only; no Ozon ranking-weight claim.
1640337426	USE::protection	амулет для защиты	GENERIC_RELEVANT	ABSENT	ABSENT	SEMANTIC_PRESENT	SEMANTIC_PRESENT	attr_n:SEMANTIC_PRESENT	GAP_PRESENT	Content coverage only; no Ozon ranking-weight claim.
1640337426	CLASS::amulet_pendant	амулет из дерева	GENERIC_RELEVANT	ABSENT	ABSENT	ABSENT	ABSENT		GAP_PRESENT	Content coverage only; no Ozon ranking-weight claim.
1640337426	CLASS::amulet_pendant	амулет с рунами	GENERIC_RELEVANT	ABSENT	ABSENT	ABSENT	ABSENT		GAP_PRESENT	Content coverage only; no Ozon ranking-weight claim.
1640337426	CLASS::amulet_pendant	амулеты для призывать	GENERIC_RELEVANT	ABSENT	ABSENT	SEMANTIC_PRESENT	SEMANTIC_PRESENT	attr_n:SEMANTIC_PRESENT	GAP_PRESENT	Content coverage only; no Ozon ranking-weight claim.
1640337426	USE::car_mirror	ароматизатор в машину хендай крета на зеркало	GENERIC_RELEVANT	ABSENT	ABSENT	ABSENT	ABSENT		GAP_PRESENT	Content coverage only; no Ozon ranking-weight claim.
1640337426	USE::car_mirror	бог в машину	GENERIC_RELEVANT	ABSENT	ABSENT	ABSENT	ABSENT		GAP_PRESENT	Content coverage only; no Ozon ranking-weight claim.
1640337426	UNCLEAR::851e930e67	браслет в старо словянский	AMBIGUOUS_HOLD	ABSENT	ABSENT	ABSENT	ABSENT		GAP_PRESENT	Content coverage only; no Ozon ranking-weight claim.
1640337426	FAMILY::slavic	браслет мужскойславянское	FAMILY_RELEVANT	ABSENT	ABSENT	ABSENT	ABSENT		GAP_PRESENT	Content coverage only; no Ozon ranking-weight claim.
1640337426	FAMILY::slavic	браслет с старославянский	FAMILY_RELEVANT	ABSENT	ABSENT	ABSENT	ABSENT		GAP_PRESENT	Content coverage only; no Ozon ranking-weight claim.
1640337426	UNCLEAR::53f39e979a	браслет старо словянский	AMBIGUOUS_HOLD	ABSENT	ABSENT	ABSENT	ABSENT		GAP_PRESENT	Content coverage only; no Ozon ranking-weight claim.
1640337426	USE::car_mirror	в машину аксессуары на зеркало подвеска	GENERIC_RELEVANT	SEMANTIC_PRESENT	ABSENT	SEMANTIC_PRESENT	SEMANTIC_PRESENT	title_n:SEMANTIC_PRESENT	GAP_PRESENT	Content coverage only; no Ozon ranking-weight claim.
1640337426	USE::car_mirror	в машину амулет	GENERIC_RELEVANT	SEMANTIC_PRESENT	ABSENT	SEMANTIC_PRESENT	SEMANTIC_PRESENT	title_n:SEMANTIC_PRESENT	GAP_PRESENT	Content coverage only; no Ozon ranking-weight claim.
1640337426	UNCLEAR::302173bfeb	ведические	AMBIGUOUS_HOLD	ABSENT	ABSENT	ABSENT	ABSENT		GAP_PRESENT	Content coverage only; no Ozon ranking-weight claim.
1640337426	CLASS::amulet_pendant	ведический амулет	GENERIC_RELEVANT	ABSENT	ABSENT	ABSENT	ABSENT		GAP_PRESENT	Content coverage only; no Ozon ranking-weight claim.
1640337426	USE::car_mirror	весючка в машину от зглаза на зеркало	GENERIC_RELEVANT	ABSENT	ABSENT	ABSENT	ABSENT		GAP_PRESENT	Content coverage only; no Ozon ranking-weight claim.
1640337426	FAMILY::slavic	вышивка крестом оберегиславянские	FAMILY_RELEVANT	ABSENT	ABSENT	ABSENT	ABSENT		GAP_PRESENT	Content coverage only; no Ozon ranking-weight claim.
1640337426	FAMILY::slavic	деревянная шкатулка старославянская	FAMILY_RELEVANT	ABSENT	ABSENT	ABSENT	ABSENT		GAP_PRESENT	Content coverage only; no Ozon ranking-weight claim.
1640337426	FAMILY::slavic	деревянный оберег славянский	FAMILY_RELEVANT	SEMANTIC_PRESENT	ABSENT	SEMANTIC_PRESENT	SEMANTIC_PRESENT	title_n:SEMANTIC_PRESENT	GAP_PRESENT	Content coverage only; no Ozon ranking-weight claim.
1640337426	FAMILY::slavic	дорожный оберег славянский	FAMILY_RELEVANT	ABSENT	ABSENT	ABSENT	ABSENT		GAP_PRESENT	Content coverage only; no Ozon ranking-weight claim.
1640337426	FAMILY::slavic	древние славяне творчество	FAMILY_RELEVANT	ABSENT	ABSENT	PARTIAL_PRESENT	PARTIAL_PRESENT	attr_n:PARTIAL_PRESENT	GAP_PRESENT	Content coverage only; no Ozon ranking-weight claim.
1640337426	USE::car_mirror	дублирующие зеркала на учебный	GENERIC_RELEVANT	ABSENT	ABSENT	ABSENT	ABSENT		GAP_PRESENT	Content coverage only; no Ozon ranking-weight claim.
1640337426	USE::protection	дух оберег	GENERIC_RELEVANT	ABSENT	ABSENT	ABSENT	ABSENT		GAP_PRESENT	Content coverage only; no Ozon ranking-weight claim.
1640337426	UNCLEAR::6fbfc0a85d	духи	AMBIGUOUS_HOLD	ABSENT	ABSENT	ABSENT	ABSENT		GAP_PRESENT	Content coverage only; no Ozon ranking-weight claim.
1640337426	USE::car_mirror	еврейская заезда подвеска в машину	GENERIC_RELEVANT	ABSENT	ABSENT	ABSENT	ABSENT		GAP_PRESENT	Content coverage only; no Ozon ranking-weight claim.
1640337426	USE::car_mirror	защита оберег в машину	GENERIC_RELEVANT	ABSENT	ABSENT	SEMANTIC_PRESENT	SEMANTIC_PRESENT	attr_n:SEMANTIC_PRESENT	GAP_PRESENT	Content coverage only; no Ozon ranking-weight claim.
1640337426	USE::car_mirror	зеркало	GENERIC_RELEVANT	EXACT_PRESENT	ABSENT	EXACT_PRESENT	EXACT_PRESENT	title_n:EXACT_PRESENT	GAP_PRESENT	Content coverage only; no Ozon ranking-weight claim.
1640337426	USE::car_mirror	зеркало в пол	GENERIC_RELEVANT	ABSENT	ABSENT	ABSENT	ABSENT		GAP_PRESENT	Content coverage only; no Ozon ranking-weight claim.
1640337426	UNCLEAR::38ea3863b2	коловрат	AMBIGUOUS_HOLD	ABSENT	ABSENT	ABSENT	ABSENT		GAP_PRESENT	Content coverage only; no Ozon ranking-weight claim.
1640337426	FAMILY::slavic	костюм мужской старославянский	FAMILY_RELEVANT	ABSENT	ABSENT	ABSENT	ABSENT		GAP_PRESENT	Content coverage only; no Ozon ranking-weight claim.
1640337426	FAMILY::slavic	кросовславянские	FAMILY_RELEVANT	ABSENT	ABSENT	ABSENT	ABSENT		GAP_PRESENT	Content coverage only; no Ozon ranking-weight claim.
1640337426	FAMILY::slavic	льняная рубашка старославянская	FAMILY_RELEVANT	ABSENT	ABSENT	ABSENT	ABSENT		GAP_PRESENT	Content coverage only; no Ozon ranking-weight claim.
1640337426	FAMILY::slavic	медальон старославянская	FAMILY_RELEVANT	ABSENT	ABSENT	ABSENT	ABSENT		GAP_PRESENT	Content coverage only; no Ozon ranking-weight claim.
1640337426	FAMILY::slavic	межславянский	FAMILY_RELEVANT	ABSENT	ABSENT	ABSENT	ABSENT		GAP_PRESENT	Content coverage only; no Ozon ranking-weight claim.
1640337426	FAMILY::slavic	мир старославянской	FAMILY_RELEVANT	ABSENT	ABSENT	ABSENT	ABSENT		GAP_PRESENT	Content coverage only; no Ozon ranking-weight claim.
1640337426	USE::car_mirror	на зеркало в машину украшение	GENERIC_RELEVANT	SEMANTIC_PRESENT	ABSENT	SEMANTIC_PRESENT	SEMANTIC_PRESENT	title_n:SEMANTIC_PRESENT	GAP_PRESENT	Content coverage only; no Ozon ranking-weight claim.
1640337426	USE::car_mirror	на зеркало украшение в машину	GENERIC_RELEVANT	SEMANTIC_PRESENT	ABSENT	SEMANTIC_PRESENT	SEMANTIC_PRESENT	title_n:SEMANTIC_PRESENT	GAP_PRESENT	Content coverage only; no Ozon ranking-weight claim.
1640337426	USE::protection	оберег	GENERIC_RELEVANT	EXACT_PRESENT	ABSENT	EXACT_PRESENT	EXACT_PRESENT	title_n:EXACT_PRESENT	GAP_PRESENT	Content coverage only; no Ozon ranking-weight claim.
1640337426	USE::car_mirror	оберег в машину	GENERIC_RELEVANT	SEMANTIC_PRESENT	ABSENT	SEMANTIC_PRESENT	SEMANTIC_PRESENT	title_n:SEMANTIC_PRESENT	GAP_PRESENT	Content coverage only; no Ozon ranking-weight claim.
1640337426	FAMILY::slavic	оберег славянский	FAMILY_RELEVANT	SEMANTIC_PRESENT	ABSENT	SEMANTIC_PRESENT	SEMANTIC_PRESENT	title_n:SEMANTIC_PRESENT	GAP_PRESENT	Content coverage only; no Ozon ranking-weight claim.
1640337426	USE::car_mirror	обереги для машины	GENERIC_RELEVANT	SEMANTIC_PRESENT	ABSENT	SEMANTIC_PRESENT	SEMANTIC_PRESENT	title_n:SEMANTIC_PRESENT	GAP_PRESENT	Content coverage only; no Ozon ranking-weight claim.
1640337426	USE::protection	обереготсглаза	GENERIC_RELEVANT	ABSENT	ABSENT	EXACT_PRESENT	ABSENT	attr_n:EXACT_PRESENT	GAP_PRESENT	Content coverage only; no Ozon ranking-weight claim.
1640337426	UNCLEAR::72dab1fec3	платье старосла	AMBIGUOUS_HOLD	ABSENT	ABSENT	ABSENT	ABSENT		GAP_PRESENT	Content coverage only; no Ozon ranking-weight claim.
1640337426	USE::gift	подарок	AMBIGUOUS_HOLD	SEMANTIC_PRESENT	ABSENT	EXACT_PRESENT	EXACT_PRESENT	title_n:SEMANTIC_PRESENT	GAP_PRESENT	Content coverage only; no Ozon ranking-weight claim.
1640337426	USE::car_mirror	подвеска в машину	GENERIC_RELEVANT	SEMANTIC_PRESENT	ABSENT	EXACT_PRESENT	SEMANTIC_PRESENT	title_n:SEMANTIC_PRESENT	GAP_PRESENT	Content coverage only; no Ozon ranking-weight claim.
1640337426	USE::car_mirror	подвеска в машину новогодняя 2927	GENERIC_RELEVANT	ABSENT	ABSENT	ABSENT	ABSENT		GAP_PRESENT	Content coverage only; no Ozon ranking-weight claim.
1640337426	USE::car_mirror	подвеска на зеркало в машину	GENERIC_RELEVANT	EXACT_PRESENT	ABSENT	EXACT_PRESENT	EXACT_PRESENT	title_n:EXACT_PRESENT	GAP_PRESENT	Content coverage only; no Ozon ranking-weight claim.
1640337426	UNCLEAR::96869e4e1c	руны	AMBIGUOUS_HOLD	ABSENT	ABSENT	EXACT_PRESENT	EXACT_PRESENT	attr_n:EXACT_PRESENT	GAP_PRESENT	Content coverage only; no Ozon ranking-weight claim.
1640337426	FAMILY::slavic	славянские обереги	FAMILY_RELEVANT	SEMANTIC_PRESENT	ABSENT	EXACT_PRESENT	SEMANTIC_PRESENT	title_n:SEMANTIC_PRESENT	GAP_PRESENT	Content coverage only; no Ozon ranking-weight claim.
1640337426	FAMILY::slavic	славянские руны	FAMILY_RELEVANT	ABSENT	ABSENT	EXACT_PRESENT	EXACT_PRESENT	attr_n:EXACT_PRESENT	GAP_PRESENT	Content coverage only; no Ozon ranking-weight claim.
1640337426	FAMILY::slavic	славянские украшения	FAMILY_RELEVANT	SEMANTIC_PRESENT	ABSENT	SEMANTIC_PRESENT	SEMANTIC_PRESENT	title_n:SEMANTIC_PRESENT	GAP_PRESENT	Content coverage only; no Ozon ranking-weight claim.
1640337426	FAMILY::slavic	славянский бог	FAMILY_RELEVANT	ABSENT	ABSENT	ABSENT	ABSENT		GAP_PRESENT	Content coverage only; no Ozon ranking-weight claim.
1640337426	FAMILY::slavic	славянский оберег	FAMILY_RELEVANT	EXACT_PRESENT	ABSENT	EXACT_PRESENT	EXACT_PRESENT	title_n:EXACT_PRESENT	GAP_PRESENT	Content coverage only; no Ozon ranking-weight claim.
1640337426	USE::car_mirror	талисман в машину на зеркало	GENERIC_RELEVANT	SEMANTIC_PRESENT	ABSENT	SEMANTIC_PRESENT	SEMANTIC_PRESENT	title_n:SEMANTIC_PRESENT	GAP_PRESENT	Content coverage only; no Ozon ranking-weight claim.
1640337426	FAMILY::slavic	четки в машину славянские	FAMILY_RELEVANT	SEMANTIC_PRESENT	ABSENT	SEMANTIC_PRESENT	SEMANTIC_PRESENT	title_n:SEMANTIC_PRESENT	GAP_PRESENT	Content coverage only; no Ozon ranking-weight claim.
1720124782	USE::car_mirror	enjoy the silence подвеска в машину	GENERIC_RELEVANT	ABSENT	ABSENT	ABSENT	ABSENT		GAP_PRESENT	Content coverage only; no Ozon ranking-weight claim.
1720124782	USE::car_mirror	sergio ramos подвеска в машину	GENERIC_RELEVANT	ABSENT	ABSENT	ABSENT	ABSENT		GAP_PRESENT	Content coverage only; no Ozon ranking-weight claim.
1720124782	USE::car_mirror	амулет на зеркало оберег в машину	GENERIC_RELEVANT	SEMANTIC_PRESENT	ABSENT	SEMANTIC_PRESENT	SEMANTIC_PRESENT	title_n:SEMANTIC_PRESENT	GAP_PRESENT	Content coverage only; no Ozon ranking-weight claim.
1720124782	USE::car_mirror	боковые зеркала на машину спасио 1999	GENERIC_RELEVANT	ABSENT	ABSENT	ABSENT	ABSENT		GAP_PRESENT	Content coverage only; no Ozon ranking-weight claim.
1720124782	USE::car_mirror	брелок авто талисман	GENERIC_RELEVANT	ABSENT	ABSENT	ABSENT	ABSENT		GAP_PRESENT	Content coverage only; no Ozon ranking-weight claim.
1720124782	USE::car_mirror	брелок в машину на зеркало пушистики	GENERIC_RELEVANT	ABSENT	ABSENT	ABSENT	ABSENT		GAP_PRESENT	Content coverage only; no Ozon ranking-weight claim.
1720124782	USE::protection	бусина защита акриловая	GENERIC_RELEVANT	ABSENT	ABSENT	PARTIAL_PRESENT	PARTIAL_PRESENT	attr_n:PARTIAL_PRESENT	GAP_PRESENT	Content coverage only; no Ozon ranking-weight claim.
1720124782	FAMILY::zodiac	бусина знаки зодиака	FAMILY_RELEVANT	ABSENT	ABSENT	SEMANTIC_PRESENT	SEMANTIC_PRESENT	attr_n:SEMANTIC_PRESENT	GAP_PRESENT	Content coverage only; no Ozon ranking-weight claim.
1720124782	UNCLEAR::d707ef180b	бусина сила веры	AMBIGUOUS_HOLD	ABSENT	ABSENT	PARTIAL_PRESENT	PARTIAL_PRESENT	attr_n:PARTIAL_PRESENT	GAP_PRESENT	Content coverage only; no Ozon ranking-weight claim.
1720124782	USE::car_mirror	бусины в машину на зеркало	GENERIC_RELEVANT	ABSENT	ABSENT	SEMANTIC_PRESENT	SEMANTIC_PRESENT	attr_n:SEMANTIC_PRESENT	GAP_PRESENT	Content coverage only; no Ozon ranking-weight claim.
1720124782	USE::car_mirror	в машину на зеркало	GENERIC_RELEVANT	SEMANTIC_PRESENT	ABSENT	EXACT_PRESENT	SEMANTIC_PRESENT	title_n:SEMANTIC_PRESENT	GAP_PRESENT	Content coverage only; no Ozon ranking-weight claim.
1720124782	USE::car_mirror	в машину подвеска	GENERIC_RELEVANT	SEMANTIC_PRESENT	ABSENT	EXACT_PRESENT	SEMANTIC_PRESENT	title_n:SEMANTIC_PRESENT	GAP_PRESENT	Content coverage only; no Ozon ranking-weight claim.
1720124782	USE::car_mirror	висюлька в машину на зеркало мужская 18	GENERIC_RELEVANT	ABSENT	ABSENT	PARTIAL_PRESENT	ABSENT	attr_n:PARTIAL_PRESENT	GAP_PRESENT	Content coverage only; no Ozon ranking-weight claim.
1720124782	USE::car_mirror	висюлька в машину на зеркало мусульманская на грузовую	GENERIC_RELEVANT	ABSENT	ABSENT	ABSENT	ABSENT		GAP_PRESENT	Content coverage only; no Ozon ranking-weight claim.
1720124782	ZODIAC_SIGN::стрелец	висюльки в машину на зеркало знак диака стрелец	EXACT_PRODUCT	PARTIAL_PRESENT	PARTIAL_PRESENT	PARTIAL_PRESENT	PARTIAL_PRESENT	title_n:PARTIAL_PRESENT	PARTIAL_GAP	Content coverage only; no Ozon ranking-weight claim.
1720124782	CLASS::amulet_pendant	вымпелы подвески вдв в мошину	GENERIC_RELEVANT	ABSENT	ABSENT	ABSENT	ABSENT		GAP_PRESENT	Content coverage only; no Ozon ranking-weight claim.
1720124782	USE::car_mirror	гномика в машину мягкая на зеркало	GENERIC_RELEVANT	ABSENT	ABSENT	ABSENT	ABSENT		GAP_PRESENT	Content coverage only; no Ozon ranking-weight claim.
1720124782	USE::car_mirror	демон на машину подвеска на стекло маленькие	GENERIC_RELEVANT	ABSENT	ABSENT	ABSENT	ABSENT		GAP_PRESENT	Content coverage only; no Ozon ranking-weight claim.
1720124782	USE::car_mirror	для автомобиля подвеска на зеркало	GENERIC_RELEVANT	ABSENT	ABSENT	SEMANTIC_PRESENT	SEMANTIC_PRESENT	attr_n:SEMANTIC_PRESENT	GAP_PRESENT	Content coverage only; no Ozon ranking-weight claim.
1720124782	UNCLEAR::d0302ca2c9	для гадания на песке	AMBIGUOUS_HOLD	ABSENT	ABSENT	ABSENT	ABSENT		GAP_PRESENT	Content coverage only; no Ozon ranking-weight claim.
1720124782	ZODIAC_SIGN::стрелец	железный стрелец	STRONG_PRODUCT	PARTIAL_PRESENT	PARTIAL_PRESENT	PARTIAL_PRESENT	PARTIAL_PRESENT	title_n:PARTIAL_PRESENT	PARTIAL_GAP	Content coverage only; no Ozon ranking-weight claim.
1720124782	USE::car_mirror	заец в машину	GENERIC_RELEVANT	ABSENT	ABSENT	ABSENT	ABSENT		GAP_PRESENT	Content coverage only; no Ozon ranking-weight claim.
1720124782	USE::car_mirror	зеркало авто подвеска	GENERIC_RELEVANT	SEMANTIC_PRESENT	ABSENT	SEMANTIC_PRESENT	SEMANTIC_PRESENT	title_n:SEMANTIC_PRESENT	GAP_PRESENT	Content coverage only; no Ozon ranking-weight claim.
1720124782	USE::car_mirror	зеркало для обгона на праворую машину	GENERIC_RELEVANT	ABSENT	ABSENT	ABSENT	ABSENT		GAP_PRESENT	Content coverage only; no Ozon ranking-weight claim.
1720124782	USE::car_mirror	зеркало кулон амулет	GENERIC_RELEVANT	ABSENT	ABSENT	ABSENT	ABSENT		GAP_PRESENT	Content coverage only; no Ozon ranking-weight claim.
1720124782	USE::car_mirror	зеркало подвеска	GENERIC_RELEVANT	SEMANTIC_PRESENT	ABSENT	SEMANTIC_PRESENT	SEMANTIC_PRESENT	title_n:SEMANTIC_PRESENT	GAP_PRESENT	Content coverage only; no Ozon ranking-weight claim.
1720124782	USE::car_mirror	знак на машину выйду замуж	GENERIC_RELEVANT	ABSENT	ABSENT	ABSENT	ABSENT		GAP_PRESENT	Content coverage only; no Ozon ranking-weight claim.
1720124782	USE::car_mirror	знак туфелька блестящая на машину	GENERIC_RELEVANT	ABSENT	ABSENT	ABSENT	ABSENT		GAP_PRESENT	Content coverage only; no Ozon ranking-weight claim.
1720124782	FAMILY::zodiac	знаки зодиака	FAMILY_RELEVANT	SEMANTIC_PRESENT	ABSENT	EXACT_PRESENT	SEMANTIC_PRESENT	title_n:SEMANTIC_PRESENT	GAP_PRESENT	Content coverage only; no Ozon ranking-weight claim.
1720124782	USE::car_mirror	игрушка на зеркало в машину пачка сигарет	GENERIC_RELEVANT	ABSENT	ABSENT	ABSENT	ABSENT		GAP_PRESENT	Content coverage only; no Ozon ranking-weight claim.
1720124782	USE::car_mirror	игрушки в машину оберег	GENERIC_RELEVANT	ABSENT	ABSENT	ABSENT	ABSENT		GAP_PRESENT	Content coverage only; no Ozon ranking-weight claim.
1720124782	ZODIAC_SIGN::стрелец	колокольчик оберег в машину стрелец	EXACT_PRODUCT	PARTIAL_PRESENT	PARTIAL_PRESENT	PARTIAL_PRESENT	PARTIAL_PRESENT	title_n:PARTIAL_PRESENT	PARTIAL_GAP	Content coverage only; no Ozon ranking-weight claim.
1720124782	ZODIAC_SIGN::стрелец	коннектор стрелец	STRONG_PRODUCT	PARTIAL_PRESENT	PARTIAL_PRESENT	PARTIAL_PRESENT	PARTIAL_PRESENT	title_n:PARTIAL_PRESENT	PARTIAL_GAP	Content coverage only; no Ozon ranking-weight claim.
1720124782	ZODIAC_SIGN::стрелец	кролик стрелец и	STRONG_PRODUCT	PARTIAL_PRESENT	PARTIAL_PRESENT	PARTIAL_PRESENT	PARTIAL_PRESENT	title_n:PARTIAL_PRESENT	PARTIAL_GAP	Content coverage only; no Ozon ranking-weight claim.
1720124782	USE::car_mirror	кулон зеркало оберег	GENERIC_RELEVANT	ABSENT	ABSENT	ABSENT	ABSENT		GAP_PRESENT	Content coverage only; no Ozon ranking-weight claim.
1720124782	ZODIAC_SIGN::стрелец	"магазин ""стрелец"	STRONG_PRODUCT	PARTIAL_PRESENT	PARTIAL_PRESENT	PARTIAL_PRESENT	PARTIAL_PRESENT	title_n:PARTIAL_PRESENT	PARTIAL_GAP	Content coverage only; no Ozon ranking-weight claim.
1720124782	UNCLEAR::66b69487f2	магические атрибуты	AMBIGUOUS_HOLD	ABSENT	ABSENT	PARTIAL_PRESENT	PARTIAL_PRESENT	attr_n:PARTIAL_PRESENT	GAP_PRESENT	Content coverage only; no Ozon ranking-weight claim.
1720124782	USE::car_mirror	медведь gac плюшевый в машину на зеркало	GENERIC_RELEVANT	ABSENT	ABSENT	ABSENT	ABSENT		GAP_PRESENT	Content coverage only; no Ozon ranking-weight claim.
1720124782	USE::car_mirror	мешочек со смехом подвеска в машину	GENERIC_RELEVANT	ABSENT	ABSENT	ABSENT	ABSENT		GAP_PRESENT	Content coverage only; no Ozon ranking-weight claim.
1720124782	USE::car_mirror	на зеркало в машину	GENERIC_RELEVANT	EXACT_PRESENT	ABSENT	EXACT_PRESENT	EXACT_PRESENT	title_n:EXACT_PRESENT	GAP_PRESENT	Content coverage only; no Ozon ranking-weight claim.
1720124782	CLASS::beads	на четки подвеска	GENERIC_RELEVANT	SEMANTIC_PRESENT	ABSENT	SEMANTIC_PRESENT	SEMANTIC_PRESENT	title_n:SEMANTIC_PRESENT	GAP_PRESENT	Content coverage only; no Ozon ranking-weight claim.
1720124782	USE::car_mirror	оберег в машинк	GENERIC_RELEVANT	ABSENT	ABSENT	ABSENT	ABSENT		GAP_PRESENT	Content coverage only; no Ozon ranking-weight claim.
1720124782	USE::car_mirror	оберег в машину	GENERIC_RELEVANT	SEMANTIC_PRESENT	ABSENT	EXACT_PRESENT	SEMANTIC_PRESENT	title_n:SEMANTIC_PRESENT	GAP_PRESENT	Content coverage only; no Ozon ranking-weight claim.
1720124782	ZODIAC_SIGN::стрелец	оберег для стрелец опал	EXACT_PRODUCT	PARTIAL_PRESENT	PARTIAL_PRESENT	PARTIAL_PRESENT	PARTIAL_PRESENT	title_n:PARTIAL_PRESENT	PARTIAL_GAP	Content coverage only; no Ozon ranking-weight claim.
1720124782	USE::car_mirror	оберег защитный в машину на зеркало	GENERIC_RELEVANT	ABSENT	ABSENT	SEMANTIC_PRESENT	ABSENT	attr_n:SEMANTIC_PRESENT	GAP_PRESENT	Content coverage only; no Ozon ranking-weight claim.
1720124782	USE::car_mirror	подвеска бетмен в машину силткон	GENERIC_RELEVANT	ABSENT	ABSENT	ABSENT	ABSENT		GAP_PRESENT	Content coverage only; no Ozon ranking-weight claim.
1720124782	USE::car_mirror	подвеска в автомобиль	GENERIC_RELEVANT	SEMANTIC_PRESENT	ABSENT	SEMANTIC_PRESENT	SEMANTIC_PRESENT	title_n:SEMANTIC_PRESENT	GAP_PRESENT	Content coverage only; no Ozon ranking-weight claim.
1720124782	USE::car_mirror	подвеска в машину	GENERIC_RELEVANT	SEMANTIC_PRESENT	ABSENT	EXACT_PRESENT	SEMANTIC_PRESENT	title_n:SEMANTIC_PRESENT	GAP_PRESENT	Content coverage only; no Ozon ranking-weight claim.
1720124782	USE::car_mirror	подвеска в машину демон они на четках	GENERIC_RELEVANT	ABSENT	ABSENT	PARTIAL_PRESENT	PARTIAL_PRESENT	attr_n:PARTIAL_PRESENT	GAP_PRESENT	Content coverage only; no Ozon ranking-weight claim.
1720124782	USE::car_mirror	подвеска в машину мужская оберег	GENERIC_RELEVANT	ABSENT	ABSENT	SEMANTIC_PRESENT	ABSENT	attr_n:SEMANTIC_PRESENT	GAP_PRESENT	Content coverage only; no Ozon ranking-weight claim.
1720124782	USE::car_mirror	подвеска в машину на зеркало	GENERIC_RELEVANT	SEMANTIC_PRESENT	ABSENT	EXACT_PRESENT	SEMANTIC_PRESENT	title_n:SEMANTIC_PRESENT	GAP_PRESENT	Content coverage only; no Ozon ranking-weight claim.
1720124782	USE::car_mirror	подвеска на зеркало в машину	GENERIC_RELEVANT	EXACT_PRESENT	ABSENT	EXACT_PRESENT	EXACT_PRESENT	title_n:EXACT_PRESENT	GAP_PRESENT	Content coverage only; no Ozon ranking-weight claim.
1720124782	ZODIAC_SIGN::стрелец	подвеска стрелец	EXACT_PRODUCT	SEMANTIC_PRESENT	SEMANTIC_PRESENT	SEMANTIC_PRESENT	SEMANTIC_PRESENT	title_n:SEMANTIC_PRESENT	NO_GAP	Content coverage only; no Ozon ranking-weight claim.
1720124782	ZODIAC_SIGN::стрелец	стрелец	STRONG_PRODUCT	EXACT_PRESENT	EXACT_PRESENT	EXACT_PRESENT	EXACT_PRESENT	title_n:EXACT_PRESENT	NO_GAP	Content coverage only; no Ozon ranking-weight claim.
1720124782	ZODIAC_SIGN::стрелец	талисман в иашину стрелец	EXACT_PRODUCT	PARTIAL_PRESENT	PARTIAL_PRESENT	PARTIAL_PRESENT	PARTIAL_PRESENT	title_n:PARTIAL_PRESENT	PARTIAL_GAP	Content coverage only; no Ozon ranking-weight claim.
1720124782	USE::car_mirror	четки в машину	GENERIC_RELEVANT	SEMANTIC_PRESENT	ABSENT	SEMANTIC_PRESENT	SEMANTIC_PRESENT	title_n:SEMANTIC_PRESENT	GAP_PRESENT	Content coverage only; no Ozon ranking-weight claim.
1720124782	USE::car_mirror	четки в машину на зеркало	GENERIC_RELEVANT	SEMANTIC_PRESENT	ABSENT	SEMANTIC_PRESENT	SEMANTIC_PRESENT	title_n:SEMANTIC_PRESENT	GAP_PRESENT	Content coverage only; no Ozon ranking-weight claim.
1720131759	UNCLEAR::5e9e2089e3	bimbo twins	AMBIGUOUS_HOLD	ABSENT	ABSENT	ABSENT	ABSENT		GAP_PRESENT	Content coverage only; no Ozon ranking-weight claim.
1720131759	USE::car_mirror	авто кресло для близнецов	PARTIAL_RELEVANCE	PARTIAL_PRESENT	PARTIAL_PRESENT	PARTIAL_PRESENT	PARTIAL_PRESENT	title_n:PARTIAL_PRESENT	PARTIAL_GAP	Content coverage only; no Ozon ranking-weight claim.
1720131759	USE::car_mirror	аксессуары в машину на зеркало подвеска	GENERIC_RELEVANT	SEMANTIC_PRESENT	ABSENT	SEMANTIC_PRESENT	SEMANTIC_PRESENT	title_n:SEMANTIC_PRESENT	GAP_PRESENT	Content coverage only; no Ozon ranking-weight claim.
1720131759	ZODIAC_SIGN::близнецы	амулет близнецы в машин	EXACT_PRODUCT	SEMANTIC_PRESENT	PARTIAL_PRESENT	SEMANTIC_PRESENT	SEMANTIC_PRESENT	title_n:SEMANTIC_PRESENT	PARTIAL_GAP	Content coverage only; no Ozon ranking-weight claim.
1720131759	ZODIAC_SIGN::близнецы	амулет близнецы в машину подвеска	EXACT_PRODUCT	SEMANTIC_PRESENT	SEMANTIC_PRESENT	SEMANTIC_PRESENT	SEMANTIC_PRESENT	title_n:SEMANTIC_PRESENT	NO_GAP	Content coverage only; no Ozon ranking-weight claim.
1720131759	USE::protection	амулеты обереги и талисманы	GENERIC_RELEVANT	SEMANTIC_PRESENT	ABSENT	EXACT_PRESENT	SEMANTIC_PRESENT	title_n:SEMANTIC_PRESENT	GAP_PRESENT	Content coverage only; no Ozon ranking-weight claim.
1720131759	USE::car_mirror	аятол корси на машину на салон зеркало	GENERIC_RELEVANT	ABSENT	ABSENT	ABSENT	ABSENT		GAP_PRESENT	Content coverage only; no Ozon ranking-weight claim.
1720131759	USE::car_mirror	бабой яга в машину подвеска	GENERIC_RELEVANT	ABSENT	ABSENT	ABSENT	ABSENT		GAP_PRESENT	Content coverage only; no Ozon ranking-weight claim.
1720131759	ZODIAC_SIGN::близнецы	близнецы	STRONG_PRODUCT	EXACT_PRESENT	EXACT_PRESENT	EXACT_PRESENT	EXACT_PRESENT	title_n:EXACT_PRESENT	NO_GAP	Content coverage only; no Ozon ranking-weight claim.
1720131759	ZODIAC_SIGN::близнецы	близнецы драконы	STRONG_PRODUCT	PARTIAL_PRESENT	PARTIAL_PRESENT	PARTIAL_PRESENT	PARTIAL_PRESENT	title_n:PARTIAL_PRESENT	PARTIAL_GAP	Content coverage only; no Ozon ranking-weight claim.
1720131759	ZODIAC_SIGN::близнецы	близнецы подарок в машину	EXACT_PRODUCT	SEMANTIC_PRESENT	SEMANTIC_PRESENT	SEMANTIC_PRESENT	SEMANTIC_PRESENT	title_n:SEMANTIC_PRESENT	NO_GAP	Content coverage only; no Ozon ranking-weight claim.
1720131759	USE::car_mirror	брелок в машину на зеркало оберег сузуки на камне	GENERIC_RELEVANT	ABSENT	ABSENT	ABSENT	ABSENT		GAP_PRESENT	Content coverage only; no Ozon ranking-weight claim.
1720131759	USE::car_mirror	брелок в машину на зеркало пушистики	GENERIC_RELEVANT	ABSENT	ABSENT	ABSENT	ABSENT		GAP_PRESENT	Content coverage only; no Ozon ranking-weight claim.
1720131759	USE::car_mirror	брелок на зеркало в машину фемида	GENERIC_RELEVANT	ABSENT	ABSENT	ABSENT	ABSENT		GAP_PRESENT	Content coverage only; no Ozon ranking-weight claim.
1720131759	USE::protection	брелок оберег талисман	GENERIC_RELEVANT	ABSENT	ABSENT	ABSENT	ABSENT		GAP_PRESENT	Content coverage only; no Ozon ranking-weight claim.
1720131759	ZODIAC_SIGN::близнецы	брелоки знак зодиака близнецы	EXACT_PRODUCT	PARTIAL_PRESENT	PARTIAL_PRESENT	PARTIAL_PRESENT	PARTIAL_PRESENT	title_n:PARTIAL_PRESENT	PARTIAL_GAP	Content coverage only; no Ozon ranking-weight claim.
1720131759	USE::car_mirror	в машину на зеркало	GENERIC_RELEVANT	SEMANTIC_PRESENT	ABSENT	EXACT_PRESENT	SEMANTIC_PRESENT	title_n:SEMANTIC_PRESENT	GAP_PRESENT	Content coverage only; no Ozon ranking-weight claim.
1720131759	USE::car_mirror	вонючка в машину оберег от дпс	GENERIC_RELEVANT	ABSENT	ABSENT	ABSENT	ABSENT		GAP_PRESENT	Content coverage only; no Ozon ranking-weight claim.
1720131759	UNCLEAR::e39ad6111d	все для близнецов	PARTIAL_RELEVANCE	PARTIAL_PRESENT	PARTIAL_PRESENT	PARTIAL_PRESENT	PARTIAL_PRESENT	title_n:PARTIAL_PRESENT	PARTIAL_GAP	Content coverage only; no Ozon ranking-weight claim.
1720131759	USE::protection	деревянные обереги	GENERIC_RELEVANT	ABSENT	ABSENT	ABSENT	ABSENT		GAP_PRESENT	Content coverage only; no Ozon ranking-weight claim.
1720131759	USE::car_mirror	зеркала на машину ниссан wingroas боковые	GENERIC_RELEVANT	ABSENT	ABSENT	ABSENT	ABSENT		GAP_PRESENT	Content coverage only; no Ozon ranking-weight claim.
1720131759	USE::car_mirror	зеркало	GENERIC_RELEVANT	EXACT_PRESENT	ABSENT	EXACT_PRESENT	EXACT_PRESENT	title_n:EXACT_PRESENT	GAP_PRESENT	Content coverage only; no Ozon ranking-weight claim.
1720131759	USE::car_mirror	зеркало деревянное для творчества	GENERIC_RELEVANT	ABSENT	ABSENT	ABSENT	ABSENT		GAP_PRESENT	Content coverage only; no Ozon ranking-weight claim.
1720131759	ZODIAC_SIGN::близнецы	знак близнецы м	STRONG_PRODUCT	SEMANTIC_PRESENT	SEMANTIC_PRESENT	SEMANTIC_PRESENT	SEMANTIC_PRESENT	title_n:SEMANTIC_PRESENT	NO_GAP	Content coverage only; no Ozon ranking-weight claim.
1720131759	ZODIAC_SIGN::близнецы	знак зодиака близнецы сувенир	EXACT_PRODUCT	PARTIAL_PRESENT	PARTIAL_PRESENT	PARTIAL_PRESENT	PARTIAL_PRESENT	title_n:PARTIAL_PRESENT	PARTIAL_GAP	Content coverage only; no Ozon ranking-weight claim.
1720131759	USE::car_mirror	знак со стразами учебная машина	GENERIC_RELEVANT	ABSENT	ABSENT	ABSENT	ABSENT		GAP_PRESENT	Content coverage only; no Ozon ranking-weight claim.
1720131759	USE::car_mirror	из дерева в машину подвеска	GENERIC_RELEVANT	ABSENT	ABSENT	SEMANTIC_PRESENT	SEMANTIC_PRESENT	attr_n:SEMANTIC_PRESENT	GAP_PRESENT	Content coverage only; no Ozon ranking-weight claim.
1720131759	UNCLEAR::c49b37672e	камень для близнецов	PARTIAL_RELEVANCE	PARTIAL_PRESENT	PARTIAL_PRESENT	PARTIAL_PRESENT	PARTIAL_PRESENT	title_n:PARTIAL_PRESENT	PARTIAL_GAP	Content coverage only; no Ozon ranking-weight claim.
1720131759	UNCLEAR::f437be9c5f	кружка для близнеца	PARTIAL_RELEVANCE	PARTIAL_PRESENT	PARTIAL_PRESENT	PARTIAL_PRESENT	PARTIAL_PRESENT	title_n:PARTIAL_PRESENT	PARTIAL_GAP	Content coverage only; no Ozon ranking-weight claim.
1720131759	UNCLEAR::6b9ea9e826	кулон близнец	PARTIAL_RELEVANCE	PARTIAL_PRESENT	PARTIAL_PRESENT	PARTIAL_PRESENT	PARTIAL_PRESENT	title_n:PARTIAL_PRESENT	PARTIAL_GAP	Content coverage only; no Ozon ranking-weight claim.
1720131759	USE::protection	лада оберег	GENERIC_RELEVANT	ABSENT	ABSENT	ABSENT	ABSENT		GAP_PRESENT	Content coverage only; no Ozon ranking-weight claim.
1720131759	USE::car_mirror	ловец снов в машину	GENERIC_RELEVANT	ABSENT	ABSENT	ABSENT	ABSENT		GAP_PRESENT	Content coverage only; no Ozon ranking-weight claim.
1720131759	UNCLEAR::b8a7adaa98	мужчине на день рождения	AMBIGUOUS_HOLD	ABSENT	ABSENT	EXACT_PRESENT	ABSENT	attr_n:EXACT_PRESENT	GAP_PRESENT	Content coverage only; no Ozon ranking-weight claim.
1720131759	USE::protection	мусульманский оберег на веревочке	GENERIC_RELEVANT	ABSENT	ABSENT	ABSENT	ABSENT		GAP_PRESENT	Content coverage only; no Ozon ranking-weight claim.
1720131759	USE::car_mirror	на зеркало авто подвеска	GENERIC_RELEVANT	SEMANTIC_PRESENT	ABSENT	SEMANTIC_PRESENT	SEMANTIC_PRESENT	title_n:SEMANTIC_PRESENT	GAP_PRESENT	Content coverage only; no Ozon ranking-weight claim.
1720131759	UNCLEAR::6b5297fb6c	набор	AMBIGUOUS_HOLD	SEMANTIC_PRESENT	ABSENT	SEMANTIC_PRESENT	SEMANTIC_PRESENT	title_n:SEMANTIC_PRESENT	GAP_PRESENT	Content coverage only; no Ozon ranking-weight claim.
1720131759	USE::protection	оберег	GENERIC_RELEVANT	EXACT_PRESENT	ABSENT	EXACT_PRESENT	EXACT_PRESENT	title_n:EXACT_PRESENT	GAP_PRESENT	Content coverage only; no Ozon ranking-weight claim.
1720131759	USE::car_mirror	оберег в машину	GENERIC_RELEVANT	SEMANTIC_PRESENT	ABSENT	EXACT_PRESENT	SEMANTIC_PRESENT	title_n:SEMANTIC_PRESENT	GAP_PRESENT	Content coverage only; no Ozon ranking-weight claim.
1720131759	USE::car_mirror	оберег для машины	GENERIC_RELEVANT	SEMANTIC_PRESENT	ABSENT	SEMANTIC_PRESENT	SEMANTIC_PRESENT	title_n:SEMANTIC_PRESENT	GAP_PRESENT	Content coverage only; no Ozon ranking-weight claim.
1720131759	USE::protection	обереги и талисманы	GENERIC_RELEVANT	SEMANTIC_PRESENT	ABSENT	EXACT_PRESENT	SEMANTIC_PRESENT	title_n:SEMANTIC_PRESENT	GAP_PRESENT	Content coverage only; no Ozon ranking-weight claim.
1720131759	USE::car_mirror	омулет оберегающий в машину	GENERIC_RELEVANT	ABSENT	ABSENT	ABSENT	ABSENT		GAP_PRESENT	Content coverage only; no Ozon ranking-weight claim.
1720131759	ZODIAC_SIGN::близнецы	подвеска близнецы	EXACT_PRODUCT	SEMANTIC_PRESENT	SEMANTIC_PRESENT	SEMANTIC_PRESENT	SEMANTIC_PRESENT	title_n:SEMANTIC_PRESENT	NO_GAP	Content coverage only; no Ozon ranking-weight claim.
1720131759	USE::car_mirror	подвеска в ладу на зеркало	GENERIC_RELEVANT	ABSENT	ABSENT	ABSENT	ABSENT		GAP_PRESENT	Content coverage only; no Ozon ranking-weight claim.
1720131759	USE::car_mirror	подвеска в машину	GENERIC_RELEVANT	SEMANTIC_PRESENT	ABSENT	EXACT_PRESENT	SEMANTIC_PRESENT	title_n:SEMANTIC_PRESENT	GAP_PRESENT	Content coverage only; no Ozon ranking-weight claim.
1720131759	USE::car_mirror	подвеска в машину лучше пешком	GENERIC_RELEVANT	ABSENT	ABSENT	ABSENT	ABSENT		GAP_PRESENT	Content coverage only; no Ozon ranking-weight claim.
1720131759	FAMILY::zodiac	подвеска в машину на зеркало знак зодиака	FAMILY_RELEVANT	SEMANTIC_PRESENT	ABSENT	SEMANTIC_PRESENT	SEMANTIC_PRESENT	title_n:SEMANTIC_PRESENT	GAP_PRESENT	Content coverage only; no Ozon ranking-weight claim.
1720131759	USE::car_mirror	подвеска в машину на зеркало ма ка крик	GENERIC_RELEVANT	ABSENT	ABSENT	ABSENT	ABSENT		GAP_PRESENT	Content coverage only; no Ozon ranking-weight claim.
1720131759	USE::car_mirror	подвеска в машину на зеркало оскал тигра	GENERIC_RELEVANT	ABSENT	ABSENT	ABSENT	ABSENT		GAP_PRESENT	Content coverage only; no Ozon ranking-weight claim.
1720131759	USE::car_mirror	подвеска на зеркало автомобиля акула	GENERIC_RELEVANT	ABSENT	ABSENT	PARTIAL_PRESENT	PARTIAL_PRESENT	attr_n:PARTIAL_PRESENT	GAP_PRESENT	Content coverage only; no Ozon ranking-weight claim.
1720131759	USE::car_mirror	подвеска на зеркало в машину	GENERIC_RELEVANT	EXACT_PRESENT	ABSENT	EXACT_PRESENT	EXACT_PRESENT	title_n:EXACT_PRESENT	GAP_PRESENT	Content coverage only; no Ozon ranking-weight claim.
1720131759	USE::car_mirror	подвеска на зеркало щущеная голоаа	GENERIC_RELEVANT	ABSENT	ABSENT	ABSENT	ABSENT		GAP_PRESENT	Content coverage only; no Ozon ranking-weight claim.
1720131759	USE::car_mirror	подвеска россия на зеркало в машину	GENERIC_RELEVANT	ABSENT	ABSENT	SEMANTIC_PRESENT	ABSENT	attr_n:SEMANTIC_PRESENT	GAP_PRESENT	Content coverage only; no Ozon ranking-weight claim.
1720131759	ZODIAC_SIGN::близнецы	свеча для знака близнецы	STRONG_PRODUCT	PARTIAL_PRESENT	PARTIAL_PRESENT	PARTIAL_PRESENT	PARTIAL_PRESENT	title_n:PARTIAL_PRESENT	PARTIAL_GAP	Content coverage only; no Ozon ranking-weight claim.
1720131759	USE::car_mirror	талисман в машину иконка близнецов	PARTIAL_RELEVANCE	PARTIAL_PRESENT	PARTIAL_PRESENT	PARTIAL_PRESENT	PARTIAL_PRESENT	title_n:PARTIAL_PRESENT	PARTIAL_GAP	Content coverage only; no Ozon ranking-weight claim.
1720131759	ZODIAC_SIGN::близнецы	талисман маска для знака зодиака близнецы	EXACT_PRODUCT	PARTIAL_PRESENT	PARTIAL_PRESENT	PARTIAL_PRESENT	PARTIAL_PRESENT	title_n:PARTIAL_PRESENT	PARTIAL_GAP	Content coverage only; no Ozon ranking-weight claim.
1720131759	USE::protection	талисманы и обереги	GENERIC_RELEVANT	SEMANTIC_PRESENT	ABSENT	SEMANTIC_PRESENT	SEMANTIC_PRESENT	title_n:SEMANTIC_PRESENT	GAP_PRESENT	Content coverage only; no Ozon ranking-weight claim.
1720131759	USE::car_mirror	четки в автомобиль	GENERIC_RELEVANT	SEMANTIC_PRESENT	ABSENT	SEMANTIC_PRESENT	SEMANTIC_PRESENT	title_n:SEMANTIC_PRESENT	GAP_PRESENT	Content coverage only; no Ozon ranking-weight claim.
1720131759	USE::car_mirror	четки в машину	GENERIC_RELEVANT	SEMANTIC_PRESENT	ABSENT	SEMANTIC_PRESENT	SEMANTIC_PRESENT	title_n:SEMANTIC_PRESENT	GAP_PRESENT	Content coverage only; no Ozon ranking-weight claim.
1720137256	USE::car_mirror	forza кимоно подвеска в машину	GENERIC_RELEVANT	ABSENT	ABSENT	ABSENT	ABSENT		GAP_PRESENT	Content coverage only; no Ozon ranking-weight claim.
1720137256	USE::car_mirror	no pasaran подвеска в машину	GENERIC_RELEVANT	ABSENT	ABSENT	ABSENT	ABSENT		GAP_PRESENT	Content coverage only; no Ozon ranking-weight claim.
1720137256	ZODIAC_SIGN::весы	автобильные весы	EXACT_PRODUCT	PARTIAL_PRESENT	PARTIAL_PRESENT	PARTIAL_PRESENT	PARTIAL_PRESENT	title_n:PARTIAL_PRESENT	PARTIAL_GAP	Content coverage only; no Ozon ranking-weight claim.
1720137256	USE::car_mirror	автомобильное подвеска оберег	GENERIC_RELEVANT	ABSENT	ABSENT	ABSENT	ABSENT		GAP_PRESENT	Content coverage only; no Ozon ranking-weight claim.
1720137256	ZODIAC_SIGN::весы	автомобильные весы	EXACT_PRODUCT	SEMANTIC_PRESENT	SEMANTIC_PRESENT	SEMANTIC_PRESENT	SEMANTIC_PRESENT	title_n:SEMANTIC_PRESENT	NO_GAP	Content coverage only; no Ozon ranking-weight claim.
1720137256	FAMILY::zodiac	адамас золото знак зодиака	FAMILY_RELEVANT	ABSENT	ABSENT	ABSENT	ABSENT		GAP_PRESENT	Content coverage only; no Ozon ranking-weight claim.
1720137256	USE::car_mirror	аксессуары в машину подвесаа зеркал барабан	GENERIC_RELEVANT	ABSENT	ABSENT	ABSENT	ABSENT		GAP_PRESENT	Content coverage only; no Ozon ranking-weight claim.
1720137256	USE::car_mirror	амулет в автомобиль на зеркало	GENERIC_RELEVANT	SEMANTIC_PRESENT	ABSENT	SEMANTIC_PRESENT	SEMANTIC_PRESENT	title_n:SEMANTIC_PRESENT	GAP_PRESENT	Content coverage only; no Ozon ranking-weight claim.
1720137256	ZODIAC_SIGN::весы	амулет весы	EXACT_PRODUCT	SEMANTIC_PRESENT	SEMANTIC_PRESENT	SEMANTIC_PRESENT	SEMANTIC_PRESENT	title_n:SEMANTIC_PRESENT	NO_GAP	Content coverage only; no Ozon ranking-weight claim.
1720137256	USE::car_mirror	амулет на машину на зеркало мужской	GENERIC_RELEVANT	SEMANTIC_PRESENT	ABSENT	SEMANTIC_PRESENT	SEMANTIC_PRESENT	title_n:SEMANTIC_PRESENT	GAP_PRESENT	Content coverage only; no Ozon ranking-weight claim.
1720137256	USE::protection	амулеты обереги и талисманы	GENERIC_RELEVANT	SEMANTIC_PRESENT	ABSENT	EXACT_PRESENT	SEMANTIC_PRESENT	title_n:SEMANTIC_PRESENT	GAP_PRESENT	Content coverage only; no Ozon ranking-weight claim.
1720137256	USE::protection	амулеты обереги подвеска	GENERIC_RELEVANT	SEMANTIC_PRESENT	ABSENT	SEMANTIC_PRESENT	SEMANTIC_PRESENT	title_n:SEMANTIC_PRESENT	GAP_PRESENT	Content coverage only; no Ozon ranking-weight claim.
1720137256	USE::car_mirror	аодвеска зеркало	GENERIC_RELEVANT	ABSENT	ABSENT	ABSENT	ABSENT		GAP_PRESENT	Content coverage only; no Ozon ranking-weight claim.
1720137256	USE::car_mirror	балерина в машину подвеска коутящаяся	GENERIC_RELEVANT	ABSENT	ABSENT	ABSENT	ABSENT		GAP_PRESENT	Content coverage only; no Ozon ranking-weight claim.
1720137256	ZODIAC_SIGN::весы	блюдо весы знак зодиака	EXACT_PRODUCT	PARTIAL_PRESENT	PARTIAL_PRESENT	PARTIAL_PRESENT	PARTIAL_PRESENT	title_n:PARTIAL_PRESENT	PARTIAL_GAP	Content coverage only; no Ozon ranking-weight claim.
1720137256	USE::car_mirror	брелок на автомобиль на зеркало	GENERIC_RELEVANT	ABSENT	ABSENT	ABSENT	ABSENT		GAP_PRESENT	Content coverage only; no Ozon ranking-weight claim.
1720137256	ZODIAC_SIGN::весы	брилки с знаком зодиака весы	EXACT_PRODUCT	PARTIAL_PRESENT	PARTIAL_PRESENT	PARTIAL_PRESENT	PARTIAL_PRESENT	title_n:PARTIAL_PRESENT	PARTIAL_GAP	Content coverage only; no Ozon ranking-weight claim.
1720137256	ZODIAC_SIGN::весы	брошка знак зодиака весы	EXACT_PRODUCT	PARTIAL_PRESENT	PARTIAL_PRESENT	PARTIAL_PRESENT	PARTIAL_PRESENT	title_n:PARTIAL_PRESENT	PARTIAL_GAP	Content coverage only; no Ozon ranking-weight claim.
1720137256	USE::car_mirror	бусы в машину на зеркало лада спорт	GENERIC_RELEVANT	ABSENT	ABSENT	ABSENT	ABSENT		GAP_PRESENT	Content coverage only; no Ozon ranking-weight claim.
1720137256	USE::protection	бусы оберег	GENERIC_RELEVANT	ABSENT	ABSENT	ABSENT	ABSENT		GAP_PRESENT	Content coverage only; no Ozon ranking-weight claim.
1720137256	USE::car_mirror	в автомобиль на зеркало подвеска	GENERIC_RELEVANT	SEMANTIC_PRESENT	ABSENT	SEMANTIC_PRESENT	SEMANTIC_PRESENT	title_n:SEMANTIC_PRESENT	GAP_PRESENT	Content coverage only; no Ozon ranking-weight claim.
1720137256	USE::car_mirror	в машину амулет	GENERIC_RELEVANT	SEMANTIC_PRESENT	ABSENT	SEMANTIC_PRESENT	SEMANTIC_PRESENT	title_n:SEMANTIC_PRESENT	GAP_PRESENT	Content coverage only; no Ozon ranking-weight claim.
1720137256	USE::car_mirror	в машину на зеркало	GENERIC_RELEVANT	SEMANTIC_PRESENT	ABSENT	EXACT_PRESENT	SEMANTIC_PRESENT	title_n:SEMANTIC_PRESENT	GAP_PRESENT	Content coverage only; no Ozon ranking-weight claim.
1720137256	USE::car_mirror	в машину на зеркало подвеска четки	GENERIC_RELEVANT	SEMANTIC_PRESENT	ABSENT	SEMANTIC_PRESENT	SEMANTIC_PRESENT	title_n:SEMANTIC_PRESENT	GAP_PRESENT	Content coverage only; no Ozon ranking-weight claim.
1720137256	USE::car_mirror	в машину на удачу очень на счастье	GENERIC_RELEVANT	ABSENT	ABSENT	ABSENT	ABSENT		GAP_PRESENT	Content coverage only; no Ozon ranking-weight claim.
1720137256	USE::car_mirror	в машину подвеска	GENERIC_RELEVANT	SEMANTIC_PRESENT	ABSENT	EXACT_PRESENT	SEMANTIC_PRESENT	title_n:SEMANTIC_PRESENT	GAP_PRESENT	Content coverage only; no Ozon ranking-weight claim.
1720137256	USE::car_mirror	в машину подвеска на руль автомобиля	GENERIC_RELEVANT	ABSENT	ABSENT	SEMANTIC_PRESENT	SEMANTIC_PRESENT	attr_n:SEMANTIC_PRESENT	GAP_PRESENT	Content coverage only; no Ozon ranking-weight claim.
1720137256	ZODIAC_SIGN::весы	весы	STRONG_PRODUCT	EXACT_PRESENT	EXACT_PRESENT	EXACT_PRESENT	EXACT_PRESENT	title_n:EXACT_PRESENT	NO_GAP	Content coverage only; no Ozon ranking-weight claim.
1720137256	ZODIAC_SIGN::весы	весы знак зодиака	EXACT_PRODUCT	SEMANTIC_PRESENT	SEMANTIC_PRESENT	SEMANTIC_PRESENT	SEMANTIC_PRESENT	title_n:SEMANTIC_PRESENT	NO_GAP	Content coverage only; no Ozon ranking-weight claim.
1720137256	ZODIAC_SIGN::весы	виктор знак зодиака весы	EXACT_PRODUCT	PARTIAL_PRESENT	PARTIAL_PRESENT	PARTIAL_PRESENT	PARTIAL_PRESENT	title_n:PARTIAL_PRESENT	PARTIAL_GAP	Content coverage only; no Ozon ranking-weight claim.
1720137256	USE::car_mirror	висюлька в машину на зеркало лысый кот	GENERIC_RELEVANT	ABSENT	ABSENT	ABSENT	ABSENT		GAP_PRESENT	Content coverage only; no Ozon ranking-weight claim.
1720137256	USE::car_mirror	горький перец брелок в машину на зеркало	GENERIC_RELEVANT	ABSENT	ABSENT	ABSENT	ABSENT		GAP_PRESENT	Content coverage only; no Ozon ranking-weight claim.
1720137256	USE::car_mirror	джон таварес в машину на зеркало	GENERIC_RELEVANT	ABSENT	ABSENT	ABSENT	ABSENT		GAP_PRESENT	Content coverage only; no Ozon ranking-weight claim.
1720137256	USE::car_mirror	для автомобиля подвеска	GENERIC_RELEVANT	ABSENT	ABSENT	SEMANTIC_PRESENT	SEMANTIC_PRESENT	attr_n:SEMANTIC_PRESENT	GAP_PRESENT	Content coverage only; no Ozon ranking-weight claim.
1720137256	USE::car_mirror	для машины в салон на зеркало подвескп	GENERIC_RELEVANT	PARTIAL_PRESENT	ABSENT	PARTIAL_PRESENT	PARTIAL_PRESENT	title_n:PARTIAL_PRESENT	GAP_PRESENT	Content coverage only; no Ozon ranking-weight claim.
1720137256	USE::protection	домовенок в тележке оберег	GENERIC_RELEVANT	ABSENT	ABSENT	ABSENT	ABSENT		GAP_PRESENT	Content coverage only; no Ozon ranking-weight claim.
1720137256	USE::car_mirror	дорожный знак в авто	GENERIC_RELEVANT	ABSENT	ABSENT	ABSENT	ABSENT		GAP_PRESENT	Content coverage only; no Ozon ranking-weight claim.
1720137256	USE::car_mirror	зеркало	GENERIC_RELEVANT	EXACT_PRESENT	ABSENT	EXACT_PRESENT	EXACT_PRESENT	title_n:EXACT_PRESENT	GAP_PRESENT	Content coverage only; no Ozon ranking-weight claim.
1720137256	USE::car_mirror	зеркальная защита амулет	GENERIC_RELEVANT	ABSENT	ABSENT	PARTIAL_PRESENT	PARTIAL_PRESENT	attr_n:PARTIAL_PRESENT	GAP_PRESENT	Content coverage only; no Ozon ranking-weight claim.
1720137256	USE::car_mirror	знак туфелька блестящая на машину	GENERIC_RELEVANT	ABSENT	ABSENT	ABSENT	ABSENT		GAP_PRESENT	Content coverage only; no Ozon ranking-weight claim.
1720137256	USE::car_mirror	камень талисман в машину	GENERIC_RELEVANT	ABSENT	ABSENT	ABSENT	ABSENT		GAP_PRESENT	Content coverage only; no Ozon ranking-weight claim.
1720137256	ZODIAC_SIGN::весы	кулончик весы	STRONG_PRODUCT	PARTIAL_PRESENT	PARTIAL_PRESENT	PARTIAL_PRESENT	PARTIAL_PRESENT	title_n:PARTIAL_PRESENT	PARTIAL_GAP	Content coverage only; no Ozon ranking-weight claim.
1720137256	USE::protection	оберег	GENERIC_RELEVANT	EXACT_PRESENT	ABSENT	EXACT_PRESENT	EXACT_PRESENT	title_n:EXACT_PRESENT	GAP_PRESENT	Content coverage only; no Ozon ranking-weight claim.
1720137256	USE::car_mirror	оберег в машину	GENERIC_RELEVANT	SEMANTIC_PRESENT	ABSENT	EXACT_PRESENT	SEMANTIC_PRESENT	title_n:SEMANTIC_PRESENT	GAP_PRESENT	Content coverage only; no Ozon ranking-weight claim.
1720137256	USE::car_mirror	подвеска в машину	GENERIC_RELEVANT	SEMANTIC_PRESENT	ABSENT	EXACT_PRESENT	SEMANTIC_PRESENT	title_n:SEMANTIC_PRESENT	GAP_PRESENT	Content coverage only; no Ozon ranking-weight claim.
1720137256	USE::car_mirror	подвеска в машину на зеркало	GENERIC_RELEVANT	SEMANTIC_PRESENT	ABSENT	EXACT_PRESENT	SEMANTIC_PRESENT	title_n:SEMANTIC_PRESENT	GAP_PRESENT	Content coverage only; no Ozon ranking-weight claim.
1720137256	ZODIAC_SIGN::весы	подвеска весы	EXACT_PRODUCT	SEMANTIC_PRESENT	SEMANTIC_PRESENT	SEMANTIC_PRESENT	SEMANTIC_PRESENT	title_n:SEMANTIC_PRESENT	NO_GAP	Content coverage only; no Ozon ranking-weight claim.
1720137256	USE::car_mirror	подвеска на зеркало в машину	GENERIC_RELEVANT	EXACT_PRESENT	ABSENT	EXACT_PRESENT	EXACT_PRESENT	title_n:EXACT_PRESENT	GAP_PRESENT	Content coverage only; no Ozon ranking-weight claim.
1720137256	USE::car_mirror	подвеска на зеркало девушка аниме	GENERIC_RELEVANT	ABSENT	ABSENT	ABSENT	ABSENT		GAP_PRESENT	Content coverage only; no Ozon ranking-weight claim.
1720137256	USE::car_mirror	подвеска оберег в машину на зеркало	GENERIC_RELEVANT	SEMANTIC_PRESENT	ABSENT	SEMANTIC_PRESENT	SEMANTIC_PRESENT	title_n:SEMANTIC_PRESENT	GAP_PRESENT	Content coverage only; no Ozon ranking-weight claim.
1720137256	USE::car_mirror	четки в автомобиль	GENERIC_RELEVANT	SEMANTIC_PRESENT	ABSENT	SEMANTIC_PRESENT	SEMANTIC_PRESENT	title_n:SEMANTIC_PRESENT	GAP_PRESENT	Content coverage only; no Ozon ranking-weight claim.
1720137256	USE::car_mirror	четки в машину	GENERIC_RELEVANT	SEMANTIC_PRESENT	ABSENT	SEMANTIC_PRESENT	SEMANTIC_PRESENT	title_n:SEMANTIC_PRESENT	GAP_PRESENT	Content coverage only; no Ozon ranking-weight claim.
1720137256	USE::car_mirror	четки в машину на зеркало	GENERIC_RELEVANT	SEMANTIC_PRESENT	ABSENT	SEMANTIC_PRESENT	SEMANTIC_PRESENT	title_n:SEMANTIC_PRESENT	GAP_PRESENT	Content coverage only; no Ozon ranking-weight claim.
1720141903	USE::car_mirror	sex seven подвеска в машину	GENERIC_RELEVANT	ABSENT	ABSENT	ABSENT	ABSENT		GAP_PRESENT	Content coverage only; no Ozon ranking-weight claim.
1720141903	USE::car_mirror	автомобиль кулон на зеркало	GENERIC_RELEVANT	ABSENT	ABSENT	ABSENT	ABSENT		GAP_PRESENT	Content coverage only; no Ozon ranking-weight claim.
1720141903	FAMILY::zodiac	авторучка шариковая знаки зодиака	FAMILY_RELEVANT	ABSENT	ABSENT	ABSENT	ABSENT		GAP_PRESENT	Content coverage only; no Ozon ranking-weight claim.
1720141903	FAMILY::zodiac	адамас золото знак зодиака	FAMILY_RELEVANT	ABSENT	ABSENT	ABSENT	ABSENT		GAP_PRESENT	Content coverage only; no Ozon ranking-weight claim.
1720141903	USE::car_mirror	аксессуары в машину подвесаа зеркал барабан	GENERIC_RELEVANT	ABSENT	ABSENT	ABSENT	ABSENT		GAP_PRESENT	Content coverage only; no Ozon ranking-weight claim.
1720141903	CLASS::amulet_pendant	амулет бусина	GENERIC_RELEVANT	ABSENT	ABSENT	SEMANTIC_PRESENT	SEMANTIC_PRESENT	attr_n:SEMANTIC_PRESENT	GAP_PRESENT	Content coverage only; no Ozon ranking-weight claim.
1720141903	USE::protection	амулеты обереги для водолея на руку	GENERIC_RELEVANT	ABSENT	ABSENT	PARTIAL_PRESENT	PARTIAL_PRESENT	attr_n:PARTIAL_PRESENT	GAP_PRESENT	Content coverage only; no Ozon ranking-weight claim.
1720141903	USE::protection	амулеты обереги и талисманы	GENERIC_RELEVANT	SEMANTIC_PRESENT	ABSENT	EXACT_PRESENT	SEMANTIC_PRESENT	title_n:SEMANTIC_PRESENT	GAP_PRESENT	Content coverage only; no Ozon ranking-weight claim.
1720141903	USE::car_mirror	бподвеска в машину	GENERIC_RELEVANT	ABSENT	ABSENT	ABSENT	ABSENT		GAP_PRESENT	Content coverage only; no Ozon ranking-weight claim.
1720141903	UNCLEAR::8c3f0ba392	браслет на руку водолея	AMBIGUOUS_HOLD	ABSENT	ABSENT	PARTIAL_PRESENT	PARTIAL_PRESENT	attr_n:PARTIAL_PRESENT	GAP_PRESENT	Content coverage only; no Ozon ranking-weight claim.
1720141903	USE::protection	браслет оберег для водолея	GENERIC_RELEVANT	ABSENT	ABSENT	PARTIAL_PRESENT	PARTIAL_PRESENT	attr_n:PARTIAL_PRESENT	GAP_PRESENT	Content coverage only; no Ozon ranking-weight claim.
1720141903	UNCLEAR::3f5745d5a1	браслет' обеоег для водолея	AMBIGUOUS_HOLD	ABSENT	ABSENT	PARTIAL_PRESENT	PARTIAL_PRESENT	attr_n:PARTIAL_PRESENT	GAP_PRESENT	Content coverage only; no Ozon ranking-weight claim.
1720141903	USE::car_mirror	брелок в машину оберег	GENERIC_RELEVANT	ABSENT	ABSENT	ABSENT	ABSENT		GAP_PRESENT	Content coverage only; no Ozon ranking-weight claim.
1720141903	ZODIAC_SIGN::водолей	брелок водолей телефон	STRONG_PRODUCT	PARTIAL_PRESENT	PARTIAL_PRESENT	PARTIAL_PRESENT	PARTIAL_PRESENT	title_n:PARTIAL_PRESENT	PARTIAL_GAP	Content coverage only; no Ozon ranking-weight claim.
1720141903	FAMILY::zodiac	бусина знак зодиака	FAMILY_RELEVANT	ABSENT	ABSENT	SEMANTIC_PRESENT	SEMANTIC_PRESENT	attr_n:SEMANTIC_PRESENT	GAP_PRESENT	Content coverage only; no Ozon ranking-weight claim.
1720141903	UNCLEAR::ae81bc5b12	бусина знаки	AMBIGUOUS_HOLD	ABSENT	ABSENT	SEMANTIC_PRESENT	SEMANTIC_PRESENT	attr_n:SEMANTIC_PRESENT	GAP_PRESENT	Content coverage only; no Ozon ranking-weight claim.
1720141903	USE::protection	бусина талисман	GENERIC_RELEVANT	ABSENT	ABSENT	SEMANTIC_PRESENT	SEMANTIC_PRESENT	attr_n:SEMANTIC_PRESENT	GAP_PRESENT	Content coverage only; no Ozon ranking-weight claim.
1720141903	USE::car_mirror	бусы в машину на зеркало лада спорт	GENERIC_RELEVANT	ABSENT	ABSENT	ABSENT	ABSENT		GAP_PRESENT	Content coverage only; no Ozon ranking-weight claim.
1720141903	USE::protection	бусы оберег	GENERIC_RELEVANT	ABSENT	ABSENT	ABSENT	ABSENT		GAP_PRESENT	Content coverage only; no Ozon ranking-weight claim.
1720141903	USE::car_mirror	в машину на зеркало	GENERIC_RELEVANT	SEMANTIC_PRESENT	ABSENT	EXACT_PRESENT	SEMANTIC_PRESENT	title_n:SEMANTIC_PRESENT	GAP_PRESENT	Content coverage only; no Ozon ranking-weight claim.
1720141903	USE::car_mirror	в машину подвеска	GENERIC_RELEVANT	SEMANTIC_PRESENT	ABSENT	EXACT_PRESENT	SEMANTIC_PRESENT	title_n:SEMANTIC_PRESENT	GAP_PRESENT	Content coverage only; no Ozon ranking-weight claim.
1720141903	USE::car_mirror	висюлька на зеркало в машину белая пушистая	GENERIC_RELEVANT	ABSENT	ABSENT	ABSENT	ABSENT		GAP_PRESENT	Content coverage only; no Ozon ranking-weight claim.
1720141903	UNCLEAR::d8e0a3f3e6	водоклей	AMBIGUOUS_HOLD	ABSENT	ABSENT	ABSENT	ABSENT		GAP_PRESENT	Content coverage only; no Ozon ranking-weight claim.
1720141903	ZODIAC_SIGN::водолей	водолей	STRONG_PRODUCT	EXACT_PRESENT	EXACT_PRESENT	EXACT_PRESENT	EXACT_PRESENT	title_n:EXACT_PRESENT	NO_GAP	Content coverage only; no Ozon ranking-weight claim.
1720141903	ZODIAC_SIGN::водолей	водолей кулон женский	STRONG_PRODUCT	PARTIAL_PRESENT	PARTIAL_PRESENT	PARTIAL_PRESENT	PARTIAL_PRESENT	title_n:PARTIAL_PRESENT	PARTIAL_GAP	Content coverage only; no Ozon ranking-weight claim.
1720141903	ZODIAC_SIGN::водолей	водолей на распрыскиватель заачасти	STRONG_PRODUCT	PARTIAL_PRESENT	PARTIAL_PRESENT	PARTIAL_PRESENT	PARTIAL_PRESENT	title_n:PARTIAL_PRESENT	PARTIAL_GAP	Content coverage only; no Ozon ranking-weight claim.
1720141903	ZODIAC_SIGN::водолей	водолей одежда мужская	STRONG_PRODUCT	PARTIAL_PRESENT	PARTIAL_PRESENT	PARTIAL_PRESENT	PARTIAL_PRESENT	title_n:PARTIAL_PRESENT	PARTIAL_GAP	Content coverage only; no Ozon ranking-weight claim.
1720141903	ZODIAC_SIGN::водолей	водолей подвеска с камнем	EXACT_PRODUCT	PARTIAL_PRESENT	PARTIAL_PRESENT	PARTIAL_PRESENT	PARTIAL_PRESENT	title_n:PARTIAL_PRESENT	PARTIAL_GAP	Content coverage only; no Ozon ranking-weight claim.
1720141903	USE::car_mirror	год оф ва на зеркало в машину	GENERIC_RELEVANT	ABSENT	ABSENT	ABSENT	ABSENT		GAP_PRESENT	Content coverage only; no Ozon ranking-weight claim.
1720141903	USE::car_mirror	дерево граб подвеска на зеркало в машину	GENERIC_RELEVANT	ABSENT	ABSENT	ABSENT	ABSENT		GAP_PRESENT	Content coverage only; no Ozon ranking-weight claim.
1720141903	USE::protection	деревянный оберег	GENERIC_RELEVANT	SEMANTIC_PRESENT	ABSENT	SEMANTIC_PRESENT	SEMANTIC_PRESENT	title_n:SEMANTIC_PRESENT	GAP_PRESENT	Content coverage only; no Ozon ranking-weight claim.
1720141903	USE::car_mirror	для гаданий зеркало	GENERIC_RELEVANT	ABSENT	ABSENT	ABSENT	ABSENT		GAP_PRESENT	Content coverage only; no Ozon ranking-weight claim.
1720141903	USE::car_mirror	зеркало мелонг	GENERIC_RELEVANT	ABSENT	ABSENT	ABSENT	ABSENT		GAP_PRESENT	Content coverage only; no Ozon ranking-weight claim.
1720141903	USE::car_mirror	зеркальные знаки	GENERIC_RELEVANT	ABSENT	ABSENT	ABSENT	ABSENT		GAP_PRESENT	Content coverage only; no Ozon ranking-weight claim.
1720141903	UNCLEAR::a183695769	знак зодика деревянный	AMBIGUOUS_HOLD	ABSENT	ABSENT	ABSENT	ABSENT		GAP_PRESENT	Content coverage only; no Ozon ranking-weight claim.
1720141903	FAMILY::zodiac	знаки зодиака	FAMILY_RELEVANT	SEMANTIC_PRESENT	ABSENT	EXACT_PRESENT	SEMANTIC_PRESENT	title_n:SEMANTIC_PRESENT	GAP_PRESENT	Content coverage only; no Ozon ranking-weight claim.
1720141903	USE::car_mirror	кулон зеркало оберег	GENERIC_RELEVANT	ABSENT	ABSENT	ABSENT	ABSENT		GAP_PRESENT	Content coverage only; no Ozon ranking-weight claim.
1720141903	FAMILY::zodiac	кулоны знаки зодиака набор	FAMILY_RELEVANT	ABSENT	ABSENT	ABSENT	ABSENT		GAP_PRESENT	Content coverage only; no Ozon ranking-weight claim.
1720141903	USE::car_mirror	методическая подвеска рекстон на зеркало	GENERIC_RELEVANT	ABSENT	ABSENT	ABSENT	ABSENT		GAP_PRESENT	Content coverage only; no Ozon ranking-weight claim.
1720141903	ZODIAC_SIGN::водолей	молд водолей	STRONG_PRODUCT	PARTIAL_PRESENT	PARTIAL_PRESENT	PARTIAL_PRESENT	PARTIAL_PRESENT	title_n:PARTIAL_PRESENT	PARTIAL_GAP	Content coverage only; no Ozon ranking-weight claim.
1720141903	USE::protection	мусульманский оберег	GENERIC_RELEVANT	ABSENT	ABSENT	ABSENT	ABSENT		GAP_PRESENT	Content coverage only; no Ozon ranking-weight claim.
1720141903	USE::car_mirror	на зеркало подвеска	GENERIC_RELEVANT	SEMANTIC_PRESENT	ABSENT	SEMANTIC_PRESENT	SEMANTIC_PRESENT	title_n:SEMANTIC_PRESENT	GAP_PRESENT	Content coverage only; no Ozon ranking-weight claim.
1720141903	USE::car_mirror	оберег в машину	GENERIC_RELEVANT	SEMANTIC_PRESENT	ABSENT	EXACT_PRESENT	SEMANTIC_PRESENT	title_n:SEMANTIC_PRESENT	GAP_PRESENT	Content coverage only; no Ozon ranking-weight claim.
1720141903	USE::protection	обереготсглаза	GENERIC_RELEVANT	ABSENT	ABSENT	EXACT_PRESENT	ABSENT	attr_n:EXACT_PRESENT	GAP_PRESENT	Content coverage only; no Ozon ranking-weight claim.
1720141903	USE::car_mirror	подвеска в автомобиль	GENERIC_RELEVANT	SEMANTIC_PRESENT	ABSENT	SEMANTIC_PRESENT	SEMANTIC_PRESENT	title_n:SEMANTIC_PRESENT	GAP_PRESENT	Content coverage only; no Ozon ranking-weight claim.
1720141903	USE::car_mirror	подвеска в машину	GENERIC_RELEVANT	SEMANTIC_PRESENT	ABSENT	EXACT_PRESENT	SEMANTIC_PRESENT	title_n:SEMANTIC_PRESENT	GAP_PRESENT	Content coverage only; no Ozon ranking-weight claim.
1720141903	USE::car_mirror	подвеска в машину коза	GENERIC_RELEVANT	ABSENT	ABSENT	ABSENT	ABSENT		GAP_PRESENT	Content coverage only; no Ozon ranking-weight claim.
1720141903	USE::car_mirror	подвеска в машину на зеркало	GENERIC_RELEVANT	SEMANTIC_PRESENT	ABSENT	EXACT_PRESENT	SEMANTIC_PRESENT	title_n:SEMANTIC_PRESENT	GAP_PRESENT	Content coverage only; no Ozon ranking-weight claim.
1720141903	ZODIAC_SIGN::водолей	подвеска водолей	EXACT_PRODUCT	SEMANTIC_PRESENT	SEMANTIC_PRESENT	SEMANTIC_PRESENT	SEMANTIC_PRESENT	title_n:SEMANTIC_PRESENT	NO_GAP	Content coverage only; no Ozon ranking-weight claim.
1720141903	USE::car_mirror	подвеска на зеркало автомобиля	GENERIC_RELEVANT	ABSENT	ABSENT	SEMANTIC_PRESENT	SEMANTIC_PRESENT	attr_n:SEMANTIC_PRESENT	GAP_PRESENT	Content coverage only; no Ozon ranking-weight claim.
1720141903	USE::car_mirror	подвеска на зеркало в машину	GENERIC_RELEVANT	EXACT_PRESENT	ABSENT	EXACT_PRESENT	EXACT_PRESENT	title_n:EXACT_PRESENT	GAP_PRESENT	Content coverage only; no Ozon ranking-weight claim.
1720141903	FAMILY::zodiac	талисман - подвеска на зеркало в машину. знак зодиака	FAMILY_RELEVANT	EXACT_PRESENT	ABSENT	EXACT_PRESENT	SEMANTIC_PRESENT	title_n:EXACT_PRESENT	GAP_PRESENT	Content coverage only; no Ozon ranking-weight claim.
1720141903	USE::car_mirror	четки в автомобиль	GENERIC_RELEVANT	SEMANTIC_PRESENT	ABSENT	SEMANTIC_PRESENT	SEMANTIC_PRESENT	title_n:SEMANTIC_PRESENT	GAP_PRESENT	Content coverage only; no Ozon ranking-weight claim.
1720141903	USE::car_mirror	четки в автомобиль водооей	GENERIC_RELEVANT	ABSENT	ABSENT	ABSENT	ABSENT		GAP_PRESENT	Content coverage only; no Ozon ranking-weight claim.
1720141903	USE::car_mirror	четки в машину	GENERIC_RELEVANT	SEMANTIC_PRESENT	ABSENT	SEMANTIC_PRESENT	SEMANTIC_PRESENT	title_n:SEMANTIC_PRESENT	GAP_PRESENT	Content coverage only; no Ozon ranking-weight claim.
1720144370	USE::car_mirror	аварийный знак в машину на липучке вбогажник	GENERIC_RELEVANT	ABSENT	ABSENT	ABSENT	ABSENT		GAP_PRESENT	Content coverage only; no Ozon ranking-weight claim.
1720144370	USE::car_mirror	автомобиля на зеркало украшение	GENERIC_RELEVANT	ABSENT	ABSENT	SEMANTIC_PRESENT	SEMANTIC_PRESENT	attr_n:SEMANTIC_PRESENT	GAP_PRESENT	Content coverage only; no Ozon ranking-weight claim.
1720144370	USE::car_mirror	аксессуары в машину подвесаа зеркал барабан	GENERIC_RELEVANT	ABSENT	ABSENT	ABSENT	ABSENT		GAP_PRESENT	Content coverage only; no Ozon ranking-weight claim.
1720144370	USE::protection	амулет подвеска талисман	GENERIC_RELEVANT	SEMANTIC_PRESENT	ABSENT	SEMANTIC_PRESENT	SEMANTIC_PRESENT	title_n:SEMANTIC_PRESENT	GAP_PRESENT	Content coverage only; no Ozon ranking-weight claim.
1720144370	USE::protection	амулеты обереги и талисманы	GENERIC_RELEVANT	SEMANTIC_PRESENT	ABSENT	EXACT_PRESENT	SEMANTIC_PRESENT	title_n:SEMANTIC_PRESENT	GAP_PRESENT	Content coverage only; no Ozon ranking-weight claim.
1720144370	USE::car_mirror	аодвеска зеркало	GENERIC_RELEVANT	ABSENT	ABSENT	ABSENT	ABSENT		GAP_PRESENT	Content coverage only; no Ozon ranking-weight claim.
1720144370	USE::car_mirror	боковые зеркала на машину спасио 1999	GENERIC_RELEVANT	ABSENT	ABSENT	ABSENT	ABSENT		GAP_PRESENT	Content coverage only; no Ozon ranking-weight claim.
1720144370	ZODIAC_SIGN::дева	брелок дева	STRONG_PRODUCT	PARTIAL_PRESENT	PARTIAL_PRESENT	PARTIAL_PRESENT	PARTIAL_PRESENT	title_n:PARTIAL_PRESENT	PARTIAL_GAP	Content coverage only; no Ozon ranking-weight claim.
1720144370	USE::car_mirror	брелок для машины на зеркало спарашутом	GENERIC_RELEVANT	PARTIAL_PRESENT	ABSENT	PARTIAL_PRESENT	PARTIAL_PRESENT	title_n:PARTIAL_PRESENT	GAP_PRESENT	Content coverage only; no Ozon ranking-weight claim.
1720144370	FAMILY::zodiac	брелок знаки зодиака	FAMILY_RELEVANT	ABSENT	ABSENT	ABSENT	ABSENT		GAP_PRESENT	Content coverage only; no Ozon ranking-weight claim.
1720144370	ZODIAC_SIGN::дева	брелок подвеска дева	EXACT_PRODUCT	PARTIAL_PRESENT	PARTIAL_PRESENT	PARTIAL_PRESENT	PARTIAL_PRESENT	title_n:PARTIAL_PRESENT	PARTIAL_GAP	Content coverage only; no Ozon ranking-weight claim.
1720144370	USE::protection	бусины талисманы	GENERIC_RELEVANT	ABSENT	ABSENT	SEMANTIC_PRESENT	SEMANTIC_PRESENT	attr_n:SEMANTIC_PRESENT	GAP_PRESENT	Content coverage only; no Ozon ranking-weight claim.
1720144370	USE::car_mirror	в машину подвеска	GENERIC_RELEVANT	SEMANTIC_PRESENT	ABSENT	EXACT_PRESENT	SEMANTIC_PRESENT	title_n:SEMANTIC_PRESENT	GAP_PRESENT	Content coverage only; no Ozon ranking-weight claim.
1720144370	USE::car_mirror	висюлька на зеркало в машину белая пушистая	GENERIC_RELEVANT	ABSENT	ABSENT	ABSENT	ABSENT		GAP_PRESENT	Content coverage only; no Ozon ranking-weight claim.
1720144370	UNCLEAR::467b4c988c	дев	AMBIGUOUS_HOLD	EXACT_PRESENT	EXACT_PRESENT	EXACT_PRESENT	EXACT_PRESENT	title_n:EXACT_PRESENT	NO_GAP	Content coverage only; no Ozon ranking-weight claim.
1720144370	ZODIAC_SIGN::дева	дева	STRONG_PRODUCT	EXACT_PRESENT	EXACT_PRESENT	EXACT_PRESENT	EXACT_PRESENT	title_n:EXACT_PRESENT	NO_GAP	Content coverage only; no Ozon ranking-weight claim.
1720144370	ZODIAC_SIGN::дева	дева зеркальце	EXACT_PRODUCT	PARTIAL_PRESENT	PARTIAL_PRESENT	PARTIAL_PRESENT	PARTIAL_PRESENT	title_n:PARTIAL_PRESENT	PARTIAL_GAP	Content coverage only; no Ozon ranking-weight claim.
1720144370	ZODIAC_SIGN::дева	дева знак зодиака	EXACT_PRODUCT	SEMANTIC_PRESENT	SEMANTIC_PRESENT	SEMANTIC_PRESENT	SEMANTIC_PRESENT	title_n:SEMANTIC_PRESENT	NO_GAP	Content coverage only; no Ozon ranking-weight claim.
1720144370	ZODIAC_SIGN::дева	дева знак зодиака для девочки в машину	EXACT_PRODUCT	PARTIAL_PRESENT	PARTIAL_PRESENT	PARTIAL_PRESENT	PARTIAL_PRESENT	title_n:PARTIAL_PRESENT	PARTIAL_GAP	Content coverage only; no Ozon ranking-weight claim.
1720144370	ZODIAC_SIGN::дева	дева знак зодиака огненная серия	EXACT_PRODUCT	PARTIAL_PRESENT	PARTIAL_PRESENT	PARTIAL_PRESENT	PARTIAL_PRESENT	title_n:PARTIAL_PRESENT	PARTIAL_GAP	Content coverage only; no Ozon ranking-weight claim.
1720144370	ZODIAC_SIGN::дева	дева знак золиака свитшот	STRONG_PRODUCT	PARTIAL_PRESENT	PARTIAL_PRESENT	PARTIAL_PRESENT	PARTIAL_PRESENT	title_n:PARTIAL_PRESENT	PARTIAL_GAP	Content coverage only; no Ozon ranking-weight claim.
1720144370	ZODIAC_SIGN::дева	дева талисман	EXACT_PRODUCT	SEMANTIC_PRESENT	SEMANTIC_PRESENT	SEMANTIC_PRESENT	SEMANTIC_PRESENT	title_n:SEMANTIC_PRESENT	NO_GAP	Content coverage only; no Ozon ranking-weight claim.
1720144370	ZODIAC_SIGN::дева	дева четки в машину	EXACT_PRODUCT	SEMANTIC_PRESENT	SEMANTIC_PRESENT	SEMANTIC_PRESENT	SEMANTIC_PRESENT	title_n:SEMANTIC_PRESENT	NO_GAP	Content coverage only; no Ozon ranking-weight claim.
1720144370	USE::car_mirror	демон на машину подвеска на стекло маленькие	GENERIC_RELEVANT	ABSENT	ABSENT	ABSENT	ABSENT		GAP_PRESENT	Content coverage only; no Ozon ranking-weight claim.
1720144370	USE::car_mirror	джон таварес в машину на зеркало	GENERIC_RELEVANT	ABSENT	ABSENT	ABSENT	ABSENT		GAP_PRESENT	Content coverage only; no Ozon ranking-weight claim.
1720144370	USE::car_mirror	для автомобиля подвеска на зеркало	GENERIC_RELEVANT	ABSENT	ABSENT	SEMANTIC_PRESENT	SEMANTIC_PRESENT	attr_n:SEMANTIC_PRESENT	GAP_PRESENT	Content coverage only; no Ozon ranking-weight claim.
1720144370	ZODIAC_SIGN::дева	для знака зодиака дева	EXACT_PRODUCT	PARTIAL_PRESENT	PARTIAL_PRESENT	SEMANTIC_PRESENT	SEMANTIC_PRESENT	title_n:PARTIAL_PRESENT	PARTIAL_GAP	Content coverage only; no Ozon ranking-weight claim.
1720144370	USE::car_mirror	доллар деревянный в машину подвеска на зеркало	GENERIC_RELEVANT	ABSENT	ABSENT	ABSENT	ABSENT		GAP_PRESENT	Content coverage only; no Ozon ranking-weight claim.
1720144370	USE::car_mirror	дорожный знак в авто	GENERIC_RELEVANT	ABSENT	ABSENT	ABSENT	ABSENT		GAP_PRESENT	Content coverage only; no Ozon ranking-weight claim.
1720144370	USE::car_mirror	зеркало для деву	GENERIC_RELEVANT	ABSENT	ABSENT	ABSENT	ABSENT		GAP_PRESENT	Content coverage only; no Ozon ranking-weight claim.
1720144370	ZODIAC_SIGN::дева	знак зодиака дева	EXACT_PRODUCT	SEMANTIC_PRESENT	SEMANTIC_PRESENT	EXACT_PRESENT	SEMANTIC_PRESENT	title_n:SEMANTIC_PRESENT	NO_GAP	Content coverage only; no Ozon ranking-weight claim.
1720144370	ZODIAC_SIGN::дева	знак зодиака дева подвеска на шею	EXACT_PRODUCT	PARTIAL_PRESENT	PARTIAL_PRESENT	PARTIAL_PRESENT	PARTIAL_PRESENT	title_n:PARTIAL_PRESENT	PARTIAL_GAP	Content coverage only; no Ozon ranking-weight claim.
1720144370	ZODIAC_SIGN::дева	знак зодиака постер дева	EXACT_PRODUCT	PARTIAL_PRESENT	PARTIAL_PRESENT	PARTIAL_PRESENT	PARTIAL_PRESENT	title_n:PARTIAL_PRESENT	PARTIAL_GAP	Content coverage only; no Ozon ranking-weight claim.
1720144370	ZODIAC_SIGN::дева	кулон дева в машину	EXACT_PRODUCT	PARTIAL_PRESENT	PARTIAL_PRESENT	PARTIAL_PRESENT	PARTIAL_PRESENT	title_n:PARTIAL_PRESENT	PARTIAL_GAP	Content coverage only; no Ozon ranking-weight claim.
1720144370	USE::car_mirror	кулон зеркало оберег	GENERIC_RELEVANT	ABSENT	ABSENT	ABSENT	ABSENT		GAP_PRESENT	Content coverage only; no Ozon ranking-weight claim.
1720144370	USE::car_mirror	ладанка оберег в машину на зеркало	GENERIC_RELEVANT	ABSENT	ABSENT	ABSENT	ABSENT		GAP_PRESENT	Content coverage only; no Ozon ranking-weight claim.
1720144370	USE::car_mirror	маленький оберев машину	GENERIC_RELEVANT	ABSENT	ABSENT	ABSENT	ABSENT		GAP_PRESENT	Content coverage only; no Ozon ranking-weight claim.
1720144370	USE::car_mirror	методическая подвеска рекстон на зеркало	GENERIC_RELEVANT	ABSENT	ABSENT	ABSENT	ABSENT		GAP_PRESENT	Content coverage only; no Ozon ranking-weight claim.
1720144370	USE::car_mirror	мусульманский оберег в машину на клею	GENERIC_RELEVANT	ABSENT	ABSENT	ABSENT	ABSENT		GAP_PRESENT	Content coverage only; no Ozon ranking-weight claim.
1720144370	ZODIAC_SIGN::дева	на зеркало в машину подвеска дева	EXACT_PRODUCT	SEMANTIC_PRESENT	SEMANTIC_PRESENT	SEMANTIC_PRESENT	SEMANTIC_PRESENT	title_n:SEMANTIC_PRESENT	NO_GAP	Content coverage only; no Ozon ranking-weight claim.
1720144370	USE::car_mirror	необычный обвес в машину на зеркало	GENERIC_RELEVANT	ABSENT	ABSENT	ABSENT	ABSENT		GAP_PRESENT	Content coverage only; no Ozon ranking-weight claim.
1720144370	USE::protection	оберег	GENERIC_RELEVANT	EXACT_PRESENT	ABSENT	EXACT_PRESENT	EXACT_PRESENT	title_n:EXACT_PRESENT	GAP_PRESENT	Content coverage only; no Ozon ranking-weight claim.
1720144370	USE::car_mirror	оберег в машину	GENERIC_RELEVANT	SEMANTIC_PRESENT	ABSENT	EXACT_PRESENT	SEMANTIC_PRESENT	title_n:SEMANTIC_PRESENT	GAP_PRESENT	Content coverage only; no Ozon ranking-weight claim.
1720144370	USE::car_mirror	оберег в машину на зеркало женский	GENERIC_RELEVANT	ABSENT	ABSENT	ABSENT	ABSENT		GAP_PRESENT	Content coverage only; no Ozon ranking-weight claim.
1720144370	USE::protection	обереги из дерева	GENERIC_RELEVANT	ABSENT	ABSENT	SEMANTIC_PRESENT	SEMANTIC_PRESENT	attr_n:SEMANTIC_PRESENT	GAP_PRESENT	Content coverage only; no Ozon ranking-weight claim.
1720144370	USE::gift	подарок для девы	AMBIGUOUS_HOLD	ABSENT	ABSENT	ABSENT	ABSENT		GAP_PRESENT	Content coverage only; no Ozon ranking-weight claim.
1720144370	USE::car_mirror	подвеска в зеркало в авто	GENERIC_RELEVANT	SEMANTIC_PRESENT	ABSENT	SEMANTIC_PRESENT	SEMANTIC_PRESENT	title_n:SEMANTIC_PRESENT	GAP_PRESENT	Content coverage only; no Ozon ranking-weight claim.
1720144370	USE::car_mirror	подвеска в машину	GENERIC_RELEVANT	SEMANTIC_PRESENT	ABSENT	EXACT_PRESENT	SEMANTIC_PRESENT	title_n:SEMANTIC_PRESENT	GAP_PRESENT	Content coverage only; no Ozon ranking-weight claim.
1720144370	ZODIAC_SIGN::дева	подвеска в машину дева	EXACT_PRODUCT	SEMANTIC_PRESENT	SEMANTIC_PRESENT	SEMANTIC_PRESENT	SEMANTIC_PRESENT	title_n:SEMANTIC_PRESENT	NO_GAP	Content coverage only; no Ozon ranking-weight claim.
1720144370	ZODIAC_SIGN::дева	подвеска дева	EXACT_PRODUCT	SEMANTIC_PRESENT	SEMANTIC_PRESENT	SEMANTIC_PRESENT	SEMANTIC_PRESENT	title_n:SEMANTIC_PRESENT	NO_GAP	Content coverage only; no Ozon ranking-weight claim.
1720144370	USE::car_mirror	подвеска на зеркало в машину	GENERIC_RELEVANT	EXACT_PRESENT	ABSENT	EXACT_PRESENT	EXACT_PRESENT	title_n:EXACT_PRESENT	GAP_PRESENT	Content coverage only; no Ozon ranking-weight claim.
1720144370	USE::car_mirror	подвеска на зеркало татарское	GENERIC_RELEVANT	ABSENT	ABSENT	ABSENT	ABSENT		GAP_PRESENT	Content coverage only; no Ozon ranking-weight claim.
1720144370	USE::car_mirror	талисман в машину мужской	GENERIC_RELEVANT	SEMANTIC_PRESENT	ABSENT	SEMANTIC_PRESENT	SEMANTIC_PRESENT	title_n:SEMANTIC_PRESENT	GAP_PRESENT	Content coverage only; no Ozon ranking-weight claim.
1720144370	ZODIAC_SIGN::дева	талисман дева	EXACT_PRODUCT	SEMANTIC_PRESENT	SEMANTIC_PRESENT	SEMANTIC_PRESENT	SEMANTIC_PRESENT	title_n:SEMANTIC_PRESENT	NO_GAP	Content coverage only; no Ozon ranking-weight claim.
1720144370	CLASS::beads	четки	GENERIC_RELEVANT	SEMANTIC_PRESENT	ABSENT	EXACT_PRESENT	EXACT_PRESENT	title_n:SEMANTIC_PRESENT	GAP_PRESENT	Content coverage only; no Ozon ranking-weight claim.
1720144370	USE::car_mirror	четки в автомобиль	GENERIC_RELEVANT	SEMANTIC_PRESENT	ABSENT	SEMANTIC_PRESENT	SEMANTIC_PRESENT	title_n:SEMANTIC_PRESENT	GAP_PRESENT	Content coverage only; no Ozon ranking-weight claim.
1720144370	USE::car_mirror	четки в машину	GENERIC_RELEVANT	SEMANTIC_PRESENT	ABSENT	SEMANTIC_PRESENT	SEMANTIC_PRESENT	title_n:SEMANTIC_PRESENT	GAP_PRESENT	Content coverage only; no Ozon ranking-weight claim.
1720144370	USE::car_mirror	четки в машину на зеркало	GENERIC_RELEVANT	SEMANTIC_PRESENT	ABSENT	SEMANTIC_PRESENT	SEMANTIC_PRESENT	title_n:SEMANTIC_PRESENT	GAP_PRESENT	Content coverage only; no Ozon ranking-weight claim.
1720144370	UNCLEAR::9a95bf2147	что - то для девы	AMBIGUOUS_HOLD	ABSENT	ABSENT	PARTIAL_PRESENT	PARTIAL_PRESENT	attr_n:PARTIAL_PRESENT	GAP_PRESENT	Content coverage only; no Ozon ranking-weight claim.
1720147059	USE::car_mirror	аксессуары в машину подвесаа зеркал барабан	GENERIC_RELEVANT	ABSENT	ABSENT	ABSENT	ABSENT		GAP_PRESENT	Content coverage only; no Ozon ranking-weight claim.
1720147059	USE::protection	амулеты обереги и талисманы	GENERIC_RELEVANT	SEMANTIC_PRESENT	ABSENT	EXACT_PRESENT	SEMANTIC_PRESENT	title_n:SEMANTIC_PRESENT	GAP_PRESENT	Content coverage only; no Ozon ranking-weight claim.
1720147059	USE::car_mirror	ароматизатор в машину версус на зеркало	GENERIC_RELEVANT	ABSENT	ABSENT	ABSENT	ABSENT		GAP_PRESENT	Content coverage only; no Ozon ranking-weight claim.
1720147059	UNCLEAR::e88919b9ed	брелок коза	AMBIGUOUS_HOLD	ABSENT	ABSENT	ABSENT	ABSENT		GAP_PRESENT	Content coverage only; no Ozon ranking-weight claim.
1720147059	ZODIAC_SIGN::козерог	брелок козерог мягкий	STRONG_PRODUCT	PARTIAL_PRESENT	PARTIAL_PRESENT	PARTIAL_PRESENT	PARTIAL_PRESENT	title_n:PARTIAL_PRESENT	PARTIAL_GAP	Content coverage only; no Ozon ranking-weight claim.
1720147059	USE::car_mirror	брелок офицер пупсик в машину на зеркало	GENERIC_RELEVANT	ABSENT	ABSENT	ABSENT	ABSENT		GAP_PRESENT	Content coverage only; no Ozon ranking-weight claim.
1720147059	VARIANT::козерог	брошь оберег для козерога	PARTIAL_RELEVANCE	PARTIAL_PRESENT	PARTIAL_PRESENT	PARTIAL_PRESENT	PARTIAL_PRESENT	title_n:PARTIAL_PRESENT	PARTIAL_GAP	Content coverage only; no Ozon ranking-weight claim.
1720147059	USE::car_mirror	в машину на заруало	GENERIC_RELEVANT	ABSENT	ABSENT	ABSENT	ABSENT		GAP_PRESENT	Content coverage only; no Ozon ranking-weight claim.
1720147059	USE::car_mirror	в машину на зеркало	GENERIC_RELEVANT	SEMANTIC_PRESENT	ABSENT	EXACT_PRESENT	SEMANTIC_PRESENT	title_n:SEMANTIC_PRESENT	GAP_PRESENT	Content coverage only; no Ozon ranking-weight claim.
1720147059	USE::car_mirror	в машину подвеска	GENERIC_RELEVANT	SEMANTIC_PRESENT	ABSENT	EXACT_PRESENT	SEMANTIC_PRESENT	title_n:SEMANTIC_PRESENT	GAP_PRESENT	Content coverage only; no Ozon ranking-weight claim.
1720147059	USE::car_mirror	в машину. подвеска	GENERIC_RELEVANT	SEMANTIC_PRESENT	ABSENT	SEMANTIC_PRESENT	SEMANTIC_PRESENT	title_n:SEMANTIC_PRESENT	GAP_PRESENT	Content coverage only; no Ozon ranking-weight claim.
1720147059	USE::car_mirror	висюлька в машину на зеркало мужская 18	GENERIC_RELEVANT	ABSENT	ABSENT	PARTIAL_PRESENT	ABSENT	attr_n:PARTIAL_PRESENT	GAP_PRESENT	Content coverage only; no Ozon ranking-weight claim.
1720147059	USE::car_mirror	восклицательный знак на машину в красном треугольнике	GENERIC_RELEVANT	ABSENT	ABSENT	ABSENT	ABSENT		GAP_PRESENT	Content coverage only; no Ozon ranking-weight claim.
1720147059	ZODIAC_SIGN::козерог	гексаграмма козерог	STRONG_PRODUCT	PARTIAL_PRESENT	PARTIAL_PRESENT	PARTIAL_PRESENT	PARTIAL_PRESENT	title_n:PARTIAL_PRESENT	PARTIAL_GAP	Content coverage only; no Ozon ranking-weight claim.
1720147059	ZODIAC_SIGN::козерог	денежная карта талисман козерог	EXACT_PRODUCT	PARTIAL_PRESENT	PARTIAL_PRESENT	PARTIAL_PRESENT	PARTIAL_PRESENT	title_n:PARTIAL_PRESENT	PARTIAL_GAP	Content coverage only; no Ozon ranking-weight claim.
1720147059	USE::car_mirror	для автомобиля подвеска на зеркало	GENERIC_RELEVANT	ABSENT	ABSENT	SEMANTIC_PRESENT	SEMANTIC_PRESENT	attr_n:SEMANTIC_PRESENT	GAP_PRESENT	Content coverage only; no Ozon ranking-weight claim.
1720147059	USE::car_mirror	для машины в салон на зеркало подвескп	GENERIC_RELEVANT	PARTIAL_PRESENT	ABSENT	PARTIAL_PRESENT	PARTIAL_PRESENT	title_n:PARTIAL_PRESENT	GAP_PRESENT	Content coverage only; no Ozon ranking-weight claim.
1720147059	USE::car_mirror	еврейская заезда подвеска в машину	GENERIC_RELEVANT	ABSENT	ABSENT	ABSENT	ABSENT		GAP_PRESENT	Content coverage only; no Ozon ranking-weight claim.
1720147059	UNCLEAR::a9f29df0a1	задиака знаки	AMBIGUOUS_HOLD	ABSENT	ABSENT	ABSENT	ABSENT		GAP_PRESENT	Content coverage only; no Ozon ranking-weight claim.
1720147059	USE::car_mirror	зеркало	GENERIC_RELEVANT	EXACT_PRESENT	ABSENT	EXACT_PRESENT	EXACT_PRESENT	title_n:EXACT_PRESENT	GAP_PRESENT	Content coverage only; no Ozon ranking-weight claim.
1720147059	USE::car_mirror	зеркало в пол	GENERIC_RELEVANT	ABSENT	ABSENT	ABSENT	ABSENT		GAP_PRESENT	Content coverage only; no Ozon ranking-weight claim.
1720147059	USE::car_mirror	зеркало на машину киа риа боковое	GENERIC_RELEVANT	ABSENT	ABSENT	ABSENT	ABSENT		GAP_PRESENT	Content coverage only; no Ozon ranking-weight claim.
1720147059	USE::car_mirror	зеркало на праворукую машину на встречку	GENERIC_RELEVANT	ABSENT	ABSENT	ABSENT	ABSENT		GAP_PRESENT	Content coverage only; no Ozon ranking-weight claim.
1720147059	USE::car_mirror	зеркало сдвижное на щиток	GENERIC_RELEVANT	ABSENT	ABSENT	ABSENT	ABSENT		GAP_PRESENT	Content coverage only; no Ozon ranking-weight claim.
1720147059	USE::car_mirror	зеркальные знаки	GENERIC_RELEVANT	ABSENT	ABSENT	ABSENT	ABSENT		GAP_PRESENT	Content coverage only; no Ozon ranking-weight claim.
1720147059	USE::car_mirror	знак везу мужана машину	GENERIC_RELEVANT	ABSENT	ABSENT	ABSENT	ABSENT		GAP_PRESENT	Content coverage only; no Ozon ranking-weight claim.
1720147059	UNCLEAR::c5f3d2a6d3	знак задиака девы на торт	AMBIGUOUS_HOLD	ABSENT	ABSENT	ABSENT	ABSENT		GAP_PRESENT	Content coverage only; no Ozon ranking-weight claim.
1720147059	ZODIAC_SIGN::козерог	знак зодиака козерог фигурки	EXACT_PRODUCT	PARTIAL_PRESENT	PARTIAL_PRESENT	PARTIAL_PRESENT	PARTIAL_PRESENT	title_n:PARTIAL_PRESENT	PARTIAL_GAP	Content coverage only; no Ozon ranking-weight claim.
1720147059	VARIANT::козерог	знак козерога серебро	PARTIAL_RELEVANCE	PARTIAL_PRESENT	PARTIAL_PRESENT	PARTIAL_PRESENT	PARTIAL_PRESENT	title_n:PARTIAL_PRESENT	PARTIAL_GAP	Content coverage only; no Ozon ranking-weight claim.
1720147059	USE::car_mirror	знак на авто дорожный	GENERIC_RELEVANT	ABSENT	ABSENT	ABSENT	ABSENT		GAP_PRESENT	Content coverage only; no Ozon ranking-weight claim.
1720147059	FAMILY::zodiac	знаки зодиака	FAMILY_RELEVANT	SEMANTIC_PRESENT	ABSENT	EXACT_PRESENT	SEMANTIC_PRESENT	title_n:SEMANTIC_PRESENT	GAP_PRESENT	Content coverage only; no Ozon ranking-weight claim.
1720147059	USE::car_mirror	игрушка мягка обезьяна в машину на зеркало	GENERIC_RELEVANT	ABSENT	ABSENT	ABSENT	ABSENT		GAP_PRESENT	Content coverage only; no Ozon ranking-weight claim.
1720147059	ZODIAC_SIGN::козерог	картины со знаком зодиака козерог	EXACT_PRODUCT	PARTIAL_PRESENT	PARTIAL_PRESENT	PARTIAL_PRESENT	PARTIAL_PRESENT	title_n:PARTIAL_PRESENT	PARTIAL_GAP	Content coverage only; no Ozon ranking-weight claim.
1720147059	ZODIAC_SIGN::козерог	козерог	STRONG_PRODUCT	EXACT_PRESENT	EXACT_PRESENT	EXACT_PRESENT	EXACT_PRESENT	title_n:EXACT_PRESENT	NO_GAP	Content coverage only; no Ozon ranking-weight claim.
1720147059	ZODIAC_SIGN::козерог	козерог мужской	STRONG_PRODUCT	SEMANTIC_PRESENT	SEMANTIC_PRESENT	SEMANTIC_PRESENT	SEMANTIC_PRESENT	title_n:SEMANTIC_PRESENT	NO_GAP	Content coverage only; no Ozon ranking-weight claim.
1720147059	ZODIAC_SIGN::козерог	козерог подвеска	EXACT_PRODUCT	SEMANTIC_PRESENT	SEMANTIC_PRESENT	EXACT_PRESENT	SEMANTIC_PRESENT	title_n:SEMANTIC_PRESENT	NO_GAP	Content coverage only; no Ozon ranking-weight claim.
1720147059	USE::car_mirror	красивая подвеска в машину для	GENERIC_RELEVANT	ABSENT	ABSENT	ABSENT	ABSENT		GAP_PRESENT	Content coverage only; no Ozon ranking-weight claim.
1720147059	USE::car_mirror	красивые зеркало в авто	GENERIC_RELEVANT	ABSENT	ABSENT	ABSENT	ABSENT		GAP_PRESENT	Content coverage only; no Ozon ranking-weight claim.
1720147059	ZODIAC_SIGN::козерог	кулон зодиакальный козерог	EXACT_PRODUCT	PARTIAL_PRESENT	PARTIAL_PRESENT	PARTIAL_PRESENT	PARTIAL_PRESENT	title_n:PARTIAL_PRESENT	PARTIAL_GAP	Content coverage only; no Ozon ranking-weight claim.
1720147059	ZODIAC_SIGN::козерог	медальон козерог	STRONG_PRODUCT	PARTIAL_PRESENT	PARTIAL_PRESENT	PARTIAL_PRESENT	PARTIAL_PRESENT	title_n:PARTIAL_PRESENT	PARTIAL_GAP	Content coverage only; no Ozon ranking-weight claim.
1720147059	ZODIAC_SIGN::козерог	молд козерог	STRONG_PRODUCT	PARTIAL_PRESENT	PARTIAL_PRESENT	PARTIAL_PRESENT	PARTIAL_PRESENT	title_n:PARTIAL_PRESENT	PARTIAL_GAP	Content coverage only; no Ozon ranking-weight claim.
1720147059	USE::car_mirror	оберег в машину	GENERIC_RELEVANT	SEMANTIC_PRESENT	ABSENT	EXACT_PRESENT	SEMANTIC_PRESENT	title_n:SEMANTIC_PRESENT	GAP_PRESENT	Content coverage only; no Ozon ranking-weight claim.
1720147059	USE::protection	оберег деревянный	GENERIC_RELEVANT	SEMANTIC_PRESENT	ABSENT	SEMANTIC_PRESENT	SEMANTIC_PRESENT	title_n:SEMANTIC_PRESENT	GAP_PRESENT	Content coverage only; no Ozon ranking-weight claim.
1720147059	USE::car_mirror	оберег зеркальный	GENERIC_RELEVANT	ABSENT	ABSENT	ABSENT	ABSENT		GAP_PRESENT	Content coverage only; no Ozon ranking-weight claim.
1720147059	USE::protection	обереготсглаза	GENERIC_RELEVANT	ABSENT	ABSENT	EXACT_PRESENT	ABSENT	attr_n:EXACT_PRESENT	GAP_PRESENT	Content coverage only; no Ozon ranking-weight claim.
1720147059	VARIANT::козерог	подарок для козерога	PARTIAL_RELEVANCE	SEMANTIC_PRESENT	SEMANTIC_PRESENT	SEMANTIC_PRESENT	SEMANTIC_PRESENT	title_n:SEMANTIC_PRESENT	NO_GAP	Content coverage only; no Ozon ranking-weight claim.
1720147059	USE::car_mirror	подвеска в машину	GENERIC_RELEVANT	SEMANTIC_PRESENT	ABSENT	EXACT_PRESENT	SEMANTIC_PRESENT	title_n:SEMANTIC_PRESENT	GAP_PRESENT	Content coverage only; no Ozon ranking-weight claim.
1720147059	USE::car_mirror	подвеска в машину на зеркало	GENERIC_RELEVANT	SEMANTIC_PRESENT	ABSENT	EXACT_PRESENT	SEMANTIC_PRESENT	title_n:SEMANTIC_PRESENT	GAP_PRESENT	Content coverage only; no Ozon ranking-weight claim.
1720147059	FAMILY::zodiac	подвеска знак зодиака набор	FAMILY_RELEVANT	SEMANTIC_PRESENT	ABSENT	SEMANTIC_PRESENT	SEMANTIC_PRESENT	title_n:SEMANTIC_PRESENT	GAP_PRESENT	Content coverage only; no Ozon ranking-weight claim.
1720147059	ZODIAC_SIGN::козерог	подвеска козерог	EXACT_PRODUCT	SEMANTIC_PRESENT	SEMANTIC_PRESENT	SEMANTIC_PRESENT	SEMANTIC_PRESENT	title_n:SEMANTIC_PRESENT	NO_GAP	Content coverage only; no Ozon ranking-weight claim.
1720147059	USE::car_mirror	подвеска на зеркало в машину	GENERIC_RELEVANT	EXACT_PRESENT	ABSENT	EXACT_PRESENT	EXACT_PRESENT	title_n:EXACT_PRESENT	GAP_PRESENT	Content coverage only; no Ozon ranking-weight claim.
1720147059	FAMILY::zodiac	подвески знаки зодиака	FAMILY_RELEVANT	SEMANTIC_PRESENT	ABSENT	SEMANTIC_PRESENT	SEMANTIC_PRESENT	title_n:SEMANTIC_PRESENT	GAP_PRESENT	Content coverage only; no Ozon ranking-weight claim.
1720147059	USE::car_mirror	подвестка в машину	GENERIC_RELEVANT	ABSENT	ABSENT	ABSENT	ABSENT		GAP_PRESENT	Content coverage only; no Ozon ranking-weight claim.
1720147059	USE::protection	талисманы и обереги	GENERIC_RELEVANT	SEMANTIC_PRESENT	ABSENT	SEMANTIC_PRESENT	SEMANTIC_PRESENT	title_n:SEMANTIC_PRESENT	GAP_PRESENT	Content coverage only; no Ozon ranking-weight claim.
1720147059	USE::car_mirror	четки в автомобиль	GENERIC_RELEVANT	SEMANTIC_PRESENT	ABSENT	SEMANTIC_PRESENT	SEMANTIC_PRESENT	title_n:SEMANTIC_PRESENT	GAP_PRESENT	Content coverage only; no Ozon ranking-weight claim.
1720147059	USE::car_mirror	четки в машину	GENERIC_RELEVANT	SEMANTIC_PRESENT	ABSENT	SEMANTIC_PRESENT	SEMANTIC_PRESENT	title_n:SEMANTIC_PRESENT	GAP_PRESENT	Content coverage only; no Ozon ranking-weight claim.
1720147059	ZODIAC_SIGN::козерог	четки в машину козерог	EXACT_PRODUCT	SEMANTIC_PRESENT	SEMANTIC_PRESENT	SEMANTIC_PRESENT	SEMANTIC_PRESENT	title_n:SEMANTIC_PRESENT	NO_GAP	Content coverage only; no Ozon ranking-weight claim.
1720148880	USE::car_mirror	аксессуары в машину подвесаа зеркал барабан	GENERIC_RELEVANT	ABSENT	ABSENT	ABSENT	ABSENT		GAP_PRESENT	Content coverage only; no Ozon ranking-weight claim.
1720148880	CLASS::amulet_pendant	амулет	GENERIC_RELEVANT	SEMANTIC_PRESENT	ABSENT	EXACT_PRESENT	EXACT_PRESENT	title_n:SEMANTIC_PRESENT	GAP_PRESENT	Content coverage only; no Ozon ranking-weight claim.
1720148880	USE::car_mirror	амулет - подвеска на зеркало в машину	GENERIC_RELEVANT	SEMANTIC_PRESENT	ABSENT	SEMANTIC_PRESENT	SEMANTIC_PRESENT	title_n:SEMANTIC_PRESENT	GAP_PRESENT	Content coverage only; no Ozon ranking-weight claim.
1720148880	CLASS::amulet_pendant	амулет деревянный	GENERIC_RELEVANT	SEMANTIC_PRESENT	ABSENT	SEMANTIC_PRESENT	SEMANTIC_PRESENT	title_n:SEMANTIC_PRESENT	GAP_PRESENT	Content coverage only; no Ozon ranking-weight claim.
1720148880	CLASS::amulet_pendant	амулет для магии черной	GENERIC_RELEVANT	ABSENT	ABSENT	ABSENT	ABSENT		GAP_PRESENT	Content coverage only; no Ozon ranking-weight claim.
1720148880	USE::car_mirror	амулет зеркальный	GENERIC_RELEVANT	ABSENT	ABSENT	ABSENT	ABSENT		GAP_PRESENT	Content coverage only; no Ozon ranking-weight claim.
1720148880	USE::protection	амулеты обереги и талисманы	GENERIC_RELEVANT	SEMANTIC_PRESENT	ABSENT	EXACT_PRESENT	SEMANTIC_PRESENT	title_n:SEMANTIC_PRESENT	GAP_PRESENT	Content coverage only; no Ozon ranking-weight claim.
1720148880	USE::protection	амулеты обереги и талисманы для овна	GENERIC_RELEVANT	ABSENT	ABSENT	SEMANTIC_PRESENT	SEMANTIC_PRESENT	attr_n:SEMANTIC_PRESENT	GAP_PRESENT	Content coverage only; no Ozon ranking-weight claim.
1720148880	USE::car_mirror	аодвеска зеркало	GENERIC_RELEVANT	ABSENT	ABSENT	ABSENT	ABSENT		GAP_PRESENT	Content coverage only; no Ozon ranking-weight claim.
1720148880	USE::car_mirror	браслет на зеркало	GENERIC_RELEVANT	ABSENT	ABSENT	ABSENT	ABSENT		GAP_PRESENT	Content coverage only; no Ozon ranking-weight claim.
1720148880	USE::protection	браслетик оберег для овна	GENERIC_RELEVANT	ABSENT	ABSENT	PARTIAL_PRESENT	PARTIAL_PRESENT	attr_n:PARTIAL_PRESENT	GAP_PRESENT	Content coverage only; no Ozon ranking-weight claim.
1720148880	USE::car_mirror	брелок в машину на зеркало	GENERIC_RELEVANT	ABSENT	ABSENT	ABSENT	ABSENT		GAP_PRESENT	Content coverage only; no Ozon ranking-weight claim.
1720148880	USE::car_mirror	брелок в машину на зеркало пушистики	GENERIC_RELEVANT	ABSENT	ABSENT	ABSENT	ABSENT		GAP_PRESENT	Content coverage only; no Ozon ranking-weight claim.
1720148880	USE::car_mirror	брелок коза в машину на зеркало	GENERIC_RELEVANT	ABSENT	ABSENT	ABSENT	ABSENT		GAP_PRESENT	Content coverage only; no Ozon ranking-weight claim.
1720148880	ZODIAC_SIGN::овен	брилок овен	STRONG_PRODUCT	PARTIAL_PRESENT	PARTIAL_PRESENT	PARTIAL_PRESENT	PARTIAL_PRESENT	title_n:PARTIAL_PRESENT	PARTIAL_GAP	Content coverage only; no Ozon ranking-weight claim.
1720148880	ZODIAC_SIGN::овен	бусина овен	STRONG_PRODUCT	PARTIAL_PRESENT	PARTIAL_PRESENT	SEMANTIC_PRESENT	SEMANTIC_PRESENT	title_n:PARTIAL_PRESENT	PARTIAL_GAP	Content coverage only; no Ozon ranking-weight claim.
1720148880	USE::car_mirror	бусина от сглаза на зеркало машины	GENERIC_RELEVANT	PARTIAL_PRESENT	ABSENT	SEMANTIC_PRESENT	SEMANTIC_PRESENT	title_n:PARTIAL_PRESENT	GAP_PRESENT	Content coverage only; no Ozon ranking-weight claim.
1720148880	ZODIAC_SIGN::овен	бусинка знак зодиака овен	EXACT_PRODUCT	PARTIAL_PRESENT	PARTIAL_PRESENT	PARTIAL_PRESENT	PARTIAL_PRESENT	title_n:PARTIAL_PRESENT	PARTIAL_GAP	Content coverage only; no Ozon ranking-weight claim.
1720148880	USE::protection	бусины акриловые от сглаза 12мм	GENERIC_RELEVANT	ABSENT	ABSENT	PARTIAL_PRESENT	PARTIAL_PRESENT	attr_n:PARTIAL_PRESENT	GAP_PRESENT	Content coverage only; no Ozon ranking-weight claim.
1720148880	USE::car_mirror	бусины для подвески на зеркало в машину	GENERIC_RELEVANT	ABSENT	ABSENT	SEMANTIC_PRESENT	SEMANTIC_PRESENT	attr_n:SEMANTIC_PRESENT	GAP_PRESENT	Content coverage only; no Ozon ranking-weight claim.
1720148880	USE::car_mirror	в машину авулет	GENERIC_RELEVANT	ABSENT	ABSENT	ABSENT	ABSENT		GAP_PRESENT	Content coverage only; no Ozon ranking-weight claim.
1720148880	ZODIAC_SIGN::овен	в машину овен	EXACT_PRODUCT	SEMANTIC_PRESENT	SEMANTIC_PRESENT	SEMANTIC_PRESENT	SEMANTIC_PRESENT	title_n:SEMANTIC_PRESENT	NO_GAP	Content coverage only; no Ozon ranking-weight claim.
1720148880	USE::car_mirror	в машину подвеска	GENERIC_RELEVANT	SEMANTIC_PRESENT	ABSENT	EXACT_PRESENT	SEMANTIC_PRESENT	title_n:SEMANTIC_PRESENT	GAP_PRESENT	Content coverage only; no Ozon ranking-weight claim.
1720148880	USE::car_mirror	в машину подвеска на зеркало мужская	GENERIC_RELEVANT	ABSENT	ABSENT	SEMANTIC_PRESENT	ABSENT	attr_n:SEMANTIC_PRESENT	GAP_PRESENT	Content coverage only; no Ozon ranking-weight claim.
1720148880	USE::car_mirror	вертолетик на зеркало уличное машины	GENERIC_RELEVANT	PARTIAL_PRESENT	ABSENT	PARTIAL_PRESENT	PARTIAL_PRESENT	title_n:PARTIAL_PRESENT	GAP_PRESENT	Content coverage only; no Ozon ranking-weight claim.
1720148880	USE::car_mirror	висюлька в машину на зеркало мусульманская на грузовую	GENERIC_RELEVANT	ABSENT	ABSENT	ABSENT	ABSENT		GAP_PRESENT	Content coverage only; no Ozon ranking-weight claim.
1720148880	USE::car_mirror	висюлька на зеркало в машину ароматизатор мазда	GENERIC_RELEVANT	ABSENT	ABSENT	ABSENT	ABSENT		GAP_PRESENT	Content coverage only; no Ozon ranking-weight claim.
1720148880	USE::car_mirror	висюлька на зеркало в машину белая пушистая	GENERIC_RELEVANT	ABSENT	ABSENT	ABSENT	ABSENT		GAP_PRESENT	Content coverage only; no Ozon ranking-weight claim.
1720148880	USE::car_mirror	для подвески зеркала	GENERIC_RELEVANT	SEMANTIC_PRESENT	ABSENT	SEMANTIC_PRESENT	SEMANTIC_PRESENT	title_n:SEMANTIC_PRESENT	GAP_PRESENT	Content coverage only; no Ozon ranking-weight claim.
1720148880	VARIANT::овен	домовенок в тележке оберег	GENERIC_RELEVANT	ABSENT	ABSENT	ABSENT	ABSENT		GAP_PRESENT	Content coverage only; no Ozon ranking-weight claim.
1720148880	USE::car_mirror	зеркало магическое талисман	GENERIC_RELEVANT	ABSENT	ABSENT	ABSENT	ABSENT		GAP_PRESENT	Content coverage only; no Ozon ranking-weight claim.
1720148880	FAMILY::zodiac	знаеи зодиака	FAMILY_RELEVANT	ABSENT	ABSENT	ABSENT	ABSENT		GAP_PRESENT	Content coverage only; no Ozon ranking-weight claim.
1720148880	UNCLEAR::4ea3c05541	знак атлантов	AMBIGUOUS_HOLD	ABSENT	ABSENT	ABSENT	ABSENT		GAP_PRESENT	Content coverage only; no Ozon ranking-weight claim.
1720148880	FAMILY::zodiac	знак зодиака ов	FAMILY_RELEVANT	ABSENT	ABSENT	EXACT_PRESENT	ABSENT	attr_n:EXACT_PRESENT	GAP_PRESENT	Content coverage only; no Ozon ranking-weight claim.
1720148880	FAMILY::zodiac	знаки зодиака	FAMILY_RELEVANT	SEMANTIC_PRESENT	ABSENT	EXACT_PRESENT	SEMANTIC_PRESENT	title_n:SEMANTIC_PRESENT	GAP_PRESENT	Content coverage only; no Ozon ranking-weight claim.
1720148880	USE::car_mirror	игрушка на зеркало в машину мягкий чертик	GENERIC_RELEVANT	ABSENT	ABSENT	ABSENT	ABSENT		GAP_PRESENT	Content coverage only; no Ozon ranking-weight claim.
1720148880	USE::car_mirror	коза подвеска в машину	GENERIC_RELEVANT	ABSENT	ABSENT	ABSENT	ABSENT		GAP_PRESENT	Content coverage only; no Ozon ranking-weight claim.
1720148880	USE::car_mirror	на присоске в машину жезл оберег	GENERIC_RELEVANT	ABSENT	ABSENT	ABSENT	ABSENT		GAP_PRESENT	Content coverage only; no Ozon ranking-weight claim.
1720148880	FAMILY::zodiac	набор знак зодиака	FAMILY_RELEVANT	SEMANTIC_PRESENT	ABSENT	SEMANTIC_PRESENT	SEMANTIC_PRESENT	title_n:SEMANTIC_PRESENT	GAP_PRESENT	Content coverage only; no Ozon ranking-weight claim.
1720148880	USE::protection	оберег	GENERIC_RELEVANT	EXACT_PRESENT	ABSENT	EXACT_PRESENT	EXACT_PRESENT	title_n:EXACT_PRESENT	GAP_PRESENT	Content coverage only; no Ozon ranking-weight claim.
1720148880	USE::car_mirror	оберег в машину	GENERIC_RELEVANT	SEMANTIC_PRESENT	ABSENT	EXACT_PRESENT	SEMANTIC_PRESENT	title_n:SEMANTIC_PRESENT	GAP_PRESENT	Content coverage only; no Ozon ranking-weight claim.
1720148880	USE::car_mirror	оберег на зеркало в машину	GENERIC_RELEVANT	SEMANTIC_PRESENT	ABSENT	SEMANTIC_PRESENT	SEMANTIC_PRESENT	title_n:SEMANTIC_PRESENT	GAP_PRESENT	Content coverage only; no Ozon ranking-weight claim.
1720148880	USE::protection	обереготсглаза	GENERIC_RELEVANT	ABSENT	ABSENT	EXACT_PRESENT	ABSENT	attr_n:EXACT_PRESENT	GAP_PRESENT	Content coverage only; no Ozon ranking-weight claim.
1720148880	ZODIAC_SIGN::овен	овен	STRONG_PRODUCT	EXACT_PRESENT	EXACT_PRESENT	EXACT_PRESENT	EXACT_PRESENT	title_n:EXACT_PRESENT	NO_GAP	Content coverage only; no Ozon ranking-weight claim.
1720148880	USE::car_mirror	подвеска в машину	GENERIC_RELEVANT	SEMANTIC_PRESENT	ABSENT	EXACT_PRESENT	SEMANTIC_PRESENT	title_n:SEMANTIC_PRESENT	GAP_PRESENT	Content coverage only; no Ozon ranking-weight claim.
1720148880	USE::car_mirror	подвеска в машину на зеркало	GENERIC_RELEVANT	SEMANTIC_PRESENT	ABSENT	EXACT_PRESENT	SEMANTIC_PRESENT	title_n:SEMANTIC_PRESENT	GAP_PRESENT	Content coverage only; no Ozon ranking-weight claim.
1720148880	USE::car_mirror	подвеска на зеркало автомобиля в машину	GENERIC_RELEVANT	ABSENT	ABSENT	SEMANTIC_PRESENT	SEMANTIC_PRESENT	attr_n:SEMANTIC_PRESENT	GAP_PRESENT	Content coverage only; no Ozon ranking-weight claim.
1720148880	USE::car_mirror	подвеска на зеркало в машину	GENERIC_RELEVANT	EXACT_PRESENT	ABSENT	EXACT_PRESENT	EXACT_PRESENT	title_n:EXACT_PRESENT	GAP_PRESENT	Content coverage only; no Ozon ranking-weight claim.
1720148880	ZODIAC_SIGN::овен	подвеска овен	EXACT_PRODUCT	SEMANTIC_PRESENT	SEMANTIC_PRESENT	SEMANTIC_PRESENT	SEMANTIC_PRESENT	title_n:SEMANTIC_PRESENT	NO_GAP	Content coverage only; no Ozon ranking-weight claim.
1720148880	USE::protection	талисман овна	GENERIC_RELEVANT	ABSENT	ABSENT	SEMANTIC_PRESENT	SEMANTIC_PRESENT	attr_n:SEMANTIC_PRESENT	GAP_PRESENT	Content coverage only; no Ozon ranking-weight claim.
1720148880	USE::protection	талисман подвеска	GENERIC_RELEVANT	SEMANTIC_PRESENT	ABSENT	SEMANTIC_PRESENT	SEMANTIC_PRESENT	title_n:SEMANTIC_PRESENT	GAP_PRESENT	Content coverage only; no Ozon ranking-weight claim.
1720148880	USE::car_mirror	четки в автомобиль	GENERIC_RELEVANT	SEMANTIC_PRESENT	ABSENT	SEMANTIC_PRESENT	SEMANTIC_PRESENT	title_n:SEMANTIC_PRESENT	GAP_PRESENT	Content coverage only; no Ozon ranking-weight claim.
1720148880	FAMILY::zodiac	четки в автомобиль на зеркало мужские со знаком зодиака	FAMILY_RELEVANT	SEMANTIC_PRESENT	SEMANTIC_PRESENT	SEMANTIC_PRESENT	SEMANTIC_PRESENT	title_n:SEMANTIC_PRESENT	NO_GAP	Content coverage only; no Ozon ranking-weight claim.
1720148880	USE::car_mirror	четки в машину	GENERIC_RELEVANT	SEMANTIC_PRESENT	ABSENT	SEMANTIC_PRESENT	SEMANTIC_PRESENT	title_n:SEMANTIC_PRESENT	GAP_PRESENT	Content coverage only; no Ozon ranking-weight claim.
1720148880	USE::car_mirror	четки в машину на зеркало	GENERIC_RELEVANT	SEMANTIC_PRESENT	ABSENT	SEMANTIC_PRESENT	SEMANTIC_PRESENT	title_n:SEMANTIC_PRESENT	GAP_PRESENT	Content coverage only; no Ozon ranking-weight claim.
1720151850	UNCLEAR::f0e41f0eed	dtlmvbyf gjldtcrf	AMBIGUOUS_HOLD	ABSENT	ABSENT	ABSENT	ABSENT		GAP_PRESENT	Content coverage only; no Ozon ranking-weight claim.
1720151850	USE::car_mirror	амулет в машину на зеркало мужской	GENERIC_RELEVANT	SEMANTIC_PRESENT	ABSENT	SEMANTIC_PRESENT	SEMANTIC_PRESENT	title_n:SEMANTIC_PRESENT	GAP_PRESENT	Content coverage only; no Ozon ranking-weight claim.
1720151850	CLASS::amulet_pendant	амулет для магии черной	GENERIC_RELEVANT	ABSENT	ABSENT	PARTIAL_PRESENT	PARTIAL_PRESENT	attr_n:PARTIAL_PRESENT	GAP_PRESENT	Content coverage only; no Ozon ranking-weight claim.
1720151850	USE::car_mirror	амулет с зеркалом подвеска	GENERIC_RELEVANT	ABSENT	ABSENT	SEMANTIC_PRESENT	SEMANTIC_PRESENT	attr_n:SEMANTIC_PRESENT	GAP_PRESENT	Content coverage only; no Ozon ranking-weight claim.
1720151850	USE::protection	амулеты обереги и талисманы	GENERIC_RELEVANT	SEMANTIC_PRESENT	ABSENT	EXACT_PRESENT	SEMANTIC_PRESENT	title_n:SEMANTIC_PRESENT	GAP_PRESENT	Content coverage only; no Ozon ranking-weight claim.
1720151850	USE::car_mirror	брелок в машину на зеркало пушистики	GENERIC_RELEVANT	ABSENT	ABSENT	ABSENT	ABSENT		GAP_PRESENT	Content coverage only; no Ozon ranking-weight claim.
1720151850	USE::protection	брелок руна оберег	GENERIC_RELEVANT	ABSENT	ABSENT	ABSENT	ABSENT		GAP_PRESENT	Content coverage only; no Ozon ranking-weight claim.
1720151850	USE::car_mirror	в машину амулет	GENERIC_RELEVANT	SEMANTIC_PRESENT	ABSENT	SEMANTIC_PRESENT	SEMANTIC_PRESENT	title_n:SEMANTIC_PRESENT	GAP_PRESENT	Content coverage only; no Ozon ranking-weight claim.
1720151850	USE::car_mirror	в машину красивая подвеска	GENERIC_RELEVANT	ABSENT	ABSENT	SEMANTIC_PRESENT	SEMANTIC_PRESENT	attr_n:SEMANTIC_PRESENT	GAP_PRESENT	Content coverage only; no Ozon ranking-weight claim.
1720151850	USE::car_mirror	демон на машину подвеска на стекло маленькие	GENERIC_RELEVANT	ABSENT	ABSENT	ABSENT	ABSENT		GAP_PRESENT	Content coverage only; no Ozon ranking-weight claim.
1720151850	USE::car_mirror	для автомобиля подвеска на зеркало	GENERIC_RELEVANT	ABSENT	ABSENT	SEMANTIC_PRESENT	SEMANTIC_PRESENT	attr_n:SEMANTIC_PRESENT	GAP_PRESENT	Content coverage only; no Ozon ranking-weight claim.
1720151850	ZODIAC_SIGN::лев	для машины лев	EXACT_PRODUCT	SEMANTIC_PRESENT	PARTIAL_PRESENT	SEMANTIC_PRESENT	SEMANTIC_PRESENT	title_n:SEMANTIC_PRESENT	PARTIAL_GAP	Content coverage only; no Ozon ranking-weight claim.
1720151850	USE::car_mirror	додвестка на машину	GENERIC_RELEVANT	ABSENT	ABSENT	ABSENT	ABSENT		GAP_PRESENT	Content coverage only; no Ozon ranking-weight claim.
1720151850	USE::car_mirror	дорожный знак в авто	GENERIC_RELEVANT	ABSENT	ABSENT	ABSENT	ABSENT		GAP_PRESENT	Content coverage only; no Ozon ranking-weight claim.
1720151850	USE::car_mirror	зеркало для гадания	GENERIC_RELEVANT	ABSENT	ABSENT	ABSENT	ABSENT		GAP_PRESENT	Content coverage only; no Ozon ranking-weight claim.
1720151850	USE::car_mirror	зеркало лева	GENERIC_RELEVANT	ABSENT	ABSENT	ABSENT	ABSENT		GAP_PRESENT	Content coverage only; no Ozon ranking-weight claim.
1720151850	ZODIAC_SIGN::лев	знак задиак лев	STRONG_PRODUCT	PARTIAL_PRESENT	PARTIAL_PRESENT	PARTIAL_PRESENT	PARTIAL_PRESENT	title_n:PARTIAL_PRESENT	PARTIAL_GAP	Content coverage only; no Ozon ranking-weight claim.
1720151850	ZODIAC_SIGN::лев	знак зодиака лев	EXACT_PRODUCT	SEMANTIC_PRESENT	SEMANTIC_PRESENT	EXACT_PRESENT	SEMANTIC_PRESENT	title_n:SEMANTIC_PRESENT	NO_GAP	Content coverage only; no Ozon ranking-weight claim.
1720151850	USE::car_mirror	знак туфелька блестящая на машину	GENERIC_RELEVANT	ABSENT	ABSENT	ABSENT	ABSENT		GAP_PRESENT	Content coverage only; no Ozon ranking-weight claim.
1720151850	ZODIAC_SIGN::лев	знаки зодиака лев	EXACT_PRODUCT	SEMANTIC_PRESENT	SEMANTIC_PRESENT	SEMANTIC_PRESENT	SEMANTIC_PRESENT	title_n:SEMANTIC_PRESENT	NO_GAP	Content coverage only; no Ozon ranking-weight claim.
1720151850	USE::car_mirror	знаки сувениры для парашютиста в машину	GENERIC_RELEVANT	ABSENT	ABSENT	ABSENT	ABSENT		GAP_PRESENT	Content coverage only; no Ozon ranking-weight claim.
1720151850	ZODIAC_SIGN::лев	золотой лев в машину	EXACT_PRODUCT	PARTIAL_PRESENT	PARTIAL_PRESENT	PARTIAL_PRESENT	PARTIAL_PRESENT	title_n:PARTIAL_PRESENT	PARTIAL_GAP	Content coverage only; no Ozon ranking-weight claim.
1720151850	CLASS::beads	качественные четки	GENERIC_RELEVANT	ABSENT	ABSENT	SEMANTIC_PRESENT	SEMANTIC_PRESENT	attr_n:SEMANTIC_PRESENT	GAP_PRESENT	Content coverage only; no Ozon ranking-weight claim.
1720151850	FAMILY::zodiac	колье , ожерельекулон знаки зодиака	FAMILY_RELEVANT	ABSENT	ABSENT	ABSENT	ABSENT		GAP_PRESENT	Content coverage only; no Ozon ranking-weight claim.
1720151850	USE::car_mirror	кулон автомобиль	GENERIC_RELEVANT	ABSENT	ABSENT	ABSENT	ABSENT		GAP_PRESENT	Content coverage only; no Ozon ranking-weight claim.
1720151850	USE::car_mirror	кулончик зеркало оберег	GENERIC_RELEVANT	ABSENT	ABSENT	ABSENT	ABSENT		GAP_PRESENT	Content coverage only; no Ozon ranking-weight claim.
1720151850	ZODIAC_SIGN::лев	лев	STRONG_PRODUCT	EXACT_PRESENT	EXACT_PRESENT	EXACT_PRESENT	EXACT_PRESENT	title_n:EXACT_PRESENT	NO_GAP	Content coverage only; no Ozon ranking-weight claim.
1720151850	ZODIAC_SIGN::лев	лев в машину на панель	EXACT_PRODUCT	PARTIAL_PRESENT	PARTIAL_PRESENT	PARTIAL_PRESENT	PARTIAL_PRESENT	title_n:PARTIAL_PRESENT	PARTIAL_GAP	Content coverage only; no Ozon ranking-weight claim.
1720151850	ZODIAC_SIGN::лев	лев в машину с креплением	EXACT_PRODUCT	PARTIAL_PRESENT	PARTIAL_PRESENT	PARTIAL_PRESENT	PARTIAL_PRESENT	title_n:PARTIAL_PRESENT	PARTIAL_GAP	Content coverage only; no Ozon ranking-weight claim.
1720151850	USE::protection	магия оберег защитник	GENERIC_RELEVANT	ABSENT	ABSENT	PARTIAL_PRESENT	PARTIAL_PRESENT	attr_n:PARTIAL_PRESENT	GAP_PRESENT	Content coverage only; no Ozon ranking-weight claim.
1720151850	USE::protection	метла оберег	GENERIC_RELEVANT	ABSENT	ABSENT	ABSENT	ABSENT		GAP_PRESENT	Content coverage only; no Ozon ranking-weight claim.
1720151850	USE::car_mirror	мешочек со смехом подвеска в машину	GENERIC_RELEVANT	ABSENT	ABSENT	ABSENT	ABSENT		GAP_PRESENT	Content coverage only; no Ozon ranking-weight claim.
1720151850	USE::protection	мусульманский оберег	GENERIC_RELEVANT	ABSENT	ABSENT	ABSENT	ABSENT		GAP_PRESENT	Content coverage only; no Ozon ranking-weight claim.
1720151850	USE::car_mirror	на зеркало в машину украшение	GENERIC_RELEVANT	SEMANTIC_PRESENT	ABSENT	SEMANTIC_PRESENT	SEMANTIC_PRESENT	title_n:SEMANTIC_PRESENT	GAP_PRESENT	Content coverage only; no Ozon ranking-weight claim.
1720151850	USE::car_mirror	набор подвесок в машину	GENERIC_RELEVANT	ABSENT	ABSENT	ABSENT	ABSENT		GAP_PRESENT	Content coverage only; no Ozon ranking-weight claim.
1720151850	USE::car_mirror	о.берег в машину	GENERIC_RELEVANT	ABSENT	ABSENT	ABSENT	ABSENT		GAP_PRESENT	Content coverage only; no Ozon ranking-weight claim.
1720151850	USE::protection	оберег	GENERIC_RELEVANT	EXACT_PRESENT	ABSENT	EXACT_PRESENT	EXACT_PRESENT	title_n:EXACT_PRESENT	GAP_PRESENT	Content coverage only; no Ozon ranking-weight claim.
1720151850	USE::car_mirror	оберег в машину	GENERIC_RELEVANT	SEMANTIC_PRESENT	ABSENT	EXACT_PRESENT	SEMANTIC_PRESENT	title_n:SEMANTIC_PRESENT	GAP_PRESENT	Content coverage only; no Ozon ranking-weight claim.
1720151850	USE::car_mirror	оберег в машину от гибдд фига	GENERIC_RELEVANT	ABSENT	ABSENT	ABSENT	ABSENT		GAP_PRESENT	Content coverage only; no Ozon ranking-weight claim.
1720151850	USE::car_mirror	оберег для автомобиля женский на зеркало	GENERIC_RELEVANT	ABSENT	ABSENT	PARTIAL_PRESENT	PARTIAL_PRESENT	attr_n:PARTIAL_PRESENT	GAP_PRESENT	Content coverage only; no Ozon ranking-weight claim.
1720151850	USE::car_mirror	оберег защитный в машину на зеркало	GENERIC_RELEVANT	ABSENT	ABSENT	SEMANTIC_PRESENT	SEMANTIC_PRESENT	attr_n:SEMANTIC_PRESENT	GAP_PRESENT	Content coverage only; no Ozon ranking-weight claim.
1720151850	ZODIAC_SIGN::лев	оберег на сво лев	EXACT_PRODUCT	PARTIAL_PRESENT	PARTIAL_PRESENT	PARTIAL_PRESENT	PARTIAL_PRESENT	title_n:PARTIAL_PRESENT	PARTIAL_GAP	Content coverage only; no Ozon ranking-weight claim.
1720151850	USE::car_mirror	оберег подвеска в машину	GENERIC_RELEVANT	SEMANTIC_PRESENT	ABSENT	SEMANTIC_PRESENT	SEMANTIC_PRESENT	title_n:SEMANTIC_PRESENT	GAP_PRESENT	Content coverage only; no Ozon ranking-weight claim.
1720151850	USE::protection	обереги	GENERIC_RELEVANT	SEMANTIC_PRESENT	ABSENT	EXACT_PRESENT	SEMANTIC_PRESENT	title_n:SEMANTIC_PRESENT	GAP_PRESENT	Content coverage only; no Ozon ranking-weight claim.
1720151850	USE::car_mirror	обереги для машины	GENERIC_RELEVANT	SEMANTIC_PRESENT	ABSENT	SEMANTIC_PRESENT	SEMANTIC_PRESENT	title_n:SEMANTIC_PRESENT	GAP_PRESENT	Content coverage only; no Ozon ranking-weight claim.
1720151850	USE::car_mirror	подвеска в автомобиль	GENERIC_RELEVANT	SEMANTIC_PRESENT	ABSENT	SEMANTIC_PRESENT	SEMANTIC_PRESENT	title_n:SEMANTIC_PRESENT	GAP_PRESENT	Content coverage only; no Ozon ranking-weight claim.
1720151850	USE::car_mirror	подвеска в машину	GENERIC_RELEVANT	SEMANTIC_PRESENT	ABSENT	EXACT_PRESENT	SEMANTIC_PRESENT	title_n:SEMANTIC_PRESENT	GAP_PRESENT	Content coverage only; no Ozon ranking-weight claim.
1720151850	USE::car_mirror	подвеска в машину на зеркало	GENERIC_RELEVANT	SEMANTIC_PRESENT	ABSENT	EXACT_PRESENT	SEMANTIC_PRESENT	title_n:SEMANTIC_PRESENT	GAP_PRESENT	Content coverage only; no Ozon ranking-weight claim.
1720151850	USE::car_mirror	подвеска в машину на зеркало китай	GENERIC_RELEVANT	ABSENT	ABSENT	ABSENT	ABSENT		GAP_PRESENT	Content coverage only; no Ozon ranking-weight claim.
1720151850	ZODIAC_SIGN::лев	подвеска лев	EXACT_PRODUCT	SEMANTIC_PRESENT	SEMANTIC_PRESENT	SEMANTIC_PRESENT	SEMANTIC_PRESENT	title_n:SEMANTIC_PRESENT	NO_GAP	Content coverage only; no Ozon ranking-weight claim.
1720151850	ZODIAC_SIGN::лев	подвеска лев в машину	EXACT_PRODUCT	SEMANTIC_PRESENT	SEMANTIC_PRESENT	SEMANTIC_PRESENT	SEMANTIC_PRESENT	title_n:SEMANTIC_PRESENT	NO_GAP	Content coverage only; no Ozon ranking-weight claim.
1720151850	CLASS::amulet_pendant	подвеска левна телефон	GENERIC_RELEVANT	ABSENT	ABSENT	ABSENT	ABSENT		GAP_PRESENT	Content coverage only; no Ozon ranking-weight claim.
1720151850	USE::car_mirror	подвеска на зеркало в машину	GENERIC_RELEVANT	EXACT_PRESENT	ABSENT	EXACT_PRESENT	EXACT_PRESENT	title_n:EXACT_PRESENT	GAP_PRESENT	Content coverage only; no Ozon ranking-weight claim.
1720151850	CLASS::amulet_pendant	подвеска со львом	GENERIC_RELEVANT	ABSENT	ABSENT	ABSENT	ABSENT		GAP_PRESENT	Content coverage only; no Ozon ranking-weight claim.
1720151850	USE::car_mirror	подвечка на зеркало	GENERIC_RELEVANT	ABSENT	ABSENT	ABSENT	ABSENT		GAP_PRESENT	Content coverage only; no Ozon ranking-weight claim.
1720151850	USE::car_mirror	с рунами на зеркало в машину	GENERIC_RELEVANT	ABSENT	ABSENT	ABSENT	ABSENT		GAP_PRESENT	Content coverage only; no Ozon ranking-weight claim.
1720151850	USE::car_mirror	четки в автомобиль	GENERIC_RELEVANT	SEMANTIC_PRESENT	ABSENT	SEMANTIC_PRESENT	SEMANTIC_PRESENT	title_n:SEMANTIC_PRESENT	GAP_PRESENT	Content coverage only; no Ozon ranking-weight claim.
1720151850	USE::car_mirror	четки в машину	GENERIC_RELEVANT	SEMANTIC_PRESENT	ABSENT	SEMANTIC_PRESENT	SEMANTIC_PRESENT	title_n:SEMANTIC_PRESENT	GAP_PRESENT	Content coverage only; no Ozon ranking-weight claim.
1720153914	CLASS::amulet_pendant	амулет бусина	GENERIC_RELEVANT	ABSENT	ABSENT	SEMANTIC_PRESENT	SEMANTIC_PRESENT	attr_n:SEMANTIC_PRESENT	GAP_PRESENT	Content coverage only; no Ozon ranking-weight claim.
1720153914	CLASS::amulet_pendant	амулет деревянный	GENERIC_RELEVANT	SEMANTIC_PRESENT	ABSENT	SEMANTIC_PRESENT	SEMANTIC_PRESENT	title_n:SEMANTIC_PRESENT	GAP_PRESENT	Content coverage only; no Ozon ranking-weight claim.
1720153914	USE::protection	амулеты обереги и талисманы дерево	GENERIC_RELEVANT	SEMANTIC_PRESENT	ABSENT	SEMANTIC_PRESENT	SEMANTIC_PRESENT	title_n:SEMANTIC_PRESENT	GAP_PRESENT	Content coverage only; no Ozon ranking-weight claim.
1720153914	USE::car_mirror	ароматизатор джек рассел в машину на зеркало	GENERIC_RELEVANT	ABSENT	ABSENT	ABSENT	ABSENT		GAP_PRESENT	Content coverage only; no Ozon ranking-weight claim.
1720153914	USE::car_mirror	бомбический оберег в машину на зеркало	GENERIC_RELEVANT	ABSENT	ABSENT	ABSENT	ABSENT		GAP_PRESENT	Content coverage only; no Ozon ranking-weight claim.
1720153914	USE::car_mirror	брелок в машину на зеркало кудо	GENERIC_RELEVANT	ABSENT	ABSENT	ABSENT	ABSENT		GAP_PRESENT	Content coverage only; no Ozon ranking-weight claim.
1720153914	USE::car_mirror	брелок в машину на зеркало оберег сузуки на камне	GENERIC_RELEVANT	ABSENT	ABSENT	ABSENT	ABSENT		GAP_PRESENT	Content coverage only; no Ozon ranking-weight claim.
1720153914	USE::car_mirror	брелок в машину на зеркало пушистики	GENERIC_RELEVANT	ABSENT	ABSENT	ABSENT	ABSENT		GAP_PRESENT	Content coverage only; no Ozon ranking-weight claim.
1720153914	USE::car_mirror	брелок на зеркало в машину фемида	GENERIC_RELEVANT	ABSENT	ABSENT	ABSENT	ABSENT		GAP_PRESENT	Content coverage only; no Ozon ranking-weight claim.
1720153914	USE::car_mirror	бусы в машину с	GENERIC_RELEVANT	ABSENT	ABSENT	ABSENT	ABSENT		GAP_PRESENT	Content coverage only; no Ozon ranking-weight claim.
1720153914	FAMILY::zodiac	бусы для знака зодиака	FAMILY_RELEVANT	ABSENT	ABSENT	PARTIAL_PRESENT	PARTIAL_PRESENT	attr_n:PARTIAL_PRESENT	GAP_PRESENT	Content coverage only; no Ozon ranking-weight claim.
1720153914	UNCLEAR::9c91ad164b	бусы знак	AMBIGUOUS_HOLD	ABSENT	ABSENT	ABSENT	ABSENT		GAP_PRESENT	Content coverage only; no Ozon ranking-weight claim.
1720153914	USE::car_mirror	в машину на зеркало	GENERIC_RELEVANT	SEMANTIC_PRESENT	ABSENT	EXACT_PRESENT	SEMANTIC_PRESENT	title_n:SEMANTIC_PRESENT	GAP_PRESENT	Content coverage only; no Ozon ranking-weight claim.
1720153914	USE::car_mirror	в машину подвеска	GENERIC_RELEVANT	SEMANTIC_PRESENT	ABSENT	EXACT_PRESENT	SEMANTIC_PRESENT	title_n:SEMANTIC_PRESENT	GAP_PRESENT	Content coverage only; no Ozon ranking-weight claim.
1720153914	UNCLEAR::8bb1121a22	для для раков	AMBIGUOUS_HOLD	ABSENT	ABSENT	ABSENT	ABSENT		GAP_PRESENT	Content coverage only; no Ozon ranking-weight claim.
1720153914	USE::car_mirror	для подвески зеркала	GENERIC_RELEVANT	SEMANTIC_PRESENT	ABSENT	SEMANTIC_PRESENT	SEMANTIC_PRESENT	title_n:SEMANTIC_PRESENT	GAP_PRESENT	Content coverage only; no Ozon ranking-weight claim.
1720153914	FAMILY::zodiac	знак зодиака крысы в машину подвеска	FAMILY_RELEVANT	ABSENT	ABSENT	ABSENT	ABSENT		GAP_PRESENT	Content coverage only; no Ozon ranking-weight claim.
1720153914	ZODIAC_SIGN::рак	знак зодиака рак	EXACT_PRODUCT	SEMANTIC_PRESENT	SEMANTIC_PRESENT	EXACT_PRESENT	SEMANTIC_PRESENT	title_n:SEMANTIC_PRESENT	NO_GAP	Content coverage only; no Ozon ranking-weight claim.
1720153914	USE::car_mirror	знак на машину выносной габаритный	GENERIC_RELEVANT	ABSENT	ABSENT	ABSENT	ABSENT		GAP_PRESENT	Content coverage only; no Ozon ranking-weight claim.
1720153914	FAMILY::zodiac	знаки зодиака	FAMILY_RELEVANT	SEMANTIC_PRESENT	ABSENT	EXACT_PRESENT	SEMANTIC_PRESENT	title_n:SEMANTIC_PRESENT	GAP_PRESENT	Content coverage only; no Ozon ranking-weight claim.
1720153914	USE::car_mirror	кимоно боевое самбо в машину на зеркало	GENERIC_RELEVANT	ABSENT	ABSENT	ABSENT	ABSENT		GAP_PRESENT	Content coverage only; no Ozon ranking-weight claim.
1720153914	USE::protection	китайская подвеска талисман	GENERIC_RELEVANT	ABSENT	ABSENT	ABSENT	ABSENT		GAP_PRESENT	Content coverage only; no Ozon ranking-weight claim.
1720153914	USE::car_mirror	круглая подвеска кристиансеаямв машину	GENERIC_RELEVANT	ABSENT	ABSENT	ABSENT	ABSENT		GAP_PRESENT	Content coverage only; no Ozon ranking-weight claim.
1720153914	ZODIAC_SIGN::рак	кулон из рак	STRONG_PRODUCT	PARTIAL_PRESENT	PARTIAL_PRESENT	PARTIAL_PRESENT	PARTIAL_PRESENT	title_n:PARTIAL_PRESENT	PARTIAL_GAP	Content coverage only; no Ozon ranking-weight claim.
1720153914	UNCLEAR::16344e1644	купить знак рака	AMBIGUOUS_HOLD	ABSENT	ABSENT	ABSENT	ABSENT		GAP_PRESENT	Content coverage only; no Ozon ranking-weight claim.
1720153914	UNCLEAR::66b69487f2	магические атрибуты	AMBIGUOUS_HOLD	ABSENT	ABSENT	PARTIAL_PRESENT	PARTIAL_PRESENT	attr_n:PARTIAL_PRESENT	GAP_PRESENT	Content coverage only; no Ozon ranking-weight claim.
1720153914	USE::car_mirror	магическое зеркало	GENERIC_RELEVANT	ABSENT	ABSENT	ABSENT	ABSENT		GAP_PRESENT	Content coverage only; no Ozon ranking-weight claim.
1720153914	USE::car_mirror	мешочек со смехом подвеска в машину	GENERIC_RELEVANT	ABSENT	ABSENT	ABSENT	ABSENT		GAP_PRESENT	Content coverage only; no Ozon ranking-weight claim.
1720153914	ZODIAC_SIGN::рак	на зеркало знак зодиака рак в машину	EXACT_PRODUCT	SEMANTIC_PRESENT	SEMANTIC_PRESENT	SEMANTIC_PRESENT	SEMANTIC_PRESENT	title_n:SEMANTIC_PRESENT	NO_GAP	Content coverage only; no Ozon ranking-weight claim.
1720153914	CLASS::beads	набор для четки	GENERIC_RELEVANT	SEMANTIC_PRESENT	ABSENT	SEMANTIC_PRESENT	SEMANTIC_PRESENT	title_n:SEMANTIC_PRESENT	GAP_PRESENT	Content coverage only; no Ozon ranking-weight claim.
1720153914	USE::car_mirror	оберег в машину	GENERIC_RELEVANT	SEMANTIC_PRESENT	ABSENT	EXACT_PRESENT	SEMANTIC_PRESENT	title_n:SEMANTIC_PRESENT	GAP_PRESENT	Content coverage only; no Ozon ranking-weight claim.
1720153914	USE::car_mirror	оберег в машину для рака мужской	GENERIC_RELEVANT	ABSENT	ABSENT	ABSENT	ABSENT		GAP_PRESENT	Content coverage only; no Ozon ranking-weight claim.
1720153914	USE::car_mirror	оберег в машину женский	GENERIC_RELEVANT	ABSENT	ABSENT	ABSENT	ABSENT		GAP_PRESENT	Content coverage only; no Ozon ranking-weight claim.
1720153914	USE::car_mirror	оберег на зеркало в машину мужской	GENERIC_RELEVANT	SEMANTIC_PRESENT	ABSENT	SEMANTIC_PRESENT	SEMANTIC_PRESENT	title_n:SEMANTIC_PRESENT	GAP_PRESENT	Content coverage only; no Ozon ranking-weight claim.
1720153914	USE::protection	обереготсглаза	GENERIC_RELEVANT	ABSENT	ABSENT	EXACT_PRESENT	ABSENT	attr_n:EXACT_PRESENT	GAP_PRESENT	Content coverage only; no Ozon ranking-weight claim.
1720153914	USE::car_mirror	подвеска в авто на зеркало большая	GENERIC_RELEVANT	ABSENT	ABSENT	ABSENT	ABSENT		GAP_PRESENT	Content coverage only; no Ozon ranking-weight claim.
1720153914	USE::car_mirror	подвеска в автомобиль	GENERIC_RELEVANT	SEMANTIC_PRESENT	ABSENT	SEMANTIC_PRESENT	SEMANTIC_PRESENT	title_n:SEMANTIC_PRESENT	GAP_PRESENT	Content coverage only; no Ozon ranking-weight claim.
1720153914	USE::car_mirror	подвеска в машину	GENERIC_RELEVANT	SEMANTIC_PRESENT	ABSENT	EXACT_PRESENT	SEMANTIC_PRESENT	title_n:SEMANTIC_PRESENT	GAP_PRESENT	Content coverage only; no Ozon ranking-weight claim.
1720153914	USE::car_mirror	подвеска в машину вдв 76	GENERIC_RELEVANT	ABSENT	ABSENT	ABSENT	ABSENT		GAP_PRESENT	Content coverage only; no Ozon ranking-weight claim.
1720153914	USE::car_mirror	подвеска в машину водителю илье	GENERIC_RELEVANT	ABSENT	ABSENT	ABSENT	ABSENT		GAP_PRESENT	Content coverage only; no Ozon ranking-weight claim.
1720153914	USE::car_mirror	подвеска в машину зуб или коготь на зеркало	GENERIC_RELEVANT	ABSENT	ABSENT	ABSENT	ABSENT		GAP_PRESENT	Content coverage only; no Ozon ranking-weight claim.
1720153914	USE::car_mirror	подвеска в машину кия с пандой	GENERIC_RELEVANT	ABSENT	ABSENT	ABSENT	ABSENT		GAP_PRESENT	Content coverage only; no Ozon ranking-weight claim.
1720153914	FAMILY::zodiac	подвеска в машину на зеркало знак зодиака	FAMILY_RELEVANT	SEMANTIC_PRESENT	ABSENT	SEMANTIC_PRESENT	SEMANTIC_PRESENT	title_n:SEMANTIC_PRESENT	GAP_PRESENT	Content coverage only; no Ozon ranking-weight claim.
1720153914	USE::car_mirror	подвеска в машину на зеркало мотоцикл	GENERIC_RELEVANT	ABSENT	ABSENT	ABSENT	ABSENT		GAP_PRESENT	Content coverage only; no Ozon ranking-weight claim.
1720153914	USE::car_mirror	подвеска для авто стильная	GENERIC_RELEVANT	ABSENT	ABSENT	ABSENT	ABSENT		GAP_PRESENT	Content coverage only; no Ozon ranking-weight claim.
1720153914	ZODIAC_SIGN::рак	подвеска знак зодиака рак в машину	EXACT_PRODUCT	SEMANTIC_PRESENT	SEMANTIC_PRESENT	SEMANTIC_PRESENT	SEMANTIC_PRESENT	title_n:SEMANTIC_PRESENT	NO_GAP	Content coverage only; no Ozon ranking-weight claim.
1720153914	USE::car_mirror	подвеска на зеркало в автомобиль	GENERIC_RELEVANT	SEMANTIC_PRESENT	ABSENT	SEMANTIC_PRESENT	SEMANTIC_PRESENT	title_n:SEMANTIC_PRESENT	GAP_PRESENT	Content coverage only; no Ozon ranking-weight claim.
1720153914	USE::car_mirror	подвеска на зеркало в машину	GENERIC_RELEVANT	EXACT_PRESENT	ABSENT	EXACT_PRESENT	EXACT_PRESENT	title_n:EXACT_PRESENT	GAP_PRESENT	Content coverage only; no Ozon ranking-weight claim.
1720153914	USE::car_mirror	подвеска на зеркало деревянная	GENERIC_RELEVANT	ABSENT	ABSENT	ABSENT	ABSENT		GAP_PRESENT	Content coverage only; no Ozon ranking-weight claim.
1720153914	ZODIAC_SIGN::рак	подвеска рак	EXACT_PRODUCT	SEMANTIC_PRESENT	SEMANTIC_PRESENT	SEMANTIC_PRESENT	SEMANTIC_PRESENT	title_n:SEMANTIC_PRESENT	NO_GAP	Content coverage only; no Ozon ranking-weight claim.
1720153914	CLASS::amulet_pendant	подвеска руна	GENERIC_RELEVANT	ABSENT	ABSENT	ABSENT	ABSENT		GAP_PRESENT	Content coverage only; no Ozon ranking-weight claim.
1720153914	ZODIAC_SIGN::рак	рак	STRONG_PRODUCT	EXACT_PRESENT	EXACT_PRESENT	EXACT_PRESENT	EXACT_PRESENT	title_n:EXACT_PRESENT	NO_GAP	Content coverage only; no Ozon ranking-weight claim.
1720153914	UNCLEAR::7146f59841	раки	AMBIGUOUS_HOLD	ABSENT	ABSENT	ABSENT	ABSENT		GAP_PRESENT	Content coverage only; no Ozon ranking-weight claim.
1720153914	USE::car_mirror	талисман в машину красивый на зеркало	GENERIC_RELEVANT	ABSENT	ABSENT	ABSENT	ABSENT		GAP_PRESENT	Content coverage only; no Ozon ranking-weight claim.
1720153914	USE::car_mirror	талисман подвеска в машину плетеный	GENERIC_RELEVANT	ABSENT	ABSENT	ABSENT	ABSENT		GAP_PRESENT	Content coverage only; no Ozon ranking-weight claim.
1720153914	CLASS::beads	черная магия четки	GENERIC_RELEVANT	ABSENT	ABSENT	ABSENT	ABSENT		GAP_PRESENT	Content coverage only; no Ozon ranking-weight claim.
1720153914	USE::car_mirror	четки в машину	GENERIC_RELEVANT	SEMANTIC_PRESENT	ABSENT	SEMANTIC_PRESENT	SEMANTIC_PRESENT	title_n:SEMANTIC_PRESENT	GAP_PRESENT	Content coverage only; no Ozon ranking-weight claim.
1720153914	USE::car_mirror	четки в машину на зеркало	GENERIC_RELEVANT	SEMANTIC_PRESENT	ABSENT	SEMANTIC_PRESENT	SEMANTIC_PRESENT	title_n:SEMANTIC_PRESENT	GAP_PRESENT	Content coverage only; no Ozon ranking-weight claim.
1720155616	UNCLEAR::f0e41f0eed	dtlmvbyf gjldtcrf	AMBIGUOUS_HOLD	ABSENT	ABSENT	ABSENT	ABSENT		GAP_PRESENT	Content coverage only; no Ozon ranking-weight claim.
1720155616	USE::car_mirror	брелок от сглаза в машину на зеркало	GENERIC_RELEVANT	ABSENT	ABSENT	PARTIAL_PRESENT	PARTIAL_PRESENT	attr_n:PARTIAL_PRESENT	GAP_PRESENT	Content coverage only; no Ozon ranking-weight claim.
1720155616	USE::car_mirror	брошь на машину рыбка самаклейная	GENERIC_RELEVANT	ABSENT	ABSENT	ABSENT	ABSENT		GAP_PRESENT	Content coverage only; no Ozon ranking-weight claim.
1720155616	USE::car_mirror	бусина от сглаза на зеркало машины	GENERIC_RELEVANT	PARTIAL_PRESENT	ABSENT	SEMANTIC_PRESENT	SEMANTIC_PRESENT	title_n:PARTIAL_PRESENT	GAP_PRESENT	Content coverage only; no Ozon ranking-weight claim.
1720155616	USE::protection	бусы оберег	GENERIC_RELEVANT	ABSENT	ABSENT	ABSENT	ABSENT		GAP_PRESENT	Content coverage only; no Ozon ranking-weight claim.
1720155616	USE::car_mirror	дагестан папаха для машины на зеркало	GENERIC_RELEVANT	PARTIAL_PRESENT	ABSENT	PARTIAL_PRESENT	PARTIAL_PRESENT	title_n:PARTIAL_PRESENT	GAP_PRESENT	Content coverage only; no Ozon ranking-weight claim.
1720155616	USE::car_mirror	для машины в салон на зеркало подвескп	GENERIC_RELEVANT	PARTIAL_PRESENT	ABSENT	PARTIAL_PRESENT	PARTIAL_PRESENT	title_n:PARTIAL_PRESENT	GAP_PRESENT	Content coverage only; no Ozon ranking-weight claim.
1720155616	USE::car_mirror	для салона машины подвеска	GENERIC_RELEVANT	SEMANTIC_PRESENT	ABSENT	SEMANTIC_PRESENT	SEMANTIC_PRESENT	title_n:SEMANTIC_PRESENT	GAP_PRESENT	Content coverage only; no Ozon ranking-weight claim.
1720155616	USE::car_mirror	зеркало	GENERIC_RELEVANT	EXACT_PRESENT	ABSENT	EXACT_PRESENT	EXACT_PRESENT	title_n:EXACT_PRESENT	GAP_PRESENT	Content coverage only; no Ozon ranking-weight claim.
1720155616	UNCLEAR::4ea3c05541	знак атлантов	AMBIGUOUS_HOLD	ABSENT	ABSENT	ABSENT	ABSENT		GAP_PRESENT	Content coverage only; no Ozon ranking-weight claim.
1720155616	ZODIAC_SIGN::рыбы	знаки зодиака рыбы фигурки	EXACT_PRODUCT	PARTIAL_PRESENT	PARTIAL_PRESENT	PARTIAL_PRESENT	PARTIAL_PRESENT	title_n:PARTIAL_PRESENT	PARTIAL_GAP	Content coverage only; no Ozon ranking-weight claim.
1720155616	USE::car_mirror	значек рыбка хрестианский на машину	GENERIC_RELEVANT	ABSENT	ABSENT	ABSENT	ABSENT		GAP_PRESENT	Content coverage only; no Ozon ranking-weight claim.
1720155616	FAMILY::zodiac	игрушка на зеркало в машину знак зодиака	FAMILY_RELEVANT	ABSENT	ABSENT	ABSENT	ABSENT		GAP_PRESENT	Content coverage only; no Ozon ranking-weight claim.
1720155616	USE::car_mirror	кулон в автомобиль	GENERIC_RELEVANT	ABSENT	ABSENT	ABSENT	ABSENT		GAP_PRESENT	Content coverage only; no Ozon ranking-weight claim.
1720155616	USE::car_mirror	ловец снов в машину	GENERIC_RELEVANT	ABSENT	ABSENT	ABSENT	ABSENT		GAP_PRESENT	Content coverage only; no Ozon ranking-weight claim.
1720155616	USE::protection	магический амулет , оберег	GENERIC_RELEVANT	ABSENT	ABSENT	ABSENT	ABSENT		GAP_PRESENT	Content coverage only; no Ozon ranking-weight claim.
1720155616	ZODIAC_SIGN::рыбы	машинки хотвилс монст трак рыбы	EXACT_PRODUCT	PARTIAL_PRESENT	PARTIAL_PRESENT	PARTIAL_PRESENT	PARTIAL_PRESENT	title_n:PARTIAL_PRESENT	PARTIAL_GAP	Content coverage only; no Ozon ranking-weight claim.
1720155616	USE::protection	мусульманский оберег на веревочке	GENERIC_RELEVANT	ABSENT	ABSENT	ABSENT	ABSENT		GAP_PRESENT	Content coverage only; no Ozon ranking-weight claim.
1720155616	USE::car_mirror	на зеркало автомобиля подвеска в машину	GENERIC_RELEVANT	ABSENT	ABSENT	SEMANTIC_PRESENT	SEMANTIC_PRESENT	attr_n:SEMANTIC_PRESENT	GAP_PRESENT	Content coverage only; no Ozon ranking-weight claim.
1720155616	FAMILY::zodiac	набор знаков зодиака	FAMILY_RELEVANT	SEMANTIC_PRESENT	SEMANTIC_PRESENT	SEMANTIC_PRESENT	SEMANTIC_PRESENT	title_n:SEMANTIC_PRESENT	NO_GAP	Content coverage only; no Ozon ranking-weight claim.
1720155616	USE::protection	оберег	GENERIC_RELEVANT	EXACT_PRESENT	ABSENT	EXACT_PRESENT	EXACT_PRESENT	title_n:EXACT_PRESENT	GAP_PRESENT	Content coverage only; no Ozon ranking-weight claim.
1720155616	USE::car_mirror	оберег в машину или просто украшиение	GENERIC_RELEVANT	ABSENT	ABSENT	PARTIAL_PRESENT	PARTIAL_PRESENT	attr_n:PARTIAL_PRESENT	GAP_PRESENT	Content coverage only; no Ozon ranking-weight claim.
1720155616	USE::car_mirror	оберег для автомобиля на зеркало	GENERIC_RELEVANT	ABSENT	ABSENT	SEMANTIC_PRESENT	SEMANTIC_PRESENT	attr_n:SEMANTIC_PRESENT	GAP_PRESENT	Content coverage only; no Ozon ranking-weight claim.
1720155616	USE::protection	оберег от сглаза и порчи	GENERIC_RELEVANT	ABSENT	ABSENT	SEMANTIC_PRESENT	SEMANTIC_PRESENT	attr_n:SEMANTIC_PRESENT	GAP_PRESENT	Content coverage only; no Ozon ranking-weight claim.
1720155616	USE::protection	обереги от порчи	GENERIC_RELEVANT	ABSENT	ABSENT	SEMANTIC_PRESENT	SEMANTIC_PRESENT	attr_n:SEMANTIC_PRESENT	GAP_PRESENT	Content coverage only; no Ozon ranking-weight claim.
1720155616	USE::protection	обереготсглаза	GENERIC_RELEVANT	ABSENT	ABSENT	EXACT_PRESENT	ABSENT	attr_n:EXACT_PRESENT	GAP_PRESENT	Content coverage only; no Ozon ranking-weight claim.
1720155616	USE::protection	от сглаза	GENERIC_RELEVANT	ABSENT	ABSENT	EXACT_PRESENT	SEMANTIC_PRESENT	attr_n:EXACT_PRESENT	GAP_PRESENT	Content coverage only; no Ozon ranking-weight claim.
1720155616	USE::car_mirror	от сглаза длямашины	GENERIC_RELEVANT	ABSENT	ABSENT	PARTIAL_PRESENT	PARTIAL_PRESENT	attr_n:PARTIAL_PRESENT	GAP_PRESENT	Content coverage only; no Ozon ranking-weight claim.
1720155616	FAMILY::zodiac	от сглаза знак зодиака рыба	FAMILY_RELEVANT	ABSENT	ABSENT	PARTIAL_PRESENT	PARTIAL_PRESENT	attr_n:PARTIAL_PRESENT	GAP_PRESENT	Content coverage only; no Ozon ranking-weight claim.
1720155616	USE::car_mirror	пахучка в машину висюлька на зеркало бумажная	GENERIC_RELEVANT	ABSENT	ABSENT	ABSENT	ABSENT		GAP_PRESENT	Content coverage only; no Ozon ranking-weight claim.
1720155616	USE::car_mirror	подвеска в автомобиль	GENERIC_RELEVANT	SEMANTIC_PRESENT	ABSENT	SEMANTIC_PRESENT	SEMANTIC_PRESENT	title_n:SEMANTIC_PRESENT	GAP_PRESENT	Content coverage only; no Ozon ranking-weight claim.
1720155616	USE::car_mirror	подвеска в машинк	GENERIC_RELEVANT	ABSENT	ABSENT	ABSENT	ABSENT		GAP_PRESENT	Content coverage only; no Ozon ranking-weight claim.
1720155616	USE::car_mirror	подвеска в машину	GENERIC_RELEVANT	SEMANTIC_PRESENT	ABSENT	EXACT_PRESENT	SEMANTIC_PRESENT	title_n:SEMANTIC_PRESENT	GAP_PRESENT	Content coverage only; no Ozon ranking-weight claim.
1720155616	USE::car_mirror	подвеска в машину на зеркало	GENERIC_RELEVANT	SEMANTIC_PRESENT	ABSENT	EXACT_PRESENT	SEMANTIC_PRESENT	title_n:SEMANTIC_PRESENT	GAP_PRESENT	Content coverage only; no Ozon ranking-weight claim.
1720155616	USE::car_mirror	подвеска в машину на зеркало инь янь	GENERIC_RELEVANT	ABSENT	ABSENT	ABSENT	ABSENT		GAP_PRESENT	Content coverage only; no Ozon ranking-weight claim.
1720155616	USE::car_mirror	подвеска в машину на зеркало лапоть	GENERIC_RELEVANT	ABSENT	ABSENT	ABSENT	ABSENT		GAP_PRESENT	Content coverage only; no Ozon ranking-weight claim.
1720155616	USE::car_mirror	подвеска в машину на зеркало мужская евгений	GENERIC_RELEVANT	ABSENT	ABSENT	PARTIAL_PRESENT	ABSENT	attr_n:PARTIAL_PRESENT	GAP_PRESENT	Content coverage only; no Ozon ranking-weight claim.
1720155616	USE::car_mirror	подвеска для зеркало в авто	GENERIC_RELEVANT	SEMANTIC_PRESENT	ABSENT	SEMANTIC_PRESENT	SEMANTIC_PRESENT	title_n:SEMANTIC_PRESENT	GAP_PRESENT	Content coverage only; no Ozon ranking-weight claim.
1720155616	USE::car_mirror	подвеска из дерева в машину	GENERIC_RELEVANT	ABSENT	ABSENT	SEMANTIC_PRESENT	SEMANTIC_PRESENT	attr_n:SEMANTIC_PRESENT	GAP_PRESENT	Content coverage only; no Ozon ranking-weight claim.
1720155616	USE::car_mirror	подвеска на зеркало автомобиля	GENERIC_RELEVANT	ABSENT	ABSENT	SEMANTIC_PRESENT	SEMANTIC_PRESENT	attr_n:SEMANTIC_PRESENT	GAP_PRESENT	Content coverage only; no Ozon ranking-weight claim.
1720155616	USE::car_mirror	подвеска на зеркало автомобиля акула	GENERIC_RELEVANT	ABSENT	ABSENT	PARTIAL_PRESENT	PARTIAL_PRESENT	attr_n:PARTIAL_PRESENT	GAP_PRESENT	Content coverage only; no Ozon ranking-weight claim.
1720155616	USE::car_mirror	подвеска на зеркало в машину	GENERIC_RELEVANT	EXACT_PRESENT	ABSENT	EXACT_PRESENT	EXACT_PRESENT	title_n:EXACT_PRESENT	GAP_PRESENT	Content coverage only; no Ozon ranking-weight claim.
1720155616	FAMILY::zodiac	подвеска на зеркало в машину знак зодиака	FAMILY_RELEVANT	SEMANTIC_PRESENT	ABSENT	SEMANTIC_PRESENT	SEMANTIC_PRESENT	title_n:SEMANTIC_PRESENT	GAP_PRESENT	Content coverage only; no Ozon ranking-weight claim.
1720155616	ZODIAC_SIGN::рыбы	подвеска на зеркало рыбы	EXACT_PRODUCT	SEMANTIC_PRESENT	SEMANTIC_PRESENT	SEMANTIC_PRESENT	SEMANTIC_PRESENT	title_n:SEMANTIC_PRESENT	NO_GAP	Content coverage only; no Ozon ranking-weight claim.
1720155616	USE::protection	подвеска с защитой от сглаза и порчи	GENERIC_RELEVANT	ABSENT	ABSENT	PARTIAL_PRESENT	PARTIAL_PRESENT	attr_n:PARTIAL_PRESENT	GAP_PRESENT	Content coverage only; no Ozon ranking-weight claim.
1720155616	UNCLEAR::a01c2e254d	рыба	AMBIGUOUS_HOLD	ABSENT	ABSENT	ABSENT	ABSENT		GAP_PRESENT	Content coverage only; no Ozon ranking-weight claim.
1720155616	USE::car_mirror	рыбий глаз зеркало на столб	GENERIC_RELEVANT	ABSENT	ABSENT	ABSENT	ABSENT		GAP_PRESENT	Content coverage only; no Ozon ranking-weight claim.
1720155616	ZODIAC_SIGN::рыбы	рыбы	STRONG_PRODUCT	EXACT_PRESENT	EXACT_PRESENT	EXACT_PRESENT	EXACT_PRESENT	title_n:EXACT_PRESENT	NO_GAP	Content coverage only; no Ozon ranking-weight claim.
1720155616	USE::car_mirror	четки в автомобиль	GENERIC_RELEVANT	SEMANTIC_PRESENT	ABSENT	SEMANTIC_PRESENT	SEMANTIC_PRESENT	title_n:SEMANTIC_PRESENT	GAP_PRESENT	Content coverage only; no Ozon ranking-weight claim.
1720155616	USE::car_mirror	четки в машину	GENERIC_RELEVANT	SEMANTIC_PRESENT	ABSENT	SEMANTIC_PRESENT	SEMANTIC_PRESENT	title_n:SEMANTIC_PRESENT	GAP_PRESENT	Content coverage only; no Ozon ranking-weight claim.
1720155616	USE::car_mirror	четки в машину на зеркало	GENERIC_RELEVANT	SEMANTIC_PRESENT	ABSENT	SEMANTIC_PRESENT	SEMANTIC_PRESENT	title_n:SEMANTIC_PRESENT	GAP_PRESENT	Content coverage only; no Ozon ranking-weight claim.
1720155616	USE::car_mirror	четки в машину от сглаза	GENERIC_RELEVANT	ABSENT	ABSENT	SEMANTIC_PRESENT	SEMANTIC_PRESENT	attr_n:SEMANTIC_PRESENT	GAP_PRESENT	Content coverage only; no Ozon ranking-weight claim.
1720155616	CLASS::beads	четки для рыб	GENERIC_RELEVANT	ABSENT	ABSENT	SEMANTIC_PRESENT	SEMANTIC_PRESENT	attr_n:SEMANTIC_PRESENT	GAP_PRESENT	Content coverage only; no Ozon ranking-weight claim.
1720155616	ZODIAC_SIGN::рыбы	четки на для знака зодиака рыбы	EXACT_PRODUCT	PARTIAL_PRESENT	PARTIAL_PRESENT	PARTIAL_PRESENT	PARTIAL_PRESENT	title_n:PARTIAL_PRESENT	PARTIAL_GAP	Content coverage only; no Ozon ranking-weight claim.
1720160556	USE::car_mirror	автомобиль кулон	GENERIC_RELEVANT	ABSENT	ABSENT	ABSENT	ABSENT		GAP_PRESENT	Content coverage only; no Ozon ranking-weight claim.
1720160556	USE::car_mirror	автооберег	GENERIC_RELEVANT	ABSENT	ABSENT	ABSENT	ABSENT		GAP_PRESENT	Content coverage only; no Ozon ranking-weight claim.
1720160556	USE::car_mirror	аксессуары в машину подвесаа зеркал барабан	GENERIC_RELEVANT	ABSENT	ABSENT	ABSENT	ABSENT		GAP_PRESENT	Content coverage only; no Ozon ranking-weight claim.
1720160556	USE::car_mirror	амулет для автомобиля	GENERIC_RELEVANT	ABSENT	ABSENT	SEMANTIC_PRESENT	SEMANTIC_PRESENT	attr_n:SEMANTIC_PRESENT	GAP_PRESENT	Content coverage only; no Ozon ranking-weight claim.
1720160556	CLASS::amulet_pendant	амулет для магии черной	GENERIC_RELEVANT	ABSENT	ABSENT	ABSENT	ABSENT		GAP_PRESENT	Content coverage only; no Ozon ranking-weight claim.
1720160556	ZODIAC_SIGN::скорпион	амулет мужской на шею скорпион	EXACT_PRODUCT	PARTIAL_PRESENT	PARTIAL_PRESENT	PARTIAL_PRESENT	PARTIAL_PRESENT	title_n:PARTIAL_PRESENT	PARTIAL_GAP	Content coverage only; no Ozon ranking-weight claim.
1720160556	USE::car_mirror	амулет на шею зеркало	GENERIC_RELEVANT	ABSENT	ABSENT	ABSENT	ABSENT		GAP_PRESENT	Content coverage only; no Ozon ranking-weight claim.
1720160556	ZODIAC_SIGN::скорпион	амулет скорпион	EXACT_PRODUCT	SEMANTIC_PRESENT	SEMANTIC_PRESENT	SEMANTIC_PRESENT	SEMANTIC_PRESENT	title_n:SEMANTIC_PRESENT	NO_GAP	Content coverage only; no Ozon ranking-weight claim.
1720160556	USE::car_mirror	амулет черное зеркало	GENERIC_RELEVANT	ABSENT	ABSENT	ABSENT	ABSENT		GAP_PRESENT	Content coverage only; no Ozon ranking-weight claim.
1720160556	USE::protection	амулеты обереги и талисманы	GENERIC_RELEVANT	SEMANTIC_PRESENT	ABSENT	EXACT_PRESENT	SEMANTIC_PRESENT	title_n:SEMANTIC_PRESENT	GAP_PRESENT	Content coverage only; no Ozon ranking-weight claim.
1720160556	USE::car_mirror	брелок артиллерия в машину на зеркало пушка	GENERIC_RELEVANT	ABSENT	ABSENT	ABSENT	ABSENT		GAP_PRESENT	Content coverage only; no Ozon ranking-weight claim.
1720160556	USE::car_mirror	брелок в машину на зеркало коньки хоккейные	GENERIC_RELEVANT	ABSENT	ABSENT	ABSENT	ABSENT		GAP_PRESENT	Content coverage only; no Ozon ranking-weight claim.
1720160556	USE::car_mirror	брелок в машину на зеркало пушистики	GENERIC_RELEVANT	ABSENT	ABSENT	ABSENT	ABSENT		GAP_PRESENT	Content coverage only; no Ozon ranking-weight claim.
1720160556	ZODIAC_SIGN::скорпион	бусина знак скорпион	STRONG_PRODUCT	PARTIAL_PRESENT	PARTIAL_PRESENT	SEMANTIC_PRESENT	SEMANTIC_PRESENT	title_n:PARTIAL_PRESENT	PARTIAL_GAP	Content coverage only; no Ozon ranking-weight claim.
1720160556	USE::car_mirror	бутсы футбольные на зеркало подвеска	GENERIC_RELEVANT	ABSENT	ABSENT	ABSENT	ABSENT		GAP_PRESENT	Content coverage only; no Ozon ranking-weight claim.
1720160556	USE::car_mirror	в машину подвеска	GENERIC_RELEVANT	SEMANTIC_PRESENT	ABSENT	EXACT_PRESENT	SEMANTIC_PRESENT	title_n:SEMANTIC_PRESENT	GAP_PRESENT	Content coverage only; no Ozon ranking-weight claim.
1720160556	USE::car_mirror	весеька в машину на зеркало пахочка	GENERIC_RELEVANT	ABSENT	ABSENT	ABSENT	ABSENT		GAP_PRESENT	Content coverage only; no Ozon ranking-weight claim.
1720160556	USE::car_mirror	висюлька на зеркало в машину белая пушистая	GENERIC_RELEVANT	ABSENT	ABSENT	ABSENT	ABSENT		GAP_PRESENT	Content coverage only; no Ozon ranking-weight claim.
1720160556	USE::car_mirror	висючка в машину на зеркало люстра	GENERIC_RELEVANT	ABSENT	ABSENT	ABSENT	ABSENT		GAP_PRESENT	Content coverage only; no Ozon ranking-weight claim.
1720160556	USE::protection	деревянный талисман	GENERIC_RELEVANT	SEMANTIC_PRESENT	ABSENT	SEMANTIC_PRESENT	SEMANTIC_PRESENT	title_n:SEMANTIC_PRESENT	GAP_PRESENT	Content coverage only; no Ozon ranking-weight claim.
1720160556	FAMILY::zodiac	деревяные знаки зодиака в подарок из дерева	FAMILY_RELEVANT	ABSENT	ABSENT	ABSENT	ABSENT		GAP_PRESENT	Content coverage only; no Ozon ranking-weight claim.
1720160556	UNCLEAR::22ebf22fdf	для любителя энергетикво	AMBIGUOUS_HOLD	ABSENT	ABSENT	ABSENT	ABSENT		GAP_PRESENT	Content coverage only; no Ozon ranking-weight claim.
1720160556	USE::car_mirror	зеленый оберег в машину	GENERIC_RELEVANT	ABSENT	ABSENT	ABSENT	ABSENT		GAP_PRESENT	Content coverage only; no Ozon ranking-weight claim.
1720160556	USE::car_mirror	зеркало заднего вида салонное	GENERIC_RELEVANT	ABSENT	ABSENT	PARTIAL_PRESENT	PARTIAL_PRESENT	attr_n:PARTIAL_PRESENT	GAP_PRESENT	Content coverage only; no Ozon ranking-weight claim.
1720160556	USE::car_mirror	зеркало на праворукую машину на встречку	GENERIC_RELEVANT	ABSENT	ABSENT	ABSENT	ABSENT		GAP_PRESENT	Content coverage only; no Ozon ranking-weight claim.
1720160556	USE::car_mirror	зеркало оберег для защиты	GENERIC_RELEVANT	ABSENT	ABSENT	SEMANTIC_PRESENT	SEMANTIC_PRESENT	attr_n:SEMANTIC_PRESENT	GAP_PRESENT	Content coverage only; no Ozon ranking-weight claim.
1720160556	USE::car_mirror	зеркальце оберег	GENERIC_RELEVANT	ABSENT	ABSENT	ABSENT	ABSENT		GAP_PRESENT	Content coverage only; no Ozon ranking-weight claim.
1720160556	USE::protection	змея талисман	GENERIC_RELEVANT	ABSENT	ABSENT	ABSENT	ABSENT		GAP_PRESENT	Content coverage only; no Ozon ranking-weight claim.
1720160556	USE::car_mirror	знак туфелька блестящая на машину	GENERIC_RELEVANT	ABSENT	ABSENT	ABSENT	ABSENT		GAP_PRESENT	Content coverage only; no Ozon ranking-weight claim.
1720160556	FAMILY::zodiac	зодиак серум	FAMILY_RELEVANT	PARTIAL_PRESENT	PARTIAL_PRESENT	PARTIAL_PRESENT	PARTIAL_PRESENT	title_n:PARTIAL_PRESENT	PARTIAL_GAP	Content coverage only; no Ozon ranking-weight claim.
1720160556	ZODIAC_SIGN::скорпион	интерьер скорпион	STRONG_PRODUCT	PARTIAL_PRESENT	PARTIAL_PRESENT	SEMANTIC_PRESENT	SEMANTIC_PRESENT	title_n:PARTIAL_PRESENT	PARTIAL_GAP	Content coverage only; no Ozon ranking-weight claim.
1720160556	VARIANT::скорпион	камень скорпиона подвеска	PARTIAL_RELEVANCE	PARTIAL_PRESENT	PARTIAL_PRESENT	PARTIAL_PRESENT	PARTIAL_PRESENT	title_n:PARTIAL_PRESENT	PARTIAL_GAP	Content coverage only; no Ozon ranking-weight claim.
1720160556	USE::protection	китайская подвеска талисман	GENERIC_RELEVANT	ABSENT	ABSENT	ABSENT	ABSENT		GAP_PRESENT	Content coverage only; no Ozon ranking-weight claim.
1720160556	ZODIAC_SIGN::скорпион	кулон скорпион мужской на шею	STRONG_PRODUCT	PARTIAL_PRESENT	PARTIAL_PRESENT	PARTIAL_PRESENT	PARTIAL_PRESENT	title_n:PARTIAL_PRESENT	PARTIAL_GAP	Content coverage only; no Ozon ranking-weight claim.
1720160556	USE::car_mirror	лист марихуаны подвеска в машину на зеркало	GENERIC_RELEVANT	ABSENT	ABSENT	ABSENT	ABSENT		GAP_PRESENT	Content coverage only; no Ozon ranking-weight claim.
1720160556	USE::protection	магический амулет , оберег	GENERIC_RELEVANT	ABSENT	ABSENT	ABSENT	ABSENT		GAP_PRESENT	Content coverage only; no Ozon ranking-weight claim.
1720160556	USE::car_mirror	методическая подвеска рекстон на зеркало	GENERIC_RELEVANT	ABSENT	ABSENT	ABSENT	ABSENT		GAP_PRESENT	Content coverage only; no Ozon ranking-weight claim.
1720160556	UNCLEAR::b8a7adaa98	мужчине на день рождения	AMBIGUOUS_HOLD	ABSENT	ABSENT	EXACT_PRESENT	ABSENT	attr_n:EXACT_PRESENT	GAP_PRESENT	Content coverage only; no Ozon ranking-weight claim.
1720160556	USE::car_mirror	на зеркало в машину подвеска молот викингов	GENERIC_RELEVANT	ABSENT	ABSENT	ABSENT	ABSENT		GAP_PRESENT	Content coverage only; no Ozon ranking-weight claim.
1720160556	UNCLEAR::6b5297fb6c	набор	AMBIGUOUS_HOLD	SEMANTIC_PRESENT	ABSENT	SEMANTIC_PRESENT	SEMANTIC_PRESENT	title_n:SEMANTIC_PRESENT	GAP_PRESENT	Content coverage only; no Ozon ranking-weight claim.
1720160556	USE::car_mirror	оберег в машину	GENERIC_RELEVANT	SEMANTIC_PRESENT	ABSENT	EXACT_PRESENT	SEMANTIC_PRESENT	title_n:SEMANTIC_PRESENT	GAP_PRESENT	Content coverage only; no Ozon ranking-weight claim.
1720160556	USE::car_mirror	оберег в машину на зеркало женский	GENERIC_RELEVANT	ABSENT	ABSENT	ABSENT	ABSENT		GAP_PRESENT	Content coverage only; no Ozon ranking-weight claim.
1720160556	VARIANT::скорпион	оберег для мужчины скорпиона	PARTIAL_RELEVANCE	PARTIAL_PRESENT	PARTIAL_PRESENT	SEMANTIC_PRESENT	PARTIAL_PRESENT	title_n:PARTIAL_PRESENT	PARTIAL_GAP	Content coverage only; no Ozon ranking-weight claim.
1720160556	CLASS::amulet_pendant	подвеска	GENERIC_RELEVANT	EXACT_PRESENT	ABSENT	EXACT_PRESENT	EXACT_PRESENT	title_n:EXACT_PRESENT	GAP_PRESENT	Content coverage only; no Ozon ranking-weight claim.
1720160556	USE::car_mirror	подвеска в автомобиль	GENERIC_RELEVANT	SEMANTIC_PRESENT	ABSENT	SEMANTIC_PRESENT	SEMANTIC_PRESENT	title_n:SEMANTIC_PRESENT	GAP_PRESENT	Content coverage only; no Ozon ranking-weight claim.
1720160556	USE::car_mirror	подвеска в машину	GENERIC_RELEVANT	SEMANTIC_PRESENT	ABSENT	EXACT_PRESENT	SEMANTIC_PRESENT	title_n:SEMANTIC_PRESENT	GAP_PRESENT	Content coverage only; no Ozon ranking-weight claim.
1720160556	USE::car_mirror	подвеска в машину на зеркало	GENERIC_RELEVANT	SEMANTIC_PRESENT	ABSENT	EXACT_PRESENT	SEMANTIC_PRESENT	title_n:SEMANTIC_PRESENT	GAP_PRESENT	Content coverage only; no Ozon ranking-weight claim.
1720160556	USE::car_mirror	подвеска в машину на зеркало майки	GENERIC_RELEVANT	ABSENT	ABSENT	ABSENT	ABSENT		GAP_PRESENT	Content coverage only; no Ozon ranking-weight claim.
1720160556	USE::car_mirror	подвеска в машину обезьяна из дорамы	GENERIC_RELEVANT	ABSENT	ABSENT	ABSENT	ABSENT		GAP_PRESENT	Content coverage only; no Ozon ranking-weight claim.
1720160556	ZODIAC_SIGN::скорпион	подвеска медная скорпион	EXACT_PRODUCT	PARTIAL_PRESENT	PARTIAL_PRESENT	PARTIAL_PRESENT	PARTIAL_PRESENT	title_n:PARTIAL_PRESENT	PARTIAL_GAP	Content coverage only; no Ozon ranking-weight claim.
1720160556	USE::car_mirror	подвеска на зеркало в машину	GENERIC_RELEVANT	EXACT_PRESENT	ABSENT	EXACT_PRESENT	EXACT_PRESENT	title_n:EXACT_PRESENT	GAP_PRESENT	Content coverage only; no Ozon ranking-weight claim.
1720160556	ZODIAC_SIGN::скорпион	подвеска скорпион	EXACT_PRODUCT	SEMANTIC_PRESENT	SEMANTIC_PRESENT	SEMANTIC_PRESENT	SEMANTIC_PRESENT	title_n:SEMANTIC_PRESENT	NO_GAP	Content coverage only; no Ozon ranking-weight claim.
1720160556	ZODIAC_SIGN::скорпион	скорпион	STRONG_PRODUCT	EXACT_PRESENT	EXACT_PRESENT	EXACT_PRESENT	EXACT_PRESENT	title_n:EXACT_PRESENT	NO_GAP	Content coverage only; no Ozon ranking-weight claim.
1720160556	ZODIAC_SIGN::скорпион	скорпион подвеска	EXACT_PRODUCT	SEMANTIC_PRESENT	SEMANTIC_PRESENT	EXACT_PRESENT	SEMANTIC_PRESENT	title_n:SEMANTIC_PRESENT	NO_GAP	Content coverage only; no Ozon ranking-weight claim.
1720160556	ZODIAC_SIGN::скорпион	талисман скорпион подвеска в авто	EXACT_PRODUCT	SEMANTIC_PRESENT	SEMANTIC_PRESENT	SEMANTIC_PRESENT	SEMANTIC_PRESENT	title_n:SEMANTIC_PRESENT	NO_GAP	Content coverage only; no Ozon ranking-weight claim.
1720160556	USE::car_mirror	четки в машину	GENERIC_RELEVANT	SEMANTIC_PRESENT	ABSENT	SEMANTIC_PRESENT	SEMANTIC_PRESENT	title_n:SEMANTIC_PRESENT	GAP_PRESENT	Content coverage only; no Ozon ranking-weight claim.
1720160556	ZODIAC_SIGN::скорпион	четки на зеркало в машину знак скорпион	EXACT_PRODUCT	SEMANTIC_PRESENT	SEMANTIC_PRESENT	SEMANTIC_PRESENT	SEMANTIC_PRESENT	title_n:SEMANTIC_PRESENT	NO_GAP	Content coverage only; no Ozon ranking-weight claim.
1720161841	USE::car_mirror	амулет для автомобиля в машину на зеркало	GENERIC_RELEVANT	ABSENT	ABSENT	ABSENT	ABSENT		GAP_PRESENT	Content coverage only; no Ozon ranking-weight claim.
1720161841	USE::car_mirror	амулет для тельца мужской в авто	GENERIC_RELEVANT	ABSENT	ABSENT	SEMANTIC_PRESENT	SEMANTIC_PRESENT	attr_n:SEMANTIC_PRESENT	GAP_PRESENT	Content coverage only; no Ozon ranking-weight claim.
1720161841	FAMILY::zodiac	амулет доч знака зодиака змееносец	FAMILY_RELEVANT	ABSENT	ABSENT	ABSENT	ABSENT		GAP_PRESENT	Content coverage only; no Ozon ranking-weight claim.
1720161841	USE::car_mirror	амулет с зеркальцем	GENERIC_RELEVANT	ABSENT	ABSENT	ABSENT	ABSENT		GAP_PRESENT	Content coverage only; no Ozon ranking-weight claim.
1720161841	USE::protection	амулеты обереги и талисманы	GENERIC_RELEVANT	SEMANTIC_PRESENT	ABSENT	EXACT_PRESENT	SEMANTIC_PRESENT	title_n:SEMANTIC_PRESENT	GAP_PRESENT	Content coverage only; no Ozon ranking-weight claim.
1720161841	USE::car_mirror	армянский барабан на машину подвеска	GENERIC_RELEVANT	ABSENT	ABSENT	ABSENT	ABSENT		GAP_PRESENT	Content coverage only; no Ozon ranking-weight claim.
1720161841	ZODIAC_SIGN::телец	аромадиффузор в машину телец	EXACT_PRODUCT	PARTIAL_PRESENT	PARTIAL_PRESENT	PARTIAL_PRESENT	ABSENT	title_n:PARTIAL_PRESENT	GAP_PRESENT	Content coverage only; no Ozon ranking-weight claim.
1720161841	USE::car_mirror	аятуль курси в машину	GENERIC_RELEVANT	ABSENT	ABSENT	ABSENT	ABSENT		GAP_PRESENT	Content coverage only; no Ozon ranking-weight claim.
1720161841	USE::car_mirror	брелок боевое самбо в машину на зеркало	GENERIC_RELEVANT	ABSENT	ABSENT	ABSENT	ABSENT		GAP_PRESENT	Content coverage only; no Ozon ranking-weight claim.
1720161841	USE::car_mirror	брелок в машину на зеркало оберег сузуки на камне	GENERIC_RELEVANT	ABSENT	ABSENT	ABSENT	ABSENT		GAP_PRESENT	Content coverage only; no Ozon ranking-weight claim.
1720161841	USE::car_mirror	брелок в машину на зеркало пушистики	GENERIC_RELEVANT	ABSENT	ABSENT	ABSENT	ABSENT		GAP_PRESENT	Content coverage only; no Ozon ranking-weight claim.
1720161841	USE::car_mirror	брелок в машину подц	GENERIC_RELEVANT	ABSENT	ABSENT	ABSENT	ABSENT		GAP_PRESENT	Content coverage only; no Ozon ranking-weight claim.
1720161841	USE::car_mirror	брелок восьмерка в машину на зеркало	GENERIC_RELEVANT	ABSENT	ABSENT	ABSENT	ABSENT		GAP_PRESENT	Content coverage only; no Ozon ranking-weight claim.
1720161841	ZODIAC_SIGN::телец	брелок знак зодиака телец	EXACT_PRODUCT	PARTIAL_PRESENT	PARTIAL_PRESENT	PARTIAL_PRESENT	ABSENT	title_n:PARTIAL_PRESENT	GAP_PRESENT	Content coverage only; no Ozon ranking-weight claim.
1720161841	ZODIAC_SIGN::телец	брелок мягкий телец	STRONG_PRODUCT	PARTIAL_PRESENT	PARTIAL_PRESENT	PARTIAL_PRESENT	ABSENT	title_n:PARTIAL_PRESENT	GAP_PRESENT	Content coverage only; no Ozon ranking-weight claim.
1720161841	ZODIAC_SIGN::телец	бусы мужские черные телец	STRONG_PRODUCT	PARTIAL_PRESENT	PARTIAL_PRESENT	PARTIAL_PRESENT	ABSENT	title_n:PARTIAL_PRESENT	GAP_PRESENT	Content coverage only; no Ozon ranking-weight claim.
1720161841	USE::car_mirror	в машину на зеркало	GENERIC_RELEVANT	SEMANTIC_PRESENT	ABSENT	EXACT_PRESENT	SEMANTIC_PRESENT	title_n:SEMANTIC_PRESENT	GAP_PRESENT	Content coverage only; no Ozon ranking-weight claim.
1720161841	USE::car_mirror	в машину подвеска	GENERIC_RELEVANT	SEMANTIC_PRESENT	ABSENT	EXACT_PRESENT	SEMANTIC_PRESENT	title_n:SEMANTIC_PRESENT	GAP_PRESENT	Content coverage only; no Ozon ranking-weight claim.
1720161841	CLASS::amulet_pendant	ведьмина подвеска	GENERIC_RELEVANT	ABSENT	ABSENT	ABSENT	ABSENT		GAP_PRESENT	Content coverage only; no Ozon ranking-weight claim.
1720161841	USE::car_mirror	волейбольные мячики в машину на зеркало	GENERIC_RELEVANT	ABSENT	ABSENT	ABSENT	ABSENT		GAP_PRESENT	Content coverage only; no Ozon ranking-weight claim.
1720161841	USE::car_mirror	демон на машину подвеска на стекло маленькие	GENERIC_RELEVANT	ABSENT	ABSENT	ABSENT	ABSENT		GAP_PRESENT	Content coverage only; no Ozon ranking-weight claim.
1720161841	CLASS::beads	деревянные качественные четки эзотерика	GENERIC_RELEVANT	ABSENT	ABSENT	ABSENT	ABSENT		GAP_PRESENT	Content coverage only; no Ozon ranking-weight claim.
1720161841	USE::car_mirror	зеркало	GENERIC_RELEVANT	EXACT_PRESENT	ABSENT	EXACT_PRESENT	EXACT_PRESENT	title_n:EXACT_PRESENT	GAP_PRESENT	Content coverage only; no Ozon ranking-weight claim.
1720161841	USE::car_mirror	зеркало магическое	GENERIC_RELEVANT	ABSENT	ABSENT	ABSENT	ABSENT		GAP_PRESENT	Content coverage only; no Ozon ranking-weight claim.
1720161841	USE::car_mirror	зеркало обгона для праворульных машин	GENERIC_RELEVANT	PARTIAL_PRESENT	ABSENT	PARTIAL_PRESENT	PARTIAL_PRESENT	title_n:PARTIAL_PRESENT	GAP_PRESENT	Content coverage only; no Ozon ranking-weight claim.
1720161841	ZODIAC_SIGN::телец	знаки зодиака телец	EXACT_PRODUCT	SEMANTIC_PRESENT	SEMANTIC_PRESENT	SEMANTIC_PRESENT	ABSENT	title_n:SEMANTIC_PRESENT	GAP_PRESENT	Content coverage only; no Ozon ranking-weight claim.
1720161841	USE::car_mirror	крестик в машину на зеркало освешеный	GENERIC_RELEVANT	ABSENT	ABSENT	ABSENT	ABSENT		GAP_PRESENT	Content coverage only; no Ozon ranking-weight claim.
1720161841	USE::car_mirror	крюковая подвеска сувенир в машину	GENERIC_RELEVANT	ABSENT	ABSENT	ABSENT	ABSENT		GAP_PRESENT	Content coverage only; no Ozon ranking-weight claim.
1720161841	USE::car_mirror	кулон зеркало оберег	GENERIC_RELEVANT	ABSENT	ABSENT	ABSENT	ABSENT		GAP_PRESENT	Content coverage only; no Ozon ranking-weight claim.
1720161841	USE::car_mirror	лапа орлиная настоящая в машину на зеркало	GENERIC_RELEVANT	ABSENT	ABSENT	ABSENT	ABSENT		GAP_PRESENT	Content coverage only; no Ozon ranking-weight claim.
1720161841	USE::car_mirror	магическое зеркало	GENERIC_RELEVANT	ABSENT	ABSENT	ABSENT	ABSENT		GAP_PRESENT	Content coverage only; no Ozon ranking-weight claim.
1720161841	USE::car_mirror	машины на зеркало хк локомотив	GENERIC_RELEVANT	PARTIAL_PRESENT	ABSENT	PARTIAL_PRESENT	PARTIAL_PRESENT	title_n:PARTIAL_PRESENT	GAP_PRESENT	Content coverage only; no Ozon ranking-weight claim.
1720161841	USE::car_mirror	мелонг зеркало	GENERIC_RELEVANT	ABSENT	ABSENT	ABSENT	ABSENT		GAP_PRESENT	Content coverage only; no Ozon ranking-weight claim.
1720161841	USE::car_mirror	методическая подвеска рекстон на зеркало	GENERIC_RELEVANT	ABSENT	ABSENT	ABSENT	ABSENT		GAP_PRESENT	Content coverage only; no Ozon ranking-weight claim.
1720161841	USE::car_mirror	монстры на кан кулах подвеска в машину	GENERIC_RELEVANT	ABSENT	ABSENT	ABSENT	ABSENT		GAP_PRESENT	Content coverage only; no Ozon ranking-weight claim.
1720161841	UNCLEAR::b8a7adaa98	мужчине на день рождения	AMBIGUOUS_HOLD	ABSENT	ABSENT	EXACT_PRESENT	ABSENT	attr_n:EXACT_PRESENT	GAP_PRESENT	Content coverage only; no Ozon ranking-weight claim.
1720161841	USE::car_mirror	на зеркало в авто оберег	GENERIC_RELEVANT	SEMANTIC_PRESENT	ABSENT	SEMANTIC_PRESENT	SEMANTIC_PRESENT	title_n:SEMANTIC_PRESENT	GAP_PRESENT	Content coverage only; no Ozon ranking-weight claim.
1720161841	USE::car_mirror	на зеркало в машину подвеска россия	GENERIC_RELEVANT	ABSENT	ABSENT	SEMANTIC_PRESENT	ABSENT	attr_n:SEMANTIC_PRESENT	GAP_PRESENT	Content coverage only; no Ozon ranking-weight claim.
1720161841	ZODIAC_SIGN::телец	нашивкатна рюкзак телец	STRONG_PRODUCT	PARTIAL_PRESENT	PARTIAL_PRESENT	PARTIAL_PRESENT	ABSENT	title_n:PARTIAL_PRESENT	GAP_PRESENT	Content coverage only; no Ozon ranking-weight claim.
1720161841	USE::protection	оберег	GENERIC_RELEVANT	EXACT_PRESENT	ABSENT	EXACT_PRESENT	EXACT_PRESENT	title_n:EXACT_PRESENT	GAP_PRESENT	Content coverage only; no Ozon ranking-weight claim.
1720161841	USE::protection	оберег в виде тельца	GENERIC_RELEVANT	ABSENT	ABSENT	PARTIAL_PRESENT	PARTIAL_PRESENT	attr_n:PARTIAL_PRESENT	GAP_PRESENT	Content coverage only; no Ozon ranking-weight claim.
1720161841	USE::car_mirror	оберег в машину	GENERIC_RELEVANT	SEMANTIC_PRESENT	ABSENT	EXACT_PRESENT	SEMANTIC_PRESENT	title_n:SEMANTIC_PRESENT	GAP_PRESENT	Content coverage only; no Ozon ranking-weight claim.
1720161841	USE::car_mirror	оберег мусульманский в машину в форме звезды	GENERIC_RELEVANT	ABSENT	ABSENT	ABSENT	ABSENT		GAP_PRESENT	Content coverage only; no Ozon ranking-weight claim.
1720161841	USE::car_mirror	оберег на зеркало	GENERIC_RELEVANT	SEMANTIC_PRESENT	ABSENT	SEMANTIC_PRESENT	SEMANTIC_PRESENT	title_n:SEMANTIC_PRESENT	GAP_PRESENT	Content coverage only; no Ozon ranking-weight claim.
1720161841	USE::car_mirror	подвеска в автомобиль	GENERIC_RELEVANT	SEMANTIC_PRESENT	ABSENT	SEMANTIC_PRESENT	SEMANTIC_PRESENT	title_n:SEMANTIC_PRESENT	GAP_PRESENT	Content coverage only; no Ozon ranking-weight claim.
1720161841	USE::car_mirror	подвеска в машин	GENERIC_RELEVANT	SEMANTIC_PRESENT	ABSENT	EXACT_PRESENT	SEMANTIC_PRESENT	title_n:SEMANTIC_PRESENT	GAP_PRESENT	Content coverage only; no Ozon ranking-weight claim.
1720161841	USE::car_mirror	подвеска в машину	GENERIC_RELEVANT	SEMANTIC_PRESENT	ABSENT	EXACT_PRESENT	SEMANTIC_PRESENT	title_n:SEMANTIC_PRESENT	GAP_PRESENT	Content coverage only; no Ozon ranking-weight claim.
1720161841	USE::car_mirror	подвеска в машину оберег череп манула	GENERIC_RELEVANT	ABSENT	ABSENT	ABSENT	ABSENT		GAP_PRESENT	Content coverage only; no Ozon ranking-weight claim.
1720161841	USE::car_mirror	подвеска на зеркало в машину	GENERIC_RELEVANT	EXACT_PRESENT	ABSENT	EXACT_PRESENT	EXACT_PRESENT	title_n:EXACT_PRESENT	GAP_PRESENT	Content coverage only; no Ozon ranking-weight claim.
1720161841	USE::car_mirror	подвеска на зеркало машины	GENERIC_RELEVANT	SEMANTIC_PRESENT	ABSENT	SEMANTIC_PRESENT	SEMANTIC_PRESENT	title_n:SEMANTIC_PRESENT	GAP_PRESENT	Content coverage only; no Ozon ranking-weight claim.
1720161841	USE::car_mirror	подвеска на зеркало хоккейная краги в машину	GENERIC_RELEVANT	ABSENT	ABSENT	ABSENT	ABSENT		GAP_PRESENT	Content coverage only; no Ozon ranking-weight claim.
1720161841	USE::car_mirror	подвеска на машину	GENERIC_RELEVANT	SEMANTIC_PRESENT	ABSENT	SEMANTIC_PRESENT	SEMANTIC_PRESENT	title_n:SEMANTIC_PRESENT	GAP_PRESENT	Content coverage only; no Ozon ranking-weight claim.
1720161841	ZODIAC_SIGN::телец	подвеска телец	EXACT_PRODUCT	SEMANTIC_PRESENT	SEMANTIC_PRESENT	SEMANTIC_PRESENT	ABSENT	title_n:SEMANTIC_PRESENT	GAP_PRESENT	Content coverage only; no Ozon ranking-weight claim.
1720161841	ZODIAC_SIGN::телец	полвеска телец	STRONG_PRODUCT	PARTIAL_PRESENT	PARTIAL_PRESENT	PARTIAL_PRESENT	ABSENT	title_n:PARTIAL_PRESENT	GAP_PRESENT	Content coverage only; no Ozon ranking-weight claim.
1720161841	ZODIAC_SIGN::телец	телец	STRONG_PRODUCT	EXACT_PRESENT	EXACT_PRESENT	EXACT_PRESENT	ABSENT	title_n:EXACT_PRESENT	GAP_PRESENT	Content coverage only; no Ozon ranking-weight claim.
1720161841	ZODIAC_SIGN::телец	телец подвеска в маш	EXACT_PRODUCT	PARTIAL_PRESENT	PARTIAL_PRESENT	PARTIAL_PRESENT	ABSENT	title_n:PARTIAL_PRESENT	GAP_PRESENT	Content coverage only; no Ozon ranking-weight claim.
1720161841	FAMILY::zodiac	толисман подвеска на зеркало машины знак зодиака	FAMILY_RELEVANT	PARTIAL_PRESENT	ABSENT	PARTIAL_PRESENT	PARTIAL_PRESENT	title_n:PARTIAL_PRESENT	GAP_PRESENT	Content coverage only; no Ozon ranking-weight claim.
1720161841	USE::car_mirror	четки в автомобиль	GENERIC_RELEVANT	SEMANTIC_PRESENT	ABSENT	SEMANTIC_PRESENT	SEMANTIC_PRESENT	title_n:SEMANTIC_PRESENT	GAP_PRESENT	Content coverage only; no Ozon ranking-weight claim.
1720161841	USE::car_mirror	четки в машину	GENERIC_RELEVANT	SEMANTIC_PRESENT	ABSENT	SEMANTIC_PRESENT	SEMANTIC_PRESENT	title_n:SEMANTIC_PRESENT	GAP_PRESENT	Content coverage only; no Ozon ranking-weight claim.
1842444165	USE::car_mirror	амулет для автомобиля	GENERIC_RELEVANT	ABSENT	ABSENT	SEMANTIC_PRESENT	SEMANTIC_PRESENT	attr_n:SEMANTIC_PRESENT	GAP_PRESENT	Content coverage only; no Ozon ranking-weight claim.
1842444165	USE::car_mirror	амулет зеркальный	GENERIC_RELEVANT	ABSENT	ABSENT	ABSENT	ABSENT		GAP_PRESENT	Content coverage only; no Ozon ranking-weight claim.
1842444165	FAMILY::slavic	амулет на удачу славянский	FAMILY_RELEVANT	ABSENT	ABSENT	SEMANTIC_PRESENT	SEMANTIC_PRESENT	attr_n:SEMANTIC_PRESENT	GAP_PRESENT	Content coverage only; no Ozon ranking-weight claim.
1842444165	USE::car_mirror	ароматизатор в машину висячий на зеркало	GENERIC_RELEVANT	ABSENT	ABSENT	ABSENT	ABSENT		GAP_PRESENT	Content coverage only; no Ozon ranking-weight claim.
1842444165	USE::car_mirror	блэк опиум в машину на зеркало фигурка	GENERIC_RELEVANT	ABSENT	ABSENT	ABSENT	ABSENT		GAP_PRESENT	Content coverage only; no Ozon ranking-weight claim.
1842444165	FAMILY::slavic	бусинка славянские руны	FAMILY_RELEVANT	ABSENT	ABSENT	ABSENT	ABSENT		GAP_PRESENT	Content coverage only; no Ozon ranking-weight claim.
1842444165	FAMILY::slavic	бусины славянский	FAMILY_RELEVANT	ABSENT	ABSENT	SEMANTIC_PRESENT	SEMANTIC_PRESENT	attr_n:SEMANTIC_PRESENT	GAP_PRESENT	Content coverage only; no Ozon ranking-weight claim.
1842444165	USE::car_mirror	в машину амулет	GENERIC_RELEVANT	SEMANTIC_PRESENT	SEMANTIC_PRESENT	SEMANTIC_PRESENT	SEMANTIC_PRESENT	title_n:SEMANTIC_PRESENT	NO_GAP	Content coverage only; no Ozon ranking-weight claim.
1842444165	USE::car_mirror	в машину на зеркало подвеска мужская	GENERIC_RELEVANT	ABSENT	ABSENT	SEMANTIC_PRESENT	ABSENT	attr_n:SEMANTIC_PRESENT	GAP_PRESENT	Content coverage only; no Ozon ranking-weight claim.
1842444165	UNCLEAR::9f93863554	вибратор	AMBIGUOUS_HOLD	ABSENT	ABSENT	ABSENT	ABSENT		GAP_PRESENT	Content coverage only; no Ozon ranking-weight claim.
1842444165	UNCLEAR::58689c1d67	вибратор для песка	AMBIGUOUS_HOLD	ABSENT	ABSENT	ABSENT	ABSENT		GAP_PRESENT	Content coverage only; no Ozon ranking-weight claim.
1842444165	USE::car_mirror	висюльки в машину на зеркало ловец снов	GENERIC_RELEVANT	ABSENT	ABSENT	ABSENT	ABSENT		GAP_PRESENT	Content coverage only; no Ozon ranking-weight claim.
1842444165	USE::car_mirror	висюяка на зеркало в машину хавал	GENERIC_RELEVANT	ABSENT	ABSENT	ABSENT	ABSENT		GAP_PRESENT	Content coverage only; no Ozon ranking-weight claim.
1842444165	USE::car_mirror	еврейская заезда подвеска в машину	GENERIC_RELEVANT	ABSENT	ABSENT	ABSENT	ABSENT		GAP_PRESENT	Content coverage only; no Ozon ranking-weight claim.
1842444165	USE::car_mirror	зеркало маржены	GENERIC_RELEVANT	ABSENT	ABSENT	ABSENT	ABSENT		GAP_PRESENT	Content coverage only; no Ozon ranking-weight claim.
1842444165	USE::car_mirror	зеркало шамана	GENERIC_RELEVANT	ABSENT	ABSENT	ABSENT	ABSENT		GAP_PRESENT	Content coverage only; no Ozon ranking-weight claim.
1842444165	USE::car_mirror	зеркальная подвеска	GENERIC_RELEVANT	ABSENT	ABSENT	ABSENT	ABSENT		GAP_PRESENT	Content coverage only; no Ozon ranking-weight claim.
1842444165	USE::car_mirror	зеркальные амулеты	GENERIC_RELEVANT	ABSENT	ABSENT	ABSENT	ABSENT		GAP_PRESENT	Content coverage only; no Ozon ranking-weight claim.
1842444165	USE::car_mirror	игрушка на зеркало в машину реал мадрид	GENERIC_RELEVANT	ABSENT	ABSENT	ABSENT	ABSENT		GAP_PRESENT	Content coverage only; no Ozon ranking-weight claim.
1842444165	CLASS::amulet_pendant	ищу хозяина подвеска	GENERIC_RELEVANT	ABSENT	ABSENT	PARTIAL_PRESENT	PARTIAL_PRESENT	attr_n:PARTIAL_PRESENT	GAP_PRESENT	Content coverage only; no Ozon ranking-weight claim.
1842444165	USE::car_mirror	кимоно в машину на зеркало самбо	GENERIC_RELEVANT	ABSENT	ABSENT	ABSENT	ABSENT		GAP_PRESENT	Content coverage only; no Ozon ranking-weight claim.
1842444165	UNCLEAR::38ea3863b2	коловрат	AMBIGUOUS_HOLD	ABSENT	ABSENT	ABSENT	ABSENT		GAP_PRESENT	Content coverage only; no Ozon ranking-weight claim.
1842444165	USE::protection	коловрат оберег на стену	GENERIC_RELEVANT	ABSENT	ABSENT	ABSENT	ABSENT		GAP_PRESENT	Content coverage only; no Ozon ranking-weight claim.
1842444165	FAMILY::slavic	коловрат оберег славянские мужские	FAMILY_RELEVANT	ABSENT	ABSENT	ABSENT	ABSENT		GAP_PRESENT	Content coverage only; no Ozon ranking-weight claim.
1842444165	CLASS::amulet_pendant	коловрат подвеска	GENERIC_RELEVANT	ABSENT	ABSENT	ABSENT	ABSENT		GAP_PRESENT	Content coverage only; no Ozon ranking-weight claim.
1842444165	UNCLEAR::efe125fc90	магические	AMBIGUOUS_HOLD	ABSENT	ABSENT	ABSENT	ABSENT		GAP_PRESENT	Content coverage only; no Ozon ranking-weight claim.
1842444165	USE::car_mirror	медальон вдв в машину на зеркало	GENERIC_RELEVANT	ABSENT	ABSENT	ABSENT	ABSENT		GAP_PRESENT	Content coverage only; no Ozon ranking-weight claim.
1842444165	USE::car_mirror	на зеркало подвеска в машину с символом следственного	GENERIC_RELEVANT	ABSENT	ABSENT	PARTIAL_PRESENT	PARTIAL_PRESENT	attr_n:PARTIAL_PRESENT	GAP_PRESENT	Content coverage only; no Ozon ranking-weight claim.
1842444165	USE::car_mirror	на зеркало подвеска в машину с символом следственного ком	GENERIC_RELEVANT	ABSENT	ABSENT	PARTIAL_PRESENT	PARTIAL_PRESENT	attr_n:PARTIAL_PRESENT	GAP_PRESENT	Content coverage only; no Ozon ranking-weight claim.
1842444165	UNCLEAR::83914629f5	набор для творчества	AMBIGUOUS_HOLD	ABSENT	ABSENT	ABSENT	ABSENT		GAP_PRESENT	Content coverage only; no Ozon ranking-weight claim.
1842444165	USE::protection	оберег	GENERIC_RELEVANT	EXACT_PRESENT	EXACT_PRESENT	EXACT_PRESENT	EXACT_PRESENT	title_n:EXACT_PRESENT	NO_GAP	Content coverage only; no Ozon ranking-weight claim.
1842444165	USE::protection	оберег для дома	GENERIC_RELEVANT	ABSENT	ABSENT	ABSENT	ABSENT		GAP_PRESENT	Content coverage only; no Ozon ranking-weight claim.
1842444165	USE::protection	оберег для дома чтобы были дети	GENERIC_RELEVANT	ABSENT	ABSENT	PARTIAL_PRESENT	PARTIAL_PRESENT	attr_n:PARTIAL_PRESENT	GAP_PRESENT	Content coverage only; no Ozon ranking-weight claim.
1842444165	USE::protection	оберег для ребенка	GENERIC_RELEVANT	ABSENT	ABSENT	SEMANTIC_PRESENT	SEMANTIC_PRESENT	attr_n:SEMANTIC_PRESENT	GAP_PRESENT	Content coverage only; no Ozon ranking-weight claim.
1842444165	USE::protection	оберег на дом	GENERIC_RELEVANT	ABSENT	ABSENT	ABSENT	ABSENT		GAP_PRESENT	Content coverage only; no Ozon ranking-weight claim.
1842444165	USE::protection	оберег от сглаза и порчи	GENERIC_RELEVANT	ABSENT	ABSENT	EXACT_PRESENT	PARTIAL_PRESENT	attr_n:EXACT_PRESENT	GAP_PRESENT	Content coverage only; no Ozon ranking-weight claim.
1842444165	USE::protection	оберег рода	GENERIC_RELEVANT	ABSENT	ABSENT	SEMANTIC_PRESENT	SEMANTIC_PRESENT	attr_n:SEMANTIC_PRESENT	GAP_PRESENT	Content coverage only; no Ozon ranking-weight claim.
1842444165	USE::protection	обереги коловрат	GENERIC_RELEVANT	ABSENT	ABSENT	ABSENT	ABSENT		GAP_PRESENT	Content coverage only; no Ozon ranking-weight claim.
1842444165	USE::protection	обереготсглаза	GENERIC_RELEVANT	ABSENT	ABSENT	EXACT_PRESENT	ABSENT	attr_n:EXACT_PRESENT	GAP_PRESENT	Content coverage only; no Ozon ranking-weight claim.
1842444165	USE::gift	подарок мужчине	AMBIGUOUS_HOLD	SEMANTIC_PRESENT	SEMANTIC_PRESENT	EXACT_PRESENT	SEMANTIC_PRESENT	title_n:SEMANTIC_PRESENT	NO_GAP	Content coverage only; no Ozon ranking-weight claim.
1842444165	USE::car_mirror	подвеска в машину	GENERIC_RELEVANT	SEMANTIC_PRESENT	SEMANTIC_PRESENT	EXACT_PRESENT	SEMANTIC_PRESENT	title_n:SEMANTIC_PRESENT	NO_GAP	Content coverage only; no Ozon ranking-weight claim.
1842444165	USE::car_mirror	подвеска в машину мир	GENERIC_RELEVANT	ABSENT	ABSENT	SEMANTIC_PRESENT	SEMANTIC_PRESENT	attr_n:SEMANTIC_PRESENT	GAP_PRESENT	Content coverage only; no Ozon ranking-weight claim.
1842444165	USE::car_mirror	подвеска на зеркало в машину	GENERIC_RELEVANT	EXACT_PRESENT	SEMANTIC_PRESENT	EXACT_PRESENT	EXACT_PRESENT	title_n:EXACT_PRESENT	NO_GAP	Content coverage only; no Ozon ranking-weight claim.
1842444165	CLASS::amulet_pendant	подвески с рунами	GENERIC_RELEVANT	ABSENT	ABSENT	SEMANTIC_PRESENT	SEMANTIC_PRESENT	attr_n:SEMANTIC_PRESENT	GAP_PRESENT	Content coverage only; no Ozon ranking-weight claim.
1842444165	UNCLEAR::96869e4e1c	руны	AMBIGUOUS_HOLD	ABSENT	ABSENT	ABSENT	ABSENT		GAP_PRESENT	Content coverage only; no Ozon ranking-weight claim.
1842444165	FAMILY::slavic	руны славянские	FAMILY_RELEVANT	ABSENT	ABSENT	ABSENT	ABSENT		GAP_PRESENT	Content coverage only; no Ozon ranking-weight claim.
1842444165	UNCLEAR::8f1b5a9423	русич	AMBIGUOUS_HOLD	ABSENT	ABSENT	ABSENT	ABSENT		GAP_PRESENT	Content coverage only; no Ozon ranking-weight claim.
1842444165	FAMILY::slavic	славянская подвеска оберег	FAMILY_RELEVANT	SEMANTIC_PRESENT	ABSENT	SEMANTIC_PRESENT	SEMANTIC_PRESENT	title_n:SEMANTIC_PRESENT	GAP_PRESENT	Content coverage only; no Ozon ranking-weight claim.
1842444165	FAMILY::slavic	славянские обереги	FAMILY_RELEVANT	SEMANTIC_PRESENT	SEMANTIC_PRESENT	EXACT_PRESENT	SEMANTIC_PRESENT	title_n:SEMANTIC_PRESENT	NO_GAP	Content coverage only; no Ozon ranking-weight claim.
1842444165	FAMILY::slavic	славянские обереги для мужчин	FAMILY_RELEVANT	ABSENT	ABSENT	SEMANTIC_PRESENT	ABSENT	attr_n:SEMANTIC_PRESENT	GAP_PRESENT	Content coverage only; no Ozon ranking-weight claim.
1842444165	FAMILY::slavic	славянские обереги мужские	FAMILY_RELEVANT	SEMANTIC_PRESENT	SEMANTIC_PRESENT	SEMANTIC_PRESENT	SEMANTIC_PRESENT	title_n:SEMANTIC_PRESENT	NO_GAP	Content coverage only; no Ozon ranking-weight claim.
1842444165	FAMILY::slavic	славянские руны для четок	FAMILY_RELEVANT	ABSENT	ABSENT	PARTIAL_PRESENT	PARTIAL_PRESENT	attr_n:PARTIAL_PRESENT	GAP_PRESENT	Content coverage only; no Ozon ranking-weight claim.
1842444165	FAMILY::slavic	славянский оберег	FAMILY_RELEVANT	EXACT_PRESENT	SEMANTIC_PRESENT	EXACT_PRESENT	EXACT_PRESENT	title_n:EXACT_PRESENT	NO_GAP	Content coverage only; no Ozon ranking-weight claim.
1842444165	UNCLEAR::6d0ad48210	цепочка надежная для кулона	AMBIGUOUS_HOLD	ABSENT	ABSENT	PARTIAL_PRESENT	PARTIAL_PRESENT	attr_n:PARTIAL_PRESENT	GAP_PRESENT	Content coverage only; no Ozon ranking-weight claim.
1842444165	USE::car_mirror	четки в машину руч	GENERIC_RELEVANT	ABSENT	ABSENT	ABSENT	ABSENT		GAP_PRESENT	Content coverage only; no Ozon ranking-weight claim.
1943215793	CLASS::amulet_pendant	амулет	GENERIC_RELEVANT	SEMANTIC_PRESENT	ABSENT	EXACT_PRESENT	SEMANTIC_PRESENT	title_n:SEMANTIC_PRESENT	GAP_PRESENT	Content coverage only; no Ozon ranking-weight claim.
1943215793	USE::car_mirror	амулет в машину мусульманский	GENERIC_RELEVANT	ABSENT	ABSENT	ABSENT	ABSENT		GAP_PRESENT	Content coverage only; no Ozon ranking-weight claim.
1943215793	USE::protection	амулеты обереги и талисманы	GENERIC_RELEVANT	SEMANTIC_PRESENT	ABSENT	EXACT_PRESENT	SEMANTIC_PRESENT	title_n:SEMANTIC_PRESENT	GAP_PRESENT	Content coverage only; no Ozon ranking-weight claim.
1943215793	USE::car_mirror	в машину	GENERIC_RELEVANT	EXACT_PRESENT	ABSENT	EXACT_PRESENT	EXACT_PRESENT	title_n:EXACT_PRESENT	GAP_PRESENT	Content coverage only; no Ozon ranking-weight claim.
1943215793	USE::car_mirror	в машину оберег с камнями	GENERIC_RELEVANT	ABSENT	ABSENT	ABSENT	ABSENT		GAP_PRESENT	Content coverage only; no Ozon ranking-weight claim.
1943215793	USE::car_mirror	дерево в машину	GENERIC_RELEVANT	SEMANTIC_PRESENT	ABSENT	SEMANTIC_PRESENT	SEMANTIC_PRESENT	title_n:SEMANTIC_PRESENT	GAP_PRESENT	Content coverage only; no Ozon ranking-weight claim.
1943215793	USE::protection	дерево оберег	GENERIC_RELEVANT	SEMANTIC_PRESENT	ABSENT	SEMANTIC_PRESENT	SEMANTIC_PRESENT	title_n:SEMANTIC_PRESENT	GAP_PRESENT	Content coverage only; no Ozon ranking-weight claim.
1943215793	VARIANT::златоуст	златоуст	EXACT_PRODUCT	EXACT_PRESENT	EXACT_PRESENT	EXACT_PRESENT	EXACT_PRESENT	title_n:EXACT_PRESENT	NO_GAP	Content coverage only; no Ozon ranking-weight claim.
1943215793	USE::car_mirror	иисус на зеркало авто	PARTIAL_RELEVANCE	SEMANTIC_PRESENT	ABSENT	SEMANTIC_PRESENT	SEMANTIC_PRESENT	title_n:SEMANTIC_PRESENT	GAP_PRESENT	Content coverage only; no Ozon ranking-weight claim.
1943215793	USE::car_mirror	икона в машину подвеска кожаная	GENERIC_RELEVANT	ABSENT	ABSENT	ABSENT	ABSENT		GAP_PRESENT	Content coverage only; no Ozon ranking-weight claim.
1943215793	VARIANT::иоанн	иоанн хозевит	EXACT_PRODUCT	PARTIAL_PRESENT	PARTIAL_PRESENT	PARTIAL_PRESENT	PARTIAL_PRESENT	title_n:PARTIAL_PRESENT	PARTIAL_GAP	Content coverage only; no Ozon ranking-weight claim.
1943215793	VARIANT::молитва	келейная книжица иоанна крестьянина молитва	EXACT_PRODUCT	PARTIAL_PRESENT	PARTIAL_PRESENT	PARTIAL_PRESENT	PARTIAL_PRESENT	title_n:PARTIAL_PRESENT	PARTIAL_GAP	Content coverage only; no Ozon ranking-weight claim.
1943215793	USE::car_mirror	лего машина не сло	PARTIAL_RELEVANCE	PARTIAL_PRESENT	ABSENT	PARTIAL_PRESENT	PARTIAL_PRESENT	title_n:PARTIAL_PRESENT	GAP_PRESENT	Content coverage only; no Ozon ranking-weight claim.
1943215793	USE::protection	мини подвеска оберег	GENERIC_RELEVANT	ABSENT	ABSENT	ABSENT	ABSENT		GAP_PRESENT	Content coverage only; no Ozon ranking-weight claim.
1943215793	VARIANT::молитва	молитва	EXACT_PRODUCT	EXACT_PRESENT	EXACT_PRESENT	EXACT_PRESENT	EXACT_PRESENT	title_n:EXACT_PRESENT	NO_GAP	Content coverage only; no Ozon ranking-weight claim.
1943215793	VARIANT::молитва	молитва оберег в дом	EXACT_PRODUCT	PARTIAL_PRESENT	PARTIAL_PRESENT	PARTIAL_PRESENT	PARTIAL_PRESENT	title_n:PARTIAL_PRESENT	PARTIAL_GAP	Content coverage only; no Ozon ranking-weight claim.
1943215793	FAMILY::religious	молитвой деревянный православный	STRONG_PRODUCT	ABSENT	ABSENT	ABSENT	ABSENT		GAP_PRESENT	Content coverage only; no Ozon ranking-weight claim.
1943215793	UNCLEAR::ab906b4944	молитвы	PARTIAL_RELEVANCE	SEMANTIC_PRESENT	SEMANTIC_PRESENT	EXACT_PRESENT	EXACT_PRESENT	title_n:SEMANTIC_PRESENT	NO_GAP	Content coverage only; no Ozon ranking-weight claim.
1943215793	FAMILY::religious	молитвы о детях православные даниленко	STRONG_PRODUCT	PARTIAL_PRESENT	PARTIAL_PRESENT	PARTIAL_PRESENT	PARTIAL_PRESENT	title_n:PARTIAL_PRESENT	PARTIAL_GAP	Content coverage only; no Ozon ranking-weight claim.
1943215793	USE::protection	мусульманский оберег	GENERIC_RELEVANT	ABSENT	ABSENT	ABSENT	ABSENT		GAP_PRESENT	Content coverage only; no Ozon ranking-weight claim.
1943215793	USE::car_mirror	мусульманский оберег брелок на автомобиль	GENERIC_RELEVANT	ABSENT	ABSENT	ABSENT	ABSENT		GAP_PRESENT	Content coverage only; no Ozon ranking-weight claim.
1943215793	USE::car_mirror	на зеркало автомобиля подвеска в машину	GENERIC_RELEVANT	ABSENT	ABSENT	SEMANTIC_PRESENT	SEMANTIC_PRESENT	attr_n:SEMANTIC_PRESENT	GAP_PRESENT	Content coverage only; no Ozon ranking-weight claim.
1943215793	UNCLEAR::86b31beff9	набор декоративных кисточек с бусинами	AMBIGUOUS_HOLD	ABSENT	ABSENT	PARTIAL_PRESENT	PARTIAL_PRESENT	attr_n:PARTIAL_PRESENT	GAP_PRESENT	Content coverage only; no Ozon ranking-weight claim.
1943215793	USE::protection	оберег	GENERIC_RELEVANT	EXACT_PRESENT	ABSENT	EXACT_PRESENT	EXACT_PRESENT	title_n:EXACT_PRESENT	GAP_PRESENT	Content coverage only; no Ozon ranking-weight claim.
1943215793	USE::car_mirror	оберег автомобильный на зеркало	GENERIC_RELEVANT	SEMANTIC_PRESENT	ABSENT	SEMANTIC_PRESENT	SEMANTIC_PRESENT	title_n:SEMANTIC_PRESENT	GAP_PRESENT	Content coverage only; no Ozon ranking-weight claim.
1943215793	USE::car_mirror	оберег в машину	GENERIC_RELEVANT	EXACT_PRESENT	ABSENT	EXACT_PRESENT	SEMANTIC_PRESENT	title_n:EXACT_PRESENT	GAP_PRESENT	Content coverage only; no Ozon ranking-weight claim.
1943215793	USE::car_mirror	оберег в машину мужской	GENERIC_RELEVANT	SEMANTIC_PRESENT	ABSENT	SEMANTIC_PRESENT	SEMANTIC_PRESENT	title_n:SEMANTIC_PRESENT	GAP_PRESENT	Content coverage only; no Ozon ranking-weight claim.
1943215793	USE::car_mirror	оберег в машину от поломки позолота	GENERIC_RELEVANT	ABSENT	ABSENT	ABSENT	ABSENT		GAP_PRESENT	Content coverage only; no Ozon ranking-weight claim.
1943215793	FAMILY::religious	оберег в машину православный	STRONG_PRODUCT	SEMANTIC_PRESENT	ABSENT	SEMANTIC_PRESENT	SEMANTIC_PRESENT	title_n:SEMANTIC_PRESENT	GAP_PRESENT	Content coverage only; no Ozon ranking-weight claim.
1943215793	FAMILY::religious	оберег в машину православный мал	STRONG_PRODUCT	ABSENT	ABSENT	ABSENT	ABSENT		GAP_PRESENT	Content coverage only; no Ozon ranking-weight claim.
1943215793	USE::car_mirror	оберег для автомобиля на зеркало	GENERIC_RELEVANT	ABSENT	ABSENT	SEMANTIC_PRESENT	SEMANTIC_PRESENT	attr_n:SEMANTIC_PRESENT	GAP_PRESENT	Content coverage only; no Ozon ranking-weight claim.
1943215793	USE::protection	оберег мусульманский	GENERIC_RELEVANT	ABSENT	ABSENT	ABSENT	ABSENT		GAP_PRESENT	Content coverage only; no Ozon ranking-weight claim.
1943215793	USE::car_mirror	оберег на автомобиль	GENERIC_RELEVANT	SEMANTIC_PRESENT	ABSENT	SEMANTIC_PRESENT	SEMANTIC_PRESENT	title_n:SEMANTIC_PRESENT	GAP_PRESENT	Content coverage only; no Ozon ranking-weight claim.
1943215793	FAMILY::religious	оберег на ркккмужской православный освященны	STRONG_PRODUCT	ABSENT	ABSENT	ABSENT	ABSENT		GAP_PRESENT	Content coverage only; no Ozon ranking-weight claim.
1943215793	USE::protection	оберег христианский	GENERIC_RELEVANT	ABSENT	ABSENT	ABSENT	ABSENT		GAP_PRESENT	Content coverage only; no Ozon ranking-weight claim.
1943215793	USE::protection	обереги	GENERIC_RELEVANT	SEMANTIC_PRESENT	ABSENT	EXACT_PRESENT	SEMANTIC_PRESENT	title_n:SEMANTIC_PRESENT	GAP_PRESENT	Content coverage only; no Ozon ranking-weight claim.
1943215793	USE::protection	обереготсглаза	GENERIC_RELEVANT	ABSENT	ABSENT	EXACT_PRESENT	ABSENT	attr_n:EXACT_PRESENT	GAP_PRESENT	Content coverage only; no Ozon ranking-weight claim.
1943215793	USE::car_mirror	плетеная подвеска оберег на зеркало	GENERIC_RELEVANT	ABSENT	ABSENT	ABSENT	ABSENT		GAP_PRESENT	Content coverage only; no Ozon ranking-weight claim.
1943215793	USE::car_mirror	подарки в авто	GENERIC_RELEVANT	SEMANTIC_PRESENT	ABSENT	SEMANTIC_PRESENT	SEMANTIC_PRESENT	title_n:SEMANTIC_PRESENT	GAP_PRESENT	Content coverage only; no Ozon ranking-weight claim.
1943215793	CLASS::amulet_pendant	подвеска в иашину	GENERIC_RELEVANT	ABSENT	ABSENT	ABSENT	ABSENT		GAP_PRESENT	Content coverage only; no Ozon ranking-weight claim.
1943215793	USE::car_mirror	подвеска в машину	GENERIC_RELEVANT	SEMANTIC_PRESENT	ABSENT	EXACT_PRESENT	EXACT_PRESENT	title_n:SEMANTIC_PRESENT	GAP_PRESENT	Content coverage only; no Ozon ranking-weight claim.
1943215793	USE::car_mirror	подвеска в машину из бисера оберег	GENERIC_RELEVANT	ABSENT	ABSENT	ABSENT	ABSENT		GAP_PRESENT	Content coverage only; no Ozon ranking-weight claim.
1943215793	USE::car_mirror	подвеска в машину из кожи	GENERIC_RELEVANT	ABSENT	ABSENT	ABSENT	ABSENT		GAP_PRESENT	Content coverage only; no Ozon ranking-weight claim.
1943215793	USE::car_mirror	подвеска в машину на зеркало	GENERIC_RELEVANT	SEMANTIC_PRESENT	ABSENT	EXACT_PRESENT	SEMANTIC_PRESENT	title_n:SEMANTIC_PRESENT	GAP_PRESENT	Content coverage only; no Ozon ranking-weight claim.
1943215793	USE::car_mirror	подвеска в машину на зеркало а	GENERIC_RELEVANT	SEMANTIC_PRESENT	ABSENT	SEMANTIC_PRESENT	SEMANTIC_PRESENT	title_n:SEMANTIC_PRESENT	GAP_PRESENT	Content coverage only; no Ozon ranking-weight claim.
1943215793	USE::car_mirror	подвеска в машину на зеркало вера	GENERIC_RELEVANT	ABSENT	ABSENT	ABSENT	ABSENT		GAP_PRESENT	Content coverage only; no Ozon ranking-weight claim.
1943215793	USE::car_mirror	подвеска в машину на зеркало жен	GENERIC_RELEVANT	ABSENT	ABSENT	ABSENT	ABSENT		GAP_PRESENT	Content coverage only; no Ozon ranking-weight claim.
1943215793	USE::car_mirror	подвеска в машину на зеркало костюм	GENERIC_RELEVANT	ABSENT	ABSENT	ABSENT	ABSENT		GAP_PRESENT	Content coverage only; no Ozon ranking-weight claim.
1943215793	USE::car_mirror	подвеска в машину на зеркало мех	GENERIC_RELEVANT	ABSENT	ABSENT	ABSENT	ABSENT		GAP_PRESENT	Content coverage only; no Ozon ranking-weight claim.
1943215793	USE::car_mirror	подвеска на зеркало в машину	GENERIC_RELEVANT	SEMANTIC_PRESENT	ABSENT	SEMANTIC_PRESENT	SEMANTIC_PRESENT	title_n:SEMANTIC_PRESENT	GAP_PRESENT	Content coverage only; no Ozon ranking-weight claim.
1943215793	USE::car_mirror	подвеска на зеркало в машину талисман	GENERIC_RELEVANT	SEMANTIC_PRESENT	ABSENT	SEMANTIC_PRESENT	SEMANTIC_PRESENT	title_n:SEMANTIC_PRESENT	GAP_PRESENT	Content coverage only; no Ozon ranking-weight claim.
1943215793	USE::car_mirror	подвеска на зеркало в машину япоская	GENERIC_RELEVANT	ABSENT	ABSENT	ABSENT	ABSENT		GAP_PRESENT	Content coverage only; no Ozon ranking-weight claim.
1943215793	FAMILY::religious	подвеска православная в машину на зеркало	STRONG_PRODUCT	SEMANTIC_PRESENT	ABSENT	SEMANTIC_PRESENT	SEMANTIC_PRESENT	title_n:SEMANTIC_PRESENT	GAP_PRESENT	Content coverage only; no Ozon ranking-weight claim.
1943215793	USE::car_mirror	четки в машину	GENERIC_RELEVANT	SEMANTIC_PRESENT	ABSENT	SEMANTIC_PRESENT	SEMANTIC_PRESENT	title_n:SEMANTIC_PRESENT	GAP_PRESENT	Content coverage only; no Ozon ranking-weight claim.
2183808182	UNCLEAR::4f7810dab2	jubyz ; bdf	AMBIGUOUS_HOLD	ABSENT	ABSENT	ABSENT	ABSENT		GAP_PRESENT	Content coverage only; no Ozon ranking-weight claim.
2183808182	CLASS::amulet_pendant	амулет на любовь	GENERIC_RELEVANT	ABSENT	ABSENT	ABSENT	ABSENT		GAP_PRESENT	Content coverage only; no Ozon ranking-weight claim.
2183808182	USE::car_mirror	амулет с зеркалом подвеска	GENERIC_RELEVANT	ABSENT	ABSENT	ABSENT	ABSENT		GAP_PRESENT	Content coverage only; no Ozon ranking-weight claim.
2183808182	USE::protection	амулеты обереги и талисманы	GENERIC_RELEVANT	SEMANTIC_PRESENT	ABSENT	EXACT_PRESENT	SEMANTIC_PRESENT	title_n:SEMANTIC_PRESENT	GAP_PRESENT	Content coverage only; no Ozon ranking-weight claim.
2183808182	UNCLEAR::8f988b4ea3	берег бог	AMBIGUOUS_HOLD	ABSENT	ABSENT	ABSENT	ABSENT		GAP_PRESENT	Content coverage only; no Ozon ranking-weight claim.
2183808182	UNCLEAR::0b1ee2c2f7	бог омулет	AMBIGUOUS_HOLD	ABSENT	ABSENT	ABSENT	ABSENT		GAP_PRESENT	Content coverage only; no Ozon ranking-weight claim.
2183808182	CLASS::amulet_pendant	бог подвеска	GENERIC_RELEVANT	ABSENT	ABSENT	ABSENT	ABSENT		GAP_PRESENT	Content coverage only; no Ozon ranking-weight claim.
2183808182	VARIANT::жива	богиня жива амулет	EXACT_PRODUCT	PARTIAL_PRESENT	PARTIAL_PRESENT	SEMANTIC_PRESENT	SEMANTIC_PRESENT	title_n:PARTIAL_PRESENT	PARTIAL_GAP	Content coverage only; no Ozon ranking-weight claim.
2183808182	USE::car_mirror	брелок в машину на зеркало пушистики	GENERIC_RELEVANT	ABSENT	ABSENT	ABSENT	ABSENT		GAP_PRESENT	Content coverage only; no Ozon ranking-weight claim.
2183808182	USE::car_mirror	брелок у машину byd на зерколо	GENERIC_RELEVANT	ABSENT	ABSENT	ABSENT	ABSENT		GAP_PRESENT	Content coverage only; no Ozon ranking-weight claim.
2183808182	USE::car_mirror	бусина от сглаза на зеркало машины	GENERIC_RELEVANT	PARTIAL_PRESENT	ABSENT	SEMANTIC_PRESENT	PARTIAL_PRESENT	title_n:PARTIAL_PRESENT	GAP_PRESENT	Content coverage only; no Ozon ranking-weight claim.
2183808182	USE::car_mirror	висюлька на зеркало в машину белая пушистая	GENERIC_RELEVANT	ABSENT	ABSENT	ABSENT	ABSENT		GAP_PRESENT	Content coverage only; no Ozon ranking-weight claim.
2183808182	CLASS::amulet_pendant	деревянный амулет	GENERIC_RELEVANT	SEMANTIC_PRESENT	ABSENT	SEMANTIC_PRESENT	SEMANTIC_PRESENT	title_n:SEMANTIC_PRESENT	GAP_PRESENT	Content coverage only; no Ozon ranking-weight claim.
2183808182	VARIANT::жива	жива	EXACT_PRODUCT	EXACT_PRESENT	EXACT_PRESENT	EXACT_PRESENT	EXACT_PRESENT	title_n:EXACT_PRESENT	NO_GAP	Content coverage only; no Ozon ranking-weight claim.
2183808182	VARIANT::жива	жива кулон	EXACT_PRODUCT	PARTIAL_PRESENT	PARTIAL_PRESENT	PARTIAL_PRESENT	PARTIAL_PRESENT	title_n:PARTIAL_PRESENT	PARTIAL_GAP	Content coverage only; no Ozon ranking-weight claim.
2183808182	USE::car_mirror	зеркало богоа	GENERIC_RELEVANT	ABSENT	ABSENT	ABSENT	ABSENT		GAP_PRESENT	Content coverage only; no Ozon ranking-weight claim.
2183808182	USE::car_mirror	зеркало двухстороннее с ув	GENERIC_RELEVANT	ABSENT	ABSENT	ABSENT	ABSENT		GAP_PRESENT	Content coverage only; no Ozon ranking-weight claim.
2183808182	USE::car_mirror	зеркало с ув подвеской	GENERIC_RELEVANT	ABSENT	ABSENT	ABSENT	ABSENT		GAP_PRESENT	Content coverage only; no Ozon ranking-weight claim.
2183808182	FAMILY::slavic	коловрат славянский в машину	FAMILY_RELEVANT	ABSENT	ABSENT	ABSENT	ABSENT		GAP_PRESENT	Content coverage only; no Ozon ranking-weight claim.
2183808182	FAMILY::slavic	кулон рода славянский	FAMILY_RELEVANT	ABSENT	ABSENT	ABSENT	ABSENT		GAP_PRESENT	Content coverage only; no Ozon ranking-weight claim.
2183808182	FAMILY::slavic	купить славянского бога род подвеску	FAMILY_RELEVANT	PARTIAL_PRESENT	ABSENT	PARTIAL_PRESENT	PARTIAL_PRESENT	title_n:PARTIAL_PRESENT	GAP_PRESENT	Content coverage only; no Ozon ranking-weight claim.
2183808182	UNCLEAR::6b5297fb6c	набор	AMBIGUOUS_HOLD	SEMANTIC_PRESENT	ABSENT	SEMANTIC_PRESENT	SEMANTIC_PRESENT	title_n:SEMANTIC_PRESENT	GAP_PRESENT	Content coverage only; no Ozon ranking-weight claim.
2183808182	USE::protection	оберег	GENERIC_RELEVANT	EXACT_PRESENT	ABSENT	EXACT_PRESENT	EXACT_PRESENT	title_n:EXACT_PRESENT	GAP_PRESENT	Content coverage only; no Ozon ranking-weight claim.
2183808182	USE::car_mirror	оберег в машину	GENERIC_RELEVANT	SEMANTIC_PRESENT	ABSENT	SEMANTIC_PRESENT	SEMANTIC_PRESENT	title_n:SEMANTIC_PRESENT	GAP_PRESENT	Content coverage only; no Ozon ranking-weight claim.
2183808182	FAMILY::slavic	оберег в машину славянский	FAMILY_RELEVANT	SEMANTIC_PRESENT	ABSENT	SEMANTIC_PRESENT	SEMANTIC_PRESENT	title_n:SEMANTIC_PRESENT	GAP_PRESENT	Content coverage only; no Ozon ranking-weight claim.
2183808182	USE::protection	оберег от сглаза и порчи	GENERIC_RELEVANT	ABSENT	ABSENT	EXACT_PRESENT	SEMANTIC_PRESENT	attr_n:EXACT_PRESENT	GAP_PRESENT	Content coverage only; no Ozon ranking-weight claim.
2183808182	FAMILY::slavic	оберег славянский женский	FAMILY_RELEVANT	ABSENT	ABSENT	SEMANTIC_PRESENT	SEMANTIC_PRESENT	attr_n:SEMANTIC_PRESENT	GAP_PRESENT	Content coverage only; no Ozon ranking-weight claim.
2183808182	USE::protection	обереги	GENERIC_RELEVANT	SEMANTIC_PRESENT	ABSENT	EXACT_PRESENT	SEMANTIC_PRESENT	title_n:SEMANTIC_PRESENT	GAP_PRESENT	Content coverage only; no Ozon ranking-weight claim.
2183808182	USE::protection	обереготсглаза	GENERIC_RELEVANT	ABSENT	ABSENT	EXACT_PRESENT	ABSENT	attr_n:EXACT_PRESENT	GAP_PRESENT	Content coverage only; no Ozon ranking-weight claim.
2183808182	USE::gift	подарок для девушки	AMBIGUOUS_HOLD	ABSENT	ABSENT	ABSENT	ABSENT		GAP_PRESENT	Content coverage only; no Ozon ranking-weight claim.
2183808182	USE::gift	подарочный набор для женщин	AMBIGUOUS_HOLD	ABSENT	ABSENT	PARTIAL_PRESENT	PARTIAL_PRESENT	attr_n:PARTIAL_PRESENT	GAP_PRESENT	Content coverage only; no Ozon ranking-weight claim.
2183808182	USE::car_mirror	подвеска в машину	GENERIC_RELEVANT	SEMANTIC_PRESENT	ABSENT	EXACT_PRESENT	SEMANTIC_PRESENT	title_n:SEMANTIC_PRESENT	GAP_PRESENT	Content coverage only; no Ozon ranking-weight claim.
2183808182	USE::car_mirror	подвеска в машину на зеркало	GENERIC_RELEVANT	SEMANTIC_PRESENT	ABSENT	EXACT_PRESENT	SEMANTIC_PRESENT	title_n:SEMANTIC_PRESENT	GAP_PRESENT	Content coverage only; no Ozon ranking-weight claim.
2183808182	USE::car_mirror	подвеска в машину на зеркало дракон	GENERIC_RELEVANT	ABSENT	ABSENT	ABSENT	ABSENT		GAP_PRESENT	Content coverage only; no Ozon ranking-weight claim.
2183808182	USE::car_mirror	подвеска в машину на зеркало оберег	GENERIC_RELEVANT	SEMANTIC_PRESENT	ABSENT	SEMANTIC_PRESENT	SEMANTIC_PRESENT	title_n:SEMANTIC_PRESENT	GAP_PRESENT	Content coverage only; no Ozon ranking-weight claim.
2183808182	USE::car_mirror	подвеска на авто зерколо	GENERIC_RELEVANT	ABSENT	ABSENT	ABSENT	ABSENT		GAP_PRESENT	Content coverage only; no Ozon ranking-weight claim.
2183808182	USE::car_mirror	подвеска на зеркало автомобиля в машину	GENERIC_RELEVANT	ABSENT	ABSENT	SEMANTIC_PRESENT	SEMANTIC_PRESENT	attr_n:SEMANTIC_PRESENT	GAP_PRESENT	Content coverage only; no Ozon ranking-weight claim.
2183808182	USE::car_mirror	подвеска на зеркало в машину	GENERIC_RELEVANT	EXACT_PRESENT	ABSENT	EXACT_PRESENT	SEMANTIC_PRESENT	title_n:EXACT_PRESENT	GAP_PRESENT	Content coverage only; no Ozon ranking-weight claim.
2183808182	USE::car_mirror	подвеска на зеркало в машину купола	GENERIC_RELEVANT	ABSENT	ABSENT	ABSENT	ABSENT		GAP_PRESENT	Content coverage only; no Ozon ranking-weight claim.
2183808182	USE::car_mirror	подвеска украшение в автомобиль	GENERIC_RELEVANT	SEMANTIC_PRESENT	ABSENT	SEMANTIC_PRESENT	SEMANTIC_PRESENT	title_n:SEMANTIC_PRESENT	GAP_PRESENT	Content coverage only; no Ozon ranking-weight claim.
2183808182	UNCLEAR::0e1e4f77b8	подвнска в мсшине зерколо	AMBIGUOUS_HOLD	ABSENT	ABSENT	ABSENT	ABSENT		GAP_PRESENT	Content coverage only; no Ozon ranking-weight claim.
2183808182	FAMILY::slavic	поддвеска славянские	FAMILY_RELEVANT	ABSENT	ABSENT	ABSENT	ABSENT		GAP_PRESENT	Content coverage only; no Ozon ranking-weight claim.
2183808182	USE::protection	путник оберег	GENERIC_RELEVANT	ABSENT	ABSENT	ABSENT	ABSENT		GAP_PRESENT	Content coverage only; no Ozon ranking-weight claim.
2183808182	FAMILY::slavic	славянские	FAMILY_RELEVANT	SEMANTIC_PRESENT	ABSENT	EXACT_PRESENT	SEMANTIC_PRESENT	title_n:SEMANTIC_PRESENT	GAP_PRESENT	Content coverage only; no Ozon ranking-weight claim.
2183808182	FAMILY::slavic	славянские боги и богини	FAMILY_RELEVANT	ABSENT	ABSENT	SEMANTIC_PRESENT	PARTIAL_PRESENT	attr_n:SEMANTIC_PRESENT	GAP_PRESENT	Content coverage only; no Ozon ranking-weight claim.
2183808182	FAMILY::slavic	славянские обереги	FAMILY_RELEVANT	SEMANTIC_PRESENT	ABSENT	EXACT_PRESENT	SEMANTIC_PRESENT	title_n:SEMANTIC_PRESENT	GAP_PRESENT	Content coverage only; no Ozon ranking-weight claim.
2183808182	FAMILY::slavic	славянские обереги набор	FAMILY_RELEVANT	SEMANTIC_PRESENT	ABSENT	SEMANTIC_PRESENT	SEMANTIC_PRESENT	title_n:SEMANTIC_PRESENT	GAP_PRESENT	Content coverage only; no Ozon ranking-weight claim.
2183808182	VARIANT::жива	славянские смулетв жива	EXACT_PRODUCT	PARTIAL_PRESENT	PARTIAL_PRESENT	PARTIAL_PRESENT	PARTIAL_PRESENT	title_n:PARTIAL_PRESENT	PARTIAL_GAP	Content coverage only; no Ozon ranking-weight claim.
2183808182	FAMILY::slavic	славянские украшения	FAMILY_RELEVANT	SEMANTIC_PRESENT	ABSENT	SEMANTIC_PRESENT	SEMANTIC_PRESENT	title_n:SEMANTIC_PRESENT	GAP_PRESENT	Content coverage only; no Ozon ranking-weight claim.
2183808182	FAMILY::slavic	славянскиеобереги	FAMILY_RELEVANT	ABSENT	ABSENT	ABSENT	ABSENT		GAP_PRESENT	Content coverage only; no Ozon ranking-weight claim.
2183808182	FAMILY::slavic	славянский оберег	FAMILY_RELEVANT	EXACT_PRESENT	ABSENT	EXACT_PRESENT	EXACT_PRESENT	title_n:EXACT_PRESENT	GAP_PRESENT	Content coverage only; no Ozon ranking-weight claim.
2183808182	FAMILY::slavic	славянский оберег из дерева	FAMILY_RELEVANT	ABSENT	ABSENT	SEMANTIC_PRESENT	SEMANTIC_PRESENT	attr_n:SEMANTIC_PRESENT	GAP_PRESENT	Content coverage only; no Ozon ranking-weight claim.
2183808182	FAMILY::slavic	славянский оберег подвеска	FAMILY_RELEVANT	SEMANTIC_PRESENT	ABSENT	SEMANTIC_PRESENT	SEMANTIC_PRESENT	title_n:SEMANTIC_PRESENT	GAP_PRESENT	Content coverage only; no Ozon ranking-weight claim.
2183808182	FAMILY::slavic	славянский оберег чур	FAMILY_RELEVANT	ABSENT	ABSENT	ABSENT	ABSENT		GAP_PRESENT	Content coverage only; no Ozon ranking-weight claim.
2183808182	UNCLEAR::49b094eebb	талимсаны	AMBIGUOUS_HOLD	ABSENT	ABSENT	ABSENT	ABSENT		GAP_PRESENT	Content coverage only; no Ozon ranking-weight claim.
2183808182	CLASS::amulet_pendant	украшения предков	GENERIC_RELEVANT	ABSENT	ABSENT	ABSENT	ABSENT		GAP_PRESENT	Content coverage only; no Ozon ranking-weight claim.
2183808182	FAMILY::slavic	четки славянские оберег	FAMILY_RELEVANT	SEMANTIC_PRESENT	ABSENT	SEMANTIC_PRESENT	SEMANTIC_PRESENT	title_n:SEMANTIC_PRESENT	GAP_PRESENT	Content coverage only; no Ozon ranking-weight claim.
2183808182	USE::car_mirror	шаманское зеркало	GENERIC_RELEVANT	ABSENT	ABSENT	ABSENT	ABSENT		GAP_PRESENT	Content coverage only; no Ozon ranking-weight claim.
2183921966	VARIANT::сварог	1600013 сварог	EXACT_PRODUCT	PARTIAL_PRESENT	PARTIAL_PRESENT	PARTIAL_PRESENT	PARTIAL_PRESENT	title_n:PARTIAL_PRESENT	PARTIAL_GAP	Content coverage only; no Ozon ranking-weight claim.
2183921966	USE::car_mirror	3d подвеска в машину на зеркало	GENERIC_RELEVANT	ABSENT	ABSENT	ABSENT	ABSENT		GAP_PRESENT	Content coverage only; no Ozon ranking-weight claim.
2183921966	USE::car_mirror	mirroreffect брелок оберег с зеркалом	GENERIC_RELEVANT	ABSENT	ABSENT	ABSENT	ABSENT		GAP_PRESENT	Content coverage only; no Ozon ranking-weight claim.
2183921966	USE::car_mirror	автомобильное подвеска оберег	GENERIC_RELEVANT	ABSENT	ABSENT	ABSENT	ABSENT		GAP_PRESENT	Content coverage only; no Ozon ranking-weight claim.
2183921966	CLASS::amulet_pendant	аксессуары вел	GENERIC_RELEVANT	ABSENT	ABSENT	ABSENT	ABSENT		GAP_PRESENT	Content coverage only; no Ozon ranking-weight claim.
2183921966	CLASS::amulet_pendant	амулет	GENERIC_RELEVANT	SEMANTIC_PRESENT	ABSENT	EXACT_PRESENT	EXACT_PRESENT	title_n:SEMANTIC_PRESENT	GAP_PRESENT	Content coverage only; no Ozon ranking-weight claim.
2183921966	CLASS::amulet_pendant	амулет молот перуна	GENERIC_RELEVANT	ABSENT	ABSENT	SEMANTIC_PRESENT	SEMANTIC_PRESENT	attr_n:SEMANTIC_PRESENT	GAP_PRESENT	Content coverage only; no Ozon ranking-weight claim.
2183921966	FAMILY::slavic	амулет славянский мужской перуна	FAMILY_RELEVANT	ABSENT	ABSENT	SEMANTIC_PRESENT	SEMANTIC_PRESENT	attr_n:SEMANTIC_PRESENT	GAP_PRESENT	Content coverage only; no Ozon ranking-weight claim.
2183921966	USE::protection	амулеты обереги и талисманы	GENERIC_RELEVANT	SEMANTIC_PRESENT	ABSENT	EXACT_PRESENT	SEMANTIC_PRESENT	title_n:SEMANTIC_PRESENT	GAP_PRESENT	Content coverage only; no Ozon ranking-weight claim.
2183921966	VARIANT::сварог	бесболка сварог	EXACT_PRODUCT	PARTIAL_PRESENT	PARTIAL_PRESENT	PARTIAL_PRESENT	PARTIAL_PRESENT	title_n:PARTIAL_PRESENT	PARTIAL_GAP	Content coverage only; no Ozon ranking-weight claim.
2183921966	UNCLEAR::9efdfb8855	бог	AMBIGUOUS_HOLD	ABSENT	ABSENT	EXACT_PRESENT	EXACT_PRESENT	attr_n:EXACT_PRESENT	GAP_PRESENT	Content coverage only; no Ozon ranking-weight claim.
2183921966	FAMILY::slavic	брелок славянский оберег	FAMILY_RELEVANT	ABSENT	ABSENT	ABSENT	ABSENT		GAP_PRESENT	Content coverage only; no Ozon ranking-weight claim.
2183921966	USE::car_mirror	в машину на удачу	GENERIC_RELEVANT	ABSENT	ABSENT	SEMANTIC_PRESENT	SEMANTIC_PRESENT	attr_n:SEMANTIC_PRESENT	GAP_PRESENT	Content coverage only; no Ozon ranking-weight claim.
2183921966	USE::car_mirror	в машину оберег	GENERIC_RELEVANT	SEMANTIC_PRESENT	ABSENT	SEMANTIC_PRESENT	SEMANTIC_PRESENT	title_n:SEMANTIC_PRESENT	GAP_PRESENT	Content coverage only; no Ozon ranking-weight claim.
2183921966	USE::car_mirror	для машины оберег	GENERIC_RELEVANT	SEMANTIC_PRESENT	ABSENT	SEMANTIC_PRESENT	SEMANTIC_PRESENT	title_n:SEMANTIC_PRESENT	GAP_PRESENT	Content coverage only; no Ozon ranking-weight claim.
2183921966	USE::car_mirror	зеркало для гадания	GENERIC_RELEVANT	ABSENT	ABSENT	ABSENT	ABSENT		GAP_PRESENT	Content coverage only; no Ozon ranking-weight claim.
2183921966	USE::car_mirror	зеркальная защита амулет	GENERIC_RELEVANT	ABSENT	ABSENT	PARTIAL_PRESENT	PARTIAL_PRESENT	attr_n:PARTIAL_PRESENT	GAP_PRESENT	Content coverage only; no Ozon ranking-weight claim.
2183921966	UNCLEAR::38ea3863b2	коловрат	AMBIGUOUS_HOLD	ABSENT	ABSENT	ABSENT	ABSENT		GAP_PRESENT	Content coverage only; no Ozon ranking-weight claim.
2183921966	CLASS::amulet_pendant	коловрат подвеска	GENERIC_RELEVANT	ABSENT	ABSENT	ABSENT	ABSENT		GAP_PRESENT	Content coverage only; no Ozon ranking-weight claim.
2183921966	USE::car_mirror	машинки с подвеской	GENERIC_RELEVANT	ABSENT	ABSENT	ABSENT	ABSENT		GAP_PRESENT	Content coverage only; no Ozon ranking-weight claim.
2183921966	USE::protection	оберег	GENERIC_RELEVANT	EXACT_PRESENT	ABSENT	EXACT_PRESENT	EXACT_PRESENT	title_n:EXACT_PRESENT	GAP_PRESENT	Content coverage only; no Ozon ranking-weight claim.
2183921966	USE::car_mirror	оберег в машину	GENERIC_RELEVANT	SEMANTIC_PRESENT	ABSENT	SEMANTIC_PRESENT	SEMANTIC_PRESENT	title_n:SEMANTIC_PRESENT	GAP_PRESENT	Content coverage only; no Ozon ranking-weight claim.
2183921966	USE::car_mirror	оберег зеркало	GENERIC_RELEVANT	SEMANTIC_PRESENT	ABSENT	SEMANTIC_PRESENT	SEMANTIC_PRESENT	title_n:SEMANTIC_PRESENT	GAP_PRESENT	Content coverage only; no Ozon ranking-weight claim.
2183921966	USE::protection	оберег коловрат	GENERIC_RELEVANT	ABSENT	ABSENT	ABSENT	ABSENT		GAP_PRESENT	Content coverage only; no Ozon ranking-weight claim.
2183921966	USE::protection	оберег на руку	GENERIC_RELEVANT	ABSENT	ABSENT	ABSENT	ABSENT		GAP_PRESENT	Content coverage only; no Ozon ranking-weight claim.
2183921966	USE::protection	оберег перуна	GENERIC_RELEVANT	ABSENT	ABSENT	SEMANTIC_PRESENT	SEMANTIC_PRESENT	attr_n:SEMANTIC_PRESENT	GAP_PRESENT	Content coverage only; no Ozon ranking-weight claim.
2183921966	USE::protection	оберег сварга	GENERIC_RELEVANT	ABSENT	ABSENT	ABSENT	ABSENT		GAP_PRESENT	Content coverage only; no Ozon ranking-weight claim.
2183921966	FAMILY::slavic	оберег славянский	FAMILY_RELEVANT	SEMANTIC_PRESENT	ABSENT	SEMANTIC_PRESENT	SEMANTIC_PRESENT	title_n:SEMANTIC_PRESENT	GAP_PRESENT	Content coverage only; no Ozon ranking-weight claim.
2183921966	USE::protection	обереги	GENERIC_RELEVANT	SEMANTIC_PRESENT	ABSENT	EXACT_PRESENT	SEMANTIC_PRESENT	title_n:SEMANTIC_PRESENT	GAP_PRESENT	Content coverage only; no Ozon ranking-weight claim.
2183921966	USE::car_mirror	оружие в машину	GENERIC_RELEVANT	ABSENT	ABSENT	SEMANTIC_PRESENT	SEMANTIC_PRESENT	attr_n:SEMANTIC_PRESENT	GAP_PRESENT	Content coverage only; no Ozon ranking-weight claim.
2183921966	UNCLEAR::e37255c2ae	перук	AMBIGUOUS_HOLD	ABSENT	ABSENT	ABSENT	ABSENT		GAP_PRESENT	Content coverage only; no Ozon ranking-weight claim.
2183921966	USE::protection	перуница оберег	GENERIC_RELEVANT	ABSENT	ABSENT	ABSENT	ABSENT		GAP_PRESENT	Content coverage only; no Ozon ranking-weight claim.
2183921966	USE::car_mirror	повесить в машину	GENERIC_RELEVANT	ABSENT	ABSENT	ABSENT	ABSENT		GAP_PRESENT	Content coverage only; no Ozon ranking-weight claim.
2183921966	USE::car_mirror	подвеска в машину	GENERIC_RELEVANT	SEMANTIC_PRESENT	ABSENT	EXACT_PRESENT	EXACT_PRESENT	title_n:SEMANTIC_PRESENT	GAP_PRESENT	Content coverage only; no Ozon ranking-weight claim.
2183921966	USE::car_mirror	подвеска в машину на зеркало	GENERIC_RELEVANT	SEMANTIC_PRESENT	ABSENT	EXACT_PRESENT	SEMANTIC_PRESENT	title_n:SEMANTIC_PRESENT	GAP_PRESENT	Content coverage only; no Ozon ranking-weight claim.
2183921966	USE::car_mirror	подвеска из дерева в машину	GENERIC_RELEVANT	ABSENT	ABSENT	SEMANTIC_PRESENT	SEMANTIC_PRESENT	attr_n:SEMANTIC_PRESENT	GAP_PRESENT	Content coverage only; no Ozon ranking-weight claim.
2183921966	USE::car_mirror	подвеска на зеркало в машине	GENERIC_RELEVANT	SEMANTIC_PRESENT	ABSENT	SEMANTIC_PRESENT	SEMANTIC_PRESENT	title_n:SEMANTIC_PRESENT	GAP_PRESENT	Content coverage only; no Ozon ranking-weight claim.
2183921966	USE::car_mirror	подвеска на зеркало в машину	GENERIC_RELEVANT	EXACT_PRESENT	ABSENT	EXACT_PRESENT	SEMANTIC_PRESENT	title_n:EXACT_PRESENT	GAP_PRESENT	Content coverage only; no Ozon ranking-weight claim.
2183921966	USE::car_mirror	подвеска на зеркало в машину ссср	GENERIC_RELEVANT	ABSENT	ABSENT	ABSENT	ABSENT		GAP_PRESENT	Content coverage only; no Ozon ranking-weight claim.
2183921966	USE::car_mirror	подвеска на зеркало машины	GENERIC_RELEVANT	SEMANTIC_PRESENT	ABSENT	SEMANTIC_PRESENT	SEMANTIC_PRESENT	title_n:SEMANTIC_PRESENT	GAP_PRESENT	Content coverage only; no Ozon ranking-weight claim.
2183921966	USE::protection	подвеска оберег от сглаза	GENERIC_RELEVANT	ABSENT	ABSENT	SEMANTIC_PRESENT	SEMANTIC_PRESENT	attr_n:SEMANTIC_PRESENT	GAP_PRESENT	Content coverage only; no Ozon ranking-weight claim.
2183921966	UNCLEAR::e34a1b8c2f	семейный очаг песок	AMBIGUOUS_HOLD	ABSENT	ABSENT	PARTIAL_PRESENT	PARTIAL_PRESENT	attr_n:PARTIAL_PRESENT	GAP_PRESENT	Content coverage only; no Ozon ranking-weight claim.
2183921966	FAMILY::slavic	славянские обереги	FAMILY_RELEVANT	SEMANTIC_PRESENT	ABSENT	EXACT_PRESENT	SEMANTIC_PRESENT	title_n:SEMANTIC_PRESENT	GAP_PRESENT	Content coverage only; no Ozon ranking-weight claim.
2183921966	FAMILY::slavic	славянские обереги мужские	FAMILY_RELEVANT	SEMANTIC_PRESENT	ABSENT	SEMANTIC_PRESENT	SEMANTIC_PRESENT	title_n:SEMANTIC_PRESENT	GAP_PRESENT	Content coverage only; no Ozon ranking-weight claim.
2183921966	FAMILY::slavic	славянский оберег	FAMILY_RELEVANT	EXACT_PRESENT	ABSENT	EXACT_PRESENT	EXACT_PRESENT	title_n:EXACT_PRESENT	GAP_PRESENT	Content coverage only; no Ozon ranking-weight claim.
2183921966	FAMILY::slavic	славянский оберег женский	FAMILY_RELEVANT	ABSENT	ABSENT	ABSENT	ABSENT		GAP_PRESENT	Content coverage only; no Ozon ranking-weight claim.
2183985513	USE::car_mirror	авто подвеска на зеркало	GENERIC_RELEVANT	SEMANTIC_PRESENT	ABSENT	SEMANTIC_PRESENT	SEMANTIC_PRESENT	title_n:SEMANTIC_PRESENT	GAP_PRESENT	Content coverage only; no Ozon ranking-weight claim.
2183985513	USE::car_mirror	адыгейские украшения подвески на зеркало для машины	GENERIC_RELEVANT	PARTIAL_PRESENT	ABSENT	PARTIAL_PRESENT	ABSENT	title_n:PARTIAL_PRESENT	GAP_PRESENT	Content coverage only; no Ozon ranking-weight claim.
2183985513	CLASS::amulet_pendant	амулет	GENERIC_RELEVANT	SEMANTIC_PRESENT	ABSENT	EXACT_PRESENT	EXACT_PRESENT	title_n:SEMANTIC_PRESENT	GAP_PRESENT	Content coverage only; no Ozon ranking-weight claim.
2183985513	USE::car_mirror	амулет в машину	GENERIC_RELEVANT	SEMANTIC_PRESENT	ABSENT	SEMANTIC_PRESENT	SEMANTIC_PRESENT	title_n:SEMANTIC_PRESENT	GAP_PRESENT	Content coverage only; no Ozon ranking-weight claim.
2183985513	USE::protection	амулет оберег	GENERIC_RELEVANT	SEMANTIC_PRESENT	ABSENT	SEMANTIC_PRESENT	SEMANTIC_PRESENT	title_n:SEMANTIC_PRESENT	GAP_PRESENT	Content coverage only; no Ozon ranking-weight claim.
2183985513	USE::car_mirror	амулет от сглаза брелок в машину на зеркало	GENERIC_RELEVANT	ABSENT	ABSENT	PARTIAL_PRESENT	PARTIAL_PRESENT	attr_n:PARTIAL_PRESENT	GAP_PRESENT	Content coverage only; no Ozon ranking-weight claim.
2183985513	USE::car_mirror	амулетом на машину	GENERIC_RELEVANT	ABSENT	ABSENT	SEMANTIC_PRESENT	SEMANTIC_PRESENT	attr_n:SEMANTIC_PRESENT	GAP_PRESENT	Content coverage only; no Ozon ranking-weight claim.
2183985513	USE::protection	амулеты обереги и талисманы	GENERIC_RELEVANT	SEMANTIC_PRESENT	ABSENT	EXACT_PRESENT	SEMANTIC_PRESENT	title_n:SEMANTIC_PRESENT	GAP_PRESENT	Content coverage only; no Ozon ranking-weight claim.
2183985513	USE::car_mirror	аниме подвеска в машину на зеркало	GENERIC_RELEVANT	ABSENT	ABSENT	ABSENT	ABSENT		GAP_PRESENT	Content coverage only; no Ozon ranking-weight claim.
2183985513	USE::car_mirror	аодвеска зеркало	GENERIC_RELEVANT	ABSENT	ABSENT	ABSENT	ABSENT		GAP_PRESENT	Content coverage only; no Ozon ranking-weight claim.
2183985513	UNCLEAR::9efdfb8855	бог	AMBIGUOUS_HOLD	ABSENT	ABSENT	EXACT_PRESENT	EXACT_PRESENT	attr_n:EXACT_PRESENT	GAP_PRESENT	Content coverage only; no Ozon ranking-weight claim.
2183985513	CLASS::amulet_pendant	бог амулет	GENERIC_RELEVANT	ABSENT	ABSENT	SEMANTIC_PRESENT	SEMANTIC_PRESENT	attr_n:SEMANTIC_PRESENT	GAP_PRESENT	Content coverage only; no Ozon ranking-weight claim.
2183985513	UNCLEAR::0b1ee2c2f7	бог омулет	AMBIGUOUS_HOLD	ABSENT	ABSENT	PARTIAL_PRESENT	PARTIAL_PRESENT	attr_n:PARTIAL_PRESENT	GAP_PRESENT	Content coverage only; no Ozon ranking-weight claim.
2183985513	USE::car_mirror	боковые зеркала на машину спасио 1999	GENERIC_RELEVANT	ABSENT	ABSENT	ABSENT	ABSENT		GAP_PRESENT	Content coverage only; no Ozon ranking-weight claim.
2183985513	UNCLEAR::f0c23a812f	браслет из перу	AMBIGUOUS_HOLD	ABSENT	ABSENT	ABSENT	ABSENT		GAP_PRESENT	Content coverage only; no Ozon ranking-weight claim.
2183985513	USE::car_mirror	брелок в машину на зеркало	GENERIC_RELEVANT	ABSENT	ABSENT	ABSENT	ABSENT		GAP_PRESENT	Content coverage only; no Ozon ranking-weight claim.
2183985513	VARIANT::перун	брелок для ключей с перун	EXACT_PRODUCT	PARTIAL_PRESENT	PARTIAL_PRESENT	PARTIAL_PRESENT	PARTIAL_PRESENT	title_n:PARTIAL_PRESENT	PARTIAL_GAP	Content coverage only; no Ozon ranking-weight claim.
2183985513	UNCLEAR::7c7d6bf8d3	брелок перу	AMBIGUOUS_HOLD	ABSENT	ABSENT	ABSENT	ABSENT		GAP_PRESENT	Content coverage only; no Ozon ranking-weight claim.
2183985513	USE::car_mirror	брелок узбекистан на машину	GENERIC_RELEVANT	ABSENT	ABSENT	ABSENT	ABSENT		GAP_PRESENT	Content coverage only; no Ozon ranking-weight claim.
2183985513	USE::car_mirror	бусина от сглаза на зеркало машины	GENERIC_RELEVANT	PARTIAL_PRESENT	ABSENT	SEMANTIC_PRESENT	PARTIAL_PRESENT	title_n:PARTIAL_PRESENT	GAP_PRESENT	Content coverage only; no Ozon ranking-weight claim.
2183985513	USE::car_mirror	в машину на зеркало подвеска	GENERIC_RELEVANT	SEMANTIC_PRESENT	ABSENT	SEMANTIC_PRESENT	SEMANTIC_PRESENT	title_n:SEMANTIC_PRESENT	GAP_PRESENT	Content coverage only; no Ozon ranking-weight claim.
2183985513	USE::car_mirror	в машину на зеркало подвеска женская	GENERIC_RELEVANT	ABSENT	ABSENT	ABSENT	ABSENT		GAP_PRESENT	Content coverage only; no Ozon ranking-weight claim.
2183985513	USE::car_mirror	висюлька в машину на зеркало тайота четки	GENERIC_RELEVANT	ABSENT	ABSENT	ABSENT	ABSENT		GAP_PRESENT	Content coverage only; no Ozon ranking-weight claim.
2183985513	USE::car_mirror	висюлька на зеркало в машину белая пушистая	GENERIC_RELEVANT	ABSENT	ABSENT	ABSENT	ABSENT		GAP_PRESENT	Content coverage only; no Ozon ranking-weight claim.
2183985513	USE::car_mirror	висючка в машину на зеркало люстра	GENERIC_RELEVANT	ABSENT	ABSENT	ABSENT	ABSENT		GAP_PRESENT	Content coverage only; no Ozon ranking-weight claim.
2183985513	USE::car_mirror	висючка в машину на зеркало мчс	GENERIC_RELEVANT	ABSENT	ABSENT	ABSENT	ABSENT		GAP_PRESENT	Content coverage only; no Ozon ranking-weight claim.
2183985513	USE::protection	военный оберег	GENERIC_RELEVANT	ABSENT	ABSENT	ABSENT	ABSENT		GAP_PRESENT	Content coverage only; no Ozon ranking-weight claim.
2183985513	USE::car_mirror	вонючка дельфин в машину синяя на зеркало	GENERIC_RELEVANT	ABSENT	ABSENT	ABSENT	ABSENT		GAP_PRESENT	Content coverage only; no Ozon ranking-weight claim.
2183985513	VARIANT::перун	гобелен перун	EXACT_PRODUCT	PARTIAL_PRESENT	PARTIAL_PRESENT	PARTIAL_PRESENT	PARTIAL_PRESENT	title_n:PARTIAL_PRESENT	PARTIAL_GAP	Content coverage only; no Ozon ranking-weight claim.
2183985513	FAMILY::slavic	деревянные славянские боги	FAMILY_RELEVANT	ABSENT	ABSENT	PARTIAL_PRESENT	ABSENT	attr_n:PARTIAL_PRESENT	GAP_PRESENT	Content coverage only; no Ozon ranking-weight claim.
2183985513	USE::car_mirror	зеркало толи	GENERIC_RELEVANT	ABSENT	ABSENT	ABSENT	ABSENT		GAP_PRESENT	Content coverage only; no Ozon ranking-weight claim.
2183985513	CLASS::amulet_pendant	коловрат подвеска	GENERIC_RELEVANT	ABSENT	ABSENT	ABSENT	ABSENT		GAP_PRESENT	Content coverage only; no Ozon ranking-weight claim.
2183985513	VARIANT::перун	кружка перун	EXACT_PRODUCT	PARTIAL_PRESENT	PARTIAL_PRESENT	PARTIAL_PRESENT	PARTIAL_PRESENT	title_n:PARTIAL_PRESENT	PARTIAL_GAP	Content coverage only; no Ozon ranking-weight claim.
2183985513	VARIANT::перун	кумит бога перуна	PARTIAL_RELEVANCE	PARTIAL_PRESENT	PARTIAL_PRESENT	PARTIAL_PRESENT	PARTIAL_PRESENT	title_n:PARTIAL_PRESENT	PARTIAL_GAP	Content coverage only; no Ozon ranking-weight claim.
2183985513	USE::protection	оберег	GENERIC_RELEVANT	EXACT_PRESENT	ABSENT	EXACT_PRESENT	EXACT_PRESENT	title_n:EXACT_PRESENT	GAP_PRESENT	Content coverage only; no Ozon ranking-weight claim.
2183985513	USE::car_mirror	оберег в машину	GENERIC_RELEVANT	SEMANTIC_PRESENT	ABSENT	SEMANTIC_PRESENT	SEMANTIC_PRESENT	title_n:SEMANTIC_PRESENT	GAP_PRESENT	Content coverage only; no Ozon ranking-weight claim.
2183985513	USE::car_mirror	оберег на зеркало в машину	GENERIC_RELEVANT	SEMANTIC_PRESENT	ABSENT	SEMANTIC_PRESENT	SEMANTIC_PRESENT	title_n:SEMANTIC_PRESENT	GAP_PRESENT	Content coverage only; no Ozon ranking-weight claim.
2183985513	USE::protection	обереготсглаза	GENERIC_RELEVANT	ABSENT	ABSENT	EXACT_PRESENT	ABSENT	attr_n:EXACT_PRESENT	GAP_PRESENT	Content coverage only; no Ozon ranking-weight claim.
2183985513	USE::protection	от сглаза	GENERIC_RELEVANT	ABSENT	ABSENT	EXACT_PRESENT	EXACT_PRESENT	attr_n:EXACT_PRESENT	GAP_PRESENT	Content coverage only; no Ozon ranking-weight claim.
2183985513	USE::protection	от сглаза и порчи оберег	GENERIC_RELEVANT	ABSENT	ABSENT	SEMANTIC_PRESENT	SEMANTIC_PRESENT	attr_n:SEMANTIC_PRESENT	GAP_PRESENT	Content coverage only; no Ozon ranking-weight claim.
2183985513	VARIANT::перун	перун	EXACT_PRODUCT	EXACT_PRESENT	EXACT_PRESENT	EXACT_PRESENT	EXACT_PRESENT	title_n:EXACT_PRESENT	NO_GAP	Content coverage only; no Ozon ranking-weight claim.
2183985513	UNCLEAR::d136d72f64	по правую руку бога	AMBIGUOUS_HOLD	ABSENT	ABSENT	PARTIAL_PRESENT	PARTIAL_PRESENT	attr_n:PARTIAL_PRESENT	GAP_PRESENT	Content coverage only; no Ozon ranking-weight claim.
2183985513	CLASS::amulet_pendant	подвеска амулет	GENERIC_RELEVANT	SEMANTIC_PRESENT	ABSENT	SEMANTIC_PRESENT	SEMANTIC_PRESENT	title_n:SEMANTIC_PRESENT	GAP_PRESENT	Content coverage only; no Ozon ranking-weight claim.
2183985513	USE::car_mirror	подвеска в машину	GENERIC_RELEVANT	SEMANTIC_PRESENT	ABSENT	EXACT_PRESENT	SEMANTIC_PRESENT	title_n:SEMANTIC_PRESENT	GAP_PRESENT	Content coverage only; no Ozon ranking-weight claim.
2183985513	USE::car_mirror	подвеска в машину на зеркало	GENERIC_RELEVANT	SEMANTIC_PRESENT	ABSENT	EXACT_PRESENT	SEMANTIC_PRESENT	title_n:SEMANTIC_PRESENT	GAP_PRESENT	Content coverage only; no Ozon ranking-weight claim.
2183985513	USE::car_mirror	подвеска на зеркало в машину	GENERIC_RELEVANT	EXACT_PRESENT	ABSENT	EXACT_PRESENT	SEMANTIC_PRESENT	title_n:EXACT_PRESENT	GAP_PRESENT	Content coverage only; no Ozon ranking-weight claim.
2183985513	VARIANT::перун	свеча перун	EXACT_PRODUCT	PARTIAL_PRESENT	PARTIAL_PRESENT	PARTIAL_PRESENT	PARTIAL_PRESENT	title_n:PARTIAL_PRESENT	PARTIAL_GAP	Content coverage only; no Ozon ranking-weight claim.
2183985513	FAMILY::slavic	славянские обереги	FAMILY_RELEVANT	SEMANTIC_PRESENT	ABSENT	EXACT_PRESENT	SEMANTIC_PRESENT	title_n:SEMANTIC_PRESENT	GAP_PRESENT	Content coverage only; no Ozon ranking-weight claim.
2183985513	FAMILY::slavic	славянские традиции	FAMILY_RELEVANT	ABSENT	ABSENT	EXACT_PRESENT	EXACT_PRESENT	attr_n:EXACT_PRESENT	GAP_PRESENT	Content coverage only; no Ozon ranking-weight claim.
2183985513	FAMILY::slavic	славянскиеобереги	FAMILY_RELEVANT	ABSENT	ABSENT	ABSENT	ABSENT		GAP_PRESENT	Content coverage only; no Ozon ranking-weight claim.
2183985513	FAMILY::slavic	славянский	FAMILY_RELEVANT	EXACT_PRESENT	ABSENT	EXACT_PRESENT	EXACT_PRESENT	title_n:EXACT_PRESENT	GAP_PRESENT	Content coverage only; no Ozon ranking-weight claim.
2183985513	FAMILY::slavic	славянский оберег	FAMILY_RELEVANT	EXACT_PRESENT	ABSENT	EXACT_PRESENT	EXACT_PRESENT	title_n:EXACT_PRESENT	GAP_PRESENT	Content coverage only; no Ozon ranking-weight claim.
2183985513	FAMILY::slavic	цепочка славянская	FAMILY_RELEVANT	PARTIAL_PRESENT	ABSENT	PARTIAL_PRESENT	PARTIAL_PRESENT	title_n:PARTIAL_PRESENT	GAP_PRESENT	Content coverage only; no Ozon ranking-weight claim.
2183985513	FAMILY::slavic	четки славянские	FAMILY_RELEVANT	SEMANTIC_PRESENT	ABSENT	SEMANTIC_PRESENT	SEMANTIC_PRESENT	title_n:SEMANTIC_PRESENT	GAP_PRESENT	Content coverage only; no Ozon ranking-weight claim.
2184098058	FAMILY::slavic	амулет славянский ветер	FAMILY_RELEVANT	ABSENT	ABSENT	ABSENT	ABSENT		GAP_PRESENT	Content coverage only; no Ozon ranking-weight claim.
2184098058	USE::protection	амулеты обереги и талисманы	GENERIC_RELEVANT	SEMANTIC_PRESENT	ABSENT	EXACT_PRESENT	SEMANTIC_PRESENT	title_n:SEMANTIC_PRESENT	GAP_PRESENT	Content coverage only; no Ozon ranking-weight claim.
2184098058	USE::car_mirror	аодвеска зеркало	GENERIC_RELEVANT	ABSENT	ABSENT	ABSENT	ABSENT		GAP_PRESENT	Content coverage only; no Ozon ranking-weight claim.
2184098058	USE::car_mirror	блестящий брелок в машину на зеркало ведьмочка	GENERIC_RELEVANT	ABSENT	ABSENT	ABSENT	ABSENT		GAP_PRESENT	Content coverage only; no Ozon ranking-weight claim.
2184098058	UNCLEAR::9efdfb8855	бог	AMBIGUOUS_HOLD	EXACT_PRESENT	EXACT_PRESENT	EXACT_PRESENT	EXACT_PRESENT	title_n:EXACT_PRESENT	NO_GAP	Content coverage only; no Ozon ranking-weight claim.
2184098058	FAMILY::slavic	брошь славянские обереги	FAMILY_RELEVANT	ABSENT	ABSENT	ABSENT	ABSENT		GAP_PRESENT	Content coverage only; no Ozon ranking-weight claim.
2184098058	USE::car_mirror	бусина от сглаза на зеркало машины	GENERIC_RELEVANT	PARTIAL_PRESENT	ABSENT	SEMANTIC_PRESENT	SEMANTIC_PRESENT	title_n:PARTIAL_PRESENT	GAP_PRESENT	Content coverage only; no Ozon ranking-weight claim.
2184098058	USE::car_mirror	додвеска в машину	GENERIC_RELEVANT	ABSENT	ABSENT	ABSENT	ABSENT		GAP_PRESENT	Content coverage only; no Ozon ranking-weight claim.
2184098058	USE::car_mirror	зеркало	GENERIC_RELEVANT	EXACT_PRESENT	ABSENT	EXACT_PRESENT	EXACT_PRESENT	title_n:EXACT_PRESENT	GAP_PRESENT	Content coverage only; no Ozon ranking-weight claim.
2184098058	USE::car_mirror	зеркало для гадания	GENERIC_RELEVANT	ABSENT	ABSENT	ABSENT	ABSENT		GAP_PRESENT	Content coverage only; no Ozon ranking-weight claim.
2184098058	USE::car_mirror	зеркало заднего вида салонное	GENERIC_RELEVANT	ABSENT	ABSENT	PARTIAL_PRESENT	PARTIAL_PRESENT	attr_n:PARTIAL_PRESENT	GAP_PRESENT	Content coverage only; no Ozon ranking-weight claim.
2184098058	UNCLEAR::c0bf432c1c	картина стрибо	AMBIGUOUS_HOLD	ABSENT	ABSENT	ABSENT	ABSENT		GAP_PRESENT	Content coverage only; no Ozon ranking-weight claim.
2184098058	USE::car_mirror	коловрат в машину на зеркало	GENERIC_RELEVANT	ABSENT	ABSENT	ABSENT	ABSENT		GAP_PRESENT	Content coverage only; no Ozon ranking-weight claim.
2184098058	USE::car_mirror	магическое зеркало	GENERIC_RELEVANT	ABSENT	ABSENT	ABSENT	ABSENT		GAP_PRESENT	Content coverage only; no Ozon ranking-weight claim.
2184098058	USE::car_mirror	меловые ароматизаторы в автомобиль подвеска на зеркало	GENERIC_RELEVANT	ABSENT	ABSENT	ABSENT	ABSENT		GAP_PRESENT	Content coverage only; no Ozon ranking-weight claim.
2184098058	USE::car_mirror	мячик мягкий в машину на зеркало смайлик	GENERIC_RELEVANT	ABSENT	ABSENT	ABSENT	ABSENT		GAP_PRESENT	Content coverage only; no Ozon ranking-weight claim.
2184098058	FAMILY::slavic	набор славянские боги дерево	FAMILY_RELEVANT	ABSENT	ABSENT	SEMANTIC_PRESENT	ABSENT	attr_n:SEMANTIC_PRESENT	GAP_PRESENT	Content coverage only; no Ozon ranking-weight claim.
2184098058	USE::car_mirror	наклейки на машину стри	GENERIC_RELEVANT	ABSENT	ABSENT	ABSENT	ABSENT		GAP_PRESENT	Content coverage only; no Ozon ranking-weight claim.
2184098058	USE::protection	оберег	GENERIC_RELEVANT	EXACT_PRESENT	ABSENT	EXACT_PRESENT	EXACT_PRESENT	title_n:EXACT_PRESENT	GAP_PRESENT	Content coverage only; no Ozon ranking-weight claim.
2184098058	USE::car_mirror	оберег в виде зеркала	GENERIC_RELEVANT	ABSENT	ABSENT	ABSENT	ABSENT		GAP_PRESENT	Content coverage only; no Ozon ranking-weight claim.
2184098058	USE::car_mirror	оберег в машину	GENERIC_RELEVANT	SEMANTIC_PRESENT	ABSENT	SEMANTIC_PRESENT	SEMANTIC_PRESENT	title_n:SEMANTIC_PRESENT	GAP_PRESENT	Content coverage only; no Ozon ranking-weight claim.
2184098058	USE::car_mirror	оберег в машину на зеркало	GENERIC_RELEVANT	SEMANTIC_PRESENT	ABSENT	SEMANTIC_PRESENT	SEMANTIC_PRESENT	title_n:SEMANTIC_PRESENT	GAP_PRESENT	Content coverage only; no Ozon ranking-weight claim.
2184098058	USE::car_mirror	оберег на машину куз тимэсен	GENERIC_RELEVANT	ABSENT	ABSENT	ABSENT	ABSENT		GAP_PRESENT	Content coverage only; no Ozon ranking-weight claim.
2184098058	FAMILY::slavic	оберег на машину славянский	FAMILY_RELEVANT	SEMANTIC_PRESENT	ABSENT	SEMANTIC_PRESENT	SEMANTIC_PRESENT	title_n:SEMANTIC_PRESENT	GAP_PRESENT	Content coverage only; no Ozon ranking-weight claim.
2184098058	FAMILY::slavic	оберег славянский в машину на стекло	FAMILY_RELEVANT	ABSENT	ABSENT	ABSENT	ABSENT		GAP_PRESENT	Content coverage only; no Ozon ranking-weight claim.
2184098058	FAMILY::slavic	оберег чур славянский	FAMILY_RELEVANT	ABSENT	ABSENT	ABSENT	ABSENT		GAP_PRESENT	Content coverage only; no Ozon ranking-weight claim.
2184098058	USE::protection	обереги	GENERIC_RELEVANT	SEMANTIC_PRESENT	ABSENT	EXACT_PRESENT	SEMANTIC_PRESENT	title_n:SEMANTIC_PRESENT	GAP_PRESENT	Content coverage only; no Ozon ranking-weight claim.
2184098058	FAMILY::slavic	обереги и талисманы славянские	FAMILY_RELEVANT	SEMANTIC_PRESENT	ABSENT	SEMANTIC_PRESENT	SEMANTIC_PRESENT	title_n:SEMANTIC_PRESENT	GAP_PRESENT	Content coverage only; no Ozon ranking-weight claim.
2184098058	USE::car_mirror	обереги на автомобиль	GENERIC_RELEVANT	SEMANTIC_PRESENT	ABSENT	SEMANTIC_PRESENT	SEMANTIC_PRESENT	title_n:SEMANTIC_PRESENT	GAP_PRESENT	Content coverage only; no Ozon ranking-weight claim.
2184098058	USE::protection	обереготсглаза	GENERIC_RELEVANT	ABSENT	ABSENT	EXACT_PRESENT	ABSENT	attr_n:EXACT_PRESENT	GAP_PRESENT	Content coverage only; no Ozon ranking-weight claim.
2184098058	USE::protection	от сглаза	GENERIC_RELEVANT	ABSENT	ABSENT	EXACT_PRESENT	EXACT_PRESENT	attr_n:EXACT_PRESENT	GAP_PRESENT	Content coverage only; no Ozon ranking-weight claim.
2184098058	CLASS::amulet_pendant	подвеска	GENERIC_RELEVANT	EXACT_PRESENT	ABSENT	EXACT_PRESENT	EXACT_PRESENT	title_n:EXACT_PRESENT	GAP_PRESENT	Content coverage only; no Ozon ranking-weight claim.
2184098058	USE::car_mirror	подвеска авто салон	GENERIC_RELEVANT	SEMANTIC_PRESENT	ABSENT	SEMANTIC_PRESENT	SEMANTIC_PRESENT	title_n:SEMANTIC_PRESENT	GAP_PRESENT	Content coverage only; no Ozon ranking-weight claim.
2184098058	USE::car_mirror	подвеска брелок на зеркало в машину мячь баскетбольный	GENERIC_RELEVANT	ABSENT	ABSENT	ABSENT	ABSENT		GAP_PRESENT	Content coverage only; no Ozon ranking-weight claim.
2184098058	USE::car_mirror	подвеска в авто на зеркало руны	GENERIC_RELEVANT	ABSENT	ABSENT	ABSENT	ABSENT		GAP_PRESENT	Content coverage only; no Ozon ranking-weight claim.
2184098058	USE::car_mirror	подвеска в машину	GENERIC_RELEVANT	SEMANTIC_PRESENT	ABSENT	EXACT_PRESENT	SEMANTIC_PRESENT	title_n:SEMANTIC_PRESENT	GAP_PRESENT	Content coverage only; no Ozon ranking-weight claim.
2184098058	USE::car_mirror	подвеска в машину на зеркало мужская футбол зенит	GENERIC_RELEVANT	ABSENT	ABSENT	PARTIAL_PRESENT	ABSENT	attr_n:PARTIAL_PRESENT	GAP_PRESENT	Content coverage only; no Ozon ranking-weight claim.
2184098058	USE::car_mirror	подвеска в машину на зеркало прик	GENERIC_RELEVANT	ABSENT	ABSENT	ABSENT	ABSENT		GAP_PRESENT	Content coverage only; no Ozon ranking-weight claim.
2184098058	USE::car_mirror	подвеска в машину на зеркало руна	GENERIC_RELEVANT	ABSENT	ABSENT	ABSENT	ABSENT		GAP_PRESENT	Content coverage only; no Ozon ranking-weight claim.
2184098058	USE::car_mirror	подвеска в машину на зеркало юрта	GENERIC_RELEVANT	ABSENT	ABSENT	ABSENT	ABSENT		GAP_PRESENT	Content coverage only; no Ozon ranking-weight claim.
2184098058	USE::car_mirror	подвеска в машину род войск	GENERIC_RELEVANT	ABSENT	ABSENT	ABSENT	ABSENT		GAP_PRESENT	Content coverage only; no Ozon ranking-weight claim.
2184098058	CLASS::amulet_pendant	подвеска для песка	GENERIC_RELEVANT	ABSENT	ABSENT	ABSENT	ABSENT		GAP_PRESENT	Content coverage only; no Ozon ranking-weight claim.
2184098058	USE::car_mirror	подвеска на зеркало в машину	GENERIC_RELEVANT	EXACT_PRESENT	ABSENT	EXACT_PRESENT	SEMANTIC_PRESENT	title_n:EXACT_PRESENT	GAP_PRESENT	Content coverage only; no Ozon ranking-weight claim.
2184098058	USE::car_mirror	подвески на зеркало для авто	GENERIC_RELEVANT	SEMANTIC_PRESENT	ABSENT	SEMANTIC_PRESENT	SEMANTIC_PRESENT	title_n:SEMANTIC_PRESENT	GAP_PRESENT	Content coverage only; no Ozon ranking-weight claim.
2184098058	UNCLEAR::2fcdb9d858	сила	AMBIGUOUS_HOLD	ABSENT	ABSENT	ABSENT	ABSENT		GAP_PRESENT	Content coverage only; no Ozon ranking-weight claim.
2184098058	FAMILY::slavic	славянские боги дерево	FAMILY_RELEVANT	ABSENT	ABSENT	SEMANTIC_PRESENT	ABSENT	attr_n:SEMANTIC_PRESENT	GAP_PRESENT	Content coverage only; no Ozon ranking-weight claim.
2184098058	FAMILY::slavic	славянские обереги	FAMILY_RELEVANT	SEMANTIC_PRESENT	ABSENT	EXACT_PRESENT	SEMANTIC_PRESENT	title_n:SEMANTIC_PRESENT	GAP_PRESENT	Content coverage only; no Ozon ranking-weight claim.
2184098058	FAMILY::slavic	славянские украшения	FAMILY_RELEVANT	SEMANTIC_PRESENT	ABSENT	SEMANTIC_PRESENT	SEMANTIC_PRESENT	title_n:SEMANTIC_PRESENT	GAP_PRESENT	Content coverage only; no Ozon ranking-weight claim.
2184098058	FAMILY::slavic	славянскиеобереги	FAMILY_RELEVANT	ABSENT	ABSENT	ABSENT	ABSENT		GAP_PRESENT	Content coverage only; no Ozon ranking-weight claim.
2184098058	FAMILY::slavic	славянский	FAMILY_RELEVANT	EXACT_PRESENT	ABSENT	EXACT_PRESENT	EXACT_PRESENT	title_n:EXACT_PRESENT	GAP_PRESENT	Content coverage only; no Ozon ranking-weight claim.
2184098058	FAMILY::slavic	славянский оберег	FAMILY_RELEVANT	EXACT_PRESENT	ABSENT	EXACT_PRESENT	EXACT_PRESENT	title_n:EXACT_PRESENT	GAP_PRESENT	Content coverage only; no Ozon ranking-weight claim.
2184098058	FAMILY::slavic	славянский талисман подвеска	FAMILY_RELEVANT	SEMANTIC_PRESENT	ABSENT	SEMANTIC_PRESENT	SEMANTIC_PRESENT	title_n:SEMANTIC_PRESENT	GAP_PRESENT	Content coverage only; no Ozon ranking-weight claim.
2184098058	USE::car_mirror	украшение автомобиля на зеркало	GENERIC_RELEVANT	ABSENT	ABSENT	SEMANTIC_PRESENT	SEMANTIC_PRESENT	attr_n:SEMANTIC_PRESENT	GAP_PRESENT	Content coverage only; no Ozon ranking-weight claim.
2184133137	USE::car_mirror	аксессуар в машину женское	GENERIC_RELEVANT	ABSENT	ABSENT	ABSENT	ABSENT		GAP_PRESENT	Content coverage only; no Ozon ranking-weight claim.
2184133137	USE::car_mirror	аксессуары салона авто	GENERIC_RELEVANT	SEMANTIC_PRESENT	ABSENT	SEMANTIC_PRESENT	SEMANTIC_PRESENT	title_n:SEMANTIC_PRESENT	GAP_PRESENT	Content coverage only; no Ozon ranking-weight claim.
2184133137	USE::car_mirror	амулет в машину от сглаза	GENERIC_RELEVANT	ABSENT	ABSENT	SEMANTIC_PRESENT	SEMANTIC_PRESENT	attr_n:SEMANTIC_PRESENT	GAP_PRESENT	Content coverage only; no Ozon ranking-weight claim.
2184133137	FAMILY::slavic	амулет на шею славянский	FAMILY_RELEVANT	ABSENT	ABSENT	ABSENT	ABSENT		GAP_PRESENT	Content coverage only; no Ozon ranking-weight claim.
2184133137	USE::protection	амулет подвеска талисман	GENERIC_RELEVANT	SEMANTIC_PRESENT	ABSENT	SEMANTIC_PRESENT	SEMANTIC_PRESENT	title_n:SEMANTIC_PRESENT	GAP_PRESENT	Content coverage only; no Ozon ranking-weight claim.
2184133137	USE::protection	амулеты обереги и талисманы	GENERIC_RELEVANT	SEMANTIC_PRESENT	ABSENT	EXACT_PRESENT	SEMANTIC_PRESENT	title_n:SEMANTIC_PRESENT	GAP_PRESENT	Content coverage only; no Ozon ranking-weight claim.
2184133137	USE::protection	амулеты обереги кулоны	GENERIC_RELEVANT	ABSENT	ABSENT	ABSENT	ABSENT		GAP_PRESENT	Content coverage only; no Ozon ranking-weight claim.
2184133137	USE::car_mirror	армянский барабан на машину подвеска	GENERIC_RELEVANT	ABSENT	ABSENT	ABSENT	ABSENT		GAP_PRESENT	Content coverage only; no Ozon ranking-weight claim.
2184133137	USE::car_mirror	брелок в машину на зеркало я свободен	GENERIC_RELEVANT	ABSENT	ABSENT	ABSENT	ABSENT		GAP_PRESENT	Content coverage only; no Ozon ranking-weight claim.
2184133137	FAMILY::slavic	брелок на авто славянская на зеркало	FAMILY_RELEVANT	PARTIAL_PRESENT	ABSENT	PARTIAL_PRESENT	PARTIAL_PRESENT	title_n:PARTIAL_PRESENT	GAP_PRESENT	Content coverage only; no Ozon ranking-weight claim.
2184133137	FAMILY::slavic	брелок славянский	FAMILY_RELEVANT	ABSENT	ABSENT	ABSENT	ABSENT		GAP_PRESENT	Content coverage only; no Ozon ranking-weight claim.
2184133137	FAMILY::slavic	брелок талисман славянский	FAMILY_RELEVANT	ABSENT	ABSENT	ABSENT	ABSENT		GAP_PRESENT	Content coverage only; no Ozon ranking-weight claim.
2184133137	USE::car_mirror	бусина от сглаза на зеркало машины	GENERIC_RELEVANT	PARTIAL_PRESENT	ABSENT	SEMANTIC_PRESENT	SEMANTIC_PRESENT	title_n:PARTIAL_PRESENT	GAP_PRESENT	Content coverage only; no Ozon ranking-weight claim.
2184133137	USE::car_mirror	в машину амулет	GENERIC_RELEVANT	SEMANTIC_PRESENT	ABSENT	SEMANTIC_PRESENT	SEMANTIC_PRESENT	title_n:SEMANTIC_PRESENT	GAP_PRESENT	Content coverage only; no Ozon ranking-weight claim.
2184133137	USE::car_mirror	в машину на зеркало	GENERIC_RELEVANT	SEMANTIC_PRESENT	ABSENT	EXACT_PRESENT	SEMANTIC_PRESENT	title_n:SEMANTIC_PRESENT	GAP_PRESENT	Content coverage only; no Ozon ranking-weight claim.
2184133137	USE::car_mirror	в машину подвеска на зеркало россия	GENERIC_RELEVANT	ABSENT	ABSENT	SEMANTIC_PRESENT	ABSENT	attr_n:SEMANTIC_PRESENT	GAP_PRESENT	Content coverage only; no Ozon ranking-weight claim.
2184133137	USE::car_mirror	висюлька на зеркало в машину белая пушистая	GENERIC_RELEVANT	ABSENT	ABSENT	ABSENT	ABSENT		GAP_PRESENT	Content coverage only; no Ozon ranking-weight claim.
2184133137	VARIANT::макошь	деревянная бусина с стмволом макошь	EXACT_PRODUCT	PARTIAL_PRESENT	PARTIAL_PRESENT	PARTIAL_PRESENT	PARTIAL_PRESENT	title_n:PARTIAL_PRESENT	PARTIAL_GAP	Content coverage only; no Ozon ranking-weight claim.
2184133137	USE::car_mirror	деревянные подвески в автомобиль	GENERIC_RELEVANT	ABSENT	ABSENT	ABSENT	ABSENT		GAP_PRESENT	Content coverage only; no Ozon ranking-weight claim.
2184133137	USE::car_mirror	для машины в салон на зеркало подвескп	GENERIC_RELEVANT	PARTIAL_PRESENT	ABSENT	PARTIAL_PRESENT	PARTIAL_PRESENT	title_n:PARTIAL_PRESENT	GAP_PRESENT	Content coverage only; no Ozon ranking-weight claim.
2184133137	USE::car_mirror	зеркальный амулет	GENERIC_RELEVANT	ABSENT	ABSENT	ABSENT	ABSENT		GAP_PRESENT	Content coverage only; no Ozon ranking-weight claim.
2184133137	CLASS::amulet_pendant	из дерева подвеска	GENERIC_RELEVANT	ABSENT	ABSENT	SEMANTIC_PRESENT	SEMANTIC_PRESENT	attr_n:SEMANTIC_PRESENT	GAP_PRESENT	Content coverage only; no Ozon ranking-weight claim.
2184133137	USE::car_mirror	имперский штурмовик подвеска в машину на зеркало	GENERIC_RELEVANT	ABSENT	ABSENT	ABSENT	ABSENT		GAP_PRESENT	Content coverage only; no Ozon ranking-weight claim.
2184133137	USE::car_mirror	крюковая подвеска сувенир в машину	GENERIC_RELEVANT	ABSENT	ABSENT	ABSENT	ABSENT		GAP_PRESENT	Content coverage only; no Ozon ranking-weight claim.
2184133137	VARIANT::макошь	макошь	EXACT_PRODUCT	EXACT_PRESENT	EXACT_PRESENT	EXACT_PRESENT	EXACT_PRESENT	title_n:EXACT_PRESENT	NO_GAP	Content coverage only; no Ozon ranking-weight claim.
2184133137	VARIANT::макошь	макошь доска	EXACT_PRODUCT	PARTIAL_PRESENT	PARTIAL_PRESENT	PARTIAL_PRESENT	PARTIAL_PRESENT	title_n:PARTIAL_PRESENT	PARTIAL_GAP	Content coverage only; no Ozon ranking-weight claim.
2184133137	VARIANT::макошь	макошь оберег	EXACT_PRODUCT	SEMANTIC_PRESENT	SEMANTIC_PRESENT	SEMANTIC_PRESENT	SEMANTIC_PRESENT	title_n:SEMANTIC_PRESENT	NO_GAP	Content coverage only; no Ozon ranking-weight claim.
2184133137	VARIANT::макошь	макошь славянский оберег	EXACT_PRODUCT	SEMANTIC_PRESENT	SEMANTIC_PRESENT	SEMANTIC_PRESENT	SEMANTIC_PRESENT	title_n:SEMANTIC_PRESENT	NO_GAP	Content coverage only; no Ozon ranking-weight claim.
2184133137	VARIANT::макошь	молд берегиня макошь	EXACT_PRODUCT	PARTIAL_PRESENT	PARTIAL_PRESENT	PARTIAL_PRESENT	PARTIAL_PRESENT	title_n:PARTIAL_PRESENT	PARTIAL_GAP	Content coverage only; no Ozon ranking-weight claim.
2184133137	USE::protection	мусульманский оберег на веревочке	GENERIC_RELEVANT	ABSENT	ABSENT	ABSENT	ABSENT		GAP_PRESENT	Content coverage only; no Ozon ranking-weight claim.
2184133137	USE::car_mirror	на зеркало авто подвеска женская в машину	GENERIC_RELEVANT	ABSENT	ABSENT	ABSENT	ABSENT		GAP_PRESENT	Content coverage only; no Ozon ranking-weight claim.
2184133137	UNCLEAR::6b5297fb6c	набор	AMBIGUOUS_HOLD	SEMANTIC_PRESENT	ABSENT	SEMANTIC_PRESENT	SEMANTIC_PRESENT	title_n:SEMANTIC_PRESENT	GAP_PRESENT	Content coverage only; no Ozon ranking-weight claim.
2184133137	USE::protection	оберег	GENERIC_RELEVANT	EXACT_PRESENT	ABSENT	EXACT_PRESENT	EXACT_PRESENT	title_n:EXACT_PRESENT	GAP_PRESENT	Content coverage only; no Ozon ranking-weight claim.
2184133137	USE::car_mirror	оберег автомобильный	GENERIC_RELEVANT	SEMANTIC_PRESENT	ABSENT	SEMANTIC_PRESENT	SEMANTIC_PRESENT	title_n:SEMANTIC_PRESENT	GAP_PRESENT	Content coverage only; no Ozon ranking-weight claim.
2184133137	USE::protection	оберег боги из дерева	GENERIC_RELEVANT	ABSENT	ABSENT	SEMANTIC_PRESENT	PARTIAL_PRESENT	attr_n:SEMANTIC_PRESENT	GAP_PRESENT	Content coverage only; no Ozon ranking-weight claim.
2184133137	USE::car_mirror	оберег в авто	GENERIC_RELEVANT	SEMANTIC_PRESENT	ABSENT	SEMANTIC_PRESENT	SEMANTIC_PRESENT	title_n:SEMANTIC_PRESENT	GAP_PRESENT	Content coverage only; no Ozon ranking-weight claim.
2184133137	USE::car_mirror	оберег в автомобиль	GENERIC_RELEVANT	SEMANTIC_PRESENT	ABSENT	SEMANTIC_PRESENT	SEMANTIC_PRESENT	title_n:SEMANTIC_PRESENT	GAP_PRESENT	Content coverage only; no Ozon ranking-weight claim.
2184133137	USE::car_mirror	оберег в автомобишь	GENERIC_RELEVANT	ABSENT	ABSENT	ABSENT	ABSENT		GAP_PRESENT	Content coverage only; no Ozon ranking-weight claim.
2184133137	USE::car_mirror	оберег в машину	GENERIC_RELEVANT	SEMANTIC_PRESENT	ABSENT	SEMANTIC_PRESENT	SEMANTIC_PRESENT	title_n:SEMANTIC_PRESENT	GAP_PRESENT	Content coverage only; no Ozon ranking-weight claim.
2184133137	USE::car_mirror	оберег в машину на зеркало в салон	GENERIC_RELEVANT	SEMANTIC_PRESENT	ABSENT	SEMANTIC_PRESENT	SEMANTIC_PRESENT	title_n:SEMANTIC_PRESENT	GAP_PRESENT	Content coverage only; no Ozon ranking-weight claim.
2184133137	FAMILY::slavic	оберег в машину на зеркало славянский	FAMILY_RELEVANT	SEMANTIC_PRESENT	ABSENT	SEMANTIC_PRESENT	SEMANTIC_PRESENT	title_n:SEMANTIC_PRESENT	GAP_PRESENT	Content coverage only; no Ozon ranking-weight claim.
2184133137	USE::car_mirror	оберег для автомобиля для автомобиля	GENERIC_RELEVANT	ABSENT	ABSENT	SEMANTIC_PRESENT	SEMANTIC_PRESENT	attr_n:SEMANTIC_PRESENT	GAP_PRESENT	Content coverage only; no Ozon ranking-weight claim.
2184133137	USE::protection	оберег из дерева на шею	GENERIC_RELEVANT	ABSENT	ABSENT	PARTIAL_PRESENT	PARTIAL_PRESENT	attr_n:PARTIAL_PRESENT	GAP_PRESENT	Content coverage only; no Ozon ranking-weight claim.
2184133137	USE::protection	оберег макоши	GENERIC_RELEVANT	ABSENT	ABSENT	ABSENT	ABSENT		GAP_PRESENT	Content coverage only; no Ozon ranking-weight claim.
2184133137	USE::protection	оберег от крадников	GENERIC_RELEVANT	ABSENT	ABSENT	ABSENT	ABSENT		GAP_PRESENT	Content coverage only; no Ozon ranking-weight claim.
2184133137	USE::protection	оберег от сглаза и порчи	GENERIC_RELEVANT	ABSENT	ABSENT	EXACT_PRESENT	SEMANTIC_PRESENT	attr_n:EXACT_PRESENT	GAP_PRESENT	Content coverage only; no Ozon ranking-weight claim.
2184133137	USE::protection	обереготсглаза	GENERIC_RELEVANT	ABSENT	ABSENT	EXACT_PRESENT	ABSENT	attr_n:EXACT_PRESENT	GAP_PRESENT	Content coverage only; no Ozon ranking-weight claim.
2184133137	USE::protection	от сглаза	GENERIC_RELEVANT	ABSENT	ABSENT	EXACT_PRESENT	EXACT_PRESENT	attr_n:EXACT_PRESENT	GAP_PRESENT	Content coverage only; no Ozon ranking-weight claim.
2184133137	USE::gift	подарочный набор для женщин	AMBIGUOUS_HOLD	ABSENT	ABSENT	PARTIAL_PRESENT	PARTIAL_PRESENT	attr_n:PARTIAL_PRESENT	GAP_PRESENT	Content coverage only; no Ozon ranking-weight claim.
2184133137	USE::car_mirror	подвеска в машину	GENERIC_RELEVANT	SEMANTIC_PRESENT	ABSENT	EXACT_PRESENT	EXACT_PRESENT	title_n:SEMANTIC_PRESENT	GAP_PRESENT	Content coverage only; no Ozon ranking-weight claim.
2184133137	USE::car_mirror	подвеска женская в автомобиль на зеркало	GENERIC_RELEVANT	ABSENT	ABSENT	ABSENT	ABSENT		GAP_PRESENT	Content coverage only; no Ozon ranking-weight claim.
2184133137	USE::car_mirror	подвеска на зеркало в машину	GENERIC_RELEVANT	EXACT_PRESENT	ABSENT	EXACT_PRESENT	SEMANTIC_PRESENT	title_n:EXACT_PRESENT	GAP_PRESENT	Content coverage only; no Ozon ranking-weight claim.
2184133137	USE::car_mirror	подвеска на зеркало в машину фигурка гимнаст	GENERIC_RELEVANT	ABSENT	ABSENT	ABSENT	ABSENT		GAP_PRESENT	Content coverage only; no Ozon ranking-weight claim.
2184133137	FAMILY::slavic	подвеска славянская	FAMILY_RELEVANT	SEMANTIC_PRESENT	ABSENT	SEMANTIC_PRESENT	SEMANTIC_PRESENT	title_n:SEMANTIC_PRESENT	GAP_PRESENT	Content coverage only; no Ozon ranking-weight claim.
2184133137	FAMILY::slavic	славянские обереги	FAMILY_RELEVANT	SEMANTIC_PRESENT	ABSENT	EXACT_PRESENT	SEMANTIC_PRESENT	title_n:SEMANTIC_PRESENT	GAP_PRESENT	Content coverage only; no Ozon ranking-weight claim.
2184133137	FAMILY::slavic	славянские украшения	FAMILY_RELEVANT	SEMANTIC_PRESENT	ABSENT	SEMANTIC_PRESENT	SEMANTIC_PRESENT	title_n:SEMANTIC_PRESENT	GAP_PRESENT	Content coverage only; no Ozon ranking-weight claim.
2184133137	FAMILY::slavic	славянский оберег	FAMILY_RELEVANT	EXACT_PRESENT	ABSENT	EXACT_PRESENT	EXACT_PRESENT	title_n:EXACT_PRESENT	GAP_PRESENT	Content coverage only; no Ozon ranking-weight claim.
2184133137	FAMILY::slavic	славянский оберег род	FAMILY_RELEVANT	ABSENT	ABSENT	ABSENT	ABSENT		GAP_PRESENT	Content coverage only; no Ozon ranking-weight claim.
2184153852	USE::car_mirror	амулет в машину	GENERIC_RELEVANT	SEMANTIC_PRESENT	ABSENT	SEMANTIC_PRESENT	SEMANTIC_PRESENT	title_n:SEMANTIC_PRESENT	GAP_PRESENT	Content coverage only; no Ozon ranking-weight claim.
2184153852	CLASS::amulet_pendant	амулет деревянный	GENERIC_RELEVANT	SEMANTIC_PRESENT	ABSENT	SEMANTIC_PRESENT	SEMANTIC_PRESENT	title_n:SEMANTIC_PRESENT	GAP_PRESENT	Content coverage only; no Ozon ranking-weight claim.
2184153852	USE::car_mirror	амулет зеркальный	GENERIC_RELEVANT	ABSENT	ABSENT	ABSENT	ABSENT		GAP_PRESENT	Content coverage only; no Ozon ranking-weight claim.
2184153852	USE::protection	амулет оберег	GENERIC_RELEVANT	SEMANTIC_PRESENT	ABSENT	SEMANTIC_PRESENT	SEMANTIC_PRESENT	title_n:SEMANTIC_PRESENT	GAP_PRESENT	Content coverage only; no Ozon ranking-weight claim.
2184153852	FAMILY::slavic	амулет славянский из дерева для творчества	FAMILY_RELEVANT	ABSENT	ABSENT	ABSENT	ABSENT		GAP_PRESENT	Content coverage only; no Ozon ranking-weight claim.
2184153852	USE::protection	амулеты обереги и талисманы	GENERIC_RELEVANT	SEMANTIC_PRESENT	ABSENT	EXACT_PRESENT	SEMANTIC_PRESENT	title_n:SEMANTIC_PRESENT	GAP_PRESENT	Content coverage only; no Ozon ranking-weight claim.
2184153852	USE::protection	амулеты обереги и талисманы дерево	GENERIC_RELEVANT	SEMANTIC_PRESENT	ABSENT	SEMANTIC_PRESENT	SEMANTIC_PRESENT	title_n:SEMANTIC_PRESENT	GAP_PRESENT	Content coverage only; no Ozon ranking-weight claim.
2184153852	USE::car_mirror	амулеты обереги и талисманы зеркалр	GENERIC_RELEVANT	ABSENT	ABSENT	ABSENT	ABSENT		GAP_PRESENT	Content coverage only; no Ozon ranking-weight claim.
2184153852	UNCLEAR::9efdfb8855	бог	AMBIGUOUS_HOLD	ABSENT	ABSENT	EXACT_PRESENT	EXACT_PRESENT	attr_n:EXACT_PRESENT	GAP_PRESENT	Content coverage only; no Ozon ranking-weight claim.
2184153852	USE::car_mirror	бомбический оберег в машину на зеркало	GENERIC_RELEVANT	ABSENT	ABSENT	ABSENT	ABSENT		GAP_PRESENT	Content coverage only; no Ozon ranking-weight claim.
2184153852	USE::car_mirror	брелок в машине машин на зеркало аромат запох	GENERIC_RELEVANT	PARTIAL_PRESENT	ABSENT	PARTIAL_PRESENT	PARTIAL_PRESENT	title_n:PARTIAL_PRESENT	GAP_PRESENT	Content coverage only; no Ozon ranking-weight claim.
2184153852	USE::car_mirror	брелок в машину на зеркало пушистики	GENERIC_RELEVANT	ABSENT	ABSENT	ABSENT	ABSENT		GAP_PRESENT	Content coverage only; no Ozon ranking-weight claim.
2184153852	USE::car_mirror	в машину защита от сглаза	GENERIC_RELEVANT	ABSENT	ABSENT	SEMANTIC_PRESENT	SEMANTIC_PRESENT	attr_n:SEMANTIC_PRESENT	GAP_PRESENT	Content coverage only; no Ozon ranking-weight claim.
2184153852	USE::car_mirror	вымпел уголовный розыск в машину на зеркало	GENERIC_RELEVANT	ABSENT	ABSENT	ABSENT	ABSENT		GAP_PRESENT	Content coverage only; no Ozon ranking-weight claim.
2184153852	VARIANT::семаргл	деревянная семаргл	EXACT_PRODUCT	PARTIAL_PRESENT	PARTIAL_PRESENT	SEMANTIC_PRESENT	SEMANTIC_PRESENT	title_n:PARTIAL_PRESENT	PARTIAL_GAP	Content coverage only; no Ozon ranking-weight claim.
2184153852	USE::car_mirror	для подвески зеркала	GENERIC_RELEVANT	SEMANTIC_PRESENT	ABSENT	SEMANTIC_PRESENT	SEMANTIC_PRESENT	title_n:SEMANTIC_PRESENT	GAP_PRESENT	Content coverage only; no Ozon ranking-weight claim.
2184153852	USE::car_mirror	зеркало обгона праворукая машина	GENERIC_RELEVANT	ABSENT	ABSENT	ABSENT	ABSENT		GAP_PRESENT	Content coverage only; no Ozon ranking-weight claim.
2184153852	USE::car_mirror	крестик в машину на зеркало освешеный	GENERIC_RELEVANT	ABSENT	ABSENT	ABSENT	ABSENT		GAP_PRESENT	Content coverage only; no Ozon ranking-weight claim.
2184153852	USE::car_mirror	кулон зеркало оберег	GENERIC_RELEVANT	ABSENT	ABSENT	ABSENT	ABSENT		GAP_PRESENT	Content coverage only; no Ozon ranking-weight claim.
2184153852	UNCLEAR::4b87cb64f4	кулон семергал	AMBIGUOUS_HOLD	ABSENT	ABSENT	ABSENT	ABSENT		GAP_PRESENT	Content coverage only; no Ozon ranking-weight claim.
2184153852	USE::car_mirror	магическое зеркало подвеска	GENERIC_RELEVANT	ABSENT	ABSENT	ABSENT	ABSENT		GAP_PRESENT	Content coverage only; no Ozon ranking-weight claim.
2184153852	USE::car_mirror	мешочек со смехом подвеска в машину	GENERIC_RELEVANT	ABSENT	ABSENT	ABSENT	ABSENT		GAP_PRESENT	Content coverage only; no Ozon ranking-weight claim.
2184153852	USE::car_mirror	мконка оберег в машину на зеркало круглая	GENERIC_RELEVANT	ABSENT	ABSENT	ABSENT	ABSENT		GAP_PRESENT	Content coverage only; no Ozon ranking-weight claim.
2184153852	USE::car_mirror	на машину в салон оберег	GENERIC_RELEVANT	SEMANTIC_PRESENT	ABSENT	SEMANTIC_PRESENT	SEMANTIC_PRESENT	title_n:SEMANTIC_PRESENT	GAP_PRESENT	Content coverage only; no Ozon ranking-weight claim.
2184153852	USE::protection	оберег	GENERIC_RELEVANT	EXACT_PRESENT	ABSENT	EXACT_PRESENT	EXACT_PRESENT	title_n:EXACT_PRESENT	GAP_PRESENT	Content coverage only; no Ozon ranking-weight claim.
2184153852	USE::car_mirror	оберег в автомобиль на зеркало	GENERIC_RELEVANT	SEMANTIC_PRESENT	ABSENT	SEMANTIC_PRESENT	SEMANTIC_PRESENT	title_n:SEMANTIC_PRESENT	GAP_PRESENT	Content coverage only; no Ozon ranking-weight claim.
2184153852	USE::car_mirror	оберег в машину	GENERIC_RELEVANT	SEMANTIC_PRESENT	ABSENT	SEMANTIC_PRESENT	SEMANTIC_PRESENT	title_n:SEMANTIC_PRESENT	GAP_PRESENT	Content coverage only; no Ozon ranking-weight claim.
2184153852	USE::car_mirror	оберег для автомобиля	GENERIC_RELEVANT	ABSENT	ABSENT	ABSENT	ABSENT		GAP_PRESENT	Content coverage only; no Ozon ranking-weight claim.
2184153852	USE::car_mirror	оберег для автомобиля на зеркало	GENERIC_RELEVANT	ABSENT	ABSENT	ABSENT	ABSENT		GAP_PRESENT	Content coverage only; no Ozon ranking-weight claim.
2184153852	USE::protection	оберег для дома	GENERIC_RELEVANT	ABSENT	ABSENT	ABSENT	ABSENT		GAP_PRESENT	Content coverage only; no Ozon ranking-weight claim.
2184153852	USE::protection	оберег на	GENERIC_RELEVANT	SEMANTIC_PRESENT	ABSENT	SEMANTIC_PRESENT	SEMANTIC_PRESENT	title_n:SEMANTIC_PRESENT	GAP_PRESENT	Content coverage only; no Ozon ranking-weight claim.
2184153852	USE::protection	оберег от сглаза	GENERIC_RELEVANT	ABSENT	ABSENT	EXACT_PRESENT	SEMANTIC_PRESENT	attr_n:EXACT_PRESENT	GAP_PRESENT	Content coverage only; no Ozon ranking-weight claim.
2184153852	USE::protection	оберег от сглаза и порчи	GENERIC_RELEVANT	ABSENT	ABSENT	EXACT_PRESENT	SEMANTIC_PRESENT	attr_n:EXACT_PRESENT	GAP_PRESENT	Content coverage only; no Ozon ranking-weight claim.
2184153852	VARIANT::семаргл	оберег семаргл	EXACT_PRODUCT	SEMANTIC_PRESENT	SEMANTIC_PRESENT	SEMANTIC_PRESENT	SEMANTIC_PRESENT	title_n:SEMANTIC_PRESENT	NO_GAP	Content coverage only; no Ozon ranking-weight claim.
2184153852	VARIANT::семаргл	оберег семаргла	PARTIAL_RELEVANCE	SEMANTIC_PRESENT	SEMANTIC_PRESENT	SEMANTIC_PRESENT	SEMANTIC_PRESENT	title_n:SEMANTIC_PRESENT	NO_GAP	Content coverage only; no Ozon ranking-weight claim.
2184153852	USE::protection	обереги от сглаза и порчи	GENERIC_RELEVANT	ABSENT	ABSENT	SEMANTIC_PRESENT	SEMANTIC_PRESENT	attr_n:SEMANTIC_PRESENT	GAP_PRESENT	Content coverage only; no Ozon ranking-weight claim.
2184153852	USE::protection	обереготсглаза	GENERIC_RELEVANT	ABSENT	ABSENT	EXACT_PRESENT	ABSENT	attr_n:EXACT_PRESENT	GAP_PRESENT	Content coverage only; no Ozon ranking-weight claim.
2184153852	VARIANT::семаргл	ооо семаргл	EXACT_PRODUCT	PARTIAL_PRESENT	PARTIAL_PRESENT	PARTIAL_PRESENT	PARTIAL_PRESENT	title_n:PARTIAL_PRESENT	PARTIAL_GAP	Content coverage only; no Ozon ranking-weight claim.
2184153852	USE::protection	от сглаза	GENERIC_RELEVANT	ABSENT	ABSENT	EXACT_PRESENT	EXACT_PRESENT	attr_n:EXACT_PRESENT	GAP_PRESENT	Content coverage only; no Ozon ranking-weight claim.
2184153852	USE::protection	от сглаза и порчи оберег	GENERIC_RELEVANT	ABSENT	ABSENT	SEMANTIC_PRESENT	SEMANTIC_PRESENT	attr_n:SEMANTIC_PRESENT	GAP_PRESENT	Content coverage only; no Ozon ranking-weight claim.
2184153852	USE::protection	от сглаза и порчи подвеска	GENERIC_RELEVANT	ABSENT	ABSENT	EXACT_PRESENT	SEMANTIC_PRESENT	attr_n:EXACT_PRESENT	GAP_PRESENT	Content coverage only; no Ozon ranking-weight claim.
2184153852	USE::car_mirror	подвеска в машину	GENERIC_RELEVANT	SEMANTIC_PRESENT	ABSENT	EXACT_PRESENT	SEMANTIC_PRESENT	title_n:SEMANTIC_PRESENT	GAP_PRESENT	Content coverage only; no Ozon ranking-weight claim.
2184153852	USE::car_mirror	подвеска в машину на зеркало для мужчиныс надптсью езди аккуратно	GENERIC_RELEVANT	ABSENT	ABSENT	ABSENT	ABSENT		GAP_PRESENT	Content coverage only; no Ozon ranking-weight claim.
2184153852	USE::car_mirror	подвеска в машину на зеркало ма ка крик	GENERIC_RELEVANT	ABSENT	ABSENT	ABSENT	ABSENT		GAP_PRESENT	Content coverage only; no Ozon ranking-weight claim.
2184153852	USE::car_mirror	подвеска в машину на зеркало юрта	GENERIC_RELEVANT	ABSENT	ABSENT	ABSENT	ABSENT		GAP_PRESENT	Content coverage only; no Ozon ranking-weight claim.
2184153852	USE::car_mirror	подвеска в машину талисман	GENERIC_RELEVANT	SEMANTIC_PRESENT	ABSENT	SEMANTIC_PRESENT	SEMANTIC_PRESENT	title_n:SEMANTIC_PRESENT	GAP_PRESENT	Content coverage only; no Ozon ranking-weight claim.
2184153852	USE::car_mirror	подвеска на зеркало в машину	GENERIC_RELEVANT	EXACT_PRESENT	ABSENT	EXACT_PRESENT	SEMANTIC_PRESENT	title_n:EXACT_PRESENT	GAP_PRESENT	Content coverage only; no Ozon ranking-weight claim.
2184153852	USE::protection	подвеска от сглаза	GENERIC_RELEVANT	ABSENT	ABSENT	SEMANTIC_PRESENT	SEMANTIC_PRESENT	attr_n:SEMANTIC_PRESENT	GAP_PRESENT	Content coverage only; no Ozon ranking-weight claim.
2184153852	USE::protection	русские обереги	GENERIC_RELEVANT	ABSENT	ABSENT	ABSENT	ABSENT		GAP_PRESENT	Content coverage only; no Ozon ranking-weight claim.
2184153852	UNCLEAR::17ad9057be	семагл	AMBIGUOUS_HOLD	ABSENT	ABSENT	ABSENT	ABSENT		GAP_PRESENT	Content coverage only; no Ozon ranking-weight claim.
2184153852	UNCLEAR::4a02d2eb73	семургл	AMBIGUOUS_HOLD	ABSENT	ABSENT	ABSENT	ABSENT		GAP_PRESENT	Content coverage only; no Ozon ranking-weight claim.
2184153852	FAMILY::slavic	славянская подвеска	FAMILY_RELEVANT	SEMANTIC_PRESENT	ABSENT	SEMANTIC_PRESENT	SEMANTIC_PRESENT	title_n:SEMANTIC_PRESENT	GAP_PRESENT	Content coverage only; no Ozon ranking-weight claim.
2184153852	FAMILY::slavic	славянские обереги	FAMILY_RELEVANT	SEMANTIC_PRESENT	ABSENT	EXACT_PRESENT	SEMANTIC_PRESENT	title_n:SEMANTIC_PRESENT	GAP_PRESENT	Content coverage only; no Ozon ranking-weight claim.
2184153852	FAMILY::slavic	славянские обереги мужские в машину	FAMILY_RELEVANT	SEMANTIC_PRESENT	ABSENT	SEMANTIC_PRESENT	SEMANTIC_PRESENT	title_n:SEMANTIC_PRESENT	GAP_PRESENT	Content coverage only; no Ozon ranking-weight claim.
2184153852	FAMILY::slavic	славянскиеобереги	FAMILY_RELEVANT	ABSENT	ABSENT	ABSENT	ABSENT		GAP_PRESENT	Content coverage only; no Ozon ranking-weight claim.
2184153852	FAMILY::slavic	славянский	FAMILY_RELEVANT	EXACT_PRESENT	ABSENT	EXACT_PRESENT	EXACT_PRESENT	title_n:EXACT_PRESENT	GAP_PRESENT	Content coverage only; no Ozon ranking-weight claim.
2184153852	VARIANT::семаргл	славянский бог семаргл магнит на холодильник	EXACT_PRODUCT	PARTIAL_PRESENT	PARTIAL_PRESENT	PARTIAL_PRESENT	PARTIAL_PRESENT	title_n:PARTIAL_PRESENT	PARTIAL_GAP	Content coverage only; no Ozon ranking-weight claim.
2184153852	FAMILY::slavic	славянский оберег	FAMILY_RELEVANT	EXACT_PRESENT	ABSENT	EXACT_PRESENT	EXACT_PRESENT	title_n:EXACT_PRESENT	GAP_PRESENT	Content coverage only; no Ozon ranking-weight claim.
2184153852	FAMILY::slavic	славянский оберег в машину на зеркало	FAMILY_RELEVANT	SEMANTIC_PRESENT	ABSENT	SEMANTIC_PRESENT	SEMANTIC_PRESENT	title_n:SEMANTIC_PRESENT	GAP_PRESENT	Content coverage only; no Ozon ranking-weight claim.
2184168890	USE::car_mirror	автоподвеска луна	GENERIC_RELEVANT	ABSENT	ABSENT	ABSENT	ABSENT		GAP_PRESENT	Content coverage only; no Ozon ranking-weight claim.
2184168890	CLASS::amulet_pendant	амулет из дерева	GENERIC_RELEVANT	ABSENT	ABSENT	SEMANTIC_PRESENT	SEMANTIC_PRESENT	attr_n:SEMANTIC_PRESENT	GAP_PRESENT	Content coverage only; no Ozon ranking-weight claim.
2184168890	FAMILY::slavic	амулет крес славян	FAMILY_RELEVANT	ABSENT	ABSENT	PARTIAL_PRESENT	PARTIAL_PRESENT	attr_n:PARTIAL_PRESENT	GAP_PRESENT	Content coverage only; no Ozon ranking-weight claim.
2184168890	USE::protection	амулеты обереги и талисманы	GENERIC_RELEVANT	SEMANTIC_PRESENT	ABSENT	EXACT_PRESENT	SEMANTIC_PRESENT	title_n:SEMANTIC_PRESENT	GAP_PRESENT	Content coverage only; no Ozon ranking-weight claim.
2184168890	USE::car_mirror	атрибутика зенит в машину на зеркало	GENERIC_RELEVANT	ABSENT	ABSENT	ABSENT	ABSENT		GAP_PRESENT	Content coverage only; no Ozon ranking-weight claim.
2184168890	UNCLEAR::6f884ca63a	береза бусина 8 мм	AMBIGUOUS_HOLD	ABSENT	ABSENT	PARTIAL_PRESENT	PARTIAL_PRESENT	attr_n:PARTIAL_PRESENT	GAP_PRESENT	Content coverage only; no Ozon ranking-weight claim.
2184168890	UNCLEAR::9efdfb8855	бог	AMBIGUOUS_HOLD	ABSENT	ABSENT	EXACT_PRESENT	EXACT_PRESENT	attr_n:EXACT_PRESENT	GAP_PRESENT	Content coverage only; no Ozon ranking-weight claim.
2184168890	UNCLEAR::0b1ee2c2f7	бог омулет	AMBIGUOUS_HOLD	ABSENT	ABSENT	PARTIAL_PRESENT	PARTIAL_PRESENT	attr_n:PARTIAL_PRESENT	GAP_PRESENT	Content coverage only; no Ozon ranking-weight claim.
2184168890	USE::car_mirror	брелок в машину на зеркало пушистики	GENERIC_RELEVANT	ABSENT	ABSENT	ABSENT	ABSENT		GAP_PRESENT	Content coverage only; no Ozon ranking-weight claim.
2184168890	USE::car_mirror	бусина от сглаза на зеркало машины	GENERIC_RELEVANT	PARTIAL_PRESENT	ABSENT	SEMANTIC_PRESENT	SEMANTIC_PRESENT	title_n:PARTIAL_PRESENT	GAP_PRESENT	Content coverage only; no Ozon ranking-weight claim.
2184168890	VARIANT::хорс	в машине хобби хорс	EXACT_PRODUCT	PARTIAL_PRESENT	PARTIAL_PRESENT	PARTIAL_PRESENT	PARTIAL_PRESENT	title_n:PARTIAL_PRESENT	PARTIAL_GAP	Content coverage only; no Ozon ranking-weight claim.
2184168890	FAMILY::slavic	в славянской традиции	FAMILY_RELEVANT	ABSENT	ABSENT	PARTIAL_PRESENT	PARTIAL_PRESENT	attr_n:PARTIAL_PRESENT	GAP_PRESENT	Content coverage only; no Ozon ranking-weight claim.
2184168890	USE::car_mirror	дьявол игрушка страшная в машину на зеркало	GENERIC_RELEVANT	ABSENT	ABSENT	ABSENT	ABSENT		GAP_PRESENT	Content coverage only; no Ozon ranking-weight claim.
2184168890	USE::car_mirror	зеркало подвеска оберег	GENERIC_RELEVANT	SEMANTIC_PRESENT	ABSENT	SEMANTIC_PRESENT	SEMANTIC_PRESENT	title_n:SEMANTIC_PRESENT	GAP_PRESENT	Content coverage only; no Ozon ranking-weight claim.
2184168890	USE::car_mirror	зеркало с подвеской	GENERIC_RELEVANT	ABSENT	ABSENT	ABSENT	ABSENT		GAP_PRESENT	Content coverage only; no Ozon ranking-weight claim.
2184168890	USE::car_mirror	игрушка бог в машину на зеркало	GENERIC_RELEVANT	ABSENT	ABSENT	PARTIAL_PRESENT	PARTIAL_PRESENT	attr_n:PARTIAL_PRESENT	GAP_PRESENT	Content coverage only; no Ozon ranking-weight claim.
2184168890	UNCLEAR::38ea3863b2	коловрат	AMBIGUOUS_HOLD	ABSENT	ABSENT	ABSENT	ABSENT		GAP_PRESENT	Content coverage only; no Ozon ranking-weight claim.
2184168890	USE::car_mirror	коловрат оберег в машину	GENERIC_RELEVANT	ABSENT	ABSENT	ABSENT	ABSENT		GAP_PRESENT	Content coverage only; no Ozon ranking-weight claim.
2184168890	CLASS::amulet_pendant	коловрат подвеска	GENERIC_RELEVANT	ABSENT	ABSENT	ABSENT	ABSENT		GAP_PRESENT	Content coverage only; no Ozon ranking-weight claim.
2184168890	USE::car_mirror	крес в машину	GENERIC_RELEVANT	ABSENT	ABSENT	ABSENT	ABSENT		GAP_PRESENT	Content coverage only; no Ozon ranking-weight claim.
2184168890	USE::car_mirror	крюковая подвеска сувенир в машину	GENERIC_RELEVANT	ABSENT	ABSENT	ABSENT	ABSENT		GAP_PRESENT	Content coverage only; no Ozon ranking-weight claim.
2184168890	USE::car_mirror	монстры на кан кулах подвеска в машину	GENERIC_RELEVANT	ABSENT	ABSENT	ABSENT	ABSENT		GAP_PRESENT	Content coverage only; no Ozon ranking-weight claim.
2184168890	USE::car_mirror	на зеркало авто подвеска	GENERIC_RELEVANT	SEMANTIC_PRESENT	ABSENT	SEMANTIC_PRESENT	SEMANTIC_PRESENT	title_n:SEMANTIC_PRESENT	GAP_PRESENT	Content coverage only; no Ozon ranking-weight claim.
2184168890	USE::car_mirror	на зеркало в машину подвеска россия	GENERIC_RELEVANT	ABSENT	ABSENT	SEMANTIC_PRESENT	ABSENT	attr_n:SEMANTIC_PRESENT	GAP_PRESENT	Content coverage only; no Ozon ranking-weight claim.
2184168890	USE::protection	оберег	GENERIC_RELEVANT	EXACT_PRESENT	ABSENT	EXACT_PRESENT	EXACT_PRESENT	title_n:EXACT_PRESENT	GAP_PRESENT	Content coverage only; no Ozon ranking-weight claim.
2184168890	USE::car_mirror	оберег в карман в машину	GENERIC_RELEVANT	ABSENT	ABSENT	ABSENT	ABSENT		GAP_PRESENT	Content coverage only; no Ozon ranking-weight claim.
2184168890	USE::car_mirror	оберег в машину	GENERIC_RELEVANT	SEMANTIC_PRESENT	ABSENT	SEMANTIC_PRESENT	SEMANTIC_PRESENT	title_n:SEMANTIC_PRESENT	GAP_PRESENT	Content coverage only; no Ozon ranking-weight claim.
2184168890	USE::car_mirror	оберег зеркало на шею подвеска	GENERIC_RELEVANT	ABSENT	ABSENT	ABSENT	ABSENT		GAP_PRESENT	Content coverage only; no Ozon ranking-weight claim.
2184168890	USE::protection	оберег от сглаза и порчи	GENERIC_RELEVANT	ABSENT	ABSENT	EXACT_PRESENT	PARTIAL_PRESENT	attr_n:EXACT_PRESENT	GAP_PRESENT	Content coverage only; no Ozon ranking-weight claim.
2184168890	USE::protection	обереги из дерева	GENERIC_RELEVANT	ABSENT	ABSENT	SEMANTIC_PRESENT	SEMANTIC_PRESENT	attr_n:SEMANTIC_PRESENT	GAP_PRESENT	Content coverage only; no Ozon ranking-weight claim.
2184168890	USE::protection	обереги коловрат	GENERIC_RELEVANT	ABSENT	ABSENT	ABSENT	ABSENT		GAP_PRESENT	Content coverage only; no Ozon ranking-weight claim.
2184168890	USE::protection	обереги от порчи	GENERIC_RELEVANT	ABSENT	ABSENT	SEMANTIC_PRESENT	ABSENT	attr_n:SEMANTIC_PRESENT	GAP_PRESENT	Content coverage only; no Ozon ranking-weight claim.
2184168890	USE::protection	обереготсглаза	GENERIC_RELEVANT	ABSENT	ABSENT	EXACT_PRESENT	ABSENT	attr_n:EXACT_PRESENT	GAP_PRESENT	Content coverage only; no Ozon ranking-weight claim.
2184168890	FAMILY::slavic	подвеска брелок славянская	FAMILY_RELEVANT	PARTIAL_PRESENT	ABSENT	PARTIAL_PRESENT	PARTIAL_PRESENT	title_n:PARTIAL_PRESENT	GAP_PRESENT	Content coverage only; no Ozon ranking-weight claim.
2184168890	USE::car_mirror	подвеска в машину	GENERIC_RELEVANT	SEMANTIC_PRESENT	ABSENT	EXACT_PRESENT	EXACT_PRESENT	title_n:SEMANTIC_PRESENT	GAP_PRESENT	Content coverage only; no Ozon ranking-weight claim.
2184168890	USE::car_mirror	подвеска в машину мусульманская бисмила	GENERIC_RELEVANT	ABSENT	ABSENT	ABSENT	ABSENT		GAP_PRESENT	Content coverage only; no Ozon ranking-weight claim.
2184168890	USE::car_mirror	подвеска в машину на зеркало	GENERIC_RELEVANT	SEMANTIC_PRESENT	ABSENT	EXACT_PRESENT	EXACT_PRESENT	title_n:SEMANTIC_PRESENT	GAP_PRESENT	Content coverage only; no Ozon ranking-weight claim.
2184168890	USE::car_mirror	подвеска в машину на зеркало а	GENERIC_RELEVANT	SEMANTIC_PRESENT	ABSENT	SEMANTIC_PRESENT	SEMANTIC_PRESENT	title_n:SEMANTIC_PRESENT	GAP_PRESENT	Content coverage only; no Ozon ranking-weight claim.
2184168890	USE::car_mirror	подвеска зеркал в машине	GENERIC_RELEVANT	ABSENT	ABSENT	ABSENT	ABSENT		GAP_PRESENT	Content coverage only; no Ozon ranking-weight claim.
2184168890	USE::car_mirror	подвеска на зеркало автомобиля акула	GENERIC_RELEVANT	ABSENT	ABSENT	PARTIAL_PRESENT	PARTIAL_PRESENT	attr_n:PARTIAL_PRESENT	GAP_PRESENT	Content coverage only; no Ozon ranking-weight claim.
2184168890	USE::car_mirror	подвеска на зеркало в машину	GENERIC_RELEVANT	EXACT_PRESENT	ABSENT	EXACT_PRESENT	SEMANTIC_PRESENT	title_n:EXACT_PRESENT	GAP_PRESENT	Content coverage only; no Ozon ranking-weight claim.
2184168890	FAMILY::slavic	подвеска на зеркало славянская	FAMILY_RELEVANT	SEMANTIC_PRESENT	ABSENT	SEMANTIC_PRESENT	SEMANTIC_PRESENT	title_n:SEMANTIC_PRESENT	GAP_PRESENT	Content coverage only; no Ozon ranking-weight claim.
2184168890	USE::car_mirror	подвеска оберег в машину бог тарс	GENERIC_RELEVANT	ABSENT	ABSENT	PARTIAL_PRESENT	PARTIAL_PRESENT	attr_n:PARTIAL_PRESENT	GAP_PRESENT	Content coverage only; no Ozon ranking-weight claim.
2184168890	USE::protection	подвеска от порчи	GENERIC_RELEVANT	ABSENT	ABSENT	SEMANTIC_PRESENT	ABSENT	attr_n:SEMANTIC_PRESENT	GAP_PRESENT	Content coverage only; no Ozon ranking-weight claim.
2184168890	VARIANT::хорс	посуда хорс	EXACT_PRODUCT	PARTIAL_PRESENT	PARTIAL_PRESENT	PARTIAL_PRESENT	PARTIAL_PRESENT	title_n:PARTIAL_PRESENT	PARTIAL_GAP	Content coverage only; no Ozon ranking-weight claim.
2184168890	VARIANT::хорс	символ хорса	AMBIGUOUS_HOLD	ABSENT	ABSENT	SEMANTIC_PRESENT	SEMANTIC_PRESENT	attr_n:SEMANTIC_PRESENT	GAP_PRESENT	Content coverage only; no Ozon ranking-weight claim.
2184168890	FAMILY::slavic	славянские	FAMILY_RELEVANT	SEMANTIC_PRESENT	ABSENT	EXACT_PRESENT	SEMANTIC_PRESENT	title_n:SEMANTIC_PRESENT	GAP_PRESENT	Content coverage only; no Ozon ranking-weight claim.
2184168890	FAMILY::slavic	славянские обереги	FAMILY_RELEVANT	SEMANTIC_PRESENT	ABSENT	EXACT_PRESENT	SEMANTIC_PRESENT	title_n:SEMANTIC_PRESENT	GAP_PRESENT	Content coverage only; no Ozon ranking-weight claim.
2184168890	FAMILY::slavic	славянские обереги в машину	FAMILY_RELEVANT	SEMANTIC_PRESENT	ABSENT	SEMANTIC_PRESENT	SEMANTIC_PRESENT	title_n:SEMANTIC_PRESENT	GAP_PRESENT	Content coverage only; no Ozon ranking-weight claim.
2184168890	FAMILY::slavic	славянские украшения	FAMILY_RELEVANT	SEMANTIC_PRESENT	ABSENT	SEMANTIC_PRESENT	SEMANTIC_PRESENT	title_n:SEMANTIC_PRESENT	GAP_PRESENT	Content coverage only; no Ozon ranking-weight claim.
2184168890	FAMILY::slavic	славянский	FAMILY_RELEVANT	EXACT_PRESENT	ABSENT	EXACT_PRESENT	EXACT_PRESENT	title_n:EXACT_PRESENT	GAP_PRESENT	Content coverage only; no Ozon ranking-weight claim.
2184168890	FAMILY::slavic	славянский бог	FAMILY_RELEVANT	ABSENT	ABSENT	SEMANTIC_PRESENT	SEMANTIC_PRESENT	attr_n:SEMANTIC_PRESENT	GAP_PRESENT	Content coverage only; no Ozon ranking-weight claim.
2184168890	FAMILY::slavic	славянский оберег	FAMILY_RELEVANT	EXACT_PRESENT	ABSENT	EXACT_PRESENT	EXACT_PRESENT	title_n:EXACT_PRESENT	GAP_PRESENT	Content coverage only; no Ozon ranking-weight claim.
2184168890	USE::protection	талисман предков	GENERIC_RELEVANT	ABSENT	ABSENT	ABSENT	ABSENT		GAP_PRESENT	Content coverage only; no Ozon ranking-weight claim.
2184168890	USE::protection	четки талисман	GENERIC_RELEVANT	SEMANTIC_PRESENT	ABSENT	SEMANTIC_PRESENT	SEMANTIC_PRESENT	title_n:SEMANTIC_PRESENT	GAP_PRESENT	Content coverage only; no Ozon ranking-weight claim.
2184199958	USE::car_mirror	авто подвеска	GENERIC_RELEVANT	SEMANTIC_PRESENT	ABSENT	SEMANTIC_PRESENT	SEMANTIC_PRESENT	title_n:SEMANTIC_PRESENT	GAP_PRESENT	Content coverage only; no Ozon ranking-weight claim.
2184199958	USE::car_mirror	автомобиль мар	GENERIC_RELEVANT	ABSENT	ABSENT	ABSENT	ABSENT		GAP_PRESENT	Content coverage only; no Ozon ranking-weight claim.
2184199958	USE::car_mirror	азербайджанские четки и амулеты на зеркало в машину	GENERIC_RELEVANT	ABSENT	ABSENT	ABSENT	ABSENT		GAP_PRESENT	Content coverage only; no Ozon ranking-weight claim.
2184199958	USE::car_mirror	акриловая подвеска в машину на зеркало	GENERIC_RELEVANT	ABSENT	ABSENT	ABSENT	ABSENT		GAP_PRESENT	Content coverage only; no Ozon ranking-weight claim.
2184199958	USE::car_mirror	аксессуары в машину подвесаа зеркал барабан	GENERIC_RELEVANT	ABSENT	ABSENT	ABSENT	ABSENT		GAP_PRESENT	Content coverage only; no Ozon ranking-weight claim.
2184199958	USE::car_mirror	аксессуары салона авто	GENERIC_RELEVANT	SEMANTIC_PRESENT	ABSENT	SEMANTIC_PRESENT	SEMANTIC_PRESENT	title_n:SEMANTIC_PRESENT	GAP_PRESENT	Content coverage only; no Ozon ranking-weight claim.
2184199958	FAMILY::slavic	аксессуары славян	FAMILY_RELEVANT	ABSENT	ABSENT	SEMANTIC_PRESENT	SEMANTIC_PRESENT	attr_n:SEMANTIC_PRESENT	GAP_PRESENT	Content coverage only; no Ozon ranking-weight claim.
2184199958	CLASS::amulet_pendant	амулет	GENERIC_RELEVANT	SEMANTIC_PRESENT	ABSENT	EXACT_PRESENT	EXACT_PRESENT	title_n:SEMANTIC_PRESENT	GAP_PRESENT	Content coverage only; no Ozon ranking-weight claim.
2184199958	CLASS::amulet_pendant	амулет кали богиня	GENERIC_RELEVANT	ABSENT	ABSENT	PARTIAL_PRESENT	PARTIAL_PRESENT	attr_n:PARTIAL_PRESENT	GAP_PRESENT	Content coverage only; no Ozon ranking-weight claim.
2184199958	CLASS::amulet_pendant	амулет тайна амулета	GENERIC_RELEVANT	ABSENT	ABSENT	PARTIAL_PRESENT	PARTIAL_PRESENT	attr_n:PARTIAL_PRESENT	GAP_PRESENT	Content coverage only; no Ozon ranking-weight claim.
2184199958	USE::car_mirror	амулетом на машину	GENERIC_RELEVANT	ABSENT	ABSENT	SEMANTIC_PRESENT	SEMANTIC_PRESENT	attr_n:SEMANTIC_PRESENT	GAP_PRESENT	Content coverage only; no Ozon ranking-weight claim.
2184199958	CLASS::amulet_pendant	амулеты	GENERIC_RELEVANT	SEMANTIC_PRESENT	ABSENT	EXACT_PRESENT	SEMANTIC_PRESENT	title_n:SEMANTIC_PRESENT	GAP_PRESENT	Content coverage only; no Ozon ranking-weight claim.
2184199958	FAMILY::slavic	амулеты богинь славянских	FAMILY_RELEVANT	ABSENT	ABSENT	ABSENT	ABSENT		GAP_PRESENT	Content coverage only; no Ozon ranking-weight claim.
2184199958	CLASS::amulet_pendant	амулеты деревянные	GENERIC_RELEVANT	ABSENT	ABSENT	ABSENT	ABSENT		GAP_PRESENT	Content coverage only; no Ozon ranking-weight claim.
2184199958	USE::protection	амулеты и талисманы	GENERIC_RELEVANT	SEMANTIC_PRESENT	ABSENT	SEMANTIC_PRESENT	SEMANTIC_PRESENT	title_n:SEMANTIC_PRESENT	GAP_PRESENT	Content coverage only; no Ozon ranking-weight claim.
2184199958	CLASS::amulet_pendant	амулеты коло	GENERIC_RELEVANT	ABSENT	ABSENT	ABSENT	ABSENT		GAP_PRESENT	Content coverage only; no Ozon ranking-weight claim.
2184199958	USE::car_mirror	амулеты обереги в машину	GENERIC_RELEVANT	SEMANTIC_PRESENT	ABSENT	SEMANTIC_PRESENT	SEMANTIC_PRESENT	title_n:SEMANTIC_PRESENT	GAP_PRESENT	Content coverage only; no Ozon ranking-weight claim.
2184199958	USE::protection	амулеты обереги и талисманы	GENERIC_RELEVANT	SEMANTIC_PRESENT	ABSENT	EXACT_PRESENT	SEMANTIC_PRESENT	title_n:SEMANTIC_PRESENT	GAP_PRESENT	Content coverage only; no Ozon ranking-weight claim.
2184199958	USE::car_mirror	ароматизатор джек рассел в машину на зеркало	GENERIC_RELEVANT	ABSENT	ABSENT	ABSENT	ABSENT		GAP_PRESENT	Content coverage only; no Ozon ranking-weight claim.
2184199958	USE::car_mirror	аятуль курси в машину	GENERIC_RELEVANT	ABSENT	ABSENT	ABSENT	ABSENT		GAP_PRESENT	Content coverage only; no Ozon ranking-weight claim.
2184199958	USE::car_mirror	блестящий брелок в машину на зеркало ведьмочка	GENERIC_RELEVANT	ABSENT	ABSENT	ABSENT	ABSENT		GAP_PRESENT	Content coverage only; no Ozon ranking-weight claim.
2184199958	UNCLEAR::ed1874bb32	богиня	AMBIGUOUS_HOLD	ABSENT	ABSENT	EXACT_PRESENT	EXACT_PRESENT	attr_n:EXACT_PRESENT	GAP_PRESENT	Content coverage only; no Ozon ranking-weight claim.
2184199958	UNCLEAR::41706cb735	богиня кали	AMBIGUOUS_HOLD	ABSENT	ABSENT	PARTIAL_PRESENT	PARTIAL_PRESENT	attr_n:PARTIAL_PRESENT	GAP_PRESENT	Content coverage only; no Ozon ranking-weight claim.
2184199958	VARIANT::мара	богиня мара	EXACT_PRODUCT	PARTIAL_PRESENT	PARTIAL_PRESENT	SEMANTIC_PRESENT	SEMANTIC_PRESENT	title_n:PARTIAL_PRESENT	PARTIAL_GAP	Content coverage only; no Ozon ranking-weight claim.
2184199958	USE::car_mirror	боковое зеркало на машину атлант левое	GENERIC_RELEVANT	ABSENT	ABSENT	ABSENT	ABSENT		GAP_PRESENT	Content coverage only; no Ozon ranking-weight claim.
2184199958	USE::car_mirror	брелок в машину на зеркало пушистфй	GENERIC_RELEVANT	ABSENT	ABSENT	ABSENT	ABSENT		GAP_PRESENT	Content coverage only; no Ozon ranking-weight claim.
2184199958	USE::car_mirror	брелок у машину byd на зерколо	GENERIC_RELEVANT	ABSENT	ABSENT	ABSENT	ABSENT		GAP_PRESENT	Content coverage only; no Ozon ranking-weight claim.
2184199958	USE::car_mirror	булавки обереги в машину на зеркало	GENERIC_RELEVANT	ABSENT	ABSENT	ABSENT	ABSENT		GAP_PRESENT	Content coverage only; no Ozon ranking-weight claim.
2184199958	USE::car_mirror	бусы в машину на зеркало лада спорт	GENERIC_RELEVANT	ABSENT	ABSENT	ABSENT	ABSENT		GAP_PRESENT	Content coverage only; no Ozon ranking-weight claim.
2184199958	USE::car_mirror	в машину подвеска	GENERIC_RELEVANT	SEMANTIC_PRESENT	ABSENT	EXACT_PRESENT	SEMANTIC_PRESENT	title_n:SEMANTIC_PRESENT	GAP_PRESENT	Content coverage only; no Ozon ranking-weight claim.
2184199958	USE::car_mirror	висюльки в машину на зеркало череп обезьяна	GENERIC_RELEVANT	ABSENT	ABSENT	ABSENT	ABSENT		GAP_PRESENT	Content coverage only; no Ozon ranking-weight claim.
2184199958	USE::car_mirror	вонючки в авто лакост подвески на зеркало	GENERIC_RELEVANT	ABSENT	ABSENT	ABSENT	ABSENT		GAP_PRESENT	Content coverage only; no Ozon ranking-weight claim.
2184199958	USE::car_mirror	деревянный оберег в машину	GENERIC_RELEVANT	SEMANTIC_PRESENT	ABSENT	SEMANTIC_PRESENT	SEMANTIC_PRESENT	title_n:SEMANTIC_PRESENT	GAP_PRESENT	Content coverage only; no Ozon ranking-weight claim.
2184199958	FAMILY::slavic	древние славяне творчество	FAMILY_RELEVANT	ABSENT	ABSENT	PARTIAL_PRESENT	PARTIAL_PRESENT	attr_n:PARTIAL_PRESENT	GAP_PRESENT	Content coverage only; no Ozon ranking-weight claim.
2184199958	USE::car_mirror	зеркало магическое	GENERIC_RELEVANT	ABSENT	ABSENT	ABSENT	ABSENT		GAP_PRESENT	Content coverage only; no Ozon ranking-weight claim.
2184199958	UNCLEAR::48b4237561	йогиня	AMBIGUOUS_HOLD	ABSENT	ABSENT	ABSENT	ABSENT		GAP_PRESENT	Content coverage only; no Ozon ranking-weight claim.
2184199958	VARIANT::мара	картина богиня мара	EXACT_PRODUCT	PARTIAL_PRESENT	PARTIAL_PRESENT	PARTIAL_PRESENT	PARTIAL_PRESENT	title_n:PARTIAL_PRESENT	PARTIAL_GAP	Content coverage only; no Ozon ranking-weight claim.
2184199958	USE::protection	коловрат оберег	GENERIC_RELEVANT	ABSENT	ABSENT	ABSENT	ABSENT		GAP_PRESENT	Content coverage only; no Ozon ranking-weight claim.
2184199958	CLASS::amulet_pendant	коловрат подвеска	GENERIC_RELEVANT	ABSENT	ABSENT	ABSENT	ABSENT		GAP_PRESENT	Content coverage only; no Ozon ranking-weight claim.
2184199958	VARIANT::мара	мара	EXACT_PRODUCT	EXACT_PRESENT	EXACT_PRESENT	EXACT_PRESENT	EXACT_PRESENT	title_n:EXACT_PRESENT	NO_GAP	Content coverage only; no Ozon ranking-weight claim.
2184199958	USE::protection	оберег	GENERIC_RELEVANT	EXACT_PRESENT	ABSENT	EXACT_PRESENT	EXACT_PRESENT	title_n:EXACT_PRESENT	GAP_PRESENT	Content coverage only; no Ozon ranking-weight claim.
2184199958	USE::car_mirror	оберег в машину	GENERIC_RELEVANT	SEMANTIC_PRESENT	ABSENT	SEMANTIC_PRESENT	SEMANTIC_PRESENT	title_n:SEMANTIC_PRESENT	GAP_PRESENT	Content coverage only; no Ozon ranking-weight claim.
2184199958	USE::car_mirror	оберег в машину мужской	GENERIC_RELEVANT	SEMANTIC_PRESENT	ABSENT	SEMANTIC_PRESENT	SEMANTIC_PRESENT	title_n:SEMANTIC_PRESENT	GAP_PRESENT	Content coverage only; no Ozon ranking-weight claim.
2184199958	FAMILY::slavic	оберег в машину славянский	FAMILY_RELEVANT	SEMANTIC_PRESENT	ABSENT	SEMANTIC_PRESENT	SEMANTIC_PRESENT	title_n:SEMANTIC_PRESENT	GAP_PRESENT	Content coverage only; no Ozon ranking-weight claim.
2184199958	USE::car_mirror	оберег зеркало	GENERIC_RELEVANT	SEMANTIC_PRESENT	ABSENT	SEMANTIC_PRESENT	SEMANTIC_PRESENT	title_n:SEMANTIC_PRESENT	GAP_PRESENT	Content coverage only; no Ozon ranking-weight claim.
2184199958	USE::protection	обереги	GENERIC_RELEVANT	SEMANTIC_PRESENT	ABSENT	EXACT_PRESENT	SEMANTIC_PRESENT	title_n:SEMANTIC_PRESENT	GAP_PRESENT	Content coverage only; no Ozon ranking-weight claim.
2184199958	CLASS::amulet_pendant	подвеска богиня	GENERIC_RELEVANT	ABSENT	ABSENT	SEMANTIC_PRESENT	SEMANTIC_PRESENT	attr_n:SEMANTIC_PRESENT	GAP_PRESENT	Content coverage only; no Ozon ranking-weight claim.
2184199958	USE::car_mirror	подвеска в машину	GENERIC_RELEVANT	SEMANTIC_PRESENT	ABSENT	EXACT_PRESENT	EXACT_PRESENT	title_n:SEMANTIC_PRESENT	GAP_PRESENT	Content coverage only; no Ozon ranking-weight claim.
2184199958	USE::car_mirror	подвеска в машину из дерева	GENERIC_RELEVANT	ABSENT	ABSENT	SEMANTIC_PRESENT	SEMANTIC_PRESENT	attr_n:SEMANTIC_PRESENT	GAP_PRESENT	Content coverage only; no Ozon ranking-weight claim.
2184199958	USE::car_mirror	подвеска в машину мир	GENERIC_RELEVANT	ABSENT	ABSENT	SEMANTIC_PRESENT	SEMANTIC_PRESENT	attr_n:SEMANTIC_PRESENT	GAP_PRESENT	Content coverage only; no Ozon ranking-weight claim.
2184199958	USE::car_mirror	подвеска на зеркало в машину	GENERIC_RELEVANT	EXACT_PRESENT	ABSENT	EXACT_PRESENT	SEMANTIC_PRESENT	title_n:EXACT_PRESENT	GAP_PRESENT	Content coverage only; no Ozon ranking-weight claim.
2184199958	USE::car_mirror	подвеска на машину	GENERIC_RELEVANT	SEMANTIC_PRESENT	ABSENT	SEMANTIC_PRESENT	SEMANTIC_PRESENT	title_n:SEMANTIC_PRESENT	GAP_PRESENT	Content coverage only; no Ozon ranking-weight claim.
2184199958	FAMILY::slavic	славянские обереги	FAMILY_RELEVANT	SEMANTIC_PRESENT	ABSENT	EXACT_PRESENT	SEMANTIC_PRESENT	title_n:SEMANTIC_PRESENT	GAP_PRESENT	Content coverage only; no Ozon ranking-weight claim.
2184199958	FAMILY::slavic	славянские талисманы	FAMILY_RELEVANT	SEMANTIC_PRESENT	ABSENT	SEMANTIC_PRESENT	SEMANTIC_PRESENT	title_n:SEMANTIC_PRESENT	GAP_PRESENT	Content coverage only; no Ozon ranking-weight claim.
2184199958	FAMILY::slavic	славянские украшения	FAMILY_RELEVANT	SEMANTIC_PRESENT	ABSENT	SEMANTIC_PRESENT	SEMANTIC_PRESENT	title_n:SEMANTIC_PRESENT	GAP_PRESENT	Content coverage only; no Ozon ranking-weight claim.
2184199958	FAMILY::slavic	славянскиеобереги	FAMILY_RELEVANT	ABSENT	ABSENT	ABSENT	ABSENT		GAP_PRESENT	Content coverage only; no Ozon ranking-weight claim.
2184199958	FAMILY::slavic	славянский оберег	FAMILY_RELEVANT	EXACT_PRESENT	ABSENT	EXACT_PRESENT	EXACT_PRESENT	title_n:EXACT_PRESENT	GAP_PRESENT	Content coverage only; no Ozon ranking-weight claim.
2184234912	CLASS::amulet_pendant	200 шт подвески звезды	PARTIAL_RELEVANCE	PARTIAL_PRESENT	PARTIAL_PRESENT	SEMANTIC_PRESENT	PARTIAL_PRESENT	title_n:PARTIAL_PRESENT	PARTIAL_GAP	Content coverage only; no Ozon ranking-weight claim.
2184234912	CLASS::amulet_pendant	акриловые звезды подвески	PARTIAL_RELEVANCE	PARTIAL_PRESENT	PARTIAL_PRESENT	PARTIAL_PRESENT	PARTIAL_PRESENT	title_n:PARTIAL_PRESENT	PARTIAL_GAP	Content coverage only; no Ozon ranking-weight claim.
2184234912	USE::car_mirror	аксессуары в машину подвесаа зеркал барабан	GENERIC_RELEVANT	ABSENT	ABSENT	ABSENT	ABSENT		GAP_PRESENT	Content coverage only; no Ozon ranking-weight claim.
2184234912	CLASS::amulet_pendant	амулет	GENERIC_RELEVANT	SEMANTIC_PRESENT	ABSENT	EXACT_PRESENT	EXACT_PRESENT	title_n:SEMANTIC_PRESENT	GAP_PRESENT	Content coverage only; no Ozon ranking-weight claim.
2184234912	USE::car_mirror	амулет в машину на зеркало мужской	GENERIC_RELEVANT	SEMANTIC_PRESENT	ABSENT	SEMANTIC_PRESENT	SEMANTIC_PRESENT	title_n:SEMANTIC_PRESENT	GAP_PRESENT	Content coverage only; no Ozon ranking-weight claim.
2184234912	CLASS::amulet_pendant	амулет деревянный	GENERIC_RELEVANT	SEMANTIC_PRESENT	ABSENT	SEMANTIC_PRESENT	SEMANTIC_PRESENT	title_n:SEMANTIC_PRESENT	GAP_PRESENT	Content coverage only; no Ozon ranking-weight claim.
2184234912	CLASS::amulet_pendant	амулет зведа	GENERIC_RELEVANT	ABSENT	ABSENT	ABSENT	ABSENT		GAP_PRESENT	Content coverage only; no Ozon ranking-weight claim.
2184234912	VARIANT::звезда лады	амулет звезда лады	EXACT_PRODUCT	SEMANTIC_PRESENT	SEMANTIC_PRESENT	SEMANTIC_PRESENT	SEMANTIC_PRESENT	title_n:SEMANTIC_PRESENT	NO_GAP	Content coverage only; no Ozon ranking-weight claim.
2184234912	VARIANT::звезда	амулет звезда руси	EXACT_PRODUCT	PARTIAL_PRESENT	PARTIAL_PRESENT	PARTIAL_PRESENT	PARTIAL_PRESENT	title_n:PARTIAL_PRESENT	PARTIAL_GAP	Content coverage only; no Ozon ranking-weight claim.
2184234912	USE::car_mirror	амулет зеркальный	GENERIC_RELEVANT	ABSENT	ABSENT	ABSENT	ABSENT		GAP_PRESENT	Content coverage only; no Ozon ranking-weight claim.
2184234912	FAMILY::slavic	амулет славянский из дерева для творчества	FAMILY_RELEVANT	ABSENT	ABSENT	PARTIAL_PRESENT	PARTIAL_PRESENT	attr_n:PARTIAL_PRESENT	GAP_PRESENT	Content coverage only; no Ozon ranking-weight claim.
2184234912	VARIANT::звезда	амулет тзвезда	GENERIC_RELEVANT	ABSENT	ABSENT	ABSENT	ABSENT		GAP_PRESENT	Content coverage only; no Ozon ranking-weight claim.
2184234912	USE::protection	амулеты обереги и талисманы	GENERIC_RELEVANT	SEMANTIC_PRESENT	ABSENT	EXACT_PRESENT	SEMANTIC_PRESENT	title_n:SEMANTIC_PRESENT	GAP_PRESENT	Content coverage only; no Ozon ranking-weight claim.
2184234912	USE::car_mirror	амулеты обереги и талисманы зеркалр	GENERIC_RELEVANT	ABSENT	ABSENT	ABSENT	ABSENT		GAP_PRESENT	Content coverage only; no Ozon ranking-weight claim.
2184234912	FAMILY::slavic	амулеты обереги и талисманы славянские наклейки на телефон	FAMILY_RELEVANT	ABSENT	ABSENT	ABSENT	ABSENT		GAP_PRESENT	Content coverage only; no Ozon ranking-weight claim.
2184234912	USE::car_mirror	амулеты от сглаза с зеркалом	GENERIC_RELEVANT	ABSENT	ABSENT	PARTIAL_PRESENT	PARTIAL_PRESENT	attr_n:PARTIAL_PRESENT	GAP_PRESENT	Content coverage only; no Ozon ranking-weight claim.
2184234912	CLASS::amulet_pendant	амулеты подвески	GENERIC_RELEVANT	SEMANTIC_PRESENT	ABSENT	SEMANTIC_PRESENT	SEMANTIC_PRESENT	title_n:SEMANTIC_PRESENT	GAP_PRESENT	Content coverage only; no Ozon ranking-weight claim.
2184234912	USE::car_mirror	апортизатор звездное небо в машину	GENERIC_RELEVANT	ABSENT	ABSENT	ABSENT	ABSENT		GAP_PRESENT	Content coverage only; no Ozon ranking-weight claim.
2184234912	USE::car_mirror	берет вв мвд на зеркало в машину	GENERIC_RELEVANT	ABSENT	ABSENT	ABSENT	ABSENT		GAP_PRESENT	Content coverage only; no Ozon ranking-weight claim.
2184234912	FAMILY::slavic	бижутерия славянские обереги	FAMILY_RELEVANT	ABSENT	ABSENT	SEMANTIC_PRESENT	ABSENT	attr_n:SEMANTIC_PRESENT	GAP_PRESENT	Content coverage only; no Ozon ranking-weight claim.
2184234912	UNCLEAR::de73134950	богиня лада бусина	AMBIGUOUS_HOLD	ABSENT	ABSENT	SEMANTIC_PRESENT	SEMANTIC_PRESENT	attr_n:SEMANTIC_PRESENT	GAP_PRESENT	Content coverage only; no Ozon ranking-weight claim.
2184234912	UNCLEAR::08acad7e76	богиня лада из дерева	AMBIGUOUS_HOLD	ABSENT	ABSENT	SEMANTIC_PRESENT	SEMANTIC_PRESENT	attr_n:SEMANTIC_PRESENT	GAP_PRESENT	Content coverage only; no Ozon ranking-weight claim.
2184234912	FAMILY::slavic	брелок славянский оберег	FAMILY_RELEVANT	ABSENT	ABSENT	ABSENT	ABSENT		GAP_PRESENT	Content coverage only; no Ozon ranking-weight claim.
2184234912	FAMILY::slavic	бусина славянская	FAMILY_RELEVANT	PARTIAL_PRESENT	ABSENT	SEMANTIC_PRESENT	SEMANTIC_PRESENT	title_n:PARTIAL_PRESENT	GAP_PRESENT	Content coverage only; no Ozon ranking-weight claim.
2184234912	FAMILY::slavic	бусы славянские обереги	FAMILY_RELEVANT	ABSENT	ABSENT	ABSENT	ABSENT		GAP_PRESENT	Content coverage only; no Ozon ranking-weight claim.
2184234912	USE::car_mirror	висюльки в машину на зеркало череп обезьяна	GENERIC_RELEVANT	ABSENT	ABSENT	ABSENT	ABSENT		GAP_PRESENT	Content coverage only; no Ozon ranking-weight claim.
2184234912	USE::car_mirror	девушкам в машину	GENERIC_RELEVANT	ABSENT	ABSENT	SEMANTIC_PRESENT	SEMANTIC_PRESENT	attr_n:SEMANTIC_PRESENT	GAP_PRESENT	Content coverage only; no Ozon ranking-weight claim.
2184234912	VARIANT::звезда лады	звезда лады в машину подвеска	EXACT_PRODUCT	SEMANTIC_PRESENT	SEMANTIC_PRESENT	SEMANTIC_PRESENT	SEMANTIC_PRESENT	title_n:SEMANTIC_PRESENT	NO_GAP	Content coverage only; no Ozon ranking-weight claim.
2184234912	USE::car_mirror	зеркальная защита амулет	GENERIC_RELEVANT	ABSENT	ABSENT	PARTIAL_PRESENT	PARTIAL_PRESENT	attr_n:PARTIAL_PRESENT	GAP_PRESENT	Content coverage only; no Ozon ranking-weight claim.
2184234912	UNCLEAR::38ea3863b2	коловрат	AMBIGUOUS_HOLD	ABSENT	ABSENT	ABSENT	ABSENT		GAP_PRESENT	Content coverage only; no Ozon ranking-weight claim.
2184234912	CLASS::amulet_pendant	коловрат амулет	GENERIC_RELEVANT	ABSENT	ABSENT	ABSENT	ABSENT		GAP_PRESENT	Content coverage only; no Ozon ranking-weight claim.
2184234912	FAMILY::slavic	коловрат славянский	FAMILY_RELEVANT	ABSENT	ABSENT	ABSENT	ABSENT		GAP_PRESENT	Content coverage only; no Ozon ranking-weight claim.
2184234912	USE::protection	кровь и песок оберег	GENERIC_RELEVANT	ABSENT	ABSENT	SEMANTIC_PRESENT	ABSENT	attr_n:SEMANTIC_PRESENT	GAP_PRESENT	Content coverage only; no Ozon ranking-weight claim.
2184234912	USE::protection	оберег	GENERIC_RELEVANT	EXACT_PRESENT	ABSENT	EXACT_PRESENT	EXACT_PRESENT	title_n:EXACT_PRESENT	GAP_PRESENT	Content coverage only; no Ozon ranking-weight claim.
2184234912	USE::car_mirror	оберег в машину	GENERIC_RELEVANT	SEMANTIC_PRESENT	ABSENT	SEMANTIC_PRESENT	SEMANTIC_PRESENT	title_n:SEMANTIC_PRESENT	GAP_PRESENT	Content coverage only; no Ozon ranking-weight claim.
2184234912	USE::protection	оберег для дома	GENERIC_RELEVANT	ABSENT	ABSENT	ABSENT	ABSENT		GAP_PRESENT	Content coverage only; no Ozon ranking-weight claim.
2184234912	USE::protection	обереготсглаза	GENERIC_RELEVANT	ABSENT	ABSENT	EXACT_PRESENT	ABSENT	attr_n:EXACT_PRESENT	GAP_PRESENT	Content coverage only; no Ozon ranking-weight claim.
2184234912	USE::protection	от сглаза	GENERIC_RELEVANT	ABSENT	ABSENT	EXACT_PRESENT	EXACT_PRESENT	attr_n:EXACT_PRESENT	GAP_PRESENT	Content coverage only; no Ozon ranking-weight claim.
2184234912	USE::gift	подарок женщине	AMBIGUOUS_HOLD	ABSENT	ABSENT	SEMANTIC_PRESENT	SEMANTIC_PRESENT	attr_n:SEMANTIC_PRESENT	GAP_PRESENT	Content coverage only; no Ozon ranking-weight claim.
2184234912	USE::gift	подарочный набор для женщин	AMBIGUOUS_HOLD	ABSENT	ABSENT	PARTIAL_PRESENT	PARTIAL_PRESENT	attr_n:PARTIAL_PRESENT	GAP_PRESENT	Content coverage only; no Ozon ranking-weight claim.
2184234912	USE::car_mirror	подвеска в машину	GENERIC_RELEVANT	SEMANTIC_PRESENT	ABSENT	EXACT_PRESENT	SEMANTIC_PRESENT	title_n:SEMANTIC_PRESENT	GAP_PRESENT	Content coverage only; no Ozon ranking-weight claim.
2184234912	USE::car_mirror	подвеска в машину на зеркало	GENERIC_RELEVANT	SEMANTIC_PRESENT	ABSENT	EXACT_PRESENT	SEMANTIC_PRESENT	title_n:SEMANTIC_PRESENT	GAP_PRESENT	Content coverage only; no Ozon ranking-weight claim.
2184234912	USE::car_mirror	подвеска на зеркало в машину	GENERIC_RELEVANT	EXACT_PRESENT	ABSENT	EXACT_PRESENT	SEMANTIC_PRESENT	title_n:EXACT_PRESENT	GAP_PRESENT	Content coverage only; no Ozon ranking-weight claim.
2184234912	CLASS::amulet_pendant	подвеска эзотерика	GENERIC_RELEVANT	ABSENT	ABSENT	ABSENT	ABSENT		GAP_PRESENT	Content coverage only; no Ozon ranking-weight claim.
2184234912	USE::car_mirror	руны в машину	GENERIC_RELEVANT	ABSENT	ABSENT	ABSENT	ABSENT		GAP_PRESENT	Content coverage only; no Ozon ranking-weight claim.
2184234912	UNCLEAR::f8fd3b1d99	сито для муки	AMBIGUOUS_HOLD	ABSENT	ABSENT	ABSENT	ABSENT		GAP_PRESENT	Content coverage only; no Ozon ranking-weight claim.
2184234912	FAMILY::slavic	славянские амулеты обереги	FAMILY_RELEVANT	SEMANTIC_PRESENT	ABSENT	SEMANTIC_PRESENT	SEMANTIC_PRESENT	title_n:SEMANTIC_PRESENT	GAP_PRESENT	Content coverage only; no Ozon ranking-weight claim.
2184234912	FAMILY::slavic	славянские обереги	FAMILY_RELEVANT	SEMANTIC_PRESENT	ABSENT	EXACT_PRESENT	SEMANTIC_PRESENT	title_n:SEMANTIC_PRESENT	GAP_PRESENT	Content coverage only; no Ozon ranking-weight claim.
2184234912	FAMILY::slavic	славянские обереги на шею	FAMILY_RELEVANT	ABSENT	ABSENT	ABSENT	ABSENT		GAP_PRESENT	Content coverage only; no Ozon ranking-weight claim.
2184234912	FAMILY::slavic	славянскиеобереги	FAMILY_RELEVANT	ABSENT	ABSENT	ABSENT	ABSENT		GAP_PRESENT	Content coverage only; no Ozon ranking-weight claim.
2184234912	FAMILY::slavic	славянский оберег	FAMILY_RELEVANT	EXACT_PRESENT	ABSENT	EXACT_PRESENT	EXACT_PRESENT	title_n:EXACT_PRESENT	GAP_PRESENT	Content coverage only; no Ozon ranking-weight claim.
2184234912	USE::protection	талисманы и обереги	GENERIC_RELEVANT	SEMANTIC_PRESENT	ABSENT	SEMANTIC_PRESENT	SEMANTIC_PRESENT	title_n:SEMANTIC_PRESENT	GAP_PRESENT	Content coverage only; no Ozon ranking-weight claim.
2184234912	USE::car_mirror	украшение в машину на зеркало подвеска	GENERIC_RELEVANT	SEMANTIC_PRESENT	ABSENT	SEMANTIC_PRESENT	SEMANTIC_PRESENT	title_n:SEMANTIC_PRESENT	GAP_PRESENT	Content coverage only; no Ozon ranking-weight claim.
2184932293	USE::car_mirror	no pasaran подвеска в машину	GENERIC_RELEVANT	ABSENT	ABSENT	ABSENT	ABSENT		GAP_PRESENT	Content coverage only; no Ozon ranking-weight claim.
2184932293	USE::car_mirror	аксессуары в машину подвесаа зеркал барабан	GENERIC_RELEVANT	ABSENT	ABSENT	ABSENT	ABSENT		GAP_PRESENT	Content coverage only; no Ozon ranking-weight claim.
2184932293	VARIANT::даждьбог	аметист даждьбог	EXACT_PRODUCT	PARTIAL_PRESENT	PARTIAL_PRESENT	PARTIAL_PRESENT	PARTIAL_PRESENT	title_n:PARTIAL_PRESENT	PARTIAL_GAP	Content coverage only; no Ozon ranking-weight claim.
2184932293	USE::car_mirror	амулет с зеркалом	GENERIC_RELEVANT	ABSENT	ABSENT	ABSENT	ABSENT		GAP_PRESENT	Content coverage only; no Ozon ranking-weight claim.
2184932293	CLASS::amulet_pendant	амулеты	GENERIC_RELEVANT	SEMANTIC_PRESENT	ABSENT	EXACT_PRESENT	SEMANTIC_PRESENT	title_n:SEMANTIC_PRESENT	GAP_PRESENT	Content coverage only; no Ozon ranking-weight claim.
2184932293	USE::protection	амулеты обереги и талисманы	GENERIC_RELEVANT	SEMANTIC_PRESENT	ABSENT	EXACT_PRESENT	SEMANTIC_PRESENT	title_n:SEMANTIC_PRESENT	GAP_PRESENT	Content coverage only; no Ozon ranking-weight claim.
2184932293	CLASS::amulet_pendant	амулеты языческие	GENERIC_RELEVANT	ABSENT	ABSENT	ABSENT	ABSENT		GAP_PRESENT	Content coverage only; no Ozon ranking-weight claim.
2184932293	UNCLEAR::9efdfb8855	бог	AMBIGUOUS_HOLD	EXACT_PRESENT	EXACT_PRESENT	EXACT_PRESENT	EXACT_PRESENT	title_n:EXACT_PRESENT	NO_GAP	Content coverage only; no Ozon ranking-weight claim.
2184932293	UNCLEAR::0b1ee2c2f7	бог омулет	AMBIGUOUS_HOLD	ABSENT	ABSENT	PARTIAL_PRESENT	PARTIAL_PRESENT	attr_n:PARTIAL_PRESENT	GAP_PRESENT	Content coverage only; no Ozon ranking-weight claim.
2184932293	FAMILY::slavic	боги славянские	FAMILY_RELEVANT	ABSENT	ABSENT	SEMANTIC_PRESENT	ABSENT	attr_n:SEMANTIC_PRESENT	GAP_PRESENT	Content coverage only; no Ozon ranking-weight claim.
2184932293	UNCLEAR::e9a366ab46	браслет мужской дажьбог	AMBIGUOUS_HOLD	ABSENT	ABSENT	PARTIAL_PRESENT	PARTIAL_PRESENT	attr_n:PARTIAL_PRESENT	GAP_PRESENT	Content coverage only; no Ozon ranking-weight claim.
2184932293	FAMILY::slavic	брелок славянский оберег	FAMILY_RELEVANT	ABSENT	ABSENT	ABSENT	ABSENT		GAP_PRESENT	Content coverage only; no Ozon ranking-weight claim.
2184932293	USE::car_mirror	бусина от сглаза на зеркало машины	GENERIC_RELEVANT	PARTIAL_PRESENT	ABSENT	SEMANTIC_PRESENT	SEMANTIC_PRESENT	title_n:PARTIAL_PRESENT	GAP_PRESENT	Content coverage only; no Ozon ranking-weight claim.
2184932293	UNCLEAR::5e1453983a	бусины деревянные	AMBIGUOUS_HOLD	ABSENT	ABSENT	PARTIAL_PRESENT	PARTIAL_PRESENT	attr_n:PARTIAL_PRESENT	GAP_PRESENT	Content coverage only; no Ozon ranking-weight claim.
2184932293	USE::car_mirror	в машину на зеркало	GENERIC_RELEVANT	SEMANTIC_PRESENT	ABSENT	EXACT_PRESENT	SEMANTIC_PRESENT	title_n:SEMANTIC_PRESENT	GAP_PRESENT	Content coverage only; no Ozon ranking-weight claim.
2184932293	USE::car_mirror	висючка в машину на зеркало люстра	GENERIC_RELEVANT	ABSENT	ABSENT	ABSENT	ABSENT		GAP_PRESENT	Content coverage only; no Ozon ranking-weight claim.
2184932293	USE::car_mirror	висюяка на зеркало в машину хавал	GENERIC_RELEVANT	ABSENT	ABSENT	ABSENT	ABSENT		GAP_PRESENT	Content coverage only; no Ozon ranking-weight claim.
2184932293	USE::car_mirror	во блага подвеска в машину	GENERIC_RELEVANT	ABSENT	ABSENT	ABSENT	ABSENT		GAP_PRESENT	Content coverage only; no Ozon ranking-weight claim.
2184932293	USE::car_mirror	вонючка в машину архангел михаил на зеркало	GENERIC_RELEVANT	ABSENT	ABSENT	ABSENT	ABSENT		GAP_PRESENT	Content coverage only; no Ozon ranking-weight claim.
2184932293	FAMILY::slavic	все в славянском стиле	FAMILY_RELEVANT	PARTIAL_PRESENT	ABSENT	PARTIAL_PRESENT	PARTIAL_PRESENT	title_n:PARTIAL_PRESENT	GAP_PRESENT	Content coverage only; no Ozon ranking-weight claim.
2184932293	VARIANT::даждьбог	даждьбог	EXACT_PRODUCT	EXACT_PRESENT	EXACT_PRESENT	EXACT_PRESENT	EXACT_PRESENT	title_n:EXACT_PRESENT	NO_GAP	Content coverage only; no Ozon ranking-weight claim.
2184932293	VARIANT::даждьбог	даждьбог бусина	EXACT_PRODUCT	PARTIAL_PRESENT	PARTIAL_PRESENT	SEMANTIC_PRESENT	SEMANTIC_PRESENT	title_n:PARTIAL_PRESENT	PARTIAL_GAP	Content coverage only; no Ozon ranking-weight claim.
2184932293	FAMILY::slavic	деревянная языческий славянский символ на	FAMILY_RELEVANT	ABSENT	ABSENT	PARTIAL_PRESENT	PARTIAL_PRESENT	attr_n:PARTIAL_PRESENT	GAP_PRESENT	Content coverage only; no Ozon ranking-weight claim.
2184932293	USE::car_mirror	для салона машины подвеска	GENERIC_RELEVANT	SEMANTIC_PRESENT	ABSENT	SEMANTIC_PRESENT	SEMANTIC_PRESENT	title_n:SEMANTIC_PRESENT	GAP_PRESENT	Content coverage only; no Ozon ranking-weight claim.
2184932293	USE::car_mirror	зеркало	GENERIC_RELEVANT	EXACT_PRESENT	ABSENT	EXACT_PRESENT	SEMANTIC_PRESENT	title_n:EXACT_PRESENT	GAP_PRESENT	Content coverage only; no Ozon ranking-weight claim.
2184932293	USE::car_mirror	зеркало амулет	GENERIC_RELEVANT	SEMANTIC_PRESENT	ABSENT	SEMANTIC_PRESENT	SEMANTIC_PRESENT	title_n:SEMANTIC_PRESENT	GAP_PRESENT	Content coverage only; no Ozon ranking-weight claim.
2184932293	USE::car_mirror	зеркало параболическое для праворульных машин	GENERIC_RELEVANT	PARTIAL_PRESENT	ABSENT	PARTIAL_PRESENT	PARTIAL_PRESENT	title_n:PARTIAL_PRESENT	GAP_PRESENT	Content coverage only; no Ozon ranking-weight claim.
2184932293	USE::car_mirror	зеркальная защита амулет	GENERIC_RELEVANT	ABSENT	ABSENT	PARTIAL_PRESENT	PARTIAL_PRESENT	attr_n:PARTIAL_PRESENT	GAP_PRESENT	Content coverage only; no Ozon ranking-weight claim.
2184932293	USE::car_mirror	кимоно в машину на зеркало самбо	GENERIC_RELEVANT	ABSENT	ABSENT	ABSENT	ABSENT		GAP_PRESENT	Content coverage only; no Ozon ranking-weight claim.
2184932293	USE::car_mirror	красивая подвеска на авто	GENERIC_RELEVANT	ABSENT	ABSENT	ABSENT	ABSENT		GAP_PRESENT	Content coverage only; no Ozon ranking-weight claim.
2184932293	USE::protection	оберег	GENERIC_RELEVANT	EXACT_PRESENT	ABSENT	EXACT_PRESENT	EXACT_PRESENT	title_n:EXACT_PRESENT	GAP_PRESENT	Content coverage only; no Ozon ranking-weight claim.
2184932293	USE::car_mirror	оберег в автомобиль	GENERIC_RELEVANT	SEMANTIC_PRESENT	ABSENT	SEMANTIC_PRESENT	SEMANTIC_PRESENT	title_n:SEMANTIC_PRESENT	GAP_PRESENT	Content coverage only; no Ozon ranking-weight claim.
2184932293	USE::car_mirror	оберег в машину	GENERIC_RELEVANT	SEMANTIC_PRESENT	ABSENT	EXACT_PRESENT	EXACT_PRESENT	title_n:SEMANTIC_PRESENT	GAP_PRESENT	Content coverage only; no Ozon ranking-weight claim.
2184932293	USE::protection	оберег даж бога	GENERIC_RELEVANT	ABSENT	ABSENT	PARTIAL_PRESENT	PARTIAL_PRESENT	attr_n:PARTIAL_PRESENT	GAP_PRESENT	Content coverage only; no Ozon ranking-weight claim.
2184932293	FAMILY::slavic	оберег на машину славянский	FAMILY_RELEVANT	SEMANTIC_PRESENT	ABSENT	SEMANTIC_PRESENT	SEMANTIC_PRESENT	title_n:SEMANTIC_PRESENT	GAP_PRESENT	Content coverage only; no Ozon ranking-weight claim.
2184932293	USE::protection	оберег от сглаза и порчи	GENERIC_RELEVANT	ABSENT	ABSENT	EXACT_PRESENT	SEMANTIC_PRESENT	attr_n:EXACT_PRESENT	GAP_PRESENT	Content coverage only; no Ozon ranking-weight claim.
2184932293	FAMILY::slavic	оберег славянский	FAMILY_RELEVANT	SEMANTIC_PRESENT	ABSENT	SEMANTIC_PRESENT	SEMANTIC_PRESENT	title_n:SEMANTIC_PRESENT	GAP_PRESENT	Content coverage only; no Ozon ranking-weight claim.
2184932293	UNCLEAR::f2f2c15810	песок для благ	AMBIGUOUS_HOLD	ABSENT	ABSENT	SEMANTIC_PRESENT	PARTIAL_PRESENT	attr_n:SEMANTIC_PRESENT	GAP_PRESENT	Content coverage only; no Ozon ranking-weight claim.
2184932293	USE::car_mirror	подвеска в машину	GENERIC_RELEVANT	SEMANTIC_PRESENT	ABSENT	EXACT_PRESENT	EXACT_PRESENT	title_n:SEMANTIC_PRESENT	GAP_PRESENT	Content coverage only; no Ozon ranking-weight claim.
2184932293	USE::car_mirror	подвеска в машину на зеркало инь янь	GENERIC_RELEVANT	ABSENT	ABSENT	ABSENT	ABSENT		GAP_PRESENT	Content coverage only; no Ozon ranking-weight claim.
2184932293	USE::car_mirror	подвеска в машину на зеркало мужская евгений	GENERIC_RELEVANT	ABSENT	ABSENT	PARTIAL_PRESENT	ABSENT	attr_n:PARTIAL_PRESENT	GAP_PRESENT	Content coverage only; no Ozon ranking-weight claim.
2184932293	USE::car_mirror	подвеска в машину на зеркало руна	GENERIC_RELEVANT	ABSENT	ABSENT	ABSENT	ABSENT		GAP_PRESENT	Content coverage only; no Ozon ranking-weight claim.
2184932293	USE::car_mirror	подвеска в машину рука	GENERIC_RELEVANT	ABSENT	ABSENT	ABSENT	ABSENT		GAP_PRESENT	Content coverage only; no Ozon ranking-weight claim.
2184932293	USE::car_mirror	подвеска в машину языческая	GENERIC_RELEVANT	ABSENT	ABSENT	ABSENT	ABSENT		GAP_PRESENT	Content coverage only; no Ozon ranking-weight claim.
2184932293	USE::car_mirror	подвеска зеркало - амулет	GENERIC_RELEVANT	SEMANTIC_PRESENT	ABSENT	SEMANTIC_PRESENT	SEMANTIC_PRESENT	title_n:SEMANTIC_PRESENT	GAP_PRESENT	Content coverage only; no Ozon ranking-weight claim.
2184932293	USE::car_mirror	подвеска на зеркало в машину	GENERIC_RELEVANT	EXACT_PRESENT	ABSENT	EXACT_PRESENT	SEMANTIC_PRESENT	title_n:EXACT_PRESENT	GAP_PRESENT	Content coverage only; no Ozon ranking-weight claim.
2184932293	FAMILY::slavic	славянские	FAMILY_RELEVANT	SEMANTIC_PRESENT	ABSENT	EXACT_PRESENT	SEMANTIC_PRESENT	title_n:SEMANTIC_PRESENT	GAP_PRESENT	Content coverage only; no Ozon ranking-weight claim.
2184932293	FAMILY::slavic	славянские обереги	FAMILY_RELEVANT	SEMANTIC_PRESENT	ABSENT	EXACT_PRESENT	SEMANTIC_PRESENT	title_n:SEMANTIC_PRESENT	GAP_PRESENT	Content coverage only; no Ozon ranking-weight claim.
2184932293	FAMILY::slavic	славянские обереги для мужчин	FAMILY_RELEVANT	ABSENT	ABSENT	SEMANTIC_PRESENT	ABSENT	attr_n:SEMANTIC_PRESENT	GAP_PRESENT	Content coverage only; no Ozon ranking-weight claim.
2184932293	FAMILY::slavic	славянские обереги на шею	FAMILY_RELEVANT	ABSENT	ABSENT	ABSENT	ABSENT		GAP_PRESENT	Content coverage only; no Ozon ranking-weight claim.
2184932293	FAMILY::slavic	славянский оберег	FAMILY_RELEVANT	EXACT_PRESENT	ABSENT	EXACT_PRESENT	EXACT_PRESENT	title_n:EXACT_PRESENT	GAP_PRESENT	Content coverage only; no Ozon ranking-weight claim.
2184932293	FAMILY::slavic	славянское солнце	FAMILY_RELEVANT	PARTIAL_PRESENT	ABSENT	SEMANTIC_PRESENT	SEMANTIC_PRESENT	title_n:PARTIAL_PRESENT	GAP_PRESENT	Content coverage only; no Ozon ranking-weight claim.
2184932293	USE::car_mirror	украшение в машину на зеркало оберег	GENERIC_RELEVANT	SEMANTIC_PRESENT	ABSENT	SEMANTIC_PRESENT	SEMANTIC_PRESENT	title_n:SEMANTIC_PRESENT	GAP_PRESENT	Content coverage only; no Ozon ranking-weight claim.
2184932293	USE::car_mirror	языческие аксессуары в машину	GENERIC_RELEVANT	ABSENT	ABSENT	ABSENT	ABSENT		GAP_PRESENT	Content coverage only; no Ozon ranking-weight claim.
2186766628	USE::car_mirror	аксессуары в машину на зеркало подвеска	GENERIC_RELEVANT	SEMANTIC_PRESENT	ABSENT	SEMANTIC_PRESENT	SEMANTIC_PRESENT	title_n:SEMANTIC_PRESENT	GAP_PRESENT	Content coverage only; no Ozon ranking-weight claim.
2186766628	USE::car_mirror	аксессуары для автомобиля подвеска на зеркало	GENERIC_RELEVANT	ABSENT	ABSENT	SEMANTIC_PRESENT	SEMANTIC_PRESENT	attr_n:SEMANTIC_PRESENT	GAP_PRESENT	Content coverage only; no Ozon ranking-weight claim.
2186766628	USE::car_mirror	амулет кулон - зеркало	GENERIC_RELEVANT	ABSENT	ABSENT	ABSENT	ABSENT		GAP_PRESENT	Content coverage only; no Ozon ranking-weight claim.
2186766628	USE::protection	амулеты обереги и талисманы	GENERIC_RELEVANT	SEMANTIC_PRESENT	ABSENT	EXACT_PRESENT	SEMANTIC_PRESENT	title_n:SEMANTIC_PRESENT	GAP_PRESENT	Content coverage only; no Ozon ranking-weight claim.
2186766628	USE::car_mirror	брелок в машину на зеркало плавец	GENERIC_RELEVANT	ABSENT	ABSENT	ABSENT	ABSENT		GAP_PRESENT	Content coverage only; no Ozon ranking-weight claim.
2186766628	USE::car_mirror	брелок в машину на зеркало пушистики	GENERIC_RELEVANT	ABSENT	ABSENT	ABSENT	ABSENT		GAP_PRESENT	Content coverage only; no Ozon ranking-weight claim.
2186766628	ZODIAC_SIGN::телец	брелок телец деревянный	STRONG_PRODUCT	PARTIAL_PRESENT	PARTIAL_PRESENT	PARTIAL_PRESENT	PARTIAL_PRESENT	title_n:PARTIAL_PRESENT	PARTIAL_GAP	Content coverage only; no Ozon ranking-weight claim.
2186766628	ZODIAC_SIGN::телец	брошь телец	STRONG_PRODUCT	PARTIAL_PRESENT	PARTIAL_PRESENT	PARTIAL_PRESENT	PARTIAL_PRESENT	title_n:PARTIAL_PRESENT	PARTIAL_GAP	Content coverage only; no Ozon ranking-weight claim.
2186766628	UNCLEAR::b2e5942dcd	бусины диаметр 1 см	AMBIGUOUS_HOLD	ABSENT	ABSENT	PARTIAL_PRESENT	PARTIAL_PRESENT	attr_n:PARTIAL_PRESENT	GAP_PRESENT	Content coverage only; no Ozon ranking-weight claim.
2186766628	USE::protection	бусы оберег	GENERIC_RELEVANT	ABSENT	ABSENT	ABSENT	ABSENT		GAP_PRESENT	Content coverage only; no Ozon ranking-weight claim.
2186766628	USE::car_mirror	в машину амулет	GENERIC_RELEVANT	SEMANTIC_PRESENT	ABSENT	SEMANTIC_PRESENT	SEMANTIC_PRESENT	title_n:SEMANTIC_PRESENT	GAP_PRESENT	Content coverage only; no Ozon ranking-weight claim.
2186766628	USE::car_mirror	в машину подвеска	GENERIC_RELEVANT	SEMANTIC_PRESENT	ABSENT	EXACT_PRESENT	SEMANTIC_PRESENT	title_n:SEMANTIC_PRESENT	GAP_PRESENT	Content coverage only; no Ozon ranking-weight claim.
2186766628	USE::car_mirror	в машину украшение на зеркало	GENERIC_RELEVANT	SEMANTIC_PRESENT	ABSENT	SEMANTIC_PRESENT	SEMANTIC_PRESENT	title_n:SEMANTIC_PRESENT	GAP_PRESENT	Content coverage only; no Ozon ranking-weight claim.
2186766628	USE::car_mirror	висюяка на зеркало в машину хавал	GENERIC_RELEVANT	ABSENT	ABSENT	ABSENT	ABSENT		GAP_PRESENT	Content coverage only; no Ozon ranking-weight claim.
2186766628	USE::car_mirror	для подвески зеркала	GENERIC_RELEVANT	SEMANTIC_PRESENT	ABSENT	SEMANTIC_PRESENT	SEMANTIC_PRESENT	title_n:SEMANTIC_PRESENT	GAP_PRESENT	Content coverage only; no Ozon ranking-weight claim.
2186766628	UNCLEAR::ec66302456	для тельцов	AMBIGUOUS_HOLD	ABSENT	ABSENT	ABSENT	ABSENT		GAP_PRESENT	Content coverage only; no Ozon ranking-weight claim.
2186766628	USE::car_mirror	енот десантник в машину подвеска	GENERIC_RELEVANT	ABSENT	ABSENT	ABSENT	ABSENT		GAP_PRESENT	Content coverage only; no Ozon ranking-weight claim.
2186766628	ZODIAC_SIGN::телец	зажигалка телец	STRONG_PRODUCT	PARTIAL_PRESENT	PARTIAL_PRESENT	PARTIAL_PRESENT	PARTIAL_PRESENT	title_n:PARTIAL_PRESENT	PARTIAL_GAP	Content coverage only; no Ozon ranking-weight claim.
2186766628	USE::car_mirror	зеркало толи	GENERIC_RELEVANT	ABSENT	ABSENT	ABSENT	ABSENT		GAP_PRESENT	Content coverage only; no Ozon ranking-weight claim.
2186766628	USE::car_mirror	зеркальный топпер тел	GENERIC_RELEVANT	ABSENT	ABSENT	ABSENT	ABSENT		GAP_PRESENT	Content coverage only; no Ozon ranking-weight claim.
2186766628	FAMILY::zodiac	знаки зодиака кулоны	FAMILY_RELEVANT	ABSENT	ABSENT	ABSENT	ABSENT		GAP_PRESENT	Content coverage only; no Ozon ranking-weight claim.
2186766628	USE::car_mirror	крестик в машину на зеркало освешеный	GENERIC_RELEVANT	ABSENT	ABSENT	ABSENT	ABSENT		GAP_PRESENT	Content coverage only; no Ozon ranking-weight claim.
2186766628	ZODIAC_SIGN::телец	кулон подвеска телец мужской	EXACT_PRODUCT	PARTIAL_PRESENT	PARTIAL_PRESENT	PARTIAL_PRESENT	PARTIAL_PRESENT	title_n:PARTIAL_PRESENT	PARTIAL_GAP	Content coverage only; no Ozon ranking-weight claim.
2186766628	USE::car_mirror	купить подвеску на зеркало в машину	GENERIC_RELEVANT	SEMANTIC_PRESENT	ABSENT	SEMANTIC_PRESENT	SEMANTIC_PRESENT	title_n:SEMANTIC_PRESENT	GAP_PRESENT	Content coverage only; no Ozon ranking-weight claim.
2186766628	USE::car_mirror	магическое зеркало	GENERIC_RELEVANT	ABSENT	ABSENT	ABSENT	ABSENT		GAP_PRESENT	Content coverage only; no Ozon ranking-weight claim.
2186766628	USE::car_mirror	мешочек со смехом подвеска в машину	GENERIC_RELEVANT	ABSENT	ABSENT	ABSENT	ABSENT		GAP_PRESENT	Content coverage only; no Ozon ranking-weight claim.
2186766628	USE::car_mirror	на зеркало в машину подвеска уголовный розыск	GENERIC_RELEVANT	ABSENT	ABSENT	ABSENT	ABSENT		GAP_PRESENT	Content coverage only; no Ozon ranking-weight claim.
2186766628	USE::car_mirror	наклейкана машину тилец	GENERIC_RELEVANT	ABSENT	ABSENT	ABSENT	ABSENT		GAP_PRESENT	Content coverage only; no Ozon ranking-weight claim.
2186766628	ZODIAC_SIGN::телец	нашивка телец	STRONG_PRODUCT	PARTIAL_PRESENT	PARTIAL_PRESENT	PARTIAL_PRESENT	PARTIAL_PRESENT	title_n:PARTIAL_PRESENT	PARTIAL_GAP	Content coverage only; no Ozon ranking-weight claim.
2186766628	ZODIAC_SIGN::телец	нашивкатна рюкзак телец	STRONG_PRODUCT	PARTIAL_PRESENT	PARTIAL_PRESENT	PARTIAL_PRESENT	PARTIAL_PRESENT	title_n:PARTIAL_PRESENT	PARTIAL_GAP	Content coverage only; no Ozon ranking-weight claim.
2186766628	ZODIAC_SIGN::телец	обвес бусы телец	STRONG_PRODUCT	PARTIAL_PRESENT	PARTIAL_PRESENT	PARTIAL_PRESENT	PARTIAL_PRESENT	title_n:PARTIAL_PRESENT	PARTIAL_GAP	Content coverage only; no Ozon ranking-weight claim.
2186766628	USE::protection	оберег	GENERIC_RELEVANT	EXACT_PRESENT	ABSENT	EXACT_PRESENT	EXACT_PRESENT	title_n:EXACT_PRESENT	GAP_PRESENT	Content coverage only; no Ozon ranking-weight claim.
2186766628	USE::car_mirror	оберег в машину	GENERIC_RELEVANT	SEMANTIC_PRESENT	ABSENT	SEMANTIC_PRESENT	SEMANTIC_PRESENT	title_n:SEMANTIC_PRESENT	GAP_PRESENT	Content coverage only; no Ozon ranking-weight claim.
2186766628	USE::car_mirror	оберег в машину от гибдд фига	GENERIC_RELEVANT	ABSENT	ABSENT	ABSENT	ABSENT		GAP_PRESENT	Content coverage only; no Ozon ranking-weight claim.
2186766628	USE::car_mirror	оберег для друга татарина в машину	GENERIC_RELEVANT	ABSENT	ABSENT	ABSENT	ABSENT		GAP_PRESENT	Content coverage only; no Ozon ranking-weight claim.
2186766628	ZODIAC_SIGN::телец	оберег на руку телец	EXACT_PRODUCT	PARTIAL_PRESENT	PARTIAL_PRESENT	PARTIAL_PRESENT	PARTIAL_PRESENT	title_n:PARTIAL_PRESENT	PARTIAL_GAP	Content coverage only; no Ozon ranking-weight claim.
2186766628	USE::car_mirror	оберег подвеска в машину	GENERIC_RELEVANT	SEMANTIC_PRESENT	ABSENT	SEMANTIC_PRESENT	SEMANTIC_PRESENT	title_n:SEMANTIC_PRESENT	GAP_PRESENT	Content coverage only; no Ozon ranking-weight claim.
2186766628	USE::car_mirror	обереги мужские в жорогу , в машину подвеска	GENERIC_RELEVANT	ABSENT	ABSENT	ABSENT	ABSENT		GAP_PRESENT	Content coverage only; no Ozon ranking-weight claim.
2186766628	USE::car_mirror	подарок подвеска в машину	GENERIC_RELEVANT	SEMANTIC_PRESENT	ABSENT	SEMANTIC_PRESENT	SEMANTIC_PRESENT	title_n:SEMANTIC_PRESENT	GAP_PRESENT	Content coverage only; no Ozon ranking-weight claim.
2186766628	CLASS::amulet_pendant	подвеска	GENERIC_RELEVANT	EXACT_PRESENT	ABSENT	EXACT_PRESENT	EXACT_PRESENT	title_n:EXACT_PRESENT	GAP_PRESENT	Content coverage only; no Ozon ranking-weight claim.
2186766628	USE::car_mirror	подвеска в автомобиль	GENERIC_RELEVANT	SEMANTIC_PRESENT	ABSENT	SEMANTIC_PRESENT	SEMANTIC_PRESENT	title_n:SEMANTIC_PRESENT	GAP_PRESENT	Content coverage only; no Ozon ranking-weight claim.
2186766628	USE::car_mirror	подвеска в автомобиль зеркало	GENERIC_RELEVANT	SEMANTIC_PRESENT	ABSENT	SEMANTIC_PRESENT	SEMANTIC_PRESENT	title_n:SEMANTIC_PRESENT	GAP_PRESENT	Content coverage only; no Ozon ranking-weight claim.
2186766628	USE::car_mirror	подвеска в машину	GENERIC_RELEVANT	SEMANTIC_PRESENT	ABSENT	EXACT_PRESENT	SEMANTIC_PRESENT	title_n:SEMANTIC_PRESENT	GAP_PRESENT	Content coverage only; no Ozon ranking-weight claim.
2186766628	USE::car_mirror	подвеска в машину бутцы арсенал	GENERIC_RELEVANT	ABSENT	ABSENT	ABSENT	ABSENT		GAP_PRESENT	Content coverage only; no Ozon ranking-weight claim.
2186766628	USE::car_mirror	подвеска в машину на зеркало ма ка крик	GENERIC_RELEVANT	ABSENT	ABSENT	ABSENT	ABSENT		GAP_PRESENT	Content coverage only; no Ozon ranking-weight claim.
2186766628	ZODIAC_SIGN::телец	подвеска в машину на зеркало телец	EXACT_PRODUCT	SEMANTIC_PRESENT	SEMANTIC_PRESENT	SEMANTIC_PRESENT	SEMANTIC_PRESENT	title_n:SEMANTIC_PRESENT	NO_GAP	Content coverage only; no Ozon ranking-weight claim.
2186766628	USE::car_mirror	подвеска на зеркало	GENERIC_RELEVANT	EXACT_PRESENT	ABSENT	EXACT_PRESENT	EXACT_PRESENT	title_n:EXACT_PRESENT	GAP_PRESENT	Content coverage only; no Ozon ranking-weight claim.
2186766628	USE::car_mirror	подвеска на зеркало в машину	GENERIC_RELEVANT	EXACT_PRESENT	ABSENT	EXACT_PRESENT	EXACT_PRESENT	title_n:EXACT_PRESENT	GAP_PRESENT	Content coverage only; no Ozon ranking-weight claim.
2186766628	ZODIAC_SIGN::телец	подвеска телец	EXACT_PRODUCT	SEMANTIC_PRESENT	SEMANTIC_PRESENT	SEMANTIC_PRESENT	SEMANTIC_PRESENT	title_n:SEMANTIC_PRESENT	NO_GAP	Content coverage only; no Ozon ranking-weight claim.
2186766628	USE::protection	талисман	GENERIC_RELEVANT	EXACT_PRESENT	ABSENT	EXACT_PRESENT	EXACT_PRESENT	title_n:EXACT_PRESENT	GAP_PRESENT	Content coverage only; no Ozon ranking-weight claim.
2186766628	ZODIAC_SIGN::телец	телец	STRONG_PRODUCT	EXACT_PRESENT	EXACT_PRESENT	EXACT_PRESENT	EXACT_PRESENT	title_n:EXACT_PRESENT	NO_GAP	Content coverage only; no Ozon ranking-weight claim.
2186766628	ZODIAC_SIGN::телец	телец значок	STRONG_PRODUCT	PARTIAL_PRESENT	PARTIAL_PRESENT	PARTIAL_PRESENT	PARTIAL_PRESENT	title_n:PARTIAL_PRESENT	PARTIAL_GAP	Content coverage only; no Ozon ranking-weight claim.
2186766628	USE::car_mirror	четки в автомобиль	GENERIC_RELEVANT	SEMANTIC_PRESENT	ABSENT	SEMANTIC_PRESENT	SEMANTIC_PRESENT	title_n:SEMANTIC_PRESENT	GAP_PRESENT	Content coverage only; no Ozon ranking-weight claim.
2186766628	USE::car_mirror	четки в машину	GENERIC_RELEVANT	SEMANTIC_PRESENT	ABSENT	SEMANTIC_PRESENT	SEMANTIC_PRESENT	title_n:SEMANTIC_PRESENT	GAP_PRESENT	Content coverage only; no Ozon ranking-weight claim.
2186766628	CLASS::beads	четки н	GENERIC_RELEVANT	SEMANTIC_PRESENT	ABSENT	SEMANTIC_PRESENT	SEMANTIC_PRESENT	title_n:SEMANTIC_PRESENT	GAP_PRESENT	Content coverage only; no Ozon ranking-weight claim.
2186796339	USE::car_mirror	амулет в машину на зеркало мужской	GENERIC_RELEVANT	SEMANTIC_PRESENT	ABSENT	SEMANTIC_PRESENT	SEMANTIC_PRESENT	title_n:SEMANTIC_PRESENT	GAP_PRESENT	Content coverage only; no Ozon ranking-weight claim.
2186796339	ZODIAC_SIGN::рак	амулеты на шею рак мужские	EXACT_PRODUCT	PARTIAL_PRESENT	PARTIAL_PRESENT	PARTIAL_PRESENT	PARTIAL_PRESENT	title_n:PARTIAL_PRESENT	PARTIAL_GAP	Content coverage only; no Ozon ranking-weight claim.
2186796339	USE::car_mirror	висюлька на зеркало в машину белая пушистая	GENERIC_RELEVANT	ABSENT	ABSENT	ABSENT	ABSENT		GAP_PRESENT	Content coverage only; no Ozon ranking-weight claim.
2186796339	USE::car_mirror	голова хищника в машину подвеска	GENERIC_RELEVANT	ABSENT	ABSENT	ABSENT	ABSENT		GAP_PRESENT	Content coverage only; no Ozon ranking-weight claim.
2186796339	USE::car_mirror	зеркало толи	GENERIC_RELEVANT	ABSENT	ABSENT	ABSENT	ABSENT		GAP_PRESENT	Content coverage only; no Ozon ranking-weight claim.
2186796339	FAMILY::zodiac	знаки зодиака из дерева	FAMILY_RELEVANT	ABSENT	ABSENT	SEMANTIC_PRESENT	SEMANTIC_PRESENT	attr_n:SEMANTIC_PRESENT	GAP_PRESENT	Content coverage only; no Ozon ranking-weight claim.
2186796339	ZODIAC_SIGN::рак	знаки зодиака фигурки рак	EXACT_PRODUCT	PARTIAL_PRESENT	PARTIAL_PRESENT	PARTIAL_PRESENT	PARTIAL_PRESENT	title_n:PARTIAL_PRESENT	PARTIAL_GAP	Content coverage only; no Ozon ranking-weight claim.
2186796339	USE::car_mirror	кулон автомобиль	GENERIC_RELEVANT	ABSENT	ABSENT	ABSENT	ABSENT		GAP_PRESENT	Content coverage only; no Ozon ranking-weight claim.
2186796339	ZODIAC_SIGN::рак	кулон зеркалом со знаком рак зеркало	EXACT_PRODUCT	PARTIAL_PRESENT	PARTIAL_PRESENT	PARTIAL_PRESENT	PARTIAL_PRESENT	title_n:PARTIAL_PRESENT	PARTIAL_GAP	Content coverage only; no Ozon ranking-weight claim.
2186796339	CLASS::beads	кулон четки	GENERIC_RELEVANT	ABSENT	ABSENT	ABSENT	ABSENT		GAP_PRESENT	Content coverage only; no Ozon ranking-weight claim.
2186796339	USE::car_mirror	машину четки	GENERIC_RELEVANT	SEMANTIC_PRESENT	ABSENT	SEMANTIC_PRESENT	SEMANTIC_PRESENT	title_n:SEMANTIC_PRESENT	GAP_PRESENT	Content coverage only; no Ozon ranking-weight claim.
2186796339	USE::car_mirror	на дифлектоп араматизатор в машину знак задиака	GENERIC_RELEVANT	ABSENT	ABSENT	ABSENT	ABSENT		GAP_PRESENT	Content coverage only; no Ozon ranking-weight claim.
2186796339	USE::car_mirror	на зеркало автомобиля подвеска красная	GENERIC_RELEVANT	ABSENT	ABSENT	PARTIAL_PRESENT	PARTIAL_PRESENT	attr_n:PARTIAL_PRESENT	GAP_PRESENT	Content coverage only; no Ozon ranking-weight claim.
2186796339	USE::car_mirror	на зеркало в машину украшение	GENERIC_RELEVANT	SEMANTIC_PRESENT	ABSENT	SEMANTIC_PRESENT	SEMANTIC_PRESENT	title_n:SEMANTIC_PRESENT	GAP_PRESENT	Content coverage only; no Ozon ranking-weight claim.
2186796339	USE::car_mirror	на зеркало украшение в машину	GENERIC_RELEVANT	SEMANTIC_PRESENT	ABSENT	SEMANTIC_PRESENT	SEMANTIC_PRESENT	title_n:SEMANTIC_PRESENT	GAP_PRESENT	Content coverage only; no Ozon ranking-weight claim.
2186796339	ZODIAC_SIGN::рак	ниша под стиральную машинку и рак	EXACT_PRODUCT	PARTIAL_PRESENT	PARTIAL_PRESENT	PARTIAL_PRESENT	PARTIAL_PRESENT	title_n:PARTIAL_PRESENT	PARTIAL_GAP	Content coverage only; no Ozon ranking-weight claim.
2186796339	USE::car_mirror	о.берег в машину	GENERIC_RELEVANT	ABSENT	ABSENT	ABSENT	ABSENT		GAP_PRESENT	Content coverage only; no Ozon ranking-weight claim.
2186796339	ZODIAC_SIGN::рак	обвес на сумку рак	STRONG_PRODUCT	PARTIAL_PRESENT	PARTIAL_PRESENT	PARTIAL_PRESENT	PARTIAL_PRESENT	title_n:PARTIAL_PRESENT	PARTIAL_GAP	Content coverage only; no Ozon ranking-weight claim.
2186796339	USE::protection	оберег	GENERIC_RELEVANT	EXACT_PRESENT	ABSENT	EXACT_PRESENT	EXACT_PRESENT	title_n:EXACT_PRESENT	GAP_PRESENT	Content coverage only; no Ozon ranking-weight claim.
2186796339	USE::protection	оберег деревянный	GENERIC_RELEVANT	SEMANTIC_PRESENT	ABSENT	SEMANTIC_PRESENT	SEMANTIC_PRESENT	title_n:SEMANTIC_PRESENT	GAP_PRESENT	Content coverage only; no Ozon ranking-weight claim.
2186796339	USE::car_mirror	оберег для авто	GENERIC_RELEVANT	SEMANTIC_PRESENT	ABSENT	SEMANTIC_PRESENT	SEMANTIC_PRESENT	title_n:SEMANTIC_PRESENT	GAP_PRESENT	Content coverage only; no Ozon ranking-weight claim.
2186796339	USE::protection	оберег для рака	GENERIC_RELEVANT	ABSENT	ABSENT	ABSENT	ABSENT		GAP_PRESENT	Content coverage only; no Ozon ranking-weight claim.
2186796339	USE::car_mirror	подвеска в автомобиль	GENERIC_RELEVANT	SEMANTIC_PRESENT	ABSENT	SEMANTIC_PRESENT	SEMANTIC_PRESENT	title_n:SEMANTIC_PRESENT	GAP_PRESENT	Content coverage only; no Ozon ranking-weight claim.
2186796339	USE::car_mirror	подвеска в машину	GENERIC_RELEVANT	SEMANTIC_PRESENT	ABSENT	EXACT_PRESENT	SEMANTIC_PRESENT	title_n:SEMANTIC_PRESENT	GAP_PRESENT	Content coverage only; no Ozon ranking-weight claim.
2186796339	USE::car_mirror	подвеска в машину для мужч	GENERIC_RELEVANT	ABSENT	ABSENT	ABSENT	ABSENT		GAP_PRESENT	Content coverage only; no Ozon ranking-weight claim.
2186796339	USE::car_mirror	подвеска в машину на зеркало	GENERIC_RELEVANT	SEMANTIC_PRESENT	ABSENT	EXACT_PRESENT	SEMANTIC_PRESENT	title_n:SEMANTIC_PRESENT	GAP_PRESENT	Content coverage only; no Ozon ranking-weight claim.
2186796339	USE::car_mirror	подвеска в машину на зеркало 18	GENERIC_RELEVANT	ABSENT	ABSENT	ABSENT	ABSENT		GAP_PRESENT	Content coverage only; no Ozon ranking-weight claim.
2186796339	USE::car_mirror	подвеска в машину на зеркало в грузовик	GENERIC_RELEVANT	ABSENT	ABSENT	ABSENT	ABSENT		GAP_PRESENT	Content coverage only; no Ozon ranking-weight claim.
2186796339	USE::car_mirror	подвеска в машину на зеркало питбуль	GENERIC_RELEVANT	ABSENT	ABSENT	ABSENT	ABSENT		GAP_PRESENT	Content coverage only; no Ozon ranking-weight claim.
2186796339	ZODIAC_SIGN::рак	подвеска в машину на зеркало рак	EXACT_PRODUCT	SEMANTIC_PRESENT	SEMANTIC_PRESENT	SEMANTIC_PRESENT	SEMANTIC_PRESENT	title_n:SEMANTIC_PRESENT	NO_GAP	Content coverage only; no Ozon ranking-weight claim.
2186796339	USE::car_mirror	подвеска в машину на зеркало ссср	GENERIC_RELEVANT	ABSENT	ABSENT	ABSENT	ABSENT		GAP_PRESENT	Content coverage only; no Ozon ranking-weight claim.
2186796339	USE::car_mirror	подвеска в машину на зеркало юрта	GENERIC_RELEVANT	ABSENT	ABSENT	ABSENT	ABSENT		GAP_PRESENT	Content coverage only; no Ozon ranking-weight claim.
2186796339	USE::car_mirror	подвеска зеркало - амулет	GENERIC_RELEVANT	SEMANTIC_PRESENT	ABSENT	SEMANTIC_PRESENT	SEMANTIC_PRESENT	title_n:SEMANTIC_PRESENT	GAP_PRESENT	Content coverage only; no Ozon ranking-weight claim.
2186796339	FAMILY::zodiac	подвеска знак зодиака соколов	FAMILY_RELEVANT	ABSENT	ABSENT	ABSENT	ABSENT		GAP_PRESENT	Content coverage only; no Ozon ranking-weight claim.
2186796339	CLASS::amulet_pendant	подвеска коз	GENERIC_RELEVANT	ABSENT	ABSENT	ABSENT	ABSENT		GAP_PRESENT	Content coverage only; no Ozon ranking-weight claim.
2186796339	USE::car_mirror	подвеска на авто зерколо	GENERIC_RELEVANT	ABSENT	ABSENT	ABSENT	ABSENT		GAP_PRESENT	Content coverage only; no Ozon ranking-weight claim.
2186796339	USE::car_mirror	подвеска на зеркало	GENERIC_RELEVANT	EXACT_PRESENT	ABSENT	EXACT_PRESENT	EXACT_PRESENT	title_n:EXACT_PRESENT	GAP_PRESENT	Content coverage only; no Ozon ranking-weight claim.
2186796339	USE::car_mirror	подвеска на зеркало автомобиля	GENERIC_RELEVANT	ABSENT	ABSENT	SEMANTIC_PRESENT	SEMANTIC_PRESENT	attr_n:SEMANTIC_PRESENT	GAP_PRESENT	Content coverage only; no Ozon ranking-weight claim.
2186796339	USE::car_mirror	подвеска на зеркало в машину	GENERIC_RELEVANT	EXACT_PRESENT	ABSENT	EXACT_PRESENT	EXACT_PRESENT	title_n:EXACT_PRESENT	GAP_PRESENT	Content coverage only; no Ozon ranking-weight claim.
2186796339	USE::car_mirror	подвеска на зеркало в машину питбуль	GENERIC_RELEVANT	ABSENT	ABSENT	ABSENT	ABSENT		GAP_PRESENT	Content coverage only; no Ozon ranking-weight claim.
2186796339	USE::car_mirror	подвеска на машину	GENERIC_RELEVANT	SEMANTIC_PRESENT	ABSENT	SEMANTIC_PRESENT	SEMANTIC_PRESENT	title_n:SEMANTIC_PRESENT	GAP_PRESENT	Content coverage only; no Ozon ranking-weight claim.
2186796339	ZODIAC_SIGN::рак	подвеска рак	EXACT_PRODUCT	SEMANTIC_PRESENT	SEMANTIC_PRESENT	SEMANTIC_PRESENT	SEMANTIC_PRESENT	title_n:SEMANTIC_PRESENT	NO_GAP	Content coverage only; no Ozon ranking-weight claim.
2186796339	ZODIAC_SIGN::рак	подвеска рак большая	EXACT_PRODUCT	PARTIAL_PRESENT	PARTIAL_PRESENT	PARTIAL_PRESENT	PARTIAL_PRESENT	title_n:PARTIAL_PRESENT	PARTIAL_GAP	Content coverage only; no Ozon ranking-weight claim.
2186796339	ZODIAC_SIGN::рак	подвески в авто рак	EXACT_PRODUCT	SEMANTIC_PRESENT	SEMANTIC_PRESENT	SEMANTIC_PRESENT	SEMANTIC_PRESENT	title_n:SEMANTIC_PRESENT	NO_GAP	Content coverage only; no Ozon ranking-weight claim.
2186796339	ZODIAC_SIGN::рак	рак	STRONG_PRODUCT	EXACT_PRESENT	EXACT_PRESENT	EXACT_PRESENT	EXACT_PRESENT	title_n:EXACT_PRESENT	NO_GAP	Content coverage only; no Ozon ranking-weight claim.
2186796339	UNCLEAR::7690264902	рака ловки	AMBIGUOUS_HOLD	ABSENT	ABSENT	ABSENT	ABSENT		GAP_PRESENT	Content coverage only; no Ozon ranking-weight claim.
2186796339	USE::protection	талисман	GENERIC_RELEVANT	EXACT_PRESENT	ABSENT	EXACT_PRESENT	EXACT_PRESENT	title_n:EXACT_PRESENT	GAP_PRESENT	Content coverage only; no Ozon ranking-weight claim.
2186796339	USE::car_mirror	талисман в машину женский	GENERIC_RELEVANT	ABSENT	ABSENT	ABSENT	ABSENT		GAP_PRESENT	Content coverage only; no Ozon ranking-weight claim.
2186796339	USE::car_mirror	талисман в машину на зеркало	GENERIC_RELEVANT	SEMANTIC_PRESENT	ABSENT	SEMANTIC_PRESENT	SEMANTIC_PRESENT	title_n:SEMANTIC_PRESENT	GAP_PRESENT	Content coverage only; no Ozon ranking-weight claim.
2186796339	FAMILY::zodiac	худи со знаком зодиака	FAMILY_RELEVANT	PARTIAL_PRESENT	PARTIAL_PRESENT	PARTIAL_PRESENT	PARTIAL_PRESENT	title_n:PARTIAL_PRESENT	PARTIAL_GAP	Content coverage only; no Ozon ranking-weight claim.
2186796339	USE::car_mirror	четки в автомобиль	GENERIC_RELEVANT	SEMANTIC_PRESENT	ABSENT	SEMANTIC_PRESENT	SEMANTIC_PRESENT	title_n:SEMANTIC_PRESENT	GAP_PRESENT	Content coverage only; no Ozon ranking-weight claim.
2186796339	USE::car_mirror	четки в машину	GENERIC_RELEVANT	SEMANTIC_PRESENT	ABSENT	SEMANTIC_PRESENT	SEMANTIC_PRESENT	title_n:SEMANTIC_PRESENT	GAP_PRESENT	Content coverage only; no Ozon ranking-weight claim.
2186796339	USE::car_mirror	четки в машину на зеркало	GENERIC_RELEVANT	SEMANTIC_PRESENT	ABSENT	SEMANTIC_PRESENT	SEMANTIC_PRESENT	title_n:SEMANTIC_PRESENT	GAP_PRESENT	Content coverage only; no Ozon ranking-weight claim.
2186796339	CLASS::beads	четки н	GENERIC_RELEVANT	SEMANTIC_PRESENT	ABSENT	SEMANTIC_PRESENT	SEMANTIC_PRESENT	title_n:SEMANTIC_PRESENT	GAP_PRESENT	Content coverage only; no Ozon ranking-weight claim.
2186802133	USE::car_mirror	амулет в машину	GENERIC_RELEVANT	SEMANTIC_PRESENT	ABSENT	SEMANTIC_PRESENT	SEMANTIC_PRESENT	title_n:SEMANTIC_PRESENT	GAP_PRESENT	Content coverage only; no Ozon ranking-weight claim.
2186802133	ZODIAC_SIGN::весы	амулеты обереги и талисманы по знаку зодиака весы	EXACT_PRODUCT	PARTIAL_PRESENT	PARTIAL_PRESENT	PARTIAL_PRESENT	PARTIAL_PRESENT	title_n:PARTIAL_PRESENT	PARTIAL_GAP	Content coverage only; no Ozon ranking-weight claim.
2186802133	USE::car_mirror	аодвеска зеркало	GENERIC_RELEVANT	ABSENT	ABSENT	ABSENT	ABSENT		GAP_PRESENT	Content coverage only; no Ozon ranking-weight claim.
2186802133	USE::car_mirror	брелок в машину на зеркало пушистики	GENERIC_RELEVANT	ABSENT	ABSENT	ABSENT	ABSENT		GAP_PRESENT	Content coverage only; no Ozon ranking-weight claim.
2186802133	ZODIAC_SIGN::весы	бусина знак зодиака весы	EXACT_PRODUCT	PARTIAL_PRESENT	PARTIAL_PRESENT	SEMANTIC_PRESENT	SEMANTIC_PRESENT	title_n:PARTIAL_PRESENT	PARTIAL_GAP	Content coverage only; no Ozon ranking-weight claim.
2186802133	ZODIAC_SIGN::весы	весы	STRONG_PRODUCT	EXACT_PRESENT	EXACT_PRESENT	EXACT_PRESENT	EXACT_PRESENT	title_n:EXACT_PRESENT	NO_GAP	Content coverage only; no Ozon ranking-weight claim.
2186802133	ZODIAC_SIGN::весы	весы амулет на стол	EXACT_PRODUCT	PARTIAL_PRESENT	PARTIAL_PRESENT	PARTIAL_PRESENT	PARTIAL_PRESENT	title_n:PARTIAL_PRESENT	PARTIAL_GAP	Content coverage only; no Ozon ranking-weight claim.
2186802133	ZODIAC_SIGN::весы	весы в машину лексус	EXACT_PRODUCT	PARTIAL_PRESENT	PARTIAL_PRESENT	PARTIAL_PRESENT	PARTIAL_PRESENT	title_n:PARTIAL_PRESENT	PARTIAL_GAP	Content coverage only; no Ozon ranking-weight claim.
2186802133	ZODIAC_SIGN::весы	весы знак зодиака	EXACT_PRODUCT	SEMANTIC_PRESENT	SEMANTIC_PRESENT	SEMANTIC_PRESENT	SEMANTIC_PRESENT	title_n:SEMANTIC_PRESENT	NO_GAP	Content coverage only; no Ozon ranking-weight claim.
2186802133	ZODIAC_SIGN::весы	весы подвеска в автомобиль	EXACT_PRODUCT	SEMANTIC_PRESENT	SEMANTIC_PRESENT	SEMANTIC_PRESENT	SEMANTIC_PRESENT	title_n:SEMANTIC_PRESENT	NO_GAP	Content coverage only; no Ozon ranking-weight claim.
2186802133	USE::car_mirror	вонючка в машину архангел михаил на зеркало	GENERIC_RELEVANT	ABSENT	ABSENT	ABSENT	ABSENT		GAP_PRESENT	Content coverage only; no Ozon ranking-weight claim.
2186802133	USE::car_mirror	гравити фолз в машину брелок на зеркало	GENERIC_RELEVANT	ABSENT	ABSENT	ABSENT	ABSENT		GAP_PRESENT	Content coverage only; no Ozon ranking-weight claim.
2186802133	USE::car_mirror	зеркало в	GENERIC_RELEVANT	EXACT_PRESENT	ABSENT	EXACT_PRESENT	EXACT_PRESENT	title_n:EXACT_PRESENT	GAP_PRESENT	Content coverage only; no Ozon ranking-weight claim.
2186802133	USE::car_mirror	зеркало обгона праворукая машина	GENERIC_RELEVANT	ABSENT	ABSENT	ABSENT	ABSENT		GAP_PRESENT	Content coverage only; no Ozon ranking-weight claim.
2186802133	ZODIAC_SIGN::весы	знак зодиака весы	EXACT_PRODUCT	SEMANTIC_PRESENT	SEMANTIC_PRESENT	EXACT_PRESENT	EXACT_PRESENT	title_n:SEMANTIC_PRESENT	NO_GAP	Content coverage only; no Ozon ranking-weight claim.
2186802133	USE::car_mirror	игрушка талисман в машину	GENERIC_RELEVANT	ABSENT	ABSENT	ABSENT	ABSENT		GAP_PRESENT	Content coverage only; no Ozon ranking-weight claim.
2186802133	FAMILY::zodiac	календарь карманный знаки зодиака	FAMILY_RELEVANT	ABSENT	ABSENT	ABSENT	ABSENT		GAP_PRESENT	Content coverage only; no Ozon ranking-weight claim.
2186802133	ZODIAC_SIGN::весы	камень весы зодиака	EXACT_PRODUCT	PARTIAL_PRESENT	PARTIAL_PRESENT	PARTIAL_PRESENT	PARTIAL_PRESENT	title_n:PARTIAL_PRESENT	PARTIAL_GAP	Content coverage only; no Ozon ranking-weight claim.
2186802133	ZODIAC_SIGN::весы	кулон знак зодиака весы с цепочкой	EXACT_PRODUCT	PARTIAL_PRESENT	PARTIAL_PRESENT	PARTIAL_PRESENT	PARTIAL_PRESENT	title_n:PARTIAL_PRESENT	PARTIAL_GAP	Content coverage only; no Ozon ranking-weight claim.
2186802133	USE::car_mirror	кулон на зеркало автомобиля	GENERIC_RELEVANT	ABSENT	ABSENT	PARTIAL_PRESENT	PARTIAL_PRESENT	attr_n:PARTIAL_PRESENT	GAP_PRESENT	Content coverage only; no Ozon ranking-weight claim.
2186802133	USE::car_mirror	ловец снов в машину	GENERIC_RELEVANT	ABSENT	ABSENT	ABSENT	ABSENT		GAP_PRESENT	Content coverage only; no Ozon ranking-weight claim.
2186802133	USE::car_mirror	металлическая подвеска в машину на зеркало hongoi	GENERIC_RELEVANT	ABSENT	ABSENT	ABSENT	ABSENT		GAP_PRESENT	Content coverage only; no Ozon ranking-weight claim.
2186802133	USE::car_mirror	на зеркало автомобиля подвеска красная	GENERIC_RELEVANT	ABSENT	ABSENT	PARTIAL_PRESENT	PARTIAL_PRESENT	attr_n:PARTIAL_PRESENT	GAP_PRESENT	Content coverage only; no Ozon ranking-weight claim.
2186802133	USE::car_mirror	на зеркало подвеска	GENERIC_RELEVANT	SEMANTIC_PRESENT	ABSENT	SEMANTIC_PRESENT	SEMANTIC_PRESENT	title_n:SEMANTIC_PRESENT	GAP_PRESENT	Content coverage only; no Ozon ranking-weight claim.
2186802133	USE::car_mirror	на машину подвеска женская	GENERIC_RELEVANT	ABSENT	ABSENT	ABSENT	ABSENT		GAP_PRESENT	Content coverage only; no Ozon ranking-weight claim.
2186802133	ZODIAC_SIGN::весы	наклейки на машину прикольные большие знак весы	EXACT_PRODUCT	PARTIAL_PRESENT	PARTIAL_PRESENT	PARTIAL_PRESENT	PARTIAL_PRESENT	title_n:PARTIAL_PRESENT	PARTIAL_GAP	Content coverage only; no Ozon ranking-weight claim.
2186802133	USE::car_mirror	необычный обвес в машину на зеркало	GENERIC_RELEVANT	ABSENT	ABSENT	ABSENT	ABSENT		GAP_PRESENT	Content coverage only; no Ozon ranking-weight claim.
2186802133	USE::car_mirror	оберег в машину	GENERIC_RELEVANT	SEMANTIC_PRESENT	ABSENT	SEMANTIC_PRESENT	SEMANTIC_PRESENT	title_n:SEMANTIC_PRESENT	GAP_PRESENT	Content coverage only; no Ozon ranking-weight claim.
2186802133	USE::protection	обереги	GENERIC_RELEVANT	SEMANTIC_PRESENT	ABSENT	EXACT_PRESENT	SEMANTIC_PRESENT	title_n:SEMANTIC_PRESENT	GAP_PRESENT	Content coverage only; no Ozon ranking-weight claim.
2186802133	USE::car_mirror	подвеска в автомобиль	GENERIC_RELEVANT	SEMANTIC_PRESENT	ABSENT	SEMANTIC_PRESENT	SEMANTIC_PRESENT	title_n:SEMANTIC_PRESENT	GAP_PRESENT	Content coverage only; no Ozon ranking-weight claim.
2186802133	USE::car_mirror	подвеска в машину	GENERIC_RELEVANT	SEMANTIC_PRESENT	ABSENT	EXACT_PRESENT	SEMANTIC_PRESENT	title_n:SEMANTIC_PRESENT	GAP_PRESENT	Content coverage only; no Ozon ranking-weight claim.
2186802133	USE::car_mirror	подвеска в машину на зеркало	GENERIC_RELEVANT	SEMANTIC_PRESENT	ABSENT	EXACT_PRESENT	SEMANTIC_PRESENT	title_n:SEMANTIC_PRESENT	GAP_PRESENT	Content coverage only; no Ozon ranking-weight claim.
2186802133	ZODIAC_SIGN::весы	подвеска в машину на зеркало весы	EXACT_PRODUCT	SEMANTIC_PRESENT	SEMANTIC_PRESENT	SEMANTIC_PRESENT	SEMANTIC_PRESENT	title_n:SEMANTIC_PRESENT	NO_GAP	Content coverage only; no Ozon ranking-weight claim.
2186802133	USE::car_mirror	подвеска в машину на зеркало дракон	GENERIC_RELEVANT	ABSENT	ABSENT	ABSENT	ABSENT		GAP_PRESENT	Content coverage only; no Ozon ranking-weight claim.
2186802133	USE::car_mirror	подвеска в машину на зеркало жен	GENERIC_RELEVANT	ABSENT	ABSENT	ABSENT	ABSENT		GAP_PRESENT	Content coverage only; no Ozon ranking-weight claim.
2186802133	USE::car_mirror	подвеска в машину на зеркало оберег	GENERIC_RELEVANT	SEMANTIC_PRESENT	ABSENT	SEMANTIC_PRESENT	SEMANTIC_PRESENT	title_n:SEMANTIC_PRESENT	GAP_PRESENT	Content coverage only; no Ozon ranking-weight claim.
2186802133	USE::car_mirror	подвеска в машину на зеркало питбуль	GENERIC_RELEVANT	ABSENT	ABSENT	ABSENT	ABSENT		GAP_PRESENT	Content coverage only; no Ozon ranking-weight claim.
2186802133	USE::car_mirror	подвеска в машину на зеркало хендай	GENERIC_RELEVANT	ABSENT	ABSENT	ABSENT	ABSENT		GAP_PRESENT	Content coverage only; no Ozon ranking-weight claim.
2186802133	USE::car_mirror	подвеска в машину на зеркало юрта	GENERIC_RELEVANT	ABSENT	ABSENT	ABSENT	ABSENT		GAP_PRESENT	Content coverage only; no Ozon ranking-weight claim.
2186802133	USE::car_mirror	подвеска в машину четки	GENERIC_RELEVANT	SEMANTIC_PRESENT	ABSENT	SEMANTIC_PRESENT	SEMANTIC_PRESENT	title_n:SEMANTIC_PRESENT	GAP_PRESENT	Content coverage only; no Ozon ranking-weight claim.
2186802133	ZODIAC_SIGN::весы	подвеска весы	EXACT_PRODUCT	SEMANTIC_PRESENT	SEMANTIC_PRESENT	SEMANTIC_PRESENT	SEMANTIC_PRESENT	title_n:SEMANTIC_PRESENT	NO_GAP	Content coverage only; no Ozon ranking-weight claim.
2186802133	ZODIAC_SIGN::весы	подвеска весы мужская	EXACT_PRODUCT	PARTIAL_PRESENT	PARTIAL_PRESENT	SEMANTIC_PRESENT	PARTIAL_PRESENT	title_n:PARTIAL_PRESENT	PARTIAL_GAP	Content coverage only; no Ozon ranking-weight claim.
2186802133	USE::car_mirror	подвеска на зеркало автомобиля	GENERIC_RELEVANT	ABSENT	ABSENT	SEMANTIC_PRESENT	SEMANTIC_PRESENT	attr_n:SEMANTIC_PRESENT	GAP_PRESENT	Content coverage only; no Ozon ranking-weight claim.
2186802133	USE::car_mirror	подвеска на зеркало в авто коасный	GENERIC_RELEVANT	ABSENT	ABSENT	ABSENT	ABSENT		GAP_PRESENT	Content coverage only; no Ozon ranking-weight claim.
2186802133	USE::car_mirror	подвеска на зеркало в машину	GENERIC_RELEVANT	EXACT_PRESENT	ABSENT	EXACT_PRESENT	EXACT_PRESENT	title_n:EXACT_PRESENT	GAP_PRESENT	Content coverage only; no Ozon ranking-weight claim.
2186802133	ZODIAC_SIGN::весы	подвеска ювелирная весы скорпион	EXACT_PRODUCT	PARTIAL_PRESENT	PARTIAL_PRESENT	PARTIAL_PRESENT	PARTIAL_PRESENT	title_n:PARTIAL_PRESENT	PARTIAL_GAP	Content coverage only; no Ozon ranking-weight claim.
2186802133	ZODIAC_SIGN::весы	подвески весы	EXACT_PRODUCT	SEMANTIC_PRESENT	SEMANTIC_PRESENT	SEMANTIC_PRESENT	SEMANTIC_PRESENT	title_n:SEMANTIC_PRESENT	NO_GAP	Content coverage only; no Ozon ranking-weight claim.
2186802133	USE::car_mirror	подвески на зеркало авто	GENERIC_RELEVANT	SEMANTIC_PRESENT	ABSENT	SEMANTIC_PRESENT	SEMANTIC_PRESENT	title_n:SEMANTIC_PRESENT	GAP_PRESENT	Content coverage only; no Ozon ranking-weight claim.
2186802133	USE::car_mirror	талисман в машину женский	GENERIC_RELEVANT	ABSENT	ABSENT	ABSENT	ABSENT		GAP_PRESENT	Content coverage only; no Ozon ranking-weight claim.
2186802133	USE::car_mirror	талисман машина	GENERIC_RELEVANT	SEMANTIC_PRESENT	ABSENT	SEMANTIC_PRESENT	SEMANTIC_PRESENT	title_n:SEMANTIC_PRESENT	GAP_PRESENT	Content coverage only; no Ozon ranking-weight claim.
2186802133	FAMILY::zodiac	украшение в машину на зеркало знаки зодиака	FAMILY_RELEVANT	SEMANTIC_PRESENT	ABSENT	SEMANTIC_PRESENT	SEMANTIC_PRESENT	title_n:SEMANTIC_PRESENT	GAP_PRESENT	Content coverage only; no Ozon ranking-weight claim.
2186802133	USE::car_mirror	четки в автомобиль	GENERIC_RELEVANT	SEMANTIC_PRESENT	ABSENT	SEMANTIC_PRESENT	SEMANTIC_PRESENT	title_n:SEMANTIC_PRESENT	GAP_PRESENT	Content coverage only; no Ozon ranking-weight claim.
2186802133	USE::car_mirror	четки в машину	GENERIC_RELEVANT	SEMANTIC_PRESENT	ABSENT	SEMANTIC_PRESENT	SEMANTIC_PRESENT	title_n:SEMANTIC_PRESENT	GAP_PRESENT	Content coverage only; no Ozon ranking-weight claim.
2186802133	USE::car_mirror	четки в машину на зеркало	GENERIC_RELEVANT	SEMANTIC_PRESENT	ABSENT	SEMANTIC_PRESENT	SEMANTIC_PRESENT	title_n:SEMANTIC_PRESENT	GAP_PRESENT	Content coverage only; no Ozon ranking-weight claim.
2186836116	USE::car_mirror	аксессуары в машину подвесаа зеркал барабан	GENERIC_RELEVANT	ABSENT	ABSENT	ABSENT	ABSENT		GAP_PRESENT	Content coverage only; no Ozon ranking-weight claim.
2186836116	VARIANT::скорпион	амулеты , обереги для скорпиона женский	PARTIAL_RELEVANCE	PARTIAL_PRESENT	PARTIAL_PRESENT	PARTIAL_PRESENT	PARTIAL_PRESENT	title_n:PARTIAL_PRESENT	PARTIAL_GAP	Content coverage only; no Ozon ranking-weight claim.
2186836116	ZODIAC_SIGN::скорпион	аодвеска скорпион	STRONG_PRODUCT	PARTIAL_PRESENT	PARTIAL_PRESENT	PARTIAL_PRESENT	PARTIAL_PRESENT	title_n:PARTIAL_PRESENT	PARTIAL_GAP	Content coverage only; no Ozon ranking-weight claim.
2186836116	CLASS::amulet_pendant	брелок в виде амулета	GENERIC_RELEVANT	ABSENT	ABSENT	PARTIAL_PRESENT	PARTIAL_PRESENT	attr_n:PARTIAL_PRESENT	GAP_PRESENT	Content coverage only; no Ozon ranking-weight claim.
2186836116	USE::car_mirror	брелок в машину на зеркало	GENERIC_RELEVANT	ABSENT	ABSENT	ABSENT	ABSENT		GAP_PRESENT	Content coverage only; no Ozon ranking-weight claim.
2186836116	USE::car_mirror	брелок в машину на зеркало geely monjaro	GENERIC_RELEVANT	ABSENT	ABSENT	ABSENT	ABSENT		GAP_PRESENT	Content coverage only; no Ozon ranking-weight claim.
2186836116	USE::protection	бусы оберег	GENERIC_RELEVANT	ABSENT	ABSENT	ABSENT	ABSENT		GAP_PRESENT	Content coverage only; no Ozon ranking-weight claim.
2186836116	USE::car_mirror	в машину подвеска	GENERIC_RELEVANT	SEMANTIC_PRESENT	ABSENT	EXACT_PRESENT	SEMANTIC_PRESENT	title_n:SEMANTIC_PRESENT	GAP_PRESENT	Content coverage only; no Ozon ranking-weight claim.
2186836116	USE::car_mirror	в машину подвеска на зеркало мужская	GENERIC_RELEVANT	ABSENT	ABSENT	SEMANTIC_PRESENT	ABSENT	attr_n:SEMANTIC_PRESENT	GAP_PRESENT	Content coverage only; no Ozon ranking-weight claim.
2186836116	USE::car_mirror	в машину подвеска на зеркало с фото	GENERIC_RELEVANT	ABSENT	ABSENT	ABSENT	ABSENT		GAP_PRESENT	Content coverage only; no Ozon ranking-weight claim.
2186836116	USE::car_mirror	восклицательный знак на машину в красном треугольнике	GENERIC_RELEVANT	ABSENT	ABSENT	ABSENT	ABSENT		GAP_PRESENT	Content coverage only; no Ozon ranking-weight claim.
2186836116	USE::car_mirror	для авто на зеркало подвеска	GENERIC_RELEVANT	SEMANTIC_PRESENT	ABSENT	SEMANTIC_PRESENT	SEMANTIC_PRESENT	title_n:SEMANTIC_PRESENT	GAP_PRESENT	Content coverage only; no Ozon ranking-weight claim.
2186836116	USE::car_mirror	для авто на зеркало украшение	GENERIC_RELEVANT	SEMANTIC_PRESENT	ABSENT	SEMANTIC_PRESENT	SEMANTIC_PRESENT	title_n:SEMANTIC_PRESENT	GAP_PRESENT	Content coverage only; no Ozon ranking-weight claim.
2186836116	USE::car_mirror	зеркало для гадания	GENERIC_RELEVANT	ABSENT	ABSENT	ABSENT	ABSENT		GAP_PRESENT	Content coverage only; no Ozon ranking-weight claim.
2186836116	USE::car_mirror	зеркало для гкдарий	GENERIC_RELEVANT	ABSENT	ABSENT	ABSENT	ABSENT		GAP_PRESENT	Content coverage only; no Ozon ranking-weight claim.
2186836116	USE::car_mirror	зеркало параболическое для праворульных машин	GENERIC_RELEVANT	PARTIAL_PRESENT	ABSENT	PARTIAL_PRESENT	PARTIAL_PRESENT	title_n:PARTIAL_PRESENT	GAP_PRESENT	Content coverage only; no Ozon ranking-weight claim.
2186836116	FAMILY::zodiac	зодиак серум	FAMILY_RELEVANT	PARTIAL_PRESENT	PARTIAL_PRESENT	PARTIAL_PRESENT	PARTIAL_PRESENT	title_n:PARTIAL_PRESENT	PARTIAL_GAP	Content coverage only; no Ozon ranking-weight claim.
2186836116	USE::car_mirror	книга подвеска в машину	GENERIC_RELEVANT	ABSENT	ABSENT	ABSENT	ABSENT		GAP_PRESENT	Content coverage only; no Ozon ranking-weight claim.
2186836116	CLASS::amulet_pendant	кулоны амулеты	GENERIC_RELEVANT	ABSENT	ABSENT	ABSENT	ABSENT		GAP_PRESENT	Content coverage only; no Ozon ranking-weight claim.
2186836116	USE::car_mirror	машину подвеска	GENERIC_RELEVANT	SEMANTIC_PRESENT	ABSENT	EXACT_PRESENT	SEMANTIC_PRESENT	title_n:SEMANTIC_PRESENT	GAP_PRESENT	Content coverage only; no Ozon ranking-weight claim.
2186836116	USE::car_mirror	на зеркало автомобиля подвеска красная	GENERIC_RELEVANT	ABSENT	ABSENT	PARTIAL_PRESENT	PARTIAL_PRESENT	attr_n:PARTIAL_PRESENT	GAP_PRESENT	Content coverage only; no Ozon ranking-weight claim.
2186836116	USE::car_mirror	оберег в машину	GENERIC_RELEVANT	SEMANTIC_PRESENT	ABSENT	SEMANTIC_PRESENT	SEMANTIC_PRESENT	title_n:SEMANTIC_PRESENT	GAP_PRESENT	Content coverage only; no Ozon ranking-weight claim.
2186836116	USE::car_mirror	оберег в машину от гибдд прикольный	GENERIC_RELEVANT	ABSENT	ABSENT	ABSENT	ABSENT		GAP_PRESENT	Content coverage only; no Ozon ranking-weight claim.
2186836116	USE::car_mirror	оберег подвеска в машину вв мвд рф	GENERIC_RELEVANT	ABSENT	ABSENT	ABSENT	ABSENT		GAP_PRESENT	Content coverage only; no Ozon ranking-weight claim.
2186836116	USE::car_mirror	обереги для машины	GENERIC_RELEVANT	SEMANTIC_PRESENT	ABSENT	SEMANTIC_PRESENT	SEMANTIC_PRESENT	title_n:SEMANTIC_PRESENT	GAP_PRESENT	Content coverage only; no Ozon ranking-weight claim.
2186836116	CLASS::amulet_pendant	подвеска	GENERIC_RELEVANT	EXACT_PRESENT	ABSENT	EXACT_PRESENT	EXACT_PRESENT	title_n:EXACT_PRESENT	GAP_PRESENT	Content coverage only; no Ozon ranking-weight claim.
2186836116	USE::protection	подвеска амулет оберег	GENERIC_RELEVANT	SEMANTIC_PRESENT	ABSENT	SEMANTIC_PRESENT	SEMANTIC_PRESENT	title_n:SEMANTIC_PRESENT	GAP_PRESENT	Content coverage only; no Ozon ranking-weight claim.
2186836116	USE::car_mirror	подвеска в автомобиль	GENERIC_RELEVANT	SEMANTIC_PRESENT	ABSENT	SEMANTIC_PRESENT	SEMANTIC_PRESENT	title_n:SEMANTIC_PRESENT	GAP_PRESENT	Content coverage only; no Ozon ranking-weight claim.
2186836116	USE::car_mirror	подвеска в машину	GENERIC_RELEVANT	SEMANTIC_PRESENT	ABSENT	EXACT_PRESENT	SEMANTIC_PRESENT	title_n:SEMANTIC_PRESENT	GAP_PRESENT	Content coverage only; no Ozon ranking-weight claim.
2186836116	USE::car_mirror	подвеска в машину мягкий пушистый ежик	GENERIC_RELEVANT	ABSENT	ABSENT	ABSENT	ABSENT		GAP_PRESENT	Content coverage only; no Ozon ranking-weight claim.
2186836116	USE::car_mirror	подвеска в машину на зеркало	GENERIC_RELEVANT	SEMANTIC_PRESENT	ABSENT	EXACT_PRESENT	SEMANTIC_PRESENT	title_n:SEMANTIC_PRESENT	GAP_PRESENT	Content coverage only; no Ozon ranking-weight claim.
2186836116	USE::car_mirror	подвеска в машину на зеркало dont drive so fast	GENERIC_RELEVANT	ABSENT	ABSENT	ABSENT	ABSENT		GAP_PRESENT	Content coverage only; no Ozon ranking-weight claim.
2186836116	USE::car_mirror	подвеска в машину на зеркало z	GENERIC_RELEVANT	SEMANTIC_PRESENT	ABSENT	SEMANTIC_PRESENT	SEMANTIC_PRESENT	title_n:SEMANTIC_PRESENT	GAP_PRESENT	Content coverage only; no Ozon ranking-weight claim.
2186836116	USE::car_mirror	подвеска в машину на зеркало горы	GENERIC_RELEVANT	ABSENT	ABSENT	ABSENT	ABSENT		GAP_PRESENT	Content coverage only; no Ozon ranking-weight claim.
2186836116	USE::car_mirror	подвеска в машину на зеркало из биссера	GENERIC_RELEVANT	ABSENT	ABSENT	ABSENT	ABSENT		GAP_PRESENT	Content coverage only; no Ozon ranking-weight claim.
2186836116	USE::car_mirror	подвеска в машину на зеркало спецназ внутренних войск	GENERIC_RELEVANT	ABSENT	ABSENT	ABSENT	ABSENT		GAP_PRESENT	Content coverage only; no Ozon ranking-weight claim.
2186836116	USE::car_mirror	подвеска в машину на зеркало спорт	GENERIC_RELEVANT	ABSENT	ABSENT	ABSENT	ABSENT		GAP_PRESENT	Content coverage only; no Ozon ranking-weight claim.
2186836116	USE::car_mirror	подвеска в машину на зеркало ссср	GENERIC_RELEVANT	ABSENT	ABSENT	ABSENT	ABSENT		GAP_PRESENT	Content coverage only; no Ozon ranking-weight claim.
2186836116	USE::car_mirror	подвеска в машину на зеркало юрта	GENERIC_RELEVANT	ABSENT	ABSENT	ABSENT	ABSENT		GAP_PRESENT	Content coverage only; no Ozon ranking-weight claim.
2186836116	USE::car_mirror	подвеска на зеркало автомобиля	GENERIC_RELEVANT	ABSENT	ABSENT	SEMANTIC_PRESENT	SEMANTIC_PRESENT	attr_n:SEMANTIC_PRESENT	GAP_PRESENT	Content coverage only; no Ozon ranking-weight claim.
2186836116	USE::car_mirror	подвеска на зеркало в машину	GENERIC_RELEVANT	EXACT_PRESENT	ABSENT	EXACT_PRESENT	EXACT_PRESENT	title_n:EXACT_PRESENT	GAP_PRESENT	Content coverage only; no Ozon ranking-weight claim.
2186836116	USE::car_mirror	подвеска на машину	GENERIC_RELEVANT	SEMANTIC_PRESENT	ABSENT	SEMANTIC_PRESENT	SEMANTIC_PRESENT	title_n:SEMANTIC_PRESENT	GAP_PRESENT	Content coverage only; no Ozon ranking-weight claim.
2186836116	ZODIAC_SIGN::скорпион	подвеска скорпион	EXACT_PRODUCT	SEMANTIC_PRESENT	SEMANTIC_PRESENT	SEMANTIC_PRESENT	SEMANTIC_PRESENT	title_n:SEMANTIC_PRESENT	NO_GAP	Content coverage only; no Ozon ranking-weight claim.
2186836116	ZODIAC_SIGN::скорпион	подвеска скорпион мужская	EXACT_PRODUCT	PARTIAL_PRESENT	PARTIAL_PRESENT	SEMANTIC_PRESENT	PARTIAL_PRESENT	title_n:PARTIAL_PRESENT	PARTIAL_GAP	Content coverage only; no Ozon ranking-weight claim.
2186836116	ZODIAC_SIGN::скорпион	подвеска скорпион на ни	EXACT_PRODUCT	PARTIAL_PRESENT	PARTIAL_PRESENT	PARTIAL_PRESENT	PARTIAL_PRESENT	title_n:PARTIAL_PRESENT	PARTIAL_GAP	Content coverage only; no Ozon ranking-weight claim.
2186836116	ZODIAC_SIGN::скорпион	подвеска скорпион на шею мужской	EXACT_PRODUCT	PARTIAL_PRESENT	PARTIAL_PRESENT	PARTIAL_PRESENT	PARTIAL_PRESENT	title_n:PARTIAL_PRESENT	PARTIAL_GAP	Content coverage only; no Ozon ranking-weight claim.
2186836116	USE::car_mirror	подвечка на зеркало	GENERIC_RELEVANT	ABSENT	ABSENT	ABSENT	ABSENT		GAP_PRESENT	Content coverage only; no Ozon ranking-weight claim.
2186836116	ZODIAC_SIGN::скорпион	скорпион	STRONG_PRODUCT	EXACT_PRESENT	EXACT_PRESENT	EXACT_PRESENT	EXACT_PRESENT	title_n:EXACT_PRESENT	NO_GAP	Content coverage only; no Ozon ranking-weight claim.
2186836116	ZODIAC_SIGN::скорпион	скутер скорпион зеркало	EXACT_PRODUCT	PARTIAL_PRESENT	PARTIAL_PRESENT	PARTIAL_PRESENT	PARTIAL_PRESENT	title_n:PARTIAL_PRESENT	PARTIAL_GAP	Content coverage only; no Ozon ranking-weight claim.
2186836116	ZODIAC_SIGN::скорпион	сувенир подвеска в машину скорпион	EXACT_PRODUCT	PARTIAL_PRESENT	PARTIAL_PRESENT	PARTIAL_PRESENT	PARTIAL_PRESENT	title_n:PARTIAL_PRESENT	PARTIAL_GAP	Content coverage only; no Ozon ranking-weight claim.
2186836116	USE::protection	талисман	GENERIC_RELEVANT	EXACT_PRESENT	ABSENT	EXACT_PRESENT	EXACT_PRESENT	title_n:EXACT_PRESENT	GAP_PRESENT	Content coverage only; no Ozon ranking-weight claim.
2186836116	USE::car_mirror	украшение подвеска на зеркало автомобиля	GENERIC_RELEVANT	ABSENT	ABSENT	SEMANTIC_PRESENT	SEMANTIC_PRESENT	attr_n:SEMANTIC_PRESENT	GAP_PRESENT	Content coverage only; no Ozon ranking-weight claim.
2186836116	USE::car_mirror	четки в машину	GENERIC_RELEVANT	SEMANTIC_PRESENT	ABSENT	SEMANTIC_PRESENT	SEMANTIC_PRESENT	title_n:SEMANTIC_PRESENT	GAP_PRESENT	Content coverage only; no Ozon ranking-weight claim.
2186836116	USE::car_mirror	четки в машину на зеркало	GENERIC_RELEVANT	SEMANTIC_PRESENT	ABSENT	SEMANTIC_PRESENT	SEMANTIC_PRESENT	title_n:SEMANTIC_PRESENT	GAP_PRESENT	Content coverage only; no Ozon ranking-weight claim.
2186836116	ZODIAC_SIGN::скорпион	четки в машину скорпион.из китая	EXACT_PRODUCT	PARTIAL_PRESENT	PARTIAL_PRESENT	PARTIAL_PRESENT	PARTIAL_PRESENT	title_n:PARTIAL_PRESENT	PARTIAL_GAP	Content coverage only; no Ozon ranking-weight claim.
2186839757	CLASS::amulet_pendant	аксессуары для стрел	GENERIC_RELEVANT	ABSENT	ABSENT	ABSENT	ABSENT		GAP_PRESENT	Content coverage only; no Ozon ranking-weight claim.
2186839757	USE::protection	амулеты обереги и талисманы	GENERIC_RELEVANT	SEMANTIC_PRESENT	ABSENT	EXACT_PRESENT	SEMANTIC_PRESENT	title_n:SEMANTIC_PRESENT	GAP_PRESENT	Content coverage only; no Ozon ranking-weight claim.
2186839757	USE::car_mirror	брелок в машину на зеркало пушистики	GENERIC_RELEVANT	ABSENT	ABSENT	ABSENT	ABSENT		GAP_PRESENT	Content coverage only; no Ozon ranking-weight claim.
2186839757	USE::car_mirror	брелок фсин в машину на зеркало	GENERIC_RELEVANT	ABSENT	ABSENT	ABSENT	ABSENT		GAP_PRESENT	Content coverage only; no Ozon ranking-weight claim.
2186839757	USE::protection	бусина талисман	GENERIC_RELEVANT	ABSENT	ABSENT	SEMANTIC_PRESENT	SEMANTIC_PRESENT	attr_n:SEMANTIC_PRESENT	GAP_PRESENT	Content coverage only; no Ozon ranking-weight claim.
2186839757	USE::car_mirror	в машину на зеркало подвеска	GENERIC_RELEVANT	SEMANTIC_PRESENT	ABSENT	SEMANTIC_PRESENT	SEMANTIC_PRESENT	title_n:SEMANTIC_PRESENT	GAP_PRESENT	Content coverage only; no Ozon ranking-weight claim.
2186839757	USE::car_mirror	в машину на зеркало подвеска японская	GENERIC_RELEVANT	ABSENT	ABSENT	ABSENT	ABSENT		GAP_PRESENT	Content coverage only; no Ozon ranking-weight claim.
2186839757	USE::protection	деревянный талисман	GENERIC_RELEVANT	SEMANTIC_PRESENT	ABSENT	SEMANTIC_PRESENT	SEMANTIC_PRESENT	title_n:SEMANTIC_PRESENT	GAP_PRESENT	Content coverage only; no Ozon ranking-weight claim.
2186839757	USE::car_mirror	зеркало подвеска	GENERIC_RELEVANT	SEMANTIC_PRESENT	ABSENT	SEMANTIC_PRESENT	SEMANTIC_PRESENT	title_n:SEMANTIC_PRESENT	GAP_PRESENT	Content coverage only; no Ozon ranking-weight claim.
2186839757	FAMILY::zodiac	знаки зодиака	FAMILY_RELEVANT	SEMANTIC_PRESENT	ABSENT	EXACT_PRESENT	SEMANTIC_PRESENT	title_n:SEMANTIC_PRESENT	GAP_PRESENT	Content coverage only; no Ozon ranking-weight claim.
2186839757	UNCLEAR::2e4001397f	кепка мужская стре	AMBIGUOUS_HOLD	ABSENT	ABSENT	PARTIAL_PRESENT	ABSENT	attr_n:PARTIAL_PRESENT	GAP_PRESENT	Content coverage only; no Ozon ranking-weight claim.
2186839757	USE::car_mirror	кулон в машину	GENERIC_RELEVANT	ABSENT	ABSENT	ABSENT	ABSENT		GAP_PRESENT	Content coverage only; no Ozon ranking-weight claim.
2186839757	USE::car_mirror	кулон зеркало оберег	GENERIC_RELEVANT	ABSENT	ABSENT	ABSENT	ABSENT		GAP_PRESENT	Content coverage only; no Ozon ranking-weight claim.
2186839757	USE::car_mirror	мужская подвеска на зеркало в машину	GENERIC_RELEVANT	ABSENT	ABSENT	SEMANTIC_PRESENT	ABSENT	attr_n:SEMANTIC_PRESENT	GAP_PRESENT	Content coverage only; no Ozon ranking-weight claim.
2186839757	ZODIAC_SIGN::стрелец	мыло стрелец	STRONG_PRODUCT	PARTIAL_PRESENT	PARTIAL_PRESENT	PARTIAL_PRESENT	PARTIAL_PRESENT	title_n:PARTIAL_PRESENT	PARTIAL_GAP	Content coverage only; no Ozon ranking-weight claim.
2186839757	USE::car_mirror	на зеркало в машину	GENERIC_RELEVANT	EXACT_PRESENT	ABSENT	EXACT_PRESENT	EXACT_PRESENT	title_n:EXACT_PRESENT	GAP_PRESENT	Content coverage only; no Ozon ranking-weight claim.
2186839757	CLASS::beads	на четки подвеска	GENERIC_RELEVANT	SEMANTIC_PRESENT	ABSENT	SEMANTIC_PRESENT	SEMANTIC_PRESENT	title_n:SEMANTIC_PRESENT	GAP_PRESENT	Content coverage only; no Ozon ranking-weight claim.
2186839757	USE::car_mirror	набор подвесок на зеркало	GENERIC_RELEVANT	ABSENT	ABSENT	ABSENT	ABSENT		GAP_PRESENT	Content coverage only; no Ozon ranking-weight claim.
2186839757	ZODIAC_SIGN::стрелец	наклейки на автомобиль стрелец	EXACT_PRODUCT	PARTIAL_PRESENT	PARTIAL_PRESENT	PARTIAL_PRESENT	PARTIAL_PRESENT	title_n:PARTIAL_PRESENT	PARTIAL_GAP	Content coverage only; no Ozon ranking-weight claim.
2186839757	ZODIAC_SIGN::стрелец	наклейки на телефон знак зодиака стрелец	EXACT_PRODUCT	PARTIAL_PRESENT	PARTIAL_PRESENT	PARTIAL_PRESENT	PARTIAL_PRESENT	title_n:PARTIAL_PRESENT	PARTIAL_GAP	Content coverage only; no Ozon ranking-weight claim.
2186839757	USE::car_mirror	оберег в машину	GENERIC_RELEVANT	SEMANTIC_PRESENT	ABSENT	SEMANTIC_PRESENT	SEMANTIC_PRESENT	title_n:SEMANTIC_PRESENT	GAP_PRESENT	Content coverage only; no Ozon ranking-weight claim.
2186839757	USE::car_mirror	подвес в машину на зеркало	GENERIC_RELEVANT	ABSENT	ABSENT	ABSENT	ABSENT		GAP_PRESENT	Content coverage only; no Ozon ranking-weight claim.
2186839757	USE::car_mirror	подвеска в автомобиль	GENERIC_RELEVANT	SEMANTIC_PRESENT	ABSENT	SEMANTIC_PRESENT	SEMANTIC_PRESENT	title_n:SEMANTIC_PRESENT	GAP_PRESENT	Content coverage only; no Ozon ranking-weight claim.
2186839757	USE::car_mirror	подвеска в машину	GENERIC_RELEVANT	SEMANTIC_PRESENT	ABSENT	EXACT_PRESENT	SEMANTIC_PRESENT	title_n:SEMANTIC_PRESENT	GAP_PRESENT	Content coverage only; no Ozon ranking-weight claim.
2186839757	ZODIAC_SIGN::стрелец	подвеска в машину авторская стрелец	EXACT_PRODUCT	PARTIAL_PRESENT	PARTIAL_PRESENT	SEMANTIC_PRESENT	PARTIAL_PRESENT	title_n:PARTIAL_PRESENT	PARTIAL_GAP	Content coverage only; no Ozon ranking-weight claim.
2186839757	USE::car_mirror	подвеска в машину на зеркало	GENERIC_RELEVANT	SEMANTIC_PRESENT	ABSENT	EXACT_PRESENT	SEMANTIC_PRESENT	title_n:SEMANTIC_PRESENT	GAP_PRESENT	Content coverage only; no Ozon ranking-weight claim.
2186839757	USE::car_mirror	подвеска в машину на зеркало а	GENERIC_RELEVANT	SEMANTIC_PRESENT	ABSENT	SEMANTIC_PRESENT	SEMANTIC_PRESENT	title_n:SEMANTIC_PRESENT	GAP_PRESENT	Content coverage only; no Ozon ranking-weight claim.
2186839757	USE::car_mirror	подвеска в машину на зеркало питбуль	GENERIC_RELEVANT	ABSENT	ABSENT	ABSENT	ABSENT		GAP_PRESENT	Content coverage only; no Ozon ranking-weight claim.
2186839757	USE::car_mirror	подвеска в машину на зеркало прик	GENERIC_RELEVANT	ABSENT	ABSENT	ABSENT	ABSENT		GAP_PRESENT	Content coverage only; no Ozon ranking-weight claim.
2186839757	USE::car_mirror	подвеска в машину на зеркало юрта	GENERIC_RELEVANT	ABSENT	ABSENT	ABSENT	ABSENT		GAP_PRESENT	Content coverage only; no Ozon ranking-weight claim.
2186839757	ZODIAC_SIGN::стрелец	подвеска в машину стрелец	EXACT_PRODUCT	SEMANTIC_PRESENT	SEMANTIC_PRESENT	SEMANTIC_PRESENT	SEMANTIC_PRESENT	title_n:SEMANTIC_PRESENT	NO_GAP	Content coverage only; no Ozon ranking-weight claim.
2186839757	USE::car_mirror	подвеска машину на зеркало	GENERIC_RELEVANT	SEMANTIC_PRESENT	ABSENT	SEMANTIC_PRESENT	SEMANTIC_PRESENT	title_n:SEMANTIC_PRESENT	GAP_PRESENT	Content coverage only; no Ozon ranking-weight claim.
2186839757	USE::car_mirror	подвеска на зеркало	GENERIC_RELEVANT	EXACT_PRESENT	ABSENT	EXACT_PRESENT	EXACT_PRESENT	title_n:EXACT_PRESENT	GAP_PRESENT	Content coverage only; no Ozon ranking-weight claim.
2186839757	USE::car_mirror	подвеска на зеркало автомобиля акула	GENERIC_RELEVANT	ABSENT	ABSENT	PARTIAL_PRESENT	PARTIAL_PRESENT	attr_n:PARTIAL_PRESENT	GAP_PRESENT	Content coverage only; no Ozon ranking-weight claim.
2186839757	USE::car_mirror	подвеска на зеркало в машину	GENERIC_RELEVANT	EXACT_PRESENT	ABSENT	EXACT_PRESENT	EXACT_PRESENT	title_n:EXACT_PRESENT	GAP_PRESENT	Content coverage only; no Ozon ranking-weight claim.
2186839757	USE::car_mirror	подвеска на зеркало в машину фигурка гимнаст	GENERIC_RELEVANT	ABSENT	ABSENT	ABSENT	ABSENT		GAP_PRESENT	Content coverage only; no Ozon ranking-weight claim.
2186839757	USE::car_mirror	подвеска на зеркало в машину фигурка спортивная гимнастика	GENERIC_RELEVANT	ABSENT	ABSENT	ABSENT	ABSENT		GAP_PRESENT	Content coverage only; no Ozon ranking-weight claim.
2186839757	USE::protection	подвеска оберег с	GENERIC_RELEVANT	SEMANTIC_PRESENT	ABSENT	SEMANTIC_PRESENT	SEMANTIC_PRESENT	title_n:SEMANTIC_PRESENT	GAP_PRESENT	Content coverage only; no Ozon ranking-weight claim.
2186839757	ZODIAC_SIGN::стрелец	подвеска со заком зодиака стрелец	EXACT_PRODUCT	PARTIAL_PRESENT	PARTIAL_PRESENT	PARTIAL_PRESENT	PARTIAL_PRESENT	title_n:PARTIAL_PRESENT	PARTIAL_GAP	Content coverage only; no Ozon ranking-weight claim.
2186839757	CLASS::beads	подвеска четки	GENERIC_RELEVANT	SEMANTIC_PRESENT	ABSENT	SEMANTIC_PRESENT	SEMANTIC_PRESENT	title_n:SEMANTIC_PRESENT	GAP_PRESENT	Content coverage only; no Ozon ranking-weight claim.
2186839757	ZODIAC_SIGN::стрелец	стрелец	STRONG_PRODUCT	EXACT_PRESENT	EXACT_PRESENT	EXACT_PRESENT	EXACT_PRESENT	title_n:EXACT_PRESENT	NO_GAP	Content coverage only; no Ozon ranking-weight claim.
2186839757	ZODIAC_SIGN::стрелец	стрелец подвеска на машину ключ	EXACT_PRODUCT	PARTIAL_PRESENT	PARTIAL_PRESENT	PARTIAL_PRESENT	PARTIAL_PRESENT	title_n:PARTIAL_PRESENT	PARTIAL_GAP	Content coverage only; no Ozon ranking-weight claim.
2186839757	USE::protection	талисман	GENERIC_RELEVANT	EXACT_PRESENT	ABSENT	EXACT_PRESENT	EXACT_PRESENT	title_n:EXACT_PRESENT	GAP_PRESENT	Content coverage only; no Ozon ranking-weight claim.
2186839757	FAMILY::zodiac	толисман подвеска на зеркало машины знак зодиака	FAMILY_RELEVANT	PARTIAL_PRESENT	ABSENT	PARTIAL_PRESENT	PARTIAL_PRESENT	title_n:PARTIAL_PRESENT	GAP_PRESENT	Content coverage only; no Ozon ranking-weight claim.
2186839757	FAMILY::zodiac	украшение на зеркало автомобиля знаки зодиака	FAMILY_RELEVANT	ABSENT	ABSENT	SEMANTIC_PRESENT	SEMANTIC_PRESENT	attr_n:SEMANTIC_PRESENT	GAP_PRESENT	Content coverage only; no Ozon ranking-weight claim.
2186839757	USE::car_mirror	четки автомобильные аро	GENERIC_RELEVANT	ABSENT	ABSENT	ABSENT	ABSENT		GAP_PRESENT	Content coverage only; no Ozon ranking-weight claim.
2186839757	USE::car_mirror	четки в автомобиль	GENERIC_RELEVANT	SEMANTIC_PRESENT	ABSENT	SEMANTIC_PRESENT	SEMANTIC_PRESENT	title_n:SEMANTIC_PRESENT	GAP_PRESENT	Content coverage only; no Ozon ranking-weight claim.
2186839757	FAMILY::zodiac	четки в автомобиль на зеркало знак зодиака	FAMILY_RELEVANT	SEMANTIC_PRESENT	ABSENT	SEMANTIC_PRESENT	SEMANTIC_PRESENT	title_n:SEMANTIC_PRESENT	GAP_PRESENT	Content coverage only; no Ozon ranking-weight claim.
2186839757	USE::car_mirror	четки в машину	GENERIC_RELEVANT	SEMANTIC_PRESENT	ABSENT	SEMANTIC_PRESENT	SEMANTIC_PRESENT	title_n:SEMANTIC_PRESENT	GAP_PRESENT	Content coverage only; no Ozon ranking-weight claim.
2186839757	USE::car_mirror	четки в машину и аро	GENERIC_RELEVANT	ABSENT	ABSENT	ABSENT	ABSENT		GAP_PRESENT	Content coverage only; no Ozon ranking-weight claim.
2186839757	USE::car_mirror	четки в машину на зеркало	GENERIC_RELEVANT	SEMANTIC_PRESENT	ABSENT	SEMANTIC_PRESENT	SEMANTIC_PRESENT	title_n:SEMANTIC_PRESENT	GAP_PRESENT	Content coverage only; no Ozon ranking-weight claim.
2186839757	CLASS::beads	четки н	GENERIC_RELEVANT	SEMANTIC_PRESENT	ABSENT	SEMANTIC_PRESENT	SEMANTIC_PRESENT	title_n:SEMANTIC_PRESENT	GAP_PRESENT	Content coverage only; no Ozon ranking-weight claim.
2186843798	USE::car_mirror	амулет зеркало	GENERIC_RELEVANT	SEMANTIC_PRESENT	ABSENT	SEMANTIC_PRESENT	SEMANTIC_PRESENT	title_n:SEMANTIC_PRESENT	GAP_PRESENT	Content coverage only; no Ozon ranking-weight claim.
2186843798	USE::car_mirror	аодвеска зеркало	GENERIC_RELEVANT	ABSENT	ABSENT	ABSENT	ABSENT		GAP_PRESENT	Content coverage only; no Ozon ranking-weight claim.
2186843798	USE::car_mirror	брелок в машину на зеркало я свободен	GENERIC_RELEVANT	ABSENT	ABSENT	ABSENT	ABSENT		GAP_PRESENT	Content coverage only; no Ozon ranking-weight claim.
2186843798	ZODIAC_SIGN::дева	брелок знак зодиака дева дева	EXACT_PRODUCT	PARTIAL_PRESENT	PARTIAL_PRESENT	PARTIAL_PRESENT	PARTIAL_PRESENT	title_n:PARTIAL_PRESENT	PARTIAL_GAP	Content coverage only; no Ozon ranking-weight claim.
2186843798	USE::car_mirror	вонючка в машину оберег от дпс	GENERIC_RELEVANT	ABSENT	ABSENT	ABSENT	ABSENT		GAP_PRESENT	Content coverage only; no Ozon ranking-weight claim.
2186843798	ZODIAC_SIGN::дева	все для знака зодиака дева	EXACT_PRODUCT	PARTIAL_PRESENT	PARTIAL_PRESENT	PARTIAL_PRESENT	PARTIAL_PRESENT	title_n:PARTIAL_PRESENT	PARTIAL_GAP	Content coverage only; no Ozon ranking-weight claim.
2186843798	ZODIAC_SIGN::дева	горшок дева знак зодиака	EXACT_PRODUCT	PARTIAL_PRESENT	PARTIAL_PRESENT	PARTIAL_PRESENT	PARTIAL_PRESENT	title_n:PARTIAL_PRESENT	PARTIAL_GAP	Content coverage only; no Ozon ranking-weight claim.
2186843798	ZODIAC_SIGN::дева	дева	STRONG_PRODUCT	EXACT_PRESENT	EXACT_PRESENT	EXACT_PRESENT	EXACT_PRESENT	title_n:EXACT_PRESENT	NO_GAP	Content coverage only; no Ozon ranking-weight claim.
2186843798	ZODIAC_SIGN::дева	дева знак зодиак	EXACT_PRODUCT	SEMANTIC_PRESENT	SEMANTIC_PRESENT	SEMANTIC_PRESENT	SEMANTIC_PRESENT	title_n:SEMANTIC_PRESENT	NO_GAP	Content coverage only; no Ozon ranking-weight claim.
2186843798	ZODIAC_SIGN::дева	дева знак зодиака	EXACT_PRODUCT	SEMANTIC_PRESENT	SEMANTIC_PRESENT	SEMANTIC_PRESENT	SEMANTIC_PRESENT	title_n:SEMANTIC_PRESENT	NO_GAP	Content coverage only; no Ozon ranking-weight claim.
2186843798	ZODIAC_SIGN::дева	дева знак зодиака рюмки	EXACT_PRODUCT	PARTIAL_PRESENT	PARTIAL_PRESENT	PARTIAL_PRESENT	PARTIAL_PRESENT	title_n:PARTIAL_PRESENT	PARTIAL_GAP	Content coverage only; no Ozon ranking-weight claim.
2186843798	USE::car_mirror	демон на машину подвеска на стекло маленькие	GENERIC_RELEVANT	ABSENT	ABSENT	ABSENT	ABSENT		GAP_PRESENT	Content coverage only; no Ozon ranking-weight claim.
2186843798	CLASS::amulet_pendant	зекало подвеска	GENERIC_RELEVANT	ABSENT	ABSENT	ABSENT	ABSENT		GAP_PRESENT	Content coverage only; no Ozon ranking-weight claim.
2186843798	USE::car_mirror	зеркала с поворотниками на машину экстрел	GENERIC_RELEVANT	ABSENT	ABSENT	ABSENT	ABSENT		GAP_PRESENT	Content coverage only; no Ozon ranking-weight claim.
2186843798	USE::car_mirror	зеркало	GENERIC_RELEVANT	EXACT_PRESENT	ABSENT	EXACT_PRESENT	EXACT_PRESENT	title_n:EXACT_PRESENT	GAP_PRESENT	Content coverage only; no Ozon ranking-weight claim.
2186843798	USE::car_mirror	зеркало для деву	GENERIC_RELEVANT	ABSENT	ABSENT	ABSENT	ABSENT		GAP_PRESENT	Content coverage only; no Ozon ranking-weight claim.
2186843798	USE::car_mirror	зеркало оберег на шею	GENERIC_RELEVANT	ABSENT	ABSENT	ABSENT	ABSENT		GAP_PRESENT	Content coverage only; no Ozon ranking-weight claim.
2186843798	USE::car_mirror	зеркальный амудет	GENERIC_RELEVANT	ABSENT	ABSENT	ABSENT	ABSENT		GAP_PRESENT	Content coverage only; no Ozon ranking-weight claim.
2186843798	USE::car_mirror	зеркальце амулет	GENERIC_RELEVANT	ABSENT	ABSENT	ABSENT	ABSENT		GAP_PRESENT	Content coverage only; no Ozon ranking-weight claim.
2186843798	ZODIAC_SIGN::дева	знак дева	STRONG_PRODUCT	SEMANTIC_PRESENT	SEMANTIC_PRESENT	SEMANTIC_PRESENT	SEMANTIC_PRESENT	title_n:SEMANTIC_PRESENT	NO_GAP	Content coverage only; no Ozon ranking-weight claim.
2186843798	ZODIAC_SIGN::дева	знак зодиака дева	EXACT_PRODUCT	SEMANTIC_PRESENT	SEMANTIC_PRESENT	EXACT_PRESENT	EXACT_PRESENT	title_n:SEMANTIC_PRESENT	NO_GAP	Content coverage only; no Ozon ranking-weight claim.
2186843798	ZODIAC_SIGN::дева	знак зодиака зодиака дева	EXACT_PRODUCT	SEMANTIC_PRESENT	SEMANTIC_PRESENT	SEMANTIC_PRESENT	SEMANTIC_PRESENT	title_n:SEMANTIC_PRESENT	NO_GAP	Content coverage only; no Ozon ranking-weight claim.
2186843798	CLASS::amulet_pendant	знак подвеска брелок	GENERIC_RELEVANT	ABSENT	ABSENT	ABSENT	ABSENT		GAP_PRESENT	Content coverage only; no Ozon ranking-weight claim.
2186843798	USE::car_mirror	знак туфелька блестящая на машину	GENERIC_RELEVANT	ABSENT	ABSENT	ABSENT	ABSENT		GAP_PRESENT	Content coverage only; no Ozon ranking-weight claim.
2186843798	ZODIAC_SIGN::дева	зодиак дева	EXACT_PRODUCT	SEMANTIC_PRESENT	SEMANTIC_PRESENT	SEMANTIC_PRESENT	SEMANTIC_PRESENT	title_n:SEMANTIC_PRESENT	NO_GAP	Content coverage only; no Ozon ranking-weight claim.
2186843798	ZODIAC_SIGN::дева	кольцо со знаком зодиака дева	EXACT_PRODUCT	PARTIAL_PRESENT	PARTIAL_PRESENT	PARTIAL_PRESENT	PARTIAL_PRESENT	title_n:PARTIAL_PRESENT	PARTIAL_GAP	Content coverage only; no Ozon ranking-weight claim.
2186843798	ZODIAC_SIGN::дева	кулон дева в машину	EXACT_PRODUCT	PARTIAL_PRESENT	PARTIAL_PRESENT	PARTIAL_PRESENT	PARTIAL_PRESENT	title_n:PARTIAL_PRESENT	PARTIAL_GAP	Content coverage only; no Ozon ranking-weight claim.
2186843798	USE::car_mirror	ловец снов в машину	GENERIC_RELEVANT	ABSENT	ABSENT	ABSENT	ABSENT		GAP_PRESENT	Content coverage only; no Ozon ranking-weight claim.
2186843798	ZODIAC_SIGN::дева	машина - дева	EXACT_PRODUCT	SEMANTIC_PRESENT	SEMANTIC_PRESENT	SEMANTIC_PRESENT	SEMANTIC_PRESENT	title_n:SEMANTIC_PRESENT	NO_GAP	Content coverage only; no Ozon ranking-weight claim.
2186843798	ZODIAC_SIGN::дева	на зеркало в машину подвеска дева	EXACT_PRODUCT	SEMANTIC_PRESENT	SEMANTIC_PRESENT	SEMANTIC_PRESENT	SEMANTIC_PRESENT	title_n:SEMANTIC_PRESENT	NO_GAP	Content coverage only; no Ozon ranking-weight claim.
2186843798	UNCLEAR::50d7339448	набор для творчества на дев	AMBIGUOUS_HOLD	ABSENT	ABSENT	ABSENT	ABSENT		GAP_PRESENT	Content coverage only; no Ozon ranking-weight claim.
2186843798	USE::car_mirror	оберег в авто	GENERIC_RELEVANT	SEMANTIC_PRESENT	ABSENT	SEMANTIC_PRESENT	SEMANTIC_PRESENT	title_n:SEMANTIC_PRESENT	GAP_PRESENT	Content coverage only; no Ozon ranking-weight claim.
2186843798	USE::car_mirror	оберег в машину	GENERIC_RELEVANT	SEMANTIC_PRESENT	ABSENT	SEMANTIC_PRESENT	SEMANTIC_PRESENT	title_n:SEMANTIC_PRESENT	GAP_PRESENT	Content coverage only; no Ozon ranking-weight claim.
2186843798	ZODIAC_SIGN::дева	оберег для дева	EXACT_PRODUCT	SEMANTIC_PRESENT	SEMANTIC_PRESENT	SEMANTIC_PRESENT	SEMANTIC_PRESENT	title_n:SEMANTIC_PRESENT	NO_GAP	Content coverage only; no Ozon ranking-weight claim.
2186843798	USE::protection	оберег для девы женский на шею	GENERIC_RELEVANT	ABSENT	ABSENT	ABSENT	ABSENT		GAP_PRESENT	Content coverage only; no Ozon ranking-weight claim.
2186843798	ZODIAC_SIGN::дева	оберег для знака дева	EXACT_PRODUCT	PARTIAL_PRESENT	PARTIAL_PRESENT	PARTIAL_PRESENT	PARTIAL_PRESENT	title_n:PARTIAL_PRESENT	PARTIAL_GAP	Content coverage only; no Ozon ranking-weight claim.
2186843798	USE::car_mirror	оберег на машину	GENERIC_RELEVANT	SEMANTIC_PRESENT	ABSENT	SEMANTIC_PRESENT	SEMANTIC_PRESENT	title_n:SEMANTIC_PRESENT	GAP_PRESENT	Content coverage only; no Ozon ranking-weight claim.
2186843798	USE::car_mirror	оберег подвеска в машину	GENERIC_RELEVANT	SEMANTIC_PRESENT	ABSENT	SEMANTIC_PRESENT	SEMANTIC_PRESENT	title_n:SEMANTIC_PRESENT	GAP_PRESENT	Content coverage only; no Ozon ranking-weight claim.
2186843798	USE::gift	подарок для девы	AMBIGUOUS_HOLD	ABSENT	ABSENT	ABSENT	ABSENT		GAP_PRESENT	Content coverage only; no Ozon ranking-weight claim.
2186843798	FAMILY::zodiac	подарок для девы знака зодиака	FAMILY_RELEVANT	ABSENT	ABSENT	ABSENT	ABSENT		GAP_PRESENT	Content coverage only; no Ozon ranking-weight claim.
2186843798	USE::car_mirror	подарок подвеска в машину	GENERIC_RELEVANT	SEMANTIC_PRESENT	ABSENT	SEMANTIC_PRESENT	SEMANTIC_PRESENT	title_n:SEMANTIC_PRESENT	GAP_PRESENT	Content coverage only; no Ozon ranking-weight claim.
2186843798	ZODIAC_SIGN::дева	подвеска амулет дева	EXACT_PRODUCT	SEMANTIC_PRESENT	SEMANTIC_PRESENT	SEMANTIC_PRESENT	SEMANTIC_PRESENT	title_n:SEMANTIC_PRESENT	NO_GAP	Content coverage only; no Ozon ranking-weight claim.
2186843798	USE::car_mirror	подвеска в автомобиль	GENERIC_RELEVANT	SEMANTIC_PRESENT	ABSENT	SEMANTIC_PRESENT	SEMANTIC_PRESENT	title_n:SEMANTIC_PRESENT	GAP_PRESENT	Content coverage only; no Ozon ranking-weight claim.
2186843798	USE::car_mirror	подвеска в машину	GENERIC_RELEVANT	SEMANTIC_PRESENT	ABSENT	EXACT_PRESENT	SEMANTIC_PRESENT	title_n:SEMANTIC_PRESENT	GAP_PRESENT	Content coverage only; no Ozon ranking-weight claim.
2186843798	USE::car_mirror	подвеска в машину женская ловец	GENERIC_RELEVANT	ABSENT	ABSENT	ABSENT	ABSENT		GAP_PRESENT	Content coverage only; no Ozon ranking-weight claim.
2186843798	USE::car_mirror	подвеска в машину на зеркало	GENERIC_RELEVANT	SEMANTIC_PRESENT	ABSENT	EXACT_PRESENT	SEMANTIC_PRESENT	title_n:SEMANTIC_PRESENT	GAP_PRESENT	Content coverage only; no Ozon ranking-weight claim.
2186843798	USE::car_mirror	подвеска в машину на зеркало мех	GENERIC_RELEVANT	ABSENT	ABSENT	ABSENT	ABSENT		GAP_PRESENT	Content coverage only; no Ozon ranking-weight claim.
2186843798	ZODIAC_SIGN::дева	подвеска дева	EXACT_PRODUCT	SEMANTIC_PRESENT	SEMANTIC_PRESENT	SEMANTIC_PRESENT	SEMANTIC_PRESENT	title_n:SEMANTIC_PRESENT	NO_GAP	Content coverage only; no Ozon ranking-weight claim.
2186843798	USE::car_mirror	подвеска для машины перчатка написанными ufc	GENERIC_RELEVANT	PARTIAL_PRESENT	ABSENT	PARTIAL_PRESENT	PARTIAL_PRESENT	title_n:PARTIAL_PRESENT	GAP_PRESENT	Content coverage only; no Ozon ranking-weight claim.
2186843798	USE::car_mirror	подвеска красная в машину на зеркало	GENERIC_RELEVANT	ABSENT	ABSENT	ABSENT	ABSENT		GAP_PRESENT	Content coverage only; no Ozon ranking-weight claim.
2186843798	USE::car_mirror	подвеска на зеркало	GENERIC_RELEVANT	EXACT_PRESENT	ABSENT	EXACT_PRESENT	EXACT_PRESENT	title_n:EXACT_PRESENT	GAP_PRESENT	Content coverage only; no Ozon ranking-weight claim.
2186843798	USE::car_mirror	подвеска на зеркало авто	GENERIC_RELEVANT	SEMANTIC_PRESENT	ABSENT	SEMANTIC_PRESENT	SEMANTIC_PRESENT	title_n:SEMANTIC_PRESENT	GAP_PRESENT	Content coverage only; no Ozon ranking-weight claim.
2186843798	USE::car_mirror	подвеска на зеркало в машину	GENERIC_RELEVANT	EXACT_PRESENT	ABSENT	EXACT_PRESENT	EXACT_PRESENT	title_n:EXACT_PRESENT	GAP_PRESENT	Content coverage only; no Ozon ranking-weight claim.
2186843798	USE::car_mirror	подвеска на зеркало в машину женская	GENERIC_RELEVANT	ABSENT	ABSENT	ABSENT	ABSENT		GAP_PRESENT	Content coverage only; no Ozon ranking-weight claim.
2186843798	USE::car_mirror	подвеска на зеркало мужская	GENERIC_RELEVANT	ABSENT	ABSENT	SEMANTIC_PRESENT	ABSENT	attr_n:SEMANTIC_PRESENT	GAP_PRESENT	Content coverage only; no Ozon ranking-weight claim.
2186843798	ZODIAC_SIGN::дева	подушка в машину дева	EXACT_PRODUCT	PARTIAL_PRESENT	PARTIAL_PRESENT	PARTIAL_PRESENT	PARTIAL_PRESENT	title_n:PARTIAL_PRESENT	PARTIAL_GAP	Content coverage only; no Ozon ranking-weight claim.
2186843798	ZODIAC_SIGN::дева	фигурка в машину дева	EXACT_PRODUCT	PARTIAL_PRESENT	PARTIAL_PRESENT	PARTIAL_PRESENT	PARTIAL_PRESENT	title_n:PARTIAL_PRESENT	PARTIAL_GAP	Content coverage only; no Ozon ranking-weight claim.
2186843798	USE::car_mirror	четки в автомобиль	GENERIC_RELEVANT	SEMANTIC_PRESENT	ABSENT	SEMANTIC_PRESENT	SEMANTIC_PRESENT	title_n:SEMANTIC_PRESENT	GAP_PRESENT	Content coverage only; no Ozon ranking-weight claim.
2186843798	USE::car_mirror	четки в машину	GENERIC_RELEVANT	SEMANTIC_PRESENT	ABSENT	SEMANTIC_PRESENT	SEMANTIC_PRESENT	title_n:SEMANTIC_PRESENT	GAP_PRESENT	Content coverage only; no Ozon ranking-weight claim.
2186846833	USE::car_mirror	автомобиля на зеркало украшение	GENERIC_RELEVANT	ABSENT	ABSENT	SEMANTIC_PRESENT	SEMANTIC_PRESENT	attr_n:SEMANTIC_PRESENT	GAP_PRESENT	Content coverage only; no Ozon ranking-weight claim.
2186846833	ZODIAC_SIGN::водолей	аквамарин подвеска водолей ровновесие	EXACT_PRODUCT	PARTIAL_PRESENT	PARTIAL_PRESENT	PARTIAL_PRESENT	PARTIAL_PRESENT	title_n:PARTIAL_PRESENT	PARTIAL_GAP	Content coverage only; no Ozon ranking-weight claim.
2186846833	USE::protection	амулеты обереги и талисманы дерево	GENERIC_RELEVANT	SEMANTIC_PRESENT	ABSENT	SEMANTIC_PRESENT	SEMANTIC_PRESENT	title_n:SEMANTIC_PRESENT	GAP_PRESENT	Content coverage only; no Ozon ranking-weight claim.
2186846833	CLASS::amulet_pendant	браслет амулет водолея	GENERIC_RELEVANT	ABSENT	ABSENT	ABSENT	ABSENT		GAP_PRESENT	Content coverage only; no Ozon ranking-weight claim.
2186846833	USE::protection	браслет оберег для водолея	GENERIC_RELEVANT	ABSENT	ABSENT	ABSENT	ABSENT		GAP_PRESENT	Content coverage only; no Ozon ranking-weight claim.
2186846833	USE::car_mirror	брелок в машину для девушки на зеркало	GENERIC_RELEVANT	ABSENT	ABSENT	ABSENT	ABSENT		GAP_PRESENT	Content coverage only; no Ozon ranking-weight claim.
2186846833	USE::car_mirror	бусы в машину на зеркало лада спорт	GENERIC_RELEVANT	ABSENT	ABSENT	ABSENT	ABSENT		GAP_PRESENT	Content coverage only; no Ozon ranking-weight claim.
2186846833	USE::car_mirror	в машину на зеркало подвес	GENERIC_RELEVANT	ABSENT	ABSENT	ABSENT	ABSENT		GAP_PRESENT	Content coverage only; no Ozon ranking-weight claim.
2186846833	USE::car_mirror	в машину подвес	GENERIC_RELEVANT	ABSENT	ABSENT	EXACT_PRESENT	ABSENT	attr_n:EXACT_PRESENT	GAP_PRESENT	Content coverage only; no Ozon ranking-weight claim.
2186846833	USE::car_mirror	в машину подвеска	GENERIC_RELEVANT	SEMANTIC_PRESENT	ABSENT	EXACT_PRESENT	SEMANTIC_PRESENT	title_n:SEMANTIC_PRESENT	GAP_PRESENT	Content coverage only; no Ozon ranking-weight claim.
2186846833	ZODIAC_SIGN::водолей	в машину фигурка водолей	EXACT_PRODUCT	PARTIAL_PRESENT	PARTIAL_PRESENT	PARTIAL_PRESENT	PARTIAL_PRESENT	title_n:PARTIAL_PRESENT	PARTIAL_GAP	Content coverage only; no Ozon ranking-weight claim.
2186846833	ZODIAC_SIGN::водолей	водолей	STRONG_PRODUCT	EXACT_PRESENT	EXACT_PRESENT	EXACT_PRESENT	EXACT_PRESENT	title_n:EXACT_PRESENT	NO_GAP	Content coverage only; no Ozon ranking-weight claim.
2186846833	ZODIAC_SIGN::водолей	водолей в машину	EXACT_PRODUCT	SEMANTIC_PRESENT	SEMANTIC_PRESENT	SEMANTIC_PRESENT	SEMANTIC_PRESENT	title_n:SEMANTIC_PRESENT	NO_GAP	Content coverage only; no Ozon ranking-weight claim.
2186846833	ZODIAC_SIGN::водолей	водолей знак зодиака камееь	EXACT_PRODUCT	PARTIAL_PRESENT	PARTIAL_PRESENT	PARTIAL_PRESENT	PARTIAL_PRESENT	title_n:PARTIAL_PRESENT	PARTIAL_GAP	Content coverage only; no Ozon ranking-weight claim.
2186846833	ZODIAC_SIGN::водолей	водолей расческа	STRONG_PRODUCT	PARTIAL_PRESENT	PARTIAL_PRESENT	PARTIAL_PRESENT	PARTIAL_PRESENT	title_n:PARTIAL_PRESENT	PARTIAL_GAP	Content coverage only; no Ozon ranking-weight claim.
2186846833	USE::car_mirror	восклицательный знак на машину в треугольнике красный	GENERIC_RELEVANT	ABSENT	ABSENT	ABSENT	ABSENT		GAP_PRESENT	Content coverage only; no Ozon ranking-weight claim.
2186846833	USE::car_mirror	для авто украшения подвески	GENERIC_RELEVANT	SEMANTIC_PRESENT	ABSENT	SEMANTIC_PRESENT	SEMANTIC_PRESENT	title_n:SEMANTIC_PRESENT	GAP_PRESENT	Content coverage only; no Ozon ranking-weight claim.
2186846833	USE::car_mirror	зеркало	GENERIC_RELEVANT	EXACT_PRESENT	ABSENT	EXACT_PRESENT	EXACT_PRESENT	title_n:EXACT_PRESENT	GAP_PRESENT	Content coverage only; no Ozon ranking-weight claim.
2186846833	USE::car_mirror	зеркало толи	GENERIC_RELEVANT	ABSENT	ABSENT	ABSENT	ABSENT		GAP_PRESENT	Content coverage only; no Ozon ranking-weight claim.
2186846833	USE::car_mirror	знак зеркало	GENERIC_RELEVANT	SEMANTIC_PRESENT	ABSENT	SEMANTIC_PRESENT	SEMANTIC_PRESENT	title_n:SEMANTIC_PRESENT	GAP_PRESENT	Content coverage only; no Ozon ranking-weight claim.
2186846833	ZODIAC_SIGN::водолей	зонт водолей	STRONG_PRODUCT	PARTIAL_PRESENT	PARTIAL_PRESENT	PARTIAL_PRESENT	PARTIAL_PRESENT	title_n:PARTIAL_PRESENT	PARTIAL_GAP	Content coverage only; no Ozon ranking-weight claim.
2186846833	FAMILY::zodiac	календарь карманный знаки зодиака	FAMILY_RELEVANT	ABSENT	ABSENT	ABSENT	ABSENT		GAP_PRESENT	Content coverage only; no Ozon ranking-weight claim.
2186846833	ZODIAC_SIGN::водолей	костюм мужской водолей	STRONG_PRODUCT	PARTIAL_PRESENT	PARTIAL_PRESENT	PARTIAL_PRESENT	PARTIAL_PRESENT	title_n:PARTIAL_PRESENT	PARTIAL_GAP	Content coverage only; no Ozon ranking-weight claim.
2186846833	USE::car_mirror	кулон авто	GENERIC_RELEVANT	ABSENT	ABSENT	ABSENT	ABSENT		GAP_PRESENT	Content coverage only; no Ozon ranking-weight claim.
2186846833	USE::car_mirror	ладанка оберег в машину на зеркало	GENERIC_RELEVANT	ABSENT	ABSENT	ABSENT	ABSENT		GAP_PRESENT	Content coverage only; no Ozon ranking-weight claim.
2186846833	UNCLEAR::b8a7adaa98	мужчине на день рождения	AMBIGUOUS_HOLD	ABSENT	ABSENT	EXACT_PRESENT	ABSENT	attr_n:EXACT_PRESENT	GAP_PRESENT	Content coverage only; no Ozon ranking-weight claim.
2186846833	ZODIAC_SIGN::водолей	нитка оберег на руку водолей	EXACT_PRODUCT	PARTIAL_PRESENT	PARTIAL_PRESENT	PARTIAL_PRESENT	PARTIAL_PRESENT	title_n:PARTIAL_PRESENT	PARTIAL_GAP	Content coverage only; no Ozon ranking-weight claim.
2186846833	USE::car_mirror	оберег в машинку	GENERIC_RELEVANT	ABSENT	ABSENT	ABSENT	ABSENT		GAP_PRESENT	Content coverage only; no Ozon ranking-weight claim.
2186846833	USE::car_mirror	оберег в машину	GENERIC_RELEVANT	SEMANTIC_PRESENT	ABSENT	SEMANTIC_PRESENT	SEMANTIC_PRESENT	title_n:SEMANTIC_PRESENT	GAP_PRESENT	Content coverage only; no Ozon ranking-weight claim.
2186846833	USE::car_mirror	оберег в машину женский	GENERIC_RELEVANT	ABSENT	ABSENT	ABSENT	ABSENT		GAP_PRESENT	Content coverage only; no Ozon ranking-weight claim.
2186846833	USE::car_mirror	оберег в машину мусульманский четки	GENERIC_RELEVANT	ABSENT	ABSENT	ABSENT	ABSENT		GAP_PRESENT	Content coverage only; no Ozon ranking-weight claim.
2186846833	ZODIAC_SIGN::водолей	оберег в машину со знаком зодиака водолей	EXACT_PRODUCT	SEMANTIC_PRESENT	SEMANTIC_PRESENT	SEMANTIC_PRESENT	SEMANTIC_PRESENT	title_n:SEMANTIC_PRESENT	NO_GAP	Content coverage only; no Ozon ranking-weight claim.
2186846833	USE::protection	обереги талисманы	GENERIC_RELEVANT	SEMANTIC_PRESENT	ABSENT	SEMANTIC_PRESENT	SEMANTIC_PRESENT	title_n:SEMANTIC_PRESENT	GAP_PRESENT	Content coverage only; no Ozon ranking-weight claim.
2186846833	USE::car_mirror	подвес в машину на зеркало	GENERIC_RELEVANT	ABSENT	ABSENT	ABSENT	ABSENT		GAP_PRESENT	Content coverage only; no Ozon ranking-weight claim.
2186846833	USE::car_mirror	подвеска в автомобиль	GENERIC_RELEVANT	SEMANTIC_PRESENT	ABSENT	SEMANTIC_PRESENT	SEMANTIC_PRESENT	title_n:SEMANTIC_PRESENT	GAP_PRESENT	Content coverage only; no Ozon ranking-weight claim.
2186846833	USE::car_mirror	подвеска в машину	GENERIC_RELEVANT	SEMANTIC_PRESENT	ABSENT	EXACT_PRESENT	SEMANTIC_PRESENT	title_n:SEMANTIC_PRESENT	GAP_PRESENT	Content coverage only; no Ozon ranking-weight claim.
2186846833	USE::car_mirror	подвеска в машину из аниме	GENERIC_RELEVANT	ABSENT	ABSENT	ABSENT	ABSENT		GAP_PRESENT	Content coverage only; no Ozon ranking-weight claim.
2186846833	USE::car_mirror	подвеска в машину на зеркало	GENERIC_RELEVANT	SEMANTIC_PRESENT	ABSENT	EXACT_PRESENT	SEMANTIC_PRESENT	title_n:SEMANTIC_PRESENT	GAP_PRESENT	Content coverage only; no Ozon ranking-weight claim.
2186846833	USE::car_mirror	подвеска в машину на зеркало жен	GENERIC_RELEVANT	ABSENT	ABSENT	ABSENT	ABSENT		GAP_PRESENT	Content coverage only; no Ozon ranking-weight claim.
2186846833	USE::car_mirror	подвеска в машину на зеркало инь янь	GENERIC_RELEVANT	ABSENT	ABSENT	ABSENT	ABSENT		GAP_PRESENT	Content coverage only; no Ozon ranking-weight claim.
2186846833	USE::car_mirror	подвеска в машину на зеркало красная	GENERIC_RELEVANT	ABSENT	ABSENT	ABSENT	ABSENT		GAP_PRESENT	Content coverage only; no Ozon ranking-weight claim.
2186846833	USE::car_mirror	подвеска в машину на зеркало мотоцикл	GENERIC_RELEVANT	ABSENT	ABSENT	ABSENT	ABSENT		GAP_PRESENT	Content coverage only; no Ozon ranking-weight claim.
2186846833	USE::car_mirror	подвеска в машину на зеркало питбуль	GENERIC_RELEVANT	ABSENT	ABSENT	ABSENT	ABSENT		GAP_PRESENT	Content coverage only; no Ozon ranking-weight claim.
2186846833	ZODIAC_SIGN::водолей	подвеска водолей	EXACT_PRODUCT	SEMANTIC_PRESENT	SEMANTIC_PRESENT	SEMANTIC_PRESENT	SEMANTIC_PRESENT	title_n:SEMANTIC_PRESENT	NO_GAP	Content coverage only; no Ozon ranking-weight claim.
2186846833	USE::car_mirror	подвеска на зеркало hella flash	GENERIC_RELEVANT	ABSENT	ABSENT	ABSENT	ABSENT		GAP_PRESENT	Content coverage only; no Ozon ranking-weight claim.
2186846833	USE::car_mirror	подвеска на зеркало автомобиля	GENERIC_RELEVANT	ABSENT	ABSENT	SEMANTIC_PRESENT	SEMANTIC_PRESENT	attr_n:SEMANTIC_PRESENT	GAP_PRESENT	Content coverage only; no Ozon ranking-weight claim.
2186846833	USE::car_mirror	подвеска на зеркало автомобиля в машину	GENERIC_RELEVANT	ABSENT	ABSENT	SEMANTIC_PRESENT	SEMANTIC_PRESENT	attr_n:SEMANTIC_PRESENT	GAP_PRESENT	Content coverage only; no Ozon ranking-weight claim.
2186846833	USE::car_mirror	подвеска на зеркало в машину	GENERIC_RELEVANT	EXACT_PRESENT	ABSENT	EXACT_PRESENT	EXACT_PRESENT	title_n:EXACT_PRESENT	GAP_PRESENT	Content coverage only; no Ozon ranking-weight claim.
2186846833	USE::car_mirror	подвеска на зеркало в машину собака	GENERIC_RELEVANT	ABSENT	ABSENT	ABSENT	ABSENT		GAP_PRESENT	Content coverage only; no Ozon ranking-weight claim.
2186846833	USE::car_mirror	подвеска на зеркало в машину череп	GENERIC_RELEVANT	ABSENT	ABSENT	ABSENT	ABSENT		GAP_PRESENT	Content coverage only; no Ozon ranking-weight claim.
2186846833	USE::car_mirror	подвеска на машину	GENERIC_RELEVANT	SEMANTIC_PRESENT	ABSENT	SEMANTIC_PRESENT	SEMANTIC_PRESENT	title_n:SEMANTIC_PRESENT	GAP_PRESENT	Content coverage only; no Ozon ranking-weight claim.
2186846833	USE::car_mirror	четки в автомобиль	GENERIC_RELEVANT	SEMANTIC_PRESENT	ABSENT	SEMANTIC_PRESENT	SEMANTIC_PRESENT	title_n:SEMANTIC_PRESENT	GAP_PRESENT	Content coverage only; no Ozon ranking-weight claim.
2186846833	USE::car_mirror	четки в машину	GENERIC_RELEVANT	SEMANTIC_PRESENT	ABSENT	SEMANTIC_PRESENT	SEMANTIC_PRESENT	title_n:SEMANTIC_PRESENT	GAP_PRESENT	Content coverage only; no Ozon ranking-weight claim.
2186846833	USE::car_mirror	четки в машину на зеркало	GENERIC_RELEVANT	SEMANTIC_PRESENT	ABSENT	SEMANTIC_PRESENT	SEMANTIC_PRESENT	title_n:SEMANTIC_PRESENT	GAP_PRESENT	Content coverage only; no Ozon ranking-weight claim.
2186846833	CLASS::amulet_pendant	эзотерика аксессуары	GENERIC_RELEVANT	ABSENT	ABSENT	ABSENT	ABSENT		GAP_PRESENT	Content coverage only; no Ozon ranking-weight claim.
2186848313	USE::car_mirror	авто рыба	GENERIC_RELEVANT	ABSENT	ABSENT	ABSENT	ABSENT		GAP_PRESENT	Content coverage only; no Ozon ranking-weight claim.
2186848313	USE::car_mirror	автомобильная четки в машину на зеркало	GENERIC_RELEVANT	ABSENT	ABSENT	ABSENT	ABSENT		GAP_PRESENT	Content coverage only; no Ozon ranking-weight claim.
2186848313	USE::car_mirror	аксессуары в машину подвесаа зеркал барабан	GENERIC_RELEVANT	ABSENT	ABSENT	ABSENT	ABSENT		GAP_PRESENT	Content coverage only; no Ozon ranking-weight claim.
2186848313	CLASS::amulet_pendant	амулет бусина	GENERIC_RELEVANT	ABSENT	ABSENT	SEMANTIC_PRESENT	SEMANTIC_PRESENT	attr_n:SEMANTIC_PRESENT	GAP_PRESENT	Content coverage only; no Ozon ranking-weight claim.
2186848313	ZODIAC_SIGN::рыбы	амулет рыбы	EXACT_PRODUCT	SEMANTIC_PRESENT	SEMANTIC_PRESENT	SEMANTIC_PRESENT	SEMANTIC_PRESENT	title_n:SEMANTIC_PRESENT	NO_GAP	Content coverage only; no Ozon ranking-weight claim.
2186848313	USE::car_mirror	амулеты мужские в машину	GENERIC_RELEVANT	SEMANTIC_PRESENT	ABSENT	SEMANTIC_PRESENT	SEMANTIC_PRESENT	title_n:SEMANTIC_PRESENT	GAP_PRESENT	Content coverage only; no Ozon ranking-weight claim.
2186848313	USE::protection	амулеты обереги и талисманы	GENERIC_RELEVANT	SEMANTIC_PRESENT	ABSENT	EXACT_PRESENT	SEMANTIC_PRESENT	title_n:SEMANTIC_PRESENT	GAP_PRESENT	Content coverage only; no Ozon ranking-weight claim.
2186848313	USE::car_mirror	бисмиля на машину на зеркало мусульманские	GENERIC_RELEVANT	ABSENT	ABSENT	ABSENT	ABSENT		GAP_PRESENT	Content coverage only; no Ozon ranking-weight claim.
2186848313	USE::car_mirror	брелок авто талисман	GENERIC_RELEVANT	ABSENT	ABSENT	ABSENT	ABSENT		GAP_PRESENT	Content coverage only; no Ozon ranking-weight claim.
2186848313	USE::car_mirror	брелок в машину на зеркало	GENERIC_RELEVANT	ABSENT	ABSENT	ABSENT	ABSENT		GAP_PRESENT	Content coverage only; no Ozon ranking-weight claim.
2186848313	USE::car_mirror	брошь на машину рыбка самаклейная	GENERIC_RELEVANT	ABSENT	ABSENT	ABSENT	ABSENT		GAP_PRESENT	Content coverage only; no Ozon ranking-weight claim.
2186848313	USE::car_mirror	бусинки в машину на зеркало	GENERIC_RELEVANT	ABSENT	ABSENT	ABSENT	ABSENT		GAP_PRESENT	Content coverage only; no Ozon ranking-weight claim.
2186848313	USE::car_mirror	бусы в машину на зеркало ленд ровер	GENERIC_RELEVANT	ABSENT	ABSENT	ABSENT	ABSENT		GAP_PRESENT	Content coverage only; no Ozon ranking-weight claim.
2186848313	USE::car_mirror	в машину для малыша подвеска	GENERIC_RELEVANT	ABSENT	ABSENT	ABSENT	ABSENT		GAP_PRESENT	Content coverage only; no Ozon ranking-weight claim.
2186848313	USE::car_mirror	в машину на зеркало подвеска	GENERIC_RELEVANT	SEMANTIC_PRESENT	ABSENT	SEMANTIC_PRESENT	SEMANTIC_PRESENT	title_n:SEMANTIC_PRESENT	GAP_PRESENT	Content coverage only; no Ozon ranking-weight claim.
2186848313	USE::car_mirror	висюлька в машину на зеркало тайота четки	GENERIC_RELEVANT	ABSENT	ABSENT	ABSENT	ABSENT		GAP_PRESENT	Content coverage only; no Ozon ranking-weight claim.
2186848313	USE::car_mirror	висюлька на зеркало в машину белая пушистая	GENERIC_RELEVANT	ABSENT	ABSENT	ABSENT	ABSENT		GAP_PRESENT	Content coverage only; no Ozon ranking-weight claim.
2186848313	USE::car_mirror	вонючка дельфин в машину синяя на зеркало	GENERIC_RELEVANT	ABSENT	ABSENT	ABSENT	ABSENT		GAP_PRESENT	Content coverage only; no Ozon ranking-weight claim.
2186848313	ZODIAC_SIGN::рыбы	ежедневник знак зодиака рыбы 2027	EXACT_PRODUCT	PARTIAL_PRESENT	PARTIAL_PRESENT	PARTIAL_PRESENT	PARTIAL_PRESENT	title_n:PARTIAL_PRESENT	PARTIAL_GAP	Content coverage only; no Ozon ranking-weight claim.
2186848313	USE::car_mirror	зеркалл магисеское	GENERIC_RELEVANT	ABSENT	ABSENT	ABSENT	ABSENT		GAP_PRESENT	Content coverage only; no Ozon ranking-weight claim.
2186848313	USE::car_mirror	зеркало	GENERIC_RELEVANT	EXACT_PRESENT	ABSENT	EXACT_PRESENT	EXACT_PRESENT	title_n:EXACT_PRESENT	GAP_PRESENT	Content coverage only; no Ozon ranking-weight claim.
2186848313	USE::car_mirror	зеркало рыбий глаз на самокат	GENERIC_RELEVANT	ABSENT	ABSENT	ABSENT	ABSENT		GAP_PRESENT	Content coverage only; no Ozon ranking-weight claim.
2186848313	ZODIAC_SIGN::рыбы	знак зодиака рыбы большой	EXACT_PRODUCT	SEMANTIC_PRESENT	SEMANTIC_PRESENT	SEMANTIC_PRESENT	SEMANTIC_PRESENT	title_n:SEMANTIC_PRESENT	NO_GAP	Content coverage only; no Ozon ranking-weight claim.
2186848313	USE::car_mirror	знак на машину для женщин	GENERIC_RELEVANT	ABSENT	ABSENT	SEMANTIC_PRESENT	ABSENT	attr_n:SEMANTIC_PRESENT	GAP_PRESENT	Content coverage only; no Ozon ranking-weight claim.
2186848313	USE::car_mirror	игрушка оберег в машину	GENERIC_RELEVANT	ABSENT	ABSENT	ABSENT	ABSENT		GAP_PRESENT	Content coverage only; no Ozon ranking-weight claim.
2186848313	USE::car_mirror	крестик в машину на зеркало освешеный	GENERIC_RELEVANT	ABSENT	ABSENT	ABSENT	ABSENT		GAP_PRESENT	Content coverage only; no Ozon ranking-weight claim.
2186848313	USE::car_mirror	кулон в автомобиль	GENERIC_RELEVANT	ABSENT	ABSENT	ABSENT	ABSENT		GAP_PRESENT	Content coverage only; no Ozon ranking-weight claim.
2186848313	ZODIAC_SIGN::рыбы	кулон мужской рыбы	STRONG_PRODUCT	PARTIAL_PRESENT	PARTIAL_PRESENT	PARTIAL_PRESENT	PARTIAL_PRESENT	title_n:PARTIAL_PRESENT	PARTIAL_GAP	Content coverage only; no Ozon ranking-weight claim.
2186848313	FAMILY::zodiac	кулон на шею для мальчика знак зодиака	FAMILY_RELEVANT	ABSENT	ABSENT	ABSENT	ABSENT		GAP_PRESENT	Content coverage only; no Ozon ranking-weight claim.
2186848313	USE::car_mirror	кулончики в машину	GENERIC_RELEVANT	ABSENT	ABSENT	ABSENT	ABSENT		GAP_PRESENT	Content coverage only; no Ozon ranking-weight claim.
2186848313	USE::car_mirror	маленький оберев машину	GENERIC_RELEVANT	ABSENT	ABSENT	ABSENT	ABSENT		GAP_PRESENT	Content coverage only; no Ozon ranking-weight claim.
2186848313	UNCLEAR::ce29905966	мужской кулон рыба	AMBIGUOUS_HOLD	ABSENT	ABSENT	ABSENT	ABSENT		GAP_PRESENT	Content coverage only; no Ozon ranking-weight claim.
2186848313	USE::car_mirror	на зеркало в машину подвеска	GENERIC_RELEVANT	SEMANTIC_PRESENT	ABSENT	SEMANTIC_PRESENT	SEMANTIC_PRESENT	title_n:SEMANTIC_PRESENT	GAP_PRESENT	Content coverage only; no Ozon ranking-weight claim.
2186848313	USE::car_mirror	необычный обвес в машину на зеркало	GENERIC_RELEVANT	ABSENT	ABSENT	ABSENT	ABSENT		GAP_PRESENT	Content coverage only; no Ozon ranking-weight claim.
2186848313	USE::car_mirror	оберег в машину	GENERIC_RELEVANT	SEMANTIC_PRESENT	ABSENT	SEMANTIC_PRESENT	SEMANTIC_PRESENT	title_n:SEMANTIC_PRESENT	GAP_PRESENT	Content coverage only; no Ozon ranking-weight claim.
2186848313	USE::car_mirror	оберег в машину на зеркало женский	GENERIC_RELEVANT	ABSENT	ABSENT	ABSENT	ABSENT		GAP_PRESENT	Content coverage only; no Ozon ranking-weight claim.
2186848313	USE::protection	обереги	GENERIC_RELEVANT	SEMANTIC_PRESENT	ABSENT	EXACT_PRESENT	SEMANTIC_PRESENT	title_n:SEMANTIC_PRESENT	GAP_PRESENT	Content coverage only; no Ozon ranking-weight claim.
2186848313	USE::car_mirror	подвеска в автомобиль	GENERIC_RELEVANT	SEMANTIC_PRESENT	ABSENT	SEMANTIC_PRESENT	SEMANTIC_PRESENT	title_n:SEMANTIC_PRESENT	GAP_PRESENT	Content coverage only; no Ozon ranking-weight claim.
2186848313	USE::car_mirror	подвеска в автомобиль на зеркало	GENERIC_RELEVANT	SEMANTIC_PRESENT	ABSENT	SEMANTIC_PRESENT	SEMANTIC_PRESENT	title_n:SEMANTIC_PRESENT	GAP_PRESENT	Content coverage only; no Ozon ranking-weight claim.
2186848313	USE::car_mirror	подвеска в машину	GENERIC_RELEVANT	SEMANTIC_PRESENT	ABSENT	EXACT_PRESENT	SEMANTIC_PRESENT	title_n:SEMANTIC_PRESENT	GAP_PRESENT	Content coverage only; no Ozon ranking-weight claim.
2186848313	USE::car_mirror	подвеска в машину на зеркало	GENERIC_RELEVANT	SEMANTIC_PRESENT	ABSENT	EXACT_PRESENT	SEMANTIC_PRESENT	title_n:SEMANTIC_PRESENT	GAP_PRESENT	Content coverage only; no Ozon ranking-weight claim.
2186848313	USE::car_mirror	подвеска в машину на зеркало дракон	GENERIC_RELEVANT	ABSENT	ABSENT	ABSENT	ABSENT		GAP_PRESENT	Content coverage only; no Ozon ranking-weight claim.
2186848313	USE::car_mirror	подвеска в машину на зеркало череп	GENERIC_RELEVANT	ABSENT	ABSENT	ABSENT	ABSENT		GAP_PRESENT	Content coverage only; no Ozon ranking-weight claim.
2186848313	USE::car_mirror	подвеска в машину рыба на зеркало	GENERIC_RELEVANT	ABSENT	ABSENT	ABSENT	ABSENT		GAP_PRESENT	Content coverage only; no Ozon ranking-weight claim.
2186848313	USE::car_mirror	подвеска в машину светильник	GENERIC_RELEVANT	ABSENT	ABSENT	ABSENT	ABSENT		GAP_PRESENT	Content coverage only; no Ozon ranking-weight claim.
2186848313	USE::car_mirror	подвеска на зеркало half life	GENERIC_RELEVANT	ABSENT	ABSENT	ABSENT	ABSENT		GAP_PRESENT	Content coverage only; no Ozon ranking-weight claim.
2186848313	USE::car_mirror	подвеска на зеркало автомобиля	GENERIC_RELEVANT	ABSENT	ABSENT	SEMANTIC_PRESENT	SEMANTIC_PRESENT	attr_n:SEMANTIC_PRESENT	GAP_PRESENT	Content coverage only; no Ozon ranking-weight claim.
2186848313	USE::car_mirror	подвеска на зеркало в машину	GENERIC_RELEVANT	EXACT_PRESENT	ABSENT	EXACT_PRESENT	EXACT_PRESENT	title_n:EXACT_PRESENT	GAP_PRESENT	Content coverage only; no Ozon ranking-weight claim.
2186848313	USE::car_mirror	подвеска на машину	GENERIC_RELEVANT	SEMANTIC_PRESENT	ABSENT	SEMANTIC_PRESENT	SEMANTIC_PRESENT	title_n:SEMANTIC_PRESENT	GAP_PRESENT	Content coverage only; no Ozon ranking-weight claim.
2186848313	USE::protection	талисман	GENERIC_RELEVANT	EXACT_PRESENT	ABSENT	EXACT_PRESENT	EXACT_PRESENT	title_n:EXACT_PRESENT	GAP_PRESENT	Content coverage only; no Ozon ranking-weight claim.
2186848313	USE::protection	талисман на шею мужской	GENERIC_RELEVANT	ABSENT	ABSENT	ABSENT	ABSENT		GAP_PRESENT	Content coverage only; no Ozon ranking-weight claim.
2186848313	USE::car_mirror	четки в автомобиль	GENERIC_RELEVANT	SEMANTIC_PRESENT	ABSENT	SEMANTIC_PRESENT	SEMANTIC_PRESENT	title_n:SEMANTIC_PRESENT	GAP_PRESENT	Content coverage only; no Ozon ranking-weight claim.
2186848313	USE::car_mirror	четки в машину	GENERIC_RELEVANT	SEMANTIC_PRESENT	ABSENT	SEMANTIC_PRESENT	SEMANTIC_PRESENT	title_n:SEMANTIC_PRESENT	GAP_PRESENT	Content coverage only; no Ozon ranking-weight claim.
2186848313	USE::car_mirror	четки в машину на зеркало	GENERIC_RELEVANT	SEMANTIC_PRESENT	ABSENT	SEMANTIC_PRESENT	SEMANTIC_PRESENT	title_n:SEMANTIC_PRESENT	GAP_PRESENT	Content coverage only; no Ozon ranking-weight claim.
2186848313	ZODIAC_SIGN::рыбы	четки для знака зодиака рыбы	EXACT_PRODUCT	PARTIAL_PRESENT	PARTIAL_PRESENT	PARTIAL_PRESENT	PARTIAL_PRESENT	title_n:PARTIAL_PRESENT	PARTIAL_GAP	Content coverage only; no Ozon ranking-weight claim.
2186848313	CLASS::beads	четки руны	GENERIC_RELEVANT	ABSENT	ABSENT	ABSENT	ABSENT		GAP_PRESENT	Content coverage only; no Ozon ranking-weight claim.
2186850644	USE::car_mirror	аксессуар в авто на зеркало подвеска	GENERIC_RELEVANT	SEMANTIC_PRESENT	ABSENT	SEMANTIC_PRESENT	SEMANTIC_PRESENT	title_n:SEMANTIC_PRESENT	GAP_PRESENT	Content coverage only; no Ozon ranking-weight claim.
2186850644	CLASS::amulet_pendant	амулет для овна мужской	GENERIC_RELEVANT	ABSENT	ABSENT	ABSENT	ABSENT		GAP_PRESENT	Content coverage only; no Ozon ranking-weight claim.
2186850644	USE::protection	амулеты обереги и талисманы	GENERIC_RELEVANT	SEMANTIC_PRESENT	ABSENT	EXACT_PRESENT	SEMANTIC_PRESENT	title_n:SEMANTIC_PRESENT	GAP_PRESENT	Content coverage only; no Ozon ranking-weight claim.
2186850644	USE::car_mirror	брелок в машину на зеркало	GENERIC_RELEVANT	ABSENT	ABSENT	ABSENT	ABSENT		GAP_PRESENT	Content coverage only; no Ozon ranking-weight claim.
2186850644	USE::car_mirror	брелок в машину на зеркало пушистики	GENERIC_RELEVANT	ABSENT	ABSENT	ABSENT	ABSENT		GAP_PRESENT	Content coverage only; no Ozon ranking-weight claim.
2186850644	USE::car_mirror	в машину украшение на зеркало	GENERIC_RELEVANT	SEMANTIC_PRESENT	ABSENT	SEMANTIC_PRESENT	SEMANTIC_PRESENT	title_n:SEMANTIC_PRESENT	GAP_PRESENT	Content coverage only; no Ozon ranking-weight claim.
2186850644	USE::car_mirror	декоративная подвеска в авто	GENERIC_RELEVANT	ABSENT	ABSENT	SEMANTIC_PRESENT	SEMANTIC_PRESENT	attr_n:SEMANTIC_PRESENT	GAP_PRESENT	Content coverage only; no Ozon ranking-weight claim.
2186850644	UNCLEAR::6248f92291	для овна мужской	AMBIGUOUS_HOLD	ABSENT	ABSENT	ABSENT	ABSENT		GAP_PRESENT	Content coverage only; no Ozon ranking-weight claim.
2186850644	USE::car_mirror	зеркало для праворульных машин для обгона	GENERIC_RELEVANT	PARTIAL_PRESENT	ABSENT	PARTIAL_PRESENT	PARTIAL_PRESENT	title_n:PARTIAL_PRESENT	GAP_PRESENT	Content coverage only; no Ozon ranking-weight claim.
2186850644	ZODIAC_SIGN::овен	игрушка в машину овен	EXACT_PRODUCT	PARTIAL_PRESENT	PARTIAL_PRESENT	PARTIAL_PRESENT	PARTIAL_PRESENT	title_n:PARTIAL_PRESENT	PARTIAL_GAP	Content coverage only; no Ozon ranking-weight claim.
2186850644	FAMILY::zodiac	календарь карманный знаки зодиака	FAMILY_RELEVANT	ABSENT	ABSENT	ABSENT	ABSENT		GAP_PRESENT	Content coverage only; no Ozon ranking-weight claim.
2186850644	USE::car_mirror	кулон в автомобиль на зеркало	GENERIC_RELEVANT	ABSENT	ABSENT	ABSENT	ABSENT		GAP_PRESENT	Content coverage only; no Ozon ranking-weight claim.
2186850644	USE::protection	магический амулет , оберег	GENERIC_RELEVANT	ABSENT	ABSENT	ABSENT	ABSENT		GAP_PRESENT	Content coverage only; no Ozon ranking-weight claim.
2186850644	UNCLEAR::b8a7adaa98	мужчине на день рождения	AMBIGUOUS_HOLD	ABSENT	ABSENT	EXACT_PRESENT	ABSENT	attr_n:EXACT_PRESENT	GAP_PRESENT	Content coverage only; no Ozon ranking-weight claim.
2186850644	USE::car_mirror	на зеркало в машину подвеска	GENERIC_RELEVANT	SEMANTIC_PRESENT	ABSENT	SEMANTIC_PRESENT	SEMANTIC_PRESENT	title_n:SEMANTIC_PRESENT	GAP_PRESENT	Content coverage only; no Ozon ranking-weight claim.
2186850644	USE::car_mirror	оберег в автомобиль на зеркало	GENERIC_RELEVANT	SEMANTIC_PRESENT	ABSENT	SEMANTIC_PRESENT	SEMANTIC_PRESENT	title_n:SEMANTIC_PRESENT	GAP_PRESENT	Content coverage only; no Ozon ranking-weight claim.
2186850644	ZODIAC_SIGN::овен	оберег в кошелек овен	EXACT_PRODUCT	PARTIAL_PRESENT	PARTIAL_PRESENT	PARTIAL_PRESENT	PARTIAL_PRESENT	title_n:PARTIAL_PRESENT	PARTIAL_GAP	Content coverage only; no Ozon ranking-weight claim.
2186850644	USE::car_mirror	оберег в машину	GENERIC_RELEVANT	SEMANTIC_PRESENT	ABSENT	SEMANTIC_PRESENT	SEMANTIC_PRESENT	title_n:SEMANTIC_PRESENT	GAP_PRESENT	Content coverage only; no Ozon ranking-weight claim.
2186850644	USE::car_mirror	оберег для автомобиля на зеркало	GENERIC_RELEVANT	ABSENT	ABSENT	SEMANTIC_PRESENT	SEMANTIC_PRESENT	attr_n:SEMANTIC_PRESENT	GAP_PRESENT	Content coverage only; no Ozon ranking-weight claim.
2186850644	USE::car_mirror	оберег зеркальный	GENERIC_RELEVANT	ABSENT	ABSENT	ABSENT	ABSENT		GAP_PRESENT	Content coverage only; no Ozon ranking-weight claim.
2186850644	ZODIAC_SIGN::овен	овен	STRONG_PRODUCT	EXACT_PRESENT	EXACT_PRESENT	EXACT_PRESENT	EXACT_PRESENT	title_n:EXACT_PRESENT	NO_GAP	Content coverage only; no Ozon ranking-weight claim.
2186850644	ZODIAC_SIGN::овен	овен оберег в машину	EXACT_PRODUCT	SEMANTIC_PRESENT	SEMANTIC_PRESENT	SEMANTIC_PRESENT	SEMANTIC_PRESENT	title_n:SEMANTIC_PRESENT	NO_GAP	Content coverage only; no Ozon ranking-weight claim.
2186850644	USE::gift	подарок овца	AMBIGUOUS_HOLD	ABSENT	ABSENT	ABSENT	ABSENT		GAP_PRESENT	Content coverage only; no Ozon ranking-weight claim.
2186850644	USE::car_mirror	подвеска в автомобиль	GENERIC_RELEVANT	SEMANTIC_PRESENT	ABSENT	SEMANTIC_PRESENT	SEMANTIC_PRESENT	title_n:SEMANTIC_PRESENT	GAP_PRESENT	Content coverage only; no Ozon ranking-weight claim.
2186850644	USE::car_mirror	подвеска в автомобиль на зеркало	GENERIC_RELEVANT	SEMANTIC_PRESENT	ABSENT	SEMANTIC_PRESENT	SEMANTIC_PRESENT	title_n:SEMANTIC_PRESENT	GAP_PRESENT	Content coverage only; no Ozon ranking-weight claim.
2186850644	USE::car_mirror	подвеска в машину	GENERIC_RELEVANT	SEMANTIC_PRESENT	ABSENT	EXACT_PRESENT	SEMANTIC_PRESENT	title_n:SEMANTIC_PRESENT	GAP_PRESENT	Content coverage only; no Ozon ranking-weight claim.
2186850644	USE::car_mirror	подвеска в машину для мужч	GENERIC_RELEVANT	ABSENT	ABSENT	ABSENT	ABSENT		GAP_PRESENT	Content coverage only; no Ozon ranking-weight claim.
2186850644	USE::car_mirror	подвеска в машину на зеркало	GENERIC_RELEVANT	SEMANTIC_PRESENT	ABSENT	EXACT_PRESENT	SEMANTIC_PRESENT	title_n:SEMANTIC_PRESENT	GAP_PRESENT	Content coverage only; no Ozon ranking-weight claim.
2186850644	USE::car_mirror	подвеска в машину на зеркало z	GENERIC_RELEVANT	SEMANTIC_PRESENT	ABSENT	SEMANTIC_PRESENT	SEMANTIC_PRESENT	title_n:SEMANTIC_PRESENT	GAP_PRESENT	Content coverage only; no Ozon ranking-weight claim.
2186850644	USE::car_mirror	подвеска в машину на зеркало а	GENERIC_RELEVANT	SEMANTIC_PRESENT	ABSENT	SEMANTIC_PRESENT	SEMANTIC_PRESENT	title_n:SEMANTIC_PRESENT	GAP_PRESENT	Content coverage only; no Ozon ranking-weight claim.
2186850644	USE::car_mirror	подвеска в машину на зеркало в грузовик	GENERIC_RELEVANT	ABSENT	ABSENT	ABSENT	ABSENT		GAP_PRESENT	Content coverage only; no Ozon ranking-weight claim.
2186850644	USE::car_mirror	подвеска в машину на зеркало ма ка крик	GENERIC_RELEVANT	ABSENT	ABSENT	ABSENT	ABSENT		GAP_PRESENT	Content coverage only; no Ozon ranking-weight claim.
2186850644	USE::car_mirror	подвеска в машину на зеркало мех	GENERIC_RELEVANT	ABSENT	ABSENT	ABSENT	ABSENT		GAP_PRESENT	Content coverage only; no Ozon ranking-weight claim.
2186850644	ZODIAC_SIGN::овен	подвеска в машину на зеркало овен	EXACT_PRODUCT	SEMANTIC_PRESENT	SEMANTIC_PRESENT	SEMANTIC_PRESENT	SEMANTIC_PRESENT	title_n:SEMANTIC_PRESENT	NO_GAP	Content coverage only; no Ozon ranking-weight claim.
2186850644	USE::car_mirror	подвеска в машину на зеркало приколь	GENERIC_RELEVANT	ABSENT	ABSENT	ABSENT	ABSENT		GAP_PRESENT	Content coverage only; no Ozon ranking-weight claim.
2186850644	USE::car_mirror	подвеска в машину на зеркало штурмовик север z	GENERIC_RELEVANT	ABSENT	ABSENT	ABSENT	ABSENT		GAP_PRESENT	Content coverage only; no Ozon ranking-weight claim.
2186850644	USE::car_mirror	подвеска в машину новогодняя	GENERIC_RELEVANT	ABSENT	ABSENT	ABSENT	ABSENT		GAP_PRESENT	Content coverage only; no Ozon ranking-weight claim.
2186850644	CLASS::amulet_pendant	подвеска для овнов	GENERIC_RELEVANT	ABSENT	ABSENT	ABSENT	ABSENT		GAP_PRESENT	Content coverage only; no Ozon ranking-weight claim.
2186850644	CLASS::amulet_pendant	подвеска коз	GENERIC_RELEVANT	ABSENT	ABSENT	ABSENT	ABSENT		GAP_PRESENT	Content coverage only; no Ozon ranking-weight claim.
2186850644	USE::car_mirror	подвеска машины	GENERIC_RELEVANT	SEMANTIC_PRESENT	ABSENT	SEMANTIC_PRESENT	SEMANTIC_PRESENT	title_n:SEMANTIC_PRESENT	GAP_PRESENT	Content coverage only; no Ozon ranking-weight claim.
2186850644	USE::car_mirror	подвеска на зеркало	GENERIC_RELEVANT	EXACT_PRESENT	ABSENT	EXACT_PRESENT	EXACT_PRESENT	title_n:EXACT_PRESENT	GAP_PRESENT	Content coverage only; no Ozon ranking-weight claim.
2186850644	USE::car_mirror	подвеска на зеркало автомобиля	GENERIC_RELEVANT	ABSENT	ABSENT	SEMANTIC_PRESENT	SEMANTIC_PRESENT	attr_n:SEMANTIC_PRESENT	GAP_PRESENT	Content coverage only; no Ozon ranking-weight claim.
2186850644	USE::car_mirror	подвеска на зеркало в машину	GENERIC_RELEVANT	EXACT_PRESENT	ABSENT	EXACT_PRESENT	EXACT_PRESENT	title_n:EXACT_PRESENT	GAP_PRESENT	Content coverage only; no Ozon ranking-weight claim.
2186850644	USE::car_mirror	подвеска на машину	GENERIC_RELEVANT	SEMANTIC_PRESENT	ABSENT	SEMANTIC_PRESENT	SEMANTIC_PRESENT	title_n:SEMANTIC_PRESENT	GAP_PRESENT	Content coverage only; no Ozon ranking-weight claim.
2186850644	ZODIAC_SIGN::овен	подвеска оберег овен	EXACT_PRODUCT	SEMANTIC_PRESENT	SEMANTIC_PRESENT	SEMANTIC_PRESENT	SEMANTIC_PRESENT	title_n:SEMANTIC_PRESENT	NO_GAP	Content coverage only; no Ozon ranking-weight claim.
2186850644	ZODIAC_SIGN::овен	подвеска овен	EXACT_PRODUCT	SEMANTIC_PRESENT	SEMANTIC_PRESENT	SEMANTIC_PRESENT	SEMANTIC_PRESENT	title_n:SEMANTIC_PRESENT	NO_GAP	Content coverage only; no Ozon ranking-weight claim.
2186850644	USE::car_mirror	подвеска четки на зеркало в машину	GENERIC_RELEVANT	SEMANTIC_PRESENT	ABSENT	SEMANTIC_PRESENT	SEMANTIC_PRESENT	title_n:SEMANTIC_PRESENT	GAP_PRESENT	Content coverage only; no Ozon ranking-weight claim.
2186850644	FAMILY::zodiac	подвески знаки зодиака	FAMILY_RELEVANT	SEMANTIC_PRESENT	ABSENT	SEMANTIC_PRESENT	SEMANTIC_PRESENT	title_n:SEMANTIC_PRESENT	GAP_PRESENT	Content coverage only; no Ozon ranking-weight claim.
2186850644	USE::car_mirror	подвестка в машину	GENERIC_RELEVANT	ABSENT	ABSENT	ABSENT	ABSENT		GAP_PRESENT	Content coverage only; no Ozon ranking-weight claim.
2186850644	CLASS::amulet_pendant	руна подвеска	GENERIC_RELEVANT	ABSENT	ABSENT	ABSENT	ABSENT		GAP_PRESENT	Content coverage only; no Ozon ranking-weight claim.
2186850644	USE::car_mirror	с зеркалом оберег	GENERIC_RELEVANT	ABSENT	ABSENT	ABSENT	ABSENT		GAP_PRESENT	Content coverage only; no Ozon ranking-weight claim.
2186850644	USE::protection	талисман	GENERIC_RELEVANT	EXACT_PRESENT	ABSENT	EXACT_PRESENT	EXACT_PRESENT	title_n:EXACT_PRESENT	GAP_PRESENT	Content coverage only; no Ozon ranking-weight claim.
2186850644	ZODIAC_SIGN::овен	талисман овен в машину мужской	EXACT_PRODUCT	SEMANTIC_PRESENT	SEMANTIC_PRESENT	SEMANTIC_PRESENT	SEMANTIC_PRESENT	title_n:SEMANTIC_PRESENT	NO_GAP	Content coverage only; no Ozon ranking-weight claim.
2186850644	ZODIAC_SIGN::овен	талисман овен мужской в машину	EXACT_PRODUCT	SEMANTIC_PRESENT	SEMANTIC_PRESENT	SEMANTIC_PRESENT	SEMANTIC_PRESENT	title_n:SEMANTIC_PRESENT	NO_GAP	Content coverage only; no Ozon ranking-weight claim.
2186850644	USE::car_mirror	украшение автомобиля на зеркало	GENERIC_RELEVANT	ABSENT	ABSENT	SEMANTIC_PRESENT	SEMANTIC_PRESENT	attr_n:SEMANTIC_PRESENT	GAP_PRESENT	Content coverage only; no Ozon ranking-weight claim.
2186850644	USE::car_mirror	четки в машину	GENERIC_RELEVANT	SEMANTIC_PRESENT	ABSENT	SEMANTIC_PRESENT	SEMANTIC_PRESENT	title_n:SEMANTIC_PRESENT	GAP_PRESENT	Content coverage only; no Ozon ranking-weight claim.
2186850644	CLASS::beads	четки для овна	GENERIC_RELEVANT	ABSENT	ABSENT	ABSENT	ABSENT		GAP_PRESENT	Content coverage only; no Ozon ranking-weight claim.
2186852750	USE::car_mirror	автомобильные подвески/декоративные элементы для автомобилей	GENERIC_RELEVANT	ABSENT	ABSENT	PARTIAL_PRESENT	PARTIAL_PRESENT	attr_n:PARTIAL_PRESENT	GAP_PRESENT	Content coverage only; no Ozon ranking-weight claim.
2186852750	USE::car_mirror	брелок в машину на зеркало пушистики	GENERIC_RELEVANT	ABSENT	ABSENT	ABSENT	ABSENT		GAP_PRESENT	Content coverage only; no Ozon ranking-weight claim.
2186852750	UNCLEAR::e88919b9ed	брелок коза	AMBIGUOUS_HOLD	ABSENT	ABSENT	ABSENT	ABSENT		GAP_PRESENT	Content coverage only; no Ozon ranking-weight claim.
2186852750	USE::car_mirror	брелок коза в автомобиль на зеркало	GENERIC_RELEVANT	ABSENT	ABSENT	ABSENT	ABSENT		GAP_PRESENT	Content coverage only; no Ozon ranking-weight claim.
2186852750	UNCLEAR::09549a5431	брелок козе	AMBIGUOUS_HOLD	ABSENT	ABSENT	ABSENT	ABSENT		GAP_PRESENT	Content coverage only; no Ozon ranking-weight claim.
2186852750	ZODIAC_SIGN::козерог	брелок талисман козерог	EXACT_PRODUCT	PARTIAL_PRESENT	PARTIAL_PRESENT	PARTIAL_PRESENT	PARTIAL_PRESENT	title_n:PARTIAL_PRESENT	PARTIAL_GAP	Content coverage only; no Ozon ranking-weight claim.
2186852750	USE::car_mirror	бусы подвеска в машину	GENERIC_RELEVANT	ABSENT	ABSENT	ABSENT	ABSENT		GAP_PRESENT	Content coverage only; no Ozon ranking-weight claim.
2186852750	USE::car_mirror	в машину авулет	GENERIC_RELEVANT	ABSENT	ABSENT	ABSENT	ABSENT		GAP_PRESENT	Content coverage only; no Ozon ranking-weight claim.
2186852750	USE::car_mirror	в машину аксессуары на зеркало подвеска	GENERIC_RELEVANT	SEMANTIC_PRESENT	ABSENT	SEMANTIC_PRESENT	SEMANTIC_PRESENT	title_n:SEMANTIC_PRESENT	GAP_PRESENT	Content coverage only; no Ozon ranking-weight claim.
2186852750	USE::car_mirror	в машину подвеска	GENERIC_RELEVANT	SEMANTIC_PRESENT	ABSENT	EXACT_PRESENT	SEMANTIC_PRESENT	title_n:SEMANTIC_PRESENT	GAP_PRESENT	Content coverage only; no Ozon ranking-weight claim.
2186852750	ZODIAC_SIGN::козерог	декоративный элемент козерог	STRONG_PRODUCT	PARTIAL_PRESENT	PARTIAL_PRESENT	SEMANTIC_PRESENT	SEMANTIC_PRESENT	title_n:PARTIAL_PRESENT	PARTIAL_GAP	Content coverage only; no Ozon ranking-weight claim.
2186852750	USE::car_mirror	для машин оберег	GENERIC_RELEVANT	SEMANTIC_PRESENT	ABSENT	SEMANTIC_PRESENT	SEMANTIC_PRESENT	title_n:SEMANTIC_PRESENT	GAP_PRESENT	Content coverage only; no Ozon ranking-weight claim.
2186852750	USE::car_mirror	зеркало талисман для ворот кованое	GENERIC_RELEVANT	ABSENT	ABSENT	ABSENT	ABSENT		GAP_PRESENT	Content coverage only; no Ozon ranking-weight claim.
2186852750	ZODIAC_SIGN::козерог	зназодиака козерог	EXACT_PRODUCT	PARTIAL_PRESENT	PARTIAL_PRESENT	PARTIAL_PRESENT	PARTIAL_PRESENT	title_n:PARTIAL_PRESENT	PARTIAL_GAP	Content coverage only; no Ozon ranking-weight claim.
2186852750	ZODIAC_SIGN::козерог	картины со знаком зодиака козерог	EXACT_PRODUCT	PARTIAL_PRESENT	PARTIAL_PRESENT	PARTIAL_PRESENT	PARTIAL_PRESENT	title_n:PARTIAL_PRESENT	PARTIAL_GAP	Content coverage only; no Ozon ranking-weight claim.
2186852750	UNCLEAR::486fcd2cd0	коз брелок	AMBIGUOUS_HOLD	ABSENT	ABSENT	ABSENT	ABSENT		GAP_PRESENT	Content coverage only; no Ozon ranking-weight claim.
2186852750	UNCLEAR::cfddf56f10	коза полвеска	AMBIGUOUS_HOLD	ABSENT	ABSENT	ABSENT	ABSENT		GAP_PRESENT	Content coverage only; no Ozon ranking-weight claim.
2186852750	UNCLEAR::6b799541dd	козаки	AMBIGUOUS_HOLD	ABSENT	ABSENT	ABSENT	ABSENT		GAP_PRESENT	Content coverage only; no Ozon ranking-weight claim.
2186852750	ZODIAC_SIGN::козерог	козерог	STRONG_PRODUCT	EXACT_PRESENT	EXACT_PRESENT	EXACT_PRESENT	EXACT_PRESENT	title_n:EXACT_PRESENT	NO_GAP	Content coverage only; no Ozon ranking-weight claim.
2186852750	ZODIAC_SIGN::козерог	козерог на автомобиль	EXACT_PRODUCT	SEMANTIC_PRESENT	SEMANTIC_PRESENT	SEMANTIC_PRESENT	SEMANTIC_PRESENT	title_n:SEMANTIC_PRESENT	NO_GAP	Content coverage only; no Ozon ranking-weight claim.
2186852750	ZODIAC_SIGN::козерог	козерог на боковые зеркало	EXACT_PRODUCT	PARTIAL_PRESENT	PARTIAL_PRESENT	PARTIAL_PRESENT	PARTIAL_PRESENT	title_n:PARTIAL_PRESENT	PARTIAL_GAP	Content coverage only; no Ozon ranking-weight claim.
2186852750	ZODIAC_SIGN::козерог	козерог на зеркало фх	EXACT_PRODUCT	PARTIAL_PRESENT	PARTIAL_PRESENT	PARTIAL_PRESENT	PARTIAL_PRESENT	title_n:PARTIAL_PRESENT	PARTIAL_GAP	Content coverage only; no Ozon ranking-weight claim.
2186852750	ZODIAC_SIGN::козерог	козерог подарок	STRONG_PRODUCT	SEMANTIC_PRESENT	SEMANTIC_PRESENT	SEMANTIC_PRESENT	SEMANTIC_PRESENT	title_n:SEMANTIC_PRESENT	NO_GAP	Content coverage only; no Ozon ranking-weight claim.
2186852750	ZODIAC_SIGN::козерог	козерог подвеска	EXACT_PRODUCT	SEMANTIC_PRESENT	SEMANTIC_PRESENT	EXACT_PRESENT	SEMANTIC_PRESENT	title_n:SEMANTIC_PRESENT	NO_GAP	Content coverage only; no Ozon ranking-weight claim.
2186852750	ZODIAC_SIGN::козерог	козерог подвеска мериада	EXACT_PRODUCT	PARTIAL_PRESENT	PARTIAL_PRESENT	PARTIAL_PRESENT	PARTIAL_PRESENT	title_n:PARTIAL_PRESENT	PARTIAL_GAP	Content coverage only; no Ozon ranking-weight claim.
2186852750	USE::car_mirror	кулон зеркало оберег	GENERIC_RELEVANT	ABSENT	ABSENT	ABSENT	ABSENT		GAP_PRESENT	Content coverage only; no Ozon ranking-weight claim.
2186852750	USE::car_mirror	магическое зеркало	GENERIC_RELEVANT	ABSENT	ABSENT	ABSENT	ABSENT		GAP_PRESENT	Content coverage only; no Ozon ranking-weight claim.
2186852750	USE::car_mirror	на зеркало автомобиля подвеска красная	GENERIC_RELEVANT	ABSENT	ABSENT	PARTIAL_PRESENT	PARTIAL_PRESENT	attr_n:PARTIAL_PRESENT	GAP_PRESENT	Content coverage only; no Ozon ranking-weight claim.
2186852750	USE::car_mirror	оберег в машину	GENERIC_RELEVANT	SEMANTIC_PRESENT	ABSENT	SEMANTIC_PRESENT	SEMANTIC_PRESENT	title_n:SEMANTIC_PRESENT	GAP_PRESENT	Content coverage only; no Ozon ranking-weight claim.
2186852750	USE::car_mirror	оберег в машину ч кпп туз	GENERIC_RELEVANT	ABSENT	ABSENT	ABSENT	ABSENT		GAP_PRESENT	Content coverage only; no Ozon ranking-weight claim.
2186852750	USE::car_mirror	оберег на зеркало автомобиля	GENERIC_RELEVANT	ABSENT	ABSENT	SEMANTIC_PRESENT	SEMANTIC_PRESENT	attr_n:SEMANTIC_PRESENT	GAP_PRESENT	Content coverage only; no Ozon ranking-weight claim.
2186852750	ZODIAC_SIGN::козерог	оберег на руку мужской козерог	EXACT_PRODUCT	PARTIAL_PRESENT	PARTIAL_PRESENT	PARTIAL_PRESENT	PARTIAL_PRESENT	title_n:PARTIAL_PRESENT	PARTIAL_GAP	Content coverage only; no Ozon ranking-weight claim.
2186852750	ZODIAC_SIGN::козерог	оникс козерог	STRONG_PRODUCT	PARTIAL_PRESENT	PARTIAL_PRESENT	PARTIAL_PRESENT	PARTIAL_PRESENT	title_n:PARTIAL_PRESENT	PARTIAL_GAP	Content coverage only; no Ozon ranking-weight claim.
2186852750	USE::car_mirror	подвеска в автомобиль	GENERIC_RELEVANT	SEMANTIC_PRESENT	ABSENT	SEMANTIC_PRESENT	SEMANTIC_PRESENT	title_n:SEMANTIC_PRESENT	GAP_PRESENT	Content coverage only; no Ozon ranking-weight claim.
2186852750	USE::car_mirror	подвеска в машину	GENERIC_RELEVANT	SEMANTIC_PRESENT	ABSENT	EXACT_PRESENT	SEMANTIC_PRESENT	title_n:SEMANTIC_PRESENT	GAP_PRESENT	Content coverage only; no Ozon ranking-weight claim.
2186852750	USE::car_mirror	подвеска в машину бутцы арсенал	GENERIC_RELEVANT	ABSENT	ABSENT	ABSENT	ABSENT		GAP_PRESENT	Content coverage only; no Ozon ranking-weight claim.
2186852750	USE::car_mirror	подвеска в машину на зеркало спецназ внутренних войск	GENERIC_RELEVANT	ABSENT	ABSENT	ABSENT	ABSENT		GAP_PRESENT	Content coverage only; no Ozon ranking-weight claim.
2186852750	USE::car_mirror	подвеска в машину на зеркало юрта	GENERIC_RELEVANT	ABSENT	ABSENT	ABSENT	ABSENT		GAP_PRESENT	Content coverage only; no Ozon ranking-weight claim.
2186852750	USE::car_mirror	подвеска в машину подарок	GENERIC_RELEVANT	SEMANTIC_PRESENT	ABSENT	SEMANTIC_PRESENT	SEMANTIC_PRESENT	title_n:SEMANTIC_PRESENT	GAP_PRESENT	Content coverage only; no Ozon ranking-weight claim.
2186852750	USE::car_mirror	подвеска в машину фигурка дедпул	GENERIC_RELEVANT	ABSENT	ABSENT	ABSENT	ABSENT		GAP_PRESENT	Content coverage only; no Ozon ranking-weight claim.
2186852750	USE::car_mirror	подвеска зеркало из натурального	GENERIC_RELEVANT	ABSENT	ABSENT	SEMANTIC_PRESENT	SEMANTIC_PRESENT	attr_n:SEMANTIC_PRESENT	GAP_PRESENT	Content coverage only; no Ozon ranking-weight claim.
2186852750	USE::car_mirror	подвеска зеркало магического	GENERIC_RELEVANT	ABSENT	ABSENT	ABSENT	ABSENT		GAP_PRESENT	Content coverage only; no Ozon ranking-weight claim.
2186852750	CLASS::amulet_pendant	подвеска коз	GENERIC_RELEVANT	ABSENT	ABSENT	ABSENT	ABSENT		GAP_PRESENT	Content coverage only; no Ozon ranking-weight claim.
2186852750	ZODIAC_SIGN::козерог	подвеска козерог	EXACT_PRODUCT	SEMANTIC_PRESENT	SEMANTIC_PRESENT	SEMANTIC_PRESENT	SEMANTIC_PRESENT	title_n:SEMANTIC_PRESENT	NO_GAP	Content coverage only; no Ozon ranking-weight claim.
2186852750	ZODIAC_SIGN::козерог	подвеска козерог карабин	EXACT_PRODUCT	PARTIAL_PRESENT	PARTIAL_PRESENT	PARTIAL_PRESENT	PARTIAL_PRESENT	title_n:PARTIAL_PRESENT	PARTIAL_GAP	Content coverage only; no Ozon ranking-weight claim.
2186852750	USE::car_mirror	подвеска на зеркало автомобиля акула	GENERIC_RELEVANT	ABSENT	ABSENT	PARTIAL_PRESENT	PARTIAL_PRESENT	attr_n:PARTIAL_PRESENT	GAP_PRESENT	Content coverage only; no Ozon ranking-weight claim.
2186852750	USE::car_mirror	подвеска на зеркало в машину	GENERIC_RELEVANT	EXACT_PRESENT	ABSENT	EXACT_PRESENT	EXACT_PRESENT	title_n:EXACT_PRESENT	GAP_PRESENT	Content coverage only; no Ozon ranking-weight claim.
2186852750	USE::car_mirror	подвеска на зеркало заднего вида в машину маска бдсм	GENERIC_RELEVANT	ABSENT	ABSENT	ABSENT	ABSENT		GAP_PRESENT	Content coverage only; no Ozon ranking-weight claim.
2186852750	VARIANT::козерог	серьги с козерогом	PARTIAL_RELEVANCE	PARTIAL_PRESENT	PARTIAL_PRESENT	PARTIAL_PRESENT	PARTIAL_PRESENT	title_n:PARTIAL_PRESENT	PARTIAL_GAP	Content coverage only; no Ozon ranking-weight claim.
2186852750	USE::gift	сувенир коза	AMBIGUOUS_HOLD	ABSENT	ABSENT	ABSENT	ABSENT		GAP_PRESENT	Content coverage only; no Ozon ranking-weight claim.
2186852750	USE::car_mirror	сувенирная хоккейная майка на зеркало в машину	GENERIC_RELEVANT	ABSENT	ABSENT	ABSENT	ABSENT		GAP_PRESENT	Content coverage only; no Ozon ranking-weight claim.
2186852750	USE::protection	талисман	GENERIC_RELEVANT	EXACT_PRESENT	ABSENT	EXACT_PRESENT	EXACT_PRESENT	title_n:EXACT_PRESENT	GAP_PRESENT	Content coverage only; no Ozon ranking-weight claim.
2186852750	ZODIAC_SIGN::козерог	тарелка козерог	STRONG_PRODUCT	PARTIAL_PRESENT	PARTIAL_PRESENT	PARTIAL_PRESENT	PARTIAL_PRESENT	title_n:PARTIAL_PRESENT	PARTIAL_GAP	Content coverage only; no Ozon ranking-weight claim.
2186852750	USE::protection	украшения обереги	GENERIC_RELEVANT	SEMANTIC_PRESENT	ABSENT	SEMANTIC_PRESENT	SEMANTIC_PRESENT	title_n:SEMANTIC_PRESENT	GAP_PRESENT	Content coverage only; no Ozon ranking-weight claim.
2186852750	USE::car_mirror	четки амулет в машину на удачу	GENERIC_RELEVANT	ABSENT	ABSENT	SEMANTIC_PRESENT	SEMANTIC_PRESENT	attr_n:SEMANTIC_PRESENT	GAP_PRESENT	Content coverage only; no Ozon ranking-weight claim.
2186852750	USE::car_mirror	четки в автомобиль	GENERIC_RELEVANT	SEMANTIC_PRESENT	ABSENT	SEMANTIC_PRESENT	SEMANTIC_PRESENT	title_n:SEMANTIC_PRESENT	GAP_PRESENT	Content coverage only; no Ozon ranking-weight claim.
2186852750	USE::car_mirror	четки в машину	GENERIC_RELEVANT	SEMANTIC_PRESENT	ABSENT	SEMANTIC_PRESENT	SEMANTIC_PRESENT	title_n:SEMANTIC_PRESENT	GAP_PRESENT	Content coverage only; no Ozon ranking-weight claim.
2186852750	CLASS::beads	четки на шею	GENERIC_RELEVANT	ABSENT	ABSENT	ABSENT	ABSENT		GAP_PRESENT	Content coverage only; no Ozon ranking-weight claim.
2186856503	UNCLEAR::5e9e2089e3	bimbo twins	AMBIGUOUS_HOLD	ABSENT	ABSENT	ABSENT	ABSENT		GAP_PRESENT	Content coverage only; no Ozon ranking-weight claim.
2186856503	USE::car_mirror	автомобильные принадлежности э	GENERIC_RELEVANT	ABSENT	ABSENT	ABSENT	ABSENT		GAP_PRESENT	Content coverage only; no Ozon ranking-weight claim.
2186856503	USE::car_mirror	аксессуар для автомобиля на зеркало подвеска	GENERIC_RELEVANT	ABSENT	ABSENT	SEMANTIC_PRESENT	SEMANTIC_PRESENT	attr_n:SEMANTIC_PRESENT	GAP_PRESENT	Content coverage only; no Ozon ranking-weight claim.
2186856503	ZODIAC_SIGN::близнецы	близнецы	STRONG_PRODUCT	EXACT_PRESENT	EXACT_PRESENT	EXACT_PRESENT	EXACT_PRESENT	title_n:EXACT_PRESENT	NO_GAP	Content coverage only; no Ozon ranking-weight claim.
2186856503	ZODIAC_SIGN::близнецы	близнецы бусина	STRONG_PRODUCT	PARTIAL_PRESENT	PARTIAL_PRESENT	SEMANTIC_PRESENT	SEMANTIC_PRESENT	title_n:PARTIAL_PRESENT	PARTIAL_GAP	Content coverage only; no Ozon ranking-weight claim.
2186856503	ZODIAC_SIGN::близнецы	близнецы оберег на машину на стекло из метала	EXACT_PRODUCT	PARTIAL_PRESENT	PARTIAL_PRESENT	PARTIAL_PRESENT	PARTIAL_PRESENT	title_n:PARTIAL_PRESENT	PARTIAL_GAP	Content coverage only; no Ozon ranking-weight claim.
2186856503	ZODIAC_SIGN::близнецы	близнецы одежда	STRONG_PRODUCT	PARTIAL_PRESENT	PARTIAL_PRESENT	PARTIAL_PRESENT	PARTIAL_PRESENT	title_n:PARTIAL_PRESENT	PARTIAL_GAP	Content coverage only; no Ozon ranking-weight claim.
2186856503	ZODIAC_SIGN::близнецы	близнецы подарок в машину	EXACT_PRODUCT	SEMANTIC_PRESENT	SEMANTIC_PRESENT	SEMANTIC_PRESENT	SEMANTIC_PRESENT	title_n:SEMANTIC_PRESENT	NO_GAP	Content coverage only; no Ozon ranking-weight claim.
2186856503	UNCLEAR::fcd1b0edf4	браслет мужской для близнеца	PARTIAL_RELEVANCE	PARTIAL_PRESENT	PARTIAL_PRESENT	PARTIAL_PRESENT	PARTIAL_PRESENT	title_n:PARTIAL_PRESENT	PARTIAL_GAP	Content coverage only; no Ozon ranking-weight claim.
2186856503	USE::car_mirror	брелок в машину на зеркало	GENERIC_RELEVANT	ABSENT	ABSENT	ABSENT	ABSENT		GAP_PRESENT	Content coverage only; no Ozon ranking-weight claim.
2186856503	USE::car_mirror	в машину амулет	GENERIC_RELEVANT	SEMANTIC_PRESENT	ABSENT	SEMANTIC_PRESENT	SEMANTIC_PRESENT	title_n:SEMANTIC_PRESENT	GAP_PRESENT	Content coverage only; no Ozon ranking-weight claim.
2186856503	USE::car_mirror	в машину подвеска э	GENERIC_RELEVANT	SEMANTIC_PRESENT	ABSENT	SEMANTIC_PRESENT	SEMANTIC_PRESENT	title_n:SEMANTIC_PRESENT	GAP_PRESENT	Content coverage only; no Ozon ranking-weight claim.
2186856503	USE::car_mirror	висюлька в машину на зеркало мусульманская	GENERIC_RELEVANT	ABSENT	ABSENT	ABSENT	ABSENT		GAP_PRESENT	Content coverage only; no Ozon ranking-weight claim.
2186856503	CLASS::amulet_pendant	деревянные украшения на ст	GENERIC_RELEVANT	ABSENT	ABSENT	ABSENT	ABSENT		GAP_PRESENT	Content coverage only; no Ozon ranking-weight claim.
2186856503	USE::car_mirror	для машины подвеска	GENERIC_RELEVANT	SEMANTIC_PRESENT	ABSENT	SEMANTIC_PRESENT	SEMANTIC_PRESENT	title_n:SEMANTIC_PRESENT	GAP_PRESENT	Content coverage only; no Ozon ranking-weight claim.
2186856503	UNCLEAR::6b9ea9e826	кулон близнец	PARTIAL_RELEVANCE	PARTIAL_PRESENT	PARTIAL_PRESENT	PARTIAL_PRESENT	PARTIAL_PRESENT	title_n:PARTIAL_PRESENT	PARTIAL_GAP	Content coverage only; no Ozon ranking-weight claim.
2186856503	UNCLEAR::6ed97afb5d	кулоны близницы	AMBIGUOUS_HOLD	ABSENT	ABSENT	ABSENT	ABSENT		GAP_PRESENT	Content coverage only; no Ozon ranking-weight claim.
2186856503	USE::car_mirror	на зеркало автомобиля подвеска красная	GENERIC_RELEVANT	ABSENT	ABSENT	PARTIAL_PRESENT	PARTIAL_PRESENT	attr_n:PARTIAL_PRESENT	GAP_PRESENT	Content coverage only; no Ozon ranking-weight claim.
2186856503	USE::car_mirror	на зеркало в машину подвеска	GENERIC_RELEVANT	SEMANTIC_PRESENT	ABSENT	SEMANTIC_PRESENT	SEMANTIC_PRESENT	title_n:SEMANTIC_PRESENT	GAP_PRESENT	Content coverage only; no Ozon ranking-weight claim.
2186856503	USE::car_mirror	на зеркало в машину подвеска женская сердечко сере	GENERIC_RELEVANT	ABSENT	ABSENT	ABSENT	ABSENT		GAP_PRESENT	Content coverage only; no Ozon ranking-weight claim.
2186856503	USE::car_mirror	на машину подвеска женская	GENERIC_RELEVANT	ABSENT	ABSENT	ABSENT	ABSENT		GAP_PRESENT	Content coverage only; no Ozon ranking-weight claim.
2186856503	UNCLEAR::c63993b838	набор для близнеца	PARTIAL_RELEVANCE	SEMANTIC_PRESENT	SEMANTIC_PRESENT	SEMANTIC_PRESENT	SEMANTIC_PRESENT	title_n:SEMANTIC_PRESENT	NO_GAP	Content coverage only; no Ozon ranking-weight claim.
2186856503	USE::protection	оберег	GENERIC_RELEVANT	EXACT_PRESENT	ABSENT	EXACT_PRESENT	EXACT_PRESENT	title_n:EXACT_PRESENT	GAP_PRESENT	Content coverage only; no Ozon ranking-weight claim.
2186856503	USE::car_mirror	оберег в машину	GENERIC_RELEVANT	SEMANTIC_PRESENT	ABSENT	SEMANTIC_PRESENT	SEMANTIC_PRESENT	title_n:SEMANTIC_PRESENT	GAP_PRESENT	Content coverage only; no Ozon ranking-weight claim.
2186856503	USE::car_mirror	оберег в машину на зеркало женский	GENERIC_RELEVANT	ABSENT	ABSENT	ABSENT	ABSENT		GAP_PRESENT	Content coverage only; no Ozon ranking-weight claim.
2186856503	USE::protection	оберег для близнецов	PARTIAL_RELEVANCE	SEMANTIC_PRESENT	SEMANTIC_PRESENT	SEMANTIC_PRESENT	SEMANTIC_PRESENT	title_n:SEMANTIC_PRESENT	NO_GAP	Content coverage only; no Ozon ranking-weight claim.
2186856503	USE::car_mirror	оберег на зеркало в машину мужской	GENERIC_RELEVANT	SEMANTIC_PRESENT	ABSENT	SEMANTIC_PRESENT	SEMANTIC_PRESENT	title_n:SEMANTIC_PRESENT	GAP_PRESENT	Content coverage only; no Ozon ranking-weight claim.
2186856503	ZODIAC_SIGN::близнецы	подвеска близнецы	EXACT_PRODUCT	SEMANTIC_PRESENT	SEMANTIC_PRESENT	SEMANTIC_PRESENT	SEMANTIC_PRESENT	title_n:SEMANTIC_PRESENT	NO_GAP	Content coverage only; no Ozon ranking-weight claim.
2186856503	USE::car_mirror	подвеска в авто на зеркало большая	GENERIC_RELEVANT	ABSENT	ABSENT	ABSENT	ABSENT		GAP_PRESENT	Content coverage only; no Ozon ranking-weight claim.
2186856503	USE::car_mirror	подвеска в автомобиль	GENERIC_RELEVANT	SEMANTIC_PRESENT	ABSENT	SEMANTIC_PRESENT	SEMANTIC_PRESENT	title_n:SEMANTIC_PRESENT	GAP_PRESENT	Content coverage only; no Ozon ranking-weight claim.
2186856503	USE::car_mirror	подвеска в машин	GENERIC_RELEVANT	SEMANTIC_PRESENT	ABSENT	EXACT_PRESENT	SEMANTIC_PRESENT	title_n:SEMANTIC_PRESENT	GAP_PRESENT	Content coverage only; no Ozon ranking-weight claim.
2186856503	USE::car_mirror	подвеска в машину	GENERIC_RELEVANT	SEMANTIC_PRESENT	ABSENT	EXACT_PRESENT	SEMANTIC_PRESENT	title_n:SEMANTIC_PRESENT	GAP_PRESENT	Content coverage only; no Ozon ranking-weight claim.
2186856503	USE::car_mirror	подвеска в машину ведьмочка на метле на пружинке	GENERIC_RELEVANT	ABSENT	ABSENT	ABSENT	ABSENT		GAP_PRESENT	Content coverage only; no Ozon ranking-weight claim.
2186856503	USE::car_mirror	подвеска в машину на зеркало	GENERIC_RELEVANT	SEMANTIC_PRESENT	ABSENT	EXACT_PRESENT	SEMANTIC_PRESENT	title_n:SEMANTIC_PRESENT	GAP_PRESENT	Content coverage only; no Ozon ranking-weight claim.
2186856503	USE::car_mirror	подвеска в машину на зеркало в грузовик	GENERIC_RELEVANT	ABSENT	ABSENT	ABSENT	ABSENT		GAP_PRESENT	Content coverage only; no Ozon ranking-weight claim.
2186856503	USE::car_mirror	подвеска в машину на зеркало мех	GENERIC_RELEVANT	ABSENT	ABSENT	ABSENT	ABSENT		GAP_PRESENT	Content coverage only; no Ozon ranking-weight claim.
2186856503	USE::car_mirror	подвеска в машину талисман	GENERIC_RELEVANT	SEMANTIC_PRESENT	ABSENT	SEMANTIC_PRESENT	SEMANTIC_PRESENT	title_n:SEMANTIC_PRESENT	GAP_PRESENT	Content coverage only; no Ozon ranking-weight claim.
2186856503	USE::car_mirror	подвеска колесо в машину на зеркало	GENERIC_RELEVANT	ABSENT	ABSENT	ABSENT	ABSENT		GAP_PRESENT	Content coverage only; no Ozon ranking-weight claim.
2186856503	USE::car_mirror	подвеска на авто зеркало	GENERIC_RELEVANT	SEMANTIC_PRESENT	ABSENT	SEMANTIC_PRESENT	SEMANTIC_PRESENT	title_n:SEMANTIC_PRESENT	GAP_PRESENT	Content coverage only; no Ozon ranking-weight claim.
2186856503	USE::car_mirror	подвеска на зеркало в автомобиль	GENERIC_RELEVANT	SEMANTIC_PRESENT	ABSENT	SEMANTIC_PRESENT	SEMANTIC_PRESENT	title_n:SEMANTIC_PRESENT	GAP_PRESENT	Content coverage only; no Ozon ranking-weight claim.
2186856503	USE::car_mirror	подвеска на зеркало в машину	GENERIC_RELEVANT	EXACT_PRESENT	ABSENT	EXACT_PRESENT	EXACT_PRESENT	title_n:EXACT_PRESENT	GAP_PRESENT	Content coverage only; no Ozon ranking-weight claim.
2186856503	USE::car_mirror	подвеска на зеркало в машину близнец	PARTIAL_RELEVANCE	SEMANTIC_PRESENT	SEMANTIC_PRESENT	SEMANTIC_PRESENT	SEMANTIC_PRESENT	title_n:SEMANTIC_PRESENT	NO_GAP	Content coverage only; no Ozon ranking-weight claim.
2186856503	USE::car_mirror	подвеска на зеркало в машину боксерские перчатки lada samara	GENERIC_RELEVANT	ABSENT	ABSENT	ABSENT	ABSENT		GAP_PRESENT	Content coverage only; no Ozon ranking-weight claim.
2186856503	USE::car_mirror	подвеска на зеркало в машину индейцы	GENERIC_RELEVANT	ABSENT	ABSENT	ABSENT	ABSENT		GAP_PRESENT	Content coverage only; no Ozon ranking-weight claim.
2186856503	USE::car_mirror	подвеска на машину	GENERIC_RELEVANT	SEMANTIC_PRESENT	ABSENT	SEMANTIC_PRESENT	SEMANTIC_PRESENT	title_n:SEMANTIC_PRESENT	GAP_PRESENT	Content coverage only; no Ozon ranking-weight claim.
2186856503	USE::car_mirror	подвеска со стразами в машину на зеркало	GENERIC_RELEVANT	ABSENT	ABSENT	ABSENT	ABSENT		GAP_PRESENT	Content coverage only; no Ozon ranking-weight claim.
2186856503	UNCLEAR::ab0deec936	подставка близнец	PARTIAL_RELEVANCE	PARTIAL_PRESENT	PARTIAL_PRESENT	PARTIAL_PRESENT	PARTIAL_PRESENT	title_n:PARTIAL_PRESENT	PARTIAL_GAP	Content coverage only; no Ozon ranking-weight claim.
2186856503	USE::protection	талисман	GENERIC_RELEVANT	EXACT_PRESENT	ABSENT	EXACT_PRESENT	EXACT_PRESENT	title_n:EXACT_PRESENT	GAP_PRESENT	Content coverage only; no Ozon ranking-weight claim.
2186856503	UNCLEAR::a004caad8d	термонаклейка блищнецы	AMBIGUOUS_HOLD	ABSENT	ABSENT	ABSENT	ABSENT		GAP_PRESENT	Content coverage only; no Ozon ranking-weight claim.
2186856503	USE::protection	украшения обереги	GENERIC_RELEVANT	SEMANTIC_PRESENT	ABSENT	SEMANTIC_PRESENT	SEMANTIC_PRESENT	title_n:SEMANTIC_PRESENT	GAP_PRESENT	Content coverage only; no Ozon ranking-weight claim.
2186856503	USE::car_mirror	четки в машину	GENERIC_RELEVANT	SEMANTIC_PRESENT	ABSENT	SEMANTIC_PRESENT	SEMANTIC_PRESENT	title_n:SEMANTIC_PRESENT	GAP_PRESENT	Content coverage only; no Ozon ranking-weight claim.
2186857668	ZODIAC_SIGN::лев	94049007 подвеска лев	EXACT_PRODUCT	PARTIAL_PRESENT	PARTIAL_PRESENT	PARTIAL_PRESENT	PARTIAL_PRESENT	title_n:PARTIAL_PRESENT	PARTIAL_GAP	Content coverage only; no Ozon ranking-weight claim.
2186857668	USE::car_mirror	автомобиль кулон	GENERIC_RELEVANT	ABSENT	ABSENT	ABSENT	ABSENT		GAP_PRESENT	Content coverage only; no Ozon ranking-weight claim.
2186857668	USE::car_mirror	ак барс брелок в машину на зеркало	GENERIC_RELEVANT	ABSENT	ABSENT	ABSENT	ABSENT		GAP_PRESENT	Content coverage only; no Ozon ranking-weight claim.
2186857668	USE::car_mirror	аксессуары в машину подвесаа зеркал барабан	GENERIC_RELEVANT	ABSENT	ABSENT	ABSENT	ABSENT		GAP_PRESENT	Content coverage only; no Ozon ranking-weight claim.
2186857668	USE::car_mirror	амулет на шею зеркало	GENERIC_RELEVANT	ABSENT	ABSENT	ABSENT	ABSENT		GAP_PRESENT	Content coverage only; no Ozon ranking-weight claim.
2186857668	USE::protection	амулеты обереги и талисманы	GENERIC_RELEVANT	SEMANTIC_PRESENT	ABSENT	EXACT_PRESENT	SEMANTIC_PRESENT	title_n:SEMANTIC_PRESENT	GAP_PRESENT	Content coverage only; no Ozon ranking-weight claim.
2186857668	USE::car_mirror	амулеты обереги и талисманы зеркалр	GENERIC_RELEVANT	ABSENT	ABSENT	ABSENT	ABSENT		GAP_PRESENT	Content coverage only; no Ozon ranking-weight claim.
2186857668	USE::car_mirror	аодвеска зеркало	GENERIC_RELEVANT	ABSENT	ABSENT	ABSENT	ABSENT		GAP_PRESENT	Content coverage only; no Ozon ranking-weight claim.
2186857668	USE::car_mirror	арома четки в машину	GENERIC_RELEVANT	ABSENT	ABSENT	ABSENT	ABSENT		GAP_PRESENT	Content coverage only; no Ozon ranking-weight claim.
2186857668	USE::car_mirror	бомбический оберег в машину на зеркало	GENERIC_RELEVANT	ABSENT	ABSENT	ABSENT	ABSENT		GAP_PRESENT	Content coverage only; no Ozon ranking-weight claim.
2186857668	USE::car_mirror	брелок авто талисман	GENERIC_RELEVANT	ABSENT	ABSENT	ABSENT	ABSENT		GAP_PRESENT	Content coverage only; no Ozon ranking-weight claim.
2186857668	ZODIAC_SIGN::лев	бусина лев знак зодиака оберег	EXACT_PRODUCT	PARTIAL_PRESENT	PARTIAL_PRESENT	SEMANTIC_PRESENT	SEMANTIC_PRESENT	title_n:PARTIAL_PRESENT	PARTIAL_GAP	Content coverage only; no Ozon ranking-weight claim.
2186857668	USE::car_mirror	бусины для подвески на зеркало в машину	GENERIC_RELEVANT	ABSENT	ABSENT	SEMANTIC_PRESENT	SEMANTIC_PRESENT	attr_n:SEMANTIC_PRESENT	GAP_PRESENT	Content coverage only; no Ozon ranking-weight claim.
2186857668	USE::car_mirror	в машину подвеска в салон	GENERIC_RELEVANT	SEMANTIC_PRESENT	ABSENT	SEMANTIC_PRESENT	SEMANTIC_PRESENT	title_n:SEMANTIC_PRESENT	GAP_PRESENT	Content coverage only; no Ozon ranking-weight claim.
2186857668	ZODIAC_SIGN::лев	в машину подвеска лев	EXACT_PRODUCT	SEMANTIC_PRESENT	SEMANTIC_PRESENT	SEMANTIC_PRESENT	SEMANTIC_PRESENT	title_n:SEMANTIC_PRESENT	NO_GAP	Content coverage only; no Ozon ranking-weight claim.
2186857668	USE::car_mirror	висюлька в машину на зеркало мусульманская на грузовую	GENERIC_RELEVANT	ABSENT	ABSENT	ABSENT	ABSENT		GAP_PRESENT	Content coverage only; no Ozon ranking-weight claim.
2186857668	ZODIAC_SIGN::лев	висюльки для авто на зеркало знак зодиака лев	EXACT_PRODUCT	PARTIAL_PRESENT	PARTIAL_PRESENT	PARTIAL_PRESENT	PARTIAL_PRESENT	title_n:PARTIAL_PRESENT	PARTIAL_GAP	Content coverage only; no Ozon ranking-weight claim.
2186857668	USE::car_mirror	год оф ва на зеркало в машину	GENERIC_RELEVANT	ABSENT	ABSENT	ABSENT	ABSENT		GAP_PRESENT	Content coverage only; no Ozon ranking-weight claim.
2186857668	USE::car_mirror	декоротивная подвеска в авто	GENERIC_RELEVANT	ABSENT	ABSENT	ABSENT	ABSENT		GAP_PRESENT	Content coverage only; no Ozon ranking-weight claim.
2186857668	CLASS::amulet_pendant	деревянная подвеска для кулона	GENERIC_RELEVANT	ABSENT	ABSENT	ABSENT	ABSENT		GAP_PRESENT	Content coverage only; no Ozon ranking-weight claim.
2186857668	FAMILY::zodiac	деревянные знаки зодиака на шею	FAMILY_RELEVANT	ABSENT	ABSENT	ABSENT	ABSENT		GAP_PRESENT	Content coverage only; no Ozon ranking-weight claim.
2186857668	USE::car_mirror	зеркало	GENERIC_RELEVANT	EXACT_PRESENT	ABSENT	EXACT_PRESENT	EXACT_PRESENT	title_n:EXACT_PRESENT	GAP_PRESENT	Content coverage only; no Ozon ranking-weight claim.
2186857668	ZODIAC_SIGN::лев	зеркало лев	EXACT_PRODUCT	SEMANTIC_PRESENT	SEMANTIC_PRESENT	SEMANTIC_PRESENT	SEMANTIC_PRESENT	title_n:SEMANTIC_PRESENT	NO_GAP	Content coverage only; no Ozon ranking-weight claim.
2186857668	USE::car_mirror	зеркало параболическое для праворульных машин	GENERIC_RELEVANT	PARTIAL_PRESENT	ABSENT	PARTIAL_PRESENT	PARTIAL_PRESENT	title_n:PARTIAL_PRESENT	GAP_PRESENT	Content coverage only; no Ozon ranking-weight claim.
2186857668	USE::car_mirror	зеркало подвеска оберег	GENERIC_RELEVANT	SEMANTIC_PRESENT	ABSENT	SEMANTIC_PRESENT	SEMANTIC_PRESENT	title_n:SEMANTIC_PRESENT	GAP_PRESENT	Content coverage only; no Ozon ranking-weight claim.
2186857668	USE::car_mirror	зеркальце оберег	GENERIC_RELEVANT	ABSENT	ABSENT	ABSENT	ABSENT		GAP_PRESENT	Content coverage only; no Ozon ranking-weight claim.
2186857668	ZODIAC_SIGN::лев	знак зодиака лев	EXACT_PRODUCT	SEMANTIC_PRESENT	SEMANTIC_PRESENT	EXACT_PRESENT	EXACT_PRESENT	title_n:SEMANTIC_PRESENT	NO_GAP	Content coverage only; no Ozon ranking-weight claim.
2186857668	ZODIAC_SIGN::лев	знак зодиака лев муж	EXACT_PRODUCT	PARTIAL_PRESENT	PARTIAL_PRESENT	PARTIAL_PRESENT	PARTIAL_PRESENT	title_n:PARTIAL_PRESENT	PARTIAL_GAP	Content coverage only; no Ozon ranking-weight claim.
2186857668	USE::car_mirror	знак туфелька блестящая на машину	GENERIC_RELEVANT	ABSENT	ABSENT	ABSENT	ABSENT		GAP_PRESENT	Content coverage only; no Ozon ranking-weight claim.
2186857668	FAMILY::zodiac	знаки зодиака	FAMILY_RELEVANT	SEMANTIC_PRESENT	ABSENT	EXACT_PRESENT	SEMANTIC_PRESENT	title_n:SEMANTIC_PRESENT	GAP_PRESENT	Content coverage only; no Ozon ranking-weight claim.
2186857668	ZODIAC_SIGN::лев	лев	STRONG_PRODUCT	EXACT_PRESENT	EXACT_PRESENT	EXACT_PRESENT	EXACT_PRESENT	title_n:EXACT_PRESENT	NO_GAP	Content coverage only; no Ozon ranking-weight claim.
2186857668	USE::car_mirror	на зеркало авто подвеска	GENERIC_RELEVANT	SEMANTIC_PRESENT	ABSENT	SEMANTIC_PRESENT	SEMANTIC_PRESENT	title_n:SEMANTIC_PRESENT	GAP_PRESENT	Content coverage only; no Ozon ranking-weight claim.
2186857668	USE::car_mirror	на зеркало автомобиля подвеска красная	GENERIC_RELEVANT	ABSENT	ABSENT	PARTIAL_PRESENT	PARTIAL_PRESENT	attr_n:PARTIAL_PRESENT	GAP_PRESENT	Content coverage only; no Ozon ranking-weight claim.
2186857668	USE::car_mirror	на зеркало в машину	GENERIC_RELEVANT	EXACT_PRESENT	ABSENT	EXACT_PRESENT	EXACT_PRESENT	title_n:EXACT_PRESENT	GAP_PRESENT	Content coverage only; no Ozon ranking-weight claim.
2186857668	USE::protection	оберег	GENERIC_RELEVANT	EXACT_PRESENT	ABSENT	EXACT_PRESENT	EXACT_PRESENT	title_n:EXACT_PRESENT	GAP_PRESENT	Content coverage only; no Ozon ranking-weight claim.
2186857668	USE::car_mirror	оберег в машину	GENERIC_RELEVANT	SEMANTIC_PRESENT	ABSENT	SEMANTIC_PRESENT	SEMANTIC_PRESENT	title_n:SEMANTIC_PRESENT	GAP_PRESENT	Content coverage only; no Ozon ranking-weight claim.
2186857668	USE::car_mirror	оберег в машину види сердца	GENERIC_RELEVANT	ABSENT	ABSENT	ABSENT	ABSENT		GAP_PRESENT	Content coverage only; no Ozon ranking-weight claim.
2186857668	USE::car_mirror	оберег для машины мужской на зеркало	GENERIC_RELEVANT	SEMANTIC_PRESENT	ABSENT	SEMANTIC_PRESENT	SEMANTIC_PRESENT	title_n:SEMANTIC_PRESENT	GAP_PRESENT	Content coverage only; no Ozon ranking-weight claim.
2186857668	USE::car_mirror	подвеска в автомобиль на зеркало	GENERIC_RELEVANT	SEMANTIC_PRESENT	ABSENT	SEMANTIC_PRESENT	SEMANTIC_PRESENT	title_n:SEMANTIC_PRESENT	GAP_PRESENT	Content coverage only; no Ozon ranking-weight claim.
2186857668	USE::car_mirror	подвеска в машину	GENERIC_RELEVANT	SEMANTIC_PRESENT	ABSENT	EXACT_PRESENT	SEMANTIC_PRESENT	title_n:SEMANTIC_PRESENT	GAP_PRESENT	Content coverage only; no Ozon ranking-weight claim.
2186857668	USE::car_mirror	подвеска в машину на зеркало	GENERIC_RELEVANT	SEMANTIC_PRESENT	ABSENT	EXACT_PRESENT	SEMANTIC_PRESENT	title_n:SEMANTIC_PRESENT	GAP_PRESENT	Content coverage only; no Ozon ranking-weight claim.
2186857668	USE::car_mirror	подвеска в машину на зеркало череп	GENERIC_RELEVANT	ABSENT	ABSENT	ABSENT	ABSENT		GAP_PRESENT	Content coverage only; no Ozon ranking-weight claim.
2186857668	ZODIAC_SIGN::лев	подвеска лев	EXACT_PRODUCT	SEMANTIC_PRESENT	SEMANTIC_PRESENT	SEMANTIC_PRESENT	SEMANTIC_PRESENT	title_n:SEMANTIC_PRESENT	NO_GAP	Content coverage only; no Ozon ranking-weight claim.
2186857668	USE::car_mirror	подвеска на зеркало в машину	GENERIC_RELEVANT	EXACT_PRESENT	ABSENT	EXACT_PRESENT	EXACT_PRESENT	title_n:EXACT_PRESENT	GAP_PRESENT	Content coverage only; no Ozon ranking-weight claim.
2186857668	USE::protection	талисман	GENERIC_RELEVANT	EXACT_PRESENT	ABSENT	EXACT_PRESENT	EXACT_PRESENT	title_n:EXACT_PRESENT	GAP_PRESENT	Content coverage only; no Ozon ranking-weight claim.
2186857668	USE::car_mirror	четки в автомобиль	GENERIC_RELEVANT	SEMANTIC_PRESENT	ABSENT	SEMANTIC_PRESENT	SEMANTIC_PRESENT	title_n:SEMANTIC_PRESENT	GAP_PRESENT	Content coverage only; no Ozon ranking-weight claim.
2186857668	USE::car_mirror	четки в машину	GENERIC_RELEVANT	SEMANTIC_PRESENT	ABSENT	SEMANTIC_PRESENT	SEMANTIC_PRESENT	title_n:SEMANTIC_PRESENT	GAP_PRESENT	Content coverage only; no Ozon ranking-weight claim.
2186857668	USE::car_mirror	четки оберег в машину	GENERIC_RELEVANT	SEMANTIC_PRESENT	ABSENT	SEMANTIC_PRESENT	SEMANTIC_PRESENT	title_n:SEMANTIC_PRESENT	GAP_PRESENT	Content coverage only; no Ozon ranking-weight claim.
2186865070	ZODIAC_SIGN::дева	брелок в машину знак зодиака дева	EXACT_PRODUCT	PARTIAL_PRESENT	PARTIAL_PRESENT	PARTIAL_PRESENT	PARTIAL_PRESENT	title_n:PARTIAL_PRESENT	PARTIAL_GAP	Content coverage only; no Ozon ranking-weight claim.
2186865070	USE::car_mirror	брелок в машину на зеркало подвеска	GENERIC_RELEVANT	ABSENT	ABSENT	ABSENT	ABSENT		GAP_PRESENT	Content coverage only; no Ozon ranking-weight claim.
2186865070	USE::protection	бусы оберег	GENERIC_RELEVANT	ABSENT	ABSENT	ABSENT	ABSENT		GAP_PRESENT	Content coverage only; no Ozon ranking-weight claim.
2186865070	USE::car_mirror	в машину для дев	GENERIC_RELEVANT	ABSENT	ABSENT	ABSENT	ABSENT		GAP_PRESENT	Content coverage only; no Ozon ranking-weight claim.
2186865070	ZODIAC_SIGN::дева	дева	STRONG_PRODUCT	EXACT_PRESENT	EXACT_PRESENT	EXACT_PRESENT	EXACT_PRESENT	title_n:EXACT_PRESENT	NO_GAP	Content coverage only; no Ozon ranking-weight claim.
2186865070	ZODIAC_SIGN::дева	дева знак зодиака	EXACT_PRODUCT	SEMANTIC_PRESENT	SEMANTIC_PRESENT	SEMANTIC_PRESENT	SEMANTIC_PRESENT	title_n:SEMANTIC_PRESENT	NO_GAP	Content coverage only; no Ozon ranking-weight claim.
2186865070	USE::car_mirror	джиу джитсу на машину подвеска на зеркало	GENERIC_RELEVANT	ABSENT	ABSENT	ABSENT	ABSENT		GAP_PRESENT	Content coverage only; no Ozon ranking-weight claim.
2186865070	USE::car_mirror	для машины деву	GENERIC_RELEVANT	ABSENT	ABSENT	PARTIAL_PRESENT	PARTIAL_PRESENT	attr_n:PARTIAL_PRESENT	GAP_PRESENT	Content coverage only; no Ozon ranking-weight claim.
2186865070	USE::car_mirror	зеркало оберег на шею	GENERIC_RELEVANT	ABSENT	ABSENT	ABSENT	ABSENT		GAP_PRESENT	Content coverage only; no Ozon ranking-weight claim.
2186865070	USE::car_mirror	зеркальный амудет	GENERIC_RELEVANT	ABSENT	ABSENT	ABSENT	ABSENT		GAP_PRESENT	Content coverage only; no Ozon ranking-weight claim.
2186865070	ZODIAC_SIGN::дева	знак дева обвес на телефон	STRONG_PRODUCT	PARTIAL_PRESENT	PARTIAL_PRESENT	PARTIAL_PRESENT	PARTIAL_PRESENT	title_n:PARTIAL_PRESENT	PARTIAL_GAP	Content coverage only; no Ozon ranking-weight claim.
2186865070	ZODIAC_SIGN::дева	знак зодиака дева	EXACT_PRODUCT	SEMANTIC_PRESENT	SEMANTIC_PRESENT	EXACT_PRESENT	EXACT_PRESENT	title_n:SEMANTIC_PRESENT	NO_GAP	Content coverage only; no Ozon ranking-weight claim.
2186865070	ZODIAC_SIGN::дева	знак зодиака дева прикол	EXACT_PRODUCT	PARTIAL_PRESENT	PARTIAL_PRESENT	PARTIAL_PRESENT	PARTIAL_PRESENT	title_n:PARTIAL_PRESENT	PARTIAL_GAP	Content coverage only; no Ozon ranking-weight claim.
2186865070	ZODIAC_SIGN::дева	знаки зодиака дева мужчине	EXACT_PRODUCT	SEMANTIC_PRESENT	SEMANTIC_PRESENT	SEMANTIC_PRESENT	SEMANTIC_PRESENT	title_n:SEMANTIC_PRESENT	NO_GAP	Content coverage only; no Ozon ranking-weight claim.
2186865070	CLASS::amulet_pendant	из дерева подвеска	GENERIC_RELEVANT	ABSENT	ABSENT	SEMANTIC_PRESENT	SEMANTIC_PRESENT	attr_n:SEMANTIC_PRESENT	GAP_PRESENT	Content coverage only; no Ozon ranking-weight claim.
2186865070	USE::car_mirror	камень талисман в машину	GENERIC_RELEVANT	ABSENT	ABSENT	ABSENT	ABSENT		GAP_PRESENT	Content coverage only; no Ozon ranking-weight claim.
2186865070	ZODIAC_SIGN::дева	кулон дева в машину	EXACT_PRODUCT	PARTIAL_PRESENT	PARTIAL_PRESENT	PARTIAL_PRESENT	PARTIAL_PRESENT	title_n:PARTIAL_PRESENT	PARTIAL_GAP	Content coverage only; no Ozon ranking-weight claim.
2186865070	USE::car_mirror	ловец снов в машину	GENERIC_RELEVANT	ABSENT	ABSENT	ABSENT	ABSENT		GAP_PRESENT	Content coverage only; no Ozon ranking-weight claim.
2186865070	USE::protection	магический амулет , оберег	GENERIC_RELEVANT	ABSENT	ABSENT	ABSENT	ABSENT		GAP_PRESENT	Content coverage only; no Ozon ranking-weight claim.
2186865070	ZODIAC_SIGN::дева	майки со знаком зодиака дева	EXACT_PRODUCT	PARTIAL_PRESENT	PARTIAL_PRESENT	PARTIAL_PRESENT	PARTIAL_PRESENT	title_n:PARTIAL_PRESENT	PARTIAL_GAP	Content coverage only; no Ozon ranking-weight claim.
2186865070	USE::car_mirror	мусульманский оберег в машину	GENERIC_RELEVANT	ABSENT	ABSENT	ABSENT	ABSENT		GAP_PRESENT	Content coverage only; no Ozon ranking-weight claim.
2186865070	USE::protection	оберег	GENERIC_RELEVANT	EXACT_PRESENT	ABSENT	EXACT_PRESENT	EXACT_PRESENT	title_n:EXACT_PRESENT	GAP_PRESENT	Content coverage only; no Ozon ranking-weight claim.
2186865070	USE::car_mirror	оберег в машину	GENERIC_RELEVANT	SEMANTIC_PRESENT	ABSENT	SEMANTIC_PRESENT	SEMANTIC_PRESENT	title_n:SEMANTIC_PRESENT	GAP_PRESENT	Content coverage only; no Ozon ranking-weight claim.
2186865070	ZODIAC_SIGN::дева	оберег для дева	EXACT_PRODUCT	SEMANTIC_PRESENT	SEMANTIC_PRESENT	SEMANTIC_PRESENT	SEMANTIC_PRESENT	title_n:SEMANTIC_PRESENT	NO_GAP	Content coverage only; no Ozon ranking-weight claim.
2186865070	ZODIAC_SIGN::дева	оберег для знака дева	EXACT_PRODUCT	PARTIAL_PRESENT	PARTIAL_PRESENT	PARTIAL_PRESENT	PARTIAL_PRESENT	title_n:PARTIAL_PRESENT	PARTIAL_GAP	Content coverage only; no Ozon ranking-weight claim.
2186865070	ZODIAC_SIGN::дева	оберег для сестры знак зодиака дева	EXACT_PRODUCT	PARTIAL_PRESENT	PARTIAL_PRESENT	PARTIAL_PRESENT	PARTIAL_PRESENT	title_n:PARTIAL_PRESENT	PARTIAL_GAP	Content coverage only; no Ozon ranking-weight claim.
2186865070	USE::gift	подарок для девы	AMBIGUOUS_HOLD	ABSENT	ABSENT	ABSENT	ABSENT		GAP_PRESENT	Content coverage only; no Ozon ranking-weight claim.
2186865070	ZODIAC_SIGN::дева	подвеска амулет дева	EXACT_PRODUCT	SEMANTIC_PRESENT	SEMANTIC_PRESENT	SEMANTIC_PRESENT	SEMANTIC_PRESENT	title_n:SEMANTIC_PRESENT	NO_GAP	Content coverage only; no Ozon ranking-weight claim.
2186865070	ZODIAC_SIGN::дева	подвеска амулет знак зодиака дева с натуральным чароитом	EXACT_PRODUCT	PARTIAL_PRESENT	PARTIAL_PRESENT	PARTIAL_PRESENT	PARTIAL_PRESENT	title_n:PARTIAL_PRESENT	PARTIAL_GAP	Content coverage only; no Ozon ranking-weight claim.
2186865070	USE::car_mirror	подвеска в машину	GENERIC_RELEVANT	SEMANTIC_PRESENT	ABSENT	EXACT_PRESENT	SEMANTIC_PRESENT	title_n:SEMANTIC_PRESENT	GAP_PRESENT	Content coverage only; no Ozon ranking-weight claim.
2186865070	ZODIAC_SIGN::дева	подвеска в машину дева	EXACT_PRODUCT	SEMANTIC_PRESENT	SEMANTIC_PRESENT	SEMANTIC_PRESENT	SEMANTIC_PRESENT	title_n:SEMANTIC_PRESENT	NO_GAP	Content coverage only; no Ozon ranking-weight claim.
2186865070	USE::car_mirror	подвеска в машину на зеркало	GENERIC_RELEVANT	SEMANTIC_PRESENT	ABSENT	EXACT_PRESENT	SEMANTIC_PRESENT	title_n:SEMANTIC_PRESENT	GAP_PRESENT	Content coverage only; no Ozon ranking-weight claim.
2186865070	USE::car_mirror	подвеска в машину на зеркало в грузовик	GENERIC_RELEVANT	ABSENT	ABSENT	ABSENT	ABSENT		GAP_PRESENT	Content coverage only; no Ozon ranking-weight claim.
2186865070	USE::car_mirror	подвеска в машину на зеркало вв мвд	GENERIC_RELEVANT	ABSENT	ABSENT	ABSENT	ABSENT		GAP_PRESENT	Content coverage only; no Ozon ranking-weight claim.
2186865070	USE::car_mirror	подвеска в машину на зеркало мех	GENERIC_RELEVANT	ABSENT	ABSENT	ABSENT	ABSENT		GAP_PRESENT	Content coverage only; no Ozon ranking-weight claim.
2186865070	USE::car_mirror	подвеска в машину на зеркало оберег	GENERIC_RELEVANT	SEMANTIC_PRESENT	ABSENT	SEMANTIC_PRESENT	SEMANTIC_PRESENT	title_n:SEMANTIC_PRESENT	GAP_PRESENT	Content coverage only; no Ozon ranking-weight claim.
2186865070	USE::car_mirror	подвеска в машину на зеркало шкода	GENERIC_RELEVANT	ABSENT	ABSENT	ABSENT	ABSENT		GAP_PRESENT	Content coverage only; no Ozon ranking-weight claim.
2186865070	USE::car_mirror	подвеска в машину на зеркало юрта	GENERIC_RELEVANT	ABSENT	ABSENT	ABSENT	ABSENT		GAP_PRESENT	Content coverage only; no Ozon ranking-weight claim.
2186865070	ZODIAC_SIGN::дева	подвеска дева	EXACT_PRODUCT	SEMANTIC_PRESENT	SEMANTIC_PRESENT	SEMANTIC_PRESENT	SEMANTIC_PRESENT	title_n:SEMANTIC_PRESENT	NO_GAP	Content coverage only; no Ozon ranking-weight claim.
2186865070	USE::car_mirror	подвеска на зеркало	GENERIC_RELEVANT	EXACT_PRESENT	ABSENT	EXACT_PRESENT	EXACT_PRESENT	title_n:EXACT_PRESENT	GAP_PRESENT	Content coverage only; no Ozon ranking-weight claim.
2186865070	USE::car_mirror	подвеска на зеркало автомобиля акула	GENERIC_RELEVANT	ABSENT	ABSENT	PARTIAL_PRESENT	PARTIAL_PRESENT	attr_n:PARTIAL_PRESENT	GAP_PRESENT	Content coverage only; no Ozon ranking-weight claim.
2186865070	ZODIAC_SIGN::дева	подвеска на зеркало автомобиля дева	EXACT_PRODUCT	PARTIAL_PRESENT	PARTIAL_PRESENT	SEMANTIC_PRESENT	SEMANTIC_PRESENT	title_n:PARTIAL_PRESENT	PARTIAL_GAP	Content coverage only; no Ozon ranking-weight claim.
2186865070	USE::car_mirror	подвеска на зеркало в машину	GENERIC_RELEVANT	SEMANTIC_PRESENT	ABSENT	EXACT_PRESENT	EXACT_PRESENT	title_n:SEMANTIC_PRESENT	GAP_PRESENT	Content coverage only; no Ozon ranking-weight claim.
2186865070	USE::car_mirror	подвеска на зеркало в машину купола	GENERIC_RELEVANT	ABSENT	ABSENT	ABSENT	ABSENT		GAP_PRESENT	Content coverage only; no Ozon ranking-weight claim.
2186865070	USE::car_mirror	подвеска на зеркало в машину нисан	GENERIC_RELEVANT	ABSENT	ABSENT	ABSENT	ABSENT		GAP_PRESENT	Content coverage only; no Ozon ranking-weight claim.
2186865070	USE::car_mirror	подвеска на зеркало в машину рыба	GENERIC_RELEVANT	ABSENT	ABSENT	ABSENT	ABSENT		GAP_PRESENT	Content coverage only; no Ozon ranking-weight claim.
2186865070	USE::car_mirror	подвеска с зеркалом дерево	GENERIC_RELEVANT	ABSENT	ABSENT	ABSENT	ABSENT		GAP_PRESENT	Content coverage only; no Ozon ranking-weight claim.
2186865070	ZODIAC_SIGN::дева	подушка в машину дева	EXACT_PRODUCT	PARTIAL_PRESENT	PARTIAL_PRESENT	PARTIAL_PRESENT	PARTIAL_PRESENT	title_n:PARTIAL_PRESENT	PARTIAL_GAP	Content coverage only; no Ozon ranking-weight claim.
2186865070	USE::car_mirror	прикол в машину талисман	GENERIC_RELEVANT	ABSENT	ABSENT	ABSENT	ABSENT		GAP_PRESENT	Content coverage only; no Ozon ranking-weight claim.
2186865070	USE::protection	талисман	GENERIC_RELEVANT	EXACT_PRESENT	ABSENT	EXACT_PRESENT	EXACT_PRESENT	title_n:EXACT_PRESENT	GAP_PRESENT	Content coverage only; no Ozon ranking-weight claim.
2186865070	ZODIAC_SIGN::дева	талисман дева	EXACT_PRODUCT	SEMANTIC_PRESENT	SEMANTIC_PRESENT	SEMANTIC_PRESENT	SEMANTIC_PRESENT	title_n:SEMANTIC_PRESENT	NO_GAP	Content coverage only; no Ozon ranking-weight claim.
2186865070	USE::protection	талисман для девы мужской	GENERIC_RELEVANT	ABSENT	ABSENT	ABSENT	ABSENT		GAP_PRESENT	Content coverage only; no Ozon ranking-weight claim.
2186865070	ZODIAC_SIGN::дева	фигурка в машину дева	EXACT_PRODUCT	PARTIAL_PRESENT	PARTIAL_PRESENT	PARTIAL_PRESENT	PARTIAL_PRESENT	title_n:PARTIAL_PRESENT	PARTIAL_GAP	Content coverage only; no Ozon ranking-weight claim.
2186865070	USE::car_mirror	четки в автомобиль	GENERIC_RELEVANT	SEMANTIC_PRESENT	ABSENT	SEMANTIC_PRESENT	SEMANTIC_PRESENT	title_n:SEMANTIC_PRESENT	GAP_PRESENT	Content coverage only; no Ozon ranking-weight claim.
2186865070	CLASS::beads	четки в виде	GENERIC_RELEVANT	ABSENT	ABSENT	ABSENT	ABSENT		GAP_PRESENT	Content coverage only; no Ozon ranking-weight claim.
2186865070	USE::car_mirror	четки в машину	GENERIC_RELEVANT	SEMANTIC_PRESENT	ABSENT	SEMANTIC_PRESENT	SEMANTIC_PRESENT	title_n:SEMANTIC_PRESENT	GAP_PRESENT	Content coverage only; no Ozon ranking-weight claim.
2186865070	USE::car_mirror	четки в машину женские	GENERIC_RELEVANT	ABSENT	ABSENT	ABSENT	ABSENT		GAP_PRESENT	Content coverage only; no Ozon ranking-weight claim.
2186865070	UNCLEAR::5f31695ad1	энергетик	AMBIGUOUS_HOLD	ABSENT	ABSENT	EXACT_PRESENT	EXACT_PRESENT	attr_n:EXACT_PRESENT	GAP_PRESENT	Content coverage only; no Ozon ranking-weight claim.
2271188511	USE::car_mirror	monster energy подвеска на зеркало в машину	GENERIC_RELEVANT	ABSENT	ABSENT	ABSENT	ABSENT		GAP_PRESENT	Content coverage only; no Ozon ranking-weight claim.
2271188511	USE::car_mirror	автоподвеска на зеркало авто для женщин	GENERIC_RELEVANT	ABSENT	ABSENT	PARTIAL_PRESENT	PARTIAL_PRESENT	attr_n:PARTIAL_PRESENT	GAP_PRESENT	Content coverage only; no Ozon ranking-weight claim.
2271188511	USE::car_mirror	амулет в машину на зеркало	GENERIC_RELEVANT	SEMANTIC_PRESENT	ABSENT	SEMANTIC_PRESENT	SEMANTIC_PRESENT	title_n:SEMANTIC_PRESENT	GAP_PRESENT	Content coverage only; no Ozon ranking-weight claim.
2271188511	USE::car_mirror	амулет для автомобиля в машину на зеркало	GENERIC_RELEVANT	ABSENT	ABSENT	SEMANTIC_PRESENT	SEMANTIC_PRESENT	attr_n:SEMANTIC_PRESENT	GAP_PRESENT	Content coverage only; no Ozon ranking-weight claim.
2271188511	CLASS::amulet_pendant	амулет для львп	GENERIC_RELEVANT	ABSENT	ABSENT	ABSENT	ABSENT		GAP_PRESENT	Content coverage only; no Ozon ranking-weight claim.
2271188511	USE::car_mirror	амулет для машины подвеска	GENERIC_RELEVANT	SEMANTIC_PRESENT	ABSENT	SEMANTIC_PRESENT	SEMANTIC_PRESENT	title_n:SEMANTIC_PRESENT	GAP_PRESENT	Content coverage only; no Ozon ranking-weight claim.
2271188511	USE::car_mirror	амулет зеркало мужской	GENERIC_RELEVANT	SEMANTIC_PRESENT	ABSENT	SEMANTIC_PRESENT	SEMANTIC_PRESENT	title_n:SEMANTIC_PRESENT	GAP_PRESENT	Content coverage only; no Ozon ranking-weight claim.
2271188511	USE::car_mirror	амулет на удачу в машину	GENERIC_RELEVANT	ABSENT	ABSENT	ABSENT	ABSENT		GAP_PRESENT	Content coverage only; no Ozon ranking-weight claim.
2271188511	USE::car_mirror	амулет с зеркалом подвеска	GENERIC_RELEVANT	ABSENT	ABSENT	ABSENT	ABSENT		GAP_PRESENT	Content coverage only; no Ozon ranking-weight claim.
2271188511	USE::protection	амулеты обереги и талисманы	GENERIC_RELEVANT	SEMANTIC_PRESENT	ABSENT	EXACT_PRESENT	SEMANTIC_PRESENT	title_n:SEMANTIC_PRESENT	GAP_PRESENT	Content coverage only; no Ozon ranking-weight claim.
2271188511	USE::car_mirror	амулеты обереги и талисманы зеркалр	GENERIC_RELEVANT	ABSENT	ABSENT	ABSENT	ABSENT		GAP_PRESENT	Content coverage only; no Ozon ranking-weight claim.
2271188511	USE::car_mirror	аодвеска зеркало	GENERIC_RELEVANT	ABSENT	ABSENT	ABSENT	ABSENT		GAP_PRESENT	Content coverage only; no Ozon ranking-weight claim.
2271188511	USE::car_mirror	ароматизатор в машину шайба повесить на зеркало	GENERIC_RELEVANT	ABSENT	ABSENT	ABSENT	ABSENT		GAP_PRESENT	Content coverage only; no Ozon ranking-weight claim.
2271188511	USE::car_mirror	брелок артиллерия в машину на зеркало пушка	GENERIC_RELEVANT	ABSENT	ABSENT	ABSENT	ABSENT		GAP_PRESENT	Content coverage only; no Ozon ranking-weight claim.
2271188511	USE::car_mirror	брелок в машину на зеркало	GENERIC_RELEVANT	ABSENT	ABSENT	ABSENT	ABSENT		GAP_PRESENT	Content coverage only; no Ozon ranking-weight claim.
2271188511	USE::car_mirror	брелок в машину на зеркало пушистики	GENERIC_RELEVANT	ABSENT	ABSENT	ABSENT	ABSENT		GAP_PRESENT	Content coverage only; no Ozon ranking-weight claim.
2271188511	ZODIAC_SIGN::лев	брелок знаки зодиака лев	EXACT_PRODUCT	PARTIAL_PRESENT	PARTIAL_PRESENT	PARTIAL_PRESENT	PARTIAL_PRESENT	title_n:PARTIAL_PRESENT	PARTIAL_GAP	Content coverage only; no Ozon ranking-weight claim.
2271188511	USE::car_mirror	брелок на зеркало в машину фемида	GENERIC_RELEVANT	ABSENT	ABSENT	ABSENT	ABSENT		GAP_PRESENT	Content coverage only; no Ozon ranking-weight claim.
2271188511	ZODIAC_SIGN::лев	брелок талисман лев в машину	EXACT_PRODUCT	PARTIAL_PRESENT	PARTIAL_PRESENT	PARTIAL_PRESENT	PARTIAL_PRESENT	title_n:PARTIAL_PRESENT	PARTIAL_GAP	Content coverage only; no Ozon ranking-weight claim.
2271188511	ZODIAC_SIGN::лев	бусина лев знак зодиака оберег	EXACT_PRODUCT	PARTIAL_PRESENT	PARTIAL_PRESENT	SEMANTIC_PRESENT	SEMANTIC_PRESENT	title_n:PARTIAL_PRESENT	PARTIAL_GAP	Content coverage only; no Ozon ranking-weight claim.
2271188511	USE::car_mirror	в машину	GENERIC_RELEVANT	EXACT_PRESENT	ABSENT	EXACT_PRESENT	EXACT_PRESENT	title_n:EXACT_PRESENT	GAP_PRESENT	Content coverage only; no Ozon ranking-weight claim.
2271188511	USE::car_mirror	в машину амулет	GENERIC_RELEVANT	SEMANTIC_PRESENT	ABSENT	SEMANTIC_PRESENT	SEMANTIC_PRESENT	title_n:SEMANTIC_PRESENT	GAP_PRESENT	Content coverage only; no Ozon ranking-weight claim.
2271188511	USE::car_mirror	в машину красивую подвеску с нашим триколором	GENERIC_RELEVANT	PARTIAL_PRESENT	ABSENT	PARTIAL_PRESENT	PARTIAL_PRESENT	title_n:PARTIAL_PRESENT	GAP_PRESENT	Content coverage only; no Ozon ranking-weight claim.
2271188511	USE::car_mirror	в машину мужчине амулет	GENERIC_RELEVANT	SEMANTIC_PRESENT	ABSENT	SEMANTIC_PRESENT	SEMANTIC_PRESENT	title_n:SEMANTIC_PRESENT	GAP_PRESENT	Content coverage only; no Ozon ranking-weight claim.
2271188511	USE::car_mirror	висюлька в машину на зеркало девушка на качельке	GENERIC_RELEVANT	ABSENT	ABSENT	ABSENT	ABSENT		GAP_PRESENT	Content coverage only; no Ozon ranking-weight claim.
2271188511	USE::car_mirror	висюльки диско шар в машину на зеркало	GENERIC_RELEVANT	ABSENT	ABSENT	ABSENT	ABSENT		GAP_PRESENT	Content coverage only; no Ozon ranking-weight claim.
2271188511	ZODIAC_SIGN::лев	висюльки для авто на зеркало знак зодиака лев	EXACT_PRODUCT	PARTIAL_PRESENT	PARTIAL_PRESENT	PARTIAL_PRESENT	PARTIAL_PRESENT	title_n:PARTIAL_PRESENT	PARTIAL_GAP	Content coverage only; no Ozon ranking-weight claim.
2271188511	USE::car_mirror	голая жеещина подвеска в машину	GENERIC_RELEVANT	ABSENT	ABSENT	ABSENT	ABSENT		GAP_PRESENT	Content coverage only; no Ozon ranking-weight claim.
2271188511	USE::car_mirror	девушка в авто назеркало	GENERIC_RELEVANT	ABSENT	ABSENT	ABSENT	ABSENT		GAP_PRESENT	Content coverage only; no Ozon ranking-weight claim.
2271188511	USE::car_mirror	демон на машину подвеска на стекло маленькие	GENERIC_RELEVANT	ABSENT	ABSENT	ABSENT	ABSENT		GAP_PRESENT	Content coverage only; no Ozon ranking-weight claim.
2271188511	USE::car_mirror	джиу джитсу на машину подвеска на зеркало	GENERIC_RELEVANT	ABSENT	ABSENT	ABSENT	ABSENT		GAP_PRESENT	Content coverage only; no Ozon ranking-weight claim.
2271188511	USE::car_mirror	для салона машины подвеска	GENERIC_RELEVANT	SEMANTIC_PRESENT	ABSENT	SEMANTIC_PRESENT	SEMANTIC_PRESENT	title_n:SEMANTIC_PRESENT	GAP_PRESENT	Content coverage only; no Ozon ranking-weight claim.
2271188511	USE::car_mirror	дьявол игрушка страшная в машину на зеркало	GENERIC_RELEVANT	ABSENT	ABSENT	ABSENT	ABSENT		GAP_PRESENT	Content coverage only; no Ozon ranking-weight claim.
2271188511	ZODIAC_SIGN::лев	знак задиа лев	STRONG_PRODUCT	PARTIAL_PRESENT	PARTIAL_PRESENT	PARTIAL_PRESENT	PARTIAL_PRESENT	title_n:PARTIAL_PRESENT	PARTIAL_GAP	Content coverage only; no Ozon ranking-weight claim.
2271188511	ZODIAC_SIGN::лев	знак зодиака лев	EXACT_PRODUCT	SEMANTIC_PRESENT	SEMANTIC_PRESENT	EXACT_PRESENT	SEMANTIC_PRESENT	title_n:SEMANTIC_PRESENT	NO_GAP	Content coverage only; no Ozon ranking-weight claim.
2271188511	ZODIAC_SIGN::лев	знак зодиака лев мужчина	EXACT_PRODUCT	PARTIAL_PRESENT	PARTIAL_PRESENT	SEMANTIC_PRESENT	SEMANTIC_PRESENT	title_n:PARTIAL_PRESENT	PARTIAL_GAP	Content coverage only; no Ozon ranking-weight claim.
2271188511	USE::car_mirror	игрушка талисман в машину	GENERIC_RELEVANT	ABSENT	ABSENT	ABSENT	ABSENT		GAP_PRESENT	Content coverage only; no Ozon ranking-weight claim.
2271188511	ZODIAC_SIGN::лев	лев	STRONG_PRODUCT	EXACT_PRESENT	EXACT_PRESENT	EXACT_PRESENT	EXACT_PRESENT	title_n:EXACT_PRESENT	NO_GAP	Content coverage only; no Ozon ranking-weight claim.
2271188511	USE::car_mirror	ловец снов в машину	GENERIC_RELEVANT	ABSENT	ABSENT	ABSENT	ABSENT		GAP_PRESENT	Content coverage only; no Ozon ranking-weight claim.
2271188511	USE::car_mirror	на зеркало в машину подвеска	GENERIC_RELEVANT	SEMANTIC_PRESENT	ABSENT	SEMANTIC_PRESENT	SEMANTIC_PRESENT	title_n:SEMANTIC_PRESENT	GAP_PRESENT	Content coverage only; no Ozon ranking-weight claim.
2271188511	FAMILY::zodiac	наблр для творчества знако зодиака	FAMILY_RELEVANT	ABSENT	ABSENT	ABSENT	ABSENT		GAP_PRESENT	Content coverage only; no Ozon ranking-weight claim.
2271188511	USE::protection	оберег	GENERIC_RELEVANT	EXACT_PRESENT	ABSENT	EXACT_PRESENT	SEMANTIC_PRESENT	title_n:EXACT_PRESENT	GAP_PRESENT	Content coverage only; no Ozon ranking-weight claim.
2271188511	USE::car_mirror	оберег в машину мусульманский четки	GENERIC_RELEVANT	ABSENT	ABSENT	ABSENT	ABSENT		GAP_PRESENT	Content coverage only; no Ozon ranking-weight claim.
2271188511	USE::car_mirror	повеска в машину	GENERIC_RELEVANT	ABSENT	ABSENT	ABSENT	ABSENT		GAP_PRESENT	Content coverage only; no Ozon ranking-weight claim.
2271188511	USE::car_mirror	подвеска в автомобиль	GENERIC_RELEVANT	SEMANTIC_PRESENT	ABSENT	SEMANTIC_PRESENT	SEMANTIC_PRESENT	title_n:SEMANTIC_PRESENT	GAP_PRESENT	Content coverage only; no Ozon ranking-weight claim.
2271188511	USE::car_mirror	подвеска в автомобиль на зеркало	GENERIC_RELEVANT	SEMANTIC_PRESENT	ABSENT	SEMANTIC_PRESENT	SEMANTIC_PRESENT	title_n:SEMANTIC_PRESENT	GAP_PRESENT	Content coverage only; no Ozon ranking-weight claim.
2271188511	USE::car_mirror	подвеска в машину	GENERIC_RELEVANT	SEMANTIC_PRESENT	ABSENT	EXACT_PRESENT	EXACT_PRESENT	title_n:SEMANTIC_PRESENT	GAP_PRESENT	Content coverage only; no Ozon ranking-weight claim.
2271188511	USE::car_mirror	подвеска в машину на зеркало	GENERIC_RELEVANT	SEMANTIC_PRESENT	ABSENT	EXACT_PRESENT	SEMANTIC_PRESENT	title_n:SEMANTIC_PRESENT	GAP_PRESENT	Content coverage only; no Ozon ranking-weight claim.
2271188511	USE::car_mirror	подвеска в машину на зеркало девушке	GENERIC_RELEVANT	ABSENT	ABSENT	ABSENT	ABSENT		GAP_PRESENT	Content coverage only; no Ozon ranking-weight claim.
2271188511	CLASS::amulet_pendant	подвеска мужская	GENERIC_RELEVANT	ABSENT	ABSENT	EXACT_PRESENT	ABSENT	attr_n:EXACT_PRESENT	GAP_PRESENT	Content coverage only; no Ozon ranking-weight claim.
2271188511	USE::car_mirror	подвеска на зеркало в машину	GENERIC_RELEVANT	EXACT_PRESENT	ABSENT	EXACT_PRESENT	EXACT_PRESENT	title_n:EXACT_PRESENT	GAP_PRESENT	Content coverage only; no Ozon ranking-weight claim.
2271188511	FAMILY::zodiac	подвески знаки зодиака	FAMILY_RELEVANT	SEMANTIC_PRESENT	ABSENT	SEMANTIC_PRESENT	SEMANTIC_PRESENT	title_n:SEMANTIC_PRESENT	GAP_PRESENT	Content coverage only; no Ozon ranking-weight claim.
2271188511	USE::car_mirror	подвестка в машину	GENERIC_RELEVANT	ABSENT	ABSENT	ABSENT	ABSENT		GAP_PRESENT	Content coverage only; no Ozon ranking-weight claim.
2271188511	USE::car_mirror	четки в машину	GENERIC_RELEVANT	SEMANTIC_PRESENT	ABSENT	SEMANTIC_PRESENT	SEMANTIC_PRESENT	title_n:SEMANTIC_PRESENT	GAP_PRESENT	Content coverage only; no Ozon ranking-weight claim.
2271188511	ZODIAC_SIGN::лев	четки для знака зодиака лев мужчине в подарочной упаковке	EXACT_PRODUCT	PARTIAL_PRESENT	PARTIAL_PRESENT	PARTIAL_PRESENT	PARTIAL_PRESENT	title_n:PARTIAL_PRESENT	PARTIAL_GAP	Content coverage only; no Ozon ranking-weight claim.
2271210394	USE::car_mirror	no pasaran подвеска в машину	GENERIC_RELEVANT	ABSENT	ABSENT	ABSENT	ABSENT		GAP_PRESENT	Content coverage only; no Ozon ranking-weight claim.
2271210394	USE::car_mirror	автоподвеска мужска	GENERIC_RELEVANT	ABSENT	ABSENT	PARTIAL_PRESENT	ABSENT	attr_n:PARTIAL_PRESENT	GAP_PRESENT	Content coverage only; no Ozon ranking-weight claim.
2271210394	USE::car_mirror	автоподвеска на зеркало авто для женщин	GENERIC_RELEVANT	ABSENT	ABSENT	PARTIAL_PRESENT	PARTIAL_PRESENT	attr_n:PARTIAL_PRESENT	GAP_PRESENT	Content coverage only; no Ozon ranking-weight claim.
2271210394	USE::protection	амулеты обереги и талисманы	GENERIC_RELEVANT	SEMANTIC_PRESENT	ABSENT	EXACT_PRESENT	SEMANTIC_PRESENT	title_n:SEMANTIC_PRESENT	GAP_PRESENT	Content coverage only; no Ozon ranking-weight claim.
2271210394	CLASS::amulet_pendant	близнец подвеска	PARTIAL_RELEVANCE	SEMANTIC_PRESENT	SEMANTIC_PRESENT	SEMANTIC_PRESENT	SEMANTIC_PRESENT	title_n:SEMANTIC_PRESENT	NO_GAP	Content coverage only; no Ozon ranking-weight claim.
2271210394	ZODIAC_SIGN::близнецы	близнецы	STRONG_PRODUCT	EXACT_PRESENT	EXACT_PRESENT	EXACT_PRESENT	EXACT_PRESENT	title_n:EXACT_PRESENT	NO_GAP	Content coverage only; no Ozon ranking-weight claim.
2271210394	ZODIAC_SIGN::близнецы	близнецы в машину подвеска в салон	EXACT_PRODUCT	SEMANTIC_PRESENT	SEMANTIC_PRESENT	SEMANTIC_PRESENT	SEMANTIC_PRESENT	title_n:SEMANTIC_PRESENT	NO_GAP	Content coverage only; no Ozon ranking-weight claim.
2271210394	ZODIAC_SIGN::близнецы	близнецы для рукоделия	STRONG_PRODUCT	PARTIAL_PRESENT	PARTIAL_PRESENT	PARTIAL_PRESENT	PARTIAL_PRESENT	title_n:PARTIAL_PRESENT	PARTIAL_GAP	Content coverage only; no Ozon ranking-weight claim.
2271210394	ZODIAC_SIGN::близнецы	близнецы мужчина	STRONG_PRODUCT	PARTIAL_PRESENT	PARTIAL_PRESENT	SEMANTIC_PRESENT	SEMANTIC_PRESENT	title_n:PARTIAL_PRESENT	PARTIAL_GAP	Content coverage only; no Ozon ranking-weight claim.
2271210394	ZODIAC_SIGN::близнецы	близнецы на лобовое	STRONG_PRODUCT	PARTIAL_PRESENT	PARTIAL_PRESENT	PARTIAL_PRESENT	PARTIAL_PRESENT	title_n:PARTIAL_PRESENT	PARTIAL_GAP	Content coverage only; no Ozon ranking-weight claim.
2271210394	USE::protection	браслет талисман для женщины близнеца	PARTIAL_RELEVANCE	PARTIAL_PRESENT	PARTIAL_PRESENT	PARTIAL_PRESENT	PARTIAL_PRESENT	title_n:PARTIAL_PRESENT	PARTIAL_GAP	Content coverage only; no Ozon ranking-weight claim.
2271210394	ZODIAC_SIGN::близнецы	брелок близнецы плоский	STRONG_PRODUCT	PARTIAL_PRESENT	PARTIAL_PRESENT	PARTIAL_PRESENT	PARTIAL_PRESENT	title_n:PARTIAL_PRESENT	PARTIAL_GAP	Content coverage only; no Ozon ranking-weight claim.
2271210394	USE::car_mirror	брелок в машину на зеркало	GENERIC_RELEVANT	ABSENT	ABSENT	ABSENT	ABSENT		GAP_PRESENT	Content coverage only; no Ozon ranking-weight claim.
2271210394	USE::car_mirror	брелок в машину на зеркало пушистики	GENERIC_RELEVANT	ABSENT	ABSENT	ABSENT	ABSENT		GAP_PRESENT	Content coverage only; no Ozon ranking-weight claim.
2271210394	USE::car_mirror	брелок в машину на зеркало четки	GENERIC_RELEVANT	ABSENT	ABSENT	ABSENT	ABSENT		GAP_PRESENT	Content coverage only; no Ozon ranking-weight claim.
2271210394	USE::car_mirror	бусы в машину на зеркало тюремные	GENERIC_RELEVANT	ABSENT	ABSENT	ABSENT	ABSENT		GAP_PRESENT	Content coverage only; no Ozon ranking-weight claim.
2271210394	USE::protection	бусы оберег	GENERIC_RELEVANT	ABSENT	ABSENT	ABSENT	ABSENT		GAP_PRESENT	Content coverage only; no Ozon ranking-weight claim.
2271210394	USE::car_mirror	в машину женщине подвеска	GENERIC_RELEVANT	ABSENT	ABSENT	SEMANTIC_PRESENT	SEMANTIC_PRESENT	attr_n:SEMANTIC_PRESENT	GAP_PRESENT	Content coverage only; no Ozon ranking-weight claim.
2271210394	USE::car_mirror	в машину подвеска	GENERIC_RELEVANT	SEMANTIC_PRESENT	ABSENT	EXACT_PRESENT	SEMANTIC_PRESENT	title_n:SEMANTIC_PRESENT	GAP_PRESENT	Content coverage only; no Ozon ranking-weight claim.
2271210394	USE::car_mirror	висюльки на зеркало в машину мужское лицо	GENERIC_RELEVANT	ABSENT	ABSENT	PARTIAL_PRESENT	ABSENT	attr_n:PARTIAL_PRESENT	GAP_PRESENT	Content coverage only; no Ozon ranking-weight claim.
2271210394	USE::car_mirror	висючка в машину на зеркало люстра	GENERIC_RELEVANT	ABSENT	ABSENT	ABSENT	ABSENT		GAP_PRESENT	Content coverage only; no Ozon ranking-weight claim.
2271210394	USE::car_mirror	вольного борца подвеска в машину	GENERIC_RELEVANT	ABSENT	ABSENT	ABSENT	ABSENT		GAP_PRESENT	Content coverage only; no Ozon ranking-weight claim.
2271210394	USE::car_mirror	декоративная подвеска в машину	GENERIC_RELEVANT	ABSENT	ABSENT	ABSENT	ABSENT		GAP_PRESENT	Content coverage only; no Ozon ranking-weight claim.
2271210394	USE::car_mirror	демон на машину подвеска на стекло маленькие	GENERIC_RELEVANT	ABSENT	ABSENT	ABSENT	ABSENT		GAP_PRESENT	Content coverage only; no Ozon ranking-weight claim.
2271210394	USE::car_mirror	для гаданий зеркало	GENERIC_RELEVANT	ABSENT	ABSENT	ABSENT	ABSENT		GAP_PRESENT	Content coverage only; no Ozon ranking-weight claim.
2271210394	USE::car_mirror	дорожный знак в авто	GENERIC_RELEVANT	ABSENT	ABSENT	ABSENT	ABSENT		GAP_PRESENT	Content coverage only; no Ozon ranking-weight claim.
2271210394	USE::car_mirror	зеркало на праворукую машину на встречку	GENERIC_RELEVANT	ABSENT	ABSENT	ABSENT	ABSENT		GAP_PRESENT	Content coverage only; no Ozon ranking-weight claim.
2271210394	UNCLEAR::4ea3c05541	знак атлантов	AMBIGUOUS_HOLD	ABSENT	ABSENT	ABSENT	ABSENT		GAP_PRESENT	Content coverage only; no Ozon ranking-weight claim.
2271210394	USE::car_mirror	знак зеркальный	GENERIC_RELEVANT	ABSENT	ABSENT	ABSENT	ABSENT		GAP_PRESENT	Content coverage only; no Ozon ranking-weight claim.
2271210394	USE::car_mirror	знак туфелька блестящая на машину	GENERIC_RELEVANT	ABSENT	ABSENT	ABSENT	ABSENT		GAP_PRESENT	Content coverage only; no Ozon ranking-weight claim.
2271210394	USE::car_mirror	игрушка на зеркало в машину пачка сигарет	GENERIC_RELEVANT	ABSENT	ABSENT	ABSENT	ABSENT		GAP_PRESENT	Content coverage only; no Ozon ranking-weight claim.
2271210394	FAMILY::zodiac	камни близнец знак зодиака	FAMILY_RELEVANT	PARTIAL_PRESENT	PARTIAL_PRESENT	PARTIAL_PRESENT	PARTIAL_PRESENT	title_n:PARTIAL_PRESENT	PARTIAL_GAP	Content coverage only; no Ozon ranking-weight claim.
2271210394	ZODIAC_SIGN::близнецы	колье близнецы на шею	STRONG_PRODUCT	PARTIAL_PRESENT	PARTIAL_PRESENT	PARTIAL_PRESENT	PARTIAL_PRESENT	title_n:PARTIAL_PRESENT	PARTIAL_GAP	Content coverage only; no Ozon ranking-weight claim.
2271210394	USE::car_mirror	коробочка в машину	GENERIC_RELEVANT	ABSENT	ABSENT	ABSENT	ABSENT		GAP_PRESENT	Content coverage only; no Ozon ranking-weight claim.
2271210394	USE::car_mirror	кулон в машину женский на зеркало	GENERIC_RELEVANT	ABSENT	ABSENT	ABSENT	ABSENT		GAP_PRESENT	Content coverage only; no Ozon ranking-weight claim.
2271210394	USE::car_mirror	кулончик с машинкой	GENERIC_RELEVANT	ABSENT	ABSENT	ABSENT	ABSENT		GAP_PRESENT	Content coverage only; no Ozon ranking-weight claim.
2271210394	ZODIAC_SIGN::близнецы	маска близнецы	STRONG_PRODUCT	PARTIAL_PRESENT	PARTIAL_PRESENT	PARTIAL_PRESENT	PARTIAL_PRESENT	title_n:PARTIAL_PRESENT	PARTIAL_GAP	Content coverage only; no Ozon ranking-weight claim.
2271210394	USE::car_mirror	мусульманский талисман нс зеркало	GENERIC_RELEVANT	ABSENT	ABSENT	ABSENT	ABSENT		GAP_PRESENT	Content coverage only; no Ozon ranking-weight claim.
2271210394	USE::car_mirror	на зеркало автомобиля подвеска	GENERIC_RELEVANT	ABSENT	ABSENT	SEMANTIC_PRESENT	SEMANTIC_PRESENT	attr_n:SEMANTIC_PRESENT	GAP_PRESENT	Content coverage only; no Ozon ranking-weight claim.
2271210394	USE::car_mirror	необычный обвес в машину на зеркало	GENERIC_RELEVANT	ABSENT	ABSENT	ABSENT	ABSENT		GAP_PRESENT	Content coverage only; no Ozon ranking-weight claim.
2271210394	USE::protection	оберег	GENERIC_RELEVANT	EXACT_PRESENT	ABSENT	EXACT_PRESENT	SEMANTIC_PRESENT	title_n:EXACT_PRESENT	GAP_PRESENT	Content coverage only; no Ozon ranking-weight claim.
2271210394	USE::car_mirror	оберег в машину	GENERIC_RELEVANT	SEMANTIC_PRESENT	ABSENT	SEMANTIC_PRESENT	SEMANTIC_PRESENT	title_n:SEMANTIC_PRESENT	GAP_PRESENT	Content coverage only; no Ozon ranking-weight claim.
2271210394	USE::car_mirror	оберег в машину на зеркало женский	GENERIC_RELEVANT	ABSENT	ABSENT	ABSENT	ABSENT		GAP_PRESENT	Content coverage only; no Ozon ranking-weight claim.
2271210394	USE::car_mirror	оберег мусульманский в машину в форме звезды	GENERIC_RELEVANT	ABSENT	ABSENT	ABSENT	ABSENT		GAP_PRESENT	Content coverage only; no Ozon ranking-weight claim.
2271210394	USE::car_mirror	оталисман в авто	GENERIC_RELEVANT	ABSENT	ABSENT	ABSENT	ABSENT		GAP_PRESENT	Content coverage only; no Ozon ranking-weight claim.
2271210394	ZODIAC_SIGN::близнецы	подвеска близнецы	EXACT_PRODUCT	SEMANTIC_PRESENT	SEMANTIC_PRESENT	SEMANTIC_PRESENT	SEMANTIC_PRESENT	title_n:SEMANTIC_PRESENT	NO_GAP	Content coverage only; no Ozon ranking-weight claim.
2271210394	USE::car_mirror	подвеска в автомобиль	GENERIC_RELEVANT	SEMANTIC_PRESENT	ABSENT	SEMANTIC_PRESENT	SEMANTIC_PRESENT	title_n:SEMANTIC_PRESENT	GAP_PRESENT	Content coverage only; no Ozon ranking-weight claim.
2271210394	USE::car_mirror	подвеска в машину	GENERIC_RELEVANT	SEMANTIC_PRESENT	ABSENT	EXACT_PRESENT	EXACT_PRESENT	title_n:SEMANTIC_PRESENT	GAP_PRESENT	Content coverage only; no Ozon ranking-weight claim.
2271210394	USE::car_mirror	подвеска в машину на зеркало	GENERIC_RELEVANT	SEMANTIC_PRESENT	ABSENT	EXACT_PRESENT	SEMANTIC_PRESENT	title_n:SEMANTIC_PRESENT	GAP_PRESENT	Content coverage only; no Ozon ranking-weight claim.
2271210394	USE::car_mirror	подвеска в машину на зеркало гремлины	GENERIC_RELEVANT	ABSENT	ABSENT	ABSENT	ABSENT		GAP_PRESENT	Content coverage only; no Ozon ranking-weight claim.
2271210394	CLASS::amulet_pendant	подвеска мужская	GENERIC_RELEVANT	ABSENT	ABSENT	EXACT_PRESENT	ABSENT	attr_n:EXACT_PRESENT	GAP_PRESENT	Content coverage only; no Ozon ranking-weight claim.
2271210394	USE::car_mirror	подвеска на зеркало в машину	GENERIC_RELEVANT	EXACT_PRESENT	ABSENT	EXACT_PRESENT	EXACT_PRESENT	title_n:EXACT_PRESENT	GAP_PRESENT	Content coverage only; no Ozon ranking-weight claim.
2271210394	USE::protection	талисман	GENERIC_RELEVANT	EXACT_PRESENT	ABSENT	EXACT_PRESENT	EXACT_PRESENT	title_n:EXACT_PRESENT	GAP_PRESENT	Content coverage only; no Ozon ranking-weight claim.
2271210394	USE::car_mirror	талисман в машину женский	GENERIC_RELEVANT	ABSENT	ABSENT	ABSENT	ABSENT		GAP_PRESENT	Content coverage only; no Ozon ranking-weight claim.
2271210394	USE::car_mirror	талисман в машину на зеркало	GENERIC_RELEVANT	SEMANTIC_PRESENT	ABSENT	SEMANTIC_PRESENT	SEMANTIC_PRESENT	title_n:SEMANTIC_PRESENT	GAP_PRESENT	Content coverage only; no Ozon ranking-weight claim.
2271210394	USE::car_mirror	четки в машину	GENERIC_RELEVANT	SEMANTIC_PRESENT	ABSENT	SEMANTIC_PRESENT	SEMANTIC_PRESENT	title_n:SEMANTIC_PRESENT	GAP_PRESENT	Content coverage only; no Ozon ranking-weight claim.
2271210394	USE::car_mirror	четки в машину на зеркало	GENERIC_RELEVANT	SEMANTIC_PRESENT	ABSENT	SEMANTIC_PRESENT	SEMANTIC_PRESENT	title_n:SEMANTIC_PRESENT	GAP_PRESENT	Content coverage only; no Ozon ranking-weight claim.
2271210394	FAMILY::zodiac	четки со знаком зодиака	FAMILY_RELEVANT	SEMANTIC_PRESENT	SEMANTIC_PRESENT	SEMANTIC_PRESENT	ABSENT	title_n:SEMANTIC_PRESENT	GAP_PRESENT	Content coverage only; no Ozon ranking-weight claim.
2271219774	UNCLEAR::94537ef79f	podveska na salon	AMBIGUOUS_HOLD	ABSENT	ABSENT	ABSENT	ABSENT		GAP_PRESENT	Content coverage only; no Ozon ranking-weight claim.
2271219774	USE::car_mirror	акриловые четки в машину на зеркало	GENERIC_RELEVANT	ABSENT	ABSENT	ABSENT	ABSENT		GAP_PRESENT	Content coverage only; no Ozon ranking-weight claim.
2271219774	USE::car_mirror	амулет в машину женский зеркальная	GENERIC_RELEVANT	ABSENT	ABSENT	ABSENT	ABSENT		GAP_PRESENT	Content coverage only; no Ozon ranking-weight claim.
2271219774	USE::protection	амулеты и талисманы	GENERIC_RELEVANT	SEMANTIC_PRESENT	ABSENT	SEMANTIC_PRESENT	SEMANTIC_PRESENT	title_n:SEMANTIC_PRESENT	GAP_PRESENT	Content coverage only; no Ozon ranking-weight claim.
2271219774	USE::car_mirror	аниме в машину подвеска	GENERIC_RELEVANT	ABSENT	ABSENT	ABSENT	ABSENT		GAP_PRESENT	Content coverage only; no Ozon ranking-weight claim.
2271219774	CLASS::amulet_pendant	астрология подвеска	GENERIC_RELEVANT	ABSENT	ABSENT	SEMANTIC_PRESENT	SEMANTIC_PRESENT	attr_n:SEMANTIC_PRESENT	GAP_PRESENT	Content coverage only; no Ozon ranking-weight claim.
2271219774	USE::car_mirror	брелок в машину на зеркало	GENERIC_RELEVANT	ABSENT	ABSENT	ABSENT	ABSENT		GAP_PRESENT	Content coverage only; no Ozon ranking-weight claim.
2271219774	USE::car_mirror	брелок в машину на зеркало я свободен	GENERIC_RELEVANT	ABSENT	ABSENT	ABSENT	ABSENT		GAP_PRESENT	Content coverage only; no Ozon ranking-weight claim.
2271219774	USE::car_mirror	бусины в машину	GENERIC_RELEVANT	ABSENT	ABSENT	SEMANTIC_PRESENT	SEMANTIC_PRESENT	attr_n:SEMANTIC_PRESENT	GAP_PRESENT	Content coverage only; no Ozon ranking-weight claim.
2271219774	ZODIAC_SIGN::весы	весы	STRONG_PRODUCT	EXACT_PRESENT	EXACT_PRESENT	EXACT_PRESENT	EXACT_PRESENT	title_n:EXACT_PRESENT	NO_GAP	Content coverage only; no Ozon ranking-weight claim.
2271219774	ZODIAC_SIGN::весы	весы авто	EXACT_PRODUCT	SEMANTIC_PRESENT	SEMANTIC_PRESENT	SEMANTIC_PRESENT	SEMANTIC_PRESENT	title_n:SEMANTIC_PRESENT	NO_GAP	Content coverage only; no Ozon ranking-weight claim.
2271219774	ZODIAC_SIGN::весы	весы знак зодиака	EXACT_PRODUCT	SEMANTIC_PRESENT	SEMANTIC_PRESENT	SEMANTIC_PRESENT	SEMANTIC_PRESENT	title_n:SEMANTIC_PRESENT	NO_GAP	Content coverage only; no Ozon ranking-weight claim.
2271219774	ZODIAC_SIGN::весы	весы зодиак подвеска	EXACT_PRODUCT	SEMANTIC_PRESENT	SEMANTIC_PRESENT	SEMANTIC_PRESENT	SEMANTIC_PRESENT	title_n:SEMANTIC_PRESENT	NO_GAP	Content coverage only; no Ozon ranking-weight claim.
2271219774	ZODIAC_SIGN::весы	весы зодиака	EXACT_PRODUCT	SEMANTIC_PRESENT	SEMANTIC_PRESENT	SEMANTIC_PRESENT	SEMANTIC_PRESENT	title_n:SEMANTIC_PRESENT	NO_GAP	Content coverage only; no Ozon ranking-weight claim.
2271219774	ZODIAC_SIGN::весы	весы набор	STRONG_PRODUCT	SEMANTIC_PRESENT	SEMANTIC_PRESENT	SEMANTIC_PRESENT	SEMANTIC_PRESENT	title_n:SEMANTIC_PRESENT	NO_GAP	Content coverage only; no Ozon ranking-weight claim.
2271219774	USE::car_mirror	голова хищника в машину подвеска	GENERIC_RELEVANT	ABSENT	ABSENT	ABSENT	ABSENT		GAP_PRESENT	Content coverage only; no Ozon ranking-weight claim.
2271219774	UNCLEAR::abf9890bf2	деревянное повеска для мужчин	AMBIGUOUS_HOLD	ABSENT	ABSENT	PARTIAL_PRESENT	PARTIAL_PRESENT	attr_n:PARTIAL_PRESENT	GAP_PRESENT	Content coverage only; no Ozon ranking-weight claim.
2271219774	USE::car_mirror	детали подвески лего техник для машин	GENERIC_RELEVANT	PARTIAL_PRESENT	ABSENT	PARTIAL_PRESENT	PARTIAL_PRESENT	title_n:PARTIAL_PRESENT	GAP_PRESENT	Content coverage only; no Ozon ranking-weight claim.
2271219774	USE::car_mirror	для машины в салон на зеркало подвескп	GENERIC_RELEVANT	PARTIAL_PRESENT	ABSENT	PARTIAL_PRESENT	PARTIAL_PRESENT	title_n:PARTIAL_PRESENT	GAP_PRESENT	Content coverage only; no Ozon ranking-weight claim.
2271219774	USE::car_mirror	для салона машины подвеска	GENERIC_RELEVANT	SEMANTIC_PRESENT	ABSENT	SEMANTIC_PRESENT	SEMANTIC_PRESENT	title_n:SEMANTIC_PRESENT	GAP_PRESENT	Content coverage only; no Ozon ranking-weight claim.
2271219774	UNCLEAR::1cbfe75e6f	защелка на нагрудный знак	AMBIGUOUS_HOLD	ABSENT	ABSENT	ABSENT	ABSENT		GAP_PRESENT	Content coverage only; no Ozon ranking-weight claim.
2271219774	USE::car_mirror	зеркало маржены	GENERIC_RELEVANT	ABSENT	ABSENT	ABSENT	ABSENT		GAP_PRESENT	Content coverage only; no Ozon ranking-weight claim.
2271219774	ZODIAC_SIGN::весы	знак зодиака весы	EXACT_PRODUCT	SEMANTIC_PRESENT	SEMANTIC_PRESENT	EXACT_PRESENT	SEMANTIC_PRESENT	title_n:SEMANTIC_PRESENT	NO_GAP	Content coverage only; no Ozon ranking-weight claim.
2271219774	ZODIAC_SIGN::весы	знак зодиака весы платок	EXACT_PRODUCT	PARTIAL_PRESENT	PARTIAL_PRESENT	PARTIAL_PRESENT	PARTIAL_PRESENT	title_n:PARTIAL_PRESENT	PARTIAL_GAP	Content coverage only; no Ozon ranking-weight claim.
2271219774	USE::car_mirror	знак туфелька блестящая на машину	GENERIC_RELEVANT	ABSENT	ABSENT	ABSENT	ABSENT		GAP_PRESENT	Content coverage only; no Ozon ranking-weight claim.
2271219774	UNCLEAR::4192f3f8a2	знаки вес классность	AMBIGUOUS_HOLD	ABSENT	ABSENT	ABSENT	ABSENT		GAP_PRESENT	Content coverage only; no Ozon ranking-weight claim.
2271219774	FAMILY::zodiac	знаки зодиака шармы	FAMILY_RELEVANT	ABSENT	ABSENT	ABSENT	ABSENT		GAP_PRESENT	Content coverage only; no Ozon ranking-weight claim.
2271219774	FAMILY::zodiac	игрушка на зеркало в машину знак зодиака	FAMILY_RELEVANT	ABSENT	ABSENT	ABSENT	ABSENT		GAP_PRESENT	Content coverage only; no Ozon ranking-weight claim.
2271219774	USE::car_mirror	игрушка спаниель в машину на зеркало	GENERIC_RELEVANT	ABSENT	ABSENT	ABSENT	ABSENT		GAP_PRESENT	Content coverage only; no Ozon ranking-weight claim.
2271219774	USE::protection	кулоны обереги	GENERIC_RELEVANT	ABSENT	ABSENT	ABSENT	ABSENT		GAP_PRESENT	Content coverage only; no Ozon ranking-weight claim.
2271219774	USE::car_mirror	ловец снов в машину	GENERIC_RELEVANT	ABSENT	ABSENT	ABSENT	ABSENT		GAP_PRESENT	Content coverage only; no Ozon ranking-weight claim.
2271219774	USE::car_mirror	на зеркало в авто четки	GENERIC_RELEVANT	SEMANTIC_PRESENT	ABSENT	SEMANTIC_PRESENT	SEMANTIC_PRESENT	title_n:SEMANTIC_PRESENT	GAP_PRESENT	Content coverage only; no Ozon ranking-weight claim.
2271219774	USE::car_mirror	на зеркало в машину украшение	GENERIC_RELEVANT	SEMANTIC_PRESENT	ABSENT	SEMANTIC_PRESENT	SEMANTIC_PRESENT	title_n:SEMANTIC_PRESENT	GAP_PRESENT	Content coverage only; no Ozon ranking-weight claim.
2271219774	USE::protection	оберег	GENERIC_RELEVANT	EXACT_PRESENT	ABSENT	EXACT_PRESENT	SEMANTIC_PRESENT	title_n:EXACT_PRESENT	GAP_PRESENT	Content coverage only; no Ozon ranking-weight claim.
2271219774	USE::car_mirror	оберег в машину	GENERIC_RELEVANT	SEMANTIC_PRESENT	ABSENT	SEMANTIC_PRESENT	SEMANTIC_PRESENT	title_n:SEMANTIC_PRESENT	GAP_PRESENT	Content coverage only; no Ozon ranking-weight claim.
2271219774	USE::car_mirror	подвеска в машину	GENERIC_RELEVANT	SEMANTIC_PRESENT	ABSENT	EXACT_PRESENT	EXACT_PRESENT	title_n:SEMANTIC_PRESENT	GAP_PRESENT	Content coverage only; no Ozon ranking-weight claim.
2271219774	USE::car_mirror	подвеска в машину ловец снов	GENERIC_RELEVANT	ABSENT	ABSENT	ABSENT	ABSENT		GAP_PRESENT	Content coverage only; no Ozon ranking-weight claim.
2271219774	USE::car_mirror	подвеска в машину на зеркало	GENERIC_RELEVANT	SEMANTIC_PRESENT	ABSENT	EXACT_PRESENT	SEMANTIC_PRESENT	title_n:SEMANTIC_PRESENT	GAP_PRESENT	Content coverage only; no Ozon ranking-weight claim.
2271219774	USE::car_mirror	подвеска в машину на зеркало знак задиака	GENERIC_RELEVANT	ABSENT	ABSENT	ABSENT	ABSENT		GAP_PRESENT	Content coverage only; no Ozon ranking-weight claim.
2271219774	ZODIAC_SIGN::весы	подвеска в машину на зеркало знак зодиака весы	EXACT_PRODUCT	SEMANTIC_PRESENT	SEMANTIC_PRESENT	SEMANTIC_PRESENT	SEMANTIC_PRESENT	title_n:SEMANTIC_PRESENT	NO_GAP	Content coverage only; no Ozon ranking-weight claim.
2271219774	USE::car_mirror	подвеска в машину на зеркало юрта	GENERIC_RELEVANT	ABSENT	ABSENT	ABSENT	ABSENT		GAP_PRESENT	Content coverage only; no Ozon ranking-weight claim.
2271219774	ZODIAC_SIGN::весы	подвеска весы	EXACT_PRODUCT	SEMANTIC_PRESENT	SEMANTIC_PRESENT	SEMANTIC_PRESENT	SEMANTIC_PRESENT	title_n:SEMANTIC_PRESENT	NO_GAP	Content coverage only; no Ozon ranking-weight claim.
2271219774	USE::car_mirror	подвеска женская в автомобиль на зеркало	GENERIC_RELEVANT	ABSENT	ABSENT	ABSENT	ABSENT		GAP_PRESENT	Content coverage only; no Ozon ranking-weight claim.
2271219774	CLASS::amulet_pendant	подвеска мужская	GENERIC_RELEVANT	ABSENT	ABSENT	EXACT_PRESENT	ABSENT	attr_n:EXACT_PRESENT	GAP_PRESENT	Content coverage only; no Ozon ranking-weight claim.
2271219774	USE::car_mirror	подвеска на зеркало в машину	GENERIC_RELEVANT	EXACT_PRESENT	ABSENT	EXACT_PRESENT	EXACT_PRESENT	title_n:EXACT_PRESENT	GAP_PRESENT	Content coverage only; no Ozon ranking-weight claim.
2271219774	ZODIAC_SIGN::весы	подвеска на зеркало в машину весы	EXACT_PRODUCT	SEMANTIC_PRESENT	SEMANTIC_PRESENT	SEMANTIC_PRESENT	SEMANTIC_PRESENT	title_n:SEMANTIC_PRESENT	NO_GAP	Content coverage only; no Ozon ranking-weight claim.
2271219774	CLASS::amulet_pendant	подвеска на шею ловец снов	GENERIC_RELEVANT	ABSENT	ABSENT	ABSENT	ABSENT		GAP_PRESENT	Content coverage only; no Ozon ranking-weight claim.
2271219774	USE::car_mirror	подвеска оберег в машину на зеркало	GENERIC_RELEVANT	SEMANTIC_PRESENT	ABSENT	SEMANTIC_PRESENT	SEMANTIC_PRESENT	title_n:SEMANTIC_PRESENT	GAP_PRESENT	Content coverage only; no Ozon ranking-weight claim.
2271219774	USE::car_mirror	подвеска прикольная на зеркало в машину	GENERIC_RELEVANT	ABSENT	ABSENT	ABSENT	ABSENT		GAP_PRESENT	Content coverage only; no Ozon ranking-weight claim.
2271219774	USE::car_mirror	подвеска череп вагнер в машину	GENERIC_RELEVANT	ABSENT	ABSENT	ABSENT	ABSENT		GAP_PRESENT	Content coverage only; no Ozon ranking-weight claim.
2271219774	USE::car_mirror	подвески на зеркало авто	GENERIC_RELEVANT	SEMANTIC_PRESENT	ABSENT	SEMANTIC_PRESENT	SEMANTIC_PRESENT	title_n:SEMANTIC_PRESENT	GAP_PRESENT	Content coverage only; no Ozon ranking-weight claim.
2271219774	USE::protection	русские обереги	GENERIC_RELEVANT	ABSENT	ABSENT	ABSENT	ABSENT		GAP_PRESENT	Content coverage only; no Ozon ranking-weight claim.
2271219774	USE::protection	талисман	GENERIC_RELEVANT	EXACT_PRESENT	ABSENT	EXACT_PRESENT	EXACT_PRESENT	title_n:EXACT_PRESENT	GAP_PRESENT	Content coverage only; no Ozon ranking-weight claim.
2271219774	USE::car_mirror	талисман на удачу для автомобиля	GENERIC_RELEVANT	ABSENT	ABSENT	PARTIAL_PRESENT	PARTIAL_PRESENT	attr_n:PARTIAL_PRESENT	GAP_PRESENT	Content coverage only; no Ozon ranking-weight claim.
2271219774	ZODIAC_SIGN::весы	талисман подвеска весы	EXACT_PRODUCT	SEMANTIC_PRESENT	SEMANTIC_PRESENT	SEMANTIC_PRESENT	SEMANTIC_PRESENT	title_n:SEMANTIC_PRESENT	NO_GAP	Content coverage only; no Ozon ranking-weight claim.
2271219774	USE::car_mirror	четки в автомобиль	GENERIC_RELEVANT	SEMANTIC_PRESENT	ABSENT	SEMANTIC_PRESENT	SEMANTIC_PRESENT	title_n:SEMANTIC_PRESENT	GAP_PRESENT	Content coverage only; no Ozon ranking-weight claim.
2271219774	USE::car_mirror	четки в машину	GENERIC_RELEVANT	SEMANTIC_PRESENT	ABSENT	SEMANTIC_PRESENT	SEMANTIC_PRESENT	title_n:SEMANTIC_PRESENT	GAP_PRESENT	Content coverage only; no Ozon ranking-weight claim.
2271219774	USE::car_mirror	четки в машину на зеркало	GENERIC_RELEVANT	SEMANTIC_PRESENT	ABSENT	SEMANTIC_PRESENT	SEMANTIC_PRESENT	title_n:SEMANTIC_PRESENT	GAP_PRESENT	Content coverage only; no Ozon ranking-weight claim.
2271219774	FAMILY::zodiac	четки на машину знак зодиака	FAMILY_RELEVANT	SEMANTIC_PRESENT	ABSENT	SEMANTIC_PRESENT	SEMANTIC_PRESENT	title_n:SEMANTIC_PRESENT	GAP_PRESENT	Content coverage only; no Ozon ranking-weight claim.
2271219774	USE::car_mirror	японский оберег в машину	GENERIC_RELEVANT	ABSENT	ABSENT	ABSENT	ABSENT		GAP_PRESENT	Content coverage only; no Ozon ranking-weight claim.
2271234726	USE::car_mirror	автоподвеска мужска	GENERIC_RELEVANT	ABSENT	ABSENT	PARTIAL_PRESENT	ABSENT	attr_n:PARTIAL_PRESENT	GAP_PRESENT	Content coverage only; no Ozon ranking-weight claim.
2271234726	FAMILY::zodiac	адамас золото знак зодиака	FAMILY_RELEVANT	ABSENT	ABSENT	ABSENT	ABSENT		GAP_PRESENT	Content coverage only; no Ozon ranking-weight claim.
2271234726	USE::car_mirror	аксессуары в машину подвесаа зеркал барабан	GENERIC_RELEVANT	ABSENT	ABSENT	ABSENT	ABSENT		GAP_PRESENT	Content coverage only; no Ozon ranking-weight claim.
2271234726	USE::car_mirror	алимпийская мишка брелок в машину подвеска	GENERIC_RELEVANT	ABSENT	ABSENT	ABSENT	ABSENT		GAP_PRESENT	Content coverage only; no Ozon ranking-weight claim.
2271234726	USE::protection	амулеты обереги и талисманы	GENERIC_RELEVANT	SEMANTIC_PRESENT	ABSENT	EXACT_PRESENT	SEMANTIC_PRESENT	title_n:SEMANTIC_PRESENT	GAP_PRESENT	Content coverage only; no Ozon ranking-weight claim.
2271234726	ZODIAC_SIGN::водолей	блакнот водолей	STRONG_PRODUCT	PARTIAL_PRESENT	PARTIAL_PRESENT	PARTIAL_PRESENT	PARTIAL_PRESENT	title_n:PARTIAL_PRESENT	PARTIAL_GAP	Content coverage only; no Ozon ranking-weight claim.
2271234726	UNCLEAR::cf6515ae0d	браслет для водолея женский	AMBIGUOUS_HOLD	ABSENT	ABSENT	ABSENT	ABSENT		GAP_PRESENT	Content coverage only; no Ozon ranking-weight claim.
2271234726	UNCLEAR::f5f0a8b9b4	браслет женский для водолея	AMBIGUOUS_HOLD	ABSENT	ABSENT	ABSENT	ABSENT		GAP_PRESENT	Content coverage only; no Ozon ranking-weight claim.
2271234726	USE::car_mirror	брелок в машину зеркало	GENERIC_RELEVANT	ABSENT	ABSENT	ABSENT	ABSENT		GAP_PRESENT	Content coverage only; no Ozon ranking-weight claim.
2271234726	USE::car_mirror	брелок в машину на зеркало	GENERIC_RELEVANT	ABSENT	ABSENT	ABSENT	ABSENT		GAP_PRESENT	Content coverage only; no Ozon ranking-weight claim.
2271234726	USE::car_mirror	бусины для подвески в машину мужские	GENERIC_RELEVANT	ABSENT	ABSENT	SEMANTIC_PRESENT	SEMANTIC_PRESENT	attr_n:SEMANTIC_PRESENT	GAP_PRESENT	Content coverage only; no Ozon ranking-weight claim.
2271234726	USE::protection	бусы оберег	GENERIC_RELEVANT	ABSENT	ABSENT	ABSENT	ABSENT		GAP_PRESENT	Content coverage only; no Ozon ranking-weight claim.
2271234726	USE::car_mirror	в машину амулет	GENERIC_RELEVANT	SEMANTIC_PRESENT	ABSENT	SEMANTIC_PRESENT	SEMANTIC_PRESENT	title_n:SEMANTIC_PRESENT	GAP_PRESENT	Content coverage only; no Ozon ranking-weight claim.
2271234726	USE::car_mirror	в машину подвеска	GENERIC_RELEVANT	SEMANTIC_PRESENT	ABSENT	EXACT_PRESENT	SEMANTIC_PRESENT	title_n:SEMANTIC_PRESENT	GAP_PRESENT	Content coverage only; no Ozon ranking-weight claim.
2271234726	USE::car_mirror	весючка в машину от зглаза на зеркало	GENERIC_RELEVANT	ABSENT	ABSENT	ABSENT	ABSENT		GAP_PRESENT	Content coverage only; no Ozon ranking-weight claim.
2271234726	USE::car_mirror	висюлька джили cityray в машину подвеска	GENERIC_RELEVANT	ABSENT	ABSENT	ABSENT	ABSENT		GAP_PRESENT	Content coverage only; no Ozon ranking-weight claim.
2271234726	USE::car_mirror	висючка в машину на зеркало люстра	GENERIC_RELEVANT	ABSENT	ABSENT	ABSENT	ABSENT		GAP_PRESENT	Content coverage only; no Ozon ranking-weight claim.
2271234726	ZODIAC_SIGN::водолей	витрина водолей	STRONG_PRODUCT	PARTIAL_PRESENT	PARTIAL_PRESENT	PARTIAL_PRESENT	PARTIAL_PRESENT	title_n:PARTIAL_PRESENT	PARTIAL_GAP	Content coverage only; no Ozon ranking-weight claim.
2271234726	ZODIAC_SIGN::водолей	водолей	STRONG_PRODUCT	EXACT_PRESENT	EXACT_PRESENT	EXACT_PRESENT	EXACT_PRESENT	title_n:EXACT_PRESENT	NO_GAP	Content coverage only; no Ozon ranking-weight claim.
2271234726	ZODIAC_SIGN::водолей	водолей подвеска ювелирная	EXACT_PRODUCT	PARTIAL_PRESENT	PARTIAL_PRESENT	PARTIAL_PRESENT	PARTIAL_PRESENT	title_n:PARTIAL_PRESENT	PARTIAL_GAP	Content coverage only; no Ozon ranking-weight claim.
2271234726	ZODIAC_SIGN::водолей	водолей украшения	EXACT_PRODUCT	SEMANTIC_PRESENT	SEMANTIC_PRESENT	SEMANTIC_PRESENT	SEMANTIC_PRESENT	title_n:SEMANTIC_PRESENT	NO_GAP	Content coverage only; no Ozon ranking-weight claim.
2271234726	USE::car_mirror	девушка в авто назеркало	GENERIC_RELEVANT	ABSENT	ABSENT	ABSENT	ABSENT		GAP_PRESENT	Content coverage only; no Ozon ranking-weight claim.
2271234726	USE::car_mirror	девушки матрешки подвески на машину	GENERIC_RELEVANT	ABSENT	ABSENT	ABSENT	ABSENT		GAP_PRESENT	Content coverage only; no Ozon ranking-weight claim.
2271234726	UNCLEAR::abf9890bf2	деревянное повеска для мужчин	AMBIGUOUS_HOLD	ABSENT	ABSENT	PARTIAL_PRESENT	PARTIAL_PRESENT	attr_n:PARTIAL_PRESENT	GAP_PRESENT	Content coverage only; no Ozon ranking-weight claim.
2271234726	USE::car_mirror	для машин оберег	GENERIC_RELEVANT	SEMANTIC_PRESENT	ABSENT	SEMANTIC_PRESENT	SEMANTIC_PRESENT	title_n:SEMANTIC_PRESENT	GAP_PRESENT	Content coverage only; no Ozon ranking-weight claim.
2271234726	USE::car_mirror	зеркалл магисеское	GENERIC_RELEVANT	ABSENT	ABSENT	ABSENT	ABSENT		GAP_PRESENT	Content coverage only; no Ozon ranking-weight claim.
2271234726	ZODIAC_SIGN::водолей	знак зодиака водолей	EXACT_PRODUCT	SEMANTIC_PRESENT	SEMANTIC_PRESENT	EXACT_PRESENT	SEMANTIC_PRESENT	title_n:SEMANTIC_PRESENT	NO_GAP	Content coverage only; no Ozon ranking-weight claim.
2271234726	USE::car_mirror	знак на машину аптечные товары	GENERIC_RELEVANT	ABSENT	ABSENT	ABSENT	ABSENT		GAP_PRESENT	Content coverage only; no Ozon ranking-weight claim.
2271234726	USE::car_mirror	знаки сувениры для парашютиста в машину	GENERIC_RELEVANT	ABSENT	ABSENT	ABSENT	ABSENT		GAP_PRESENT	Content coverage only; no Ozon ranking-weight claim.
2271234726	USE::car_mirror	игрушка талисман в машину	GENERIC_RELEVANT	ABSENT	ABSENT	ABSENT	ABSENT		GAP_PRESENT	Content coverage only; no Ozon ranking-weight claim.
2271234726	USE::car_mirror	игрушки в машину на зеркало	GENERIC_RELEVANT	ABSENT	ABSENT	ABSENT	ABSENT		GAP_PRESENT	Content coverage only; no Ozon ranking-weight claim.
2271234726	USE::car_mirror	коробочка в машину	GENERIC_RELEVANT	ABSENT	ABSENT	ABSENT	ABSENT		GAP_PRESENT	Content coverage only; no Ozon ranking-weight claim.
2271234726	UNCLEAR::1d7382cf90	коробочки 12 см дерево	AMBIGUOUS_HOLD	ABSENT	ABSENT	PARTIAL_PRESENT	PARTIAL_PRESENT	attr_n:PARTIAL_PRESENT	GAP_PRESENT	Content coverage only; no Ozon ranking-weight claim.
2271234726	USE::car_mirror	крестик в машину на зеркало освешеный	GENERIC_RELEVANT	ABSENT	ABSENT	ABSENT	ABSENT		GAP_PRESENT	Content coverage only; no Ozon ranking-weight claim.
2271234726	USE::car_mirror	кулон на зеркало в машину	GENERIC_RELEVANT	ABSENT	ABSENT	ABSENT	ABSENT		GAP_PRESENT	Content coverage only; no Ozon ranking-weight claim.
2271234726	CLASS::amulet_pendant	магические подвески	GENERIC_RELEVANT	ABSENT	ABSENT	ABSENT	ABSENT		GAP_PRESENT	Content coverage only; no Ozon ranking-weight claim.
2271234726	USE::car_mirror	машину четки	GENERIC_RELEVANT	SEMANTIC_PRESENT	ABSENT	SEMANTIC_PRESENT	SEMANTIC_PRESENT	title_n:SEMANTIC_PRESENT	GAP_PRESENT	Content coverage only; no Ozon ranking-weight claim.
2271234726	USE::car_mirror	на зеркало подвеска авто	GENERIC_RELEVANT	SEMANTIC_PRESENT	ABSENT	SEMANTIC_PRESENT	SEMANTIC_PRESENT	title_n:SEMANTIC_PRESENT	GAP_PRESENT	Content coverage only; no Ozon ranking-weight claim.
2271234726	USE::car_mirror	оберег в машину	GENERIC_RELEVANT	SEMANTIC_PRESENT	ABSENT	SEMANTIC_PRESENT	SEMANTIC_PRESENT	title_n:SEMANTIC_PRESENT	GAP_PRESENT	Content coverage only; no Ozon ranking-weight claim.
2271234726	USE::car_mirror	оберег для автомобиля	GENERIC_RELEVANT	ABSENT	ABSENT	SEMANTIC_PRESENT	SEMANTIC_PRESENT	attr_n:SEMANTIC_PRESENT	GAP_PRESENT	Content coverage only; no Ozon ranking-weight claim.
2271234726	CLASS::amulet_pendant	подвеска	GENERIC_RELEVANT	EXACT_PRESENT	ABSENT	EXACT_PRESENT	EXACT_PRESENT	title_n:EXACT_PRESENT	GAP_PRESENT	Content coverage only; no Ozon ranking-weight claim.
2271234726	USE::car_mirror	подвеска в автомобиль	GENERIC_RELEVANT	SEMANTIC_PRESENT	ABSENT	SEMANTIC_PRESENT	SEMANTIC_PRESENT	title_n:SEMANTIC_PRESENT	GAP_PRESENT	Content coverage only; no Ozon ranking-weight claim.
2271234726	USE::car_mirror	подвеска в автомобиль на зеркало	GENERIC_RELEVANT	SEMANTIC_PRESENT	ABSENT	SEMANTIC_PRESENT	SEMANTIC_PRESENT	title_n:SEMANTIC_PRESENT	GAP_PRESENT	Content coverage only; no Ozon ranking-weight claim.
2271234726	USE::car_mirror	подвеска в машину	GENERIC_RELEVANT	SEMANTIC_PRESENT	ABSENT	EXACT_PRESENT	EXACT_PRESENT	title_n:SEMANTIC_PRESENT	GAP_PRESENT	Content coverage only; no Ozon ranking-weight claim.
2271234726	USE::car_mirror	подвеска в машину водителю илье	GENERIC_RELEVANT	ABSENT	ABSENT	ABSENT	ABSENT		GAP_PRESENT	Content coverage only; no Ozon ranking-weight claim.
2271234726	USE::car_mirror	подвеска в машину на зеркало	GENERIC_RELEVANT	SEMANTIC_PRESENT	ABSENT	EXACT_PRESENT	SEMANTIC_PRESENT	title_n:SEMANTIC_PRESENT	GAP_PRESENT	Content coverage only; no Ozon ranking-weight claim.
2271234726	USE::car_mirror	подвеска в машину на зеркало мужская рок	GENERIC_RELEVANT	ABSENT	ABSENT	PARTIAL_PRESENT	ABSENT	attr_n:PARTIAL_PRESENT	GAP_PRESENT	Content coverage only; no Ozon ranking-weight claim.
2271234726	CLASS::amulet_pendant	подвеска мужская	GENERIC_RELEVANT	ABSENT	ABSENT	EXACT_PRESENT	ABSENT	attr_n:EXACT_PRESENT	GAP_PRESENT	Content coverage only; no Ozon ranking-weight claim.
2271234726	ZODIAC_SIGN::водолей	подвеска на зеркало в авто водолей	EXACT_PRODUCT	SEMANTIC_PRESENT	SEMANTIC_PRESENT	SEMANTIC_PRESENT	SEMANTIC_PRESENT	title_n:SEMANTIC_PRESENT	NO_GAP	Content coverage only; no Ozon ranking-weight claim.
2271234726	USE::car_mirror	подвеска на зеркало в машину	GENERIC_RELEVANT	EXACT_PRESENT	ABSENT	EXACT_PRESENT	EXACT_PRESENT	title_n:EXACT_PRESENT	GAP_PRESENT	Content coverage only; no Ozon ranking-weight claim.
2271234726	USE::car_mirror	подвеска на зеркало в машину рыба	GENERIC_RELEVANT	ABSENT	ABSENT	ABSENT	ABSENT		GAP_PRESENT	Content coverage only; no Ozon ranking-weight claim.
2271234726	ZODIAC_SIGN::водолей	подвески в машину водолей	EXACT_PRODUCT	SEMANTIC_PRESENT	SEMANTIC_PRESENT	SEMANTIC_PRESENT	SEMANTIC_PRESENT	title_n:SEMANTIC_PRESENT	NO_GAP	Content coverage only; no Ozon ranking-weight claim.
2271234726	USE::protection	талисман	GENERIC_RELEVANT	EXACT_PRESENT	ABSENT	EXACT_PRESENT	EXACT_PRESENT	title_n:EXACT_PRESENT	GAP_PRESENT	Content coverage only; no Ozon ranking-weight claim.
2271234726	USE::car_mirror	четки в автомобиль	GENERIC_RELEVANT	SEMANTIC_PRESENT	ABSENT	SEMANTIC_PRESENT	SEMANTIC_PRESENT	title_n:SEMANTIC_PRESENT	GAP_PRESENT	Content coverage only; no Ozon ranking-weight claim.
2271234726	USE::car_mirror	четки в машину	GENERIC_RELEVANT	SEMANTIC_PRESENT	ABSENT	SEMANTIC_PRESENT	SEMANTIC_PRESENT	title_n:SEMANTIC_PRESENT	GAP_PRESENT	Content coverage only; no Ozon ranking-weight claim.
2271240621	UNCLEAR::057de70670	taccardi для дев	AMBIGUOUS_HOLD	ABSENT	ABSENT	ABSENT	ABSENT		GAP_PRESENT	Content coverage only; no Ozon ranking-weight claim.
2271240621	USE::car_mirror	автомобильный талисман оберег на зеркало	GENERIC_RELEVANT	SEMANTIC_PRESENT	ABSENT	SEMANTIC_PRESENT	SEMANTIC_PRESENT	title_n:SEMANTIC_PRESENT	GAP_PRESENT	Content coverage only; no Ozon ranking-weight claim.
2271240621	USE::car_mirror	автоподвеска на зеркало авто для женщин	GENERIC_RELEVANT	ABSENT	ABSENT	PARTIAL_PRESENT	PARTIAL_PRESENT	attr_n:PARTIAL_PRESENT	GAP_PRESENT	Content coverage only; no Ozon ranking-weight claim.
2271240621	USE::protection	амулет талисман мужской	GENERIC_RELEVANT	SEMANTIC_PRESENT	ABSENT	SEMANTIC_PRESENT	SEMANTIC_PRESENT	title_n:SEMANTIC_PRESENT	GAP_PRESENT	Content coverage only; no Ozon ranking-weight claim.
2271240621	USE::protection	амулеты обереги и талисманы	GENERIC_RELEVANT	SEMANTIC_PRESENT	ABSENT	EXACT_PRESENT	SEMANTIC_PRESENT	title_n:SEMANTIC_PRESENT	GAP_PRESENT	Content coverage only; no Ozon ranking-weight claim.
2271240621	USE::car_mirror	амулеты обереги и талисманы зеркалр	GENERIC_RELEVANT	ABSENT	ABSENT	ABSENT	ABSENT		GAP_PRESENT	Content coverage only; no Ozon ranking-weight claim.
2271240621	USE::car_mirror	армянский барабан на машину подвеска	GENERIC_RELEVANT	ABSENT	ABSENT	ABSENT	ABSENT		GAP_PRESENT	Content coverage only; no Ozon ranking-weight claim.
2271240621	USE::car_mirror	атрибутика зенит в машину на зеркало	GENERIC_RELEVANT	ABSENT	ABSENT	ABSENT	ABSENT		GAP_PRESENT	Content coverage only; no Ozon ranking-weight claim.
2271240621	ZODIAC_SIGN::дева	брелок дева знак зодиака	EXACT_PRODUCT	PARTIAL_PRESENT	PARTIAL_PRESENT	PARTIAL_PRESENT	PARTIAL_PRESENT	title_n:PARTIAL_PRESENT	PARTIAL_GAP	Content coverage only; no Ozon ranking-weight claim.
2271240621	FAMILY::zodiac	брелок знак зодиака набор	FAMILY_RELEVANT	ABSENT	ABSENT	ABSENT	ABSENT		GAP_PRESENT	Content coverage only; no Ozon ranking-weight claim.
2271240621	FAMILY::zodiac	бусины знаки зодиака подвеска набор	FAMILY_RELEVANT	ABSENT	ABSENT	SEMANTIC_PRESENT	SEMANTIC_PRESENT	attr_n:SEMANTIC_PRESENT	GAP_PRESENT	Content coverage only; no Ozon ranking-weight claim.
2271240621	USE::car_mirror	в машине деву	GENERIC_RELEVANT	ABSENT	ABSENT	ABSENT	ABSENT		GAP_PRESENT	Content coverage only; no Ozon ranking-weight claim.
2271240621	USE::car_mirror	в машину	GENERIC_RELEVANT	EXACT_PRESENT	ABSENT	EXACT_PRESENT	EXACT_PRESENT	title_n:EXACT_PRESENT	GAP_PRESENT	Content coverage only; no Ozon ranking-weight claim.
2271240621	USE::car_mirror	в машину амулет	GENERIC_RELEVANT	SEMANTIC_PRESENT	ABSENT	SEMANTIC_PRESENT	SEMANTIC_PRESENT	title_n:SEMANTIC_PRESENT	GAP_PRESENT	Content coverage only; no Ozon ranking-weight claim.
2271240621	USE::car_mirror	в машину для дев	GENERIC_RELEVANT	ABSENT	ABSENT	ABSENT	ABSENT		GAP_PRESENT	Content coverage only; no Ozon ranking-weight claim.
2271240621	USE::car_mirror	в машину для мужчины амулет	GENERIC_RELEVANT	ABSENT	ABSENT	SEMANTIC_PRESENT	SEMANTIC_PRESENT	attr_n:SEMANTIC_PRESENT	GAP_PRESENT	Content coverage only; no Ozon ranking-weight claim.
2271240621	ZODIAC_SIGN::дева	в машину женская дева	EXACT_PRODUCT	PARTIAL_PRESENT	PARTIAL_PRESENT	PARTIAL_PRESENT	PARTIAL_PRESENT	title_n:PARTIAL_PRESENT	PARTIAL_GAP	Content coverage only; no Ozon ranking-weight claim.
2271240621	USE::car_mirror	ведьмино зеркало	GENERIC_RELEVANT	ABSENT	ABSENT	ABSENT	ABSENT		GAP_PRESENT	Content coverage only; no Ozon ranking-weight claim.
2271240621	ZODIAC_SIGN::дева	дева	STRONG_PRODUCT	EXACT_PRESENT	EXACT_PRESENT	EXACT_PRESENT	EXACT_PRESENT	title_n:EXACT_PRESENT	NO_GAP	Content coverage only; no Ozon ranking-weight claim.
2271240621	ZODIAC_SIGN::дева	дева деревянная	STRONG_PRODUCT	PARTIAL_PRESENT	PARTIAL_PRESENT	PARTIAL_PRESENT	PARTIAL_PRESENT	title_n:PARTIAL_PRESENT	PARTIAL_GAP	Content coverage only; no Ozon ranking-weight claim.
2271240621	ZODIAC_SIGN::дева	дева знак зодиака	EXACT_PRODUCT	SEMANTIC_PRESENT	SEMANTIC_PRESENT	SEMANTIC_PRESENT	SEMANTIC_PRESENT	title_n:SEMANTIC_PRESENT	NO_GAP	Content coverage only; no Ozon ranking-weight claim.
2271240621	ZODIAC_SIGN::дева	дева знак зодиака рюмки	EXACT_PRODUCT	PARTIAL_PRESENT	PARTIAL_PRESENT	PARTIAL_PRESENT	PARTIAL_PRESENT	title_n:PARTIAL_PRESENT	PARTIAL_GAP	Content coverage only; no Ozon ranking-weight claim.
2271240621	ZODIAC_SIGN::дева	дева знак зодиака худи	EXACT_PRODUCT	PARTIAL_PRESENT	PARTIAL_PRESENT	PARTIAL_PRESENT	PARTIAL_PRESENT	title_n:PARTIAL_PRESENT	PARTIAL_GAP	Content coverage only; no Ozon ranking-weight claim.
2271240621	ZODIAC_SIGN::дева	дева подвеска для мужчин	EXACT_PRODUCT	PARTIAL_PRESENT	PARTIAL_PRESENT	SEMANTIC_PRESENT	SEMANTIC_PRESENT	title_n:PARTIAL_PRESENT	PARTIAL_GAP	Content coverage only; no Ozon ranking-weight claim.
2271240621	UNCLEAR::a153db22af	день рождения для девы	AMBIGUOUS_HOLD	ABSENT	ABSENT	PARTIAL_PRESENT	PARTIAL_PRESENT	attr_n:PARTIAL_PRESENT	GAP_PRESENT	Content coverage only; no Ozon ranking-weight claim.
2271240621	UNCLEAR::a32ed50ff3	для девы из дерева	AMBIGUOUS_HOLD	ABSENT	ABSENT	PARTIAL_PRESENT	PARTIAL_PRESENT	attr_n:PARTIAL_PRESENT	GAP_PRESENT	Content coverage only; no Ozon ranking-weight claim.
2271240621	USE::car_mirror	для салона машины подвеска	GENERIC_RELEVANT	SEMANTIC_PRESENT	ABSENT	SEMANTIC_PRESENT	SEMANTIC_PRESENT	title_n:SEMANTIC_PRESENT	GAP_PRESENT	Content coverage only; no Ozon ranking-weight claim.
2271240621	USE::car_mirror	зеркало для деву	GENERIC_RELEVANT	ABSENT	ABSENT	ABSENT	ABSENT		GAP_PRESENT	Content coverage only; no Ozon ranking-weight claim.
2271240621	USE::car_mirror	зеркало оберег на шею	GENERIC_RELEVANT	ABSENT	ABSENT	ABSENT	ABSENT		GAP_PRESENT	Content coverage only; no Ozon ranking-weight claim.
2271240621	USE::car_mirror	зеркальце оборег	GENERIC_RELEVANT	ABSENT	ABSENT	ABSENT	ABSENT		GAP_PRESENT	Content coverage only; no Ozon ranking-weight claim.
2271240621	USE::car_mirror	знак дорожный зеркало	GENERIC_RELEVANT	ABSENT	ABSENT	ABSENT	ABSENT		GAP_PRESENT	Content coverage only; no Ozon ranking-weight claim.
2271240621	ZODIAC_SIGN::дева	знак зодиака дева	EXACT_PRODUCT	SEMANTIC_PRESENT	SEMANTIC_PRESENT	EXACT_PRESENT	SEMANTIC_PRESENT	title_n:SEMANTIC_PRESENT	NO_GAP	Content coverage only; no Ozon ranking-weight claim.
2271240621	UNCLEAR::a183695769	знак зодика деревянный	AMBIGUOUS_HOLD	ABSENT	ABSENT	ABSENT	ABSENT		GAP_PRESENT	Content coverage only; no Ozon ranking-weight claim.
2271240621	FAMILY::zodiac	знаки зодиака	FAMILY_RELEVANT	SEMANTIC_PRESENT	ABSENT	EXACT_PRESENT	SEMANTIC_PRESENT	title_n:SEMANTIC_PRESENT	GAP_PRESENT	Content coverage only; no Ozon ranking-weight claim.
2271240621	USE::car_mirror	игрушки в машину на зеркало	GENERIC_RELEVANT	ABSENT	ABSENT	ABSENT	ABSENT		GAP_PRESENT	Content coverage only; no Ozon ranking-weight claim.
2271240621	ZODIAC_SIGN::дева	картина для знака зодиака дева мужская	EXACT_PRODUCT	PARTIAL_PRESENT	PARTIAL_PRESENT	PARTIAL_PRESENT	PARTIAL_PRESENT	title_n:PARTIAL_PRESENT	PARTIAL_GAP	Content coverage only; no Ozon ranking-weight claim.
2271240621	USE::car_mirror	медальон вдв в машину на зеркало	GENERIC_RELEVANT	ABSENT	ABSENT	ABSENT	ABSENT		GAP_PRESENT	Content coverage only; no Ozon ranking-weight claim.
2271240621	USE::car_mirror	на зеркало в машину подвеска	GENERIC_RELEVANT	SEMANTIC_PRESENT	ABSENT	SEMANTIC_PRESENT	SEMANTIC_PRESENT	title_n:SEMANTIC_PRESENT	GAP_PRESENT	Content coverage only; no Ozon ranking-weight claim.
2271240621	USE::protection	оберег	GENERIC_RELEVANT	EXACT_PRESENT	ABSENT	EXACT_PRESENT	SEMANTIC_PRESENT	title_n:EXACT_PRESENT	GAP_PRESENT	Content coverage only; no Ozon ranking-weight claim.
2271240621	USE::protection	оберег ворон в компасе	GENERIC_RELEVANT	ABSENT	ABSENT	ABSENT	ABSENT		GAP_PRESENT	Content coverage only; no Ozon ranking-weight claim.
2271240621	USE::car_mirror	оберег на зеркало	GENERIC_RELEVANT	SEMANTIC_PRESENT	ABSENT	SEMANTIC_PRESENT	SEMANTIC_PRESENT	title_n:SEMANTIC_PRESENT	GAP_PRESENT	Content coverage only; no Ozon ranking-weight claim.
2271240621	USE::gift	подарок для девы	AMBIGUOUS_HOLD	ABSENT	ABSENT	ABSENT	ABSENT		GAP_PRESENT	Content coverage only; no Ozon ranking-weight claim.
2271240621	USE::gift	подарок для девы мужчины	AMBIGUOUS_HOLD	ABSENT	ABSENT	PARTIAL_PRESENT	PARTIAL_PRESENT	attr_n:PARTIAL_PRESENT	GAP_PRESENT	Content coverage only; no Ozon ranking-weight claim.
2271240621	USE::car_mirror	подвеска в автомобиль	GENERIC_RELEVANT	SEMANTIC_PRESENT	ABSENT	SEMANTIC_PRESENT	SEMANTIC_PRESENT	title_n:SEMANTIC_PRESENT	GAP_PRESENT	Content coverage only; no Ozon ranking-weight claim.
2271240621	USE::car_mirror	подвеска в автомобиль на зеркало	GENERIC_RELEVANT	SEMANTIC_PRESENT	ABSENT	SEMANTIC_PRESENT	SEMANTIC_PRESENT	title_n:SEMANTIC_PRESENT	GAP_PRESENT	Content coverage only; no Ozon ranking-weight claim.
2271240621	USE::car_mirror	подвеска в машину	GENERIC_RELEVANT	SEMANTIC_PRESENT	ABSENT	EXACT_PRESENT	EXACT_PRESENT	title_n:SEMANTIC_PRESENT	GAP_PRESENT	Content coverage only; no Ozon ranking-weight claim.
2271240621	USE::car_mirror	подвеска в машину на зеркало	GENERIC_RELEVANT	SEMANTIC_PRESENT	ABSENT	EXACT_PRESENT	SEMANTIC_PRESENT	title_n:SEMANTIC_PRESENT	GAP_PRESENT	Content coverage only; no Ozon ranking-weight claim.
2271240621	USE::car_mirror	подвеска в машину на зеркало японская	GENERIC_RELEVANT	ABSENT	ABSENT	ABSENT	ABSENT		GAP_PRESENT	Content coverage only; no Ozon ranking-weight claim.
2271240621	USE::car_mirror	подвеска в машину ретро	GENERIC_RELEVANT	ABSENT	ABSENT	ABSENT	ABSENT		GAP_PRESENT	Content coverage only; no Ozon ranking-weight claim.
2271240621	ZODIAC_SIGN::дева	подвеска знак зодиака дева	EXACT_PRODUCT	SEMANTIC_PRESENT	SEMANTIC_PRESENT	SEMANTIC_PRESENT	SEMANTIC_PRESENT	title_n:SEMANTIC_PRESENT	NO_GAP	Content coverage only; no Ozon ranking-weight claim.
2271240621	USE::car_mirror	подвеска на зеркало в машину	GENERIC_RELEVANT	EXACT_PRESENT	ABSENT	EXACT_PRESENT	EXACT_PRESENT	title_n:EXACT_PRESENT	GAP_PRESENT	Content coverage only; no Ozon ranking-weight claim.
2271240621	USE::car_mirror	подвески обереги в машину на зеркало женские	GENERIC_RELEVANT	ABSENT	ABSENT	ABSENT	ABSENT		GAP_PRESENT	Content coverage only; no Ozon ranking-weight claim.
2271240621	USE::protection	талисман	GENERIC_RELEVANT	EXACT_PRESENT	ABSENT	EXACT_PRESENT	EXACT_PRESENT	title_n:EXACT_PRESENT	GAP_PRESENT	Content coverage only; no Ozon ranking-weight claim.
2271240621	ZODIAC_SIGN::дева	талисман в машину дева	EXACT_PRODUCT	SEMANTIC_PRESENT	SEMANTIC_PRESENT	SEMANTIC_PRESENT	SEMANTIC_PRESENT	title_n:SEMANTIC_PRESENT	NO_GAP	Content coverage only; no Ozon ranking-weight claim.
2271240621	USE::car_mirror	четки в машину	GENERIC_RELEVANT	SEMANTIC_PRESENT	ABSENT	SEMANTIC_PRESENT	SEMANTIC_PRESENT	title_n:SEMANTIC_PRESENT	GAP_PRESENT	Content coverage only; no Ozon ranking-weight claim.
2271240621	ZODIAC_SIGN::дева	четки в машину со знакам зодиака дева	EXACT_PRODUCT	SEMANTIC_PRESENT	SEMANTIC_PRESENT	SEMANTIC_PRESENT	PARTIAL_PRESENT	title_n:SEMANTIC_PRESENT	PARTIAL_GAP	Content coverage only; no Ozon ranking-weight claim.
2271246783	UNCLEAR::d6cc23e3b7	cosaque	AMBIGUOUS_HOLD	ABSENT	ABSENT	ABSENT	ABSENT		GAP_PRESENT	Content coverage only; no Ozon ranking-weight claim.
2271246783	USE::car_mirror	авто подвески на зеркало	GENERIC_RELEVANT	SEMANTIC_PRESENT	ABSENT	SEMANTIC_PRESENT	SEMANTIC_PRESENT	title_n:SEMANTIC_PRESENT	GAP_PRESENT	Content coverage only; no Ozon ranking-weight claim.
2271246783	USE::car_mirror	автоподвеска мужска	GENERIC_RELEVANT	ABSENT	ABSENT	PARTIAL_PRESENT	ABSENT	attr_n:PARTIAL_PRESENT	GAP_PRESENT	Content coverage only; no Ozon ranking-weight claim.
2271246783	USE::car_mirror	аксессуары в машину подвесаа зеркал барабан	GENERIC_RELEVANT	ABSENT	ABSENT	ABSENT	ABSENT		GAP_PRESENT	Content coverage only; no Ozon ranking-weight claim.
2271246783	USE::car_mirror	амулет зеркальная защита	GENERIC_RELEVANT	ABSENT	ABSENT	PARTIAL_PRESENT	PARTIAL_PRESENT	attr_n:PARTIAL_PRESENT	GAP_PRESENT	Content coverage only; no Ozon ranking-weight claim.
2271246783	ZODIAC_SIGN::козерог	амулет козерог и клевер	EXACT_PRODUCT	PARTIAL_PRESENT	PARTIAL_PRESENT	PARTIAL_PRESENT	PARTIAL_PRESENT	title_n:PARTIAL_PRESENT	PARTIAL_GAP	Content coverage only; no Ozon ranking-weight claim.
2271246783	USE::car_mirror	амулет мужской в машину деревянный	GENERIC_RELEVANT	SEMANTIC_PRESENT	ABSENT	SEMANTIC_PRESENT	SEMANTIC_PRESENT	title_n:SEMANTIC_PRESENT	GAP_PRESENT	Content coverage only; no Ozon ranking-weight claim.
2271246783	USE::protection	браслет оберег мужчины	GENERIC_RELEVANT	ABSENT	ABSENT	PARTIAL_PRESENT	PARTIAL_PRESENT	attr_n:PARTIAL_PRESENT	GAP_PRESENT	Content coverage only; no Ozon ranking-weight claim.
2271246783	UNCLEAR::e88919b9ed	брелок коза	AMBIGUOUS_HOLD	ABSENT	ABSENT	ABSENT	ABSENT		GAP_PRESENT	Content coverage only; no Ozon ranking-weight claim.
2271246783	UNCLEAR::a968162a98	брелок козерошки	AMBIGUOUS_HOLD	ABSENT	ABSENT	ABSENT	ABSENT		GAP_PRESENT	Content coverage only; no Ozon ranking-weight claim.
2271246783	ZODIAC_SIGN::козерог	брелок со знаком зодиака козерог	EXACT_PRODUCT	PARTIAL_PRESENT	PARTIAL_PRESENT	PARTIAL_PRESENT	PARTIAL_PRESENT	title_n:PARTIAL_PRESENT	PARTIAL_GAP	Content coverage only; no Ozon ranking-weight claim.
2271246783	USE::car_mirror	бусы подвеска в машину	GENERIC_RELEVANT	ABSENT	ABSENT	ABSENT	ABSENT		GAP_PRESENT	Content coverage only; no Ozon ranking-weight claim.
2271246783	USE::car_mirror	в машину подвеска	GENERIC_RELEVANT	SEMANTIC_PRESENT	ABSENT	EXACT_PRESENT	SEMANTIC_PRESENT	title_n:SEMANTIC_PRESENT	GAP_PRESENT	Content coverage only; no Ozon ranking-weight claim.
2271246783	USE::car_mirror	деревянные подвески в автомобиль	GENERIC_RELEVANT	ABSENT	ABSENT	ABSENT	ABSENT		GAP_PRESENT	Content coverage only; no Ozon ranking-weight claim.
2271246783	USE::car_mirror	для салона машины подвеска	GENERIC_RELEVANT	SEMANTIC_PRESENT	ABSENT	SEMANTIC_PRESENT	SEMANTIC_PRESENT	title_n:SEMANTIC_PRESENT	GAP_PRESENT	Content coverage only; no Ozon ranking-weight claim.
2271246783	USE::car_mirror	дорогой подарок мужчине в машину оригинальный	GENERIC_RELEVANT	ABSENT	ABSENT	PARTIAL_PRESENT	PARTIAL_PRESENT	attr_n:PARTIAL_PRESENT	GAP_PRESENT	Content coverage only; no Ozon ranking-weight claim.
2271246783	USE::gift	дорожный набор подарочный для мужчин	AMBIGUOUS_HOLD	ABSENT	ABSENT	PARTIAL_PRESENT	PARTIAL_PRESENT	attr_n:PARTIAL_PRESENT	GAP_PRESENT	Content coverage only; no Ozon ranking-weight claim.
2271246783	USE::car_mirror	зеркало амулет	GENERIC_RELEVANT	SEMANTIC_PRESENT	ABSENT	SEMANTIC_PRESENT	SEMANTIC_PRESENT	title_n:SEMANTIC_PRESENT	GAP_PRESENT	Content coverage only; no Ozon ranking-weight claim.
2271246783	USE::car_mirror	зеркало в	GENERIC_RELEVANT	EXACT_PRESENT	ABSENT	EXACT_PRESENT	EXACT_PRESENT	title_n:EXACT_PRESENT	GAP_PRESENT	Content coverage only; no Ozon ranking-weight claim.
2271246783	USE::car_mirror	зеркало в машину на козы	GENERIC_RELEVANT	ABSENT	ABSENT	ABSENT	ABSENT		GAP_PRESENT	Content coverage only; no Ozon ranking-weight claim.
2271246783	USE::car_mirror	зеркало обгона для праворуких машин	GENERIC_RELEVANT	PARTIAL_PRESENT	ABSENT	PARTIAL_PRESENT	PARTIAL_PRESENT	title_n:PARTIAL_PRESENT	GAP_PRESENT	Content coverage only; no Ozon ranking-weight claim.
2271246783	ZODIAC_SIGN::козерог	зназодиака козерог	EXACT_PRODUCT	PARTIAL_PRESENT	PARTIAL_PRESENT	PARTIAL_PRESENT	PARTIAL_PRESENT	title_n:PARTIAL_PRESENT	PARTIAL_GAP	Content coverage only; no Ozon ranking-weight claim.
2271246783	VARIANT::козерог	знак козерога подст	PARTIAL_RELEVANCE	PARTIAL_PRESENT	PARTIAL_PRESENT	PARTIAL_PRESENT	PARTIAL_PRESENT	title_n:PARTIAL_PRESENT	PARTIAL_GAP	Content coverage only; no Ozon ranking-weight claim.
2271246783	USE::car_mirror	знак со стразами учебная машина	GENERIC_RELEVANT	ABSENT	ABSENT	ABSENT	ABSENT		GAP_PRESENT	Content coverage only; no Ozon ranking-weight claim.
2271246783	ZODIAC_SIGN::козерог	картины со знаком зодиака козерог	EXACT_PRODUCT	PARTIAL_PRESENT	PARTIAL_PRESENT	PARTIAL_PRESENT	PARTIAL_PRESENT	title_n:PARTIAL_PRESENT	PARTIAL_GAP	Content coverage only; no Ozon ranking-weight claim.
2271246783	UNCLEAR::486fcd2cd0	коз брелок	AMBIGUOUS_HOLD	ABSENT	ABSENT	ABSENT	ABSENT		GAP_PRESENT	Content coverage only; no Ozon ranking-weight claim.
2271246783	USE::car_mirror	коза подвеска в машину	GENERIC_RELEVANT	ABSENT	ABSENT	ABSENT	ABSENT		GAP_PRESENT	Content coverage only; no Ozon ranking-weight claim.
2271246783	UNCLEAR::6b799541dd	козаки	AMBIGUOUS_HOLD	ABSENT	ABSENT	ABSENT	ABSENT		GAP_PRESENT	Content coverage only; no Ozon ranking-weight claim.
2271246783	ZODIAC_SIGN::козерог	козерог	STRONG_PRODUCT	EXACT_PRESENT	EXACT_PRESENT	EXACT_PRESENT	EXACT_PRESENT	title_n:EXACT_PRESENT	NO_GAP	Content coverage only; no Ozon ranking-weight claim.
2271246783	ZODIAC_SIGN::козерог	козерог авто	EXACT_PRODUCT	SEMANTIC_PRESENT	SEMANTIC_PRESENT	SEMANTIC_PRESENT	SEMANTIC_PRESENT	title_n:SEMANTIC_PRESENT	NO_GAP	Content coverage only; no Ozon ranking-weight claim.
2271246783	ZODIAC_SIGN::козерог	козерог из серебра	STRONG_PRODUCT	PARTIAL_PRESENT	PARTIAL_PRESENT	PARTIAL_PRESENT	PARTIAL_PRESENT	title_n:PARTIAL_PRESENT	PARTIAL_GAP	Content coverage only; no Ozon ranking-weight claim.
2271246783	ZODIAC_SIGN::козерог	козерог на автомобиль	EXACT_PRODUCT	SEMANTIC_PRESENT	SEMANTIC_PRESENT	SEMANTIC_PRESENT	SEMANTIC_PRESENT	title_n:SEMANTIC_PRESENT	NO_GAP	Content coverage only; no Ozon ranking-weight claim.
2271246783	ZODIAC_SIGN::козерог	козерог на зеркало тайота прадо	EXACT_PRODUCT	PARTIAL_PRESENT	PARTIAL_PRESENT	PARTIAL_PRESENT	PARTIAL_PRESENT	title_n:PARTIAL_PRESENT	PARTIAL_GAP	Content coverage only; no Ozon ranking-weight claim.
2271246783	ZODIAC_SIGN::козерог	козерог на зеркало фх	EXACT_PRODUCT	PARTIAL_PRESENT	PARTIAL_PRESENT	PARTIAL_PRESENT	PARTIAL_PRESENT	title_n:PARTIAL_PRESENT	PARTIAL_GAP	Content coverage only; no Ozon ranking-weight claim.
2271246783	ZODIAC_SIGN::козерог	козерог подарок	STRONG_PRODUCT	SEMANTIC_PRESENT	SEMANTIC_PRESENT	SEMANTIC_PRESENT	SEMANTIC_PRESENT	title_n:SEMANTIC_PRESENT	NO_GAP	Content coverage only; no Ozon ranking-weight claim.
2271246783	ZODIAC_SIGN::козерог	козерог подвеска	EXACT_PRODUCT	SEMANTIC_PRESENT	SEMANTIC_PRESENT	EXACT_PRESENT	SEMANTIC_PRESENT	title_n:SEMANTIC_PRESENT	NO_GAP	Content coverage only; no Ozon ranking-weight claim.
2271246783	ZODIAC_SIGN::козерог	козерог подвеска мериада	EXACT_PRODUCT	PARTIAL_PRESENT	PARTIAL_PRESENT	PARTIAL_PRESENT	PARTIAL_PRESENT	title_n:PARTIAL_PRESENT	PARTIAL_GAP	Content coverage only; no Ozon ranking-weight claim.
2271246783	USE::car_mirror	кулон зеркало оберег	GENERIC_RELEVANT	ABSENT	ABSENT	ABSENT	ABSENT		GAP_PRESENT	Content coverage only; no Ozon ranking-weight claim.
2271246783	UNCLEAR::b8a7adaa98	мужчине на день рождения	AMBIGUOUS_HOLD	ABSENT	ABSENT	EXACT_PRESENT	SEMANTIC_PRESENT	attr_n:EXACT_PRESENT	GAP_PRESENT	Content coverage only; no Ozon ranking-weight claim.
2271246783	USE::car_mirror	оберег в машину	GENERIC_RELEVANT	SEMANTIC_PRESENT	ABSENT	SEMANTIC_PRESENT	SEMANTIC_PRESENT	title_n:SEMANTIC_PRESENT	GAP_PRESENT	Content coverage only; no Ozon ranking-weight claim.
2271246783	USE::gift	подарок коза	AMBIGUOUS_HOLD	ABSENT	ABSENT	ABSENT	ABSENT		GAP_PRESENT	Content coverage only; no Ozon ranking-weight claim.
2271246783	USE::car_mirror	подвеска в автомобиль	GENERIC_RELEVANT	SEMANTIC_PRESENT	ABSENT	SEMANTIC_PRESENT	SEMANTIC_PRESENT	title_n:SEMANTIC_PRESENT	GAP_PRESENT	Content coverage only; no Ozon ranking-weight claim.
2271246783	USE::car_mirror	подвеска в автомобиль мужская на зеркало	GENERIC_RELEVANT	ABSENT	ABSENT	SEMANTIC_PRESENT	ABSENT	attr_n:SEMANTIC_PRESENT	GAP_PRESENT	Content coverage only; no Ozon ranking-weight claim.
2271246783	USE::car_mirror	подвеска в машину	GENERIC_RELEVANT	SEMANTIC_PRESENT	ABSENT	EXACT_PRESENT	EXACT_PRESENT	title_n:SEMANTIC_PRESENT	GAP_PRESENT	Content coverage only; no Ozon ranking-weight claim.
2271246783	USE::car_mirror	подвеска в машину на зеркало дракон	GENERIC_RELEVANT	ABSENT	ABSENT	ABSENT	ABSENT		GAP_PRESENT	Content coverage only; no Ozon ranking-weight claim.
2271246783	USE::car_mirror	подвеска в машину на зеркало питбуль	GENERIC_RELEVANT	ABSENT	ABSENT	ABSENT	ABSENT		GAP_PRESENT	Content coverage only; no Ozon ranking-weight claim.
2271246783	USE::car_mirror	подвеска в машину на зеркало юрта	GENERIC_RELEVANT	ABSENT	ABSENT	ABSENT	ABSENT		GAP_PRESENT	Content coverage only; no Ozon ranking-weight claim.
2271246783	ZODIAC_SIGN::козерог	подвеска козерог	EXACT_PRODUCT	SEMANTIC_PRESENT	SEMANTIC_PRESENT	SEMANTIC_PRESENT	SEMANTIC_PRESENT	title_n:SEMANTIC_PRESENT	NO_GAP	Content coverage only; no Ozon ranking-weight claim.
2271246783	CLASS::amulet_pendant	подвеска мужская	GENERIC_RELEVANT	ABSENT	ABSENT	EXACT_PRESENT	ABSENT	attr_n:EXACT_PRESENT	GAP_PRESENT	Content coverage only; no Ozon ranking-weight claim.
2271246783	USE::car_mirror	подвеска на зеркало в машину	GENERIC_RELEVANT	EXACT_PRESENT	ABSENT	EXACT_PRESENT	EXACT_PRESENT	title_n:EXACT_PRESENT	GAP_PRESENT	Content coverage only; no Ozon ranking-weight claim.
2271246783	USE::car_mirror	подвеска на зеркало в машину для мужчины	GENERIC_RELEVANT	ABSENT	ABSENT	SEMANTIC_PRESENT	SEMANTIC_PRESENT	attr_n:SEMANTIC_PRESENT	GAP_PRESENT	Content coverage only; no Ozon ranking-weight claim.
2271246783	USE::car_mirror	подвеска на зеркало у машину	GENERIC_RELEVANT	SEMANTIC_PRESENT	ABSENT	SEMANTIC_PRESENT	SEMANTIC_PRESENT	title_n:SEMANTIC_PRESENT	GAP_PRESENT	Content coverage only; no Ozon ranking-weight claim.
2271246783	ZODIAC_SIGN::козерог	подвеска ювелирная козерог	EXACT_PRODUCT	PARTIAL_PRESENT	PARTIAL_PRESENT	PARTIAL_PRESENT	PARTIAL_PRESENT	title_n:PARTIAL_PRESENT	PARTIAL_GAP	Content coverage only; no Ozon ranking-weight claim.
2271246783	USE::car_mirror	прикольная талисман подвеска на зеркало в машину для машины в салон	GENERIC_RELEVANT	PARTIAL_PRESENT	ABSENT	PARTIAL_PRESENT	PARTIAL_PRESENT	title_n:PARTIAL_PRESENT	GAP_PRESENT	Content coverage only; no Ozon ranking-weight claim.
2271246783	VARIANT::козерог	серьги с козерогом	PARTIAL_RELEVANCE	PARTIAL_PRESENT	PARTIAL_PRESENT	PARTIAL_PRESENT	PARTIAL_PRESENT	title_n:PARTIAL_PRESENT	PARTIAL_GAP	Content coverage only; no Ozon ranking-weight claim.
2271246783	ZODIAC_SIGN::козерог	скрепка на авто козерог	EXACT_PRODUCT	PARTIAL_PRESENT	PARTIAL_PRESENT	PARTIAL_PRESENT	PARTIAL_PRESENT	title_n:PARTIAL_PRESENT	PARTIAL_GAP	Content coverage only; no Ozon ranking-weight claim.
2271246783	USE::car_mirror	четки в автомобиль	GENERIC_RELEVANT	SEMANTIC_PRESENT	ABSENT	SEMANTIC_PRESENT	SEMANTIC_PRESENT	title_n:SEMANTIC_PRESENT	GAP_PRESENT	Content coverage only; no Ozon ranking-weight claim.
2271246783	USE::car_mirror	четки в машину	GENERIC_RELEVANT	SEMANTIC_PRESENT	ABSENT	SEMANTIC_PRESENT	SEMANTIC_PRESENT	title_n:SEMANTIC_PRESENT	GAP_PRESENT	Content coverage only; no Ozon ranking-weight claim.
2271246783	ZODIAC_SIGN::козерог	шарм подвеска бусина мужская козерог	EXACT_PRODUCT	PARTIAL_PRESENT	PARTIAL_PRESENT	SEMANTIC_PRESENT	PARTIAL_PRESENT	title_n:PARTIAL_PRESENT	PARTIAL_GAP	Content coverage only; no Ozon ranking-weight claim.
2271251938	UNCLEAR::f0e41f0eed	dtlmvbyf gjldtcrf	AMBIGUOUS_HOLD	ABSENT	ABSENT	ABSENT	ABSENT		GAP_PRESENT	Content coverage only; no Ozon ranking-weight claim.
2271251938	USE::car_mirror	автоподвеска мужска	GENERIC_RELEVANT	ABSENT	ABSENT	PARTIAL_PRESENT	ABSENT	attr_n:PARTIAL_PRESENT	GAP_PRESENT	Content coverage only; no Ozon ranking-weight claim.
2271251938	USE::car_mirror	акриловая подвеска в машину на зеркало	GENERIC_RELEVANT	ABSENT	ABSENT	ABSENT	ABSENT		GAP_PRESENT	Content coverage only; no Ozon ranking-weight claim.
2271251938	CLASS::amulet_pendant	аксессуары для овна	GENERIC_RELEVANT	ABSENT	ABSENT	ABSENT	ABSENT		GAP_PRESENT	Content coverage only; no Ozon ranking-weight claim.
2271251938	USE::car_mirror	амулет в автомобиль	GENERIC_RELEVANT	SEMANTIC_PRESENT	ABSENT	SEMANTIC_PRESENT	SEMANTIC_PRESENT	title_n:SEMANTIC_PRESENT	GAP_PRESENT	Content coverage only; no Ozon ranking-weight claim.
2271251938	USE::protection	амулеты обереги и талисманы	GENERIC_RELEVANT	SEMANTIC_PRESENT	ABSENT	EXACT_PRESENT	SEMANTIC_PRESENT	title_n:SEMANTIC_PRESENT	GAP_PRESENT	Content coverage only; no Ozon ranking-weight claim.
2271251938	USE::protection	браслетик оберег для овна	GENERIC_RELEVANT	ABSENT	ABSENT	ABSENT	ABSENT		GAP_PRESENT	Content coverage only; no Ozon ranking-weight claim.
2271251938	USE::car_mirror	брелок в машину на зеркало	GENERIC_RELEVANT	ABSENT	ABSENT	ABSENT	ABSENT		GAP_PRESENT	Content coverage only; no Ozon ranking-weight claim.
2271251938	USE::car_mirror	брелок в машину на зеркало я свободен	GENERIC_RELEVANT	ABSENT	ABSENT	ABSENT	ABSENT		GAP_PRESENT	Content coverage only; no Ozon ranking-weight claim.
2271251938	ZODIAC_SIGN::овен	брелок черный овен	STRONG_PRODUCT	PARTIAL_PRESENT	PARTIAL_PRESENT	PARTIAL_PRESENT	PARTIAL_PRESENT	title_n:PARTIAL_PRESENT	PARTIAL_GAP	Content coverage only; no Ozon ranking-weight claim.
2271251938	USE::protection	бусины шармы наборна удачу	GENERIC_RELEVANT	ABSENT	ABSENT	PARTIAL_PRESENT	PARTIAL_PRESENT	attr_n:PARTIAL_PRESENT	GAP_PRESENT	Content coverage only; no Ozon ranking-weight claim.
2271251938	USE::car_mirror	бусы в машину на зеркало ленд ровер	GENERIC_RELEVANT	ABSENT	ABSENT	ABSENT	ABSENT		GAP_PRESENT	Content coverage only; no Ozon ranking-weight claim.
2271251938	USE::car_mirror	в машину амулет	GENERIC_RELEVANT	SEMANTIC_PRESENT	ABSENT	SEMANTIC_PRESENT	SEMANTIC_PRESENT	title_n:SEMANTIC_PRESENT	GAP_PRESENT	Content coverage only; no Ozon ranking-weight claim.
2271251938	USE::car_mirror	в машину красивую подвеску с нашим триколором	GENERIC_RELEVANT	PARTIAL_PRESENT	ABSENT	PARTIAL_PRESENT	PARTIAL_PRESENT	title_n:PARTIAL_PRESENT	GAP_PRESENT	Content coverage only; no Ozon ranking-weight claim.
2271251938	USE::car_mirror	в машину на зеркало для девушки	GENERIC_RELEVANT	ABSENT	ABSENT	ABSENT	ABSENT		GAP_PRESENT	Content coverage only; no Ozon ranking-weight claim.
2271251938	USE::car_mirror	ведьмино зеркало	GENERIC_RELEVANT	ABSENT	ABSENT	ABSENT	ABSENT		GAP_PRESENT	Content coverage only; no Ozon ranking-weight claim.
2271251938	UNCLEAR::abf9890bf2	деревянное повеска для мужчин	AMBIGUOUS_HOLD	ABSENT	ABSENT	PARTIAL_PRESENT	PARTIAL_PRESENT	attr_n:PARTIAL_PRESENT	GAP_PRESENT	Content coverage only; no Ozon ranking-weight claim.
2271251938	USE::car_mirror	джиу джитсу на машину подвеска на зеркало	GENERIC_RELEVANT	ABSENT	ABSENT	ABSENT	ABSENT		GAP_PRESENT	Content coverage only; no Ozon ranking-weight claim.
2271251938	USE::car_mirror	для знака на машину	GENERIC_RELEVANT	ABSENT	ABSENT	SEMANTIC_PRESENT	SEMANTIC_PRESENT	attr_n:SEMANTIC_PRESENT	GAP_PRESENT	Content coverage only; no Ozon ranking-weight claim.
2271251938	USE::car_mirror	для машины подвеска на зеркало мужская	GENERIC_RELEVANT	PARTIAL_PRESENT	ABSENT	SEMANTIC_PRESENT	PARTIAL_PRESENT	title_n:PARTIAL_PRESENT	GAP_PRESENT	Content coverage only; no Ozon ranking-weight claim.
2271251938	USE::car_mirror	для салона машины подвеска	GENERIC_RELEVANT	SEMANTIC_PRESENT	ABSENT	SEMANTIC_PRESENT	SEMANTIC_PRESENT	title_n:SEMANTIC_PRESENT	GAP_PRESENT	Content coverage only; no Ozon ranking-weight claim.
2271251938	USE::car_mirror	дорожный знак в авто	GENERIC_RELEVANT	ABSENT	ABSENT	ABSENT	ABSENT		GAP_PRESENT	Content coverage only; no Ozon ranking-weight claim.
2271251938	USE::car_mirror	защита оберег в машину	GENERIC_RELEVANT	ABSENT	ABSENT	SEMANTIC_PRESENT	SEMANTIC_PRESENT	attr_n:SEMANTIC_PRESENT	GAP_PRESENT	Content coverage only; no Ozon ranking-weight claim.
2271251938	USE::car_mirror	зеркало	GENERIC_RELEVANT	EXACT_PRESENT	ABSENT	EXACT_PRESENT	EXACT_PRESENT	title_n:EXACT_PRESENT	GAP_PRESENT	Content coverage only; no Ozon ranking-weight claim.
2271251938	USE::car_mirror	зеркало овл	GENERIC_RELEVANT	ABSENT	ABSENT	ABSENT	ABSENT		GAP_PRESENT	Content coverage only; no Ozon ranking-weight claim.
2271251938	USE::car_mirror	зеркало с изразцами	GENERIC_RELEVANT	ABSENT	ABSENT	ABSENT	ABSENT		GAP_PRESENT	Content coverage only; no Ozon ranking-weight claim.
2271251938	USE::car_mirror	зеркальный оберег	GENERIC_RELEVANT	ABSENT	ABSENT	ABSENT	ABSENT		GAP_PRESENT	Content coverage only; no Ozon ranking-weight claim.
2271251938	USE::car_mirror	зеркальце оборег	GENERIC_RELEVANT	ABSENT	ABSENT	ABSENT	ABSENT		GAP_PRESENT	Content coverage only; no Ozon ranking-weight claim.
2271251938	FAMILY::zodiac	знак зодиака подвеска	FAMILY_RELEVANT	SEMANTIC_PRESENT	ABSENT	EXACT_PRESENT	SEMANTIC_PRESENT	title_n:SEMANTIC_PRESENT	GAP_PRESENT	Content coverage only; no Ozon ranking-weight claim.
2271251938	USE::car_mirror	знак на машину для женщин	GENERIC_RELEVANT	ABSENT	ABSENT	SEMANTIC_PRESENT	SEMANTIC_PRESENT	attr_n:SEMANTIC_PRESENT	GAP_PRESENT	Content coverage only; no Ozon ranking-weight claim.
2271251938	ZODIAC_SIGN::овен	знак овен женский	STRONG_PRODUCT	PARTIAL_PRESENT	PARTIAL_PRESENT	PARTIAL_PRESENT	PARTIAL_PRESENT	title_n:PARTIAL_PRESENT	PARTIAL_GAP	Content coverage only; no Ozon ranking-weight claim.
2271251938	FAMILY::zodiac	знаки зодиака	FAMILY_RELEVANT	SEMANTIC_PRESENT	ABSENT	EXACT_PRESENT	SEMANTIC_PRESENT	title_n:SEMANTIC_PRESENT	GAP_PRESENT	Content coverage only; no Ozon ranking-weight claim.
2271251938	USE::car_mirror	игрушки в машину на зеркало подвеска	GENERIC_RELEVANT	ABSENT	ABSENT	ABSENT	ABSENT		GAP_PRESENT	Content coverage only; no Ozon ranking-weight claim.
2271251938	USE::car_mirror	китайский талисман в машину	GENERIC_RELEVANT	ABSENT	ABSENT	ABSENT	ABSENT		GAP_PRESENT	Content coverage only; no Ozon ranking-weight claim.
2271251938	ZODIAC_SIGN::овен	маленький кулон овен	STRONG_PRODUCT	PARTIAL_PRESENT	PARTIAL_PRESENT	PARTIAL_PRESENT	PARTIAL_PRESENT	title_n:PARTIAL_PRESENT	PARTIAL_GAP	Content coverage only; no Ozon ranking-weight claim.
2271251938	USE::car_mirror	машины четкины машины	GENERIC_RELEVANT	PARTIAL_PRESENT	ABSENT	PARTIAL_PRESENT	PARTIAL_PRESENT	title_n:PARTIAL_PRESENT	GAP_PRESENT	Content coverage only; no Ozon ranking-weight claim.
2271251938	USE::car_mirror	мконка оберег в машину на зеркало круглая	GENERIC_RELEVANT	ABSENT	ABSENT	ABSENT	ABSENT		GAP_PRESENT	Content coverage only; no Ozon ranking-weight claim.
2271251938	USE::car_mirror	на зеркало в машину подвеска	GENERIC_RELEVANT	SEMANTIC_PRESENT	ABSENT	SEMANTIC_PRESENT	SEMANTIC_PRESENT	title_n:SEMANTIC_PRESENT	GAP_PRESENT	Content coverage only; no Ozon ranking-weight claim.
2271251938	USE::car_mirror	на машину подвеска женская	GENERIC_RELEVANT	ABSENT	ABSENT	ABSENT	ABSENT		GAP_PRESENT	Content coverage only; no Ozon ranking-weight claim.
2271251938	ZODIAC_SIGN::овен	оберег в кошелек овен	EXACT_PRODUCT	PARTIAL_PRESENT	PARTIAL_PRESENT	PARTIAL_PRESENT	PARTIAL_PRESENT	title_n:PARTIAL_PRESENT	PARTIAL_GAP	Content coverage only; no Ozon ranking-weight claim.
2271251938	USE::car_mirror	оберег в машину	GENERIC_RELEVANT	SEMANTIC_PRESENT	ABSENT	SEMANTIC_PRESENT	SEMANTIC_PRESENT	title_n:SEMANTIC_PRESENT	GAP_PRESENT	Content coverage only; no Ozon ranking-weight claim.
2271251938	USE::car_mirror	оберег с зеркалом	GENERIC_RELEVANT	ABSENT	ABSENT	ABSENT	ABSENT		GAP_PRESENT	Content coverage only; no Ozon ranking-weight claim.
2271251938	ZODIAC_SIGN::овен	овен	STRONG_PRODUCT	EXACT_PRESENT	EXACT_PRESENT	EXACT_PRESENT	EXACT_PRESENT	title_n:EXACT_PRESENT	NO_GAP	Content coverage only; no Ozon ranking-weight claim.
2271251938	USE::gift	подарок знак	AMBIGUOUS_HOLD	SEMANTIC_PRESENT	ABSENT	SEMANTIC_PRESENT	SEMANTIC_PRESENT	title_n:SEMANTIC_PRESENT	GAP_PRESENT	Content coverage only; no Ozon ranking-weight claim.
2271251938	CLASS::amulet_pendant	подвеска	GENERIC_RELEVANT	EXACT_PRESENT	ABSENT	EXACT_PRESENT	EXACT_PRESENT	title_n:EXACT_PRESENT	GAP_PRESENT	Content coverage only; no Ozon ranking-weight claim.
2271251938	USE::car_mirror	подвеска в автомобиль	GENERIC_RELEVANT	SEMANTIC_PRESENT	ABSENT	SEMANTIC_PRESENT	SEMANTIC_PRESENT	title_n:SEMANTIC_PRESENT	GAP_PRESENT	Content coverage only; no Ozon ranking-weight claim.
2271251938	USE::car_mirror	подвеска в автомобиль на зеркало	GENERIC_RELEVANT	SEMANTIC_PRESENT	ABSENT	SEMANTIC_PRESENT	SEMANTIC_PRESENT	title_n:SEMANTIC_PRESENT	GAP_PRESENT	Content coverage only; no Ozon ranking-weight claim.
2271251938	USE::car_mirror	подвеска в машину	GENERIC_RELEVANT	SEMANTIC_PRESENT	ABSENT	EXACT_PRESENT	EXACT_PRESENT	title_n:SEMANTIC_PRESENT	GAP_PRESENT	Content coverage only; no Ozon ranking-weight claim.
2271251938	USE::car_mirror	подвеска в машину jdm на зеркало	GENERIC_RELEVANT	ABSENT	ABSENT	ABSENT	ABSENT		GAP_PRESENT	Content coverage only; no Ozon ranking-weight claim.
2271251938	USE::car_mirror	подвеска в машину на зеркало	GENERIC_RELEVANT	SEMANTIC_PRESENT	ABSENT	EXACT_PRESENT	SEMANTIC_PRESENT	title_n:SEMANTIC_PRESENT	GAP_PRESENT	Content coverage only; no Ozon ranking-weight claim.
2271251938	ZODIAC_SIGN::овен	подвеска в машину на зеркало овен	EXACT_PRODUCT	SEMANTIC_PRESENT	SEMANTIC_PRESENT	SEMANTIC_PRESENT	SEMANTIC_PRESENT	title_n:SEMANTIC_PRESENT	NO_GAP	Content coverage only; no Ozon ranking-weight claim.
2271251938	USE::car_mirror	подвеска в машину на зеркало питбуль	GENERIC_RELEVANT	ABSENT	ABSENT	ABSENT	ABSENT		GAP_PRESENT	Content coverage only; no Ozon ranking-weight claim.
2271251938	USE::car_mirror	подвеска в машину на зеркало череп	GENERIC_RELEVANT	ABSENT	ABSENT	ABSENT	ABSENT		GAP_PRESENT	Content coverage only; no Ozon ranking-weight claim.
2271251938	USE::car_mirror	подвеска в машину на зеркало шар черный восьмерка	GENERIC_RELEVANT	ABSENT	ABSENT	ABSENT	ABSENT		GAP_PRESENT	Content coverage only; no Ozon ranking-weight claim.
2271251938	USE::car_mirror	подвеска на зеркало в машину	GENERIC_RELEVANT	EXACT_PRESENT	ABSENT	EXACT_PRESENT	EXACT_PRESENT	title_n:EXACT_PRESENT	GAP_PRESENT	Content coverage only; no Ozon ranking-weight claim.
2271251938	ZODIAC_SIGN::овен	подвеска овен	EXACT_PRODUCT	SEMANTIC_PRESENT	SEMANTIC_PRESENT	SEMANTIC_PRESENT	SEMANTIC_PRESENT	title_n:SEMANTIC_PRESENT	NO_GAP	Content coverage only; no Ozon ranking-weight claim.
2271251938	USE::car_mirror	четки в автомобиль	GENERIC_RELEVANT	SEMANTIC_PRESENT	ABSENT	SEMANTIC_PRESENT	SEMANTIC_PRESENT	title_n:SEMANTIC_PRESENT	GAP_PRESENT	Content coverage only; no Ozon ranking-weight claim.
2271251938	USE::car_mirror	четки в машину	GENERIC_RELEVANT	SEMANTIC_PRESENT	ABSENT	SEMANTIC_PRESENT	SEMANTIC_PRESENT	title_n:SEMANTIC_PRESENT	GAP_PRESENT	Content coverage only; no Ozon ranking-weight claim.
2271262133	USE::car_mirror	амулет на зеркало в машину	GENERIC_RELEVANT	SEMANTIC_PRESENT	ABSENT	SEMANTIC_PRESENT	SEMANTIC_PRESENT	title_n:SEMANTIC_PRESENT	GAP_PRESENT	Content coverage only; no Ozon ranking-weight claim.
2271262133	ZODIAC_SIGN::рак	амулеты обереги и талисманы рак	EXACT_PRODUCT	SEMANTIC_PRESENT	SEMANTIC_PRESENT	SEMANTIC_PRESENT	SEMANTIC_PRESENT	title_n:SEMANTIC_PRESENT	NO_GAP	Content coverage only; no Ozon ranking-weight claim.
2271262133	USE::car_mirror	брелок в машину на зеркало	GENERIC_RELEVANT	ABSENT	ABSENT	ABSENT	ABSENT		GAP_PRESENT	Content coverage only; no Ozon ranking-weight claim.
2271262133	USE::car_mirror	брелок в машину на зеркало пушистики	GENERIC_RELEVANT	ABSENT	ABSENT	ABSENT	ABSENT		GAP_PRESENT	Content coverage only; no Ozon ranking-weight claim.
2271262133	USE::car_mirror	в машину подвеска на зеркало мужская	GENERIC_RELEVANT	ABSENT	ABSENT	SEMANTIC_PRESENT	ABSENT	attr_n:SEMANTIC_PRESENT	GAP_PRESENT	Content coverage only; no Ozon ranking-weight claim.
2271262133	USE::car_mirror	в машину подвеска на зеркало с фото	GENERIC_RELEVANT	ABSENT	ABSENT	ABSENT	ABSENT		GAP_PRESENT	Content coverage only; no Ozon ranking-weight claim.
2271262133	USE::car_mirror	вонючка в машину архангел михаил на зеркало	GENERIC_RELEVANT	ABSENT	ABSENT	ABSENT	ABSENT		GAP_PRESENT	Content coverage only; no Ozon ranking-weight claim.
2271262133	USE::car_mirror	девушка в машину на зеркало	GENERIC_RELEVANT	ABSENT	ABSENT	ABSENT	ABSENT		GAP_PRESENT	Content coverage only; no Ozon ranking-weight claim.
2271262133	USE::protection	дерево талисман подвеска	GENERIC_RELEVANT	SEMANTIC_PRESENT	ABSENT	SEMANTIC_PRESENT	SEMANTIC_PRESENT	title_n:SEMANTIC_PRESENT	GAP_PRESENT	Content coverage only; no Ozon ranking-weight claim.
2271262133	UNCLEAR::abf9890bf2	деревянное повеска для мужчин	AMBIGUOUS_HOLD	ABSENT	ABSENT	PARTIAL_PRESENT	PARTIAL_PRESENT	attr_n:PARTIAL_PRESENT	GAP_PRESENT	Content coverage only; no Ozon ranking-weight claim.
2271262133	USE::car_mirror	для салона машины подвеска	GENERIC_RELEVANT	SEMANTIC_PRESENT	ABSENT	SEMANTIC_PRESENT	SEMANTIC_PRESENT	title_n:SEMANTIC_PRESENT	GAP_PRESENT	Content coverage only; no Ozon ranking-weight claim.
2271262133	ZODIAC_SIGN::рак	знак зодиака рак подвеска шарм	EXACT_PRODUCT	PARTIAL_PRESENT	PARTIAL_PRESENT	SEMANTIC_PRESENT	SEMANTIC_PRESENT	title_n:PARTIAL_PRESENT	PARTIAL_GAP	Content coverage only; no Ozon ranking-weight claim.
2271262133	ZODIAC_SIGN::рак	знак рак	STRONG_PRODUCT	SEMANTIC_PRESENT	SEMANTIC_PRESENT	SEMANTIC_PRESENT	SEMANTIC_PRESENT	title_n:SEMANTIC_PRESENT	NO_GAP	Content coverage only; no Ozon ranking-weight claim.
2271262133	FAMILY::zodiac	календарь карманный знаки зодиака	FAMILY_RELEVANT	ABSENT	ABSENT	ABSENT	ABSENT		GAP_PRESENT	Content coverage only; no Ozon ranking-weight claim.
2271262133	ZODIAC_SIGN::рак	карманные календари знак зодиак рак	EXACT_PRODUCT	PARTIAL_PRESENT	PARTIAL_PRESENT	PARTIAL_PRESENT	PARTIAL_PRESENT	title_n:PARTIAL_PRESENT	PARTIAL_GAP	Content coverage only; no Ozon ranking-weight claim.
2271262133	ZODIAC_SIGN::рак	кулон мужской на шею рак	STRONG_PRODUCT	PARTIAL_PRESENT	PARTIAL_PRESENT	PARTIAL_PRESENT	PARTIAL_PRESENT	title_n:PARTIAL_PRESENT	PARTIAL_GAP	Content coverage only; no Ozon ranking-weight claim.
2271262133	USE::car_mirror	кулончик в машину	GENERIC_RELEVANT	ABSENT	ABSENT	ABSENT	ABSENT		GAP_PRESENT	Content coverage only; no Ozon ranking-weight claim.
2271262133	UNCLEAR::dce42a36d8	купить раков	AMBIGUOUS_HOLD	ABSENT	ABSENT	ABSENT	ABSENT		GAP_PRESENT	Content coverage only; no Ozon ranking-weight claim.
2271262133	USE::car_mirror	машина уипочка	GENERIC_RELEVANT	ABSENT	ABSENT	ABSENT	ABSENT		GAP_PRESENT	Content coverage only; no Ozon ranking-weight claim.
2271262133	USE::car_mirror	машинка раковый	GENERIC_RELEVANT	ABSENT	ABSENT	ABSENT	ABSENT		GAP_PRESENT	Content coverage only; no Ozon ranking-weight claim.
2271262133	USE::car_mirror	металлическая подвеска в машину на зеркало hongoi	GENERIC_RELEVANT	ABSENT	ABSENT	ABSENT	ABSENT		GAP_PRESENT	Content coverage only; no Ozon ranking-weight claim.
2271262133	USE::protection	мимо меня обереги	GENERIC_RELEVANT	ABSENT	ABSENT	ABSENT	ABSENT		GAP_PRESENT	Content coverage only; no Ozon ranking-weight claim.
2271262133	USE::protection	мини подвеска оберег	GENERIC_RELEVANT	ABSENT	ABSENT	ABSENT	ABSENT		GAP_PRESENT	Content coverage only; no Ozon ranking-weight claim.
2271262133	USE::protection	мужской талисман на шею	GENERIC_RELEVANT	ABSENT	ABSENT	ABSENT	ABSENT		GAP_PRESENT	Content coverage only; no Ozon ranking-weight claim.
2271262133	USE::car_mirror	мусульманский оберег в машину	GENERIC_RELEVANT	ABSENT	ABSENT	ABSENT	ABSENT		GAP_PRESENT	Content coverage only; no Ozon ranking-weight claim.
2271262133	USE::car_mirror	на зеркало авто подвеска женская в машину	GENERIC_RELEVANT	ABSENT	ABSENT	ABSENT	ABSENT		GAP_PRESENT	Content coverage only; no Ozon ranking-weight claim.
2271262133	ZODIAC_SIGN::рак	на зеркало знак зодиака рак в машину	EXACT_PRODUCT	SEMANTIC_PRESENT	SEMANTIC_PRESENT	SEMANTIC_PRESENT	SEMANTIC_PRESENT	title_n:SEMANTIC_PRESENT	NO_GAP	Content coverage only; no Ozon ranking-weight claim.
2271262133	USE::protection	оберег	GENERIC_RELEVANT	EXACT_PRESENT	ABSENT	EXACT_PRESENT	SEMANTIC_PRESENT	title_n:EXACT_PRESENT	GAP_PRESENT	Content coverage only; no Ozon ranking-weight claim.
2271262133	USE::car_mirror	оберег в машину	GENERIC_RELEVANT	SEMANTIC_PRESENT	ABSENT	SEMANTIC_PRESENT	SEMANTIC_PRESENT	title_n:SEMANTIC_PRESENT	GAP_PRESENT	Content coverage only; no Ozon ranking-weight claim.
2271262133	USE::car_mirror	оберег в машину от гибдд прикольный	GENERIC_RELEVANT	ABSENT	ABSENT	ABSENT	ABSENT		GAP_PRESENT	Content coverage only; no Ozon ranking-weight claim.
2271262133	USE::car_mirror	оберег на автомобиль	GENERIC_RELEVANT	SEMANTIC_PRESENT	ABSENT	SEMANTIC_PRESENT	SEMANTIC_PRESENT	title_n:SEMANTIC_PRESENT	GAP_PRESENT	Content coverage only; no Ozon ranking-weight claim.
2271262133	USE::car_mirror	подвеска авто для мужчин на зеркало	GENERIC_RELEVANT	ABSENT	ABSENT	SEMANTIC_PRESENT	SEMANTIC_PRESENT	attr_n:SEMANTIC_PRESENT	GAP_PRESENT	Content coverage only; no Ozon ranking-weight claim.
2271262133	USE::car_mirror	подвеска в авто четки	GENERIC_RELEVANT	SEMANTIC_PRESENT	ABSENT	SEMANTIC_PRESENT	SEMANTIC_PRESENT	title_n:SEMANTIC_PRESENT	GAP_PRESENT	Content coverage only; no Ozon ranking-weight claim.
2271262133	USE::car_mirror	подвеска в автомобиль	GENERIC_RELEVANT	SEMANTIC_PRESENT	ABSENT	SEMANTIC_PRESENT	SEMANTIC_PRESENT	title_n:SEMANTIC_PRESENT	GAP_PRESENT	Content coverage only; no Ozon ranking-weight claim.
2271262133	USE::car_mirror	подвеска в машину	GENERIC_RELEVANT	SEMANTIC_PRESENT	ABSENT	EXACT_PRESENT	EXACT_PRESENT	title_n:SEMANTIC_PRESENT	GAP_PRESENT	Content coverage only; no Ozon ranking-weight claim.
2271262133	USE::car_mirror	подвеска в машину женский	GENERIC_RELEVANT	ABSENT	ABSENT	ABSENT	ABSENT		GAP_PRESENT	Content coverage only; no Ozon ranking-weight claim.
2271262133	USE::car_mirror	подвеска в машину на зеркало	GENERIC_RELEVANT	SEMANTIC_PRESENT	ABSENT	EXACT_PRESENT	SEMANTIC_PRESENT	title_n:SEMANTIC_PRESENT	GAP_PRESENT	Content coverage only; no Ozon ranking-weight claim.
2271262133	USE::car_mirror	подвеска в машину на зеркало dont drive so fast	GENERIC_RELEVANT	ABSENT	ABSENT	ABSENT	ABSENT		GAP_PRESENT	Content coverage only; no Ozon ranking-weight claim.
2271262133	USE::car_mirror	подвеска в машину на зеркало кипарис	GENERIC_RELEVANT	ABSENT	ABSENT	ABSENT	ABSENT		GAP_PRESENT	Content coverage only; no Ozon ranking-weight claim.
2271262133	USE::car_mirror	подвеска в машину на зеркало стеклянная	GENERIC_RELEVANT	ABSENT	ABSENT	ABSENT	ABSENT		GAP_PRESENT	Content coverage only; no Ozon ranking-weight claim.
2271262133	CLASS::amulet_pendant	подвеска мужская	GENERIC_RELEVANT	ABSENT	ABSENT	EXACT_PRESENT	ABSENT	attr_n:EXACT_PRESENT	GAP_PRESENT	Content coverage only; no Ozon ranking-weight claim.
2271262133	USE::car_mirror	подвеска на зеркало автомобиля акула	GENERIC_RELEVANT	ABSENT	ABSENT	PARTIAL_PRESENT	PARTIAL_PRESENT	attr_n:PARTIAL_PRESENT	GAP_PRESENT	Content coverage only; no Ozon ranking-weight claim.
2271262133	USE::car_mirror	подвеска на зеркало в машину	GENERIC_RELEVANT	EXACT_PRESENT	ABSENT	EXACT_PRESENT	EXACT_PRESENT	title_n:EXACT_PRESENT	GAP_PRESENT	Content coverage only; no Ozon ranking-weight claim.
2271262133	USE::car_mirror	подвеска на зеркало в машину для мужчины	GENERIC_RELEVANT	ABSENT	ABSENT	SEMANTIC_PRESENT	SEMANTIC_PRESENT	attr_n:SEMANTIC_PRESENT	GAP_PRESENT	Content coverage only; no Ozon ranking-weight claim.
2271262133	USE::car_mirror	подвеска на машину	GENERIC_RELEVANT	SEMANTIC_PRESENT	ABSENT	SEMANTIC_PRESENT	SEMANTIC_PRESENT	title_n:SEMANTIC_PRESENT	GAP_PRESENT	Content coverage only; no Ozon ranking-weight claim.
2271262133	ZODIAC_SIGN::рак	подвеска рак	EXACT_PRODUCT	SEMANTIC_PRESENT	SEMANTIC_PRESENT	SEMANTIC_PRESENT	SEMANTIC_PRESENT	title_n:SEMANTIC_PRESENT	NO_GAP	Content coverage only; no Ozon ranking-weight claim.
2271262133	ZODIAC_SIGN::рак	рак	STRONG_PRODUCT	EXACT_PRESENT	EXACT_PRESENT	EXACT_PRESENT	EXACT_PRESENT	title_n:EXACT_PRESENT	NO_GAP	Content coverage only; no Ozon ranking-weight claim.
2271262133	ZODIAC_SIGN::рак	рак на присоске в машину	EXACT_PRODUCT	PARTIAL_PRESENT	PARTIAL_PRESENT	PARTIAL_PRESENT	PARTIAL_PRESENT	title_n:PARTIAL_PRESENT	PARTIAL_GAP	Content coverage only; no Ozon ranking-weight claim.
2271262133	UNCLEAR::7146f59841	раки	AMBIGUOUS_HOLD	ABSENT	ABSENT	ABSENT	ABSENT		GAP_PRESENT	Content coverage only; no Ozon ranking-weight claim.
2271262133	UNCLEAR::716b489fe6	талесман для рака	AMBIGUOUS_HOLD	ABSENT	ABSENT	ABSENT	ABSENT		GAP_PRESENT	Content coverage only; no Ozon ranking-weight claim.
2271262133	USE::protection	талисман	GENERIC_RELEVANT	EXACT_PRESENT	ABSENT	EXACT_PRESENT	EXACT_PRESENT	title_n:EXACT_PRESENT	GAP_PRESENT	Content coverage only; no Ozon ranking-weight claim.
2271262133	FAMILY::zodiac	футболка знаки зодиака мужская	FAMILY_RELEVANT	ABSENT	ABSENT	PARTIAL_PRESENT	ABSENT	attr_n:PARTIAL_PRESENT	GAP_PRESENT	Content coverage only; no Ozon ranking-weight claim.
2271262133	USE::car_mirror	четки в автомобиль	GENERIC_RELEVANT	SEMANTIC_PRESENT	ABSENT	SEMANTIC_PRESENT	SEMANTIC_PRESENT	title_n:SEMANTIC_PRESENT	GAP_PRESENT	Content coverage only; no Ozon ranking-weight claim.
2271262133	FAMILY::zodiac	четки в автомобиль на зеркало мужские со знаком зодиака	FAMILY_RELEVANT	SEMANTIC_PRESENT	SEMANTIC_PRESENT	SEMANTIC_PRESENT	ABSENT	title_n:SEMANTIC_PRESENT	GAP_PRESENT	Content coverage only; no Ozon ranking-weight claim.
2271262133	USE::car_mirror	четки в машину	GENERIC_RELEVANT	SEMANTIC_PRESENT	ABSENT	SEMANTIC_PRESENT	SEMANTIC_PRESENT	title_n:SEMANTIC_PRESENT	GAP_PRESENT	Content coverage only; no Ozon ranking-weight claim.
2271262133	CLASS::beads	четки н	GENERIC_RELEVANT	SEMANTIC_PRESENT	ABSENT	SEMANTIC_PRESENT	SEMANTIC_PRESENT	title_n:SEMANTIC_PRESENT	GAP_PRESENT	Content coverage only; no Ozon ranking-weight claim.
2271270261	CLASS::amulet_pendant	амулеты мужские	GENERIC_RELEVANT	SEMANTIC_PRESENT	ABSENT	SEMANTIC_PRESENT	SEMANTIC_PRESENT	title_n:SEMANTIC_PRESENT	GAP_PRESENT	Content coverage only; no Ozon ranking-weight claim.
2271270261	USE::protection	амулеты обереги и талисманы	GENERIC_RELEVANT	SEMANTIC_PRESENT	ABSENT	EXACT_PRESENT	SEMANTIC_PRESENT	title_n:SEMANTIC_PRESENT	GAP_PRESENT	Content coverage only; no Ozon ranking-weight claim.
2271270261	USE::car_mirror	брелок в машину зеркало	GENERIC_RELEVANT	ABSENT	ABSENT	ABSENT	ABSENT		GAP_PRESENT	Content coverage only; no Ozon ranking-weight claim.
2271270261	USE::car_mirror	брелок в машину на зеркало подвеска	GENERIC_RELEVANT	ABSENT	ABSENT	ABSENT	ABSENT		GAP_PRESENT	Content coverage only; no Ozon ranking-weight claim.
2271270261	USE::car_mirror	брелок войска связи на зеркало в машине	GENERIC_RELEVANT	ABSENT	ABSENT	ABSENT	ABSENT		GAP_PRESENT	Content coverage only; no Ozon ranking-weight claim.
2271270261	FAMILY::zodiac	бусина зодиак по	FAMILY_RELEVANT	PARTIAL_PRESENT	PARTIAL_PRESENT	SEMANTIC_PRESENT	SEMANTIC_PRESENT	title_n:PARTIAL_PRESENT	PARTIAL_GAP	Content coverage only; no Ozon ranking-weight claim.
2271270261	USE::car_mirror	в машину на зеркало	GENERIC_RELEVANT	SEMANTIC_PRESENT	ABSENT	EXACT_PRESENT	SEMANTIC_PRESENT	title_n:SEMANTIC_PRESENT	GAP_PRESENT	Content coverage only; no Ozon ranking-weight claim.
2271270261	USE::car_mirror	в машину подвеска	GENERIC_RELEVANT	SEMANTIC_PRESENT	ABSENT	EXACT_PRESENT	SEMANTIC_PRESENT	title_n:SEMANTIC_PRESENT	GAP_PRESENT	Content coverage only; no Ozon ranking-weight claim.
2271270261	USE::car_mirror	висюлька на зеркало в машину ароматизатор мазда	GENERIC_RELEVANT	ABSENT	ABSENT	ABSENT	ABSENT		GAP_PRESENT	Content coverage only; no Ozon ranking-weight claim.
2271270261	USE::car_mirror	висюлька на зеркало в машину женская bmv	GENERIC_RELEVANT	ABSENT	ABSENT	ABSENT	ABSENT		GAP_PRESENT	Content coverage only; no Ozon ranking-weight claim.
2271270261	USE::car_mirror	голова вуду подвеска на зеркало	GENERIC_RELEVANT	ABSENT	ABSENT	ABSENT	ABSENT		GAP_PRESENT	Content coverage only; no Ozon ranking-weight claim.
2271270261	USE::car_mirror	зеркало оберег	GENERIC_RELEVANT	SEMANTIC_PRESENT	ABSENT	SEMANTIC_PRESENT	SEMANTIC_PRESENT	title_n:SEMANTIC_PRESENT	GAP_PRESENT	Content coverage only; no Ozon ranking-weight claim.
2271270261	USE::car_mirror	зеркало рыбий глаз на самокат	GENERIC_RELEVANT	ABSENT	ABSENT	ABSENT	ABSENT		GAP_PRESENT	Content coverage only; no Ozon ranking-weight claim.
2271270261	USE::car_mirror	зеркало с рыбками	GENERIC_RELEVANT	ABSENT	ABSENT	ABSENT	ABSENT		GAP_PRESENT	Content coverage only; no Ozon ranking-weight claim.
2271270261	USE::car_mirror	зеркальный оберег для мужчин и женщин	GENERIC_RELEVANT	ABSENT	ABSENT	PARTIAL_PRESENT	PARTIAL_PRESENT	attr_n:PARTIAL_PRESENT	GAP_PRESENT	Content coverage only; no Ozon ranking-weight claim.
2271270261	ZODIAC_SIGN::рыбы	знак зодиака рыбы серебро мужская	EXACT_PRODUCT	PARTIAL_PRESENT	PARTIAL_PRESENT	PARTIAL_PRESENT	PARTIAL_PRESENT	title_n:PARTIAL_PRESENT	PARTIAL_GAP	Content coverage only; no Ozon ranking-weight claim.
2271270261	ZODIAC_SIGN::рыбы	знакак зодиака рыбы	EXACT_PRODUCT	PARTIAL_PRESENT	PARTIAL_PRESENT	PARTIAL_PRESENT	PARTIAL_PRESENT	title_n:PARTIAL_PRESENT	PARTIAL_GAP	Content coverage only; no Ozon ranking-weight claim.
2271270261	FAMILY::zodiac	знаки зодиака	FAMILY_RELEVANT	SEMANTIC_PRESENT	ABSENT	EXACT_PRESENT	SEMANTIC_PRESENT	title_n:SEMANTIC_PRESENT	GAP_PRESENT	Content coverage only; no Ozon ranking-weight claim.
2271270261	USE::car_mirror	значек рыбка хрестианский на машину	GENERIC_RELEVANT	ABSENT	ABSENT	ABSENT	ABSENT		GAP_PRESENT	Content coverage only; no Ozon ranking-weight claim.
2271270261	USE::car_mirror	крутящийся ароматизатор в машину подвеска на зеркало	GENERIC_RELEVANT	ABSENT	ABSENT	ABSENT	ABSENT		GAP_PRESENT	Content coverage only; no Ozon ranking-weight claim.
2271270261	FAMILY::zodiac	кулон зодиака	FAMILY_RELEVANT	ABSENT	ABSENT	ABSENT	ABSENT		GAP_PRESENT	Content coverage only; no Ozon ranking-weight claim.
2271270261	UNCLEAR::0d5a673d2b	кулон с рыбами	AMBIGUOUS_HOLD	ABSENT	ABSENT	ABSENT	ABSENT		GAP_PRESENT	Content coverage only; no Ozon ranking-weight claim.
2271270261	ZODIAC_SIGN::рыбы	ловец снов рыбы	STRONG_PRODUCT	PARTIAL_PRESENT	PARTIAL_PRESENT	PARTIAL_PRESENT	PARTIAL_PRESENT	title_n:PARTIAL_PRESENT	PARTIAL_GAP	Content coverage only; no Ozon ranking-weight claim.
2271270261	USE::car_mirror	на зеркало в машину подвеска	GENERIC_RELEVANT	SEMANTIC_PRESENT	ABSENT	SEMANTIC_PRESENT	SEMANTIC_PRESENT	title_n:SEMANTIC_PRESENT	GAP_PRESENT	Content coverage only; no Ozon ranking-weight claim.
2271270261	USE::protection	на удачу талисман набор	GENERIC_RELEVANT	ABSENT	ABSENT	ABSENT	ABSENT		GAP_PRESENT	Content coverage only; no Ozon ranking-weight claim.
2271270261	USE::car_mirror	набор подвесок на зеркало	GENERIC_RELEVANT	ABSENT	ABSENT	ABSENT	ABSENT		GAP_PRESENT	Content coverage only; no Ozon ranking-weight claim.
2271270261	USE::protection	оберег	GENERIC_RELEVANT	EXACT_PRESENT	ABSENT	EXACT_PRESENT	SEMANTIC_PRESENT	title_n:EXACT_PRESENT	GAP_PRESENT	Content coverage only; no Ozon ranking-weight claim.
2271270261	USE::car_mirror	оберег в автомобиль	GENERIC_RELEVANT	SEMANTIC_PRESENT	ABSENT	SEMANTIC_PRESENT	SEMANTIC_PRESENT	title_n:SEMANTIC_PRESENT	GAP_PRESENT	Content coverage only; no Ozon ranking-weight claim.
2271270261	USE::protection	оберег в дорогу	GENERIC_RELEVANT	ABSENT	ABSENT	SEMANTIC_PRESENT	SEMANTIC_PRESENT	attr_n:SEMANTIC_PRESENT	GAP_PRESENT	Content coverage only; no Ozon ranking-weight claim.
2271270261	USE::car_mirror	оберег в машину	GENERIC_RELEVANT	SEMANTIC_PRESENT	ABSENT	SEMANTIC_PRESENT	SEMANTIC_PRESENT	title_n:SEMANTIC_PRESENT	GAP_PRESENT	Content coverage only; no Ozon ranking-weight claim.
2271270261	USE::car_mirror	оберег в машину мужской сынуподвеска на зеркало	GENERIC_RELEVANT	ABSENT	ABSENT	ABSENT	ABSENT		GAP_PRESENT	Content coverage only; no Ozon ranking-weight claim.
2271270261	USE::car_mirror	паук в смоле подвеска на зеркало	GENERIC_RELEVANT	ABSENT	ABSENT	ABSENT	ABSENT		GAP_PRESENT	Content coverage only; no Ozon ranking-weight claim.
2271270261	CLASS::amulet_pendant	подвеска	GENERIC_RELEVANT	EXACT_PRESENT	ABSENT	EXACT_PRESENT	EXACT_PRESENT	title_n:EXACT_PRESENT	GAP_PRESENT	Content coverage only; no Ozon ranking-weight claim.
2271270261	USE::car_mirror	подвеска в автомобиль	GENERIC_RELEVANT	SEMANTIC_PRESENT	ABSENT	SEMANTIC_PRESENT	SEMANTIC_PRESENT	title_n:SEMANTIC_PRESENT	GAP_PRESENT	Content coverage only; no Ozon ranking-weight claim.
2271270261	USE::car_mirror	подвеска в автомобиль на зеркало	GENERIC_RELEVANT	SEMANTIC_PRESENT	ABSENT	SEMANTIC_PRESENT	SEMANTIC_PRESENT	title_n:SEMANTIC_PRESENT	GAP_PRESENT	Content coverage only; no Ozon ranking-weight claim.
2271270261	USE::car_mirror	подвеска в машину	GENERIC_RELEVANT	SEMANTIC_PRESENT	ABSENT	EXACT_PRESENT	EXACT_PRESENT	title_n:SEMANTIC_PRESENT	GAP_PRESENT	Content coverage only; no Ozon ranking-weight claim.
2271270261	USE::car_mirror	подвеска в машину на зеркало	GENERIC_RELEVANT	SEMANTIC_PRESENT	ABSENT	EXACT_PRESENT	SEMANTIC_PRESENT	title_n:SEMANTIC_PRESENT	GAP_PRESENT	Content coverage only; no Ozon ranking-weight claim.
2271270261	USE::car_mirror	подвеска в машину на зеркало из биссера	GENERIC_RELEVANT	ABSENT	ABSENT	ABSENT	ABSENT		GAP_PRESENT	Content coverage only; no Ozon ranking-weight claim.
2271270261	USE::car_mirror	подвеска в машину на зеркало ма ка крик	GENERIC_RELEVANT	ABSENT	ABSENT	ABSENT	ABSENT		GAP_PRESENT	Content coverage only; no Ozon ranking-weight claim.
2271270261	USE::car_mirror	подвеска в машину на зеркало мех	GENERIC_RELEVANT	ABSENT	ABSENT	ABSENT	ABSENT		GAP_PRESENT	Content coverage only; no Ozon ranking-weight claim.
2271270261	USE::car_mirror	подвеска в машину на зеркало питбуль	GENERIC_RELEVANT	ABSENT	ABSENT	ABSENT	ABSENT		GAP_PRESENT	Content coverage only; no Ozon ranking-weight claim.
2271270261	USE::car_mirror	подвеска для автомобиля на зеркало женская	GENERIC_RELEVANT	ABSENT	ABSENT	PARTIAL_PRESENT	PARTIAL_PRESENT	attr_n:PARTIAL_PRESENT	GAP_PRESENT	Content coverage only; no Ozon ranking-weight claim.
2271270261	USE::car_mirror	подвеска крючок рыб в машину	GENERIC_RELEVANT	ABSENT	ABSENT	ABSENT	ABSENT		GAP_PRESENT	Content coverage only; no Ozon ranking-weight claim.
2271270261	CLASS::amulet_pendant	подвеска мужская	GENERIC_RELEVANT	ABSENT	ABSENT	EXACT_PRESENT	ABSENT	attr_n:EXACT_PRESENT	GAP_PRESENT	Content coverage only; no Ozon ranking-weight claim.
2271270261	USE::car_mirror	подвеска на зеркало автомобиля акула	GENERIC_RELEVANT	ABSENT	ABSENT	PARTIAL_PRESENT	PARTIAL_PRESENT	attr_n:PARTIAL_PRESENT	GAP_PRESENT	Content coverage only; no Ozon ranking-weight claim.
2271270261	USE::car_mirror	подвеска на зеркало в машину	GENERIC_RELEVANT	EXACT_PRESENT	ABSENT	EXACT_PRESENT	EXACT_PRESENT	title_n:EXACT_PRESENT	GAP_PRESENT	Content coverage only; no Ozon ranking-weight claim.
2271270261	USE::car_mirror	подвеска на зеркало в машину лошадь	GENERIC_RELEVANT	ABSENT	ABSENT	ABSENT	ABSENT		GAP_PRESENT	Content coverage only; no Ozon ranking-weight claim.
2271270261	USE::car_mirror	подвеска на зеркало в машину скелет рыба	GENERIC_RELEVANT	ABSENT	ABSENT	ABSENT	ABSENT		GAP_PRESENT	Content coverage only; no Ozon ranking-weight claim.
2271270261	USE::car_mirror	подвеска на зеркало в машину тигр	GENERIC_RELEVANT	ABSENT	ABSENT	ABSENT	ABSENT		GAP_PRESENT	Content coverage only; no Ozon ranking-weight claim.
2271270261	USE::car_mirror	подвеска на зеркало рыба	GENERIC_RELEVANT	ABSENT	ABSENT	ABSENT	ABSENT		GAP_PRESENT	Content coverage only; no Ozon ranking-weight claim.
2271270261	USE::car_mirror	подвеска под зеркало	GENERIC_RELEVANT	ABSENT	ABSENT	ABSENT	ABSENT		GAP_PRESENT	Content coverage only; no Ozon ranking-weight claim.
2271270261	USE::car_mirror	подвески в машину на зеркало для девушки	GENERIC_RELEVANT	ABSENT	ABSENT	ABSENT	ABSENT		GAP_PRESENT	Content coverage only; no Ozon ranking-weight claim.
2271270261	USE::protection	талисман	GENERIC_RELEVANT	EXACT_PRESENT	ABSENT	EXACT_PRESENT	EXACT_PRESENT	title_n:EXACT_PRESENT	GAP_PRESENT	Content coverage only; no Ozon ranking-weight claim.
2271270261	FAMILY::zodiac	украшение в машину на зеркало знаки зодиака	FAMILY_RELEVANT	SEMANTIC_PRESENT	ABSENT	SEMANTIC_PRESENT	SEMANTIC_PRESENT	title_n:SEMANTIC_PRESENT	GAP_PRESENT	Content coverage only; no Ozon ranking-weight claim.
2271270261	USE::car_mirror	четки в авто с	GENERIC_RELEVANT	SEMANTIC_PRESENT	ABSENT	SEMANTIC_PRESENT	SEMANTIC_PRESENT	title_n:SEMANTIC_PRESENT	GAP_PRESENT	Content coverage only; no Ozon ranking-weight claim.
2271270261	USE::car_mirror	четки в машину	GENERIC_RELEVANT	SEMANTIC_PRESENT	ABSENT	SEMANTIC_PRESENT	SEMANTIC_PRESENT	title_n:SEMANTIC_PRESENT	GAP_PRESENT	Content coverage only; no Ozon ranking-weight claim.
2271275793	ZODIAC_SIGN::скорпион	yamasaki скорпион	STRONG_PRODUCT	PARTIAL_PRESENT	PARTIAL_PRESENT	PARTIAL_PRESENT	PARTIAL_PRESENT	title_n:PARTIAL_PRESENT	PARTIAL_GAP	Content coverage only; no Ozon ranking-weight claim.
2271275793	USE::car_mirror	автоподвеска мужска	GENERIC_RELEVANT	ABSENT	ABSENT	PARTIAL_PRESENT	ABSENT	attr_n:PARTIAL_PRESENT	GAP_PRESENT	Content coverage only; no Ozon ranking-weight claim.
2271275793	USE::car_mirror	автоподвеска на зеркало авто для женщин	GENERIC_RELEVANT	ABSENT	ABSENT	PARTIAL_PRESENT	PARTIAL_PRESENT	attr_n:PARTIAL_PRESENT	GAP_PRESENT	Content coverage only; no Ozon ranking-weight claim.
2271275793	USE::car_mirror	амулет зеркало защиты для мужчин	GENERIC_RELEVANT	ABSENT	ABSENT	SEMANTIC_PRESENT	SEMANTIC_PRESENT	attr_n:SEMANTIC_PRESENT	GAP_PRESENT	Content coverage only; no Ozon ranking-weight claim.
2271275793	USE::car_mirror	амулет на удачу в машину	GENERIC_RELEVANT	ABSENT	ABSENT	ABSENT	ABSENT		GAP_PRESENT	Content coverage only; no Ozon ranking-weight claim.
2271275793	USE::car_mirror	амулет на шею зеркало	GENERIC_RELEVANT	ABSENT	ABSENT	ABSENT	ABSENT		GAP_PRESENT	Content coverage only; no Ozon ranking-weight claim.
2271275793	ZODIAC_SIGN::скорпион	амулет скорпион на	EXACT_PRODUCT	SEMANTIC_PRESENT	SEMANTIC_PRESENT	SEMANTIC_PRESENT	SEMANTIC_PRESENT	title_n:SEMANTIC_PRESENT	NO_GAP	Content coverage only; no Ozon ranking-weight claim.
2271275793	CLASS::amulet_pendant	амулет черный подвеска	GENERIC_RELEVANT	ABSENT	ABSENT	ABSENT	ABSENT		GAP_PRESENT	Content coverage only; no Ozon ranking-weight claim.
2271275793	USE::protection	амулеты обереги и талисманы	GENERIC_RELEVANT	SEMANTIC_PRESENT	ABSENT	EXACT_PRESENT	SEMANTIC_PRESENT	title_n:SEMANTIC_PRESENT	GAP_PRESENT	Content coverage only; no Ozon ranking-weight claim.
2271275793	USE::protection	амулеты обереги и талисманы дерево	GENERIC_RELEVANT	SEMANTIC_PRESENT	ABSENT	SEMANTIC_PRESENT	SEMANTIC_PRESENT	title_n:SEMANTIC_PRESENT	GAP_PRESENT	Content coverage only; no Ozon ranking-weight claim.
2271275793	USE::car_mirror	амулеты обереги и талисманы зеркалр	GENERIC_RELEVANT	ABSENT	ABSENT	ABSENT	ABSENT		GAP_PRESENT	Content coverage only; no Ozon ranking-weight claim.
2271275793	USE::car_mirror	блестящий брелок в машину на зеркало ведьмочка	GENERIC_RELEVANT	ABSENT	ABSENT	ABSENT	ABSENT		GAP_PRESENT	Content coverage only; no Ozon ranking-weight claim.
2271275793	USE::car_mirror	брелок амулет для авто на зеркало	GENERIC_RELEVANT	ABSENT	ABSENT	ABSENT	ABSENT		GAP_PRESENT	Content coverage only; no Ozon ranking-weight claim.
2271275793	CLASS::amulet_pendant	брелок в виде амулета	GENERIC_RELEVANT	ABSENT	ABSENT	PARTIAL_PRESENT	PARTIAL_PRESENT	attr_n:PARTIAL_PRESENT	GAP_PRESENT	Content coverage only; no Ozon ranking-weight claim.
2271275793	USE::car_mirror	брелок в машину военный на зеркало ртв	GENERIC_RELEVANT	ABSENT	ABSENT	ABSENT	ABSENT		GAP_PRESENT	Content coverage only; no Ozon ranking-weight claim.
2271275793	USE::car_mirror	брелок в машину на зеркало	GENERIC_RELEVANT	ABSENT	ABSENT	ABSENT	ABSENT		GAP_PRESENT	Content coverage only; no Ozon ranking-weight claim.
2271275793	USE::car_mirror	брелок в машину на зеркало домовенок кузя	GENERIC_RELEVANT	ABSENT	ABSENT	ABSENT	ABSENT		GAP_PRESENT	Content coverage only; no Ozon ranking-weight claim.
2271275793	USE::car_mirror	брелок в машину на зеркало пушистики	GENERIC_RELEVANT	ABSENT	ABSENT	ABSENT	ABSENT		GAP_PRESENT	Content coverage only; no Ozon ranking-weight claim.
2271275793	USE::car_mirror	брелок на зеркало в машину хово	GENERIC_RELEVANT	ABSENT	ABSENT	ABSENT	ABSENT		GAP_PRESENT	Content coverage only; no Ozon ranking-weight claim.
2271275793	ZODIAC_SIGN::скорпион	бусина знак скорпион	STRONG_PRODUCT	PARTIAL_PRESENT	PARTIAL_PRESENT	SEMANTIC_PRESENT	SEMANTIC_PRESENT	title_n:PARTIAL_PRESENT	PARTIAL_GAP	Content coverage only; no Ozon ranking-weight claim.
2271275793	FAMILY::zodiac	бусина знаки зодиака	FAMILY_RELEVANT	ABSENT	ABSENT	SEMANTIC_PRESENT	SEMANTIC_PRESENT	attr_n:SEMANTIC_PRESENT	GAP_PRESENT	Content coverage only; no Ozon ranking-weight claim.
2271275793	USE::protection	бусы оберег	GENERIC_RELEVANT	ABSENT	ABSENT	ABSENT	ABSENT		GAP_PRESENT	Content coverage only; no Ozon ranking-weight claim.
2271275793	USE::car_mirror	в машину	GENERIC_RELEVANT	EXACT_PRESENT	ABSENT	EXACT_PRESENT	EXACT_PRESENT	title_n:EXACT_PRESENT	GAP_PRESENT	Content coverage only; no Ozon ranking-weight claim.
2271275793	USE::car_mirror	в машину амулет	GENERIC_RELEVANT	SEMANTIC_PRESENT	ABSENT	SEMANTIC_PRESENT	SEMANTIC_PRESENT	title_n:SEMANTIC_PRESENT	GAP_PRESENT	Content coverage only; no Ozon ranking-weight claim.
2271275793	USE::car_mirror	в машину на зеркало	GENERIC_RELEVANT	SEMANTIC_PRESENT	ABSENT	EXACT_PRESENT	SEMANTIC_PRESENT	title_n:SEMANTIC_PRESENT	GAP_PRESENT	Content coverage only; no Ozon ranking-weight claim.
2271275793	USE::car_mirror	висюльки в машину на зеркало череп обезьяна	GENERIC_RELEVANT	ABSENT	ABSENT	ABSENT	ABSENT		GAP_PRESENT	Content coverage only; no Ozon ranking-weight claim.
2271275793	USE::car_mirror	висючка в машину на зеркало люстра	GENERIC_RELEVANT	ABSENT	ABSENT	ABSENT	ABSENT		GAP_PRESENT	Content coverage only; no Ozon ranking-weight claim.
2271275793	USE::car_mirror	декор в машину подвеска	GENERIC_RELEVANT	ABSENT	ABSENT	ABSENT	ABSENT		GAP_PRESENT	Content coverage only; no Ozon ranking-weight claim.
2271275793	USE::car_mirror	демон на машину подвеска на стекло маленькие	GENERIC_RELEVANT	ABSENT	ABSENT	ABSENT	ABSENT		GAP_PRESENT	Content coverage only; no Ozon ranking-weight claim.
2271275793	USE::protection	деревянный талисман	GENERIC_RELEVANT	SEMANTIC_PRESENT	ABSENT	SEMANTIC_PRESENT	SEMANTIC_PRESENT	title_n:SEMANTIC_PRESENT	GAP_PRESENT	Content coverage only; no Ozon ranking-weight claim.
2271275793	USE::protection	домовенок в тележке оберег	GENERIC_RELEVANT	ABSENT	ABSENT	ABSENT	ABSENT		GAP_PRESENT	Content coverage only; no Ozon ranking-weight claim.
2271275793	USE::car_mirror	дорожный знак в авто	GENERIC_RELEVANT	ABSENT	ABSENT	ABSENT	ABSENT		GAP_PRESENT	Content coverage only; no Ozon ranking-weight claim.
2271275793	USE::car_mirror	зеркало кулон амулет	GENERIC_RELEVANT	ABSENT	ABSENT	ABSENT	ABSENT		GAP_PRESENT	Content coverage only; no Ozon ranking-weight claim.
2271275793	USE::car_mirror	знак на авто девушка	GENERIC_RELEVANT	ABSENT	ABSENT	ABSENT	ABSENT		GAP_PRESENT	Content coverage only; no Ozon ranking-weight claim.
2271275793	FAMILY::zodiac	знаки зодиака	FAMILY_RELEVANT	SEMANTIC_PRESENT	ABSENT	EXACT_PRESENT	SEMANTIC_PRESENT	title_n:SEMANTIC_PRESENT	GAP_PRESENT	Content coverage only; no Ozon ranking-weight claim.
2271275793	FAMILY::zodiac	из дерева знаки зодиака в подарок	FAMILY_RELEVANT	ABSENT	ABSENT	SEMANTIC_PRESENT	SEMANTIC_PRESENT	attr_n:SEMANTIC_PRESENT	GAP_PRESENT	Content coverage only; no Ozon ranking-weight claim.
2271275793	VARIANT::скорпион	камни талисманы скорпионы	PARTIAL_RELEVANCE	PARTIAL_PRESENT	PARTIAL_PRESENT	PARTIAL_PRESENT	PARTIAL_PRESENT	title_n:PARTIAL_PRESENT	PARTIAL_GAP	Content coverage only; no Ozon ranking-weight claim.
2271275793	VARIANT::скорпион	колонки в машину скорпионы	PARTIAL_RELEVANCE	PARTIAL_PRESENT	PARTIAL_PRESENT	PARTIAL_PRESENT	PARTIAL_PRESENT	title_n:PARTIAL_PRESENT	PARTIAL_GAP	Content coverage only; no Ozon ranking-weight claim.
2271275793	USE::car_mirror	кулон мужской зеркало	GENERIC_RELEVANT	ABSENT	ABSENT	ABSENT	ABSENT		GAP_PRESENT	Content coverage only; no Ozon ranking-weight claim.
2271275793	USE::car_mirror	кулон на зеркало в машину	GENERIC_RELEVANT	ABSENT	ABSENT	ABSENT	ABSENT		GAP_PRESENT	Content coverage only; no Ozon ranking-weight claim.
2271275793	CLASS::beads	на четки подвеска	GENERIC_RELEVANT	SEMANTIC_PRESENT	ABSENT	SEMANTIC_PRESENT	SEMANTIC_PRESENT	title_n:SEMANTIC_PRESENT	GAP_PRESENT	Content coverage only; no Ozon ranking-weight claim.
2271275793	USE::car_mirror	оберег в автомобиль на зеркало	GENERIC_RELEVANT	SEMANTIC_PRESENT	ABSENT	SEMANTIC_PRESENT	SEMANTIC_PRESENT	title_n:SEMANTIC_PRESENT	GAP_PRESENT	Content coverage only; no Ozon ranking-weight claim.
2271275793	USE::car_mirror	оберег в машину	GENERIC_RELEVANT	SEMANTIC_PRESENT	ABSENT	SEMANTIC_PRESENT	SEMANTIC_PRESENT	title_n:SEMANTIC_PRESENT	GAP_PRESENT	Content coverage only; no Ozon ranking-weight claim.
2271275793	USE::car_mirror	оберег в машину мужской	GENERIC_RELEVANT	SEMANTIC_PRESENT	ABSENT	SEMANTIC_PRESENT	SEMANTIC_PRESENT	title_n:SEMANTIC_PRESENT	GAP_PRESENT	Content coverage only; no Ozon ranking-weight claim.
2271275793	USE::car_mirror	оберег в машину на зеркало женский	GENERIC_RELEVANT	ABSENT	ABSENT	ABSENT	ABSENT		GAP_PRESENT	Content coverage only; no Ozon ranking-weight claim.
2271275793	USE::car_mirror	оберег мусульманский в машину в форме звезды	GENERIC_RELEVANT	ABSENT	ABSENT	ABSENT	ABSENT		GAP_PRESENT	Content coverage only; no Ozon ranking-weight claim.
2271275793	USE::car_mirror	оберег талисман в машину	GENERIC_RELEVANT	SEMANTIC_PRESENT	ABSENT	SEMANTIC_PRESENT	SEMANTIC_PRESENT	title_n:SEMANTIC_PRESENT	GAP_PRESENT	Content coverage only; no Ozon ranking-weight claim.
2271275793	USE::car_mirror	подвеска в машину	GENERIC_RELEVANT	SEMANTIC_PRESENT	ABSENT	EXACT_PRESENT	EXACT_PRESENT	title_n:SEMANTIC_PRESENT	GAP_PRESENT	Content coverage only; no Ozon ranking-weight claim.
2271275793	USE::car_mirror	подвеска в машину на зеркало	GENERIC_RELEVANT	SEMANTIC_PRESENT	ABSENT	EXACT_PRESENT	SEMANTIC_PRESENT	title_n:SEMANTIC_PRESENT	GAP_PRESENT	Content coverage only; no Ozon ranking-weight claim.
2271275793	CLASS::amulet_pendant	подвеска мужская	GENERIC_RELEVANT	ABSENT	ABSENT	EXACT_PRESENT	ABSENT	attr_n:EXACT_PRESENT	GAP_PRESENT	Content coverage only; no Ozon ranking-weight claim.
2271275793	USE::car_mirror	подвеска на зеркало в машину	GENERIC_RELEVANT	EXACT_PRESENT	ABSENT	EXACT_PRESENT	EXACT_PRESENT	title_n:EXACT_PRESENT	GAP_PRESENT	Content coverage only; no Ozon ranking-weight claim.
2271275793	ZODIAC_SIGN::скорпион	подвеска скорпион	EXACT_PRODUCT	SEMANTIC_PRESENT	SEMANTIC_PRESENT	SEMANTIC_PRESENT	SEMANTIC_PRESENT	title_n:SEMANTIC_PRESENT	NO_GAP	Content coverage only; no Ozon ranking-weight claim.
2271275793	ZODIAC_SIGN::скорпион	подвеска скорпион в машину	EXACT_PRODUCT	SEMANTIC_PRESENT	SEMANTIC_PRESENT	SEMANTIC_PRESENT	SEMANTIC_PRESENT	title_n:SEMANTIC_PRESENT	NO_GAP	Content coverage only; no Ozon ranking-weight claim.
2271275793	ZODIAC_SIGN::скорпион	скорпион	STRONG_PRODUCT	EXACT_PRESENT	EXACT_PRESENT	EXACT_PRESENT	EXACT_PRESENT	title_n:EXACT_PRESENT	NO_GAP	Content coverage only; no Ozon ranking-weight claim.
2271275793	ZODIAC_SIGN::скорпион	скорпион оберег	EXACT_PRODUCT	SEMANTIC_PRESENT	SEMANTIC_PRESENT	SEMANTIC_PRESENT	SEMANTIC_PRESENT	title_n:SEMANTIC_PRESENT	NO_GAP	Content coverage only; no Ozon ranking-weight claim.
2271275793	ZODIAC_SIGN::скорпион	скорпион подвеска	EXACT_PRODUCT	SEMANTIC_PRESENT	SEMANTIC_PRESENT	EXACT_PRESENT	SEMANTIC_PRESENT	title_n:SEMANTIC_PRESENT	NO_GAP	Content coverage only; no Ozon ranking-weight claim.
2271275793	USE::protection	талисман	GENERIC_RELEVANT	EXACT_PRESENT	ABSENT	EXACT_PRESENT	EXACT_PRESENT	title_n:EXACT_PRESENT	GAP_PRESENT	Content coverage only; no Ozon ranking-weight claim.
2271275793	USE::protection	талисман мужской на шею	GENERIC_RELEVANT	ABSENT	ABSENT	ABSENT	ABSENT		GAP_PRESENT	Content coverage only; no Ozon ranking-weight claim.
2271275793	USE::car_mirror	четки в машину	GENERIC_RELEVANT	SEMANTIC_PRESENT	ABSENT	SEMANTIC_PRESENT	SEMANTIC_PRESENT	title_n:SEMANTIC_PRESENT	GAP_PRESENT	Content coverage only; no Ozon ranking-weight claim.
2271285786	USE::car_mirror	амулет в автомобиль	GENERIC_RELEVANT	SEMANTIC_PRESENT	ABSENT	SEMANTIC_PRESENT	SEMANTIC_PRESENT	title_n:SEMANTIC_PRESENT	GAP_PRESENT	Content coverage only; no Ozon ranking-weight claim.
2271285786	USE::protection	амулеты обереги и талисманы	GENERIC_RELEVANT	SEMANTIC_PRESENT	ABSENT	EXACT_PRESENT	SEMANTIC_PRESENT	title_n:SEMANTIC_PRESENT	GAP_PRESENT	Content coverage only; no Ozon ranking-weight claim.
2271285786	USE::car_mirror	амулеты обереги и талисманы зеркалр	GENERIC_RELEVANT	ABSENT	ABSENT	ABSENT	ABSENT		GAP_PRESENT	Content coverage only; no Ozon ranking-weight claim.
2271285786	ZODIAC_SIGN::стрелец	антена на рроп стрелец	STRONG_PRODUCT	PARTIAL_PRESENT	PARTIAL_PRESENT	PARTIAL_PRESENT	PARTIAL_PRESENT	title_n:PARTIAL_PRESENT	PARTIAL_GAP	Content coverage only; no Ozon ranking-weight claim.
2271285786	USE::car_mirror	брелок в машину на зеркало пушистики	GENERIC_RELEVANT	ABSENT	ABSENT	ABSENT	ABSENT		GAP_PRESENT	Content coverage only; no Ozon ranking-weight claim.
2271285786	USE::car_mirror	брелок в машину на зеркало фига	GENERIC_RELEVANT	ABSENT	ABSENT	ABSENT	ABSENT		GAP_PRESENT	Content coverage only; no Ozon ranking-weight claim.
2271285786	ZODIAC_SIGN::стрелец	брошь стрелец	STRONG_PRODUCT	PARTIAL_PRESENT	PARTIAL_PRESENT	PARTIAL_PRESENT	PARTIAL_PRESENT	title_n:PARTIAL_PRESENT	PARTIAL_GAP	Content coverage only; no Ozon ranking-weight claim.
2271285786	UNCLEAR::8fb7751c00	бусы для стрельца	AMBIGUOUS_HOLD	ABSENT	ABSENT	ABSENT	ABSENT		GAP_PRESENT	Content coverage only; no Ozon ranking-weight claim.
2271285786	FAMILY::zodiac	бусы знак зодиака	FAMILY_RELEVANT	ABSENT	ABSENT	ABSENT	ABSENT		GAP_PRESENT	Content coverage only; no Ozon ranking-weight claim.
2271285786	USE::car_mirror	в машину подвеска	GENERIC_RELEVANT	SEMANTIC_PRESENT	ABSENT	EXACT_PRESENT	SEMANTIC_PRESENT	title_n:SEMANTIC_PRESENT	GAP_PRESENT	Content coverage only; no Ozon ranking-weight claim.
2271285786	USE::car_mirror	голова хищника подвеска в машину	GENERIC_RELEVANT	ABSENT	ABSENT	ABSENT	ABSENT		GAP_PRESENT	Content coverage only; no Ozon ranking-weight claim.
2271285786	USE::gift	деревянная коробка для подарка мужчине	AMBIGUOUS_HOLD	ABSENT	ABSENT	PARTIAL_PRESENT	PARTIAL_PRESENT	attr_n:PARTIAL_PRESENT	GAP_PRESENT	Content coverage only; no Ozon ranking-weight claim.
2271285786	ZODIAC_SIGN::стрелец	дневник знака зодиака стрелец ♐	EXACT_PRODUCT	PARTIAL_PRESENT	PARTIAL_PRESENT	PARTIAL_PRESENT	PARTIAL_PRESENT	title_n:PARTIAL_PRESENT	PARTIAL_GAP	Content coverage only; no Ozon ranking-weight claim.
2271285786	USE::car_mirror	доллар деревянный в машину подвеска на зеркало	GENERIC_RELEVANT	ABSENT	ABSENT	ABSENT	ABSENT		GAP_PRESENT	Content coverage only; no Ozon ranking-weight claim.
2271285786	USE::protection	защита для стрельца	GENERIC_RELEVANT	ABSENT	ABSENT	PARTIAL_PRESENT	PARTIAL_PRESENT	attr_n:PARTIAL_PRESENT	GAP_PRESENT	Content coverage only; no Ozon ranking-weight claim.
2271285786	USE::protection	защита для стрельца мужская	GENERIC_RELEVANT	ABSENT	ABSENT	PARTIAL_PRESENT	PARTIAL_PRESENT	attr_n:PARTIAL_PRESENT	GAP_PRESENT	Content coverage only; no Ozon ranking-weight claim.
2271285786	USE::car_mirror	зеркало	GENERIC_RELEVANT	EXACT_PRESENT	ABSENT	EXACT_PRESENT	EXACT_PRESENT	title_n:EXACT_PRESENT	GAP_PRESENT	Content coverage only; no Ozon ranking-weight claim.
2271285786	USE::car_mirror	зеркальный оберег	GENERIC_RELEVANT	ABSENT	ABSENT	ABSENT	ABSENT		GAP_PRESENT	Content coverage only; no Ozon ranking-weight claim.
2271285786	UNCLEAR::c5f3d2a6d3	знак задиака девы на торт	AMBIGUOUS_HOLD	ABSENT	ABSENT	ABSENT	ABSENT		GAP_PRESENT	Content coverage only; no Ozon ranking-weight claim.
2271285786	ZODIAC_SIGN::стрелец	знак зодиака стрелец подвеска мужская в машину	EXACT_PRODUCT	PARTIAL_PRESENT	PARTIAL_PRESENT	SEMANTIC_PRESENT	PARTIAL_PRESENT	title_n:PARTIAL_PRESENT	PARTIAL_GAP	Content coverage only; no Ozon ranking-weight claim.
2271285786	USE::car_mirror	знак новичок на машину смешно	GENERIC_RELEVANT	ABSENT	ABSENT	ABSENT	ABSENT		GAP_PRESENT	Content coverage only; no Ozon ranking-weight claim.
2271285786	ZODIAC_SIGN::стрелец	знак стрелец светодиодная в машину 99	EXACT_PRODUCT	PARTIAL_PRESENT	PARTIAL_PRESENT	PARTIAL_PRESENT	PARTIAL_PRESENT	title_n:PARTIAL_PRESENT	PARTIAL_GAP	Content coverage only; no Ozon ranking-weight claim.
2271285786	FAMILY::zodiac	знаки зодиака	FAMILY_RELEVANT	SEMANTIC_PRESENT	ABSENT	EXACT_PRESENT	SEMANTIC_PRESENT	title_n:SEMANTIC_PRESENT	GAP_PRESENT	Content coverage only; no Ozon ranking-weight claim.
2271285786	FAMILY::zodiac	календарь карманный знаки зодиака	FAMILY_RELEVANT	ABSENT	ABSENT	ABSENT	ABSENT		GAP_PRESENT	Content coverage only; no Ozon ranking-weight claim.
2271285786	ZODIAC_SIGN::стрелец	кролик стрелец и	STRONG_PRODUCT	PARTIAL_PRESENT	PARTIAL_PRESENT	PARTIAL_PRESENT	PARTIAL_PRESENT	title_n:PARTIAL_PRESENT	PARTIAL_GAP	Content coverage only; no Ozon ranking-weight claim.
2271285786	ZODIAC_SIGN::стрелец	"магазин ""стрелец"	STRONG_PRODUCT	PARTIAL_PRESENT	PARTIAL_PRESENT	PARTIAL_PRESENT	PARTIAL_PRESENT	title_n:PARTIAL_PRESENT	PARTIAL_GAP	Content coverage only; no Ozon ranking-weight claim.
2271285786	USE::car_mirror	машины с подвеской	GENERIC_RELEVANT	PARTIAL_PRESENT	ABSENT	PARTIAL_PRESENT	PARTIAL_PRESENT	title_n:PARTIAL_PRESENT	GAP_PRESENT	Content coverage only; no Ozon ranking-weight claim.
2271285786	USE::car_mirror	мешочек со смехом подвеска в машину	GENERIC_RELEVANT	ABSENT	ABSENT	ABSENT	ABSENT		GAP_PRESENT	Content coverage only; no Ozon ranking-weight claim.
2271285786	USE::car_mirror	на зеркало авто подвеска	GENERIC_RELEVANT	SEMANTIC_PRESENT	ABSENT	SEMANTIC_PRESENT	SEMANTIC_PRESENT	title_n:SEMANTIC_PRESENT	GAP_PRESENT	Content coverage only; no Ozon ranking-weight claim.
2271285786	USE::car_mirror	на зеркало автомобиля подвеска мужская	GENERIC_RELEVANT	ABSENT	ABSENT	SEMANTIC_PRESENT	PARTIAL_PRESENT	attr_n:SEMANTIC_PRESENT	GAP_PRESENT	Content coverage only; no Ozon ranking-weight claim.
2271285786	USE::car_mirror	на зеркало в машину подвеска участник бое	GENERIC_RELEVANT	ABSENT	ABSENT	ABSENT	ABSENT		GAP_PRESENT	Content coverage only; no Ozon ranking-weight claim.
2271285786	USE::car_mirror	на зеркало подвеска для машины	GENERIC_RELEVANT	SEMANTIC_PRESENT	ABSENT	SEMANTIC_PRESENT	SEMANTIC_PRESENT	title_n:SEMANTIC_PRESENT	GAP_PRESENT	Content coverage only; no Ozon ranking-weight claim.
2271285786	USE::car_mirror	оберег в машину	GENERIC_RELEVANT	SEMANTIC_PRESENT	ABSENT	SEMANTIC_PRESENT	SEMANTIC_PRESENT	title_n:SEMANTIC_PRESENT	GAP_PRESENT	Content coverage only; no Ozon ranking-weight claim.
2271285786	USE::car_mirror	оберег в машину машину на зеркало	GENERIC_RELEVANT	SEMANTIC_PRESENT	ABSENT	SEMANTIC_PRESENT	SEMANTIC_PRESENT	title_n:SEMANTIC_PRESENT	GAP_PRESENT	Content coverage only; no Ozon ranking-weight claim.
2271285786	USE::protection	оберег деревянный	GENERIC_RELEVANT	SEMANTIC_PRESENT	ABSENT	SEMANTIC_PRESENT	SEMANTIC_PRESENT	title_n:SEMANTIC_PRESENT	GAP_PRESENT	Content coverage only; no Ozon ranking-weight claim.
2271285786	USE::protection	оберег из дерева	GENERIC_RELEVANT	ABSENT	ABSENT	SEMANTIC_PRESENT	SEMANTIC_PRESENT	attr_n:SEMANTIC_PRESENT	GAP_PRESENT	Content coverage only; no Ozon ranking-weight claim.
2271285786	USE::car_mirror	оберег с зеркалом	GENERIC_RELEVANT	ABSENT	ABSENT	ABSENT	ABSENT		GAP_PRESENT	Content coverage only; no Ozon ranking-weight claim.
2271285786	USE::car_mirror	подвеска в автомобиль	GENERIC_RELEVANT	SEMANTIC_PRESENT	ABSENT	SEMANTIC_PRESENT	SEMANTIC_PRESENT	title_n:SEMANTIC_PRESENT	GAP_PRESENT	Content coverage only; no Ozon ranking-weight claim.
2271285786	USE::car_mirror	подвеска в машину	GENERIC_RELEVANT	SEMANTIC_PRESENT	ABSENT	EXACT_PRESENT	EXACT_PRESENT	title_n:SEMANTIC_PRESENT	GAP_PRESENT	Content coverage only; no Ozon ranking-weight claim.
2271285786	ZODIAC_SIGN::стрелец	подвеска в машину авторская стрелец	EXACT_PRODUCT	PARTIAL_PRESENT	PARTIAL_PRESENT	SEMANTIC_PRESENT	PARTIAL_PRESENT	title_n:PARTIAL_PRESENT	PARTIAL_GAP	Content coverage only; no Ozon ranking-weight claim.
2271285786	USE::car_mirror	подвеска в машину на зеркало четки	GENERIC_RELEVANT	SEMANTIC_PRESENT	ABSENT	SEMANTIC_PRESENT	SEMANTIC_PRESENT	title_n:SEMANTIC_PRESENT	GAP_PRESENT	Content coverage only; no Ozon ranking-weight claim.
2271285786	USE::car_mirror	подвеска зеркал в машине	GENERIC_RELEVANT	ABSENT	ABSENT	ABSENT	ABSENT		GAP_PRESENT	Content coverage only; no Ozon ranking-weight claim.
2271285786	USE::car_mirror	подвеска из дерева в машину	GENERIC_RELEVANT	ABSENT	ABSENT	SEMANTIC_PRESENT	SEMANTIC_PRESENT	attr_n:SEMANTIC_PRESENT	GAP_PRESENT	Content coverage only; no Ozon ranking-weight claim.
2271285786	CLASS::amulet_pendant	подвеска мужская	GENERIC_RELEVANT	ABSENT	ABSENT	EXACT_PRESENT	ABSENT	attr_n:EXACT_PRESENT	GAP_PRESENT	Content coverage only; no Ozon ranking-weight claim.
2271285786	USE::car_mirror	подвеска на зеркало в машине	GENERIC_RELEVANT	SEMANTIC_PRESENT	ABSENT	SEMANTIC_PRESENT	SEMANTIC_PRESENT	title_n:SEMANTIC_PRESENT	GAP_PRESENT	Content coverage only; no Ozon ranking-weight claim.
2271285786	USE::car_mirror	подвеска на зеркало в машину	GENERIC_RELEVANT	EXACT_PRESENT	ABSENT	EXACT_PRESENT	EXACT_PRESENT	title_n:EXACT_PRESENT	GAP_PRESENT	Content coverage only; no Ozon ranking-weight claim.
2271285786	USE::car_mirror	подвеска на зеркало девушка	GENERIC_RELEVANT	ABSENT	ABSENT	ABSENT	ABSENT		GAP_PRESENT	Content coverage only; no Ozon ranking-weight claim.
2271285786	USE::car_mirror	подвеска на зеркало для автомобиля	GENERIC_RELEVANT	ABSENT	ABSENT	SEMANTIC_PRESENT	SEMANTIC_PRESENT	attr_n:SEMANTIC_PRESENT	GAP_PRESENT	Content coverage only; no Ozon ranking-weight claim.
2271285786	ZODIAC_SIGN::стрелец	подвеска стрелец позолота	EXACT_PRODUCT	PARTIAL_PRESENT	PARTIAL_PRESENT	PARTIAL_PRESENT	PARTIAL_PRESENT	title_n:PARTIAL_PRESENT	PARTIAL_GAP	Content coverage only; no Ozon ranking-weight claim.
2271285786	ZODIAC_SIGN::стрелец	расческа стрелец	STRONG_PRODUCT	PARTIAL_PRESENT	PARTIAL_PRESENT	PARTIAL_PRESENT	PARTIAL_PRESENT	title_n:PARTIAL_PRESENT	PARTIAL_GAP	Content coverage only; no Ozon ranking-weight claim.
2271285786	ZODIAC_SIGN::стрелец	стрелец	STRONG_PRODUCT	EXACT_PRESENT	EXACT_PRESENT	EXACT_PRESENT	EXACT_PRESENT	title_n:EXACT_PRESENT	NO_GAP	Content coverage only; no Ozon ranking-weight claim.
2271285786	USE::protection	талисман	GENERIC_RELEVANT	EXACT_PRESENT	ABSENT	EXACT_PRESENT	EXACT_PRESENT	title_n:EXACT_PRESENT	GAP_PRESENT	Content coverage only; no Ozon ranking-weight claim.
2271285786	USE::protection	талисман стрельца	GENERIC_RELEVANT	ABSENT	ABSENT	ABSENT	ABSENT		GAP_PRESENT	Content coverage only; no Ozon ranking-weight claim.
2271285786	ZODIAC_SIGN::стрелец	трафарет стрелец знак зодиака для топора	EXACT_PRODUCT	PARTIAL_PRESENT	PARTIAL_PRESENT	PARTIAL_PRESENT	PARTIAL_PRESENT	title_n:PARTIAL_PRESENT	PARTIAL_GAP	Content coverage only; no Ozon ranking-weight claim.
2271285786	USE::car_mirror	четки в автомобиль	GENERIC_RELEVANT	SEMANTIC_PRESENT	ABSENT	SEMANTIC_PRESENT	SEMANTIC_PRESENT	title_n:SEMANTIC_PRESENT	GAP_PRESENT	Content coverage only; no Ozon ranking-weight claim.
2271285786	USE::car_mirror	четки в машину	GENERIC_RELEVANT	SEMANTIC_PRESENT	ABSENT	SEMANTIC_PRESENT	SEMANTIC_PRESENT	title_n:SEMANTIC_PRESENT	GAP_PRESENT	Content coverage only; no Ozon ranking-weight claim.
2271285786	USE::car_mirror	четки в машину на зеркало	GENERIC_RELEVANT	SEMANTIC_PRESENT	ABSENT	SEMANTIC_PRESENT	SEMANTIC_PRESENT	title_n:SEMANTIC_PRESENT	GAP_PRESENT	Content coverage only; no Ozon ranking-weight claim.
2271292556	FAMILY::zodiac	10 шилингов знаки зодиака	FAMILY_RELEVANT	ABSENT	ABSENT	ABSENT	ABSENT		GAP_PRESENT	Content coverage only; no Ozon ranking-weight claim.
2271292556	ZODIAC_SIGN::телец	my jewelry телец	STRONG_PRODUCT	PARTIAL_PRESENT	PARTIAL_PRESENT	PARTIAL_PRESENT	PARTIAL_PRESENT	title_n:PARTIAL_PRESENT	PARTIAL_GAP	Content coverage only; no Ozon ranking-weight claim.
2271292556	USE::car_mirror	авто подвеска на зеркало	GENERIC_RELEVANT	SEMANTIC_PRESENT	ABSENT	SEMANTIC_PRESENT	SEMANTIC_PRESENT	title_n:SEMANTIC_PRESENT	GAP_PRESENT	Content coverage only; no Ozon ranking-weight claim.
2271292556	FAMILY::zodiac	адамас золото знак зодиака	FAMILY_RELEVANT	ABSENT	ABSENT	ABSENT	ABSENT		GAP_PRESENT	Content coverage only; no Ozon ranking-weight claim.
2271292556	CLASS::amulet_pendant	амулет для мужчины тельца	GENERIC_RELEVANT	ABSENT	ABSENT	PARTIAL_PRESENT	PARTIAL_PRESENT	attr_n:PARTIAL_PRESENT	GAP_PRESENT	Content coverage only; no Ozon ranking-weight claim.
2271292556	USE::protection	амулет оберег бык	GENERIC_RELEVANT	ABSENT	ABSENT	ABSENT	ABSENT		GAP_PRESENT	Content coverage only; no Ozon ranking-weight claim.
2271292556	CLASS::amulet_pendant	амулет тельца	GENERIC_RELEVANT	ABSENT	ABSENT	ABSENT	ABSENT		GAP_PRESENT	Content coverage only; no Ozon ranking-weight claim.
2271292556	CLASS::amulet_pendant	амулет тельца мужской	GENERIC_RELEVANT	ABSENT	ABSENT	ABSENT	ABSENT		GAP_PRESENT	Content coverage only; no Ozon ranking-weight claim.
2271292556	USE::protection	амулеты обереги и талисманы	GENERIC_RELEVANT	SEMANTIC_PRESENT	ABSENT	EXACT_PRESENT	SEMANTIC_PRESENT	title_n:SEMANTIC_PRESENT	GAP_PRESENT	Content coverage only; no Ozon ranking-weight claim.
2271292556	USE::car_mirror	ароматизвтор в машину на зеркало кофе ваниль	GENERIC_RELEVANT	ABSENT	ABSENT	ABSENT	ABSENT		GAP_PRESENT	Content coverage only; no Ozon ranking-weight claim.
2271292556	USE::car_mirror	брелок в машину на зеркало вархаммер	GENERIC_RELEVANT	ABSENT	ABSENT	ABSENT	ABSENT		GAP_PRESENT	Content coverage only; no Ozon ranking-weight claim.
2271292556	ZODIAC_SIGN::телец	брелок телец и	STRONG_PRODUCT	PARTIAL_PRESENT	PARTIAL_PRESENT	PARTIAL_PRESENT	PARTIAL_PRESENT	title_n:PARTIAL_PRESENT	PARTIAL_GAP	Content coverage only; no Ozon ranking-weight claim.
2271292556	USE::car_mirror	брелок у машину byd на зерколо	GENERIC_RELEVANT	ABSENT	ABSENT	ABSENT	ABSENT		GAP_PRESENT	Content coverage only; no Ozon ranking-weight claim.
2271292556	USE::car_mirror	бык в машину	GENERIC_RELEVANT	ABSENT	ABSENT	ABSENT	ABSENT		GAP_PRESENT	Content coverage only; no Ozon ranking-weight claim.
2271292556	USE::car_mirror	в машину авулет	GENERIC_RELEVANT	ABSENT	ABSENT	ABSENT	ABSENT		GAP_PRESENT	Content coverage only; no Ozon ranking-weight claim.
2271292556	USE::car_mirror	в машину подвеска	GENERIC_RELEVANT	SEMANTIC_PRESENT	ABSENT	EXACT_PRESENT	SEMANTIC_PRESENT	title_n:SEMANTIC_PRESENT	GAP_PRESENT	Content coverage only; no Ozon ranking-weight claim.
2271292556	CLASS::amulet_pendant	деревянный амулет	GENERIC_RELEVANT	SEMANTIC_PRESENT	ABSENT	SEMANTIC_PRESENT	SEMANTIC_PRESENT	title_n:SEMANTIC_PRESENT	GAP_PRESENT	Content coverage only; no Ozon ranking-weight claim.
2271292556	ZODIAC_SIGN::телец	диффузор с палочками знак зодиака телец	EXACT_PRODUCT	PARTIAL_PRESENT	PARTIAL_PRESENT	PARTIAL_PRESENT	PARTIAL_PRESENT	title_n:PARTIAL_PRESENT	PARTIAL_GAP	Content coverage only; no Ozon ranking-weight claim.
2271292556	USE::car_mirror	для салона машины подвеска	GENERIC_RELEVANT	SEMANTIC_PRESENT	ABSENT	SEMANTIC_PRESENT	SEMANTIC_PRESENT	title_n:SEMANTIC_PRESENT	GAP_PRESENT	Content coverage only; no Ozon ranking-weight claim.
2271292556	USE::car_mirror	защита оберег для машины	GENERIC_RELEVANT	PARTIAL_PRESENT	ABSENT	SEMANTIC_PRESENT	SEMANTIC_PRESENT	title_n:PARTIAL_PRESENT	GAP_PRESENT	Content coverage only; no Ozon ranking-weight claim.
2271292556	USE::car_mirror	зеркало для магии	GENERIC_RELEVANT	ABSENT	ABSENT	ABSENT	ABSENT		GAP_PRESENT	Content coverage only; no Ozon ranking-weight claim.
2271292556	USE::car_mirror	зеркало на велосипед торцевое	GENERIC_RELEVANT	ABSENT	ABSENT	ABSENT	ABSENT		GAP_PRESENT	Content coverage only; no Ozon ranking-weight claim.
2271292556	USE::car_mirror	зеркало на машину тойота надия левое	GENERIC_RELEVANT	ABSENT	ABSENT	ABSENT	ABSENT		GAP_PRESENT	Content coverage only; no Ozon ranking-weight claim.
2271292556	FAMILY::zodiac	знак зодиака на машину змееносец	FAMILY_RELEVANT	ABSENT	ABSENT	ABSENT	ABSENT		GAP_PRESENT	Content coverage only; no Ozon ranking-weight claim.
2271292556	USE::car_mirror	знак на машину для женщины	GENERIC_RELEVANT	ABSENT	ABSENT	SEMANTIC_PRESENT	SEMANTIC_PRESENT	attr_n:SEMANTIC_PRESENT	GAP_PRESENT	Content coverage only; no Ozon ranking-weight claim.
2271292556	FAMILY::zodiac	знаки зодиака	FAMILY_RELEVANT	SEMANTIC_PRESENT	ABSENT	EXACT_PRESENT	SEMANTIC_PRESENT	title_n:SEMANTIC_PRESENT	GAP_PRESENT	Content coverage only; no Ozon ranking-weight claim.
2271292556	ZODIAC_SIGN::телец	золотой телец	STRONG_PRODUCT	PARTIAL_PRESENT	PARTIAL_PRESENT	PARTIAL_PRESENT	PARTIAL_PRESENT	title_n:PARTIAL_PRESENT	PARTIAL_GAP	Content coverage only; no Ozon ranking-weight claim.
2271292556	USE::car_mirror	кулон зеркало оберег	GENERIC_RELEVANT	ABSENT	ABSENT	ABSENT	ABSENT		GAP_PRESENT	Content coverage only; no Ozon ranking-weight claim.
2271292556	ZODIAC_SIGN::телец	кулон оеребро телец	STRONG_PRODUCT	PARTIAL_PRESENT	PARTIAL_PRESENT	PARTIAL_PRESENT	PARTIAL_PRESENT	title_n:PARTIAL_PRESENT	PARTIAL_GAP	Content coverage only; no Ozon ranking-weight claim.
2271292556	ZODIAC_SIGN::телец	кулон череп телец	STRONG_PRODUCT	PARTIAL_PRESENT	PARTIAL_PRESENT	PARTIAL_PRESENT	PARTIAL_PRESENT	title_n:PARTIAL_PRESENT	PARTIAL_GAP	Content coverage only; no Ozon ranking-weight claim.
2271292556	USE::car_mirror	магическое зеркало	GENERIC_RELEVANT	ABSENT	ABSENT	ABSENT	ABSENT		GAP_PRESENT	Content coverage only; no Ozon ranking-weight claim.
2271292556	USE::car_mirror	на зеркало в машину подвеска женская сердечко сере	GENERIC_RELEVANT	ABSENT	ABSENT	ABSENT	ABSENT		GAP_PRESENT	Content coverage only; no Ozon ranking-weight claim.
2271292556	USE::car_mirror	оберег в машину	GENERIC_RELEVANT	SEMANTIC_PRESENT	ABSENT	SEMANTIC_PRESENT	SEMANTIC_PRESENT	title_n:SEMANTIC_PRESENT	GAP_PRESENT	Content coverage only; no Ozon ranking-weight claim.
2271292556	CLASS::amulet_pendant	оригинальная подвеска на зерквло	GENERIC_RELEVANT	ABSENT	ABSENT	PARTIAL_PRESENT	PARTIAL_PRESENT	attr_n:PARTIAL_PRESENT	GAP_PRESENT	Content coverage only; no Ozon ranking-weight claim.
2271292556	USE::car_mirror	подвеска в автомобиль	GENERIC_RELEVANT	SEMANTIC_PRESENT	ABSENT	SEMANTIC_PRESENT	SEMANTIC_PRESENT	title_n:SEMANTIC_PRESENT	GAP_PRESENT	Content coverage only; no Ozon ranking-weight claim.
2271292556	ZODIAC_SIGN::телец	подвеска в зеркало автомобиля телец	EXACT_PRODUCT	PARTIAL_PRESENT	PARTIAL_PRESENT	SEMANTIC_PRESENT	SEMANTIC_PRESENT	title_n:PARTIAL_PRESENT	PARTIAL_GAP	Content coverage only; no Ozon ranking-weight claim.
2271292556	USE::car_mirror	подвеска в машину	GENERIC_RELEVANT	SEMANTIC_PRESENT	ABSENT	EXACT_PRESENT	EXACT_PRESENT	title_n:SEMANTIC_PRESENT	GAP_PRESENT	Content coverage only; no Ozon ranking-weight claim.
2271292556	FAMILY::zodiac	подвеска в машину на зеркало женская зодиак	FAMILY_RELEVANT	PARTIAL_PRESENT	PARTIAL_PRESENT	PARTIAL_PRESENT	PARTIAL_PRESENT	title_n:PARTIAL_PRESENT	PARTIAL_GAP	Content coverage only; no Ozon ranking-weight claim.
2271292556	USE::car_mirror	подвеска в машину на зеркало инь янь	GENERIC_RELEVANT	ABSENT	ABSENT	ABSENT	ABSENT		GAP_PRESENT	Content coverage only; no Ozon ranking-weight claim.
2271292556	USE::car_mirror	подвеска в машину на зеркало оскал тигра	GENERIC_RELEVANT	ABSENT	ABSENT	ABSENT	ABSENT		GAP_PRESENT	Content coverage only; no Ozon ranking-weight claim.
2271292556	CLASS::amulet_pendant	подвеска магическая	GENERIC_RELEVANT	ABSENT	ABSENT	ABSENT	ABSENT		GAP_PRESENT	Content coverage only; no Ozon ranking-weight claim.
2271292556	USE::car_mirror	подвеска на авто зеркало	GENERIC_RELEVANT	SEMANTIC_PRESENT	ABSENT	SEMANTIC_PRESENT	SEMANTIC_PRESENT	title_n:SEMANTIC_PRESENT	GAP_PRESENT	Content coverage only; no Ozon ranking-weight claim.
2271292556	USE::car_mirror	подвеска на зеркало в машину	GENERIC_RELEVANT	EXACT_PRESENT	ABSENT	EXACT_PRESENT	EXACT_PRESENT	title_n:EXACT_PRESENT	GAP_PRESENT	Content coverage only; no Ozon ranking-weight claim.
2271292556	USE::car_mirror	подвеска оберег на зеркало автомобиля	GENERIC_RELEVANT	ABSENT	ABSENT	SEMANTIC_PRESENT	SEMANTIC_PRESENT	attr_n:SEMANTIC_PRESENT	GAP_PRESENT	Content coverage only; no Ozon ranking-weight claim.
2271292556	ZODIAC_SIGN::телец	подвеска телец	EXACT_PRODUCT	SEMANTIC_PRESENT	SEMANTIC_PRESENT	SEMANTIC_PRESENT	SEMANTIC_PRESENT	title_n:SEMANTIC_PRESENT	NO_GAP	Content coverage only; no Ozon ranking-weight claim.
2271292556	ZODIAC_SIGN::телец	сережки телец	STRONG_PRODUCT	PARTIAL_PRESENT	PARTIAL_PRESENT	PARTIAL_PRESENT	PARTIAL_PRESENT	title_n:PARTIAL_PRESENT	PARTIAL_GAP	Content coverage only; no Ozon ranking-weight claim.
2271292556	USE::protection	талисман	GENERIC_RELEVANT	EXACT_PRESENT	ABSENT	EXACT_PRESENT	EXACT_PRESENT	title_n:EXACT_PRESENT	GAP_PRESENT	Content coverage only; no Ozon ranking-weight claim.
2271292556	ZODIAC_SIGN::телец	телец	STRONG_PRODUCT	EXACT_PRESENT	EXACT_PRESENT	EXACT_PRESENT	EXACT_PRESENT	title_n:EXACT_PRESENT	NO_GAP	Content coverage only; no Ozon ranking-weight claim.
2271292556	ZODIAC_SIGN::телец	телец знакзодиака на стену	EXACT_PRODUCT	PARTIAL_PRESENT	PARTIAL_PRESENT	PARTIAL_PRESENT	PARTIAL_PRESENT	title_n:PARTIAL_PRESENT	PARTIAL_GAP	Content coverage only; no Ozon ranking-weight claim.
2271292556	ZODIAC_SIGN::телец	телец колье	STRONG_PRODUCT	PARTIAL_PRESENT	PARTIAL_PRESENT	PARTIAL_PRESENT	PARTIAL_PRESENT	title_n:PARTIAL_PRESENT	PARTIAL_GAP	Content coverage only; no Ozon ranking-weight claim.
2271292556	USE::car_mirror	четки в автомобиль	GENERIC_RELEVANT	SEMANTIC_PRESENT	ABSENT	SEMANTIC_PRESENT	SEMANTIC_PRESENT	title_n:SEMANTIC_PRESENT	GAP_PRESENT	Content coverage only; no Ozon ranking-weight claim.
2271292556	USE::car_mirror	четки в машину	GENERIC_RELEVANT	SEMANTIC_PRESENT	ABSENT	SEMANTIC_PRESENT	SEMANTIC_PRESENT	title_n:SEMANTIC_PRESENT	GAP_PRESENT	Content coverage only; no Ozon ranking-weight claim.
2271292556	USE::car_mirror	четки в машину на зеркало	GENERIC_RELEVANT	SEMANTIC_PRESENT	ABSENT	SEMANTIC_PRESENT	SEMANTIC_PRESENT	title_n:SEMANTIC_PRESENT	GAP_PRESENT	Content coverage only; no Ozon ranking-weight claim.
2271292556	CLASS::beads	четки н	GENERIC_RELEVANT	SEMANTIC_PRESENT	ABSENT	SEMANTIC_PRESENT	SEMANTIC_PRESENT	title_n:SEMANTIC_PRESENT	GAP_PRESENT	Content coverage only; no Ozon ranking-weight claim.
2271292556	USE::car_mirror	четки на зеркало с амулетом	GENERIC_RELEVANT	ABSENT	ABSENT	SEMANTIC_PRESENT	SEMANTIC_PRESENT	attr_n:SEMANTIC_PRESENT	GAP_PRESENT	Content coverage only; no Ozon ranking-weight claim.
2271292556	FAMILY::zodiac	четки на машину знак зодиака	FAMILY_RELEVANT	SEMANTIC_PRESENT	ABSENT	SEMANTIC_PRESENT	SEMANTIC_PRESENT	title_n:SEMANTIC_PRESENT	GAP_PRESENT	Content coverage only; no Ozon ranking-weight claim.
2271292556	CLASS::beads	четки с тр	GENERIC_RELEVANT	ABSENT	ABSENT	ABSENT	ABSENT		GAP_PRESENT	Content coverage only; no Ozon ranking-weight claim.
2271292556	ZODIAC_SIGN::телец	четки телец	EXACT_PRODUCT	SEMANTIC_PRESENT	SEMANTIC_PRESENT	SEMANTIC_PRESENT	SEMANTIC_PRESENT	title_n:SEMANTIC_PRESENT	NO_GAP	Content coverage only; no Ozon ranking-weight claim.
2326866320	UNCLEAR::18a80038ed	cerave	AMBIGUOUS_HOLD	ABSENT	ABSENT	ABSENT	ABSENT		GAP_PRESENT	Content coverage only; no Ozon ranking-weight claim.
2326866320	VARIANT::спаси и сохрани	адидас спаси и сохрани коыту	EXACT_PRODUCT	PARTIAL_PRESENT	PARTIAL_PRESENT	PARTIAL_PRESENT	PARTIAL_PRESENT	title_n:PARTIAL_PRESENT	PARTIAL_GAP	Content coverage only; no Ozon ranking-weight claim.
2326866320	CLASS::amulet_pendant	амулет	GENERIC_RELEVANT	SEMANTIC_PRESENT	ABSENT	EXACT_PRESENT	SEMANTIC_PRESENT	title_n:SEMANTIC_PRESENT	GAP_PRESENT	Content coverage only; no Ozon ranking-weight claim.
2326866320	USE::car_mirror	амулет глаз подвеска в машину	GENERIC_RELEVANT	ABSENT	ABSENT	ABSENT	ABSENT		GAP_PRESENT	Content coverage only; no Ozon ranking-weight claim.
2326866320	CLASS::amulet_pendant	амулет мужской деревянный	GENERIC_RELEVANT	SEMANTIC_PRESENT	ABSENT	SEMANTIC_PRESENT	SEMANTIC_PRESENT	title_n:SEMANTIC_PRESENT	GAP_PRESENT	Content coverage only; no Ozon ranking-weight claim.
2326866320	CLASS::amulet_pendant	амулет мужской мусульманский	GENERIC_RELEVANT	ABSENT	ABSENT	ABSENT	ABSENT		GAP_PRESENT	Content coverage only; no Ozon ranking-weight claim.
2326866320	USE::car_mirror	амулет на брелок в машину	GENERIC_RELEVANT	ABSENT	ABSENT	ABSENT	ABSENT		GAP_PRESENT	Content coverage only; no Ozon ranking-weight claim.
2326866320	USE::car_mirror	амулет от сглаза в машину на зеркало	GENERIC_RELEVANT	ABSENT	ABSENT	SEMANTIC_PRESENT	ABSENT	attr_n:SEMANTIC_PRESENT	GAP_PRESENT	Content coverage only; no Ozon ranking-weight claim.
2326866320	USE::car_mirror	амулетом на машину	GENERIC_RELEVANT	ABSENT	ABSENT	SEMANTIC_PRESENT	ABSENT	attr_n:SEMANTIC_PRESENT	GAP_PRESENT	Content coverage only; no Ozon ranking-weight claim.
2326866320	CLASS::amulet_pendant	амулеты	GENERIC_RELEVANT	SEMANTIC_PRESENT	ABSENT	EXACT_PRESENT	SEMANTIC_PRESENT	title_n:SEMANTIC_PRESENT	GAP_PRESENT	Content coverage only; no Ozon ranking-weight claim.
2326866320	USE::protection	амулеты и обереги	GENERIC_RELEVANT	SEMANTIC_PRESENT	ABSENT	SEMANTIC_PRESENT	SEMANTIC_PRESENT	title_n:SEMANTIC_PRESENT	GAP_PRESENT	Content coverage only; no Ozon ranking-weight claim.
2326866320	USE::protection	амулеты обереги и талисманы	GENERIC_RELEVANT	SEMANTIC_PRESENT	ABSENT	EXACT_PRESENT	SEMANTIC_PRESENT	title_n:SEMANTIC_PRESENT	GAP_PRESENT	Content coverage only; no Ozon ranking-weight claim.
2326866320	USE::protection	амулеты обереги и талисманы дерево	GENERIC_RELEVANT	SEMANTIC_PRESENT	ABSENT	SEMANTIC_PRESENT	SEMANTIC_PRESENT	title_n:SEMANTIC_PRESENT	GAP_PRESENT	Content coverage only; no Ozon ranking-weight claim.
2326866320	USE::car_mirror	амулеты обереги и талисманы зеркалр	GENERIC_RELEVANT	ABSENT	ABSENT	ABSENT	ABSENT		GAP_PRESENT	Content coverage only; no Ozon ranking-weight claim.
2326866320	USE::protection	амулеты обереги кулоны	GENERIC_RELEVANT	ABSENT	ABSENT	ABSENT	ABSENT		GAP_PRESENT	Content coverage only; no Ozon ranking-weight claim.
2326866320	FAMILY::religious	баннер православный	STRONG_PRODUCT	ABSENT	ABSENT	ABSENT	ABSENT		GAP_PRESENT	Content coverage only; no Ozon ranking-weight claim.
2326866320	USE::car_mirror	брелок авто талисман	GENERIC_RELEVANT	ABSENT	ABSENT	ABSENT	ABSENT		GAP_PRESENT	Content coverage only; no Ozon ranking-weight claim.
2326866320	USE::car_mirror	брелок амулет на машину	GENERIC_RELEVANT	ABSENT	ABSENT	ABSENT	ABSENT		GAP_PRESENT	Content coverage only; no Ozon ranking-weight claim.
2326866320	USE::car_mirror	брелок в машину иконка	GENERIC_RELEVANT	ABSENT	ABSENT	ABSENT	ABSENT		GAP_PRESENT	Content coverage only; no Ozon ranking-weight claim.
2326866320	USE::car_mirror	брелок деревянный автомобиль	GENERIC_RELEVANT	ABSENT	ABSENT	ABSENT	ABSENT		GAP_PRESENT	Content coverage only; no Ozon ranking-weight claim.
2326866320	USE::car_mirror	брелок на зеркало в машину ловец снов	GENERIC_RELEVANT	ABSENT	ABSENT	ABSENT	ABSENT		GAP_PRESENT	Content coverage only; no Ozon ranking-weight claim.
2326866320	USE::protection	брелок оберег деревянный	GENERIC_RELEVANT	ABSENT	ABSENT	ABSENT	ABSENT		GAP_PRESENT	Content coverage only; no Ozon ranking-weight claim.
2326866320	USE::protection	брелок оберег от	GENERIC_RELEVANT	ABSENT	ABSENT	ABSENT	ABSENT		GAP_PRESENT	Content coverage only; no Ozon ranking-weight claim.
2326866320	USE::protection	брелок оберег от сглаза	GENERIC_RELEVANT	ABSENT	ABSENT	PARTIAL_PRESENT	ABSENT	attr_n:PARTIAL_PRESENT	GAP_PRESENT	Content coverage only; no Ozon ranking-weight claim.
2326866320	USE::protection	брелок от сглаза	GENERIC_RELEVANT	ABSENT	ABSENT	PARTIAL_PRESENT	ABSENT	attr_n:PARTIAL_PRESENT	GAP_PRESENT	Content coverage only; no Ozon ranking-weight claim.
2326866320	USE::car_mirror	брелок от склаза в машину	GENERIC_RELEVANT	ABSENT	ABSENT	ABSENT	ABSENT		GAP_PRESENT	Content coverage only; no Ozon ranking-weight claim.
2326866320	VARIANT::спаси и сохрани	брелокмтамара спаси и сохрани	EXACT_PRODUCT	PARTIAL_PRESENT	PARTIAL_PRESENT	PARTIAL_PRESENT	PARTIAL_PRESENT	title_n:PARTIAL_PRESENT	PARTIAL_GAP	Content coverage only; no Ozon ranking-weight claim.
2326866320	VARIANT::спаси и сохрани	брслет охранный спаси и сохрани	EXACT_PRODUCT	PARTIAL_PRESENT	PARTIAL_PRESENT	PARTIAL_PRESENT	PARTIAL_PRESENT	title_n:PARTIAL_PRESENT	PARTIAL_GAP	Content coverage only; no Ozon ranking-weight claim.
2326866320	USE::car_mirror	бусины для подвески на зеркало в машину	GENERIC_RELEVANT	ABSENT	ABSENT	SEMANTIC_PRESENT	SEMANTIC_PRESENT	attr_n:SEMANTIC_PRESENT	GAP_PRESENT	Content coverage only; no Ozon ranking-weight claim.
2326866320	USE::car_mirror	в машину	GENERIC_RELEVANT	EXACT_PRESENT	ABSENT	EXACT_PRESENT	EXACT_PRESENT	title_n:EXACT_PRESENT	GAP_PRESENT	Content coverage only; no Ozon ranking-weight claim.
2326866320	USE::car_mirror	в машину авулет	GENERIC_RELEVANT	ABSENT	ABSENT	ABSENT	ABSENT		GAP_PRESENT	Content coverage only; no Ozon ranking-weight claim.
2326866320	USE::car_mirror	в машину амулет	GENERIC_RELEVANT	SEMANTIC_PRESENT	ABSENT	SEMANTIC_PRESENT	SEMANTIC_PRESENT	title_n:SEMANTIC_PRESENT	GAP_PRESENT	Content coverage only; no Ozon ranking-weight claim.
2326866320	USE::car_mirror	в машину для малыша подвеска	GENERIC_RELEVANT	ABSENT	ABSENT	ABSENT	ABSENT		GAP_PRESENT	Content coverage only; no Ozon ranking-weight claim.
2326866320	USE::car_mirror	вонючка в машину оберег от штрафа	GENERIC_RELEVANT	ABSENT	ABSENT	ABSENT	ABSENT		GAP_PRESENT	Content coverage only; no Ozon ranking-weight claim.
2326866320	VARIANT::спаси сохрани	иконка спаси сохрани	EXACT_PRODUCT	PARTIAL_PRESENT	PARTIAL_PRESENT	PARTIAL_PRESENT	PARTIAL_PRESENT	title_n:PARTIAL_PRESENT	PARTIAL_GAP	Content coverage only; no Ozon ranking-weight claim.
2326866320	USE::protection	мусульманский оберег	GENERIC_RELEVANT	ABSENT	ABSENT	ABSENT	ABSENT		GAP_PRESENT	Content coverage only; no Ozon ranking-weight claim.
2326866320	USE::protection	оберег	GENERIC_RELEVANT	EXACT_PRESENT	ABSENT	EXACT_PRESENT	EXACT_PRESENT	title_n:EXACT_PRESENT	GAP_PRESENT	Content coverage only; no Ozon ranking-weight claim.
2326866320	USE::car_mirror	оберег в машину	GENERIC_RELEVANT	EXACT_PRESENT	ABSENT	EXACT_PRESENT	SEMANTIC_PRESENT	title_n:EXACT_PRESENT	GAP_PRESENT	Content coverage only; no Ozon ranking-weight claim.
2326866320	USE::protection	оберег для дома от сглаза на стену	GENERIC_RELEVANT	ABSENT	ABSENT	PARTIAL_PRESENT	ABSENT	attr_n:PARTIAL_PRESENT	GAP_PRESENT	Content coverage only; no Ozon ranking-weight claim.
2326866320	USE::protection	оберег от сглаза и порчи	GENERIC_RELEVANT	ABSENT	ABSENT	PARTIAL_PRESENT	ABSENT	attr_n:PARTIAL_PRESENT	GAP_PRESENT	Content coverage only; no Ozon ranking-weight claim.
2326866320	USE::car_mirror	оберег подвеска в машину	GENERIC_RELEVANT	SEMANTIC_PRESENT	ABSENT	SEMANTIC_PRESENT	SEMANTIC_PRESENT	title_n:SEMANTIC_PRESENT	GAP_PRESENT	Content coverage only; no Ozon ranking-weight claim.
2326866320	USE::protection	обереги	GENERIC_RELEVANT	SEMANTIC_PRESENT	ABSENT	EXACT_PRESENT	SEMANTIC_PRESENT	title_n:SEMANTIC_PRESENT	GAP_PRESENT	Content coverage only; no Ozon ranking-weight claim.
2326866320	USE::protection	обереготсглаза	GENERIC_RELEVANT	ABSENT	ABSENT	EXACT_PRESENT	ABSENT	attr_n:EXACT_PRESENT	GAP_PRESENT	Content coverage only; no Ozon ranking-weight claim.
2326866320	USE::car_mirror	от сглаза в авто	GENERIC_RELEVANT	ABSENT	ABSENT	SEMANTIC_PRESENT	ABSENT	attr_n:SEMANTIC_PRESENT	GAP_PRESENT	Content coverage only; no Ozon ranking-weight claim.
2326866320	USE::car_mirror	подвеска в авто оберег	GENERIC_RELEVANT	SEMANTIC_PRESENT	ABSENT	SEMANTIC_PRESENT	SEMANTIC_PRESENT	title_n:SEMANTIC_PRESENT	GAP_PRESENT	Content coverage only; no Ozon ranking-weight claim.
2326866320	USE::car_mirror	подвеска в машину	GENERIC_RELEVANT	SEMANTIC_PRESENT	ABSENT	EXACT_PRESENT	EXACT_PRESENT	title_n:SEMANTIC_PRESENT	GAP_PRESENT	Content coverage only; no Ozon ranking-weight claim.
2326866320	USE::car_mirror	подвеска в машину на зеркало	GENERIC_RELEVANT	SEMANTIC_PRESENT	ABSENT	EXACT_PRESENT	SEMANTIC_PRESENT	title_n:SEMANTIC_PRESENT	GAP_PRESENT	Content coverage only; no Ozon ranking-weight claim.
2326866320	USE::car_mirror	подвеска на зеркало в машину	GENERIC_RELEVANT	SEMANTIC_PRESENT	ABSENT	SEMANTIC_PRESENT	SEMANTIC_PRESENT	title_n:SEMANTIC_PRESENT	GAP_PRESENT	Content coverage only; no Ozon ranking-weight claim.
2326866320	USE::car_mirror	провославный оберег в машину	GENERIC_RELEVANT	ABSENT	ABSENT	ABSENT	ABSENT		GAP_PRESENT	Content coverage only; no Ozon ranking-weight claim.
2326866320	VARIANT::спаси и сохрани	спаси и сохрани в машину с подсветкой	EXACT_PRODUCT	PARTIAL_PRESENT	PARTIAL_PRESENT	PARTIAL_PRESENT	PARTIAL_PRESENT	title_n:PARTIAL_PRESENT	PARTIAL_GAP	Content coverage only; no Ozon ranking-weight claim.
2326866320	USE::car_mirror	талисман в автомобиль	GENERIC_RELEVANT	SEMANTIC_PRESENT	ABSENT	SEMANTIC_PRESENT	SEMANTIC_PRESENT	title_n:SEMANTIC_PRESENT	GAP_PRESENT	Content coverage only; no Ozon ranking-weight claim.
2326866320	USE::protection	талисман от сглаза и порчи	GENERIC_RELEVANT	ABSENT	ABSENT	PARTIAL_PRESENT	ABSENT	attr_n:PARTIAL_PRESENT	GAP_PRESENT	Content coverage only; no Ozon ranking-weight claim.
2326866320	USE::car_mirror	четки в машину	GENERIC_RELEVANT	SEMANTIC_PRESENT	ABSENT	SEMANTIC_PRESENT	SEMANTIC_PRESENT	title_n:SEMANTIC_PRESENT	GAP_PRESENT	Content coverage only; no Ozon ranking-weight claim.
2559437928	USE::car_mirror	акриловая подвеска в машину на зеркало	GENERIC_RELEVANT	ABSENT	ABSENT	ABSENT	ABSENT		GAP_PRESENT	Content coverage only; no Ozon ranking-weight claim.
2559437928	USE::car_mirror	аксессуары в машину подвесаа зеркал барабан	GENERIC_RELEVANT	ABSENT	ABSENT	ABSENT	ABSENT		GAP_PRESENT	Content coverage only; no Ozon ranking-weight claim.
2559437928	USE::car_mirror	аксессуары в машину подвеска на зеркало	GENERIC_RELEVANT	SEMANTIC_PRESENT	ABSENT	SEMANTIC_PRESENT	SEMANTIC_PRESENT	title_n:SEMANTIC_PRESENT	GAP_PRESENT	Content coverage only; no Ozon ranking-weight claim.
2559437928	CLASS::amulet_pendant	амулет	GENERIC_RELEVANT	SEMANTIC_PRESENT	ABSENT	EXACT_PRESENT	SEMANTIC_PRESENT	title_n:SEMANTIC_PRESENT	GAP_PRESENT	Content coverage only; no Ozon ranking-weight claim.
2559437928	USE::car_mirror	амулет мужской в машину	GENERIC_RELEVANT	SEMANTIC_PRESENT	ABSENT	SEMANTIC_PRESENT	SEMANTIC_PRESENT	title_n:SEMANTIC_PRESENT	GAP_PRESENT	Content coverage only; no Ozon ranking-weight claim.
2559437928	USE::car_mirror	амулет на зеркало оберег в машину	GENERIC_RELEVANT	SEMANTIC_PRESENT	ABSENT	SEMANTIC_PRESENT	SEMANTIC_PRESENT	title_n:SEMANTIC_PRESENT	GAP_PRESENT	Content coverage only; no Ozon ranking-weight claim.
2559437928	USE::car_mirror	амулет с зеркалом по	GENERIC_RELEVANT	ABSENT	ABSENT	ABSENT	ABSENT		GAP_PRESENT	Content coverage only; no Ozon ranking-weight claim.
2559437928	FAMILY::slavic	амулет славянский подарок	FAMILY_RELEVANT	SEMANTIC_PRESENT	ABSENT	SEMANTIC_PRESENT	SEMANTIC_PRESENT	title_n:SEMANTIC_PRESENT	GAP_PRESENT	Content coverage only; no Ozon ranking-weight claim.
2559437928	USE::car_mirror	амулетом на машину	GENERIC_RELEVANT	ABSENT	ABSENT	SEMANTIC_PRESENT	ABSENT	attr_n:SEMANTIC_PRESENT	GAP_PRESENT	Content coverage only; no Ozon ranking-weight claim.
2559437928	CLASS::amulet_pendant	амулеты коло	GENERIC_RELEVANT	ABSENT	ABSENT	ABSENT	ABSENT		GAP_PRESENT	Content coverage only; no Ozon ranking-weight claim.
2559437928	USE::protection	амулеты обереги для дома	GENERIC_RELEVANT	ABSENT	ABSENT	ABSENT	ABSENT		GAP_PRESENT	Content coverage only; no Ozon ranking-weight claim.
2559437928	USE::protection	амулеты обереги и талисманы	GENERIC_RELEVANT	SEMANTIC_PRESENT	ABSENT	EXACT_PRESENT	SEMANTIC_PRESENT	title_n:SEMANTIC_PRESENT	GAP_PRESENT	Content coverage only; no Ozon ranking-weight claim.
2559437928	FAMILY::slavic	амулеты славянские	FAMILY_RELEVANT	SEMANTIC_PRESENT	ABSENT	SEMANTIC_PRESENT	SEMANTIC_PRESENT	title_n:SEMANTIC_PRESENT	GAP_PRESENT	Content coverage only; no Ozon ranking-weight claim.
2559437928	USE::car_mirror	ароматизатор в машину висячий на зеркало	GENERIC_RELEVANT	ABSENT	ABSENT	ABSENT	ABSENT		GAP_PRESENT	Content coverage only; no Ozon ranking-weight claim.
2559437928	UNCLEAR::0b1ee2c2f7	бог омулет	AMBIGUOUS_HOLD	ABSENT	ABSENT	PARTIAL_PRESENT	PARTIAL_PRESENT	attr_n:PARTIAL_PRESENT	GAP_PRESENT	Content coverage only; no Ozon ranking-weight claim.
2559437928	USE::protection	бог чур наклейка оберег	PARTIAL_RELEVANCE	PARTIAL_PRESENT	PARTIAL_PRESENT	PARTIAL_PRESENT	PARTIAL_PRESENT	title_n:PARTIAL_PRESENT	PARTIAL_GAP	Content coverage only; no Ozon ranking-weight claim.
2559437928	USE::car_mirror	брелок в машину на зеркало пушистики	GENERIC_RELEVANT	ABSENT	ABSENT	ABSENT	ABSENT		GAP_PRESENT	Content coverage only; no Ozon ranking-weight claim.
2559437928	USE::car_mirror	брелок в машину от сглаза	GENERIC_RELEVANT	ABSENT	ABSENT	PARTIAL_PRESENT	PARTIAL_PRESENT	attr_n:PARTIAL_PRESENT	GAP_PRESENT	Content coverage only; no Ozon ranking-weight claim.
2559437928	USE::car_mirror	брелок у машину byd на зерколо	GENERIC_RELEVANT	ABSENT	ABSENT	ABSENT	ABSENT		GAP_PRESENT	Content coverage only; no Ozon ranking-weight claim.
2559437928	UNCLEAR::9bef575f7d	бусины для терм	AMBIGUOUS_HOLD	ABSENT	ABSENT	SEMANTIC_PRESENT	SEMANTIC_PRESENT	attr_n:SEMANTIC_PRESENT	GAP_PRESENT	Content coverage only; no Ozon ranking-weight claim.
2559437928	USE::protection	в дом оберег	GENERIC_RELEVANT	ABSENT	ABSENT	SEMANTIC_PRESENT	SEMANTIC_PRESENT	attr_n:SEMANTIC_PRESENT	GAP_PRESENT	Content coverage only; no Ozon ranking-weight claim.
2559437928	USE::car_mirror	в машину кулон от сглаза	GENERIC_RELEVANT	ABSENT	ABSENT	PARTIAL_PRESENT	PARTIAL_PRESENT	attr_n:PARTIAL_PRESENT	GAP_PRESENT	Content coverage only; no Ozon ranking-weight claim.
2559437928	FAMILY::slavic	в машину славянский	FAMILY_RELEVANT	SEMANTIC_PRESENT	ABSENT	SEMANTIC_PRESENT	SEMANTIC_PRESENT	title_n:SEMANTIC_PRESENT	GAP_PRESENT	Content coverage only; no Ozon ranking-weight claim.
2559437928	USE::car_mirror	висюлька на зеркало в машину ароматизатор мазда	GENERIC_RELEVANT	ABSENT	ABSENT	ABSENT	ABSENT		GAP_PRESENT	Content coverage only; no Ozon ranking-weight claim.
2559437928	USE::car_mirror	гусь обнимусь подвеска на нитке в машину	GENERIC_RELEVANT	ABSENT	ABSENT	ABSENT	ABSENT		GAP_PRESENT	Content coverage only; no Ozon ranking-weight claim.
2559437928	FAMILY::slavic	дикий вепрь славянская подвеска	FAMILY_RELEVANT	PARTIAL_PRESENT	ABSENT	PARTIAL_PRESENT	ABSENT	title_n:PARTIAL_PRESENT	GAP_PRESENT	Content coverage only; no Ozon ranking-weight claim.
2559437928	USE::car_mirror	для машины в салон на зеркало подвескп	GENERIC_RELEVANT	PARTIAL_PRESENT	ABSENT	PARTIAL_PRESENT	ABSENT	title_n:PARTIAL_PRESENT	GAP_PRESENT	Content coverage only; no Ozon ranking-weight claim.
2559437928	UNCLEAR::38ea3863b2	коловрат	AMBIGUOUS_HOLD	ABSENT	ABSENT	ABSENT	ABSENT		GAP_PRESENT	Content coverage only; no Ozon ranking-weight claim.
2559437928	CLASS::amulet_pendant	коловрат подвеска	GENERIC_RELEVANT	ABSENT	ABSENT	ABSENT	ABSENT		GAP_PRESENT	Content coverage only; no Ozon ranking-weight claim.
2559437928	UNCLEAR::1b988bb172	наклейка чур	PARTIAL_RELEVANCE	PARTIAL_PRESENT	PARTIAL_PRESENT	PARTIAL_PRESENT	PARTIAL_PRESENT	title_n:PARTIAL_PRESENT	PARTIAL_GAP	Content coverage only; no Ozon ranking-weight claim.
2559437928	USE::protection	оберег	GENERIC_RELEVANT	EXACT_PRESENT	ABSENT	EXACT_PRESENT	EXACT_PRESENT	title_n:EXACT_PRESENT	GAP_PRESENT	Content coverage only; no Ozon ranking-weight claim.
2559437928	USE::car_mirror	оберег в машину	GENERIC_RELEVANT	SEMANTIC_PRESENT	ABSENT	SEMANTIC_PRESENT	SEMANTIC_PRESENT	title_n:SEMANTIC_PRESENT	GAP_PRESENT	Content coverage only; no Ozon ranking-weight claim.
2559437928	USE::car_mirror	оберег в машину мужской на зеркало	GENERIC_RELEVANT	SEMANTIC_PRESENT	ABSENT	SEMANTIC_PRESENT	SEMANTIC_PRESENT	title_n:SEMANTIC_PRESENT	GAP_PRESENT	Content coverage only; no Ozon ranking-weight claim.
2559437928	USE::protection	оберег для дома	GENERIC_RELEVANT	ABSENT	ABSENT	ABSENT	ABSENT		GAP_PRESENT	Content coverage only; no Ozon ranking-weight claim.
2559437928	USE::protection	оберег от сглаза и порчи	GENERIC_RELEVANT	ABSENT	ABSENT	EXACT_PRESENT	SEMANTIC_PRESENT	attr_n:EXACT_PRESENT	GAP_PRESENT	Content coverage only; no Ozon ranking-weight claim.
2559437928	FAMILY::slavic	оберег славянский	FAMILY_RELEVANT	SEMANTIC_PRESENT	ABSENT	SEMANTIC_PRESENT	SEMANTIC_PRESENT	title_n:SEMANTIC_PRESENT	GAP_PRESENT	Content coverage only; no Ozon ranking-weight claim.
2559437928	USE::protection	обереги	GENERIC_RELEVANT	SEMANTIC_PRESENT	ABSENT	EXACT_PRESENT	SEMANTIC_PRESENT	title_n:SEMANTIC_PRESENT	GAP_PRESENT	Content coverage only; no Ozon ranking-weight claim.
2559437928	USE::protection	обереготсглаза	GENERIC_RELEVANT	ABSENT	ABSENT	EXACT_PRESENT	ABSENT	attr_n:EXACT_PRESENT	GAP_PRESENT	Content coverage only; no Ozon ranking-weight claim.
2559437928	USE::protection	от сглаза	GENERIC_RELEVANT	ABSENT	ABSENT	EXACT_PRESENT	EXACT_PRESENT	attr_n:EXACT_PRESENT	GAP_PRESENT	Content coverage only; no Ozon ranking-weight claim.
2559437928	USE::car_mirror	подвеска в машину	GENERIC_RELEVANT	SEMANTIC_PRESENT	ABSENT	EXACT_PRESENT	SEMANTIC_PRESENT	title_n:SEMANTIC_PRESENT	GAP_PRESENT	Content coverage only; no Ozon ranking-weight claim.
2559437928	USE::car_mirror	подвеска в машину на зеркало	GENERIC_RELEVANT	SEMANTIC_PRESENT	ABSENT	EXACT_PRESENT	SEMANTIC_PRESENT	title_n:SEMANTIC_PRESENT	GAP_PRESENT	Content coverage only; no Ozon ranking-weight claim.
2559437928	CLASS::amulet_pendant	подвеска из акрила	GENERIC_RELEVANT	ABSENT	ABSENT	SEMANTIC_PRESENT	SEMANTIC_PRESENT	attr_n:SEMANTIC_PRESENT	GAP_PRESENT	Content coverage only; no Ozon ranking-weight claim.
2559437928	USE::car_mirror	подвеска на зеркало в машину	GENERIC_RELEVANT	EXACT_PRESENT	ABSENT	EXACT_PRESENT	SEMANTIC_PRESENT	title_n:EXACT_PRESENT	GAP_PRESENT	Content coverage only; no Ozon ranking-weight claim.
2559437928	USE::car_mirror	руны в машину	GENERIC_RELEVANT	ABSENT	ABSENT	ABSENT	ABSENT		GAP_PRESENT	Content coverage only; no Ozon ranking-weight claim.
2559437928	FAMILY::slavic	славянские обереги	FAMILY_RELEVANT	SEMANTIC_PRESENT	ABSENT	EXACT_PRESENT	SEMANTIC_PRESENT	title_n:SEMANTIC_PRESENT	GAP_PRESENT	Content coverage only; no Ozon ranking-weight claim.
2559437928	FAMILY::slavic	славянские украшения	FAMILY_RELEVANT	SEMANTIC_PRESENT	ABSENT	SEMANTIC_PRESENT	SEMANTIC_PRESENT	title_n:SEMANTIC_PRESENT	GAP_PRESENT	Content coverage only; no Ozon ranking-weight claim.
2559437928	FAMILY::slavic	славянский оберег	FAMILY_RELEVANT	EXACT_PRESENT	ABSENT	EXACT_PRESENT	SEMANTIC_PRESENT	title_n:EXACT_PRESENT	GAP_PRESENT	Content coverage only; no Ozon ranking-weight claim.
2559437928	FAMILY::slavic	славянский оберег в машину	FAMILY_RELEVANT	SEMANTIC_PRESENT	ABSENT	SEMANTIC_PRESENT	SEMANTIC_PRESENT	title_n:SEMANTIC_PRESENT	GAP_PRESENT	Content coverage only; no Ozon ranking-weight claim.
2559437928	FAMILY::slavic	славянский оберег для ключей дома	FAMILY_RELEVANT	ABSENT	ABSENT	ABSENT	ABSENT		GAP_PRESENT	Content coverage only; no Ozon ranking-weight claim.
2559437928	FAMILY::slavic	славянский оберег мужской в машину	FAMILY_RELEVANT	SEMANTIC_PRESENT	ABSENT	SEMANTIC_PRESENT	SEMANTIC_PRESENT	title_n:SEMANTIC_PRESENT	GAP_PRESENT	Content coverage only; no Ozon ranking-weight claim.
2559437928	USE::protection	талисман	GENERIC_RELEVANT	SEMANTIC_PRESENT	ABSENT	EXACT_PRESENT	EXACT_PRESENT	title_n:SEMANTIC_PRESENT	GAP_PRESENT	Content coverage only; no Ozon ranking-weight claim.
2559437928	FAMILY::slavic	четки в автомобиль славянские в машину	FAMILY_RELEVANT	SEMANTIC_PRESENT	ABSENT	SEMANTIC_PRESENT	SEMANTIC_PRESENT	title_n:SEMANTIC_PRESENT	GAP_PRESENT	Content coverage only; no Ozon ranking-weight claim.
2559437928	UNCLEAR::46fc16be1b	чур	PARTIAL_RELEVANCE	EXACT_PRESENT	EXACT_PRESENT	EXACT_PRESENT	EXACT_PRESENT	title_n:EXACT_PRESENT	NO_GAP	Content coverage only; no Ozon ranking-weight claim.
2559437928	CLASS::amulet_pendant	чур амулет	PARTIAL_RELEVANCE	SEMANTIC_PRESENT	SEMANTIC_PRESENT	SEMANTIC_PRESENT	SEMANTIC_PRESENT	title_n:SEMANTIC_PRESENT	NO_GAP	Content coverage only; no Ozon ranking-weight claim.
2559437928	UNCLEAR::66ac86beae	эзотерика	AMBIGUOUS_HOLD	ABSENT	ABSENT	ABSENT	ABSENT		GAP_PRESENT	Content coverage only; no Ozon ranking-weight claim.
2559748332	USE::car_mirror	no pasaran подвеска в машину	GENERIC_RELEVANT	ABSENT	ABSENT	ABSENT	ABSENT		GAP_PRESENT	Content coverage only; no Ozon ranking-weight claim.
2559748332	UNCLEAR::75ced707ad	{value}	AMBIGUOUS_HOLD	ABSENT	ABSENT	ABSENT	ABSENT		GAP_PRESENT	Content coverage only; no Ozon ranking-weight claim.
2559748332	USE::car_mirror	авто аксессуары на зеркало	GENERIC_RELEVANT	SEMANTIC_PRESENT	ABSENT	SEMANTIC_PRESENT	SEMANTIC_PRESENT	title_n:SEMANTIC_PRESENT	GAP_PRESENT	Content coverage only; no Ozon ranking-weight claim.
2559748332	USE::car_mirror	автомобиль мусульманский	GENERIC_RELEVANT	ABSENT	ABSENT	ABSENT	ABSENT		GAP_PRESENT	Content coverage only; no Ozon ranking-weight claim.
2559748332	USE::car_mirror	автомобильный талисман оберег на зеркало	GENERIC_RELEVANT	SEMANTIC_PRESENT	ABSENT	SEMANTIC_PRESENT	SEMANTIC_PRESENT	title_n:SEMANTIC_PRESENT	GAP_PRESENT	Content coverage only; no Ozon ranking-weight claim.
2559748332	USE::car_mirror	автоподвеска мужска	GENERIC_RELEVANT	ABSENT	ABSENT	PARTIAL_PRESENT	ABSENT	attr_n:PARTIAL_PRESENT	GAP_PRESENT	Content coverage only; no Ozon ranking-weight claim.
2559748332	USE::car_mirror	акриловая подвеска в машину на зеркало	GENERIC_RELEVANT	ABSENT	ABSENT	ABSENT	ABSENT		GAP_PRESENT	Content coverage only; no Ozon ranking-weight claim.
2559748332	USE::car_mirror	аксессуар на зеркало	GENERIC_RELEVANT	SEMANTIC_PRESENT	ABSENT	SEMANTIC_PRESENT	SEMANTIC_PRESENT	title_n:SEMANTIC_PRESENT	GAP_PRESENT	Content coverage only; no Ozon ranking-weight claim.
2559748332	USE::car_mirror	аксессуары в машину подвеска	GENERIC_RELEVANT	SEMANTIC_PRESENT	ABSENT	EXACT_PRESENT	SEMANTIC_PRESENT	title_n:SEMANTIC_PRESENT	GAP_PRESENT	Content coverage only; no Ozon ranking-weight claim.
2559748332	USE::car_mirror	аксессуары для машины в подарок мужчине подвески на зеркало	GENERIC_RELEVANT	SEMANTIC_PRESENT	ABSENT	SEMANTIC_PRESENT	ABSENT	title_n:SEMANTIC_PRESENT	GAP_PRESENT	Content coverage only; no Ozon ranking-weight claim.
2559748332	USE::car_mirror	аксессуары на зеркало в атомобиль	GENERIC_RELEVANT	ABSENT	ABSENT	ABSENT	ABSENT		GAP_PRESENT	Content coverage only; no Ozon ranking-weight claim.
2559748332	VARIANT::герб	аксессуары на машину герб	EXACT_PRODUCT	SEMANTIC_PRESENT	SEMANTIC_PRESENT	SEMANTIC_PRESENT	SEMANTIC_PRESENT	title_n:SEMANTIC_PRESENT	NO_GAP	Content coverage only; no Ozon ranking-weight claim.
2559748332	USE::car_mirror	амулет для автомобиля в машину на зеркало	GENERIC_RELEVANT	ABSENT	ABSENT	SEMANTIC_PRESENT	SEMANTIC_PRESENT	attr_n:SEMANTIC_PRESENT	GAP_PRESENT	Content coverage only; no Ozon ranking-weight claim.
2559748332	USE::car_mirror	амулет зеркало оберег	GENERIC_RELEVANT	SEMANTIC_PRESENT	ABSENT	SEMANTIC_PRESENT	SEMANTIC_PRESENT	title_n:SEMANTIC_PRESENT	GAP_PRESENT	Content coverage only; no Ozon ranking-weight claim.
2559748332	USE::car_mirror	амулет мужской на зеркало щаднего вида	GENERIC_RELEVANT	ABSENT	ABSENT	PARTIAL_PRESENT	PARTIAL_PRESENT	attr_n:PARTIAL_PRESENT	GAP_PRESENT	Content coverage only; no Ozon ranking-weight claim.
2559748332	USE::car_mirror	амулет на зеркало автомобиля	GENERIC_RELEVANT	ABSENT	ABSENT	SEMANTIC_PRESENT	SEMANTIC_PRESENT	attr_n:SEMANTIC_PRESENT	GAP_PRESENT	Content coverage only; no Ozon ranking-weight claim.
2559748332	USE::car_mirror	амулет с зеркалом	GENERIC_RELEVANT	ABSENT	ABSENT	ABSENT	ABSENT		GAP_PRESENT	Content coverage only; no Ozon ranking-weight claim.
2559748332	USE::protection	амулеты обереги и талисманы	GENERIC_RELEVANT	SEMANTIC_PRESENT	ABSENT	EXACT_PRESENT	SEMANTIC_PRESENT	title_n:SEMANTIC_PRESENT	GAP_PRESENT	Content coverage only; no Ozon ranking-weight claim.
2559748332	USE::car_mirror	ароматизатор в машину на зеркало в виде касеты	GENERIC_RELEVANT	ABSENT	ABSENT	PARTIAL_PRESENT	PARTIAL_PRESENT	attr_n:PARTIAL_PRESENT	GAP_PRESENT	Content coverage only; no Ozon ranking-weight claim.
2559748332	USE::car_mirror	в машину	GENERIC_RELEVANT	EXACT_PRESENT	ABSENT	EXACT_PRESENT	SEMANTIC_PRESENT	title_n:EXACT_PRESENT	GAP_PRESENT	Content coverage only; no Ozon ranking-weight claim.
2559748332	USE::car_mirror	в машину на зеркало	GENERIC_RELEVANT	SEMANTIC_PRESENT	ABSENT	EXACT_PRESENT	SEMANTIC_PRESENT	title_n:SEMANTIC_PRESENT	GAP_PRESENT	Content coverage only; no Ozon ranking-weight claim.
2559748332	USE::car_mirror	в машину подвеска на зеркало	GENERIC_RELEVANT	SEMANTIC_PRESENT	ABSENT	SEMANTIC_PRESENT	SEMANTIC_PRESENT	title_n:SEMANTIC_PRESENT	GAP_PRESENT	Content coverage only; no Ozon ranking-weight claim.
2559748332	VARIANT::герб	герб	EXACT_PRODUCT	EXACT_PRESENT	EXACT_PRESENT	EXACT_PRESENT	EXACT_PRESENT	title_n:EXACT_PRESENT	NO_GAP	Content coverage only; no Ozon ranking-weight claim.
2559748332	USE::car_mirror	зеркало	GENERIC_RELEVANT	EXACT_PRESENT	ABSENT	EXACT_PRESENT	EXACT_PRESENT	title_n:EXACT_PRESENT	GAP_PRESENT	Content coverage only; no Ozon ranking-weight claim.
2559748332	USE::car_mirror	зеркало амулет	GENERIC_RELEVANT	SEMANTIC_PRESENT	ABSENT	SEMANTIC_PRESENT	SEMANTIC_PRESENT	title_n:SEMANTIC_PRESENT	GAP_PRESENT	Content coverage only; no Ozon ranking-weight claim.
2559748332	USE::car_mirror	зеркальный амулет	GENERIC_RELEVANT	ABSENT	ABSENT	ABSENT	ABSENT		GAP_PRESENT	Content coverage only; no Ozon ranking-weight claim.
2559748332	USE::protection	оберег	GENERIC_RELEVANT	SEMANTIC_PRESENT	ABSENT	EXACT_PRESENT	EXACT_PRESENT	title_n:SEMANTIC_PRESENT	GAP_PRESENT	Content coverage only; no Ozon ranking-weight claim.
2559748332	USE::car_mirror	оберег автомобильный	GENERIC_RELEVANT	SEMANTIC_PRESENT	ABSENT	SEMANTIC_PRESENT	SEMANTIC_PRESENT	title_n:SEMANTIC_PRESENT	GAP_PRESENT	Content coverage only; no Ozon ranking-weight claim.
2559748332	USE::car_mirror	оберег в машину	GENERIC_RELEVANT	SEMANTIC_PRESENT	ABSENT	EXACT_PRESENT	SEMANTIC_PRESENT	title_n:SEMANTIC_PRESENT	GAP_PRESENT	Content coverage only; no Ozon ranking-weight claim.
2559748332	USE::protection	обереготсглаза	GENERIC_RELEVANT	ABSENT	ABSENT	EXACT_PRESENT	ABSENT	attr_n:EXACT_PRESENT	GAP_PRESENT	Content coverage only; no Ozon ranking-weight claim.
2559748332	USE::gift	подарок мужчине на день рождения	AMBIGUOUS_HOLD	ABSENT	ABSENT	SEMANTIC_PRESENT	SEMANTIC_PRESENT	attr_n:SEMANTIC_PRESENT	GAP_PRESENT	Content coverage only; no Ozon ranking-weight claim.
2559748332	CLASS::amulet_pendant	подвеска	GENERIC_RELEVANT	EXACT_PRESENT	ABSENT	EXACT_PRESENT	EXACT_PRESENT	title_n:EXACT_PRESENT	GAP_PRESENT	Content coverage only; no Ozon ranking-weight claim.
2559748332	USE::car_mirror	подвеска в машину	GENERIC_RELEVANT	SEMANTIC_PRESENT	ABSENT	EXACT_PRESENT	SEMANTIC_PRESENT	title_n:SEMANTIC_PRESENT	GAP_PRESENT	Content coverage only; no Ozon ranking-weight claim.
2559748332	USE::car_mirror	подвеска в машину на зеркало	GENERIC_RELEVANT	SEMANTIC_PRESENT	ABSENT	EXACT_PRESENT	SEMANTIC_PRESENT	title_n:SEMANTIC_PRESENT	GAP_PRESENT	Content coverage only; no Ozon ranking-weight claim.
2559748332	USE::car_mirror	подвеска в машину на зеркало с кисточкой	GENERIC_RELEVANT	ABSENT	ABSENT	ABSENT	ABSENT		GAP_PRESENT	Content coverage only; no Ozon ranking-weight claim.
2559748332	VARIANT::герб	подвеска герб в машину	EXACT_PRODUCT	SEMANTIC_PRESENT	SEMANTIC_PRESENT	SEMANTIC_PRESENT	SEMANTIC_PRESENT	title_n:SEMANTIC_PRESENT	NO_GAP	Content coverage only; no Ozon ranking-weight claim.
2559748332	CLASS::amulet_pendant	подвеска дерева мужская	GENERIC_RELEVANT	ABSENT	ABSENT	SEMANTIC_PRESENT	PARTIAL_PRESENT	attr_n:SEMANTIC_PRESENT	GAP_PRESENT	Content coverage only; no Ozon ranking-weight claim.
2559748332	CLASS::amulet_pendant	подвеска мужская	GENERIC_RELEVANT	ABSENT	ABSENT	EXACT_PRESENT	ABSENT	attr_n:EXACT_PRESENT	GAP_PRESENT	Content coverage only; no Ozon ranking-weight claim.
2559748332	USE::car_mirror	подвеска на зеркало	GENERIC_RELEVANT	EXACT_PRESENT	ABSENT	EXACT_PRESENT	EXACT_PRESENT	title_n:EXACT_PRESENT	GAP_PRESENT	Content coverage only; no Ozon ranking-weight claim.
2559748332	USE::car_mirror	подвеска на зеркало в машину	GENERIC_RELEVANT	EXACT_PRESENT	ABSENT	EXACT_PRESENT	SEMANTIC_PRESENT	title_n:EXACT_PRESENT	GAP_PRESENT	Content coverage only; no Ozon ranking-weight claim.
2559748332	USE::car_mirror	подвеска на зеркало в машину киа	GENERIC_RELEVANT	ABSENT	ABSENT	ABSENT	ABSENT		GAP_PRESENT	Content coverage only; no Ozon ranking-weight claim.
2559748332	USE::car_mirror	подвески в автомобиль на зеркало	GENERIC_RELEVANT	SEMANTIC_PRESENT	ABSENT	SEMANTIC_PRESENT	SEMANTIC_PRESENT	title_n:SEMANTIC_PRESENT	GAP_PRESENT	Content coverage only; no Ozon ranking-weight claim.
2559748332	USE::protection	талисман	GENERIC_RELEVANT	EXACT_PRESENT	ABSENT	EXACT_PRESENT	EXACT_PRESENT	title_n:EXACT_PRESENT	GAP_PRESENT	Content coverage only; no Ozon ranking-weight claim.
2559748332	USE::car_mirror	талисман в машину женский	GENERIC_RELEVANT	ABSENT	ABSENT	ABSENT	ABSENT		GAP_PRESENT	Content coverage only; no Ozon ranking-weight claim.
2559748332	USE::car_mirror	талисман в машину мужской	GENERIC_RELEVANT	SEMANTIC_PRESENT	ABSENT	SEMANTIC_PRESENT	SEMANTIC_PRESENT	title_n:SEMANTIC_PRESENT	GAP_PRESENT	Content coverage only; no Ozon ranking-weight claim.
2559748332	USE::protection	талисманудачи	GENERIC_RELEVANT	ABSENT	ABSENT	EXACT_PRESENT	ABSENT	attr_n:EXACT_PRESENT	GAP_PRESENT	Content coverage only; no Ozon ranking-weight claim.
2559817779	USE::car_mirror	автооберег	GENERIC_RELEVANT	ABSENT	ABSENT	ABSENT	ABSENT		GAP_PRESENT	Content coverage only; no Ozon ranking-weight claim.
2559817779	USE::car_mirror	амулет зеркало	GENERIC_RELEVANT	SEMANTIC_PRESENT	ABSENT	SEMANTIC_PRESENT	SEMANTIC_PRESENT	title_n:SEMANTIC_PRESENT	GAP_PRESENT	Content coverage only; no Ozon ranking-weight claim.
2559817779	USE::car_mirror	арома подвеска в машину на зеркало мужская	GENERIC_RELEVANT	ABSENT	ABSENT	PARTIAL_PRESENT	ABSENT	attr_n:PARTIAL_PRESENT	GAP_PRESENT	Content coverage only; no Ozon ranking-weight claim.
2559817779	USE::car_mirror	брелок в машину мягкий на зеркало	GENERIC_RELEVANT	ABSENT	ABSENT	ABSENT	ABSENT		GAP_PRESENT	Content coverage only; no Ozon ranking-weight claim.
2559817779	USE::car_mirror	брелок в машину на зеркало	GENERIC_RELEVANT	ABSENT	ABSENT	ABSENT	ABSENT		GAP_PRESENT	Content coverage only; no Ozon ranking-weight claim.
2559817779	USE::car_mirror	в машину для мужчины амулет	GENERIC_RELEVANT	ABSENT	ABSENT	SEMANTIC_PRESENT	SEMANTIC_PRESENT	attr_n:SEMANTIC_PRESENT	GAP_PRESENT	Content coverage only; no Ozon ranking-weight claim.
2559817779	USE::car_mirror	в машину на зеркало подвеска	GENERIC_RELEVANT	SEMANTIC_PRESENT	ABSENT	SEMANTIC_PRESENT	SEMANTIC_PRESENT	title_n:SEMANTIC_PRESENT	GAP_PRESENT	Content coverage only; no Ozon ranking-weight claim.
2559817779	VARIANT::герб	герб рости наклека на машину	EXACT_PRODUCT	PARTIAL_PRESENT	PARTIAL_PRESENT	PARTIAL_PRESENT	PARTIAL_PRESENT	title_n:PARTIAL_PRESENT	PARTIAL_GAP	Content coverage only; no Ozon ranking-weight claim.
2559817779	USE::car_mirror	голова вуду подвеска на зеркало	GENERIC_RELEVANT	ABSENT	ABSENT	ABSENT	ABSENT		GAP_PRESENT	Content coverage only; no Ozon ranking-weight claim.
2559817779	USE::car_mirror	для машины в салон на зеркало подвескп	GENERIC_RELEVANT	PARTIAL_PRESENT	ABSENT	PARTIAL_PRESENT	ABSENT	title_n:PARTIAL_PRESENT	GAP_PRESENT	Content coverage only; no Ozon ranking-weight claim.
2559817779	USE::car_mirror	дракон в машину на зеркало	GENERIC_RELEVANT	ABSENT	ABSENT	ABSENT	ABSENT		GAP_PRESENT	Content coverage only; no Ozon ranking-weight claim.
2559817779	USE::car_mirror	зеркало талисман	GENERIC_RELEVANT	SEMANTIC_PRESENT	ABSENT	SEMANTIC_PRESENT	SEMANTIC_PRESENT	title_n:SEMANTIC_PRESENT	GAP_PRESENT	Content coverage only; no Ozon ranking-weight claim.
2559817779	CLASS::amulet_pendant	кровь дерево подвеска на шею	GENERIC_RELEVANT	ABSENT	ABSENT	PARTIAL_PRESENT	PARTIAL_PRESENT	attr_n:PARTIAL_PRESENT	GAP_PRESENT	Content coverage only; no Ozon ranking-weight claim.
2559817779	USE::car_mirror	крутящийся ароматизатор в машину подвеска на зеркало	GENERIC_RELEVANT	ABSENT	ABSENT	ABSENT	ABSENT		GAP_PRESENT	Content coverage only; no Ozon ranking-weight claim.
2559817779	USE::car_mirror	кулон на зеркало в машину	GENERIC_RELEVANT	ABSENT	ABSENT	ABSENT	ABSENT		GAP_PRESENT	Content coverage only; no Ozon ranking-weight claim.
2559817779	USE::car_mirror	лампа подвеска в машину	GENERIC_RELEVANT	ABSENT	ABSENT	ABSENT	ABSENT		GAP_PRESENT	Content coverage only; no Ozon ranking-weight claim.
2559817779	USE::car_mirror	мотоцикл подвеска в машину	GENERIC_RELEVANT	ABSENT	ABSENT	ABSENT	ABSENT		GAP_PRESENT	Content coverage only; no Ozon ranking-weight claim.
2559817779	USE::protection	мусульманский оберег	GENERIC_RELEVANT	ABSENT	ABSENT	ABSENT	ABSENT		GAP_PRESENT	Content coverage only; no Ozon ranking-weight claim.
2559817779	USE::car_mirror	мусульманский оберег в машину	GENERIC_RELEVANT	ABSENT	ABSENT	ABSENT	ABSENT		GAP_PRESENT	Content coverage only; no Ozon ranking-weight claim.
2559817779	USE::car_mirror	на зеркало автомобиля подвеска герю	GENERIC_RELEVANT	ABSENT	ABSENT	PARTIAL_PRESENT	PARTIAL_PRESENT	attr_n:PARTIAL_PRESENT	GAP_PRESENT	Content coverage only; no Ozon ranking-weight claim.
2559817779	USE::car_mirror	на зеркало в машину подвеска	GENERIC_RELEVANT	SEMANTIC_PRESENT	ABSENT	SEMANTIC_PRESENT	SEMANTIC_PRESENT	title_n:SEMANTIC_PRESENT	GAP_PRESENT	Content coverage only; no Ozon ranking-weight claim.
2559817779	USE::car_mirror	на зеркало в машину подвеска участник бое	GENERIC_RELEVANT	ABSENT	ABSENT	ABSENT	ABSENT		GAP_PRESENT	Content coverage only; no Ozon ranking-weight claim.
2559817779	USE::car_mirror	обеоег на зеркало в машину мусульманская	GENERIC_RELEVANT	ABSENT	ABSENT	ABSENT	ABSENT		GAP_PRESENT	Content coverage only; no Ozon ranking-weight claim.
2559817779	USE::car_mirror	оберег амулет в машину с волосами	GENERIC_RELEVANT	ABSENT	ABSENT	ABSENT	ABSENT		GAP_PRESENT	Content coverage only; no Ozon ranking-weight claim.
2559817779	USE::car_mirror	оберег в машину	GENERIC_RELEVANT	SEMANTIC_PRESENT	ABSENT	EXACT_PRESENT	SEMANTIC_PRESENT	title_n:SEMANTIC_PRESENT	GAP_PRESENT	Content coverage only; no Ozon ranking-weight claim.
2559817779	USE::car_mirror	оберег в машину тойота	GENERIC_RELEVANT	ABSENT	ABSENT	ABSENT	ABSENT		GAP_PRESENT	Content coverage only; no Ozon ranking-weight claim.
2559817779	USE::car_mirror	оберег для водителя в машину	GENERIC_RELEVANT	ABSENT	ABSENT	SEMANTIC_PRESENT	SEMANTIC_PRESENT	attr_n:SEMANTIC_PRESENT	GAP_PRESENT	Content coverage only; no Ozon ranking-weight claim.
2559817779	USE::car_mirror	оберег зеркало на шею подвеска	GENERIC_RELEVANT	ABSENT	ABSENT	ABSENT	ABSENT		GAP_PRESENT	Content coverage only; no Ozon ranking-weight claim.
2559817779	USE::car_mirror	оберег на зеркала	GENERIC_RELEVANT	SEMANTIC_PRESENT	ABSENT	SEMANTIC_PRESENT	SEMANTIC_PRESENT	title_n:SEMANTIC_PRESENT	GAP_PRESENT	Content coverage only; no Ozon ranking-weight claim.
2559817779	USE::car_mirror	оберег на машину	GENERIC_RELEVANT	SEMANTIC_PRESENT	ABSENT	SEMANTIC_PRESENT	SEMANTIC_PRESENT	title_n:SEMANTIC_PRESENT	GAP_PRESENT	Content coverage only; no Ozon ranking-weight claim.
2559817779	USE::protection	обереготсглаза	GENERIC_RELEVANT	ABSENT	ABSENT	EXACT_PRESENT	ABSENT	attr_n:EXACT_PRESENT	GAP_PRESENT	Content coverage only; no Ozon ranking-weight claim.
2559817779	USE::car_mirror	подвес в машину на зеркало	GENERIC_RELEVANT	ABSENT	ABSENT	ABSENT	ABSENT		GAP_PRESENT	Content coverage only; no Ozon ranking-weight claim.
2559817779	USE::car_mirror	подвеска в автомобиль	GENERIC_RELEVANT	SEMANTIC_PRESENT	ABSENT	SEMANTIC_PRESENT	SEMANTIC_PRESENT	title_n:SEMANTIC_PRESENT	GAP_PRESENT	Content coverage only; no Ozon ranking-weight claim.
2559817779	USE::car_mirror	подвеска в автомобиль на зеркало	GENERIC_RELEVANT	SEMANTIC_PRESENT	ABSENT	SEMANTIC_PRESENT	SEMANTIC_PRESENT	title_n:SEMANTIC_PRESENT	GAP_PRESENT	Content coverage only; no Ozon ranking-weight claim.
2559817779	USE::car_mirror	подвеска в машину	GENERIC_RELEVANT	SEMANTIC_PRESENT	ABSENT	EXACT_PRESENT	SEMANTIC_PRESENT	title_n:SEMANTIC_PRESENT	GAP_PRESENT	Content coverage only; no Ozon ranking-weight claim.
2559817779	USE::car_mirror	подвеска в машину большая	GENERIC_RELEVANT	ABSENT	ABSENT	ABSENT	ABSENT		GAP_PRESENT	Content coverage only; no Ozon ranking-weight claim.
2559817779	VARIANT::герб	подвеска в машину герб	EXACT_PRODUCT	SEMANTIC_PRESENT	SEMANTIC_PRESENT	SEMANTIC_PRESENT	SEMANTIC_PRESENT	title_n:SEMANTIC_PRESENT	NO_GAP	Content coverage only; no Ozon ranking-weight claim.
2559817779	USE::car_mirror	подвеска в машину на зеркало	GENERIC_RELEVANT	SEMANTIC_PRESENT	ABSENT	EXACT_PRESENT	SEMANTIC_PRESENT	title_n:SEMANTIC_PRESENT	GAP_PRESENT	Content coverage only; no Ozon ranking-weight claim.
2559817779	USE::car_mirror	подвеска в машину на зеркало георгиевская	GENERIC_RELEVANT	ABSENT	ABSENT	ABSENT	ABSENT		GAP_PRESENT	Content coverage only; no Ozon ranking-weight claim.
2559817779	USE::car_mirror	подвеска в машину на зеркало же	GENERIC_RELEVANT	ABSENT	ABSENT	ABSENT	ABSENT		GAP_PRESENT	Content coverage only; no Ozon ranking-weight claim.
2559817779	USE::car_mirror	подвеска в машину на зеркало инь янь	GENERIC_RELEVANT	ABSENT	ABSENT	ABSENT	ABSENT		GAP_PRESENT	Content coverage only; no Ozon ranking-weight claim.
2559817779	USE::car_mirror	подвеска в машину на зеркало мужская шайба	GENERIC_RELEVANT	ABSENT	ABSENT	PARTIAL_PRESENT	ABSENT	attr_n:PARTIAL_PRESENT	GAP_PRESENT	Content coverage only; no Ozon ranking-weight claim.
2559817779	USE::car_mirror	подвеска в машину на зеркало питбуль	GENERIC_RELEVANT	ABSENT	ABSENT	ABSENT	ABSENT		GAP_PRESENT	Content coverage only; no Ozon ranking-weight claim.
2559817779	USE::car_mirror	подвеска в машину на зеркало россиянка	GENERIC_RELEVANT	ABSENT	ABSENT	ABSENT	ABSENT		GAP_PRESENT	Content coverage only; no Ozon ranking-weight claim.
2559817779	USE::car_mirror	подвеска в машину на зеркало с крестом провославным	GENERIC_RELEVANT	ABSENT	ABSENT	ABSENT	ABSENT		GAP_PRESENT	Content coverage only; no Ozon ranking-weight claim.
2559817779	USE::car_mirror	подвеска на зеркало	GENERIC_RELEVANT	EXACT_PRESENT	ABSENT	EXACT_PRESENT	EXACT_PRESENT	title_n:EXACT_PRESENT	GAP_PRESENT	Content coverage only; no Ozon ranking-weight claim.
2559817779	USE::car_mirror	подвеска на зеркало в авто	GENERIC_RELEVANT	SEMANTIC_PRESENT	ABSENT	SEMANTIC_PRESENT	SEMANTIC_PRESENT	title_n:SEMANTIC_PRESENT	GAP_PRESENT	Content coverage only; no Ozon ranking-weight claim.
2559817779	USE::car_mirror	подвеска на зеркало в машину	GENERIC_RELEVANT	EXACT_PRESENT	ABSENT	EXACT_PRESENT	SEMANTIC_PRESENT	title_n:EXACT_PRESENT	GAP_PRESENT	Content coverage only; no Ozon ranking-weight claim.
2559817779	USE::car_mirror	подвеска на зеркало в машину мужская скалодаз	GENERIC_RELEVANT	ABSENT	ABSENT	PARTIAL_PRESENT	ABSENT	attr_n:PARTIAL_PRESENT	GAP_PRESENT	Content coverage only; no Ozon ranking-weight claim.
2559817779	USE::car_mirror	подвеска на зеркало в машину топор	GENERIC_RELEVANT	ABSENT	ABSENT	ABSENT	ABSENT		GAP_PRESENT	Content coverage only; no Ozon ranking-weight claim.
2559817779	USE::car_mirror	подвеска на машину	GENERIC_RELEVANT	SEMANTIC_PRESENT	ABSENT	SEMANTIC_PRESENT	SEMANTIC_PRESENT	title_n:SEMANTIC_PRESENT	GAP_PRESENT	Content coverage only; no Ozon ranking-weight claim.
2559817779	USE::car_mirror	россия белоруссия флаг на присоске в машину	PARTIAL_RELEVANCE	PARTIAL_PRESENT	PARTIAL_PRESENT	PARTIAL_PRESENT	PARTIAL_PRESENT	title_n:PARTIAL_PRESENT	PARTIAL_GAP	Content coverage only; no Ozon ranking-weight claim.
2559817779	CLASS::amulet_pendant	русская подвескс	GENERIC_RELEVANT	ABSENT	ABSENT	ABSENT	ABSENT		GAP_PRESENT	Content coverage only; no Ozon ranking-weight claim.
2559817779	VARIANT::россии	флаги россии маленькие на присоске в машину	EXACT_PRODUCT	PARTIAL_PRESENT	PARTIAL_PRESENT	PARTIAL_PRESENT	PARTIAL_PRESENT	title_n:PARTIAL_PRESENT	PARTIAL_GAP	Content coverage only; no Ozon ranking-weight claim.
2559817779	VARIANT::герб россии	шифрондля школы герб россии	EXACT_PRODUCT	PARTIAL_PRESENT	PARTIAL_PRESENT	PARTIAL_PRESENT	PARTIAL_PRESENT	title_n:PARTIAL_PRESENT	PARTIAL_GAP	Content coverage only; no Ozon ranking-weight claim.
