query_or_cluster	ownership_type	primary_owner_sku	supporting_skus	competing_skus	overlap_risk	ownership_reason	manual_review_required
10 шилингов знаки зодиака	FAMILY_SHARED		2271292556		LOW	0 exact/strong owner(s); 1 family/generic supporting relation(s).	NO
12 з подвеска	FAMILY_SHARED		1640326230		LOW	0 exact/strong owner(s); 1 family/generic supporting relation(s).	NO
1600013 сварог	SKU_SPECIFIC	2183921966			LOW	1 exact/strong owner(s); 0 family/generic supporting relation(s).	NO
200 шт подвески звезды	UNCLEAR				MEDIUM	0 exact/strong owner(s); 0 family/generic supporting relation(s).	YES
3d подвеска в машину на зеркало	FAMILY_SHARED		2183921966		LOW	0 exact/strong owner(s); 1 family/generic supporting relation(s).	NO
3д подвеска в машину на зеркало	FAMILY_SHARED		1629553898		LOW	0 exact/strong owner(s); 1 family/generic supporting relation(s).	NO
94049007 подвеска лев	SKU_SPECIFIC	2186857668			LOW	1 exact/strong owner(s); 0 family/generic supporting relation(s).	NO
bimbo twins	UNCLEAR				MEDIUM	0 exact/strong owner(s); 0 family/generic supporting relation(s).	YES
cerave	UNCLEAR				MEDIUM	0 exact/strong owner(s); 0 family/generic supporting relation(s).	YES
cosaque	UNCLEAR				MEDIUM	0 exact/strong owner(s); 0 family/generic supporting relation(s).	YES
dtlmvbyf gjldtcrf	UNCLEAR				MEDIUM	0 exact/strong owner(s); 0 family/generic supporting relation(s).	YES
enjoy the silence подвеска в машину	FAMILY_SHARED		1720124782		LOW	0 exact/strong owner(s); 1 family/generic supporting relation(s).	NO
forza кимоно подвеска в машину	FAMILY_SHARED		1720137256		LOW	0 exact/strong owner(s); 1 family/generic supporting relation(s).	NO
fox racing подвеска на зеркало	FAMILY_SHARED		1630040194		LOW	0 exact/strong owner(s); 1 family/generic supporting relation(s).	NO
jubyz ; bdf	UNCLEAR				MEDIUM	0 exact/strong owner(s); 0 family/generic supporting relation(s).	YES
lol	UNCLEAR				MEDIUM	0 exact/strong owner(s); 0 family/generic supporting relation(s).	YES
mirroreffect брелок оберег с зеркалом	FAMILY_SHARED		1636041142;2183921966		LOW	0 exact/strong owner(s); 2 family/generic supporting relation(s).	NO
monster energy подвеска на зеркало в машину	FAMILY_SHARED		2271188511		LOW	0 exact/strong owner(s); 1 family/generic supporting relation(s).	NO
my jewelry телец	SKU_SPECIFIC	2271292556			LOW	1 exact/strong owner(s); 0 family/generic supporting relation(s).	NO
no pasaran подвеска в машину	STORE_GENERIC		1720137256;2184932293;2271210394;2559748332		LOW	0 exact/strong owner(s); 4 family/generic supporting relation(s).	NO
podveska na salon	UNCLEAR				MEDIUM	0 exact/strong owner(s); 0 family/generic supporting relation(s).	YES
sergio ramos подвеска в машину	FAMILY_SHARED		1720124782		LOW	0 exact/strong owner(s); 1 family/generic supporting relation(s).	NO
sex seven подвеска в машину	FAMILY_SHARED		1720141903		LOW	0 exact/strong owner(s); 1 family/generic supporting relation(s).	NO
taccardi для дев	UNCLEAR				MEDIUM	0 exact/strong owner(s); 0 family/generic supporting relation(s).	YES
yamasaki скорпион	SKU_SPECIFIC	2271275793			LOW	1 exact/strong owner(s); 0 family/generic supporting relation(s).	NO
{value}	UNCLEAR				MEDIUM	0 exact/strong owner(s); 0 family/generic supporting relation(s).	YES
абирег в машину	FAMILY_SHARED		1640251697		LOW	0 exact/strong owner(s); 1 family/generic supporting relation(s).	NO
аварийный знак в машину на липучке вбогажник	FAMILY_SHARED		1720144370		LOW	0 exact/strong owner(s); 1 family/generic supporting relation(s).	NO
авто аксессуары на зеркало	FAMILY_SHARED		2559748332		LOW	0 exact/strong owner(s); 1 family/generic supporting relation(s).	NO
авто кресло для близнецов	UNCLEAR				MEDIUM	0 exact/strong owner(s); 0 family/generic supporting relation(s).	YES
авто подвеска	FAMILY_SHARED		2184199958		LOW	0 exact/strong owner(s); 1 family/generic supporting relation(s).	NO
авто подвеска в машину	FAMILY_SHARED		1630040194		LOW	0 exact/strong owner(s); 1 family/generic supporting relation(s).	NO
авто подвеска на зеркало	STORE_GENERIC		1640251697;1640326205;2183985513;2271292556		LOW	0 exact/strong owner(s); 4 family/generic supporting relation(s).	NO
авто подвески на зеркало	STORE_GENERIC		1602722942;2271246783		LOW	0 exact/strong owner(s); 2 family/generic supporting relation(s).	NO
авто рыба	FAMILY_SHARED		2186848313		LOW	0 exact/strong owner(s); 1 family/generic supporting relation(s).	NO
авто стиль	FAMILY_SHARED		1602715556		LOW	0 exact/strong owner(s); 1 family/generic supporting relation(s).	NO
авто четки в машину	FAMILY_SHARED		1640326205		LOW	0 exact/strong owner(s); 1 family/generic supporting relation(s).	NO
автобильные весы	SKU_SPECIFIC	1720137256			LOW	1 exact/strong owner(s); 0 family/generic supporting relation(s).	NO
автомобиль , подаренный предкам	FAMILY_SHARED		1640326230		LOW	0 exact/strong owner(s); 1 family/generic supporting relation(s).	NO
автомобиль кулон	FAMILY_SHARED		1720160556;2186857668		LOW	0 exact/strong owner(s); 2 family/generic supporting relation(s).	NO
автомобиль кулон на зеркало	FAMILY_SHARED		1720141903		LOW	0 exact/strong owner(s); 1 family/generic supporting relation(s).	NO
автомобиль мар	FAMILY_SHARED		2184199958		LOW	0 exact/strong owner(s); 1 family/generic supporting relation(s).	NO
автомобиль мусульманский	FAMILY_SHARED		2559748332		LOW	0 exact/strong owner(s); 1 family/generic supporting relation(s).	NO
автомобильная четки в машину на зеркало	FAMILY_SHARED		2186848313		LOW	0 exact/strong owner(s); 1 family/generic supporting relation(s).	NO
автомобильное подвеска оберег	STORE_GENERIC		1720137256;2183921966		LOW	0 exact/strong owner(s); 2 family/generic supporting relation(s).	NO
автомобильные весы	SKU_SPECIFIC	1720137256			LOW	1 exact/strong owner(s); 0 family/generic supporting relation(s).	NO
автомобильные подвески/декоративные элементы для автомобилей	FAMILY_SHARED		2186852750		LOW	0 exact/strong owner(s); 1 family/generic supporting relation(s).	NO
автомобильные принадлежности э	FAMILY_SHARED		2186856503		LOW	0 exact/strong owner(s); 1 family/generic supporting relation(s).	NO
автомобильный талисман оберег на зеркало	STORE_GENERIC		2271240621;2559748332		LOW	0 exact/strong owner(s); 2 family/generic supporting relation(s).	NO
автомобиля на зеркало украшение	FAMILY_SHARED		1720144370;2186846833		LOW	0 exact/strong owner(s); 2 family/generic supporting relation(s).	NO
автомобиля подвеска в зеркало	FAMILY_SHARED		1640334195		LOW	0 exact/strong owner(s); 1 family/generic supporting relation(s).	NO
автооберег	STORE_GENERIC		1623753672;1720160556;2559817779		LOW	0 exact/strong owner(s); 3 family/generic supporting relation(s).	NO
автооберег в машину	FAMILY_SHARED		1640264403		LOW	0 exact/strong owner(s); 1 family/generic supporting relation(s).	NO
автоподвеска луна	FAMILY_SHARED		2184168890		LOW	0 exact/strong owner(s); 1 family/generic supporting relation(s).	NO
автоподвеска мужска	STORE_GENERIC		1640276582;2271210394;2271234726;2271246783;2271251938;2271275793;2559748332		LOW	0 exact/strong owner(s); 7 family/generic supporting relation(s).	NO
автоподвеска на зеркало авто для женщин	FAMILY_SHARED		2271188511;2271210394;2271240621;2271275793		LOW	0 exact/strong owner(s); 4 family/generic supporting relation(s).	NO
авторская подвеска на зеркало газель	FAMILY_SHARED		1602715556		LOW	0 exact/strong owner(s); 1 family/generic supporting relation(s).	NO
авторучка шариковая знаки зодиака	FAMILY_SHARED		1720141903		LOW	0 exact/strong owner(s); 1 family/generic supporting relation(s).	NO
адамас золото знак зодиака	FAMILY_SHARED		1720137256;1720141903;2271234726;2271292556		LOW	0 exact/strong owner(s); 4 family/generic supporting relation(s).	NO
адидас спаси и сохрани коыту	SKU_SPECIFIC	2326866320			LOW	1 exact/strong owner(s); 0 family/generic supporting relation(s).	NO
адыгейски подвески костюмы на машину	FAMILY_SHARED		1602715556		LOW	0 exact/strong owner(s); 1 family/generic supporting relation(s).	NO
адыгейские украшения подвески на зеркало для машины	FAMILY_SHARED		2183985513		LOW	0 exact/strong owner(s); 1 family/generic supporting relation(s).	NO
азербайджанские четки и амулеты на зеркало в машину	FAMILY_SHARED		2184199958		LOW	0 exact/strong owner(s); 1 family/generic supporting relation(s).	NO
ак барс брелок в машину на зеркало	FAMILY_SHARED		2186857668		LOW	0 exact/strong owner(s); 1 family/generic supporting relation(s).	NO
аквамарин подвеска водолей ровновесие	SKU_SPECIFIC	2186846833			LOW	1 exact/strong owner(s); 0 family/generic supporting relation(s).	NO
акомпас в тысячных	UNCLEAR				MEDIUM	0 exact/strong owner(s); 0 family/generic supporting relation(s).	YES
акриловая бусина машинка	STORE_GENERIC		1602722942;1640326205		LOW	0 exact/strong owner(s); 2 family/generic supporting relation(s).	NO
акриловая подвеска в машину	FAMILY_SHARED		1611643847;1623753672		LOW	0 exact/strong owner(s); 2 family/generic supporting relation(s).	NO
акриловая подвеска в машину на зеркало	STORE_GENERIC		1602722942;2184199958;2271251938;2559437928;2559748332		LOW	0 exact/strong owner(s); 5 family/generic supporting relation(s).	NO
акриловые звезды подвески	UNCLEAR				MEDIUM	0 exact/strong owner(s); 0 family/generic supporting relation(s).	YES
акриловые крест	SKU_SPECIFIC	1640251697			LOW	1 exact/strong owner(s); 0 family/generic supporting relation(s).	NO
акриловые четки в машину на зеркало	STORE_GENERIC		1640326205;2271219774		LOW	0 exact/strong owner(s); 2 family/generic supporting relation(s).	NO
аксессуар в авто на зеркало подвеска	STORE_GENERIC		1629493686;2186850644		LOW	0 exact/strong owner(s); 2 family/generic supporting relation(s).	NO
аксессуар в машину женское	FAMILY_SHARED		2184133137		LOW	0 exact/strong owner(s); 1 family/generic supporting relation(s).	NO
аксессуар для автомобиля на зеркало подвеска	FAMILY_SHARED		2186856503		LOW	0 exact/strong owner(s); 1 family/generic supporting relation(s).	NO
аксессуар на зеркало	FAMILY_SHARED		2559748332		LOW	0 exact/strong owner(s); 1 family/generic supporting relation(s).	NO
аксессуар узел счастья на зеркало в машину	EXCLUDED				LOW	0 exact/strong owner(s); 0 family/generic supporting relation(s).	NO
аксессуары в машину мужские	FAMILY_SHARED		1640326205		LOW	0 exact/strong owner(s); 1 family/generic supporting relation(s).	NO
аксессуары в машину на зеркало skoda в октаве	FAMILY_SHARED		1630040194		LOW	0 exact/strong owner(s); 1 family/generic supporting relation(s).	NO
аксессуары в машину на зеркало перчатки кимано	FAMILY_SHARED		1636041142		LOW	0 exact/strong owner(s); 1 family/generic supporting relation(s).	NO
аксессуары в машину на зеркало подвеска	FAMILY_SHARED		1720131759;2186766628		LOW	0 exact/strong owner(s); 2 family/generic supporting relation(s).	NO
аксессуары в машину подвесаа зеркал барабан	STORE_GENERIC		1630040194;1640251697;1640306007;1720137256;1720141903;1720144370;1720147059;1720148880;1720160556;2184199958;2184234912;2184932293;2186836116;2186848313;2186857668;2271234726;2271246783;2559437928		LOW	0 exact/strong owner(s); 18 family/generic supporting relation(s).	NO
аксессуары в машину подвеска	FAMILY_SHARED		2559748332		LOW	0 exact/strong owner(s); 1 family/generic supporting relation(s).	NO
аксессуары в машину подвеска на зеркало	FAMILY_SHARED		2559437928		LOW	0 exact/strong owner(s); 1 family/generic supporting relation(s).	NO
аксессуары в машину подвеска на зеркало скорпион	EXCLUDED				LOW	0 exact/strong owner(s); 0 family/generic supporting relation(s).	NO
аксессуары вел	FAMILY_SHARED		2183921966		LOW	0 exact/strong owner(s); 1 family/generic supporting relation(s).	NO
аксессуары для авто самурай	FAMILY_SHARED		1602715556		LOW	0 exact/strong owner(s); 1 family/generic supporting relation(s).	NO
аксессуары для автомобиля подвеска на зеркало	FAMILY_SHARED		2186766628		LOW	0 exact/strong owner(s); 1 family/generic supporting relation(s).	NO
аксессуары для машины в подарок мужчине подвески на зеркало	FAMILY_SHARED		2559748332		LOW	0 exact/strong owner(s); 1 family/generic supporting relation(s).	NO
аксессуары для овна	FAMILY_SHARED		2271251938		LOW	0 exact/strong owner(s); 1 family/generic supporting relation(s).	NO
аксессуары для стрел	FAMILY_SHARED		2186839757		LOW	0 exact/strong owner(s); 1 family/generic supporting relation(s).	NO
аксессуары на зеркало в атомобиль	FAMILY_SHARED		2559748332		LOW	0 exact/strong owner(s); 1 family/generic supporting relation(s).	NO
аксессуары на машину герб	SKU_SPECIFIC	2559748332			LOW	1 exact/strong owner(s); 0 family/generic supporting relation(s).	NO
аксессуары салона авто	FAMILY_SHARED		1640337426;2184133137;2184199958		LOW	0 exact/strong owner(s); 3 family/generic supporting relation(s).	NO
аксессуары самурая	FAMILY_SHARED		1602715556		LOW	0 exact/strong owner(s); 1 family/generic supporting relation(s).	NO
аксессуары славян	FAMILY_SHARED		2184199958		LOW	0 exact/strong owner(s); 1 family/generic supporting relation(s).	NO
аксессуары славянские	FAMILY_SHARED		1630033296		LOW	0 exact/strong owner(s); 1 family/generic supporting relation(s).	NO
алатырь	SKU_SPECIFIC	1640251697			LOW	1 exact/strong owner(s); 0 family/generic supporting relation(s).	NO
алатырь агат	SKU_SPECIFIC	1640251697			LOW	1 exact/strong owner(s); 0 family/generic supporting relation(s).	NO
алатырь амулет мужской	SKU_SPECIFIC	1640251697			LOW	1 exact/strong owner(s); 0 family/generic supporting relation(s).	NO
алатырь бляшка	SKU_SPECIFIC	1640251697			LOW	1 exact/strong owner(s); 0 family/generic supporting relation(s).	NO
алатырь большой	SKU_SPECIFIC	1640251697			LOW	1 exact/strong owner(s); 0 family/generic supporting relation(s).	NO
алатырь в машину	SKU_SPECIFIC	1640251697			LOW	1 exact/strong owner(s); 0 family/generic supporting relation(s).	NO
алатырь в солнце	SKU_SPECIFIC	1640251697			LOW	1 exact/strong owner(s); 0 family/generic supporting relation(s).	NO
алатырь закладка	SKU_SPECIFIC	1640251697			LOW	1 exact/strong owner(s); 0 family/generic supporting relation(s).	NO
алатырь из дуба	SKU_SPECIFIC	1640251697			LOW	1 exact/strong owner(s); 0 family/generic supporting relation(s).	NO
алатырь из золота	SKU_SPECIFIC	1640251697			LOW	1 exact/strong owner(s); 0 family/generic supporting relation(s).	NO
алатырь кгига	SKU_SPECIFIC	1640251697			LOW	1 exact/strong owner(s); 0 family/generic supporting relation(s).	NO
алатырь оберег в машину	EXCLUDED				LOW	0 exact/strong owner(s); 0 family/generic supporting relation(s).	NO
алатырь п	SKU_SPECIFIC	1640251697			LOW	1 exact/strong owner(s); 0 family/generic supporting relation(s).	NO
алатырь подве	SKU_SPECIFIC	1640251697			LOW	1 exact/strong owner(s); 0 family/generic supporting relation(s).	NO
алатырь пьютер	SKU_SPECIFIC	1640251697			LOW	1 exact/strong owner(s); 0 family/generic supporting relation(s).	NO
алатырь талисман	SKU_SPECIFIC	1640251697			LOW	1 exact/strong owner(s); 0 family/generic supporting relation(s).	NO
алатырь штамп	SKU_SPECIFIC	1640251697			LOW	1 exact/strong owner(s); 0 family/generic supporting relation(s).	NO
алимпийская мишка брелок в машину подвеска	FAMILY_SHARED		2271234726		LOW	0 exact/strong owner(s); 1 family/generic supporting relation(s).	NO
алтырь деревянный большой	UNCLEAR				MEDIUM	0 exact/strong owner(s); 0 family/generic supporting relation(s).	YES
алтырь славянских богов	FAMILY_SHARED		1640251697		LOW	0 exact/strong owner(s); 1 family/generic supporting relation(s).	NO
аметист даждьбог	SKU_SPECIFIC	2184932293			LOW	1 exact/strong owner(s); 0 family/generic supporting relation(s).	NO
амлеты	UNCLEAR				MEDIUM	0 exact/strong owner(s); 0 family/generic supporting relation(s).	YES
амулет	STORE_GENERIC		1602717077;1602722942;1630040194;1636041142;1636048691;1640251697;1640264403;1640306007;1640326205;1640330072;1720148880;1943215793;2183921966;2183985513;2184199958;2184234912;2326866320;2559437928		LOW	0 exact/strong owner(s); 18 family/generic supporting relation(s).	NO
амулет - подвеска на зеркало в машину	FAMILY_SHARED		1720148880		LOW	0 exact/strong owner(s); 1 family/generic supporting relation(s).	NO
амулет близнецы в машин	SKU_SPECIFIC	1720131759			LOW	1 exact/strong owner(s); 0 family/generic supporting relation(s).	NO
амулет близнецы в машину подвеска	SKU_SPECIFIC	1720131759			LOW	1 exact/strong owner(s); 0 family/generic supporting relation(s).	NO
амулет бога	FAMILY_SHARED		1636041142		LOW	0 exact/strong owner(s); 1 family/generic supporting relation(s).	NO
амулет бога перун	EXCLUDED				LOW	0 exact/strong owner(s); 0 family/generic supporting relation(s).	NO
амулет бусина	STORE_GENERIC		1602715556;1720141903;1720153914;2186848313		LOW	0 exact/strong owner(s); 4 family/generic supporting relation(s).	NO
амулет в автомобиль	STORE_GENERIC		1602717077;2271251938;2271285786		LOW	0 exact/strong owner(s); 3 family/generic supporting relation(s).	NO
амулет в автомобиль на зеркало	FAMILY_SHARED		1720137256		LOW	0 exact/strong owner(s); 1 family/generic supporting relation(s).	NO
амулет в машину	STORE_GENERIC		1630040194;2183985513;2184153852;2186802133		LOW	0 exact/strong owner(s); 4 family/generic supporting relation(s).	NO
амулет в машину женский зеркальная	FAMILY_SHARED		2271219774		LOW	0 exact/strong owner(s); 1 family/generic supporting relation(s).	NO
амулет в машину мусульманский	FAMILY_SHARED		1943215793		LOW	0 exact/strong owner(s); 1 family/generic supporting relation(s).	NO
амулет в машину мусульманский подвеска мужская	FAMILY_SHARED		1629553898		LOW	0 exact/strong owner(s); 1 family/generic supporting relation(s).	NO
амулет в машину на зеркало	STORE_GENERIC		1640334195;2271188511		LOW	0 exact/strong owner(s); 2 family/generic supporting relation(s).	NO
амулет в машину на зеркало мужской	STORE_GENERIC		1720151850;2184234912;2186796339		LOW	0 exact/strong owner(s); 3 family/generic supporting relation(s).	NO
амулет в машину на зеркало с горного алтая	FAMILY_SHARED		1611695246		LOW	0 exact/strong owner(s); 1 family/generic supporting relation(s).	NO
амулет в машину от сглаза	FAMILY_SHARED		2184133137		LOW	0 exact/strong owner(s); 1 family/generic supporting relation(s).	NO
амулет в машину славянский	EXCLUDED				LOW	0 exact/strong owner(s); 0 family/generic supporting relation(s).	NO
амулет в машину славянский на зеркало	EXCLUDED				LOW	0 exact/strong owner(s); 0 family/generic supporting relation(s).	NO
амулет велеса браслет	EXCLUDED				LOW	0 exact/strong owner(s); 0 family/generic supporting relation(s).	NO
амулет весы	SKU_SPECIFIC	1720137256			LOW	1 exact/strong owner(s); 0 family/generic supporting relation(s).	NO
амулет глаз подвеска в машину	FAMILY_SHARED		2326866320		LOW	0 exact/strong owner(s); 1 family/generic supporting relation(s).	NO
амулет деревянный	STORE_GENERIC		1720148880;1720153914;2184153852;2184234912		LOW	0 exact/strong owner(s); 4 family/generic supporting relation(s).	NO
амулет для автомобиля	STORE_GENERIC		1720160556;1842444165		LOW	0 exact/strong owner(s); 2 family/generic supporting relation(s).	NO
амулет для автомобиля в машину на зеркало	STORE_GENERIC		1720161841;2271188511;2559748332		LOW	0 exact/strong owner(s); 3 family/generic supporting relation(s).	NO
амулет для защиты	FAMILY_SHARED		1640337426		LOW	0 exact/strong owner(s); 1 family/generic supporting relation(s).	NO
амулет для львп	FAMILY_SHARED		2271188511		LOW	0 exact/strong owner(s); 1 family/generic supporting relation(s).	NO
амулет для магии черной	FAMILY_SHARED		1720148880;1720151850;1720160556		LOW	0 exact/strong owner(s); 3 family/generic supporting relation(s).	NO
амулет для машины подвеска	STORE_GENERIC		1640334195;2271188511		LOW	0 exact/strong owner(s); 2 family/generic supporting relation(s).	NO
амулет для мужчины тельца	FAMILY_SHARED		2271292556		LOW	0 exact/strong owner(s); 1 family/generic supporting relation(s).	NO
амулет для овна мужской	FAMILY_SHARED		2186850644		LOW	0 exact/strong owner(s); 1 family/generic supporting relation(s).	NO
амулет для тельца мужской в авто	FAMILY_SHARED		1720161841		LOW	0 exact/strong owner(s); 1 family/generic supporting relation(s).	NO
амулет доч знака зодиака змееносец	FAMILY_SHARED		1720161841		LOW	0 exact/strong owner(s); 1 family/generic supporting relation(s).	NO
амулет з	FAMILY_SHARED		1640326230		LOW	0 exact/strong owner(s); 1 family/generic supporting relation(s).	NO
амулет зведа	FAMILY_SHARED		2184234912		LOW	0 exact/strong owner(s); 1 family/generic supporting relation(s).	NO
амулет звезда лады	SKU_SPECIFIC	2184234912			LOW	1 exact/strong owner(s); 0 family/generic supporting relation(s).	NO
амулет звезда руси	SKU_SPECIFIC	2184234912			LOW	1 exact/strong owner(s); 0 family/generic supporting relation(s).	NO
амулет зеркало	STORE_GENERIC		1636048691;2186843798;2559817779		LOW	0 exact/strong owner(s); 3 family/generic supporting relation(s).	NO
амулет зеркало защиты для мужчин	FAMILY_SHARED		2271275793		LOW	0 exact/strong owner(s); 1 family/generic supporting relation(s).	NO
амулет зеркало магическое	FAMILY_SHARED		1602715556		LOW	0 exact/strong owner(s); 1 family/generic supporting relation(s).	NO
амулет зеркало мужской	FAMILY_SHARED		2271188511		LOW	0 exact/strong owner(s); 1 family/generic supporting relation(s).	NO
амулет зеркало оберег	FAMILY_SHARED		2559748332		LOW	0 exact/strong owner(s); 1 family/generic supporting relation(s).	NO
амулет зеркальная защита	STORE_GENERIC		1602722942;2271246783		LOW	0 exact/strong owner(s); 2 family/generic supporting relation(s).	NO
амулет зеркальный	STORE_GENERIC		1720148880;1842444165;2184153852;2184234912		LOW	0 exact/strong owner(s); 4 family/generic supporting relation(s).	NO
амулет знак велеса серебро	EXCLUDED				LOW	0 exact/strong owner(s); 0 family/generic supporting relation(s).	NO
амулет из дерева	FAMILY_SHARED		1640334195;1640337426;2184168890		LOW	0 exact/strong owner(s); 3 family/generic supporting relation(s).	NO
амулет иньян для мужчин	FAMILY_SHARED		1629553898		LOW	0 exact/strong owner(s); 1 family/generic supporting relation(s).	NO
амулет кали богиня	FAMILY_SHARED		2184199958		LOW	0 exact/strong owner(s); 1 family/generic supporting relation(s).	NO
амулет козерог и клевер	SKU_SPECIFIC	2271246783			LOW	1 exact/strong owner(s); 0 family/generic supporting relation(s).	NO
амулет крес славян	FAMILY_SHARED		2184168890		LOW	0 exact/strong owner(s); 1 family/generic supporting relation(s).	NO
амулет кулон - зеркало	FAMILY_SHARED		2186766628		LOW	0 exact/strong owner(s); 1 family/generic supporting relation(s).	NO
амулет медведь на веревке	FAMILY_SHARED		1623753672		LOW	0 exact/strong owner(s); 1 family/generic supporting relation(s).	NO
амулет молот перуна	FAMILY_SHARED		2183921966		LOW	0 exact/strong owner(s); 1 family/generic supporting relation(s).	NO
амулет мужской в машину	FAMILY_SHARED		2559437928		LOW	0 exact/strong owner(s); 1 family/generic supporting relation(s).	NO
амулет мужской в машину деревянный	FAMILY_SHARED		2271246783		LOW	0 exact/strong owner(s); 1 family/generic supporting relation(s).	NO
амулет мужской деревянный	FAMILY_SHARED		2326866320		LOW	0 exact/strong owner(s); 1 family/generic supporting relation(s).	NO
амулет мужской мусульманский	FAMILY_SHARED		2326866320		LOW	0 exact/strong owner(s); 1 family/generic supporting relation(s).	NO
амулет мужской на зеркало щаднего вида	FAMILY_SHARED		2559748332		LOW	0 exact/strong owner(s); 1 family/generic supporting relation(s).	NO
амулет мужской на шею скорпион	SKU_SPECIFIC	1720160556			LOW	1 exact/strong owner(s); 0 family/generic supporting relation(s).	NO
амулет на брелок в машину	FAMILY_SHARED		2326866320		LOW	0 exact/strong owner(s); 1 family/generic supporting relation(s).	NO
амулет на зеркало автомобиля	STORE_GENERIC		1636041142;2559748332		LOW	0 exact/strong owner(s); 2 family/generic supporting relation(s).	NO
амулет на зеркало в машину	FAMILY_SHARED		2271262133		LOW	0 exact/strong owner(s); 1 family/generic supporting relation(s).	NO
амулет на зеркало оберег в машину	STORE_GENERIC		1640330072;1720124782;2559437928		LOW	0 exact/strong owner(s); 3 family/generic supporting relation(s).	NO
амулет на любовь	FAMILY_SHARED		2183808182		LOW	0 exact/strong owner(s); 1 family/generic supporting relation(s).	NO
амулет на машину на зеркало мужской	FAMILY_SHARED		1720137256		LOW	0 exact/strong owner(s); 1 family/generic supporting relation(s).	NO
амулет на удачу в машину	FAMILY_SHARED		2271188511;2271275793		LOW	0 exact/strong owner(s); 2 family/generic supporting relation(s).	NO
амулет на удачу славянский	FAMILY_SHARED		1842444165		LOW	0 exact/strong owner(s); 1 family/generic supporting relation(s).	NO
амулет на шею зеркало	FAMILY_SHARED		1720160556;2186857668;2271275793		LOW	0 exact/strong owner(s); 3 family/generic supporting relation(s).	NO
амулет на шею мужской славянский оберег	FAMILY_SHARED		1640330072		LOW	0 exact/strong owner(s); 1 family/generic supporting relation(s).	NO
амулет на шею славянский	FAMILY_SHARED		2184133137		LOW	0 exact/strong owner(s); 1 family/generic supporting relation(s).	NO
амулет оберег	STORE_GENERIC		1602717077;1630040194;2183985513;2184153852		LOW	0 exact/strong owner(s); 4 family/generic supporting relation(s).	NO
амулет оберег бык	FAMILY_SHARED		2271292556		LOW	0 exact/strong owner(s); 1 family/generic supporting relation(s).	NO
амулет от сглаза	FAMILY_SHARED		1602722942		LOW	0 exact/strong owner(s); 1 family/generic supporting relation(s).	NO
амулет от сглаза брелок в машину на зеркало	FAMILY_SHARED		2183985513		LOW	0 exact/strong owner(s); 1 family/generic supporting relation(s).	NO
амулет от сглаза в автомобиль	FAMILY_SHARED		1630033296		LOW	0 exact/strong owner(s); 1 family/generic supporting relation(s).	NO
амулет от сглаза в машину	FAMILY_SHARED		1640330072		LOW	0 exact/strong owner(s); 1 family/generic supporting relation(s).	NO
амулет от сглаза в машину на зеркало	STORE_GENERIC		1640306007;2326866320		LOW	0 exact/strong owner(s); 2 family/generic supporting relation(s).	NO
амулет подвеска грифон	FAMILY_SHARED		1602717077		LOW	0 exact/strong owner(s); 1 family/generic supporting relation(s).	NO
амулет подвеска кришна	FAMILY_SHARED		1602717077		LOW	0 exact/strong owner(s); 1 family/generic supporting relation(s).	NO
амулет подвеска талисман	STORE_GENERIC		1720144370;2184133137		LOW	0 exact/strong owner(s); 2 family/generic supporting relation(s).	NO
амулет руна в машину	FAMILY_SHARED		1602717077		LOW	0 exact/strong owner(s); 1 family/generic supporting relation(s).	NO
амулет руны	FAMILY_SHARED		1602722942		LOW	0 exact/strong owner(s); 1 family/generic supporting relation(s).	NO
амулет рыбы	SKU_SPECIFIC	2186848313			LOW	1 exact/strong owner(s); 0 family/generic supporting relation(s).	NO
амулет с зеркалом	STORE_GENERIC		2184932293;2559748332		LOW	0 exact/strong owner(s); 2 family/generic supporting relation(s).	NO
амулет с зеркалом по	FAMILY_SHARED		2559437928		LOW	0 exact/strong owner(s); 1 family/generic supporting relation(s).	NO
амулет с зеркалом подвеска	STORE_GENERIC		1630040194;1636041142;1640306007;1720151850;2183808182;2271188511		LOW	0 exact/strong owner(s); 6 family/generic supporting relation(s).	NO
амулет с зеркальцем	FAMILY_SHARED		1720161841		LOW	0 exact/strong owner(s); 1 family/generic supporting relation(s).	NO
амулет с рунами	FAMILY_SHARED		1640337426		LOW	0 exact/strong owner(s); 1 family/generic supporting relation(s).	NO
амулет скорпион	SKU_SPECIFIC	1720160556			LOW	1 exact/strong owner(s); 0 family/generic supporting relation(s).	NO
амулет скорпион на	SKU_SPECIFIC	2271275793			LOW	1 exact/strong owner(s); 0 family/generic supporting relation(s).	NO
амулет скорпион на шею талисман	EXCLUDED				LOW	0 exact/strong owner(s); 0 family/generic supporting relation(s).	NO
амулет славянские боги	FAMILY_SHARED		1630040194		LOW	0 exact/strong owner(s); 1 family/generic supporting relation(s).	NO
амулет славянский в машину на зеркало	EXCLUDED				LOW	0 exact/strong owner(s); 0 family/generic supporting relation(s).	NO
амулет славянский ветер	FAMILY_SHARED		2184098058		LOW	0 exact/strong owner(s); 1 family/generic supporting relation(s).	NO
амулет славянский из дерева для творчества	FAMILY_SHARED		2184153852;2184234912		LOW	0 exact/strong owner(s); 2 family/generic supporting relation(s).	NO
амулет славянский мужской перуна	FAMILY_SHARED		2183921966		LOW	0 exact/strong owner(s); 1 family/generic supporting relation(s).	NO
амулет славянский подарок	FAMILY_SHARED		2559437928		LOW	0 exact/strong owner(s); 1 family/generic supporting relation(s).	NO
амулет тайна амулета	FAMILY_SHARED		2184199958		LOW	0 exact/strong owner(s); 1 family/generic supporting relation(s).	NO
амулет талисман мужской	FAMILY_SHARED		2271240621		LOW	0 exact/strong owner(s); 1 family/generic supporting relation(s).	NO
амулет тельца	FAMILY_SHARED		2271292556		LOW	0 exact/strong owner(s); 1 family/generic supporting relation(s).	NO
амулет тельца мужской	FAMILY_SHARED		2271292556		LOW	0 exact/strong owner(s); 1 family/generic supporting relation(s).	NO
амулет тзвезда	FAMILY_SHARED		2184234912		LOW	0 exact/strong owner(s); 1 family/generic supporting relation(s).	NO
амулет черное зеркало	FAMILY_SHARED		1720160556		LOW	0 exact/strong owner(s); 1 family/generic supporting relation(s).	NO
амулет черный подвеска	FAMILY_SHARED		2271275793		LOW	0 exact/strong owner(s); 1 family/generic supporting relation(s).	NO
амулет японский на шею	FAMILY_SHARED		1602715556		LOW	0 exact/strong owner(s); 1 family/generic supporting relation(s).	NO
амулет японский самурай	FAMILY_SHARED		1602715556		LOW	0 exact/strong owner(s); 1 family/generic supporting relation(s).	NO
амулетом на машину	STORE_GENERIC		1630040194;1636041142;2183985513;2184199958;2326866320;2559437928		LOW	0 exact/strong owner(s); 6 family/generic supporting relation(s).	NO
амулеты	STORE_GENERIC		1602717077;1640326205;2184199958;2184932293;2326866320		LOW	0 exact/strong owner(s); 5 family/generic supporting relation(s).	NO
амулеты , обереги для скорпиона женский	UNCLEAR				MEDIUM	0 exact/strong owner(s); 0 family/generic supporting relation(s).	YES
амулеты богинь славянских	FAMILY_SHARED		2184199958		LOW	0 exact/strong owner(s); 1 family/generic supporting relation(s).	NO
амулеты дерева печать велеса	EXCLUDED				LOW	0 exact/strong owner(s); 0 family/generic supporting relation(s).	NO
амулеты деревянные	FAMILY_SHARED		2184199958		LOW	0 exact/strong owner(s); 1 family/generic supporting relation(s).	NO
амулеты для знака зодиака рак	EXCLUDED				LOW	0 exact/strong owner(s); 0 family/generic supporting relation(s).	NO
амулеты для призывать	FAMILY_SHARED		1640337426		LOW	0 exact/strong owner(s); 1 family/generic supporting relation(s).	NO
амулеты и обереги	FAMILY_SHARED		2326866320		LOW	0 exact/strong owner(s); 1 family/generic supporting relation(s).	NO
амулеты и обереги набор	FAMILY_SHARED		1640330072		LOW	0 exact/strong owner(s); 1 family/generic supporting relation(s).	NO
амулеты и талисманы	STORE_GENERIC		2184199958;2271219774		LOW	0 exact/strong owner(s); 2 family/generic supporting relation(s).	NO
амулеты из дерева	FAMILY_SHARED		1630033296		LOW	0 exact/strong owner(s); 1 family/generic supporting relation(s).	NO
амулеты коло	FAMILY_SHARED		1640306007;2184199958;2559437928		LOW	0 exact/strong owner(s); 3 family/generic supporting relation(s).	NO
амулеты мужские	FAMILY_SHARED		2271270261		LOW	0 exact/strong owner(s); 1 family/generic supporting relation(s).	NO
амулеты мужские в машину	FAMILY_SHARED		2186848313		LOW	0 exact/strong owner(s); 1 family/generic supporting relation(s).	NO
амулеты на шею рак мужские	SKU_SPECIFIC	2186796339			LOW	1 exact/strong owner(s); 0 family/generic supporting relation(s).	NO
амулеты обереги	FAMILY_SHARED		1602717077		LOW	0 exact/strong owner(s); 1 family/generic supporting relation(s).	NO
амулеты обереги в машину	FAMILY_SHARED		2184199958		LOW	0 exact/strong owner(s); 1 family/generic supporting relation(s).	NO
амулеты обереги для водолея на руку	FAMILY_SHARED		1720141903		LOW	0 exact/strong owner(s); 1 family/generic supporting relation(s).	NO
амулеты обереги для дома	FAMILY_SHARED		2559437928		LOW	0 exact/strong owner(s); 1 family/generic supporting relation(s).	NO
амулеты обереги и талисманы	STORE_GENERIC		1602717077;1602722942;1611643847;1611695246;1623753672;1629553898;1630033296;1630040194;1636041142;1640251697;1640306007;1640330072;1720131759;1720137256;1720141903;1720144370;1720147059;1720148880;1720151850;1720160556;1720161841;1943215793;2183808182;2183921966;2183985513;2184098058;2184133137;2184153852;2184168890;2184199958;2184234912;2184932293;2186766628;2186839757;2186848313;2186850644;2186857668;2271188511;2271210394;2271234726;2271240621;2271251938;2271270261;2271275793;2271285786;2271292556;2326866320;2559437928;2559748332		LOW	0 exact/strong owner(s); 49 family/generic supporting relation(s).	NO
амулеты обереги и талисманы дерево	STORE_GENERIC		1640306007;1720153914;2184153852;2186846833;2271275793;2326866320		LOW	0 exact/strong owner(s); 6 family/generic supporting relation(s).	NO
амулеты обереги и талисманы для овна	FAMILY_SHARED		1720148880		LOW	0 exact/strong owner(s); 1 family/generic supporting relation(s).	NO
амулеты обереги и талисманы зеркалр	STORE_GENERIC		1602715556;1630040194;1640251697;1640330072;2184153852;2184234912;2186857668;2271188511;2271240621;2271275793;2271285786;2326866320		LOW	0 exact/strong owner(s); 12 family/generic supporting relation(s).	NO
амулеты обереги и талисманы по знаку зодиака весы	SKU_SPECIFIC	2186802133			LOW	1 exact/strong owner(s); 0 family/generic supporting relation(s).	NO
амулеты обереги и талисманы рак	SKU_SPECIFIC	2271262133			LOW	1 exact/strong owner(s); 0 family/generic supporting relation(s).	NO
амулеты обереги и талисманы славянские	EXCLUDED				LOW	0 exact/strong owner(s); 0 family/generic supporting relation(s).	NO
амулеты обереги и талисманы славянские наклейки на телефон	FAMILY_SHARED		2184234912		LOW	0 exact/strong owner(s); 1 family/generic supporting relation(s).	NO
амулеты обереги кулоны	STORE_GENERIC		2184133137;2326866320		LOW	0 exact/strong owner(s); 2 family/generic supporting relation(s).	NO
амулеты обереги подвеска	STORE_GENERIC		1636041142;1720137256		LOW	0 exact/strong owner(s); 2 family/generic supporting relation(s).	NO
амулеты обереги славянские латунь	FAMILY_SHARED		1640330072		LOW	0 exact/strong owner(s); 1 family/generic supporting relation(s).	NO
амулеты от сглаза с зеркалом	FAMILY_SHARED		2184234912		LOW	0 exact/strong owner(s); 1 family/generic supporting relation(s).	NO
амулеты подвески	FAMILY_SHARED		2184234912		LOW	0 exact/strong owner(s); 1 family/generic supporting relation(s).	NO
амулеты славян	FAMILY_SHARED		1640330072		LOW	0 exact/strong owner(s); 1 family/generic supporting relation(s).	NO
амулеты славянские	FAMILY_SHARED		2559437928		LOW	0 exact/strong owner(s); 1 family/generic supporting relation(s).	NO
амулеты славянские мужские	FAMILY_SHARED		1640330072		LOW	0 exact/strong owner(s); 1 family/generic supporting relation(s).	NO
амулеты славянских богов	FAMILY_SHARED		1630040194		LOW	0 exact/strong owner(s); 1 family/generic supporting relation(s).	NO
амулеты языческие	STORE_GENERIC		1611695246;2184932293		LOW	0 exact/strong owner(s); 2 family/generic supporting relation(s).	NO
аниме в машину подвеска	FAMILY_SHARED		2271219774		LOW	0 exact/strong owner(s); 1 family/generic supporting relation(s).	NO
аниме подвеска в машину на зеркало	FAMILY_SHARED		2183985513		LOW	0 exact/strong owner(s); 1 family/generic supporting relation(s).	NO
антена на рроп стрелец	SKU_SPECIFIC	2271285786			LOW	1 exact/strong owner(s); 0 family/generic supporting relation(s).	NO
аодвеска зеркало	STORE_GENERIC		1636041142;1640330072;1640334195;1720137256;1720144370;1720148880;2183985513;2184098058;2186802133;2186843798;2186857668;2271188511		LOW	0 exact/strong owner(s); 12 family/generic supporting relation(s).	NO
аодвеска скорпион	SKU_SPECIFIC	2186836116			LOW	1 exact/strong owner(s); 0 family/generic supporting relation(s).	NO
апортизатор звездное небо в машину	FAMILY_SHARED		2184234912		LOW	0 exact/strong owner(s); 1 family/generic supporting relation(s).	NO
армянский барабан на машину подвеска	STORE_GENERIC		1630040194;1636041142;1720161841;2184133137;2271240621		LOW	0 exact/strong owner(s); 5 family/generic supporting relation(s).	NO
армянский кругдый крест аревахач в машину на зеркало	SKU_SPECIFIC	1640251697			LOW	1 exact/strong owner(s); 0 family/generic supporting relation(s).	NO
арома подвеска в машину на зеркало мужская	FAMILY_SHARED		2559817779		LOW	0 exact/strong owner(s); 1 family/generic supporting relation(s).	NO
арома четки в машину	FAMILY_SHARED		2186857668		LOW	0 exact/strong owner(s); 1 family/generic supporting relation(s).	NO
аромадиффузор в машину телец	SKU_SPECIFIC	1720161841			LOW	1 exact/strong owner(s); 0 family/generic supporting relation(s).	NO
ароматизатор в машину версус на зеркало	FAMILY_SHARED		1720147059		LOW	0 exact/strong owner(s); 1 family/generic supporting relation(s).	NO
ароматизатор в машину веселый роджер на зеркало	FAMILY_SHARED		1602715556		LOW	0 exact/strong owner(s); 1 family/generic supporting relation(s).	NO
ароматизатор в машину висячий на зеркало	FAMILY_SHARED		1842444165;2559437928		LOW	0 exact/strong owner(s); 2 family/generic supporting relation(s).	NO
ароматизатор в машину на зеркало в виде касеты	FAMILY_SHARED		2559748332		LOW	0 exact/strong owner(s); 1 family/generic supporting relation(s).	NO
ароматизатор в машину хендай крета на зеркало	FAMILY_SHARED		1640337426		LOW	0 exact/strong owner(s); 1 family/generic supporting relation(s).	NO
ароматизатор в машину шайба повесить на зеркало	FAMILY_SHARED		2271188511		LOW	0 exact/strong owner(s); 1 family/generic supporting relation(s).	NO
ароматизатор джек рассел в машину на зеркало	STORE_GENERIC		1720153914;2184199958		LOW	0 exact/strong owner(s); 2 family/generic supporting relation(s).	NO
ароматизвтор в машину на зеркало кофе ваниль	FAMILY_SHARED		2271292556		LOW	0 exact/strong owner(s); 1 family/generic supporting relation(s).	NO
астрология подвеска	FAMILY_SHARED		2271219774		LOW	0 exact/strong owner(s); 1 family/generic supporting relation(s).	NO
атрибут для порчи	FAMILY_SHARED		1636041142		LOW	0 exact/strong owner(s); 1 family/generic supporting relation(s).	NO
атрибутика зенит в машину на зеркало	STORE_GENERIC		1630040194;2184168890;2271240621		LOW	0 exact/strong owner(s); 3 family/generic supporting relation(s).	NO
атрибуты дерево природа	UNCLEAR				MEDIUM	0 exact/strong owner(s); 0 family/generic supporting relation(s).	YES
атрибуты с российской символикой	UNCLEAR				MEDIUM	0 exact/strong owner(s); 0 family/generic supporting relation(s).	YES
аум знак	UNCLEAR				MEDIUM	0 exact/strong owner(s); 0 family/generic supporting relation(s).	YES
аум сенерик	UNCLEAR				MEDIUM	0 exact/strong owner(s); 0 family/generic supporting relation(s).	YES
аятол корси на машину на салон зеркало	FAMILY_SHARED		1720131759		LOW	0 exact/strong owner(s); 1 family/generic supporting relation(s).	NO
аятуль курси в машину	STORE_GENERIC		1720161841;2184199958		LOW	0 exact/strong owner(s); 2 family/generic supporting relation(s).	NO
бабой яга в машину подвеска	STORE_GENERIC		1629493686;1720131759		LOW	0 exact/strong owner(s); 2 family/generic supporting relation(s).	NO
балерина в машину подвеска коутящаяся	FAMILY_SHARED		1720137256		LOW	0 exact/strong owner(s); 1 family/generic supporting relation(s).	NO
баннер православный	SKU_SPECIFIC	2326866320			LOW	1 exact/strong owner(s); 0 family/generic supporting relation(s).	NO
белобог чернобог футболка	EXCLUDED				LOW	0 exact/strong owner(s); 0 family/generic supporting relation(s).	NO
берег бог	UNCLEAR				MEDIUM	0 exact/strong owner(s); 0 family/generic supporting relation(s).	YES
береза бусина 8 мм	UNCLEAR				MEDIUM	0 exact/strong owner(s); 0 family/generic supporting relation(s).	YES
берет вв мвд на зеркало в машину	FAMILY_SHARED		2184234912		LOW	0 exact/strong owner(s); 1 family/generic supporting relation(s).	NO
бесболка сварог	SKU_SPECIFIC	2183921966			LOW	1 exact/strong owner(s); 0 family/generic supporting relation(s).	NO
бижутерия славянские обереги	FAMILY_SHARED		1636041142;2184234912		LOW	0 exact/strong owner(s); 2 family/generic supporting relation(s).	NO
бижутерия славянский оберег	FAMILY_SHARED		1636041142		LOW	0 exact/strong owner(s); 1 family/generic supporting relation(s).	NO
бисмиля на машину на зеркало мусульманские	FAMILY_SHARED		2186848313		LOW	0 exact/strong owner(s); 1 family/generic supporting relation(s).	NO
блакнот водолей	SKU_SPECIFIC	2271234726			LOW	1 exact/strong owner(s); 0 family/generic supporting relation(s).	NO
блестящий брелок в машину на зеркало ведьмочка	STORE_GENERIC		1640264403;2184098058;2184199958;2271275793		LOW	0 exact/strong owner(s); 4 family/generic supporting relation(s).	NO
близнец подвеска	UNCLEAR				MEDIUM	0 exact/strong owner(s); 0 family/generic supporting relation(s).	YES
близнецы	FAMILY_SHARED	1720131759;2186856503;2271210394		1720131759;2186856503;2271210394	HIGH	3 exact/strong owner(s); 0 family/generic supporting relation(s).	YES
близнецы бусина	SKU_SPECIFIC	2186856503			LOW	1 exact/strong owner(s); 0 family/generic supporting relation(s).	NO
близнецы в машину подвеска в салон	SKU_SPECIFIC	2271210394			LOW	1 exact/strong owner(s); 0 family/generic supporting relation(s).	NO
близнецы для рукоделия	SKU_SPECIFIC	2271210394			LOW	1 exact/strong owner(s); 0 family/generic supporting relation(s).	NO
близнецы драконы	SKU_SPECIFIC	1720131759			LOW	1 exact/strong owner(s); 0 family/generic supporting relation(s).	NO
близнецы мужчина	SKU_SPECIFIC	2271210394			LOW	1 exact/strong owner(s); 0 family/generic supporting relation(s).	NO
близнецы на лобовое	SKU_SPECIFIC	2271210394			LOW	1 exact/strong owner(s); 0 family/generic supporting relation(s).	NO
близнецы оберег на машину на стекло из метала	SKU_SPECIFIC	2186856503			LOW	1 exact/strong owner(s); 0 family/generic supporting relation(s).	NO
близнецы одежда	SKU_SPECIFIC	2186856503			LOW	1 exact/strong owner(s); 0 family/generic supporting relation(s).	NO
близнецы подарок в машину	FAMILY_SHARED	1720131759;2186856503		1720131759;2186856503	HIGH	2 exact/strong owner(s); 0 family/generic supporting relation(s).	YES
блэк опиум в машину на зеркало фигурка	FAMILY_SHARED		1842444165		LOW	0 exact/strong owner(s); 1 family/generic supporting relation(s).	NO
блюдо весы знак зодиака	SKU_SPECIFIC	1720137256			LOW	1 exact/strong owner(s); 0 family/generic supporting relation(s).	NO
бог	UNCLEAR				MEDIUM	0 exact/strong owner(s); 0 family/generic supporting relation(s).	YES
бог амулет	FAMILY_SHARED		2183985513		LOW	0 exact/strong owner(s); 1 family/generic supporting relation(s).	NO
бог в машину	FAMILY_SHARED		1640337426		LOW	0 exact/strong owner(s); 1 family/generic supporting relation(s).	NO
бог и богиня	EXCLUDED				LOW	0 exact/strong owner(s); 0 family/generic supporting relation(s).	NO
бог омулет	UNCLEAR				MEDIUM	0 exact/strong owner(s); 0 family/generic supporting relation(s).	YES
бог подвеска	FAMILY_SHARED		2183808182		LOW	0 exact/strong owner(s); 1 family/generic supporting relation(s).	NO
бог сварог в машину	EXCLUDED				LOW	0 exact/strong owner(s); 0 family/generic supporting relation(s).	NO
бог чур наклейка оберег	UNCLEAR				MEDIUM	0 exact/strong owner(s); 0 family/generic supporting relation(s).	YES
боги славянские	FAMILY_SHARED		2184932293		LOW	0 exact/strong owner(s); 1 family/generic supporting relation(s).	NO
богиня	UNCLEAR				MEDIUM	0 exact/strong owner(s); 0 family/generic supporting relation(s).	YES
богиня жива амулет	SKU_SPECIFIC	2183808182			LOW	1 exact/strong owner(s); 0 family/generic supporting relation(s).	NO
богиня кали	UNCLEAR				MEDIUM	0 exact/strong owner(s); 0 family/generic supporting relation(s).	YES
богиня лада бусина	UNCLEAR				MEDIUM	0 exact/strong owner(s); 0 family/generic supporting relation(s).	YES
богиня лада из дерева	UNCLEAR				MEDIUM	0 exact/strong owner(s); 0 family/generic supporting relation(s).	YES
богиня мара	SKU_SPECIFIC	2184199958			LOW	1 exact/strong owner(s); 0 family/generic supporting relation(s).	NO
боковое зеркало на машину атлант левое	STORE_GENERIC		1602715556;2184199958		LOW	0 exact/strong owner(s); 2 family/generic supporting relation(s).	NO
боковые зеркала на машину спасио 1999	STORE_GENERIC		1720124782;1720144370;2183985513		LOW	0 exact/strong owner(s); 3 family/generic supporting relation(s).	NO
большой крест в машину на зеркало православный	EXCLUDED				LOW	0 exact/strong owner(s); 0 family/generic supporting relation(s).	NO
бомбический оберег в машину на зеркало	STORE_GENERIC		1720153914;2184153852;2186857668		LOW	0 exact/strong owner(s); 3 family/generic supporting relation(s).	NO
борьба подвеска на зеркало	FAMILY_SHARED		1640334195		LOW	0 exact/strong owner(s); 1 family/generic supporting relation(s).	NO
ботвеска в машине	FAMILY_SHARED		1602717077		LOW	0 exact/strong owner(s); 1 family/generic supporting relation(s).	NO
ботинки инь и ян	SKU_SPECIFIC	1629553898			LOW	1 exact/strong owner(s); 0 family/generic supporting relation(s).	NO
бподвеска в машину	FAMILY_SHARED		1720141903		LOW	0 exact/strong owner(s); 1 family/generic supporting relation(s).	NO
браслет амулет водолея	FAMILY_SHARED		2186846833		LOW	0 exact/strong owner(s); 1 family/generic supporting relation(s).	NO
браслет в старо словянский	UNCLEAR				MEDIUM	0 exact/strong owner(s); 0 family/generic supporting relation(s).	YES
браслет для водолея женский	UNCLEAR				MEDIUM	0 exact/strong owner(s); 0 family/generic supporting relation(s).	YES
браслет женский для водолея	UNCLEAR				MEDIUM	0 exact/strong owner(s); 0 family/generic supporting relation(s).	YES
браслет зеркало оберег	FAMILY_SHARED		1602715556		LOW	0 exact/strong owner(s); 1 family/generic supporting relation(s).	NO
браслет из перу	UNCLEAR				MEDIUM	0 exact/strong owner(s); 0 family/generic supporting relation(s).	YES
браслет каловрат	UNCLEAR				MEDIUM	0 exact/strong owner(s); 0 family/generic supporting relation(s).	YES
браслет мужской дажьбог	UNCLEAR				MEDIUM	0 exact/strong owner(s); 0 family/generic supporting relation(s).	YES
браслет мужской для близнеца	UNCLEAR				MEDIUM	0 exact/strong owner(s); 0 family/generic supporting relation(s).	YES
браслет мужской с шлем ужаса	SKU_SPECIFIC	1602717077			LOW	1 exact/strong owner(s); 0 family/generic supporting relation(s).	NO
браслет мужскойславянское	FAMILY_SHARED		1640337426		LOW	0 exact/strong owner(s); 1 family/generic supporting relation(s).	NO
браслет на зеркало	FAMILY_SHARED		1720148880		LOW	0 exact/strong owner(s); 1 family/generic supporting relation(s).	NO
браслет на руку водолея	UNCLEAR				MEDIUM	0 exact/strong owner(s); 0 family/generic supporting relation(s).	YES
браслет оберег для водолея	FAMILY_SHARED		1720141903;2186846833		LOW	0 exact/strong owner(s); 2 family/generic supporting relation(s).	NO
браслет оберег мужчины	FAMILY_SHARED		2271246783		LOW	0 exact/strong owner(s); 1 family/generic supporting relation(s).	NO
браслет по знаку зодиака лев	EXCLUDED				LOW	0 exact/strong owner(s); 0 family/generic supporting relation(s).	NO
браслет с старославянский	FAMILY_SHARED		1640337426		LOW	0 exact/strong owner(s); 1 family/generic supporting relation(s).	NO
браслет самурай	UNCLEAR				MEDIUM	0 exact/strong owner(s); 0 family/generic supporting relation(s).	YES
браслет старо словянский	UNCLEAR				MEDIUM	0 exact/strong owner(s); 0 family/generic supporting relation(s).	YES
браслет талисман для женщины близнеца	UNCLEAR				MEDIUM	0 exact/strong owner(s); 0 family/generic supporting relation(s).	YES
браслет шлем ужаса серебро	SKU_SPECIFIC	1602717077			LOW	1 exact/strong owner(s); 0 family/generic supporting relation(s).	NO
браслет' обеоег для водолея	UNCLEAR				MEDIUM	0 exact/strong owner(s); 0 family/generic supporting relation(s).	YES
браслетик оберег для овна	FAMILY_SHARED		1720148880;2271251938		LOW	0 exact/strong owner(s); 2 family/generic supporting relation(s).	NO
брелки на автомобиль на зеркало четк	FAMILY_SHARED		1629553898		LOW	0 exact/strong owner(s); 1 family/generic supporting relation(s).	NO
брелок авто талисман	STORE_GENERIC		1720124782;2186848313;2186857668;2326866320		LOW	0 exact/strong owner(s); 4 family/generic supporting relation(s).	NO
брелок амулет для авто на зеркало	FAMILY_SHARED		2271275793		LOW	0 exact/strong owner(s); 1 family/generic supporting relation(s).	NO
брелок амулет на машину	FAMILY_SHARED		2326866320		LOW	0 exact/strong owner(s); 1 family/generic supporting relation(s).	NO
брелок артиллерия в машину на зеркало пушка	FAMILY_SHARED		1720160556;2271188511		LOW	0 exact/strong owner(s); 2 family/generic supporting relation(s).	NO
брелок аудра	UNCLEAR				MEDIUM	0 exact/strong owner(s); 0 family/generic supporting relation(s).	YES
брелок близнецы плоский	SKU_SPECIFIC	2271210394			LOW	1 exact/strong owner(s); 0 family/generic supporting relation(s).	NO
брелок боевое самбо в машину на зеркало	FAMILY_SHARED		1720161841		LOW	0 exact/strong owner(s); 1 family/generic supporting relation(s).	NO
брелок в виде амулета	FAMILY_SHARED		2186836116;2271275793		LOW	0 exact/strong owner(s); 2 family/generic supporting relation(s).	NO
брелок в машине машин на зеркало аромат запох	FAMILY_SHARED		2184153852		LOW	0 exact/strong owner(s); 1 family/generic supporting relation(s).	NO
брелок в машину ауд	FAMILY_SHARED		1629493686		LOW	0 exact/strong owner(s); 1 family/generic supporting relation(s).	NO
брелок в машину военный на зеркало ртв	FAMILY_SHARED		2271275793		LOW	0 exact/strong owner(s); 1 family/generic supporting relation(s).	NO
брелок в машину для девушки на зеркало	STORE_GENERIC		1640306007;2186846833		LOW	0 exact/strong owner(s); 2 family/generic supporting relation(s).	NO
брелок в машину зеркало	FAMILY_SHARED		2271234726;2271270261		LOW	0 exact/strong owner(s); 2 family/generic supporting relation(s).	NO
брелок в машину знак зодиака дева	SKU_SPECIFIC	2186865070			LOW	1 exact/strong owner(s); 0 family/generic supporting relation(s).	NO
брелок в машину иконка	FAMILY_SHARED		2326866320		LOW	0 exact/strong owner(s); 1 family/generic supporting relation(s).	NO
брелок в машину мягкий на зеркало	FAMILY_SHARED		2559817779		LOW	0 exact/strong owner(s); 1 family/generic supporting relation(s).	NO
брелок в машину на зеркало	STORE_GENERIC		1629493686;1720148880;2183985513;2186836116;2186848313;2186850644;2186856503;2271188511;2271210394;2271219774;2271234726;2271251938;2271262133;2271275793;2559817779		LOW	0 exact/strong owner(s); 15 family/generic supporting relation(s).	NO
брелок в машину на зеркало geely monjaro	FAMILY_SHARED		2186836116		LOW	0 exact/strong owner(s); 1 family/generic supporting relation(s).	NO
брелок в машину на зеркало вархаммер	FAMILY_SHARED		2271292556		LOW	0 exact/strong owner(s); 1 family/generic supporting relation(s).	NO
брелок в машину на зеркало домовенок кузя	FAMILY_SHARED		2271275793		LOW	0 exact/strong owner(s); 1 family/generic supporting relation(s).	NO
брелок в машину на зеркало женский	FAMILY_SHARED		1629553898		LOW	0 exact/strong owner(s); 1 family/generic supporting relation(s).	NO
брелок в машину на зеркало коньки хоккейные	FAMILY_SHARED		1720160556		LOW	0 exact/strong owner(s); 1 family/generic supporting relation(s).	NO
брелок в машину на зеркало кудо	FAMILY_SHARED		1720153914		LOW	0 exact/strong owner(s); 1 family/generic supporting relation(s).	NO
брелок в машину на зеркало мужской полиция	FAMILY_SHARED		1640326230		LOW	0 exact/strong owner(s); 1 family/generic supporting relation(s).	NO
брелок в машину на зеркало оберег сузуки на камне	FAMILY_SHARED		1720131759;1720153914;1720161841		LOW	0 exact/strong owner(s); 3 family/generic supporting relation(s).	NO
брелок в машину на зеркало плавец	FAMILY_SHARED		2186766628		LOW	0 exact/strong owner(s); 1 family/generic supporting relation(s).	NO
брелок в машину на зеркало подвеска	FAMILY_SHARED		2186865070;2271270261		LOW	0 exact/strong owner(s); 2 family/generic supporting relation(s).	NO
брелок в машину на зеркало пушистики	STORE_GENERIC		1602715556;1630040194;1640264403;1640276582;1640334195;1720124782;1720131759;1720148880;1720151850;1720153914;1720160556;1720161841;2183808182;2184153852;2184168890;2186766628;2186802133;2186839757;2186850644;2186852750;2271188511;2271210394;2271262133;2271275793;2271285786;2559437928		LOW	0 exact/strong owner(s); 26 family/generic supporting relation(s).	NO
брелок в машину на зеркало пушистфй	FAMILY_SHARED		2184199958		LOW	0 exact/strong owner(s); 1 family/generic supporting relation(s).	NO
брелок в машину на зеркало славянский	EXCLUDED				LOW	0 exact/strong owner(s); 0 family/generic supporting relation(s).	NO
брелок в машину на зеркало славянский символ алатырь	EXCLUDED				LOW	0 exact/strong owner(s); 0 family/generic supporting relation(s).	NO
брелок в машину на зеркало спартанец	FAMILY_SHARED		1602715556		LOW	0 exact/strong owner(s); 1 family/generic supporting relation(s).	NO
брелок в машину на зеркало фига	FAMILY_SHARED		2271285786		LOW	0 exact/strong owner(s); 1 family/generic supporting relation(s).	NO
брелок в машину на зеркало хоккей локомотив	FAMILY_SHARED		1602715556		LOW	0 exact/strong owner(s); 1 family/generic supporting relation(s).	NO
брелок в машину на зеркало четки	FAMILY_SHARED		2271210394		LOW	0 exact/strong owner(s); 1 family/generic supporting relation(s).	NO
брелок в машину на зеркало я свободен	STORE_GENERIC		1636041142;1640276582;2184133137;2186843798;2271219774;2271251938		LOW	0 exact/strong owner(s); 6 family/generic supporting relation(s).	NO
брелок в машину оберег	FAMILY_SHARED		1720141903		LOW	0 exact/strong owner(s); 1 family/generic supporting relation(s).	NO
брелок в машину от сглаза	FAMILY_SHARED		2559437928		LOW	0 exact/strong owner(s); 1 family/generic supporting relation(s).	NO
брелок в машину подц	FAMILY_SHARED		1720161841		LOW	0 exact/strong owner(s); 1 family/generic supporting relation(s).	NO
брелок в машину славянский	EXCLUDED				LOW	0 exact/strong owner(s); 0 family/generic supporting relation(s).	NO
брелок водолей телефон	SKU_SPECIFIC	1720141903			LOW	1 exact/strong owner(s); 0 family/generic supporting relation(s).	NO
брелок войска связи на зеркало в машине	FAMILY_SHARED		2271270261		LOW	0 exact/strong owner(s); 1 family/generic supporting relation(s).	NO
брелок восьмерка в машину на зеркало	STORE_GENERIC		1630040194;1720161841		LOW	0 exact/strong owner(s); 2 family/generic supporting relation(s).	NO
брелок гром и	UNCLEAR				MEDIUM	0 exact/strong owner(s); 0 family/generic supporting relation(s).	YES
брелок громовик	SKU_SPECIFIC	1640330072			LOW	1 exact/strong owner(s); 0 family/generic supporting relation(s).	NO
брелок дева	SKU_SPECIFIC	1720144370			LOW	1 exact/strong owner(s); 0 family/generic supporting relation(s).	NO
брелок дева знак зодиака	SKU_SPECIFIC	2271240621			LOW	1 exact/strong owner(s); 0 family/generic supporting relation(s).	NO
брелок деревянный автомобиль	FAMILY_SHARED		2326866320		LOW	0 exact/strong owner(s); 1 family/generic supporting relation(s).	NO
брелок для ключей молвинец	SKU_SPECIFIC	1640306007			LOW	1 exact/strong owner(s); 0 family/generic supporting relation(s).	NO
брелок для ключей с перун	SKU_SPECIFIC	2183985513			LOW	1 exact/strong owner(s); 0 family/generic supporting relation(s).	NO
брелок для машины на зеркало спарашутом	FAMILY_SHARED		1720144370		LOW	0 exact/strong owner(s); 1 family/generic supporting relation(s).	NO
брелок знак зодиака дева дева	SKU_SPECIFIC	2186843798			LOW	1 exact/strong owner(s); 0 family/generic supporting relation(s).	NO
брелок знак зодиака набор	FAMILY_SHARED		2271240621		LOW	0 exact/strong owner(s); 1 family/generic supporting relation(s).	NO
брелок знак зодиака телец	SKU_SPECIFIC	1720161841			LOW	1 exact/strong owner(s); 0 family/generic supporting relation(s).	NO
брелок знаки зодиака	FAMILY_SHARED		1720144370		LOW	0 exact/strong owner(s); 1 family/generic supporting relation(s).	NO
брелок знаки зодиака лев	SKU_SPECIFIC	2271188511			LOW	1 exact/strong owner(s); 0 family/generic supporting relation(s).	NO
брелок каловрат	UNCLEAR				MEDIUM	0 exact/strong owner(s); 0 family/generic supporting relation(s).	YES
брелок коза	UNCLEAR				MEDIUM	0 exact/strong owner(s); 0 family/generic supporting relation(s).	YES
брелок коза в автомобиль на зеркало	FAMILY_SHARED		2186852750		LOW	0 exact/strong owner(s); 1 family/generic supporting relation(s).	NO
брелок коза в машину на зеркало	FAMILY_SHARED		1720148880		LOW	0 exact/strong owner(s); 1 family/generic supporting relation(s).	NO
брелок козе	UNCLEAR				MEDIUM	0 exact/strong owner(s); 0 family/generic supporting relation(s).	YES
брелок козерог мягкий	SKU_SPECIFIC	1720147059			LOW	1 exact/strong owner(s); 0 family/generic supporting relation(s).	NO
брелок козерошки	UNCLEAR				MEDIUM	0 exact/strong owner(s); 0 family/generic supporting relation(s).	YES
брелок коло	UNCLEAR				MEDIUM	0 exact/strong owner(s); 0 family/generic supporting relation(s).	YES
брелок летящий ангел в машину на зеркало	FAMILY_SHARED		1640264403		LOW	0 exact/strong owner(s); 1 family/generic supporting relation(s).	NO
брелок мчс на зеркало в машине	FAMILY_SHARED		1630033296		LOW	0 exact/strong owner(s); 1 family/generic supporting relation(s).	NO
брелок мягкий телец	SKU_SPECIFIC	1720161841			LOW	1 exact/strong owner(s); 0 family/generic supporting relation(s).	NO
брелок на авто славянская на зеркало	FAMILY_SHARED		1630040194;1640276582;2184133137		LOW	0 exact/strong owner(s); 3 family/generic supporting relation(s).	NO
брелок на автомобиль на зеркало	FAMILY_SHARED		1720137256		LOW	0 exact/strong owner(s); 1 family/generic supporting relation(s).	NO
брелок на зеркало в машину бус	FAMILY_SHARED		1602715556		LOW	0 exact/strong owner(s); 1 family/generic supporting relation(s).	NO
брелок на зеркало в машину крест	EXCLUDED				LOW	0 exact/strong owner(s); 0 family/generic supporting relation(s).	NO
брелок на зеркало в машину ловец снов	FAMILY_SHARED		2326866320		LOW	0 exact/strong owner(s); 1 family/generic supporting relation(s).	NO
брелок на зеркало в машину ссср скилет	FAMILY_SHARED		1602717077		LOW	0 exact/strong owner(s); 1 family/generic supporting relation(s).	NO
брелок на зеркало в машину фемида	STORE_GENERIC		1602717077;1720131759;1720153914;2271188511		LOW	0 exact/strong owner(s); 4 family/generic supporting relation(s).	NO
брелок на зеркало в машину хово	FAMILY_SHARED		2271275793		LOW	0 exact/strong owner(s); 1 family/generic supporting relation(s).	NO
брелок на машину звезда воровская на зеркало	EXCLUDED				LOW	0 exact/strong owner(s); 0 family/generic supporting relation(s).	NO
брелок на маштну ловец снов в машину	FAMILY_SHARED		1640330072		LOW	0 exact/strong owner(s); 1 family/generic supporting relation(s).	NO
брелок оберег в машину на зеркало	FAMILY_SHARED		1640330072		LOW	0 exact/strong owner(s); 1 family/generic supporting relation(s).	NO
брелок оберег деревянный	FAMILY_SHARED		2326866320		LOW	0 exact/strong owner(s); 1 family/generic supporting relation(s).	NO
брелок оберег от	FAMILY_SHARED		2326866320		LOW	0 exact/strong owner(s); 1 family/generic supporting relation(s).	NO
брелок оберег от сглаза	FAMILY_SHARED		2326866320		LOW	0 exact/strong owner(s); 1 family/generic supporting relation(s).	NO
брелок оберег славянский	EXCLUDED				LOW	0 exact/strong owner(s); 0 family/generic supporting relation(s).	NO
брелок оберег славянский мужской	EXCLUDED				LOW	0 exact/strong owner(s); 0 family/generic supporting relation(s).	NO
брелок оберег талисман	FAMILY_SHARED		1720131759		LOW	0 exact/strong owner(s); 1 family/generic supporting relation(s).	NO
брелок от сглаза	FAMILY_SHARED		2326866320		LOW	0 exact/strong owner(s); 1 family/generic supporting relation(s).	NO
брелок от сглаза в машину на зеркало	FAMILY_SHARED		1720155616		LOW	0 exact/strong owner(s); 1 family/generic supporting relation(s).	NO
брелок от склаза в машину	FAMILY_SHARED		2326866320		LOW	0 exact/strong owner(s); 1 family/generic supporting relation(s).	NO
брелок офицер пупсик в машину на зеркало	FAMILY_SHARED		1720147059		LOW	0 exact/strong owner(s); 1 family/generic supporting relation(s).	NO
брелок перу	UNCLEAR				MEDIUM	0 exact/strong owner(s); 0 family/generic supporting relation(s).	YES
брелок подвеска дева	SKU_SPECIFIC	1720144370			LOW	1 exact/strong owner(s); 0 family/generic supporting relation(s).	NO
брелок прапорщик полиции в машину на зеркало	FAMILY_SHARED		1602715556		LOW	0 exact/strong owner(s); 1 family/generic supporting relation(s).	NO
брелок руна оберег	FAMILY_SHARED		1720151850		LOW	0 exact/strong owner(s); 1 family/generic supporting relation(s).	NO
брелок сабвуфер альфард в машину на зеркало	FAMILY_SHARED		1636041142		LOW	0 exact/strong owner(s); 1 family/generic supporting relation(s).	NO
брелок славянский	FAMILY_SHARED		1630033296;2184133137		LOW	0 exact/strong owner(s); 2 family/generic supporting relation(s).	NO
брелок славянский оберег	FAMILY_SHARED		2183921966;2184234912;2184932293		LOW	0 exact/strong owner(s); 3 family/generic supporting relation(s).	NO
брелок слпвянск	UNCLEAR				MEDIUM	0 exact/strong owner(s); 0 family/generic supporting relation(s).	YES
брелок со знаком зодиака козерог	SKU_SPECIFIC	2271246783			LOW	1 exact/strong owner(s); 0 family/generic supporting relation(s).	NO
брелок талисман козерог	SKU_SPECIFIC	2186852750			LOW	1 exact/strong owner(s); 0 family/generic supporting relation(s).	NO
брелок талисман лев в машину	SKU_SPECIFIC	2271188511			LOW	1 exact/strong owner(s); 0 family/generic supporting relation(s).	NO
брелок талисман славянский	FAMILY_SHARED		2184133137		LOW	0 exact/strong owner(s); 1 family/generic supporting relation(s).	NO
брелок телец деревянный	SKU_SPECIFIC	2186766628			LOW	1 exact/strong owner(s); 0 family/generic supporting relation(s).	NO
брелок телец и	SKU_SPECIFIC	2271292556			LOW	1 exact/strong owner(s); 0 family/generic supporting relation(s).	NO
брелок у машину byd на зерколо	STORE_GENERIC		1602717077;2183808182;2184199958;2271292556;2559437928		LOW	0 exact/strong owner(s); 5 family/generic supporting relation(s).	NO
брелок узбекистан на машину	FAMILY_SHARED		2183985513		LOW	0 exact/strong owner(s); 1 family/generic supporting relation(s).	NO
брелок фсин в машину на зеркало	FAMILY_SHARED		2186839757		LOW	0 exact/strong owner(s); 1 family/generic supporting relation(s).	NO
брелок черный овен	SKU_SPECIFIC	2271251938			LOW	1 exact/strong owner(s); 0 family/generic supporting relation(s).	NO
брелоки в машину на зеркало кокошник	FAMILY_SHARED		1640334195		LOW	0 exact/strong owner(s); 1 family/generic supporting relation(s).	NO
брелоки знак зодиака близнецы	SKU_SPECIFIC	1720131759			LOW	1 exact/strong owner(s); 0 family/generic supporting relation(s).	NO
брелокмтамара спаси и сохрани	SKU_SPECIFIC	2326866320			LOW	1 exact/strong owner(s); 0 family/generic supporting relation(s).	NO
брилки с знаком зодиака весы	SKU_SPECIFIC	1720137256			LOW	1 exact/strong owner(s); 0 family/generic supporting relation(s).	NO
брилок овен	SKU_SPECIFIC	1720148880			LOW	1 exact/strong owner(s); 0 family/generic supporting relation(s).	NO
брошка знак зодиака весы	SKU_SPECIFIC	1720137256			LOW	1 exact/strong owner(s); 0 family/generic supporting relation(s).	NO
брошь на машину рыбка самаклейная	FAMILY_SHARED		1720155616;2186848313		LOW	0 exact/strong owner(s); 2 family/generic supporting relation(s).	NO
брошь оберег для козерога	UNCLEAR				MEDIUM	0 exact/strong owner(s); 0 family/generic supporting relation(s).	YES
брошь с славянским оберегом женская	FAMILY_SHARED		1630033296		LOW	0 exact/strong owner(s); 1 family/generic supporting relation(s).	NO
брошь славянские обереги	FAMILY_SHARED		2184098058		LOW	0 exact/strong owner(s); 1 family/generic supporting relation(s).	NO
брошь стрелец	SKU_SPECIFIC	2271285786			LOW	1 exact/strong owner(s); 0 family/generic supporting relation(s).	NO
брошь телец	SKU_SPECIFIC	2186766628			LOW	1 exact/strong owner(s); 0 family/generic supporting relation(s).	NO
брслет охранный спаси и сохрани	SKU_SPECIFIC	2326866320			LOW	1 exact/strong owner(s); 0 family/generic supporting relation(s).	NO
булавки обереги в машину на зеркало	FAMILY_SHARED		2184199958		LOW	0 exact/strong owner(s); 1 family/generic supporting relation(s).	NO
бусина закон	UNCLEAR				MEDIUM	0 exact/strong owner(s); 0 family/generic supporting relation(s).	YES
бусина защита акриловая	FAMILY_SHARED		1720124782		LOW	0 exact/strong owner(s); 1 family/generic supporting relation(s).	NO
бусина знак зодиака	FAMILY_SHARED		1720141903		LOW	0 exact/strong owner(s); 1 family/generic supporting relation(s).	NO
бусина знак зодиака весы	SKU_SPECIFIC	2186802133			LOW	1 exact/strong owner(s); 0 family/generic supporting relation(s).	NO
бусина знак скорпион	FAMILY_SHARED	1720160556;2271275793		1720160556;2271275793	HIGH	2 exact/strong owner(s); 0 family/generic supporting relation(s).	YES
бусина знаки	UNCLEAR				MEDIUM	0 exact/strong owner(s); 0 family/generic supporting relation(s).	YES
бусина знаки зодиака	FAMILY_SHARED		1720124782;2271275793		LOW	0 exact/strong owner(s); 2 family/generic supporting relation(s).	NO
бусина зодиак по	FAMILY_SHARED		2271270261		LOW	0 exact/strong owner(s); 1 family/generic supporting relation(s).	NO
бусина лев знак зодиака оберег	FAMILY_SHARED	2186857668;2271188511		2186857668;2271188511	HIGH	2 exact/strong owner(s); 0 family/generic supporting relation(s).	YES
бусина овен	SKU_SPECIFIC	1720148880			LOW	1 exact/strong owner(s); 0 family/generic supporting relation(s).	NO
бусина от сглаза на зеркало машины	STORE_GENERIC		1611695246;1630040194;1640264403;1640276582;1640306007;1720148880;1720155616;2183808182;2183985513;2184098058;2184133137;2184168890;2184932293		LOW	0 exact/strong owner(s); 13 family/generic supporting relation(s).	NO
бусина сила веры	UNCLEAR				MEDIUM	0 exact/strong owner(s); 0 family/generic supporting relation(s).	YES
бусина славянская	FAMILY_SHARED		2184234912		LOW	0 exact/strong owner(s); 1 family/generic supporting relation(s).	NO
бусина славянская на четки	FAMILY_SHARED		1636041142		LOW	0 exact/strong owner(s); 1 family/generic supporting relation(s).	NO
бусина славянские символ	FAMILY_SHARED		1640334195		LOW	0 exact/strong owner(s); 1 family/generic supporting relation(s).	NO
бусина талисман	FAMILY_SHARED		1720141903;2186839757		LOW	0 exact/strong owner(s); 2 family/generic supporting relation(s).	NO
бусина чернобог	SKU_SPECIFIC	1630040194			LOW	1 exact/strong owner(s); 0 family/generic supporting relation(s).	NO
бусина шлем ужаса	SKU_SPECIFIC	1602717077			LOW	1 exact/strong owner(s); 0 family/generic supporting relation(s).	NO
бусинка знак зодиака овен	SKU_SPECIFIC	1720148880			LOW	1 exact/strong owner(s); 0 family/generic supporting relation(s).	NO
бусинка славянские руны	FAMILY_SHARED		1842444165		LOW	0 exact/strong owner(s); 1 family/generic supporting relation(s).	NO
бусинки в машину на зеркало	FAMILY_SHARED		2186848313		LOW	0 exact/strong owner(s); 1 family/generic supporting relation(s).	NO
бусины акрил с рунами	UNCLEAR				MEDIUM	0 exact/strong owner(s); 0 family/generic supporting relation(s).	YES
бусины акриловые народные	UNCLEAR				MEDIUM	0 exact/strong owner(s); 0 family/generic supporting relation(s).	YES
бусины акриловые от сглаза 12мм	STORE_GENERIC		1640276582;1720148880		LOW	0 exact/strong owner(s); 2 family/generic supporting relation(s).	NO
бусины в машину	STORE_GENERIC		1640276582;2271219774		LOW	0 exact/strong owner(s); 2 family/generic supporting relation(s).	NO
бусины в машину на зеркало	FAMILY_SHARED		1720124782		LOW	0 exact/strong owner(s); 1 family/generic supporting relation(s).	NO
бусины деревянные	UNCLEAR				MEDIUM	0 exact/strong owner(s); 0 family/generic supporting relation(s).	YES
бусины диаметр 1 см	UNCLEAR				MEDIUM	0 exact/strong owner(s); 0 family/generic supporting relation(s).	YES
бусины для подвески в машину мужские	FAMILY_SHARED		2271234726		LOW	0 exact/strong owner(s); 1 family/generic supporting relation(s).	NO
бусины для подвески на зеркало в машину	STORE_GENERIC		1602717077;1720148880;2186857668;2326866320		LOW	0 exact/strong owner(s); 4 family/generic supporting relation(s).	NO
бусины для терм	UNCLEAR				MEDIUM	0 exact/strong owner(s); 0 family/generic supporting relation(s).	YES
бусины знаки зодиака подвеска набор	FAMILY_SHARED		2271240621		LOW	0 exact/strong owner(s); 1 family/generic supporting relation(s).	NO
бусины и аксессуары и детали для четок	FAMILY_SHARED		1630033296		LOW	0 exact/strong owner(s); 1 family/generic supporting relation(s).	NO
бусины руны	UNCLEAR				MEDIUM	0 exact/strong owner(s); 0 family/generic supporting relation(s).	YES
бусины символ дерева 8 мм	UNCLEAR				MEDIUM	0 exact/strong owner(s); 0 family/generic supporting relation(s).	YES
бусины славянский	FAMILY_SHARED		1640306007;1842444165		LOW	0 exact/strong owner(s); 2 family/generic supporting relation(s).	NO
бусины талисманы	FAMILY_SHARED		1720144370		LOW	0 exact/strong owner(s); 1 family/generic supporting relation(s).	NO
бусины шармы наборна удачу	FAMILY_SHARED		2271251938		LOW	0 exact/strong owner(s); 1 family/generic supporting relation(s).	NO
бусы в авто	FAMILY_SHARED		1629553898		LOW	0 exact/strong owner(s); 1 family/generic supporting relation(s).	NO
бусы в машину на зеркало лада спорт	STORE_GENERIC		1636041142;1720137256;1720141903;2184199958;2186846833		LOW	0 exact/strong owner(s); 5 family/generic supporting relation(s).	NO
бусы в машину на зеркало ленд ровер	FAMILY_SHARED		2186848313;2271251938		LOW	0 exact/strong owner(s); 2 family/generic supporting relation(s).	NO
бусы в машину на зеркало тюремные	FAMILY_SHARED		2271210394		LOW	0 exact/strong owner(s); 1 family/generic supporting relation(s).	NO
бусы в машину с	FAMILY_SHARED		1720153914		LOW	0 exact/strong owner(s); 1 family/generic supporting relation(s).	NO
бусы для знака зодиака	FAMILY_SHARED		1720153914		LOW	0 exact/strong owner(s); 1 family/generic supporting relation(s).	NO
бусы для стрельца	UNCLEAR				MEDIUM	0 exact/strong owner(s); 0 family/generic supporting relation(s).	YES
бусы знак	UNCLEAR				MEDIUM	0 exact/strong owner(s); 0 family/generic supporting relation(s).	YES
бусы знак зодиака	FAMILY_SHARED		2271285786		LOW	0 exact/strong owner(s); 1 family/generic supporting relation(s).	NO
бусы коловрат	UNCLEAR				MEDIUM	0 exact/strong owner(s); 0 family/generic supporting relation(s).	YES
бусы мужские черные телец	SKU_SPECIFIC	1720161841			LOW	1 exact/strong owner(s); 0 family/generic supporting relation(s).	NO
бусы на зерколо	UNCLEAR				MEDIUM	0 exact/strong owner(s); 0 family/generic supporting relation(s).	YES
бусы оберег	STORE_GENERIC		1611695246;1623753672;1720137256;1720141903;1720155616;2186766628;2186836116;2186865070;2271210394;2271234726;2271275793		LOW	0 exact/strong owner(s); 11 family/generic supporting relation(s).	NO
бусы подвеска в машину	FAMILY_SHARED		2186852750;2271246783		LOW	0 exact/strong owner(s); 2 family/generic supporting relation(s).	NO
бусы славянские обереги	FAMILY_SHARED		2184234912		LOW	0 exact/strong owner(s); 1 family/generic supporting relation(s).	NO
бусы японские мужские браслет	UNCLEAR				MEDIUM	0 exact/strong owner(s); 0 family/generic supporting relation(s).	YES
бутсы подвеска в машину на зеркало	FAMILY_SHARED		1640330072		LOW	0 exact/strong owner(s); 1 family/generic supporting relation(s).	NO
бутсы футбольные на зеркало подвеска	STORE_GENERIC		1602715556;1720160556		LOW	0 exact/strong owner(s); 2 family/generic supporting relation(s).	NO
бык в машину	FAMILY_SHARED		2271292556		LOW	0 exact/strong owner(s); 1 family/generic supporting relation(s).	NO
в авто славянские символы в машину	EXCLUDED				LOW	0 exact/strong owner(s); 0 family/generic supporting relation(s).	NO
в автомобиль на зеркало подвеска	FAMILY_SHARED		1720137256		LOW	0 exact/strong owner(s); 1 family/generic supporting relation(s).	NO
в автомобиль подвеска	STORE_GENERIC		1611643847;1630033296;1640276582		LOW	0 exact/strong owner(s); 3 family/generic supporting relation(s).	NO
в автопутешествие в машине для путешествий людям	FAMILY_SHARED		1623753672		LOW	0 exact/strong owner(s); 1 family/generic supporting relation(s).	NO
в дом оберег	FAMILY_SHARED		2559437928		LOW	0 exact/strong owner(s); 1 family/generic supporting relation(s).	NO
в машине деву	FAMILY_SHARED		2271240621		LOW	0 exact/strong owner(s); 1 family/generic supporting relation(s).	NO
в машине на зеркало подвеска	FAMILY_SHARED		1623753672		LOW	0 exact/strong owner(s); 1 family/generic supporting relation(s).	NO
в машине хобби хорс	SKU_SPECIFIC	2184168890			LOW	1 exact/strong owner(s); 0 family/generic supporting relation(s).	NO
в машину	STORE_GENERIC		1602722942;1636048691;1943215793;2271188511;2271240621;2271275793;2326866320;2559748332		LOW	0 exact/strong owner(s); 8 family/generic supporting relation(s).	NO
в машину авулет	STORE_GENERIC		1602717077;1636041142;1720148880;2186852750;2271292556;2326866320		LOW	0 exact/strong owner(s); 6 family/generic supporting relation(s).	NO
в машину аксессуары на зеркало подвеска	STORE_GENERIC		1640337426;2186852750		LOW	0 exact/strong owner(s); 2 family/generic supporting relation(s).	NO
в машину амулет	STORE_GENERIC		1611643847;1623753672;1629553898;1630033296;1630040194;1640326230;1640337426;1720137256;1720151850;1842444165;2184133137;2186766628;2186856503;2271188511;2271234726;2271240621;2271251938;2271275793;2326866320		LOW	0 exact/strong owner(s); 19 family/generic supporting relation(s).	NO
в машину брелок на зеркало бусы	FAMILY_SHARED		1629553898		LOW	0 exact/strong owner(s); 1 family/generic supporting relation(s).	NO
в машину для дев	FAMILY_SHARED		2186865070;2271240621		LOW	0 exact/strong owner(s); 2 family/generic supporting relation(s).	NO
в машину для малыша подвеска	STORE_GENERIC		2186848313;2326866320		LOW	0 exact/strong owner(s); 2 family/generic supporting relation(s).	NO
в машину для мужчины амулет	STORE_GENERIC		2271240621;2559817779		LOW	0 exact/strong owner(s); 2 family/generic supporting relation(s).	NO
в машину женская дева	SKU_SPECIFIC	2271240621			LOW	1 exact/strong owner(s); 0 family/generic supporting relation(s).	NO
в машину женщине подвеска	FAMILY_SHARED		2271210394		LOW	0 exact/strong owner(s); 1 family/generic supporting relation(s).	NO
в машину защита от сглаза	FAMILY_SHARED		2184153852		LOW	0 exact/strong owner(s); 1 family/generic supporting relation(s).	NO
в машину красивая подвеска	FAMILY_SHARED		1720151850		LOW	0 exact/strong owner(s); 1 family/generic supporting relation(s).	NO
в машину красивую подвеску с нашим триколором	FAMILY_SHARED		2271188511;2271251938		LOW	0 exact/strong owner(s); 2 family/generic supporting relation(s).	NO
в машину кулон от сглаза	FAMILY_SHARED		2559437928		LOW	0 exact/strong owner(s); 1 family/generic supporting relation(s).	NO
в машину мужчине амулет	FAMILY_SHARED		2271188511		LOW	0 exact/strong owner(s); 1 family/generic supporting relation(s).	NO
в машину на заруало	FAMILY_SHARED		1720147059		LOW	0 exact/strong owner(s); 1 family/generic supporting relation(s).	NO
в машину на зеркало	STORE_GENERIC		1602717077;1611695246;1640330072;1720124782;1720131759;1720137256;1720141903;1720147059;1720153914;1720161841;2184133137;2184932293;2271270261;2271275793;2559748332		LOW	0 exact/strong owner(s); 15 family/generic supporting relation(s).	NO
в машину на зеркало для девушки	FAMILY_SHARED		2271251938		LOW	0 exact/strong owner(s); 1 family/generic supporting relation(s).	NO
в машину на зеркало оберег	FAMILY_SHARED		1602717077		LOW	0 exact/strong owner(s); 1 family/generic supporting relation(s).	NO
в машину на зеркало подвес	FAMILY_SHARED		2186846833		LOW	0 exact/strong owner(s); 1 family/generic supporting relation(s).	NO
в машину на зеркало подвеска	STORE_GENERIC		2183985513;2186839757;2186848313;2559817779		LOW	0 exact/strong owner(s); 4 family/generic supporting relation(s).	NO
в машину на зеркало подвеска в виде дракона	FAMILY_SHARED		1629493686		LOW	0 exact/strong owner(s); 1 family/generic supporting relation(s).	NO
в машину на зеркало подвеска женская	FAMILY_SHARED		2183985513		LOW	0 exact/strong owner(s); 1 family/generic supporting relation(s).	NO
в машину на зеркало подвеска мужская	FAMILY_SHARED		1842444165		LOW	0 exact/strong owner(s); 1 family/generic supporting relation(s).	NO
в машину на зеркало подвеска четки	FAMILY_SHARED		1720137256		LOW	0 exact/strong owner(s); 1 family/generic supporting relation(s).	NO
в машину на зеркало подвеска японская	FAMILY_SHARED		2186839757		LOW	0 exact/strong owner(s); 1 family/generic supporting relation(s).	NO
в машину на удачу	FAMILY_SHARED		2183921966		LOW	0 exact/strong owner(s); 1 family/generic supporting relation(s).	NO
в машину на удачу очень на счастье	FAMILY_SHARED		1720137256		LOW	0 exact/strong owner(s); 1 family/generic supporting relation(s).	NO
в машину оберег	FAMILY_SHARED		2183921966		LOW	0 exact/strong owner(s); 1 family/generic supporting relation(s).	NO
в машину оберег с камнями	FAMILY_SHARED		1943215793		LOW	0 exact/strong owner(s); 1 family/generic supporting relation(s).	NO
в машину овен	SKU_SPECIFIC	1720148880			LOW	1 exact/strong owner(s); 0 family/generic supporting relation(s).	NO
в машину подвес	FAMILY_SHARED		2186846833		LOW	0 exact/strong owner(s); 1 family/generic supporting relation(s).	NO
в машину подвеска	STORE_GENERIC		1636048691;1640334195;1720124782;1720137256;1720141903;1720144370;1720147059;1720148880;1720153914;1720160556;1720161841;2184199958;2186766628;2186836116;2186846833;2186852750;2271210394;2271234726;2271246783;2271270261;2271285786;2271292556		LOW	0 exact/strong owner(s); 22 family/generic supporting relation(s).	NO
в машину подвеска в салон	FAMILY_SHARED		2186857668		LOW	0 exact/strong owner(s); 1 family/generic supporting relation(s).	NO
в машину подвеска лев	SKU_SPECIFIC	2186857668			LOW	1 exact/strong owner(s); 0 family/generic supporting relation(s).	NO
в машину подвеска мужская на зеркало	FAMILY_SHARED		1629493686		LOW	0 exact/strong owner(s); 1 family/generic supporting relation(s).	NO
в машину подвеска на зеркало	FAMILY_SHARED		2559748332		LOW	0 exact/strong owner(s); 1 family/generic supporting relation(s).	NO
в машину подвеска на зеркало мужская	STORE_GENERIC		1630033296;1720148880;2186836116;2271262133		LOW	0 exact/strong owner(s); 4 family/generic supporting relation(s).	NO
в машину подвеска на зеркало россия	FAMILY_SHARED		2184133137		LOW	0 exact/strong owner(s); 1 family/generic supporting relation(s).	NO
в машину подвеска на зеркало с фото	FAMILY_SHARED		2186836116;2271262133		LOW	0 exact/strong owner(s); 2 family/generic supporting relation(s).	NO
в машину подвеска на зеркало скорпион	EXCLUDED				LOW	0 exact/strong owner(s); 0 family/generic supporting relation(s).	NO
в машину подвеска на руль автомобиля	FAMILY_SHARED		1720137256		LOW	0 exact/strong owner(s); 1 family/generic supporting relation(s).	NO
в машину подвеска э	FAMILY_SHARED		2186856503		LOW	0 exact/strong owner(s); 1 family/generic supporting relation(s).	NO
в машину подвестка на зеркало красивая	FAMILY_SHARED		1640306007		LOW	0 exact/strong owner(s); 1 family/generic supporting relation(s).	NO
в машину скорпион	EXCLUDED				LOW	0 exact/strong owner(s); 0 family/generic supporting relation(s).	NO
в машину славянский	FAMILY_SHARED		2559437928		LOW	0 exact/strong owner(s); 1 family/generic supporting relation(s).	NO
в машину украшение на зеркало	FAMILY_SHARED		2186766628;2186850644		LOW	0 exact/strong owner(s); 2 family/generic supporting relation(s).	NO
в машину фигурка водолей	SKU_SPECIFIC	2186846833			LOW	1 exact/strong owner(s); 0 family/generic supporting relation(s).	NO
в машину. подвеска	FAMILY_SHARED		1720147059		LOW	0 exact/strong owner(s); 1 family/generic supporting relation(s).	NO
в славянской традиции	FAMILY_SHARED		2184168890		LOW	0 exact/strong owner(s); 1 family/generic supporting relation(s).	NO
в славянском стиле для	FAMILY_SHARED		1630033296		LOW	0 exact/strong owner(s); 1 family/generic supporting relation(s).	NO
валькнут	SKU_SPECIFIC	1611695246			LOW	1 exact/strong owner(s); 0 family/generic supporting relation(s).	NO
валькнут амулет	EXCLUDED				LOW	0 exact/strong owner(s); 0 family/generic supporting relation(s).	NO
валькнут коврик на пол	SKU_SPECIFIC	1611695246			LOW	1 exact/strong owner(s); 0 family/generic supporting relation(s).	NO
валькнут кулон	EXCLUDED				LOW	0 exact/strong owner(s); 0 family/generic supporting relation(s).	NO
валькнут подвеска в машину	SKU_SPECIFIC	1611695246			LOW	1 exact/strong owner(s); 0 family/generic supporting relation(s).	NO
вегвезир	UNCLEAR				MEDIUM	0 exact/strong owner(s); 0 family/generic supporting relation(s).	YES
вегвизир в машину	SKU_SPECIFIC	1602722942			LOW	1 exact/strong owner(s); 0 family/generic supporting relation(s).	NO
ведические	UNCLEAR				MEDIUM	0 exact/strong owner(s); 0 family/generic supporting relation(s).	YES
ведический амулет	FAMILY_SHARED		1640337426		LOW	0 exact/strong owner(s); 1 family/generic supporting relation(s).	NO
ведьмина подвеска	STORE_GENERIC		1640326230;1720161841		LOW	0 exact/strong owner(s); 2 family/generic supporting relation(s).	NO
ведьмино зеркало	STORE_GENERIC		1636041142;2271240621;2271251938		LOW	0 exact/strong owner(s); 3 family/generic supporting relation(s).	NO
ведьмочка подвеска в машину обьемная	FAMILY_SHARED		1640330072		LOW	0 exact/strong owner(s); 1 family/generic supporting relation(s).	NO
велес	SKU_SPECIFIC	1636041142			LOW	1 exact/strong owner(s); 0 family/generic supporting relation(s).	NO
велес амулет в машину	EXCLUDED				LOW	0 exact/strong owner(s); 0 family/generic supporting relation(s).	NO
велес оберег волк	SKU_SPECIFIC	1636041142			LOW	1 exact/strong owner(s); 0 family/generic supporting relation(s).	NO
велес оберег мужской	EXCLUDED				LOW	0 exact/strong owner(s); 0 family/generic supporting relation(s).	NO
велес оберег подвеска	EXCLUDED				LOW	0 exact/strong owner(s); 0 family/generic supporting relation(s).	NO
велес подвеска	EXCLUDED				LOW	0 exact/strong owner(s); 0 family/generic supporting relation(s).	NO
велес подвеска женская	EXCLUDED				LOW	0 exact/strong owner(s); 0 family/generic supporting relation(s).	NO
велес. красная кровь	SKU_SPECIFIC	1636041142			LOW	1 exact/strong owner(s); 0 family/generic supporting relation(s).	NO
вертолетик на зеркало уличное машины	FAMILY_SHARED		1720148880		LOW	0 exact/strong owner(s); 1 family/generic supporting relation(s).	NO
весеька в машину на зеркало пахочка	FAMILY_SHARED		1720160556		LOW	0 exact/strong owner(s); 1 family/generic supporting relation(s).	NO
весы	FAMILY_SHARED	1720137256;2186802133;2271219774		1720137256;2186802133;2271219774	HIGH	3 exact/strong owner(s); 0 family/generic supporting relation(s).	YES
весы авто	SKU_SPECIFIC	2271219774			LOW	1 exact/strong owner(s); 0 family/generic supporting relation(s).	NO
весы амулет на стол	SKU_SPECIFIC	2186802133			LOW	1 exact/strong owner(s); 0 family/generic supporting relation(s).	NO
весы в машину лексус	SKU_SPECIFIC	2186802133			LOW	1 exact/strong owner(s); 0 family/generic supporting relation(s).	NO
весы знак зодиака	FAMILY_SHARED	1720137256;2186802133;2271219774		1720137256;2186802133;2271219774	HIGH	3 exact/strong owner(s); 0 family/generic supporting relation(s).	YES
весы зодиак подвеска	SKU_SPECIFIC	2271219774			LOW	1 exact/strong owner(s); 0 family/generic supporting relation(s).	NO
весы зодиака	SKU_SPECIFIC	2271219774			LOW	1 exact/strong owner(s); 0 family/generic supporting relation(s).	NO
весы набор	SKU_SPECIFIC	2271219774			LOW	1 exact/strong owner(s); 0 family/generic supporting relation(s).	NO
весы подвеска в автомобиль	SKU_SPECIFIC	2186802133			LOW	1 exact/strong owner(s); 0 family/generic supporting relation(s).	NO
весючка в машину от зглаза на зеркало	STORE_GENERIC		1640337426;2271234726		LOW	0 exact/strong owner(s); 2 family/generic supporting relation(s).	NO
вибратор	UNCLEAR				MEDIUM	0 exact/strong owner(s); 0 family/generic supporting relation(s).	YES
вибратор для песка	UNCLEAR				MEDIUM	0 exact/strong owner(s); 0 family/generic supporting relation(s).	YES
викинг подвеска в машину на зеркало	FAMILY_SHARED		1602722942		LOW	0 exact/strong owner(s); 1 family/generic supporting relation(s).	NO
викинские амулет	FAMILY_SHARED		1640276582		LOW	0 exact/strong owner(s); 1 family/generic supporting relation(s).	NO
виктор знак зодиака весы	SKU_SPECIFIC	1720137256			LOW	1 exact/strong owner(s); 0 family/generic supporting relation(s).	NO
висюлька в машину на зеркало девушка на качельке	FAMILY_SHARED		2271188511		LOW	0 exact/strong owner(s); 1 family/generic supporting relation(s).	NO
висюлька в машину на зеркало лысый кот	FAMILY_SHARED		1720137256		LOW	0 exact/strong owner(s); 1 family/generic supporting relation(s).	NO
висюлька в машину на зеркало мужская 18	FAMILY_SHARED		1720124782;1720147059		LOW	0 exact/strong owner(s); 2 family/generic supporting relation(s).	NO
висюлька в машину на зеркало мусульманская	FAMILY_SHARED		2186856503		LOW	0 exact/strong owner(s); 1 family/generic supporting relation(s).	NO
висюлька в машину на зеркало мусульманская на грузовую	FAMILY_SHARED		1720124782;1720148880;2186857668		LOW	0 exact/strong owner(s); 3 family/generic supporting relation(s).	NO
висюлька в машину на зеркало тайота четки	STORE_GENERIC		2183985513;2186848313		LOW	0 exact/strong owner(s); 2 family/generic supporting relation(s).	NO
висюлька джили cityray в машину подвеска	FAMILY_SHARED		2271234726		LOW	0 exact/strong owner(s); 1 family/generic supporting relation(s).	NO
висюлька на зеркало в машину ароматизатор мазда	STORE_GENERIC		1640306007;1720148880;2271270261;2559437928		LOW	0 exact/strong owner(s); 4 family/generic supporting relation(s).	NO
висюлька на зеркало в машину белая пушистая	STORE_GENERIC		1630040194;1640330072;1720141903;1720144370;1720148880;1720160556;2183808182;2183985513;2184133137;2186796339;2186848313		LOW	0 exact/strong owner(s); 11 family/generic supporting relation(s).	NO
висюлька на зеркало в машину женская bmv	STORE_GENERIC		1602715556;2271270261		LOW	0 exact/strong owner(s); 2 family/generic supporting relation(s).	NO
висюльки в машину на зеркало знак диака стрелец	SKU_SPECIFIC	1720124782			LOW	1 exact/strong owner(s); 0 family/generic supporting relation(s).	NO
висюльки в машину на зеркало ловец снов	FAMILY_SHARED		1842444165		LOW	0 exact/strong owner(s); 1 family/generic supporting relation(s).	NO
висюльки в машину на зеркало череп обезьяна	STORE_GENERIC		1629493686;1640264403;2184199958;2184234912;2271275793		LOW	0 exact/strong owner(s); 5 family/generic supporting relation(s).	NO
висюльки диско шар в машину на зеркало	FAMILY_SHARED		2271188511		LOW	0 exact/strong owner(s); 1 family/generic supporting relation(s).	NO
висюльки для авто на зеркало знак зодиака лев	FAMILY_SHARED	2186857668;2271188511		2186857668;2271188511	HIGH	2 exact/strong owner(s); 0 family/generic supporting relation(s).	YES
висюльки на зеркало в машину мужское лицо	FAMILY_SHARED		2271210394		LOW	0 exact/strong owner(s); 1 family/generic supporting relation(s).	NO
висючка в машину на зеркало люстра	STORE_GENERIC		1720160556;2183985513;2184932293;2271210394;2271234726;2271275793		LOW	0 exact/strong owner(s); 6 family/generic supporting relation(s).	NO
висючка в машину на зеркало мчс	FAMILY_SHARED		2183985513		LOW	0 exact/strong owner(s); 1 family/generic supporting relation(s).	NO
висюяка на зеркало в машину хавал	STORE_GENERIC		1842444165;2184932293;2186766628		LOW	0 exact/strong owner(s); 3 family/generic supporting relation(s).	NO
витрина водолей	SKU_SPECIFIC	2271234726			LOW	1 exact/strong owner(s); 0 family/generic supporting relation(s).	NO
во блага подвеска в машину	FAMILY_SHARED		2184932293		LOW	0 exact/strong owner(s); 1 family/generic supporting relation(s).	NO
водоклей	UNCLEAR				MEDIUM	0 exact/strong owner(s); 0 family/generic supporting relation(s).	YES
водолей	FAMILY_SHARED	1720141903;2186846833;2271234726		1720141903;2186846833;2271234726	HIGH	3 exact/strong owner(s); 0 family/generic supporting relation(s).	YES
водолей в машину	SKU_SPECIFIC	2186846833			LOW	1 exact/strong owner(s); 0 family/generic supporting relation(s).	NO
водолей знак зодиака камееь	SKU_SPECIFIC	2186846833			LOW	1 exact/strong owner(s); 0 family/generic supporting relation(s).	NO
водолей кулон женский	SKU_SPECIFIC	1720141903			LOW	1 exact/strong owner(s); 0 family/generic supporting relation(s).	NO
водолей на распрыскиватель заачасти	SKU_SPECIFIC	1720141903			LOW	1 exact/strong owner(s); 0 family/generic supporting relation(s).	NO
водолей одежда мужская	SKU_SPECIFIC	1720141903			LOW	1 exact/strong owner(s); 0 family/generic supporting relation(s).	NO
водолей подвеска с камнем	SKU_SPECIFIC	1720141903			LOW	1 exact/strong owner(s); 0 family/generic supporting relation(s).	NO
водолей подвеска ювелирная	SKU_SPECIFIC	2271234726			LOW	1 exact/strong owner(s); 0 family/generic supporting relation(s).	NO
водолей расческа	SKU_SPECIFIC	2186846833			LOW	1 exact/strong owner(s); 0 family/generic supporting relation(s).	NO
водолей украшения	SKU_SPECIFIC	2271234726			LOW	1 exact/strong owner(s); 0 family/generic supporting relation(s).	NO
военная атрибутика для мужчины	UNCLEAR				MEDIUM	0 exact/strong owner(s); 0 family/generic supporting relation(s).	YES
военный оберег	FAMILY_SHARED		2183985513		LOW	0 exact/strong owner(s); 1 family/generic supporting relation(s).	NO
волейбольные мячики в машину на зеркало	FAMILY_SHARED		1720161841		LOW	0 exact/strong owner(s); 1 family/generic supporting relation(s).	NO
волчья лапа подвеска на зеркало в машину	FAMILY_SHARED		1611695246		LOW	0 exact/strong owner(s); 1 family/generic supporting relation(s).	NO
вольного борца подвеска в машину	STORE_GENERIC		1611695246;1640334195;2271210394		LOW	0 exact/strong owner(s); 3 family/generic supporting relation(s).	NO
вонючка в машину архангел михаил на зеркало	STORE_GENERIC		2184932293;2186802133;2271262133		LOW	0 exact/strong owner(s); 3 family/generic supporting relation(s).	NO
вонючка в машину оберег от дпс	FAMILY_SHARED		1720131759;2186843798		LOW	0 exact/strong owner(s); 2 family/generic supporting relation(s).	NO
вонючка в машину оберег от штрафа	FAMILY_SHARED		2326866320		LOW	0 exact/strong owner(s); 1 family/generic supporting relation(s).	NO
вонючка дельфин в машину синяя на зеркало	STORE_GENERIC		1602715556;2183985513;2186848313		LOW	0 exact/strong owner(s); 3 family/generic supporting relation(s).	NO
вонючки в авто лакост подвески на зеркало	FAMILY_SHARED		2184199958		LOW	0 exact/strong owner(s); 1 family/generic supporting relation(s).	NO
ворон оберег	FAMILY_SHARED		1640264403		LOW	0 exact/strong owner(s); 1 family/generic supporting relation(s).	NO
восклицательный знак на машину в красном треугольнике	FAMILY_SHARED		1720147059;2186836116		LOW	0 exact/strong owner(s); 2 family/generic supporting relation(s).	NO
восклицательный знак на машину в треугольнике красный	FAMILY_SHARED		2186846833		LOW	0 exact/strong owner(s); 1 family/generic supporting relation(s).	NO
все в славянском стиле	FAMILY_SHARED		2184932293		LOW	0 exact/strong owner(s); 1 family/generic supporting relation(s).	NO
все для близнецов	UNCLEAR				MEDIUM	0 exact/strong owner(s); 0 family/generic supporting relation(s).	YES
все для знака зодиака дева	SKU_SPECIFIC	2186843798			LOW	1 exact/strong owner(s); 0 family/generic supporting relation(s).	NO
все для славянских четок	FAMILY_SHARED		1636041142		LOW	0 exact/strong owner(s); 1 family/generic supporting relation(s).	NO
вто триглав	SKU_SPECIFIC	1640264403			LOW	1 exact/strong owner(s); 0 family/generic supporting relation(s).	NO
вымпел военная прокуратура в машину на зеркало	FAMILY_SHARED		1630040194		LOW	0 exact/strong owner(s); 1 family/generic supporting relation(s).	NO
вымпел уголовный розыск в машину на зеркало	FAMILY_SHARED		2184153852		LOW	0 exact/strong owner(s); 1 family/generic supporting relation(s).	NO
вымпелы подвески вдв в мошину	FAMILY_SHARED		1720124782		LOW	0 exact/strong owner(s); 1 family/generic supporting relation(s).	NO
вышивка крестом оберегиславянские	FAMILY_SHARED		1640337426		LOW	0 exact/strong owner(s); 1 family/generic supporting relation(s).	NO
гексаграмма козерог	SKU_SPECIFIC	1720147059			LOW	1 exact/strong owner(s); 0 family/generic supporting relation(s).	NO
герб	SKU_SPECIFIC	2559748332			LOW	1 exact/strong owner(s); 0 family/generic supporting relation(s).	NO
герб россии на зеркало деревянный в машину	EXCLUDED				LOW	0 exact/strong owner(s); 0 family/generic supporting relation(s).	NO
герб рости наклека на машину	SKU_SPECIFIC	2559817779			LOW	1 exact/strong owner(s); 0 family/generic supporting relation(s).	NO
гномика в машину мягкая на зеркало	FAMILY_SHARED		1720124782		LOW	0 exact/strong owner(s); 1 family/generic supporting relation(s).	NO
гобелен перун	SKU_SPECIFIC	2183985513			LOW	1 exact/strong owner(s); 0 family/generic supporting relation(s).	NO
год оф ва на зеркало в машину	FAMILY_SHARED		1720141903;2186857668		LOW	0 exact/strong owner(s); 2 family/generic supporting relation(s).	NO
голая жеещина подвеска в машину	FAMILY_SHARED		2271188511		LOW	0 exact/strong owner(s); 1 family/generic supporting relation(s).	NO
голова вуду подвеска на зеркало	STORE_GENERIC		2271270261;2559817779		LOW	0 exact/strong owner(s); 2 family/generic supporting relation(s).	NO
голова хищника в машину подвеска	STORE_GENERIC		1611643847;2186796339;2271219774		LOW	0 exact/strong owner(s); 3 family/generic supporting relation(s).	NO
голова хищника подвеска в машину	FAMILY_SHARED		2271285786		LOW	0 exact/strong owner(s); 1 family/generic supporting relation(s).	NO
горшок дева знак зодиака	SKU_SPECIFIC	2186843798			LOW	1 exact/strong owner(s); 0 family/generic supporting relation(s).	NO
горький перец брелок в машину на зеркало	FAMILY_SHARED		1720137256		LOW	0 exact/strong owner(s); 1 family/generic supporting relation(s).	NO
гравити фолз в машину брелок на зеркало	FAMILY_SHARED		2186802133		LOW	0 exact/strong owner(s); 1 family/generic supporting relation(s).	NO
громовик колесо	SKU_SPECIFIC	1640330072			LOW	1 exact/strong owner(s); 0 family/generic supporting relation(s).	NO
громовик оберег с	SKU_SPECIFIC	1640330072			LOW	1 exact/strong owner(s); 0 family/generic supporting relation(s).	NO
громовка оберег	FAMILY_SHARED		1640330072		LOW	0 exact/strong owner(s); 1 family/generic supporting relation(s).	NO
гун подвеска	FAMILY_SHARED		1611643847		LOW	0 exact/strong owner(s); 1 family/generic supporting relation(s).	NO
гунгнир копье не	SKU_SPECIFIC	1611643847			LOW	1 exact/strong owner(s); 0 family/generic supporting relation(s).	NO
гунгнир копьем одиума	SKU_SPECIFIC	1611643847			LOW	1 exact/strong owner(s); 0 family/generic supporting relation(s).	NO
гусь обнимусь подвеска на нитке в машину	FAMILY_SHARED		2559437928		LOW	0 exact/strong owner(s); 1 family/generic supporting relation(s).	NO
дагестан папаха для машины на зеркало	FAMILY_SHARED		1720155616		LOW	0 exact/strong owner(s); 1 family/generic supporting relation(s).	NO
даждьбог	SKU_SPECIFIC	2184932293			LOW	1 exact/strong owner(s); 0 family/generic supporting relation(s).	NO
даждьбог бусина	SKU_SPECIFIC	2184932293			LOW	1 exact/strong owner(s); 0 family/generic supporting relation(s).	NO
дев	UNCLEAR				MEDIUM	0 exact/strong owner(s); 0 family/generic supporting relation(s).	YES
дева	FAMILY_SHARED	1720144370;2186843798;2186865070;2271240621		1720144370;2186843798;2186865070;2271240621	HIGH	4 exact/strong owner(s); 0 family/generic supporting relation(s).	YES
дева деревянная	SKU_SPECIFIC	2271240621			LOW	1 exact/strong owner(s); 0 family/generic supporting relation(s).	NO
дева зеркальце	SKU_SPECIFIC	1720144370			LOW	1 exact/strong owner(s); 0 family/generic supporting relation(s).	NO
дева знак зодиак	SKU_SPECIFIC	2186843798			LOW	1 exact/strong owner(s); 0 family/generic supporting relation(s).	NO
дева знак зодиака	FAMILY_SHARED	1720144370;2186843798;2186865070;2271240621		1720144370;2186843798;2186865070;2271240621	HIGH	4 exact/strong owner(s); 0 family/generic supporting relation(s).	YES
дева знак зодиака для девочки в машину	SKU_SPECIFIC	1720144370			LOW	1 exact/strong owner(s); 0 family/generic supporting relation(s).	NO
дева знак зодиака огненная серия	SKU_SPECIFIC	1720144370			LOW	1 exact/strong owner(s); 0 family/generic supporting relation(s).	NO
дева знак зодиака рюмки	FAMILY_SHARED	2186843798;2271240621		2186843798;2271240621	HIGH	2 exact/strong owner(s); 0 family/generic supporting relation(s).	YES
дева знак зодиака худи	SKU_SPECIFIC	2271240621			LOW	1 exact/strong owner(s); 0 family/generic supporting relation(s).	NO
дева знак золиака свитшот	SKU_SPECIFIC	1720144370			LOW	1 exact/strong owner(s); 0 family/generic supporting relation(s).	NO
дева подвеска для мужчин	SKU_SPECIFIC	2271240621			LOW	1 exact/strong owner(s); 0 family/generic supporting relation(s).	NO
дева талисман	SKU_SPECIFIC	1720144370			LOW	1 exact/strong owner(s); 0 family/generic supporting relation(s).	NO
дева четки в машину	SKU_SPECIFIC	1720144370			LOW	1 exact/strong owner(s); 0 family/generic supporting relation(s).	NO
девушка в авто назеркало	FAMILY_SHARED		2271188511;2271234726		LOW	0 exact/strong owner(s); 2 family/generic supporting relation(s).	NO
девушка в машину на зеркало	FAMILY_SHARED		2271262133		LOW	0 exact/strong owner(s); 1 family/generic supporting relation(s).	NO
девушкам в машину	FAMILY_SHARED		2184234912		LOW	0 exact/strong owner(s); 1 family/generic supporting relation(s).	NO
девушки матрешки подвески на машину	FAMILY_SHARED		2271234726		LOW	0 exact/strong owner(s); 1 family/generic supporting relation(s).	NO
декали славянские обереги	FAMILY_SHARED		1640330072		LOW	0 exact/strong owner(s); 1 family/generic supporting relation(s).	NO
декор в машину подвеска	FAMILY_SHARED		2271275793		LOW	0 exact/strong owner(s); 1 family/generic supporting relation(s).	NO
декоративная подвеска в авто	FAMILY_SHARED		2186850644		LOW	0 exact/strong owner(s); 1 family/generic supporting relation(s).	NO
декоративная подвеска в авто на зеркало	FAMILY_SHARED		1629553898		LOW	0 exact/strong owner(s); 1 family/generic supporting relation(s).	NO
декоративная подвеска в машину	STORE_GENERIC		1629553898;2271210394		LOW	0 exact/strong owner(s); 2 family/generic supporting relation(s).	NO
декоративный элемент козерог	SKU_SPECIFIC	2186852750			LOW	1 exact/strong owner(s); 0 family/generic supporting relation(s).	NO
декоротивная подвеска в авто	FAMILY_SHARED		2186857668		LOW	0 exact/strong owner(s); 1 family/generic supporting relation(s).	NO
демон на машину подвеска на стекло маленькие	STORE_GENERIC		1602715556;1720124782;1720144370;1720151850;1720161841;2186843798;2271188511;2271210394;2271275793		LOW	0 exact/strong owner(s); 9 family/generic supporting relation(s).	NO
денежная карта талисман козерог	SKU_SPECIFIC	1720147059			LOW	1 exact/strong owner(s); 0 family/generic supporting relation(s).	NO
день рождения для девы	UNCLEAR				MEDIUM	0 exact/strong owner(s); 0 family/generic supporting relation(s).	YES
дерево в машину	FAMILY_SHARED		1943215793		LOW	0 exact/strong owner(s); 1 family/generic supporting relation(s).	NO
дерево граб подвеска на зеркало в машину	FAMILY_SHARED		1720141903		LOW	0 exact/strong owner(s); 1 family/generic supporting relation(s).	NO
дерево жизни	SKU_SPECIFIC	1623753672			LOW	1 exact/strong owner(s); 0 family/generic supporting relation(s).	NO
дерево жизни валькнут	EXCLUDED				LOW	0 exact/strong owner(s); 0 family/generic supporting relation(s).	NO
дерево оберег	FAMILY_SHARED		1943215793		LOW	0 exact/strong owner(s); 1 family/generic supporting relation(s).	NO
дерево талисман подвеска	FAMILY_SHARED		2271262133		LOW	0 exact/strong owner(s); 1 family/generic supporting relation(s).	NO
деревянная бусина с стмволом макошь	SKU_SPECIFIC	2184133137			LOW	1 exact/strong owner(s); 0 family/generic supporting relation(s).	NO
деревянная коробка для подарка мужчине	UNCLEAR				MEDIUM	0 exact/strong owner(s); 0 family/generic supporting relation(s).	YES
деревянная подвеска для кулона	FAMILY_SHARED		2186857668		LOW	0 exact/strong owner(s); 1 family/generic supporting relation(s).	NO
деревянная семаргл	SKU_SPECIFIC	2184153852			LOW	1 exact/strong owner(s); 0 family/generic supporting relation(s).	NO
деревянная шкатулка старославянская	FAMILY_SHARED		1640337426		LOW	0 exact/strong owner(s); 1 family/generic supporting relation(s).	NO
деревянная языческий славянский символ на	FAMILY_SHARED		2184932293		LOW	0 exact/strong owner(s); 1 family/generic supporting relation(s).	NO
деревянное повеска для мужчин	UNCLEAR				MEDIUM	0 exact/strong owner(s); 0 family/generic supporting relation(s).	YES
деревянные знаки зодиака на шею	FAMILY_SHARED		2186857668		LOW	0 exact/strong owner(s); 1 family/generic supporting relation(s).	NO
деревянные качественные четки эзотерика	FAMILY_SHARED		1720161841		LOW	0 exact/strong owner(s); 1 family/generic supporting relation(s).	NO
деревянные обереги	STORE_GENERIC		1623753672;1720131759		LOW	0 exact/strong owner(s); 2 family/generic supporting relation(s).	NO
деревянные подвески в автомобиль	STORE_GENERIC		2184133137;2271246783		LOW	0 exact/strong owner(s); 2 family/generic supporting relation(s).	NO
деревянные славянские боги	FAMILY_SHARED		2183985513		LOW	0 exact/strong owner(s); 1 family/generic supporting relation(s).	NO
деревянные украшения в машину	FAMILY_SHARED		1629493686		LOW	0 exact/strong owner(s); 1 family/generic supporting relation(s).	NO
деревянные украшения на ст	FAMILY_SHARED		2186856503		LOW	0 exact/strong owner(s); 1 family/generic supporting relation(s).	NO
деревянный амуле	UNCLEAR				MEDIUM	0 exact/strong owner(s); 0 family/generic supporting relation(s).	YES
деревянный амулет	STORE_GENERIC		1623753672;2183808182;2271292556		LOW	0 exact/strong owner(s); 3 family/generic supporting relation(s).	NO
деревянный оберег	FAMILY_SHARED		1720141903		LOW	0 exact/strong owner(s); 1 family/generic supporting relation(s).	NO
деревянный оберег в машину	FAMILY_SHARED		2184199958		LOW	0 exact/strong owner(s); 1 family/generic supporting relation(s).	NO
деревянный оберег славянский	FAMILY_SHARED		1640337426		LOW	0 exact/strong owner(s); 1 family/generic supporting relation(s).	NO
деревянный талисман	STORE_GENERIC		1629493686;1720160556;2186839757;2271275793		LOW	0 exact/strong owner(s); 4 family/generic supporting relation(s).	NO
деревяные знаки зодиака в подарок из дерева	FAMILY_SHARED		1720160556		LOW	0 exact/strong owner(s); 1 family/generic supporting relation(s).	NO
детали подвески лего техник для машин	FAMILY_SHARED		2271219774		LOW	0 exact/strong owner(s); 1 family/generic supporting relation(s).	NO
детский славянский оберег	FAMILY_SHARED		1640326205		LOW	0 exact/strong owner(s); 1 family/generic supporting relation(s).	NO
джиу джитсу на машину подвеска на зеркало	FAMILY_SHARED		2186865070;2271188511;2271251938		LOW	0 exact/strong owner(s); 3 family/generic supporting relation(s).	NO
джокер чернобога	UNCLEAR				MEDIUM	0 exact/strong owner(s); 0 family/generic supporting relation(s).	YES
джон таварес в машину на зеркало	FAMILY_SHARED		1720137256;1720144370		LOW	0 exact/strong owner(s); 2 family/generic supporting relation(s).	NO
дикий вепрь славянская подвеска	FAMILY_SHARED		1640330072;2559437928		LOW	0 exact/strong owner(s); 2 family/generic supporting relation(s).	NO
диффузор с палочками знак зодиака телец	SKU_SPECIFIC	2271292556			LOW	1 exact/strong owner(s); 0 family/generic supporting relation(s).	NO
для авто на зеркало подвеска	FAMILY_SHARED		2186836116		LOW	0 exact/strong owner(s); 1 family/generic supporting relation(s).	NO
для авто на зеркало украшение	FAMILY_SHARED		2186836116		LOW	0 exact/strong owner(s); 1 family/generic supporting relation(s).	NO
для авто украшения подвески	FAMILY_SHARED		2186846833		LOW	0 exact/strong owner(s); 1 family/generic supporting relation(s).	NO
для автомобиля подвеска	FAMILY_SHARED		1720137256		LOW	0 exact/strong owner(s); 1 family/generic supporting relation(s).	NO
для автомобиля подвеска на зеркало	FAMILY_SHARED		1720124782;1720144370;1720147059;1720151850		LOW	0 exact/strong owner(s); 4 family/generic supporting relation(s).	NO
для гаданий зеркало	FAMILY_SHARED		1720141903;2271210394		LOW	0 exact/strong owner(s); 2 family/generic supporting relation(s).	NO
для гадания на песке	UNCLEAR				MEDIUM	0 exact/strong owner(s); 0 family/generic supporting relation(s).	YES
для девы из дерева	UNCLEAR				MEDIUM	0 exact/strong owner(s); 0 family/generic supporting relation(s).	YES
для для раков	UNCLEAR				MEDIUM	0 exact/strong owner(s); 0 family/generic supporting relation(s).	YES
для знака зодиака дева	SKU_SPECIFIC	1720144370			LOW	1 exact/strong owner(s); 0 family/generic supporting relation(s).	NO
для знака на машину	FAMILY_SHARED		2271251938		LOW	0 exact/strong owner(s); 1 family/generic supporting relation(s).	NO
для любителя энергетикво	UNCLEAR				MEDIUM	0 exact/strong owner(s); 0 family/generic supporting relation(s).	YES
для машин оберег	FAMILY_SHARED		2186852750;2271234726		LOW	0 exact/strong owner(s); 2 family/generic supporting relation(s).	NO
для машины в салон на зеркало подвескп	STORE_GENERIC		1720137256;1720147059;1720155616;2184133137;2271219774;2559437928;2559817779		LOW	0 exact/strong owner(s); 7 family/generic supporting relation(s).	NO
для машины деву	FAMILY_SHARED		2186865070		LOW	0 exact/strong owner(s); 1 family/generic supporting relation(s).	NO
для машины лев	SKU_SPECIFIC	1720151850			LOW	1 exact/strong owner(s); 0 family/generic supporting relation(s).	NO
для машины оберег	FAMILY_SHARED		2183921966		LOW	0 exact/strong owner(s); 1 family/generic supporting relation(s).	NO
для машины подвеска	FAMILY_SHARED		2186856503		LOW	0 exact/strong owner(s); 1 family/generic supporting relation(s).	NO
для машины подвеска на зеркало мужская	FAMILY_SHARED		2271251938		LOW	0 exact/strong owner(s); 1 family/generic supporting relation(s).	NO
для овна мужской	UNCLEAR				MEDIUM	0 exact/strong owner(s); 0 family/generic supporting relation(s).	YES
для подвески зеркала	STORE_GENERIC		1720148880;1720153914;2184153852;2186766628		LOW	0 exact/strong owner(s); 4 family/generic supporting relation(s).	NO
для салона машины подвеска	STORE_GENERIC		1720155616;2184932293;2271188511;2271219774;2271240621;2271246783;2271251938;2271262133;2271292556		LOW	0 exact/strong owner(s); 9 family/generic supporting relation(s).	NO
для тельцов	UNCLEAR				MEDIUM	0 exact/strong owner(s); 0 family/generic supporting relation(s).	YES
для эзотерика предметы	UNCLEAR				MEDIUM	0 exact/strong owner(s); 0 family/generic supporting relation(s).	YES
дневник знака зодиака стрелец ♐	SKU_SPECIFIC	2271285786			LOW	1 exact/strong owner(s); 0 family/generic supporting relation(s).	NO
додвеска в машину	FAMILY_SHARED		2184098058		LOW	0 exact/strong owner(s); 1 family/generic supporting relation(s).	NO
додвестка на машину	FAMILY_SHARED		1720151850		LOW	0 exact/strong owner(s); 1 family/generic supporting relation(s).	NO
доево жизни	SKU_SPECIFIC	1623753672			LOW	1 exact/strong owner(s); 0 family/generic supporting relation(s).	NO
доллар деревянный в машину подвеска на зеркало	STORE_GENERIC		1623753672;1720144370;2271285786		LOW	0 exact/strong owner(s); 3 family/generic supporting relation(s).	NO
домовенок в тележке оберег	FAMILY_SHARED		1640306007;1720137256;1720148880;2271275793		LOW	0 exact/strong owner(s); 4 family/generic supporting relation(s).	NO
дополнительные зеркала на учебную машину	FAMILY_SHARED		1640264403		LOW	0 exact/strong owner(s); 1 family/generic supporting relation(s).	NO
дорогой подарок мужчине в машину оригинальный	FAMILY_SHARED		2271246783		LOW	0 exact/strong owner(s); 1 family/generic supporting relation(s).	NO
дорожный знак в авто	FAMILY_SHARED		1720137256;1720144370;1720151850;2271210394;2271251938;2271275793		LOW	0 exact/strong owner(s); 6 family/generic supporting relation(s).	NO
дорожный набор подарочный для мужчин	UNCLEAR				MEDIUM	0 exact/strong owner(s); 0 family/generic supporting relation(s).	YES
дорожный оберег славянский	FAMILY_SHARED		1640337426		LOW	0 exact/strong owner(s); 1 family/generic supporting relation(s).	NO
доска гунгнир	SKU_SPECIFIC	1611643847			LOW	1 exact/strong owner(s); 0 family/generic supporting relation(s).	NO
дракон в авто	FAMILY_SHARED		1629553898		LOW	0 exact/strong owner(s); 1 family/generic supporting relation(s).	NO
дракон в машину на зеркало	FAMILY_SHARED		2559817779		LOW	0 exact/strong owner(s); 1 family/generic supporting relation(s).	NO
древние славяне творчество	FAMILY_SHARED		1640306007;1640337426;2184199958		LOW	0 exact/strong owner(s); 3 family/generic supporting relation(s).	NO
древо жизни	SKU_SPECIFIC	1623753672			LOW	1 exact/strong owner(s); 0 family/generic supporting relation(s).	NO
древо жизни кресты	SKU_SPECIFIC	1623753672			LOW	1 exact/strong owner(s); 0 family/generic supporting relation(s).	NO
дублирующие зеркала на учебный	FAMILY_SHARED		1640337426		LOW	0 exact/strong owner(s); 1 family/generic supporting relation(s).	NO
дух оберег	STORE_GENERIC		1629553898;1640264403;1640337426		LOW	0 exact/strong owner(s); 3 family/generic supporting relation(s).	NO
духи	UNCLEAR				MEDIUM	0 exact/strong owner(s); 0 family/generic supporting relation(s).	YES
дьявол игрушка страшная в машину на зеркало	STORE_GENERIC		2184168890;2271188511		LOW	0 exact/strong owner(s); 2 family/generic supporting relation(s).	NO
дюрекс наклейка на машину	FAMILY_SHARED		1640276582		LOW	0 exact/strong owner(s); 1 family/generic supporting relation(s).	NO
еврейская заезда подвеска в машину	STORE_GENERIC		1640306007;1640337426;1720147059;1842444165		LOW	0 exact/strong owner(s); 4 family/generic supporting relation(s).	NO
ежедневник знак зодиака рыбы 2027	SKU_SPECIFIC	2186848313			LOW	1 exact/strong owner(s); 0 family/generic supporting relation(s).	NO
енот десантник в машину подвеска	FAMILY_SHARED		2186766628		LOW	0 exact/strong owner(s); 1 family/generic supporting relation(s).	NO
железный стрелец	SKU_SPECIFIC	1720124782			LOW	1 exact/strong owner(s); 0 family/generic supporting relation(s).	NO
женский оберег славянский	FAMILY_SHARED		1636041142		LOW	0 exact/strong owner(s); 1 family/generic supporting relation(s).	NO
жива	SKU_SPECIFIC	2183808182			LOW	1 exact/strong owner(s); 0 family/generic supporting relation(s).	NO
жива кулон	SKU_SPECIFIC	2183808182			LOW	1 exact/strong owner(s); 0 family/generic supporting relation(s).	NO
задиака знаки	UNCLEAR				MEDIUM	0 exact/strong owner(s); 0 family/generic supporting relation(s).	YES
заец в машину	FAMILY_SHARED		1720124782		LOW	0 exact/strong owner(s); 1 family/generic supporting relation(s).	NO
зажигалка телец	SKU_SPECIFIC	2186766628			LOW	1 exact/strong owner(s); 0 family/generic supporting relation(s).	NO
западные славянские обереги	FAMILY_SHARED		1640276582		LOW	0 exact/strong owner(s); 1 family/generic supporting relation(s).	NO
защелка на нагрудный знак	UNCLEAR				MEDIUM	0 exact/strong owner(s); 0 family/generic supporting relation(s).	YES
защита для стрельца	FAMILY_SHARED		2271285786		LOW	0 exact/strong owner(s); 1 family/generic supporting relation(s).	NO
защита для стрельца мужская	FAMILY_SHARED		2271285786		LOW	0 exact/strong owner(s); 1 family/generic supporting relation(s).	NO
защита оберег в машину	STORE_GENERIC		1640337426;2271251938		LOW	0 exact/strong owner(s); 2 family/generic supporting relation(s).	NO
защита оберег для машины	FAMILY_SHARED		2271292556		LOW	0 exact/strong owner(s); 1 family/generic supporting relation(s).	NO
защитный амулет от сглаза и порчи	FAMILY_SHARED		1640326205		LOW	0 exact/strong owner(s); 1 family/generic supporting relation(s).	NO
звезда лады в машину подвеска	SKU_SPECIFIC	2184234912			LOW	1 exact/strong owner(s); 0 family/generic supporting relation(s).	NO
звезда на зеркало в машину	EXCLUDED				LOW	0 exact/strong owner(s); 0 family/generic supporting relation(s).	NO
звезда сварога подвеска	SKU_SPECIFIC	1640251697			LOW	1 exact/strong owner(s); 0 family/generic supporting relation(s).	NO
здравник славянский оберег	FAMILY_SHARED		1630033296		LOW	0 exact/strong owner(s); 1 family/generic supporting relation(s).	NO
зекало подвеска	FAMILY_SHARED		2186843798		LOW	0 exact/strong owner(s); 1 family/generic supporting relation(s).	NO
зеленый оберег в машину	FAMILY_SHARED		1720160556		LOW	0 exact/strong owner(s); 1 family/generic supporting relation(s).	NO
зеркала на машину ниссан wingroas боковые	FAMILY_SHARED		1720131759		LOW	0 exact/strong owner(s); 1 family/generic supporting relation(s).	NO
зеркала на машину универсальные	FAMILY_SHARED		1623753672		LOW	0 exact/strong owner(s); 1 family/generic supporting relation(s).	NO
зеркала с поворотниками на машину экстрел	FAMILY_SHARED		2186843798		LOW	0 exact/strong owner(s); 1 family/generic supporting relation(s).	NO
зеркалл магисеское	STORE_GENERIC		1630033296;2186848313;2271234726		LOW	0 exact/strong owner(s); 3 family/generic supporting relation(s).	NO
зеркало	STORE_GENERIC		1602715556;1602717077;1602722942;1629493686;1629553898;1636048691;1640306007;1640326205;1640337426;1720131759;1720137256;1720147059;1720155616;1720161841;2184098058;2184932293;2186843798;2186846833;2186848313;2186857668;2271251938;2271285786;2559748332		LOW	0 exact/strong owner(s); 23 family/generic supporting relation(s).	NO
зеркало авто подвеска	STORE_GENERIC		1611643847;1720124782		LOW	0 exact/strong owner(s); 2 family/generic supporting relation(s).	NO
зеркало амулет	STORE_GENERIC		2184932293;2271246783;2559748332		LOW	0 exact/strong owner(s); 3 family/generic supporting relation(s).	NO
зеркало богоа	FAMILY_SHARED		2183808182		LOW	0 exact/strong owner(s); 1 family/generic supporting relation(s).	NO
зеркало в	FAMILY_SHARED		2186802133;2271246783		LOW	0 exact/strong owner(s); 2 family/generic supporting relation(s).	NO
зеркало в машину на козы	FAMILY_SHARED		2271246783		LOW	0 exact/strong owner(s); 1 family/generic supporting relation(s).	NO
зеркало в пол	STORE_GENERIC		1640337426;1720147059		LOW	0 exact/strong owner(s); 2 family/generic supporting relation(s).	NO
зеркало в славянском стиле из дерева	FAMILY_SHARED		1640326230		LOW	0 exact/strong owner(s); 1 family/generic supporting relation(s).	NO
зеркало двухстороннее с ув	FAMILY_SHARED		2183808182		LOW	0 exact/strong owner(s); 1 family/generic supporting relation(s).	NO
зеркало дерева	FAMILY_SHARED		1636041142		LOW	0 exact/strong owner(s); 1 family/generic supporting relation(s).	NO
зеркало деревянное для творчества	FAMILY_SHARED		1720131759		LOW	0 exact/strong owner(s); 1 family/generic supporting relation(s).	NO
зеркало для гадания	STORE_GENERIC		1720151850;2183921966;2184098058;2186836116		LOW	0 exact/strong owner(s); 4 family/generic supporting relation(s).	NO
зеркало для гкдарий	FAMILY_SHARED		2186836116		LOW	0 exact/strong owner(s); 1 family/generic supporting relation(s).	NO
зеркало для деву	FAMILY_SHARED		1720144370;2186843798;2271240621		LOW	0 exact/strong owner(s); 3 family/generic supporting relation(s).	NO
зеркало для магии	FAMILY_SHARED		2271292556		LOW	0 exact/strong owner(s); 1 family/generic supporting relation(s).	NO
зеркало для обгона на праворую машину	FAMILY_SHARED		1720124782		LOW	0 exact/strong owner(s); 1 family/generic supporting relation(s).	NO
зеркало для праворульных машин для обгона	FAMILY_SHARED		2186850644		LOW	0 exact/strong owner(s); 1 family/generic supporting relation(s).	NO
зеркало заднего вида салонное	STORE_GENERIC		1720160556;2184098058		LOW	0 exact/strong owner(s); 2 family/generic supporting relation(s).	NO
зеркало иг	FAMILY_SHARED		1602715556		LOW	0 exact/strong owner(s); 1 family/generic supporting relation(s).	NO
зеркало крест	EXCLUDED				LOW	0 exact/strong owner(s); 0 family/generic supporting relation(s).	NO
зеркало кулон амулет	FAMILY_SHARED		1720124782;2271275793		LOW	0 exact/strong owner(s); 2 family/generic supporting relation(s).	NO
зеркало лев	SKU_SPECIFIC	2186857668			LOW	1 exact/strong owner(s); 0 family/generic supporting relation(s).	NO
зеркало лева	FAMILY_SHARED		1720151850		LOW	0 exact/strong owner(s); 1 family/generic supporting relation(s).	NO
зеркало магическое	STORE_GENERIC		1602722942;1640326230;1720161841;2184199958		LOW	0 exact/strong owner(s); 4 family/generic supporting relation(s).	NO
зеркало магическое подвеска	FAMILY_SHARED		1623753672		LOW	0 exact/strong owner(s); 1 family/generic supporting relation(s).	NO
зеркало магическое талисман	FAMILY_SHARED		1720148880		LOW	0 exact/strong owner(s); 1 family/generic supporting relation(s).	NO
зеркало маржены	STORE_GENERIC		1640276582;1842444165;2271219774		LOW	0 exact/strong owner(s); 3 family/generic supporting relation(s).	NO
зеркало мелонг	FAMILY_SHARED		1720141903		LOW	0 exact/strong owner(s); 1 family/generic supporting relation(s).	NO
зеркало на велосипед торцевое	FAMILY_SHARED		2271292556		LOW	0 exact/strong owner(s); 1 family/generic supporting relation(s).	NO
зеркало на машину киа риа боковое	FAMILY_SHARED		1720147059		LOW	0 exact/strong owner(s); 1 family/generic supporting relation(s).	NO
зеркало на машину тойота надия левое	FAMILY_SHARED		2271292556		LOW	0 exact/strong owner(s); 1 family/generic supporting relation(s).	NO
зеркало на праворукую машину на встречку	FAMILY_SHARED		1720147059;1720160556;2271210394		LOW	0 exact/strong owner(s); 3 family/generic supporting relation(s).	NO
зеркало на шлем	SKU_SPECIFIC	1602717077			LOW	1 exact/strong owner(s); 0 family/generic supporting relation(s).	NO
зеркало обгона для праворуких машин	STORE_GENERIC		1640264403;2271246783		LOW	0 exact/strong owner(s); 2 family/generic supporting relation(s).	NO
зеркало обгона для праворульных машин	STORE_GENERIC		1630040194;1720161841		LOW	0 exact/strong owner(s); 2 family/generic supporting relation(s).	NO
зеркало обгона праворукая машина	STORE_GENERIC		2184153852;2186802133		LOW	0 exact/strong owner(s); 2 family/generic supporting relation(s).	NO
зеркало оберег	FAMILY_SHARED		2271270261		LOW	0 exact/strong owner(s); 1 family/generic supporting relation(s).	NO
зеркало оберег для защиты	FAMILY_SHARED		1720160556		LOW	0 exact/strong owner(s); 1 family/generic supporting relation(s).	NO
зеркало оберег на шею	FAMILY_SHARED		2186843798;2186865070;2271240621		LOW	0 exact/strong owner(s); 3 family/generic supporting relation(s).	NO
зеркало оберег на шею славянское	FAMILY_SHARED		1636041142;1640330072		LOW	0 exact/strong owner(s); 2 family/generic supporting relation(s).	NO
зеркало овл	FAMILY_SHARED		2271251938		LOW	0 exact/strong owner(s); 1 family/generic supporting relation(s).	NO
зеркало параболическое для праворульных машин	STORE_GENERIC		2184932293;2186836116;2186857668		LOW	0 exact/strong owner(s); 3 family/generic supporting relation(s).	NO
зеркало подвеска	STORE_GENERIC		1640251697;1720124782;2186839757		LOW	0 exact/strong owner(s); 3 family/generic supporting relation(s).	NO
зеркало подвеска оберег	STORE_GENERIC		2184168890;2186857668		LOW	0 exact/strong owner(s); 2 family/generic supporting relation(s).	NO
зеркало ру	FAMILY_SHARED		1602722942		LOW	0 exact/strong owner(s); 1 family/generic supporting relation(s).	NO
зеркало рыбий глаз на самокат	FAMILY_SHARED		2186848313;2271270261		LOW	0 exact/strong owner(s); 2 family/generic supporting relation(s).	NO
зеркало с изразцами	FAMILY_SHARED		2271251938		LOW	0 exact/strong owner(s); 1 family/generic supporting relation(s).	NO
зеркало с подвеской	FAMILY_SHARED		1640251697;2184168890		LOW	0 exact/strong owner(s); 2 family/generic supporting relation(s).	NO
зеркало с ру	FAMILY_SHARED		1602722942		LOW	0 exact/strong owner(s); 1 family/generic supporting relation(s).	NO
зеркало с рыбками	FAMILY_SHARED		2271270261		LOW	0 exact/strong owner(s); 1 family/generic supporting relation(s).	NO
зеркало с ув подвеской	FAMILY_SHARED		2183808182		LOW	0 exact/strong owner(s); 1 family/generic supporting relation(s).	NO
зеркало с черепами	FAMILY_SHARED		1640330072		LOW	0 exact/strong owner(s); 1 family/generic supporting relation(s).	NO
зеркало сдвижное на щиток	FAMILY_SHARED		1720147059		LOW	0 exact/strong owner(s); 1 family/generic supporting relation(s).	NO
зеркало талисман	FAMILY_SHARED		2559817779		LOW	0 exact/strong owner(s); 1 family/generic supporting relation(s).	NO
зеркало талисман для ворот кованое	FAMILY_SHARED		2186852750		LOW	0 exact/strong owner(s); 1 family/generic supporting relation(s).	NO
зеркало толи	STORE_GENERIC		1611695246;1640326230;2183985513;2186766628;2186796339;2186846833		LOW	0 exact/strong owner(s); 6 family/generic supporting relation(s).	NO
зеркало шамана	FAMILY_SHARED		1640276582;1842444165		LOW	0 exact/strong owner(s); 2 family/generic supporting relation(s).	NO
зеркалодля магии	FAMILY_SHARED		1629553898		LOW	0 exact/strong owner(s); 1 family/generic supporting relation(s).	NO
зеркальная защита амулет	STORE_GENERIC		1720137256;2183921966;2184234912;2184932293		LOW	0 exact/strong owner(s); 4 family/generic supporting relation(s).	NO
зеркальная защита рунами	STORE_GENERIC		1623753672;1630033296		LOW	0 exact/strong owner(s); 2 family/generic supporting relation(s).	NO
зеркальная подвеска	FAMILY_SHARED		1640326205;1842444165		LOW	0 exact/strong owner(s); 2 family/generic supporting relation(s).	NO
зеркальные амулеты	FAMILY_SHARED		1842444165		LOW	0 exact/strong owner(s); 1 family/generic supporting relation(s).	NO
зеркальные знаки	FAMILY_SHARED		1720141903;1720147059		LOW	0 exact/strong owner(s); 2 family/generic supporting relation(s).	NO
зеркальные обереги	FAMILY_SHARED		1640276582		LOW	0 exact/strong owner(s); 1 family/generic supporting relation(s).	NO
зеркальный амудет	FAMILY_SHARED		2186843798;2186865070		LOW	0 exact/strong owner(s); 2 family/generic supporting relation(s).	NO
зеркальный амулет	STORE_GENERIC		1640276582;2184133137;2559748332		LOW	0 exact/strong owner(s); 3 family/generic supporting relation(s).	NO
зеркальный оберег	STORE_GENERIC		1602717077;1640334195;2271251938;2271285786		LOW	0 exact/strong owner(s); 4 family/generic supporting relation(s).	NO
зеркальный оберег для мужчин и женщин	FAMILY_SHARED		2271270261		LOW	0 exact/strong owner(s); 1 family/generic supporting relation(s).	NO
зеркальный топпер тел	FAMILY_SHARED		2186766628		LOW	0 exact/strong owner(s); 1 family/generic supporting relation(s).	NO
зеркальце амулет	FAMILY_SHARED		2186843798		LOW	0 exact/strong owner(s); 1 family/generic supporting relation(s).	NO
зеркальце на шлем	SKU_SPECIFIC	1602717077			LOW	1 exact/strong owner(s); 0 family/generic supporting relation(s).	NO
зеркальце оберег	FAMILY_SHARED		1720160556;2186857668		LOW	0 exact/strong owner(s); 2 family/generic supporting relation(s).	NO
зеркальце оборег	FAMILY_SHARED		2271240621;2271251938		LOW	0 exact/strong owner(s); 2 family/generic supporting relation(s).	NO
златоуст	SKU_SPECIFIC	1943215793			LOW	1 exact/strong owner(s); 0 family/generic supporting relation(s).	NO
змея талисман	FAMILY_SHARED		1720160556		LOW	0 exact/strong owner(s); 1 family/generic supporting relation(s).	NO
знаеи зодиака	FAMILY_SHARED		1720148880		LOW	0 exact/strong owner(s); 1 family/generic supporting relation(s).	NO
зназодиака козерог	FAMILY_SHARED	2186852750;2271246783		2186852750;2271246783	HIGH	2 exact/strong owner(s); 0 family/generic supporting relation(s).	YES
знак атлантов	UNCLEAR				MEDIUM	0 exact/strong owner(s); 0 family/generic supporting relation(s).	YES
знак близнецы м	SKU_SPECIFIC	1720131759			LOW	1 exact/strong owner(s); 0 family/generic supporting relation(s).	NO
знак везу мужана машину	FAMILY_SHARED		1720147059		LOW	0 exact/strong owner(s); 1 family/generic supporting relation(s).	NO
знак дева	SKU_SPECIFIC	2186843798			LOW	1 exact/strong owner(s); 0 family/generic supporting relation(s).	NO
знак дева обвес на телефон	SKU_SPECIFIC	2186865070			LOW	1 exact/strong owner(s); 0 family/generic supporting relation(s).	NO
знак дорожный зеркало	FAMILY_SHARED		2271240621		LOW	0 exact/strong owner(s); 1 family/generic supporting relation(s).	NO
знак задиа лев	SKU_SPECIFIC	2271188511			LOW	1 exact/strong owner(s); 0 family/generic supporting relation(s).	NO
знак задиак лев	SKU_SPECIFIC	1720151850			LOW	1 exact/strong owner(s); 0 family/generic supporting relation(s).	NO
знак задиака девы на торт	UNCLEAR				MEDIUM	0 exact/strong owner(s); 0 family/generic supporting relation(s).	YES
знак зеркало	FAMILY_SHARED		2186846833		LOW	0 exact/strong owner(s); 1 family/generic supporting relation(s).	NO
знак зеркальный	FAMILY_SHARED		2271210394		LOW	0 exact/strong owner(s); 1 family/generic supporting relation(s).	NO
знак зодиака близнецы сувенир	SKU_SPECIFIC	1720131759			LOW	1 exact/strong owner(s); 0 family/generic supporting relation(s).	NO
знак зодиака весы	FAMILY_SHARED	2186802133;2271219774		2186802133;2271219774	HIGH	2 exact/strong owner(s); 0 family/generic supporting relation(s).	YES
знак зодиака весы платок	SKU_SPECIFIC	2271219774			LOW	1 exact/strong owner(s); 0 family/generic supporting relation(s).	NO
знак зодиака водолей	SKU_SPECIFIC	2271234726			LOW	1 exact/strong owner(s); 0 family/generic supporting relation(s).	NO
знак зодиака дева	FAMILY_SHARED	1720144370;2186843798;2186865070;2271240621		1720144370;2186843798;2186865070;2271240621	HIGH	4 exact/strong owner(s); 0 family/generic supporting relation(s).	YES
знак зодиака дева подвеска на шею	SKU_SPECIFIC	1720144370			LOW	1 exact/strong owner(s); 0 family/generic supporting relation(s).	NO
знак зодиака дева прикол	SKU_SPECIFIC	2186865070			LOW	1 exact/strong owner(s); 0 family/generic supporting relation(s).	NO
знак зодиака зодиака дева	SKU_SPECIFIC	2186843798			LOW	1 exact/strong owner(s); 0 family/generic supporting relation(s).	NO
знак зодиака козерог фигурки	SKU_SPECIFIC	1720147059			LOW	1 exact/strong owner(s); 0 family/generic supporting relation(s).	NO
знак зодиака крысы в машину подвеска	FAMILY_SHARED		1720153914		LOW	0 exact/strong owner(s); 1 family/generic supporting relation(s).	NO
знак зодиака лев	FAMILY_SHARED	1720151850;2186857668;2271188511		1720151850;2186857668;2271188511	HIGH	3 exact/strong owner(s); 0 family/generic supporting relation(s).	YES
знак зодиака лев муж	SKU_SPECIFIC	2186857668			LOW	1 exact/strong owner(s); 0 family/generic supporting relation(s).	NO
знак зодиака лев мужчина	SKU_SPECIFIC	2271188511			LOW	1 exact/strong owner(s); 0 family/generic supporting relation(s).	NO
знак зодиака лев подвеска в машину	EXCLUDED				LOW	0 exact/strong owner(s); 0 family/generic supporting relation(s).	NO
знак зодиака на машину змееносец	FAMILY_SHARED		2271292556		LOW	0 exact/strong owner(s); 1 family/generic supporting relation(s).	NO
знак зодиака ов	FAMILY_SHARED		1720148880		LOW	0 exact/strong owner(s); 1 family/generic supporting relation(s).	NO
знак зодиака подвеска	FAMILY_SHARED		2271251938		LOW	0 exact/strong owner(s); 1 family/generic supporting relation(s).	NO
знак зодиака постер дева	SKU_SPECIFIC	1720144370			LOW	1 exact/strong owner(s); 0 family/generic supporting relation(s).	NO
знак зодиака рак	SKU_SPECIFIC	1720153914			LOW	1 exact/strong owner(s); 0 family/generic supporting relation(s).	NO
знак зодиака рак подвеска шарм	SKU_SPECIFIC	2271262133			LOW	1 exact/strong owner(s); 0 family/generic supporting relation(s).	NO
знак зодиака рыбы большой	SKU_SPECIFIC	2186848313			LOW	1 exact/strong owner(s); 0 family/generic supporting relation(s).	NO
знак зодиака рыбы серебро мужская	SKU_SPECIFIC	2271270261			LOW	1 exact/strong owner(s); 0 family/generic supporting relation(s).	NO
знак зодиака стрелец подвеска мужская в машину	SKU_SPECIFIC	2271285786			LOW	1 exact/strong owner(s); 0 family/generic supporting relation(s).	NO
знак зодика деревянный	UNCLEAR				MEDIUM	0 exact/strong owner(s); 0 family/generic supporting relation(s).	YES
знак козерога подст	UNCLEAR				MEDIUM	0 exact/strong owner(s); 0 family/generic supporting relation(s).	YES
знак козерога серебро	UNCLEAR				MEDIUM	0 exact/strong owner(s); 0 family/generic supporting relation(s).	YES
знак на авто девушка	FAMILY_SHARED		2271275793		LOW	0 exact/strong owner(s); 1 family/generic supporting relation(s).	NO
знак на авто дорожный	FAMILY_SHARED		1720147059		LOW	0 exact/strong owner(s); 1 family/generic supporting relation(s).	NO
знак на машину аптечные товары	FAMILY_SHARED		2271234726		LOW	0 exact/strong owner(s); 1 family/generic supporting relation(s).	NO
знак на машину выйду замуж	FAMILY_SHARED		1720124782		LOW	0 exact/strong owner(s); 1 family/generic supporting relation(s).	NO
знак на машину выносной габаритный	FAMILY_SHARED		1720153914		LOW	0 exact/strong owner(s); 1 family/generic supporting relation(s).	NO
знак на машину для женщин	FAMILY_SHARED		2186848313;2271251938		LOW	0 exact/strong owner(s); 2 family/generic supporting relation(s).	NO
знак на машину для женщины	FAMILY_SHARED		2271292556		LOW	0 exact/strong owner(s); 1 family/generic supporting relation(s).	NO
знак новичок на машину смешно	FAMILY_SHARED		2271285786		LOW	0 exact/strong owner(s); 1 family/generic supporting relation(s).	NO
знак овен женский	SKU_SPECIFIC	2271251938			LOW	1 exact/strong owner(s); 0 family/generic supporting relation(s).	NO
знак подвеска брелок	FAMILY_SHARED		2186843798		LOW	0 exact/strong owner(s); 1 family/generic supporting relation(s).	NO
знак рак	SKU_SPECIFIC	2271262133			LOW	1 exact/strong owner(s); 0 family/generic supporting relation(s).	NO
знак со стразами учебная машина	FAMILY_SHARED		1720131759;2271246783		LOW	0 exact/strong owner(s); 2 family/generic supporting relation(s).	NO
знак стрелец светодиодная в машину 99	SKU_SPECIFIC	2271285786			LOW	1 exact/strong owner(s); 0 family/generic supporting relation(s).	NO
знак туфелька блестящая на машину	FAMILY_SHARED		1720124782;1720137256;1720151850;1720160556;2186843798;2186857668;2271210394;2271219774		LOW	0 exact/strong owner(s); 8 family/generic supporting relation(s).	NO
знакак зодиака рыбы	SKU_SPECIFIC	2271270261			LOW	1 exact/strong owner(s); 0 family/generic supporting relation(s).	NO
знаки вес классность	UNCLEAR				MEDIUM	0 exact/strong owner(s); 0 family/generic supporting relation(s).	YES
знаки зодиака	FAMILY_SHARED		1720124782;1720141903;1720147059;1720148880;1720153914;2186839757;2186857668;2271240621;2271251938;2271270261;2271275793;2271285786;2271292556		LOW	0 exact/strong owner(s); 13 family/generic supporting relation(s).	NO
знаки зодиака дева мужчине	SKU_SPECIFIC	2186865070			LOW	1 exact/strong owner(s); 0 family/generic supporting relation(s).	NO
знаки зодиака из дерева	FAMILY_SHARED		2186796339		LOW	0 exact/strong owner(s); 1 family/generic supporting relation(s).	NO
знаки зодиака кулоны	FAMILY_SHARED		2186766628		LOW	0 exact/strong owner(s); 1 family/generic supporting relation(s).	NO
знаки зодиака лев	SKU_SPECIFIC	1720151850			LOW	1 exact/strong owner(s); 0 family/generic supporting relation(s).	NO
знаки зодиака рыбы фигурки	SKU_SPECIFIC	1720155616			LOW	1 exact/strong owner(s); 0 family/generic supporting relation(s).	NO
знаки зодиака телец	SKU_SPECIFIC	1720161841			LOW	1 exact/strong owner(s); 0 family/generic supporting relation(s).	NO
знаки зодиака фигурки рак	SKU_SPECIFIC	2186796339			LOW	1 exact/strong owner(s); 0 family/generic supporting relation(s).	NO
знаки зодиака шармы	FAMILY_SHARED		2271219774		LOW	0 exact/strong owner(s); 1 family/generic supporting relation(s).	NO
знаки сувениры для парашютиста в машину	FAMILY_SHARED		1720151850;2271234726		LOW	0 exact/strong owner(s); 2 family/generic supporting relation(s).	NO
значек рыбка хрестианский на машину	FAMILY_SHARED		1720155616;2271270261		LOW	0 exact/strong owner(s); 2 family/generic supporting relation(s).	NO
значок всеслав	UNCLEAR				MEDIUM	0 exact/strong owner(s); 0 family/generic supporting relation(s).	YES
зодиак дева	SKU_SPECIFIC	2186843798			LOW	1 exact/strong owner(s); 0 family/generic supporting relation(s).	NO
зодиак серум	FAMILY_SHARED		1720160556;2186836116		LOW	0 exact/strong owner(s); 2 family/generic supporting relation(s).	NO
золотой лев в машину	SKU_SPECIFIC	1720151850			LOW	1 exact/strong owner(s); 0 family/generic supporting relation(s).	NO
золотой славянский оберег	FAMILY_SHARED		1640330072		LOW	0 exact/strong owner(s); 1 family/generic supporting relation(s).	NO
золотой телец	SKU_SPECIFIC	2271292556			LOW	1 exact/strong owner(s); 0 family/generic supporting relation(s).	NO
зонт водолей	SKU_SPECIFIC	2186846833			LOW	1 exact/strong owner(s); 0 family/generic supporting relation(s).	NO
игрушка бог в машину на зеркало	FAMILY_SHARED		2184168890		LOW	0 exact/strong owner(s); 1 family/generic supporting relation(s).	NO
игрушка в машину овен	SKU_SPECIFIC	2186850644			LOW	1 exact/strong owner(s); 0 family/generic supporting relation(s).	NO
игрушка лиса инь - ян	SKU_SPECIFIC	1629553898			LOW	1 exact/strong owner(s); 0 family/generic supporting relation(s).	NO
игрушка мягка обезьяна в машину на зеркало	FAMILY_SHARED		1720147059		LOW	0 exact/strong owner(s); 1 family/generic supporting relation(s).	NO
игрушка на зеркало в машину голова корса	FAMILY_SHARED		1640334195		LOW	0 exact/strong owner(s); 1 family/generic supporting relation(s).	NO
игрушка на зеркало в машину знак зодиака	FAMILY_SHARED		1720155616;2271219774		LOW	0 exact/strong owner(s); 2 family/generic supporting relation(s).	NO
игрушка на зеркало в машину мягкий чертик	FAMILY_SHARED		1720148880		LOW	0 exact/strong owner(s); 1 family/generic supporting relation(s).	NO
игрушка на зеркало в машину пачка сигарет	FAMILY_SHARED		1720124782;2271210394		LOW	0 exact/strong owner(s); 2 family/generic supporting relation(s).	NO
игрушка на зеркало в машину реал мадрид	FAMILY_SHARED		1842444165		LOW	0 exact/strong owner(s); 1 family/generic supporting relation(s).	NO
игрушка оберег в машину	FAMILY_SHARED		2186848313		LOW	0 exact/strong owner(s); 1 family/generic supporting relation(s).	NO
игрушка спаниель в машину на зеркало	FAMILY_SHARED		2271219774		LOW	0 exact/strong owner(s); 1 family/generic supporting relation(s).	NO
игрушка талисман в машину	FAMILY_SHARED		2186802133;2271188511;2271234726		LOW	0 exact/strong owner(s); 3 family/generic supporting relation(s).	NO
игрушки в машину на зеркало	FAMILY_SHARED		2271234726;2271240621		LOW	0 exact/strong owner(s); 2 family/generic supporting relation(s).	NO
игрушки в машину на зеркало подвеска	FAMILY_SHARED		2271251938		LOW	0 exact/strong owner(s); 1 family/generic supporting relation(s).	NO
игрушки в машину оберег	FAMILY_SHARED		1720124782		LOW	0 exact/strong owner(s); 1 family/generic supporting relation(s).	NO
из дерева	UNCLEAR				MEDIUM	0 exact/strong owner(s); 0 family/generic supporting relation(s).	YES
из дерева в машину подвеска	FAMILY_SHARED		1720131759		LOW	0 exact/strong owner(s); 1 family/generic supporting relation(s).	NO
из дерева знаки зодиака в подарок	FAMILY_SHARED		2271275793		LOW	0 exact/strong owner(s); 1 family/generic supporting relation(s).	NO
из дерева подвеска	STORE_GENERIC		1640264403;2184133137;2186865070		LOW	0 exact/strong owner(s); 3 family/generic supporting relation(s).	NO
иисус на зеркало авто	UNCLEAR				MEDIUM	0 exact/strong owner(s); 0 family/generic supporting relation(s).	YES
икона в машину подвеска кожаная	FAMILY_SHARED		1943215793		LOW	0 exact/strong owner(s); 1 family/generic supporting relation(s).	NO
икона и крест в машину	EXCLUDED				LOW	0 exact/strong owner(s); 0 family/generic supporting relation(s).	NO
иконка спаси сохрани	SKU_SPECIFIC	2326866320			LOW	1 exact/strong owner(s); 0 family/generic supporting relation(s).	NO
имперский штурмовик подвеска в машину на зеркало	FAMILY_SHARED		2184133137		LOW	0 exact/strong owner(s); 1 family/generic supporting relation(s).	NO
интерьер в славянском	FAMILY_SHARED		1640306007		LOW	0 exact/strong owner(s); 1 family/generic supporting relation(s).	NO
интерьер скорпион	SKU_SPECIFIC	1720160556			LOW	1 exact/strong owner(s); 0 family/generic supporting relation(s).	NO
инь ян	SKU_SPECIFIC	1629553898			LOW	1 exact/strong owner(s); 0 family/generic supporting relation(s).	NO
инь ян конверт	SKU_SPECIFIC	1629553898			LOW	1 exact/strong owner(s); 0 family/generic supporting relation(s).	NO
инь ян свечи	SKU_SPECIFIC	1629553898			LOW	1 exact/strong owner(s); 0 family/generic supporting relation(s).	NO
инь ян ткань	SKU_SPECIFIC	1629553898			LOW	1 exact/strong owner(s); 0 family/generic supporting relation(s).	NO
инь янь	UNCLEAR				MEDIUM	0 exact/strong owner(s); 0 family/generic supporting relation(s).	YES
инь янь на машину	UNCLEAR				MEDIUM	0 exact/strong owner(s); 0 family/generic supporting relation(s).	YES
инь янь эмблема	UNCLEAR				MEDIUM	0 exact/strong owner(s); 0 family/generic supporting relation(s).	YES
иоанн хозевит	SKU_SPECIFIC	1943215793			LOW	1 exact/strong owner(s); 0 family/generic supporting relation(s).	NO
ищу хозяина подвеска	FAMILY_SHARED		1842444165		LOW	0 exact/strong owner(s); 1 family/generic supporting relation(s).	NO
йогиня	UNCLEAR				MEDIUM	0 exact/strong owner(s); 0 family/generic supporting relation(s).	YES
калаврат	UNCLEAR				MEDIUM	0 exact/strong owner(s); 0 family/generic supporting relation(s).	YES
календарь карманный знаки зодиака	FAMILY_SHARED		2186802133;2186846833;2186850644;2271262133;2271285786		LOW	0 exact/strong owner(s); 5 family/generic supporting relation(s).	NO
камень весы зодиака	SKU_SPECIFIC	2186802133			LOW	1 exact/strong owner(s); 0 family/generic supporting relation(s).	NO
камень для близнецов	UNCLEAR				MEDIUM	0 exact/strong owner(s); 0 family/generic supporting relation(s).	YES
камень скорпиона подвеска	UNCLEAR				MEDIUM	0 exact/strong owner(s); 0 family/generic supporting relation(s).	YES
камень талисман в машину	FAMILY_SHARED		1720137256;2186865070		LOW	0 exact/strong owner(s); 2 family/generic supporting relation(s).	NO
камни близнец знак зодиака	FAMILY_SHARED		2271210394		LOW	0 exact/strong owner(s); 1 family/generic supporting relation(s).	NO
камни талисманы скорпионы	UNCLEAR				MEDIUM	0 exact/strong owner(s); 0 family/generic supporting relation(s).	YES
карманные календари знак зодиак рак	SKU_SPECIFIC	2271262133			LOW	1 exact/strong owner(s); 0 family/generic supporting relation(s).	NO
картина богиня мара	SKU_SPECIFIC	2184199958			LOW	1 exact/strong owner(s); 0 family/generic supporting relation(s).	NO
картина для знака зодиака дева мужская	SKU_SPECIFIC	2271240621			LOW	1 exact/strong owner(s); 0 family/generic supporting relation(s).	NO
картина стрибо	UNCLEAR				MEDIUM	0 exact/strong owner(s); 0 family/generic supporting relation(s).	YES
картины со знаком зодиака козерог	FAMILY_SHARED	1720147059;2186852750;2271246783		1720147059;2186852750;2271246783	HIGH	3 exact/strong owner(s); 0 family/generic supporting relation(s).	YES
качественные четки	FAMILY_SHARED		1720151850		LOW	0 exact/strong owner(s); 1 family/generic supporting relation(s).	NO
келейная книжица иоанна крестьянина молитва	SKU_SPECIFIC	1943215793			LOW	1 exact/strong owner(s); 0 family/generic supporting relation(s).	NO
кепка мужская стре	UNCLEAR				MEDIUM	0 exact/strong owner(s); 0 family/generic supporting relation(s).	YES
кимоно боевое самбо в машину на зеркало	FAMILY_SHARED		1720153914		LOW	0 exact/strong owner(s); 1 family/generic supporting relation(s).	NO
кимоно в машину на зеркало самбо	FAMILY_SHARED		1842444165;2184932293		LOW	0 exact/strong owner(s); 2 family/generic supporting relation(s).	NO
китайская подвеска талисман	FAMILY_SHARED		1720153914;1720160556		LOW	0 exact/strong owner(s); 2 family/generic supporting relation(s).	NO
китайский талисман в машину	FAMILY_SHARED		2271251938		LOW	0 exact/strong owner(s); 1 family/generic supporting relation(s).	NO
книга подвеска в машину	FAMILY_SHARED		2186836116		LOW	0 exact/strong owner(s); 1 family/generic supporting relation(s).	NO
книга чернобог	EXCLUDED				LOW	0 exact/strong owner(s); 0 family/generic supporting relation(s).	NO
коз брелок	UNCLEAR				MEDIUM	0 exact/strong owner(s); 0 family/generic supporting relation(s).	YES
коза подвеска в машину	FAMILY_SHARED		1720148880;2271246783		LOW	0 exact/strong owner(s); 2 family/generic supporting relation(s).	NO
коза полвеска	UNCLEAR				MEDIUM	0 exact/strong owner(s); 0 family/generic supporting relation(s).	YES
козаки	UNCLEAR				MEDIUM	0 exact/strong owner(s); 0 family/generic supporting relation(s).	YES
козерог	FAMILY_SHARED	1720147059;2186852750;2271246783		1720147059;2186852750;2271246783	HIGH	3 exact/strong owner(s); 0 family/generic supporting relation(s).	YES
козерог авто	SKU_SPECIFIC	2271246783			LOW	1 exact/strong owner(s); 0 family/generic supporting relation(s).	NO
козерог из серебра	SKU_SPECIFIC	2271246783			LOW	1 exact/strong owner(s); 0 family/generic supporting relation(s).	NO
козерог мужской	SKU_SPECIFIC	1720147059			LOW	1 exact/strong owner(s); 0 family/generic supporting relation(s).	NO
козерог на автомобиль	FAMILY_SHARED	2186852750;2271246783		2186852750;2271246783	HIGH	2 exact/strong owner(s); 0 family/generic supporting relation(s).	YES
козерог на боковые зеркало	SKU_SPECIFIC	2186852750			LOW	1 exact/strong owner(s); 0 family/generic supporting relation(s).	NO
козерог на зеркало тайота прадо	SKU_SPECIFIC	2271246783			LOW	1 exact/strong owner(s); 0 family/generic supporting relation(s).	NO
козерог на зеркало фх	FAMILY_SHARED	2186852750;2271246783		2186852750;2271246783	HIGH	2 exact/strong owner(s); 0 family/generic supporting relation(s).	YES
козерог подарок	FAMILY_SHARED	2186852750;2271246783		2186852750;2271246783	HIGH	2 exact/strong owner(s); 0 family/generic supporting relation(s).	YES
козерог подвеска	FAMILY_SHARED	1720147059;2186852750;2271246783		1720147059;2186852750;2271246783	HIGH	3 exact/strong owner(s); 0 family/generic supporting relation(s).	YES
козерог подвеска мериада	FAMILY_SHARED	2186852750;2271246783		2186852750;2271246783	HIGH	2 exact/strong owner(s); 0 family/generic supporting relation(s).	YES
коловрат	UNCLEAR				MEDIUM	0 exact/strong owner(s); 0 family/generic supporting relation(s).	YES
коловрат cd	UNCLEAR				MEDIUM	0 exact/strong owner(s); 0 family/generic supporting relation(s).	YES
коловрат амулет	FAMILY_SHARED		2184234912		LOW	0 exact/strong owner(s); 1 family/generic supporting relation(s).	NO
коловрат браслет	UNCLEAR				MEDIUM	0 exact/strong owner(s); 0 family/generic supporting relation(s).	YES
коловрат брелок	UNCLEAR				MEDIUM	0 exact/strong owner(s); 0 family/generic supporting relation(s).	YES
коловрат в машину	STORE_GENERIC		1629493686;1640326205;1640330072		LOW	0 exact/strong owner(s); 3 family/generic supporting relation(s).	NO
коловрат в машину на зеркало	STORE_GENERIC		1629493686;2184098058		LOW	0 exact/strong owner(s); 2 family/generic supporting relation(s).	NO
коловрат оберег	FAMILY_SHARED		1636041142;2184199958		LOW	0 exact/strong owner(s); 2 family/generic supporting relation(s).	NO
коловрат оберег в машину	FAMILY_SHARED		2184168890		LOW	0 exact/strong owner(s); 1 family/generic supporting relation(s).	NO
коловрат оберег на стену	FAMILY_SHARED		1842444165		LOW	0 exact/strong owner(s); 1 family/generic supporting relation(s).	NO
коловрат оберег славянские мужские	FAMILY_SHARED		1640276582;1842444165		LOW	0 exact/strong owner(s); 2 family/generic supporting relation(s).	NO
коловрат подвеска	STORE_GENERIC		1602715556;1629493686;1636041142;1640251697;1640326205;1640326230;1842444165;2183921966;2183985513;2184168890;2184199958;2559437928		LOW	0 exact/strong owner(s); 12 family/generic supporting relation(s).	NO
коловрат славянский	FAMILY_SHARED		1640306007;2184234912		LOW	0 exact/strong owner(s); 2 family/generic supporting relation(s).	NO
коловрат славянский в машину	FAMILY_SHARED		2183808182		LOW	0 exact/strong owner(s); 1 family/generic supporting relation(s).	NO
коловратка	UNCLEAR				MEDIUM	0 exact/strong owner(s); 0 family/generic supporting relation(s).	YES
колокольчик оберег в машину стрелец	SKU_SPECIFIC	1720124782			LOW	1 exact/strong owner(s); 0 family/generic supporting relation(s).	NO
колонки в машину скорпионы	UNCLEAR				MEDIUM	0 exact/strong owner(s); 0 family/generic supporting relation(s).	YES
колье , ожерельекулон знаки зодиака	FAMILY_SHARED		1720151850		LOW	0 exact/strong owner(s); 1 family/generic supporting relation(s).	NO
колье близнецы на шею	SKU_SPECIFIC	2271210394			LOW	1 exact/strong owner(s); 0 family/generic supporting relation(s).	NO
кольцо инь ян	SKU_SPECIFIC	1629553898			LOW	1 exact/strong owner(s); 0 family/generic supporting relation(s).	NO
кольцо ратиборец	SKU_SPECIFIC	1640276582			LOW	1 exact/strong owner(s); 0 family/generic supporting relation(s).	NO
кольцо со знаком зодиака дева	SKU_SPECIFIC	2186843798			LOW	1 exact/strong owner(s); 0 family/generic supporting relation(s).	NO
кольцо чернобога	UNCLEAR				MEDIUM	0 exact/strong owner(s); 0 family/generic supporting relation(s).	YES
колядник оберег	SKU_SPECIFIC	1640326205			LOW	1 exact/strong owner(s); 0 family/generic supporting relation(s).	NO
компас вегвизир	SKU_SPECIFIC	1602722942			LOW	1 exact/strong owner(s); 0 family/generic supporting relation(s).	NO
комплект	UNCLEAR				MEDIUM	0 exact/strong owner(s); 0 family/generic supporting relation(s).	YES
кому в шлем	SKU_SPECIFIC	1602717077			LOW	1 exact/strong owner(s); 0 family/generic supporting relation(s).	NO
коннектор стрелец	SKU_SPECIFIC	1720124782			LOW	1 exact/strong owner(s); 0 family/generic supporting relation(s).	NO
коп гунгнир один	SKU_SPECIFIC	1611643847			LOW	1 exact/strong owner(s); 0 family/generic supporting relation(s).	NO
копй для зеркал	FAMILY_SHARED		1611643847		LOW	0 exact/strong owner(s); 1 family/generic supporting relation(s).	NO
копъе	UNCLEAR				MEDIUM	0 exact/strong owner(s); 0 family/generic supporting relation(s).	YES
копье	SKU_SPECIFIC	1611643847			LOW	1 exact/strong owner(s); 0 family/generic supporting relation(s).	NO
копье 1/12	SKU_SPECIFIC	1611643847			LOW	1 exact/strong owner(s); 0 family/generic supporting relation(s).	NO
копье бога	SKU_SPECIFIC	1611643847			LOW	1 exact/strong owner(s); 0 family/generic supporting relation(s).	NO
копье дерева 200 см	SKU_SPECIFIC	1611643847			LOW	1 exact/strong owner(s); 0 family/generic supporting relation(s).	NO
копье ммг	SKU_SPECIFIC	1611643847			LOW	1 exact/strong owner(s); 0 family/generic supporting relation(s).	NO
копья деревянные	UNCLEAR				MEDIUM	0 exact/strong owner(s); 0 family/generic supporting relation(s).	YES
коробочка в машину	FAMILY_SHARED		2271210394;2271234726		LOW	0 exact/strong owner(s); 2 family/generic supporting relation(s).	NO
коробочки 12 см дерево	UNCLEAR				MEDIUM	0 exact/strong owner(s); 0 family/generic supporting relation(s).	YES
костюм мужской водолей	SKU_SPECIFIC	2186846833			LOW	1 exact/strong owner(s); 0 family/generic supporting relation(s).	NO
костюм мужской старославянский	FAMILY_SHARED		1640337426		LOW	0 exact/strong owner(s); 1 family/generic supporting relation(s).	NO
кофта с коловратом	UNCLEAR				MEDIUM	0 exact/strong owner(s); 0 family/generic supporting relation(s).	YES
красивая подвеска в машину для	STORE_GENERIC		1640306007;1720147059		LOW	0 exact/strong owner(s); 2 family/generic supporting relation(s).	NO
красивая подвеска на авто	FAMILY_SHARED		2184932293		LOW	0 exact/strong owner(s); 1 family/generic supporting relation(s).	NO
красивые зеркало в авто	FAMILY_SHARED		1720147059		LOW	0 exact/strong owner(s); 1 family/generic supporting relation(s).	NO
красный самурайский	UNCLEAR				MEDIUM	0 exact/strong owner(s); 0 family/generic supporting relation(s).	YES
крес в машину	FAMILY_SHARED		2184168890		LOW	0 exact/strong owner(s); 1 family/generic supporting relation(s).	NO
крест а зеркало в машину	EXCLUDED				LOW	0 exact/strong owner(s); 0 family/generic supporting relation(s).	NO
крест в машинв	EXCLUDED				LOW	0 exact/strong owner(s); 0 family/generic supporting relation(s).	NO
крест в машину	EXCLUDED				LOW	0 exact/strong owner(s); 0 family/generic supporting relation(s).	NO
крест в машину на зеркало	EXCLUDED				LOW	0 exact/strong owner(s); 0 family/generic supporting relation(s).	NO
крест в машину на зеркало армянский двухсторону	EXCLUDED				LOW	0 exact/strong owner(s); 0 family/generic supporting relation(s).	NO
крест в машину на зеркало не доинный	EXCLUDED				LOW	0 exact/strong owner(s); 0 family/generic supporting relation(s).	NO
крест в машину на зеркало серый	EXCLUDED				LOW	0 exact/strong owner(s); 0 family/generic supporting relation(s).	NO
крест в машину на зеркало хрестианский металлическмй	EXCLUDED				LOW	0 exact/strong owner(s); 0 family/generic supporting relation(s).	NO
крест в машину освященный православный на зеркало	EXCLUDED				LOW	0 exact/strong owner(s); 0 family/generic supporting relation(s).	NO
крест деревянны в машину на зеркало	EXCLUDED				LOW	0 exact/strong owner(s); 0 family/generic supporting relation(s).	NO
крест деревянный в авто	EXCLUDED				LOW	0 exact/strong owner(s); 0 family/generic supporting relation(s).	NO
крест зеркало	EXCLUDED				LOW	0 exact/strong owner(s); 0 family/generic supporting relation(s).	NO
крест на машину на зеркало	EXCLUDED				LOW	0 exact/strong owner(s); 0 family/generic supporting relation(s).	NO
крест славян	EXCLUDED				LOW	0 exact/strong owner(s); 0 family/generic supporting relation(s).	NO
крест славянский оберег	EXCLUDED				LOW	0 exact/strong owner(s); 0 family/generic supporting relation(s).	NO
крестик в машину на зеркало освешеный	STORE_GENERIC		1630040194;1720161841;2184153852;2186766628;2186848313;2271234726		LOW	0 exact/strong owner(s); 6 family/generic supporting relation(s).	NO
крестик в машину на зеркало освященный дивеево	FAMILY_SHARED		1640306007		LOW	0 exact/strong owner(s); 1 family/generic supporting relation(s).	NO
крестик деревянный в машину	FAMILY_SHARED		1640251697		LOW	0 exact/strong owner(s); 1 family/generic supporting relation(s).	NO
кровь дерево подвеска на шею	FAMILY_SHARED		2559817779		LOW	0 exact/strong owner(s); 1 family/generic supporting relation(s).	NO
кровь и песок оберег	FAMILY_SHARED		2184234912		LOW	0 exact/strong owner(s); 1 family/generic supporting relation(s).	NO
кролик стрелец и	FAMILY_SHARED	1720124782;2271285786		1720124782;2271285786	HIGH	2 exact/strong owner(s); 0 family/generic supporting relation(s).	YES
крона	UNCLEAR				MEDIUM	0 exact/strong owner(s); 0 family/generic supporting relation(s).	YES
кросовславянские	FAMILY_SHARED		1640337426		LOW	0 exact/strong owner(s); 1 family/generic supporting relation(s).	NO
круглая подвеска кристиансеаямв машину	FAMILY_SHARED		1720153914		LOW	0 exact/strong owner(s); 1 family/generic supporting relation(s).	NO
кружка для близнеца	UNCLEAR				MEDIUM	0 exact/strong owner(s); 0 family/generic supporting relation(s).	YES
кружка перун	SKU_SPECIFIC	2183985513			LOW	1 exact/strong owner(s); 0 family/generic supporting relation(s).	NO
крутящийся ароматизатор в машину подвеска на зеркало	STORE_GENERIC		2271270261;2559817779		LOW	0 exact/strong owner(s); 2 family/generic supporting relation(s).	NO
крюковая подвеска сувенир в машину	STORE_GENERIC		1720161841;2184133137;2184168890		LOW	0 exact/strong owner(s); 3 family/generic supporting relation(s).	NO
кулон авто	FAMILY_SHARED		2186846833		LOW	0 exact/strong owner(s); 1 family/generic supporting relation(s).	NO
кулон автомобиль	FAMILY_SHARED		1720151850;2186796339		LOW	0 exact/strong owner(s); 2 family/generic supporting relation(s).	NO
кулон близнец	UNCLEAR				MEDIUM	0 exact/strong owner(s); 0 family/generic supporting relation(s).	YES
кулон в автомобиль	FAMILY_SHARED		1720155616;2186848313		LOW	0 exact/strong owner(s); 2 family/generic supporting relation(s).	NO
кулон в автомобиль на зеркало	FAMILY_SHARED		2186850644		LOW	0 exact/strong owner(s); 1 family/generic supporting relation(s).	NO
кулон в машину	FAMILY_SHARED		2186839757		LOW	0 exact/strong owner(s); 1 family/generic supporting relation(s).	NO
кулон в машину женский на зеркало	FAMILY_SHARED		2271210394		LOW	0 exact/strong owner(s); 1 family/generic supporting relation(s).	NO
кулон дева в машину	FAMILY_SHARED	1720144370;2186843798;2186865070		1720144370;2186843798;2186865070	HIGH	3 exact/strong owner(s); 0 family/generic supporting relation(s).	YES
кулон зеркало оберег	STORE_GENERIC		1720124782;1720141903;1720144370;1720161841;2184153852;2186839757;2186852750;2271246783;2271292556		LOW	0 exact/strong owner(s); 9 family/generic supporting relation(s).	NO
кулон зеркалом со знаком рак зеркало	SKU_SPECIFIC	2186796339			LOW	1 exact/strong owner(s); 0 family/generic supporting relation(s).	NO
кулон знак зодиака весы с цепочкой	SKU_SPECIFIC	2186802133			LOW	1 exact/strong owner(s); 0 family/generic supporting relation(s).	NO
кулон зодиака	FAMILY_SHARED		2271270261		LOW	0 exact/strong owner(s); 1 family/generic supporting relation(s).	NO
кулон зодиакальный козерог	SKU_SPECIFIC	1720147059			LOW	1 exact/strong owner(s); 0 family/generic supporting relation(s).	NO
кулон из рак	SKU_SPECIFIC	1720153914			LOW	1 exact/strong owner(s); 0 family/generic supporting relation(s).	NO
кулон коловрат	UNCLEAR				MEDIUM	0 exact/strong owner(s); 0 family/generic supporting relation(s).	YES
кулон мужской зеркало	FAMILY_SHARED		2271275793		LOW	0 exact/strong owner(s); 1 family/generic supporting relation(s).	NO
кулон мужской на шею рак	SKU_SPECIFIC	2271262133			LOW	1 exact/strong owner(s); 0 family/generic supporting relation(s).	NO
кулон мужской рыбы	SKU_SPECIFIC	2186848313			LOW	1 exact/strong owner(s); 0 family/generic supporting relation(s).	NO
кулон на зеркало автомобиля	FAMILY_SHARED		2186802133		LOW	0 exact/strong owner(s); 1 family/generic supporting relation(s).	NO
кулон на зеркало в машину	STORE_GENERIC		1602715556;2271234726;2271275793;2559817779		LOW	0 exact/strong owner(s); 4 family/generic supporting relation(s).	NO
кулон на шею для мальчика знак зодиака	FAMILY_SHARED		2186848313		LOW	0 exact/strong owner(s); 1 family/generic supporting relation(s).	NO
кулон оеребро телец	SKU_SPECIFIC	2271292556			LOW	1 exact/strong owner(s); 0 family/generic supporting relation(s).	NO
кулон подвеска телец мужской	SKU_SPECIFIC	2186766628			LOW	1 exact/strong owner(s); 0 family/generic supporting relation(s).	NO
кулон рода славянский	FAMILY_SHARED		2183808182		LOW	0 exact/strong owner(s); 1 family/generic supporting relation(s).	NO
кулон с рыбами	UNCLEAR				MEDIUM	0 exact/strong owner(s); 0 family/generic supporting relation(s).	YES
кулон семергал	UNCLEAR				MEDIUM	0 exact/strong owner(s); 0 family/generic supporting relation(s).	YES
кулон скорпион мужской на шею	SKU_SPECIFIC	1720160556			LOW	1 exact/strong owner(s); 0 family/generic supporting relation(s).	NO
кулон славянские	FAMILY_SHARED		1640276582		LOW	0 exact/strong owner(s); 1 family/generic supporting relation(s).	NO
кулон череп телец	SKU_SPECIFIC	2271292556			LOW	1 exact/strong owner(s); 0 family/generic supporting relation(s).	NO
кулон четки	FAMILY_SHARED		2186796339		LOW	0 exact/strong owner(s); 1 family/generic supporting relation(s).	NO
кулончик в машину	FAMILY_SHARED		2271262133		LOW	0 exact/strong owner(s); 1 family/generic supporting relation(s).	NO
кулончик весы	SKU_SPECIFIC	1720137256			LOW	1 exact/strong owner(s); 0 family/generic supporting relation(s).	NO
кулончик зеркало оберег	FAMILY_SHARED		1720151850		LOW	0 exact/strong owner(s); 1 family/generic supporting relation(s).	NO
кулончик с зеркалом оберег	FAMILY_SHARED		1640334195		LOW	0 exact/strong owner(s); 1 family/generic supporting relation(s).	NO
кулончик с машинкой	FAMILY_SHARED		2271210394		LOW	0 exact/strong owner(s); 1 family/generic supporting relation(s).	NO
кулончики в машину	FAMILY_SHARED		2186848313		LOW	0 exact/strong owner(s); 1 family/generic supporting relation(s).	NO
кулоны амулеты	FAMILY_SHARED		2186836116		LOW	0 exact/strong owner(s); 1 family/generic supporting relation(s).	NO
кулоны близницы	UNCLEAR				MEDIUM	0 exact/strong owner(s); 0 family/generic supporting relation(s).	YES
кулоны зеркальные обереги	FAMILY_SHARED		1611643847		LOW	0 exact/strong owner(s); 1 family/generic supporting relation(s).	NO
кулоны знаки зодиака набор	FAMILY_SHARED		1720141903		LOW	0 exact/strong owner(s); 1 family/generic supporting relation(s).	NO
кулоны обереги	STORE_GENERIC		1640276582;2271219774		LOW	0 exact/strong owner(s); 2 family/generic supporting relation(s).	NO
кумит бога перуна	UNCLEAR				MEDIUM	0 exact/strong owner(s); 0 family/generic supporting relation(s).	YES
купить амулет	FAMILY_SHARED		1640264403		LOW	0 exact/strong owner(s); 1 family/generic supporting relation(s).	NO
купить знак рака	UNCLEAR				MEDIUM	0 exact/strong owner(s); 0 family/generic supporting relation(s).	YES
купить подвеску на зеркало в машину	FAMILY_SHARED		2186766628		LOW	0 exact/strong owner(s); 1 family/generic supporting relation(s).	NO
купить раков	UNCLEAR				MEDIUM	0 exact/strong owner(s); 0 family/generic supporting relation(s).	YES
купить славянского бога род подвеску	FAMILY_SHARED		2183808182		LOW	0 exact/strong owner(s); 1 family/generic supporting relation(s).	NO
лада оберег	FAMILY_SHARED		1720131759		LOW	0 exact/strong owner(s); 1 family/generic supporting relation(s).	NO
ладанка оберег в машину на зеркало	FAMILY_SHARED		1720144370;2186846833		LOW	0 exact/strong owner(s); 2 family/generic supporting relation(s).	NO
лампа подвеска в машину	FAMILY_SHARED		2559817779		LOW	0 exact/strong owner(s); 1 family/generic supporting relation(s).	NO
лапа орлиная настоящая в машину на зеркало	FAMILY_SHARED		1720161841		LOW	0 exact/strong owner(s); 1 family/generic supporting relation(s).	NO
лев	FAMILY_SHARED	1720151850;2186857668;2271188511		1720151850;2186857668;2271188511	HIGH	3 exact/strong owner(s); 0 family/generic supporting relation(s).	YES
лев в машину на панель	SKU_SPECIFIC	1720151850			LOW	1 exact/strong owner(s); 0 family/generic supporting relation(s).	NO
лев в машину с креплением	SKU_SPECIFIC	1720151850			LOW	1 exact/strong owner(s); 0 family/generic supporting relation(s).	NO
лего машина не сло	UNCLEAR				MEDIUM	0 exact/strong owner(s); 0 family/generic supporting relation(s).	YES
лист марихуаны подвеска в машину на зеркало	FAMILY_SHARED		1720160556		LOW	0 exact/strong owner(s); 1 family/generic supporting relation(s).	NO
ловец снов в машину	FAMILY_SHARED		1720131759;1720155616;2186802133;2186843798;2186865070;2271188511;2271219774		LOW	0 exact/strong owner(s); 7 family/generic supporting relation(s).	NO
ловец снов в машину мужской	FAMILY_SHARED		1602722942		LOW	0 exact/strong owner(s); 1 family/generic supporting relation(s).	NO
ловец снов рыбы	SKU_SPECIFIC	2271270261			LOW	1 exact/strong owner(s); 0 family/generic supporting relation(s).	NO
льняная рубашка старославянская	FAMILY_SHARED		1640337426		LOW	0 exact/strong owner(s); 1 family/generic supporting relation(s).	NO
люстра в виде инь янь	UNCLEAR				MEDIUM	0 exact/strong owner(s); 0 family/generic supporting relation(s).	YES
"магазин ""стрелец"	FAMILY_SHARED	1720124782;2271285786		1720124782;2271285786	HIGH	2 exact/strong owner(s); 0 family/generic supporting relation(s).	YES
магические	UNCLEAR				MEDIUM	0 exact/strong owner(s); 0 family/generic supporting relation(s).	YES
магические атрибуты	UNCLEAR				MEDIUM	0 exact/strong owner(s); 0 family/generic supporting relation(s).	YES
магические подвески	FAMILY_SHARED		2271234726		LOW	0 exact/strong owner(s); 1 family/generic supporting relation(s).	NO
магические четки	FAMILY_SHARED		1630040194		LOW	0 exact/strong owner(s); 1 family/generic supporting relation(s).	NO
магический амулет , молвинец оберег	SKU_SPECIFIC	1640306007			LOW	1 exact/strong owner(s); 0 family/generic supporting relation(s).	NO
магический амулет , оберег	STORE_GENERIC		1602717077;1720155616;1720160556;2186850644;2186865070		LOW	0 exact/strong owner(s); 5 family/generic supporting relation(s).	NO
магическое зеркало	STORE_GENERIC		1720153914;1720161841;2184098058;2186766628;2186852750;2271292556		LOW	0 exact/strong owner(s); 6 family/generic supporting relation(s).	NO
магическое зеркало подвеска	FAMILY_SHARED		2184153852		LOW	0 exact/strong owner(s); 1 family/generic supporting relation(s).	NO
магия	UNCLEAR				MEDIUM	0 exact/strong owner(s); 0 family/generic supporting relation(s).	YES
магия оберег защитник	FAMILY_SHARED		1720151850		LOW	0 exact/strong owner(s); 1 family/generic supporting relation(s).	NO
майка валькнут	SKU_SPECIFIC	1611695246			LOW	1 exact/strong owner(s); 0 family/generic supporting relation(s).	NO
майки со знаком зодиака дева	SKU_SPECIFIC	2186865070			LOW	1 exact/strong owner(s); 0 family/generic supporting relation(s).	NO
макошь	SKU_SPECIFIC	2184133137			LOW	1 exact/strong owner(s); 0 family/generic supporting relation(s).	NO
макошь доска	SKU_SPECIFIC	2184133137			LOW	1 exact/strong owner(s); 0 family/generic supporting relation(s).	NO
макошь оберег	SKU_SPECIFIC	2184133137			LOW	1 exact/strong owner(s); 0 family/generic supporting relation(s).	NO
макошь славянский оберег	SKU_SPECIFIC	2184133137			LOW	1 exact/strong owner(s); 0 family/generic supporting relation(s).	NO
маленький кулон овен	SKU_SPECIFIC	2271251938			LOW	1 exact/strong owner(s); 0 family/generic supporting relation(s).	NO
маленький оберев машину	STORE_GENERIC		1629553898;1720144370;2186848313		LOW	0 exact/strong owner(s); 3 family/generic supporting relation(s).	NO
мара	SKU_SPECIFIC	2184199958			LOW	1 exact/strong owner(s); 0 family/generic supporting relation(s).	NO
маска близнецы	SKU_SPECIFIC	2271210394			LOW	1 exact/strong owner(s); 0 family/generic supporting relation(s).	NO
машина - дева	SKU_SPECIFIC	2186843798			LOW	1 exact/strong owner(s); 0 family/generic supporting relation(s).	NO
машина уипочка	FAMILY_SHARED		2271262133		LOW	0 exact/strong owner(s); 1 family/generic supporting relation(s).	NO
машинка минивен с подвеской на крыше	FAMILY_SHARED		1611695246		LOW	0 exact/strong owner(s); 1 family/generic supporting relation(s).	NO
машинка раковый	FAMILY_SHARED		2271262133		LOW	0 exact/strong owner(s); 1 family/generic supporting relation(s).	NO
машинка янд	FAMILY_SHARED		1629553898		LOW	0 exact/strong owner(s); 1 family/generic supporting relation(s).	NO
машинки с подвеской	STORE_GENERIC		1602715556;2183921966		LOW	0 exact/strong owner(s); 2 family/generic supporting relation(s).	NO
машинки хотвилс монст трак рыбы	SKU_SPECIFIC	1720155616			LOW	1 exact/strong owner(s); 0 family/generic supporting relation(s).	NO
машину подвеска	FAMILY_SHARED		2186836116		LOW	0 exact/strong owner(s); 1 family/generic supporting relation(s).	NO
машину четки	FAMILY_SHARED		2186796339;2271234726		LOW	0 exact/strong owner(s); 2 family/generic supporting relation(s).	NO
машины на зеркало хк локомотив	FAMILY_SHARED		1720161841		LOW	0 exact/strong owner(s); 1 family/generic supporting relation(s).	NO
машины с подвеской	FAMILY_SHARED		2271285786		LOW	0 exact/strong owner(s); 1 family/generic supporting relation(s).	NO
машины четкины машины	FAMILY_SHARED		2271251938		LOW	0 exact/strong owner(s); 1 family/generic supporting relation(s).	NO
медальон вдв в машину на зеркало	STORE_GENERIC		1842444165;2271240621		LOW	0 exact/strong owner(s); 2 family/generic supporting relation(s).	NO
медальон козерог	SKU_SPECIFIC	1720147059			LOW	1 exact/strong owner(s); 0 family/generic supporting relation(s).	NO
медальон старославянская	FAMILY_SHARED		1640337426		LOW	0 exact/strong owner(s); 1 family/generic supporting relation(s).	NO
медведь gac плюшевый в машину на зеркало	FAMILY_SHARED		1720124782		LOW	0 exact/strong owner(s); 1 family/generic supporting relation(s).	NO
межславянский	FAMILY_SHARED		1640337426		LOW	0 exact/strong owner(s); 1 family/generic supporting relation(s).	NO
меловые ароматизаторы в автомобиль подвеска на зеркало	FAMILY_SHARED		2184098058		LOW	0 exact/strong owner(s); 1 family/generic supporting relation(s).	NO
мелонг зеркало	STORE_GENERIC		1630040194;1720161841		LOW	0 exact/strong owner(s); 2 family/generic supporting relation(s).	NO
металлическая подвеска в машину на зеркало hongoi	FAMILY_SHARED		2186802133;2271262133		LOW	0 exact/strong owner(s); 2 family/generic supporting relation(s).	NO
метла оберег	FAMILY_SHARED		1720151850		LOW	0 exact/strong owner(s); 1 family/generic supporting relation(s).	NO
методическая подвеска рекстон на зеркало	FAMILY_SHARED		1720141903;1720144370;1720160556;1720161841		LOW	0 exact/strong owner(s); 4 family/generic supporting relation(s).	NO
мешочек со смехом подвеска в машину	STORE_GENERIC		1720124782;1720151850;1720153914;2184153852;2186766628;2271285786		LOW	0 exact/strong owner(s); 6 family/generic supporting relation(s).	NO
мимо меня обереги	FAMILY_SHARED		2271262133		LOW	0 exact/strong owner(s); 1 family/generic supporting relation(s).	NO
мини подвеска оберег	STORE_GENERIC		1943215793;2271262133		LOW	0 exact/strong owner(s); 2 family/generic supporting relation(s).	NO
мир старославянской	FAMILY_SHARED		1640337426		LOW	0 exact/strong owner(s); 1 family/generic supporting relation(s).	NO
мконка оберег в машину на зеркало круглая	STORE_GENERIC		2184153852;2271251938		LOW	0 exact/strong owner(s); 2 family/generic supporting relation(s).	NO
молвинец в	SKU_SPECIFIC	1640306007			LOW	1 exact/strong owner(s); 0 family/generic supporting relation(s).	NO
молвинец золотой	SKU_SPECIFIC	1640306007			LOW	1 exact/strong owner(s); 0 family/generic supporting relation(s).	NO
молвинец оберег	SKU_SPECIFIC	1640306007			LOW	1 exact/strong owner(s); 0 family/generic supporting relation(s).	NO
молд белобог	SKU_SPECIFIC	1630033296			LOW	1 exact/strong owner(s); 0 family/generic supporting relation(s).	NO
молд берегиня макошь	SKU_SPECIFIC	2184133137			LOW	1 exact/strong owner(s); 0 family/generic supporting relation(s).	NO
молд водолей	SKU_SPECIFIC	1720141903			LOW	1 exact/strong owner(s); 0 family/generic supporting relation(s).	NO
молд козерог	SKU_SPECIFIC	1720147059			LOW	1 exact/strong owner(s); 0 family/generic supporting relation(s).	NO
молитва	SKU_SPECIFIC	1943215793			LOW	1 exact/strong owner(s); 0 family/generic supporting relation(s).	NO
молитва оберег в дом	SKU_SPECIFIC	1943215793			LOW	1 exact/strong owner(s); 0 family/generic supporting relation(s).	NO
молитвой деревянный православный	SKU_SPECIFIC	1943215793			LOW	1 exact/strong owner(s); 0 family/generic supporting relation(s).	NO
молитвы	UNCLEAR				MEDIUM	0 exact/strong owner(s); 0 family/generic supporting relation(s).	YES
молитвы о детях православные даниленко	SKU_SPECIFIC	1943215793			LOW	1 exact/strong owner(s); 0 family/generic supporting relation(s).	NO
молот сварога подвеска	EXCLUDED				LOW	0 exact/strong owner(s); 0 family/generic supporting relation(s).	NO
монстры на кан кулах подвеска в машину	STORE_GENERIC		1630040194;1720161841;2184168890		LOW	0 exact/strong owner(s); 3 family/generic supporting relation(s).	NO
мотоцикл подвеска в машину	FAMILY_SHARED		2559817779		LOW	0 exact/strong owner(s); 1 family/generic supporting relation(s).	NO
мощные амулеты	FAMILY_SHARED		1611643847		LOW	0 exact/strong owner(s); 1 family/generic supporting relation(s).	NO
мужская подвеска на зеркало в машину	FAMILY_SHARED		2186839757		LOW	0 exact/strong owner(s); 1 family/generic supporting relation(s).	NO
мужской кулон инь ян	SKU_SPECIFIC	1629553898			LOW	1 exact/strong owner(s); 0 family/generic supporting relation(s).	NO
мужской кулон рыба	UNCLEAR				MEDIUM	0 exact/strong owner(s); 0 family/generic supporting relation(s).	YES
мужской талисман на шею	FAMILY_SHARED		2271262133		LOW	0 exact/strong owner(s); 1 family/generic supporting relation(s).	NO
мужчине на день рождения	UNCLEAR				MEDIUM	0 exact/strong owner(s); 0 family/generic supporting relation(s).	YES
мусульманская подвеска в машину тюбетейка	FAMILY_SHARED		1611695246		LOW	0 exact/strong owner(s); 1 family/generic supporting relation(s).	NO
мусульманский оберег	STORE_GENERIC		1629553898;1640326205;1720141903;1720151850;1943215793;2326866320;2559817779		LOW	0 exact/strong owner(s); 7 family/generic supporting relation(s).	NO
мусульманский оберег брелок на автомобиль	FAMILY_SHARED		1943215793		LOW	0 exact/strong owner(s); 1 family/generic supporting relation(s).	NO
мусульманский оберег в машину	STORE_GENERIC		1640326205;2186865070;2271262133;2559817779		LOW	0 exact/strong owner(s); 4 family/generic supporting relation(s).	NO
мусульманский оберег в машину на клею	FAMILY_SHARED		1720144370		LOW	0 exact/strong owner(s); 1 family/generic supporting relation(s).	NO
мусульманский оберег на веревочке	STORE_GENERIC		1720131759;1720155616;2184133137		LOW	0 exact/strong owner(s); 3 family/generic supporting relation(s).	NO
мусульманский талисман нс зеркало	FAMILY_SHARED		2271210394		LOW	0 exact/strong owner(s); 1 family/generic supporting relation(s).	NO
мыло стрелец	SKU_SPECIFIC	2186839757			LOW	1 exact/strong owner(s); 0 family/generic supporting relation(s).	NO
мячик мягкий в машину на зеркало смайлик	FAMILY_SHARED		2184098058		LOW	0 exact/strong owner(s); 1 family/generic supporting relation(s).	NO
на дифлектоп араматизатор в машину знак задиака	FAMILY_SHARED		2186796339		LOW	0 exact/strong owner(s); 1 family/generic supporting relation(s).	NO
на зеркало авто подвеска	STORE_GENERIC		1636041142;1720131759;2184168890;2186857668;2271285786		LOW	0 exact/strong owner(s); 5 family/generic supporting relation(s).	NO
на зеркало авто подвеска женская в машину	STORE_GENERIC		2184133137;2271262133		LOW	0 exact/strong owner(s); 2 family/generic supporting relation(s).	NO
на зеркало автомобиля подвеска	FAMILY_SHARED		2271210394		LOW	0 exact/strong owner(s); 1 family/generic supporting relation(s).	NO
на зеркало автомобиля подвеска в машину	STORE_GENERIC		1720155616;1943215793		LOW	0 exact/strong owner(s); 2 family/generic supporting relation(s).	NO
на зеркало автомобиля подвеска герю	FAMILY_SHARED		2559817779		LOW	0 exact/strong owner(s); 1 family/generic supporting relation(s).	NO
на зеркало автомобиля подвеска красная	STORE_GENERIC		1611695246;1629493686;1629553898;1640264403;1640306007;1640334195;2186796339;2186802133;2186836116;2186852750;2186856503;2186857668		LOW	0 exact/strong owner(s); 12 family/generic supporting relation(s).	NO
на зеркало автомобиля подвеска мужская	FAMILY_SHARED		2271285786		LOW	0 exact/strong owner(s); 1 family/generic supporting relation(s).	NO
на зеркало в авто оберег	FAMILY_SHARED		1720161841		LOW	0 exact/strong owner(s); 1 family/generic supporting relation(s).	NO
на зеркало в авто четки	FAMILY_SHARED		2271219774		LOW	0 exact/strong owner(s); 1 family/generic supporting relation(s).	NO
на зеркало в машину	STORE_GENERIC		1629553898;1720124782;2186839757;2186857668		LOW	0 exact/strong owner(s); 4 family/generic supporting relation(s).	NO
на зеркало в машину аксессуары необычные	FAMILY_SHARED		1629493686		LOW	0 exact/strong owner(s); 1 family/generic supporting relation(s).	NO
на зеркало в машину брелок	FAMILY_SHARED		1629493686		LOW	0 exact/strong owner(s); 1 family/generic supporting relation(s).	NO
на зеркало в машину подвеска	STORE_GENERIC		2186848313;2186850644;2186856503;2271188511;2271240621;2271251938;2271270261;2559817779		LOW	0 exact/strong owner(s); 8 family/generic supporting relation(s).	NO
на зеркало в машину подвеска дева	FAMILY_SHARED	1720144370;2186843798		1720144370;2186843798	HIGH	2 exact/strong owner(s); 0 family/generic supporting relation(s).	YES
на зеркало в машину подвеска женская сердечко сере	FAMILY_SHARED		2186856503;2271292556		LOW	0 exact/strong owner(s); 2 family/generic supporting relation(s).	NO
на зеркало в машину подвеска молот викингов	FAMILY_SHARED		1720160556		LOW	0 exact/strong owner(s); 1 family/generic supporting relation(s).	NO
на зеркало в машину подвеска россия	STORE_GENERIC		1630040194;1720161841;2184168890		LOW	0 exact/strong owner(s); 3 family/generic supporting relation(s).	NO
на зеркало в машину подвеска уголовный розыск	STORE_GENERIC		1623753672;2186766628		LOW	0 exact/strong owner(s); 2 family/generic supporting relation(s).	NO
на зеркало в машину подвеска участник бое	STORE_GENERIC		2271285786;2559817779		LOW	0 exact/strong owner(s); 2 family/generic supporting relation(s).	NO
на зеркало в машину скорпион	EXCLUDED				LOW	0 exact/strong owner(s); 0 family/generic supporting relation(s).	NO
на зеркало в машину талисман	FAMILY_SHARED		1611695246		LOW	0 exact/strong owner(s); 1 family/generic supporting relation(s).	NO
на зеркало в машину украшение	STORE_GENERIC		1640330072;1640337426;1720151850;2186796339;2271219774		LOW	0 exact/strong owner(s); 5 family/generic supporting relation(s).	NO
на зеркало знак зодиака рак в машину	FAMILY_SHARED	1720153914;2271262133		1720153914;2271262133	HIGH	2 exact/strong owner(s); 0 family/generic supporting relation(s).	YES
на зеркало подвеска	STORE_GENERIC		1630040194;1720141903;2186802133		LOW	0 exact/strong owner(s); 3 family/generic supporting relation(s).	NO
на зеркало подвеска авто	FAMILY_SHARED		2271234726		LOW	0 exact/strong owner(s); 1 family/generic supporting relation(s).	NO
на зеркало подвеска автомобиля	STORE_GENERIC		1602717077;1640276582		LOW	0 exact/strong owner(s); 2 family/generic supporting relation(s).	NO
на зеркало подвеска в машину	STORE_GENERIC		1602722942;1640326230		LOW	0 exact/strong owner(s); 2 family/generic supporting relation(s).	NO
на зеркало подвеска в машину с символом следственного	FAMILY_SHARED		1842444165		LOW	0 exact/strong owner(s); 1 family/generic supporting relation(s).	NO
на зеркало подвеска в машину с символом следственного ком	FAMILY_SHARED		1842444165		LOW	0 exact/strong owner(s); 1 family/generic supporting relation(s).	NO
на зеркало подвеска для машины	FAMILY_SHARED		2271285786		LOW	0 exact/strong owner(s); 1 family/generic supporting relation(s).	NO
на зеркало украшение в машину	STORE_GENERIC		1640276582;1640337426;2186796339		LOW	0 exact/strong owner(s); 3 family/generic supporting relation(s).	NO
на машину в салон оберег	FAMILY_SHARED		2184153852		LOW	0 exact/strong owner(s); 1 family/generic supporting relation(s).	NO
на машину подвеска женская	FAMILY_SHARED		2186802133;2186856503;2271251938		LOW	0 exact/strong owner(s); 3 family/generic supporting relation(s).	NO
на присоске в машину жезл оберег	STORE_GENERIC		1640276582;1720148880		LOW	0 exact/strong owner(s); 2 family/generic supporting relation(s).	NO
на удачу талисман набор	FAMILY_SHARED		2271270261		LOW	0 exact/strong owner(s); 1 family/generic supporting relation(s).	NO
на четки подвеска	STORE_GENERIC		1629553898;1720124782;2186839757;2271275793		LOW	0 exact/strong owner(s); 4 family/generic supporting relation(s).	NO
наблр для творчества знако зодиака	FAMILY_SHARED		2271188511		LOW	0 exact/strong owner(s); 1 family/generic supporting relation(s).	NO
набор	UNCLEAR				MEDIUM	0 exact/strong owner(s); 0 family/generic supporting relation(s).	YES
набор автомобилиста	STORE_GENERIC		1611695246;1623753672;1640276582;1640326230		LOW	0 exact/strong owner(s); 4 family/generic supporting relation(s).	NO
набор декоративных кисточек с бусинами	UNCLEAR				MEDIUM	0 exact/strong owner(s); 0 family/generic supporting relation(s).	YES
набор для близнеца	UNCLEAR				MEDIUM	0 exact/strong owner(s); 0 family/generic supporting relation(s).	YES
набор для творчества	UNCLEAR				MEDIUM	0 exact/strong owner(s); 0 family/generic supporting relation(s).	YES
набор для творчества на дев	UNCLEAR				MEDIUM	0 exact/strong owner(s); 0 family/generic supporting relation(s).	YES
набор для четки	FAMILY_SHARED		1720153914		LOW	0 exact/strong owner(s); 1 family/generic supporting relation(s).	NO
набор знак зодиака	FAMILY_SHARED		1720148880		LOW	0 exact/strong owner(s); 1 family/generic supporting relation(s).	NO
набор знаков зодиака	FAMILY_SHARED		1720155616		LOW	0 exact/strong owner(s); 1 family/generic supporting relation(s).	NO
набор ключей для автомобиля	FAMILY_SHARED		1611695246		LOW	0 exact/strong owner(s); 1 family/generic supporting relation(s).	NO
набор подвесок в машину	FAMILY_SHARED		1720151850		LOW	0 exact/strong owner(s); 1 family/generic supporting relation(s).	NO
набор подвесок на зеркало	FAMILY_SHARED		2186839757;2271270261		LOW	0 exact/strong owner(s); 2 family/generic supporting relation(s).	NO
набор славянские боги дерево	FAMILY_SHARED		2184098058		LOW	0 exact/strong owner(s); 1 family/generic supporting relation(s).	NO
наклейка чур	UNCLEAR				MEDIUM	0 exact/strong owner(s); 0 family/generic supporting relation(s).	YES
наклейкана машину тилец	FAMILY_SHARED		2186766628		LOW	0 exact/strong owner(s); 1 family/generic supporting relation(s).	NO
наклейки на автомобиль стрелец	SKU_SPECIFIC	2186839757			LOW	1 exact/strong owner(s); 0 family/generic supporting relation(s).	NO
наклейки на машину прикольные большие знак весы	SKU_SPECIFIC	2186802133			LOW	1 exact/strong owner(s); 0 family/generic supporting relation(s).	NO
наклейки на машину стри	FAMILY_SHARED		2184098058		LOW	0 exact/strong owner(s); 1 family/generic supporting relation(s).	NO
наклейки на телефон знак зодиака стрелец	SKU_SPECIFIC	2186839757			LOW	1 exact/strong owner(s); 0 family/generic supporting relation(s).	NO
настраиваимое зеркало мини в машину	FAMILY_SHARED		1640306007		LOW	0 exact/strong owner(s); 1 family/generic supporting relation(s).	NO
нательные славянские обереги лось	FAMILY_SHARED		1640306007		LOW	0 exact/strong owner(s); 1 family/generic supporting relation(s).	NO
нашивка телец	SKU_SPECIFIC	2186766628			LOW	1 exact/strong owner(s); 0 family/generic supporting relation(s).	NO
нашивкатна рюкзак телец	FAMILY_SHARED	1720161841;2186766628		1720161841;2186766628	HIGH	2 exact/strong owner(s); 0 family/generic supporting relation(s).	YES
необычный обвес в машину на зеркало	FAMILY_SHARED		1720144370;2186802133;2186848313;2271210394		LOW	0 exact/strong owner(s); 4 family/generic supporting relation(s).	NO
нитка оберег на руку водолей	SKU_SPECIFIC	2186846833			LOW	1 exact/strong owner(s); 0 family/generic supporting relation(s).	NO
ниша под стиральную машинку и рак	SKU_SPECIFIC	2186796339			LOW	1 exact/strong owner(s); 0 family/generic supporting relation(s).	NO
о.берег в машину	STORE_GENERIC		1640264403;1720151850;2186796339		LOW	0 exact/strong owner(s); 3 family/generic supporting relation(s).	NO
обвес бусы телец	SKU_SPECIFIC	2186766628			LOW	1 exact/strong owner(s); 0 family/generic supporting relation(s).	NO
обвес на сумку рак	SKU_SPECIFIC	2186796339			LOW	1 exact/strong owner(s); 0 family/generic supporting relation(s).	NO
обеоег на зеркало в машину мусульманская	FAMILY_SHARED		2559817779		LOW	0 exact/strong owner(s); 1 family/generic supporting relation(s).	NO
оберег	STORE_GENERIC		1602722942;1611643847;1611695246;1629553898;1630033296;1630040194;1636041142;1636048691;1640251697;1640264403;1640276582;1640306007;1640326205;1640326230;1640330072;1640334195;1640337426;1720131759;1720137256;1720144370;1720148880;1720151850;1720155616;1720161841;1842444165;1943215793;2183808182;2183921966;2183985513;2184098058;2184133137;2184153852;2184168890;2184199958;2184234912;2184932293;2186766628;2186796339;2186856503;2186857668;2186865070;2271188511;2271210394;2271219774;2271240621;2271262133;2271270261;2326866320;2559437928;2559748332		LOW	0 exact/strong owner(s); 50 family/generic supporting relation(s).	NO
оберег автомобильный	STORE_GENERIC		1640276582;2184133137;2559748332		LOW	0 exact/strong owner(s); 3 family/generic supporting relation(s).	NO
оберег автомобильный на зеркало	FAMILY_SHARED		1943215793		LOW	0 exact/strong owner(s); 1 family/generic supporting relation(s).	NO
оберег амулет в машину с волосами	FAMILY_SHARED		2559817779		LOW	0 exact/strong owner(s); 1 family/generic supporting relation(s).	NO
оберег боги из дерева	FAMILY_SHARED		2184133137		LOW	0 exact/strong owner(s); 1 family/generic supporting relation(s).	NO
оберег в авто	STORE_GENERIC		2184133137;2186843798		LOW	0 exact/strong owner(s); 2 family/generic supporting relation(s).	NO
оберег в автомобиль	STORE_GENERIC		1611695246;1636048691;2184133137;2184932293;2271270261		LOW	0 exact/strong owner(s); 5 family/generic supporting relation(s).	NO
оберег в автомобиль на зеркало	STORE_GENERIC		2184153852;2186850644;2271275793		LOW	0 exact/strong owner(s); 3 family/generic supporting relation(s).	NO
оберег в автомобишь	FAMILY_SHARED		2184133137		LOW	0 exact/strong owner(s); 1 family/generic supporting relation(s).	NO
оберег в виде зеркала	FAMILY_SHARED		2184098058		LOW	0 exact/strong owner(s); 1 family/generic supporting relation(s).	NO
оберег в виде тельца	FAMILY_SHARED		1720161841		LOW	0 exact/strong owner(s); 1 family/generic supporting relation(s).	NO
оберег в дорогу	FAMILY_SHARED		2271270261		LOW	0 exact/strong owner(s); 1 family/generic supporting relation(s).	NO
оберег в карман в машину	FAMILY_SHARED		2184168890		LOW	0 exact/strong owner(s); 1 family/generic supporting relation(s).	NO
оберег в кошелек овен	FAMILY_SHARED	2186850644;2271251938		2186850644;2271251938	HIGH	2 exact/strong owner(s); 0 family/generic supporting relation(s).	YES
оберег в машинк	FAMILY_SHARED		1720124782		LOW	0 exact/strong owner(s); 1 family/generic supporting relation(s).	NO
оберег в машинку	FAMILY_SHARED		2186846833		LOW	0 exact/strong owner(s); 1 family/generic supporting relation(s).	NO
оберег в машину	STORE_GENERIC		1602715556;1602717077;1602722942;1611643847;1611695246;1623753672;1629493686;1629553898;1630033296;1630040194;1636041142;1636048691;1640251697;1640264403;1640306007;1640326205;1640334195;1640337426;1720124782;1720131759;1720137256;1720141903;1720144370;1720147059;1720148880;1720151850;1720153914;1720160556;1720161841;1943215793;2183808182;2183921966;2183985513;2184098058;2184133137;2184153852;2184168890;2184199958;2184234912;2184932293;2186766628;2186802133;2186836116;2186839757;2186843798;2186846833;2186848313;2186850644;2186852750;2186856503;2186857668;2186865070;2271210394;2271219774;2271234726;2271246783;2271251938;2271262133;2271270261;2271275793;2271285786;2271292556;2326866320;2559437928;2559748332;2559817779		LOW	0 exact/strong owner(s); 66 family/generic supporting relation(s).	NO
оберег в машину види сердца	FAMILY_SHARED		2186857668		LOW	0 exact/strong owner(s); 1 family/generic supporting relation(s).	NO
оберег в машину для рака мужской	FAMILY_SHARED		1720153914		LOW	0 exact/strong owner(s); 1 family/generic supporting relation(s).	NO
оберег в машину женский	STORE_GENERIC		1602722942;1640264403;1720153914;2186846833		LOW	0 exact/strong owner(s); 4 family/generic supporting relation(s).	NO
оберег в машину или просто украшиение	FAMILY_SHARED		1720155616		LOW	0 exact/strong owner(s); 1 family/generic supporting relation(s).	NO
оберег в машину колаврат	STORE_GENERIC		1611695246;1640264403		LOW	0 exact/strong owner(s); 2 family/generic supporting relation(s).	NO
оберег в машину машину на зеркало	FAMILY_SHARED		2271285786		LOW	0 exact/strong owner(s); 1 family/generic supporting relation(s).	NO
оберег в машину мужской	STORE_GENERIC		1602715556;1943215793;2184199958;2271275793		LOW	0 exact/strong owner(s); 4 family/generic supporting relation(s).	NO
оберег в машину мужской на зеркало	FAMILY_SHARED		2559437928		LOW	0 exact/strong owner(s); 1 family/generic supporting relation(s).	NO
оберег в машину мужской сынуподвеска на зеркало	FAMILY_SHARED		2271270261		LOW	0 exact/strong owner(s); 1 family/generic supporting relation(s).	NO
оберег в машину мусульманский наклейка	FAMILY_SHARED		1630040194		LOW	0 exact/strong owner(s); 1 family/generic supporting relation(s).	NO
оберег в машину мусульманский четки	FAMILY_SHARED		2186846833;2271188511		LOW	0 exact/strong owner(s); 2 family/generic supporting relation(s).	NO
оберег в машину на зеркало	STORE_GENERIC		1629493686;2184098058		LOW	0 exact/strong owner(s); 2 family/generic supporting relation(s).	NO
оберег в машину на зеркало в салон	FAMILY_SHARED		2184133137		LOW	0 exact/strong owner(s); 1 family/generic supporting relation(s).	NO
оберег в машину на зеркало женский	STORE_GENERIC		1602722942;1623753672;1640264403;1640306007;1720144370;1720160556;2186848313;2186856503;2271210394;2271275793		LOW	0 exact/strong owner(s); 10 family/generic supporting relation(s).	NO
оберег в машину на зеркало из кожи	FAMILY_SHARED		1640276582		LOW	0 exact/strong owner(s); 1 family/generic supporting relation(s).	NO
оберег в машину на зеркало прикольный	FAMILY_SHARED		1629553898		LOW	0 exact/strong owner(s); 1 family/generic supporting relation(s).	NO
оберег в машину на зеркало славянский	FAMILY_SHARED		1630040194;2184133137		LOW	0 exact/strong owner(s); 2 family/generic supporting relation(s).	NO
оберег в машину на руль	FAMILY_SHARED		1640306007		LOW	0 exact/strong owner(s); 1 family/generic supporting relation(s).	NO
оберег в машину от гибдд прикольный	FAMILY_SHARED		2186836116;2271262133		LOW	0 exact/strong owner(s); 2 family/generic supporting relation(s).	NO
оберег в машину от гибдд фига	FAMILY_SHARED		1720151850;2186766628		LOW	0 exact/strong owner(s); 2 family/generic supporting relation(s).	NO
оберег в машину от дерева жизни на зеркало	EXCLUDED				LOW	0 exact/strong owner(s); 0 family/generic supporting relation(s).	NO
оберег в машину от поломки позолота	FAMILY_SHARED		1943215793		LOW	0 exact/strong owner(s); 1 family/generic supporting relation(s).	NO
оберег в машину под вышивку	FAMILY_SHARED		1630033296		LOW	0 exact/strong owner(s); 1 family/generic supporting relation(s).	NO
оберег в машину православный	SKU_SPECIFIC	1943215793			LOW	1 exact/strong owner(s); 0 family/generic supporting relation(s).	NO
оберег в машину православный мал	SKU_SPECIFIC	1943215793			LOW	1 exact/strong owner(s); 0 family/generic supporting relation(s).	NO
оберег в машину славянский	FAMILY_SHARED		1630040194;1636041142;1640264403;1640306007;2183808182;2184199958		LOW	0 exact/strong owner(s); 6 family/generic supporting relation(s).	NO
оберег в машину славянский на деньги	FAMILY_SHARED		1640264403		LOW	0 exact/strong owner(s); 1 family/generic supporting relation(s).	NO
оберег в машину со знаком зодиака водолей	SKU_SPECIFIC	2186846833			LOW	1 exact/strong owner(s); 0 family/generic supporting relation(s).	NO
оберег в машину талисман удачи автодомовой	EXCLUDED				LOW	0 exact/strong owner(s); 0 family/generic supporting relation(s).	NO
оберег в машину тойота	FAMILY_SHARED		2559817779		LOW	0 exact/strong owner(s); 1 family/generic supporting relation(s).	NO
оберег в машину ч кпп туз	FAMILY_SHARED		2186852750		LOW	0 exact/strong owner(s); 1 family/generic supporting relation(s).	NO
оберег в мвшину	FAMILY_SHARED		1602722942		LOW	0 exact/strong owner(s); 1 family/generic supporting relation(s).	NO
оберег велес	EXCLUDED				LOW	0 exact/strong owner(s); 0 family/generic supporting relation(s).	NO
оберег велеса	EXCLUDED				LOW	0 exact/strong owner(s); 0 family/generic supporting relation(s).	NO
оберег воздуха славянский	FAMILY_SHARED		1640306007		LOW	0 exact/strong owner(s); 1 family/generic supporting relation(s).	NO
оберег ворон	FAMILY_SHARED		1611695246		LOW	0 exact/strong owner(s); 1 family/generic supporting relation(s).	NO
оберег ворон в компасе	FAMILY_SHARED		2271240621		LOW	0 exact/strong owner(s); 1 family/generic supporting relation(s).	NO
оберег даж бога	FAMILY_SHARED		2184932293		LOW	0 exact/strong owner(s); 1 family/generic supporting relation(s).	NO
оберег дерево	FAMILY_SHARED		1636041142		LOW	0 exact/strong owner(s); 1 family/generic supporting relation(s).	NO
оберег деревянный	FAMILY_SHARED		1720147059;2186796339;2271285786		LOW	0 exact/strong owner(s); 3 family/generic supporting relation(s).	NO
оберег для авто	STORE_GENERIC		1640264403;1640326230;2186796339		LOW	0 exact/strong owner(s); 3 family/generic supporting relation(s).	NO
оберег для автомобиля	STORE_GENERIC		2184153852;2271234726		LOW	0 exact/strong owner(s); 2 family/generic supporting relation(s).	NO
оберег для автомобиля для автомобиля	FAMILY_SHARED		1640276582;2184133137		LOW	0 exact/strong owner(s); 2 family/generic supporting relation(s).	NO
оберег для автомобиля женский на зеркало	FAMILY_SHARED		1720151850		LOW	0 exact/strong owner(s); 1 family/generic supporting relation(s).	NO
оберег для автомобиля на зеркало	STORE_GENERIC		1720155616;1943215793;2184153852;2186850644		LOW	0 exact/strong owner(s); 4 family/generic supporting relation(s).	NO
оберег для близнецов	UNCLEAR				MEDIUM	0 exact/strong owner(s); 0 family/generic supporting relation(s).	YES
оберег для водителя в машину	STORE_GENERIC		1640326205;2559817779		LOW	0 exact/strong owner(s); 2 family/generic supporting relation(s).	NO
оберег для воина	EXCLUDED				LOW	0 exact/strong owner(s); 0 family/generic supporting relation(s).	NO
оберег для дева	FAMILY_SHARED	2186843798;2186865070		2186843798;2186865070	HIGH	2 exact/strong owner(s); 0 family/generic supporting relation(s).	YES
оберег для девы женский на шею	FAMILY_SHARED		2186843798		LOW	0 exact/strong owner(s); 1 family/generic supporting relation(s).	NO
оберег для дома	FAMILY_SHARED		1636048691;1640251697;1640334195;1842444165;2184153852;2184234912;2559437928		LOW	0 exact/strong owner(s); 7 family/generic supporting relation(s).	NO
оберег для дома от сглаза и порчи	FAMILY_SHARED		1636048691		LOW	0 exact/strong owner(s); 1 family/generic supporting relation(s).	NO
оберег для дома от сглаза на стену	FAMILY_SHARED		2326866320		LOW	0 exact/strong owner(s); 1 family/generic supporting relation(s).	NO
оберег для дома чтобы были дети	FAMILY_SHARED		1842444165		LOW	0 exact/strong owner(s); 1 family/generic supporting relation(s).	NO
оберег для друга татарина в машину	FAMILY_SHARED		2186766628		LOW	0 exact/strong owner(s); 1 family/generic supporting relation(s).	NO
оберег для знака дева	FAMILY_SHARED	2186843798;2186865070		2186843798;2186865070	HIGH	2 exact/strong owner(s); 0 family/generic supporting relation(s).	YES
оберег для машины	FAMILY_SHARED		1720131759		LOW	0 exact/strong owner(s); 1 family/generic supporting relation(s).	NO
оберег для машины мужской на зеркало	FAMILY_SHARED		2186857668		LOW	0 exact/strong owner(s); 1 family/generic supporting relation(s).	NO
оберег для мужчины скорпиона	UNCLEAR				MEDIUM	0 exact/strong owner(s); 0 family/generic supporting relation(s).	YES
оберег для рака	FAMILY_SHARED		2186796339		LOW	0 exact/strong owner(s); 1 family/generic supporting relation(s).	NO
оберег для ребенка	FAMILY_SHARED		1842444165		LOW	0 exact/strong owner(s); 1 family/generic supporting relation(s).	NO
оберег для сестры знак зодиака дева	SKU_SPECIFIC	2186865070			LOW	1 exact/strong owner(s); 0 family/generic supporting relation(s).	NO
оберег для стрелец опал	SKU_SPECIFIC	1720124782			LOW	1 exact/strong owner(s); 0 family/generic supporting relation(s).	NO
оберег защита для воина	EXCLUDED				LOW	0 exact/strong owner(s); 0 family/generic supporting relation(s).	NO
оберег защитный в машину на зеркало	FAMILY_SHARED		1720124782;1720151850		LOW	0 exact/strong owner(s); 2 family/generic supporting relation(s).	NO
оберег зеркало	FAMILY_SHARED		2183921966;2184199958		LOW	0 exact/strong owner(s); 2 family/generic supporting relation(s).	NO
оберег зеркало на шею	FAMILY_SHARED		1602717077		LOW	0 exact/strong owner(s); 1 family/generic supporting relation(s).	NO
оберег зеркало на шею подвеска	STORE_GENERIC		2184168890;2559817779		LOW	0 exact/strong owner(s); 2 family/generic supporting relation(s).	NO
оберег зеркальный	FAMILY_SHARED		1720147059;2186850644		LOW	0 exact/strong owner(s); 2 family/generic supporting relation(s).	NO
оберег из дерева	FAMILY_SHARED		2271285786		LOW	0 exact/strong owner(s); 1 family/generic supporting relation(s).	NO
оберег из дерева на шею	FAMILY_SHARED		2184133137		LOW	0 exact/strong owner(s); 1 family/generic supporting relation(s).	NO
оберег из зеркал	FAMILY_SHARED		1623753672		LOW	0 exact/strong owner(s); 1 family/generic supporting relation(s).	NO
оберег коловрат	FAMILY_SHARED		2183921966		LOW	0 exact/strong owner(s); 1 family/generic supporting relation(s).	NO
оберег коловрат в машину	FAMILY_SHARED		1640326205		LOW	0 exact/strong owner(s); 1 family/generic supporting relation(s).	NO
оберег макоши	FAMILY_SHARED		2184133137		LOW	0 exact/strong owner(s); 1 family/generic supporting relation(s).	NO
оберег мужской славянский на шею	EXCLUDED				LOW	0 exact/strong owner(s); 0 family/generic supporting relation(s).	NO
оберег мусульманский	FAMILY_SHARED		1943215793		LOW	0 exact/strong owner(s); 1 family/generic supporting relation(s).	NO
оберег мусульманский в машину в форме звезды	FAMILY_SHARED		1720161841;2271210394;2271275793		LOW	0 exact/strong owner(s); 3 family/generic supporting relation(s).	NO
оберег на	FAMILY_SHARED		2184153852		LOW	0 exact/strong owner(s); 1 family/generic supporting relation(s).	NO
оберег на автомобиль	STORE_GENERIC		1943215793;2271262133		LOW	0 exact/strong owner(s); 2 family/generic supporting relation(s).	NO
оберег на дом	FAMILY_SHARED		1842444165		LOW	0 exact/strong owner(s); 1 family/generic supporting relation(s).	NO
оберег на зеркала	FAMILY_SHARED		2559817779		LOW	0 exact/strong owner(s); 1 family/generic supporting relation(s).	NO
оберег на зеркало	FAMILY_SHARED		1720161841;2271240621		LOW	0 exact/strong owner(s); 2 family/generic supporting relation(s).	NO
оберег на зеркало автомобиля	STORE_GENERIC		1611643847;2186852750		LOW	0 exact/strong owner(s); 2 family/generic supporting relation(s).	NO
оберег на зеркало в машину	STORE_GENERIC		1720148880;2183985513		LOW	0 exact/strong owner(s); 2 family/generic supporting relation(s).	NO
оберег на зеркало в машину мужской	FAMILY_SHARED		1720153914;2186856503		LOW	0 exact/strong owner(s); 2 family/generic supporting relation(s).	NO
оберег на машину	STORE_GENERIC		2186843798;2559817779		LOW	0 exact/strong owner(s); 2 family/generic supporting relation(s).	NO
оберег на машину куз тимэсен	FAMILY_SHARED		1640326230;2184098058		LOW	0 exact/strong owner(s); 2 family/generic supporting relation(s).	NO
оберег на машину славянский	FAMILY_SHARED		1640326230;2184098058;2184932293		LOW	0 exact/strong owner(s); 3 family/generic supporting relation(s).	NO
оберег на ркккмужской православный освященны	SKU_SPECIFIC	1943215793			LOW	1 exact/strong owner(s); 0 family/generic supporting relation(s).	NO
оберег на руку	FAMILY_SHARED		2183921966		LOW	0 exact/strong owner(s); 1 family/generic supporting relation(s).	NO
оберег на руку мужской козерог	SKU_SPECIFIC	2186852750			LOW	1 exact/strong owner(s); 0 family/generic supporting relation(s).	NO
оберег на руку телец	SKU_SPECIFIC	2186766628			LOW	1 exact/strong owner(s); 0 family/generic supporting relation(s).	NO
оберег на сво лев	SKU_SPECIFIC	1720151850			LOW	1 exact/strong owner(s); 0 family/generic supporting relation(s).	NO
оберег на шею мужской славянский	EXCLUDED				LOW	0 exact/strong owner(s); 0 family/generic supporting relation(s).	NO
оберег на шею славянский	EXCLUDED				LOW	0 exact/strong owner(s); 0 family/generic supporting relation(s).	NO
оберег от крадников	FAMILY_SHARED		2184133137		LOW	0 exact/strong owner(s); 1 family/generic supporting relation(s).	NO
оберег от сглаза	STORE_GENERIC		1602722942;1636048691;2184153852		LOW	0 exact/strong owner(s); 3 family/generic supporting relation(s).	NO
оберег от сглаза в машину	FAMILY_SHARED		1640326205		LOW	0 exact/strong owner(s); 1 family/generic supporting relation(s).	NO
оберег от сглаза и порчи	STORE_GENERIC		1602722942;1611643847;1611695246;1630033296;1630040194;1636041142;1636048691;1640251697;1640264403;1640276582;1640306007;1640326205;1640326230;1720155616;1842444165;2183808182;2184133137;2184153852;2184168890;2184932293;2326866320;2559437928		LOW	0 exact/strong owner(s); 22 family/generic supporting relation(s).	NO
оберег от сглаза мусульманский в машину	FAMILY_SHARED		1629553898		LOW	0 exact/strong owner(s); 1 family/generic supporting relation(s).	NO
оберег перун в машину	EXCLUDED				LOW	0 exact/strong owner(s); 0 family/generic supporting relation(s).	NO
оберег перуна	FAMILY_SHARED		2183921966		LOW	0 exact/strong owner(s); 1 family/generic supporting relation(s).	NO
оберег подвеска в машину	STORE_GENERIC		1640334195;1720151850;2186766628;2186843798;2326866320		LOW	0 exact/strong owner(s); 5 family/generic supporting relation(s).	NO
оберег подвеска в машину вв мвд рф	FAMILY_SHARED		2186836116		LOW	0 exact/strong owner(s); 1 family/generic supporting relation(s).	NO
оберег подвеска в машину весы	EXCLUDED				LOW	0 exact/strong owner(s); 0 family/generic supporting relation(s).	NO
оберег право	FAMILY_SHARED		1640276582		LOW	0 exact/strong owner(s); 1 family/generic supporting relation(s).	NO
оберег рода	FAMILY_SHARED		1842444165		LOW	0 exact/strong owner(s); 1 family/generic supporting relation(s).	NO
оберег с зеркалом	STORE_GENERIC		1602717077;1602722942;1640326230;1640334195;2271251938;2271285786		LOW	0 exact/strong owner(s); 6 family/generic supporting relation(s).	NO
оберег сварга	FAMILY_SHARED		2183921966		LOW	0 exact/strong owner(s); 1 family/generic supporting relation(s).	NO
оберег сварога	SKU_SPECIFIC	1640251697			LOW	1 exact/strong owner(s); 0 family/generic supporting relation(s).	NO
оберег семаргл	SKU_SPECIFIC	2184153852			LOW	1 exact/strong owner(s); 0 family/generic supporting relation(s).	NO
оберег семаргла	UNCLEAR				MEDIUM	0 exact/strong owner(s); 0 family/generic supporting relation(s).	YES
оберег славянский	FAMILY_SHARED		1640334195;1640337426;2183921966;2184932293;2559437928		LOW	0 exact/strong owner(s); 5 family/generic supporting relation(s).	NO
оберег славянский в автомобиль женский	FAMILY_SHARED		1636048691		LOW	0 exact/strong owner(s); 1 family/generic supporting relation(s).	NO
оберег славянский в машину	FAMILY_SHARED		1636048691		LOW	0 exact/strong owner(s); 1 family/generic supporting relation(s).	NO
оберег славянский в машину на стекло	FAMILY_SHARED		2184098058		LOW	0 exact/strong owner(s); 1 family/generic supporting relation(s).	NO
оберег славянский вышевка	FAMILY_SHARED		1630033296;1640306007		LOW	0 exact/strong owner(s); 2 family/generic supporting relation(s).	NO
оберег славянский для мужчин на шею	FAMILY_SHARED		1640326205		LOW	0 exact/strong owner(s); 1 family/generic supporting relation(s).	NO
оберег славянский женский	FAMILY_SHARED		1636041142;1636048691;1640306007;2183808182		LOW	0 exact/strong owner(s); 4 family/generic supporting relation(s).	NO
оберег славянский мужской в машину	EXCLUDED				LOW	0 exact/strong owner(s); 0 family/generic supporting relation(s).	NO
оберег славянский на зеркало	FAMILY_SHARED		1640326230		LOW	0 exact/strong owner(s); 1 family/generic supporting relation(s).	NO
оберег славянский на шею	EXCLUDED				LOW	0 exact/strong owner(s); 0 family/generic supporting relation(s).	NO
оберег славянский от зла	EXCLUDED				LOW	0 exact/strong owner(s); 0 family/generic supporting relation(s).	NO
оберег талисман в машину	FAMILY_SHARED		2271275793		LOW	0 exact/strong owner(s); 1 family/generic supporting relation(s).	NO
оберег христианский	FAMILY_SHARED		1943215793		LOW	0 exact/strong owner(s); 1 family/generic supporting relation(s).	NO
оберег чур славянский	FAMILY_SHARED		2184098058		LOW	0 exact/strong owner(s); 1 family/generic supporting relation(s).	NO
оберег шаман	FAMILY_SHARED		1629493686		LOW	0 exact/strong owner(s); 1 family/generic supporting relation(s).	NO
оберег язычество для	FAMILY_SHARED		1611643847		LOW	0 exact/strong owner(s); 1 family/generic supporting relation(s).	NO
обереги	STORE_GENERIC		1602715556;1602717077;1611695246;1630040194;1640326230;1720151850;1943215793;2183808182;2183921966;2184098058;2184199958;2186802133;2186848313;2326866320;2559437928		LOW	0 exact/strong owner(s); 15 family/generic supporting relation(s).	NO
обереги в машину	FAMILY_SHARED		1630033296;1640326205		LOW	0 exact/strong owner(s); 2 family/generic supporting relation(s).	NO
обереги для машины	STORE_GENERIC		1640337426;1720151850;2186836116		LOW	0 exact/strong owner(s); 3 family/generic supporting relation(s).	NO
обереги и талисманы	STORE_GENERIC		1602717077;1720131759		LOW	0 exact/strong owner(s); 2 family/generic supporting relation(s).	NO
обереги и талисманы славянские	FAMILY_SHARED		2184098058		LOW	0 exact/strong owner(s); 1 family/generic supporting relation(s).	NO
обереги из дерева	STORE_GENERIC		1720144370;2184168890		LOW	0 exact/strong owner(s); 2 family/generic supporting relation(s).	NO
обереги коловрат	FAMILY_SHARED		1640326230;1842444165;2184168890		LOW	0 exact/strong owner(s); 3 family/generic supporting relation(s).	NO
обереги мужские в жорогу , в машину подвеска	FAMILY_SHARED		2186766628		LOW	0 exact/strong owner(s); 1 family/generic supporting relation(s).	NO
обереги на автомобиль	FAMILY_SHARED		2184098058		LOW	0 exact/strong owner(s); 1 family/generic supporting relation(s).	NO
обереги от порчи	STORE_GENERIC		1611643847;1720155616;2184168890		LOW	0 exact/strong owner(s); 3 family/generic supporting relation(s).	NO
обереги от сглаза и порчи	FAMILY_SHARED		2184153852		LOW	0 exact/strong owner(s); 1 family/generic supporting relation(s).	NO
обереги славянские для мужчин	FAMILY_SHARED		1636048691		LOW	0 exact/strong owner(s); 1 family/generic supporting relation(s).	NO
обереги талисманы	FAMILY_SHARED		2186846833		LOW	0 exact/strong owner(s); 1 family/generic supporting relation(s).	NO
обереги языческие	FAMILY_SHARED		1602722942		LOW	0 exact/strong owner(s); 1 family/generic supporting relation(s).	NO
обереготсглаза	STORE_GENERIC		1611695246;1623753672;1629493686;1629553898;1630033296;1630040194;1640264403;1640276582;1640326230;1640334195;1640337426;1720141903;1720147059;1720148880;1720153914;1720155616;1842444165;1943215793;2183808182;2183985513;2184098058;2184133137;2184153852;2184168890;2184234912;2326866320;2559437928;2559748332;2559817779		LOW	0 exact/strong owner(s); 29 family/generic supporting relation(s).	NO
овен	FAMILY_SHARED	1720148880;2186850644;2271251938		1720148880;2186850644;2271251938	HIGH	3 exact/strong owner(s); 0 family/generic supporting relation(s).	YES
овен оберег в машину	SKU_SPECIFIC	2186850644			LOW	1 exact/strong owner(s); 0 family/generic supporting relation(s).	NO
омулет оберегающий в машину	FAMILY_SHARED		1720131759		LOW	0 exact/strong owner(s); 1 family/generic supporting relation(s).	NO
омулеты	UNCLEAR				MEDIUM	0 exact/strong owner(s); 0 family/generic supporting relation(s).	YES
оникс козерог	SKU_SPECIFIC	2186852750			LOW	1 exact/strong owner(s); 0 family/generic supporting relation(s).	NO
ооо семаргл	SKU_SPECIFIC	2184153852			LOW	1 exact/strong owner(s); 0 family/generic supporting relation(s).	NO
оригинальная подвеска на зерквло	FAMILY_SHARED		2271292556		LOW	0 exact/strong owner(s); 1 family/generic supporting relation(s).	NO
оружие в машину	FAMILY_SHARED		2183921966		LOW	0 exact/strong owner(s); 1 family/generic supporting relation(s).	NO
от сглаза	STORE_GENERIC		1611643847;1611695246;1636048691;1640264403;1640276582;1640306007;1640326230;1720155616;2183985513;2184098058;2184133137;2184153852;2184234912;2559437928		LOW	0 exact/strong owner(s); 14 family/generic supporting relation(s).	NO
от сглаза в авто	STORE_GENERIC		1602722942;2326866320		LOW	0 exact/strong owner(s); 2 family/generic supporting relation(s).	NO
от сглаза в машину	FAMILY_SHARED		1636041142		LOW	0 exact/strong owner(s); 1 family/generic supporting relation(s).	NO
от сглаза длямашины	FAMILY_SHARED		1720155616		LOW	0 exact/strong owner(s); 1 family/generic supporting relation(s).	NO
от сглаза знак зодиака рыба	FAMILY_SHARED		1720155616		LOW	0 exact/strong owner(s); 1 family/generic supporting relation(s).	NO
от сглаза и порчи	FAMILY_SHARED		1611695246		LOW	0 exact/strong owner(s); 1 family/generic supporting relation(s).	NO
от сглаза и порчи оберег	FAMILY_SHARED		1640326205;1640326230;2183985513;2184153852		LOW	0 exact/strong owner(s); 4 family/generic supporting relation(s).	NO
от сглаза и порчи подвеска	FAMILY_SHARED		2184153852		LOW	0 exact/strong owner(s); 1 family/generic supporting relation(s).	NO
от сглаза оберег	FAMILY_SHARED		1636048691		LOW	0 exact/strong owner(s); 1 family/generic supporting relation(s).	NO
от сглаза оберег в машину	FAMILY_SHARED		1636048691		LOW	0 exact/strong owner(s); 1 family/generic supporting relation(s).	NO
оталисман в авто	FAMILY_SHARED		2271210394		LOW	0 exact/strong owner(s); 1 family/generic supporting relation(s).	NO
паук в смоле подвеска на зеркало	STORE_GENERIC		1640326230;2271270261		LOW	0 exact/strong owner(s); 2 family/generic supporting relation(s).	NO
пахучка в машину висюлька на зеркало бумажная	STORE_GENERIC		1640264403;1720155616		LOW	0 exact/strong owner(s); 2 family/generic supporting relation(s).	NO
перук	UNCLEAR				MEDIUM	0 exact/strong owner(s); 0 family/generic supporting relation(s).	YES
перун	SKU_SPECIFIC	2183985513			LOW	1 exact/strong owner(s); 0 family/generic supporting relation(s).	NO
перун в машину	EXCLUDED				LOW	0 exact/strong owner(s); 0 family/generic supporting relation(s).	NO
перуница оберег	FAMILY_SHARED		1640264403;2183921966		LOW	0 exact/strong owner(s); 2 family/generic supporting relation(s).	NO
песок для благ	UNCLEAR				MEDIUM	0 exact/strong owner(s); 0 family/generic supporting relation(s).	YES
печать велеса	SKU_SPECIFIC	1636048691			LOW	1 exact/strong owner(s); 0 family/generic supporting relation(s).	NO
печать велеса медвежья лапа в машину	SKU_SPECIFIC	1636048691			LOW	1 exact/strong owner(s); 0 family/generic supporting relation(s).	NO
печать велеса на шею	SKU_SPECIFIC	1636048691			LOW	1 exact/strong owner(s); 0 family/generic supporting relation(s).	NO
печать велеса подвеска в автомобиль	SKU_SPECIFIC	1636048691			LOW	1 exact/strong owner(s); 0 family/generic supporting relation(s).	NO
печать велеса серебро	SKU_SPECIFIC	1636048691			LOW	1 exact/strong owner(s); 0 family/generic supporting relation(s).	NO
платье старосла	UNCLEAR				MEDIUM	0 exact/strong owner(s); 0 family/generic supporting relation(s).	YES
плетеная подвеска оберег на зеркало	FAMILY_SHARED		1943215793		LOW	0 exact/strong owner(s); 1 family/generic supporting relation(s).	NO
по правую руку бога	UNCLEAR				MEDIUM	0 exact/strong owner(s); 0 family/generic supporting relation(s).	YES
повесить в машину	FAMILY_SHARED		1640330072;2183921966		LOW	0 exact/strong owner(s); 2 family/generic supporting relation(s).	NO
повеска в машину	FAMILY_SHARED		2271188511		LOW	0 exact/strong owner(s); 1 family/generic supporting relation(s).	NO
подарки в авто	FAMILY_SHARED		1943215793		LOW	0 exact/strong owner(s); 1 family/generic supporting relation(s).	NO
подарок	UNCLEAR				MEDIUM	0 exact/strong owner(s); 0 family/generic supporting relation(s).	YES
подарок для девушки	UNCLEAR				MEDIUM	0 exact/strong owner(s); 0 family/generic supporting relation(s).	YES
подарок для девы	UNCLEAR				MEDIUM	0 exact/strong owner(s); 0 family/generic supporting relation(s).	YES
подарок для девы знака зодиака	FAMILY_SHARED		2186843798		LOW	0 exact/strong owner(s); 1 family/generic supporting relation(s).	NO
подарок для девы мужчины	UNCLEAR				MEDIUM	0 exact/strong owner(s); 0 family/generic supporting relation(s).	YES
подарок для козерога	UNCLEAR				MEDIUM	0 exact/strong owner(s); 0 family/generic supporting relation(s).	YES
подарок женщине	UNCLEAR				MEDIUM	0 exact/strong owner(s); 0 family/generic supporting relation(s).	YES
подарок знак	UNCLEAR				MEDIUM	0 exact/strong owner(s); 0 family/generic supporting relation(s).	YES
подарок коза	UNCLEAR				MEDIUM	0 exact/strong owner(s); 0 family/generic supporting relation(s).	YES
подарок мужу	UNCLEAR				MEDIUM	0 exact/strong owner(s); 0 family/generic supporting relation(s).	YES
подарок мужчине	UNCLEAR				MEDIUM	0 exact/strong owner(s); 0 family/generic supporting relation(s).	YES
подарок мужчине на день рождения	UNCLEAR				MEDIUM	0 exact/strong owner(s); 0 family/generic supporting relation(s).	YES
подарок овца	UNCLEAR				MEDIUM	0 exact/strong owner(s); 0 family/generic supporting relation(s).	YES
подарок подвеска в машину	FAMILY_SHARED		2186766628;2186843798		LOW	0 exact/strong owner(s); 2 family/generic supporting relation(s).	NO
подарочный набор	UNCLEAR				MEDIUM	0 exact/strong owner(s); 0 family/generic supporting relation(s).	YES
подарочный набор для женщин	UNCLEAR				MEDIUM	0 exact/strong owner(s); 0 family/generic supporting relation(s).	YES
подарочный набор для мужчин	UNCLEAR				MEDIUM	0 exact/strong owner(s); 0 family/generic supporting relation(s).	YES
подвес в машину на зеркало	STORE_GENERIC		2186839757;2186846833;2559817779		LOW	0 exact/strong owner(s); 3 family/generic supporting relation(s).	NO
подвес на зеркало в машину звезда воровская	EXCLUDED				LOW	0 exact/strong owner(s); 0 family/generic supporting relation(s).	NO
подвеска	STORE_GENERIC		1611643847;1636048691;1640276582;1720160556;2184098058;2186766628;2186836116;2271234726;2271251938;2271270261;2559748332		LOW	0 exact/strong owner(s); 11 family/generic supporting relation(s).	NO
подвеска авто для мужчин на зеркало	FAMILY_SHARED		2271262133		LOW	0 exact/strong owner(s); 1 family/generic supporting relation(s).	NO
подвеска авто салон	FAMILY_SHARED		2184098058		LOW	0 exact/strong owner(s); 1 family/generic supporting relation(s).	NO
подвеска амулет	FAMILY_SHARED		1630040194;2183985513		LOW	0 exact/strong owner(s); 2 family/generic supporting relation(s).	NO
подвеска амулет аллах в авто	FAMILY_SHARED		1602717077		LOW	0 exact/strong owner(s); 1 family/generic supporting relation(s).	NO
подвеска амулет дева	FAMILY_SHARED	2186843798;2186865070		2186843798;2186865070	HIGH	2 exact/strong owner(s); 0 family/generic supporting relation(s).	YES
подвеска амулет знак зодиака дева с натуральным чароитом	SKU_SPECIFIC	2186865070			LOW	1 exact/strong owner(s); 0 family/generic supporting relation(s).	NO
подвеска амулет оберег	STORE_GENERIC		1611643847;2186836116		LOW	0 exact/strong owner(s); 2 family/generic supporting relation(s).	NO
подвеска бетмен в машину силткон	FAMILY_SHARED		1720124782		LOW	0 exact/strong owner(s); 1 family/generic supporting relation(s).	NO
подвеска близнецы	FAMILY_SHARED	1720131759;2186856503;2271210394		1720131759;2186856503;2271210394	HIGH	3 exact/strong owner(s); 0 family/generic supporting relation(s).	YES
подвеска блюрилок в машину женская на зеркало	FAMILY_SHARED		1640334195		LOW	0 exact/strong owner(s); 1 family/generic supporting relation(s).	NO
подвеска богиня	FAMILY_SHARED		2184199958		LOW	0 exact/strong owner(s); 1 family/generic supporting relation(s).	NO
подвеска брелок на зеркало в машину мячь баскетбольный	FAMILY_SHARED		2184098058		LOW	0 exact/strong owner(s); 1 family/generic supporting relation(s).	NO
подвеска брелок славянская	FAMILY_SHARED		2184168890		LOW	0 exact/strong owner(s); 1 family/generic supporting relation(s).	NO
подвеска в авто	FAMILY_SHARED		1602722942		LOW	0 exact/strong owner(s); 1 family/generic supporting relation(s).	NO
подвеска в авто бусины	STORE_GENERIC		1611643847;1623753672;1630033296		LOW	0 exact/strong owner(s); 3 family/generic supporting relation(s).	NO
подвеска в авто на зеркало большая	FAMILY_SHARED		1720153914;2186856503		LOW	0 exact/strong owner(s); 2 family/generic supporting relation(s).	NO
подвеска в авто на зеркало руны	FAMILY_SHARED		2184098058		LOW	0 exact/strong owner(s); 1 family/generic supporting relation(s).	NO
подвеска в авто оберег	FAMILY_SHARED		2326866320		LOW	0 exact/strong owner(s); 1 family/generic supporting relation(s).	NO
подвеска в авто оьерег	FAMILY_SHARED		1630040194		LOW	0 exact/strong owner(s); 1 family/generic supporting relation(s).	NO
подвеска в авто четки	FAMILY_SHARED		2271262133		LOW	0 exact/strong owner(s); 1 family/generic supporting relation(s).	NO
подвеска в автобус на зеркало ввс	FAMILY_SHARED		1602717077		LOW	0 exact/strong owner(s); 1 family/generic supporting relation(s).	NO
подвеска в автомобиль	STORE_GENERIC		1629493686;1629553898;1720124782;1720141903;1720151850;1720153914;1720155616;1720160556;1720161841;2186766628;2186796339;2186802133;2186836116;2186839757;2186843798;2186846833;2186848313;2186850644;2186852750;2186856503;2271188511;2271210394;2271234726;2271240621;2271246783;2271251938;2271262133;2271270261;2271285786;2271292556;2559817779		LOW	0 exact/strong owner(s); 31 family/generic supporting relation(s).	NO
подвеска в автомобиль зеркало	FAMILY_SHARED		2186766628		LOW	0 exact/strong owner(s); 1 family/generic supporting relation(s).	NO
подвеска в автомобиль мужская на зеркало	FAMILY_SHARED		2271246783		LOW	0 exact/strong owner(s); 1 family/generic supporting relation(s).	NO
подвеска в автомобиль на зеркало	STORE_GENERIC		1629493686;1629553898;2186848313;2186850644;2186857668;2271188511;2271234726;2271240621;2271251938;2271270261;2559817779		LOW	0 exact/strong owner(s); 11 family/generic supporting relation(s).	NO
подвеска в автомобиль стильная	FAMILY_SHARED		1611695246		LOW	0 exact/strong owner(s); 1 family/generic supporting relation(s).	NO
подвеска в виде бесконечности	FAMILY_SHARED		1640264403		LOW	0 exact/strong owner(s); 1 family/generic supporting relation(s).	NO
подвеска в зеркало автомобиля телец	SKU_SPECIFIC	2271292556			LOW	1 exact/strong owner(s); 0 family/generic supporting relation(s).	NO
подвеска в зеркало в авто	FAMILY_SHARED		1720144370		LOW	0 exact/strong owner(s); 1 family/generic supporting relation(s).	NO
подвеска в иашину	STORE_GENERIC		1640326230;1943215793		LOW	0 exact/strong owner(s); 2 family/generic supporting relation(s).	NO
подвеска в ладу на зеркало	FAMILY_SHARED		1720131759		LOW	0 exact/strong owner(s); 1 family/generic supporting relation(s).	NO
подвеска в машин	FAMILY_SHARED		1720161841;2186856503		LOW	0 exact/strong owner(s); 2 family/generic supporting relation(s).	NO
подвеска в машинк	FAMILY_SHARED		1720155616		LOW	0 exact/strong owner(s); 1 family/generic supporting relation(s).	NO
подвеска в машину	STORE_GENERIC		1602715556;1602717077;1602722942;1611643847;1611695246;1623753672;1629493686;1629553898;1630033296;1630040194;1636041142;1636048691;1640251697;1640264403;1640276582;1640306007;1640326205;1640326230;1640330072;1640334195;1640337426;1720124782;1720131759;1720137256;1720141903;1720144370;1720147059;1720148880;1720151850;1720153914;1720155616;1720160556;1720161841;1842444165;1943215793;2183808182;2183921966;2183985513;2184098058;2184133137;2184153852;2184168890;2184199958;2184234912;2184932293;2186766628;2186796339;2186802133;2186836116;2186839757;2186843798;2186846833;2186848313;2186850644;2186852750;2186856503;2186857668;2186865070;2271188511;2271210394;2271219774;2271234726;2271240621;2271246783;2271251938;2271262133;2271270261;2271275793;2271285786;2271292556;2326866320;2559437928;2559748332;2559817779		LOW	0 exact/strong owner(s); 74 family/generic supporting relation(s).	NO
подвеска в машину jdm на зеркало	FAMILY_SHARED		2271251938		LOW	0 exact/strong owner(s); 1 family/generic supporting relation(s).	NO
подвеска в машину авторская стрелец	FAMILY_SHARED	2186839757;2271285786		2186839757;2271285786	HIGH	2 exact/strong owner(s); 0 family/generic supporting relation(s).	YES
подвеска в машину большая	FAMILY_SHARED		2559817779		LOW	0 exact/strong owner(s); 1 family/generic supporting relation(s).	NO
подвеска в машину бутцы арсенал	FAMILY_SHARED		2186766628;2186852750		LOW	0 exact/strong owner(s); 2 family/generic supporting relation(s).	NO
подвеска в машину вдв 76	FAMILY_SHARED		1720153914		LOW	0 exact/strong owner(s); 1 family/generic supporting relation(s).	NO
подвеска в машину ведьмочка на метле на пружинке	FAMILY_SHARED		2186856503		LOW	0 exact/strong owner(s); 1 family/generic supporting relation(s).	NO
подвеска в машину велес	EXCLUDED				LOW	0 exact/strong owner(s); 0 family/generic supporting relation(s).	NO
подвеска в машину водителю илье	STORE_GENERIC		1611695246;1720153914;2271234726		LOW	0 exact/strong owner(s); 3 family/generic supporting relation(s).	NO
подвеска в машину герб	SKU_SPECIFIC	2559817779			LOW	1 exact/strong owner(s); 0 family/generic supporting relation(s).	NO
подвеска в машину дева	FAMILY_SHARED	1720144370;2186865070		1720144370;2186865070	HIGH	2 exact/strong owner(s); 0 family/generic supporting relation(s).	YES
подвеска в машину демон они на четках	FAMILY_SHARED		1720124782		LOW	0 exact/strong owner(s); 1 family/generic supporting relation(s).	NO
подвеска в машину для мужч	FAMILY_SHARED		2186796339;2186850644		LOW	0 exact/strong owner(s); 2 family/generic supporting relation(s).	NO
подвеска в машину женская ловец	FAMILY_SHARED		2186843798		LOW	0 exact/strong owner(s); 1 family/generic supporting relation(s).	NO
подвеска в машину женская на зеркало скорпион	EXCLUDED				LOW	0 exact/strong owner(s); 0 family/generic supporting relation(s).	NO
подвеска в машину женский	FAMILY_SHARED		2271262133		LOW	0 exact/strong owner(s); 1 family/generic supporting relation(s).	NO
подвеска в машину зуб или коготь на зеркало	FAMILY_SHARED		1720153914		LOW	0 exact/strong owner(s); 1 family/generic supporting relation(s).	NO
подвеска в машину из аниме	FAMILY_SHARED		2186846833		LOW	0 exact/strong owner(s); 1 family/generic supporting relation(s).	NO
подвеска в машину из бисера оберег	FAMILY_SHARED		1943215793		LOW	0 exact/strong owner(s); 1 family/generic supporting relation(s).	NO
подвеска в машину из дерева	FAMILY_SHARED		2184199958		LOW	0 exact/strong owner(s); 1 family/generic supporting relation(s).	NO
подвеска в машину из кожи	FAMILY_SHARED		1943215793		LOW	0 exact/strong owner(s); 1 family/generic supporting relation(s).	NO
подвеска в машину кия с пандой	FAMILY_SHARED		1720153914		LOW	0 exact/strong owner(s); 1 family/generic supporting relation(s).	NO
подвеска в машину коза	FAMILY_SHARED		1720141903		LOW	0 exact/strong owner(s); 1 family/generic supporting relation(s).	NO
подвеска в машину коловрат	FAMILY_SHARED		1640326205		LOW	0 exact/strong owner(s); 1 family/generic supporting relation(s).	NO
подвеска в машину легионерский шлем	EXCLUDED				LOW	0 exact/strong owner(s); 0 family/generic supporting relation(s).	NO
подвеска в машину ловец снов	FAMILY_SHARED		2271219774		LOW	0 exact/strong owner(s); 1 family/generic supporting relation(s).	NO
подвеска в машину лучше пешком	FAMILY_SHARED		1720131759		LOW	0 exact/strong owner(s); 1 family/generic supporting relation(s).	NO
подвеска в машину мир	FAMILY_SHARED		1842444165;2184199958		LOW	0 exact/strong owner(s); 2 family/generic supporting relation(s).	NO
подвеска в машину мужская оберег	FAMILY_SHARED		1720124782		LOW	0 exact/strong owner(s); 1 family/generic supporting relation(s).	NO
подвеска в машину мусульманская бисмила	FAMILY_SHARED		2184168890		LOW	0 exact/strong owner(s); 1 family/generic supporting relation(s).	NO
подвеска в машину мягкий пушистый ежик	STORE_GENERIC		1611695246;1630040194;1640334195;2186836116		LOW	0 exact/strong owner(s); 4 family/generic supporting relation(s).	NO
подвеска в машину на зеркало	STORE_GENERIC		1602715556;1602722942;1623753672;1629493686;1629553898;1636041142;1640251697;1640264403;1720124782;1720137256;1720141903;1720147059;1720148880;1720151850;1720155616;1720160556;1943215793;2183808182;2183921966;2183985513;2184168890;2184234912;2186796339;2186802133;2186836116;2186839757;2186843798;2186846833;2186848313;2186850644;2186856503;2186857668;2186865070;2271188511;2271210394;2271219774;2271234726;2271240621;2271251938;2271262133;2271270261;2271275793;2326866320;2559437928;2559748332;2559817779		LOW	0 exact/strong owner(s); 46 family/generic supporting relation(s).	NO
подвеска в машину на зеркало 18	FAMILY_SHARED		2186796339		LOW	0 exact/strong owner(s); 1 family/generic supporting relation(s).	NO
подвеска в машину на зеркало dont drive so fast	STORE_GENERIC		1630033296;2186836116;2271262133		LOW	0 exact/strong owner(s); 3 family/generic supporting relation(s).	NO
подвеска в машину на зеркало hyundai	FAMILY_SHARED		1629553898		LOW	0 exact/strong owner(s); 1 family/generic supporting relation(s).	NO
подвеска в машину на зеркало lron maiden	FAMILY_SHARED		1602717077		LOW	0 exact/strong owner(s); 1 family/generic supporting relation(s).	NO
подвеска в машину на зеркало z	FAMILY_SHARED		2186836116;2186850644		LOW	0 exact/strong owner(s); 2 family/generic supporting relation(s).	NO
подвеска в машину на зеркало а	STORE_GENERIC		1602717077;1623753672;1629493686;1630033296;1640276582;1640334195;1943215793;2184168890;2186839757;2186850644		LOW	0 exact/strong owner(s); 10 family/generic supporting relation(s).	NO
подвеска в машину на зеркало белджи	FAMILY_SHARED		1602717077		LOW	0 exact/strong owner(s); 1 family/generic supporting relation(s).	NO
подвеска в машину на зеркало в грузовик	STORE_GENERIC		1629493686;2186796339;2186850644;2186856503;2186865070		LOW	0 exact/strong owner(s); 5 family/generic supporting relation(s).	NO
подвеска в машину на зеркало вв мвд	FAMILY_SHARED		2186865070		LOW	0 exact/strong owner(s); 1 family/generic supporting relation(s).	NO
подвеска в машину на зеркало велес	EXCLUDED				LOW	0 exact/strong owner(s); 0 family/generic supporting relation(s).	NO
подвеска в машину на зеркало вера	FAMILY_SHARED		1943215793		LOW	0 exact/strong owner(s); 1 family/generic supporting relation(s).	NO
подвеска в машину на зеркало весы	SKU_SPECIFIC	2186802133			LOW	1 exact/strong owner(s); 0 family/generic supporting relation(s).	NO
подвеска в машину на зеркало георгиевская	FAMILY_SHARED		2559817779		LOW	0 exact/strong owner(s); 1 family/generic supporting relation(s).	NO
подвеска в машину на зеркало горы	FAMILY_SHARED		2186836116		LOW	0 exact/strong owner(s); 1 family/generic supporting relation(s).	NO
подвеска в машину на зеркало гремлины	FAMILY_SHARED		2271210394		LOW	0 exact/strong owner(s); 1 family/generic supporting relation(s).	NO
подвеска в машину на зеркало девушке	FAMILY_SHARED		2271188511		LOW	0 exact/strong owner(s); 1 family/generic supporting relation(s).	NO
подвеска в машину на зеркало для мужчиныс надптсью езди аккуратно	FAMILY_SHARED		2184153852		LOW	0 exact/strong owner(s); 1 family/generic supporting relation(s).	NO
подвеска в машину на зеркало домов	FAMILY_SHARED		1640334195		LOW	0 exact/strong owner(s); 1 family/generic supporting relation(s).	NO
подвеска в машину на зеркало дракон	STORE_GENERIC		2183808182;2186802133;2186848313;2271246783		LOW	0 exact/strong owner(s); 4 family/generic supporting relation(s).	NO
подвеска в машину на зеркало же	FAMILY_SHARED		2559817779		LOW	0 exact/strong owner(s); 1 family/generic supporting relation(s).	NO
подвеска в машину на зеркало жен	STORE_GENERIC		1943215793;2186802133;2186846833		LOW	0 exact/strong owner(s); 3 family/generic supporting relation(s).	NO
подвеска в машину на зеркало женская зодиак	FAMILY_SHARED		2271292556		LOW	0 exact/strong owner(s); 1 family/generic supporting relation(s).	NO
подвеска в машину на зеркало женская оберег	FAMILY_SHARED		1611643847		LOW	0 exact/strong owner(s); 1 family/generic supporting relation(s).	NO
подвеска в машину на зеркало звезда	EXCLUDED				LOW	0 exact/strong owner(s); 0 family/generic supporting relation(s).	NO
подвеска в машину на зеркало знак задиака	FAMILY_SHARED		2271219774		LOW	0 exact/strong owner(s); 1 family/generic supporting relation(s).	NO
подвеска в машину на зеркало знак зодиака	FAMILY_SHARED		1720131759;1720153914		LOW	0 exact/strong owner(s); 2 family/generic supporting relation(s).	NO
подвеска в машину на зеркало знак зодиака весы	SKU_SPECIFIC	2271219774			LOW	1 exact/strong owner(s); 0 family/generic supporting relation(s).	NO
подвеска в машину на зеркало из биссера	STORE_GENERIC		1629493686;2186836116;2271270261		LOW	0 exact/strong owner(s); 3 family/generic supporting relation(s).	NO
подвеска в машину на зеркало из камня с древом	FAMILY_SHARED		1623753672		LOW	0 exact/strong owner(s); 1 family/generic supporting relation(s).	NO
подвеска в машину на зеркало из камня с древом жизни	SKU_SPECIFIC	1623753672			LOW	1 exact/strong owner(s); 0 family/generic supporting relation(s).	NO
подвеска в машину на зеркало инь янь	FAMILY_SHARED		1623753672;1629493686;1640326230;1720155616;2184932293;2186846833;2271292556;2559817779		LOW	0 exact/strong owner(s); 8 family/generic supporting relation(s).	NO
подвеска в машину на зеркало инь янь дракон	UNCLEAR				MEDIUM	0 exact/strong owner(s); 0 family/generic supporting relation(s).	YES
подвеска в машину на зеркало казахская	FAMILY_SHARED		1629493686		LOW	0 exact/strong owner(s); 1 family/generic supporting relation(s).	NO
подвеска в машину на зеркало кипарис	FAMILY_SHARED		2271262133		LOW	0 exact/strong owner(s); 1 family/generic supporting relation(s).	NO
подвеска в машину на зеркало китай	FAMILY_SHARED		1720151850		LOW	0 exact/strong owner(s); 1 family/generic supporting relation(s).	NO
подвеска в машину на зеркало коловрат	FAMILY_SHARED		1640264403		LOW	0 exact/strong owner(s); 1 family/generic supporting relation(s).	NO
подвеска в машину на зеркало костюм	FAMILY_SHARED		1943215793		LOW	0 exact/strong owner(s); 1 family/generic supporting relation(s).	NO
подвеска в машину на зеркало красная	FAMILY_SHARED		2186846833		LOW	0 exact/strong owner(s); 1 family/generic supporting relation(s).	NO
подвеска в машину на зеркало лапоть	FAMILY_SHARED		1720155616		LOW	0 exact/strong owner(s); 1 family/generic supporting relation(s).	NO
подвеска в машину на зеркало ма ка крик	STORE_GENERIC		1611643847;1640276582;1640334195;1720131759;2184153852;2186766628;2186850644;2271270261		LOW	0 exact/strong owner(s); 8 family/generic supporting relation(s).	NO
подвеска в машину на зеркало майки	FAMILY_SHARED		1720160556		LOW	0 exact/strong owner(s); 1 family/generic supporting relation(s).	NO
подвеска в машину на зеркало матрос	FAMILY_SHARED		1640306007		LOW	0 exact/strong owner(s); 1 family/generic supporting relation(s).	NO
подвеска в машину на зеркало мех	STORE_GENERIC		1629493686;1629553898;1943215793;2186843798;2186850644;2186856503;2186865070;2271270261		LOW	0 exact/strong owner(s); 8 family/generic supporting relation(s).	NO
подвеска в машину на зеркало мотоцикл	FAMILY_SHARED		1720153914;2186846833		LOW	0 exact/strong owner(s); 2 family/generic supporting relation(s).	NO
подвеска в машину на зеркало мужская евгений	STORE_GENERIC		1623753672;1630040194;1640276582;1720155616;2184932293		LOW	0 exact/strong owner(s); 5 family/generic supporting relation(s).	NO
подвеска в машину на зеркало мужская рок	FAMILY_SHARED		2271234726		LOW	0 exact/strong owner(s); 1 family/generic supporting relation(s).	NO
подвеска в машину на зеркало мужская футбол зенит	FAMILY_SHARED		2184098058		LOW	0 exact/strong owner(s); 1 family/generic supporting relation(s).	NO
подвеска в машину на зеркало мужская шайба	FAMILY_SHARED		2559817779		LOW	0 exact/strong owner(s); 1 family/generic supporting relation(s).	NO
подвеска в машину на зеркало мусульманская сердечка	FAMILY_SHARED		1640264403;1640334195		LOW	0 exact/strong owner(s); 2 family/generic supporting relation(s).	NO
подвеска в машину на зеркало оберег	STORE_GENERIC		1640264403;2183808182;2186802133;2186865070		LOW	0 exact/strong owner(s); 4 family/generic supporting relation(s).	NO
подвеска в машину на зеркало овен	FAMILY_SHARED	2186850644;2271251938		2186850644;2271251938	HIGH	2 exact/strong owner(s); 0 family/generic supporting relation(s).	YES
подвеска в машину на зеркало оскал тигра	FAMILY_SHARED		1720131759;2271292556		LOW	0 exact/strong owner(s); 2 family/generic supporting relation(s).	NO
подвеска в машину на зеркало от сглаза	FAMILY_SHARED		1636048691		LOW	0 exact/strong owner(s); 1 family/generic supporting relation(s).	NO
подвеска в машину на зеркало питбуль	STORE_GENERIC		1611695246;1630033296;1640276582;2186796339;2186802133;2186839757;2186846833;2271246783;2271251938;2271270261;2559817779		LOW	0 exact/strong owner(s); 11 family/generic supporting relation(s).	NO
подвеска в машину на зеркало пкм	FAMILY_SHARED		1629493686		LOW	0 exact/strong owner(s); 1 family/generic supporting relation(s).	NO
подвеска в машину на зеркало прик	STORE_GENERIC		2184098058;2186839757		LOW	0 exact/strong owner(s); 2 family/generic supporting relation(s).	NO
подвеска в машину на зеркало приколь	FAMILY_SHARED		2186850644		LOW	0 exact/strong owner(s); 1 family/generic supporting relation(s).	NO
подвеска в машину на зеркало рак	SKU_SPECIFIC	2186796339			LOW	1 exact/strong owner(s); 0 family/generic supporting relation(s).	NO
подвеска в машину на зеркало россиянка	FAMILY_SHARED		2559817779		LOW	0 exact/strong owner(s); 1 family/generic supporting relation(s).	NO
подвеска в машину на зеркало руна	STORE_GENERIC		1623753672;1629493686;1640264403;2184098058;2184932293		LOW	0 exact/strong owner(s); 5 family/generic supporting relation(s).	NO
подвеска в машину на зеркало русская красавица	FAMILY_SHARED		1611643847		LOW	0 exact/strong owner(s); 1 family/generic supporting relation(s).	NO
подвеска в машину на зеркало с кисточкой	FAMILY_SHARED		2559748332		LOW	0 exact/strong owner(s); 1 family/generic supporting relation(s).	NO
подвеска в машину на зеркало с крестом провославным	STORE_GENERIC		1640326230;2559817779		LOW	0 exact/strong owner(s); 2 family/generic supporting relation(s).	NO
подвеска в машину на зеркало славянская	FAMILY_SHARED		1636048691		LOW	0 exact/strong owner(s); 1 family/generic supporting relation(s).	NO
подвеска в машину на зеркало спецназ внутренних войск	STORE_GENERIC		1611643847;1640326230;2186836116;2186852750		LOW	0 exact/strong owner(s); 4 family/generic supporting relation(s).	NO
подвеска в машину на зеркало спорт	FAMILY_SHARED		2186836116		LOW	0 exact/strong owner(s); 1 family/generic supporting relation(s).	NO
подвеска в машину на зеркало ссср	FAMILY_SHARED		2186796339;2186836116		LOW	0 exact/strong owner(s); 2 family/generic supporting relation(s).	NO
подвеска в машину на зеркало старославянская лада	FAMILY_SHARED		1636048691		LOW	0 exact/strong owner(s); 1 family/generic supporting relation(s).	NO
подвеска в машину на зеркало стеклянная	FAMILY_SHARED		2271262133		LOW	0 exact/strong owner(s); 1 family/generic supporting relation(s).	NO
подвеска в машину на зеркало телец	SKU_SPECIFIC	2186766628			LOW	1 exact/strong owner(s); 0 family/generic supporting relation(s).	NO
подвеска в машину на зеркало хендай	FAMILY_SHARED		2186802133		LOW	0 exact/strong owner(s); 1 family/generic supporting relation(s).	NO
подвеска в машину на зеркало череп	STORE_GENERIC		1629493686;2186848313;2186857668;2271251938		LOW	0 exact/strong owner(s); 4 family/generic supporting relation(s).	NO
подвеска в машину на зеркало четки	STORE_GENERIC		1602722942;2271285786		LOW	0 exact/strong owner(s); 2 family/generic supporting relation(s).	NO
подвеска в машину на зеркало шар черный восьмерка	FAMILY_SHARED		2271251938		LOW	0 exact/strong owner(s); 1 family/generic supporting relation(s).	NO
подвеска в машину на зеркало шкода	STORE_GENERIC		1629493686;2186865070		LOW	0 exact/strong owner(s); 2 family/generic supporting relation(s).	NO
подвеска в машину на зеркало штурмовик север z	FAMILY_SHARED		2186850644		LOW	0 exact/strong owner(s); 1 family/generic supporting relation(s).	NO
подвеска в машину на зеркало юрта	STORE_GENERIC		1611695246;1640326230;1640334195;2184098058;2184153852;2186796339;2186802133;2186836116;2186839757;2186852750;2186865070;2271219774;2271246783		LOW	0 exact/strong owner(s); 13 family/generic supporting relation(s).	NO
подвеска в машину на зеркало японская	FAMILY_SHARED		2271240621		LOW	0 exact/strong owner(s); 1 family/generic supporting relation(s).	NO
подвеска в машину наррд	FAMILY_SHARED		1640276582;1640326230		LOW	0 exact/strong owner(s); 2 family/generic supporting relation(s).	NO
подвеска в машину новогодняя	FAMILY_SHARED		2186850644		LOW	0 exact/strong owner(s); 1 family/generic supporting relation(s).	NO
подвеска в машину новогодняя 2927	FAMILY_SHARED		1640337426		LOW	0 exact/strong owner(s); 1 family/generic supporting relation(s).	NO
подвеска в машину обезьяна из дорамы	STORE_GENERIC		1602715556;1720160556		LOW	0 exact/strong owner(s); 2 family/generic supporting relation(s).	NO
подвеска в машину оберег на зеркало	FAMILY_SHARED		1602717077		LOW	0 exact/strong owner(s); 1 family/generic supporting relation(s).	NO
подвеска в машину оберег череп манула	FAMILY_SHARED		1720161841		LOW	0 exact/strong owner(s); 1 family/generic supporting relation(s).	NO
подвеска в машину подарок	FAMILY_SHARED		2186852750		LOW	0 exact/strong owner(s); 1 family/generic supporting relation(s).	NO
подвеска в машину ретро	FAMILY_SHARED		2271240621		LOW	0 exact/strong owner(s); 1 family/generic supporting relation(s).	NO
подвеска в машину род войск	STORE_GENERIC		1629493686;2184098058		LOW	0 exact/strong owner(s); 2 family/generic supporting relation(s).	NO
подвеска в машину рука	FAMILY_SHARED		2184932293		LOW	0 exact/strong owner(s); 1 family/generic supporting relation(s).	NO
подвеска в машину рыба на зеркало	FAMILY_SHARED		2186848313		LOW	0 exact/strong owner(s); 1 family/generic supporting relation(s).	NO
подвеска в машину светильник	FAMILY_SHARED		2186848313		LOW	0 exact/strong owner(s); 1 family/generic supporting relation(s).	NO
подвеска в машину семья	FAMILY_SHARED		1640251697		LOW	0 exact/strong owner(s); 1 family/generic supporting relation(s).	NO
подвеска в машину скорпион	EXCLUDED				LOW	0 exact/strong owner(s); 0 family/generic supporting relation(s).	NO
подвеска в машину стрелец	SKU_SPECIFIC	2186839757			LOW	1 exact/strong owner(s); 0 family/generic supporting relation(s).	NO
подвеска в машину талисман	STORE_GENERIC		2184153852;2186856503		LOW	0 exact/strong owner(s); 2 family/generic supporting relation(s).	NO
подвеска в машину фигурка дедпул	FAMILY_SHARED		2186852750		LOW	0 exact/strong owner(s); 1 family/generic supporting relation(s).	NO
подвеска в машину четки	FAMILY_SHARED		2186802133		LOW	0 exact/strong owner(s); 1 family/generic supporting relation(s).	NO
подвеска в машину языческая	FAMILY_SHARED		2184932293		LOW	0 exact/strong owner(s); 1 family/generic supporting relation(s).	NO
подвеска валькнут	EXCLUDED				LOW	0 exact/strong owner(s); 0 family/generic supporting relation(s).	NO
подвеска весы	FAMILY_SHARED	1720137256;2186802133;2271219774		1720137256;2186802133;2271219774	HIGH	3 exact/strong owner(s); 0 family/generic supporting relation(s).	YES
подвеска весы мужская	SKU_SPECIFIC	2186802133			LOW	1 exact/strong owner(s); 0 family/generic supporting relation(s).	NO
подвеска водолей	FAMILY_SHARED	1720141903;2186846833		1720141903;2186846833	HIGH	2 exact/strong owner(s); 0 family/generic supporting relation(s).	YES
подвеска герб в машину	SKU_SPECIFIC	2559748332			LOW	1 exact/strong owner(s); 0 family/generic supporting relation(s).	NO
подвеска дева	FAMILY_SHARED	1720144370;2186843798;2186865070		1720144370;2186843798;2186865070	HIGH	3 exact/strong owner(s); 0 family/generic supporting relation(s).	YES
подвеска дерева мужская	FAMILY_SHARED		2559748332		LOW	0 exact/strong owner(s); 1 family/generic supporting relation(s).	NO
подвеска дерево жизни на зеркале	SKU_SPECIFIC	1623753672			LOW	1 exact/strong owner(s); 0 family/generic supporting relation(s).	NO
подвеска для авто стильная	FAMILY_SHARED		1720153914		LOW	0 exact/strong owner(s); 1 family/generic supporting relation(s).	NO
подвеска для автомобиля на зеркало женская	FAMILY_SHARED		2271270261		LOW	0 exact/strong owner(s); 1 family/generic supporting relation(s).	NO
подвеска для зеркало в авто	FAMILY_SHARED		1720155616		LOW	0 exact/strong owner(s); 1 family/generic supporting relation(s).	NO
подвеска для машины перчатка написанными ufc	STORE_GENERIC		1640334195;2186843798		LOW	0 exact/strong owner(s); 2 family/generic supporting relation(s).	NO
подвеска для овнов	FAMILY_SHARED		2186850644		LOW	0 exact/strong owner(s); 1 family/generic supporting relation(s).	NO
подвеска для песка	FAMILY_SHARED		2184098058		LOW	0 exact/strong owner(s); 1 family/generic supporting relation(s).	NO
подвеска женская в автомобиль на зеркало	STORE_GENERIC		2184133137;2271219774		LOW	0 exact/strong owner(s); 2 family/generic supporting relation(s).	NO
подвеска зеркал в машине	STORE_GENERIC		2184168890;2271285786		LOW	0 exact/strong owner(s); 2 family/generic supporting relation(s).	NO
подвеска зеркало - амулет	STORE_GENERIC		2184932293;2186796339		LOW	0 exact/strong owner(s); 2 family/generic supporting relation(s).	NO
подвеска зеркало автомобиля	FAMILY_SHARED		1611695246		LOW	0 exact/strong owner(s); 1 family/generic supporting relation(s).	NO
подвеска зеркало из натурального	FAMILY_SHARED		2186852750		LOW	0 exact/strong owner(s); 1 family/generic supporting relation(s).	NO
подвеска зеркало магического	FAMILY_SHARED		2186852750		LOW	0 exact/strong owner(s); 1 family/generic supporting relation(s).	NO
подвеска зеркало оберег	FAMILY_SHARED		1602715556		LOW	0 exact/strong owner(s); 1 family/generic supporting relation(s).	NO
подвеска знак зодиака дева	SKU_SPECIFIC	2271240621			LOW	1 exact/strong owner(s); 0 family/generic supporting relation(s).	NO
подвеска знак зодиака набор	FAMILY_SHARED		1720147059		LOW	0 exact/strong owner(s); 1 family/generic supporting relation(s).	NO
подвеска знак зодиака рак в машину	SKU_SPECIFIC	1720153914			LOW	1 exact/strong owner(s); 0 family/generic supporting relation(s).	NO
подвеска знак зодиака соколов	FAMILY_SHARED		2186796339		LOW	0 exact/strong owner(s); 1 family/generic supporting relation(s).	NO
подвеска из акрила	FAMILY_SHARED		2559437928		LOW	0 exact/strong owner(s); 1 family/generic supporting relation(s).	NO
подвеска из дерева в машину	STORE_GENERIC		1602715556;1720155616;2183921966;2271285786		LOW	0 exact/strong owner(s); 4 family/generic supporting relation(s).	NO
подвеска инь янь золото	UNCLEAR				MEDIUM	0 exact/strong owner(s); 0 family/generic supporting relation(s).	YES
подвеска катана в машину на зеркало мужская	FAMILY_SHARED		1611643847		LOW	0 exact/strong owner(s); 1 family/generic supporting relation(s).	NO
подвеска коз	FAMILY_SHARED		2186796339;2186850644;2186852750		LOW	0 exact/strong owner(s); 3 family/generic supporting relation(s).	NO
подвеска козерог	FAMILY_SHARED	1720147059;2186852750;2271246783		1720147059;2186852750;2271246783	HIGH	3 exact/strong owner(s); 0 family/generic supporting relation(s).	YES
подвеска козерог карабин	SKU_SPECIFIC	2186852750			LOW	1 exact/strong owner(s); 0 family/generic supporting relation(s).	NO
подвеска колесо в машину на зеркало	FAMILY_SHARED		2186856503		LOW	0 exact/strong owner(s); 1 family/generic supporting relation(s).	NO
подвеска красная в машину на зеркало	FAMILY_SHARED		2186843798		LOW	0 exact/strong owner(s); 1 family/generic supporting relation(s).	NO
подвеска крючок рыб в машину	FAMILY_SHARED		2271270261		LOW	0 exact/strong owner(s); 1 family/generic supporting relation(s).	NO
подвеска лев	FAMILY_SHARED	1720151850;2186857668		1720151850;2186857668	HIGH	2 exact/strong owner(s); 0 family/generic supporting relation(s).	YES
подвеска лев в машину	SKU_SPECIFIC	1720151850			LOW	1 exact/strong owner(s); 0 family/generic supporting relation(s).	NO
подвеска левна телефон	FAMILY_SHARED		1720151850		LOW	0 exact/strong owner(s); 1 family/generic supporting relation(s).	NO
подвеска магическая	FAMILY_SHARED		2271292556		LOW	0 exact/strong owner(s); 1 family/generic supporting relation(s).	NO
подвеска машину на зеркало	FAMILY_SHARED		2186839757		LOW	0 exact/strong owner(s); 1 family/generic supporting relation(s).	NO
подвеска машины	FAMILY_SHARED		2186850644		LOW	0 exact/strong owner(s); 1 family/generic supporting relation(s).	NO
подвеска медная скорпион	SKU_SPECIFIC	1720160556			LOW	1 exact/strong owner(s); 0 family/generic supporting relation(s).	NO
подвеска монетки в машину славянский оберег	FAMILY_SHARED		1640334195		LOW	0 exact/strong owner(s); 1 family/generic supporting relation(s).	NO
подвеска мужская	STORE_GENERIC		2271188511;2271210394;2271219774;2271234726;2271246783;2271262133;2271270261;2271275793;2271285786;2559748332		LOW	0 exact/strong owner(s); 10 family/generic supporting relation(s).	NO
подвеска мужская коловрат	FAMILY_SHARED		1640326205		LOW	0 exact/strong owner(s); 1 family/generic supporting relation(s).	NO
подвеска мужская оберег	FAMILY_SHARED		1640251697;1640326205		LOW	0 exact/strong owner(s); 2 family/generic supporting relation(s).	NO
подвеска на авто зеркало	FAMILY_SHARED		2186856503;2271292556		LOW	0 exact/strong owner(s); 2 family/generic supporting relation(s).	NO
подвеска на авто зерколо	STORE_GENERIC		2183808182;2186796339		LOW	0 exact/strong owner(s); 2 family/generic supporting relation(s).	NO
подвеска на зеркало	STORE_GENERIC		2186766628;2186796339;2186839757;2186843798;2186850644;2186865070;2559748332;2559817779		LOW	0 exact/strong owner(s); 8 family/generic supporting relation(s).	NO
подвеска на зеркало half life	FAMILY_SHARED		2186848313		LOW	0 exact/strong owner(s); 1 family/generic supporting relation(s).	NO
подвеска на зеркало hella flash	FAMILY_SHARED		2186846833		LOW	0 exact/strong owner(s); 1 family/generic supporting relation(s).	NO
подвеска на зеркало авто	FAMILY_SHARED		2186843798		LOW	0 exact/strong owner(s); 1 family/generic supporting relation(s).	NO
подвеска на зеркало авто валенки	FAMILY_SHARED		1630033296;1640264403		LOW	0 exact/strong owner(s); 2 family/generic supporting relation(s).	NO
подвеска на зеркало авто скорпион	EXCLUDED				LOW	0 exact/strong owner(s); 0 family/generic supporting relation(s).	NO
подвеска на зеркало авто уголовный розыск в машину	FAMILY_SHARED		1602717077		LOW	0 exact/strong owner(s); 1 family/generic supporting relation(s).	NO
подвеска на зеркало автомобиля	FAMILY_SHARED		1720141903;1720155616;2186796339;2186802133;2186836116;2186846833;2186848313;2186850644		LOW	0 exact/strong owner(s); 8 family/generic supporting relation(s).	NO
подвеска на зеркало автомобиля акула	STORE_GENERIC		1640306007;1640334195;1720131759;1720155616;2184168890;2186839757;2186852750;2186865070;2271262133;2271270261		LOW	0 exact/strong owner(s); 10 family/generic supporting relation(s).	NO
подвеска на зеркало автомобиля в машину	STORE_GENERIC		1623753672;1720148880;2183808182;2186846833		LOW	0 exact/strong owner(s); 4 family/generic supporting relation(s).	NO
подвеска на зеркало автомобиля дева	SKU_SPECIFIC	2186865070			LOW	1 exact/strong owner(s); 0 family/generic supporting relation(s).	NO
подвеска на зеркало в авто	FAMILY_SHARED		2559817779		LOW	0 exact/strong owner(s); 1 family/generic supporting relation(s).	NO
подвеска на зеркало в авто водолей	SKU_SPECIFIC	2271234726			LOW	1 exact/strong owner(s); 0 family/generic supporting relation(s).	NO
подвеска на зеркало в авто коасный	FAMILY_SHARED		2186802133		LOW	0 exact/strong owner(s); 1 family/generic supporting relation(s).	NO
подвеска на зеркало в автомобиль	FAMILY_SHARED		1720153914;2186856503		LOW	0 exact/strong owner(s); 2 family/generic supporting relation(s).	NO
подвеска на зеркало в машине	STORE_GENERIC		2183921966;2271285786		LOW	0 exact/strong owner(s); 2 family/generic supporting relation(s).	NO
подвеска на зеркало в машину	STORE_GENERIC		1602715556;1602717077;1602722942;1611643847;1611695246;1623753672;1629493686;1629553898;1630033296;1630040194;1636041142;1640251697;1640264403;1640276582;1640306007;1640326205;1640326230;1640330072;1640334195;1640337426;1720124782;1720131759;1720137256;1720141903;1720144370;1720147059;1720148880;1720151850;1720153914;1720155616;1720160556;1720161841;1842444165;1943215793;2183808182;2183921966;2183985513;2184098058;2184133137;2184153852;2184168890;2184199958;2184234912;2184932293;2186766628;2186796339;2186802133;2186836116;2186839757;2186843798;2186846833;2186848313;2186850644;2186852750;2186856503;2186857668;2186865070;2271188511;2271210394;2271219774;2271234726;2271240621;2271246783;2271251938;2271262133;2271270261;2271275793;2271285786;2271292556;2326866320;2559437928;2559748332;2559817779		LOW	0 exact/strong owner(s); 73 family/generic supporting relation(s).	NO
подвеска на зеркало в машину близнец	UNCLEAR				MEDIUM	0 exact/strong owner(s); 0 family/generic supporting relation(s).	YES
подвеска на зеркало в машину боксерские перчатки lada samara	FAMILY_SHARED		2186856503		LOW	0 exact/strong owner(s); 1 family/generic supporting relation(s).	NO
подвеска на зеркало в машину весы	SKU_SPECIFIC	2271219774			LOW	1 exact/strong owner(s); 0 family/generic supporting relation(s).	NO
подвеска на зеркало в машину воровская звезда	EXCLUDED				LOW	0 exact/strong owner(s); 0 family/generic supporting relation(s).	NO
подвеска на зеркало в машину гаваи	FAMILY_SHARED		1629493686		LOW	0 exact/strong owner(s); 1 family/generic supporting relation(s).	NO
подвеска на зеркало в машину для мужчины	FAMILY_SHARED		2271246783;2271262133		LOW	0 exact/strong owner(s); 2 family/generic supporting relation(s).	NO
подвеска на зеркало в машину древо жизни	SKU_SPECIFIC	1623753672			LOW	1 exact/strong owner(s); 0 family/generic supporting relation(s).	NO
подвеска на зеркало в машину женская	FAMILY_SHARED		2186843798		LOW	0 exact/strong owner(s); 1 family/generic supporting relation(s).	NO
подвеска на зеркало в машину згт	FAMILY_SHARED		1640326230		LOW	0 exact/strong owner(s); 1 family/generic supporting relation(s).	NO
подвеска на зеркало в машину знак зодиака	FAMILY_SHARED		1720155616		LOW	0 exact/strong owner(s); 1 family/generic supporting relation(s).	NO
подвеска на зеркало в машину индейцы	FAMILY_SHARED		2186856503		LOW	0 exact/strong owner(s); 1 family/generic supporting relation(s).	NO
подвеска на зеркало в машину киа	FAMILY_SHARED		2559748332		LOW	0 exact/strong owner(s); 1 family/generic supporting relation(s).	NO
подвеска на зеркало в машину купола	STORE_GENERIC		1640264403;2183808182;2186865070		LOW	0 exact/strong owner(s); 3 family/generic supporting relation(s).	NO
подвеска на зеркало в машину лошадь	FAMILY_SHARED		2271270261		LOW	0 exact/strong owner(s); 1 family/generic supporting relation(s).	NO
подвеска на зеркало в машину мужская скалодаз	FAMILY_SHARED		2559817779		LOW	0 exact/strong owner(s); 1 family/generic supporting relation(s).	NO
подвеска на зеркало в машину нисан	STORE_GENERIC		1629493686;2186865070		LOW	0 exact/strong owner(s); 2 family/generic supporting relation(s).	NO
подвеска на зеркало в машину оберег	FAMILY_SHARED		1636048691		LOW	0 exact/strong owner(s); 1 family/generic supporting relation(s).	NO
подвеска на зеркало в машину питбуль	FAMILY_SHARED		2186796339		LOW	0 exact/strong owner(s); 1 family/generic supporting relation(s).	NO
подвеска на зеркало в машину прикол	FAMILY_SHARED		1629553898		LOW	0 exact/strong owner(s); 1 family/generic supporting relation(s).	NO
подвеска на зеркало в машину рыба	FAMILY_SHARED		2186865070;2271234726		LOW	0 exact/strong owner(s); 2 family/generic supporting relation(s).	NO
подвеска на зеркало в машину скелет рыба	FAMILY_SHARED		2271270261		LOW	0 exact/strong owner(s); 1 family/generic supporting relation(s).	NO
подвеска на зеркало в машину собака	FAMILY_SHARED		2186846833		LOW	0 exact/strong owner(s); 1 family/generic supporting relation(s).	NO
подвеска на зеркало в машину ссср	STORE_GENERIC		1602722942;2183921966		LOW	0 exact/strong owner(s); 2 family/generic supporting relation(s).	NO
подвеска на зеркало в машину талисман	FAMILY_SHARED		1943215793		LOW	0 exact/strong owner(s); 1 family/generic supporting relation(s).	NO
подвеска на зеркало в машину тигр	FAMILY_SHARED		2271270261		LOW	0 exact/strong owner(s); 1 family/generic supporting relation(s).	NO
подвеска на зеркало в машину топор	FAMILY_SHARED		2559817779		LOW	0 exact/strong owner(s); 1 family/generic supporting relation(s).	NO
подвеска на зеркало в машину уаз	FAMILY_SHARED		1629493686		LOW	0 exact/strong owner(s); 1 family/generic supporting relation(s).	NO
подвеска на зеркало в машину фигурка гимнаст	STORE_GENERIC		2184133137;2186839757		LOW	0 exact/strong owner(s); 2 family/generic supporting relation(s).	NO
подвеска на зеркало в машину фигурка спортивная гимнастика	FAMILY_SHARED		2186839757		LOW	0 exact/strong owner(s); 1 family/generic supporting relation(s).	NO
подвеска на зеркало в машину череп	FAMILY_SHARED		2186846833		LOW	0 exact/strong owner(s); 1 family/generic supporting relation(s).	NO
подвеска на зеркало в машину япоская	FAMILY_SHARED		1943215793		LOW	0 exact/strong owner(s); 1 family/generic supporting relation(s).	NO
подвеска на зеркало девушка	FAMILY_SHARED		2271285786		LOW	0 exact/strong owner(s); 1 family/generic supporting relation(s).	NO
подвеска на зеркало девушка аниме	FAMILY_SHARED		1720137256		LOW	0 exact/strong owner(s); 1 family/generic supporting relation(s).	NO
подвеска на зеркало деревянная	STORE_GENERIC		1602717077;1720153914		LOW	0 exact/strong owner(s); 2 family/generic supporting relation(s).	NO
подвеска на зеркало для автомобиля	STORE_GENERIC		1640251697;2271285786		LOW	0 exact/strong owner(s); 2 family/generic supporting relation(s).	NO
подвеска на зеркало заднего вида в машину маска бдсм	STORE_GENERIC		1629493686;2186852750		LOW	0 exact/strong owner(s); 2 family/generic supporting relation(s).	NO
подвеска на зеркало машины	STORE_GENERIC		1720161841;2183921966		LOW	0 exact/strong owner(s); 2 family/generic supporting relation(s).	NO
подвеска на зеркало машины лапа тигра	FAMILY_SHARED		1640264403		LOW	0 exact/strong owner(s); 1 family/generic supporting relation(s).	NO
подвеска на зеркало мужская	FAMILY_SHARED		2186843798		LOW	0 exact/strong owner(s); 1 family/generic supporting relation(s).	NO
подвеска на зеркало мужская в машину	FAMILY_SHARED		1629553898		LOW	0 exact/strong owner(s); 1 family/generic supporting relation(s).	NO
подвеска на зеркало рыба	FAMILY_SHARED		2271270261		LOW	0 exact/strong owner(s); 1 family/generic supporting relation(s).	NO
подвеска на зеркало рыбы	SKU_SPECIFIC	1720155616			LOW	1 exact/strong owner(s); 0 family/generic supporting relation(s).	NO
подвеска на зеркало славянская	FAMILY_SHARED		1630033296;1630040194;1640334195;2184168890		LOW	0 exact/strong owner(s); 4 family/generic supporting relation(s).	NO
подвеска на зеркало татарское	FAMILY_SHARED		1720144370		LOW	0 exact/strong owner(s); 1 family/generic supporting relation(s).	NO
подвеска на зеркало у машину	STORE_GENERIC		1630033296;2271246783		LOW	0 exact/strong owner(s); 2 family/generic supporting relation(s).	NO
подвеска на зеркало хоккейная краги в машину	FAMILY_SHARED		1720161841		LOW	0 exact/strong owner(s); 1 family/generic supporting relation(s).	NO
подвеска на зеркало щущеная голоаа	FAMILY_SHARED		1720131759		LOW	0 exact/strong owner(s); 1 family/generic supporting relation(s).	NO
подвеска на машину	STORE_GENERIC		1640326230;1720161841;2184199958;2186796339;2186836116;2186846833;2186848313;2186850644;2186856503;2271262133;2559817779		LOW	0 exact/strong owner(s); 11 family/generic supporting relation(s).	NO
подвеска на удачу	FAMILY_SHARED		1640276582		LOW	0 exact/strong owner(s); 1 family/generic supporting relation(s).	NO
подвеска на шею ловец снов	FAMILY_SHARED		2271219774		LOW	0 exact/strong owner(s); 1 family/generic supporting relation(s).	NO
подвеска на шею чернобог	EXCLUDED				LOW	0 exact/strong owner(s); 0 family/generic supporting relation(s).	NO
подвеска оберег в машину бог тарс	FAMILY_SHARED		2184168890		LOW	0 exact/strong owner(s); 1 family/generic supporting relation(s).	NO
подвеска оберег в машину на зеркало	FAMILY_SHARED		1720137256;2271219774		LOW	0 exact/strong owner(s); 2 family/generic supporting relation(s).	NO
подвеска оберег глаз в машину	FAMILY_SHARED		1629493686		LOW	0 exact/strong owner(s); 1 family/generic supporting relation(s).	NO
подвеска оберег на зеркало автомобиля	FAMILY_SHARED		2271292556		LOW	0 exact/strong owner(s); 1 family/generic supporting relation(s).	NO
подвеска оберег овен	SKU_SPECIFIC	2186850644			LOW	1 exact/strong owner(s); 0 family/generic supporting relation(s).	NO
подвеска оберег от сглаза	FAMILY_SHARED		2183921966		LOW	0 exact/strong owner(s); 1 family/generic supporting relation(s).	NO
подвеска оберег с	STORE_GENERIC		1629493686;2186839757		LOW	0 exact/strong owner(s); 2 family/generic supporting relation(s).	NO
подвеска овен	FAMILY_SHARED	1720148880;2186850644;2271251938		1720148880;2186850644;2271251938	HIGH	3 exact/strong owner(s); 0 family/generic supporting relation(s).	YES
подвеска ом	UNCLEAR				MEDIUM	0 exact/strong owner(s); 0 family/generic supporting relation(s).	YES
подвеска от порчи	FAMILY_SHARED		2184168890		LOW	0 exact/strong owner(s); 1 family/generic supporting relation(s).	NO
подвеска от сглаза	FAMILY_SHARED		1630040194;1640264403;1640326205;2184153852		LOW	0 exact/strong owner(s); 4 family/generic supporting relation(s).	NO
подвеска от сглаза в машину	FAMILY_SHARED		1611643847		LOW	0 exact/strong owner(s); 1 family/generic supporting relation(s).	NO
подвеска под з	FAMILY_SHARED		1640326230		LOW	0 exact/strong owner(s); 1 family/generic supporting relation(s).	NO
подвеска под зеркало	STORE_GENERIC		1611695246;2271270261		LOW	0 exact/strong owner(s); 2 family/generic supporting relation(s).	NO
подвеска православная в машину на зеркало	SKU_SPECIFIC	1943215793			LOW	1 exact/strong owner(s); 0 family/generic supporting relation(s).	NO
подвеска прикольная на зеркало в машину	FAMILY_SHARED		2271219774		LOW	0 exact/strong owner(s); 1 family/generic supporting relation(s).	NO
подвеска рак	FAMILY_SHARED	1720153914;2186796339;2271262133		1720153914;2186796339;2271262133	HIGH	3 exact/strong owner(s); 0 family/generic supporting relation(s).	YES
подвеска рак большая	SKU_SPECIFIC	2186796339			LOW	1 exact/strong owner(s); 0 family/generic supporting relation(s).	NO
подвеска россия на зеркало в машину	FAMILY_SHARED		1720131759		LOW	0 exact/strong owner(s); 1 family/generic supporting relation(s).	NO
подвеска руна	STORE_GENERIC		1602715556;1636048691;1720153914		LOW	0 exact/strong owner(s); 3 family/generic supporting relation(s).	NO
подвеска с защитой от сглаза и порчи	FAMILY_SHARED		1720155616		LOW	0 exact/strong owner(s); 1 family/generic supporting relation(s).	NO
подвеска с зеркалом дерево	FAMILY_SHARED		2186865070		LOW	0 exact/strong owner(s); 1 family/generic supporting relation(s).	NO
подвеска с знаком зодиака рак	EXCLUDED				LOW	0 exact/strong owner(s); 0 family/generic supporting relation(s).	NO
подвеска с ру	FAMILY_SHARED		1623753672		LOW	0 exact/strong owner(s); 1 family/generic supporting relation(s).	NO
подвеска скорпион	FAMILY_SHARED	1720160556;2186836116;2271275793		1720160556;2186836116;2271275793	HIGH	3 exact/strong owner(s); 0 family/generic supporting relation(s).	YES
подвеска скорпион в машину	SKU_SPECIFIC	2271275793			LOW	1 exact/strong owner(s); 0 family/generic supporting relation(s).	NO
подвеска скорпион в машину на зеркало	EXCLUDED				LOW	0 exact/strong owner(s); 0 family/generic supporting relation(s).	NO
подвеска скорпион мужская	SKU_SPECIFIC	2186836116			LOW	1 exact/strong owner(s); 0 family/generic supporting relation(s).	NO
подвеска скорпион на ни	SKU_SPECIFIC	2186836116			LOW	1 exact/strong owner(s); 0 family/generic supporting relation(s).	NO
подвеска скорпион на шею мужской	SKU_SPECIFIC	2186836116			LOW	1 exact/strong owner(s); 0 family/generic supporting relation(s).	NO
подвеска славянская	FAMILY_SHARED		1640276582;2184133137		LOW	0 exact/strong owner(s); 2 family/generic supporting relation(s).	NO
подвеска славянская на зеркало автомобиля	FAMILY_SHARED		1640326230		LOW	0 exact/strong owner(s); 1 family/generic supporting relation(s).	NO
подвеска славянский оберег	EXCLUDED				LOW	0 exact/strong owner(s); 0 family/generic supporting relation(s).	NO
подвеска со заком зодиака стрелец	SKU_SPECIFIC	2186839757			LOW	1 exact/strong owner(s); 0 family/generic supporting relation(s).	NO
подвеска со львом	FAMILY_SHARED		1720151850		LOW	0 exact/strong owner(s); 1 family/generic supporting relation(s).	NO
подвеска со стразами в машину на зеркало	FAMILY_SHARED		2186856503		LOW	0 exact/strong owner(s); 1 family/generic supporting relation(s).	NO
подвеска стрелец	SKU_SPECIFIC	1720124782			LOW	1 exact/strong owner(s); 0 family/generic supporting relation(s).	NO
подвеска стрелец позолота	SKU_SPECIFIC	2271285786			LOW	1 exact/strong owner(s); 0 family/generic supporting relation(s).	NO
подвеска телец	FAMILY_SHARED	1720161841;2186766628;2271292556		1720161841;2186766628;2271292556	HIGH	3 exact/strong owner(s); 0 family/generic supporting relation(s).	YES
подвеска узел	SKU_SPECIFIC	1611695246			LOW	1 exact/strong owner(s); 0 family/generic supporting relation(s).	NO
подвеска украшение в автомобиль	FAMILY_SHARED		2183808182		LOW	0 exact/strong owner(s); 1 family/generic supporting relation(s).	NO
подвеска череп вагнер в машину	FAMILY_SHARED		2271219774		LOW	0 exact/strong owner(s); 1 family/generic supporting relation(s).	NO
подвеска четки	FAMILY_SHARED		2186839757		LOW	0 exact/strong owner(s); 1 family/generic supporting relation(s).	NO
подвеска четки на зеркало в машину	FAMILY_SHARED		2186850644		LOW	0 exact/strong owner(s); 1 family/generic supporting relation(s).	NO
подвеска шаманский оберег в машину	FAMILY_SHARED		1629493686		LOW	0 exact/strong owner(s); 1 family/generic supporting relation(s).	NO
подвеска эзотерика	FAMILY_SHARED		2184234912		LOW	0 exact/strong owner(s); 1 family/generic supporting relation(s).	NO
подвеска ювелирная весы скорпион	SKU_SPECIFIC	2186802133			LOW	1 exact/strong owner(s); 0 family/generic supporting relation(s).	NO
подвеска ювелирная козерог	SKU_SPECIFIC	2271246783			LOW	1 exact/strong owner(s); 0 family/generic supporting relation(s).	NO
подвески в авто на зеркало	FAMILY_SHARED		1611695246		LOW	0 exact/strong owner(s); 1 family/generic supporting relation(s).	NO
подвески в авто на зеркало деревянные	FAMILY_SHARED		1640326230		LOW	0 exact/strong owner(s); 1 family/generic supporting relation(s).	NO
подвески в авто рак	SKU_SPECIFIC	2186796339			LOW	1 exact/strong owner(s); 0 family/generic supporting relation(s).	NO
подвески в автомобиль на зеркало	FAMILY_SHARED		2559748332		LOW	0 exact/strong owner(s); 1 family/generic supporting relation(s).	NO
подвески в машину водолей	SKU_SPECIFIC	2271234726			LOW	1 exact/strong owner(s); 0 family/generic supporting relation(s).	NO
подвески в машину на зеркало для девушки	FAMILY_SHARED		2271270261		LOW	0 exact/strong owner(s); 1 family/generic supporting relation(s).	NO
подвески весы	SKU_SPECIFIC	2186802133			LOW	1 exact/strong owner(s); 0 family/generic supporting relation(s).	NO
подвески знаки зодиака	FAMILY_SHARED		1720147059;2186850644;2271188511		LOW	0 exact/strong owner(s); 3 family/generic supporting relation(s).	NO
подвески на зеркало	STORE_GENERIC		1602715556;1640330072		LOW	0 exact/strong owner(s); 2 family/generic supporting relation(s).	NO
подвески на зеркало авто	FAMILY_SHARED		2186802133;2271219774		LOW	0 exact/strong owner(s); 2 family/generic supporting relation(s).	NO
подвески на зеркало для авто	FAMILY_SHARED		2184098058		LOW	0 exact/strong owner(s); 1 family/generic supporting relation(s).	NO
подвески обереги в машину на зеркало женские	FAMILY_SHARED		2271240621		LOW	0 exact/strong owner(s); 1 family/generic supporting relation(s).	NO
подвески с рунами	FAMILY_SHARED		1842444165		LOW	0 exact/strong owner(s); 1 family/generic supporting relation(s).	NO
подвестка в машину	FAMILY_SHARED		1720147059;2186850644;2271188511		LOW	0 exact/strong owner(s); 3 family/generic supporting relation(s).	NO
подвечка на зеркало	FAMILY_SHARED		1720151850;2186836116		LOW	0 exact/strong owner(s); 2 family/generic supporting relation(s).	NO
подвнска в мсшине зерколо	UNCLEAR				MEDIUM	0 exact/strong owner(s); 0 family/generic supporting relation(s).	YES
поддвеска славянские	FAMILY_SHARED		1630033296;2183808182		LOW	0 exact/strong owner(s); 2 family/generic supporting relation(s).	NO
подставка близнец	UNCLEAR				MEDIUM	0 exact/strong owner(s); 0 family/generic supporting relation(s).	YES
подушка в машину дева	FAMILY_SHARED	2186843798;2186865070		2186843798;2186865070	HIGH	2 exact/strong owner(s); 0 family/generic supporting relation(s).	YES
полвеска телец	SKU_SPECIFIC	1720161841			LOW	1 exact/strong owner(s); 0 family/generic supporting relation(s).	NO
посуда хорс	SKU_SPECIFIC	2184168890			LOW	1 exact/strong owner(s); 0 family/generic supporting relation(s).	NO
прикол в машину талисман	FAMILY_SHARED		2186865070		LOW	0 exact/strong owner(s); 1 family/generic supporting relation(s).	NO
прикольная талисман подвеска на зеркало в машину для машины в салон	FAMILY_SHARED		2271246783		LOW	0 exact/strong owner(s); 1 family/generic supporting relation(s).	NO
провославный оберег в машину	FAMILY_SHARED		2326866320		LOW	0 exact/strong owner(s); 1 family/generic supporting relation(s).	NO
путник оберег	FAMILY_SHARED		2183808182		LOW	0 exact/strong owner(s); 1 family/generic supporting relation(s).	NO
пушистая игрушка в машину на зеркало котенок	FAMILY_SHARED		1640264403		LOW	0 exact/strong owner(s); 1 family/generic supporting relation(s).	NO
рак	FAMILY_SHARED	1720153914;2186796339;2271262133		1720153914;2186796339;2271262133	HIGH	3 exact/strong owner(s); 0 family/generic supporting relation(s).	YES
рак на присоске в машину	SKU_SPECIFIC	2271262133			LOW	1 exact/strong owner(s); 0 family/generic supporting relation(s).	NO
рака ловки	UNCLEAR				MEDIUM	0 exact/strong owner(s); 0 family/generic supporting relation(s).	YES
раки	UNCLEAR				MEDIUM	0 exact/strong owner(s); 0 family/generic supporting relation(s).	YES
распродажа	UNCLEAR				MEDIUM	0 exact/strong owner(s); 0 family/generic supporting relation(s).	YES
расческа стрелец	SKU_SPECIFIC	2271285786			LOW	1 exact/strong owner(s); 0 family/generic supporting relation(s).	NO
россия белоруссия флаг на присоске в машину	UNCLEAR				MEDIUM	0 exact/strong owner(s); 0 family/generic supporting relation(s).	YES
руна гунгнира футболка	UNCLEAR				MEDIUM	0 exact/strong owner(s); 0 family/generic supporting relation(s).	YES
руна крест	EXCLUDED				LOW	0 exact/strong owner(s); 0 family/generic supporting relation(s).	NO
руна подвеска	FAMILY_SHARED		2186850644		LOW	0 exact/strong owner(s); 1 family/generic supporting relation(s).	NO
рунический амулет	SKU_SPECIFIC	1602722942			LOW	1 exact/strong owner(s); 0 family/generic supporting relation(s).	NO
руны	UNCLEAR				MEDIUM	0 exact/strong owner(s); 0 family/generic supporting relation(s).	YES
руны амулет защита	STORE_GENERIC		1611643847;1630033296		LOW	0 exact/strong owner(s); 2 family/generic supporting relation(s).	NO
руны в машину	FAMILY_SHARED		2184234912;2559437928		LOW	0 exact/strong owner(s); 2 family/generic supporting relation(s).	NO
руны обкрег	UNCLEAR				MEDIUM	0 exact/strong owner(s); 0 family/generic supporting relation(s).	YES
руны подвеска	FAMILY_SHARED		1640330072		LOW	0 exact/strong owner(s); 1 family/generic supporting relation(s).	NO
руны подвеска в машину	STORE_GENERIC		1611695246;1623753672;1640334195		LOW	0 exact/strong owner(s); 3 family/generic supporting relation(s).	NO
руны подвеска дерево в машину на защиту	FAMILY_SHARED		1602722942		LOW	0 exact/strong owner(s); 1 family/generic supporting relation(s).	NO
руны славянские	FAMILY_SHARED		1630033296;1636048691;1640276582;1640330072;1842444165		LOW	0 exact/strong owner(s); 5 family/generic supporting relation(s).	NO
руны славянские бусины	FAMILY_SHARED		1640334195		LOW	0 exact/strong owner(s); 1 family/generic supporting relation(s).	NO
русич	UNCLEAR				MEDIUM	0 exact/strong owner(s); 0 family/generic supporting relation(s).	YES
русская подвескс	FAMILY_SHARED		2559817779		LOW	0 exact/strong owner(s); 1 family/generic supporting relation(s).	NO
русские обереги	STORE_GENERIC		1630040194;2184153852;2271219774		LOW	0 exact/strong owner(s); 3 family/generic supporting relation(s).	NO
рыба	UNCLEAR				MEDIUM	0 exact/strong owner(s); 0 family/generic supporting relation(s).	YES
рыбий глаз зеркало на столб	FAMILY_SHARED		1720155616		LOW	0 exact/strong owner(s); 1 family/generic supporting relation(s).	NO
рыбы	SKU_SPECIFIC	1720155616			LOW	1 exact/strong owner(s); 0 family/generic supporting relation(s).	NO
с зеркалом оберег	FAMILY_SHARED		2186850644		LOW	0 exact/strong owner(s); 1 family/generic supporting relation(s).	NO
с рунами на зеркало в машину	FAMILY_SHARED		1720151850		LOW	0 exact/strong owner(s); 1 family/generic supporting relation(s).	NO
самурай	UNCLEAR				MEDIUM	0 exact/strong owner(s); 0 family/generic supporting relation(s).	YES
самурайские аксессуары	FAMILY_SHARED		1602715556		LOW	0 exact/strong owner(s); 1 family/generic supporting relation(s).	NO
самурайский оберег	FAMILY_SHARED		1602715556		LOW	0 exact/strong owner(s); 1 family/generic supporting relation(s).	NO
самурайский стиль	UNCLEAR				MEDIUM	0 exact/strong owner(s); 0 family/generic supporting relation(s).	YES
самурая на голову	UNCLEAR				MEDIUM	0 exact/strong owner(s); 0 family/generic supporting relation(s).	YES
сварог зн	EXCLUDED				LOW	0 exact/strong owner(s); 0 family/generic supporting relation(s).	NO
сварог оберег	EXCLUDED				LOW	0 exact/strong owner(s); 0 family/generic supporting relation(s).	NO
сварог оберег в машину	EXCLUDED				LOW	0 exact/strong owner(s); 0 family/generic supporting relation(s).	NO
сварог подвеска	EXCLUDED				LOW	0 exact/strong owner(s); 0 family/generic supporting relation(s).	NO
сварочник сварог	EXCLUDED				LOW	0 exact/strong owner(s); 0 family/generic supporting relation(s).	NO
свеча для знака близнецы	SKU_SPECIFIC	1720131759			LOW	1 exact/strong owner(s); 0 family/generic supporting relation(s).	NO
свеча перун	SKU_SPECIFIC	2183985513			LOW	1 exact/strong owner(s); 0 family/generic supporting relation(s).	NO
семагл	UNCLEAR				MEDIUM	0 exact/strong owner(s); 0 family/generic supporting relation(s).	YES
семейный оберег	FAMILY_SHARED		1640334195		LOW	0 exact/strong owner(s); 1 family/generic supporting relation(s).	NO
семейный очаг песок	UNCLEAR				MEDIUM	0 exact/strong owner(s); 0 family/generic supporting relation(s).	YES
семургл	UNCLEAR				MEDIUM	0 exact/strong owner(s); 0 family/generic supporting relation(s).	YES
сережки телец	SKU_SPECIFIC	2271292556			LOW	1 exact/strong owner(s); 0 family/generic supporting relation(s).	NO
серьги с козерогом	UNCLEAR				MEDIUM	0 exact/strong owner(s); 0 family/generic supporting relation(s).	YES
сила	UNCLEAR				MEDIUM	0 exact/strong owner(s); 0 family/generic supporting relation(s).	YES
символ славянский	FAMILY_SHARED		1640326230		LOW	0 exact/strong owner(s); 1 family/generic supporting relation(s).	NO
символ хорса	UNCLEAR				MEDIUM	0 exact/strong owner(s); 0 family/generic supporting relation(s).	YES
символ чернобог	EXCLUDED				LOW	0 exact/strong owner(s); 0 family/generic supporting relation(s).	NO
сито для муки	UNCLEAR				MEDIUM	0 exact/strong owner(s); 0 family/generic supporting relation(s).	YES
сихлы в машину	FAMILY_SHARED		1611695246		LOW	0 exact/strong owner(s); 1 family/generic supporting relation(s).	NO
скандинавский оберег на зеркало в машину	FAMILY_SHARED		1602722942		LOW	0 exact/strong owner(s); 1 family/generic supporting relation(s).	NO
сковорода гугнир	UNCLEAR				MEDIUM	0 exact/strong owner(s); 0 family/generic supporting relation(s).	YES
скорпион	FAMILY_SHARED	1720160556;2186836116;2271275793		1720160556;2186836116;2271275793	HIGH	3 exact/strong owner(s); 0 family/generic supporting relation(s).	YES
скорпион оберег	SKU_SPECIFIC	2271275793			LOW	1 exact/strong owner(s); 0 family/generic supporting relation(s).	NO
скорпион подвеска	FAMILY_SHARED	1720160556;2271275793		1720160556;2271275793	HIGH	2 exact/strong owner(s); 0 family/generic supporting relation(s).	YES
скрепка на авто козерог	SKU_SPECIFIC	2271246783			LOW	1 exact/strong owner(s); 0 family/generic supporting relation(s).	NO
скутер скорпион зеркало	SKU_SPECIFIC	2186836116			LOW	1 exact/strong owner(s); 0 family/generic supporting relation(s).	NO
славяне оберег	FAMILY_SHARED		1640326230		LOW	0 exact/strong owner(s); 1 family/generic supporting relation(s).	NO
славянкая защита	FAMILY_SHARED		1640326230		LOW	0 exact/strong owner(s); 1 family/generic supporting relation(s).	NO
славянская подвеска	FAMILY_SHARED		1640326205;2184153852		LOW	0 exact/strong owner(s); 2 family/generic supporting relation(s).	NO
славянская подвеска оберег	FAMILY_SHARED		1640264403;1842444165		LOW	0 exact/strong owner(s); 2 family/generic supporting relation(s).	NO
славянские	FAMILY_SHARED		1630033296;1636041142;1636048691;2183808182;2184168890;2184932293		LOW	0 exact/strong owner(s); 6 family/generic supporting relation(s).	NO
славянские аксессуары	FAMILY_SHARED		1640330072		LOW	0 exact/strong owner(s); 1 family/generic supporting relation(s).	NO
славянские амулеты обереги	FAMILY_SHARED		2184234912		LOW	0 exact/strong owner(s); 1 family/generic supporting relation(s).	NO
славянские боги дерево	FAMILY_SHARED		2184098058		LOW	0 exact/strong owner(s); 1 family/generic supporting relation(s).	NO
славянские боги и богини	FAMILY_SHARED		2183808182		LOW	0 exact/strong owner(s); 1 family/generic supporting relation(s).	NO
славянские оберег	EXCLUDED				LOW	0 exact/strong owner(s); 0 family/generic supporting relation(s).	NO
славянские оберег чернобог для мужчин	EXCLUDED				LOW	0 exact/strong owner(s); 0 family/generic supporting relation(s).	NO
славянские обереги	FAMILY_SHARED		1630033296;1630040194;1636041142;1640251697;1640264403;1640276582;1640306007;1640326205;1640326230;1640330072;1640334195;1640337426;1842444165;2183808182;2183921966;2183985513;2184098058;2184133137;2184153852;2184168890;2184199958;2184234912;2184932293;2559437928		LOW	0 exact/strong owner(s); 24 family/generic supporting relation(s).	NO
славянские обереги в машину	FAMILY_SHARED		2184168890		LOW	0 exact/strong owner(s); 1 family/generic supporting relation(s).	NO
славянские обереги в машину для мужчин	FAMILY_SHARED		1630033296		LOW	0 exact/strong owner(s); 1 family/generic supporting relation(s).	NO
славянские обереги для мужчин	FAMILY_SHARED		1636048691;1842444165;2184932293		LOW	0 exact/strong owner(s); 3 family/generic supporting relation(s).	NO
славянские обереги знич	SKU_SPECIFIC	1640326230			LOW	1 exact/strong owner(s); 0 family/generic supporting relation(s).	NO
славянские обереги мужские	FAMILY_SHARED		1630033296;1630040194;1636041142;1640334195;1842444165;2183921966		LOW	0 exact/strong owner(s); 6 family/generic supporting relation(s).	NO
славянские обереги мужские в машину	FAMILY_SHARED		2184153852		LOW	0 exact/strong owner(s); 1 family/generic supporting relation(s).	NO
славянские обереги мужские в машину на зеркало	EXCLUDED				LOW	0 exact/strong owner(s); 0 family/generic supporting relation(s).	NO
славянские обереги мужские на шею	FAMILY_SHARED		1640251697		LOW	0 exact/strong owner(s); 1 family/generic supporting relation(s).	NO
славянские обереги на шею	FAMILY_SHARED		2184234912;2184932293		LOW	0 exact/strong owner(s); 2 family/generic supporting relation(s).	NO
славянские обереги набор	FAMILY_SHARED		2183808182		LOW	0 exact/strong owner(s); 1 family/generic supporting relation(s).	NO
славянские руны	FAMILY_SHARED		1630033296;1640306007;1640330072;1640337426		LOW	0 exact/strong owner(s); 4 family/generic supporting relation(s).	NO
славянские руны для четок	FAMILY_SHARED		1842444165		LOW	0 exact/strong owner(s); 1 family/generic supporting relation(s).	NO
славянские руны подвеска	FAMILY_SHARED		1640326230		LOW	0 exact/strong owner(s); 1 family/generic supporting relation(s).	NO
славянские смулетв жива	SKU_SPECIFIC	2183808182			LOW	1 exact/strong owner(s); 0 family/generic supporting relation(s).	NO
славянские талисманы	FAMILY_SHARED		2184199958		LOW	0 exact/strong owner(s); 1 family/generic supporting relation(s).	NO
славянские традиции	FAMILY_SHARED		2183985513		LOW	0 exact/strong owner(s); 1 family/generic supporting relation(s).	NO
славянские украшения	FAMILY_SHARED		1630033296;1630040194;1636041142;1640264403;1640330072;1640334195;1640337426;2183808182;2184098058;2184133137;2184168890;2184199958;2559437928		LOW	0 exact/strong owner(s); 13 family/generic supporting relation(s).	NO
славянские четки	FAMILY_SHARED		1636041142		LOW	0 exact/strong owner(s); 1 family/generic supporting relation(s).	NO
славянские чуры	FAMILY_SHARED		1640264403		LOW	0 exact/strong owner(s); 1 family/generic supporting relation(s).	NO
славянскиеобереги	FAMILY_SHARED		1630040194;1636041142;1640251697;1640276582;1640326230;1640334195;2183808182;2183985513;2184098058;2184153852;2184199958;2184234912		LOW	0 exact/strong owner(s); 12 family/generic supporting relation(s).	NO
славянский	FAMILY_SHARED		1640334195;2183985513;2184098058;2184153852;2184168890		LOW	0 exact/strong owner(s); 5 family/generic supporting relation(s).	NO
славянский амулет	EXCLUDED				LOW	0 exact/strong owner(s); 0 family/generic supporting relation(s).	NO
славянский бог	FAMILY_SHARED		1640337426;2184168890		LOW	0 exact/strong owner(s); 2 family/generic supporting relation(s).	NO
славянский бог семаргл магнит на холодильник	SKU_SPECIFIC	2184153852			LOW	1 exact/strong owner(s); 0 family/generic supporting relation(s).	NO
славянский колядыдар	FAMILY_SHARED		1640326205		LOW	0 exact/strong owner(s); 1 family/generic supporting relation(s).	NO
славянский крес	FAMILY_SHARED		1640334195		LOW	0 exact/strong owner(s); 1 family/generic supporting relation(s).	NO
славянский крест	EXCLUDED				LOW	0 exact/strong owner(s); 0 family/generic supporting relation(s).	NO
славянский оберег	FAMILY_SHARED		1630033296;1630040194;1636041142;1636048691;1640276582;1640306007;1640326205;1640334195;1640337426;1842444165;2183808182;2183921966;2183985513;2184098058;2184133137;2184153852;2184168890;2184199958;2184234912;2184932293;2559437928		LOW	0 exact/strong owner(s); 21 family/generic supporting relation(s).	NO
славянский оберег в машину	FAMILY_SHARED		1630040194;1636048691;2559437928		LOW	0 exact/strong owner(s); 3 family/generic supporting relation(s).	NO
славянский оберег в машину на зеркало	FAMILY_SHARED		1640306007;2184153852		LOW	0 exact/strong owner(s); 2 family/generic supporting relation(s).	NO
славянский оберег в машину с	FAMILY_SHARED		1640334195		LOW	0 exact/strong owner(s); 1 family/generic supporting relation(s).	NO
славянский оберег велес	EXCLUDED				LOW	0 exact/strong owner(s); 0 family/generic supporting relation(s).	NO
славянский оберег война	FAMILY_SHARED		1640326230		LOW	0 exact/strong owner(s); 1 family/generic supporting relation(s).	NO
славянский оберег для волос	FAMILY_SHARED		1640326230		LOW	0 exact/strong owner(s); 1 family/generic supporting relation(s).	NO
славянский оберег для ключей дома	FAMILY_SHARED		2559437928		LOW	0 exact/strong owner(s); 1 family/generic supporting relation(s).	NO
славянский оберег для машины	FAMILY_SHARED		1636048691		LOW	0 exact/strong owner(s); 1 family/generic supporting relation(s).	NO
славянский оберег для мужчин	FAMILY_SHARED		1636041142		LOW	0 exact/strong owner(s); 1 family/generic supporting relation(s).	NO
славянский оберег женский	FAMILY_SHARED		2183921966		LOW	0 exact/strong owner(s); 1 family/generic supporting relation(s).	NO
славянский оберег из дерева	FAMILY_SHARED		1630040194;1636041142;1640306007;2183808182		LOW	0 exact/strong owner(s); 4 family/generic supporting relation(s).	NO
славянский оберег колядник	SKU_SPECIFIC	1640326205			LOW	1 exact/strong owner(s); 0 family/generic supporting relation(s).	NO
славянский оберег мужской	FAMILY_SHARED		1640326205		LOW	0 exact/strong owner(s); 1 family/generic supporting relation(s).	NO
славянский оберег мужской в автомобиль на зеркало алатырь	SKU_SPECIFIC	1640251697			LOW	1 exact/strong owner(s); 0 family/generic supporting relation(s).	NO
славянский оберег мужской в машину	FAMILY_SHARED		2559437928		LOW	0 exact/strong owner(s); 1 family/generic supporting relation(s).	NO
славянский оберег на зеркало автомобиля	FAMILY_SHARED		1636048691		LOW	0 exact/strong owner(s); 1 family/generic supporting relation(s).	NO
славянский оберег от сглаза для ребенка	FAMILY_SHARED		1640251697		LOW	0 exact/strong owner(s); 1 family/generic supporting relation(s).	NO
славянский оберег подвеска	FAMILY_SHARED		1630040194;1640306007;2183808182		LOW	0 exact/strong owner(s); 3 family/generic supporting relation(s).	NO
славянский оберег подвеска солнце	FAMILY_SHARED		1640251697		LOW	0 exact/strong owner(s); 1 family/generic supporting relation(s).	NO
славянский оберег путник в машину	FAMILY_SHARED		1640330072		LOW	0 exact/strong owner(s); 1 family/generic supporting relation(s).	NO
славянский оберег род	FAMILY_SHARED		2184133137		LOW	0 exact/strong owner(s); 1 family/generic supporting relation(s).	NO
славянский оберег чур	FAMILY_SHARED		2183808182		LOW	0 exact/strong owner(s); 1 family/generic supporting relation(s).	NO
славянский омулет в машину	FAMILY_SHARED		1640334195		LOW	0 exact/strong owner(s); 1 family/generic supporting relation(s).	NO
славянский талисман подвеска	FAMILY_SHARED		2184098058		LOW	0 exact/strong owner(s); 1 family/generic supporting relation(s).	NO
славянский умулет в авто	FAMILY_SHARED		1636041142		LOW	0 exact/strong owner(s); 1 family/generic supporting relation(s).	NO
славянское	FAMILY_SHARED		1630033296;1640276582		LOW	0 exact/strong owner(s); 2 family/generic supporting relation(s).	NO
славянское солнце	FAMILY_SHARED		2184932293		LOW	0 exact/strong owner(s); 1 family/generic supporting relation(s).	NO
славянскте обереги от сглаза	FAMILY_SHARED		1630033296		LOW	0 exact/strong owner(s); 1 family/generic supporting relation(s).	NO
спаси и сохрани в машину с подсветкой	SKU_SPECIFIC	2326866320			LOW	1 exact/strong owner(s); 0 family/generic supporting relation(s).	NO
стильная подвеска в машину на зеркало	FAMILY_SHARED		1640276582		LOW	0 exact/strong owner(s); 1 family/generic supporting relation(s).	NO
стрелец	FAMILY_SHARED	1720124782;2186839757;2271285786		1720124782;2186839757;2271285786	HIGH	3 exact/strong owner(s); 0 family/generic supporting relation(s).	YES
стрелец подвеска на машину ключ	SKU_SPECIFIC	2186839757			LOW	1 exact/strong owner(s); 0 family/generic supporting relation(s).	NO
сувенир коза	UNCLEAR				MEDIUM	0 exact/strong owner(s); 0 family/generic supporting relation(s).	YES
сувенир подвеска в машину скорпион	SKU_SPECIFIC	2186836116			LOW	1 exact/strong owner(s); 0 family/generic supporting relation(s).	NO
сувенирная хоккейная майка на зеркало в машину	FAMILY_SHARED		2186852750		LOW	0 exact/strong owner(s); 1 family/generic supporting relation(s).	NO
талесман для рака	UNCLEAR				MEDIUM	0 exact/strong owner(s); 0 family/generic supporting relation(s).	YES
талимсаны	UNCLEAR				MEDIUM	0 exact/strong owner(s); 0 family/generic supporting relation(s).	YES
талисман	STORE_GENERIC		1602715556;1602717077;1602722942;1611695246;1623753672;1629493686;1636048691;1640334195;2186766628;2186796339;2186836116;2186839757;2186848313;2186850644;2186852750;2186856503;2186857668;2186865070;2271210394;2271219774;2271234726;2271240621;2271262133;2271270261;2271275793;2271285786;2271292556;2559437928;2559748332		LOW	0 exact/strong owner(s); 29 family/generic supporting relation(s).	NO
талисман - подвеска на зеркало в машину. знак зодиака	FAMILY_SHARED		1720141903		LOW	0 exact/strong owner(s); 1 family/generic supporting relation(s).	NO
"талисман - подвеска на зеркало в машину. знак зодиака ""овен"	EXCLUDED				LOW	0 exact/strong owner(s); 0 family/generic supporting relation(s).	NO
талисман в автомобиль	FAMILY_SHARED		2326866320		LOW	0 exact/strong owner(s); 1 family/generic supporting relation(s).	NO
талисман в иашину стрелец	SKU_SPECIFIC	1720124782			LOW	1 exact/strong owner(s); 0 family/generic supporting relation(s).	NO
талисман в машину	FAMILY_SHARED		1640264403		LOW	0 exact/strong owner(s); 1 family/generic supporting relation(s).	NO
талисман в машину дева	SKU_SPECIFIC	2271240621			LOW	1 exact/strong owner(s); 0 family/generic supporting relation(s).	NO
талисман в машину женский	STORE_GENERIC		2186796339;2186802133;2271210394;2559748332		LOW	0 exact/strong owner(s); 4 family/generic supporting relation(s).	NO
талисман в машину иконка близнецов	UNCLEAR				MEDIUM	0 exact/strong owner(s); 0 family/generic supporting relation(s).	YES
талисман в машину красивый на зеркало	FAMILY_SHARED		1720153914		LOW	0 exact/strong owner(s); 1 family/generic supporting relation(s).	NO
талисман в машину мужской	STORE_GENERIC		1720144370;2559748332		LOW	0 exact/strong owner(s); 2 family/generic supporting relation(s).	NO
талисман в машину на зеркало	STORE_GENERIC		1640330072;1640337426;2186796339;2271210394		LOW	0 exact/strong owner(s); 4 family/generic supporting relation(s).	NO
талисман дева	FAMILY_SHARED	1720144370;2186865070		1720144370;2186865070	HIGH	2 exact/strong owner(s); 0 family/generic supporting relation(s).	YES
талисман для девы мужской	FAMILY_SHARED		2186865070		LOW	0 exact/strong owner(s); 1 family/generic supporting relation(s).	NO
талисман зеркало	FAMILY_SHARED		1636041142		LOW	0 exact/strong owner(s); 1 family/generic supporting relation(s).	NO
талисман из дерева	FAMILY_SHARED		1602715556		LOW	0 exact/strong owner(s); 1 family/generic supporting relation(s).	NO
талисман маска для знака зодиака близнецы	SKU_SPECIFIC	1720131759			LOW	1 exact/strong owner(s); 0 family/generic supporting relation(s).	NO
талисман машина	FAMILY_SHARED		2186802133		LOW	0 exact/strong owner(s); 1 family/generic supporting relation(s).	NO
талисман мужской на шею	FAMILY_SHARED		2271275793		LOW	0 exact/strong owner(s); 1 family/generic supporting relation(s).	NO
талисман на любовь	FAMILY_SHARED		1623753672		LOW	0 exact/strong owner(s); 1 family/generic supporting relation(s).	NO
талисман на удачу для автомобиля	FAMILY_SHARED		2271219774		LOW	0 exact/strong owner(s); 1 family/generic supporting relation(s).	NO
талисман на шею мужской	FAMILY_SHARED		2186848313		LOW	0 exact/strong owner(s); 1 family/generic supporting relation(s).	NO
талисман оберег деревянный	FAMILY_SHARED		1640326230		LOW	0 exact/strong owner(s); 1 family/generic supporting relation(s).	NO
талисман овен в машину мужской	SKU_SPECIFIC	2186850644			LOW	1 exact/strong owner(s); 0 family/generic supporting relation(s).	NO
талисман овен мужской в машину	SKU_SPECIFIC	2186850644			LOW	1 exact/strong owner(s); 0 family/generic supporting relation(s).	NO
талисман овна	FAMILY_SHARED		1720148880		LOW	0 exact/strong owner(s); 1 family/generic supporting relation(s).	NO
талисман от сглаза в машину	FAMILY_SHARED		1636048691		LOW	0 exact/strong owner(s); 1 family/generic supporting relation(s).	NO
талисман от сглаза в машину на зеркало	FAMILY_SHARED		1629553898		LOW	0 exact/strong owner(s); 1 family/generic supporting relation(s).	NO
талисман от сглаза и порчи	FAMILY_SHARED		2326866320		LOW	0 exact/strong owner(s); 1 family/generic supporting relation(s).	NO
талисман подвеска	FAMILY_SHARED		1720148880		LOW	0 exact/strong owner(s); 1 family/generic supporting relation(s).	NO
талисман подвеска в машину	FAMILY_SHARED		1623753672		LOW	0 exact/strong owner(s); 1 family/generic supporting relation(s).	NO
талисман подвеска в машину плетеный	FAMILY_SHARED		1720153914		LOW	0 exact/strong owner(s); 1 family/generic supporting relation(s).	NO
талисман подвеска весы	SKU_SPECIFIC	2271219774			LOW	1 exact/strong owner(s); 0 family/generic supporting relation(s).	NO
талисман предков	FAMILY_SHARED		2184168890		LOW	0 exact/strong owner(s); 1 family/generic supporting relation(s).	NO
талисман скорпион	EXCLUDED				LOW	0 exact/strong owner(s); 0 family/generic supporting relation(s).	NO
талисман скорпион подвеска в авто	SKU_SPECIFIC	1720160556			LOW	1 exact/strong owner(s); 0 family/generic supporting relation(s).	NO
талисман стрельца	FAMILY_SHARED		2271285786		LOW	0 exact/strong owner(s); 1 family/generic supporting relation(s).	NO
талисман японский	FAMILY_SHARED		1602715556		LOW	0 exact/strong owner(s); 1 family/generic supporting relation(s).	NO
талисманудачи	FAMILY_SHARED		2559748332		LOW	0 exact/strong owner(s); 1 family/generic supporting relation(s).	NO
талисманы	STORE_GENERIC		1611643847;1636048691		LOW	0 exact/strong owner(s); 2 family/generic supporting relation(s).	NO
талисманы и обереги	STORE_GENERIC		1602717077;1720131759;1720147059;2184234912		LOW	0 exact/strong owner(s); 4 family/generic supporting relation(s).	NO
тарелка козерог	SKU_SPECIFIC	2186852750			LOW	1 exact/strong owner(s); 0 family/generic supporting relation(s).	NO
телец	FAMILY_SHARED	1720161841;2186766628;2271292556		1720161841;2186766628;2271292556	HIGH	3 exact/strong owner(s); 0 family/generic supporting relation(s).	YES
телец знакзодиака на стену	SKU_SPECIFIC	2271292556			LOW	1 exact/strong owner(s); 0 family/generic supporting relation(s).	NO
телец значок	SKU_SPECIFIC	2186766628			LOW	1 exact/strong owner(s); 0 family/generic supporting relation(s).	NO
телец колье	SKU_SPECIFIC	2271292556			LOW	1 exact/strong owner(s); 0 family/generic supporting relation(s).	NO
телец подвеска в маш	SKU_SPECIFIC	1720161841			LOW	1 exact/strong owner(s); 0 family/generic supporting relation(s).	NO
термоаппликация славянская	FAMILY_SHARED		1640334195		LOW	0 exact/strong owner(s); 1 family/generic supporting relation(s).	NO
термонаклейка блищнецы	UNCLEAR				MEDIUM	0 exact/strong owner(s); 0 family/generic supporting relation(s).	YES
толисман подвеска на зеркало машины знак зодиака	FAMILY_SHARED		1720161841;2186839757		LOW	0 exact/strong owner(s); 2 family/generic supporting relation(s).	NO
толстовка велес	EXCLUDED				LOW	0 exact/strong owner(s); 0 family/generic supporting relation(s).	NO
трафарет стрелец знак зодиака для топора	SKU_SPECIFIC	2271285786			LOW	1 exact/strong owner(s); 0 family/generic supporting relation(s).	NO
трафарет узел валькнутв	SKU_SPECIFIC	1611695246			LOW	1 exact/strong owner(s); 0 family/generic supporting relation(s).	NO
триглав	SKU_SPECIFIC	1640264403			LOW	1 exact/strong owner(s); 0 family/generic supporting relation(s).	NO
узел анама кара подвеска	SKU_SPECIFIC	1611695246			LOW	1 exact/strong owner(s); 0 family/generic supporting relation(s).	NO
узел оберег	EXCLUDED				LOW	0 exact/strong owner(s); 0 family/generic supporting relation(s).	NO
узел подвеска в машину	SKU_SPECIFIC	1611695246			LOW	1 exact/strong owner(s); 0 family/generic supporting relation(s).	NO
украшение автомобиля на зеркало	STORE_GENERIC		2184098058;2186850644		LOW	0 exact/strong owner(s); 2 family/generic supporting relation(s).	NO
украшение в машину на зеркало знаки зодиака	FAMILY_SHARED		2186802133;2271270261		LOW	0 exact/strong owner(s); 2 family/generic supporting relation(s).	NO
украшение в машину на зеркало оберег	FAMILY_SHARED		2184932293		LOW	0 exact/strong owner(s); 1 family/generic supporting relation(s).	NO
украшение в машину на зеркало подвеска	FAMILY_SHARED		2184234912		LOW	0 exact/strong owner(s); 1 family/generic supporting relation(s).	NO
украшение на зеркало автомобиля знаки зодиака	FAMILY_SHARED		2186839757		LOW	0 exact/strong owner(s); 1 family/generic supporting relation(s).	NO
украшение подвеска в машину	FAMILY_SHARED		1640334195		LOW	0 exact/strong owner(s); 1 family/generic supporting relation(s).	NO
украшение подвеска на зеркало автомобиля	FAMILY_SHARED		2186836116		LOW	0 exact/strong owner(s); 1 family/generic supporting relation(s).	NO
украшения на зеркало автомобиля автомобилист	FAMILY_SHARED		1623753672		LOW	0 exact/strong owner(s); 1 family/generic supporting relation(s).	NO
украшения обереги	FAMILY_SHARED		2186852750;2186856503		LOW	0 exact/strong owner(s); 2 family/generic supporting relation(s).	NO
украшения предков	FAMILY_SHARED		2183808182		LOW	0 exact/strong owner(s); 1 family/generic supporting relation(s).	NO
украшения я в машину в салон	FAMILY_SHARED		1629493686		LOW	0 exact/strong owner(s); 1 family/generic supporting relation(s).	NO
фигурка в машину дева	FAMILY_SHARED	2186843798;2186865070		2186843798;2186865070	HIGH	2 exact/strong owner(s); 0 family/generic supporting relation(s).	YES
флаг гугнир	UNCLEAR				MEDIUM	0 exact/strong owner(s); 0 family/generic supporting relation(s).	YES
флаги россии маленькие на присоске в машину	SKU_SPECIFIC	2559817779			LOW	1 exact/strong owner(s); 0 family/generic supporting relation(s).	NO
футболка знаки зодиака мужская	FAMILY_SHARED		2271262133		LOW	0 exact/strong owner(s); 1 family/generic supporting relation(s).	NO
хобби	UNCLEAR				MEDIUM	0 exact/strong owner(s); 0 family/generic supporting relation(s).	YES
худи со знаком зодиака	FAMILY_SHARED		2186796339		LOW	0 exact/strong owner(s); 1 family/generic supporting relation(s).	NO
цепочка надежная для кулона	UNCLEAR				MEDIUM	0 exact/strong owner(s); 0 family/generic supporting relation(s).	YES
цепочка славянская	FAMILY_SHARED		1630033296;1640306007;2183985513		LOW	0 exact/strong owner(s); 3 family/generic supporting relation(s).	NO
чепочки в машину	FAMILY_SHARED		1640334195		LOW	0 exact/strong owner(s); 1 family/generic supporting relation(s).	NO
черная магия четки	FAMILY_SHARED		1720153914		LOW	0 exact/strong owner(s); 1 family/generic supporting relation(s).	NO
чернобог	SKU_SPECIFIC	1630040194			LOW	1 exact/strong owner(s); 0 family/generic supporting relation(s).	NO
чернобог амулет метал	EXCLUDED				LOW	0 exact/strong owner(s); 0 family/generic supporting relation(s).	NO
чернобог подвеска серебро	EXCLUDED				LOW	0 exact/strong owner(s); 0 family/generic supporting relation(s).	NO
четки	STORE_GENERIC		1602715556;1629493686;1720144370		LOW	0 exact/strong owner(s); 3 family/generic supporting relation(s).	NO
четки автомобильные аро	FAMILY_SHARED		2186839757		LOW	0 exact/strong owner(s); 1 family/generic supporting relation(s).	NO
четки автомобильные скандинавские с рунами	FAMILY_SHARED		1611643847		LOW	0 exact/strong owner(s); 1 family/generic supporting relation(s).	NO
четки амулет в машину	FAMILY_SHARED		1636048691		LOW	0 exact/strong owner(s); 1 family/generic supporting relation(s).	NO
четки амулет в машину на удачу	FAMILY_SHARED		2186852750		LOW	0 exact/strong owner(s); 1 family/generic supporting relation(s).	NO
четки аув автомобиль	FAMILY_SHARED		1629493686		LOW	0 exact/strong owner(s); 1 family/generic supporting relation(s).	NO
четки в авто с	FAMILY_SHARED		2271270261		LOW	0 exact/strong owner(s); 1 family/generic supporting relation(s).	NO
четки в автомобиль	STORE_GENERIC		1602715556;1629493686;1629553898;1720131759;1720137256;1720141903;1720144370;1720147059;1720148880;1720151850;1720155616;1720161841;2186766628;2186796339;2186802133;2186839757;2186843798;2186846833;2186848313;2186852750;2186857668;2186865070;2271219774;2271234726;2271246783;2271251938;2271262133;2271285786;2271292556		LOW	0 exact/strong owner(s); 29 family/generic supporting relation(s).	NO
четки в автомобиль водооей	FAMILY_SHARED		1720141903		LOW	0 exact/strong owner(s); 1 family/generic supporting relation(s).	NO
четки в автомобиль на зеркало знак зодиака	FAMILY_SHARED		2186839757		LOW	0 exact/strong owner(s); 1 family/generic supporting relation(s).	NO
четки в автомобиль на зеркало мужские со знаком зодиака	FAMILY_SHARED		1720148880;2271262133		LOW	0 exact/strong owner(s); 2 family/generic supporting relation(s).	NO
четки в автомобиль славянские	FAMILY_SHARED		1636048691		LOW	0 exact/strong owner(s); 1 family/generic supporting relation(s).	NO
четки в автомобиль славянские в машину	FAMILY_SHARED		2559437928		LOW	0 exact/strong owner(s); 1 family/generic supporting relation(s).	NO
четки в виде	FAMILY_SHARED		2186865070		LOW	0 exact/strong owner(s); 1 family/generic supporting relation(s).	NO
четки в круге в машину	FAMILY_SHARED		1623753672		LOW	0 exact/strong owner(s); 1 family/generic supporting relation(s).	NO
четки в машине	FAMILY_SHARED		1640276582		LOW	0 exact/strong owner(s); 1 family/generic supporting relation(s).	NO
четки в машину	STORE_GENERIC		1602715556;1602722942;1611643847;1629493686;1629553898;1636041142;1640326205;1640330072;1720124782;1720131759;1720137256;1720141903;1720144370;1720147059;1720148880;1720151850;1720153914;1720155616;1720160556;1720161841;1943215793;2186766628;2186796339;2186802133;2186836116;2186839757;2186843798;2186846833;2186848313;2186850644;2186852750;2186856503;2186857668;2186865070;2271188511;2271210394;2271219774;2271234726;2271240621;2271246783;2271251938;2271262133;2271270261;2271275793;2271285786;2271292556;2326866320		LOW	0 exact/strong owner(s); 47 family/generic supporting relation(s).	NO
четки в машину женские	FAMILY_SHARED		2186865070		LOW	0 exact/strong owner(s); 1 family/generic supporting relation(s).	NO
четки в машину и аро	FAMILY_SHARED		2186839757		LOW	0 exact/strong owner(s); 1 family/generic supporting relation(s).	NO
четки в машину козерог	SKU_SPECIFIC	1720147059			LOW	1 exact/strong owner(s); 0 family/generic supporting relation(s).	NO
четки в машину на зеркало	STORE_GENERIC		1602715556;1629493686;1629553898;1640264403;1640326230;1720124782;1720137256;1720144370;1720148880;1720153914;1720155616;2186796339;2186802133;2186836116;2186839757;2186846833;2186848313;2271210394;2271219774;2271285786;2271292556		LOW	0 exact/strong owner(s); 21 family/generic supporting relation(s).	NO
четки в машину на зеркало красные	FAMILY_SHARED		1640276582		LOW	0 exact/strong owner(s); 1 family/generic supporting relation(s).	NO
четки в машину от сглаза	FAMILY_SHARED		1720155616		LOW	0 exact/strong owner(s); 1 family/generic supporting relation(s).	NO
четки в машину руч	FAMILY_SHARED		1842444165		LOW	0 exact/strong owner(s); 1 family/generic supporting relation(s).	NO
четки в машину скорпион.из китая	SKU_SPECIFIC	2186836116			LOW	1 exact/strong owner(s); 0 family/generic supporting relation(s).	NO
четки в машину славянские	FAMILY_SHARED		1640337426		LOW	0 exact/strong owner(s); 1 family/generic supporting relation(s).	NO
четки в машину славянские обереги	FAMILY_SHARED		1640334195		LOW	0 exact/strong owner(s); 1 family/generic supporting relation(s).	NO
четки в машину со знакам зодиака дева	SKU_SPECIFIC	2271240621			LOW	1 exact/strong owner(s); 0 family/generic supporting relation(s).	NO
четки для знака зодиака лев мужчине в подарочной упаковке	SKU_SPECIFIC	2271188511			LOW	1 exact/strong owner(s); 0 family/generic supporting relation(s).	NO
четки для знака зодиака рыбы	SKU_SPECIFIC	2186848313			LOW	1 exact/strong owner(s); 0 family/generic supporting relation(s).	NO
четки для овна	FAMILY_SHARED		2186850644		LOW	0 exact/strong owner(s); 1 family/generic supporting relation(s).	NO
четки для рыб	FAMILY_SHARED		1720155616		LOW	0 exact/strong owner(s); 1 family/generic supporting relation(s).	NO
четки з	FAMILY_SHARED		1640326230		LOW	0 exact/strong owner(s); 1 family/generic supporting relation(s).	NO
четки и крест	EXCLUDED				LOW	0 exact/strong owner(s); 0 family/generic supporting relation(s).	NO
четки н	FAMILY_SHARED		2186766628;2186796339;2186839757;2271262133;2271292556		LOW	0 exact/strong owner(s); 5 family/generic supporting relation(s).	NO
четки на для знака зодиака рыбы	SKU_SPECIFIC	1720155616			LOW	1 exact/strong owner(s); 0 family/generic supporting relation(s).	NO
четки на зеркало в машину	FAMILY_SHARED		1602715556		LOW	0 exact/strong owner(s); 1 family/generic supporting relation(s).	NO
четки на зеркало в машину знак скорпион	SKU_SPECIFIC	1720160556			LOW	1 exact/strong owner(s); 0 family/generic supporting relation(s).	NO
четки на зеркало с амулетом	FAMILY_SHARED		2271292556		LOW	0 exact/strong owner(s); 1 family/generic supporting relation(s).	NO
четки на машину знак зодиака	FAMILY_SHARED		2271219774;2271292556		LOW	0 exact/strong owner(s); 2 family/generic supporting relation(s).	NO
четки на стекло славянские	FAMILY_SHARED		1640276582		LOW	0 exact/strong owner(s); 1 family/generic supporting relation(s).	NO
четки на шею	FAMILY_SHARED		2186852750		LOW	0 exact/strong owner(s); 1 family/generic supporting relation(s).	NO
четки оберег	FAMILY_SHARED		1640264403		LOW	0 exact/strong owner(s); 1 family/generic supporting relation(s).	NO
четки оберег в машину	FAMILY_SHARED		2186857668		LOW	0 exact/strong owner(s); 1 family/generic supporting relation(s).	NO
четки руна	FAMILY_SHARED		1602722942		LOW	0 exact/strong owner(s); 1 family/generic supporting relation(s).	NO
четки руны	STORE_GENERIC		1640326205;2186848313		LOW	0 exact/strong owner(s); 2 family/generic supporting relation(s).	NO
четки с коловратом	FAMILY_SHARED		1640326205		LOW	0 exact/strong owner(s); 1 family/generic supporting relation(s).	NO
четки с тр	FAMILY_SHARED		2271292556		LOW	0 exact/strong owner(s); 1 family/generic supporting relation(s).	NO
четки славянские	FAMILY_SHARED		1630040194;1636048691;2183985513		LOW	0 exact/strong owner(s); 3 family/generic supporting relation(s).	NO
четки славянские оберег	FAMILY_SHARED		2183808182		LOW	0 exact/strong owner(s); 1 family/generic supporting relation(s).	NO
четки со знаком зодиака	FAMILY_SHARED		2271210394		LOW	0 exact/strong owner(s); 1 family/generic supporting relation(s).	NO
четки со славянской символикой	FAMILY_SHARED		1640334195		LOW	0 exact/strong owner(s); 1 family/generic supporting relation(s).	NO
четки талисман	FAMILY_SHARED		1640334195;2184168890		LOW	0 exact/strong owner(s); 2 family/generic supporting relation(s).	NO
четки телец	SKU_SPECIFIC	2271292556			LOW	1 exact/strong owner(s); 0 family/generic supporting relation(s).	NO
четки языческие	FAMILY_SHARED		1602722942		LOW	0 exact/strong owner(s); 1 family/generic supporting relation(s).	NO
четкм в машину скорпион	EXCLUDED				LOW	0 exact/strong owner(s); 0 family/generic supporting relation(s).	NO
что - то для девы	UNCLEAR				MEDIUM	0 exact/strong owner(s); 0 family/generic supporting relation(s).	YES
чур	UNCLEAR				MEDIUM	0 exact/strong owner(s); 0 family/generic supporting relation(s).	YES
чур амулет	UNCLEAR				MEDIUM	0 exact/strong owner(s); 0 family/generic supporting relation(s).	YES
чур оберег в машину	FAMILY_SHARED		1630033296		LOW	0 exact/strong owner(s); 1 family/generic supporting relation(s).	NO
чур славянский в машину на зеркало	FAMILY_SHARED		1640326230		LOW	0 exact/strong owner(s); 1 family/generic supporting relation(s).	NO
шаманский оберег	FAMILY_SHARED		1611695246		LOW	0 exact/strong owner(s); 1 family/generic supporting relation(s).	NO
шаманское зеркало	FAMILY_SHARED		2183808182		LOW	0 exact/strong owner(s); 1 family/generic supporting relation(s).	NO
шарм подвеска бусина мужская козерог	SKU_SPECIFIC	2271246783			LOW	1 exact/strong owner(s); 0 family/generic supporting relation(s).	NO
шифрондля школы герб россии	SKU_SPECIFIC	2559817779			LOW	1 exact/strong owner(s); 0 family/generic supporting relation(s).	NO
шлем	SKU_SPECIFIC	1602717077			LOW	1 exact/strong owner(s); 0 family/generic supporting relation(s).	NO
шлем брелок на	SKU_SPECIFIC	1602717077			LOW	1 exact/strong owner(s); 0 family/generic supporting relation(s).	NO
шлем ужаса	SKU_SPECIFIC	1602717077			LOW	1 exact/strong owner(s); 0 family/generic supporting relation(s).	NO
шлем ужаса подвеска	SKU_SPECIFIC	1602717077			LOW	1 exact/strong owner(s); 0 family/generic supporting relation(s).	NO
шлем ужаса серебро	SKU_SPECIFIC	1602717077			LOW	1 exact/strong owner(s); 0 family/generic supporting relation(s).	NO
шлем ужаса шарм	SKU_SPECIFIC	1602717077			LOW	1 exact/strong owner(s); 0 family/generic supporting relation(s).	NO
штуки где зеркало в машине в	FAMILY_SHARED		1611643847		LOW	0 exact/strong owner(s); 1 family/generic supporting relation(s).	NO
эзотерика	UNCLEAR				MEDIUM	0 exact/strong owner(s); 0 family/generic supporting relation(s).	YES
эзотерика аксессуары	FAMILY_SHARED		2186846833		LOW	0 exact/strong owner(s); 1 family/generic supporting relation(s).	NO
эзотерика украшения	FAMILY_SHARED		1640251697		LOW	0 exact/strong owner(s); 1 family/generic supporting relation(s).	NO
энергетик	UNCLEAR				MEDIUM	0 exact/strong owner(s); 0 family/generic supporting relation(s).	YES
языческие аксессуары в машину	FAMILY_SHARED		2184932293		LOW	0 exact/strong owner(s); 1 family/generic supporting relation(s).	NO
язычество оберег	FAMILY_SHARED		1611643847		LOW	0 exact/strong owner(s); 1 family/generic supporting relation(s).	NO
язычество обереги на машину	FAMILY_SHARED		1611695246		LOW	0 exact/strong owner(s); 1 family/generic supporting relation(s).	NO
японский оберег в машину	FAMILY_SHARED		2271219774		LOW	0 exact/strong owner(s); 1 family/generic supporting relation(s).	NO
ярость павшего амулет hollow	FAMILY_SHARED		1611695246		LOW	0 exact/strong owner(s); 1 family/generic supporting relation(s).	NO
