sku	product_id	query_normalized	observed_search_users	observed_orders	observed_gmv	observed_slice_count	searches_desc_present	searches_asc_present	gmv_desc_present	gmv_asc_present	relevance_strength	coverage_gap_strength	ownership_clarity	data_confidence	metric_conflict
1602715556	1082852354	авто стиль	1.0	0.0	0.0	1	NO	NO	NO	YES	2	2	1	LOW	NO
1602715556	1082852354	авторская подвеска на зеркало газель	1.0	0.0	0.0	1	NO	NO	YES	NO	2	2	1	LOW	NO
1602715556	1082852354	адыгейски подвески костюмы на машину	1.0	0.0	0.0	1	NO	NO	NO	YES	2	2	1	LOW	NO
1602715556	1082852354	аксессуары для авто самурай	0.0	0.0	0.0	1	NO	YES	NO	NO	2	2	1	LOW	NO
1602715556	1082852354	аксессуары самурая	2.0	0.0	0.0	1	NO	NO	YES	NO	2	2	1	LOW	NO
1602715556	1082852354	амулет бусина	0.0	0.0	0.0	1	NO	YES	NO	NO	2	2	1	LOW	NO
1602715556	1082852354	амулет зеркало магическое	1.0	0.0	0.0	1	NO	NO	NO	YES	2	2	1	LOW	NO
1602715556	1082852354	амулет японский на шею	3.0	0.0	0.0	1	NO	NO	NO	YES	2	2	1	LOW	NO
1602715556	1082852354	амулет японский самурай	1.0	0.0	0.0	1	NO	NO	NO	YES	2	2	1	LOW	NO
1602715556	1082852354	амулеты обереги и талисманы зеркалр	0.0	0.0	0.0	1	NO	YES	NO	NO	2	2	1	LOW	NO
1602715556	1082852354	ароматизатор в машину веселый роджер на зеркало	1.0	0.0	0.0	1	NO	NO	NO	YES	2	2	1	LOW	NO
1602715556	1082852354	боковое зеркало на машину атлант левое	0.0	0.0	0.0	1	NO	YES	NO	NO	2	2	1	LOW	NO
1602715556	1082852354	браслет зеркало оберег	1.0	0.0	0.0	1	NO	NO	YES	NO	2	2	1	LOW	NO
1602715556	1082852354	браслет каловрат	1.0	0.0	0.0	1	NO	NO	NO	YES	0	2	0	LOW	NO
1602715556	1082852354	браслет самурай	1.0	0.0	0.0	1	NO	NO	NO	YES	0	2	0	LOW	NO
1602715556	1082852354	брелок в машину на зеркало пушистики	0.0	0.0	0.0	1	NO	YES	NO	NO	2	2	1	LOW	NO
1602715556	1082852354	брелок в машину на зеркало спартанец	0.0	0.0	0.0	1	NO	YES	NO	NO	2	2	1	LOW	NO
1602715556	1082852354	брелок в машину на зеркало хоккей локомотив	0.0	0.0	0.0	1	NO	YES	NO	NO	2	2	1	LOW	NO
1602715556	1082852354	брелок на зеркало в машину бус	0.0	0.0	0.0	1	NO	YES	NO	NO	2	2	1	LOW	NO
1602715556	1082852354	брелок прапорщик полиции в машину на зеркало	1.0	0.0	0.0	1	NO	NO	YES	NO	2	2	1	LOW	NO
1602715556	1082852354	бусы коловрат	0.0	0.0	0.0	1	NO	YES	NO	NO	0	2	0	LOW	NO
1602715556	1082852354	бусы на зерколо	1.0	0.0	0.0	1	NO	NO	YES	NO	0	2	0	LOW	NO
1602715556	1082852354	бусы японские мужские браслет	0.0	0.0	0.0	1	NO	YES	NO	NO	0	2	0	LOW	NO
1602715556	1082852354	бутсы футбольные на зеркало подвеска	1.0	0.0	0.0	1	NO	NO	YES	NO	2	2	1	LOW	NO
1602715556	1082852354	висюлька на зеркало в машину женская bmv	1.0	0.0	0.0	1	NO	NO	NO	YES	2	2	1	LOW	NO
1602715556	1082852354	вонючка дельфин в машину синяя на зеркало	0.0	0.0	0.0	1	NO	YES	NO	NO	2	2	1	LOW	NO
1602715556	1082852354	герб россии на зеркало деревянный в машину	1.0	0.0	0.0	1	NO	NO	YES	NO	0	0	0	LOW	NO
1602715556	1082852354	демон на машину подвеска на стекло маленькие	0.0	0.0	0.0	1	NO	YES	NO	NO	2	2	1	LOW	NO
1602715556	1082852354	зеркало	23675.0	0.0	0.0	1	YES	NO	NO	NO	2	0	1	LOW	NO
1602715556	1082852354	зеркало иг	0.0	0.0	0.0	1	NO	YES	NO	NO	2	2	1	LOW	NO
1602715556	1082852354	коловрат	1707.0	0.0	0.0	1	YES	NO	NO	NO	0	2	0	LOW	NO
1602715556	1082852354	коловрат подвеска	250.0	0.0	0.0	1	YES	NO	NO	NO	2	2	1	LOW	NO
1602715556	1082852354	красный самурайский	0.0	0.0	0.0	1	NO	YES	NO	NO	0	2	0	LOW	NO
1602715556	1082852354	кулон на зеркало в машину	2.0	0.0	0.0	1	NO	NO	NO	YES	2	2	1	LOW	NO
1602715556	1082852354	машинки с подвеской	3.0	0.0	0.0	1	NO	NO	YES	NO	2	2	1	LOW	NO
1602715556	1082852354	оберег в машину	516.0	0.0	0.0	1	YES	NO	NO	NO	2	0	1	LOW	NO
1602715556	1082852354	оберег в машину мужской	13.0	0.0	0.0	1	NO	NO	NO	YES	2	0	1	LOW	NO
1602715556	1082852354	обереги	172.0	0.0	0.0	1	NO	NO	NO	YES	2	0	1	LOW	NO
1602715556	1082852354	подвеска в машину	3171.0	0.0	0.0	1	YES	NO	NO	NO	2	0	1	LOW	NO
1602715556	1082852354	подвеска в машину на зеркало	1560.0	0.0	0.0	1	YES	NO	NO	NO	2	0	1	LOW	NO
1602715556	1082852354	подвеска в машину обезьяна из дорамы	1.0	0.0	0.0	1	NO	NO	NO	YES	2	2	1	LOW	NO
1602715556	1082852354	подвеска зеркало оберег	11.0	0.0	0.0	1	NO	NO	NO	YES	2	0	1	LOW	NO
1602715556	1082852354	подвеска из дерева в машину	3.0	0.0	0.0	1	NO	NO	YES	NO	2	2	1	LOW	NO
1602715556	1082852354	подвеска на зеркало в машину	1288.0	0.0	0.0	1	YES	NO	NO	NO	2	0	1	LOW	NO
1602715556	1082852354	подвеска руна	66.0	0.0	0.0	1	NO	NO	YES	NO	2	2	1	LOW	NO
1602715556	1082852354	подвески на зеркало	2.0	0.0	0.0	1	NO	NO	YES	NO	2	0	1	LOW	NO
1602715556	1082852354	самурай	2260.0	0.0	0.0	1	YES	NO	NO	NO	0	2	0	LOW	NO
1602715556	1082852354	самурайские аксессуары	2.0	0.0	0.0	1	NO	NO	YES	NO	2	2	1	LOW	NO
1602715556	1082852354	самурайский оберег	0.0	0.0	690.0	1	NO	NO	YES	NO	2	2	1	LOW	NO
1602715556	1082852354	самурайский стиль	2.0	0.0	0.0	1	NO	NO	NO	YES	0	2	0	LOW	NO
1602715556	1082852354	самурая на голову	0.0	0.0	0.0	1	NO	YES	NO	NO	0	2	0	LOW	NO
1602715556	1082852354	талисман	510.0	0.0	0.0	1	YES	NO	NO	NO	2	0	1	LOW	NO
1602715556	1082852354	талисман из дерева	2.0	0.0	0.0	1	NO	NO	YES	NO	2	2	1	LOW	NO
1602715556	1082852354	талисман японский	5.0	0.0	0.0	1	NO	NO	YES	NO	2	2	1	LOW	NO
1602715556	1082852354	четки	23227.0	0.0	0.0	1	YES	NO	NO	NO	2	0	1	LOW	YES
1602715556	1082852354	четки в автомобиль	370.0	0.0	0.0	1	YES	NO	NO	NO	2	0	1	LOW	NO
1602715556	1082852354	четки в машину	3534.0	0.0	0.0	1	YES	NO	NO	NO	2	0	1	LOW	NO
1602715556	1082852354	четки в машину на зеркало	662.0	0.0	0.0	1	YES	NO	NO	NO	2	0	1	LOW	NO
1602715556	1082852354	четки на зеркало в машину	221.0	0.0	0.0	1	YES	NO	NO	NO	2	0	1	LOW	NO
1602717077	1082855228	амулет	1355.0	0.0	0.0	1	YES	NO	NO	NO	2	0	1	LOW	NO
1602717077	1082855228	амулет в автомобиль	8.0	0.0	0.0	1	NO	NO	YES	NO	2	0	1	LOW	NO
1602717077	1082855228	амулет оберег	7.0	0.0	0.0	1	NO	NO	YES	NO	2	0	1	LOW	NO
1602717077	1082855228	амулет подвеска грифон	1.0	0.0	0.0	1	NO	NO	NO	YES	2	2	1	LOW	NO
1602717077	1082855228	амулет подвеска кришна	0.0	0.0	0.0	1	NO	YES	NO	NO	2	2	1	LOW	NO
1602717077	1082855228	амулет руна в машину	1.0	0.0	0.0	1	NO	NO	NO	YES	2	2	1	LOW	NO
1602717077	1082855228	амулеты	139.0	0.0	0.0	1	YES	NO	NO	NO	2	0	1	LOW	NO
1602717077	1082855228	амулеты обереги	179.0	0.0	0.0	1	YES	NO	NO	NO	2	0	1	LOW	NO
1602717077	1082855228	амулеты обереги и талисманы	422.0	0.0	0.0	2	YES	YES	NO	NO	2	0	1	MEDIUM	YES
1602717077	1082855228	атрибуты с российской символикой	1.0	0.0	0.0	1	NO	NO	NO	YES	0	2	0	LOW	NO
1602717077	1082855228	ботвеска в машине	1.0	0.0	0.0	1	NO	NO	NO	YES	2	2	1	LOW	NO
1602717077	1082855228	браслет мужской с шлем ужаса	1.0	0.0	0.0	1	NO	NO	YES	NO	5	1	2	LOW	NO
1602717077	1082855228	браслет шлем ужаса серебро	1.0	0.0	0.0	1	NO	NO	YES	NO	5	1	2	LOW	NO
1602717077	1082855228	брелок на зеркало в машину крест	1.0	0.0	0.0	1	NO	NO	NO	YES	0	0	0	LOW	NO
1602717077	1082855228	брелок на зеркало в машину ссср скилет	1.0	0.0	0.0	1	NO	NO	NO	YES	2	2	1	LOW	NO
1602717077	1082855228	брелок на зеркало в машину фемида	0.0	0.0	0.0	1	NO	YES	NO	NO	2	2	1	LOW	NO
1602717077	1082855228	брелок у машину byd на зерколо	0.0	0.0	0.0	1	NO	YES	NO	NO	2	2	1	LOW	NO
1602717077	1082855228	бусина шлем ужаса	3.0	0.0	0.0	1	NO	NO	YES	NO	5	1	2	LOW	NO
1602717077	1082855228	бусины диаметр 1 см	0.0	0.0	0.0	1	NO	YES	NO	NO	0	2	0	LOW	NO
1602717077	1082855228	бусины для подвески на зеркало в машину	0.0	0.0	0.0	1	NO	YES	NO	NO	2	2	1	LOW	NO
1602717077	1082855228	в машину авулет	0.0	0.0	0.0	1	NO	YES	NO	NO	2	2	1	LOW	NO
1602717077	1082855228	в машину на зеркало	120.0	0.0	810.0	1	NO	NO	YES	NO	2	0	1	LOW	NO
1602717077	1082855228	в машину на зеркало оберег	1.0	0.0	0.0	1	NO	NO	YES	NO	2	0	1	LOW	NO
1602717077	1082855228	зеркало	6856.0	0.0	0.0	1	YES	NO	NO	NO	2	0	1	LOW	NO
1602717077	1082855228	зеркало на шлем	1.0	0.0	0.0	1	NO	NO	YES	NO	5	0	2	LOW	NO
1602717077	1082855228	зеркальный оберег	16.0	0.0	0.0	1	NO	NO	YES	NO	2	2	1	LOW	NO
1602717077	1082855228	зеркальце на шлем	1.0	0.0	0.0	1	NO	NO	NO	YES	5	1	2	LOW	NO
1602717077	1082855228	кому в шлем	0.0	0.0	0.0	1	NO	YES	NO	NO	5	1	2	LOW	NO
1602717077	1082855228	крест а зеркало в машину	0.0	0.0	0.0	1	NO	YES	NO	NO	0	0	0	LOW	NO
1602717077	1082855228	крест деревянны в машину на зеркало	0.0	0.0	0.0	1	NO	YES	NO	NO	0	0	0	LOW	NO
1602717077	1082855228	крест зеркало	1.0	0.0	0.0	1	NO	NO	YES	NO	0	0	0	LOW	NO
1602717077	1082855228	магический амулет , оберег	15.0	0.0	0.0	1	NO	NO	NO	YES	2	2	1	LOW	NO
1602717077	1082855228	на зеркало подвеска автомобиля	1.0	0.0	0.0	1	NO	NO	NO	YES	2	2	1	LOW	NO
1602717077	1082855228	набор	10784.0	0.0	0.0	1	YES	NO	NO	NO	0	0	0	LOW	NO
1602717077	1082855228	оберег в машину	885.0	0.0	0.0	1	YES	NO	NO	NO	2	0	1	LOW	NO
1602717077	1082855228	оберег зеркало на шею	9.0	0.0	0.0	1	NO	NO	YES	NO	2	2	1	LOW	NO
1602717077	1082855228	оберег с зеркалом	5.0	0.0	0.0	1	NO	NO	NO	YES	2	2	1	LOW	NO
1602717077	1082855228	обереги	127.0	0.0	0.0	2	YES	YES	NO	NO	2	0	1	MEDIUM	YES
1602717077	1082855228	обереги и талисманы	45.0	0.0	0.0	1	NO	NO	NO	YES	2	0	1	LOW	NO
1602717077	1082855228	подвеска амулет аллах в авто	0.0	0.0	0.0	1	NO	YES	NO	NO	2	2	1	LOW	NO
1602717077	1082855228	подвеска в автобус на зеркало ввс	0.0	0.0	0.0	1	NO	YES	NO	NO	2	2	1	LOW	NO
1602717077	1082855228	подвеска в машину	3171.0	0.0	0.0	1	YES	NO	NO	NO	2	0	1	LOW	NO
1602717077	1082855228	подвеска в машину на зеркало lron maiden	1.0	0.0	0.0	1	NO	NO	NO	YES	2	2	1	LOW	NO
1602717077	1082855228	подвеска в машину на зеркало а	0.0	0.0	0.0	1	NO	YES	NO	NO	2	0	1	LOW	NO
1602717077	1082855228	подвеска в машину на зеркало белджи	1.0	0.0	0.0	1	NO	NO	NO	YES	2	2	1	LOW	NO
1602717077	1082855228	подвеска в машину оберег на зеркало	1.0	0.0	0.0	1	NO	NO	YES	NO	2	0	1	LOW	NO
1602717077	1082855228	подвеска на зеркало авто уголовный розыск в машину	1.0	0.0	0.0	1	NO	NO	NO	YES	2	2	1	LOW	NO
1602717077	1082855228	подвеска на зеркало в машину	1288.0	0.0	0.0	1	YES	NO	NO	NO	2	0	1	LOW	NO
1602717077	1082855228	подвеска на зеркало деревянная	0.0	0.0	0.0	1	NO	YES	NO	NO	2	2	1	LOW	NO
1602717077	1082855228	руны	4956.0	0.0	0.0	1	YES	NO	NO	NO	0	2	0	LOW	NO
1602717077	1082855228	талисман	207.0	0.0	0.0	1	YES	NO	NO	NO	2	0	1	LOW	NO
1602717077	1082855228	талисманы и обереги	146.0	0.0	0.0	1	YES	NO	NO	NO	2	0	1	LOW	NO
1602717077	1082855228	шлем	6233.0	0.0	0.0	1	YES	NO	NO	NO	5	0	2	LOW	NO
1602717077	1082855228	шлем брелок на	1.0	0.0	0.0	1	NO	NO	YES	NO	5	1	2	LOW	NO
1602717077	1082855228	шлем ужаса	267.0	0.0	0.0	1	YES	NO	NO	NO	5	0	2	LOW	NO
1602717077	1082855228	шлем ужаса подвеска	10.0	0.0	0.0	1	NO	NO	NO	YES	5	0	2	LOW	NO
1602717077	1082855228	шлем ужаса серебро	44.0	0.0	1008.0	1	NO	NO	YES	NO	5	1	2	LOW	NO
1602717077	1082855228	шлем ужаса шарм	1.0	0.0	0.0	1	NO	NO	YES	NO	5	1	2	LOW	NO
1602722942	1082862005	авто подвески на зеркало	1.0	0.0	0.0	2	NO	YES	NO	YES	2	2	1	MEDIUM	NO
1602722942	1082862005	акомпас в тысячных	0.0	0.0	0.0	1	NO	YES	NO	NO	0	2	0	LOW	NO
1602722942	1082862005	акриловая бусина машинка	1.0	0.0	0.0	1	NO	YES	NO	NO	2	2	1	LOW	NO
1602722942	1082862005	акриловая подвеска в машину на зеркало	1.0	0.0	0.0	1	NO	YES	NO	NO	2	2	1	LOW	NO
1602722942	1082862005	алатырь оберег в машину	1.0	0.0	0.0	2	NO	YES	NO	YES	0	0	0	MEDIUM	NO
1602722942	1082862005	амулет	3070.0	0.0	0.0	1	YES	NO	NO	NO	2	2	1	LOW	NO
1602722942	1082862005	амулет зеркальная защита	25.0	0.0	0.0	1	NO	NO	NO	YES	2	2	1	LOW	NO
1602722942	1082862005	амулет от сглаза	167.0	0.0	0.0	1	NO	NO	YES	NO	2	2	1	LOW	NO
1602722942	1082862005	амулет руны	8.0	0.0	0.0	1	NO	NO	NO	YES	2	2	1	LOW	NO
1602722942	1082862005	амулеты обереги и талисманы	833.0	0.0	0.0	1	YES	NO	NO	NO	2	2	1	LOW	NO
1602722942	1082862005	амулеты обереги и талисманы славянские	12.0	0.0	0.0	1	NO	NO	NO	YES	0	0	0	LOW	NO
1602722942	1082862005	в машину	1159.0	0.0	0.0	1	YES	NO	NO	NO	2	2	1	LOW	NO
1602722942	1082862005	валькнут кулон	2.0	0.0	0.0	1	NO	NO	NO	YES	0	0	0	LOW	NO
1602722942	1082862005	вегвезир	3.0	0.0	820.0	1	NO	NO	YES	NO	0	2	0	LOW	NO
1602722942	1082862005	вегвизир в машину	1.0	0.0	688.0	1	NO	NO	YES	NO	5	0	2	LOW	NO
1602722942	1082862005	викинг подвеска в машину на зеркало	1.0	0.0	825.0	2	NO	YES	YES	NO	2	2	1	MEDIUM	NO
1602722942	1082862005	зеркало	8794.0	0.0	0.0	1	YES	NO	NO	NO	2	2	1	LOW	NO
1602722942	1082862005	зеркало магическое	31.0	0.0	0.0	1	NO	NO	YES	NO	2	2	1	LOW	NO
1602722942	1082862005	зеркало ру	0.0	0.0	0.0	2	NO	YES	NO	YES	2	2	1	MEDIUM	NO
1602722942	1082862005	зеркало с ру	0.0	0.0	0.0	1	NO	YES	NO	NO	2	2	1	LOW	NO
1602722942	1082862005	коловрат	1932.0	0.0	0.0	1	YES	NO	NO	NO	0	2	0	LOW	NO
1602722942	1082862005	компас вегвизир	1.0	0.0	0.0	1	NO	YES	NO	NO	5	0	2	LOW	NO
1602722942	1082862005	ловец снов в машину мужской	0.0	0.0	1764.0	2	NO	YES	YES	NO	2	2	1	MEDIUM	NO
1602722942	1082862005	на зеркало подвеска в машину	6.0	0.0	0.0	1	NO	NO	NO	YES	2	2	1	LOW	NO
1602722942	1082862005	оберег	3574.0	0.0	0.0	1	YES	NO	NO	NO	2	2	1	LOW	NO
1602722942	1082862005	оберег в машину	1190.0	0.0	1089.0	2	YES	NO	YES	NO	2	2	1	MEDIUM	NO
1602722942	1082862005	оберег в машину женский	19.0	0.0	0.0	1	NO	NO	NO	YES	2	2	1	LOW	NO
1602722942	1082862005	оберег в машину на зеркало женский	0.0	0.0	0.0	1	NO	YES	NO	NO	2	2	1	LOW	NO
1602722942	1082862005	оберег в мвшину	0.0	0.0	663.0	2	NO	YES	YES	NO	2	2	1	MEDIUM	NO
1602722942	1082862005	оберег от сглаза	110.0	0.0	0.0	1	NO	NO	NO	YES	2	2	1	LOW	NO
1602722942	1082862005	оберег от сглаза и порчи	1968.0	0.0	0.0	1	YES	NO	NO	NO	2	2	1	LOW	NO
1602722942	1082862005	оберег с зеркалом	6.0	0.0	0.0	1	NO	NO	NO	YES	2	2	1	LOW	NO
1602722942	1082862005	обереги языческие	2.0	0.0	0.0	1	NO	NO	NO	YES	2	2	1	LOW	NO
1602722942	1082862005	от сглаза в авто	2.0	0.0	0.0	1	NO	NO	NO	YES	2	2	1	LOW	NO
1602722942	1082862005	подвеска в авто	1.0	0.0	0.0	1	NO	YES	NO	NO	2	2	1	LOW	NO
1602722942	1082862005	подвеска в машину	3171.0	0.0	0.0	1	YES	NO	NO	NO	2	2	1	LOW	NO
1602722942	1082862005	подвеска в машину на зеркало	1560.0	0.0	0.0	1	YES	NO	NO	NO	2	2	1	LOW	NO
1602722942	1082862005	подвеска в машину на зеркало четки	3.0	0.0	0.0	1	NO	NO	NO	YES	2	2	1	LOW	NO
1602722942	1082862005	подвеска на зеркало в машину	1288.0	0.0	0.0	1	YES	NO	NO	NO	2	2	1	LOW	NO
1602722942	1082862005	подвеска на зеркало в машину ссср	1.0	0.0	0.0	1	NO	YES	NO	NO	2	2	1	LOW	NO
1602722942	1082862005	рунический амулет	20.0	0.0	0.0	1	NO	NO	YES	NO	5	0	2	LOW	NO
1602722942	1082862005	руны	5189.0	0.0	0.0	1	YES	NO	NO	NO	0	2	0	LOW	NO
1602722942	1082862005	руны подвеска дерево в машину на защиту	0.0	0.0	1120.0	2	NO	YES	YES	NO	2	2	1	MEDIUM	NO
1602722942	1082862005	скандинавский оберег на зеркало в машину	1.0	0.0	701.0	1	NO	NO	YES	NO	2	2	1	LOW	NO
1602722942	1082862005	славянские обереги	1109.0	0.0	0.0	2	YES	NO	NO	YES	0	0	1	MEDIUM	NO
1602722942	1082862005	славянский амулет	20.0	0.0	0.0	1	NO	NO	YES	NO	0	0	0	LOW	NO
1602722942	1082862005	талисман	672.0	0.0	0.0	1	YES	NO	NO	NO	2	2	1	LOW	NO
1602722942	1082862005	четки в машину	772.0	0.0	0.0	1	YES	NO	NO	NO	2	2	1	LOW	NO
1602722942	1082862005	четки руна	1.0	0.0	531.0	1	NO	NO	YES	NO	2	2	1	LOW	NO
1602722942	1082862005	четки славянские	41.0	0.0	696.0	1	NO	NO	YES	NO	0	0	1	LOW	NO
1602722942	1082862005	четки языческие	6.0	0.0	0.0	1	NO	NO	YES	NO	2	2	1	LOW	NO
1611643847	1092556350	lol	380.0	0.0	0.0	1	YES	NO	NO	NO	0	2	0	LOW	NO
1611643847	1092556350	акриловая подвеска в машину	1.0	0.0	0.0	1	NO	NO	NO	YES	2	2	1	LOW	NO
1611643847	1092556350	амулеты обереги и талисманы	217.0	0.0	0.0	2	YES	NO	YES	NO	2	2	1	MEDIUM	NO
1611643847	1092556350	бог и богиня	0.0	0.0	0.0	1	NO	YES	NO	NO	0	0	0	LOW	NO
1611643847	1092556350	в автомобиль подвеска	4.0	0.0	0.0	1	NO	NO	YES	NO	2	2	1	LOW	NO
1611643847	1092556350	в машину амулет	0.0	0.0	0.0	1	NO	YES	NO	NO	2	2	1	LOW	NO
1611643847	1092556350	валькнут	168.0	0.0	0.0	1	YES	NO	NO	NO	0	0	2	LOW	NO
1611643847	1092556350	голова хищника в машину подвеска	1.0	0.0	0.0	1	NO	NO	YES	NO	2	2	1	LOW	NO
1611643847	1092556350	гун подвеска	0.0	0.0	0.0	1	NO	YES	NO	NO	2	2	1	LOW	NO
1611643847	1092556350	гунгнир копье не	0.0	0.0	0.0	1	NO	YES	NO	NO	5	1	2	LOW	NO
1611643847	1092556350	гунгнир копьем одиума	0.0	0.0	0.0	1	NO	NO	YES	NO	5	1	2	LOW	NO
1611643847	1092556350	доска гунгнир	0.0	0.0	0.0	1	NO	YES	NO	NO	5	1	2	LOW	NO
1611643847	1092556350	зеркало авто подвеска	1.0	0.0	0.0	1	NO	NO	NO	YES	2	2	1	LOW	NO
1611643847	1092556350	коп гунгнир один	0.0	0.0	0.0	1	NO	YES	NO	NO	5	1	2	LOW	NO
1611643847	1092556350	копй для зеркал	0.0	0.0	0.0	1	NO	YES	NO	NO	2	2	1	LOW	NO
1611643847	1092556350	копъе	1.0	0.0	0.0	1	NO	NO	YES	NO	0	2	0	LOW	NO
1611643847	1092556350	копье	1388.0	0.0	0.0	1	YES	NO	NO	NO	5	0	2	LOW	YES
1611643847	1092556350	копье 1/12	0.0	0.0	0.0	1	NO	YES	NO	NO	5	1	2	LOW	NO
1611643847	1092556350	копье бога	1.0	0.0	0.0	1	NO	NO	NO	YES	5	1	2	LOW	NO
1611643847	1092556350	копье дерева 200 см	0.0	0.0	0.0	1	NO	YES	NO	NO	5	1	2	LOW	NO
1611643847	1092556350	копье ммг	0.0	0.0	0.0	1	NO	YES	NO	NO	5	1	2	LOW	NO
1611643847	1092556350	копья деревянные	1.0	0.0	0.0	1	NO	NO	YES	NO	0	2	0	LOW	NO
1611643847	1092556350	кулоны зеркальные обереги	1.0	0.0	0.0	1	NO	NO	NO	YES	2	2	1	LOW	NO
1611643847	1092556350	мощные амулеты	1.0	0.0	0.0	1	NO	NO	YES	NO	2	2	1	LOW	NO
1611643847	1092556350	оберег	184.0	0.0	0.0	1	YES	NO	NO	NO	2	2	1	LOW	NO
1611643847	1092556350	оберег в машину	337.0	0.0	0.0	1	YES	NO	NO	NO	2	2	1	LOW	NO
1611643847	1092556350	оберег в машину от дерева жизни на зеркало	1.0	0.0	0.0	1	NO	NO	YES	NO	0	0	0	LOW	NO
1611643847	1092556350	оберег на зеркало автомобиля	1.0	0.0	0.0	1	NO	NO	NO	YES	2	2	1	LOW	NO
1611643847	1092556350	оберег от сглаза и порчи	366.0	0.0	0.0	1	YES	NO	NO	NO	2	2	1	LOW	NO
1611643847	1092556350	оберег язычество для	0.0	0.0	0.0	1	NO	YES	NO	NO	2	2	1	LOW	NO
1611643847	1092556350	обереги от порчи	0.0	0.0	0.0	1	NO	YES	NO	NO	2	2	1	LOW	NO
1611643847	1092556350	от сглаза	228.0	0.0	0.0	1	YES	NO	NO	NO	2	2	1	LOW	NO
1611643847	1092556350	подвеска	2492.0	0.0	0.0	1	YES	NO	NO	NO	2	2	1	LOW	NO
1611643847	1092556350	подвеска амулет оберег	1.0	0.0	0.0	1	NO	NO	NO	YES	2	2	1	LOW	NO
1611643847	1092556350	подвеска в авто бусины	2.0	0.0	0.0	1	NO	NO	NO	YES	2	2	1	LOW	NO
1611643847	1092556350	подвеска в машину	3171.0	0.0	0.0	1	YES	NO	NO	NO	2	2	1	LOW	NO
1611643847	1092556350	подвеска в машину на зеркало женская оберег	1.0	0.0	0.0	1	NO	NO	YES	NO	2	2	1	LOW	NO
1611643847	1092556350	подвеска в машину на зеркало ма ка крик	0.0	0.0	0.0	1	NO	YES	NO	NO	2	2	1	LOW	NO
1611643847	1092556350	подвеска в машину на зеркало русская красавица	1.0	0.0	0.0	1	NO	NO	YES	NO	2	2	1	LOW	NO
1611643847	1092556350	подвеска в машину на зеркало спецназ внутренних войск	0.0	0.0	0.0	2	NO	YES	NO	YES	2	2	1	MEDIUM	NO
1611643847	1092556350	подвеска валькнут	4.0	0.0	0.0	1	NO	NO	NO	YES	0	0	0	LOW	NO
1611643847	1092556350	подвеска катана в машину на зеркало мужская	1.0	0.0	0.0	1	NO	NO	NO	YES	2	2	1	LOW	NO
1611643847	1092556350	подвеска на зеркало в машину	1063.0	0.0	0.0	1	YES	NO	NO	NO	2	2	1	LOW	NO
1611643847	1092556350	подвеска от сглаза в машину	3.0	0.0	0.0	1	NO	NO	NO	YES	2	2	1	LOW	NO
1611643847	1092556350	руна гунгнира футболка	1.0	0.0	0.0	1	NO	NO	YES	NO	1	1	0	LOW	NO
1611643847	1092556350	руны	1194.0	0.0	0.0	1	YES	NO	NO	NO	0	2	0	LOW	NO
1611643847	1092556350	руны амулет защита	1.0	0.0	0.0	1	NO	NO	NO	YES	2	2	1	LOW	NO
1611643847	1092556350	руны обкрег	1.0	0.0	0.0	1	NO	NO	NO	YES	0	2	0	LOW	NO
1611643847	1092556350	сила	108.0	0.0	0.0	1	YES	NO	NO	NO	0	2	0	LOW	NO
1611643847	1092556350	сковорода гугнир	1.0	0.0	0.0	1	NO	NO	YES	NO	0	2	0	LOW	NO
1611643847	1092556350	талисманы	58.0	0.0	0.0	1	NO	NO	NO	YES	2	2	1	LOW	NO
1611643847	1092556350	узел оберег	1.0	0.0	0.0	1	NO	NO	YES	NO	0	0	0	LOW	NO
1611643847	1092556350	флаг гугнир	0.0	0.0	0.0	1	NO	YES	NO	NO	0	2	0	LOW	NO
1611643847	1092556350	четки автомобильные скандинавские с рунами	1.0	0.0	0.0	1	NO	NO	YES	NO	2	2	1	LOW	NO
1611643847	1092556350	четки в машину	137.0	0.0	0.0	1	YES	NO	NO	NO	2	2	1	LOW	NO
1611643847	1092556350	штуки где зеркало в машине в	1.0	0.0	0.0	1	NO	NO	NO	YES	2	2	1	LOW	NO
1611643847	1092556350	язычество оберег	1.0	0.0	0.0	1	NO	NO	YES	NO	2	2	1	LOW	NO
1611695246	1092558299	амулет в машину на зеркало с горного алтая	1.0	0.0	0.0	1	NO	NO	NO	YES	2	2	1	LOW	NO
1611695246	1092558299	амулеты обереги и талисманы	228.0	0.0	0.0	1	YES	NO	NO	NO	2	2	1	LOW	NO
1611695246	1092558299	амулеты языческие	2.0	0.0	0.0	1	NO	NO	YES	NO	2	2	1	LOW	NO
1611695246	1092558299	бусина от сглаза на зеркало машины	0.0	0.0	0.0	1	NO	YES	NO	NO	2	2	1	LOW	NO
1611695246	1092558299	бусы оберег	0.0	0.0	0.0	1	NO	YES	NO	NO	2	2	1	LOW	NO
1611695246	1092558299	в авто славянские символы в машину	1.0	0.0	0.0	1	NO	NO	NO	YES	0	0	0	LOW	NO
1611695246	1092558299	в машину на зеркало	6.0	0.0	0.0	1	NO	NO	YES	NO	2	2	1	LOW	NO
1611695246	1092558299	валькнут	291.0	0.0	0.0	1	YES	NO	NO	NO	5	0	2	LOW	NO
1611695246	1092558299	валькнут коврик на пол	1.0	0.0	0.0	1	NO	NO	NO	YES	5	1	2	LOW	NO
1611695246	1092558299	валькнут подвеска в машину	2.0	0.0	746.0	1	NO	NO	YES	NO	5	0	2	LOW	NO
1611695246	1092558299	волчья лапа подвеска на зеркало в машину	1.0	0.0	0.0	1	NO	NO	YES	NO	2	2	1	LOW	NO
1611695246	1092558299	вольного борца подвеска в машину	1.0	0.0	0.0	1	NO	NO	NO	YES	2	2	1	LOW	NO
1611695246	1092558299	зеркало толи	3.0	0.0	0.0	1	NO	NO	YES	NO	2	2	1	LOW	NO
1611695246	1092558299	майка валькнут	2.0	0.0	0.0	1	NO	NO	YES	NO	5	1	2	LOW	NO
1611695246	1092558299	машинка минивен с подвеской на крыше	1.0	0.0	0.0	1	NO	NO	YES	NO	2	2	1	LOW	NO
1611695246	1092558299	мусульманская подвеска в машину тюбетейка	1.0	0.0	0.0	1	NO	NO	NO	YES	2	2	1	LOW	NO
1611695246	1092558299	на зеркало автомобиля подвеска красная	0.0	0.0	0.0	1	NO	YES	NO	NO	2	2	1	LOW	NO
1611695246	1092558299	на зеркало в машину талисман	1.0	0.0	0.0	1	NO	NO	NO	YES	2	2	1	LOW	NO
1611695246	1092558299	набор автомобилиста	737.0	0.0	0.0	1	YES	NO	NO	NO	2	2	1	LOW	NO
1611695246	1092558299	набор ключей для автомобиля	2868.0	0.0	0.0	1	YES	NO	NO	NO	2	2	1	LOW	NO
1611695246	1092558299	оберег	184.0	0.0	0.0	1	YES	NO	NO	NO	2	2	1	LOW	NO
1611695246	1092558299	оберег в автомобиль	10.0	0.0	0.0	1	NO	NO	NO	YES	2	2	1	LOW	NO
1611695246	1092558299	оберег в машину	175.0	0.0	0.0	1	YES	NO	NO	NO	2	2	1	LOW	NO
1611695246	1092558299	оберег в машину колаврат	0.0	0.0	0.0	1	NO	YES	NO	NO	2	2	1	LOW	NO
1611695246	1092558299	оберег ворон	2.0	0.0	0.0	1	NO	NO	YES	NO	2	2	1	LOW	NO
1611695246	1092558299	оберег от сглаза и порчи	279.0	0.0	0.0	1	YES	NO	NO	NO	2	2	1	LOW	NO
1611695246	1092558299	обереги	1.0	0.0	0.0	1	NO	NO	NO	YES	2	2	1	LOW	NO
1611695246	1092558299	обереготсглаза	0.0	0.0	0.0	1	NO	YES	NO	NO	2	2	1	LOW	NO
1611695246	1092558299	от сглаза	228.0	0.0	0.0	1	YES	NO	NO	NO	2	2	1	LOW	NO
1611695246	1092558299	от сглаза и порчи	8.0	0.0	0.0	1	NO	NO	NO	YES	2	2	1	LOW	NO
1611695246	1092558299	подвеска в автомобиль стильная	1.0	0.0	0.0	1	NO	NO	NO	YES	2	2	1	LOW	NO
1611695246	1092558299	подвеска в машину	2943.0	0.0	0.0	2	YES	YES	NO	NO	2	2	1	MEDIUM	YES
1611695246	1092558299	подвеска в машину водителю илье	0.0	0.0	0.0	1	NO	YES	NO	NO	2	2	1	LOW	NO
1611695246	1092558299	подвеска в машину мягкий пушистый ежик	0.0	0.0	0.0	1	NO	YES	NO	NO	2	2	1	LOW	NO
1611695246	1092558299	подвеска в машину на зеркало питбуль	0.0	0.0	0.0	1	NO	YES	NO	NO	2	2	1	LOW	NO
1611695246	1092558299	подвеска в машину на зеркало юрта	0.0	0.0	0.0	1	NO	NO	YES	NO	2	2	1	LOW	NO
1611695246	1092558299	подвеска зеркало автомобиля	1.0	0.0	0.0	1	NO	NO	YES	NO	2	2	1	LOW	NO
1611695246	1092558299	подвеска на зеркало в машину	992.0	0.0	0.0	1	YES	NO	NO	NO	2	2	1	LOW	NO
1611695246	1092558299	подвеска на зеркало славянская	0.0	0.0	0.0	1	NO	YES	NO	NO	0	0	1	LOW	NO
1611695246	1092558299	подвеска под зеркало	1.0	0.0	0.0	1	NO	NO	NO	YES	2	2	1	LOW	NO
1611695246	1092558299	подвеска славянская на зеркало автомобиля	2.0	0.0	0.0	1	NO	NO	YES	NO	0	0	1	LOW	NO
1611695246	1092558299	подвеска узел	9.0	0.0	0.0	1	NO	NO	NO	YES	5	0	2	LOW	NO
1611695246	1092558299	подвески в авто на зеркало	2.0	0.0	0.0	1	NO	NO	NO	YES	2	2	1	LOW	NO
1611695246	1092558299	руны подвеска в машину	0.0	0.0	0.0	1	NO	YES	NO	NO	2	2	1	LOW	NO
1611695246	1092558299	сихлы в машину	1.0	0.0	0.0	1	NO	NO	NO	YES	2	2	1	LOW	NO
1611695246	1092558299	славянские оберег	0.0	0.0	0.0	1	NO	YES	NO	NO	0	0	0	LOW	NO
1611695246	1092558299	славянские обереги	534.0	0.0	0.0	1	YES	NO	NO	NO	0	0	1	LOW	NO
1611695246	1092558299	славянские обереги мужские	198.0	0.0	0.0	1	YES	NO	NO	NO	0	0	1	LOW	NO
1611695246	1092558299	славянские украшения	243.0	0.0	0.0	1	YES	NO	NO	NO	0	0	1	LOW	NO
1611695246	1092558299	славянский	73.0	0.0	0.0	1	NO	NO	YES	NO	0	0	1	LOW	NO
1611695246	1092558299	славянский оберег	252.0	0.0	0.0	1	YES	NO	NO	NO	0	0	1	LOW	NO
1611695246	1092558299	талисман	296.0	0.0	0.0	1	YES	NO	NO	NO	2	2	1	LOW	NO
1611695246	1092558299	трафарет узел валькнутв	0.0	0.0	0.0	1	NO	YES	NO	NO	5	1	2	LOW	NO
1611695246	1092558299	узел анама кара подвеска	0.0	0.0	0.0	1	NO	YES	NO	NO	5	1	2	LOW	NO
1611695246	1092558299	узел подвеска в машину	1.0	0.0	0.0	1	NO	NO	YES	NO	5	0	2	LOW	NO
1611695246	1092558299	четки в машину славянские обереги	1.0	0.0	0.0	1	NO	NO	YES	NO	0	0	1	LOW	NO
1611695246	1092558299	шаманский оберег	5.0	0.0	0.0	1	NO	NO	NO	YES	2	2	1	LOW	NO
1611695246	1092558299	язычество обереги на машину	0.0	0.0	0.0	1	NO	YES	NO	NO	2	2	1	LOW	NO
1611695246	1092558299	ярость павшего амулет hollow	1.0	0.0	0.0	1	NO	NO	YES	NO	2	2	1	LOW	NO
1623753672	1106060257	автооберег	1.0	0.0	0.0	1	NO	NO	NO	YES	2	2	1	LOW	NO
1623753672	1106060257	акриловая подвеска в машину	1.0	0.0	0.0	1	NO	NO	NO	YES	2	2	1	LOW	NO
1623753672	1106060257	амулет в машину славянский	1.0	0.0	0.0	1	NO	NO	YES	NO	0	0	0	LOW	NO
1623753672	1106060257	амулет медведь на веревке	1.0	0.0	0.0	1	NO	NO	NO	YES	2	2	1	LOW	NO
1623753672	1106060257	амулет славянский в машину на зеркало	1.0	0.0	0.0	1	NO	NO	YES	NO	0	0	0	LOW	NO
1623753672	1106060257	амулеты обереги и талисманы	322.0	0.0	0.0	1	YES	NO	NO	NO	2	2	1	LOW	NO
1623753672	1106060257	бусы оберег	0.0	0.0	0.0	1	NO	YES	NO	NO	2	2	1	LOW	NO
1623753672	1106060257	в автопутешествие в машине для путешествий людям	1.0	0.0	0.0	1	NO	NO	YES	NO	2	2	1	LOW	NO
1623753672	1106060257	в машине на зеркало подвеска	1.0	0.0	0.0	1	NO	NO	NO	YES	2	2	1	LOW	NO
1623753672	1106060257	в машину амулет	0.0	0.0	0.0	1	NO	YES	NO	NO	2	2	1	LOW	NO
1623753672	1106060257	валькнут	272.0	0.0	0.0	1	YES	NO	NO	NO	0	0	2	LOW	NO
1623753672	1106060257	валькнут амулет	2.0	0.0	0.0	1	NO	NO	NO	YES	0	0	0	LOW	NO
1623753672	1106060257	дерево жизни	375.0	0.0	0.0	1	YES	NO	NO	NO	5	0	2	LOW	NO
1623753672	1106060257	дерево жизни валькнут	1.0	0.0	0.0	1	NO	NO	YES	NO	0	0	0	LOW	NO
1623753672	1106060257	деревянные обереги	5.0	0.0	0.0	1	NO	NO	NO	YES	2	2	1	LOW	NO
1623753672	1106060257	деревянный амулет	1.0	0.0	0.0	1	NO	NO	YES	NO	2	2	1	LOW	NO
1623753672	1106060257	доево жизни	1.0	0.0	0.0	1	NO	NO	NO	YES	5	1	2	LOW	NO
1623753672	1106060257	доллар деревянный в машину подвеска на зеркало	1.0	0.0	0.0	1	NO	NO	NO	YES	2	2	1	LOW	NO
1623753672	1106060257	древо жизни	658.0	0.0	0.0	1	YES	NO	NO	NO	5	0	2	LOW	NO
1623753672	1106060257	древо жизни кресты	1.0	0.0	0.0	1	NO	NO	YES	NO	5	1	2	LOW	NO
1623753672	1106060257	зеркала на машину универсальные	2.0	0.0	0.0	1	NO	NO	NO	YES	2	2	1	LOW	NO
1623753672	1106060257	зеркало магическое подвеска	1.0	0.0	0.0	1	NO	NO	NO	YES	2	2	1	LOW	NO
1623753672	1106060257	зеркальная защита рунами	1.0	0.0	0.0	1	NO	NO	NO	YES	2	2	1	LOW	NO
1623753672	1106060257	крест в машину на зеркало	234.0	0.0	0.0	1	YES	NO	NO	NO	0	0	0	LOW	NO
1623753672	1106060257	крест в машину на зеркало армянский двухсторону	1.0	0.0	0.0	1	NO	NO	YES	NO	0	0	0	LOW	NO
1623753672	1106060257	крона	522.0	0.0	0.0	1	YES	NO	NO	NO	0	2	0	LOW	NO
1623753672	1106060257	на зеркало в машину подвеска уголовный розыск	1.0	0.0	0.0	1	NO	NO	YES	NO	2	2	1	LOW	NO
1623753672	1106060257	набор	10271.0	0.0	0.0	1	YES	NO	NO	NO	0	2	0	LOW	NO
1623753672	1106060257	набор автомобилиста	737.0	0.0	0.0	1	YES	NO	NO	NO	2	2	1	LOW	NO
1623753672	1106060257	набор для творчества	1177.0	0.0	0.0	1	YES	NO	NO	NO	0	2	0	LOW	NO
1623753672	1106060257	оберег в машину	735.0	0.0	907.0	2	YES	NO	YES	NO	2	2	1	MEDIUM	NO
1623753672	1106060257	оберег в машину на зеркало женский	0.0	0.0	0.0	1	NO	YES	NO	NO	2	2	1	LOW	NO
1623753672	1106060257	оберег из зеркал	1.0	0.0	0.0	1	NO	NO	YES	NO	2	2	1	LOW	NO
1623753672	1106060257	оберег на машину славянский	0.0	0.0	0.0	1	NO	YES	NO	NO	0	0	1	LOW	NO
1623753672	1106060257	обереготсглаза	0.0	0.0	0.0	1	NO	YES	NO	NO	2	2	1	LOW	NO
1623753672	1106060257	подвеска в авто бусины	2.0	0.0	0.0	1	NO	NO	NO	YES	2	2	1	LOW	NO
1623753672	1106060257	подвеска в машину	3171.0	0.0	0.0	1	YES	NO	NO	NO	2	2	1	LOW	NO
1623753672	1106060257	подвеска в машину на зеркало	870.0	0.0	0.0	1	YES	NO	NO	NO	2	2	1	LOW	NO
1623753672	1106060257	подвеска в машину на зеркало а	0.0	0.0	0.0	1	NO	YES	NO	NO	2	2	1	LOW	NO
1623753672	1106060257	подвеска в машину на зеркало из камня с древом	0.0	0.0	0.0	1	NO	YES	NO	NO	2	2	1	LOW	NO
1623753672	1106060257	подвеска в машину на зеркало из камня с древом жизни	0.0	0.0	0.0	1	NO	YES	NO	NO	5	1	2	LOW	NO
1623753672	1106060257	подвеска в машину на зеркало инь янь	0.0	0.0	0.0	1	NO	YES	NO	NO	2	2	1	LOW	NO
1623753672	1106060257	подвеска в машину на зеркало мужская евгений	0.0	0.0	0.0	1	NO	YES	NO	NO	2	2	1	LOW	NO
1623753672	1106060257	подвеска в машину на зеркало руна	0.0	0.0	0.0	1	NO	YES	NO	NO	2	2	1	LOW	NO
1623753672	1106060257	подвеска дерево жизни на зеркале	1.0	0.0	0.0	1	NO	NO	YES	NO	5	0	2	LOW	NO
1623753672	1106060257	подвеска на зеркало автомобиля в машину	10.0	0.0	0.0	1	NO	NO	YES	NO	2	2	1	LOW	NO
1623753672	1106060257	подвеска на зеркало в машину	1125.0	0.0	0.0	1	YES	NO	NO	NO	2	2	1	LOW	NO
1623753672	1106060257	подвеска на зеркало в машину древо жизни	1.0	0.0	545.0	1	NO	NO	YES	NO	5	0	2	LOW	NO
1623753672	1106060257	подвеска с ру	0.0	0.0	0.0	1	NO	YES	NO	NO	2	2	1	LOW	NO
1623753672	1106060257	руна крест	1.0	0.0	0.0	1	NO	NO	NO	YES	0	0	0	LOW	NO
1623753672	1106060257	руны	201.0	0.0	0.0	1	YES	NO	NO	NO	0	2	0	LOW	NO
1623753672	1106060257	руны подвеска в машину	0.0	0.0	0.0	1	NO	YES	NO	NO	2	2	1	LOW	NO
1623753672	1106060257	славянские обереги мужские в машину на зеркало	1.0	0.0	0.0	1	NO	NO	YES	NO	0	0	0	LOW	NO
1623753672	1106060257	талисман	187.0	0.0	0.0	1	YES	NO	NO	NO	2	2	1	LOW	NO
1623753672	1106060257	талисман на любовь	8.0	0.0	0.0	1	NO	NO	NO	YES	2	2	1	LOW	NO
1623753672	1106060257	талисман подвеска в машину	1.0	0.0	0.0	1	NO	NO	YES	NO	2	2	1	LOW	NO
1623753672	1106060257	украшения на зеркало автомобиля автомобилист	0.0	0.0	0.0	1	NO	YES	NO	NO	2	2	1	LOW	NO
1623753672	1106060257	четки в круге в машину	0.0	0.0	0.0	1	NO	YES	NO	NO	2	2	1	LOW	NO
1623753672	1106060257	четки и крест	1.0	0.0	0.0	1	NO	NO	NO	YES	0	0	0	LOW	NO
1629493686	1112665646	аксессуар в авто на зеркало подвеска	1.0	0.0	0.0	1	NO	NO	NO	YES	2	2	1	LOW	NO
1629493686	1112665646	аум знак	0.0	0.0	0.0	1	NO	YES	NO	NO	1	2	0	LOW	NO
1629493686	1112665646	аум сенерик	0.0	0.0	0.0	1	NO	YES	NO	NO	1	2	0	LOW	NO
1629493686	1112665646	бабой яга в машину подвеска	1.0	0.0	0.0	1	NO	NO	YES	NO	2	2	1	LOW	NO
1629493686	1112665646	брелок аудра	0.0	0.0	0.0	1	NO	YES	NO	NO	0	2	0	LOW	NO
1629493686	1112665646	брелок в машину ауд	1.0	0.0	0.0	1	NO	NO	NO	YES	2	2	1	LOW	NO
1629493686	1112665646	брелок в машину на зеркало	92.0	0.0	0.0	1	YES	NO	NO	NO	2	2	1	LOW	NO
1629493686	1112665646	брелок слпвянск	0.0	0.0	0.0	1	NO	YES	NO	NO	0	2	0	LOW	NO
1629493686	1112665646	в машину на зеркало подвеска в виде дракона	1.0	0.0	0.0	1	NO	NO	NO	YES	2	2	1	LOW	NO
1629493686	1112665646	в машину подвеска мужская на зеркало	1.0	0.0	0.0	1	NO	NO	NO	YES	2	2	1	LOW	NO
1629493686	1112665646	висюльки в машину на зеркало череп обезьяна	1.0	0.0	0.0	1	NO	NO	NO	YES	2	2	1	LOW	NO
1629493686	1112665646	деревянные украшения в машину	1.0	0.0	0.0	1	NO	NO	NO	YES	2	2	1	LOW	NO
1629493686	1112665646	деревянный талисман	2.0	0.0	0.0	1	NO	NO	NO	YES	2	2	1	LOW	NO
1629493686	1112665646	зеркало	7498.0	0.0	0.0	1	YES	NO	NO	NO	2	2	1	LOW	NO
1629493686	1112665646	коловрат в машину	4.0	0.0	0.0	1	NO	NO	YES	NO	2	2	1	LOW	NO
1629493686	1112665646	коловрат в машину на зеркало	2.0	0.0	0.0	1	NO	NO	YES	NO	2	2	1	LOW	NO
1629493686	1112665646	коловрат подвеска	188.0	0.0	0.0	1	YES	NO	NO	NO	2	2	1	LOW	NO
1629493686	1112665646	на зеркало автомобиля подвеска красная	0.0	0.0	0.0	1	NO	YES	NO	NO	2	2	1	LOW	NO
1629493686	1112665646	на зеркало в машину аксессуары необычные	1.0	0.0	0.0	1	NO	NO	NO	YES	2	2	1	LOW	NO
1629493686	1112665646	на зеркало в машину брелок	2.0	0.0	0.0	1	NO	NO	YES	NO	2	2	1	LOW	NO
1629493686	1112665646	оберег в машину	142.0	0.0	0.0	1	YES	NO	NO	NO	2	2	1	LOW	NO
1629493686	1112665646	оберег в машину на зеркало	1.0	0.0	0.0	1	NO	NO	NO	YES	2	2	1	LOW	NO
1629493686	1112665646	оберег защита для воина	1.0	0.0	0.0	1	NO	NO	NO	YES	0	0	0	LOW	NO
1629493686	1112665646	оберег шаман	2.0	0.0	0.0	1	NO	NO	YES	NO	2	2	1	LOW	NO
1629493686	1112665646	обереготсглаза	0.0	0.0	0.0	1	NO	YES	NO	NO	2	2	1	LOW	NO
1629493686	1112665646	подвеска в автомобиль	94.0	0.0	0.0	1	YES	NO	NO	NO	2	2	1	LOW	NO
1629493686	1112665646	подвеска в автомобиль на зеркало	325.0	0.0	0.0	2	YES	NO	NO	YES	2	2	1	MEDIUM	NO
1629493686	1112665646	подвеска в машину	6856.0	0.0	0.0	1	YES	NO	NO	NO	2	2	1	LOW	NO
1629493686	1112665646	подвеска в машину на зеркало	1354.0	0.0	0.0	1	YES	NO	NO	NO	2	2	1	LOW	NO
1629493686	1112665646	подвеска в машину на зеркало а	0.0	0.0	0.0	1	NO	YES	NO	NO	2	2	1	LOW	NO
1629493686	1112665646	подвеска в машину на зеркало в грузовик	0.0	0.0	0.0	1	NO	YES	NO	NO	2	2	1	LOW	NO
1629493686	1112665646	подвеска в машину на зеркало из биссера	0.0	0.0	0.0	1	NO	YES	NO	NO	2	2	1	LOW	NO
1629493686	1112665646	подвеска в машину на зеркало инь янь	0.0	0.0	0.0	1	NO	YES	NO	NO	2	2	1	LOW	NO
1629493686	1112665646	подвеска в машину на зеркало казахская	1.0	0.0	0.0	1	NO	NO	NO	YES	2	2	1	LOW	NO
1629493686	1112665646	подвеска в машину на зеркало мех	0.0	0.0	0.0	1	NO	YES	NO	NO	2	2	1	LOW	NO
1629493686	1112665646	подвеска в машину на зеркало пкм	1.0	0.0	0.0	1	NO	NO	YES	NO	2	2	1	LOW	NO
1629493686	1112665646	подвеска в машину на зеркало руна	0.0	0.0	0.0	1	NO	YES	NO	NO	2	2	1	LOW	NO
1629493686	1112665646	подвеска в машину на зеркало череп	1.0	0.0	0.0	1	NO	NO	YES	NO	2	2	1	LOW	NO
1629493686	1112665646	подвеска в машину на зеркало шкода	1.0	0.0	0.0	1	NO	NO	YES	NO	2	2	1	LOW	NO
1629493686	1112665646	подвеска в машину род войск	1.0	0.0	0.0	1	NO	NO	YES	NO	2	2	1	LOW	NO
1629493686	1112665646	подвеска на зеркало в машину	880.0	0.0	0.0	1	YES	NO	NO	NO	2	2	1	LOW	NO
1629493686	1112665646	подвеска на зеркало в машину гаваи	0.0	0.0	0.0	1	NO	YES	NO	NO	2	2	1	LOW	NO
1629493686	1112665646	подвеска на зеркало в машину нисан	1.0	0.0	0.0	1	NO	NO	YES	NO	2	2	1	LOW	NO
1629493686	1112665646	подвеска на зеркало в машину уаз	1.0	0.0	0.0	1	NO	NO	YES	NO	2	2	1	LOW	NO
1629493686	1112665646	подвеска на зеркало заднего вида в машину маска бдсм	1.0	0.0	0.0	1	NO	NO	NO	YES	2	2	1	LOW	NO
1629493686	1112665646	подвеска оберег глаз в машину	1.0	0.0	0.0	1	NO	NO	NO	YES	2	2	1	LOW	NO
1629493686	1112665646	подвеска оберег с	1.0	0.0	0.0	1	NO	NO	YES	NO	2	2	1	LOW	NO
1629493686	1112665646	подвеска ом	82.0	0.0	0.0	1	NO	NO	YES	NO	1	0	0	LOW	NO
1629493686	1112665646	подвеска шаманский оберег в машину	1.0	0.0	0.0	1	NO	NO	YES	NO	2	2	1	LOW	NO
1629493686	1112665646	славянские руны подвеска	0.0	0.0	0.0	1	NO	YES	NO	NO	0	0	1	LOW	NO
1629493686	1112665646	талисман	109.0	0.0	0.0	1	YES	NO	NO	NO	2	2	1	LOW	NO
1629493686	1112665646	украшения я в машину в салон	1.0	0.0	0.0	1	NO	NO	NO	YES	2	2	1	LOW	NO
1629493686	1112665646	четки	12640.0	0.0	0.0	2	YES	NO	YES	NO	2	2	1	MEDIUM	YES
1629493686	1112665646	четки аув автомобиль	0.0	0.0	0.0	1	NO	YES	NO	NO	2	2	1	LOW	NO
1629493686	1112665646	четки в автомобиль	344.0	0.0	0.0	1	YES	NO	NO	NO	2	2	1	LOW	NO
1629493686	1112665646	четки в машину	1155.0	0.0	0.0	1	YES	NO	NO	NO	2	2	1	LOW	NO
1629493686	1112665646	четки в машину на зеркало	178.0	0.0	0.0	1	YES	NO	NO	NO	2	2	1	LOW	NO
1629553898	1112723580	3д подвеска в машину на зеркало	1.0	0.0	0.0	1	NO	NO	YES	NO	2	2	1	LOW	NO
1629553898	1112723580	амулет в машину мусульманский подвеска мужская	1.0	0.0	0.0	1	NO	NO	YES	NO	2	2	1	LOW	NO
1629553898	1112723580	амулет иньян для мужчин	0.0	0.0	0.0	1	NO	YES	NO	NO	2	2	1	LOW	NO
1629553898	1112723580	амулеты обереги и талисманы	276.0	0.0	0.0	1	YES	NO	NO	NO	2	2	1	LOW	NO
1629553898	1112723580	ботинки инь и ян	1.0	0.0	0.0	1	NO	NO	YES	NO	5	1	2	LOW	NO
1629553898	1112723580	брелки на автомобиль на зеркало четк	0.0	0.0	0.0	1	NO	YES	NO	NO	2	2	1	LOW	NO
1629553898	1112723580	брелок в машину на зеркало женский	7.0	0.0	0.0	1	NO	NO	YES	NO	2	2	1	LOW	NO
1629553898	1112723580	бусы в авто	2.0	0.0	0.0	1	NO	NO	NO	YES	2	2	1	LOW	NO
1629553898	1112723580	в машину амулет	0.0	0.0	0.0	1	NO	YES	NO	NO	2	2	1	LOW	NO
1629553898	1112723580	в машину брелок на зеркало бусы	1.0	0.0	0.0	1	NO	NO	YES	NO	2	2	1	LOW	NO
1629553898	1112723580	герб россии на зеркало деревянный в машину	1.0	0.0	0.0	1	NO	NO	YES	NO	0	0	0	LOW	NO
1629553898	1112723580	декоративная подвеска в авто на зеркало	1.0	0.0	0.0	1	NO	NO	NO	YES	2	2	1	LOW	NO
1629553898	1112723580	декоративная подвеска в машину	3.0	0.0	0.0	1	NO	NO	YES	NO	2	2	1	LOW	NO
1629553898	1112723580	для гадания на песке	1.0	0.0	0.0	1	NO	NO	NO	YES	0	2	0	LOW	NO
1629553898	1112723580	дракон в авто	1.0	0.0	0.0	1	NO	NO	NO	YES	2	2	1	LOW	NO
1629553898	1112723580	дух оберег	1.0	0.0	0.0	1	NO	NO	NO	YES	2	2	1	LOW	NO
1629553898	1112723580	зеркало	7498.0	0.0	0.0	1	YES	NO	NO	NO	2	2	1	LOW	NO
1629553898	1112723580	зеркалодля магии	0.0	0.0	0.0	1	NO	YES	NO	NO	2	2	1	LOW	NO
1629553898	1112723580	игрушка лиса инь - ян	1.0	0.0	0.0	1	NO	NO	NO	YES	4	1	2	LOW	NO
1629553898	1112723580	инь ян	98.0	0.0	0.0	1	YES	NO	NO	NO	5	0	2	LOW	NO
1629553898	1112723580	инь ян конверт	0.0	0.0	0.0	2	NO	YES	NO	YES	5	1	2	MEDIUM	NO
1629553898	1112723580	инь ян свечи	1.0	0.0	0.0	1	NO	NO	YES	NO	5	1	2	LOW	NO
1629553898	1112723580	инь ян ткань	0.0	0.0	0.0	1	NO	YES	NO	NO	5	1	2	LOW	NO
1629553898	1112723580	инь янь	552.0	0.0	0.0	1	YES	NO	NO	NO	1	1	0	LOW	NO
1629553898	1112723580	инь янь на машину	0.0	0.0	0.0	1	NO	YES	NO	NO	1	1	0	LOW	NO
1629553898	1112723580	инь янь эмблема	1.0	0.0	0.0	1	NO	NO	YES	NO	1	1	0	LOW	NO
1629553898	1112723580	кольцо инь ян	0.0	0.0	0.0	1	NO	YES	NO	NO	5	1	2	LOW	NO
1629553898	1112723580	люстра в виде инь янь	1.0	0.0	0.0	1	NO	NO	YES	NO	1	1	0	LOW	NO
1629553898	1112723580	маленький оберев машину	0.0	0.0	0.0	1	NO	YES	NO	NO	2	2	1	LOW	NO
1629553898	1112723580	машинка янд	0.0	0.0	0.0	1	NO	YES	NO	NO	2	2	1	LOW	NO
1629553898	1112723580	мужской кулон инь ян	1.0	0.0	0.0	1	NO	NO	YES	NO	5	1	2	LOW	NO
1629553898	1112723580	мусульманский оберег	406.0	0.0	0.0	1	YES	NO	NO	NO	2	2	1	LOW	NO
1629553898	1112723580	на зеркало автомобиля подвеска красная	0.0	0.0	0.0	1	NO	YES	NO	NO	2	2	1	LOW	NO
1629553898	1112723580	на зеркало в машину	11.0	0.0	0.0	1	NO	NO	NO	YES	2	2	1	LOW	NO
1629553898	1112723580	на четки подвеска	1.0	0.0	0.0	1	NO	NO	NO	YES	2	2	1	LOW	NO
1629553898	1112723580	оберег	939.0	0.0	0.0	1	YES	NO	NO	NO	2	2	1	LOW	NO
1629553898	1112723580	оберег в машину	482.0	0.0	0.0	1	YES	NO	NO	NO	2	2	1	LOW	NO
1629553898	1112723580	оберег в машину на зеркало прикольный	1.0	0.0	0.0	1	NO	NO	YES	NO	2	2	1	LOW	NO
1629553898	1112723580	оберег для воина	3.0	0.0	0.0	1	NO	NO	NO	YES	0	0	0	LOW	NO
1629553898	1112723580	оберег от сглаза мусульманский в машину	1.0	0.0	0.0	1	NO	NO	NO	YES	2	2	1	LOW	NO
1629553898	1112723580	обереготсглаза	0.0	0.0	0.0	1	NO	YES	NO	NO	2	2	1	LOW	NO
1629553898	1112723580	подвеска в автомобиль	369.0	0.0	0.0	1	YES	NO	NO	NO	2	2	1	LOW	NO
1629553898	1112723580	подвеска в автомобиль на зеркало	254.0	0.0	0.0	1	YES	NO	NO	NO	2	2	1	LOW	NO
1629553898	1112723580	подвеска в машину	7092.0	0.0	0.0	3	YES	YES	NO	YES	2	2	1	HIGH	YES
1629553898	1112723580	подвеска в машину на зеркало	1289.0	0.0	0.0	1	YES	NO	NO	NO	2	2	1	LOW	NO
1629553898	1112723580	подвеска в машину на зеркало hyundai	1.0	0.0	0.0	1	NO	NO	NO	YES	2	2	1	LOW	NO
1629553898	1112723580	подвеска в машину на зеркало инь янь	0.0	0.0	0.0	1	NO	YES	NO	NO	1	1	1	LOW	NO
1629553898	1112723580	подвеска в машину на зеркало инь янь дракон	1.0	0.0	904.0	1	NO	NO	YES	NO	1	1	0	LOW	NO
1629553898	1112723580	подвеска в машину на зеркало мех	0.0	0.0	0.0	1	NO	YES	NO	NO	2	2	1	LOW	NO
1629553898	1112723580	подвеска инь янь золото	2.0	0.0	0.0	1	NO	NO	YES	NO	1	1	0	LOW	NO
1629553898	1112723580	подвеска на зеркало в машину	1261.0	0.0	0.0	1	YES	NO	NO	NO	2	2	1	LOW	NO
1629553898	1112723580	подвеска на зеркало в машину прикол	2.0	0.0	0.0	1	NO	NO	NO	YES	2	2	1	LOW	NO
1629553898	1112723580	подвеска на зеркало мужская в машину	1.0	0.0	0.0	1	NO	NO	NO	YES	2	2	1	LOW	NO
1629553898	1112723580	талисман от сглаза в машину на зеркало	1.0	0.0	812.0	1	NO	NO	YES	NO	2	2	1	LOW	NO
1629553898	1112723580	четки в автомобиль	178.0	0.0	0.0	1	YES	NO	NO	NO	2	2	1	LOW	NO
1629553898	1112723580	четки в машину	2752.0	0.0	0.0	1	YES	NO	NO	NO	2	2	1	LOW	NO
1629553898	1112723580	четки в машину на зеркало	137.0	0.0	0.0	1	YES	NO	NO	NO	2	2	1	LOW	NO
1630033296	1113280875	аксессуары славянские	0.0	0.0	0.0	1	NO	YES	NO	NO	3	2	1	LOW	NO
1630033296	1113280875	амулет от сглаза в автомобиль	1.0	0.0	0.0	1	NO	NO	YES	NO	2	2	1	LOW	NO
1630033296	1113280875	амулеты из дерева	1.0	0.0	0.0	1	NO	NO	YES	NO	2	2	1	LOW	NO
1630033296	1113280875	амулеты обереги и талисманы	255.0	0.0	0.0	1	YES	NO	NO	NO	2	2	1	LOW	NO
1630033296	1113280875	белобог чернобог футболка	0.0	0.0	0.0	1	NO	YES	NO	NO	0	0	0	LOW	NO
1630033296	1113280875	брелок мчс на зеркало в машине	1.0	0.0	0.0	1	NO	NO	NO	YES	2	2	1	LOW	NO
1630033296	1113280875	брелок славянский	121.0	0.0	0.0	1	YES	NO	NO	NO	3	2	1	LOW	NO
1630033296	1113280875	брошь с славянским оберегом женская	1.0	0.0	0.0	1	NO	NO	NO	YES	3	2	1	LOW	NO
1630033296	1113280875	бусины и аксессуары и детали для четок	0.0	0.0	0.0	1	NO	YES	NO	NO	2	2	1	LOW	NO
1630033296	1113280875	бусины руны	6.0	0.0	0.0	1	NO	NO	NO	YES	0	2	0	LOW	NO
1630033296	1113280875	в автомобиль подвеска	2.0	0.0	0.0	1	NO	NO	YES	NO	2	2	1	LOW	NO
1630033296	1113280875	в машину амулет	0.0	0.0	0.0	1	NO	YES	NO	NO	2	2	1	LOW	NO
1630033296	1113280875	в машину подвеска на зеркало мужская	1.0	0.0	0.0	1	NO	NO	NO	YES	2	2	1	LOW	NO
1630033296	1113280875	в славянском стиле для	1.0	0.0	0.0	1	NO	NO	NO	YES	3	2	1	LOW	NO
1630033296	1113280875	здравник славянский оберег	1.0	0.0	0.0	1	NO	NO	NO	YES	3	2	1	LOW	NO
1630033296	1113280875	зеркалл магисеское	1.0	0.0	0.0	1	NO	NO	YES	NO	2	2	1	LOW	NO
1630033296	1113280875	зеркальная защита рунами	1.0	0.0	0.0	1	NO	NO	NO	YES	2	2	1	LOW	NO
1630033296	1113280875	книга чернобог	0.0	0.0	0.0	1	NO	YES	NO	NO	0	0	0	LOW	NO
1630033296	1113280875	кольцо чернобога	1.0	0.0	0.0	1	NO	NO	NO	YES	0	2	0	LOW	NO
1630033296	1113280875	молд белобог	1.0	0.0	805.0	1	NO	NO	YES	NO	5	1	2	LOW	NO
1630033296	1113280875	оберег	1150.0	0.0	0.0	1	YES	NO	NO	NO	2	2	1	LOW	NO
1630033296	1113280875	оберег в машину	194.0	0.0	0.0	1	YES	NO	NO	NO	2	2	1	LOW	NO
1630033296	1113280875	оберег в машину от дерева жизни на зеркало	1.0	0.0	0.0	1	NO	NO	YES	NO	0	0	0	LOW	NO
1630033296	1113280875	оберег в машину под вышивку	1.0	0.0	0.0	1	NO	NO	NO	YES	2	2	1	LOW	NO
1630033296	1113280875	оберег от сглаза и порчи	458.0	0.0	0.0	1	YES	NO	NO	NO	2	2	1	LOW	NO
1630033296	1113280875	оберег славянский вышевка	0.0	0.0	0.0	1	NO	YES	NO	NO	3	2	1	LOW	NO
1630033296	1113280875	обереги в машину	3.0	0.0	0.0	1	NO	NO	YES	NO	2	2	1	LOW	NO
1630033296	1113280875	обереготсглаза	0.0	0.0	0.0	1	NO	YES	NO	NO	2	2	1	LOW	NO
1630033296	1113280875	подвеска в авто бусины	1.0	0.0	0.0	1	NO	NO	NO	YES	2	2	1	LOW	NO
1630033296	1113280875	подвеска в машину	2709.0	0.0	0.0	1	YES	NO	NO	NO	2	2	1	LOW	NO
1630033296	1113280875	подвеска в машину на зеркало dont drive so fast	1.0	0.0	0.0	1	NO	NO	YES	NO	2	2	1	LOW	NO
1630033296	1113280875	подвеска в машину на зеркало а	0.0	0.0	0.0	2	NO	YES	NO	YES	2	2	1	MEDIUM	NO
1630033296	1113280875	подвеска в машину на зеркало питбуль	0.0	0.0	0.0	1	NO	YES	NO	NO	2	2	1	LOW	NO
1630033296	1113280875	подвеска на зеркало авто валенки	1.0	0.0	0.0	1	NO	NO	NO	YES	2	2	1	LOW	NO
1630033296	1113280875	подвеска на зеркало в машину	1240.0	0.0	0.0	1	YES	NO	NO	NO	2	2	1	LOW	NO
1630033296	1113280875	подвеска на зеркало славянская	0.0	0.0	0.0	1	NO	YES	NO	NO	3	2	1	LOW	NO
1630033296	1113280875	подвеска на зеркало у машину	1.0	0.0	0.0	1	NO	NO	YES	NO	2	2	1	LOW	NO
1630033296	1113280875	подвеска на шею чернобог	1.0	0.0	0.0	1	NO	NO	NO	YES	0	0	0	LOW	NO
1630033296	1113280875	поддвеска славянские	0.0	0.0	0.0	1	NO	YES	NO	NO	3	2	1	LOW	NO
1630033296	1113280875	руны	400.0	0.0	0.0	1	YES	NO	NO	NO	0	2	0	LOW	NO
1630033296	1113280875	руны амулет защита	1.0	0.0	0.0	1	NO	NO	NO	YES	2	2	1	LOW	NO
1630033296	1113280875	руны славянские	88.0	0.0	0.0	1	NO	NO	YES	NO	3	2	1	LOW	NO
1630033296	1113280875	символ чернобог	0.0	0.0	0.0	1	NO	YES	NO	NO	0	0	0	LOW	NO
1630033296	1113280875	славянские	114.0	0.0	0.0	1	YES	NO	NO	NO	3	2	1	LOW	NO
1630033296	1113280875	славянские оберег чернобог для мужчин	0.0	0.0	0.0	1	NO	YES	NO	NO	0	0	0	LOW	NO
1630033296	1113280875	славянские обереги	988.0	0.0	0.0	2	YES	YES	NO	NO	3	2	1	MEDIUM	YES
1630033296	1113280875	славянские обереги в машину для мужчин	1.0	0.0	0.0	1	NO	NO	YES	NO	3	2	1	LOW	NO
1630033296	1113280875	славянские обереги мужские	228.0	0.0	0.0	1	YES	NO	NO	NO	3	2	1	LOW	NO
1630033296	1113280875	славянские руны	289.0	0.0	0.0	1	YES	NO	NO	NO	3	2	1	LOW	NO
1630033296	1113280875	славянские украшения	277.0	0.0	0.0	1	YES	NO	NO	NO	3	2	1	LOW	NO
1630033296	1113280875	славянский оберег	157.0	0.0	0.0	1	YES	NO	NO	NO	3	2	1	LOW	NO
1630033296	1113280875	славянское	6.0	0.0	0.0	1	NO	NO	YES	NO	3	2	1	LOW	NO
1630033296	1113280875	славянскте обереги от сглаза	1.0	0.0	0.0	1	NO	NO	YES	NO	3	2	1	LOW	NO
1630033296	1113280875	цепочка славянская	3.0	0.0	0.0	1	NO	NO	YES	NO	3	2	1	LOW	NO
1630033296	1113280875	чернобог	117.0	0.0	0.0	1	YES	NO	NO	NO	0	0	2	LOW	NO
1630033296	1113280875	чернобог амулет метал	0.0	0.0	0.0	1	NO	YES	NO	NO	0	0	0	LOW	NO
1630033296	1113280875	чернобог подвеска серебро	1.0	0.0	0.0	1	NO	NO	NO	YES	0	0	0	LOW	NO
1630033296	1113280875	чур оберег в машину	1.0	0.0	475.0	1	NO	NO	YES	NO	2	2	1	LOW	NO
1630040194	1113288401	fox racing подвеска на зеркало	1.0	0.0	0.0	1	NO	NO	NO	YES	2	2	1	LOW	NO
1630040194	1113288401	авто подвеска в машину	1.0	0.0	0.0	1	NO	NO	YES	NO	2	2	1	LOW	NO
1630040194	1113288401	аксессуары в машину на зеркало skoda в октаве	1.0	0.0	0.0	1	NO	NO	NO	YES	2	2	1	LOW	NO
1630040194	1113288401	аксессуары в машину подвесаа зеркал барабан	0.0	0.0	0.0	1	NO	YES	NO	NO	2	2	1	LOW	NO
1630040194	1113288401	амулет	979.0	0.0	0.0	1	YES	NO	NO	NO	2	2	1	LOW	NO
1630040194	1113288401	амулет в машину	61.0	0.0	0.0	1	NO	NO	YES	NO	2	2	1	LOW	NO
1630040194	1113288401	амулет оберег	3.0	0.0	0.0	1	NO	NO	NO	YES	2	2	1	LOW	NO
1630040194	1113288401	амулет с зеркалом подвеска	1.0	0.0	0.0	1	NO	NO	YES	NO	2	2	1	LOW	NO
1630040194	1113288401	амулет славянские боги	1.0	0.0	0.0	1	NO	NO	YES	NO	3	2	1	LOW	NO
1630040194	1113288401	амулетом на машину	0.0	0.0	0.0	1	NO	YES	NO	NO	2	2	1	LOW	NO
1630040194	1113288401	амулеты обереги и талисманы	293.0	0.0	0.0	1	YES	NO	NO	NO	2	2	1	LOW	NO
1630040194	1113288401	амулеты обереги и талисманы зеркалр	0.0	0.0	0.0	1	NO	YES	NO	NO	2	2	1	LOW	NO
1630040194	1113288401	амулеты славянских богов	1.0	0.0	0.0	1	NO	NO	YES	NO	3	2	1	LOW	NO
1630040194	1113288401	армянский барабан на машину подвеска	1.0	0.0	0.0	1	NO	NO	YES	NO	2	2	1	LOW	NO
1630040194	1113288401	атрибутика зенит в машину на зеркало	1.0	0.0	0.0	1	NO	NO	YES	NO	2	2	1	LOW	NO
1630040194	1113288401	бог омулет	0.0	0.0	0.0	1	NO	YES	NO	NO	0	2	0	LOW	NO
1630040194	1113288401	брелок в машину на зеркало пушистики	0.0	0.0	0.0	1	NO	YES	NO	NO	2	2	1	LOW	NO
1630040194	1113288401	брелок восьмерка в машину на зеркало	1.0	0.0	0.0	1	NO	NO	NO	YES	2	2	1	LOW	NO
1630040194	1113288401	брелок на авто славянская на зеркало	1.0	0.0	0.0	1	NO	NO	YES	NO	3	2	1	LOW	NO
1630040194	1113288401	бусина от сглаза на зеркало машины	0.0	0.0	0.0	1	NO	YES	NO	NO	2	2	1	LOW	NO
1630040194	1113288401	бусина чернобог	1.0	0.0	0.0	1	NO	NO	YES	NO	5	1	2	LOW	NO
1630040194	1113288401	в машину амулет	0.0	0.0	0.0	1	NO	YES	NO	NO	2	2	1	LOW	NO
1630040194	1113288401	висюлька на зеркало в машину белая пушистая	0.0	0.0	0.0	1	NO	YES	NO	NO	2	2	1	LOW	NO
1630040194	1113288401	вымпел военная прокуратура в машину на зеркало	1.0	0.0	0.0	1	NO	NO	NO	YES	2	2	1	LOW	NO
1630040194	1113288401	джокер чернобога	1.0	0.0	0.0	1	NO	NO	YES	NO	1	1	0	LOW	NO
1630040194	1113288401	зеркало обгона для праворульных машин	2.0	0.0	0.0	1	NO	NO	NO	YES	2	2	1	LOW	NO
1630040194	1113288401	крестик в машину на зеркало освешеный	0.0	0.0	0.0	1	NO	YES	NO	NO	2	2	1	LOW	NO
1630040194	1113288401	магические четки	1.0	0.0	0.0	1	NO	NO	NO	YES	2	2	1	LOW	NO
1630040194	1113288401	мелонг зеркало	3.0	0.0	0.0	1	NO	NO	NO	YES	2	2	1	LOW	NO
1630040194	1113288401	монстры на кан кулах подвеска в машину	1.0	0.0	0.0	1	NO	NO	NO	YES	2	2	1	LOW	NO
1630040194	1113288401	на зеркало в машину подвеска россия	1.0	0.0	0.0	1	NO	NO	NO	YES	2	2	1	LOW	NO
1630040194	1113288401	на зеркало подвеска	12.0	0.0	0.0	1	NO	NO	NO	YES	2	2	1	LOW	NO
1630040194	1113288401	оберег	2055.0	0.0	0.0	1	YES	NO	NO	NO	2	2	1	LOW	NO
1630040194	1113288401	оберег в машину	351.0	0.0	0.0	1	YES	NO	NO	NO	2	2	1	LOW	NO
1630040194	1113288401	оберег в машину мусульманский наклейка	1.0	0.0	0.0	1	NO	NO	YES	NO	2	2	1	LOW	NO
1630040194	1113288401	оберег в машину на зеркало славянский	1.0	0.0	0.0	1	NO	NO	NO	YES	3	2	1	LOW	NO
1630040194	1113288401	оберег в машину славянский	29.0	0.0	0.0	1	NO	NO	YES	NO	3	2	1	LOW	NO
1630040194	1113288401	оберег от сглаза и порчи	686.0	0.0	0.0	1	YES	NO	NO	NO	2	2	1	LOW	NO
1630040194	1113288401	обереги	173.0	0.0	0.0	1	YES	NO	NO	NO	2	2	1	LOW	NO
1630040194	1113288401	обереготсглаза	0.0	0.0	0.0	1	NO	YES	NO	NO	2	2	1	LOW	NO
1630040194	1113288401	подвеска амулет	6.0	0.0	0.0	1	NO	NO	YES	NO	2	2	1	LOW	NO
1630040194	1113288401	подвеска в авто оьерег	1.0	0.0	0.0	1	NO	NO	NO	YES	2	2	1	LOW	NO
1630040194	1113288401	подвеска в машину	3171.0	0.0	0.0	1	YES	NO	NO	NO	2	2	1	LOW	NO
1630040194	1113288401	подвеска в машину мягкий пушистый ежик	0.0	0.0	0.0	1	NO	YES	NO	NO	2	2	1	LOW	NO
1630040194	1113288401	подвеска в машину на зеркало мужская евгений	0.0	0.0	0.0	1	NO	YES	NO	NO	2	2	1	LOW	NO
1630040194	1113288401	подвеска на зеркало в машину	1288.0	0.0	0.0	1	YES	NO	NO	NO	2	2	1	LOW	NO
1630040194	1113288401	подвеска на зеркало славянская	0.0	0.0	0.0	1	NO	YES	NO	NO	3	2	1	LOW	NO
1630040194	1113288401	подвеска от сглаза	203.0	0.0	0.0	1	YES	NO	NO	NO	2	2	1	LOW	NO
1630040194	1113288401	русские обереги	0.0	0.0	0.0	1	NO	YES	NO	NO	2	2	1	LOW	NO
1630040194	1113288401	сварог оберег	177.0	0.0	0.0	1	YES	NO	NO	NO	0	0	0	LOW	NO
1630040194	1113288401	славянские обереги	846.0	0.0	0.0	1	YES	NO	NO	NO	3	2	1	LOW	NO
1630040194	1113288401	славянские обереги мужские	213.0	0.0	0.0	1	YES	NO	NO	NO	3	2	1	LOW	NO
1630040194	1113288401	славянские украшения	322.0	0.0	0.0	1	YES	NO	NO	NO	3	2	1	LOW	NO
1630040194	1113288401	славянскиеобереги	0.0	0.0	0.0	1	NO	YES	NO	NO	3	2	1	LOW	NO
1630040194	1113288401	славянский оберег	220.0	0.0	0.0	1	YES	NO	NO	NO	3	2	1	LOW	NO
1630040194	1113288401	славянский оберег в машину	28.0	0.0	899.0	1	NO	NO	YES	NO	3	2	1	LOW	NO
1630040194	1113288401	славянский оберег из дерева	2.0	0.0	0.0	1	NO	NO	NO	YES	3	2	1	LOW	NO
1630040194	1113288401	славянский оберег подвеска	11.0	0.0	0.0	1	NO	NO	NO	YES	3	2	1	LOW	NO
1630040194	1113288401	чернобог	141.0	0.0	0.0	1	YES	NO	NO	NO	5	0	2	LOW	NO
1630040194	1113288401	четки славянские	40.0	0.0	0.0	1	NO	NO	YES	NO	3	2	1	LOW	NO
1636041142	1119957837	mirroreffect брелок оберег с зеркалом	1.0	0.0	0.0	1	NO	NO	YES	NO	2	2	1	LOW	NO
1636041142	1119957837	аксессуары в машину на зеркало перчатки кимано	1.0	0.0	0.0	1	NO	NO	NO	YES	2	2	1	LOW	NO
1636041142	1119957837	амулет	2844.0	0.0	0.0	1	YES	NO	NO	NO	2	2	1	LOW	NO
1636041142	1119957837	амулет бога	4.0	0.0	0.0	1	NO	NO	NO	YES	2	2	1	LOW	NO
1636041142	1119957837	амулет велеса браслет	1.0	0.0	0.0	1	NO	NO	NO	YES	0	0	0	LOW	NO
1636041142	1119957837	амулет знак велеса серебро	1.0	0.0	0.0	1	NO	NO	YES	NO	0	0	0	LOW	NO
1636041142	1119957837	амулет на зеркало автомобиля	3.0	0.0	0.0	1	NO	NO	YES	NO	2	2	1	LOW	NO
1636041142	1119957837	амулет с зеркалом подвеска	1.0	0.0	0.0	1	NO	NO	NO	YES	2	2	1	LOW	NO
1636041142	1119957837	амулетом на машину	0.0	0.0	0.0	1	NO	YES	NO	NO	2	2	1	LOW	NO
1636041142	1119957837	амулеты дерева печать велеса	1.0	0.0	0.0	1	NO	NO	YES	NO	0	0	0	LOW	NO
1636041142	1119957837	амулеты обереги и талисманы	456.0	0.0	0.0	2	YES	YES	NO	NO	2	2	1	MEDIUM	YES
1636041142	1119957837	амулеты обереги подвеска	0.0	0.0	0.0	1	NO	YES	NO	NO	2	2	1	LOW	NO
1636041142	1119957837	аодвеска зеркало	0.0	0.0	0.0	1	NO	YES	NO	NO	2	2	1	LOW	NO
1636041142	1119957837	армянский барабан на машину подвеска	1.0	0.0	0.0	1	NO	NO	NO	YES	2	2	1	LOW	NO
1636041142	1119957837	атрибут для порчи	1.0	0.0	0.0	1	NO	NO	YES	NO	2	2	1	LOW	NO
1636041142	1119957837	атрибуты дерево природа	0.0	0.0	0.0	1	NO	YES	NO	NO	0	2	0	LOW	NO
1636041142	1119957837	бижутерия славянские обереги	0.0	0.0	0.0	1	NO	YES	NO	NO	3	2	1	LOW	NO
1636041142	1119957837	бижутерия славянский оберег	1.0	0.0	0.0	1	NO	NO	YES	NO	3	2	1	LOW	NO
1636041142	1119957837	брелок в машину на зеркало я свободен	0.0	0.0	0.0	1	NO	YES	NO	NO	2	2	1	LOW	NO
1636041142	1119957837	брелок сабвуфер альфард в машину на зеркало	1.0	0.0	0.0	1	NO	NO	NO	YES	2	2	1	LOW	NO
1636041142	1119957837	бусина закон	0.0	0.0	0.0	1	NO	YES	NO	NO	0	2	0	LOW	NO
1636041142	1119957837	бусина славянская на четки	0.0	0.0	0.0	1	NO	YES	NO	NO	3	2	1	LOW	NO
1636041142	1119957837	бусы в машину на зеркало лада спорт	0.0	0.0	0.0	1	NO	YES	NO	NO	2	2	1	LOW	NO
1636041142	1119957837	в машину авулет	0.0	0.0	0.0	1	NO	YES	NO	NO	2	2	1	LOW	NO
1636041142	1119957837	ведьмино зеркало	4.0	0.0	0.0	1	NO	NO	YES	NO	2	2	1	LOW	NO
1636041142	1119957837	велес	1177.0	0.0	0.0	1	YES	NO	NO	NO	5	0	2	LOW	NO
1636041142	1119957837	велес оберег волк	1.0	0.0	0.0	1	NO	NO	NO	YES	5	1	2	LOW	NO
1636041142	1119957837	велес. красная кровь	4.0	0.0	0.0	1	NO	NO	YES	NO	5	1	2	LOW	NO
1636041142	1119957837	все для славянских четок	1.0	0.0	0.0	1	NO	NO	NO	YES	3	2	1	LOW	NO
1636041142	1119957837	женский оберег славянский	1.0	0.0	0.0	1	NO	NO	NO	YES	3	2	1	LOW	NO
1636041142	1119957837	зеркало дерева	0.0	0.0	0.0	1	NO	YES	NO	NO	2	2	1	LOW	NO
1636041142	1119957837	зеркало оберег на шею славянское	0.0	0.0	0.0	1	NO	YES	NO	NO	3	2	1	LOW	NO
1636041142	1119957837	коловрат	1860.0	0.0	0.0	1	YES	NO	NO	NO	0	2	0	LOW	NO
1636041142	1119957837	коловрат оберег	57.0	0.0	0.0	1	NO	NO	YES	NO	2	2	1	LOW	NO
1636041142	1119957837	коловрат подвеска	228.0	0.0	0.0	1	YES	NO	NO	NO	2	2	1	LOW	NO
1636041142	1119957837	на зеркало авто подвеска	5.0	0.0	0.0	1	NO	NO	NO	YES	2	2	1	LOW	NO
1636041142	1119957837	оберег	1488.0	0.0	0.0	1	YES	NO	NO	NO	2	2	1	LOW	NO
1636041142	1119957837	оберег в машину	260.0	0.0	0.0	1	YES	NO	NO	NO	2	2	1	LOW	NO
1636041142	1119957837	оберег в машину славянский	23.0	0.0	585.0	1	NO	NO	YES	NO	3	2	1	LOW	NO
1636041142	1119957837	оберег велеса	52.0	0.0	780.0	1	NO	NO	YES	NO	0	0	0	LOW	NO
1636041142	1119957837	оберег дерево	2.0	0.0	0.0	1	NO	NO	NO	YES	2	2	1	LOW	NO
1636041142	1119957837	оберег от сглаза и порчи	74.0	0.0	0.0	1	NO	NO	NO	YES	2	2	1	LOW	NO
1636041142	1119957837	оберег славянский женский	12.0	0.0	0.0	1	NO	NO	NO	YES	3	2	1	LOW	NO
1636041142	1119957837	от сглаза в машину	109.0	0.0	891.0	1	NO	NO	YES	NO	2	2	1	LOW	NO
1636041142	1119957837	подвеска в машину	3171.0	0.0	0.0	1	YES	NO	NO	NO	2	2	1	LOW	NO
1636041142	1119957837	подвеска в машину на зеркало	0.0	0.0	0.0	1	NO	YES	NO	NO	2	2	1	LOW	NO
1636041142	1119957837	подвеска на зеркало в машину	1241.0	0.0	0.0	1	YES	NO	NO	NO	2	2	1	LOW	NO
1636041142	1119957837	славянские	334.0	0.0	0.0	1	YES	NO	NO	NO	3	2	1	LOW	NO
1636041142	1119957837	славянские обереги	1007.0	0.0	0.0	1	YES	NO	NO	NO	3	2	1	LOW	NO
1636041142	1119957837	славянские обереги мужские	294.0	0.0	0.0	1	YES	NO	NO	NO	3	2	1	LOW	NO
1636041142	1119957837	славянские украшения	318.0	0.0	0.0	1	YES	NO	NO	NO	3	2	1	LOW	NO
1636041142	1119957837	славянские четки	4.0	0.0	0.0	1	NO	NO	NO	YES	3	2	1	LOW	NO
1636041142	1119957837	славянскиеобереги	0.0	0.0	0.0	1	NO	YES	NO	NO	3	2	1	LOW	NO
1636041142	1119957837	славянский оберег	206.0	0.0	0.0	1	YES	NO	NO	NO	3	2	1	LOW	NO
1636041142	1119957837	славянский оберег для мужчин	6.0	0.0	0.0	1	NO	NO	NO	YES	3	2	1	LOW	NO
1636041142	1119957837	славянский оберег из дерева	2.0	0.0	0.0	1	NO	NO	YES	NO	3	2	1	LOW	NO
1636041142	1119957837	славянский умулет в авто	1.0	0.0	819.0	1	NO	NO	YES	NO	3	2	1	LOW	NO
1636041142	1119957837	талисман зеркало	2.0	0.0	0.0	1	NO	NO	YES	NO	2	2	1	LOW	NO
1636041142	1119957837	четки в машину	284.0	0.0	0.0	1	YES	NO	NO	NO	2	2	1	LOW	NO
1636048691	1119965443	амулет	3190.0	0.0	1071.0	2	YES	NO	YES	NO	2	2	1	MEDIUM	NO
1636048691	1119965443	амулет зеркало	5.0	0.0	0.0	1	NO	NO	NO	YES	2	2	1	LOW	NO
1636048691	1119965443	в машину	9324.0	0.0	836.0	1	YES	NO	NO	NO	2	2	1	LOW	NO
1636048691	1119965443	в машину подвеска	73.0	0.0	0.0	1	NO	NO	NO	YES	2	2	1	LOW	NO
1636048691	1119965443	велес амулет в машину	1.0	0.0	1058.0	2	NO	YES	YES	NO	0	0	0	MEDIUM	NO
1636048691	1119965443	велес подвеска	20.0	0.0	0.0	1	NO	NO	NO	YES	0	0	0	LOW	NO
1636048691	1119965443	велес подвеска женская	1.0	0.0	987.0	2	NO	YES	YES	NO	0	0	0	MEDIUM	NO
1636048691	1119965443	зеркало	8794.0	0.0	0.0	1	YES	NO	NO	NO	2	2	1	LOW	NO
1636048691	1119965443	из дерева	1462.0	0.0	0.0	1	YES	NO	NO	NO	0	2	0	LOW	NO
1636048691	1119965443	коловрат	1932.0	0.0	0.0	1	YES	NO	NO	NO	0	2	0	LOW	NO
1636048691	1119965443	магия	2178.0	0.0	0.0	1	YES	NO	NO	NO	0	2	0	LOW	NO
1636048691	1119965443	оберег	5196.0	0.0	681.0	1	YES	NO	NO	NO	2	2	1	LOW	NO
1636048691	1119965443	оберег в автомобиль	39.0	0.0	0.0	1	NO	NO	NO	YES	2	2	1	LOW	NO
1636048691	1119965443	оберег в машину	1190.0	0.0	2780.0	1	NO	NO	YES	NO	2	2	1	LOW	NO
1636048691	1119965443	оберег для дома	3289.0	0.0	0.0	1	YES	NO	NO	NO	2	2	1	LOW	NO
1636048691	1119965443	оберег для дома от сглаза и порчи	243.0	0.0	0.0	1	NO	NO	NO	YES	2	2	1	LOW	NO
1636048691	1119965443	оберег от сглаза	1368.0	0.0	0.0	1	YES	NO	NO	NO	2	2	1	LOW	NO
1636048691	1119965443	оберег от сглаза и порчи	2126.0	0.0	0.0	2	YES	NO	NO	YES	2	2	1	MEDIUM	NO
1636048691	1119965443	оберег славянский в автомобиль женский	0.0	0.0	960.0	2	NO	YES	YES	NO	3	2	1	MEDIUM	NO
1636048691	1119965443	оберег славянский в машину	1.0	0.0	1578.0	1	NO	NO	YES	NO	3	2	1	LOW	NO
1636048691	1119965443	оберег славянский женский	7.0	0.0	0.0	1	NO	NO	NO	YES	3	2	1	LOW	NO
1636048691	1119965443	обереги славянские для мужчин	1.0	0.0	834.0	1	NO	YES	NO	NO	3	2	1	LOW	NO
1636048691	1119965443	от сглаза	1768.0	0.0	0.0	1	YES	NO	NO	NO	2	2	1	LOW	NO
1636048691	1119965443	от сглаза оберег	375.0	0.0	0.0	1	NO	NO	NO	YES	2	2	1	LOW	NO
1636048691	1119965443	от сглаза оберег в машину	8.0	0.0	1705.0	1	NO	NO	YES	NO	2	2	1	LOW	NO
1636048691	1119965443	печать велеса	432.0	0.0	1499.0	1	NO	NO	YES	NO	5	0	2	LOW	NO
1636048691	1119965443	печать велеса медвежья лапа в машину	0.0	0.0	913.0	2	NO	YES	YES	NO	5	1	2	MEDIUM	NO
1636048691	1119965443	печать велеса на шею	1.0	0.0	634.0	1	NO	YES	NO	NO	5	1	2	LOW	NO
1636048691	1119965443	печать велеса подвеска в автомобиль	0.0	0.0	766.0	1	NO	YES	NO	NO	5	0	2	LOW	NO
1636048691	1119965443	печать велеса серебро	41.0	0.0	0.0	1	NO	NO	NO	YES	5	1	2	LOW	NO
1636048691	1119965443	подвеска	40945.0	0.0	0.0	1	YES	NO	NO	NO	2	2	1	LOW	NO
1636048691	1119965443	подвеска в машину	3171.0	0.0	0.0	1	YES	NO	NO	NO	2	2	1	LOW	NO
1636048691	1119965443	подвеска в машину велес	1.0	0.0	783.0	1	NO	YES	NO	NO	0	0	0	LOW	NO
1636048691	1119965443	подвеска в машину на зеркало от сглаза	1.0	0.0	753.0	1	NO	YES	NO	NO	2	2	1	LOW	NO
1636048691	1119965443	подвеска в машину на зеркало славянская	0.0	0.0	779.0	1	NO	YES	NO	NO	3	2	1	LOW	NO
1636048691	1119965443	подвеска в машину на зеркало старославянская лада	1.0	0.0	738.0	1	NO	YES	NO	NO	3	2	1	LOW	NO
1636048691	1119965443	подвеска на зеркало в машину оберег	1.0	0.0	798.0	1	NO	YES	NO	NO	2	2	1	LOW	NO
1636048691	1119965443	подвеска руна	54.0	0.0	0.0	1	NO	NO	NO	YES	2	2	1	LOW	NO
1636048691	1119965443	руны славянские	344.0	0.0	0.0	1	NO	NO	NO	YES	3	2	1	LOW	NO
1636048691	1119965443	славянские	175.0	0.0	0.0	1	NO	NO	NO	YES	3	2	1	LOW	NO
1636048691	1119965443	славянские обереги для мужчин	10.0	0.0	0.0	1	NO	NO	NO	YES	3	2	1	LOW	NO
1636048691	1119965443	славянский оберег	608.0	0.0	0.0	1	NO	NO	NO	YES	3	2	1	LOW	NO
1636048691	1119965443	славянский оберег в машину	6.0	0.0	1670.47	1	NO	NO	YES	NO	3	2	1	LOW	NO
1636048691	1119965443	славянский оберег для машины	1.0	0.0	1053.0	1	NO	NO	YES	NO	3	2	1	LOW	NO
1636048691	1119965443	славянский оберег на зеркало автомобиля	0.0	0.0	621.0	1	NO	YES	NO	NO	3	2	1	LOW	NO
1636048691	1119965443	талисман	2780.0	0.0	0.0	1	YES	NO	NO	NO	2	2	1	LOW	NO
1636048691	1119965443	талисман от сглаза в машину	1.0	0.0	855.0	1	NO	YES	NO	NO	2	2	1	LOW	NO
1636048691	1119965443	талисманы	23.0	0.0	0.0	1	NO	NO	NO	YES	2	2	1	LOW	NO
1636048691	1119965443	толстовка велес	1.0	0.0	1160.11	1	NO	NO	YES	NO	0	0	0	LOW	NO
1636048691	1119965443	четки амулет в машину	1.0	0.0	879.0	2	NO	YES	YES	NO	2	2	1	MEDIUM	NO
1636048691	1119965443	четки в автомобиль славянские	3.0	0.0	1265.0	1	NO	NO	YES	NO	3	2	1	LOW	NO
1636048691	1119965443	четки славянские	13.0	0.0	1739.0	1	NO	NO	YES	NO	3	2	1	LOW	NO
1636048691	1119965443	эзотерика	1730.0	0.0	0.0	1	YES	NO	NO	NO	0	2	0	LOW	NO
1640251697	1124658338	абирег в машину	2.0	0.0	0.0	1	NO	NO	NO	YES	2	2	1	LOW	NO
1640251697	1124658338	авто подвеска на зеркало	2.0	0.0	0.0	1	NO	NO	NO	YES	2	2	1	LOW	NO
1640251697	1124658338	акриловые крест	1.0	0.0	0.0	1	NO	NO	NO	YES	5	1	2	LOW	NO
1640251697	1124658338	аксессуары в машину подвесаа зеркал барабан	0.0	0.0	0.0	1	NO	YES	NO	NO	2	2	1	LOW	NO
1640251697	1124658338	алатырь	483.0	0.0	0.0	1	YES	NO	NO	NO	5	0	2	LOW	NO
1640251697	1124658338	алатырь агат	1.0	0.0	0.0	1	NO	NO	NO	YES	5	1	2	LOW	NO
1640251697	1124658338	алатырь амулет мужской	1.0	0.0	0.0	1	NO	NO	NO	YES	5	0	2	LOW	NO
1640251697	1124658338	алатырь бляшка	0.0	0.0	0.0	1	NO	YES	NO	NO	5	1	2	LOW	NO
1640251697	1124658338	алатырь большой	1.0	0.0	0.0	1	NO	NO	YES	NO	5	0	2	LOW	NO
1640251697	1124658338	алатырь в машину	1.0	0.0	670.0	1	NO	NO	YES	NO	5	0	2	LOW	NO
1640251697	1124658338	алатырь в солнце	4.0	0.0	643.0	1	NO	NO	YES	NO	5	1	2	LOW	NO
1640251697	1124658338	алатырь закладка	2.0	0.0	0.0	1	NO	NO	NO	YES	5	1	2	LOW	NO
1640251697	1124658338	алатырь из дуба	0.0	0.0	0.0	1	NO	YES	NO	NO	5	1	2	LOW	NO
1640251697	1124658338	алатырь из золота	1.0	0.0	0.0	1	NO	NO	YES	NO	5	1	2	LOW	NO
1640251697	1124658338	алатырь кгига	1.0	0.0	0.0	1	NO	NO	YES	NO	5	1	2	LOW	NO
1640251697	1124658338	алатырь п	0.0	0.0	0.0	1	NO	YES	NO	NO	5	0	2	LOW	NO
1640251697	1124658338	алатырь подве	0.0	0.0	0.0	1	NO	YES	NO	NO	5	1	2	LOW	NO
1640251697	1124658338	алатырь пьютер	1.0	0.0	0.0	1	NO	NO	YES	NO	5	1	2	LOW	NO
1640251697	1124658338	алатырь талисман	0.0	0.0	0.0	1	NO	YES	NO	NO	5	0	2	LOW	NO
1640251697	1124658338	алатырь штамп	1.0	0.0	0.0	1	NO	NO	YES	NO	5	1	2	LOW	NO
1640251697	1124658338	алтырь деревянный большой	0.0	0.0	0.0	1	NO	YES	NO	NO	0	2	0	LOW	NO
1640251697	1124658338	алтырь славянских богов	0.0	0.0	0.0	1	NO	YES	NO	NO	3	2	1	LOW	NO
1640251697	1124658338	амулет	676.0	0.0	0.0	1	YES	NO	NO	NO	2	2	1	LOW	NO
1640251697	1124658338	амулеты обереги и талисманы	769.0	0.0	0.0	2	YES	YES	NO	NO	2	2	1	MEDIUM	YES
1640251697	1124658338	амулеты обереги и талисманы зеркалр	0.0	0.0	0.0	1	NO	YES	NO	NO	2	2	1	LOW	NO
1640251697	1124658338	армянский кругдый крест аревахач в машину на зеркало	0.0	0.0	0.0	1	NO	YES	NO	NO	5	1	2	LOW	NO
1640251697	1124658338	звезда сварога подвеска	8.0	0.0	0.0	1	NO	NO	YES	NO	5	1	2	LOW	NO
1640251697	1124658338	зеркало подвеска	16.0	0.0	772.0	1	NO	NO	YES	NO	2	2	1	LOW	NO
1640251697	1124658338	зеркало с подвеской	4.0	0.0	0.0	1	NO	NO	NO	YES	2	2	1	LOW	NO
1640251697	1124658338	коловрат	1669.0	0.0	0.0	1	YES	NO	NO	NO	0	2	0	LOW	NO
1640251697	1124658338	коловрат подвеска	361.0	0.0	0.0	1	YES	NO	NO	NO	2	2	1	LOW	NO
1640251697	1124658338	крестик деревянный в машину	2.0	0.0	0.0	1	NO	NO	NO	YES	2	2	1	LOW	NO
1640251697	1124658338	мужчине на день рождения	0.0	0.0	0.0	1	NO	YES	NO	NO	0	2	0	LOW	NO
1640251697	1124658338	оберег	2961.0	0.0	0.0	1	YES	NO	NO	NO	2	2	1	LOW	NO
1640251697	1124658338	оберег в машину	1190.0	0.0	0.0	1	YES	NO	NO	NO	2	2	1	LOW	NO
1640251697	1124658338	оберег для дома	2285.0	0.0	0.0	1	YES	NO	NO	NO	2	2	1	LOW	NO
1640251697	1124658338	оберег от сглаза и порчи	350.0	0.0	671.0	2	YES	NO	YES	NO	2	2	1	MEDIUM	NO
1640251697	1124658338	оберег сварога	15.0	0.0	1446.0	1	NO	NO	YES	NO	5	0	2	LOW	NO
1640251697	1124658338	подарок женщине	1836.0	0.0	0.0	1	YES	NO	NO	NO	0	2	0	LOW	NO
1640251697	1124658338	подарок мужчине	1934.0	0.0	0.0	1	YES	NO	NO	NO	0	2	0	LOW	NO
1640251697	1124658338	подарочный набор для женщин	1746.0	0.0	0.0	1	YES	NO	NO	NO	0	2	0	LOW	NO
1640251697	1124658338	подвеска в машину	3171.0	0.0	0.0	1	YES	NO	NO	NO	2	2	1	LOW	NO
1640251697	1124658338	подвеска в машину на зеркало	0.0	0.0	0.0	1	NO	YES	NO	NO	2	2	1	LOW	NO
1640251697	1124658338	подвеска в машину семья	1.0	0.0	639.0	1	NO	NO	YES	NO	2	2	1	LOW	NO
1640251697	1124658338	подвеска мужская оберег	2.0	0.0	0.0	1	NO	NO	NO	YES	2	2	1	LOW	NO
1640251697	1124658338	подвеска на зеркало в машину	1222.0	0.0	0.0	1	YES	NO	NO	NO	2	2	1	LOW	NO
1640251697	1124658338	подвеска на зеркало для автомобиля	2.0	0.0	0.0	1	NO	NO	NO	YES	2	2	1	LOW	NO
1640251697	1124658338	сварочник сварог	3.0	0.0	0.0	1	NO	NO	NO	YES	0	0	0	LOW	NO
1640251697	1124658338	славянские обереги	1109.0	0.0	0.0	3	YES	YES	NO	YES	3	2	1	HIGH	YES
1640251697	1124658338	славянские обереги мужские на шею	23.0	0.0	0.0	1	NO	NO	NO	YES	3	2	1	LOW	NO
1640251697	1124658338	славянскиеобереги	0.0	0.0	0.0	1	NO	YES	NO	NO	3	2	1	LOW	NO
1640251697	1124658338	славянский оберег мужской в автомобиль на зеркало алатырь	1.0	0.0	815.0	1	NO	NO	YES	NO	5	0	2	LOW	NO
1640251697	1124658338	славянский оберег от сглаза для ребенка	1.0	0.0	575.0	1	NO	NO	YES	NO	3	2	1	LOW	NO
1640251697	1124658338	славянский оберег подвеска солнце	2.0	0.0	0.0	1	NO	NO	YES	NO	3	2	1	LOW	NO
1640251697	1124658338	эзотерика	75.0	0.0	0.0	1	NO	NO	NO	YES	0	2	0	LOW	NO
1640251697	1124658338	эзотерика украшения	3.0	0.0	0.0	1	NO	NO	NO	YES	2	2	1	LOW	NO
1640264403	1124673031	автооберег в машину	1.0	0.0	0.0	1	NO	NO	YES	NO	2	2	1	LOW	NO
1640264403	1124673031	амулет	432.0	0.0	0.0	1	YES	NO	NO	NO	2	2	1	LOW	NO
1640264403	1124673031	амулет бога перун	1.0	0.0	0.0	1	NO	NO	NO	YES	0	0	0	LOW	NO
1640264403	1124673031	блестящий брелок в машину на зеркало ведьмочка	1.0	0.0	0.0	1	NO	NO	NO	YES	2	2	1	LOW	NO
1640264403	1124673031	брелок в машину на зеркало пушистики	0.0	0.0	0.0	1	NO	YES	NO	NO	2	2	1	LOW	NO
1640264403	1124673031	брелок летящий ангел в машину на зеркало	1.0	0.0	0.0	1	NO	NO	YES	NO	2	2	1	LOW	NO
1640264403	1124673031	бусина от сглаза на зеркало машины	0.0	0.0	0.0	1	NO	YES	NO	NO	2	2	1	LOW	NO
1640264403	1124673031	висюльки в машину на зеркало череп обезьяна	1.0	0.0	0.0	1	NO	NO	NO	YES	2	2	1	LOW	NO
1640264403	1124673031	ворон оберег	1.0	0.0	0.0	1	NO	NO	YES	NO	2	2	1	LOW	NO
1640264403	1124673031	вто триглав	0.0	0.0	0.0	1	NO	YES	NO	NO	5	1	2	LOW	NO
1640264403	1124673031	дополнительные зеркала на учебную машину	1.0	0.0	0.0	1	NO	NO	NO	YES	2	2	1	LOW	NO
1640264403	1124673031	дух оберег	1.0	0.0	0.0	1	NO	NO	YES	NO	2	2	1	LOW	NO
1640264403	1124673031	зеркало обгона для праворуких машин	1.0	0.0	0.0	1	NO	NO	YES	NO	2	2	1	LOW	NO
1640264403	1124673031	из дерева подвеска	0.0	0.0	0.0	1	NO	YES	NO	NO	2	2	1	LOW	NO
1640264403	1124673031	коловрат	1288.0	0.0	0.0	1	YES	NO	NO	NO	0	2	0	LOW	NO
1640264403	1124673031	комплект	3093.0	0.0	0.0	1	YES	NO	NO	NO	0	2	0	LOW	NO
1640264403	1124673031	купить амулет	1.0	0.0	0.0	1	NO	NO	YES	NO	2	2	1	LOW	NO
1640264403	1124673031	на зеркало автомобиля подвеска красная	0.0	0.0	0.0	1	NO	YES	NO	NO	2	2	1	LOW	NO
1640264403	1124673031	набор	21015.0	0.0	0.0	1	YES	NO	NO	NO	0	2	0	LOW	NO
1640264403	1124673031	набор для творчества	1007.0	0.0	0.0	1	YES	NO	NO	NO	0	2	0	LOW	NO
1640264403	1124673031	о.берег в машину	1.0	0.0	0.0	1	NO	NO	NO	YES	2	2	1	LOW	NO
1640264403	1124673031	оберег	1487.0	0.0	0.0	1	YES	NO	NO	NO	2	2	1	LOW	NO
1640264403	1124673031	оберег в машину	613.0	0.0	0.0	1	YES	NO	NO	NO	2	2	1	LOW	NO
1640264403	1124673031	оберег в машину женский	4.0	0.0	0.0	1	NO	NO	YES	NO	2	2	1	LOW	NO
1640264403	1124673031	оберег в машину колаврат	0.0	0.0	0.0	1	NO	YES	NO	NO	2	2	1	LOW	NO
1640264403	1124673031	оберег в машину на зеркало женский	0.0	0.0	0.0	1	NO	YES	NO	NO	2	2	1	LOW	NO
1640264403	1124673031	оберег в машину славянский	16.0	0.0	1367.0	1	NO	NO	YES	NO	3	2	1	LOW	NO
1640264403	1124673031	оберег в машину славянский на деньги	1.0	0.0	0.0	1	NO	NO	NO	YES	3	2	1	LOW	NO
1640264403	1124673031	оберег для авто	3.0	0.0	0.0	1	NO	NO	YES	NO	2	2	1	LOW	NO
1640264403	1124673031	оберег от сглаза и порчи	577.0	0.0	0.0	1	YES	NO	NO	NO	2	2	1	LOW	NO
1640264403	1124673031	обереготсглаза	0.0	0.0	0.0	1	NO	YES	NO	NO	2	2	1	LOW	NO
1640264403	1124673031	от сглаза	501.0	0.0	0.0	1	YES	NO	NO	NO	2	2	1	LOW	NO
1640264403	1124673031	пахучка в машину висюлька на зеркало бумажная	0.0	0.0	0.0	1	NO	NO	YES	NO	2	2	1	LOW	NO
1640264403	1124673031	перун	488.0	0.0	0.0	1	YES	NO	NO	NO	0	0	2	LOW	NO
1640264403	1124673031	перун в машину	0.0	0.0	0.0	1	NO	YES	NO	NO	0	0	0	LOW	NO
1640264403	1124673031	перуница оберег	6.0	0.0	0.0	1	NO	NO	NO	YES	2	2	1	LOW	NO
1640264403	1124673031	подарок	3413.0	0.0	0.0	1	YES	NO	NO	NO	0	2	0	LOW	NO
1640264403	1124673031	подвеска в виде бесконечности	1.0	0.0	0.0	1	NO	NO	NO	YES	2	2	1	LOW	NO
1640264403	1124673031	подвеска в машину	3171.0	0.0	0.0	2	YES	YES	NO	NO	2	2	1	MEDIUM	YES
1640264403	1124673031	подвеска в машину на зеркало	914.0	0.0	0.0	1	YES	NO	NO	NO	2	2	1	LOW	NO
1640264403	1124673031	подвеска в машину на зеркало коловрат	0.0	0.0	0.0	1	NO	YES	NO	NO	2	2	1	LOW	NO
1640264403	1124673031	подвеска в машину на зеркало мусульманская сердечка	0.0	0.0	0.0	1	NO	YES	NO	NO	2	2	1	LOW	NO
1640264403	1124673031	подвеска в машину на зеркало оберег	3.0	0.0	0.0	1	NO	NO	YES	NO	2	2	1	LOW	NO
1640264403	1124673031	подвеска в машину на зеркало руна	0.0	0.0	0.0	1	NO	YES	NO	NO	2	2	1	LOW	NO
1640264403	1124673031	подвеска на зеркало авто валенки	1.0	0.0	0.0	1	NO	NO	NO	YES	2	2	1	LOW	NO
1640264403	1124673031	подвеска на зеркало в машину	1017.0	0.0	0.0	1	YES	NO	NO	NO	2	2	1	LOW	NO
1640264403	1124673031	подвеска на зеркало в машину купола	1.0	0.0	0.0	1	NO	NO	NO	YES	2	2	1	LOW	NO
1640264403	1124673031	подвеска на зеркало машины лапа тигра	1.0	0.0	0.0	1	NO	NO	YES	NO	2	2	1	LOW	NO
1640264403	1124673031	подвеска от сглаза	16.0	0.0	0.0	1	NO	NO	YES	NO	2	2	1	LOW	NO
1640264403	1124673031	пушистая игрушка в машину на зеркало котенок	1.0	0.0	0.0	1	NO	NO	YES	NO	2	2	1	LOW	NO
1640264403	1124673031	славянская подвеска оберег	1.0	0.0	0.0	1	NO	NO	NO	YES	3	2	1	LOW	NO
1640264403	1124673031	славянские обереги	615.0	0.0	0.0	2	YES	YES	NO	NO	3	2	1	MEDIUM	YES
1640264403	1124673031	славянские украшения	161.0	0.0	0.0	1	NO	NO	NO	YES	3	2	1	LOW	NO
1640264403	1124673031	славянские чуры	0.0	0.0	0.0	1	NO	YES	NO	NO	3	2	1	LOW	NO
1640264403	1124673031	талисман в машину	28.0	0.0	0.0	1	NO	NO	NO	YES	2	2	1	LOW	NO
1640264403	1124673031	триглав	16.0	0.0	0.0	1	NO	NO	YES	NO	5	0	2	LOW	NO
1640264403	1124673031	четки в машину на зеркало	1.0	0.0	0.0	1	NO	NO	NO	YES	2	2	1	LOW	NO
1640264403	1124673031	четки оберег	1.0	0.0	0.0	1	NO	NO	NO	YES	2	2	1	LOW	NO
1640276582	1124691132	автоподвеска мужска	0.0	0.0	0.0	1	NO	YES	NO	NO	2	2	1	LOW	NO
1640276582	1124691132	брелок в машину на зеркало пушистики	0.0	0.0	0.0	1	NO	NO	YES	NO	2	2	1	LOW	NO
1640276582	1124691132	брелок в машину на зеркало я свободен	0.0	0.0	0.0	1	NO	YES	NO	NO	2	2	1	LOW	NO
1640276582	1124691132	брелок на авто славянская на зеркало	1.0	0.0	0.0	1	NO	NO	NO	YES	3	2	1	LOW	NO
1640276582	1124691132	бусина от сглаза на зеркало машины	0.0	0.0	0.0	1	NO	YES	NO	NO	2	2	1	LOW	NO
1640276582	1124691132	бусины акриловые народные	1.0	0.0	0.0	1	NO	NO	NO	YES	0	2	0	LOW	NO
1640276582	1124691132	бусины акриловые от сглаза 12мм	1.0	0.0	0.0	1	NO	NO	NO	YES	2	2	1	LOW	NO
1640276582	1124691132	бусины в машину	1.0	0.0	0.0	1	NO	NO	YES	NO	2	2	1	LOW	NO
1640276582	1124691132	бусины символ дерева 8 мм	1.0	0.0	0.0	1	NO	NO	NO	YES	0	2	0	LOW	NO
1640276582	1124691132	в автомобиль подвеска	4.0	0.0	0.0	1	NO	NO	YES	NO	2	2	1	LOW	NO
1640276582	1124691132	викинские амулет	1.0	0.0	0.0	1	NO	NO	NO	YES	2	2	1	LOW	NO
1640276582	1124691132	дюрекс наклейка на машину	1.0	0.0	0.0	1	NO	NO	YES	NO	2	2	1	LOW	NO
1640276582	1124691132	западные славянские обереги	1.0	0.0	0.0	1	NO	NO	NO	YES	3	2	1	LOW	NO
1640276582	1124691132	зеркало маржены	2.0	0.0	0.0	1	NO	NO	YES	NO	2	2	1	LOW	NO
1640276582	1124691132	зеркало шамана	3.0	0.0	0.0	1	NO	NO	NO	YES	2	2	1	LOW	NO
1640276582	1124691132	зеркальные обереги	1.0	0.0	0.0	1	NO	NO	NO	YES	2	2	1	LOW	NO
1640276582	1124691132	зеркальный амулет	3.0	0.0	0.0	1	NO	NO	YES	NO	2	2	1	LOW	NO
1640276582	1124691132	коловрат оберег славянские мужские	0.0	0.0	0.0	1	NO	YES	NO	NO	3	2	1	LOW	NO
1640276582	1124691132	кольцо ратиборец	0.0	0.0	0.0	1	NO	YES	NO	NO	5	1	2	LOW	NO
1640276582	1124691132	кулон славянские	1.0	0.0	0.0	1	NO	NO	YES	NO	3	2	1	LOW	NO
1640276582	1124691132	кулоны обереги	1.0	0.0	0.0	1	NO	NO	NO	YES	2	2	1	LOW	NO
1640276582	1124691132	на зеркало подвеска автомобиля	1.0	0.0	0.0	1	NO	NO	YES	NO	2	2	1	LOW	NO
1640276582	1124691132	на зеркало украшение в машину	1.0	0.0	0.0	1	NO	NO	NO	YES	2	2	1	LOW	NO
1640276582	1124691132	на присоске в машину жезл оберег	1.0	0.0	0.0	1	NO	NO	NO	YES	2	2	1	LOW	NO
1640276582	1124691132	набор автомобилиста	1419.0	0.0	0.0	1	YES	NO	NO	NO	2	2	1	LOW	NO
1640276582	1124691132	набор для творчества	1007.0	0.0	0.0	1	YES	NO	NO	NO	0	2	0	LOW	NO
1640276582	1124691132	оберег	1693.0	0.0	0.0	1	YES	NO	NO	NO	2	2	1	LOW	NO
1640276582	1124691132	оберег автомобильный	2.0	0.0	0.0	1	NO	NO	NO	YES	2	2	1	LOW	NO
1640276582	1124691132	оберег в машину на зеркало из кожи	1.0	0.0	0.0	1	NO	NO	YES	NO	2	2	1	LOW	NO
1640276582	1124691132	оберег для автомобиля для автомобиля	1.0	0.0	0.0	1	NO	NO	YES	NO	2	2	1	LOW	NO
1640276582	1124691132	оберег от сглаза и порчи	852.0	0.0	0.0	1	YES	NO	NO	NO	2	2	1	LOW	NO
1640276582	1124691132	оберег право	0.0	0.0	0.0	1	NO	YES	NO	NO	2	2	1	LOW	NO
1640276582	1124691132	обереготсглаза	0.0	0.0	0.0	1	NO	YES	NO	NO	2	2	1	LOW	NO
1640276582	1124691132	от сглаза	485.0	0.0	0.0	1	YES	NO	NO	NO	2	2	1	LOW	NO
1640276582	1124691132	подарок	3413.0	0.0	0.0	1	YES	NO	NO	NO	0	2	0	LOW	NO
1640276582	1124691132	подарок мужу	672.0	0.0	0.0	1	YES	NO	NO	NO	0	2	0	LOW	NO
1640276582	1124691132	подарок мужчине	9537.0	0.0	0.0	1	YES	NO	NO	NO	0	2	0	LOW	NO
1640276582	1124691132	подарочный набор для мужчин	1052.0	0.0	0.0	2	YES	NO	YES	NO	0	2	0	MEDIUM	NO
1640276582	1124691132	подвеска	2415.0	0.0	0.0	1	YES	NO	NO	NO	2	2	1	LOW	NO
1640276582	1124691132	подвеска в машину	3171.0	0.0	0.0	2	YES	YES	NO	NO	2	2	1	MEDIUM	YES
1640276582	1124691132	подвеска в машину на зеркало а	0.0	0.0	0.0	1	NO	YES	NO	NO	2	2	1	LOW	NO
1640276582	1124691132	подвеска в машину на зеркало ма ка крик	0.0	0.0	0.0	1	NO	YES	NO	NO	2	2	1	LOW	NO
1640276582	1124691132	подвеска в машину на зеркало мужская евгений	0.0	0.0	0.0	1	NO	YES	NO	NO	2	2	1	LOW	NO
1640276582	1124691132	подвеска в машину на зеркало питбуль	0.0	0.0	0.0	1	NO	YES	NO	NO	2	2	1	LOW	NO
1640276582	1124691132	подвеска в машину наррд	0.0	0.0	0.0	1	NO	YES	NO	NO	2	2	1	LOW	NO
1640276582	1124691132	подвеска на зеркало в машину	1126.0	0.0	0.0	1	YES	NO	NO	NO	2	2	1	LOW	NO
1640276582	1124691132	подвеска на удачу	1.0	0.0	0.0	1	NO	NO	NO	YES	2	2	1	LOW	NO
1640276582	1124691132	подвеска славянская	4.0	0.0	0.0	1	NO	NO	NO	YES	3	2	1	LOW	NO
1640276582	1124691132	руны славянские	19.0	0.0	0.0	1	NO	NO	YES	NO	3	2	1	LOW	NO
1640276582	1124691132	славянские обереги	767.0	0.0	0.0	1	YES	NO	NO	NO	3	2	1	LOW	NO
1640276582	1124691132	славянскиеобереги	0.0	0.0	0.0	1	NO	YES	NO	NO	3	2	1	LOW	NO
1640276582	1124691132	славянский оберег	320.0	0.0	0.0	1	YES	NO	NO	NO	3	2	1	LOW	NO
1640276582	1124691132	славянское	26.0	0.0	0.0	1	NO	NO	YES	NO	3	2	1	LOW	NO
1640276582	1124691132	стильная подвеска в машину на зеркало	1.0	0.0	0.0	1	NO	NO	NO	YES	2	2	1	LOW	NO
1640276582	1124691132	хобби	306.0	0.0	0.0	1	YES	NO	NO	NO	0	2	0	LOW	NO
1640276582	1124691132	четки в машине	0.0	0.0	0.0	1	NO	YES	NO	NO	2	2	1	LOW	NO
1640276582	1124691132	четки в машину на зеркало красные	1.0	0.0	0.0	1	NO	NO	YES	NO	2	2	1	LOW	NO
1640276582	1124691132	четки на стекло славянские	1.0	0.0	0.0	1	NO	NO	YES	NO	3	2	1	LOW	NO
1640306007	1124725450	аксессуары в машину подвесаа зеркал барабан	0.0	0.0	0.0	1	NO	YES	NO	NO	2	2	1	LOW	NO
1640306007	1124725450	амулет	321.0	0.0	0.0	1	YES	NO	NO	NO	2	2	1	LOW	NO
1640306007	1124725450	амулет от сглаза в машину на зеркало	1.0	0.0	0.0	1	NO	NO	NO	YES	2	2	1	LOW	NO
1640306007	1124725450	амулет с зеркалом подвеска	1.0	0.0	0.0	1	NO	NO	YES	NO	2	2	1	LOW	NO
1640306007	1124725450	амулеты коло	0.0	0.0	0.0	1	NO	NO	YES	NO	2	2	1	LOW	NO
1640306007	1124725450	амулеты обереги и талисманы	370.0	0.0	0.0	1	YES	NO	NO	NO	2	2	1	LOW	NO
1640306007	1124725450	амулеты обереги и талисманы дерево	1.0	0.0	0.0	1	NO	NO	NO	YES	2	2	1	LOW	NO
1640306007	1124725450	брелок в машину для девушки на зеркало	1.0	0.0	0.0	1	NO	NO	NO	YES	2	2	1	LOW	NO
1640306007	1124725450	брелок для ключей молвинец	1.0	0.0	0.0	1	NO	NO	YES	NO	5	1	2	LOW	NO
1640306007	1124725450	бусина от сглаза на зеркало машины	0.0	0.0	0.0	1	NO	YES	NO	NO	2	2	1	LOW	NO
1640306007	1124725450	бусины акрил с рунами	1.0	0.0	0.0	1	NO	NO	NO	YES	0	2	0	LOW	NO
1640306007	1124725450	бусины славянский	0.0	0.0	0.0	1	NO	YES	NO	NO	3	2	1	LOW	NO
1640306007	1124725450	в машину подвестка на зеркало красивая	1.0	0.0	0.0	1	NO	NO	NO	YES	2	2	1	LOW	NO
1640306007	1124725450	висюлька на зеркало в машину ароматизатор мазда	1.0	0.0	0.0	1	NO	NO	NO	YES	2	2	1	LOW	NO
1640306007	1124725450	деревянный амуле	1.0	0.0	0.0	1	NO	NO	YES	NO	0	2	0	LOW	NO
1640306007	1124725450	домовенок в тележке оберег	0.0	0.0	0.0	1	NO	YES	NO	NO	2	2	1	LOW	NO
1640306007	1124725450	древние славяне творчество	0.0	0.0	0.0	1	NO	YES	NO	NO	3	2	1	LOW	NO
1640306007	1124725450	духи	11892.0	0.0	0.0	1	YES	NO	NO	NO	0	2	0	LOW	NO
1640306007	1124725450	еврейская заезда подвеска в машину	0.0	0.0	0.0	1	NO	YES	NO	NO	2	2	1	LOW	NO
1640306007	1124725450	зеркало	7498.0	0.0	0.0	1	YES	NO	NO	NO	2	2	1	LOW	NO
1640306007	1124725450	интерьер в славянском	1.0	0.0	0.0	1	NO	NO	YES	NO	3	2	1	LOW	NO
1640306007	1124725450	коловрат	1473.0	0.0	0.0	1	YES	NO	NO	NO	0	2	0	LOW	NO
1640306007	1124725450	коловрат славянский	2.0	0.0	0.0	1	NO	NO	NO	YES	3	2	1	LOW	NO
1640306007	1124725450	красивая подвеска в машину для	1.0	0.0	0.0	1	NO	NO	YES	NO	2	2	1	LOW	NO
1640306007	1124725450	крест славян	1.0	0.0	0.0	1	NO	NO	NO	YES	0	0	0	LOW	NO
1640306007	1124725450	крестик в машину на зеркало освященный дивеево	1.0	0.0	0.0	1	NO	NO	NO	YES	2	2	1	LOW	NO
1640306007	1124725450	магический амулет , молвинец оберег	0.0	0.0	0.0	1	NO	YES	NO	NO	5	1	2	LOW	NO
1640306007	1124725450	молвинец в	0.0	0.0	0.0	1	NO	YES	NO	NO	5	0	2	LOW	NO
1640306007	1124725450	молвинец золотой	0.0	0.0	0.0	1	NO	YES	NO	NO	5	1	2	LOW	NO
1640306007	1124725450	молвинец оберег	121.0	0.0	607.0	1	NO	NO	YES	NO	5	0	2	LOW	NO
1640306007	1124725450	на зеркало автомобиля подвеска красная	0.0	0.0	0.0	1	NO	YES	NO	NO	2	2	1	LOW	NO
1640306007	1124725450	набор для творчества	1007.0	0.0	0.0	1	YES	NO	NO	NO	0	2	0	LOW	NO
1640306007	1124725450	настраиваимое зеркало мини в машину	1.0	0.0	0.0	1	NO	NO	YES	NO	2	2	1	LOW	NO
1640306007	1124725450	нательные славянские обереги лось	1.0	0.0	0.0	1	NO	NO	NO	YES	3	2	1	LOW	NO
1640306007	1124725450	оберег	2623.0	0.0	0.0	1	YES	NO	NO	NO	2	2	1	LOW	NO
1640306007	1124725450	оберег в машину	529.0	0.0	0.0	1	YES	NO	NO	NO	2	2	1	LOW	NO
1640306007	1124725450	оберег в машину на зеркало женский	0.0	0.0	0.0	1	NO	YES	NO	NO	2	2	1	LOW	NO
1640306007	1124725450	оберег в машину на руль	1.0	0.0	0.0	1	NO	NO	NO	YES	2	2	1	LOW	NO
1640306007	1124725450	оберег в машину славянский	8.0	0.0	0.0	1	NO	NO	YES	NO	3	2	1	LOW	NO
1640306007	1124725450	оберег воздуха славянский	1.0	0.0	0.0	1	NO	NO	NO	YES	3	2	1	LOW	NO
1640306007	1124725450	оберег от сглаза и порчи	444.0	0.0	0.0	1	YES	NO	NO	NO	2	2	1	LOW	NO
1640306007	1124725450	оберег славянский вышевка	0.0	0.0	0.0	1	NO	YES	NO	NO	3	2	1	LOW	NO
1640306007	1124725450	оберег славянский женский	10.0	0.0	0.0	1	NO	NO	YES	NO	3	2	1	LOW	NO
1640306007	1124725450	от сглаза	452.0	0.0	0.0	1	YES	NO	NO	NO	2	2	1	LOW	NO
1640306007	1124725450	подвес на зеркало в машину звезда воровская	1.0	0.0	0.0	1	NO	NO	YES	NO	0	0	0	LOW	NO
1640306007	1124725450	подвеска в машину	3171.0	0.0	0.0	2	YES	YES	NO	NO	2	2	1	MEDIUM	YES
1640306007	1124725450	подвеска в машину на зеркало матрос	0.0	0.0	0.0	1	NO	YES	NO	NO	2	2	1	LOW	NO
1640306007	1124725450	подвеска на зеркало автомобиля акула	0.0	0.0	0.0	1	NO	NO	YES	NO	2	2	1	LOW	NO
1640306007	1124725450	подвеска на зеркало в машину	915.0	0.0	0.0	1	YES	NO	NO	NO	2	2	1	LOW	NO
1640306007	1124725450	руны	797.0	0.0	0.0	1	YES	NO	NO	NO	0	2	0	LOW	NO
1640306007	1124725450	славянские обереги	806.0	0.0	0.0	2	YES	YES	NO	NO	3	2	1	MEDIUM	YES
1640306007	1124725450	славянские руны	286.0	0.0	0.0	1	YES	NO	NO	NO	3	2	1	LOW	NO
1640306007	1124725450	славянский крест	20.0	0.0	0.0	1	NO	NO	YES	NO	0	0	0	LOW	NO
1640306007	1124725450	славянский оберег	138.0	0.0	459.0	1	NO	NO	YES	NO	3	2	1	LOW	NO
1640306007	1124725450	славянский оберег в машину на зеркало	2.0	0.0	0.0	1	NO	NO	YES	NO	3	2	1	LOW	NO
1640306007	1124725450	славянский оберег из дерева	2.0	0.0	0.0	1	NO	NO	NO	YES	3	2	1	LOW	NO
1640306007	1124725450	славянский оберег подвеска	2.0	0.0	0.0	1	NO	NO	NO	YES	3	2	1	LOW	NO
1640306007	1124725450	цепочка славянская	3.0	0.0	0.0	1	NO	NO	NO	YES	3	2	1	LOW	NO
1640326205	1124733734	dtlmvbyf gjldtcrf	1.0	0.0	0.0	1	NO	YES	NO	NO	0	2	0	LOW	NO
1640326205	1124733734	авто подвеска на зеркало	1.0	0.0	0.0	2	NO	YES	NO	YES	2	2	1	MEDIUM	NO
1640326205	1124733734	авто четки в машину	1.0	0.0	0.0	1	NO	YES	NO	NO	2	2	1	LOW	NO
1640326205	1124733734	акриловая бусина машинка	1.0	0.0	0.0	1	NO	YES	NO	NO	2	2	1	LOW	NO
1640326205	1124733734	акриловые четки в машину на зеркало	1.0	0.0	0.0	1	NO	YES	NO	NO	2	2	1	LOW	NO
1640326205	1124733734	аксессуары в машину мужские	1.0	0.0	0.0	1	NO	YES	NO	NO	2	2	1	LOW	NO
1640326205	1124733734	амлеты	1.0	0.0	0.0	2	NO	YES	NO	YES	0	2	0	MEDIUM	NO
1640326205	1124733734	амулет	3080.0	0.0	0.0	1	YES	NO	NO	NO	2	2	1	LOW	NO
1640326205	1124733734	амулеты	460.0	0.0	0.0	1	YES	NO	NO	NO	2	2	1	LOW	NO
1640326205	1124733734	детский славянский оберег	1.0	0.0	712.0	2	NO	YES	YES	NO	3	2	1	MEDIUM	NO
1640326205	1124733734	защитный амулет от сглаза и порчи	2.0	0.0	0.0	1	NO	NO	NO	YES	2	2	1	LOW	NO
1640326205	1124733734	зеркало	8794.0	0.0	0.0	1	YES	NO	NO	NO	2	2	1	LOW	NO
1640326205	1124733734	зеркальная подвеска	2.0	0.0	0.0	1	NO	NO	YES	NO	2	2	1	LOW	NO
1640326205	1124733734	калаврат	47.0	0.0	0.0	1	NO	NO	YES	NO	0	2	0	LOW	NO
1640326205	1124733734	коловрат	2000.0	0.0	805.0	2	YES	NO	YES	NO	0	2	0	MEDIUM	NO
1640326205	1124733734	коловрат cd	7.0	0.0	0.0	1	NO	NO	NO	YES	0	2	0	LOW	NO
1640326205	1124733734	коловрат браслет	14.0	0.0	0.0	1	NO	NO	YES	NO	0	2	0	LOW	NO
1640326205	1124733734	коловрат брелок	27.0	0.0	0.0	1	NO	NO	NO	YES	0	2	0	LOW	NO
1640326205	1124733734	коловрат в машину	19.0	0.0	737.0	1	NO	NO	YES	NO	2	2	1	LOW	NO
1640326205	1124733734	коловрат подвеска	689.0	0.0	0.0	1	YES	NO	NO	NO	2	2	1	LOW	NO
1640326205	1124733734	колядник оберег	28.0	0.0	729.0	1	NO	NO	YES	NO	5	0	2	LOW	NO
1640326205	1124733734	кофта с коловратом	8.0	0.0	0.0	1	NO	NO	NO	YES	0	2	0	LOW	NO
1640326205	1124733734	кулон коловрат	68.0	0.0	768.0	1	NO	NO	YES	NO	0	2	0	LOW	NO
1640326205	1124733734	мужчине на день рождения	0.0	0.0	0.0	1	NO	YES	NO	NO	0	2	0	LOW	NO
1640326205	1124733734	мусульманский оберег	710.0	0.0	0.0	1	YES	NO	NO	NO	2	2	1	LOW	NO
1640326205	1124733734	мусульманский оберег в машину	181.0	0.0	0.0	1	NO	NO	NO	YES	2	2	1	LOW	NO
1640326205	1124733734	оберег	3675.0	0.0	0.0	1	YES	NO	NO	NO	2	2	1	LOW	NO
1640326205	1124733734	оберег в машину	1238.0	0.0	0.0	1	YES	NO	NO	NO	2	2	1	LOW	NO
1640326205	1124733734	оберег для водителя в машину	2.0	0.0	0.0	1	NO	NO	NO	YES	2	2	1	LOW	NO
1640326205	1124733734	оберег коловрат в машину	1.0	0.0	886.0	2	NO	YES	YES	NO	2	2	1	MEDIUM	NO
1640326205	1124733734	оберег от сглаза в машину	61.0	0.0	684.0	1	NO	NO	YES	NO	2	2	1	LOW	NO
1640326205	1124733734	оберег от сглаза и порчи	455.0	0.0	0.0	1	YES	NO	NO	NO	2	2	1	LOW	NO
1640326205	1124733734	оберег славянский для мужчин на шею	2.0	0.0	0.0	1	NO	NO	NO	YES	3	2	1	LOW	NO
1640326205	1124733734	обереги в машину	8.0	0.0	0.0	1	NO	NO	NO	YES	2	2	1	LOW	NO
1640326205	1124733734	омулеты	1.0	0.0	0.0	1	NO	YES	NO	NO	0	2	0	LOW	NO
1640326205	1124733734	от сглаза и порчи оберег	39.0	0.0	0.0	1	NO	NO	NO	YES	2	2	1	LOW	NO
1640326205	1124733734	подарок мужчине	3813.0	0.0	0.0	1	YES	NO	NO	NO	0	2	0	LOW	NO
1640326205	1124733734	подвеска в машину	3171.0	0.0	0.0	1	YES	NO	NO	NO	2	2	1	LOW	NO
1640326205	1124733734	подвеска в машину коловрат	3.0	0.0	0.0	1	NO	NO	NO	YES	2	2	1	LOW	NO
1640326205	1124733734	подвеска мужская коловрат	1.0	0.0	0.0	1	NO	YES	NO	NO	2	2	1	LOW	NO
1640326205	1124733734	подвеска мужская оберег	2.0	0.0	0.0	1	NO	NO	NO	YES	2	2	1	LOW	NO
1640326205	1124733734	подвеска на зеркало в машину	1334.0	0.0	0.0	1	YES	NO	NO	NO	2	2	1	LOW	NO
1640326205	1124733734	подвеска от сглаза	278.0	0.0	0.0	1	NO	NO	NO	YES	2	2	1	LOW	NO
1640326205	1124733734	славянская подвеска	4.0	0.0	0.0	1	NO	NO	YES	NO	3	2	1	LOW	NO
1640326205	1124733734	славянские обереги	1078.0	0.0	0.0	1	YES	NO	NO	NO	3	2	1	LOW	NO
1640326205	1124733734	славянский колядыдар	1.0	0.0	642.0	2	NO	YES	YES	NO	3	2	1	MEDIUM	NO
1640326205	1124733734	славянский оберег	608.0	0.0	0.0	1	YES	NO	NO	NO	3	2	1	LOW	NO
1640326205	1124733734	славянский оберег колядник	1.0	0.0	640.0	2	NO	YES	YES	NO	5	0	2	MEDIUM	NO
1640326205	1124733734	славянский оберег мужской	198.0	0.0	466.0	1	NO	NO	YES	NO	3	2	1	LOW	NO
1640326205	1124733734	четки в машину	533.0	0.0	0.0	1	YES	NO	NO	NO	2	2	1	LOW	NO
1640326205	1124733734	четки руны	3.0	0.0	0.0	1	NO	NO	NO	YES	2	2	1	LOW	NO
1640326205	1124733734	четки с коловратом	0.0	0.0	1628.0	2	NO	YES	YES	NO	2	2	1	MEDIUM	NO
1640326230	1124751825	12 з подвеска	0.0	0.0	0.0	1	NO	YES	NO	NO	2	2	1	LOW	NO
1640326230	1124751825	автомобиль , подаренный предкам	1.0	0.0	0.0	1	NO	NO	NO	YES	2	2	1	LOW	NO
1640326230	1124751825	амулет з	0.0	0.0	0.0	1	NO	YES	NO	NO	2	2	1	LOW	NO
1640326230	1124751825	брелок в машину на зеркало мужской полиция	1.0	0.0	0.0	1	NO	NO	NO	YES	2	2	1	LOW	NO
1640326230	1124751825	в машину амулет	0.0	0.0	0.0	1	NO	YES	NO	NO	2	2	1	LOW	NO
1640326230	1124751825	ведьмина подвеска	2.0	0.0	0.0	1	NO	NO	NO	YES	2	2	1	LOW	NO
1640326230	1124751825	для эзотерика предметы	1.0	0.0	0.0	1	NO	NO	NO	YES	0	2	0	LOW	NO
1640326230	1124751825	духи	11892.0	0.0	0.0	1	YES	NO	NO	NO	0	2	0	LOW	NO
1640326230	1124751825	зеркало в славянском стиле из дерева	1.0	0.0	0.0	1	NO	NO	YES	NO	3	2	1	LOW	NO
1640326230	1124751825	зеркало магическое	13.0	0.0	0.0	1	NO	NO	YES	NO	2	2	1	LOW	NO
1640326230	1124751825	зеркало толи	3.0	0.0	0.0	1	NO	NO	YES	NO	2	2	1	LOW	NO
1640326230	1124751825	коловрат	1021.0	0.0	0.0	1	YES	NO	NO	NO	0	2	0	LOW	NO
1640326230	1124751825	коловрат подвеска	293.0	0.0	0.0	1	YES	NO	NO	NO	2	2	1	LOW	NO
1640326230	1124751825	на зеркало подвеска в машину	1.0	0.0	0.0	1	NO	NO	NO	YES	2	2	1	LOW	NO
1640326230	1124751825	набор автомобилиста	1419.0	0.0	0.0	1	YES	NO	NO	NO	2	2	1	LOW	NO
1640326230	1124751825	набор для творчества	1007.0	0.0	0.0	1	YES	NO	NO	NO	0	2	0	LOW	NO
1640326230	1124751825	оберег	2031.0	0.0	0.0	1	YES	NO	NO	NO	2	2	1	LOW	NO
1640326230	1124751825	оберег для авто	1.0	0.0	0.0	1	NO	NO	YES	NO	2	2	1	LOW	NO
1640326230	1124751825	оберег на машину куз тимэсен	0.0	0.0	0.0	1	NO	NO	YES	NO	2	2	1	LOW	NO
1640326230	1124751825	оберег на машину славянский	0.0	0.0	0.0	1	NO	YES	NO	NO	3	2	1	LOW	NO
1640326230	1124751825	оберег от сглаза и порчи	666.0	0.0	0.0	1	YES	NO	NO	NO	2	2	1	LOW	NO
1640326230	1124751825	оберег с зеркалом	1.0	0.0	0.0	1	NO	NO	NO	YES	2	2	1	LOW	NO
1640326230	1124751825	оберег славянский на зеркало	1.0	0.0	0.0	1	NO	NO	YES	NO	3	2	1	LOW	NO
1640326230	1124751825	обереги	1.0	0.0	0.0	1	NO	NO	NO	YES	2	2	1	LOW	NO
1640326230	1124751825	обереги коловрат	0.0	0.0	0.0	1	NO	YES	NO	NO	2	2	1	LOW	NO
1640326230	1124751825	обереготсглаза	0.0	0.0	0.0	1	NO	YES	NO	NO	2	2	1	LOW	NO
1640326230	1124751825	от сглаза	615.0	0.0	0.0	1	YES	NO	NO	NO	2	2	1	LOW	NO
1640326230	1124751825	от сглаза и порчи оберег	265.0	0.0	0.0	1	YES	NO	NO	NO	2	2	1	LOW	NO
1640326230	1124751825	паук в смоле подвеска на зеркало	1.0	0.0	0.0	1	NO	NO	YES	NO	2	2	1	LOW	NO
1640326230	1124751825	подарочный набор	1892.0	0.0	0.0	1	YES	NO	NO	NO	0	2	0	LOW	NO
1640326230	1124751825	подвеска в иашину	1.0	0.0	0.0	1	NO	NO	YES	NO	2	2	1	LOW	NO
1640326230	1124751825	подвеска в машину	3171.0	0.0	0.0	1	YES	NO	NO	NO	2	2	1	LOW	NO
1640326230	1124751825	подвеска в машину на зеркало инь янь	0.0	0.0	0.0	1	NO	YES	NO	NO	2	2	1	LOW	NO
1640326230	1124751825	подвеска в машину на зеркало с крестом провославным	1.0	0.0	0.0	1	NO	NO	NO	YES	2	2	1	LOW	NO
1640326230	1124751825	подвеска в машину на зеркало спецназ внутренних войск	1.0	0.0	0.0	1	NO	NO	NO	YES	2	2	1	LOW	NO
1640326230	1124751825	подвеска в машину на зеркало юрта	0.0	0.0	0.0	1	NO	YES	NO	NO	2	2	1	LOW	NO
1640326230	1124751825	подвеска в машину наррд	0.0	0.0	0.0	1	NO	YES	NO	NO	2	2	1	LOW	NO
1640326230	1124751825	подвеска на зеркало в машину	1159.0	0.0	0.0	1	YES	NO	NO	NO	2	2	1	LOW	NO
1640326230	1124751825	подвеска на зеркало в машину згт	0.0	0.0	0.0	1	NO	YES	NO	NO	2	2	1	LOW	NO
1640326230	1124751825	подвеска на машину	12.0	0.0	0.0	1	NO	NO	YES	NO	2	2	1	LOW	NO
1640326230	1124751825	подвеска под з	0.0	0.0	0.0	1	NO	NO	YES	NO	2	2	1	LOW	NO
1640326230	1124751825	подвеска славянская на зеркало автомобиля	1.0	0.0	0.0	1	NO	NO	NO	YES	3	2	1	LOW	NO
1640326230	1124751825	подвески в авто на зеркало деревянные	1.0	0.0	0.0	1	NO	NO	NO	YES	2	2	1	LOW	NO
1640326230	1124751825	распродажа	1238.0	0.0	0.0	1	YES	NO	NO	NO	0	2	0	LOW	NO
1640326230	1124751825	сварог зн	0.0	0.0	0.0	1	NO	YES	NO	NO	0	0	0	LOW	NO
1640326230	1124751825	символ славянский	1.0	0.0	0.0	1	NO	NO	NO	YES	3	2	1	LOW	NO
1640326230	1124751825	славяне оберег	1.0	0.0	0.0	1	NO	NO	YES	NO	3	2	1	LOW	NO
1640326230	1124751825	славянкая защита	1.0	0.0	0.0	1	NO	NO	YES	NO	3	2	1	LOW	NO
1640326230	1124751825	славянские обереги	633.0	0.0	0.0	2	YES	NO	NO	YES	3	2	1	MEDIUM	NO
1640326230	1124751825	славянские обереги знич	0.0	0.0	0.0	1	NO	YES	NO	NO	5	0	2	LOW	NO
1640326230	1124751825	славянские руны подвеска	0.0	0.0	0.0	1	NO	YES	NO	NO	3	2	1	LOW	NO
1640326230	1124751825	славянскиеобереги	0.0	0.0	0.0	1	NO	YES	NO	NO	3	2	1	LOW	NO
1640326230	1124751825	славянский оберег война	1.0	0.0	0.0	1	NO	NO	YES	NO	3	2	1	LOW	NO
1640326230	1124751825	славянский оберег для волос	1.0	0.0	0.0	1	NO	NO	YES	NO	3	2	1	LOW	NO
1640326230	1124751825	талисман оберег деревянный	1.0	0.0	0.0	1	NO	NO	NO	YES	2	2	1	LOW	NO
1640326230	1124751825	хобби	306.0	0.0	0.0	1	YES	NO	NO	NO	0	2	0	LOW	NO
1640326230	1124751825	четки в машину на зеркало	1.0	0.0	0.0	1	NO	NO	NO	YES	2	2	1	LOW	NO
1640326230	1124751825	четки з	0.0	0.0	0.0	1	NO	YES	NO	NO	2	2	1	LOW	NO
1640326230	1124751825	чур славянский в машину на зеркало	1.0	0.0	0.0	1	NO	NO	YES	NO	3	2	1	LOW	NO
1640330072	1124755617	амулет	805.0	0.0	0.0	2	YES	NO	NO	YES	2	2	1	MEDIUM	NO
1640330072	1124755617	амулет на зеркало оберег в машину	1.0	0.0	0.0	1	NO	NO	NO	YES	2	2	1	LOW	NO
1640330072	1124755617	амулет на шею мужской славянский оберег	1.0	0.0	0.0	1	NO	NO	NO	YES	3	2	1	LOW	NO
1640330072	1124755617	амулет от сглаза в машину	4.0	0.0	0.0	1	NO	NO	YES	NO	2	2	1	LOW	NO
1640330072	1124755617	амулеты и обереги набор	1.0	0.0	0.0	1	NO	NO	NO	YES	2	2	1	LOW	NO
1640330072	1124755617	амулеты обереги и талисманы	302.0	0.0	0.0	2	YES	YES	NO	NO	2	2	1	MEDIUM	YES
1640330072	1124755617	амулеты обереги и талисманы зеркалр	0.0	0.0	0.0	1	NO	YES	NO	NO	2	2	1	LOW	NO
1640330072	1124755617	амулеты обереги славянские латунь	1.0	0.0	0.0	1	NO	NO	YES	NO	3	2	1	LOW	NO
1640330072	1124755617	амулеты славян	1.0	0.0	0.0	1	NO	NO	YES	NO	3	2	1	LOW	NO
1640330072	1124755617	амулеты славянские мужские	1.0	0.0	0.0	1	NO	NO	YES	NO	3	2	1	LOW	NO
1640330072	1124755617	аодвеска зеркало	0.0	0.0	0.0	1	NO	YES	NO	NO	2	2	1	LOW	NO
1640330072	1124755617	брелок гром и	0.0	0.0	0.0	1	NO	YES	NO	NO	0	2	0	LOW	NO
1640330072	1124755617	брелок громовик	0.0	0.0	0.0	2	NO	YES	NO	YES	5	1	2	MEDIUM	NO
1640330072	1124755617	брелок каловрат	0.0	0.0	0.0	1	NO	YES	NO	NO	0	2	0	LOW	NO
1640330072	1124755617	брелок коло	0.0	0.0	0.0	1	NO	YES	NO	NO	0	2	0	LOW	NO
1640330072	1124755617	брелок на маштну ловец снов в машину	1.0	0.0	0.0	1	NO	NO	NO	YES	2	2	1	LOW	NO
1640330072	1124755617	брелок оберег в машину на зеркало	1.0	0.0	0.0	1	NO	NO	NO	YES	2	2	1	LOW	NO
1640330072	1124755617	бусины руны	6.0	0.0	0.0	1	NO	NO	NO	YES	0	2	0	LOW	NO
1640330072	1124755617	бутсы подвеска в машину на зеркало	1.0	0.0	0.0	1	NO	NO	NO	YES	2	2	1	LOW	NO
1640330072	1124755617	в машину на зеркало	183.0	0.0	894.0	1	NO	NO	YES	NO	2	2	1	LOW	NO
1640330072	1124755617	ведьмочка подвеска в машину обьемная	1.0	0.0	0.0	1	NO	NO	NO	YES	2	2	1	LOW	NO
1640330072	1124755617	висюлька на зеркало в машину белая пушистая	0.0	0.0	0.0	1	NO	YES	NO	NO	2	2	1	LOW	NO
1640330072	1124755617	военная атрибутика для мужчины	2.0	0.0	0.0	1	NO	NO	YES	NO	0	2	0	LOW	NO
1640330072	1124755617	громовик колесо	0.0	0.0	0.0	1	NO	YES	NO	NO	5	1	2	LOW	NO
1640330072	1124755617	громовик оберег с	0.0	0.0	0.0	1	NO	YES	NO	NO	5	0	2	LOW	NO
1640330072	1124755617	громовка оберег	0.0	0.0	0.0	1	NO	YES	NO	NO	2	2	1	LOW	NO
1640330072	1124755617	декали славянские обереги	1.0	0.0	0.0	1	NO	NO	YES	NO	3	2	1	LOW	NO
1640330072	1124755617	дикий вепрь славянская подвеска	1.0	0.0	0.0	1	NO	NO	NO	YES	3	2	1	LOW	NO
1640330072	1124755617	зеркало оберег на шею славянское	0.0	0.0	0.0	1	NO	YES	NO	NO	3	2	1	LOW	NO
1640330072	1124755617	зеркало с черепами	0.0	0.0	0.0	1	NO	YES	NO	NO	2	2	1	LOW	NO
1640330072	1124755617	золотой славянский оберег	1.0	0.0	0.0	1	NO	NO	NO	YES	3	2	1	LOW	NO
1640330072	1124755617	коловрат	1932.0	0.0	0.0	1	YES	NO	NO	NO	0	2	0	LOW	NO
1640330072	1124755617	коловрат в машину	20.0	0.0	631.0	1	NO	NO	YES	NO	2	2	1	LOW	NO
1640330072	1124755617	коловратка	0.0	0.0	0.0	1	NO	YES	NO	NO	0	2	0	LOW	NO
1640330072	1124755617	на зеркало в машину украшение	1.0	0.0	0.0	1	NO	NO	NO	YES	2	2	1	LOW	NO
1640330072	1124755617	оберег	1470.0	0.0	0.0	1	YES	NO	NO	NO	2	2	1	LOW	NO
1640330072	1124755617	повесить в машину	5.0	0.0	0.0	1	NO	NO	NO	YES	2	2	1	LOW	NO
1640330072	1124755617	подарок женщине	837.0	0.0	0.0	1	YES	NO	NO	NO	0	2	0	LOW	NO
1640330072	1124755617	подарок мужчине	1934.0	0.0	0.0	1	YES	NO	NO	NO	0	2	0	LOW	NO
1640330072	1124755617	подарочный набор для женщин	1746.0	0.0	0.0	1	YES	NO	NO	NO	0	2	0	LOW	NO
1640330072	1124755617	подвеска в машину	3171.0	0.0	0.0	1	YES	NO	NO	NO	2	2	1	LOW	NO
1640330072	1124755617	подвеска на зеркало в машину	1261.0	0.0	780.0	2	YES	NO	YES	NO	2	2	1	MEDIUM	NO
1640330072	1124755617	подвески на зеркало	2.0	0.0	0.0	1	NO	NO	NO	YES	2	2	1	LOW	NO
1640330072	1124755617	руны	812.0	0.0	0.0	1	YES	NO	NO	NO	0	2	0	LOW	NO
1640330072	1124755617	руны подвеска	17.0	0.0	0.0	1	NO	NO	YES	NO	2	2	1	LOW	NO
1640330072	1124755617	руны славянские	344.0	0.0	804.0	2	YES	NO	YES	NO	3	2	1	MEDIUM	NO
1640330072	1124755617	славянские аксессуары	7.0	0.0	0.0	1	NO	NO	YES	NO	3	2	1	LOW	NO
1640330072	1124755617	славянские обереги	1109.0	0.0	0.0	2	YES	YES	NO	NO	3	2	1	MEDIUM	YES
1640330072	1124755617	славянские руны	522.0	0.0	875.0	2	YES	NO	YES	NO	3	2	1	MEDIUM	NO
1640330072	1124755617	славянские украшения	295.0	0.0	0.0	1	YES	NO	NO	NO	3	2	1	LOW	NO
1640330072	1124755617	славянский оберег путник в машину	1.0	0.0	801.0	1	NO	NO	YES	NO	3	2	1	LOW	NO
1640330072	1124755617	талисман в машину на зеркало	16.0	0.0	0.0	1	NO	NO	YES	NO	2	2	1	LOW	NO
1640330072	1124755617	четки в машину	284.0	0.0	0.0	1	YES	NO	NO	NO	2	2	1	LOW	NO
1640334195	1124761013	автомобиля подвеска в зеркало	1.0	0.0	0.0	1	NO	NO	NO	YES	2	2	1	LOW	NO
1640334195	1124761013	амулет в машину на зеркало	10.0	0.0	0.0	1	NO	NO	YES	NO	2	2	1	LOW	NO
1640334195	1124761013	амулет для машины подвеска	1.0	0.0	0.0	1	NO	NO	YES	NO	2	2	1	LOW	NO
1640334195	1124761013	амулет из дерева	1.0	0.0	0.0	1	NO	NO	NO	YES	2	2	1	LOW	NO
1640334195	1124761013	аодвеска зеркало	0.0	0.0	0.0	1	NO	NO	YES	NO	2	2	1	LOW	NO
1640334195	1124761013	борьба подвеска на зеркало	1.0	0.0	0.0	1	NO	NO	YES	NO	2	2	1	LOW	NO
1640334195	1124761013	брелок в машину на зеркало пушистики	0.0	0.0	0.0	1	NO	YES	NO	NO	2	2	1	LOW	NO
1640334195	1124761013	брелоки в машину на зеркало кокошник	1.0	0.0	0.0	1	NO	NO	NO	YES	2	2	1	LOW	NO
1640334195	1124761013	бусина славянские символ	1.0	0.0	0.0	1	NO	NO	NO	YES	3	2	1	LOW	NO
1640334195	1124761013	в авто славянские символы в машину	1.0	0.0	0.0	1	NO	NO	NO	YES	0	0	0	LOW	NO
1640334195	1124761013	в машину подвеска	67.0	0.0	0.0	1	YES	NO	NO	NO	2	2	1	LOW	NO
1640334195	1124761013	вольного борца подвеска в машину	1.0	0.0	0.0	1	NO	NO	NO	YES	2	2	1	LOW	NO
1640334195	1124761013	зеркальный оберег	3.0	0.0	0.0	1	NO	NO	YES	NO	2	2	1	LOW	NO
1640334195	1124761013	значок всеслав	0.0	0.0	0.0	2	NO	YES	NO	YES	0	2	0	MEDIUM	NO
1640334195	1124761013	игрушка на зеркало в машину голова корса	1.0	0.0	0.0	1	NO	NO	YES	NO	2	2	1	LOW	NO
1640334195	1124761013	крест на машину на зеркало	3.0	0.0	0.0	1	NO	NO	YES	NO	0	0	0	LOW	NO
1640334195	1124761013	кулончик с зеркалом оберег	1.0	0.0	0.0	1	NO	NO	NO	YES	2	2	1	LOW	NO
1640334195	1124761013	на зеркало автомобиля подвеска красная	0.0	0.0	0.0	1	NO	YES	NO	NO	2	2	1	LOW	NO
1640334195	1124761013	оберег	699.0	0.0	0.0	1	YES	NO	NO	NO	2	2	1	LOW	NO
1640334195	1124761013	оберег в машину	180.0	0.0	0.0	1	YES	NO	NO	NO	2	2	1	LOW	NO
1640334195	1124761013	оберег для дома	933.0	0.0	0.0	1	YES	NO	NO	NO	2	2	1	LOW	NO
1640334195	1124761013	оберег подвеска в машину	3.0	0.0	0.0	1	NO	NO	NO	YES	2	2	1	LOW	NO
1640334195	1124761013	оберег с зеркалом	5.0	0.0	0.0	1	NO	NO	NO	YES	2	2	1	LOW	NO
1640334195	1124761013	оберег славянский	63.0	0.0	0.0	1	YES	NO	NO	NO	3	2	1	LOW	NO
1640334195	1124761013	обереготсглаза	0.0	0.0	0.0	1	NO	YES	NO	NO	2	2	1	LOW	NO
1640334195	1124761013	подвеска блюрилок в машину женская на зеркало	1.0	0.0	0.0	1	NO	NO	YES	NO	2	2	1	LOW	NO
1640334195	1124761013	подвеска в машину	2315.0	0.0	0.0	1	YES	NO	NO	NO	2	2	1	LOW	NO
1640334195	1124761013	подвеска в машину легионерский шлем	1.0	0.0	0.0	1	NO	NO	NO	YES	0	0	0	LOW	NO
1640334195	1124761013	подвеска в машину мягкий пушистый ежик	0.0	0.0	0.0	1	NO	YES	NO	NO	2	2	1	LOW	NO
1640334195	1124761013	подвеска в машину на зеркало а	0.0	0.0	0.0	1	NO	YES	NO	NO	2	2	1	LOW	NO
1640334195	1124761013	подвеска в машину на зеркало домов	0.0	0.0	0.0	1	NO	YES	NO	NO	2	2	1	LOW	NO
1640334195	1124761013	подвеска в машину на зеркало ма ка крик	0.0	0.0	0.0	1	NO	YES	NO	NO	2	2	1	LOW	NO
1640334195	1124761013	подвеска в машину на зеркало мусульманская сердечка	0.0	0.0	0.0	1	NO	YES	NO	NO	2	2	1	LOW	NO
1640334195	1124761013	подвеска в машину на зеркало юрта	0.0	0.0	0.0	1	NO	NO	YES	NO	2	2	1	LOW	NO
1640334195	1124761013	подвеска для машины перчатка написанными ufc	1.0	0.0	0.0	1	NO	NO	NO	YES	2	2	1	LOW	NO
1640334195	1124761013	подвеска монетки в машину славянский оберег	1.0	0.0	0.0	1	NO	NO	YES	NO	3	2	1	LOW	NO
1640334195	1124761013	подвеска на зеркало автомобиля акула	0.0	0.0	0.0	1	NO	YES	NO	NO	2	2	1	LOW	NO
1640334195	1124761013	подвеска на зеркало в машину	1003.0	0.0	0.0	1	YES	NO	NO	NO	2	2	1	LOW	NO
1640334195	1124761013	подвеска на зеркало славянская	0.0	0.0	0.0	1	NO	YES	NO	NO	3	2	1	LOW	NO
1640334195	1124761013	руны подвеска в машину	0.0	0.0	0.0	1	NO	YES	NO	NO	2	2	1	LOW	NO
1640334195	1124761013	руны славянские бусины	1.0	0.0	0.0	1	NO	NO	NO	YES	3	2	1	LOW	NO
1640334195	1124761013	семейный оберег	40.0	0.0	0.0	1	YES	NO	NO	NO	2	2	1	LOW	NO
1640334195	1124761013	славянские обереги	708.0	0.0	0.0	1	YES	NO	NO	NO	3	2	1	LOW	NO
1640334195	1124761013	славянские обереги мужские	146.0	0.0	0.0	1	YES	NO	NO	NO	3	2	1	LOW	NO
1640334195	1124761013	славянские украшения	292.0	0.0	0.0	1	YES	NO	NO	NO	3	2	1	LOW	NO
1640334195	1124761013	славянскиеобереги	0.0	0.0	0.0	1	NO	YES	NO	NO	3	2	1	LOW	NO
1640334195	1124761013	славянский	108.0	0.0	0.0	1	YES	NO	NO	NO	3	2	1	LOW	NO
1640334195	1124761013	славянский крес	4.0	0.0	0.0	1	NO	NO	YES	NO	3	2	1	LOW	NO
1640334195	1124761013	славянский крест	35.0	0.0	0.0	1	YES	NO	NO	NO	0	0	0	LOW	NO
1640334195	1124761013	славянский оберег	188.0	0.0	0.0	1	YES	NO	NO	NO	3	2	1	LOW	NO
1640334195	1124761013	славянский оберег в машину с	0.0	0.0	0.0	1	NO	YES	NO	NO	3	2	1	LOW	NO
1640334195	1124761013	славянский омулет в машину	2.0	0.0	0.0	1	NO	NO	YES	NO	3	2	1	LOW	NO
1640334195	1124761013	талисман	98.0	0.0	0.0	1	YES	NO	NO	NO	2	2	1	LOW	NO
1640334195	1124761013	термоаппликация славянская	0.0	0.0	0.0	1	NO	YES	NO	NO	3	2	1	LOW	NO
1640334195	1124761013	украшение подвеска в машину	1.0	0.0	0.0	1	NO	NO	NO	YES	2	2	1	LOW	NO
1640334195	1124761013	чепочки в машину	1.0	0.0	0.0	1	NO	NO	YES	NO	2	2	1	LOW	NO
1640334195	1124761013	четки в машину славянские обереги	1.0	0.0	0.0	1	NO	NO	YES	NO	3	2	1	LOW	NO
1640334195	1124761013	четки со славянской символикой	1.0	0.0	0.0	1	NO	NO	YES	NO	3	2	1	LOW	NO
1640334195	1124761013	четки талисман	1.0	0.0	0.0	1	NO	NO	NO	YES	2	2	1	LOW	NO
1640337426	1124764995	аксессуары салона авто	0.0	0.0	0.0	1	NO	YES	NO	NO	2	2	1	LOW	NO
1640337426	1124764995	амулет для защиты	2.0	0.0	0.0	1	NO	NO	NO	YES	2	2	1	LOW	NO
1640337426	1124764995	амулет из дерева	11.0	0.0	0.0	1	NO	NO	NO	YES	2	2	1	LOW	NO
1640337426	1124764995	амулет с рунами	1.0	0.0	0.0	1	NO	NO	YES	NO	2	2	1	LOW	NO
1640337426	1124764995	амулеты для призывать	1.0	0.0	0.0	1	NO	NO	YES	NO	2	2	1	LOW	NO
1640337426	1124764995	ароматизатор в машину хендай крета на зеркало	1.0	0.0	0.0	1	NO	NO	NO	YES	2	2	1	LOW	NO
1640337426	1124764995	бог в машину	1.0	0.0	0.0	1	NO	NO	YES	NO	2	2	1	LOW	NO
1640337426	1124764995	браслет в старо словянский	0.0	0.0	0.0	1	NO	YES	NO	NO	0	2	0	LOW	NO
1640337426	1124764995	браслет мужскойславянское	0.0	0.0	0.0	1	NO	YES	NO	NO	3	2	1	LOW	NO
1640337426	1124764995	браслет с старославянский	1.0	0.0	0.0	1	NO	NO	YES	NO	3	2	1	LOW	NO
1640337426	1124764995	браслет старо словянский	0.0	0.0	0.0	1	NO	YES	NO	NO	0	2	0	LOW	NO
1640337426	1124764995	в машину аксессуары на зеркало подвеска	1.0	0.0	0.0	1	NO	NO	NO	YES	2	2	1	LOW	NO
1640337426	1124764995	в машину амулет	0.0	0.0	0.0	1	NO	YES	NO	NO	2	2	1	LOW	NO
1640337426	1124764995	ведические	9.0	0.0	0.0	1	NO	NO	NO	YES	0	2	0	LOW	NO
1640337426	1124764995	ведический амулет	2.0	0.0	0.0	1	NO	NO	YES	NO	2	2	1	LOW	NO
1640337426	1124764995	велес оберег мужской	1.0	0.0	0.0	1	NO	NO	NO	YES	0	0	0	LOW	NO
1640337426	1124764995	весючка в машину от зглаза на зеркало	1.0	0.0	0.0	1	NO	NO	NO	YES	2	2	1	LOW	NO
1640337426	1124764995	вышивка крестом оберегиславянские	0.0	0.0	0.0	1	NO	YES	NO	NO	3	2	1	LOW	NO
1640337426	1124764995	деревянная шкатулка старославянская	0.0	0.0	0.0	1	NO	YES	NO	NO	3	2	1	LOW	NO
1640337426	1124764995	деревянный оберег славянский	2.0	0.0	0.0	1	NO	NO	NO	YES	3	2	1	LOW	NO
1640337426	1124764995	дорожный оберег славянский	1.0	0.0	0.0	1	NO	NO	YES	NO	3	2	1	LOW	NO
1640337426	1124764995	древние славяне творчество	0.0	0.0	0.0	1	NO	YES	NO	NO	3	2	1	LOW	NO
1640337426	1124764995	дублирующие зеркала на учебный	1.0	0.0	0.0	1	NO	NO	NO	YES	2	2	1	LOW	NO
1640337426	1124764995	дух оберег	1.0	0.0	0.0	1	NO	NO	YES	NO	2	2	1	LOW	NO
1640337426	1124764995	духи	11892.0	0.0	0.0	1	YES	NO	NO	NO	0	2	0	LOW	NO
1640337426	1124764995	еврейская заезда подвеска в машину	0.0	0.0	0.0	1	NO	YES	NO	NO	2	2	1	LOW	NO
1640337426	1124764995	защита оберег в машину	1.0	0.0	0.0	1	NO	NO	YES	NO	2	2	1	LOW	NO
1640337426	1124764995	зеркало	16292.0	0.0	0.0	1	YES	NO	NO	NO	2	2	1	LOW	NO
1640337426	1124764995	зеркало в пол	160.0	0.0	0.0	1	YES	NO	NO	NO	2	2	1	LOW	NO
1640337426	1124764995	коловрат	227.0	0.0	0.0	1	YES	NO	NO	NO	0	2	0	LOW	NO
1640337426	1124764995	костюм мужской старославянский	0.0	0.0	0.0	1	NO	YES	NO	NO	3	2	1	LOW	NO
1640337426	1124764995	кросовславянские	0.0	0.0	0.0	1	NO	YES	NO	NO	3	2	1	LOW	NO
1640337426	1124764995	льняная рубашка старославянская	1.0	0.0	0.0	1	NO	NO	NO	YES	3	2	1	LOW	NO
1640337426	1124764995	медальон старославянская	0.0	0.0	0.0	1	NO	YES	NO	NO	3	2	1	LOW	NO
1640337426	1124764995	межславянский	1.0	0.0	0.0	1	NO	NO	YES	NO	3	2	1	LOW	NO
1640337426	1124764995	мир старославянской	1.0	0.0	0.0	1	NO	NO	NO	YES	3	2	1	LOW	NO
1640337426	1124764995	на зеркало в машину украшение	1.0	0.0	0.0	1	NO	NO	NO	YES	2	2	1	LOW	NO
1640337426	1124764995	на зеркало украшение в машину	1.0	0.0	0.0	1	NO	NO	YES	NO	2	2	1	LOW	NO
1640337426	1124764995	оберег	364.0	0.0	0.0	2	YES	NO	YES	NO	2	2	1	MEDIUM	NO
1640337426	1124764995	оберег в машину	562.0	0.0	0.0	1	YES	NO	NO	NO	2	2	1	LOW	NO
1640337426	1124764995	оберег славянский	142.0	0.0	0.0	2	YES	NO	NO	YES	3	2	1	MEDIUM	NO
1640337426	1124764995	обереги для машины	4.0	0.0	0.0	1	NO	NO	NO	YES	2	2	1	LOW	NO
1640337426	1124764995	обереготсглаза	0.0	0.0	0.0	1	NO	YES	NO	NO	2	2	1	LOW	NO
1640337426	1124764995	платье старосла	0.0	0.0	0.0	1	NO	YES	NO	NO	0	2	0	LOW	NO
1640337426	1124764995	подарок	3413.0	0.0	0.0	1	YES	NO	NO	NO	0	2	0	LOW	NO
1640337426	1124764995	подвеска в машину	3171.0	0.0	0.0	2	YES	NO	NO	YES	2	2	1	MEDIUM	NO
1640337426	1124764995	подвеска в машину новогодняя 2927	1.0	0.0	0.0	1	NO	NO	YES	NO	2	2	1	LOW	NO
1640337426	1124764995	подвеска на зеркало в машину	1190.0	0.0	0.0	1	YES	NO	NO	NO	2	2	1	LOW	NO
1640337426	1124764995	руны	201.0	0.0	0.0	1	YES	NO	NO	NO	0	2	0	LOW	NO
1640337426	1124764995	славянские обереги	874.0	0.0	0.0	2	YES	YES	NO	NO	3	2	1	MEDIUM	YES
1640337426	1124764995	славянские руны	150.0	0.0	0.0	1	YES	NO	NO	NO	3	2	1	LOW	NO
1640337426	1124764995	славянские украшения	316.0	0.0	0.0	1	YES	NO	NO	NO	3	2	1	LOW	NO
1640337426	1124764995	славянский бог	1.0	0.0	0.0	1	NO	NO	YES	NO	3	2	1	LOW	NO
1640337426	1124764995	славянский оберег	331.0	0.0	0.0	1	YES	NO	NO	NO	3	2	1	LOW	NO
1640337426	1124764995	талисман в машину на зеркало	13.0	0.0	0.0	1	NO	NO	YES	NO	2	2	1	LOW	NO
1640337426	1124764995	четки в машину славянские	1.0	0.0	531.0	1	NO	NO	YES	NO	3	2	1	LOW	NO
1720124782	1217110817	enjoy the silence подвеска в машину	1.0	0.0	0.0	1	NO	NO	YES	NO	2	2	1	LOW	NO
1720124782	1217110817	sergio ramos подвеска в машину	1.0	0.0	0.0	1	NO	NO	YES	NO	2	2	1	LOW	NO
1720124782	1217110817	амулет на зеркало оберег в машину	1.0	0.0	0.0	1	NO	NO	NO	YES	2	2	1	LOW	NO
1720124782	1217110817	боковые зеркала на машину спасио 1999	1.0	0.0	0.0	1	NO	NO	NO	YES	2	2	1	LOW	NO
1720124782	1217110817	браслет по знаку зодиака лев	2.0	0.0	0.0	1	NO	NO	YES	NO	0	0	0	LOW	NO
1720124782	1217110817	брелок авто талисман	0.0	0.0	0.0	1	NO	YES	NO	NO	2	2	1	LOW	NO
1720124782	1217110817	брелок в машину на зеркало пушистики	0.0	0.0	0.0	1	NO	YES	NO	NO	2	2	1	LOW	NO
1720124782	1217110817	бусина защита акриловая	1.0	0.0	0.0	1	NO	NO	YES	NO	2	2	1	LOW	NO
1720124782	1217110817	бусина знаки зодиака	1.0	0.0	0.0	1	NO	NO	NO	YES	3	2	1	LOW	NO
1720124782	1217110817	бусина сила веры	1.0	0.0	0.0	1	NO	NO	YES	NO	0	2	0	LOW	NO
1720124782	1217110817	бусины в машину на зеркало	1.0	0.0	0.0	1	NO	NO	NO	YES	2	2	1	LOW	NO
1720124782	1217110817	в машину на зеркало	173.0	0.0	0.0	1	YES	NO	NO	NO	2	2	1	LOW	NO
1720124782	1217110817	в машину подвеска	144.0	0.0	0.0	1	YES	NO	NO	NO	2	2	1	LOW	NO
1720124782	1217110817	висюлька в машину на зеркало мужская 18	1.0	0.0	0.0	1	NO	NO	YES	NO	2	2	1	LOW	NO
1720124782	1217110817	висюлька в машину на зеркало мусульманская на грузовую	0.0	0.0	0.0	1	NO	YES	NO	NO	2	2	1	LOW	NO
1720124782	1217110817	висюльки в машину на зеркало знак диака стрелец	0.0	0.0	0.0	1	NO	YES	NO	NO	5	1	2	LOW	NO
1720124782	1217110817	вымпелы подвески вдв в мошину	1.0	0.0	0.0	1	NO	NO	NO	YES	2	2	1	LOW	NO
1720124782	1217110817	гномика в машину мягкая на зеркало	1.0	0.0	0.0	1	NO	NO	NO	YES	2	2	1	LOW	NO
1720124782	1217110817	демон на машину подвеска на стекло маленькие	0.0	0.0	0.0	1	NO	YES	NO	NO	2	2	1	LOW	NO
1720124782	1217110817	для автомобиля подвеска на зеркало	2.0	0.0	0.0	1	NO	NO	YES	NO	2	2	1	LOW	NO
1720124782	1217110817	для гадания на песке	1.0	0.0	0.0	1	NO	NO	NO	YES	0	2	0	LOW	NO
1720124782	1217110817	железный стрелец	0.0	0.0	0.0	1	NO	YES	NO	NO	4	1	2	LOW	NO
1720124782	1217110817	заец в машину	0.0	0.0	0.0	1	NO	YES	NO	NO	2	2	1	LOW	NO
1720124782	1217110817	зеркало авто подвеска	1.0	0.0	0.0	1	NO	NO	NO	YES	2	2	1	LOW	NO
1720124782	1217110817	зеркало для обгона на праворую машину	1.0	0.0	0.0	1	NO	NO	YES	NO	2	2	1	LOW	NO
1720124782	1217110817	зеркало кулон амулет	1.0	0.0	0.0	1	NO	NO	NO	YES	2	2	1	LOW	NO
1720124782	1217110817	зеркало подвеска	21.0	0.0	0.0	1	NO	NO	NO	YES	2	2	1	LOW	NO
1720124782	1217110817	знак на машину выйду замуж	1.0	0.0	0.0	1	NO	NO	YES	NO	2	2	1	LOW	NO
1720124782	1217110817	знак туфелька блестящая на машину	0.0	0.0	0.0	1	NO	YES	NO	NO	2	2	1	LOW	NO
1720124782	1217110817	знаки зодиака	219.0	0.0	0.0	1	YES	NO	NO	NO	3	2	1	LOW	NO
1720124782	1217110817	игрушка на зеркало в машину пачка сигарет	0.0	0.0	0.0	1	NO	YES	NO	NO	2	2	1	LOW	NO
1720124782	1217110817	игрушки в машину оберег	1.0	0.0	0.0	1	NO	NO	YES	NO	2	2	1	LOW	NO
1720124782	1217110817	колокольчик оберег в машину стрелец	1.0	0.0	0.0	1	NO	NO	YES	NO	5	1	2	LOW	NO
1720124782	1217110817	коннектор стрелец	1.0	0.0	0.0	1	NO	NO	NO	YES	4	1	2	LOW	NO
1720124782	1217110817	кролик стрелец и	0.0	0.0	0.0	1	NO	YES	NO	NO	4	1	1	LOW	NO
1720124782	1217110817	кулон зеркало оберег	83.0	0.0	0.0	1	YES	NO	NO	NO	2	2	1	LOW	NO
1720124782	1217110817	"магазин ""стрелец"	0.0	0.0	0.0	1	NO	YES	NO	NO	4	1	1	LOW	NO
1720124782	1217110817	магические атрибуты	146.0	0.0	0.0	1	YES	NO	NO	NO	0	2	0	LOW	NO
1720124782	1217110817	медведь gac плюшевый в машину на зеркало	1.0	0.0	0.0	1	NO	NO	YES	NO	2	2	1	LOW	NO
1720124782	1217110817	мешочек со смехом подвеска в машину	0.0	0.0	0.0	1	NO	YES	NO	NO	2	2	1	LOW	NO
1720124782	1217110817	на зеркало в машину	96.0	0.0	0.0	1	YES	NO	NO	NO	2	2	1	LOW	NO
1720124782	1217110817	на четки подвеска	1.0	0.0	0.0	1	NO	NO	NO	YES	2	2	1	LOW	NO
1720124782	1217110817	оберег в машинк	1.0	0.0	0.0	1	NO	NO	YES	NO	2	2	1	LOW	NO
1720124782	1217110817	оберег в машину	1153.0	0.0	0.0	1	YES	NO	NO	NO	2	2	1	LOW	NO
1720124782	1217110817	оберег для стрелец опал	1.0	0.0	0.0	1	NO	NO	NO	YES	5	1	2	LOW	NO
1720124782	1217110817	оберег защитный в машину на зеркало	1.0	0.0	0.0	1	NO	NO	NO	YES	2	2	1	LOW	NO
1720124782	1217110817	подвеска бетмен в машину силткон	0.0	0.0	0.0	2	NO	YES	NO	YES	2	2	1	MEDIUM	NO
1720124782	1217110817	подвеска в автомобиль	111.0	0.0	0.0	1	YES	NO	NO	NO	2	2	1	LOW	NO
1720124782	1217110817	подвеска в машину	3171.0	0.0	0.0	1	YES	NO	NO	NO	2	2	1	LOW	NO
1720124782	1217110817	подвеска в машину демон они на четках	0.0	0.0	0.0	1	NO	YES	NO	NO	2	2	1	LOW	NO
1720124782	1217110817	подвеска в машину мужская оберег	1.0	0.0	608.0	1	NO	NO	YES	NO	2	2	1	LOW	NO
1720124782	1217110817	подвеска в машину на зеркало	914.0	0.0	0.0	2	YES	YES	NO	NO	2	2	1	MEDIUM	YES
1720124782	1217110817	подвеска на зеркало в машину	1168.0	0.0	0.0	1	YES	NO	NO	NO	2	2	1	LOW	NO
1720124782	1217110817	подвеска стрелец	129.0	0.0	0.0	1	YES	NO	NO	NO	5	0	2	LOW	NO
1720124782	1217110817	стрелец	690.0	0.0	0.0	1	YES	NO	NO	NO	4	0	1	LOW	NO
1720124782	1217110817	талисман в иашину стрелец	1.0	0.0	563.0	1	NO	NO	YES	NO	5	1	2	LOW	NO
1720124782	1217110817	четки в машину	2612.0	0.0	0.0	1	YES	NO	NO	NO	2	2	1	LOW	NO
1720124782	1217110817	четки в машину на зеркало	355.0	0.0	0.0	1	YES	NO	NO	NO	2	2	1	LOW	NO
1720131759	1217117569	bimbo twins	4.0	0.0	0.0	1	NO	NO	YES	NO	0	2	0	LOW	NO
1720131759	1217117569	авто кресло для близнецов	0.0	0.0	0.0	1	NO	YES	NO	NO	1	1	0	LOW	NO
1720131759	1217117569	аксессуары в машину на зеркало подвеска	1.0	0.0	0.0	1	NO	NO	YES	NO	2	2	1	LOW	NO
1720131759	1217117569	амулет близнецы в машин	0.0	0.0	0.0	1	NO	YES	NO	NO	5	1	2	LOW	NO
1720131759	1217117569	амулет близнецы в машину подвеска	2.0	0.0	0.0	1	NO	NO	NO	YES	5	0	2	LOW	NO
1720131759	1217117569	амулеты обереги и талисманы	160.0	0.0	0.0	1	YES	NO	NO	NO	2	2	1	LOW	NO
1720131759	1217117569	аятол корси на машину на салон зеркало	1.0	0.0	0.0	1	NO	NO	NO	YES	2	2	1	LOW	NO
1720131759	1217117569	бабой яга в машину подвеска	1.0	0.0	0.0	1	NO	NO	NO	YES	2	2	1	LOW	NO
1720131759	1217117569	близнецы	539.0	0.0	0.0	1	YES	NO	NO	NO	4	0	1	LOW	NO
1720131759	1217117569	близнецы драконы	1.0	0.0	0.0	1	NO	NO	NO	YES	4	1	2	LOW	NO
1720131759	1217117569	близнецы подарок в машину	0.0	0.0	0.0	1	NO	YES	NO	NO	5	0	1	LOW	NO
1720131759	1217117569	брелок в машину на зеркало оберег сузуки на камне	1.0	0.0	0.0	1	NO	NO	YES	NO	2	2	1	LOW	NO
1720131759	1217117569	брелок в машину на зеркало пушистики	0.0	0.0	0.0	1	NO	YES	NO	NO	2	2	1	LOW	NO
1720131759	1217117569	брелок на зеркало в машину фемида	0.0	0.0	0.0	1	NO	YES	NO	NO	2	2	1	LOW	NO
1720131759	1217117569	брелок оберег талисман	1.0	0.0	0.0	1	NO	NO	YES	NO	2	2	1	LOW	NO
1720131759	1217117569	брелоки знак зодиака близнецы	1.0	0.0	0.0	1	NO	NO	NO	YES	5	1	2	LOW	NO
1720131759	1217117569	в машину на зеркало	135.0	0.0	0.0	1	YES	NO	NO	NO	2	2	1	LOW	NO
1720131759	1217117569	весы знак зодиака	171.0	0.0	0.0	1	YES	NO	NO	NO	0	0	1	LOW	NO
1720131759	1217117569	вонючка в машину оберег от дпс	1.0	0.0	0.0	1	NO	NO	YES	NO	2	2	1	LOW	NO
1720131759	1217117569	все для близнецов	2.0	0.0	0.0	1	NO	NO	YES	NO	1	1	0	LOW	NO
1720131759	1217117569	деревянные обереги	3.0	0.0	0.0	1	NO	NO	YES	NO	2	2	1	LOW	NO
1720131759	1217117569	зеркала на машину ниссан wingroas боковые	1.0	0.0	0.0	1	NO	NO	NO	YES	2	2	1	LOW	NO
1720131759	1217117569	зеркало	7498.0	0.0	0.0	1	YES	NO	NO	NO	2	2	1	LOW	NO
1720131759	1217117569	зеркало деревянное для творчества	1.0	0.0	0.0	1	NO	NO	YES	NO	2	2	1	LOW	NO
1720131759	1217117569	знак близнецы м	0.0	0.0	0.0	1	NO	YES	NO	NO	4	0	2	LOW	NO
1720131759	1217117569	знак зодиака близнецы сувенир	1.0	0.0	0.0	1	NO	NO	NO	YES	5	1	2	LOW	NO
1720131759	1217117569	знак со стразами учебная машина	1.0	0.0	0.0	1	NO	NO	YES	NO	2	2	1	LOW	NO
1720131759	1217117569	из дерева в машину подвеска	1.0	0.0	0.0	1	NO	NO	NO	YES	2	2	1	LOW	NO
1720131759	1217117569	камень для близнецов	3.0	0.0	0.0	1	NO	NO	YES	NO	1	1	0	LOW	NO
1720131759	1217117569	кружка для близнеца	1.0	0.0	0.0	1	NO	NO	YES	NO	1	1	0	LOW	NO
1720131759	1217117569	кулон близнец	0.0	0.0	0.0	1	NO	YES	NO	NO	1	1	0	LOW	NO
1720131759	1217117569	лада оберег	4.0	0.0	0.0	1	NO	NO	YES	NO	2	2	1	LOW	NO
1720131759	1217117569	ловец снов в машину	17.0	0.0	0.0	1	NO	NO	NO	YES	2	2	1	LOW	NO
1720131759	1217117569	мужчине на день рождения	0.0	0.0	0.0	1	NO	YES	NO	NO	0	2	0	LOW	NO
1720131759	1217117569	мусульманский оберег на веревочке	1.0	0.0	0.0	1	NO	NO	NO	YES	2	2	1	LOW	NO
1720131759	1217117569	на зеркало авто подвеска	12.0	0.0	0.0	1	NO	NO	YES	NO	2	2	1	LOW	NO
1720131759	1217117569	набор	10271.0	0.0	0.0	1	YES	NO	NO	NO	0	2	0	LOW	NO
1720131759	1217117569	оберег	370.0	0.0	0.0	1	YES	NO	NO	NO	2	2	1	LOW	NO
1720131759	1217117569	оберег в машину	157.0	0.0	0.0	1	YES	NO	NO	NO	2	2	1	LOW	NO
1720131759	1217117569	оберег для машины	11.0	0.0	0.0	1	NO	NO	NO	YES	2	2	1	LOW	NO
1720131759	1217117569	обереги и талисманы	126.0	0.0	0.0	1	YES	NO	NO	NO	2	2	1	LOW	NO
1720131759	1217117569	омулет оберегающий в машину	1.0	0.0	0.0	1	NO	NO	NO	YES	2	2	1	LOW	NO
1720131759	1217117569	подвеска близнецы	186.0	0.0	0.0	1	YES	NO	NO	NO	5	0	1	LOW	NO
1720131759	1217117569	подвеска в ладу на зеркало	0.0	0.0	0.0	1	NO	YES	NO	NO	2	2	1	LOW	NO
1720131759	1217117569	подвеска в машину	3171.0	0.0	0.0	1	YES	NO	NO	NO	2	2	1	LOW	NO
1720131759	1217117569	подвеска в машину лучше пешком	1.0	0.0	0.0	1	NO	NO	YES	NO	2	2	1	LOW	NO
1720131759	1217117569	подвеска в машину на зеркало весы	0.0	0.0	0.0	1	NO	YES	NO	NO	0	0	2	LOW	NO
1720131759	1217117569	подвеска в машину на зеркало знак зодиака	0.0	0.0	0.0	1	NO	YES	NO	NO	3	2	1	LOW	NO
1720131759	1217117569	подвеска в машину на зеркало ма ка крик	0.0	0.0	0.0	1	NO	YES	NO	NO	2	2	1	LOW	NO
1720131759	1217117569	подвеска в машину на зеркало оскал тигра	0.0	0.0	0.0	1	NO	YES	NO	NO	2	2	1	LOW	NO
1720131759	1217117569	подвеска на зеркало автомобиля акула	0.0	0.0	0.0	1	NO	YES	NO	NO	2	2	1	LOW	NO
1720131759	1217117569	подвеска на зеркало в машину	1261.0	0.0	0.0	1	YES	NO	NO	NO	2	2	1	LOW	NO
1720131759	1217117569	подвеска на зеркало щущеная голоаа	1.0	0.0	0.0	1	NO	NO	YES	NO	2	2	1	LOW	NO
1720131759	1217117569	подвеска россия на зеркало в машину	1.0	0.0	0.0	1	NO	NO	NO	YES	2	2	1	LOW	NO
1720131759	1217117569	свеча для знака близнецы	1.0	0.0	0.0	1	NO	NO	NO	YES	4	1	2	LOW	NO
1720131759	1217117569	талисман в машину иконка близнецов	1.0	0.0	0.0	1	NO	NO	NO	YES	1	1	0	LOW	NO
1720131759	1217117569	талисман маска для знака зодиака близнецы	0.0	0.0	0.0	1	NO	YES	NO	NO	5	1	2	LOW	NO
1720131759	1217117569	талисманы и обереги	305.0	0.0	0.0	1	YES	NO	NO	NO	2	2	1	LOW	NO
1720131759	1217117569	четки в автомобиль	178.0	0.0	0.0	1	YES	NO	NO	NO	2	2	1	LOW	NO
1720131759	1217117569	четки в машину	137.0	0.0	0.0	1	YES	NO	NO	NO	2	2	1	LOW	NO
1720137256	1217124642	forza кимоно подвеска в машину	1.0	0.0	0.0	1	NO	NO	YES	NO	2	2	1	LOW	NO
1720137256	1217124642	no pasaran подвеска в машину	1.0	0.0	0.0	1	NO	NO	YES	NO	2	2	1	LOW	NO
1720137256	1217124642	автобильные весы	0.0	0.0	0.0	1	NO	YES	NO	NO	5	1	2	LOW	NO
1720137256	1217124642	автомобильное подвеска оберег	1.0	0.0	0.0	1	NO	NO	YES	NO	2	2	1	LOW	NO
1720137256	1217124642	автомобильные весы	23.0	0.0	0.0	1	NO	NO	YES	NO	5	0	2	LOW	NO
1720137256	1217124642	адамас золото знак зодиака	0.0	0.0	0.0	1	NO	YES	NO	NO	3	2	1	LOW	NO
1720137256	1217124642	аксессуары в машину подвесаа зеркал барабан	0.0	0.0	0.0	1	NO	YES	NO	NO	2	2	1	LOW	NO
1720137256	1217124642	амулет в автомобиль на зеркало	1.0	0.0	0.0	1	NO	NO	NO	YES	2	2	1	LOW	NO
1720137256	1217124642	амулет в машину славянский на зеркало	1.0	0.0	0.0	1	NO	NO	YES	NO	0	0	0	LOW	NO
1720137256	1217124642	амулет весы	12.0	0.0	674.0	1	NO	NO	YES	NO	5	0	2	LOW	NO
1720137256	1217124642	амулет на машину на зеркало мужской	1.0	0.0	0.0	1	NO	NO	NO	YES	2	2	1	LOW	NO
1720137256	1217124642	амулеты обереги и талисманы	461.0	0.0	0.0	1	YES	NO	NO	NO	2	2	1	LOW	NO
1720137256	1217124642	амулеты обереги подвеска	0.0	0.0	0.0	1	NO	YES	NO	NO	2	2	1	LOW	NO
1720137256	1217124642	аодвеска зеркало	0.0	0.0	0.0	1	NO	YES	NO	NO	2	2	1	LOW	NO
1720137256	1217124642	балерина в машину подвеска коутящаяся	0.0	0.0	0.0	1	NO	YES	NO	NO	2	2	1	LOW	NO
1720137256	1217124642	блюдо весы знак зодиака	1.0	0.0	0.0	1	NO	NO	NO	YES	5	1	2	LOW	NO
1720137256	1217124642	брелок в машину славянский	1.0	0.0	0.0	1	NO	NO	YES	NO	0	0	0	LOW	NO
1720137256	1217124642	брелок на автомобиль на зеркало	1.0	0.0	0.0	1	NO	NO	NO	YES	2	2	1	LOW	NO
1720137256	1217124642	брелок славянский оберег	16.0	0.0	0.0	1	NO	NO	YES	NO	0	0	1	LOW	NO
1720137256	1217124642	брилки с знаком зодиака весы	1.0	0.0	0.0	1	NO	NO	NO	YES	5	1	2	LOW	NO
1720137256	1217124642	брошка знак зодиака весы	1.0	0.0	0.0	1	NO	NO	YES	NO	5	1	2	LOW	NO
1720137256	1217124642	бусы в машину на зеркало лада спорт	0.0	0.0	0.0	1	NO	YES	NO	NO	2	2	1	LOW	NO
1720137256	1217124642	бусы оберег	0.0	0.0	0.0	1	NO	YES	NO	NO	2	2	1	LOW	NO
1720137256	1217124642	в автомобиль на зеркало подвеска	1.0	0.0	0.0	1	NO	NO	YES	NO	2	2	1	LOW	NO
1720137256	1217124642	в машину амулет	0.0	0.0	0.0	1	NO	YES	NO	NO	2	2	1	LOW	NO
1720137256	1217124642	в машину на зеркало	183.0	0.0	0.0	1	YES	NO	NO	NO	2	2	1	LOW	NO
1720137256	1217124642	в машину на зеркало подвеска четки	1.0	0.0	0.0	1	NO	NO	YES	NO	2	2	1	LOW	NO
1720137256	1217124642	в машину на удачу очень на счастье	1.0	0.0	0.0	1	NO	NO	NO	YES	2	2	1	LOW	NO
1720137256	1217124642	в машину подвеска	187.0	0.0	0.0	1	YES	NO	NO	NO	2	2	1	LOW	NO
1720137256	1217124642	в машину подвеска на руль автомобиля	1.0	0.0	0.0	1	NO	NO	NO	YES	2	2	1	LOW	NO
1720137256	1217124642	весы	14148.0	0.0	0.0	1	YES	NO	NO	NO	4	0	1	LOW	NO
1720137256	1217124642	весы знак зодиака	250.0	0.0	0.0	1	YES	NO	NO	NO	5	0	1	LOW	NO
1720137256	1217124642	виктор знак зодиака весы	1.0	0.0	0.0	1	NO	NO	NO	YES	5	1	2	LOW	NO
1720137256	1217124642	висюлька в машину на зеркало лысый кот	1.0	0.0	0.0	1	NO	NO	NO	YES	2	2	1	LOW	NO
1720137256	1217124642	горький перец брелок в машину на зеркало	1.0	0.0	0.0	1	NO	NO	NO	YES	2	2	1	LOW	NO
1720137256	1217124642	джон таварес в машину на зеркало	0.0	0.0	0.0	1	NO	YES	NO	NO	2	2	1	LOW	NO
1720137256	1217124642	для автомобиля подвеска	2.0	0.0	0.0	1	NO	NO	NO	YES	2	2	1	LOW	NO
1720137256	1217124642	для машины в салон на зеркало подвескп	0.0	0.0	0.0	1	NO	NO	YES	NO	2	2	1	LOW	NO
1720137256	1217124642	домовенок в тележке оберег	0.0	0.0	0.0	1	NO	YES	NO	NO	2	2	1	LOW	NO
1720137256	1217124642	дорожный знак в авто	0.0	0.0	0.0	1	NO	YES	NO	NO	2	2	1	LOW	NO
1720137256	1217124642	зеркало	14996.0	0.0	0.0	1	YES	NO	NO	NO	2	2	1	LOW	NO
1720137256	1217124642	зеркальная защита амулет	11.0	0.0	0.0	1	NO	NO	NO	YES	2	2	1	LOW	NO
1720137256	1217124642	знак туфелька блестящая на машину	0.0	0.0	0.0	1	NO	YES	NO	NO	2	2	1	LOW	NO
1720137256	1217124642	камень талисман в машину	0.0	0.0	0.0	1	NO	YES	NO	NO	2	2	1	LOW	NO
1720137256	1217124642	кулончик весы	1.0	0.0	0.0	1	NO	NO	NO	YES	4	1	2	LOW	NO
1720137256	1217124642	оберег	1064.0	0.0	0.0	1	YES	NO	NO	NO	2	2	1	LOW	NO
1720137256	1217124642	оберег в машину	210.0	0.0	0.0	1	YES	NO	NO	NO	2	2	1	LOW	NO
1720137256	1217124642	подвеска в машину	7092.0	0.0	0.0	1	YES	NO	NO	NO	2	2	1	LOW	NO
1720137256	1217124642	подвеска в машину на зеркало	6256.0	0.0	0.0	2	YES	YES	NO	NO	2	2	1	MEDIUM	YES
1720137256	1217124642	подвеска весы	233.0	0.0	0.0	1	YES	NO	NO	NO	5	0	1	LOW	NO
1720137256	1217124642	подвеска на зеркало в машину	1288.0	0.0	633.0	2	YES	NO	YES	NO	2	2	1	MEDIUM	NO
1720137256	1217124642	подвеска на зеркало девушка аниме	1.0	0.0	578.0	1	NO	NO	YES	NO	2	2	1	LOW	NO
1720137256	1217124642	подвеска оберег в машину на зеркало	2.0	0.0	0.0	1	NO	NO	YES	NO	2	2	1	LOW	NO
1720137256	1217124642	четки в автомобиль	395.0	0.0	0.0	2	YES	NO	NO	YES	2	2	1	MEDIUM	NO
1720137256	1217124642	четки в машину	2492.0	0.0	0.0	1	YES	NO	NO	NO	2	2	1	LOW	NO
1720137256	1217124642	четки в машину на зеркало	311.0	0.0	0.0	2	YES	NO	NO	YES	2	2	1	MEDIUM	NO
1720141903	1217129635	sex seven подвеска в машину	1.0	0.0	0.0	1	NO	NO	NO	YES	2	2	1	LOW	NO
1720141903	1217129635	автомобиль кулон на зеркало	1.0	0.0	0.0	1	NO	NO	NO	YES	2	2	1	LOW	NO
1720141903	1217129635	авторучка шариковая знаки зодиака	1.0	0.0	0.0	1	NO	NO	NO	YES	3	2	1	LOW	NO
1720141903	1217129635	адамас золото знак зодиака	0.0	0.0	0.0	1	NO	YES	NO	NO	3	2	1	LOW	NO
1720141903	1217129635	аксессуары в машину подвесаа зеркал барабан	0.0	0.0	0.0	2	NO	YES	NO	YES	2	2	1	MEDIUM	NO
1720141903	1217129635	амулет бусина	0.0	0.0	0.0	1	NO	YES	NO	NO	2	2	1	LOW	NO
1720141903	1217129635	амулеты обереги для водолея на руку	2.0	0.0	0.0	1	NO	NO	NO	YES	2	2	1	LOW	NO
1720141903	1217129635	амулеты обереги и талисманы	391.0	0.0	0.0	1	YES	NO	NO	NO	2	2	1	LOW	NO
1720141903	1217129635	бподвеска в машину	1.0	0.0	0.0	1	NO	NO	NO	YES	2	2	1	LOW	NO
1720141903	1217129635	браслет на руку водолея	1.0	0.0	0.0	1	NO	NO	YES	NO	0	2	0	LOW	NO
1720141903	1217129635	браслет оберег для водолея	11.0	0.0	0.0	1	NO	NO	NO	YES	2	2	1	LOW	NO
1720141903	1217129635	браслет' обеоег для водолея	1.0	0.0	0.0	1	NO	NO	YES	NO	0	2	0	LOW	NO
1720141903	1217129635	брелок в машину оберег	1.0	0.0	0.0	1	NO	NO	NO	YES	2	2	1	LOW	NO
1720141903	1217129635	брелок водолей телефон	0.0	0.0	0.0	1	NO	YES	NO	NO	4	1	2	LOW	NO
1720141903	1217129635	бусина знак зодиака	3.0	0.0	0.0	1	NO	NO	YES	NO	3	2	1	LOW	NO
1720141903	1217129635	бусина знаки	0.0	0.0	0.0	1	NO	YES	NO	NO	0	2	0	LOW	NO
1720141903	1217129635	бусина талисман	1.0	0.0	0.0	1	NO	NO	NO	YES	2	2	1	LOW	NO
1720141903	1217129635	бусы в машину на зеркало лада спорт	0.0	0.0	0.0	1	NO	YES	NO	NO	2	2	1	LOW	NO
1720141903	1217129635	бусы оберег	0.0	0.0	0.0	1	NO	YES	NO	NO	2	2	1	LOW	NO
1720141903	1217129635	в машину на зеркало	112.0	0.0	0.0	1	YES	NO	NO	NO	2	2	1	LOW	NO
1720141903	1217129635	в машину подвеска	238.0	0.0	0.0	1	YES	NO	NO	NO	2	2	1	LOW	NO
1720141903	1217129635	висюлька на зеркало в машину белая пушистая	0.0	0.0	0.0	1	NO	YES	NO	NO	2	2	1	LOW	NO
1720141903	1217129635	водоклей	1.0	0.0	0.0	1	NO	NO	YES	NO	0	2	0	LOW	NO
1720141903	1217129635	водолей	855.0	0.0	0.0	1	YES	NO	NO	NO	4	0	1	LOW	NO
1720141903	1217129635	водолей кулон женский	1.0	0.0	0.0	1	NO	NO	YES	NO	4	1	2	LOW	NO
1720141903	1217129635	водолей на распрыскиватель заачасти	0.0	0.0	0.0	2	NO	YES	NO	YES	4	1	2	MEDIUM	NO
1720141903	1217129635	водолей одежда мужская	1.0	0.0	0.0	1	NO	NO	YES	NO	4	1	2	LOW	NO
1720141903	1217129635	водолей подвеска с камнем	1.0	0.0	0.0	1	NO	NO	YES	NO	5	1	2	LOW	NO
1720141903	1217129635	год оф ва на зеркало в машину	1.0	0.0	0.0	1	NO	NO	NO	YES	2	2	1	LOW	NO
1720141903	1217129635	дерево граб подвеска на зеркало в машину	0.0	0.0	0.0	1	NO	YES	NO	NO	2	2	1	LOW	NO
1720141903	1217129635	деревянный оберег	9.0	0.0	0.0	1	NO	NO	NO	YES	2	2	1	LOW	NO
1720141903	1217129635	для гаданий зеркало	1.0	0.0	0.0	1	NO	NO	YES	NO	2	2	1	LOW	NO
1720141903	1217129635	зеркало мелонг	1.0	0.0	0.0	1	NO	NO	YES	NO	2	2	1	LOW	NO
1720141903	1217129635	зеркальные знаки	0.0	0.0	0.0	1	NO	YES	NO	NO	2	2	1	LOW	NO
1720141903	1217129635	знак зодика деревянный	1.0	0.0	0.0	1	NO	NO	NO	YES	0	2	0	LOW	NO
1720141903	1217129635	знаки зодиака	111.0	0.0	0.0	1	YES	NO	NO	NO	3	2	1	LOW	NO
1720141903	1217129635	кулон зеркало оберег	164.0	0.0	0.0	1	YES	NO	NO	NO	2	2	1	LOW	NO
1720141903	1217129635	кулоны знаки зодиака набор	1.0	0.0	0.0	1	NO	NO	NO	YES	3	2	1	LOW	NO
1720141903	1217129635	методическая подвеска рекстон на зеркало	0.0	0.0	0.0	1	NO	YES	NO	NO	2	2	1	LOW	NO
1720141903	1217129635	молд водолей	2.0	0.0	0.0	1	NO	NO	YES	NO	4	1	2	LOW	NO
1720141903	1217129635	мусульманский оберег	118.0	0.0	0.0	1	YES	NO	NO	NO	2	2	1	LOW	NO
1720141903	1217129635	на зеркало подвеска	19.0	0.0	0.0	1	NO	NO	YES	NO	2	2	1	LOW	NO
1720141903	1217129635	оберег в машину	258.0	0.0	0.0	1	YES	NO	NO	NO	2	2	1	LOW	NO
1720141903	1217129635	обереготсглаза	0.0	0.0	0.0	1	NO	YES	NO	NO	2	2	1	LOW	NO
1720141903	1217129635	подвеска в автомобиль	79.0	0.0	0.0	1	NO	NO	NO	YES	2	2	1	LOW	NO
1720141903	1217129635	подвеска в машину	7092.0	0.0	756.0	2	YES	NO	YES	NO	2	2	1	MEDIUM	NO
1720141903	1217129635	подвеска в машину коза	2.0	0.0	0.0	1	NO	NO	YES	NO	2	2	1	LOW	NO
1720141903	1217129635	подвеска в машину на зеркало	1560.0	0.0	0.0	2	YES	YES	NO	NO	2	2	1	MEDIUM	YES
1720141903	1217129635	подвеска водолей	93.0	0.0	0.0	1	YES	NO	NO	NO	5	0	1	LOW	NO
1720141903	1217129635	подвеска на зеркало автомобиля	97.0	0.0	0.0	1	YES	NO	NO	NO	2	2	1	LOW	NO
1720141903	1217129635	подвеска на зеркало в машину	1288.0	0.0	0.0	1	YES	NO	NO	NO	2	2	1	LOW	NO
1720141903	1217129635	талисман - подвеска на зеркало в машину. знак зодиака	1.0	0.0	832.0	1	NO	NO	YES	NO	3	2	1	LOW	NO
1720141903	1217129635	четки в автомобиль	395.0	0.0	0.0	1	YES	NO	NO	NO	2	2	1	LOW	NO
1720141903	1217129635	четки в автомобиль водооей	0.0	0.0	799.0	2	NO	YES	YES	NO	2	2	1	MEDIUM	NO
1720141903	1217129635	четки в машину	284.0	0.0	0.0	1	YES	NO	NO	NO	2	2	1	LOW	NO
1720144370	1217132021	аварийный знак в машину на липучке вбогажник	1.0	0.0	0.0	1	NO	NO	YES	NO	2	2	1	LOW	NO
1720144370	1217132021	автомобиля на зеркало украшение	1.0	0.0	0.0	1	NO	NO	YES	NO	2	2	1	LOW	NO
1720144370	1217132021	аксессуары в машину подвесаа зеркал барабан	0.0	0.0	0.0	1	NO	YES	NO	NO	2	2	1	LOW	NO
1720144370	1217132021	амулет подвеска талисман	1.0	0.0	0.0	1	NO	NO	NO	YES	2	2	1	LOW	NO
1720144370	1217132021	амулеты обереги и талисманы	260.0	0.0	0.0	1	YES	NO	NO	NO	2	2	1	LOW	NO
1720144370	1217132021	аодвеска зеркало	0.0	0.0	0.0	1	NO	YES	NO	NO	2	2	1	LOW	NO
1720144370	1217132021	боковые зеркала на машину спасио 1999	1.0	0.0	0.0	1	NO	NO	NO	YES	2	2	1	LOW	NO
1720144370	1217132021	брелок дева	38.0	0.0	0.0	1	NO	NO	NO	YES	4	1	2	LOW	NO
1720144370	1217132021	брелок для машины на зеркало спарашутом	1.0	0.0	0.0	1	NO	NO	NO	YES	2	2	1	LOW	NO
1720144370	1217132021	брелок знаки зодиака	13.0	0.0	0.0	1	NO	NO	NO	YES	3	2	1	LOW	NO
1720144370	1217132021	брелок подвеска дева	1.0	0.0	0.0	1	NO	NO	NO	YES	5	1	2	LOW	NO
1720144370	1217132021	бусины талисманы	2.0	0.0	0.0	1	NO	NO	NO	YES	2	2	1	LOW	NO
1720144370	1217132021	в машину подвеска	123.0	0.0	0.0	1	YES	NO	NO	NO	2	2	1	LOW	NO
1720144370	1217132021	висюлька на зеркало в машину белая пушистая	0.0	0.0	0.0	1	NO	YES	NO	NO	2	2	1	LOW	NO
1720144370	1217132021	дев	7.0	0.0	0.0	1	NO	NO	YES	NO	0	0	0	LOW	NO
1720144370	1217132021	дева	2094.0	0.0	0.0	1	YES	NO	NO	NO	4	0	1	LOW	NO
1720144370	1217132021	дева зеркальце	0.0	0.0	0.0	1	NO	YES	NO	NO	5	1	2	LOW	NO
1720144370	1217132021	дева знак зодиака	316.0	0.0	0.0	1	YES	NO	NO	NO	5	0	1	LOW	NO
1720144370	1217132021	дева знак зодиака для девочки в машину	1.0	0.0	0.0	1	NO	NO	NO	YES	5	1	2	LOW	NO
1720144370	1217132021	дева знак зодиака огненная серия	1.0	0.0	0.0	1	NO	NO	NO	YES	5	1	2	LOW	NO
1720144370	1217132021	дева знак золиака свитшот	0.0	0.0	0.0	1	NO	YES	NO	NO	4	1	2	LOW	NO
1720144370	1217132021	дева талисман	13.0	0.0	0.0	1	NO	NO	NO	YES	5	0	2	LOW	NO
1720144370	1217132021	дева четки в машину	1.0	0.0	613.0	1	NO	NO	YES	NO	5	0	2	LOW	NO
1720144370	1217132021	демон на машину подвеска на стекло маленькие	0.0	0.0	0.0	1	NO	NO	YES	NO	2	2	1	LOW	NO
1720144370	1217132021	джон таварес в машину на зеркало	0.0	0.0	0.0	1	NO	YES	NO	NO	2	2	1	LOW	NO
1720144370	1217132021	для автомобиля подвеска на зеркало	2.0	0.0	0.0	1	NO	NO	YES	NO	2	2	1	LOW	NO
1720144370	1217132021	для знака зодиака дева	0.0	0.0	0.0	1	NO	YES	NO	NO	5	1	2	LOW	NO
1720144370	1217132021	доллар деревянный в машину подвеска на зеркало	1.0	0.0	0.0	1	NO	NO	NO	YES	2	2	1	LOW	NO
1720144370	1217132021	дорожный знак в авто	0.0	0.0	0.0	1	NO	YES	NO	NO	2	2	1	LOW	NO
1720144370	1217132021	зеркало для деву	0.0	0.0	0.0	1	NO	YES	NO	NO	2	2	1	LOW	NO
1720144370	1217132021	знак зодиака дева	366.0	0.0	0.0	1	YES	NO	NO	NO	5	0	1	LOW	NO
1720144370	1217132021	знак зодиака дева подвеска на шею	1.0	0.0	0.0	1	NO	NO	NO	YES	5	1	2	LOW	NO
1720144370	1217132021	знак зодиака постер дева	1.0	0.0	0.0	1	NO	NO	YES	NO	5	1	2	LOW	NO
1720144370	1217132021	кулон дева в машину	0.0	0.0	0.0	1	NO	YES	NO	NO	5	1	1	LOW	NO
1720144370	1217132021	кулон зеркало оберег	54.0	0.0	0.0	1	NO	NO	YES	NO	2	2	1	LOW	NO
1720144370	1217132021	ладанка оберег в машину на зеркало	2.0	0.0	0.0	1	NO	NO	YES	NO	2	2	1	LOW	NO
1720144370	1217132021	маленький оберев машину	0.0	0.0	0.0	1	NO	NO	YES	NO	2	2	1	LOW	NO
1720144370	1217132021	методическая подвеска рекстон на зеркало	0.0	0.0	0.0	1	NO	YES	NO	NO	2	2	1	LOW	NO
1720144370	1217132021	мусульманский оберег в машину на клею	1.0	0.0	0.0	1	NO	NO	YES	NO	2	2	1	LOW	NO
1720144370	1217132021	на зеркало в машину подвеска дева	0.0	0.0	0.0	1	NO	NO	YES	NO	5	0	1	LOW	NO
1720144370	1217132021	необычный обвес в машину на зеркало	0.0	0.0	0.0	1	NO	YES	NO	NO	2	2	1	LOW	NO
1720144370	1217132021	оберег	2449.0	0.0	0.0	1	YES	NO	NO	NO	2	2	1	LOW	NO
1720144370	1217132021	оберег в машину	118.0	0.0	0.0	2	YES	YES	NO	NO	2	2	1	MEDIUM	YES
1720144370	1217132021	оберег в машину на зеркало женский	0.0	0.0	0.0	1	NO	YES	NO	NO	2	2	1	LOW	NO
1720144370	1217132021	обереги из дерева	2.0	0.0	0.0	1	NO	NO	NO	YES	2	2	1	LOW	NO
1720144370	1217132021	подарок для девы	366.0	0.0	0.0	1	YES	NO	NO	NO	0	2	0	LOW	NO
1720144370	1217132021	подвеска в зеркало в авто	1.0	0.0	0.0	1	NO	NO	NO	YES	2	2	1	LOW	NO
1720144370	1217132021	подвеска в машину	3171.0	0.0	0.0	1	YES	NO	NO	NO	2	2	1	LOW	NO
1720144370	1217132021	подвеска в машину дева	1.0	0.0	673.0	1	NO	NO	YES	NO	5	0	1	LOW	NO
1720144370	1217132021	подвеска дева	368.0	0.0	0.0	1	YES	NO	NO	NO	5	0	1	LOW	NO
1720144370	1217132021	подвеска на зеркало в машину	1261.0	0.0	0.0	1	YES	NO	NO	NO	2	2	1	LOW	NO
1720144370	1217132021	подвеска на зеркало татарское	1.0	0.0	603.0	1	NO	NO	YES	NO	2	2	1	LOW	NO
1720144370	1217132021	талисман в машину мужской	8.0	0.0	0.0	1	NO	NO	NO	YES	2	2	1	LOW	NO
1720144370	1217132021	талисман дева	23.0	0.0	0.0	1	NO	NO	YES	NO	5	0	1	LOW	NO
1720144370	1217132021	четки	796.0	0.0	0.0	1	YES	NO	NO	NO	2	2	1	LOW	NO
1720144370	1217132021	четки в автомобиль	178.0	0.0	0.0	1	YES	NO	NO	NO	2	2	1	LOW	NO
1720144370	1217132021	четки в машину	284.0	0.0	0.0	1	YES	NO	NO	NO	2	2	1	LOW	NO
1720144370	1217132021	четки в машину на зеркало	184.0	0.0	0.0	1	YES	NO	NO	NO	2	2	1	LOW	NO
1720144370	1217132021	что - то для девы	0.0	0.0	0.0	1	NO	YES	NO	NO	0	2	0	LOW	NO
1720147059	1217135724	аксессуары в машину подвесаа зеркал барабан	0.0	0.0	0.0	1	NO	YES	NO	NO	2	2	1	LOW	NO
1720147059	1217135724	амулеты обереги и талисманы	199.0	0.0	0.0	2	YES	YES	NO	NO	2	2	1	MEDIUM	YES
1720147059	1217135724	ароматизатор в машину версус на зеркало	1.0	0.0	0.0	1	NO	NO	YES	NO	2	2	1	LOW	NO
1720147059	1217135724	брелок коза	249.0	0.0	0.0	1	YES	NO	NO	NO	0	2	0	LOW	NO
1720147059	1217135724	брелок козерог мягкий	1.0	0.0	0.0	1	NO	NO	NO	YES	4	1	2	LOW	NO
1720147059	1217135724	брелок офицер пупсик в машину на зеркало	1.0	0.0	0.0	1	NO	NO	NO	YES	2	2	1	LOW	NO
1720147059	1217135724	брошь оберег для козерога	1.0	0.0	0.0	1	NO	NO	YES	NO	1	1	0	LOW	NO
1720147059	1217135724	в машину на заруало	0.0	0.0	0.0	1	NO	YES	NO	NO	2	2	1	LOW	NO
1720147059	1217135724	в машину на зеркало	168.0	0.0	0.0	1	YES	NO	NO	NO	2	2	1	LOW	NO
1720147059	1217135724	в машину подвеска	182.0	0.0	0.0	1	YES	NO	NO	NO	2	2	1	LOW	NO
1720147059	1217135724	в машину. подвеска	1.0	0.0	0.0	1	NO	NO	NO	YES	2	2	1	LOW	NO
1720147059	1217135724	висюлька в машину на зеркало мужская 18	1.0	0.0	0.0	1	NO	NO	NO	YES	2	2	1	LOW	NO
1720147059	1217135724	восклицательный знак на машину в красном треугольнике	0.0	0.0	0.0	1	NO	YES	NO	NO	2	2	1	LOW	NO
1720147059	1217135724	гексаграмма козерог	0.0	0.0	0.0	1	NO	YES	NO	NO	4	1	2	LOW	NO
1720147059	1217135724	денежная карта талисман козерог	1.0	0.0	0.0	1	NO	NO	NO	YES	5	1	2	LOW	NO
1720147059	1217135724	для автомобиля подвеска на зеркало	2.0	0.0	0.0	1	NO	NO	NO	YES	2	2	1	LOW	NO
1720147059	1217135724	для машины в салон на зеркало подвескп	0.0	0.0	0.0	1	NO	YES	NO	NO	2	2	1	LOW	NO
1720147059	1217135724	еврейская заезда подвеска в машину	0.0	0.0	0.0	1	NO	YES	NO	NO	2	2	1	LOW	NO
1720147059	1217135724	задиака знаки	1.0	0.0	0.0	1	NO	NO	YES	NO	0	2	0	LOW	NO
1720147059	1217135724	зеркало	14874.0	0.0	0.0	1	YES	NO	NO	NO	2	2	1	LOW	NO
1720147059	1217135724	зеркало в пол	160.0	0.0	0.0	1	YES	NO	NO	NO	2	2	1	LOW	NO
1720147059	1217135724	зеркало на машину киа риа боковое	1.0	0.0	0.0	1	NO	NO	NO	YES	2	2	1	LOW	NO
1720147059	1217135724	зеркало на праворукую машину на встречку	0.0	0.0	0.0	1	NO	YES	NO	NO	2	2	1	LOW	NO
1720147059	1217135724	зеркало сдвижное на щиток	1.0	0.0	0.0	1	NO	NO	NO	YES	2	2	1	LOW	NO
1720147059	1217135724	зеркальные знаки	0.0	0.0	0.0	1	NO	YES	NO	NO	2	2	1	LOW	NO
1720147059	1217135724	знак везу мужана машину	1.0	0.0	0.0	1	NO	NO	YES	NO	2	2	1	LOW	NO
1720147059	1217135724	знак задиака девы на торт	0.0	0.0	0.0	1	NO	YES	NO	NO	0	2	0	LOW	NO
1720147059	1217135724	знак зодиака козерог фигурки	1.0	0.0	0.0	1	NO	NO	YES	NO	5	1	2	LOW	NO
1720147059	1217135724	знак козерога серебро	0.0	0.0	0.0	1	NO	YES	NO	NO	1	1	0	LOW	NO
1720147059	1217135724	знак на авто дорожный	1.0	0.0	0.0	1	NO	NO	YES	NO	2	2	1	LOW	NO
1720147059	1217135724	знаки зодиака	212.0	0.0	0.0	1	YES	NO	NO	NO	3	2	1	LOW	NO
1720147059	1217135724	игрушка мягка обезьяна в машину на зеркало	1.0	0.0	0.0	1	NO	NO	YES	NO	2	2	1	LOW	NO
1720147059	1217135724	картины со знаком зодиака козерог	0.0	0.0	0.0	1	NO	YES	NO	NO	5	1	1	LOW	NO
1720147059	1217135724	козерог	842.0	0.0	463.0	2	YES	NO	YES	NO	4	0	1	MEDIUM	NO
1720147059	1217135724	козерог мужской	3.0	0.0	0.0	1	NO	NO	NO	YES	4	0	2	LOW	NO
1720147059	1217135724	козерог подвеска	107.0	0.0	0.0	1	YES	NO	NO	NO	5	0	1	LOW	NO
1720147059	1217135724	красивая подвеска в машину для	1.0	0.0	0.0	1	NO	NO	NO	YES	2	2	1	LOW	NO
1720147059	1217135724	красивые зеркало в авто	0.0	0.0	0.0	1	NO	NO	YES	NO	2	2	1	LOW	NO
1720147059	1217135724	кулон зодиакальный козерог	1.0	0.0	0.0	1	NO	NO	YES	NO	5	1	2	LOW	NO
1720147059	1217135724	медальон козерог	1.0	0.0	0.0	1	NO	NO	NO	YES	4	1	2	LOW	NO
1720147059	1217135724	молд козерог	2.0	0.0	0.0	1	NO	NO	NO	YES	4	1	2	LOW	NO
1720147059	1217135724	оберег в машину	1190.0	0.0	0.0	1	YES	NO	NO	NO	2	2	1	LOW	NO
1720147059	1217135724	оберег деревянный	9.0	0.0	0.0	1	NO	NO	NO	YES	2	2	1	LOW	NO
1720147059	1217135724	оберег зеркальный	1.0	0.0	0.0	1	NO	NO	YES	NO	2	2	1	LOW	NO
1720147059	1217135724	обереготсглаза	0.0	0.0	0.0	1	NO	YES	NO	NO	2	2	1	LOW	NO
1720147059	1217135724	подарок для козерога	2.0	0.0	0.0	1	NO	NO	YES	NO	1	0	0	LOW	NO
1720147059	1217135724	подвеска в машину	3171.0	0.0	0.0	1	YES	NO	NO	NO	2	2	1	LOW	NO
1720147059	1217135724	подвеска в машину на зеркало	0.0	0.0	0.0	1	NO	YES	NO	NO	2	2	1	LOW	NO
1720147059	1217135724	подвеска знак зодиака набор	2.0	0.0	0.0	1	NO	NO	NO	YES	3	2	1	LOW	NO
1720147059	1217135724	подвеска козерог	194.0	0.0	0.0	1	YES	NO	NO	NO	5	0	1	LOW	NO
1720147059	1217135724	подвеска на зеркало в машину	1177.0	0.0	0.0	1	YES	NO	NO	NO	2	2	1	LOW	NO
1720147059	1217135724	подвески знаки зодиака	3.0	0.0	0.0	1	NO	NO	NO	YES	3	2	1	LOW	NO
1720147059	1217135724	подвестка в машину	10.0	0.0	0.0	1	NO	NO	YES	NO	2	2	1	LOW	NO
1720147059	1217135724	талисманы и обереги	84.0	0.0	0.0	1	NO	NO	YES	NO	2	2	1	LOW	NO
1720147059	1217135724	четки в автомобиль	178.0	0.0	0.0	1	YES	NO	NO	NO	2	2	1	LOW	NO
1720147059	1217135724	четки в машину	661.0	0.0	0.0	1	YES	NO	NO	NO	2	2	1	LOW	NO
1720147059	1217135724	четки в машину козерог	0.0	0.0	690.0	2	NO	YES	YES	NO	5	0	2	MEDIUM	NO
1720148880	1217137863	аксессуары в машину подвесаа зеркал барабан	0.0	0.0	0.0	1	NO	YES	NO	NO	2	2	1	LOW	NO
1720148880	1217137863	амулет	458.0	0.0	0.0	1	YES	NO	NO	NO	2	2	1	LOW	NO
1720148880	1217137863	амулет - подвеска на зеркало в машину	1.0	0.0	0.0	1	NO	NO	NO	YES	2	2	1	LOW	NO
1720148880	1217137863	амулет деревянный	1.0	0.0	0.0	1	NO	NO	YES	NO	2	2	1	LOW	NO
1720148880	1217137863	амулет для магии черной	0.0	0.0	0.0	1	NO	YES	NO	NO	2	2	1	LOW	NO
1720148880	1217137863	амулет зеркальный	4.0	0.0	0.0	1	NO	NO	NO	YES	2	2	1	LOW	NO
1720148880	1217137863	амулеты обереги и талисманы	324.0	0.0	0.0	1	YES	NO	NO	NO	2	2	1	LOW	NO
1720148880	1217137863	амулеты обереги и талисманы для овна	1.0	0.0	0.0	1	NO	NO	NO	YES	2	2	1	LOW	NO
1720148880	1217137863	аодвеска зеркало	0.0	0.0	0.0	1	NO	YES	NO	NO	2	2	1	LOW	NO
1720148880	1217137863	браслет на зеркало	1.0	0.0	0.0	1	NO	NO	YES	NO	2	2	1	LOW	NO
1720148880	1217137863	браслетик оберег для овна	0.0	0.0	0.0	1	NO	YES	NO	NO	2	2	1	LOW	NO
1720148880	1217137863	брелок в машину на зеркало	205.0	0.0	0.0	1	YES	NO	NO	NO	2	2	1	LOW	NO
1720148880	1217137863	брелок в машину на зеркало пушистики	0.0	0.0	0.0	1	NO	YES	NO	NO	2	2	1	LOW	NO
1720148880	1217137863	брелок коза в машину на зеркало	1.0	0.0	0.0	1	NO	NO	NO	YES	2	2	1	LOW	NO
1720148880	1217137863	брилок овен	1.0	0.0	0.0	1	NO	NO	YES	NO	4	1	2	LOW	NO
1720148880	1217137863	бусина овен	2.0	0.0	0.0	1	NO	NO	YES	NO	4	1	2	LOW	NO
1720148880	1217137863	бусина от сглаза на зеркало машины	0.0	0.0	0.0	1	NO	YES	NO	NO	2	2	1	LOW	NO
1720148880	1217137863	бусинка знак зодиака овен	1.0	0.0	0.0	1	NO	NO	NO	YES	5	1	2	LOW	NO
1720148880	1217137863	бусины акриловые от сглаза 12мм	1.0	0.0	0.0	1	NO	NO	YES	NO	2	2	1	LOW	NO
1720148880	1217137863	бусины для подвески на зеркало в машину	0.0	0.0	0.0	1	NO	YES	NO	NO	2	2	1	LOW	NO
1720148880	1217137863	в машину авулет	0.0	0.0	0.0	1	NO	YES	NO	NO	2	2	1	LOW	NO
1720148880	1217137863	в машину овен	0.0	0.0	0.0	1	NO	YES	NO	NO	5	0	2	LOW	NO
1720148880	1217137863	в машину подвеска	225.0	0.0	0.0	1	YES	NO	NO	NO	2	2	1	LOW	NO
1720148880	1217137863	в машину подвеска на зеркало мужская	1.0	0.0	0.0	1	NO	NO	NO	YES	2	2	1	LOW	NO
1720148880	1217137863	вертолетик на зеркало уличное машины	1.0	0.0	0.0	1	NO	NO	YES	NO	2	2	1	LOW	NO
1720148880	1217137863	висюлька в машину на зеркало мусульманская на грузовую	0.0	0.0	0.0	1	NO	YES	NO	NO	2	2	1	LOW	NO
1720148880	1217137863	висюлька на зеркало в машину ароматизатор мазда	1.0	0.0	0.0	1	NO	NO	YES	NO	2	2	1	LOW	NO
1720148880	1217137863	висюлька на зеркало в машину белая пушистая	0.0	0.0	0.0	1	NO	NO	YES	NO	2	2	1	LOW	NO
1720148880	1217137863	для подвески зеркала	1.0	0.0	0.0	1	NO	NO	YES	NO	2	2	1	LOW	NO
1720148880	1217137863	домовенок в тележке оберег	0.0	0.0	0.0	1	NO	YES	NO	NO	2	2	1	LOW	NO
1720148880	1217137863	зеркало магическое талисман	1.0	0.0	0.0	1	NO	NO	NO	YES	2	2	1	LOW	NO
1720148880	1217137863	знаеи зодиака	1.0	0.0	0.0	1	NO	NO	YES	NO	3	2	1	LOW	NO
1720148880	1217137863	знак атлантов	5.0	0.0	0.0	1	NO	NO	NO	YES	0	2	0	LOW	NO
1720148880	1217137863	знак зодиака ов	0.0	0.0	0.0	1	NO	YES	NO	NO	3	2	1	LOW	NO
1720148880	1217137863	знаки зодиака	371.0	0.0	0.0	1	YES	NO	NO	NO	3	2	1	LOW	NO
1720148880	1217137863	игрушка на зеркало в машину мягкий чертик	1.0	0.0	0.0	1	NO	NO	NO	YES	2	2	1	LOW	NO
1720148880	1217137863	коза подвеска в машину	1.0	0.0	0.0	1	NO	NO	NO	YES	2	2	1	LOW	NO
1720148880	1217137863	на присоске в машину жезл оберег	1.0	0.0	0.0	1	NO	NO	YES	NO	2	2	1	LOW	NO
1720148880	1217137863	набор знак зодиака	1.0	0.0	0.0	1	NO	NO	NO	YES	3	2	1	LOW	NO
1720148880	1217137863	оберег	1930.0	0.0	0.0	1	YES	NO	NO	NO	2	2	1	LOW	NO
1720148880	1217137863	оберег в машину	1149.0	0.0	0.0	3	YES	YES	NO	YES	2	2	1	HIGH	YES
1720148880	1217137863	оберег на зеркало в машину	1.0	0.0	0.0	1	NO	NO	NO	YES	2	2	1	LOW	NO
1720148880	1217137863	обереготсглаза	0.0	0.0	0.0	1	NO	YES	NO	NO	2	2	1	LOW	NO
1720148880	1217137863	овен	1305.0	0.0	0.0	1	YES	NO	NO	NO	4	0	1	LOW	NO
1720148880	1217137863	подвеска в машину	7092.0	0.0	617.0	2	YES	NO	YES	NO	2	2	1	MEDIUM	NO
1720148880	1217137863	подвеска в машину на зеркало	2032.0	0.0	777.0	3	YES	YES	YES	NO	2	2	1	HIGH	YES
1720148880	1217137863	подвеска на зеркало автомобиля в машину	22.0	0.0	0.0	1	NO	NO	NO	YES	2	2	1	LOW	NO
1720148880	1217137863	подвеска на зеркало в машину	1288.0	0.0	0.0	1	YES	NO	NO	NO	2	2	1	LOW	NO
1720148880	1217137863	подвеска овен	225.0	0.0	0.0	1	YES	NO	NO	NO	5	0	1	LOW	NO
1720148880	1217137863	талисман овна	6.0	0.0	577.0	1	NO	NO	YES	NO	2	2	1	LOW	NO
1720148880	1217137863	талисман подвеска	2.0	0.0	0.0	1	NO	NO	NO	YES	2	2	1	LOW	NO
1720148880	1217137863	четки в автомобиль	573.0	0.0	0.0	1	YES	NO	NO	NO	2	2	1	LOW	NO
1720148880	1217137863	четки в автомобиль на зеркало мужские со знаком зодиака	1.0	0.0	707.0	1	NO	NO	YES	NO	3	0	1	LOW	NO
1720148880	1217137863	четки в машину	2492.0	0.0	0.0	1	YES	NO	NO	NO	2	2	1	LOW	NO
1720148880	1217137863	четки в машину на зеркало	408.0	0.0	0.0	1	YES	NO	NO	NO	2	2	1	LOW	NO
1720151850	1217141020	dtlmvbyf gjldtcrf	1.0	0.0	0.0	1	NO	NO	NO	YES	0	2	0	LOW	NO
1720151850	1217141020	амулет в машину на зеркало мужской	3.0	0.0	0.0	1	NO	NO	NO	YES	2	2	1	LOW	NO
1720151850	1217141020	амулет для магии черной	0.0	0.0	0.0	1	NO	YES	NO	NO	2	2	1	LOW	NO
1720151850	1217141020	амулет с зеркалом подвеска	1.0	0.0	0.0	1	NO	NO	YES	NO	2	2	1	LOW	NO
1720151850	1217141020	амулеты обереги и талисманы	242.0	0.0	0.0	1	YES	NO	NO	NO	2	2	1	LOW	NO
1720151850	1217141020	брелок в машину на зеркало пушистики	0.0	0.0	0.0	1	NO	YES	NO	NO	2	2	1	LOW	NO
1720151850	1217141020	брелок руна оберег	1.0	0.0	0.0	1	NO	NO	NO	YES	2	2	1	LOW	NO
1720151850	1217141020	в машину амулет	0.0	0.0	0.0	1	NO	YES	NO	NO	2	2	1	LOW	NO
1720151850	1217141020	в машину красивая подвеска	1.0	0.0	0.0	1	NO	NO	NO	YES	2	2	1	LOW	NO
1720151850	1217141020	демон на машину подвеска на стекло маленькие	0.0	0.0	0.0	1	NO	YES	NO	NO	2	2	1	LOW	NO
1720151850	1217141020	для автомобиля подвеска на зеркало	2.0	0.0	0.0	1	NO	NO	YES	NO	2	2	1	LOW	NO
1720151850	1217141020	для машины лев	0.0	0.0	0.0	1	NO	YES	NO	NO	5	1	2	LOW	NO
1720151850	1217141020	додвестка на машину	1.0	0.0	0.0	1	NO	NO	NO	YES	2	2	1	LOW	NO
1720151850	1217141020	дорожный знак в авто	0.0	0.0	0.0	1	NO	YES	NO	NO	2	2	1	LOW	NO
1720151850	1217141020	зеркало для гадания	9.0	0.0	0.0	1	NO	NO	YES	NO	2	2	1	LOW	NO
1720151850	1217141020	зеркало лева	1.0	0.0	0.0	1	NO	NO	NO	YES	2	2	1	LOW	NO
1720151850	1217141020	знак задиак лев	0.0	0.0	0.0	1	NO	YES	NO	NO	4	1	2	LOW	NO
1720151850	1217141020	знак зодиака лев	245.0	0.0	0.0	1	YES	NO	NO	NO	5	0	1	LOW	NO
1720151850	1217141020	знак туфелька блестящая на машину	0.0	0.0	0.0	1	NO	YES	NO	NO	2	2	1	LOW	NO
1720151850	1217141020	знаки зодиака лев	2.0	0.0	0.0	1	NO	NO	YES	NO	5	0	2	LOW	NO
1720151850	1217141020	знаки сувениры для парашютиста в машину	1.0	0.0	0.0	1	NO	NO	YES	NO	2	2	1	LOW	NO
1720151850	1217141020	золотой лев в машину	0.0	0.0	0.0	1	NO	YES	NO	NO	5	1	2	LOW	NO
1720151850	1217141020	качественные четки	0.0	0.0	0.0	1	NO	YES	NO	NO	2	2	1	LOW	NO
1720151850	1217141020	колье , ожерельекулон знаки зодиака	1.0	0.0	0.0	1	NO	NO	YES	NO	3	2	1	LOW	NO
1720151850	1217141020	крест в машину на зеркало	109.0	0.0	0.0	1	YES	NO	NO	NO	0	0	0	LOW	NO
1720151850	1217141020	кулон автомобиль	3.0	0.0	0.0	1	NO	NO	YES	NO	2	2	1	LOW	NO
1720151850	1217141020	кулончик зеркало оберег	1.0	0.0	0.0	1	NO	NO	NO	YES	2	2	1	LOW	NO
1720151850	1217141020	лев	3038.0	0.0	0.0	1	YES	NO	NO	NO	4	0	1	LOW	NO
1720151850	1217141020	лев в машину на панель	1.0	0.0	0.0	1	NO	NO	YES	NO	5	1	2	LOW	NO
1720151850	1217141020	лев в машину с креплением	0.0	0.0	0.0	1	NO	YES	NO	NO	5	1	2	LOW	NO
1720151850	1217141020	магия оберег защитник	1.0	0.0	0.0	1	NO	NO	NO	YES	2	2	1	LOW	NO
1720151850	1217141020	метла оберег	2.0	0.0	0.0	1	NO	NO	NO	YES	2	2	1	LOW	NO
1720151850	1217141020	мешочек со смехом подвеска в машину	0.0	0.0	0.0	1	NO	YES	NO	NO	2	2	1	LOW	NO
1720151850	1217141020	мусульманский оберег	76.0	0.0	0.0	1	YES	NO	NO	NO	2	2	1	LOW	NO
1720151850	1217141020	на зеркало в машину украшение	4.0	0.0	826.0	1	NO	NO	YES	NO	2	2	1	LOW	NO
1720151850	1217141020	набор подвесок в машину	2.0	0.0	1092.93	1	NO	NO	YES	NO	2	2	1	LOW	NO
1720151850	1217141020	о.берег в машину	1.0	0.0	0.0	1	NO	NO	NO	YES	2	2	1	LOW	NO
1720151850	1217141020	оберег	2023.0	0.0	0.0	1	YES	NO	NO	NO	2	2	1	LOW	NO
1720151850	1217141020	оберег в машину	625.0	0.0	0.0	1	YES	NO	NO	NO	2	2	1	LOW	NO
1720151850	1217141020	оберег в машину от гибдд фига	1.0	0.0	0.0	1	NO	NO	NO	YES	2	2	1	LOW	NO
1720151850	1217141020	оберег для автомобиля женский на зеркало	1.0	0.0	0.0	1	NO	NO	YES	NO	2	2	1	LOW	NO
1720151850	1217141020	оберег защитный в машину на зеркало	1.0	0.0	0.0	1	NO	NO	NO	YES	2	2	1	LOW	NO
1720151850	1217141020	оберег на сво лев	0.0	0.0	0.0	1	NO	YES	NO	NO	5	1	2	LOW	NO
1720151850	1217141020	оберег подвеска в машину	4.0	0.0	0.0	1	NO	NO	NO	YES	2	2	1	LOW	NO
1720151850	1217141020	оберег славянский мужской в машину	1.0	0.0	0.0	1	NO	NO	NO	YES	0	0	0	LOW	NO
1720151850	1217141020	обереги	125.0	0.0	0.0	1	YES	NO	NO	NO	2	2	1	LOW	NO
1720151850	1217141020	обереги для машины	3.0	0.0	0.0	1	NO	NO	YES	NO	2	2	1	LOW	NO
1720151850	1217141020	подвеска в автомобиль	362.0	0.0	0.0	1	YES	NO	NO	NO	2	2	1	LOW	NO
1720151850	1217141020	подвеска в машину	6842.0	0.0	0.0	1	YES	NO	NO	NO	2	2	1	LOW	NO
1720151850	1217141020	подвеска в машину на зеркало	6256.0	0.0	0.0	1	YES	NO	NO	NO	2	2	1	LOW	NO
1720151850	1217141020	подвеска в машину на зеркало китай	0.0	0.0	0.0	1	NO	YES	NO	NO	2	2	1	LOW	NO
1720151850	1217141020	подвеска лев	313.0	0.0	0.0	1	YES	NO	NO	NO	5	0	1	LOW	NO
1720151850	1217141020	подвеска лев в машину	4.0	0.0	870.0	1	NO	NO	YES	NO	5	0	2	LOW	NO
1720151850	1217141020	подвеска левна телефон	0.0	0.0	0.0	1	NO	YES	NO	NO	2	2	1	LOW	NO
1720151850	1217141020	подвеска на зеркало в машину	1222.0	0.0	0.0	1	YES	NO	NO	NO	2	2	1	LOW	NO
1720151850	1217141020	подвеска со львом	3.0	0.0	0.0	1	NO	NO	YES	NO	2	2	1	LOW	NO
1720151850	1217141020	подвечка на зеркало	1.0	0.0	0.0	1	NO	NO	NO	YES	2	2	1	LOW	NO
1720151850	1217141020	с рунами на зеркало в машину	1.0	0.0	0.0	1	NO	NO	YES	NO	2	2	1	LOW	NO
1720151850	1217141020	четки в автомобиль	178.0	0.0	0.0	1	YES	NO	NO	NO	2	2	1	LOW	NO
1720151850	1217141020	четки в машину	2008.0	0.0	0.0	1	YES	NO	NO	NO	2	2	1	LOW	NO
1720153914	1217143121	амулет бусина	0.0	0.0	0.0	1	NO	YES	NO	NO	2	2	1	LOW	NO
1720153914	1217143121	амулет деревянный	3.0	0.0	0.0	1	NO	NO	YES	NO	2	2	1	LOW	NO
1720153914	1217143121	амулеты обереги и талисманы дерево	1.0	0.0	0.0	1	NO	NO	YES	NO	2	2	1	LOW	NO
1720153914	1217143121	ароматизатор джек рассел в машину на зеркало	1.0	0.0	0.0	1	NO	NO	NO	YES	2	2	1	LOW	NO
1720153914	1217143121	бомбический оберег в машину на зеркало	1.0	0.0	0.0	1	NO	NO	NO	YES	2	2	1	LOW	NO
1720153914	1217143121	брелок в машину на зеркало кудо	1.0	0.0	0.0	1	NO	NO	YES	NO	2	2	1	LOW	NO
1720153914	1217143121	брелок в машину на зеркало оберег сузуки на камне	1.0	0.0	0.0	1	NO	NO	YES	NO	2	2	1	LOW	NO
1720153914	1217143121	брелок в машину на зеркало пушистики	0.0	0.0	0.0	1	NO	YES	NO	NO	2	2	1	LOW	NO
1720153914	1217143121	брелок на зеркало в машину фемида	0.0	0.0	0.0	1	NO	YES	NO	NO	2	2	1	LOW	NO
1720153914	1217143121	бусы в машину с	0.0	0.0	0.0	1	NO	YES	NO	NO	2	2	1	LOW	NO
1720153914	1217143121	бусы для знака зодиака	0.0	0.0	0.0	1	NO	YES	NO	NO	3	2	1	LOW	NO
1720153914	1217143121	бусы знак	0.0	0.0	0.0	1	NO	YES	NO	NO	0	2	0	LOW	NO
1720153914	1217143121	в машину на зеркало	84.0	0.0	0.0	1	YES	NO	NO	NO	2	2	1	LOW	NO
1720153914	1217143121	в машину подвеска	79.0	0.0	0.0	1	YES	NO	NO	NO	2	2	1	LOW	NO
1720153914	1217143121	для для раков	1.0	0.0	0.0	1	NO	NO	YES	NO	0	2	0	LOW	NO
1720153914	1217143121	для подвески зеркала	1.0	0.0	0.0	1	NO	NO	YES	NO	2	2	1	LOW	NO
1720153914	1217143121	знак зодиака крысы в машину подвеска	1.0	0.0	0.0	1	NO	NO	YES	NO	3	2	1	LOW	NO
1720153914	1217143121	знак зодиака рак	93.0	0.0	0.0	1	YES	NO	NO	NO	5	0	2	LOW	NO
1720153914	1217143121	знак на машину выносной габаритный	1.0	0.0	0.0	1	NO	NO	NO	YES	2	2	1	LOW	NO
1720153914	1217143121	знаки зодиака	70.0	0.0	0.0	1	YES	NO	NO	NO	3	2	1	LOW	NO
1720153914	1217143121	кимоно боевое самбо в машину на зеркало	1.0	0.0	0.0	1	NO	NO	YES	NO	2	2	1	LOW	NO
1720153914	1217143121	китайская подвеска талисман	1.0	0.0	0.0	1	NO	NO	NO	YES	2	2	1	LOW	NO
1720153914	1217143121	круглая подвеска кристиансеаямв машину	1.0	0.0	0.0	1	NO	NO	NO	YES	2	2	1	LOW	NO
1720153914	1217143121	кулон из рак	1.0	0.0	0.0	1	NO	NO	YES	NO	4	1	2	LOW	NO
1720153914	1217143121	купить знак рака	1.0	0.0	0.0	1	NO	NO	YES	NO	0	2	0	LOW	NO
1720153914	1217143121	магические атрибуты	149.0	0.0	0.0	1	YES	NO	NO	NO	0	2	0	LOW	NO
1720153914	1217143121	магическое зеркало	82.0	0.0	0.0	1	YES	NO	NO	NO	2	2	1	LOW	NO
1720153914	1217143121	мешочек со смехом подвеска в машину	0.0	0.0	0.0	1	NO	YES	NO	NO	2	2	1	LOW	NO
1720153914	1217143121	на зеркало знак зодиака рак в машину	0.0	0.0	0.0	1	NO	YES	NO	NO	5	0	1	LOW	NO
1720153914	1217143121	набор для четки	1.0	0.0	0.0	1	NO	NO	NO	YES	2	2	1	LOW	NO
1720153914	1217143121	оберег в машину	1103.0	0.0	0.0	1	YES	NO	NO	NO	2	2	1	LOW	NO
1720153914	1217143121	оберег в машину для рака мужской	1.0	0.0	0.0	1	NO	NO	YES	NO	2	2	1	LOW	NO
1720153914	1217143121	оберег в машину женский	3.0	0.0	0.0	1	NO	NO	YES	NO	2	2	1	LOW	NO
1720153914	1217143121	оберег на зеркало в машину мужской	1.0	0.0	0.0	1	NO	NO	YES	NO	2	2	1	LOW	NO
1720153914	1217143121	обереготсглаза	0.0	0.0	0.0	1	NO	YES	NO	NO	2	2	1	LOW	NO
1720153914	1217143121	подвеска в авто на зеркало большая	1.0	0.0	0.0	1	NO	NO	NO	YES	2	2	1	LOW	NO
1720153914	1217143121	подвеска в автомобиль	462.0	0.0	0.0	1	YES	NO	NO	NO	2	2	1	LOW	NO
1720153914	1217143121	подвеска в машину	7092.0	0.0	0.0	1	YES	NO	NO	NO	2	2	1	LOW	NO
1720153914	1217143121	подвеска в машину вдв 76	0.0	0.0	0.0	1	NO	YES	NO	NO	2	2	1	LOW	NO
1720153914	1217143121	подвеска в машину водителю илье	0.0	0.0	0.0	2	NO	YES	NO	YES	2	2	1	MEDIUM	NO
1720153914	1217143121	подвеска в машину зуб или коготь на зеркало	1.0	0.0	0.0	1	NO	NO	NO	YES	2	2	1	LOW	NO
1720153914	1217143121	подвеска в машину кия с пандой	1.0	0.0	0.0	1	NO	NO	NO	YES	2	2	1	LOW	NO
1720153914	1217143121	подвеска в машину на зеркало знак зодиака	0.0	0.0	0.0	1	NO	YES	NO	NO	3	2	1	LOW	NO
1720153914	1217143121	подвеска в машину на зеркало мотоцикл	1.0	0.0	0.0	1	NO	NO	NO	YES	2	2	1	LOW	NO
1720153914	1217143121	подвеска для авто стильная	1.0	0.0	0.0	1	NO	NO	YES	NO	2	2	1	LOW	NO
1720153914	1217143121	подвеска знак зодиака рак в машину	0.0	0.0	0.0	1	NO	YES	NO	NO	5	0	2	LOW	NO
1720153914	1217143121	подвеска на зеркало в автомобиль	21.0	0.0	0.0	1	NO	NO	NO	YES	2	2	1	LOW	NO
1720153914	1217143121	подвеска на зеркало в машину	1215.0	0.0	0.0	1	YES	NO	NO	NO	2	2	1	LOW	NO
1720153914	1217143121	подвеска на зеркало деревянная	0.0	0.0	0.0	1	NO	YES	NO	NO	2	2	1	LOW	NO
1720153914	1217143121	подвеска рак	179.0	0.0	0.0	1	YES	NO	NO	NO	5	0	1	LOW	NO
1720153914	1217143121	подвеска руна	7.0	0.0	0.0	1	NO	NO	NO	YES	2	2	1	LOW	NO
1720153914	1217143121	рак	675.0	0.0	0.0	1	YES	NO	NO	NO	4	0	1	LOW	NO
1720153914	1217143121	раки	701.0	0.0	0.0	1	YES	NO	NO	NO	0	2	0	LOW	NO
1720153914	1217143121	талисман в машину красивый на зеркало	0.0	0.0	0.0	1	NO	YES	NO	NO	2	2	1	LOW	NO
1720153914	1217143121	талисман подвеска в машину плетеный	1.0	0.0	0.0	1	NO	NO	NO	YES	2	2	1	LOW	NO
1720153914	1217143121	талисман скорпион	6.0	0.0	0.0	1	NO	NO	NO	YES	0	0	0	LOW	NO
1720153914	1217143121	черная магия четки	1.0	0.0	0.0	1	NO	NO	YES	NO	2	2	1	LOW	NO
1720153914	1217143121	четки в машину	2253.0	0.0	0.0	1	YES	NO	NO	NO	2	2	1	LOW	NO
1720153914	1217143121	четки в машину на зеркало	117.0	0.0	0.0	1	YES	NO	NO	NO	2	2	1	LOW	NO
1720155616	1217145315	dtlmvbyf gjldtcrf	1.0	0.0	0.0	1	NO	NO	NO	YES	0	2	0	LOW	NO
1720155616	1217145315	брелок оберег славянский	3.0	0.0	0.0	1	NO	NO	YES	NO	0	0	0	LOW	NO
1720155616	1217145315	брелок от сглаза в машину на зеркало	1.0	0.0	0.0	1	NO	NO	NO	YES	2	2	1	LOW	NO
1720155616	1217145315	брошь на машину рыбка самаклейная	0.0	0.0	0.0	1	NO	YES	NO	NO	2	2	1	LOW	NO
1720155616	1217145315	бусина от сглаза на зеркало машины	0.0	0.0	0.0	1	NO	YES	NO	NO	2	2	1	LOW	NO
1720155616	1217145315	бусы оберег	0.0	0.0	0.0	1	NO	YES	NO	NO	2	2	1	LOW	NO
1720155616	1217145315	дагестан папаха для машины на зеркало	1.0	0.0	0.0	1	NO	NO	NO	YES	2	2	1	LOW	NO
1720155616	1217145315	для машины в салон на зеркало подвескп	0.0	0.0	0.0	1	NO	YES	NO	NO	2	2	1	LOW	NO
1720155616	1217145315	для салона машины подвеска	0.0	0.0	0.0	1	NO	YES	NO	NO	2	2	1	LOW	NO
1720155616	1217145315	зеркало	7498.0	0.0	0.0	1	YES	NO	NO	NO	2	2	1	LOW	NO
1720155616	1217145315	знак атлантов	3.0	0.0	0.0	1	NO	NO	NO	YES	0	2	0	LOW	NO
1720155616	1217145315	знаки зодиака рыбы фигурки	1.0	0.0	0.0	1	NO	NO	NO	YES	5	1	2	LOW	NO
1720155616	1217145315	значек рыбка хрестианский на машину	0.0	0.0	0.0	1	NO	NO	YES	NO	2	2	1	LOW	NO
1720155616	1217145315	игрушка на зеркало в машину знак зодиака	1.0	0.0	0.0	1	NO	NO	YES	NO	3	2	1	LOW	NO
1720155616	1217145315	кулон в автомобиль	1.0	0.0	0.0	1	NO	NO	NO	YES	2	2	1	LOW	NO
1720155616	1217145315	ловец снов в машину	87.0	0.0	0.0	1	YES	NO	NO	NO	2	2	1	LOW	NO
1720155616	1217145315	магический амулет , оберег	9.0	0.0	0.0	1	NO	NO	NO	YES	2	2	1	LOW	NO
1720155616	1217145315	машинки хотвилс монст трак рыбы	1.0	0.0	0.0	1	NO	NO	NO	YES	5	1	2	LOW	NO
1720155616	1217145315	мусульманский оберег на веревочке	1.0	0.0	0.0	1	NO	NO	NO	YES	2	2	1	LOW	NO
1720155616	1217145315	на зеркало автомобиля подвеска в машину	1.0	0.0	0.0	1	NO	NO	YES	NO	2	2	1	LOW	NO
1720155616	1217145315	набор знаков зодиака	1.0	0.0	0.0	1	NO	NO	YES	NO	3	0	1	LOW	NO
1720155616	1217145315	оберег	618.0	0.0	0.0	1	YES	NO	NO	NO	2	2	1	LOW	NO
1720155616	1217145315	оберег в машину или просто украшиение	1.0	0.0	0.0	1	NO	NO	NO	YES	2	2	1	LOW	NO
1720155616	1217145315	оберег для автомобиля на зеркало	2.0	0.0	0.0	1	NO	NO	YES	NO	2	2	1	LOW	NO
1720155616	1217145315	оберег от сглаза и порчи	87.0	0.0	0.0	1	YES	NO	NO	NO	2	2	1	LOW	NO
1720155616	1217145315	обереги от порчи	0.0	0.0	0.0	1	NO	NO	YES	NO	2	2	1	LOW	NO
1720155616	1217145315	обереготсглаза	0.0	0.0	0.0	1	NO	YES	NO	NO	2	2	1	LOW	NO
1720155616	1217145315	от сглаза	104.0	0.0	0.0	1	YES	NO	NO	NO	2	2	1	LOW	NO
1720155616	1217145315	от сглаза длямашины	0.0	0.0	0.0	1	NO	YES	NO	NO	2	2	1	LOW	NO
1720155616	1217145315	от сглаза знак зодиака рыба	1.0	0.0	0.0	1	NO	NO	YES	NO	3	2	1	LOW	NO
1720155616	1217145315	пахучка в машину висюлька на зеркало бумажная	0.0	0.0	0.0	1	NO	YES	NO	NO	2	2	1	LOW	NO
1720155616	1217145315	подвеска в автомобиль	250.0	0.0	0.0	1	YES	NO	NO	NO	2	2	1	LOW	NO
1720155616	1217145315	подвеска в машинк	2.0	0.0	0.0	1	NO	NO	NO	YES	2	2	1	LOW	NO
1720155616	1217145315	подвеска в машину	7058.0	0.0	0.0	2	YES	YES	NO	NO	2	2	1	MEDIUM	YES
1720155616	1217145315	подвеска в машину на зеркало	6256.0	0.0	0.0	1	YES	NO	NO	NO	2	2	1	LOW	NO
1720155616	1217145315	подвеска в машину на зеркало инь янь	0.0	0.0	0.0	1	NO	YES	NO	NO	2	2	1	LOW	NO
1720155616	1217145315	подвеска в машину на зеркало лапоть	1.0	0.0	0.0	1	NO	NO	YES	NO	2	2	1	LOW	NO
1720155616	1217145315	подвеска в машину на зеркало мужская евгений	0.0	0.0	0.0	1	NO	YES	NO	NO	2	2	1	LOW	NO
1720155616	1217145315	подвеска для зеркало в авто	1.0	0.0	0.0	1	NO	NO	YES	NO	2	2	1	LOW	NO
1720155616	1217145315	подвеска из дерева в машину	2.0	0.0	0.0	1	NO	NO	NO	YES	2	2	1	LOW	NO
1720155616	1217145315	подвеска на зеркало авто скорпион	1.0	0.0	0.0	1	NO	NO	YES	NO	0	0	0	LOW	NO
1720155616	1217145315	подвеска на зеркало автомобиля	92.0	0.0	0.0	2	YES	NO	NO	YES	2	2	1	MEDIUM	YES
1720155616	1217145315	подвеска на зеркало автомобиля акула	0.0	0.0	0.0	1	NO	YES	NO	NO	2	2	1	LOW	NO
1720155616	1217145315	подвеска на зеркало в машину	971.0	0.0	0.0	1	YES	NO	NO	NO	2	2	1	LOW	NO
1720155616	1217145315	подвеска на зеркало в машину знак зодиака	1.0	0.0	0.0	1	NO	NO	YES	NO	3	2	1	LOW	NO
1720155616	1217145315	подвеска на зеркало рыбы	1.0	0.0	0.0	1	NO	NO	NO	YES	5	0	2	LOW	NO
1720155616	1217145315	подвеска с защитой от сглаза и порчи	1.0	0.0	0.0	1	NO	NO	YES	NO	2	2	1	LOW	NO
1720155616	1217145315	рыба	4286.0	0.0	0.0	1	YES	NO	NO	NO	0	2	0	LOW	NO
1720155616	1217145315	рыбий глаз зеркало на столб	1.0	0.0	0.0	1	NO	NO	YES	NO	2	2	1	LOW	NO
1720155616	1217145315	рыбы	161.0	0.0	0.0	1	YES	NO	NO	NO	4	0	2	LOW	NO
1720155616	1217145315	четки в автомобиль	178.0	0.0	0.0	2	YES	NO	YES	NO	2	2	1	MEDIUM	NO
1720155616	1217145315	четки в машину	988.0	0.0	0.0	1	YES	NO	NO	NO	2	2	1	LOW	NO
1720155616	1217145315	четки в машину на зеркало	115.0	0.0	0.0	1	YES	NO	NO	NO	2	2	1	LOW	NO
1720155616	1217145315	четки в машину от сглаза	0.0	0.0	0.0	1	NO	YES	NO	NO	2	2	1	LOW	NO
1720155616	1217145315	четки в машину со знакам зодиака дева	0.0	0.0	0.0	1	NO	YES	NO	NO	0	0	2	LOW	NO
1720155616	1217145315	четки для рыб	1.0	0.0	0.0	1	NO	NO	NO	YES	2	2	1	LOW	NO
1720155616	1217145315	четки на для знака зодиака рыбы	0.0	0.0	0.0	1	NO	YES	NO	NO	5	1	2	LOW	NO
1720160556	1217150153	автомобиль кулон	1.0	0.0	0.0	1	NO	NO	NO	YES	2	2	1	LOW	NO
1720160556	1217150153	автооберег	1.0	0.0	0.0	1	NO	NO	YES	NO	2	2	1	LOW	NO
1720160556	1217150153	аксессуары в машину подвесаа зеркал барабан	0.0	0.0	0.0	1	NO	YES	NO	NO	2	2	1	LOW	NO
1720160556	1217150153	амулет для автомобиля	4.0	0.0	0.0	1	NO	NO	YES	NO	2	2	1	LOW	NO
1720160556	1217150153	амулет для магии черной	0.0	0.0	0.0	1	NO	YES	NO	NO	2	2	1	LOW	NO
1720160556	1217150153	амулет мужской на шею скорпион	2.0	0.0	0.0	1	NO	NO	YES	NO	5	1	2	LOW	NO
1720160556	1217150153	амулет на шею зеркало	1.0	0.0	0.0	1	NO	NO	NO	YES	2	2	1	LOW	NO
1720160556	1217150153	амулет скорпион	20.0	0.0	0.0	1	NO	NO	YES	NO	5	0	2	LOW	NO
1720160556	1217150153	амулет черное зеркало	1.0	0.0	0.0	1	NO	NO	YES	NO	2	2	1	LOW	NO
1720160556	1217150153	амулеты обереги и талисманы	217.0	0.0	0.0	1	YES	NO	NO	NO	2	2	1	LOW	NO
1720160556	1217150153	брелок артиллерия в машину на зеркало пушка	1.0	0.0	0.0	1	NO	NO	NO	YES	2	2	1	LOW	NO
1720160556	1217150153	брелок в машину на зеркало коньки хоккейные	1.0	0.0	0.0	1	NO	NO	NO	YES	2	2	1	LOW	NO
1720160556	1217150153	брелок в машину на зеркало пушистики	0.0	0.0	0.0	1	NO	YES	NO	NO	2	2	1	LOW	NO
1720160556	1217150153	бусина знак скорпион	0.0	0.0	0.0	1	NO	YES	NO	NO	4	1	1	LOW	NO
1720160556	1217150153	бутсы футбольные на зеркало подвеска	1.0	0.0	0.0	1	NO	NO	YES	NO	2	2	1	LOW	NO
1720160556	1217150153	в машину подвеска	181.0	0.0	0.0	1	YES	NO	NO	NO	2	2	1	LOW	NO
1720160556	1217150153	весеька в машину на зеркало пахочка	0.0	0.0	0.0	1	NO	YES	NO	NO	2	2	1	LOW	NO
1720160556	1217150153	висюлька на зеркало в машину белая пушистая	0.0	0.0	0.0	1	NO	YES	NO	NO	2	2	1	LOW	NO
1720160556	1217150153	висючка в машину на зеркало люстра	0.0	0.0	0.0	1	NO	YES	NO	NO	2	2	1	LOW	NO
1720160556	1217150153	герб россии на зеркало деревянный в машину	1.0	0.0	0.0	1	NO	NO	NO	YES	0	0	0	LOW	NO
1720160556	1217150153	деревянный талисман	2.0	0.0	0.0	1	NO	NO	NO	YES	2	2	1	LOW	NO
1720160556	1217150153	деревяные знаки зодиака в подарок из дерева	1.0	0.0	0.0	1	NO	NO	NO	YES	3	2	1	LOW	NO
1720160556	1217150153	для любителя энергетикво	0.0	0.0	0.0	1	NO	YES	NO	NO	0	2	0	LOW	NO
1720160556	1217150153	зеленый оберег в машину	1.0	0.0	0.0	1	NO	NO	YES	NO	2	2	1	LOW	NO
1720160556	1217150153	зеркало заднего вида салонное	398.0	0.0	0.0	1	YES	NO	NO	NO	2	2	1	LOW	NO
1720160556	1217150153	зеркало на праворукую машину на встречку	0.0	0.0	0.0	1	NO	YES	NO	NO	2	2	1	LOW	NO
1720160556	1217150153	зеркало оберег для защиты	1.0	0.0	0.0	1	NO	NO	NO	YES	2	2	1	LOW	NO
1720160556	1217150153	зеркальце оберег	7.0	0.0	0.0	1	NO	NO	YES	NO	2	2	1	LOW	NO
1720160556	1217150153	змея талисман	1.0	0.0	0.0	1	NO	NO	YES	NO	2	2	1	LOW	NO
1720160556	1217150153	знак туфелька блестящая на машину	0.0	0.0	0.0	1	NO	YES	NO	NO	2	2	1	LOW	NO
1720160556	1217150153	зодиак серум	0.0	0.0	0.0	1	NO	YES	NO	NO	3	1	1	LOW	NO
1720160556	1217150153	интерьер скорпион	1.0	0.0	0.0	1	NO	NO	YES	NO	4	1	2	LOW	NO
1720160556	1217150153	камень скорпиона подвеска	1.0	0.0	0.0	1	NO	NO	YES	NO	1	1	0	LOW	NO
1720160556	1217150153	китайская подвеска талисман	1.0	0.0	0.0	1	NO	NO	NO	YES	2	2	1	LOW	NO
1720160556	1217150153	крест в машину на зеркало	258.0	0.0	0.0	1	YES	NO	NO	NO	0	0	0	LOW	NO
1720160556	1217150153	кулон скорпион мужской на шею	1.0	0.0	0.0	1	NO	NO	NO	YES	4	1	2	LOW	NO
1720160556	1217150153	лист марихуаны подвеска в машину на зеркало	1.0	0.0	0.0	1	NO	NO	NO	YES	2	2	1	LOW	NO
1720160556	1217150153	магический амулет , оберег	8.0	0.0	0.0	1	NO	NO	NO	YES	2	2	1	LOW	NO
1720160556	1217150153	методическая подвеска рекстон на зеркало	0.0	0.0	0.0	1	NO	YES	NO	NO	2	2	1	LOW	NO
1720160556	1217150153	мужчине на день рождения	0.0	0.0	0.0	1	NO	YES	NO	NO	0	2	0	LOW	NO
1720160556	1217150153	на зеркало в машину подвеска молот викингов	1.0	0.0	0.0	1	NO	NO	NO	YES	2	2	1	LOW	NO
1720160556	1217150153	набор	10784.0	0.0	0.0	1	YES	NO	NO	NO	0	2	0	LOW	NO
1720160556	1217150153	оберег в машину	168.0	0.0	0.0	1	YES	NO	NO	NO	2	2	1	LOW	NO
1720160556	1217150153	оберег в машину на зеркало женский	0.0	0.0	0.0	1	NO	YES	NO	NO	2	2	1	LOW	NO
1720160556	1217150153	оберег для мужчины скорпиона	1.0	0.0	0.0	1	NO	NO	YES	NO	1	1	0	LOW	NO
1720160556	1217150153	подвеска	2415.0	0.0	0.0	1	YES	NO	NO	NO	2	2	1	LOW	NO
1720160556	1217150153	подвеска в автомобиль	422.0	0.0	0.0	1	YES	NO	NO	NO	2	2	1	LOW	NO
1720160556	1217150153	подвеска в машину	7092.0	0.0	0.0	1	YES	NO	NO	NO	2	2	1	LOW	NO
1720160556	1217150153	подвеска в машину на зеркало	1367.0	0.0	0.0	1	YES	NO	NO	NO	2	2	1	LOW	NO
1720160556	1217150153	подвеска в машину на зеркало майки	0.0	0.0	0.0	2	NO	YES	NO	YES	2	2	1	MEDIUM	NO
1720160556	1217150153	подвеска в машину обезьяна из дорамы	1.0	0.0	0.0	1	NO	NO	NO	YES	2	2	1	LOW	NO
1720160556	1217150153	подвеска медная скорпион	1.0	0.0	0.0	1	NO	NO	YES	NO	5	1	2	LOW	NO
1720160556	1217150153	подвеска на зеркало в машину	1127.0	0.0	0.0	1	YES	NO	NO	NO	2	2	1	LOW	NO
1720160556	1217150153	подвеска скорпион	454.0	0.0	0.0	1	YES	NO	NO	NO	5	0	1	LOW	NO
1720160556	1217150153	скорпион	2713.0	0.0	0.0	1	YES	NO	NO	NO	4	0	1	LOW	NO
1720160556	1217150153	скорпион подвеска	177.0	0.0	0.0	1	YES	NO	NO	NO	5	0	1	LOW	NO
1720160556	1217150153	талисман скорпион подвеска в авто	1.0	0.0	712.0	1	NO	NO	YES	NO	5	0	2	LOW	NO
1720160556	1217150153	четки в машину	284.0	0.0	0.0	1	YES	NO	NO	NO	2	2	1	LOW	NO
1720160556	1217150153	четки на зеркало в машину знак скорпион	1.0	0.0	572.0	1	NO	NO	YES	NO	5	0	2	LOW	NO
1720161841	1217152166	амулет для автомобиля в машину на зеркало	2.0	0.0	0.0	1	NO	NO	YES	NO	2	2	1	LOW	NO
1720161841	1217152166	амулет для тельца мужской в авто	1.0	0.0	0.0	1	NO	NO	YES	NO	2	2	1	LOW	NO
1720161841	1217152166	амулет доч знака зодиака змееносец	1.0	0.0	0.0	1	NO	NO	YES	NO	3	2	1	LOW	NO
1720161841	1217152166	амулет с зеркальцем	1.0	0.0	0.0	1	NO	NO	NO	YES	2	2	1	LOW	NO
1720161841	1217152166	амулеты обереги и талисманы	175.0	0.0	0.0	1	YES	NO	NO	NO	2	2	1	LOW	NO
1720161841	1217152166	армянский барабан на машину подвеска	1.0	0.0	0.0	1	NO	NO	YES	NO	2	2	1	LOW	NO
1720161841	1217152166	аромадиффузор в машину телец	1.0	0.0	0.0	1	NO	NO	YES	NO	5	2	2	LOW	NO
1720161841	1217152166	аятуль курси в машину	2.0	0.0	0.0	1	NO	NO	YES	NO	2	2	1	LOW	NO
1720161841	1217152166	брелок боевое самбо в машину на зеркало	1.0	0.0	0.0	1	NO	NO	YES	NO	2	2	1	LOW	NO
1720161841	1217152166	брелок в машину на зеркало оберег сузуки на камне	1.0	0.0	0.0	1	NO	NO	NO	YES	2	2	1	LOW	NO
1720161841	1217152166	брелок в машину на зеркало пушистики	0.0	0.0	0.0	1	NO	YES	NO	NO	2	2	1	LOW	NO
1720161841	1217152166	брелок в машину подц	0.0	0.0	0.0	1	NO	YES	NO	NO	2	2	1	LOW	NO
1720161841	1217152166	брелок восьмерка в машину на зеркало	1.0	0.0	0.0	1	NO	NO	NO	YES	2	2	1	LOW	NO
1720161841	1217152166	брелок знак зодиака телец	4.0	0.0	0.0	1	NO	NO	NO	YES	5	2	2	LOW	NO
1720161841	1217152166	брелок мягкий телец	1.0	0.0	0.0	1	NO	NO	NO	YES	4	2	2	LOW	NO
1720161841	1217152166	бусы мужские черные телец	1.0	0.0	0.0	1	NO	NO	NO	YES	4	2	2	LOW	NO
1720161841	1217152166	в машину на зеркало	71.0	0.0	0.0	1	YES	NO	NO	NO	2	2	1	LOW	NO
1720161841	1217152166	в машину подвеска	105.0	0.0	0.0	1	YES	NO	NO	NO	2	2	1	LOW	NO
1720161841	1217152166	ведьмина подвеска	2.0	0.0	0.0	1	NO	NO	NO	YES	2	2	1	LOW	NO
1720161841	1217152166	волейбольные мячики в машину на зеркало	1.0	0.0	0.0	1	NO	NO	NO	YES	2	2	1	LOW	NO
1720161841	1217152166	демон на машину подвеска на стекло маленькие	0.0	0.0	0.0	1	NO	YES	NO	NO	2	2	1	LOW	NO
1720161841	1217152166	деревянные качественные четки эзотерика	0.0	0.0	0.0	1	NO	YES	NO	NO	2	2	1	LOW	NO
1720161841	1217152166	зеркало	7498.0	0.0	0.0	1	YES	NO	NO	NO	2	2	1	LOW	NO
1720161841	1217152166	зеркало магическое	41.0	0.0	0.0	1	NO	NO	YES	NO	2	2	1	LOW	NO
1720161841	1217152166	зеркало обгона для праворульных машин	2.0	0.0	0.0	1	NO	NO	NO	YES	2	2	1	LOW	NO
1720161841	1217152166	знаки зодиака телец	0.0	0.0	0.0	1	NO	YES	NO	NO	5	2	2	LOW	NO
1720161841	1217152166	крестик в машину на зеркало освешеный	0.0	0.0	0.0	1	NO	YES	NO	NO	2	2	1	LOW	NO
1720161841	1217152166	крюковая подвеска сувенир в машину	1.0	0.0	0.0	1	NO	NO	YES	NO	2	2	1	LOW	NO
1720161841	1217152166	кулон зеркало оберег	106.0	0.0	0.0	1	YES	NO	NO	NO	2	2	1	LOW	NO
1720161841	1217152166	лапа орлиная настоящая в машину на зеркало	1.0	0.0	0.0	1	NO	NO	NO	YES	2	2	1	LOW	NO
1720161841	1217152166	магическое зеркало	78.0	0.0	0.0	1	YES	NO	NO	NO	2	2	1	LOW	NO
1720161841	1217152166	машины на зеркало хк локомотив	1.0	0.0	0.0	1	NO	NO	YES	NO	2	2	1	LOW	NO
1720161841	1217152166	мелонг зеркало	5.0	0.0	0.0	1	NO	NO	YES	NO	2	2	1	LOW	NO
1720161841	1217152166	методическая подвеска рекстон на зеркало	0.0	0.0	0.0	1	NO	YES	NO	NO	2	2	1	LOW	NO
1720161841	1217152166	монстры на кан кулах подвеска в машину	1.0	0.0	0.0	1	NO	NO	NO	YES	2	2	1	LOW	NO
1720161841	1217152166	мужчине на день рождения	0.0	0.0	0.0	1	NO	YES	NO	NO	0	2	0	LOW	NO
1720161841	1217152166	на зеркало в авто оберег	1.0	0.0	0.0	1	NO	NO	NO	YES	2	2	1	LOW	NO
1720161841	1217152166	на зеркало в машину подвеска россия	2.0	0.0	0.0	1	NO	NO	NO	YES	2	2	1	LOW	NO
1720161841	1217152166	нашивкатна рюкзак телец	0.0	0.0	0.0	1	NO	YES	NO	NO	4	2	1	LOW	NO
1720161841	1217152166	оберег	424.0	0.0	0.0	1	YES	NO	NO	NO	2	2	1	LOW	NO
1720161841	1217152166	оберег в виде тельца	0.0	0.0	0.0	1	NO	YES	NO	NO	2	2	1	LOW	NO
1720161841	1217152166	оберег в машину	293.0	0.0	0.0	1	YES	NO	NO	NO	2	2	1	LOW	NO
1720161841	1217152166	оберег мусульманский в машину в форме звезды	0.0	0.0	0.0	1	NO	YES	NO	NO	2	2	1	LOW	NO
1720161841	1217152166	оберег на зеркало	1.0	0.0	0.0	1	NO	NO	YES	NO	2	2	1	LOW	NO
1720161841	1217152166	подвеска в автомобиль	96.0	0.0	0.0	1	YES	NO	NO	NO	2	2	1	LOW	NO
1720161841	1217152166	подвеска в машин	0.0	0.0	0.0	1	NO	YES	NO	NO	2	2	1	LOW	NO
1720161841	1217152166	подвеска в машину	3171.0	0.0	0.0	1	YES	NO	NO	NO	2	2	1	LOW	NO
1720161841	1217152166	подвеска в машину оберег череп манула	1.0	0.0	0.0	1	NO	NO	NO	YES	2	2	1	LOW	NO
1720161841	1217152166	подвеска на зеркало в машину	1215.0	0.0	0.0	1	YES	NO	NO	NO	2	2	1	LOW	NO
1720161841	1217152166	подвеска на зеркало машины	2.0	0.0	0.0	1	NO	NO	NO	YES	2	2	1	LOW	NO
1720161841	1217152166	подвеска на зеркало хоккейная краги в машину	0.0	0.0	0.0	1	NO	YES	NO	NO	2	2	1	LOW	NO
1720161841	1217152166	подвеска на машину	12.0	0.0	0.0	1	NO	NO	YES	NO	2	2	1	LOW	NO
1720161841	1217152166	подвеска телец	119.0	0.0	0.0	1	YES	NO	NO	NO	5	2	1	LOW	NO
1720161841	1217152166	полвеска телец	0.0	0.0	0.0	1	NO	YES	NO	NO	4	2	2	LOW	NO
1720161841	1217152166	телец	699.0	0.0	0.0	1	YES	NO	NO	NO	4	2	1	LOW	NO
1720161841	1217152166	телец подвеска в маш	0.0	0.0	608.0	2	NO	YES	YES	NO	5	2	2	MEDIUM	NO
1720161841	1217152166	толисман подвеска на зеркало машины знак зодиака	1.0	0.0	761.0	1	NO	NO	YES	NO	3	2	1	LOW	NO
1720161841	1217152166	четки в автомобиль	395.0	0.0	0.0	1	YES	NO	NO	NO	2	2	1	LOW	NO
1720161841	1217152166	четки в машину	284.0	0.0	0.0	1	YES	NO	NO	NO	2	2	1	LOW	NO
1842444165	1366092977	амулет для автомобиля	8.0	0.0	657.0	1	NO	NO	YES	NO	2	2	1	LOW	NO
1842444165	1366092977	амулет зеркальный	2.0	0.0	0.0	1	NO	NO	YES	NO	2	2	1	LOW	NO
1842444165	1366092977	амулет на удачу славянский	1.0	0.0	0.0	1	NO	NO	NO	YES	3	2	1	LOW	NO
1842444165	1366092977	ароматизатор в машину висячий на зеркало	1.0	0.0	0.0	1	NO	NO	YES	NO	2	2	1	LOW	NO
1842444165	1366092977	блэк опиум в машину на зеркало фигурка	1.0	0.0	0.0	1	NO	NO	YES	NO	2	2	1	LOW	NO
1842444165	1366092977	бусинка славянские руны	1.0	0.0	0.0	1	NO	NO	YES	NO	3	2	1	LOW	NO
1842444165	1366092977	бусины славянский	0.0	0.0	0.0	1	NO	YES	NO	NO	3	2	1	LOW	NO
1842444165	1366092977	в машину амулет	0.0	0.0	0.0	1	NO	YES	NO	NO	2	0	1	LOW	NO
1842444165	1366092977	в машину на зеркало подвеска мужская	3.0	0.0	0.0	1	NO	NO	YES	NO	2	2	1	LOW	NO
1842444165	1366092977	вибратор	7930.0	0.0	0.0	1	YES	NO	NO	NO	0	2	0	LOW	NO
1842444165	1366092977	вибратор для песка	1.0	0.0	0.0	1	NO	NO	NO	YES	0	2	0	LOW	NO
1842444165	1366092977	висюльки в машину на зеркало ловец снов	1.0	0.0	0.0	1	NO	NO	NO	YES	2	2	1	LOW	NO
1842444165	1366092977	висюяка на зеркало в машину хавал	1.0	0.0	0.0	1	NO	NO	YES	NO	2	2	1	LOW	NO
1842444165	1366092977	еврейская заезда подвеска в машину	0.0	0.0	0.0	1	NO	YES	NO	NO	2	2	1	LOW	NO
1842444165	1366092977	зеркало маржены	2.0	0.0	0.0	1	NO	NO	YES	NO	2	2	1	LOW	NO
1842444165	1366092977	зеркало шамана	3.0	0.0	0.0	1	NO	NO	NO	YES	2	2	1	LOW	NO
1842444165	1366092977	зеркальная подвеска	3.0	0.0	0.0	1	NO	NO	NO	YES	2	2	1	LOW	NO
1842444165	1366092977	зеркальные амулеты	1.0	0.0	0.0	1	NO	NO	NO	YES	2	2	1	LOW	NO
1842444165	1366092977	игрушка на зеркало в машину реал мадрид	1.0	0.0	0.0	1	NO	NO	YES	NO	2	2	1	LOW	NO
1842444165	1366092977	ищу хозяина подвеска	0.0	0.0	0.0	1	NO	YES	NO	NO	2	2	1	LOW	NO
1842444165	1366092977	кимоно в машину на зеркало самбо	1.0	0.0	0.0	1	NO	NO	YES	NO	2	2	1	LOW	NO
1842444165	1366092977	коловрат	1343.0	0.0	0.0	1	YES	NO	NO	NO	0	2	0	LOW	NO
1842444165	1366092977	коловрат оберег на стену	1.0	0.0	0.0	1	NO	NO	NO	YES	2	2	1	LOW	NO
1842444165	1366092977	коловрат оберег славянские мужские	0.0	0.0	0.0	1	NO	YES	NO	NO	3	2	1	LOW	NO
1842444165	1366092977	коловрат подвеска	465.0	0.0	0.0	1	YES	NO	NO	NO	2	2	1	LOW	NO
1842444165	1366092977	магические	14.0	0.0	0.0	1	NO	NO	NO	YES	0	2	0	LOW	NO
1842444165	1366092977	медальон вдв в машину на зеркало	1.0	0.0	0.0	1	NO	NO	NO	YES	2	2	1	LOW	NO
1842444165	1366092977	на зеркало подвеска в машину с символом следственного	0.0	0.0	0.0	2	NO	YES	NO	YES	2	2	1	MEDIUM	NO
1842444165	1366092977	на зеркало подвеска в машину с символом следственного ком	0.0	0.0	0.0	2	NO	YES	NO	YES	2	2	1	MEDIUM	NO
1842444165	1366092977	набор для творчества	1007.0	0.0	0.0	1	YES	NO	NO	NO	0	2	0	LOW	NO
1842444165	1366092977	оберег	2043.0	0.0	0.0	1	YES	NO	NO	NO	2	0	1	LOW	NO
1842444165	1366092977	оберег для дома	1612.0	0.0	0.0	1	YES	NO	NO	NO	2	2	1	LOW	NO
1842444165	1366092977	оберег для дома чтобы были дети	0.0	0.0	0.0	1	NO	YES	NO	NO	2	2	1	LOW	NO
1842444165	1366092977	оберег для ребенка	14.0	0.0	0.0	1	NO	NO	NO	YES	2	2	1	LOW	NO
1842444165	1366092977	оберег на дом	5.0	0.0	917.0	1	NO	NO	YES	NO	2	2	1	LOW	NO
1842444165	1366092977	оберег от сглаза и порчи	449.0	0.0	0.0	2	YES	NO	NO	YES	2	2	1	MEDIUM	NO
1842444165	1366092977	оберег рода	0.0	0.0	0.0	1	NO	YES	NO	NO	2	2	1	LOW	NO
1842444165	1366092977	обереги коловрат	0.0	0.0	0.0	1	NO	YES	NO	NO	2	2	1	LOW	NO
1842444165	1366092977	обереготсглаза	0.0	0.0	0.0	1	NO	YES	NO	NO	2	2	1	LOW	NO
1842444165	1366092977	подарок мужчине	3996.0	0.0	0.0	1	YES	NO	NO	NO	0	0	0	LOW	NO
1842444165	1366092977	подвеска в машину	3171.0	0.0	0.0	2	YES	YES	NO	NO	2	0	1	MEDIUM	YES
1842444165	1366092977	подвеска в машину мир	0.0	0.0	0.0	1	NO	YES	NO	NO	2	2	1	LOW	NO
1842444165	1366092977	подвеска на зеркало в машину	1160.0	0.0	0.0	1	YES	NO	NO	NO	2	0	1	LOW	NO
1842444165	1366092977	подвески с рунами	1.0	0.0	0.0	1	NO	NO	YES	NO	2	2	1	LOW	NO
1842444165	1366092977	руны	1024.0	0.0	0.0	1	YES	NO	NO	NO	0	2	0	LOW	NO
1842444165	1366092977	руны славянские	94.0	0.0	0.0	1	NO	NO	YES	NO	3	2	1	LOW	NO
1842444165	1366092977	русич	1058.0	0.0	0.0	1	YES	NO	NO	NO	0	2	0	LOW	NO
1842444165	1366092977	славянская подвеска оберег	1.0	0.0	0.0	1	NO	NO	YES	NO	3	2	1	LOW	NO
1842444165	1366092977	славянские обереги	777.0	0.0	0.0	2	YES	YES	NO	NO	3	0	1	MEDIUM	YES
1842444165	1366092977	славянские обереги для мужчин	20.0	0.0	0.0	1	NO	NO	YES	NO	3	2	1	LOW	NO
1842444165	1366092977	славянские обереги мужские	302.0	0.0	0.0	1	YES	NO	NO	NO	3	0	1	LOW	NO
1842444165	1366092977	славянские руны для четок	1.0	0.0	0.0	1	NO	NO	NO	YES	3	2	1	LOW	NO
1842444165	1366092977	славянский оберег	335.0	0.0	0.0	1	YES	NO	NO	NO	3	0	1	LOW	NO
1842444165	1366092977	цепочка надежная для кулона	1.0	0.0	0.0	1	NO	NO	NO	YES	0	2	0	LOW	NO
1842444165	1366092977	четки в машину руч	0.0	0.0	0.0	1	NO	YES	NO	NO	2	2	1	LOW	NO
1943215793	1498533114	амулет	201.0	0.0	0.0	1	YES	NO	NO	NO	2	2	1	LOW	NO
1943215793	1498533114	амулет в машину мусульманский	1.0	0.0	0.0	1	NO	NO	NO	YES	2	2	1	LOW	NO
1943215793	1498533114	амулеты обереги и талисманы	254.0	0.0	0.0	2	YES	YES	NO	NO	2	2	1	MEDIUM	YES
1943215793	1498533114	в машину	559.0	0.0	0.0	1	YES	NO	NO	NO	2	2	1	LOW	NO
1943215793	1498533114	в машину оберег с камнями	1.0	0.0	0.0	1	NO	NO	NO	YES	2	2	1	LOW	NO
1943215793	1498533114	дерево в машину	1.0	0.0	0.0	1	NO	NO	YES	NO	2	2	1	LOW	NO
1943215793	1498533114	дерево оберег	1.0	0.0	0.0	1	NO	NO	NO	YES	2	2	1	LOW	NO
1943215793	1498533114	златоуст	293.0	0.0	0.0	1	YES	NO	NO	NO	5	0	2	LOW	NO
1943215793	1498533114	иисус на зеркало авто	1.0	0.0	0.0	1	NO	NO	YES	NO	1	2	0	LOW	NO
1943215793	1498533114	икона в машину подвеска кожаная	1.0	0.0	0.0	1	NO	NO	YES	NO	2	2	1	LOW	NO
1943215793	1498533114	икона и крест в машину	1.0	0.0	0.0	1	NO	NO	YES	NO	0	0	0	LOW	NO
1943215793	1498533114	иоанн хозевит	1.0	0.0	0.0	1	NO	NO	NO	YES	5	1	2	LOW	NO
1943215793	1498533114	келейная книжица иоанна крестьянина молитва	1.0	0.0	0.0	1	NO	NO	NO	YES	5	1	2	LOW	NO
1943215793	1498533114	крест в машинв	0.0	0.0	0.0	1	NO	YES	NO	NO	0	0	0	LOW	NO
1943215793	1498533114	лего машина не сло	0.0	0.0	0.0	2	NO	YES	NO	YES	1	2	0	MEDIUM	NO
1943215793	1498533114	мини подвеска оберег	1.0	0.0	0.0	1	NO	NO	NO	YES	2	2	1	LOW	NO
1943215793	1498533114	молитва	163.0	0.0	0.0	1	YES	NO	NO	NO	5	0	2	LOW	NO
1943215793	1498533114	молитва оберег в дом	1.0	0.0	0.0	1	NO	NO	YES	NO	5	1	2	LOW	NO
1943215793	1498533114	молитвой деревянный православный	0.0	0.0	0.0	2	NO	YES	NO	YES	4	2	2	MEDIUM	NO
1943215793	1498533114	молитвы	159.0	0.0	0.0	1	YES	NO	NO	NO	1	0	0	LOW	NO
1943215793	1498533114	молитвы о детях православные даниленко	0.0	0.0	0.0	1	NO	YES	NO	NO	4	1	2	LOW	NO
1943215793	1498533114	мусульманский оберег	542.0	0.0	0.0	1	YES	NO	NO	NO	2	2	1	LOW	NO
1943215793	1498533114	мусульманский оберег брелок на автомобиль	0.0	0.0	0.0	1	NO	YES	NO	NO	2	2	1	LOW	NO
1943215793	1498533114	на зеркало автомобиля подвеска в машину	1.0	0.0	0.0	1	NO	NO	NO	YES	2	2	1	LOW	NO
1943215793	1498533114	набор декоративных кисточек с бусинами	1.0	0.0	0.0	1	NO	NO	NO	YES	0	2	0	LOW	NO
1943215793	1498533114	оберег	3173.0	0.0	0.0	1	YES	NO	NO	NO	2	2	1	LOW	NO
1943215793	1498533114	оберег автомобильный на зеркало	1.0	0.0	0.0	1	NO	NO	YES	NO	2	2	1	LOW	NO
1943215793	1498533114	оберег в машину	398.0	0.0	0.0	1	YES	NO	NO	NO	2	2	1	LOW	NO
1943215793	1498533114	оберег в машину мужской	5.0	0.0	0.0	1	NO	NO	YES	NO	2	2	1	LOW	NO
1943215793	1498533114	оберег в машину от поломки позолота	1.0	0.0	0.0	1	NO	NO	NO	YES	2	2	1	LOW	NO
1943215793	1498533114	оберег в машину православный	207.0	0.0	0.0	1	YES	NO	NO	NO	4	2	2	LOW	NO
1943215793	1498533114	оберег в машину православный мал	0.0	0.0	0.0	1	NO	YES	NO	NO	4	2	2	LOW	NO
1943215793	1498533114	оберег для автомобиля на зеркало	7.0	0.0	0.0	1	NO	NO	YES	NO	2	2	1	LOW	NO
1943215793	1498533114	оберег мусульманский	23.0	0.0	0.0	1	NO	NO	YES	NO	2	2	1	LOW	NO
1943215793	1498533114	оберег на автомобиль	1.0	0.0	0.0	1	NO	NO	NO	YES	2	2	1	LOW	NO
1943215793	1498533114	оберег на ркккмужской православный освященны	0.0	0.0	0.0	1	NO	YES	NO	NO	4	2	2	LOW	NO
1943215793	1498533114	оберег христианский	4.0	0.0	0.0	1	NO	NO	YES	NO	2	2	1	LOW	NO
1943215793	1498533114	обереги	170.0	0.0	0.0	1	YES	NO	NO	NO	2	2	1	LOW	NO
1943215793	1498533114	обереготсглаза	0.0	0.0	0.0	1	NO	YES	NO	NO	2	2	1	LOW	NO
1943215793	1498533114	плетеная подвеска оберег на зеркало	1.0	0.0	0.0	1	NO	NO	NO	YES	2	2	1	LOW	NO
1943215793	1498533114	подарки в авто	0.0	0.0	0.0	1	NO	YES	NO	NO	2	2	1	LOW	NO
1943215793	1498533114	подвеска в иашину	1.0	0.0	0.0	1	NO	NO	YES	NO	2	2	1	LOW	NO
1943215793	1498533114	подвеска в машину	3171.0	0.0	0.0	1	YES	NO	NO	NO	2	2	1	LOW	NO
1943215793	1498533114	подвеска в машину из бисера оберег	1.0	0.0	0.0	1	NO	NO	NO	YES	2	2	1	LOW	NO
1943215793	1498533114	подвеска в машину из кожи	1.0	0.0	0.0	1	NO	NO	YES	NO	2	2	1	LOW	NO
1943215793	1498533114	подвеска в машину на зеркало	1560.0	0.0	0.0	2	YES	NO	YES	NO	2	2	1	MEDIUM	NO
1943215793	1498533114	подвеска в машину на зеркало а	0.0	0.0	0.0	1	NO	YES	NO	NO	2	2	1	LOW	NO
1943215793	1498533114	подвеска в машину на зеркало вера	0.0	0.0	0.0	1	NO	YES	NO	NO	2	2	1	LOW	NO
1943215793	1498533114	подвеска в машину на зеркало жен	0.0	0.0	0.0	1	NO	YES	NO	NO	2	2	1	LOW	NO
1943215793	1498533114	подвеска в машину на зеркало костюм	1.0	0.0	0.0	1	NO	NO	YES	NO	2	2	1	LOW	NO
1943215793	1498533114	подвеска в машину на зеркало мех	0.0	0.0	0.0	1	NO	YES	NO	NO	2	2	1	LOW	NO
1943215793	1498533114	подвеска на зеркало в машину	1158.0	0.0	0.0	1	YES	NO	NO	NO	2	2	1	LOW	NO
1943215793	1498533114	подвеска на зеркало в машину талисман	1.0	0.0	0.0	1	NO	NO	NO	YES	2	2	1	LOW	NO
1943215793	1498533114	подвеска на зеркало в машину япоская	0.0	0.0	0.0	1	NO	YES	NO	NO	2	2	1	LOW	NO
1943215793	1498533114	подвеска православная в машину на зеркало	1.0	0.0	0.0	1	NO	NO	YES	NO	4	2	2	LOW	NO
1943215793	1498533114	четки в машину	257.0	0.0	0.0	1	YES	NO	NO	NO	2	2	1	LOW	NO
2183808182	1830964558	jubyz ; bdf	1.0	0.0	0.0	1	NO	NO	YES	NO	0	2	0	LOW	NO
2183808182	1830964558	амулет на любовь	2.0	0.0	0.0	1	NO	NO	NO	YES	2	2	1	LOW	NO
2183808182	1830964558	амулет с зеркалом подвеска	1.0	0.0	0.0	1	NO	NO	YES	NO	2	2	1	LOW	NO
2183808182	1830964558	амулеты обереги и талисманы	128.0	0.0	0.0	1	YES	NO	NO	NO	2	2	1	LOW	NO
2183808182	1830964558	берег бог	1.0	0.0	0.0	1	NO	NO	NO	YES	0	2	0	LOW	NO
2183808182	1830964558	бог омулет	0.0	0.0	0.0	1	NO	YES	NO	NO	0	2	0	LOW	NO
2183808182	1830964558	бог подвеска	1.0	0.0	0.0	1	NO	NO	NO	YES	2	2	1	LOW	NO
2183808182	1830964558	богиня жива амулет	1.0	0.0	0.0	1	NO	NO	NO	YES	5	1	2	LOW	NO
2183808182	1830964558	брелок в машину на зеркало пушистики	0.0	0.0	0.0	1	NO	YES	NO	NO	2	2	1	LOW	NO
2183808182	1830964558	брелок у машину byd на зерколо	0.0	0.0	0.0	1	NO	YES	NO	NO	2	2	1	LOW	NO
2183808182	1830964558	бусина от сглаза на зеркало машины	0.0	0.0	0.0	1	NO	YES	NO	NO	2	2	1	LOW	NO
2183808182	1830964558	висюлька на зеркало в машину белая пушистая	0.0	0.0	0.0	1	NO	YES	NO	NO	2	2	1	LOW	NO
2183808182	1830964558	деревянный амулет	1.0	0.0	0.0	1	NO	NO	NO	YES	2	2	1	LOW	NO
2183808182	1830964558	жива	44.0	0.0	0.0	1	NO	NO	YES	NO	5	0	2	LOW	NO
2183808182	1830964558	жива кулон	0.0	0.0	0.0	1	NO	YES	NO	NO	5	1	2	LOW	NO
2183808182	1830964558	зеркало богоа	1.0	0.0	0.0	1	NO	NO	YES	NO	2	2	1	LOW	NO
2183808182	1830964558	зеркало двухстороннее с ув	0.0	0.0	0.0	1	NO	YES	NO	NO	2	2	1	LOW	NO
2183808182	1830964558	зеркало с ув подвеской	0.0	0.0	0.0	1	NO	YES	NO	NO	2	2	1	LOW	NO
2183808182	1830964558	коловрат славянский в машину	0.0	0.0	0.0	1	NO	YES	NO	NO	3	2	1	LOW	NO
2183808182	1830964558	кулон рода славянский	0.0	0.0	0.0	1	NO	YES	NO	NO	3	2	1	LOW	NO
2183808182	1830964558	купить славянского бога род подвеску	0.0	0.0	0.0	1	NO	YES	NO	NO	3	2	1	LOW	NO
2183808182	1830964558	набор	10271.0	0.0	0.0	1	YES	NO	NO	NO	0	2	0	LOW	NO
2183808182	1830964558	оберег	1684.0	0.0	0.0	1	YES	NO	NO	NO	2	2	1	LOW	NO
2183808182	1830964558	оберег в машину	311.0	0.0	0.0	1	YES	NO	NO	NO	2	2	1	LOW	NO
2183808182	1830964558	оберег в машину славянский	9.0	0.0	0.0	1	NO	NO	YES	NO	3	2	1	LOW	NO
2183808182	1830964558	оберег от сглаза и порчи	167.0	0.0	0.0	1	YES	NO	NO	NO	2	2	1	LOW	NO
2183808182	1830964558	оберег славянский женский	8.0	0.0	0.0	1	NO	NO	YES	NO	3	2	1	LOW	NO
2183808182	1830964558	обереги	20.0	0.0	0.0	1	NO	NO	YES	NO	2	2	1	LOW	NO
2183808182	1830964558	обереготсглаза	0.0	0.0	0.0	1	NO	YES	NO	NO	2	2	1	LOW	NO
2183808182	1830964558	подарок для девушки	482.0	0.0	0.0	1	YES	NO	NO	NO	0	2	0	LOW	NO
2183808182	1830964558	подарочный набор для женщин	1746.0	0.0	0.0	1	YES	NO	NO	NO	0	2	0	LOW	NO
2183808182	1830964558	подвеска в машину	3171.0	0.0	0.0	2	YES	YES	NO	NO	2	2	1	MEDIUM	YES
2183808182	1830964558	подвеска в машину на зеркало	206.0	0.0	0.0	1	YES	NO	NO	NO	2	2	1	LOW	NO
2183808182	1830964558	подвеска в машину на зеркало дракон	2.0	0.0	0.0	1	NO	NO	NO	YES	2	2	1	LOW	NO
2183808182	1830964558	подвеска в машину на зеркало оберег	3.0	0.0	0.0	1	NO	NO	NO	YES	2	2	1	LOW	NO
2183808182	1830964558	подвеска на авто зерколо	2.0	0.0	0.0	1	NO	NO	YES	NO	2	2	1	LOW	NO
2183808182	1830964558	подвеска на зеркало автомобиля в машину	14.0	0.0	0.0	1	NO	NO	YES	NO	2	2	1	LOW	NO
2183808182	1830964558	подвеска на зеркало в машину	976.0	0.0	0.0	1	YES	NO	NO	NO	2	2	1	LOW	NO
2183808182	1830964558	подвеска на зеркало в машину купола	1.0	0.0	0.0	1	NO	NO	YES	NO	2	2	1	LOW	NO
2183808182	1830964558	подвеска украшение в автомобиль	1.0	0.0	0.0	1	NO	NO	YES	NO	2	2	1	LOW	NO
2183808182	1830964558	подвнска в мсшине зерколо	1.0	0.0	0.0	1	NO	NO	YES	NO	0	2	0	LOW	NO
2183808182	1830964558	поддвеска славянские	0.0	0.0	0.0	1	NO	YES	NO	NO	3	2	1	LOW	NO
2183808182	1830964558	путник оберег	1.0	0.0	0.0	1	NO	NO	NO	YES	2	2	1	LOW	NO
2183808182	1830964558	славянские	232.0	0.0	0.0	1	YES	NO	NO	NO	3	2	1	LOW	NO
2183808182	1830964558	славянские боги и богини	1.0	0.0	0.0	1	NO	NO	NO	YES	3	2	1	LOW	NO
2183808182	1830964558	славянские обереги	737.0	0.0	0.0	2	YES	YES	NO	NO	3	2	1	MEDIUM	YES
2183808182	1830964558	славянские обереги набор	1.0	0.0	0.0	1	NO	NO	YES	NO	3	2	1	LOW	NO
2183808182	1830964558	славянские смулетв жива	1.0	0.0	0.0	1	NO	NO	NO	YES	5	1	2	LOW	NO
2183808182	1830964558	славянские украшения	262.0	0.0	0.0	1	YES	NO	NO	NO	3	2	1	LOW	NO
2183808182	1830964558	славянскиеобереги	0.0	0.0	0.0	1	NO	NO	YES	NO	3	2	1	LOW	NO
2183808182	1830964558	славянский оберег	145.0	0.0	0.0	1	YES	NO	NO	NO	3	2	1	LOW	NO
2183808182	1830964558	славянский оберег из дерева	3.0	0.0	0.0	1	NO	NO	NO	YES	3	2	1	LOW	NO
2183808182	1830964558	славянский оберег подвеска	10.0	0.0	0.0	1	NO	NO	NO	YES	3	2	1	LOW	NO
2183808182	1830964558	славянский оберег чур	1.0	0.0	0.0	1	NO	NO	NO	YES	3	2	1	LOW	NO
2183808182	1830964558	талимсаны	1.0	0.0	0.0	1	NO	NO	NO	YES	0	2	0	LOW	NO
2183808182	1830964558	украшения предков	1.0	0.0	0.0	1	NO	NO	NO	YES	2	2	1	LOW	NO
2183808182	1830964558	четки славянские оберег	1.0	0.0	0.0	1	NO	NO	YES	NO	3	2	1	LOW	NO
2183808182	1830964558	шаманское зеркало	312.0	0.0	0.0	1	YES	NO	NO	NO	2	2	1	LOW	NO
2183921966	1831102037	1600013 сварог	0.0	0.0	0.0	1	NO	YES	NO	NO	5	1	2	LOW	NO
2183921966	1831102037	3d подвеска в машину на зеркало	1.0	0.0	0.0	1	NO	YES	NO	NO	2	2	1	LOW	NO
2183921966	1831102037	mirroreffect брелок оберег с зеркалом	1.0	0.0	0.0	2	NO	YES	NO	YES	2	2	1	MEDIUM	NO
2183921966	1831102037	автомобильное подвеска оберег	1.0	0.0	0.0	1	NO	YES	NO	NO	2	2	1	LOW	NO
2183921966	1831102037	аксессуары вел	0.0	0.0	0.0	1	NO	YES	NO	NO	2	2	1	LOW	NO
2183921966	1831102037	амулет	438.0	0.0	0.0	1	YES	NO	NO	NO	2	2	1	LOW	NO
2183921966	1831102037	амулет молот перуна	1.0	0.0	0.0	1	NO	NO	YES	NO	2	2	1	LOW	NO
2183921966	1831102037	амулет славянский мужской перуна	1.0	0.0	0.0	1	NO	YES	NO	NO	3	2	1	LOW	NO
2183921966	1831102037	амулеты обереги и талисманы	0.0	0.0	0.0	1	NO	YES	NO	NO	2	2	1	LOW	NO
2183921966	1831102037	бесболка сварог	1.0	0.0	0.0	1	NO	YES	NO	NO	5	1	2	LOW	NO
2183921966	1831102037	бог	69.0	0.0	0.0	1	NO	NO	YES	NO	0	2	0	LOW	NO
2183921966	1831102037	брелок в машину на зеркало славянский символ алатырь	1.0	0.0	871.0	1	NO	NO	YES	NO	0	0	0	LOW	NO
2183921966	1831102037	брелок славянский оберег	5.0	0.0	0.0	1	NO	NO	YES	NO	3	2	1	LOW	NO
2183921966	1831102037	в машину на удачу	2.0	0.0	0.0	1	NO	NO	YES	NO	2	2	1	LOW	NO
2183921966	1831102037	в машину оберег	4.0	0.0	0.0	1	NO	NO	YES	NO	2	2	1	LOW	NO
2183921966	1831102037	велес	1177.0	0.0	0.0	1	YES	NO	NO	NO	0	0	2	LOW	NO
2183921966	1831102037	для машины оберег	2.0	0.0	0.0	1	NO	NO	NO	YES	2	2	1	LOW	NO
2183921966	1831102037	зеркало для гадания	6.0	0.0	0.0	1	NO	NO	YES	NO	2	2	1	LOW	NO
2183921966	1831102037	зеркальная защита амулет	13.0	0.0	0.0	1	NO	NO	NO	YES	2	2	1	LOW	NO
2183921966	1831102037	коловрат	1932.0	0.0	0.0	1	YES	NO	NO	NO	0	2	0	LOW	NO
2183921966	1831102037	коловрат подвеска	667.0	0.0	0.0	1	YES	NO	NO	NO	2	2	1	LOW	NO
2183921966	1831102037	машинки с подвеской	5.0	0.0	0.0	1	NO	NO	YES	NO	2	2	1	LOW	NO
2183921966	1831102037	молот сварога подвеска	9.0	0.0	0.0	1	NO	NO	NO	YES	0	0	0	LOW	NO
2183921966	1831102037	оберег	4516.0	0.0	0.0	2	YES	NO	NO	YES	2	2	1	MEDIUM	NO
2183921966	1831102037	оберег в машину	1190.0	0.0	0.0	2	YES	NO	NO	YES	2	2	1	MEDIUM	YES
2183921966	1831102037	оберег зеркало	10.0	0.0	0.0	1	NO	NO	NO	YES	2	2	1	LOW	NO
2183921966	1831102037	оберег коловрат	1.0	0.0	0.0	1	NO	YES	NO	NO	2	2	1	LOW	NO
2183921966	1831102037	оберег на руку	19.0	0.0	0.0	1	NO	NO	NO	YES	2	2	1	LOW	NO
2183921966	1831102037	оберег перун в машину	1.0	0.0	571.56	1	NO	NO	YES	NO	0	0	0	LOW	NO
2183921966	1831102037	оберег перуна	12.0	0.0	0.0	1	NO	NO	NO	YES	2	2	1	LOW	NO
2183921966	1831102037	оберег сварга	0.0	0.0	628.0	2	NO	YES	YES	NO	2	2	1	MEDIUM	NO
2183921966	1831102037	оберег славянский	285.0	0.0	0.0	1	YES	NO	NO	NO	3	2	1	LOW	NO
2183921966	1831102037	обереги	680.0	0.0	0.0	2	YES	YES	NO	NO	2	2	1	MEDIUM	YES
2183921966	1831102037	оружие в машину	2.0	0.0	0.0	1	NO	NO	YES	NO	2	2	1	LOW	NO
2183921966	1831102037	перук	1.0	0.0	0.0	1	NO	YES	NO	NO	0	2	0	LOW	NO
2183921966	1831102037	перун	488.0	0.0	0.0	1	YES	NO	NO	NO	0	0	2	LOW	NO
2183921966	1831102037	перуница оберег	7.0	0.0	0.0	1	NO	NO	NO	YES	2	2	1	LOW	NO
2183921966	1831102037	повесить в машину	5.0	0.0	0.0	1	NO	NO	YES	NO	2	2	1	LOW	NO
2183921966	1831102037	подвеска в машину	3171.0	0.0	0.0	2	YES	YES	NO	NO	2	2	1	MEDIUM	YES
2183921966	1831102037	подвеска в машину на зеркало	6256.0	0.0	0.0	2	YES	YES	NO	NO	2	2	1	MEDIUM	YES
2183921966	1831102037	подвеска из дерева в машину	3.0	0.0	0.0	1	NO	NO	YES	NO	2	2	1	LOW	NO
2183921966	1831102037	подвеска на зеркало в машине	2.0	0.0	0.0	1	NO	NO	NO	YES	2	2	1	LOW	NO
2183921966	1831102037	подвеска на зеркало в машину	1288.0	0.0	0.0	1	YES	NO	NO	NO	2	2	1	LOW	NO
2183921966	1831102037	подвеска на зеркало в машину ссср	1.0	0.0	0.0	1	NO	YES	NO	NO	2	2	1	LOW	NO
2183921966	1831102037	подвеска на зеркало машины	5.0	0.0	0.0	1	NO	NO	NO	YES	2	2	1	LOW	NO
2183921966	1831102037	подвеска оберег от сглаза	4.0	0.0	0.0	1	NO	NO	NO	YES	2	2	1	LOW	NO
2183921966	1831102037	семейный очаг песок	2.0	0.0	0.0	1	NO	NO	YES	NO	0	2	0	LOW	NO
2183921966	1831102037	славянские обереги	1149.0	0.0	735.0	2	YES	NO	YES	NO	3	2	1	MEDIUM	NO
2183921966	1831102037	славянские обереги мужские	444.0	0.0	0.0	1	YES	NO	NO	NO	3	2	1	LOW	NO
2183921966	1831102037	славянский оберег	608.0	0.0	0.0	1	YES	NO	NO	NO	3	2	1	LOW	NO
2183921966	1831102037	славянский оберег велес	2.0	0.0	0.0	1	NO	NO	NO	YES	0	0	0	LOW	NO
2183921966	1831102037	славянский оберег женский	50.0	0.0	0.0	1	NO	NO	NO	YES	3	2	1	LOW	NO
2183985513	1831181558	авто подвеска на зеркало	2.0	0.0	0.0	1	NO	NO	YES	NO	2	2	1	LOW	NO
2183985513	1831181558	адыгейские украшения подвески на зеркало для машины	1.0	0.0	0.0	1	NO	NO	YES	NO	2	2	1	LOW	NO
2183985513	1831181558	амулет	575.0	0.0	0.0	1	YES	NO	NO	NO	2	2	1	LOW	NO
2183985513	1831181558	амулет в машину	92.0	0.0	0.0	1	NO	NO	YES	NO	2	2	1	LOW	NO
2183985513	1831181558	амулет оберег	13.0	0.0	0.0	1	NO	NO	NO	YES	2	2	1	LOW	NO
2183985513	1831181558	амулет от сглаза брелок в машину на зеркало	1.0	0.0	0.0	1	NO	NO	YES	NO	2	2	1	LOW	NO
2183985513	1831181558	амулетом на машину	0.0	0.0	0.0	1	NO	YES	NO	NO	2	2	1	LOW	NO
2183985513	1831181558	амулеты обереги и талисманы	631.0	0.0	0.0	2	YES	YES	NO	NO	2	2	1	MEDIUM	YES
2183985513	1831181558	аниме подвеска в машину на зеркало	1.0	0.0	0.0	1	NO	NO	YES	NO	2	2	1	LOW	NO
2183985513	1831181558	аодвеска зеркало	0.0	0.0	0.0	1	NO	YES	NO	NO	2	2	1	LOW	NO
2183985513	1831181558	бог	207.0	0.0	0.0	1	YES	NO	NO	NO	0	2	0	LOW	NO
2183985513	1831181558	бог амулет	1.0	0.0	0.0	1	NO	NO	NO	YES	2	2	1	LOW	NO
2183985513	1831181558	бог омулет	0.0	0.0	0.0	1	NO	YES	NO	NO	0	2	0	LOW	NO
2183985513	1831181558	боковые зеркала на машину спасио 1999	1.0	0.0	0.0	1	NO	NO	NO	YES	2	2	1	LOW	NO
2183985513	1831181558	браслет из перу	0.0	0.0	0.0	1	NO	YES	NO	NO	0	2	0	LOW	NO
2183985513	1831181558	брелок в машину на зеркало	247.0	0.0	0.0	1	YES	NO	NO	NO	2	2	1	LOW	NO
2183985513	1831181558	брелок для ключей с перун	0.0	0.0	0.0	1	NO	YES	NO	NO	5	1	2	LOW	NO
2183985513	1831181558	брелок на машину звезда воровская на зеркало	1.0	0.0	0.0	1	NO	NO	NO	YES	0	0	0	LOW	NO
2183985513	1831181558	брелок перу	0.0	0.0	0.0	1	NO	YES	NO	NO	0	2	0	LOW	NO
2183985513	1831181558	брелок узбекистан на машину	1.0	0.0	0.0	1	NO	NO	YES	NO	2	2	1	LOW	NO
2183985513	1831181558	бусина от сглаза на зеркало машины	0.0	0.0	0.0	1	NO	YES	NO	NO	2	2	1	LOW	NO
2183985513	1831181558	в машину на зеркало подвеска	13.0	0.0	0.0	1	NO	NO	NO	YES	2	2	1	LOW	NO
2183985513	1831181558	в машину на зеркало подвеска женская	3.0	0.0	0.0	1	NO	NO	NO	YES	2	2	1	LOW	NO
2183985513	1831181558	висюлька в машину на зеркало тайота четки	1.0	0.0	0.0	1	NO	NO	YES	NO	2	2	1	LOW	NO
2183985513	1831181558	висюлька на зеркало в машину белая пушистая	0.0	0.0	0.0	1	NO	YES	NO	NO	2	2	1	LOW	NO
2183985513	1831181558	висючка в машину на зеркало люстра	0.0	0.0	0.0	1	NO	YES	NO	NO	2	2	1	LOW	NO
2183985513	1831181558	висючка в машину на зеркало мчс	1.0	0.0	0.0	1	NO	NO	NO	YES	2	2	1	LOW	NO
2183985513	1831181558	военный оберег	2.0	0.0	0.0	1	NO	NO	YES	NO	2	2	1	LOW	NO
2183985513	1831181558	вонючка дельфин в машину синяя на зеркало	0.0	0.0	0.0	1	NO	YES	NO	NO	2	2	1	LOW	NO
2183985513	1831181558	гобелен перун	2.0	0.0	0.0	1	NO	NO	NO	YES	5	1	2	LOW	NO
2183985513	1831181558	деревянные славянские боги	1.0	0.0	0.0	1	NO	NO	NO	YES	3	2	1	LOW	NO
2183985513	1831181558	зеркало толи	3.0	0.0	0.0	1	NO	NO	NO	YES	2	2	1	LOW	NO
2183985513	1831181558	коловрат подвеска	172.0	0.0	0.0	1	YES	NO	NO	NO	2	2	1	LOW	NO
2183985513	1831181558	кружка перун	2.0	0.0	0.0	1	NO	NO	YES	NO	5	1	2	LOW	NO
2183985513	1831181558	кумит бога перуна	1.0	0.0	699.0	1	NO	NO	YES	NO	1	1	0	LOW	NO
2183985513	1831181558	оберег	2482.0	0.0	0.0	1	YES	NO	NO	NO	2	2	1	LOW	NO
2183985513	1831181558	оберег в машину	483.0	0.0	0.0	1	YES	NO	NO	NO	2	2	1	LOW	NO
2183985513	1831181558	оберег на зеркало в машину	4.0	0.0	0.0	1	NO	NO	NO	YES	2	2	1	LOW	NO
2183985513	1831181558	обереготсглаза	0.0	0.0	0.0	1	NO	YES	NO	NO	2	2	1	LOW	NO
2183985513	1831181558	от сглаза	478.0	0.0	0.0	1	YES	NO	NO	NO	2	2	1	LOW	NO
2183985513	1831181558	от сглаза и порчи оберег	78.0	0.0	0.0	1	NO	NO	YES	NO	2	2	1	LOW	NO
2183985513	1831181558	перун	488.0	0.0	642.0	2	YES	NO	YES	NO	5	0	2	MEDIUM	NO
2183985513	1831181558	по правую руку бога	6.0	0.0	0.0	1	NO	NO	YES	NO	0	2	0	LOW	NO
2183985513	1831181558	подвеска амулет	4.0	0.0	0.0	1	NO	NO	YES	NO	2	2	1	LOW	NO
2183985513	1831181558	подвеска в машину	3171.0	0.0	0.0	2	YES	YES	NO	NO	2	2	1	MEDIUM	YES
2183985513	1831181558	подвеска в машину на зеркало	1367.0	0.0	0.0	1	YES	NO	NO	NO	2	2	1	LOW	NO
2183985513	1831181558	подвеска на зеркало в машину	1307.0	0.0	0.0	2	YES	NO	NO	YES	2	2	1	MEDIUM	NO
2183985513	1831181558	свеча перун	2.0	0.0	0.0	1	NO	NO	NO	YES	5	1	2	LOW	NO
2183985513	1831181558	славянские обереги	1080.0	0.0	0.0	2	YES	YES	NO	NO	3	2	1	MEDIUM	YES
2183985513	1831181558	славянские традиции	3.0	0.0	0.0	1	NO	NO	NO	YES	3	2	1	LOW	NO
2183985513	1831181558	славянскиеобереги	0.0	0.0	0.0	1	NO	YES	NO	NO	3	2	1	LOW	NO
2183985513	1831181558	славянский	223.0	0.0	0.0	1	YES	NO	NO	NO	3	2	1	LOW	NO
2183985513	1831181558	славянский оберег	287.0	0.0	0.0	1	YES	NO	NO	NO	3	2	1	LOW	NO
2183985513	1831181558	цепочка славянская	10.0	0.0	0.0	1	NO	NO	NO	YES	3	2	1	LOW	NO
2183985513	1831181558	четки славянские	41.0	0.0	0.0	1	NO	NO	YES	NO	3	2	1	LOW	NO
2184098058	1831327502	амулет славянский ветер	1.0	0.0	0.0	1	NO	NO	NO	YES	3	2	1	LOW	NO
2184098058	1831327502	амулеты обереги и талисманы	224.0	0.0	0.0	1	YES	NO	NO	NO	2	2	1	LOW	NO
2184098058	1831327502	аодвеска зеркало	0.0	0.0	0.0	1	NO	YES	NO	NO	2	2	1	LOW	NO
2184098058	1831327502	блестящий брелок в машину на зеркало ведьмочка	1.0	0.0	0.0	1	NO	NO	NO	YES	2	2	1	LOW	NO
2184098058	1831327502	бог	158.0	0.0	0.0	1	YES	NO	NO	NO	0	0	0	LOW	NO
2184098058	1831327502	бог сварог в машину	1.0	0.0	0.0	1	NO	NO	YES	NO	0	0	0	LOW	NO
2184098058	1831327502	брелок в машину на зеркало славянский символ алатырь	1.0	0.0	0.0	1	NO	NO	YES	NO	0	0	0	LOW	NO
2184098058	1831327502	брошь славянские обереги	1.0	0.0	0.0	1	NO	NO	YES	NO	3	2	1	LOW	NO
2184098058	1831327502	бусина от сглаза на зеркало машины	0.0	0.0	0.0	1	NO	YES	NO	NO	2	2	1	LOW	NO
2184098058	1831327502	додвеска в машину	1.0	0.0	0.0	1	NO	NO	NO	YES	2	2	1	LOW	NO
2184098058	1831327502	зеркало	7498.0	0.0	0.0	1	YES	NO	NO	NO	2	2	1	LOW	NO
2184098058	1831327502	зеркало для гадания	7.0	0.0	0.0	1	NO	NO	YES	NO	2	2	1	LOW	NO
2184098058	1831327502	зеркало заднего вида салонное	398.0	0.0	0.0	1	YES	NO	NO	NO	2	2	1	LOW	NO
2184098058	1831327502	картина стрибо	1.0	0.0	0.0	1	NO	NO	YES	NO	0	2	0	LOW	NO
2184098058	1831327502	коловрат в машину на зеркало	2.0	0.0	0.0	1	NO	NO	NO	YES	2	2	1	LOW	NO
2184098058	1831327502	магическое зеркало	40.0	0.0	0.0	1	NO	NO	YES	NO	2	2	1	LOW	NO
2184098058	1831327502	меловые ароматизаторы в автомобиль подвеска на зеркало	1.0	0.0	0.0	1	NO	NO	YES	NO	2	2	1	LOW	NO
2184098058	1831327502	мячик мягкий в машину на зеркало смайлик	1.0	0.0	0.0	1	NO	NO	YES	NO	2	2	1	LOW	NO
2184098058	1831327502	набор славянские боги дерево	1.0	0.0	0.0	1	NO	NO	NO	YES	3	2	1	LOW	NO
2184098058	1831327502	наклейки на машину стри	0.0	0.0	0.0	1	NO	YES	NO	NO	2	2	1	LOW	NO
2184098058	1831327502	оберег	2494.0	0.0	0.0	1	YES	NO	NO	NO	2	2	1	LOW	NO
2184098058	1831327502	оберег в виде зеркала	1.0	0.0	0.0	1	NO	NO	YES	NO	2	2	1	LOW	NO
2184098058	1831327502	оберег в машину	554.0	0.0	0.0	1	YES	NO	NO	NO	2	2	1	LOW	NO
2184098058	1831327502	оберег в машину на зеркало	1.0	0.0	0.0	1	NO	NO	YES	NO	2	2	1	LOW	NO
2184098058	1831327502	оберег на машину куз тимэсен	0.0	0.0	0.0	1	NO	YES	NO	NO	2	2	1	LOW	NO
2184098058	1831327502	оберег на машину славянский	0.0	0.0	0.0	1	NO	YES	NO	NO	3	2	1	LOW	NO
2184098058	1831327502	оберег славянский в машину на стекло	1.0	0.0	0.0	1	NO	NO	NO	YES	3	2	1	LOW	NO
2184098058	1831327502	оберег чур славянский	1.0	0.0	0.0	1	NO	NO	NO	YES	3	2	1	LOW	NO
2184098058	1831327502	обереги	153.0	0.0	0.0	1	YES	NO	NO	NO	2	2	1	LOW	NO
2184098058	1831327502	обереги и талисманы славянские	3.0	0.0	0.0	1	NO	NO	YES	NO	3	2	1	LOW	NO
2184098058	1831327502	обереги на автомобиль	1.0	0.0	0.0	1	NO	NO	YES	NO	2	2	1	LOW	NO
2184098058	1831327502	обереготсглаза	0.0	0.0	0.0	1	NO	YES	NO	NO	2	2	1	LOW	NO
2184098058	1831327502	от сглаза	110.0	0.0	0.0	1	YES	NO	NO	NO	2	2	1	LOW	NO
2184098058	1831327502	подвеска	2404.0	0.0	0.0	1	YES	NO	NO	NO	2	2	1	LOW	NO
2184098058	1831327502	подвеска авто салон	0.0	0.0	0.0	1	NO	YES	NO	NO	2	2	1	LOW	NO
2184098058	1831327502	подвеска брелок на зеркало в машину мячь баскетбольный	1.0	0.0	0.0	1	NO	NO	YES	NO	2	2	1	LOW	NO
2184098058	1831327502	подвеска в авто на зеркало руны	1.0	0.0	0.0	1	NO	NO	NO	YES	2	2	1	LOW	NO
2184098058	1831327502	подвеска в машину	3171.0	0.0	0.0	2	YES	YES	NO	NO	2	2	1	MEDIUM	YES
2184098058	1831327502	подвеска в машину на зеркало мужская футбол зенит	1.0	0.0	0.0	1	NO	NO	YES	NO	2	2	1	LOW	NO
2184098058	1831327502	подвеска в машину на зеркало прик	0.0	0.0	0.0	1	NO	YES	NO	NO	2	2	1	LOW	NO
2184098058	1831327502	подвеска в машину на зеркало руна	0.0	0.0	0.0	1	NO	YES	NO	NO	2	2	1	LOW	NO
2184098058	1831327502	подвеска в машину на зеркало юрта	0.0	0.0	0.0	1	NO	YES	NO	NO	2	2	1	LOW	NO
2184098058	1831327502	подвеска в машину род войск	1.0	0.0	0.0	1	NO	NO	NO	YES	2	2	1	LOW	NO
2184098058	1831327502	подвеска для песка	0.0	0.0	0.0	1	NO	YES	NO	NO	2	2	1	LOW	NO
2184098058	1831327502	подвеска на зеркало в машину	1059.0	0.0	0.0	1	YES	NO	NO	NO	2	2	1	LOW	NO
2184098058	1831327502	подвески на зеркало для авто	1.0	0.0	0.0	1	NO	NO	NO	YES	2	2	1	LOW	NO
2184098058	1831327502	сварог оберег в машину	1.0	0.0	0.0	1	NO	NO	NO	YES	0	0	0	LOW	NO
2184098058	1831327502	сварог подвеска	1.0	0.0	0.0	1	NO	NO	NO	YES	0	0	0	LOW	NO
2184098058	1831327502	сила	108.0	0.0	0.0	1	YES	NO	NO	NO	0	2	0	LOW	NO
2184098058	1831327502	славянские боги дерево	1.0	0.0	0.0	1	NO	NO	NO	YES	3	2	1	LOW	NO
2184098058	1831327502	славянские оберег чернобог для мужчин	0.0	0.0	0.0	1	NO	YES	NO	NO	0	0	0	LOW	NO
2184098058	1831327502	славянские обереги	794.0	0.0	0.0	2	YES	YES	NO	NO	3	2	1	MEDIUM	YES
2184098058	1831327502	славянские украшения	260.0	0.0	0.0	1	YES	NO	NO	NO	3	2	1	LOW	NO
2184098058	1831327502	славянскиеобереги	0.0	0.0	0.0	1	NO	YES	NO	NO	3	2	1	LOW	NO
2184098058	1831327502	славянский	27.0	0.0	0.0	1	NO	NO	NO	YES	3	2	1	LOW	NO
2184098058	1831327502	славянский оберег	244.0	0.0	0.0	1	YES	NO	NO	NO	3	2	1	LOW	NO
2184098058	1831327502	славянский талисман подвеска	1.0	0.0	0.0	1	NO	NO	NO	YES	3	2	1	LOW	NO
2184098058	1831327502	украшение автомобиля на зеркало	1.0	0.0	0.0	1	NO	NO	YES	NO	2	2	1	LOW	NO
2184133137	1831377069	аксессуар в машину женское	1.0	0.0	0.0	1	NO	NO	NO	YES	2	2	1	LOW	NO
2184133137	1831377069	аксессуары салона авто	0.0	0.0	0.0	1	NO	YES	NO	NO	2	2	1	LOW	NO
2184133137	1831377069	амулет в машину от сглаза	2.0	0.0	0.0	1	NO	NO	NO	YES	2	2	1	LOW	NO
2184133137	1831377069	амулет на шею славянский	2.0	0.0	0.0	1	NO	NO	YES	NO	3	2	1	LOW	NO
2184133137	1831377069	амулет подвеска талисман	1.0	0.0	0.0	1	NO	NO	NO	YES	2	2	1	LOW	NO
2184133137	1831377069	амулеты обереги и талисманы	224.0	0.0	0.0	1	YES	NO	NO	NO	2	2	1	LOW	NO
2184133137	1831377069	амулеты обереги кулоны	0.0	0.0	0.0	1	NO	YES	NO	NO	2	2	1	LOW	NO
2184133137	1831377069	армянский барабан на машину подвеска	1.0	0.0	0.0	1	NO	NO	NO	YES	2	2	1	LOW	NO
2184133137	1831377069	брелок в машину на зеркало я свободен	0.0	0.0	0.0	1	NO	YES	NO	NO	2	2	1	LOW	NO
2184133137	1831377069	брелок на авто славянская на зеркало	1.0	0.0	0.0	1	NO	NO	NO	YES	3	2	1	LOW	NO
2184133137	1831377069	брелок славянский	142.0	0.0	0.0	1	YES	NO	NO	NO	3	2	1	LOW	NO
2184133137	1831377069	брелок талисман славянский	1.0	0.0	0.0	1	NO	NO	YES	NO	3	2	1	LOW	NO
2184133137	1831377069	бусина от сглаза на зеркало машины	0.0	0.0	0.0	1	NO	YES	NO	NO	2	2	1	LOW	NO
2184133137	1831377069	в машину амулет	0.0	0.0	0.0	1	NO	YES	NO	NO	2	2	1	LOW	NO
2184133137	1831377069	в машину на зеркало	67.0	0.0	0.0	1	NO	NO	YES	NO	2	2	1	LOW	NO
2184133137	1831377069	в машину подвеска на зеркало россия	0.0	0.0	0.0	1	NO	YES	NO	NO	2	2	1	LOW	NO
2184133137	1831377069	висюлька на зеркало в машину белая пушистая	0.0	0.0	0.0	1	NO	YES	NO	NO	2	2	1	LOW	NO
2184133137	1831377069	деревянная бусина с стмволом макошь	0.0	0.0	0.0	1	NO	YES	NO	NO	5	1	2	LOW	NO
2184133137	1831377069	деревянные подвески в автомобиль	1.0	0.0	0.0	1	NO	NO	NO	YES	2	2	1	LOW	NO
2184133137	1831377069	для машины в салон на зеркало подвескп	0.0	0.0	0.0	1	NO	YES	NO	NO	2	2	1	LOW	NO
2184133137	1831377069	зеркальный амулет	13.0	0.0	0.0	1	NO	NO	NO	YES	2	2	1	LOW	NO
2184133137	1831377069	из дерева подвеска	0.0	0.0	0.0	1	NO	YES	NO	NO	2	2	1	LOW	NO
2184133137	1831377069	имперский штурмовик подвеска в машину на зеркало	1.0	0.0	0.0	1	NO	NO	NO	YES	2	2	1	LOW	NO
2184133137	1831377069	крюковая подвеска сувенир в машину	1.0	0.0	0.0	1	NO	NO	NO	YES	2	2	1	LOW	NO
2184133137	1831377069	макошь	569.0	0.0	0.0	2	YES	NO	YES	NO	5	0	2	MEDIUM	NO
2184133137	1831377069	макошь доска	0.0	0.0	0.0	1	NO	YES	NO	NO	5	1	2	LOW	NO
2184133137	1831377069	макошь оберег	112.0	0.0	0.0	1	YES	NO	NO	NO	5	0	2	LOW	NO
2184133137	1831377069	макошь славянский оберег	0.0	0.0	0.0	1	NO	YES	NO	NO	5	0	2	LOW	NO
2184133137	1831377069	молд берегиня макошь	1.0	0.0	0.0	1	NO	NO	NO	YES	5	1	2	LOW	NO
2184133137	1831377069	мусульманский оберег на веревочке	1.0	0.0	0.0	1	NO	NO	NO	YES	2	2	1	LOW	NO
2184133137	1831377069	на зеркало авто подвеска женская в машину	1.0	0.0	0.0	1	NO	NO	YES	NO	2	2	1	LOW	NO
2184133137	1831377069	набор	10784.0	0.0	0.0	1	YES	NO	NO	NO	0	2	0	LOW	NO
2184133137	1831377069	оберег	2471.0	0.0	0.0	1	YES	NO	NO	NO	2	2	1	LOW	NO
2184133137	1831377069	оберег автомобильный	3.0	0.0	0.0	1	NO	NO	YES	NO	2	2	1	LOW	NO
2184133137	1831377069	оберег боги из дерева	1.0	0.0	0.0	1	NO	NO	YES	NO	2	2	1	LOW	NO
2184133137	1831377069	оберег в авто	1.0	0.0	0.0	1	NO	NO	YES	NO	2	2	1	LOW	NO
2184133137	1831377069	оберег в автомобиль	11.0	0.0	0.0	1	NO	NO	NO	YES	2	2	1	LOW	NO
2184133137	1831377069	оберег в автомобишь	1.0	0.0	0.0	1	NO	NO	NO	YES	2	2	1	LOW	NO
2184133137	1831377069	оберег в машину	687.0	0.0	0.0	1	YES	NO	NO	NO	2	2	1	LOW	NO
2184133137	1831377069	оберег в машину на зеркало в салон	1.0	0.0	0.0	1	NO	NO	YES	NO	2	2	1	LOW	NO
2184133137	1831377069	оберег в машину на зеркало славянский	1.0	0.0	0.0	1	NO	NO	YES	NO	3	2	1	LOW	NO
2184133137	1831377069	оберег для автомобиля для автомобиля	1.0	0.0	0.0	1	NO	NO	YES	NO	2	2	1	LOW	NO
2184133137	1831377069	оберег из дерева на шею	0.0	0.0	0.0	1	NO	YES	NO	NO	2	2	1	LOW	NO
2184133137	1831377069	оберег макоши	1.0	0.0	0.0	1	NO	NO	YES	NO	2	2	1	LOW	NO
2184133137	1831377069	оберег от крадников	1.0	0.0	0.0	1	NO	NO	NO	YES	2	2	1	LOW	NO
2184133137	1831377069	оберег от сглаза и порчи	167.0	0.0	0.0	1	YES	NO	NO	NO	2	2	1	LOW	NO
2184133137	1831377069	обереготсглаза	0.0	0.0	0.0	1	NO	YES	NO	NO	2	2	1	LOW	NO
2184133137	1831377069	от сглаза	342.0	0.0	0.0	1	YES	NO	NO	NO	2	2	1	LOW	NO
2184133137	1831377069	подарочный набор для женщин	1746.0	0.0	0.0	1	YES	NO	NO	NO	0	2	0	LOW	NO
2184133137	1831377069	подвеска в машину	3171.0	0.0	0.0	1	YES	NO	NO	NO	2	2	1	LOW	NO
2184133137	1831377069	подвеска женская в автомобиль на зеркало	0.0	0.0	0.0	1	NO	NO	YES	NO	2	2	1	LOW	NO
2184133137	1831377069	подвеска на зеркало в машину	1162.0	0.0	0.0	1	YES	NO	NO	NO	2	2	1	LOW	NO
2184133137	1831377069	подвеска на зеркало в машину фигурка гимнаст	1.0	0.0	0.0	1	NO	NO	NO	YES	2	2	1	LOW	NO
2184133137	1831377069	подвеска славянская	9.0	0.0	0.0	1	NO	NO	YES	NO	3	2	1	LOW	NO
2184133137	1831377069	славянские обереги	875.0	0.0	0.0	2	YES	YES	NO	NO	3	2	1	MEDIUM	YES
2184133137	1831377069	славянские украшения	285.0	0.0	0.0	1	YES	NO	NO	NO	3	2	1	LOW	NO
2184133137	1831377069	славянский оберег	266.0	0.0	0.0	1	YES	NO	NO	NO	3	2	1	LOW	NO
2184133137	1831377069	славянский оберег род	2.0	0.0	0.0	1	NO	NO	YES	NO	3	2	1	LOW	NO
2184153852	1831403746	амулет в машину	36.0	0.0	0.0	1	NO	NO	YES	NO	2	2	1	LOW	NO
2184153852	1831403746	амулет деревянный	5.0	0.0	0.0	1	NO	NO	YES	NO	2	2	1	LOW	NO
2184153852	1831403746	амулет зеркальный	3.0	0.0	0.0	1	NO	NO	NO	YES	2	2	1	LOW	NO
2184153852	1831403746	амулет оберег	7.0	0.0	0.0	1	NO	NO	NO	YES	2	2	1	LOW	NO
2184153852	1831403746	амулет славянский из дерева для творчества	1.0	0.0	0.0	1	NO	NO	NO	YES	3	2	1	LOW	NO
2184153852	1831403746	амулеты обереги и талисманы	306.0	0.0	0.0	1	YES	NO	NO	NO	2	2	1	LOW	NO
2184153852	1831403746	амулеты обереги и талисманы дерево	1.0	0.0	0.0	1	NO	NO	YES	NO	2	2	1	LOW	NO
2184153852	1831403746	амулеты обереги и талисманы зеркалр	0.0	0.0	0.0	1	NO	YES	NO	NO	2	2	1	LOW	NO
2184153852	1831403746	бог	237.0	0.0	0.0	1	YES	NO	NO	NO	0	2	0	LOW	NO
2184153852	1831403746	бомбический оберег в машину на зеркало	1.0	0.0	0.0	1	NO	NO	NO	YES	2	2	1	LOW	NO
2184153852	1831403746	брелок в машине машин на зеркало аромат запох	0.0	0.0	0.0	1	NO	YES	NO	NO	2	2	1	LOW	NO
2184153852	1831403746	брелок в машину на зеркало пушистики	0.0	0.0	0.0	1	NO	YES	NO	NO	2	2	1	LOW	NO
2184153852	1831403746	брелок на машину звезда воровская на зеркало	1.0	0.0	0.0	1	NO	NO	NO	YES	0	0	0	LOW	NO
2184153852	1831403746	в машину защита от сглаза	1.0	0.0	0.0	1	NO	NO	NO	YES	2	2	1	LOW	NO
2184153852	1831403746	вымпел уголовный розыск в машину на зеркало	1.0	0.0	0.0	1	NO	NO	NO	YES	2	2	1	LOW	NO
2184153852	1831403746	деревянная семаргл	1.0	0.0	0.0	1	NO	NO	YES	NO	5	1	2	LOW	NO
2184153852	1831403746	для подвески зеркала	1.0	0.0	0.0	1	NO	NO	YES	NO	2	2	1	LOW	NO
2184153852	1831403746	зеркало обгона праворукая машина	0.0	0.0	0.0	1	NO	YES	NO	NO	2	2	1	LOW	NO
2184153852	1831403746	крестик в машину на зеркало освешеный	0.0	0.0	0.0	1	NO	YES	NO	NO	2	2	1	LOW	NO
2184153852	1831403746	кулон зеркало оберег	109.0	0.0	0.0	1	YES	NO	NO	NO	2	2	1	LOW	NO
2184153852	1831403746	кулон семергал	0.0	0.0	0.0	1	NO	YES	NO	NO	0	2	0	LOW	NO
2184153852	1831403746	магическое зеркало подвеска	1.0	0.0	0.0	1	NO	NO	NO	YES	2	2	1	LOW	NO
2184153852	1831403746	мешочек со смехом подвеска в машину	0.0	0.0	0.0	1	NO	YES	NO	NO	2	2	1	LOW	NO
2184153852	1831403746	мконка оберег в машину на зеркало круглая	1.0	0.0	0.0	1	NO	NO	YES	NO	2	2	1	LOW	NO
2184153852	1831403746	на машину в салон оберег	1.0	0.0	0.0	1	NO	NO	NO	YES	2	2	1	LOW	NO
2184153852	1831403746	оберег	1685.0	0.0	0.0	1	YES	NO	NO	NO	2	2	1	LOW	NO
2184153852	1831403746	оберег в автомобиль на зеркало	1.0	0.0	0.0	1	NO	NO	YES	NO	2	2	1	LOW	NO
2184153852	1831403746	оберег в машину	619.0	0.0	0.0	1	YES	NO	NO	NO	2	2	1	LOW	NO
2184153852	1831403746	оберег для автомобиля	15.0	0.0	0.0	1	NO	NO	YES	NO	2	2	1	LOW	NO
2184153852	1831403746	оберег для автомобиля на зеркало	2.0	0.0	0.0	1	NO	NO	NO	YES	2	2	1	LOW	NO
2184153852	1831403746	оберег для дома	2364.0	0.0	0.0	1	YES	NO	NO	NO	2	2	1	LOW	NO
2184153852	1831403746	оберег на	7.0	0.0	0.0	1	NO	NO	YES	NO	2	2	1	LOW	NO
2184153852	1831403746	оберег от сглаза	255.0	0.0	0.0	1	YES	NO	NO	NO	2	2	1	LOW	NO
2184153852	1831403746	оберег от сглаза и порчи	711.0	0.0	0.0	1	YES	NO	NO	NO	2	2	1	LOW	NO
2184153852	1831403746	оберег семаргл	6.0	0.0	549.0	1	NO	NO	YES	NO	5	0	2	LOW	NO
2184153852	1831403746	оберег семаргла	2.0	0.0	0.0	1	NO	NO	NO	YES	1	0	0	LOW	NO
2184153852	1831403746	обереги от сглаза и порчи	20.0	0.0	0.0	1	NO	NO	YES	NO	2	2	1	LOW	NO
2184153852	1831403746	обереготсглаза	0.0	0.0	0.0	1	NO	YES	NO	NO	2	2	1	LOW	NO
2184153852	1831403746	ооо семаргл	1.0	0.0	0.0	1	NO	NO	YES	NO	5	1	2	LOW	NO
2184153852	1831403746	от сглаза	110.0	0.0	0.0	1	YES	NO	NO	NO	2	2	1	LOW	NO
2184153852	1831403746	от сглаза и порчи оберег	81.0	0.0	0.0	1	NO	NO	NO	YES	2	2	1	LOW	NO
2184153852	1831403746	от сглаза и порчи подвеска	0.0	0.0	0.0	1	NO	YES	NO	NO	2	2	1	LOW	NO
2184153852	1831403746	подвеска в машину	3171.0	0.0	0.0	1	YES	NO	NO	NO	2	2	1	LOW	NO
2184153852	1831403746	подвеска в машину на зеркало для мужчиныс надптсью езди аккуратно	1.0	0.0	0.0	1	NO	NO	YES	NO	2	2	1	LOW	NO
2184153852	1831403746	подвеска в машину на зеркало ма ка крик	0.0	0.0	0.0	1	NO	YES	NO	NO	2	2	1	LOW	NO
2184153852	1831403746	подвеска в машину на зеркало юрта	0.0	0.0	0.0	1	NO	YES	NO	NO	2	2	1	LOW	NO
2184153852	1831403746	подвеска в машину талисман	1.0	0.0	0.0	1	NO	NO	NO	YES	2	2	1	LOW	NO
2184153852	1831403746	подвеска на зеркало в машину	1288.0	0.0	0.0	1	YES	NO	NO	NO	2	2	1	LOW	NO
2184153852	1831403746	подвеска от сглаза	120.0	0.0	0.0	1	YES	NO	NO	NO	2	2	1	LOW	NO
2184153852	1831403746	русские обереги	0.0	0.0	0.0	1	NO	YES	NO	NO	2	2	1	LOW	NO
2184153852	1831403746	семагл	0.0	0.0	0.0	1	NO	YES	NO	NO	0	2	0	LOW	NO
2184153852	1831403746	семургл	0.0	0.0	0.0	1	NO	YES	NO	NO	0	2	0	LOW	NO
2184153852	1831403746	славянская подвеска	4.0	0.0	0.0	1	NO	NO	YES	NO	3	2	1	LOW	NO
2184153852	1831403746	славянские обереги	1049.0	0.0	0.0	1	YES	NO	NO	NO	3	2	1	LOW	NO
2184153852	1831403746	славянские обереги мужские в машину	1.0	0.0	0.0	1	NO	NO	YES	NO	3	2	1	LOW	NO
2184153852	1831403746	славянскиеобереги	0.0	0.0	0.0	1	NO	YES	NO	NO	3	2	1	LOW	NO
2184153852	1831403746	славянский	183.0	0.0	0.0	1	YES	NO	NO	NO	3	2	1	LOW	NO
2184153852	1831403746	славянский бог семаргл магнит на холодильник	1.0	0.0	0.0	1	NO	NO	NO	YES	5	1	2	LOW	NO
2184153852	1831403746	славянский оберег	313.0	0.0	0.0	1	YES	NO	NO	NO	3	2	1	LOW	NO
2184153852	1831403746	славянский оберег в машину на зеркало	2.0	0.0	0.0	1	NO	NO	NO	YES	3	2	1	LOW	NO
2184168890	1831422362	автоподвеска луна	0.0	0.0	0.0	1	NO	YES	NO	NO	2	2	1	LOW	NO
2184168890	1831422362	амулет из дерева	1.0	0.0	0.0	1	NO	NO	NO	YES	2	2	1	LOW	NO
2184168890	1831422362	амулет крес славян	1.0	0.0	0.0	1	NO	NO	NO	YES	3	2	1	LOW	NO
2184168890	1831422362	амулеты обереги и талисманы	147.0	0.0	0.0	1	YES	NO	NO	NO	2	2	1	LOW	NO
2184168890	1831422362	атрибутика зенит в машину на зеркало	1.0	0.0	0.0	1	NO	NO	YES	NO	2	2	1	LOW	NO
2184168890	1831422362	береза бусина 8 мм	1.0	0.0	0.0	1	NO	NO	YES	NO	0	2	0	LOW	NO
2184168890	1831422362	бог	121.0	0.0	0.0	1	YES	NO	NO	NO	0	2	0	LOW	NO
2184168890	1831422362	бог омулет	0.0	0.0	0.0	1	NO	YES	NO	NO	0	2	0	LOW	NO
2184168890	1831422362	брелок в машину на зеркало пушистики	0.0	0.0	0.0	2	NO	YES	NO	YES	2	2	1	MEDIUM	NO
2184168890	1831422362	бусина от сглаза на зеркало машины	0.0	0.0	0.0	1	NO	YES	NO	NO	2	2	1	LOW	NO
2184168890	1831422362	в машине хобби хорс	0.0	0.0	0.0	1	NO	YES	NO	NO	5	1	2	LOW	NO
2184168890	1831422362	в славянской традиции	1.0	0.0	0.0	1	NO	NO	YES	NO	3	2	1	LOW	NO
2184168890	1831422362	велес оберег подвеска	2.0	0.0	0.0	1	NO	NO	NO	YES	0	0	0	LOW	NO
2184168890	1831422362	дьявол игрушка страшная в машину на зеркало	1.0	0.0	0.0	1	NO	NO	YES	NO	2	2	1	LOW	NO
2184168890	1831422362	зеркало подвеска оберег	1.0	0.0	0.0	1	NO	NO	NO	YES	2	2	1	LOW	NO
2184168890	1831422362	зеркало с подвеской	4.0	0.0	0.0	1	NO	NO	YES	NO	2	2	1	LOW	NO
2184168890	1831422362	игрушка бог в машину на зеркало	0.0	0.0	0.0	1	NO	YES	NO	NO	2	2	1	LOW	NO
2184168890	1831422362	коловрат	1334.0	0.0	0.0	1	YES	NO	NO	NO	0	2	0	LOW	NO
2184168890	1831422362	коловрат оберег в машину	1.0	0.0	0.0	1	NO	NO	NO	YES	2	2	1	LOW	NO
2184168890	1831422362	коловрат подвеска	274.0	0.0	0.0	1	YES	NO	NO	NO	2	2	1	LOW	NO
2184168890	1831422362	крес в машину	2.0	0.0	0.0	1	NO	NO	NO	YES	2	2	1	LOW	NO
2184168890	1831422362	крюковая подвеска сувенир в машину	1.0	0.0	0.0	1	NO	NO	YES	NO	2	2	1	LOW	NO
2184168890	1831422362	монстры на кан кулах подвеска в машину	1.0	0.0	0.0	1	NO	NO	NO	YES	2	2	1	LOW	NO
2184168890	1831422362	на зеркало авто подвеска	11.0	0.0	0.0	1	NO	NO	YES	NO	2	2	1	LOW	NO
2184168890	1831422362	на зеркало в машину подвеска россия	1.0	0.0	0.0	1	NO	NO	NO	YES	2	2	1	LOW	NO
2184168890	1831422362	оберег	1195.0	0.0	0.0	1	YES	NO	NO	NO	2	2	1	LOW	NO
2184168890	1831422362	оберег в карман в машину	1.0	0.0	0.0	1	NO	NO	NO	YES	2	2	1	LOW	NO
2184168890	1831422362	оберег в машину	203.0	0.0	0.0	1	YES	NO	NO	NO	2	2	1	LOW	NO
2184168890	1831422362	оберег велес	8.0	0.0	0.0	1	NO	NO	YES	NO	0	0	0	LOW	NO
2184168890	1831422362	оберег зеркало на шею подвеска	1.0	0.0	0.0	1	NO	NO	YES	NO	2	2	1	LOW	NO
2184168890	1831422362	оберег от сглаза и порчи	217.0	0.0	0.0	1	YES	NO	NO	NO	2	2	1	LOW	NO
2184168890	1831422362	обереги из дерева	2.0	0.0	0.0	1	NO	NO	NO	YES	2	2	1	LOW	NO
2184168890	1831422362	обереги коловрат	0.0	0.0	0.0	1	NO	YES	NO	NO	2	2	1	LOW	NO
2184168890	1831422362	обереги от порчи	0.0	0.0	0.0	1	NO	YES	NO	NO	2	2	1	LOW	NO
2184168890	1831422362	обереготсглаза	0.0	0.0	0.0	1	NO	YES	NO	NO	2	2	1	LOW	NO
2184168890	1831422362	подвеска брелок славянская	1.0	0.0	0.0	1	NO	NO	YES	NO	3	2	1	LOW	NO
2184168890	1831422362	подвеска в машину	2937.0	0.0	0.0	1	YES	NO	NO	NO	2	2	1	LOW	NO
2184168890	1831422362	подвеска в машину мусульманская бисмила	1.0	0.0	0.0	1	NO	NO	NO	YES	2	2	1	LOW	NO
2184168890	1831422362	подвеска в машину на зеркало	1107.0	0.0	0.0	1	YES	NO	NO	NO	2	2	1	LOW	NO
2184168890	1831422362	подвеска в машину на зеркало а	0.0	0.0	0.0	1	NO	YES	NO	NO	2	2	1	LOW	NO
2184168890	1831422362	подвеска в машину на зеркало велес	0.0	0.0	0.0	1	NO	YES	NO	NO	0	0	0	LOW	NO
2184168890	1831422362	подвеска зеркал в машине	1.0	0.0	0.0	1	NO	NO	NO	YES	2	2	1	LOW	NO
2184168890	1831422362	подвеска на зеркало автомобиля акула	0.0	0.0	0.0	1	NO	YES	NO	NO	2	2	1	LOW	NO
2184168890	1831422362	подвеска на зеркало в машину	999.0	0.0	0.0	1	YES	NO	NO	NO	2	2	1	LOW	NO
2184168890	1831422362	подвеска на зеркало славянская	0.0	0.0	0.0	1	NO	YES	NO	NO	3	2	1	LOW	NO
2184168890	1831422362	подвеска оберег в машину бог тарс	0.0	0.0	0.0	1	NO	YES	NO	NO	2	2	1	LOW	NO
2184168890	1831422362	подвеска от порчи	3.0	0.0	0.0	1	NO	NO	NO	YES	2	2	1	LOW	NO
2184168890	1831422362	посуда хорс	1.0	0.0	0.0	1	NO	NO	YES	NO	5	1	2	LOW	NO
2184168890	1831422362	символ хорса	2.0	0.0	783.0	1	NO	NO	YES	NO	0	2	0	LOW	NO
2184168890	1831422362	славянские	108.0	0.0	0.0	1	YES	NO	NO	NO	3	2	1	LOW	NO
2184168890	1831422362	славянские обереги	561.0	0.0	0.0	2	YES	NO	YES	NO	3	2	1	MEDIUM	YES
2184168890	1831422362	славянские обереги в машину	6.0	0.0	0.0	1	NO	NO	YES	NO	3	2	1	LOW	NO
2184168890	1831422362	славянские украшения	284.0	0.0	0.0	1	YES	NO	NO	NO	3	2	1	LOW	NO
2184168890	1831422362	славянский	203.0	0.0	0.0	1	YES	NO	NO	NO	3	2	1	LOW	NO
2184168890	1831422362	славянский бог	2.0	0.0	0.0	1	NO	NO	YES	NO	3	2	1	LOW	NO
2184168890	1831422362	славянский оберег	209.0	0.0	0.0	1	YES	NO	NO	NO	3	2	1	LOW	NO
2184168890	1831422362	талисман предков	0.0	0.0	0.0	1	NO	YES	NO	NO	2	2	1	LOW	NO
2184168890	1831422362	четки талисман	1.0	0.0	0.0	1	NO	NO	NO	YES	2	2	1	LOW	NO
2184199958	1831464047	авто подвеска	1.0	0.0	0.0	1	NO	NO	YES	NO	2	2	1	LOW	NO
2184199958	1831464047	автомобиль мар	0.0	0.0	0.0	1	NO	YES	NO	NO	2	2	1	LOW	NO
2184199958	1831464047	азербайджанские четки и амулеты на зеркало в машину	2.0	0.0	0.0	1	NO	NO	YES	NO	2	2	1	LOW	NO
2184199958	1831464047	акриловая подвеска в машину на зеркало	1.0	0.0	0.0	1	NO	NO	NO	YES	2	2	1	LOW	NO
2184199958	1831464047	аксессуары в машину подвесаа зеркал барабан	0.0	0.0	0.0	1	NO	YES	NO	NO	2	2	1	LOW	NO
2184199958	1831464047	аксессуары салона авто	0.0	0.0	0.0	1	NO	YES	NO	NO	2	2	1	LOW	NO
2184199958	1831464047	аксессуары славян	0.0	0.0	0.0	1	NO	YES	NO	NO	3	2	1	LOW	NO
2184199958	1831464047	амулет	659.0	0.0	0.0	1	YES	NO	NO	NO	2	2	1	LOW	NO
2184199958	1831464047	амулет кали богиня	0.0	0.0	0.0	1	NO	YES	NO	NO	2	2	1	LOW	NO
2184199958	1831464047	амулет тайна амулета	1.0	0.0	0.0	1	NO	NO	YES	NO	2	2	1	LOW	NO
2184199958	1831464047	амулетом на машину	0.0	0.0	0.0	2	NO	YES	NO	YES	2	2	1	MEDIUM	NO
2184199958	1831464047	амулеты	155.0	0.0	0.0	1	NO	NO	NO	YES	2	2	1	LOW	NO
2184199958	1831464047	амулеты богинь славянских	1.0	0.0	0.0	1	NO	NO	YES	NO	3	2	1	LOW	NO
2184199958	1831464047	амулеты деревянные	2.0	0.0	0.0	1	NO	NO	NO	YES	2	2	1	LOW	NO
2184199958	1831464047	амулеты и талисманы	4.0	0.0	0.0	1	NO	NO	NO	YES	2	2	1	LOW	NO
2184199958	1831464047	амулеты коло	0.0	0.0	0.0	1	NO	YES	NO	NO	2	2	1	LOW	NO
2184199958	1831464047	амулеты обереги в машину	1.0	0.0	0.0	1	NO	NO	YES	NO	2	2	1	LOW	NO
2184199958	1831464047	амулеты обереги и талисманы	514.0	0.0	0.0	2	YES	YES	NO	NO	2	2	1	MEDIUM	YES
2184199958	1831464047	ароматизатор джек рассел в машину на зеркало	1.0	0.0	0.0	1	NO	NO	NO	YES	2	2	1	LOW	NO
2184199958	1831464047	аятуль курси в машину	4.0	0.0	0.0	1	NO	NO	YES	NO	2	2	1	LOW	NO
2184199958	1831464047	блестящий брелок в машину на зеркало ведьмочка	1.0	0.0	0.0	1	NO	NO	YES	NO	2	2	1	LOW	NO
2184199958	1831464047	богиня	199.0	0.0	0.0	1	YES	NO	NO	NO	0	2	0	LOW	NO
2184199958	1831464047	богиня кали	204.0	0.0	0.0	1	YES	NO	NO	NO	0	2	0	LOW	NO
2184199958	1831464047	богиня мара	69.0	0.0	798.0	1	NO	NO	YES	NO	5	1	2	LOW	NO
2184199958	1831464047	боковое зеркало на машину атлант левое	0.0	0.0	0.0	1	NO	YES	NO	NO	2	2	1	LOW	NO
2184199958	1831464047	брелок в машину на зеркало пушистфй	1.0	0.0	0.0	1	NO	NO	NO	YES	2	2	1	LOW	NO
2184199958	1831464047	брелок у машину byd на зерколо	0.0	0.0	0.0	1	NO	YES	NO	NO	2	2	1	LOW	NO
2184199958	1831464047	булавки обереги в машину на зеркало	1.0	0.0	0.0	1	NO	NO	NO	YES	2	2	1	LOW	NO
2184199958	1831464047	бусы в машину на зеркало лада спорт	0.0	0.0	0.0	1	NO	YES	NO	NO	2	2	1	LOW	NO
2184199958	1831464047	в машину подвеска	126.0	0.0	0.0	1	NO	NO	NO	YES	2	2	1	LOW	NO
2184199958	1831464047	висюльки в машину на зеркало череп обезьяна	1.0	0.0	0.0	1	NO	NO	YES	NO	2	2	1	LOW	NO
2184199958	1831464047	вонючки в авто лакост подвески на зеркало	1.0	0.0	0.0	1	NO	NO	NO	YES	2	2	1	LOW	NO
2184199958	1831464047	деревянный оберег в машину	1.0	0.0	0.0	1	NO	NO	NO	YES	2	2	1	LOW	NO
2184199958	1831464047	древние славяне творчество	0.0	0.0	0.0	1	NO	YES	NO	NO	3	2	1	LOW	NO
2184199958	1831464047	зеркало магическое	40.0	0.0	0.0	1	NO	NO	YES	NO	2	2	1	LOW	NO
2184199958	1831464047	йогиня	0.0	0.0	0.0	1	NO	YES	NO	NO	0	2	0	LOW	NO
2184199958	1831464047	картина богиня мара	1.0	0.0	0.0	1	NO	NO	NO	YES	5	1	2	LOW	NO
2184199958	1831464047	коловрат оберег	211.0	0.0	0.0	1	YES	NO	NO	NO	2	2	1	LOW	NO
2184199958	1831464047	коловрат подвеска	321.0	0.0	0.0	1	YES	NO	NO	NO	2	2	1	LOW	NO
2184199958	1831464047	мара	804.0	0.0	0.0	1	YES	NO	NO	NO	5	0	2	LOW	NO
2184199958	1831464047	оберег	2423.0	0.0	0.0	1	YES	NO	NO	NO	2	2	1	LOW	NO
2184199958	1831464047	оберег в машину	1190.0	0.0	0.0	2	YES	NO	YES	NO	2	2	1	MEDIUM	YES
2184199958	1831464047	оберег в машину мужской	12.0	0.0	0.0	1	NO	NO	NO	YES	2	2	1	LOW	NO
2184199958	1831464047	оберег в машину славянский	13.0	0.0	507.0	1	NO	NO	YES	NO	3	2	1	LOW	NO
2184199958	1831464047	оберег зеркало	10.0	0.0	0.0	1	NO	NO	YES	NO	2	2	1	LOW	NO
2184199958	1831464047	обереги	585.0	0.0	0.0	1	YES	NO	NO	NO	2	2	1	LOW	NO
2184199958	1831464047	подвеска богиня	3.0	0.0	0.0	1	NO	NO	NO	YES	2	2	1	LOW	NO
2184199958	1831464047	подвеска в машину	3171.0	0.0	0.0	1	YES	NO	NO	NO	2	2	1	LOW	NO
2184199958	1831464047	подвеска в машину из дерева	2.0	0.0	0.0	1	NO	NO	NO	YES	2	2	1	LOW	NO
2184199958	1831464047	подвеска в машину мир	0.0	0.0	0.0	1	NO	YES	NO	NO	2	2	1	LOW	NO
2184199958	1831464047	подвеска на зеркало в машину	1288.0	0.0	0.0	1	YES	NO	NO	NO	2	2	1	LOW	NO
2184199958	1831464047	подвеска на машину	12.0	0.0	0.0	1	NO	NO	YES	NO	2	2	1	LOW	NO
2184199958	1831464047	славянские обереги	1109.0	0.0	0.0	1	YES	NO	NO	NO	3	2	1	LOW	NO
2184199958	1831464047	славянские талисманы	3.0	0.0	0.0	1	NO	NO	YES	NO	3	2	1	LOW	NO
2184199958	1831464047	славянские украшения	413.0	0.0	0.0	1	YES	NO	NO	NO	3	2	1	LOW	NO
2184199958	1831464047	славянскиеобереги	0.0	0.0	0.0	1	NO	YES	NO	NO	3	2	1	LOW	NO
2184199958	1831464047	славянский оберег	367.0	0.0	0.0	1	YES	NO	NO	NO	3	2	1	LOW	NO
2184234912	1831506538	200 шт подвески звезды	1.0	0.0	0.0	1	NO	NO	YES	NO	1	1	0	LOW	NO
2184234912	1831506538	акриловые звезды подвески	1.0	0.0	0.0	1	NO	NO	NO	YES	1	1	0	LOW	NO
2184234912	1831506538	аксессуары в машину подвесаа зеркал барабан	0.0	0.0	0.0	1	NO	YES	NO	NO	2	2	1	LOW	NO
2184234912	1831506538	амулет	889.0	0.0	0.0	1	YES	NO	NO	NO	2	2	1	LOW	NO
2184234912	1831506538	амулет в машину на зеркало мужской	4.0	0.0	0.0	1	NO	NO	NO	YES	2	2	1	LOW	NO
2184234912	1831506538	амулет деревянный	7.0	0.0	0.0	1	NO	NO	YES	NO	2	2	1	LOW	NO
2184234912	1831506538	амулет зведа	0.0	0.0	0.0	1	NO	YES	NO	NO	2	2	1	LOW	NO
2184234912	1831506538	амулет звезда лады	4.0	0.0	0.0	1	NO	NO	NO	YES	5	0	2	LOW	NO
2184234912	1831506538	амулет звезда руси	7.0	0.0	0.0	1	NO	NO	YES	NO	5	1	2	LOW	NO
2184234912	1831506538	амулет зеркальный	5.0	0.0	0.0	1	NO	NO	NO	YES	2	2	1	LOW	NO
2184234912	1831506538	амулет славянский из дерева для творчества	1.0	0.0	0.0	2	NO	YES	NO	YES	3	2	1	MEDIUM	NO
2184234912	1831506538	амулет тзвезда	0.0	0.0	0.0	1	NO	YES	NO	NO	2	2	1	LOW	NO
2184234912	1831506538	амулеты обереги и талисманы	486.0	0.0	0.0	2	YES	YES	NO	NO	2	2	1	MEDIUM	YES
2184234912	1831506538	амулеты обереги и талисманы зеркалр	0.0	0.0	0.0	1	NO	YES	NO	NO	2	2	1	LOW	NO
2184234912	1831506538	амулеты обереги и талисманы славянские наклейки на телефон	1.0	0.0	0.0	1	NO	NO	NO	YES	3	2	1	LOW	NO
2184234912	1831506538	амулеты от сглаза с зеркалом	1.0	0.0	0.0	1	NO	NO	YES	NO	2	2	1	LOW	NO
2184234912	1831506538	амулеты подвески	1.0	0.0	0.0	1	NO	NO	NO	YES	2	2	1	LOW	NO
2184234912	1831506538	апортизатор звездное небо в машину	1.0	0.0	0.0	1	NO	NO	YES	NO	2	2	1	LOW	NO
2184234912	1831506538	берет вв мвд на зеркало в машину	1.0	0.0	0.0	2	NO	YES	NO	YES	2	2	1	MEDIUM	NO
2184234912	1831506538	бижутерия славянские обереги	0.0	0.0	0.0	1	NO	YES	NO	NO	3	2	1	LOW	NO
2184234912	1831506538	богиня лада бусина	1.0	0.0	0.0	1	NO	NO	NO	YES	0	2	0	LOW	NO
2184234912	1831506538	богиня лада из дерева	0.0	0.0	0.0	1	NO	YES	NO	NO	0	2	0	LOW	NO
2184234912	1831506538	брелок славянский оберег	6.0	0.0	0.0	1	NO	NO	NO	YES	3	2	1	LOW	NO
2184234912	1831506538	бусина славянская	2.0	0.0	0.0	1	NO	NO	NO	YES	3	2	1	LOW	NO
2184234912	1831506538	бусы славянские обереги	0.0	0.0	811.0	2	NO	YES	YES	NO	3	2	1	MEDIUM	NO
2184234912	1831506538	висюльки в машину на зеркало череп обезьяна	1.0	0.0	0.0	1	NO	NO	NO	YES	2	2	1	LOW	NO
2184234912	1831506538	девушкам в машину	0.0	0.0	0.0	1	NO	YES	NO	NO	2	2	1	LOW	NO
2184234912	1831506538	звезда лады в машину подвеска	1.0	0.0	676.0	1	NO	NO	YES	NO	5	0	2	LOW	NO
2184234912	1831506538	зеркальная защита амулет	6.0	0.0	0.0	1	NO	NO	YES	NO	2	2	1	LOW	NO
2184234912	1831506538	коловрат	1674.0	0.0	0.0	1	YES	NO	NO	NO	0	2	0	LOW	NO
2184234912	1831506538	коловрат амулет	2.0	0.0	0.0	1	NO	NO	NO	YES	2	2	1	LOW	NO
2184234912	1831506538	коловрат славянский	1.0	0.0	0.0	1	NO	NO	YES	NO	3	2	1	LOW	NO
2184234912	1831506538	кровь и песок оберег	1.0	0.0	700.0	1	NO	NO	YES	NO	2	2	1	LOW	NO
2184234912	1831506538	оберег	2368.0	0.0	0.0	1	YES	NO	NO	NO	2	2	1	LOW	NO
2184234912	1831506538	оберег в машину	746.0	0.0	0.0	1	YES	NO	NO	NO	2	2	1	LOW	NO
2184234912	1831506538	оберег для дома	1675.0	0.0	0.0	2	YES	NO	YES	NO	2	2	1	MEDIUM	NO
2184234912	1831506538	обереготсглаза	0.0	0.0	0.0	1	NO	YES	NO	NO	2	2	1	LOW	NO
2184234912	1831506538	от сглаза	1657.0	0.0	0.0	1	YES	NO	NO	NO	2	2	1	LOW	NO
2184234912	1831506538	подарок женщине	837.0	0.0	0.0	1	YES	NO	NO	NO	0	2	0	LOW	NO
2184234912	1831506538	подарочный набор для женщин	1746.0	0.0	0.0	1	YES	NO	NO	NO	0	2	0	LOW	NO
2184234912	1831506538	подвеска в машину	3171.0	0.0	0.0	1	YES	NO	NO	NO	2	2	1	LOW	NO
2184234912	1831506538	подвеска в машину на зеркало	1096.0	0.0	0.0	2	YES	YES	NO	NO	2	2	1	MEDIUM	YES
2184234912	1831506538	подвеска на зеркало в машину	1288.0	0.0	0.0	1	YES	NO	NO	NO	2	2	1	LOW	NO
2184234912	1831506538	подвеска эзотерика	1.0	0.0	0.0	1	NO	NO	YES	NO	2	2	1	LOW	NO
2184234912	1831506538	руны в машину	2.0	0.0	0.0	1	NO	NO	NO	YES	2	2	1	LOW	NO
2184234912	1831506538	сито для муки	696.0	0.0	0.0	1	YES	NO	NO	NO	0	2	0	LOW	NO
2184234912	1831506538	славянские амулеты обереги	2.0	0.0	0.0	1	NO	NO	YES	NO	3	2	1	LOW	NO
2184234912	1831506538	славянские обереги	1109.0	0.0	0.0	2	YES	YES	NO	NO	3	2	1	MEDIUM	YES
2184234912	1831506538	славянские обереги на шею	2.0	0.0	0.0	1	NO	NO	NO	YES	3	2	1	LOW	NO
2184234912	1831506538	славянскиеобереги	0.0	0.0	0.0	1	NO	YES	NO	NO	3	2	1	LOW	NO
2184234912	1831506538	славянский оберег	608.0	0.0	0.0	1	YES	NO	NO	NO	3	2	1	LOW	NO
2184234912	1831506538	талисманы и обереги	371.0	0.0	645.0	1	NO	NO	YES	NO	2	2	1	LOW	NO
2184234912	1831506538	украшение в машину на зеркало подвеска	3.0	0.0	0.0	1	NO	NO	YES	NO	2	2	1	LOW	NO
2184932293	1832435919	no pasaran подвеска в машину	1.0	0.0	0.0	1	NO	NO	YES	NO	2	2	1	LOW	NO
2184932293	1832435919	аксессуары в машину подвесаа зеркал барабан	0.0	0.0	0.0	1	NO	YES	NO	NO	2	2	1	LOW	NO
2184932293	1832435919	аметист даждьбог	0.0	0.0	0.0	1	NO	YES	NO	NO	5	1	2	LOW	NO
2184932293	1832435919	амулет с зеркалом	13.0	0.0	0.0	1	NO	NO	YES	NO	2	2	1	LOW	NO
2184932293	1832435919	амулеты	89.0	0.0	0.0	1	YES	NO	NO	NO	2	2	1	LOW	NO
2184932293	1832435919	амулеты обереги и талисманы	259.0	0.0	0.0	1	YES	NO	NO	NO	2	2	1	LOW	NO
2184932293	1832435919	амулеты языческие	5.0	0.0	0.0	1	NO	NO	YES	NO	2	2	1	LOW	NO
2184932293	1832435919	бог	260.0	0.0	0.0	1	YES	NO	NO	NO	0	0	0	LOW	NO
2184932293	1832435919	бог омулет	0.0	0.0	0.0	1	NO	NO	YES	NO	0	2	0	LOW	NO
2184932293	1832435919	боги славянские	1.0	0.0	0.0	1	NO	NO	NO	YES	3	2	1	LOW	NO
2184932293	1832435919	браслет мужской дажьбог	0.0	0.0	0.0	1	NO	YES	NO	NO	0	2	0	LOW	NO
2184932293	1832435919	брелок славянский оберег	17.0	0.0	0.0	1	NO	NO	YES	NO	3	2	1	LOW	NO
2184932293	1832435919	бусина от сглаза на зеркало машины	0.0	0.0	0.0	1	NO	YES	NO	NO	2	2	1	LOW	NO
2184932293	1832435919	бусины деревянные	106.0	0.0	0.0	1	YES	NO	NO	NO	0	2	0	LOW	NO
2184932293	1832435919	в машину на зеркало	42.0	0.0	0.0	1	NO	NO	YES	NO	2	2	1	LOW	NO
2184932293	1832435919	висючка в машину на зеркало люстра	0.0	0.0	0.0	2	NO	YES	NO	YES	2	2	1	MEDIUM	NO
2184932293	1832435919	висюяка на зеркало в машину хавал	1.0	0.0	0.0	1	NO	NO	NO	YES	2	2	1	LOW	NO
2184932293	1832435919	во блага подвеска в машину	1.0	0.0	0.0	1	NO	NO	YES	NO	2	2	1	LOW	NO
2184932293	1832435919	вонючка в машину архангел михаил на зеркало	1.0	0.0	0.0	1	NO	NO	NO	YES	2	2	1	LOW	NO
2184932293	1832435919	все в славянском стиле	2.0	0.0	0.0	1	NO	NO	YES	NO	3	2	1	LOW	NO
2184932293	1832435919	даждьбог	115.0	0.0	565.0	2	YES	NO	YES	NO	5	0	2	MEDIUM	NO
2184932293	1832435919	даждьбог бусина	1.0	0.0	0.0	1	NO	NO	NO	YES	5	1	2	LOW	NO
2184932293	1832435919	деревянная языческий славянский символ на	0.0	0.0	0.0	1	NO	YES	NO	NO	3	2	1	LOW	NO
2184932293	1832435919	для салона машины подвеска	0.0	0.0	0.0	2	NO	YES	NO	YES	2	2	1	MEDIUM	NO
2184932293	1832435919	зеркало	7498.0	0.0	0.0	1	YES	NO	NO	NO	2	2	1	LOW	NO
2184932293	1832435919	зеркало амулет	7.0	0.0	0.0	1	NO	NO	NO	YES	2	2	1	LOW	NO
2184932293	1832435919	зеркало параболическое для праворульных машин	1.0	0.0	0.0	1	NO	NO	YES	NO	2	2	1	LOW	NO
2184932293	1832435919	зеркальная защита амулет	13.0	0.0	0.0	1	NO	NO	NO	YES	2	2	1	LOW	NO
2184932293	1832435919	кимоно в машину на зеркало самбо	1.0	0.0	0.0	1	NO	NO	NO	YES	2	2	1	LOW	NO
2184932293	1832435919	красивая подвеска на авто	1.0	0.0	0.0	1	NO	NO	NO	YES	2	2	1	LOW	NO
2184932293	1832435919	оберег	1720.0	0.0	0.0	1	YES	NO	NO	NO	2	2	1	LOW	NO
2184932293	1832435919	оберег в автомобиль	19.0	0.0	0.0	1	NO	NO	NO	YES	2	2	1	LOW	NO
2184932293	1832435919	оберег в машину	143.0	0.0	0.0	1	YES	NO	NO	NO	2	2	1	LOW	NO
2184932293	1832435919	оберег в машину от дерева жизни на зеркало	1.0	0.0	0.0	1	NO	NO	YES	NO	0	0	0	LOW	NO
2184932293	1832435919	оберег даж бога	1.0	0.0	490.0	1	NO	NO	YES	NO	2	2	1	LOW	NO
2184932293	1832435919	оберег на машину славянский	0.0	0.0	0.0	1	NO	YES	NO	NO	3	2	1	LOW	NO
2184932293	1832435919	оберег от сглаза и порчи	371.0	0.0	0.0	1	YES	NO	NO	NO	2	2	1	LOW	NO
2184932293	1832435919	оберег славянский	180.0	0.0	0.0	1	YES	NO	NO	NO	3	2	1	LOW	NO
2184932293	1832435919	песок для благ	0.0	0.0	0.0	1	NO	YES	NO	NO	0	2	0	LOW	NO
2184932293	1832435919	подвеска в машину	3171.0	0.0	0.0	2	YES	YES	NO	NO	2	2	1	MEDIUM	YES
2184932293	1832435919	подвеска в машину на зеркало инь янь	0.0	0.0	0.0	1	NO	YES	NO	NO	2	2	1	LOW	NO
2184932293	1832435919	подвеска в машину на зеркало мужская евгений	0.0	0.0	0.0	1	NO	YES	NO	NO	2	2	1	LOW	NO
2184932293	1832435919	подвеска в машину на зеркало руна	0.0	0.0	0.0	1	NO	YES	NO	NO	2	2	1	LOW	NO
2184932293	1832435919	подвеска в машину рука	0.0	0.0	0.0	1	NO	YES	NO	NO	2	2	1	LOW	NO
2184932293	1832435919	подвеска в машину языческая	1.0	0.0	0.0	1	NO	NO	NO	YES	2	2	1	LOW	NO
2184932293	1832435919	подвеска зеркало - амулет	1.0	0.0	0.0	1	NO	NO	YES	NO	2	2	1	LOW	NO
2184932293	1832435919	подвеска на зеркало в машину	1128.0	0.0	0.0	1	YES	NO	NO	NO	2	2	1	LOW	NO
2184932293	1832435919	славянские	102.0	0.0	0.0	1	YES	NO	NO	NO	3	2	1	LOW	NO
2184932293	1832435919	славянские обереги	909.0	0.0	0.0	2	YES	YES	NO	NO	3	2	1	MEDIUM	YES
2184932293	1832435919	славянские обереги для мужчин	22.0	0.0	0.0	1	NO	NO	NO	YES	3	2	1	LOW	NO
2184932293	1832435919	славянские обереги на шею	2.0	0.0	0.0	1	NO	NO	YES	NO	3	2	1	LOW	NO
2184932293	1832435919	славянский оберег	473.0	0.0	0.0	1	YES	NO	NO	NO	3	2	1	LOW	NO
2184932293	1832435919	славянское солнце	5.0	0.0	0.0	1	NO	NO	NO	YES	3	2	1	LOW	NO
2184932293	1832435919	украшение в машину на зеркало оберег	1.0	0.0	0.0	1	NO	NO	NO	YES	2	2	1	LOW	NO
2184932293	1832435919	языческие аксессуары в машину	0.0	0.0	547.0	1	NO	NO	YES	NO	2	2	1	LOW	NO
2186766628	1834930939	аксессуары в машину на зеркало подвеска	2.0	0.0	0.0	1	NO	NO	NO	YES	2	2	1	LOW	NO
2186766628	1834930939	аксессуары для автомобиля подвеска на зеркало	1.0	0.0	0.0	1	NO	NO	YES	NO	2	2	1	LOW	NO
2186766628	1834930939	амулет кулон - зеркало	1.0	0.0	0.0	1	NO	NO	NO	YES	2	2	1	LOW	NO
2186766628	1834930939	амулеты обереги и талисманы	72.0	0.0	0.0	1	YES	NO	NO	NO	2	2	1	LOW	NO
2186766628	1834930939	брелок в машину на зеркало плавец	1.0	0.0	0.0	1	NO	NO	YES	NO	2	2	1	LOW	NO
2186766628	1834930939	брелок в машину на зеркало пушистики	0.0	0.0	0.0	1	NO	YES	NO	NO	2	2	1	LOW	NO
2186766628	1834930939	брелок телец деревянный	1.0	0.0	0.0	1	NO	NO	YES	NO	4	1	2	LOW	NO
2186766628	1834930939	брошь телец	2.0	0.0	0.0	1	NO	NO	YES	NO	4	1	2	LOW	NO
2186766628	1834930939	бусины диаметр 1 см	0.0	0.0	0.0	1	NO	YES	NO	NO	0	2	0	LOW	NO
2186766628	1834930939	бусы оберег	0.0	0.0	0.0	1	NO	YES	NO	NO	2	2	1	LOW	NO
2186766628	1834930939	в машину амулет	0.0	0.0	0.0	1	NO	YES	NO	NO	2	2	1	LOW	NO
2186766628	1834930939	в машину подвеска	85.0	0.0	0.0	1	YES	NO	NO	NO	2	2	1	LOW	NO
2186766628	1834930939	в машину украшение на зеркало	1.0	0.0	0.0	1	NO	NO	NO	YES	2	2	1	LOW	NO
2186766628	1834930939	висюяка на зеркало в машину хавал	1.0	0.0	0.0	1	NO	NO	YES	NO	2	2	1	LOW	NO
2186766628	1834930939	для подвески зеркала	1.0	0.0	0.0	1	NO	NO	NO	YES	2	2	1	LOW	NO
2186766628	1834930939	для тельцов	6.0	0.0	729.0	1	NO	NO	YES	NO	0	2	0	LOW	NO
2186766628	1834930939	енот десантник в машину подвеска	1.0	0.0	0.0	1	NO	NO	YES	NO	2	2	1	LOW	NO
2186766628	1834930939	зажигалка телец	1.0	0.0	0.0	1	NO	NO	YES	NO	4	1	2	LOW	NO
2186766628	1834930939	зеркало толи	3.0	0.0	0.0	1	NO	NO	NO	YES	2	2	1	LOW	NO
2186766628	1834930939	зеркальный топпер тел	0.0	0.0	0.0	1	NO	YES	NO	NO	2	2	1	LOW	NO
2186766628	1834930939	знаки зодиака кулоны	1.0	0.0	0.0	1	NO	NO	NO	YES	3	2	1	LOW	NO
2186766628	1834930939	крест в машину на зеркало хрестианский металлическмй	0.0	0.0	0.0	1	NO	YES	NO	NO	0	0	0	LOW	NO
2186766628	1834930939	крестик в машину на зеркало освешеный	0.0	0.0	0.0	1	NO	YES	NO	NO	2	2	1	LOW	NO
2186766628	1834930939	кулон подвеска телец мужской	2.0	0.0	0.0	1	NO	NO	YES	NO	5	1	2	LOW	NO
2186766628	1834930939	купить подвеску на зеркало в машину	1.0	0.0	0.0	1	NO	NO	NO	YES	2	2	1	LOW	NO
2186766628	1834930939	магическое зеркало	72.0	0.0	0.0	1	YES	NO	NO	NO	2	2	1	LOW	NO
2186766628	1834930939	мешочек со смехом подвеска в машину	0.0	0.0	0.0	1	NO	YES	NO	NO	2	2	1	LOW	NO
2186766628	1834930939	на зеркало в машину подвеска уголовный розыск	1.0	0.0	0.0	1	NO	NO	NO	YES	2	2	1	LOW	NO
2186766628	1834930939	наклейкана машину тилец	0.0	0.0	0.0	1	NO	YES	NO	NO	2	2	1	LOW	NO
2186766628	1834930939	нашивка телец	0.0	0.0	0.0	1	NO	NO	YES	NO	4	1	2	LOW	NO
2186766628	1834930939	нашивкатна рюкзак телец	0.0	0.0	0.0	1	NO	YES	NO	NO	4	1	1	LOW	NO
2186766628	1834930939	обвес бусы телец	0.0	0.0	0.0	2	NO	YES	NO	YES	4	1	2	MEDIUM	NO
2186766628	1834930939	оберег	163.0	0.0	0.0	1	YES	NO	NO	NO	2	2	1	LOW	NO
2186766628	1834930939	оберег в машину	266.0	0.0	0.0	1	YES	NO	NO	NO	2	2	1	LOW	NO
2186766628	1834930939	оберег в машину от гибдд фига	1.0	0.0	0.0	1	NO	NO	NO	YES	2	2	1	LOW	NO
2186766628	1834930939	оберег в машину талисман удачи автодомовой	1.0	0.0	0.0	1	NO	NO	YES	NO	0	0	0	LOW	NO
2186766628	1834930939	оберег для друга татарина в машину	1.0	0.0	0.0	1	NO	NO	NO	YES	2	2	1	LOW	NO
2186766628	1834930939	оберег на руку телец	0.0	0.0	0.0	1	NO	YES	NO	NO	5	1	2	LOW	NO
2186766628	1834930939	оберег подвеска в машину	1.0	0.0	0.0	1	NO	NO	YES	NO	2	2	1	LOW	NO
2186766628	1834930939	оберег славянский от зла	1.0	0.0	0.0	1	NO	NO	NO	YES	0	0	0	LOW	NO
2186766628	1834930939	обереги мужские в жорогу , в машину подвеска	1.0	0.0	0.0	1	NO	NO	NO	YES	2	2	1	LOW	NO
2186766628	1834930939	подарок подвеска в машину	1.0	0.0	0.0	1	NO	NO	YES	NO	2	2	1	LOW	NO
2186766628	1834930939	подвеска	2415.0	0.0	0.0	2	YES	NO	YES	NO	2	2	1	MEDIUM	NO
2186766628	1834930939	подвеска в автомобиль	108.0	0.0	0.0	1	YES	NO	NO	NO	2	2	1	LOW	NO
2186766628	1834930939	подвеска в автомобиль зеркало	1.0	0.0	0.0	1	NO	NO	NO	YES	2	2	1	LOW	NO
2186766628	1834930939	подвеска в машину	3171.0	0.0	0.0	1	YES	NO	NO	NO	2	2	1	LOW	NO
2186766628	1834930939	подвеска в машину бутцы арсенал	1.0	0.0	0.0	1	NO	NO	YES	NO	2	2	1	LOW	NO
2186766628	1834930939	подвеска в машину на зеркало ма ка крик	0.0	0.0	0.0	1	NO	YES	NO	NO	2	2	1	LOW	NO
2186766628	1834930939	подвеска в машину на зеркало телец	2.0	0.0	0.0	1	NO	NO	NO	YES	5	0	2	LOW	NO
2186766628	1834930939	подвеска на зеркало	106.0	0.0	0.0	1	YES	NO	NO	NO	2	2	1	LOW	NO
2186766628	1834930939	подвеска на зеркало в машину	1288.0	0.0	0.0	1	YES	NO	NO	NO	2	2	1	LOW	NO
2186766628	1834930939	подвеска телец	144.0	0.0	0.0	1	YES	NO	NO	NO	5	0	1	LOW	NO
2186766628	1834930939	талисман	207.0	0.0	0.0	1	YES	NO	NO	NO	2	2	1	LOW	NO
2186766628	1834930939	телец	685.0	0.0	0.0	1	YES	NO	NO	NO	4	0	1	LOW	NO
2186766628	1834930939	телец значок	0.0	0.0	0.0	1	NO	YES	NO	NO	4	1	2	LOW	NO
2186766628	1834930939	четки в автомобиль	381.0	0.0	0.0	1	YES	NO	NO	NO	2	2	1	LOW	NO
2186766628	1834930939	четки в машину	137.0	0.0	0.0	1	YES	NO	NO	NO	2	2	1	LOW	NO
2186766628	1834930939	четки н	0.0	0.0	0.0	1	NO	YES	NO	NO	2	2	1	LOW	NO
2186796339	1834968755	амулет в машину на зеркало мужской	2.0	0.0	0.0	1	NO	NO	NO	YES	2	2	1	LOW	NO
2186796339	1834968755	амулеты на шею рак мужские	1.0	0.0	0.0	1	NO	NO	NO	YES	5	1	2	LOW	NO
2186796339	1834968755	висюлька на зеркало в машину белая пушистая	0.0	0.0	0.0	1	NO	YES	NO	NO	2	2	1	LOW	NO
2186796339	1834968755	голова хищника в машину подвеска	1.0	0.0	0.0	1	NO	NO	NO	YES	2	2	1	LOW	NO
2186796339	1834968755	зеркало толи	3.0	0.0	0.0	1	NO	NO	NO	YES	2	2	1	LOW	NO
2186796339	1834968755	знаки зодиака из дерева	1.0	0.0	0.0	1	NO	NO	YES	NO	3	2	1	LOW	NO
2186796339	1834968755	знаки зодиака фигурки рак	1.0	0.0	0.0	1	NO	NO	YES	NO	5	1	2	LOW	NO
2186796339	1834968755	кулон автомобиль	4.0	0.0	0.0	1	NO	NO	NO	YES	2	2	1	LOW	NO
2186796339	1834968755	кулон зеркалом со знаком рак зеркало	0.0	0.0	0.0	1	NO	YES	NO	NO	5	1	2	LOW	NO
2186796339	1834968755	кулон четки	1.0	0.0	0.0	1	NO	NO	YES	NO	2	2	1	LOW	NO
2186796339	1834968755	машину четки	1.0	0.0	0.0	1	NO	NO	YES	NO	2	2	1	LOW	NO
2186796339	1834968755	на дифлектоп араматизатор в машину знак задиака	1.0	0.0	0.0	1	NO	NO	YES	NO	2	2	1	LOW	NO
2186796339	1834968755	на зеркало автомобиля подвеска красная	0.0	0.0	0.0	1	NO	YES	NO	NO	2	2	1	LOW	NO
2186796339	1834968755	на зеркало в машину украшение	1.0	0.0	0.0	1	NO	NO	NO	YES	2	2	1	LOW	NO
2186796339	1834968755	на зеркало украшение в машину	1.0	0.0	0.0	1	NO	NO	YES	NO	2	2	1	LOW	NO
2186796339	1834968755	ниша под стиральную машинку и рак	0.0	0.0	0.0	1	NO	YES	NO	NO	5	1	2	LOW	NO
2186796339	1834968755	о.берег в машину	1.0	0.0	0.0	1	NO	NO	YES	NO	2	2	1	LOW	NO
2186796339	1834968755	обвес на сумку рак	0.0	0.0	0.0	1	NO	YES	NO	NO	4	1	2	LOW	NO
2186796339	1834968755	оберег	183.0	0.0	0.0	1	YES	NO	NO	NO	2	2	1	LOW	NO
2186796339	1834968755	оберег деревянный	9.0	0.0	0.0	1	NO	NO	YES	NO	2	2	1	LOW	NO
2186796339	1834968755	оберег для авто	1.0	0.0	0.0	1	NO	NO	NO	YES	2	2	1	LOW	NO
2186796339	1834968755	оберег для рака	5.0	0.0	0.0	1	NO	NO	YES	NO	2	2	1	LOW	NO
2186796339	1834968755	подвеска в автомобиль	79.0	0.0	0.0	1	YES	NO	NO	NO	2	2	1	LOW	NO
2186796339	1834968755	подвеска в машину	7092.0	0.0	0.0	1	YES	NO	NO	NO	2	2	1	LOW	NO
2186796339	1834968755	подвеска в машину для мужч	1.0	0.0	0.0	1	NO	NO	NO	YES	2	2	1	LOW	NO
2186796339	1834968755	подвеска в машину на зеркало	1289.0	0.0	0.0	1	YES	NO	NO	NO	2	2	1	LOW	NO
2186796339	1834968755	подвеска в машину на зеркало 18	1.0	0.0	0.0	1	NO	NO	NO	YES	2	2	1	LOW	NO
2186796339	1834968755	подвеска в машину на зеркало в грузовик	0.0	0.0	0.0	1	NO	YES	NO	NO	2	2	1	LOW	NO
2186796339	1834968755	подвеска в машину на зеркало питбуль	0.0	0.0	0.0	1	NO	YES	NO	NO	2	2	1	LOW	NO
2186796339	1834968755	подвеска в машину на зеркало рак	1.0	0.0	0.0	1	NO	NO	YES	NO	5	0	2	LOW	NO
2186796339	1834968755	подвеска в машину на зеркало ссср	0.0	0.0	0.0	1	NO	YES	NO	NO	2	2	1	LOW	NO
2186796339	1834968755	подвеска в машину на зеркало юрта	0.0	0.0	0.0	1	NO	YES	NO	NO	2	2	1	LOW	NO
2186796339	1834968755	подвеска зеркало - амулет	1.0	0.0	0.0	1	NO	NO	NO	YES	2	2	1	LOW	NO
2186796339	1834968755	подвеска знак зодиака соколов	1.0	0.0	0.0	1	NO	NO	NO	YES	3	2	1	LOW	NO
2186796339	1834968755	подвеска коз	0.0	0.0	0.0	1	NO	YES	NO	NO	2	2	1	LOW	NO
2186796339	1834968755	подвеска на авто зерколо	1.0	0.0	0.0	1	NO	NO	YES	NO	2	2	1	LOW	NO
2186796339	1834968755	подвеска на зеркало	106.0	0.0	0.0	1	YES	NO	NO	NO	2	2	1	LOW	NO
2186796339	1834968755	подвеска на зеркало автомобиля	92.0	0.0	0.0	1	YES	NO	NO	NO	2	2	1	LOW	NO
2186796339	1834968755	подвеска на зеркало в машину	1103.0	0.0	0.0	1	YES	NO	NO	NO	2	2	1	LOW	NO
2186796339	1834968755	подвеска на зеркало в машину питбуль	1.0	0.0	0.0	1	NO	NO	NO	YES	2	2	1	LOW	NO
2186796339	1834968755	подвеска на машину	97.0	0.0	0.0	1	YES	NO	NO	NO	2	2	1	LOW	NO
2186796339	1834968755	подвеска рак	96.0	0.0	0.0	1	YES	NO	NO	NO	5	0	1	LOW	NO
2186796339	1834968755	подвеска рак большая	0.0	0.0	0.0	2	NO	YES	NO	YES	5	1	2	MEDIUM	NO
2186796339	1834968755	подвески в авто рак	0.0	0.0	0.0	1	NO	YES	NO	NO	5	0	2	LOW	NO
2186796339	1834968755	рак	102.0	0.0	0.0	1	YES	NO	NO	NO	4	0	1	LOW	NO
2186796339	1834968755	рака ловки	94.0	0.0	0.0	1	YES	NO	NO	NO	0	2	0	LOW	NO
2186796339	1834968755	скорпион оберег	1.0	0.0	0.0	1	NO	NO	YES	NO	0	0	2	LOW	NO
2186796339	1834968755	талисман	306.0	0.0	0.0	1	YES	NO	NO	NO	2	2	1	LOW	NO
2186796339	1834968755	талисман в машину женский	2.0	0.0	0.0	1	NO	NO	NO	YES	2	2	1	LOW	NO
2186796339	1834968755	талисман в машину на зеркало	4.0	0.0	0.0	1	NO	NO	YES	NO	2	2	1	LOW	NO
2186796339	1834968755	худи со знаком зодиака	6.0	0.0	0.0	1	NO	NO	YES	NO	3	1	1	LOW	NO
2186796339	1834968755	четки в автомобиль	178.0	0.0	0.0	1	YES	NO	NO	NO	2	2	1	LOW	NO
2186796339	1834968755	четки в машину	137.0	0.0	0.0	2	YES	NO	NO	YES	2	2	1	MEDIUM	NO
2186796339	1834968755	четки в машину на зеркало	117.0	0.0	0.0	2	YES	NO	YES	NO	2	2	1	MEDIUM	NO
2186796339	1834968755	четки в машину со знакам зодиака дева	0.0	0.0	0.0	1	NO	YES	NO	NO	0	0	2	LOW	NO
2186796339	1834968755	четки н	0.0	0.0	0.0	1	NO	YES	NO	NO	2	2	1	LOW	NO
2186796339	1834968755	четкм в машину скорпион	0.0	0.0	0.0	1	NO	YES	NO	NO	0	0	0	LOW	NO
2186802133	1834976037	аксессуар узел счастья на зеркало в машину	1.0	0.0	0.0	1	NO	NO	NO	YES	0	0	0	LOW	NO
2186802133	1834976037	амулет в машину	18.0	0.0	0.0	1	NO	NO	YES	NO	2	2	1	LOW	NO
2186802133	1834976037	амулеты обереги и талисманы по знаку зодиака весы	0.0	0.0	0.0	1	NO	YES	NO	NO	5	1	2	LOW	NO
2186802133	1834976037	аодвеска зеркало	0.0	0.0	0.0	1	NO	YES	NO	NO	2	2	1	LOW	NO
2186802133	1834976037	брелок в машину на зеркало пушистики	0.0	0.0	0.0	1	NO	YES	NO	NO	2	2	1	LOW	NO
2186802133	1834976037	брелок в машину славянский	1.0	0.0	0.0	1	NO	NO	NO	YES	0	0	0	LOW	NO
2186802133	1834976037	бусина знак зодиака весы	1.0	0.0	0.0	1	NO	NO	YES	NO	5	1	2	LOW	NO
2186802133	1834976037	весы	5293.0	0.0	0.0	1	YES	NO	NO	NO	4	0	1	LOW	NO
2186802133	1834976037	весы амулет на стол	1.0	0.0	0.0	1	NO	NO	NO	YES	5	1	2	LOW	NO
2186802133	1834976037	весы в машину лексус	0.0	0.0	0.0	1	NO	YES	NO	NO	5	1	2	LOW	NO
2186802133	1834976037	весы знак зодиака	167.0	0.0	0.0	1	YES	NO	NO	NO	5	0	1	LOW	NO
2186802133	1834976037	весы подвеска в автомобиль	1.0	0.0	0.0	1	NO	NO	YES	NO	5	0	2	LOW	NO
2186802133	1834976037	вонючка в машину архангел михаил на зеркало	1.0	0.0	0.0	1	NO	NO	YES	NO	2	2	1	LOW	NO
2186802133	1834976037	гравити фолз в машину брелок на зеркало	1.0	0.0	0.0	1	NO	NO	YES	NO	2	2	1	LOW	NO
2186802133	1834976037	зеркало в	190.0	0.0	0.0	1	YES	NO	NO	NO	2	2	1	LOW	NO
2186802133	1834976037	зеркало обгона праворукая машина	0.0	0.0	0.0	1	NO	YES	NO	NO	2	2	1	LOW	NO
2186802133	1834976037	знак зодиака весы	122.0	0.0	0.0	2	YES	NO	YES	NO	5	0	1	MEDIUM	NO
2186802133	1834976037	игрушка талисман в машину	1.0	0.0	0.0	1	NO	NO	NO	YES	2	2	1	LOW	NO
2186802133	1834976037	календарь карманный знаки зодиака	0.0	0.0	0.0	1	NO	YES	NO	NO	3	2	1	LOW	NO
2186802133	1834976037	камень весы зодиака	0.0	0.0	0.0	1	NO	YES	NO	NO	5	1	2	LOW	NO
2186802133	1834976037	крест в машину на зеркало хрестианский металлическмй	1.0	0.0	0.0	1	NO	NO	NO	YES	0	0	0	LOW	NO
2186802133	1834976037	кулон знак зодиака весы с цепочкой	1.0	0.0	0.0	1	NO	NO	NO	YES	5	1	2	LOW	NO
2186802133	1834976037	кулон на зеркало автомобиля	1.0	0.0	0.0	1	NO	NO	NO	YES	2	2	1	LOW	NO
2186802133	1834976037	ловец снов в машину	163.0	0.0	0.0	1	YES	NO	NO	NO	2	2	1	LOW	NO
2186802133	1834976037	металлическая подвеска в машину на зеркало hongoi	1.0	0.0	0.0	1	NO	NO	NO	YES	2	2	1	LOW	NO
2186802133	1834976037	на зеркало автомобиля подвеска красная	0.0	0.0	0.0	1	NO	NO	YES	NO	2	2	1	LOW	NO
2186802133	1834976037	на зеркало подвеска	5.0	0.0	0.0	1	NO	NO	NO	YES	2	2	1	LOW	NO
2186802133	1834976037	на машину подвеска женская	0.0	0.0	0.0	1	NO	YES	NO	NO	2	2	1	LOW	NO
2186802133	1834976037	наклейки на машину прикольные большие знак весы	1.0	0.0	0.0	1	NO	NO	NO	YES	5	1	2	LOW	NO
2186802133	1834976037	необычный обвес в машину на зеркало	0.0	0.0	0.0	1	NO	YES	NO	NO	2	2	1	LOW	NO
2186802133	1834976037	оберег в машину	119.0	0.0	0.0	1	YES	NO	NO	NO	2	2	1	LOW	NO
2186802133	1834976037	оберег славянский на шею	2.0	0.0	0.0	1	NO	NO	NO	YES	0	0	0	LOW	NO
2186802133	1834976037	обереги	1.0	0.0	0.0	1	NO	NO	NO	YES	2	2	1	LOW	NO
2186802133	1834976037	подвеска в автомобиль	335.0	0.0	0.0	1	YES	NO	NO	NO	2	2	1	LOW	NO
2186802133	1834976037	подвеска в машину	7092.0	0.0	0.0	2	YES	YES	NO	NO	2	2	1	MEDIUM	YES
2186802133	1834976037	подвеска в машину на зеркало	6256.0	0.0	0.0	1	YES	NO	NO	NO	2	2	1	LOW	NO
2186802133	1834976037	подвеска в машину на зеркало весы	0.0	0.0	0.0	1	NO	YES	NO	NO	5	0	2	LOW	NO
2186802133	1834976037	подвеска в машину на зеркало дракон	2.0	0.0	0.0	1	NO	NO	NO	YES	2	2	1	LOW	NO
2186802133	1834976037	подвеска в машину на зеркало жен	0.0	0.0	0.0	1	NO	YES	NO	NO	2	2	1	LOW	NO
2186802133	1834976037	подвеска в машину на зеркало оберег	1.0	0.0	0.0	1	NO	NO	NO	YES	2	2	1	LOW	NO
2186802133	1834976037	подвеска в машину на зеркало питбуль	0.0	0.0	0.0	1	NO	YES	NO	NO	2	2	1	LOW	NO
2186802133	1834976037	подвеска в машину на зеркало хендай	1.0	0.0	0.0	1	NO	NO	YES	NO	2	2	1	LOW	NO
2186802133	1834976037	подвеска в машину на зеркало юрта	0.0	0.0	0.0	1	NO	YES	NO	NO	2	2	1	LOW	NO
2186802133	1834976037	подвеска в машину четки	1.0	0.0	0.0	1	NO	NO	YES	NO	2	2	1	LOW	NO
2186802133	1834976037	подвеска весы	144.0	0.0	0.0	1	YES	NO	NO	NO	5	0	1	LOW	NO
2186802133	1834976037	подвеска весы мужская	3.0	0.0	0.0	1	NO	NO	YES	NO	5	1	2	LOW	NO
2186802133	1834976037	подвеска на зеркало автомобиля	142.0	0.0	0.0	1	YES	NO	NO	NO	2	2	1	LOW	NO
2186802133	1834976037	подвеска на зеркало в авто коасный	1.0	0.0	0.0	1	NO	NO	NO	YES	2	2	1	LOW	NO
2186802133	1834976037	подвеска на зеркало в машину	1161.0	0.0	0.0	1	YES	NO	NO	NO	2	2	1	LOW	NO
2186802133	1834976037	подвеска ювелирная весы скорпион	1.0	0.0	0.0	1	NO	NO	YES	NO	5	1	2	LOW	NO
2186802133	1834976037	подвески весы	1.0	0.0	0.0	1	NO	NO	YES	NO	5	0	2	LOW	NO
2186802133	1834976037	подвески на зеркало авто	0.0	0.0	0.0	1	NO	YES	NO	NO	2	2	1	LOW	NO
2186802133	1834976037	талисман в машину женский	4.0	0.0	790.0	1	NO	NO	YES	NO	2	2	1	LOW	NO
2186802133	1834976037	талисман машина	1.0	0.0	0.0	1	NO	NO	YES	NO	2	2	1	LOW	NO
2186802133	1834976037	украшение в машину на зеркало знаки зодиака	1.0	0.0	0.0	1	NO	NO	YES	NO	3	2	1	LOW	NO
2186802133	1834976037	четки в автомобиль	178.0	0.0	0.0	1	YES	NO	NO	NO	2	2	1	LOW	NO
2186802133	1834976037	четки в машину	1623.0	0.0	0.0	1	YES	NO	NO	NO	2	2	1	LOW	NO
2186802133	1834976037	четки в машину на зеркало	107.0	0.0	0.0	1	YES	NO	NO	NO	2	2	1	LOW	NO
2186836116	1835021816	аксессуары в машину подвесаа зеркал барабан	0.0	0.0	0.0	2	NO	YES	NO	YES	2	2	1	MEDIUM	NO
2186836116	1835021816	амулеты , обереги для скорпиона женский	1.0	0.0	0.0	1	NO	NO	NO	YES	1	1	0	LOW	NO
2186836116	1835021816	аодвеска скорпион	0.0	0.0	0.0	1	NO	YES	NO	NO	4	1	2	LOW	NO
2186836116	1835021816	брелок в виде амулета	0.0	0.0	0.0	1	NO	YES	NO	NO	2	2	1	LOW	NO
2186836116	1835021816	брелок в машину на зеркало	92.0	0.0	0.0	1	YES	NO	NO	NO	2	2	1	LOW	NO
2186836116	1835021816	брелок в машину на зеркало geely monjaro	1.0	0.0	0.0	1	NO	NO	NO	YES	2	2	1	LOW	NO
2186836116	1835021816	бусы оберег	0.0	0.0	0.0	1	NO	YES	NO	NO	2	2	1	LOW	NO
2186836116	1835021816	в машину подвеска	65.0	0.0	0.0	1	YES	NO	NO	NO	2	2	1	LOW	NO
2186836116	1835021816	в машину подвеска на зеркало мужская	1.0	0.0	0.0	1	NO	NO	NO	YES	2	2	1	LOW	NO
2186836116	1835021816	в машину подвеска на зеркало с фото	1.0	0.0	0.0	1	NO	NO	YES	NO	2	2	1	LOW	NO
2186836116	1835021816	восклицательный знак на машину в красном треугольнике	0.0	0.0	0.0	1	NO	YES	NO	NO	2	2	1	LOW	NO
2186836116	1835021816	для авто на зеркало подвеска	1.0	0.0	0.0	1	NO	NO	YES	NO	2	2	1	LOW	NO
2186836116	1835021816	для авто на зеркало украшение	1.0	0.0	0.0	1	NO	NO	NO	YES	2	2	1	LOW	NO
2186836116	1835021816	зеркало для гадания	5.0	0.0	0.0	1	NO	NO	NO	YES	2	2	1	LOW	NO
2186836116	1835021816	зеркало для гкдарий	1.0	0.0	0.0	1	NO	NO	YES	NO	2	2	1	LOW	NO
2186836116	1835021816	зеркало крест	4.0	0.0	0.0	1	NO	NO	YES	NO	0	0	0	LOW	NO
2186836116	1835021816	зеркало параболическое для праворульных машин	1.0	0.0	0.0	1	NO	NO	YES	NO	2	2	1	LOW	NO
2186836116	1835021816	зодиак серум	0.0	0.0	0.0	1	NO	YES	NO	NO	3	1	1	LOW	NO
2186836116	1835021816	книга подвеска в машину	3.0	0.0	0.0	1	NO	NO	NO	YES	2	2	1	LOW	NO
2186836116	1835021816	кулоны амулеты	1.0	0.0	0.0	1	NO	NO	YES	NO	2	2	1	LOW	NO
2186836116	1835021816	машину подвеска	1.0	0.0	0.0	1	NO	NO	YES	NO	2	2	1	LOW	NO
2186836116	1835021816	на зеркало автомобиля подвеска красная	0.0	0.0	0.0	1	NO	YES	NO	NO	2	2	1	LOW	NO
2186836116	1835021816	оберег в машину	302.0	0.0	0.0	1	YES	NO	NO	NO	2	2	1	LOW	NO
2186836116	1835021816	оберег в машину от гибдд прикольный	1.0	0.0	0.0	1	NO	NO	NO	YES	2	2	1	LOW	NO
2186836116	1835021816	оберег подвеска в машину вв мвд рф	1.0	0.0	0.0	1	NO	NO	NO	YES	2	2	1	LOW	NO
2186836116	1835021816	обереги для машины	1.0	0.0	0.0	1	NO	NO	NO	YES	2	2	1	LOW	NO
2186836116	1835021816	подвеска	2415.0	0.0	0.0	1	YES	NO	NO	NO	2	2	1	LOW	NO
2186836116	1835021816	подвеска амулет оберег	1.0	0.0	0.0	1	NO	NO	NO	YES	2	2	1	LOW	NO
2186836116	1835021816	подвеска в автомобиль	68.0	0.0	0.0	1	YES	NO	NO	NO	2	2	1	LOW	NO
2186836116	1835021816	подвеска в машину	7092.0	0.0	0.0	3	YES	YES	NO	YES	2	2	1	HIGH	YES
2186836116	1835021816	подвеска в машину мягкий пушистый ежик	1.0	0.0	0.0	1	NO	NO	YES	NO	2	2	1	LOW	NO
2186836116	1835021816	подвеска в машину на зеркало	1289.0	0.0	0.0	1	YES	NO	NO	NO	2	2	1	LOW	NO
2186836116	1835021816	подвеска в машину на зеркало dont drive so fast	1.0	0.0	0.0	1	NO	NO	YES	NO	2	2	1	LOW	NO
2186836116	1835021816	подвеска в машину на зеркало z	0.0	0.0	0.0	1	NO	YES	NO	NO	2	2	1	LOW	NO
2186836116	1835021816	подвеска в машину на зеркало горы	0.0	0.0	0.0	1	NO	YES	NO	NO	2	2	1	LOW	NO
2186836116	1835021816	подвеска в машину на зеркало из биссера	0.0	0.0	0.0	1	NO	YES	NO	NO	2	2	1	LOW	NO
2186836116	1835021816	подвеска в машину на зеркало спецназ внутренних войск	0.0	0.0	0.0	1	NO	YES	NO	NO	2	2	1	LOW	NO
2186836116	1835021816	подвеска в машину на зеркало спорт	1.0	0.0	0.0	1	NO	NO	YES	NO	2	2	1	LOW	NO
2186836116	1835021816	подвеска в машину на зеркало ссср	0.0	0.0	0.0	1	NO	YES	NO	NO	2	2	1	LOW	NO
2186836116	1835021816	подвеска в машину на зеркало юрта	0.0	0.0	0.0	1	NO	YES	NO	NO	2	2	1	LOW	NO
2186836116	1835021816	подвеска на зеркало автомобиля	92.0	0.0	0.0	1	YES	NO	NO	NO	2	2	1	LOW	NO
2186836116	1835021816	подвеска на зеркало в машину	1230.0	0.0	0.0	1	YES	NO	NO	NO	2	2	1	LOW	NO
2186836116	1835021816	подвеска на машину	97.0	0.0	0.0	1	YES	NO	NO	NO	2	2	1	LOW	NO
2186836116	1835021816	подвеска с знаком зодиака рак	1.0	0.0	0.0	1	NO	NO	NO	YES	0	0	0	LOW	NO
2186836116	1835021816	подвеска скорпион	341.0	0.0	0.0	1	YES	NO	NO	NO	5	0	1	LOW	NO
2186836116	1835021816	подвеска скорпион мужская	6.0	0.0	0.0	1	NO	NO	YES	NO	5	1	2	LOW	NO
2186836116	1835021816	подвеска скорпион на ни	0.0	0.0	0.0	1	NO	YES	NO	NO	5	1	2	LOW	NO
2186836116	1835021816	подвеска скорпион на шею мужской	1.0	0.0	0.0	1	NO	NO	YES	NO	5	1	2	LOW	NO
2186836116	1835021816	подвечка на зеркало	1.0	0.0	0.0	1	NO	NO	YES	NO	2	2	1	LOW	NO
2186836116	1835021816	скорпион	2039.0	0.0	0.0	1	YES	NO	NO	NO	4	0	1	LOW	NO
2186836116	1835021816	скутер скорпион зеркало	1.0	0.0	0.0	1	NO	NO	YES	NO	5	1	2	LOW	NO
2186836116	1835021816	сувенир подвеска в машину скорпион	1.0	0.0	0.0	1	NO	NO	NO	YES	5	1	2	LOW	NO
2186836116	1835021816	талисман	109.0	0.0	0.0	1	YES	NO	NO	NO	2	2	1	LOW	NO
2186836116	1835021816	украшение подвеска на зеркало автомобиля	1.0	0.0	0.0	1	NO	NO	NO	YES	2	2	1	LOW	NO
2186836116	1835021816	четки в машину	1355.0	0.0	0.0	1	YES	NO	NO	NO	2	2	1	LOW	NO
2186836116	1835021816	четки в машину на зеркало	253.0	0.0	0.0	1	YES	NO	NO	NO	2	2	1	LOW	NO
2186836116	1835021816	четки в машину скорпион.из китая	1.0	0.0	0.0	1	NO	NO	YES	NO	5	1	2	LOW	NO
2186839757	1835026306	аксессуары для стрел	0.0	0.0	0.0	1	NO	YES	NO	NO	2	2	1	LOW	NO
2186839757	1835026306	амулеты обереги и талисманы	0.0	0.0	0.0	1	NO	YES	NO	NO	2	2	1	LOW	NO
2186839757	1835026306	брелок в машину на зеркало пушистики	0.0	0.0	0.0	1	NO	YES	NO	NO	2	2	1	LOW	NO
2186839757	1835026306	брелок фсин в машину на зеркало	1.0	0.0	0.0	1	NO	NO	YES	NO	2	2	1	LOW	NO
2186839757	1835026306	бусина талисман	1.0	0.0	0.0	1	NO	NO	YES	NO	2	2	1	LOW	NO
2186839757	1835026306	в машину на зеркало подвеска	13.0	0.0	0.0	1	NO	NO	YES	NO	2	2	1	LOW	NO
2186839757	1835026306	в машину на зеркало подвеска японская	1.0	0.0	0.0	1	NO	NO	YES	NO	2	2	1	LOW	NO
2186839757	1835026306	в машину подвеска на зеркало скорпион	1.0	0.0	0.0	1	NO	NO	YES	NO	0	0	0	LOW	NO
2186839757	1835026306	деревянный талисман	2.0	0.0	0.0	1	NO	NO	YES	NO	2	2	1	LOW	NO
2186839757	1835026306	зеркало подвеска	10.0	0.0	0.0	1	NO	NO	NO	YES	2	2	1	LOW	NO
2186839757	1835026306	знаки зодиака	59.0	0.0	0.0	1	YES	NO	NO	NO	3	2	1	LOW	NO
2186839757	1835026306	кепка мужская стре	0.0	0.0	0.0	1	NO	YES	NO	NO	0	2	0	LOW	NO
2186839757	1835026306	крест в машину на зеркало	234.0	0.0	0.0	1	YES	NO	NO	NO	0	0	0	LOW	NO
2186839757	1835026306	кулон в машину	2.0	0.0	0.0	1	NO	NO	NO	YES	2	2	1	LOW	NO
2186839757	1835026306	кулон зеркало оберег	69.0	0.0	0.0	1	YES	NO	NO	NO	2	2	1	LOW	NO
2186839757	1835026306	мужская подвеска на зеркало в машину	1.0	0.0	0.0	1	NO	NO	YES	NO	2	2	1	LOW	NO
2186839757	1835026306	мыло стрелец	1.0	0.0	0.0	1	NO	NO	NO	YES	4	1	2	LOW	NO
2186839757	1835026306	на зеркало в машину	21.0	0.0	0.0	1	NO	NO	NO	YES	2	2	1	LOW	NO
2186839757	1835026306	на четки подвеска	1.0	0.0	0.0	1	NO	NO	NO	YES	2	2	1	LOW	NO
2186839757	1835026306	набор подвесок на зеркало	1.0	0.0	0.0	1	NO	NO	NO	YES	2	2	1	LOW	NO
2186839757	1835026306	наклейки на автомобиль стрелец	1.0	0.0	0.0	1	NO	NO	YES	NO	5	1	2	LOW	NO
2186839757	1835026306	наклейки на телефон знак зодиака стрелец	0.0	0.0	0.0	1	NO	YES	NO	NO	5	1	2	LOW	NO
2186839757	1835026306	оберег в машину	84.0	0.0	0.0	1	YES	NO	NO	NO	2	2	1	LOW	NO
2186839757	1835026306	подвес в машину на зеркало	82.0	0.0	0.0	1	YES	NO	NO	NO	2	2	1	LOW	NO
2186839757	1835026306	подвеска в автомобиль	105.0	0.0	0.0	1	YES	NO	NO	NO	2	2	1	LOW	NO
2186839757	1835026306	подвеска в машину	7092.0	0.0	0.0	3	YES	YES	NO	YES	2	2	1	HIGH	YES
2186839757	1835026306	подвеска в машину авторская стрелец	1.0	0.0	0.0	1	NO	NO	YES	NO	5	1	1	LOW	NO
2186839757	1835026306	подвеска в машину женская на зеркало скорпион	1.0	0.0	0.0	1	NO	NO	NO	YES	0	0	0	LOW	NO
2186839757	1835026306	подвеска в машину на зеркало	1289.0	0.0	0.0	1	YES	NO	NO	NO	2	2	1	LOW	NO
2186839757	1835026306	подвеска в машину на зеркало а	0.0	0.0	0.0	1	NO	YES	NO	NO	2	2	1	LOW	NO
2186839757	1835026306	подвеска в машину на зеркало питбуль	0.0	0.0	0.0	1	NO	YES	NO	NO	2	2	1	LOW	NO
2186839757	1835026306	подвеска в машину на зеркало прик	0.0	0.0	0.0	1	NO	YES	NO	NO	2	2	1	LOW	NO
2186839757	1835026306	подвеска в машину на зеркало юрта	0.0	0.0	0.0	1	NO	YES	NO	NO	2	2	1	LOW	NO
2186839757	1835026306	подвеска в машину скорпион	11.0	0.0	0.0	1	NO	NO	NO	YES	0	0	0	LOW	NO
2186839757	1835026306	подвеска в машину стрелец	6.0	0.0	580.0	1	NO	NO	YES	NO	5	0	2	LOW	NO
2186839757	1835026306	подвеска машину на зеркало	3.0	0.0	0.0	1	NO	NO	NO	YES	2	2	1	LOW	NO
2186839757	1835026306	подвеска на зеркало	81.0	0.0	0.0	1	YES	NO	NO	NO	2	2	1	LOW	NO
2186839757	1835026306	подвеска на зеркало автомобиля акула	0.0	0.0	0.0	1	NO	YES	NO	NO	2	2	1	LOW	NO
2186839757	1835026306	подвеска на зеркало в машину	1203.0	0.0	0.0	2	YES	NO	YES	NO	2	2	1	MEDIUM	NO
2186839757	1835026306	подвеска на зеркало в машину фигурка гимнаст	1.0	0.0	0.0	1	NO	NO	NO	YES	2	2	1	LOW	NO
2186839757	1835026306	подвеска на зеркало в машину фигурка спортивная гимнастика	1.0	0.0	0.0	1	NO	NO	NO	YES	2	2	1	LOW	NO
2186839757	1835026306	подвеска оберег с	1.0	0.0	0.0	1	NO	NO	NO	YES	2	2	1	LOW	NO
2186839757	1835026306	подвеска со заком зодиака стрелец	0.0	0.0	0.0	1	NO	NO	YES	NO	5	1	2	LOW	NO
2186839757	1835026306	подвеска четки	3.0	0.0	0.0	1	NO	NO	NO	YES	2	2	1	LOW	NO
2186839757	1835026306	стрелец	525.0	0.0	0.0	1	YES	NO	NO	NO	4	0	1	LOW	NO
2186839757	1835026306	стрелец подвеска на машину ключ	0.0	0.0	0.0	1	NO	YES	NO	NO	5	1	2	LOW	NO
2186839757	1835026306	талисман	207.0	0.0	0.0	1	YES	NO	NO	NO	2	2	1	LOW	NO
2186839757	1835026306	"талисман - подвеска на зеркало в машину. знак зодиака ""овен"	1.0	0.0	0.0	1	NO	NO	NO	YES	0	0	0	LOW	NO
2186839757	1835026306	толисман подвеска на зеркало машины знак зодиака	2.0	0.0	0.0	1	NO	NO	YES	NO	3	2	1	LOW	NO
2186839757	1835026306	украшение на зеркало автомобиля знаки зодиака	1.0	0.0	0.0	1	NO	NO	YES	NO	3	2	1	LOW	NO
2186839757	1835026306	четки автомобильные аро	0.0	0.0	0.0	1	NO	YES	NO	NO	2	2	1	LOW	NO
2186839757	1835026306	четки в автомобиль	178.0	0.0	0.0	1	YES	NO	NO	NO	2	2	1	LOW	NO
2186839757	1835026306	четки в автомобиль на зеркало знак зодиака	0.0	0.0	799.0	1	NO	NO	YES	NO	3	2	1	LOW	NO
2186839757	1835026306	четки в машину	137.0	0.0	0.0	1	YES	NO	NO	NO	2	2	1	LOW	NO
2186839757	1835026306	четки в машину и аро	0.0	0.0	0.0	1	NO	YES	NO	NO	2	2	1	LOW	NO
2186839757	1835026306	четки в машину на зеркало	107.0	0.0	0.0	1	YES	NO	NO	NO	2	2	1	LOW	NO
2186839757	1835026306	четки н	0.0	0.0	0.0	1	NO	YES	NO	NO	2	2	1	LOW	NO
2186843798	1835030733	амулет зеркало	10.0	0.0	0.0	1	NO	NO	YES	NO	2	2	1	LOW	NO
2186843798	1835030733	аодвеска зеркало	0.0	0.0	0.0	1	NO	YES	NO	NO	2	2	1	LOW	NO
2186843798	1835030733	брелок в машину на зеркало я свободен	0.0	0.0	0.0	1	NO	YES	NO	NO	2	2	1	LOW	NO
2186843798	1835030733	брелок знак зодиака дева дева	0.0	0.0	0.0	1	NO	YES	NO	NO	5	1	2	LOW	NO
2186843798	1835030733	вонючка в машину оберег от дпс	1.0	0.0	0.0	1	NO	NO	YES	NO	2	2	1	LOW	NO
2186843798	1835030733	все для знака зодиака дева	1.0	0.0	0.0	1	NO	NO	YES	NO	5	1	2	LOW	NO
2186843798	1835030733	горшок дева знак зодиака	1.0	0.0	0.0	1	NO	NO	YES	NO	5	1	2	LOW	NO
2186843798	1835030733	дева	1930.0	0.0	0.0	1	YES	NO	NO	NO	4	0	1	LOW	NO
2186843798	1835030733	дева знак зодиак	2.0	0.0	0.0	1	NO	NO	NO	YES	5	0	2	LOW	NO
2186843798	1835030733	дева знак зодиака	147.0	0.0	0.0	1	YES	NO	NO	NO	5	0	1	LOW	NO
2186843798	1835030733	дева знак зодиака рюмки	0.0	0.0	0.0	1	NO	YES	NO	NO	5	1	1	LOW	NO
2186843798	1835030733	демон на машину подвеска на стекло маленькие	0.0	0.0	0.0	1	NO	YES	NO	NO	2	2	1	LOW	NO
2186843798	1835030733	зекало подвеска	1.0	0.0	0.0	1	NO	NO	YES	NO	2	2	1	LOW	NO
2186843798	1835030733	зеркала с поворотниками на машину экстрел	1.0	0.0	0.0	1	NO	NO	NO	YES	2	2	1	LOW	NO
2186843798	1835030733	зеркало	7498.0	0.0	0.0	1	YES	NO	NO	NO	2	2	1	LOW	NO
2186843798	1835030733	зеркало для деву	0.0	0.0	0.0	1	NO	YES	NO	NO	2	2	1	LOW	NO
2186843798	1835030733	зеркало оберег на шею	9.0	0.0	0.0	1	NO	NO	NO	YES	2	2	1	LOW	NO
2186843798	1835030733	зеркальный амудет	1.0	0.0	0.0	1	NO	NO	YES	NO	2	2	1	LOW	NO
2186843798	1835030733	зеркальце амулет	1.0	0.0	0.0	1	NO	NO	YES	NO	2	2	1	LOW	NO
2186843798	1835030733	знак дева	6.0	0.0	0.0	1	NO	NO	NO	YES	4	0	2	LOW	NO
2186843798	1835030733	знак зодиака дева	273.0	0.0	0.0	1	YES	NO	NO	NO	5	0	1	LOW	NO
2186843798	1835030733	знак зодиака зодиака дева	1.0	0.0	0.0	1	NO	NO	NO	YES	5	0	2	LOW	NO
2186843798	1835030733	знак подвеска брелок	0.0	0.0	0.0	1	NO	YES	NO	NO	2	2	1	LOW	NO
2186843798	1835030733	знак туфелька блестящая на машину	0.0	0.0	0.0	1	NO	YES	NO	NO	2	2	1	LOW	NO
2186843798	1835030733	зодиак дева	1.0	0.0	0.0	1	NO	NO	YES	NO	5	0	2	LOW	NO
2186843798	1835030733	кольцо со знаком зодиака дева	0.0	0.0	0.0	1	NO	YES	NO	NO	5	1	2	LOW	NO
2186843798	1835030733	кулон дева в машину	0.0	0.0	0.0	1	NO	YES	NO	NO	5	1	1	LOW	NO
2186843798	1835030733	ловец снов в машину	98.0	0.0	0.0	1	YES	NO	NO	NO	2	2	1	LOW	NO
2186843798	1835030733	машина - дева	1.0	0.0	0.0	1	NO	NO	YES	NO	5	0	2	LOW	NO
2186843798	1835030733	на зеркало в машину подвеска дева	0.0	0.0	0.0	1	NO	YES	NO	NO	5	0	1	LOW	NO
2186843798	1835030733	набор для творчества на дев	0.0	0.0	0.0	1	NO	YES	NO	NO	0	2	0	LOW	NO
2186843798	1835030733	оберег в авто	1.0	0.0	0.0	1	NO	NO	NO	YES	2	2	1	LOW	NO
2186843798	1835030733	оберег в машину	496.0	0.0	0.0	1	YES	NO	NO	NO	2	2	1	LOW	NO
2186843798	1835030733	оберег для дева	0.0	0.0	0.0	1	NO	YES	NO	NO	5	0	1	LOW	NO
2186843798	1835030733	оберег для девы женский на шею	1.0	0.0	0.0	1	NO	NO	YES	NO	2	2	1	LOW	NO
2186843798	1835030733	оберег для знака дева	1.0	0.0	0.0	1	NO	NO	NO	YES	5	1	1	LOW	NO
2186843798	1835030733	оберег на машину	3.0	0.0	0.0	1	NO	NO	NO	YES	2	2	1	LOW	NO
2186843798	1835030733	оберег подвеска в машину	4.0	0.0	0.0	1	NO	NO	NO	YES	2	2	1	LOW	NO
2186843798	1835030733	подарок для девы	343.0	0.0	0.0	1	YES	NO	NO	NO	0	2	0	LOW	NO
2186843798	1835030733	подарок для девы знака зодиака	1.0	0.0	0.0	1	NO	NO	YES	NO	3	2	1	LOW	NO
2186843798	1835030733	подарок подвеска в машину	1.0	0.0	0.0	1	NO	NO	NO	YES	2	2	1	LOW	NO
2186843798	1835030733	подвеска амулет дева	1.0	0.0	0.0	1	NO	NO	NO	YES	5	0	1	LOW	NO
2186843798	1835030733	подвеска в автомобиль	413.0	0.0	0.0	1	YES	NO	NO	NO	2	2	1	LOW	NO
2186843798	1835030733	подвеска в машину	7092.0	0.0	0.0	1	YES	NO	NO	NO	2	2	1	LOW	NO
2186843798	1835030733	подвеска в машину женская ловец	1.0	0.0	0.0	1	NO	NO	YES	NO	2	2	1	LOW	NO
2186843798	1835030733	подвеска в машину на зеркало	1289.0	0.0	0.0	1	YES	NO	NO	NO	2	2	1	LOW	NO
2186843798	1835030733	подвеска в машину на зеркало мех	0.0	0.0	0.0	1	NO	NO	YES	NO	2	2	1	LOW	NO
2186843798	1835030733	подвеска дева	342.0	0.0	0.0	1	YES	NO	NO	NO	5	0	1	LOW	NO
2186843798	1835030733	подвеска для машины перчатка написанными ufc	1.0	0.0	0.0	1	NO	NO	YES	NO	2	2	1	LOW	NO
2186843798	1835030733	подвеска красная в машину на зеркало	1.0	0.0	0.0	1	NO	NO	NO	YES	2	2	1	LOW	NO
2186843798	1835030733	подвеска на зеркало	81.0	0.0	0.0	2	YES	NO	NO	YES	2	2	1	MEDIUM	NO
2186843798	1835030733	подвеска на зеркало авто	12.0	0.0	0.0	1	NO	NO	NO	YES	2	2	1	LOW	NO
2186843798	1835030733	подвеска на зеркало в машину	1215.0	0.0	0.0	1	YES	NO	NO	NO	2	2	1	LOW	NO
2186843798	1835030733	подвеска на зеркало в машину женская	1.0	0.0	0.0	1	NO	NO	NO	YES	2	2	1	LOW	NO
2186843798	1835030733	подвеска на зеркало мужская	3.0	0.0	0.0	1	NO	NO	YES	NO	2	2	1	LOW	NO
2186843798	1835030733	подушка в машину дева	0.0	0.0	0.0	1	NO	YES	NO	NO	5	1	1	LOW	NO
2186843798	1835030733	фигурка в машину дева	0.0	0.0	0.0	1	NO	YES	NO	NO	5	1	1	LOW	NO
2186843798	1835030733	четки в автомобиль	356.0	0.0	0.0	1	YES	NO	NO	NO	2	2	1	LOW	NO
2186843798	1835030733	четки в машину	884.0	0.0	0.0	1	YES	NO	NO	NO	2	2	1	LOW	NO
2186846833	1835035733	автомобиля на зеркало украшение	1.0	0.0	0.0	1	NO	NO	YES	NO	2	2	1	LOW	NO
2186846833	1835035733	аквамарин подвеска водолей ровновесие	1.0	0.0	0.0	1	NO	NO	YES	NO	5	1	2	LOW	NO
2186846833	1835035733	амулеты обереги и талисманы дерево	1.0	0.0	0.0	1	NO	NO	NO	YES	2	2	1	LOW	NO
2186846833	1835035733	браслет амулет водолея	1.0	0.0	0.0	1	NO	NO	NO	YES	2	2	1	LOW	NO
2186846833	1835035733	браслет оберег для водолея	3.0	0.0	0.0	1	NO	NO	NO	YES	2	2	1	LOW	NO
2186846833	1835035733	брелок в машину для девушки на зеркало	1.0	0.0	0.0	1	NO	NO	NO	YES	2	2	1	LOW	NO
2186846833	1835035733	бусы в машину на зеркало лада спорт	0.0	0.0	0.0	1	NO	YES	NO	NO	2	2	1	LOW	NO
2186846833	1835035733	в машину на зеркало подвес	0.0	0.0	0.0	2	NO	YES	NO	YES	2	2	1	MEDIUM	NO
2186846833	1835035733	в машину подвес	1.0	0.0	0.0	1	NO	NO	YES	NO	2	2	1	LOW	NO
2186846833	1835035733	в машину подвеска	81.0	0.0	0.0	1	YES	NO	NO	NO	2	2	1	LOW	NO
2186846833	1835035733	в машину фигурка водолей	1.0	0.0	0.0	1	NO	NO	NO	YES	5	1	2	LOW	NO
2186846833	1835035733	водолей	746.0	0.0	669.0	2	YES	NO	YES	NO	4	0	1	MEDIUM	NO
2186846833	1835035733	водолей в машину	4.0	0.0	0.0	1	NO	NO	YES	NO	5	0	2	LOW	NO
2186846833	1835035733	водолей знак зодиака камееь	0.0	0.0	0.0	1	NO	YES	NO	NO	5	1	2	LOW	NO
2186846833	1835035733	водолей расческа	1.0	0.0	0.0	1	NO	NO	YES	NO	4	1	2	LOW	NO
2186846833	1835035733	восклицательный знак на машину в треугольнике красный	1.0	0.0	0.0	1	NO	NO	NO	YES	2	2	1	LOW	NO
2186846833	1835035733	для авто украшения подвески	1.0	0.0	0.0	1	NO	NO	NO	YES	2	2	1	LOW	NO
2186846833	1835035733	зеркало	16292.0	0.0	0.0	1	YES	NO	NO	NO	2	2	1	LOW	NO
2186846833	1835035733	зеркало толи	3.0	0.0	0.0	1	NO	NO	NO	YES	2	2	1	LOW	NO
2186846833	1835035733	знак зеркало	2.0	0.0	0.0	1	NO	NO	YES	NO	2	2	1	LOW	NO
2186846833	1835035733	зонт водолей	0.0	0.0	0.0	1	NO	YES	NO	NO	4	1	2	LOW	NO
2186846833	1835035733	календарь карманный знаки зодиака	0.0	0.0	0.0	1	NO	YES	NO	NO	3	2	1	LOW	NO
2186846833	1835035733	костюм мужской водолей	0.0	0.0	0.0	1	NO	YES	NO	NO	4	1	2	LOW	NO
2186846833	1835035733	кулон авто	0.0	0.0	0.0	1	NO	YES	NO	NO	2	2	1	LOW	NO
2186846833	1835035733	ладанка оберег в машину на зеркало	1.0	0.0	0.0	1	NO	NO	YES	NO	2	2	1	LOW	NO
2186846833	1835035733	мужчине на день рождения	0.0	0.0	0.0	1	NO	YES	NO	NO	0	2	0	LOW	NO
2186846833	1835035733	нитка оберег на руку водолей	1.0	0.0	0.0	1	NO	NO	YES	NO	5	1	2	LOW	NO
2186846833	1835035733	оберег в машинку	1.0	0.0	0.0	1	NO	NO	NO	YES	2	2	1	LOW	NO
2186846833	1835035733	оберег в машину	383.0	0.0	0.0	1	YES	NO	NO	NO	2	2	1	LOW	NO
2186846833	1835035733	оберег в машину женский	3.0	0.0	0.0	1	NO	NO	NO	YES	2	2	1	LOW	NO
2186846833	1835035733	оберег в машину мусульманский четки	1.0	0.0	0.0	1	NO	NO	YES	NO	2	2	1	LOW	NO
2186846833	1835035733	оберег в машину со знаком зодиака водолей	1.0	0.0	597.0	1	NO	NO	YES	NO	5	0	2	LOW	NO
2186846833	1835035733	обереги талисманы	0.0	0.0	0.0	1	NO	YES	NO	NO	2	2	1	LOW	NO
2186846833	1835035733	подвес в машину на зеркало	106.0	0.0	0.0	1	YES	NO	NO	NO	2	2	1	LOW	NO
2186846833	1835035733	подвеска в автомобиль	96.0	0.0	0.0	1	YES	NO	NO	NO	2	2	1	LOW	NO
2186846833	1835035733	подвеска в машину	7092.0	0.0	0.0	2	YES	YES	NO	NO	2	2	1	MEDIUM	YES
2186846833	1835035733	подвеска в машину из аниме	1.0	0.0	0.0	1	NO	NO	YES	NO	2	2	1	LOW	NO
2186846833	1835035733	подвеска в машину на зеркало	1367.0	0.0	0.0	2	YES	YES	NO	NO	2	2	1	MEDIUM	YES
2186846833	1835035733	подвеска в машину на зеркало жен	0.0	0.0	0.0	1	NO	YES	NO	NO	2	2	1	LOW	NO
2186846833	1835035733	подвеска в машину на зеркало инь янь	0.0	0.0	0.0	1	NO	YES	NO	NO	2	2	1	LOW	NO
2186846833	1835035733	подвеска в машину на зеркало красная	1.0	0.0	0.0	1	NO	NO	NO	YES	2	2	1	LOW	NO
2186846833	1835035733	подвеска в машину на зеркало мотоцикл	1.0	0.0	0.0	1	NO	NO	YES	NO	2	2	1	LOW	NO
2186846833	1835035733	подвеска в машину на зеркало питбуль	0.0	0.0	0.0	1	NO	YES	NO	NO	2	2	1	LOW	NO
2186846833	1835035733	подвеска водолей	99.0	0.0	0.0	1	YES	NO	NO	NO	5	0	1	LOW	NO
2186846833	1835035733	подвеска на зеркало hella flash	1.0	0.0	0.0	1	NO	NO	NO	YES	2	2	1	LOW	NO
2186846833	1835035733	подвеска на зеркало автомобиля	97.0	0.0	0.0	1	YES	NO	NO	NO	2	2	1	LOW	NO
2186846833	1835035733	подвеска на зеркало автомобиля в машину	17.0	0.0	0.0	1	NO	NO	YES	NO	2	2	1	LOW	NO
2186846833	1835035733	подвеска на зеркало в машину	1207.0	0.0	0.0	1	YES	NO	NO	NO	2	2	1	LOW	NO
2186846833	1835035733	подвеска на зеркало в машину собака	0.0	0.0	0.0	1	NO	YES	NO	NO	2	2	1	LOW	NO
2186846833	1835035733	подвеска на зеркало в машину череп	1.0	0.0	0.0	1	NO	NO	NO	YES	2	2	1	LOW	NO
2186846833	1835035733	подвеска на машину	88.0	0.0	0.0	1	YES	NO	NO	NO	2	2	1	LOW	NO
2186846833	1835035733	славянский оберег в машину на зеркало	2.0	0.0	0.0	1	NO	NO	YES	NO	0	0	1	LOW	NO
2186846833	1835035733	четки в автомобиль	381.0	0.0	0.0	1	YES	NO	NO	NO	2	2	1	LOW	NO
2186846833	1835035733	четки в машину	284.0	0.0	0.0	1	YES	NO	NO	NO	2	2	1	LOW	NO
2186846833	1835035733	четки в машину на зеркало	106.0	0.0	0.0	1	YES	NO	NO	NO	2	2	1	LOW	NO
2186846833	1835035733	эзотерика аксессуары	20.0	0.0	0.0	1	NO	NO	NO	YES	2	2	1	LOW	NO
2186848313	1835037959	авто рыба	0.0	0.0	0.0	1	NO	YES	NO	NO	2	2	1	LOW	NO
2186848313	1835037959	автомобильная четки в машину на зеркало	1.0	0.0	0.0	1	NO	NO	NO	YES	2	2	1	LOW	NO
2186848313	1835037959	аксессуары в машину подвесаа зеркал барабан	0.0	0.0	0.0	1	NO	YES	NO	NO	2	2	1	LOW	NO
2186848313	1835037959	амулет бусина	0.0	0.0	0.0	1	NO	YES	NO	NO	2	2	1	LOW	NO
2186848313	1835037959	амулет рыбы	4.0	0.0	0.0	1	NO	NO	YES	NO	5	0	2	LOW	NO
2186848313	1835037959	амулеты мужские в машину	1.0	0.0	0.0	1	NO	NO	NO	YES	2	2	1	LOW	NO
2186848313	1835037959	амулеты обереги и талисманы	218.0	0.0	0.0	1	YES	NO	NO	NO	2	2	1	LOW	NO
2186848313	1835037959	бисмиля на машину на зеркало мусульманские	1.0	0.0	0.0	1	NO	NO	YES	NO	2	2	1	LOW	NO
2186848313	1835037959	брелок авто талисман	0.0	0.0	0.0	1	NO	YES	NO	NO	2	2	1	LOW	NO
2186848313	1835037959	брелок в машину на зеркало	211.0	0.0	0.0	1	YES	NO	NO	NO	2	2	1	LOW	NO
2186848313	1835037959	брошь на машину рыбка самаклейная	0.0	0.0	0.0	1	NO	YES	NO	NO	2	2	1	LOW	NO
2186848313	1835037959	бусинки в машину на зеркало	1.0	0.0	0.0	1	NO	NO	YES	NO	2	2	1	LOW	NO
2186848313	1835037959	бусы в машину на зеркало ленд ровер	1.0	0.0	0.0	1	NO	NO	NO	YES	2	2	1	LOW	NO
2186848313	1835037959	в машину для малыша подвеска	0.0	0.0	0.0	1	NO	YES	NO	NO	2	2	1	LOW	NO
2186848313	1835037959	в машину на зеркало подвеска	128.0	0.0	0.0	1	YES	NO	NO	NO	2	2	1	LOW	NO
2186848313	1835037959	висюлька в машину на зеркало тайота четки	1.0	0.0	0.0	1	NO	NO	NO	YES	2	2	1	LOW	NO
2186848313	1835037959	висюлька на зеркало в машину белая пушистая	0.0	0.0	0.0	1	NO	YES	NO	NO	2	2	1	LOW	NO
2186848313	1835037959	вонючка дельфин в машину синяя на зеркало	0.0	0.0	0.0	1	NO	YES	NO	NO	2	2	1	LOW	NO
2186848313	1835037959	ежедневник знак зодиака рыбы 2027	0.0	0.0	0.0	1	NO	YES	NO	NO	5	1	2	LOW	NO
2186848313	1835037959	зеркалл магисеское	1.0	0.0	0.0	1	NO	NO	YES	NO	2	2	1	LOW	NO
2186848313	1835037959	зеркало	8794.0	0.0	0.0	1	YES	NO	NO	NO	2	2	1	LOW	NO
2186848313	1835037959	зеркало рыбий глаз на самокат	2.0	0.0	0.0	1	NO	NO	YES	NO	2	2	1	LOW	NO
2186848313	1835037959	знак зодиака лев подвеска в машину	1.0	0.0	0.0	1	NO	NO	NO	YES	0	0	0	LOW	NO
2186848313	1835037959	знак зодиака рыбы большой	0.0	0.0	0.0	1	NO	YES	NO	NO	5	0	2	LOW	NO
2186848313	1835037959	знак на машину для женщин	1.0	0.0	0.0	1	NO	NO	YES	NO	2	2	1	LOW	NO
2186848313	1835037959	игрушка оберег в машину	2.0	0.0	0.0	1	NO	NO	NO	YES	2	2	1	LOW	NO
2186848313	1835037959	крестик в машину на зеркало освешеный	0.0	0.0	0.0	1	NO	YES	NO	NO	2	2	1	LOW	NO
2186848313	1835037959	кулон в автомобиль	1.0	0.0	0.0	1	NO	NO	YES	NO	2	2	1	LOW	NO
2186848313	1835037959	кулон мужской рыбы	2.0	0.0	773.0	1	NO	NO	YES	NO	4	1	2	LOW	NO
2186848313	1835037959	кулон на шею для мальчика знак зодиака	1.0	0.0	0.0	1	NO	NO	NO	YES	3	2	1	LOW	NO
2186848313	1835037959	кулончики в машину	1.0	0.0	0.0	1	NO	NO	NO	YES	2	2	1	LOW	NO
2186848313	1835037959	маленький оберев машину	0.0	0.0	0.0	1	NO	YES	NO	NO	2	2	1	LOW	NO
2186848313	1835037959	мужской кулон рыба	1.0	0.0	0.0	1	NO	NO	YES	NO	0	2	0	LOW	NO
2186848313	1835037959	на зеркало в машину подвеска	367.0	0.0	0.0	1	YES	NO	NO	NO	2	2	1	LOW	NO
2186848313	1835037959	на зеркало в машину скорпион	1.0	0.0	0.0	1	NO	NO	YES	NO	0	0	0	LOW	NO
2186848313	1835037959	необычный обвес в машину на зеркало	0.0	0.0	0.0	1	NO	YES	NO	NO	2	2	1	LOW	NO
2186848313	1835037959	оберег в машину	528.0	0.0	0.0	1	YES	NO	NO	NO	2	2	1	LOW	NO
2186848313	1835037959	оберег в машину на зеркало женский	0.0	0.0	0.0	1	NO	YES	NO	NO	2	2	1	LOW	NO
2186848313	1835037959	обереги	1.0	0.0	0.0	1	NO	NO	NO	YES	2	2	1	LOW	NO
2186848313	1835037959	подвеска в автомобиль	427.0	0.0	0.0	1	YES	NO	NO	NO	2	2	1	LOW	NO
2186848313	1835037959	подвеска в автомобиль на зеркало	448.0	0.0	0.0	1	YES	NO	NO	NO	2	2	1	LOW	NO
2186848313	1835037959	подвеска в машину	7092.0	0.0	0.0	2	YES	YES	NO	NO	2	2	1	MEDIUM	YES
2186848313	1835037959	подвеска в машину на зеркало	6478.0	0.0	0.0	1	YES	NO	NO	NO	2	2	1	LOW	NO
2186848313	1835037959	подвеска в машину на зеркало дракон	2.0	0.0	0.0	1	NO	NO	YES	NO	2	2	1	LOW	NO
2186848313	1835037959	подвеска в машину на зеркало череп	4.0	0.0	0.0	1	NO	NO	NO	YES	2	2	1	LOW	NO
2186848313	1835037959	подвеска в машину рыба на зеркало	1.0	0.0	0.0	1	NO	NO	NO	YES	2	2	1	LOW	NO
2186848313	1835037959	подвеска в машину светильник	2.0	0.0	0.0	1	NO	NO	YES	NO	2	2	1	LOW	NO
2186848313	1835037959	подвеска на зеркало half life	1.0	0.0	0.0	1	NO	NO	YES	NO	2	2	1	LOW	NO
2186848313	1835037959	подвеска на зеркало автомобиля	47.0	0.0	0.0	1	NO	NO	NO	YES	2	2	1	LOW	NO
2186848313	1835037959	подвеска на зеркало в машину	1211.0	0.0	0.0	1	YES	NO	NO	NO	2	2	1	LOW	NO
2186848313	1835037959	подвеска на машину	88.0	0.0	0.0	1	NO	NO	NO	YES	2	2	1	LOW	NO
2186848313	1835037959	талисман	307.0	0.0	0.0	1	YES	NO	NO	NO	2	2	1	LOW	NO
2186848313	1835037959	талисман на шею мужской	4.0	0.0	0.0	1	NO	NO	NO	YES	2	2	1	LOW	NO
2186848313	1835037959	талисман скорпион	5.0	0.0	0.0	1	NO	NO	NO	YES	0	0	0	LOW	NO
2186848313	1835037959	четки в автомобиль	381.0	0.0	0.0	1	YES	NO	NO	NO	2	2	1	LOW	NO
2186848313	1835037959	четки в машину	1380.0	0.0	0.0	1	YES	NO	NO	NO	2	2	1	LOW	NO
2186848313	1835037959	четки в машину на зеркало	147.0	0.0	0.0	1	YES	NO	NO	NO	2	2	1	LOW	NO
2186848313	1835037959	четки для знака зодиака рыбы	1.0	0.0	556.0	1	NO	NO	YES	NO	5	1	2	LOW	NO
2186848313	1835037959	четки руны	1.0	0.0	0.0	1	NO	NO	YES	NO	2	2	1	LOW	NO
2186850644	1835042242	аксессуар в авто на зеркало подвеска	1.0	0.0	0.0	1	NO	NO	YES	NO	2	2	1	LOW	NO
2186850644	1835042242	амулет для овна мужской	1.0	0.0	0.0	1	NO	NO	YES	NO	2	2	1	LOW	NO
2186850644	1835042242	амулеты обереги и талисманы	125.0	0.0	0.0	1	YES	NO	NO	NO	2	2	1	LOW	NO
2186850644	1835042242	брелок в машину на зеркало	145.0	0.0	0.0	1	YES	NO	NO	NO	2	2	1	LOW	NO
2186850644	1835042242	брелок в машину на зеркало пушистики	0.0	0.0	0.0	1	NO	YES	NO	NO	2	2	1	LOW	NO
2186850644	1835042242	в машину украшение на зеркало	1.0	0.0	0.0	1	NO	NO	YES	NO	2	2	1	LOW	NO
2186850644	1835042242	декоративная подвеска в авто	1.0	0.0	0.0	1	NO	NO	YES	NO	2	2	1	LOW	NO
2186850644	1835042242	для овна мужской	1.0	0.0	0.0	1	NO	NO	NO	YES	0	2	0	LOW	NO
2186850644	1835042242	зеркало для праворульных машин для обгона	1.0	0.0	0.0	1	NO	NO	NO	YES	2	2	1	LOW	NO
2186850644	1835042242	игрушка в машину овен	1.0	0.0	0.0	1	NO	NO	YES	NO	5	1	2	LOW	NO
2186850644	1835042242	календарь карманный знаки зодиака	0.0	0.0	0.0	1	NO	YES	NO	NO	3	2	1	LOW	NO
2186850644	1835042242	крест в машину освященный православный на зеркало	1.0	0.0	0.0	1	NO	NO	YES	NO	0	0	0	LOW	NO
2186850644	1835042242	кулон в автомобиль на зеркало	1.0	0.0	0.0	1	NO	NO	YES	NO	2	2	1	LOW	NO
2186850644	1835042242	магический амулет , оберег	21.0	0.0	0.0	1	NO	NO	NO	YES	2	2	1	LOW	NO
2186850644	1835042242	мужчине на день рождения	0.0	0.0	0.0	1	NO	YES	NO	NO	0	2	0	LOW	NO
2186850644	1835042242	на зеркало в машину подвеска	273.0	0.0	0.0	1	YES	NO	NO	NO	2	2	1	LOW	NO
2186850644	1835042242	оберег в автомобиль на зеркало	1.0	0.0	0.0	1	NO	NO	NO	YES	2	2	1	LOW	NO
2186850644	1835042242	оберег в кошелек овен	0.0	0.0	0.0	1	NO	YES	NO	NO	5	1	1	LOW	NO
2186850644	1835042242	оберег в машину	414.0	0.0	0.0	1	YES	NO	NO	NO	2	2	1	LOW	NO
2186850644	1835042242	оберег для автомобиля на зеркало	2.0	0.0	0.0	1	NO	NO	YES	NO	2	2	1	LOW	NO
2186850644	1835042242	оберег зеркальный	1.0	0.0	0.0	1	NO	NO	NO	YES	2	2	1	LOW	NO
2186850644	1835042242	овен	1191.0	0.0	0.0	1	YES	NO	NO	NO	4	0	1	LOW	NO
2186850644	1835042242	овен оберег в машину	0.0	0.0	0.0	1	NO	YES	NO	NO	5	0	2	LOW	NO
2186850644	1835042242	подарок овца	0.0	0.0	0.0	1	NO	YES	NO	NO	0	2	0	LOW	NO
2186850644	1835042242	подвеска в автомобиль	346.0	0.0	0.0	2	YES	NO	NO	YES	2	2	1	MEDIUM	NO
2186850644	1835042242	подвеска в автомобиль на зеркало	405.0	0.0	0.0	1	YES	NO	NO	NO	2	2	1	LOW	NO
2186850644	1835042242	подвеска в машину	7308.0	0.0	0.0	2	YES	YES	NO	NO	2	2	1	MEDIUM	YES
2186850644	1835042242	подвеска в машину для мужч	1.0	0.0	0.0	1	NO	NO	NO	YES	2	2	1	LOW	NO
2186850644	1835042242	подвеска в машину на зеркало	6256.0	0.0	0.0	1	YES	NO	NO	NO	2	2	1	LOW	NO
2186850644	1835042242	подвеска в машину на зеркало z	0.0	0.0	0.0	1	NO	YES	NO	NO	2	2	1	LOW	NO
2186850644	1835042242	подвеска в машину на зеркало а	0.0	0.0	0.0	1	NO	YES	NO	NO	2	2	1	LOW	NO
2186850644	1835042242	подвеска в машину на зеркало в грузовик	0.0	0.0	0.0	1	NO	NO	YES	NO	2	2	1	LOW	NO
2186850644	1835042242	подвеска в машину на зеркало ма ка крик	0.0	0.0	0.0	1	NO	YES	NO	NO	2	2	1	LOW	NO
2186850644	1835042242	подвеска в машину на зеркало мех	0.0	0.0	0.0	1	NO	YES	NO	NO	2	2	1	LOW	NO
2186850644	1835042242	подвеска в машину на зеркало овен	0.0	0.0	0.0	1	NO	YES	NO	NO	5	0	1	LOW	NO
2186850644	1835042242	подвеска в машину на зеркало приколь	0.0	0.0	0.0	1	NO	YES	NO	NO	2	2	1	LOW	NO
2186850644	1835042242	подвеска в машину на зеркало штурмовик север z	1.0	0.0	0.0	1	NO	NO	NO	YES	2	2	1	LOW	NO
2186850644	1835042242	подвеска в машину новогодняя	1.0	0.0	0.0	1	NO	NO	YES	NO	2	2	1	LOW	NO
2186850644	1835042242	подвеска для овнов	1.0	0.0	0.0	1	NO	NO	NO	YES	2	2	1	LOW	NO
2186850644	1835042242	подвеска коз	0.0	0.0	0.0	1	NO	YES	NO	NO	2	2	1	LOW	NO
2186850644	1835042242	подвеска машины	1.0	0.0	0.0	1	NO	NO	YES	NO	2	2	1	LOW	NO
2186850644	1835042242	подвеска на зеркало	106.0	0.0	0.0	1	YES	NO	NO	NO	2	2	1	LOW	NO
2186850644	1835042242	подвеска на зеркало автомобиля	1.0	0.0	0.0	1	NO	NO	NO	YES	2	2	1	LOW	NO
2186850644	1835042242	подвеска на зеркало в машину	1157.0	0.0	0.0	1	YES	NO	NO	NO	2	2	1	LOW	NO
2186850644	1835042242	подвеска на машину	97.0	0.0	0.0	1	YES	NO	NO	NO	2	2	1	LOW	NO
2186850644	1835042242	подвеска оберег овен	0.0	0.0	0.0	1	NO	YES	NO	NO	5	0	2	LOW	NO
2186850644	1835042242	подвеска овен	142.0	0.0	0.0	1	YES	NO	NO	NO	5	0	1	LOW	NO
2186850644	1835042242	подвеска четки на зеркало в машину	1.0	0.0	0.0	1	NO	NO	YES	NO	2	2	1	LOW	NO
2186850644	1835042242	подвески знаки зодиака	2.0	0.0	0.0	1	NO	NO	YES	NO	3	2	1	LOW	NO
2186850644	1835042242	подвестка в машину	7.0	0.0	0.0	1	NO	NO	NO	YES	2	2	1	LOW	NO
2186850644	1835042242	руна подвеска	2.0	0.0	0.0	1	NO	NO	YES	NO	2	2	1	LOW	NO
2186850644	1835042242	с зеркалом оберег	1.0	0.0	0.0	1	NO	NO	YES	NO	2	2	1	LOW	NO
2186850644	1835042242	талисман	208.0	0.0	0.0	1	YES	NO	NO	NO	2	2	1	LOW	NO
2186850644	1835042242	талисман овен в машину мужской	1.0	0.0	0.0	1	NO	NO	NO	YES	5	0	2	LOW	NO
2186850644	1835042242	талисман овен мужской в машину	1.0	0.0	0.0	1	NO	NO	NO	YES	5	0	2	LOW	NO
2186850644	1835042242	украшение автомобиля на зеркало	1.0	0.0	0.0	1	NO	NO	NO	YES	2	2	1	LOW	NO
2186850644	1835042242	четки в машину	461.0	0.0	0.0	1	YES	NO	NO	NO	2	2	1	LOW	NO
2186850644	1835042242	четки для овна	1.0	0.0	0.0	1	NO	NO	NO	YES	2	2	1	LOW	NO
2186852750	1835045239	автомобильные подвески/декоративные элементы для автомобилей	1.0	0.0	0.0	1	NO	NO	YES	NO	2	2	1	LOW	NO
2186852750	1835045239	брелок в машину на зеркало пушистики	0.0	0.0	0.0	1	NO	YES	NO	NO	2	2	1	LOW	NO
2186852750	1835045239	брелок коза	192.0	0.0	0.0	1	YES	NO	NO	NO	0	2	0	LOW	NO
2186852750	1835045239	брелок коза в автомобиль на зеркало	0.0	0.0	0.0	1	NO	YES	NO	NO	2	2	1	LOW	NO
2186852750	1835045239	брелок козе	0.0	0.0	0.0	1	NO	YES	NO	NO	0	2	0	LOW	NO
2186852750	1835045239	брелок талисман козерог	1.0	0.0	0.0	1	NO	NO	NO	YES	5	1	2	LOW	NO
2186852750	1835045239	бусы подвеска в машину	1.0	0.0	0.0	1	NO	NO	NO	YES	2	2	1	LOW	NO
2186852750	1835045239	в машину авулет	0.0	0.0	0.0	1	NO	YES	NO	NO	2	2	1	LOW	NO
2186852750	1835045239	в машину аксессуары на зеркало подвеска	1.0	0.0	0.0	1	NO	NO	YES	NO	2	2	1	LOW	NO
2186852750	1835045239	в машину подвеска	17.0	0.0	0.0	1	NO	NO	YES	NO	2	2	1	LOW	NO
2186852750	1835045239	декоративный элемент козерог	2.0	0.0	0.0	1	NO	NO	YES	NO	4	1	2	LOW	NO
2186852750	1835045239	для машин оберег	1.0	0.0	0.0	1	NO	NO	NO	YES	2	2	1	LOW	NO
2186852750	1835045239	зеркало талисман для ворот кованое	1.0	0.0	0.0	1	NO	NO	NO	YES	2	2	1	LOW	NO
2186852750	1835045239	зназодиака козерог	0.0	0.0	0.0	1	NO	YES	NO	NO	5	1	1	LOW	NO
2186852750	1835045239	картины со знаком зодиака козерог	0.0	0.0	0.0	1	NO	YES	NO	NO	5	1	1	LOW	NO
2186852750	1835045239	коз брелок	0.0	0.0	0.0	1	NO	YES	NO	NO	0	2	0	LOW	NO
2186852750	1835045239	коза полвеска	0.0	0.0	0.0	1	NO	YES	NO	NO	0	2	0	LOW	NO
2186852750	1835045239	козаки	74.0	0.0	0.0	1	YES	NO	NO	NO	0	2	0	LOW	NO
2186852750	1835045239	козерог	774.0	0.0	0.0	2	YES	NO	YES	NO	4	0	1	MEDIUM	NO
2186852750	1835045239	козерог на автомобиль	1.0	0.0	0.0	1	NO	NO	NO	YES	5	0	1	LOW	NO
2186852750	1835045239	козерог на боковые зеркало	1.0	0.0	0.0	1	NO	NO	YES	NO	5	1	2	LOW	NO
2186852750	1835045239	козерог на зеркало фх	0.0	0.0	0.0	1	NO	YES	NO	NO	5	1	1	LOW	NO
2186852750	1835045239	козерог подарок	1.0	0.0	0.0	1	NO	NO	YES	NO	4	0	1	LOW	NO
2186852750	1835045239	козерог подвеска	57.0	0.0	0.0	1	YES	NO	NO	NO	5	0	1	LOW	NO
2186852750	1835045239	козерог подвеска мериада	0.0	0.0	0.0	1	NO	YES	NO	NO	5	1	1	LOW	NO
2186852750	1835045239	кулон зеркало оберег	57.0	0.0	0.0	1	YES	NO	NO	NO	2	2	1	LOW	NO
2186852750	1835045239	магическое зеркало	38.0	0.0	0.0	1	YES	NO	NO	NO	2	2	1	LOW	NO
2186852750	1835045239	на зеркало автомобиля подвеска красная	0.0	0.0	0.0	1	NO	YES	NO	NO	2	2	1	LOW	NO
2186852750	1835045239	оберег в машину	231.0	0.0	0.0	1	YES	NO	NO	NO	2	2	1	LOW	NO
2186852750	1835045239	оберег в машину ч кпп туз	1.0	0.0	0.0	1	NO	NO	YES	NO	2	2	1	LOW	NO
2186852750	1835045239	оберег на зеркало автомобиля	1.0	0.0	0.0	1	NO	NO	YES	NO	2	2	1	LOW	NO
2186852750	1835045239	оберег на руку мужской козерог	1.0	0.0	0.0	1	NO	NO	YES	NO	5	1	2	LOW	NO
2186852750	1835045239	оникс козерог	1.0	0.0	0.0	1	NO	NO	NO	YES	4	1	2	LOW	NO
2186852750	1835045239	подвеска в автомобиль	111.0	0.0	0.0	1	YES	NO	NO	NO	2	2	1	LOW	NO
2186852750	1835045239	подвеска в машину	2937.0	0.0	0.0	2	YES	NO	NO	YES	2	2	1	MEDIUM	YES
2186852750	1835045239	подвеска в машину бутцы арсенал	1.0	0.0	0.0	1	NO	NO	NO	YES	2	2	1	LOW	NO
2186852750	1835045239	подвеска в машину на зеркало спецназ внутренних войск	0.0	0.0	0.0	1	NO	NO	NO	YES	2	2	1	LOW	NO
2186852750	1835045239	подвеска в машину на зеркало юрта	0.0	0.0	0.0	1	NO	YES	NO	NO	2	2	1	LOW	NO
2186852750	1835045239	подвеска в машину подарок	1.0	0.0	0.0	1	NO	NO	YES	NO	2	2	1	LOW	NO
2186852750	1835045239	подвеска в машину фигурка дедпул	1.0	0.0	0.0	1	NO	NO	YES	NO	2	2	1	LOW	NO
2186852750	1835045239	подвеска зеркало из натурального	1.0	0.0	0.0	1	NO	NO	NO	YES	2	2	1	LOW	NO
2186852750	1835045239	подвеска зеркало магического	1.0	0.0	0.0	1	NO	NO	NO	YES	2	2	1	LOW	NO
2186852750	1835045239	подвеска коз	0.0	0.0	0.0	1	NO	YES	NO	NO	2	2	1	LOW	NO
2186852750	1835045239	подвеска козерог	116.0	0.0	0.0	1	YES	NO	NO	NO	5	0	1	LOW	NO
2186852750	1835045239	подвеска козерог карабин	0.0	0.0	0.0	1	NO	YES	NO	NO	5	1	2	LOW	NO
2186852750	1835045239	подвеска на зеркало автомобиля акула	0.0	0.0	0.0	1	NO	YES	NO	NO	2	2	1	LOW	NO
2186852750	1835045239	подвеска на зеркало в машину	1261.0	0.0	0.0	1	YES	NO	NO	NO	2	2	1	LOW	NO
2186852750	1835045239	подвеска на зеркало заднего вида в машину маска бдсм	1.0	0.0	0.0	1	NO	NO	NO	YES	2	2	1	LOW	NO
2186852750	1835045239	серьги с козерогом	1.0	0.0	0.0	1	NO	NO	YES	NO	1	1	0	LOW	NO
2186852750	1835045239	сувенир коза	44.0	0.0	0.0	1	YES	NO	NO	NO	0	2	0	LOW	NO
2186852750	1835045239	сувенирная хоккейная майка на зеркало в машину	1.0	0.0	0.0	1	NO	NO	NO	YES	2	2	1	LOW	NO
2186852750	1835045239	талисман	98.0	0.0	0.0	1	YES	NO	NO	NO	2	2	1	LOW	NO
2186852750	1835045239	тарелка козерог	1.0	0.0	0.0	1	NO	NO	NO	YES	4	1	2	LOW	NO
2186852750	1835045239	украшения обереги	1.0	0.0	0.0	1	NO	NO	NO	YES	2	2	1	LOW	NO
2186852750	1835045239	четки амулет в машину на удачу	1.0	0.0	0.0	1	NO	NO	YES	NO	2	2	1	LOW	NO
2186852750	1835045239	четки в автомобиль	178.0	0.0	0.0	1	YES	NO	NO	NO	2	2	1	LOW	NO
2186852750	1835045239	четки в машину	137.0	0.0	0.0	1	YES	NO	NO	NO	2	2	1	LOW	NO
2186852750	1835045239	четки на шею	13.0	0.0	0.0	1	NO	NO	YES	NO	2	2	1	LOW	NO
2186856503	1835048645	bimbo twins	4.0	0.0	0.0	1	NO	NO	YES	NO	0	2	0	LOW	NO
2186856503	1835048645	автомобильные принадлежности э	1.0	0.0	0.0	1	NO	NO	NO	YES	2	2	1	LOW	NO
2186856503	1835048645	аксессуар для автомобиля на зеркало подвеска	1.0	0.0	0.0	1	NO	NO	NO	YES	2	2	1	LOW	NO
2186856503	1835048645	аксессуары в машину подвеска на зеркало скорпион	1.0	0.0	0.0	1	NO	NO	NO	YES	0	0	0	LOW	NO
2186856503	1835048645	близнецы	426.0	0.0	0.0	1	YES	NO	NO	NO	4	0	1	LOW	NO
2186856503	1835048645	близнецы бусина	1.0	0.0	0.0	1	NO	NO	YES	NO	4	1	2	LOW	NO
2186856503	1835048645	близнецы оберег на машину на стекло из метала	1.0	0.0	0.0	1	NO	NO	NO	YES	5	1	2	LOW	NO
2186856503	1835048645	близнецы одежда	1.0	0.0	0.0	1	NO	NO	YES	NO	4	1	2	LOW	NO
2186856503	1835048645	близнецы подарок в машину	0.0	0.0	0.0	1	NO	YES	NO	NO	5	0	1	LOW	NO
2186856503	1835048645	браслет мужской для близнеца	0.0	0.0	0.0	1	NO	YES	NO	NO	1	1	0	LOW	NO
2186856503	1835048645	брелок в машину на зеркало	147.0	0.0	0.0	1	YES	NO	NO	NO	2	2	1	LOW	NO
2186856503	1835048645	в машину амулет	0.0	0.0	0.0	1	NO	NO	YES	NO	2	2	1	LOW	NO
2186856503	1835048645	в машину подвеска э	0.0	0.0	0.0	1	NO	YES	NO	NO	2	2	1	LOW	NO
2186856503	1835048645	висюлька в машину на зеркало мусульманская	1.0	0.0	0.0	1	NO	NO	NO	YES	2	2	1	LOW	NO
2186856503	1835048645	дева знак зодиака	147.0	0.0	0.0	1	YES	NO	NO	NO	0	0	1	LOW	NO
2186856503	1835048645	деревянные украшения на ст	0.0	0.0	0.0	1	NO	NO	YES	NO	2	2	1	LOW	NO
2186856503	1835048645	для машины подвеска	5.0	0.0	0.0	1	NO	NO	YES	NO	2	2	1	LOW	NO
2186856503	1835048645	знак зодиака дева	214.0	0.0	0.0	1	YES	NO	NO	NO	0	0	1	LOW	NO
2186856503	1835048645	крест в машину освященный православный на зеркало	1.0	0.0	0.0	1	NO	NO	NO	YES	0	0	0	LOW	NO
2186856503	1835048645	кулон близнец	0.0	0.0	0.0	1	NO	YES	NO	NO	1	1	0	LOW	NO
2186856503	1835048645	кулон дева в машину	0.0	0.0	0.0	1	NO	YES	NO	NO	0	0	1	LOW	NO
2186856503	1835048645	кулоны близницы	1.0	0.0	0.0	1	NO	NO	YES	NO	0	2	0	LOW	NO
2186856503	1835048645	на зеркало автомобиля подвеска красная	0.0	0.0	0.0	1	NO	YES	NO	NO	2	2	1	LOW	NO
2186856503	1835048645	на зеркало в машину подвеска	308.0	0.0	0.0	1	YES	NO	NO	NO	2	2	1	LOW	NO
2186856503	1835048645	на зеркало в машину подвеска женская сердечко сере	1.0	0.0	0.0	1	NO	NO	NO	YES	2	2	1	LOW	NO
2186856503	1835048645	на машину подвеска женская	0.0	0.0	0.0	2	NO	YES	NO	YES	2	2	1	MEDIUM	NO
2186856503	1835048645	набор для близнеца	0.0	0.0	0.0	1	NO	YES	NO	NO	1	0	0	LOW	NO
2186856503	1835048645	оберег	158.0	0.0	0.0	1	YES	NO	NO	NO	2	2	1	LOW	NO
2186856503	1835048645	оберег в машину	273.0	0.0	0.0	1	YES	NO	NO	NO	2	2	1	LOW	NO
2186856503	1835048645	оберег в машину на зеркало женский	0.0	0.0	0.0	1	NO	YES	NO	NO	2	2	1	LOW	NO
2186856503	1835048645	оберег для близнецов	3.0	0.0	0.0	1	NO	NO	NO	YES	1	0	0	LOW	NO
2186856503	1835048645	оберег на зеркало в машину мужской	1.0	0.0	0.0	1	NO	NO	YES	NO	2	2	1	LOW	NO
2186856503	1835048645	оберег подвеска в машину весы	1.0	0.0	0.0	1	NO	NO	NO	YES	0	0	0	LOW	NO
2186856503	1835048645	подвеска близнецы	101.0	0.0	0.0	2	YES	NO	YES	NO	5	0	1	MEDIUM	NO
2186856503	1835048645	подвеска в авто на зеркало большая	1.0	0.0	0.0	1	NO	NO	NO	YES	2	2	1	LOW	NO
2186856503	1835048645	подвеска в автомобиль	367.0	0.0	0.0	1	YES	NO	NO	NO	2	2	1	LOW	NO
2186856503	1835048645	подвеска в машин	0.0	0.0	0.0	1	NO	YES	NO	NO	2	2	1	LOW	NO
2186856503	1835048645	подвеска в машину	6881.0	0.0	0.0	1	YES	NO	NO	NO	2	2	1	LOW	NO
2186856503	1835048645	подвеска в машину ведьмочка на метле на пружинке	1.0	0.0	0.0	1	NO	NO	YES	NO	2	2	1	LOW	NO
2186856503	1835048645	подвеска в машину на зеркало	6478.0	0.0	0.0	1	YES	NO	NO	NO	2	2	1	LOW	NO
2186856503	1835048645	подвеска в машину на зеркало в грузовик	0.0	0.0	0.0	1	NO	YES	NO	NO	2	2	1	LOW	NO
2186856503	1835048645	подвеска в машину на зеркало мех	0.0	0.0	0.0	1	NO	YES	NO	NO	2	2	1	LOW	NO
2186856503	1835048645	подвеска в машину талисман	1.0	0.0	0.0	1	NO	NO	YES	NO	2	2	1	LOW	NO
2186856503	1835048645	подвеска колесо в машину на зеркало	1.0	0.0	0.0	1	NO	NO	YES	NO	2	2	1	LOW	NO
2186856503	1835048645	подвеска на авто зеркало	1.0	0.0	0.0	1	NO	NO	NO	YES	2	2	1	LOW	NO
2186856503	1835048645	подвеска на зеркало в автомобиль	8.0	0.0	0.0	1	NO	NO	NO	YES	2	2	1	LOW	NO
2186856503	1835048645	подвеска на зеркало в машину	1203.0	0.0	0.0	1	YES	NO	NO	NO	2	2	1	LOW	NO
2186856503	1835048645	подвеска на зеркало в машину близнец	0.0	0.0	0.0	1	NO	YES	NO	NO	1	0	0	LOW	NO
2186856503	1835048645	подвеска на зеркало в машину боксерские перчатки lada samara	1.0	0.0	0.0	1	NO	NO	NO	YES	2	2	1	LOW	NO
2186856503	1835048645	подвеска на зеркало в машину индейцы	0.0	0.0	0.0	1	NO	YES	NO	NO	2	2	1	LOW	NO
2186856503	1835048645	подвеска на машину	90.0	0.0	0.0	1	YES	NO	NO	NO	2	2	1	LOW	NO
2186856503	1835048645	подвеска скорпион в машину на зеркало	1.0	0.0	0.0	1	NO	NO	YES	NO	0	0	0	LOW	NO
2186856503	1835048645	подвеска со стразами в машину на зеркало	1.0	0.0	0.0	1	NO	NO	YES	NO	2	2	1	LOW	NO
2186856503	1835048645	подставка близнец	1.0	0.0	0.0	1	NO	NO	YES	NO	1	1	0	LOW	NO
2186856503	1835048645	талисман	98.0	0.0	0.0	1	YES	NO	NO	NO	2	2	1	LOW	NO
2186856503	1835048645	термонаклейка блищнецы	0.0	0.0	0.0	1	NO	YES	NO	NO	0	2	0	LOW	NO
2186856503	1835048645	украшения обереги	1.0	0.0	0.0	1	NO	NO	NO	YES	2	2	1	LOW	NO
2186856503	1835048645	четки в машину	137.0	0.0	0.0	1	YES	NO	NO	NO	2	2	1	LOW	NO
2186857668	1835050645	94049007 подвеска лев	1.0	0.0	0.0	1	NO	NO	YES	NO	5	1	2	LOW	NO
2186857668	1835050645	автомобиль кулон	2.0	0.0	0.0	1	NO	NO	NO	YES	2	2	1	LOW	NO
2186857668	1835050645	ак барс брелок в машину на зеркало	1.0	0.0	0.0	1	NO	NO	YES	NO	2	2	1	LOW	NO
2186857668	1835050645	аксессуары в машину подвесаа зеркал барабан	0.0	0.0	0.0	2	NO	YES	NO	YES	2	2	1	MEDIUM	NO
2186857668	1835050645	амулет на шею зеркало	1.0	0.0	0.0	1	NO	NO	YES	NO	2	2	1	LOW	NO
2186857668	1835050645	амулеты обереги и талисманы	0.0	0.0	0.0	1	NO	YES	NO	NO	2	2	1	LOW	NO
2186857668	1835050645	амулеты обереги и талисманы зеркалр	0.0	0.0	0.0	1	NO	YES	NO	NO	2	2	1	LOW	NO
2186857668	1835050645	аодвеска зеркало	0.0	0.0	0.0	1	NO	YES	NO	NO	2	2	1	LOW	NO
2186857668	1835050645	арома четки в машину	1.0	0.0	0.0	1	NO	NO	NO	YES	2	2	1	LOW	NO
2186857668	1835050645	бомбический оберег в машину на зеркало	1.0	0.0	0.0	1	NO	NO	NO	YES	2	2	1	LOW	NO
2186857668	1835050645	брелок авто талисман	0.0	0.0	0.0	1	NO	YES	NO	NO	2	2	1	LOW	NO
2186857668	1835050645	бусина лев знак зодиака оберег	0.0	0.0	0.0	1	NO	YES	NO	NO	5	1	1	LOW	NO
2186857668	1835050645	бусины для подвески на зеркало в машину	0.0	0.0	0.0	1	NO	YES	NO	NO	2	2	1	LOW	NO
2186857668	1835050645	в машину подвеска в салон	2.0	0.0	0.0	1	NO	NO	YES	NO	2	2	1	LOW	NO
2186857668	1835050645	в машину подвеска лев	0.0	0.0	0.0	1	NO	YES	NO	NO	5	0	2	LOW	NO
2186857668	1835050645	висюлька в машину на зеркало мусульманская на грузовую	0.0	0.0	0.0	1	NO	YES	NO	NO	2	2	1	LOW	NO
2186857668	1835050645	висюльки для авто на зеркало знак зодиака лев	0.0	0.0	0.0	1	NO	YES	NO	NO	5	1	1	LOW	NO
2186857668	1835050645	герб россии на зеркало деревянный в машину	1.0	0.0	0.0	1	NO	NO	YES	NO	0	0	0	LOW	NO
2186857668	1835050645	год оф ва на зеркало в машину	1.0	0.0	0.0	1	NO	NO	NO	YES	2	2	1	LOW	NO
2186857668	1835050645	декоротивная подвеска в авто	1.0	0.0	0.0	1	NO	NO	YES	NO	2	2	1	LOW	NO
2186857668	1835050645	деревянная подвеска для кулона	1.0	0.0	0.0	1	NO	NO	NO	YES	2	2	1	LOW	NO
2186857668	1835050645	деревянные знаки зодиака на шею	0.0	0.0	0.0	1	NO	YES	NO	NO	3	2	1	LOW	NO
2186857668	1835050645	зеркало	8794.0	0.0	0.0	1	YES	NO	NO	NO	2	2	1	LOW	NO
2186857668	1835050645	зеркало лев	2.0	0.0	0.0	1	NO	NO	NO	YES	5	0	2	LOW	NO
2186857668	1835050645	зеркало параболическое для праворульных машин	1.0	0.0	0.0	1	NO	NO	YES	NO	2	2	1	LOW	NO
2186857668	1835050645	зеркало подвеска оберег	1.0	0.0	0.0	1	NO	NO	NO	YES	2	2	1	LOW	NO
2186857668	1835050645	зеркальце оберег	3.0	0.0	0.0	1	NO	NO	YES	NO	2	2	1	LOW	NO
2186857668	1835050645	знак зодиака лев	285.0	0.0	0.0	1	YES	NO	NO	NO	5	0	1	LOW	NO
2186857668	1835050645	знак зодиака лев муж	0.0	0.0	0.0	1	NO	YES	NO	NO	5	1	2	LOW	NO
2186857668	1835050645	знак туфелька блестящая на машину	0.0	0.0	0.0	1	NO	YES	NO	NO	2	2	1	LOW	NO
2186857668	1835050645	знаки зодиака	275.0	0.0	0.0	1	YES	NO	NO	NO	3	2	1	LOW	NO
2186857668	1835050645	крест в машину	278.0	0.0	0.0	1	YES	NO	NO	NO	0	0	0	LOW	NO
2186857668	1835050645	крест в машину на зеркало не доинный	1.0	0.0	0.0	1	NO	NO	NO	YES	0	0	0	LOW	NO
2186857668	1835050645	крест славянский оберег	1.0	0.0	0.0	1	NO	NO	NO	YES	0	0	0	LOW	NO
2186857668	1835050645	лев	4058.0	0.0	681.0	2	YES	NO	YES	NO	4	0	1	MEDIUM	NO
2186857668	1835050645	на зеркало авто подвеска	16.0	0.0	0.0	1	NO	NO	YES	NO	2	2	1	LOW	NO
2186857668	1835050645	на зеркало автомобиля подвеска красная	0.0	0.0	0.0	1	NO	YES	NO	NO	2	2	1	LOW	NO
2186857668	1835050645	на зеркало в машину	26.0	0.0	0.0	1	NO	NO	NO	YES	2	2	1	LOW	NO
2186857668	1835050645	оберег	1120.0	0.0	0.0	1	YES	NO	NO	NO	2	2	1	LOW	NO
2186857668	1835050645	оберег в машину	1190.0	0.0	0.0	1	YES	NO	NO	NO	2	2	1	LOW	NO
2186857668	1835050645	оберег в машину види сердца	1.0	0.0	0.0	1	NO	NO	YES	NO	2	2	1	LOW	NO
2186857668	1835050645	оберег для машины мужской на зеркало	1.0	0.0	0.0	1	NO	NO	YES	NO	2	2	1	LOW	NO
2186857668	1835050645	оберег на шею славянский	2.0	0.0	0.0	1	NO	NO	YES	NO	0	0	0	LOW	NO
2186857668	1835050645	подвеска в автомобиль на зеркало	415.0	0.0	0.0	2	YES	NO	YES	NO	2	2	1	MEDIUM	NO
2186857668	1835050645	подвеска в машину	7092.0	0.0	0.0	2	YES	NO	NO	YES	2	2	1	MEDIUM	YES
2186857668	1835050645	подвеска в машину на зеркало	4758.0	0.0	0.0	2	YES	YES	NO	NO	2	2	1	MEDIUM	YES
2186857668	1835050645	подвеска в машину на зеркало череп	4.0	0.0	0.0	1	NO	NO	NO	YES	2	2	1	LOW	NO
2186857668	1835050645	подвеска лев	280.0	0.0	0.0	1	YES	NO	NO	NO	5	0	1	LOW	NO
2186857668	1835050645	подвеска на зеркало в машину	1334.0	0.0	0.0	1	YES	NO	NO	NO	2	2	1	LOW	NO
2186857668	1835050645	подвеска славянский оберег	1.0	0.0	0.0	1	NO	NO	NO	YES	0	0	0	LOW	NO
2186857668	1835050645	талисман	289.0	0.0	0.0	1	YES	NO	NO	NO	2	2	1	LOW	NO
2186857668	1835050645	четки в автомобиль	381.0	0.0	0.0	1	YES	NO	NO	NO	2	2	1	LOW	NO
2186857668	1835050645	четки в машину	2381.0	0.0	644.0	2	YES	NO	YES	NO	2	2	1	MEDIUM	NO
2186857668	1835050645	четки оберег в машину	2.0	0.0	0.0	1	NO	NO	NO	YES	2	2	1	LOW	NO
2186865070	1835063317	брелок в машину знак зодиака дева	1.0	0.0	778.0	1	NO	NO	YES	NO	5	1	2	LOW	NO
2186865070	1835063317	брелок в машину на зеркало подвеска	1.0	0.0	0.0	1	NO	NO	YES	NO	2	2	1	LOW	NO
2186865070	1835063317	бусы оберег	0.0	0.0	0.0	1	NO	YES	NO	NO	2	2	1	LOW	NO
2186865070	1835063317	в машину для дев	0.0	0.0	0.0	1	NO	YES	NO	NO	2	2	1	LOW	NO
2186865070	1835063317	дева	1858.0	0.0	0.0	1	YES	NO	NO	NO	4	0	1	LOW	NO
2186865070	1835063317	дева знак зодиака	127.0	0.0	0.0	1	YES	NO	NO	NO	5	0	1	LOW	NO
2186865070	1835063317	джиу джитсу на машину подвеска на зеркало	1.0	0.0	0.0	1	NO	NO	NO	YES	2	2	1	LOW	NO
2186865070	1835063317	для машины деву	0.0	0.0	0.0	1	NO	YES	NO	NO	2	2	1	LOW	NO
2186865070	1835063317	зеркало оберег на шею	5.0	0.0	0.0	1	NO	NO	NO	YES	2	2	1	LOW	NO
2186865070	1835063317	зеркальный амудет	1.0	0.0	0.0	1	NO	NO	YES	NO	2	2	1	LOW	NO
2186865070	1835063317	знак дева обвес на телефон	1.0	0.0	0.0	1	NO	NO	NO	YES	4	1	2	LOW	NO
2186865070	1835063317	знак зодиака дева	209.0	0.0	0.0	1	YES	NO	NO	NO	5	0	1	LOW	NO
2186865070	1835063317	знак зодиака дева прикол	1.0	0.0	0.0	1	NO	NO	NO	YES	5	1	2	LOW	NO
2186865070	1835063317	знаки зодиака дева мужчине	1.0	0.0	0.0	1	NO	NO	YES	NO	5	0	2	LOW	NO
2186865070	1835063317	из дерева подвеска	0.0	0.0	0.0	1	NO	YES	NO	NO	2	2	1	LOW	NO
2186865070	1835063317	камень талисман в машину	0.0	0.0	0.0	1	NO	YES	NO	NO	2	2	1	LOW	NO
2186865070	1835063317	кулон дева в машину	0.0	0.0	0.0	1	NO	YES	NO	NO	5	1	1	LOW	NO
2186865070	1835063317	ловец снов в машину	131.0	0.0	0.0	1	YES	NO	NO	NO	2	2	1	LOW	NO
2186865070	1835063317	магический амулет , оберег	6.0	0.0	0.0	1	NO	NO	NO	YES	2	2	1	LOW	NO
2186865070	1835063317	майки со знаком зодиака дева	1.0	0.0	0.0	1	NO	NO	YES	NO	5	1	2	LOW	NO
2186865070	1835063317	мусульманский оберег в машину	11.0	0.0	0.0	1	NO	NO	NO	YES	2	2	1	LOW	NO
2186865070	1835063317	оберег	158.0	0.0	0.0	1	YES	NO	NO	NO	2	2	1	LOW	NO
2186865070	1835063317	оберег в машину	259.0	0.0	0.0	1	YES	NO	NO	NO	2	2	1	LOW	NO
2186865070	1835063317	оберег для дева	0.0	0.0	0.0	1	NO	YES	NO	NO	5	0	1	LOW	NO
2186865070	1835063317	оберег для знака дева	2.0	0.0	0.0	1	NO	NO	NO	YES	5	1	1	LOW	NO
2186865070	1835063317	оберег для сестры знак зодиака дева	1.0	0.0	0.0	1	NO	NO	NO	YES	5	1	2	LOW	NO
2186865070	1835063317	подарок для девы	307.0	0.0	0.0	1	YES	NO	NO	NO	0	2	0	LOW	NO
2186865070	1835063317	подвеска амулет дева	1.0	0.0	0.0	1	NO	NO	NO	YES	5	0	1	LOW	NO
2186865070	1835063317	подвеска амулет знак зодиака дева с натуральным чароитом	0.0	0.0	0.0	1	NO	YES	NO	NO	5	1	2	LOW	NO
2186865070	1835063317	подвеска в машину	3171.0	0.0	0.0	1	YES	NO	NO	NO	2	2	1	LOW	NO
2186865070	1835063317	подвеска в машину дева	5.0	0.0	654.0	1	NO	NO	YES	NO	5	0	1	LOW	NO
2186865070	1835063317	подвеска в машину на зеркало	1289.0	0.0	0.0	1	YES	NO	NO	NO	2	2	1	LOW	NO
2186865070	1835063317	подвеска в машину на зеркало в грузовик	0.0	0.0	0.0	1	NO	YES	NO	NO	2	2	1	LOW	NO
2186865070	1835063317	подвеска в машину на зеркало вв мвд	1.0	0.0	0.0	1	NO	NO	YES	NO	2	2	1	LOW	NO
2186865070	1835063317	подвеска в машину на зеркало звезда	1.0	0.0	0.0	1	NO	NO	YES	NO	0	0	0	LOW	NO
2186865070	1835063317	подвеска в машину на зеркало мех	0.0	0.0	0.0	1	NO	YES	NO	NO	2	2	1	LOW	NO
2186865070	1835063317	подвеска в машину на зеркало оберег	3.0	0.0	0.0	1	NO	NO	YES	NO	2	2	1	LOW	NO
2186865070	1835063317	подвеска в машину на зеркало шкода	1.0	0.0	0.0	1	NO	NO	YES	NO	2	2	1	LOW	NO
2186865070	1835063317	подвеска в машину на зеркало юрта	0.0	0.0	0.0	1	NO	YES	NO	NO	2	2	1	LOW	NO
2186865070	1835063317	подвеска дева	350.0	0.0	0.0	1	YES	NO	NO	NO	5	0	1	LOW	NO
2186865070	1835063317	подвеска на зеркало	81.0	0.0	0.0	1	NO	NO	NO	YES	2	2	1	LOW	NO
2186865070	1835063317	подвеска на зеркало автомобиля акула	0.0	0.0	0.0	1	NO	YES	NO	NO	2	2	1	LOW	NO
2186865070	1835063317	подвеска на зеркало автомобиля дева	0.0	0.0	0.0	1	NO	YES	NO	NO	5	1	2	LOW	NO
2186865070	1835063317	подвеска на зеркало в машину	1334.0	0.0	0.0	1	YES	NO	NO	NO	2	2	1	LOW	NO
2186865070	1835063317	подвеска на зеркало в машину воровская звезда	1.0	0.0	0.0	1	NO	NO	NO	YES	0	0	0	LOW	NO
2186865070	1835063317	подвеска на зеркало в машину купола	1.0	0.0	0.0	1	NO	NO	NO	YES	2	2	1	LOW	NO
2186865070	1835063317	подвеска на зеркало в машину нисан	1.0	0.0	0.0	1	NO	NO	YES	NO	2	2	1	LOW	NO
2186865070	1835063317	подвеска на зеркало в машину рыба	1.0	0.0	0.0	1	NO	NO	YES	NO	2	2	1	LOW	NO
2186865070	1835063317	подвеска с зеркалом дерево	1.0	0.0	0.0	1	NO	NO	NO	YES	2	2	1	LOW	NO
2186865070	1835063317	подушка в машину дева	0.0	0.0	0.0	1	NO	YES	NO	NO	5	1	1	LOW	NO
2186865070	1835063317	прикол в машину талисман	1.0	0.0	0.0	1	NO	NO	YES	NO	2	2	1	LOW	NO
2186865070	1835063317	талисман	306.0	0.0	0.0	1	YES	NO	NO	NO	2	2	1	LOW	NO
2186865070	1835063317	талисман дева	7.0	0.0	0.0	1	NO	NO	NO	YES	5	0	1	LOW	NO
2186865070	1835063317	талисман для девы мужской	1.0	0.0	0.0	1	NO	NO	NO	YES	2	2	1	LOW	NO
2186865070	1835063317	фигурка в машину дева	0.0	0.0	0.0	1	NO	YES	NO	NO	5	1	1	LOW	NO
2186865070	1835063317	четки в автомобиль	370.0	0.0	0.0	1	YES	NO	NO	NO	2	2	1	LOW	NO
2186865070	1835063317	четки в виде	1.0	0.0	0.0	1	NO	NO	YES	NO	2	2	1	LOW	NO
2186865070	1835063317	четки в машину	867.0	0.0	0.0	1	YES	NO	NO	NO	2	2	1	LOW	NO
2186865070	1835063317	четки в машину женские	1.0	0.0	0.0	1	NO	NO	YES	NO	2	2	1	LOW	NO
2186865070	1835063317	энергетик	7321.0	0.0	0.0	1	YES	NO	NO	NO	0	2	0	LOW	NO
2271188511	1947980208	monster energy подвеска на зеркало в машину	1.0	0.0	0.0	1	NO	NO	YES	NO	2	2	1	LOW	NO
2271188511	1947980208	автоподвеска на зеркало авто для женщин	0.0	0.0	0.0	1	NO	YES	NO	NO	2	2	1	LOW	NO
2271188511	1947980208	амулет в машину на зеркало	24.0	0.0	0.0	1	NO	NO	YES	NO	2	2	1	LOW	NO
2271188511	1947980208	амулет для автомобиля в машину на зеркало	2.0	0.0	0.0	1	NO	NO	YES	NO	2	2	1	LOW	NO
2271188511	1947980208	амулет для львп	1.0	0.0	0.0	1	NO	NO	YES	NO	2	2	1	LOW	NO
2271188511	1947980208	амулет для машины подвеска	1.0	0.0	0.0	1	NO	NO	YES	NO	2	2	1	LOW	NO
2271188511	1947980208	амулет зеркало мужской	1.0	0.0	0.0	1	NO	NO	NO	YES	2	2	1	LOW	NO
2271188511	1947980208	амулет на удачу в машину	1.0	0.0	0.0	1	NO	NO	YES	NO	2	2	1	LOW	NO
2271188511	1947980208	амулет с зеркалом подвеска	1.0	0.0	0.0	1	NO	NO	NO	YES	2	2	1	LOW	NO
2271188511	1947980208	амулеты обереги и талисманы	294.0	0.0	0.0	2	YES	YES	NO	NO	2	2	1	MEDIUM	YES
2271188511	1947980208	амулеты обереги и талисманы зеркалр	0.0	0.0	0.0	1	NO	YES	NO	NO	2	2	1	LOW	NO
2271188511	1947980208	аодвеска зеркало	0.0	0.0	0.0	1	NO	YES	NO	NO	2	2	1	LOW	NO
2271188511	1947980208	ароматизатор в машину шайба повесить на зеркало	1.0	0.0	0.0	1	NO	NO	NO	YES	2	2	1	LOW	NO
2271188511	1947980208	брелок артиллерия в машину на зеркало пушка	1.0	0.0	0.0	1	NO	NO	YES	NO	2	2	1	LOW	NO
2271188511	1947980208	брелок в машину на зеркало	302.0	0.0	0.0	1	YES	NO	NO	NO	2	2	1	LOW	NO
2271188511	1947980208	брелок в машину на зеркало пушистики	0.0	0.0	0.0	1	NO	YES	NO	NO	2	2	1	LOW	NO
2271188511	1947980208	брелок в машину на зеркало славянский	1.0	0.0	0.0	1	NO	NO	YES	NO	0	0	0	LOW	NO
2271188511	1947980208	брелок знаки зодиака лев	0.0	0.0	0.0	1	NO	NO	YES	NO	5	1	2	LOW	NO
2271188511	1947980208	брелок на зеркало в машину фемида	0.0	0.0	0.0	1	NO	YES	NO	NO	2	2	1	LOW	NO
2271188511	1947980208	брелок талисман лев в машину	0.0	0.0	0.0	1	NO	YES	NO	NO	5	1	2	LOW	NO
2271188511	1947980208	бусина лев знак зодиака оберег	0.0	0.0	0.0	1	NO	YES	NO	NO	5	1	1	LOW	NO
2271188511	1947980208	в машину	559.0	0.0	0.0	1	YES	NO	NO	NO	2	2	1	LOW	NO
2271188511	1947980208	в машину амулет	0.0	0.0	0.0	2	NO	YES	NO	YES	2	2	1	MEDIUM	NO
2271188511	1947980208	в машину красивую подвеску с нашим триколором	1.0	0.0	0.0	1	NO	NO	YES	NO	2	2	1	LOW	NO
2271188511	1947980208	в машину мужчине амулет	1.0	0.0	0.0	1	NO	NO	YES	NO	2	2	1	LOW	NO
2271188511	1947980208	висюлька в машину на зеркало девушка на качельке	1.0	0.0	0.0	1	NO	NO	NO	YES	2	2	1	LOW	NO
2271188511	1947980208	висюльки диско шар в машину на зеркало	1.0	0.0	0.0	1	NO	NO	YES	NO	2	2	1	LOW	NO
2271188511	1947980208	висюльки для авто на зеркало знак зодиака лев	0.0	0.0	0.0	1	NO	YES	NO	NO	5	1	1	LOW	NO
2271188511	1947980208	голая жеещина подвеска в машину	1.0	0.0	0.0	1	NO	NO	NO	YES	2	2	1	LOW	NO
2271188511	1947980208	девушка в авто назеркало	1.0	0.0	0.0	1	NO	NO	NO	YES	2	2	1	LOW	NO
2271188511	1947980208	демон на машину подвеска на стекло маленькие	0.0	0.0	0.0	1	NO	YES	NO	NO	2	2	1	LOW	NO
2271188511	1947980208	джиу джитсу на машину подвеска на зеркало	1.0	0.0	0.0	1	NO	NO	NO	YES	2	2	1	LOW	NO
2271188511	1947980208	для салона машины подвеска	0.0	0.0	0.0	1	NO	YES	NO	NO	2	2	1	LOW	NO
2271188511	1947980208	дьявол игрушка страшная в машину на зеркало	1.0	0.0	0.0	1	NO	NO	NO	YES	2	2	1	LOW	NO
2271188511	1947980208	знак задиа лев	0.0	0.0	0.0	1	NO	YES	NO	NO	4	1	2	LOW	NO
2271188511	1947980208	знак зодиака лев	242.0	0.0	0.0	1	YES	NO	NO	NO	5	0	1	LOW	NO
2271188511	1947980208	знак зодиака лев мужчина	0.0	0.0	0.0	1	NO	YES	NO	NO	5	1	2	LOW	NO
2271188511	1947980208	игрушка талисман в машину	1.0	0.0	0.0	1	NO	NO	NO	YES	2	2	1	LOW	NO
2271188511	1947980208	лев	1884.0	0.0	0.0	1	YES	NO	NO	NO	4	0	1	LOW	NO
2271188511	1947980208	ловец снов в машину	357.0	0.0	0.0	1	YES	NO	NO	NO	2	2	1	LOW	NO
2271188511	1947980208	на зеркало в машину подвеска	372.0	0.0	0.0	1	YES	NO	NO	NO	2	2	1	LOW	NO
2271188511	1947980208	наблр для творчества знако зодиака	1.0	0.0	0.0	1	NO	NO	NO	YES	3	2	1	LOW	NO
2271188511	1947980208	оберег	950.0	0.0	0.0	1	YES	NO	NO	NO	2	2	1	LOW	NO
2271188511	1947980208	оберег в машину мусульманский четки	1.0	0.0	0.0	1	NO	NO	NO	YES	2	2	1	LOW	NO
2271188511	1947980208	оберег в машину славянский	3.0	0.0	0.0	1	NO	NO	NO	YES	0	0	1	LOW	NO
2271188511	1947980208	повеска в машину	2.0	0.0	0.0	1	NO	NO	YES	NO	2	2	1	LOW	NO
2271188511	1947980208	подвеска в автомобиль	481.0	0.0	0.0	1	YES	NO	NO	NO	2	2	1	LOW	NO
2271188511	1947980208	подвеска в автомобиль на зеркало	374.0	0.0	0.0	1	YES	NO	NO	NO	2	2	1	LOW	NO
2271188511	1947980208	подвеска в машину	7092.0	0.0	0.0	1	YES	NO	NO	NO	2	2	1	LOW	NO
2271188511	1947980208	подвеска в машину на зеркало	6256.0	0.0	0.0	1	YES	NO	NO	NO	2	2	1	LOW	NO
2271188511	1947980208	подвеска в машину на зеркало девушке	0.0	0.0	0.0	1	NO	YES	NO	NO	2	2	1	LOW	NO
2271188511	1947980208	подвеска мужская	2524.0	0.0	0.0	1	YES	NO	NO	NO	2	2	1	LOW	NO
2271188511	1947980208	подвеска на зеркало в машину	1288.0	0.0	0.0	1	YES	NO	NO	NO	2	2	1	LOW	NO
2271188511	1947980208	подвески знаки зодиака	3.0	0.0	0.0	1	NO	NO	NO	YES	3	2	1	LOW	NO
2271188511	1947980208	подвестка в машину	21.0	0.0	0.0	1	NO	NO	YES	NO	2	2	1	LOW	NO
2271188511	1947980208	славянский оберег подвеска	3.0	0.0	0.0	1	NO	NO	NO	YES	0	0	1	LOW	NO
2271188511	1947980208	четки в машину	973.0	0.0	0.0	1	YES	NO	NO	NO	2	2	1	LOW	NO
2271188511	1947980208	четки для знака зодиака лев мужчине в подарочной упаковке	1.0	0.0	781.0	1	NO	NO	YES	NO	5	1	2	LOW	NO
2271210394	1948032144	no pasaran подвеска в машину	1.0	0.0	0.0	1	NO	NO	NO	YES	2	2	1	LOW	NO
2271210394	1948032144	автоподвеска мужска	0.0	0.0	0.0	1	NO	YES	NO	NO	2	2	1	LOW	NO
2271210394	1948032144	автоподвеска на зеркало авто для женщин	0.0	0.0	0.0	1	NO	YES	NO	NO	2	2	1	LOW	NO
2271210394	1948032144	амулет скорпион на шею талисман	1.0	0.0	0.0	1	NO	NO	NO	YES	0	0	0	LOW	NO
2271210394	1948032144	амулеты обереги и талисманы	109.0	0.0	0.0	1	YES	NO	NO	NO	2	2	1	LOW	NO
2271210394	1948032144	близнец подвеска	1.0	0.0	0.0	1	NO	NO	YES	NO	1	0	0	LOW	NO
2271210394	1948032144	близнецы	574.0	0.0	0.0	1	YES	NO	NO	NO	4	0	1	LOW	NO
2271210394	1948032144	близнецы в машину подвеска в салон	1.0	0.0	0.0	1	NO	NO	YES	NO	5	0	2	LOW	NO
2271210394	1948032144	близнецы для рукоделия	1.0	0.0	0.0	1	NO	NO	YES	NO	4	1	2	LOW	NO
2271210394	1948032144	близнецы мужчина	1.0	0.0	0.0	1	NO	NO	YES	NO	4	1	2	LOW	NO
2271210394	1948032144	близнецы на лобовое	1.0	0.0	0.0	1	NO	NO	NO	YES	4	1	2	LOW	NO
2271210394	1948032144	браслет талисман для женщины близнеца	1.0	0.0	0.0	1	NO	NO	YES	NO	1	1	0	LOW	NO
2271210394	1948032144	брелок близнецы плоский	0.0	0.0	0.0	1	NO	YES	NO	NO	4	1	2	LOW	NO
2271210394	1948032144	брелок в машину на зеркало	147.0	0.0	0.0	1	YES	NO	NO	NO	2	2	1	LOW	NO
2271210394	1948032144	брелок в машину на зеркало пушистики	0.0	0.0	0.0	1	NO	YES	NO	NO	2	2	1	LOW	NO
2271210394	1948032144	брелок в машину на зеркало четки	1.0	0.0	0.0	1	NO	NO	YES	NO	2	2	1	LOW	NO
2271210394	1948032144	бусы в машину на зеркало тюремные	1.0	0.0	0.0	1	NO	NO	NO	YES	2	2	1	LOW	NO
2271210394	1948032144	бусы оберег	0.0	0.0	0.0	1	NO	YES	NO	NO	2	2	1	LOW	NO
2271210394	1948032144	в машину женщине подвеска	0.0	0.0	0.0	1	NO	YES	NO	NO	2	2	1	LOW	NO
2271210394	1948032144	в машину подвеска	137.0	0.0	0.0	1	YES	NO	NO	NO	2	2	1	LOW	NO
2271210394	1948032144	висюльки на зеркало в машину мужское лицо	1.0	0.0	0.0	1	NO	NO	NO	YES	2	2	1	LOW	NO
2271210394	1948032144	висючка в машину на зеркало люстра	0.0	0.0	0.0	1	NO	YES	NO	NO	2	2	1	LOW	NO
2271210394	1948032144	вольного борца подвеска в машину	1.0	0.0	0.0	1	NO	NO	NO	YES	2	2	1	LOW	NO
2271210394	1948032144	декоративная подвеска в машину	1.0	0.0	0.0	1	NO	NO	YES	NO	2	2	1	LOW	NO
2271210394	1948032144	демон на машину подвеска на стекло маленькие	0.0	0.0	0.0	1	NO	YES	NO	NO	2	2	1	LOW	NO
2271210394	1948032144	для гаданий зеркало	1.0	0.0	0.0	1	NO	NO	NO	YES	2	2	1	LOW	NO
2271210394	1948032144	дорожный знак в авто	0.0	0.0	0.0	1	NO	YES	NO	NO	2	2	1	LOW	NO
2271210394	1948032144	зеркало на праворукую машину на встречку	0.0	0.0	0.0	1	NO	YES	NO	NO	2	2	1	LOW	NO
2271210394	1948032144	знак атлантов	7.0	0.0	0.0	1	NO	NO	NO	YES	0	2	0	LOW	NO
2271210394	1948032144	знак зеркальный	2.0	0.0	0.0	1	NO	NO	YES	NO	2	2	1	LOW	NO
2271210394	1948032144	знак туфелька блестящая на машину	0.0	0.0	0.0	1	NO	NO	YES	NO	2	2	1	LOW	NO
2271210394	1948032144	игрушка на зеркало в машину пачка сигарет	0.0	0.0	0.0	1	NO	YES	NO	NO	2	2	1	LOW	NO
2271210394	1948032144	камни близнец знак зодиака	1.0	0.0	0.0	1	NO	NO	NO	YES	3	1	1	LOW	NO
2271210394	1948032144	колье близнецы на шею	1.0	0.0	0.0	1	NO	NO	YES	NO	4	1	2	LOW	NO
2271210394	1948032144	коробочка в машину	2.0	0.0	0.0	1	NO	NO	NO	YES	2	2	1	LOW	NO
2271210394	1948032144	кулон в машину женский на зеркало	1.0	0.0	0.0	1	NO	NO	NO	YES	2	2	1	LOW	NO
2271210394	1948032144	кулончик с машинкой	0.0	0.0	0.0	1	NO	YES	NO	NO	2	2	1	LOW	NO
2271210394	1948032144	маска близнецы	1.0	0.0	0.0	1	NO	NO	NO	YES	4	1	2	LOW	NO
2271210394	1948032144	мусульманский талисман нс зеркало	1.0	0.0	0.0	1	NO	NO	YES	NO	2	2	1	LOW	NO
2271210394	1948032144	на зеркало автомобиля подвеска	39.0	0.0	0.0	1	NO	NO	NO	YES	2	2	1	LOW	NO
2271210394	1948032144	необычный обвес в машину на зеркало	0.0	0.0	0.0	1	NO	YES	NO	NO	2	2	1	LOW	NO
2271210394	1948032144	оберег	774.0	0.0	0.0	1	YES	NO	NO	NO	2	2	1	LOW	NO
2271210394	1948032144	оберег в машину	300.0	0.0	0.0	1	YES	NO	NO	NO	2	2	1	LOW	NO
2271210394	1948032144	оберег в машину на зеркало женский	0.0	0.0	0.0	1	NO	YES	NO	NO	2	2	1	LOW	NO
2271210394	1948032144	оберег мусульманский в машину в форме звезды	0.0	0.0	0.0	1	NO	YES	NO	NO	2	2	1	LOW	NO
2271210394	1948032144	оталисман в авто	1.0	0.0	0.0	1	NO	NO	NO	YES	2	2	1	LOW	NO
2271210394	1948032144	подвеска близнецы	168.0	0.0	0.0	1	YES	NO	NO	NO	5	0	1	LOW	NO
2271210394	1948032144	подвеска в автомобиль	122.0	0.0	0.0	1	YES	NO	NO	NO	2	2	1	LOW	NO
2271210394	1948032144	подвеска в машину	7092.0	0.0	0.0	1	YES	NO	NO	NO	2	2	1	LOW	NO
2271210394	1948032144	подвеска в машину на зеркало	1367.0	0.0	0.0	1	YES	NO	NO	NO	2	2	1	LOW	NO
2271210394	1948032144	подвеска в машину на зеркало гремлины	1.0	0.0	0.0	1	NO	NO	YES	NO	2	2	1	LOW	NO
2271210394	1948032144	подвеска мужская	371.0	0.0	0.0	1	YES	NO	NO	NO	2	2	1	LOW	NO
2271210394	1948032144	подвеска на зеркало в машину	1261.0	0.0	0.0	1	YES	NO	NO	NO	2	2	1	LOW	NO
2271210394	1948032144	талисман	109.0	0.0	0.0	1	YES	NO	NO	NO	2	2	1	LOW	NO
2271210394	1948032144	талисман в машину женский	2.0	0.0	0.0	1	NO	NO	NO	YES	2	2	1	LOW	NO
2271210394	1948032144	талисман в машину на зеркало	4.0	0.0	640.0	1	NO	NO	YES	NO	2	2	1	LOW	NO
2271210394	1948032144	четки в машину	284.0	0.0	0.0	1	YES	NO	NO	NO	2	2	1	LOW	NO
2271210394	1948032144	четки в машину на зеркало	129.0	0.0	0.0	2	YES	NO	YES	NO	2	2	1	MEDIUM	NO
2271210394	1948032144	четки со знаком зодиака	0.0	0.0	1032.0	1	NO	NO	YES	NO	3	2	1	LOW	NO
2271219774	1948039800	podveska na salon	1.0	0.0	0.0	1	NO	NO	YES	NO	0	2	0	LOW	NO
2271219774	1948039800	акриловые четки в машину на зеркало	1.0	0.0	0.0	1	NO	NO	YES	NO	2	2	1	LOW	NO
2271219774	1948039800	амулет в машину женский зеркальная	1.0	0.0	0.0	1	NO	NO	YES	NO	2	2	1	LOW	NO
2271219774	1948039800	амулеты и талисманы	2.0	0.0	0.0	1	NO	NO	YES	NO	2	2	1	LOW	NO
2271219774	1948039800	аниме в машину подвеска	1.0	0.0	0.0	1	NO	NO	NO	YES	2	2	1	LOW	NO
2271219774	1948039800	астрология подвеска	1.0	0.0	0.0	1	NO	NO	NO	YES	2	2	1	LOW	NO
2271219774	1948039800	брелок в машину на зеркало	1.0	0.0	0.0	1	NO	NO	NO	YES	2	2	1	LOW	NO
2271219774	1948039800	брелок в машину на зеркало я свободен	0.0	0.0	0.0	1	NO	YES	NO	NO	2	2	1	LOW	NO
2271219774	1948039800	бусины в машину	1.0	0.0	0.0	1	NO	NO	YES	NO	2	2	1	LOW	NO
2271219774	1948039800	весы	8114.0	0.0	0.0	1	YES	NO	NO	NO	4	0	1	LOW	NO
2271219774	1948039800	весы авто	0.0	0.0	0.0	1	NO	YES	NO	NO	5	0	2	LOW	NO
2271219774	1948039800	весы знак зодиака	188.0	0.0	0.0	1	YES	NO	NO	NO	5	0	1	LOW	NO
2271219774	1948039800	весы зодиак подвеска	0.0	0.0	0.0	1	NO	YES	NO	NO	5	0	2	LOW	NO
2271219774	1948039800	весы зодиака	0.0	0.0	0.0	1	NO	YES	NO	NO	5	0	2	LOW	NO
2271219774	1948039800	весы набор	1.0	0.0	0.0	1	NO	NO	YES	NO	4	0	2	LOW	NO
2271219774	1948039800	голова хищника в машину подвеска	1.0	0.0	0.0	1	NO	NO	NO	YES	2	2	1	LOW	NO
2271219774	1948039800	деревянное повеска для мужчин	0.0	0.0	0.0	1	NO	YES	NO	NO	0	2	0	LOW	NO
2271219774	1948039800	детали подвески лего техник для машин	1.0	0.0	0.0	1	NO	NO	NO	YES	2	2	1	LOW	NO
2271219774	1948039800	для машины в салон на зеркало подвескп	0.0	0.0	0.0	1	NO	YES	NO	NO	2	2	1	LOW	NO
2271219774	1948039800	для салона машины подвеска	0.0	0.0	0.0	1	NO	YES	NO	NO	2	2	1	LOW	NO
2271219774	1948039800	защелка на нагрудный знак	1.0	0.0	0.0	1	NO	NO	NO	YES	0	2	0	LOW	NO
2271219774	1948039800	зеркало маржены	2.0	0.0	0.0	1	NO	NO	YES	NO	2	2	1	LOW	NO
2271219774	1948039800	знак зодиака весы	119.0	0.0	0.0	1	YES	NO	NO	NO	5	0	1	LOW	NO
2271219774	1948039800	знак зодиака весы платок	0.0	0.0	0.0	1	NO	YES	NO	NO	5	1	2	LOW	NO
2271219774	1948039800	знак туфелька блестящая на машину	0.0	0.0	0.0	1	NO	YES	NO	NO	2	2	1	LOW	NO
2271219774	1948039800	знаки вес классность	1.0	0.0	0.0	1	NO	NO	NO	YES	0	2	0	LOW	NO
2271219774	1948039800	знаки зодиака шармы	1.0	0.0	0.0	1	NO	NO	NO	YES	3	2	1	LOW	NO
2271219774	1948039800	игрушка на зеркало в машину знак зодиака	1.0	0.0	0.0	1	NO	NO	NO	YES	3	2	1	LOW	NO
2271219774	1948039800	игрушка спаниель в машину на зеркало	1.0	0.0	0.0	1	NO	NO	NO	YES	2	2	1	LOW	NO
2271219774	1948039800	кулоны обереги	1.0	0.0	0.0	1	NO	NO	NO	YES	2	2	1	LOW	NO
2271219774	1948039800	ловец снов в машину	109.0	0.0	0.0	1	YES	NO	NO	NO	2	2	1	LOW	NO
2271219774	1948039800	на зеркало в авто четки	1.0	0.0	0.0	1	NO	NO	NO	YES	2	2	1	LOW	NO
2271219774	1948039800	на зеркало в машину украшение	1.0	0.0	0.0	1	NO	NO	YES	NO	2	2	1	LOW	NO
2271219774	1948039800	оберег	552.0	0.0	0.0	1	YES	NO	NO	NO	2	2	1	LOW	NO
2271219774	1948039800	оберег в машину	365.0	0.0	0.0	1	YES	NO	NO	NO	2	2	1	LOW	NO
2271219774	1948039800	подвеска в машину	6881.0	0.0	0.0	1	YES	NO	NO	NO	2	2	1	LOW	NO
2271219774	1948039800	подвеска в машину ловец снов	4.0	0.0	0.0	1	NO	NO	YES	NO	2	2	1	LOW	NO
2271219774	1948039800	подвеска в машину на зеркало	1560.0	0.0	0.0	1	YES	NO	NO	NO	2	2	1	LOW	NO
2271219774	1948039800	подвеска в машину на зеркало знак задиака	1.0	0.0	683.0	1	NO	NO	YES	NO	2	2	1	LOW	NO
2271219774	1948039800	подвеска в машину на зеркало знак зодиака весы	1.0	0.0	0.0	1	NO	NO	YES	NO	5	0	2	LOW	NO
2271219774	1948039800	подвеска в машину на зеркало юрта	0.0	0.0	0.0	1	NO	YES	NO	NO	2	2	1	LOW	NO
2271219774	1948039800	подвеска весы	151.0	0.0	0.0	1	YES	NO	NO	NO	5	0	1	LOW	NO
2271219774	1948039800	подвеска женская в автомобиль на зеркало	0.0	0.0	0.0	1	NO	YES	NO	NO	2	2	1	LOW	NO
2271219774	1948039800	подвеска мужская	407.0	0.0	0.0	1	YES	NO	NO	NO	2	2	1	LOW	NO
2271219774	1948039800	подвеска на зеркало в машину	1107.0	0.0	0.0	1	YES	NO	NO	NO	2	2	1	LOW	NO
2271219774	1948039800	подвеска на зеркало в машину весы	2.0	0.0	0.0	1	NO	NO	NO	YES	5	0	2	LOW	NO
2271219774	1948039800	подвеска на шею ловец снов	0.0	0.0	0.0	1	NO	YES	NO	NO	2	2	1	LOW	NO
2271219774	1948039800	подвеска оберег в машину на зеркало	2.0	0.0	0.0	1	NO	NO	NO	YES	2	2	1	LOW	NO
2271219774	1948039800	подвеска прикольная на зеркало в машину	1.0	0.0	0.0	1	NO	NO	YES	NO	2	2	1	LOW	NO
2271219774	1948039800	подвеска череп вагнер в машину	1.0	0.0	0.0	1	NO	NO	YES	NO	2	2	1	LOW	NO
2271219774	1948039800	подвески на зеркало авто	0.0	0.0	0.0	1	NO	YES	NO	NO	2	2	1	LOW	NO
2271219774	1948039800	русские обереги	0.0	0.0	0.0	1	NO	YES	NO	NO	2	2	1	LOW	NO
2271219774	1948039800	талисман	109.0	0.0	0.0	1	YES	NO	NO	NO	2	2	1	LOW	NO
2271219774	1948039800	талисман на удачу для автомобиля	1.0	0.0	0.0	1	NO	NO	YES	NO	2	2	1	LOW	NO
2271219774	1948039800	талисман подвеска весы	1.0	0.0	0.0	1	NO	NO	NO	YES	5	0	2	LOW	NO
2271219774	1948039800	четки в автомобиль	178.0	0.0	0.0	1	YES	NO	NO	NO	2	2	1	LOW	NO
2271219774	1948039800	четки в машину	724.0	0.0	0.0	1	YES	NO	NO	NO	2	2	1	LOW	NO
2271219774	1948039800	четки в машину на зеркало	127.0	0.0	0.0	1	YES	NO	NO	NO	2	2	1	LOW	NO
2271219774	1948039800	четки на машину знак зодиака	0.0	0.0	0.0	1	NO	YES	NO	NO	3	2	1	LOW	NO
2271219774	1948039800	японский оберег в машину	1.0	0.0	0.0	1	NO	NO	YES	NO	2	2	1	LOW	NO
2271234726	1948064495	автоподвеска мужска	0.0	0.0	0.0	1	NO	YES	NO	NO	2	2	1	LOW	NO
2271234726	1948064495	адамас золото знак зодиака	0.0	0.0	0.0	1	NO	YES	NO	NO	3	2	1	LOW	NO
2271234726	1948064495	аксессуары в машину подвесаа зеркал барабан	0.0	0.0	0.0	1	NO	NO	YES	NO	2	2	1	LOW	NO
2271234726	1948064495	алимпийская мишка брелок в машину подвеска	1.0	0.0	0.0	1	NO	NO	YES	NO	2	2	1	LOW	NO
2271234726	1948064495	амулеты обереги и талисманы	217.0	0.0	0.0	1	YES	NO	NO	NO	2	2	1	LOW	NO
2271234726	1948064495	блакнот водолей	1.0	0.0	0.0	1	NO	NO	NO	YES	4	1	2	LOW	NO
2271234726	1948064495	браслет для водолея женский	3.0	0.0	0.0	1	NO	NO	YES	NO	0	2	0	LOW	NO
2271234726	1948064495	браслет женский для водолея	5.0	0.0	0.0	1	NO	NO	NO	YES	0	2	0	LOW	NO
2271234726	1948064495	брелок в машину зеркало	0.0	0.0	0.0	1	NO	YES	NO	NO	2	2	1	LOW	NO
2271234726	1948064495	брелок в машину на зеркало	247.0	0.0	0.0	1	YES	NO	NO	NO	2	2	1	LOW	NO
2271234726	1948064495	брелок оберег славянский мужской	1.0	0.0	0.0	1	NO	NO	NO	YES	0	0	0	LOW	NO
2271234726	1948064495	бусины для подвески в машину мужские	1.0	0.0	0.0	1	NO	NO	YES	NO	2	2	1	LOW	NO
2271234726	1948064495	бусы оберег	0.0	0.0	0.0	1	NO	YES	NO	NO	2	2	1	LOW	NO
2271234726	1948064495	в машину амулет	0.0	0.0	0.0	1	NO	YES	NO	NO	2	2	1	LOW	NO
2271234726	1948064495	в машину подвеска	98.0	0.0	0.0	1	YES	NO	NO	NO	2	2	1	LOW	NO
2271234726	1948064495	весючка в машину от зглаза на зеркало	1.0	0.0	0.0	1	NO	NO	NO	YES	2	2	1	LOW	NO
2271234726	1948064495	висюлька джили cityray в машину подвеска	1.0	0.0	0.0	1	NO	NO	YES	NO	2	2	1	LOW	NO
2271234726	1948064495	висючка в машину на зеркало люстра	0.0	0.0	0.0	1	NO	YES	NO	NO	2	2	1	LOW	NO
2271234726	1948064495	витрина водолей	1.0	0.0	0.0	1	NO	NO	YES	NO	4	1	2	LOW	NO
2271234726	1948064495	водолей	772.0	0.0	0.0	1	YES	NO	NO	NO	4	0	1	LOW	NO
2271234726	1948064495	водолей подвеска ювелирная	1.0	0.0	0.0	1	NO	NO	NO	YES	5	1	2	LOW	NO
2271234726	1948064495	водолей украшения	0.0	0.0	0.0	1	NO	YES	NO	NO	5	0	2	LOW	NO
2271234726	1948064495	девушка в авто назеркало	1.0	0.0	0.0	1	NO	NO	NO	YES	2	2	1	LOW	NO
2271234726	1948064495	девушки матрешки подвески на машину	1.0	0.0	0.0	1	NO	NO	YES	NO	2	2	1	LOW	NO
2271234726	1948064495	деревянное повеска для мужчин	0.0	0.0	0.0	1	NO	YES	NO	NO	0	2	0	LOW	NO
2271234726	1948064495	для машин оберег	1.0	0.0	0.0	1	NO	NO	YES	NO	2	2	1	LOW	NO
2271234726	1948064495	зеркалл магисеское	1.0	0.0	0.0	1	NO	NO	NO	YES	2	2	1	LOW	NO
2271234726	1948064495	знак зодиака водолей	21.0	0.0	0.0	1	NO	NO	NO	YES	5	0	2	LOW	NO
2271234726	1948064495	знак на машину аптечные товары	1.0	0.0	0.0	1	NO	NO	YES	NO	2	2	1	LOW	NO
2271234726	1948064495	знаки сувениры для парашютиста в машину	1.0	0.0	0.0	1	NO	NO	NO	YES	2	2	1	LOW	NO
2271234726	1948064495	игрушка талисман в машину	4.0	0.0	0.0	1	NO	NO	NO	YES	2	2	1	LOW	NO
2271234726	1948064495	игрушки в машину на зеркало	5.0	0.0	0.0	1	NO	NO	YES	NO	2	2	1	LOW	NO
2271234726	1948064495	коробочка в машину	2.0	0.0	0.0	1	NO	NO	NO	YES	2	2	1	LOW	NO
2271234726	1948064495	коробочки 12 см дерево	0.0	0.0	0.0	1	NO	YES	NO	NO	0	2	0	LOW	NO
2271234726	1948064495	крестик в машину на зеркало освешеный	0.0	0.0	0.0	1	NO	YES	NO	NO	2	2	1	LOW	NO
2271234726	1948064495	кулон на зеркало в машину	4.0	0.0	0.0	1	NO	NO	YES	NO	2	2	1	LOW	NO
2271234726	1948064495	магические подвески	2.0	0.0	0.0	1	NO	NO	NO	YES	2	2	1	LOW	NO
2271234726	1948064495	машину четки	1.0	0.0	0.0	1	NO	NO	NO	YES	2	2	1	LOW	NO
2271234726	1948064495	на зеркало подвеска авто	0.0	0.0	0.0	1	NO	YES	NO	NO	2	2	1	LOW	NO
2271234726	1948064495	оберег в машину	478.0	0.0	0.0	1	YES	NO	NO	NO	2	2	1	LOW	NO
2271234726	1948064495	оберег для автомобиля	22.0	0.0	0.0	1	NO	NO	NO	YES	2	2	1	LOW	NO
2271234726	1948064495	оберег мужской славянский на шею	1.0	0.0	0.0	1	NO	NO	YES	NO	0	0	0	LOW	NO
2271234726	1948064495	подвеска	2415.0	0.0	0.0	1	YES	NO	NO	NO	2	2	1	LOW	NO
2271234726	1948064495	подвеска в автомобиль	410.0	0.0	0.0	1	YES	NO	NO	NO	2	2	1	LOW	NO
2271234726	1948064495	подвеска в автомобиль на зеркало	448.0	0.0	0.0	1	YES	NO	NO	NO	2	2	1	LOW	NO
2271234726	1948064495	подвеска в машину	7092.0	0.0	935.0	2	YES	NO	YES	NO	2	2	1	MEDIUM	NO
2271234726	1948064495	подвеска в машину водителю илье	0.0	0.0	0.0	1	NO	YES	NO	NO	2	2	1	LOW	NO
2271234726	1948064495	подвеска в машину на зеркало	1560.0	0.0	0.0	2	YES	YES	NO	NO	2	2	1	MEDIUM	YES
2271234726	1948064495	подвеска в машину на зеркало мужская рок	0.0	0.0	0.0	1	NO	YES	NO	NO	2	2	1	LOW	NO
2271234726	1948064495	подвеска мужская	226.0	0.0	0.0	1	YES	NO	NO	NO	2	2	1	LOW	NO
2271234726	1948064495	подвеска на зеркало в авто водолей	0.0	0.0	0.0	1	NO	YES	NO	NO	5	0	2	LOW	NO
2271234726	1948064495	подвеска на зеркало в машину	1288.0	0.0	0.0	1	YES	NO	NO	NO	2	2	1	LOW	NO
2271234726	1948064495	подвеска на зеркало в машину рыба	1.0	0.0	0.0	1	NO	NO	YES	NO	2	2	1	LOW	NO
2271234726	1948064495	подвеска славянский оберег	1.0	0.0	0.0	1	NO	NO	NO	YES	0	0	0	LOW	NO
2271234726	1948064495	подвески в машину водолей	1.0	0.0	618.0	1	NO	NO	YES	NO	5	0	2	LOW	NO
2271234726	1948064495	талисман	307.0	0.0	0.0	1	YES	NO	NO	NO	2	2	1	LOW	NO
2271234726	1948064495	четки в автомобиль	370.0	0.0	0.0	1	YES	NO	NO	NO	2	2	1	LOW	NO
2271234726	1948064495	четки в машину	1622.0	0.0	0.0	1	YES	NO	NO	NO	2	2	1	LOW	NO
2271240621	1948071647	taccardi для дев	0.0	0.0	0.0	1	NO	YES	NO	NO	0	2	0	LOW	NO
2271240621	1948071647	автомобильный талисман оберег на зеркало	1.0	0.0	0.0	1	NO	NO	NO	YES	2	2	1	LOW	NO
2271240621	1948071647	автоподвеска на зеркало авто для женщин	0.0	0.0	0.0	1	NO	YES	NO	NO	2	2	1	LOW	NO
2271240621	1948071647	амулет талисман мужской	1.0	0.0	0.0	1	NO	NO	YES	NO	2	2	1	LOW	NO
2271240621	1948071647	амулеты обереги и талисманы	327.0	0.0	0.0	1	YES	NO	NO	NO	2	2	1	LOW	NO
2271240621	1948071647	амулеты обереги и талисманы зеркалр	0.0	0.0	0.0	1	NO	YES	NO	NO	2	2	1	LOW	NO
2271240621	1948071647	армянский барабан на машину подвеска	1.0	0.0	0.0	1	NO	NO	NO	YES	2	2	1	LOW	NO
2271240621	1948071647	атрибутика зенит в машину на зеркало	1.0	0.0	0.0	1	NO	NO	NO	YES	2	2	1	LOW	NO
2271240621	1948071647	брелок дева знак зодиака	36.0	0.0	520.0	1	NO	NO	YES	NO	5	1	2	LOW	NO
2271240621	1948071647	брелок знак зодиака набор	1.0	0.0	0.0	1	NO	NO	NO	YES	3	2	1	LOW	NO
2271240621	1948071647	бусины знаки зодиака подвеска набор	1.0	0.0	0.0	1	NO	NO	NO	YES	3	2	1	LOW	NO
2271240621	1948071647	в машине деву	0.0	0.0	0.0	1	NO	YES	NO	NO	2	2	1	LOW	NO
2271240621	1948071647	в машину	559.0	0.0	0.0	1	YES	NO	NO	NO	2	2	1	LOW	NO
2271240621	1948071647	в машину амулет	0.0	0.0	0.0	1	NO	YES	NO	NO	2	2	1	LOW	NO
2271240621	1948071647	в машину для дев	0.0	0.0	0.0	1	NO	YES	NO	NO	2	2	1	LOW	NO
2271240621	1948071647	в машину для мужчины амулет	1.0	0.0	0.0	1	NO	NO	NO	YES	2	2	1	LOW	NO
2271240621	1948071647	в машину женская дева	0.0	0.0	0.0	1	NO	YES	NO	NO	5	1	2	LOW	NO
2271240621	1948071647	ведьмино зеркало	4.0	0.0	0.0	1	NO	NO	YES	NO	2	2	1	LOW	NO
2271240621	1948071647	дева	2017.0	0.0	0.0	1	YES	NO	NO	NO	4	0	1	LOW	NO
2271240621	1948071647	дева деревянная	0.0	0.0	0.0	1	NO	YES	NO	NO	4	1	2	LOW	NO
2271240621	1948071647	дева знак зодиака	274.0	0.0	0.0	1	YES	NO	NO	NO	5	0	1	LOW	NO
2271240621	1948071647	дева знак зодиака рюмки	0.0	0.0	0.0	1	NO	YES	NO	NO	5	1	1	LOW	NO
2271240621	1948071647	дева знак зодиака худи	1.0	0.0	0.0	1	NO	NO	YES	NO	5	1	2	LOW	NO
2271240621	1948071647	дева подвеска для мужчин	1.0	0.0	0.0	1	NO	NO	NO	YES	5	1	2	LOW	NO
2271240621	1948071647	день рождения для девы	0.0	0.0	0.0	1	NO	YES	NO	NO	0	2	0	LOW	NO
2271240621	1948071647	для девы из дерева	1.0	0.0	0.0	1	NO	NO	YES	NO	0	2	0	LOW	NO
2271240621	1948071647	для салона машины подвеска	0.0	0.0	0.0	1	NO	YES	NO	NO	2	2	1	LOW	NO
2271240621	1948071647	зеркало для деву	0.0	0.0	0.0	1	NO	YES	NO	NO	2	2	1	LOW	NO
2271240621	1948071647	зеркало оберег на шею	4.0	0.0	0.0	1	NO	NO	NO	YES	2	2	1	LOW	NO
2271240621	1948071647	зеркальце оборег	1.0	0.0	0.0	1	NO	NO	YES	NO	2	2	1	LOW	NO
2271240621	1948071647	знак дорожный зеркало	1.0	0.0	0.0	1	NO	NO	NO	YES	2	2	1	LOW	NO
2271240621	1948071647	знак зодиака дева	289.0	0.0	0.0	2	YES	NO	NO	YES	5	0	1	MEDIUM	NO
2271240621	1948071647	знак зодика деревянный	1.0	0.0	0.0	1	NO	NO	NO	YES	0	2	0	LOW	NO
2271240621	1948071647	знаки зодиака	44.0	0.0	0.0	1	NO	NO	YES	NO	3	2	1	LOW	NO
2271240621	1948071647	игрушки в машину на зеркало	5.0	0.0	0.0	1	NO	NO	YES	NO	2	2	1	LOW	NO
2271240621	1948071647	картина для знака зодиака дева мужская	1.0	0.0	0.0	1	NO	NO	YES	NO	5	1	2	LOW	NO
2271240621	1948071647	медальон вдв в машину на зеркало	0.0	0.0	0.0	1	NO	YES	NO	NO	2	2	1	LOW	NO
2271240621	1948071647	на зеркало в машину подвеска	284.0	0.0	0.0	1	YES	NO	NO	NO	2	2	1	LOW	NO
2271240621	1948071647	оберег	754.0	0.0	0.0	1	YES	NO	NO	NO	2	2	1	LOW	NO
2271240621	1948071647	оберег ворон в компасе	1.0	0.0	0.0	1	NO	NO	NO	YES	2	2	1	LOW	NO
2271240621	1948071647	оберег на зеркало	1.0	0.0	780.0	1	NO	NO	YES	NO	2	2	1	LOW	NO
2271240621	1948071647	подарок для девы	379.0	0.0	624.0	2	YES	NO	YES	NO	0	2	0	MEDIUM	NO
2271240621	1948071647	подарок для девы мужчины	5.0	0.0	0.0	1	NO	NO	YES	NO	0	2	0	LOW	NO
2271240621	1948071647	подвеска в автомобиль	417.0	0.0	0.0	2	YES	NO	NO	YES	2	2	1	MEDIUM	NO
2271240621	1948071647	подвеска в автомобиль на зеркало	408.0	0.0	0.0	1	YES	NO	NO	NO	2	2	1	LOW	NO
2271240621	1948071647	подвеска в машину	7092.0	0.0	0.0	2	YES	YES	NO	NO	2	2	1	MEDIUM	YES
2271240621	1948071647	подвеска в машину на зеркало	6256.0	0.0	0.0	1	YES	NO	NO	NO	2	2	1	LOW	NO
2271240621	1948071647	подвеска в машину на зеркало японская	2.0	0.0	0.0	1	NO	NO	NO	YES	2	2	1	LOW	NO
2271240621	1948071647	подвеска в машину ретро	1.0	0.0	0.0	1	NO	NO	YES	NO	2	2	1	LOW	NO
2271240621	1948071647	подвеска знак зодиака дева	28.0	0.0	0.0	1	NO	NO	YES	NO	5	0	2	LOW	NO
2271240621	1948071647	подвеска на зеркало в машину	1307.0	0.0	0.0	1	YES	NO	NO	NO	2	2	1	LOW	NO
2271240621	1948071647	подвески обереги в машину на зеркало женские	1.0	0.0	0.0	1	NO	NO	NO	YES	2	2	1	LOW	NO
2271240621	1948071647	талисман	197.0	0.0	0.0	1	YES	NO	NO	NO	2	2	1	LOW	NO
2271240621	1948071647	талисман в машину дева	1.0	0.0	584.0	1	NO	NO	YES	NO	5	0	2	LOW	NO
2271240621	1948071647	четки в машину	1623.0	0.0	0.0	1	YES	NO	NO	NO	2	2	1	LOW	NO
2271240621	1948071647	четки в машину со знакам зодиака дева	0.0	0.0	0.0	1	NO	YES	NO	NO	5	1	2	LOW	NO
2271246783	1948079096	cosaque	3.0	0.0	0.0	1	NO	NO	NO	YES	0	2	0	LOW	NO
2271246783	1948079096	авто подвески на зеркало	1.0	0.0	0.0	1	NO	NO	NO	YES	2	2	1	LOW	NO
2271246783	1948079096	автоподвеска мужска	0.0	0.0	0.0	1	NO	YES	NO	NO	2	2	1	LOW	NO
2271246783	1948079096	аксессуары в машину подвесаа зеркал барабан	0.0	0.0	0.0	1	NO	YES	NO	NO	2	2	1	LOW	NO
2271246783	1948079096	амулет зеркальная защита	22.0	0.0	0.0	1	NO	NO	NO	YES	2	2	1	LOW	NO
2271246783	1948079096	амулет козерог и клевер	1.0	0.0	0.0	1	NO	NO	NO	YES	5	1	2	LOW	NO
2271246783	1948079096	амулет мужской в машину деревянный	1.0	0.0	0.0	1	NO	NO	NO	YES	2	2	1	LOW	NO
2271246783	1948079096	браслет оберег мужчины	1.0	0.0	0.0	1	NO	NO	NO	YES	2	2	1	LOW	NO
2271246783	1948079096	брелок коза	154.0	0.0	0.0	1	YES	NO	NO	NO	0	2	0	LOW	NO
2271246783	1948079096	брелок козерошки	0.0	0.0	0.0	1	NO	YES	NO	NO	0	2	0	LOW	NO
2271246783	1948079096	брелок со знаком зодиака козерог	2.0	0.0	0.0	1	NO	NO	YES	NO	5	1	2	LOW	NO
2271246783	1948079096	бусы подвеска в машину	1.0	0.0	0.0	1	NO	NO	YES	NO	2	2	1	LOW	NO
2271246783	1948079096	в машину подвеска	51.0	0.0	0.0	1	YES	NO	NO	NO	2	2	1	LOW	NO
2271246783	1948079096	деревянные подвески в автомобиль	1.0	0.0	0.0	1	NO	NO	YES	NO	2	2	1	LOW	NO
2271246783	1948079096	для салона машины подвеска	0.0	0.0	0.0	2	NO	YES	NO	YES	2	2	1	MEDIUM	NO
2271246783	1948079096	дорогой подарок мужчине в машину оригинальный	1.0	0.0	0.0	1	NO	NO	YES	NO	2	2	1	LOW	NO
2271246783	1948079096	дорожный набор подарочный для мужчин	0.0	0.0	0.0	1	NO	YES	NO	NO	0	2	0	LOW	NO
2271246783	1948079096	зеркало амулет	4.0	0.0	0.0	1	NO	NO	YES	NO	2	2	1	LOW	NO
2271246783	1948079096	зеркало в	190.0	0.0	0.0	1	YES	NO	NO	NO	2	2	1	LOW	NO
2271246783	1948079096	зеркало в машину на козы	0.0	0.0	0.0	1	NO	YES	NO	NO	2	2	1	LOW	NO
2271246783	1948079096	зеркало обгона для праворуких машин	1.0	0.0	0.0	1	NO	NO	NO	YES	2	2	1	LOW	NO
2271246783	1948079096	зназодиака козерог	0.0	0.0	0.0	1	NO	YES	NO	NO	5	1	1	LOW	NO
2271246783	1948079096	знак козерога подст	0.0	0.0	0.0	1	NO	YES	NO	NO	1	1	0	LOW	NO
2271246783	1948079096	знак со стразами учебная машина	1.0	0.0	0.0	1	NO	NO	NO	YES	2	2	1	LOW	NO
2271246783	1948079096	картины со знаком зодиака козерог	0.0	0.0	0.0	1	NO	YES	NO	NO	5	1	1	LOW	NO
2271246783	1948079096	коз брелок	0.0	0.0	0.0	1	NO	NO	YES	NO	0	2	0	LOW	NO
2271246783	1948079096	коза подвеска в машину	2.0	0.0	0.0	1	NO	NO	YES	NO	2	2	1	LOW	NO
2271246783	1948079096	козаки	62.0	0.0	0.0	1	YES	NO	NO	NO	0	2	0	LOW	NO
2271246783	1948079096	козерог	774.0	0.0	0.0	1	YES	NO	NO	NO	4	0	1	LOW	NO
2271246783	1948079096	козерог авто	1.0	0.0	0.0	1	NO	NO	NO	YES	5	0	2	LOW	NO
2271246783	1948079096	козерог из серебра	1.0	0.0	0.0	1	NO	NO	NO	YES	4	1	2	LOW	NO
2271246783	1948079096	козерог на автомобиль	1.0	0.0	0.0	1	NO	NO	YES	NO	5	0	1	LOW	NO
2271246783	1948079096	козерог на зеркало тайота прадо	1.0	0.0	0.0	1	NO	NO	NO	YES	5	1	2	LOW	NO
2271246783	1948079096	козерог на зеркало фх	0.0	0.0	0.0	1	NO	YES	NO	NO	5	1	1	LOW	NO
2271246783	1948079096	козерог подарок	1.0	0.0	0.0	1	NO	NO	NO	YES	4	0	1	LOW	NO
2271246783	1948079096	козерог подвеска	46.0	0.0	0.0	1	YES	NO	NO	NO	5	0	1	LOW	NO
2271246783	1948079096	козерог подвеска мериада	0.0	0.0	0.0	1	NO	YES	NO	NO	5	1	1	LOW	NO
2271246783	1948079096	кулон зеркало оберег	92.0	0.0	0.0	1	YES	NO	NO	NO	2	2	1	LOW	NO
2271246783	1948079096	мужчине на день рождения	0.0	0.0	0.0	1	NO	YES	NO	NO	0	2	0	LOW	NO
2271246783	1948079096	оберег в машину	289.0	0.0	0.0	1	YES	NO	NO	NO	2	2	1	LOW	NO
2271246783	1948079096	подарок коза	2.0	0.0	0.0	1	NO	NO	YES	NO	0	2	0	LOW	NO
2271246783	1948079096	подвеска в автомобиль	79.0	0.0	0.0	1	YES	NO	NO	NO	2	2	1	LOW	NO
2271246783	1948079096	подвеска в автомобиль мужская на зеркало	1.0	0.0	0.0	1	NO	NO	NO	YES	2	2	1	LOW	NO
2271246783	1948079096	подвеска в машину	3171.0	0.0	0.0	1	YES	NO	NO	NO	2	2	1	LOW	NO
2271246783	1948079096	подвеска в машину на зеркало дракон	2.0	0.0	0.0	1	NO	NO	NO	YES	2	2	1	LOW	NO
2271246783	1948079096	подвеска в машину на зеркало питбуль	0.0	0.0	0.0	1	NO	YES	NO	NO	2	2	1	LOW	NO
2271246783	1948079096	подвеска в машину на зеркало юрта	0.0	0.0	0.0	1	NO	YES	NO	NO	2	2	1	LOW	NO
2271246783	1948079096	подвеска козерог	109.0	0.0	0.0	1	YES	NO	NO	NO	5	0	1	LOW	NO
2271246783	1948079096	подвеска мужская	210.0	0.0	0.0	1	YES	NO	NO	NO	2	2	1	LOW	NO
2271246783	1948079096	подвеска на зеркало в машину	1208.0	0.0	0.0	1	YES	NO	NO	NO	2	2	1	LOW	NO
2271246783	1948079096	подвеска на зеркало в машину для мужчины	1.0	0.0	0.0	1	NO	NO	YES	NO	2	2	1	LOW	NO
2271246783	1948079096	подвеска на зеркало у машину	1.0	0.0	0.0	1	NO	NO	YES	NO	2	2	1	LOW	NO
2271246783	1948079096	подвеска ювелирная козерог	0.0	0.0	0.0	1	NO	YES	NO	NO	5	1	2	LOW	NO
2271246783	1948079096	прикольная талисман подвеска на зеркало в машину для машины в салон	1.0	0.0	0.0	1	NO	NO	YES	NO	2	2	1	LOW	NO
2271246783	1948079096	серьги с козерогом	1.0	0.0	0.0	1	NO	NO	YES	NO	1	1	0	LOW	NO
2271246783	1948079096	скрепка на авто козерог	1.0	0.0	0.0	1	NO	NO	YES	NO	5	1	2	LOW	NO
2271246783	1948079096	четки в автомобиль	559.0	0.0	0.0	1	YES	NO	NO	NO	2	2	1	LOW	NO
2271246783	1948079096	четки в машину	284.0	0.0	0.0	1	YES	NO	NO	NO	2	2	1	LOW	NO
2271246783	1948079096	шарм подвеска бусина мужская козерог	1.0	0.0	0.0	1	NO	NO	YES	NO	5	1	2	LOW	NO
2271251938	1948085774	dtlmvbyf gjldtcrf	1.0	0.0	0.0	1	NO	NO	YES	NO	0	2	0	LOW	NO
2271251938	1948085774	автоподвеска мужска	0.0	0.0	0.0	1	NO	YES	NO	NO	2	2	1	LOW	NO
2271251938	1948085774	акриловая подвеска в машину на зеркало	1.0	0.0	0.0	1	NO	NO	YES	NO	2	2	1	LOW	NO
2271251938	1948085774	аксессуары для овна	1.0	0.0	0.0	1	NO	NO	NO	YES	2	2	1	LOW	NO
2271251938	1948085774	амулет в автомобиль	5.0	0.0	0.0	1	NO	NO	YES	NO	2	2	1	LOW	NO
2271251938	1948085774	амулеты обереги и талисманы	161.0	0.0	0.0	1	YES	NO	NO	NO	2	2	1	LOW	NO
2271251938	1948085774	браслетик оберег для овна	0.0	0.0	0.0	1	NO	YES	NO	NO	2	2	1	LOW	NO
2271251938	1948085774	брелок в машину на зеркало	202.0	0.0	0.0	1	YES	NO	NO	NO	2	2	1	LOW	NO
2271251938	1948085774	брелок в машину на зеркало я свободен	0.0	0.0	0.0	1	NO	YES	NO	NO	2	2	1	LOW	NO
2271251938	1948085774	брелок черный овен	0.0	0.0	0.0	1	NO	YES	NO	NO	4	1	2	LOW	NO
2271251938	1948085774	бусины шармы наборна удачу	1.0	0.0	0.0	1	NO	NO	NO	YES	2	2	1	LOW	NO
2271251938	1948085774	бусы в машину на зеркало ленд ровер	1.0	0.0	0.0	1	NO	NO	NO	YES	2	2	1	LOW	NO
2271251938	1948085774	в машину амулет	0.0	0.0	0.0	1	NO	YES	NO	NO	2	2	1	LOW	NO
2271251938	1948085774	в машину красивую подвеску с нашим триколором	1.0	0.0	0.0	1	NO	NO	YES	NO	2	2	1	LOW	NO
2271251938	1948085774	в машину на зеркало для девушки	1.0	0.0	0.0	1	NO	NO	YES	NO	2	2	1	LOW	NO
2271251938	1948085774	ведьмино зеркало	7.0	0.0	0.0	1	NO	NO	NO	YES	2	2	1	LOW	NO
2271251938	1948085774	деревянное повеска для мужчин	0.0	0.0	0.0	1	NO	YES	NO	NO	0	2	0	LOW	NO
2271251938	1948085774	джиу джитсу на машину подвеска на зеркало	1.0	0.0	0.0	1	NO	NO	NO	YES	2	2	1	LOW	NO
2271251938	1948085774	для знака на машину	1.0	0.0	0.0	1	NO	NO	NO	YES	2	2	1	LOW	NO
2271251938	1948085774	для машины подвеска на зеркало мужская	1.0	0.0	0.0	1	NO	NO	NO	YES	2	2	1	LOW	NO
2271251938	1948085774	для салона машины подвеска	0.0	0.0	0.0	1	NO	YES	NO	NO	2	2	1	LOW	NO
2271251938	1948085774	дорожный знак в авто	0.0	0.0	0.0	1	NO	YES	NO	NO	2	2	1	LOW	NO
2271251938	1948085774	защита оберег в машину	1.0	0.0	0.0	1	NO	NO	YES	NO	2	2	1	LOW	NO
2271251938	1948085774	зеркало	7498.0	0.0	0.0	1	YES	NO	NO	NO	2	2	1	LOW	NO
2271251938	1948085774	зеркало овл	0.0	0.0	0.0	1	NO	YES	NO	NO	2	2	1	LOW	NO
2271251938	1948085774	зеркало с изразцами	2.0	0.0	0.0	1	NO	NO	YES	NO	2	2	1	LOW	NO
2271251938	1948085774	зеркальный оберег	7.0	0.0	0.0	1	NO	NO	YES	NO	2	2	1	LOW	NO
2271251938	1948085774	зеркальце оборег	1.0	0.0	0.0	1	NO	NO	NO	YES	2	2	1	LOW	NO
2271251938	1948085774	знак зодиака подвеска	1.0	0.0	0.0	1	NO	NO	NO	YES	3	2	1	LOW	NO
2271251938	1948085774	знак на машину для женщин	1.0	0.0	0.0	1	NO	NO	YES	NO	2	2	1	LOW	NO
2271251938	1948085774	знак овен женский	1.0	0.0	0.0	1	NO	NO	YES	NO	4	1	2	LOW	NO
2271251938	1948085774	знаки зодиака	47.0	0.0	0.0	1	NO	NO	NO	YES	3	2	1	LOW	NO
2271251938	1948085774	игрушки в машину на зеркало подвеска	1.0	0.0	0.0	1	NO	NO	YES	NO	2	2	1	LOW	NO
2271251938	1948085774	китайский талисман в машину	2.0	0.0	0.0	1	NO	NO	YES	NO	2	2	1	LOW	NO
2271251938	1948085774	маленький кулон овен	1.0	0.0	0.0	1	NO	NO	YES	NO	4	1	2	LOW	NO
2271251938	1948085774	машины четкины машины	1.0	0.0	0.0	1	NO	NO	NO	YES	2	2	1	LOW	NO
2271251938	1948085774	мконка оберег в машину на зеркало круглая	1.0	0.0	0.0	1	NO	NO	NO	YES	2	2	1	LOW	NO
2271251938	1948085774	на зеркало в машину подвеска	414.0	0.0	0.0	1	YES	NO	NO	NO	2	2	1	LOW	NO
2271251938	1948085774	на машину подвеска женская	0.0	0.0	0.0	1	NO	YES	NO	NO	2	2	1	LOW	NO
2271251938	1948085774	оберег в кошелек овен	0.0	0.0	0.0	1	NO	YES	NO	NO	5	1	1	LOW	NO
2271251938	1948085774	оберег в машину	219.0	0.0	0.0	1	YES	NO	NO	NO	2	2	1	LOW	NO
2271251938	1948085774	оберег с зеркалом	8.0	0.0	0.0	1	NO	NO	NO	YES	2	2	1	LOW	NO
2271251938	1948085774	овен	1100.0	0.0	0.0	1	YES	NO	NO	NO	4	0	1	LOW	NO
2271251938	1948085774	подарок знак	1.0	0.0	0.0	1	NO	NO	NO	YES	0	2	0	LOW	NO
2271251938	1948085774	подвеска	2415.0	0.0	0.0	1	YES	NO	NO	NO	2	2	1	LOW	NO
2271251938	1948085774	подвеска в автомобиль	493.0	0.0	0.0	1	YES	NO	NO	NO	2	2	1	LOW	NO
2271251938	1948085774	подвеска в автомобиль на зеркало	325.0	0.0	0.0	2	YES	NO	NO	YES	2	2	1	MEDIUM	NO
2271251938	1948085774	подвеска в машину	6850.0	0.0	0.0	1	YES	NO	NO	NO	2	2	1	LOW	NO
2271251938	1948085774	подвеска в машину jdm на зеркало	0.0	0.0	0.0	1	NO	YES	NO	NO	2	2	1	LOW	NO
2271251938	1948085774	подвеска в машину на зеркало	6256.0	0.0	0.0	2	YES	YES	NO	NO	2	2	1	MEDIUM	YES
2271251938	1948085774	подвеска в машину на зеркало овен	0.0	0.0	0.0	1	NO	YES	NO	NO	5	0	1	LOW	NO
2271251938	1948085774	подвеска в машину на зеркало питбуль	0.0	0.0	0.0	1	NO	YES	NO	NO	2	2	1	LOW	NO
2271251938	1948085774	подвеска в машину на зеркало череп	2.0	0.0	0.0	1	NO	NO	YES	NO	2	2	1	LOW	NO
2271251938	1948085774	подвеска в машину на зеркало шар черный восьмерка	1.0	0.0	0.0	1	NO	NO	YES	NO	2	2	1	LOW	NO
2271251938	1948085774	подвеска на зеркало в машину	1261.0	0.0	0.0	1	YES	NO	NO	NO	2	2	1	LOW	NO
2271251938	1948085774	подвеска овен	179.0	0.0	0.0	1	YES	NO	NO	NO	5	0	1	LOW	NO
2271251938	1948085774	четки в автомобиль	203.0	0.0	0.0	1	YES	NO	NO	NO	2	2	1	LOW	NO
2271251938	1948085774	четки в машину	2115.0	0.0	0.0	1	YES	NO	NO	NO	2	2	1	LOW	NO
2271262133	1948098351	амулет на зеркало в машину	1.0	0.0	0.0	1	NO	NO	YES	NO	2	2	1	LOW	NO
2271262133	1948098351	амулеты обереги и талисманы рак	0.0	0.0	0.0	1	NO	YES	NO	NO	5	0	2	LOW	NO
2271262133	1948098351	брелок в машину на зеркало	211.0	0.0	0.0	1	YES	NO	NO	NO	2	2	1	LOW	NO
2271262133	1948098351	брелок в машину на зеркало пушистики	0.0	0.0	0.0	1	NO	YES	NO	NO	2	2	1	LOW	NO
2271262133	1948098351	в машину подвеска на зеркало мужская	1.0	0.0	0.0	1	NO	NO	NO	YES	2	2	1	LOW	NO
2271262133	1948098351	в машину подвеска на зеркало с фото	1.0	0.0	0.0	1	NO	NO	YES	NO	2	2	1	LOW	NO
2271262133	1948098351	в машину скорпион	0.0	0.0	0.0	1	NO	YES	NO	NO	0	0	0	LOW	NO
2271262133	1948098351	вонючка в машину архангел михаил на зеркало	1.0	0.0	0.0	1	NO	NO	NO	YES	2	2	1	LOW	NO
2271262133	1948098351	девушка в машину на зеркало	0.0	0.0	0.0	1	NO	YES	NO	NO	2	2	1	LOW	NO
2271262133	1948098351	дерево талисман подвеска	1.0	0.0	0.0	1	NO	NO	NO	YES	2	2	1	LOW	NO
2271262133	1948098351	деревянное повеска для мужчин	0.0	0.0	0.0	1	NO	YES	NO	NO	0	2	0	LOW	NO
2271262133	1948098351	для салона машины подвеска	0.0	0.0	0.0	1	NO	YES	NO	NO	2	2	1	LOW	NO
2271262133	1948098351	знак зодиака рак подвеска шарм	1.0	0.0	0.0	1	NO	NO	YES	NO	5	1	2	LOW	NO
2271262133	1948098351	знак рак	2.0	0.0	0.0	1	NO	NO	NO	YES	4	0	2	LOW	NO
2271262133	1948098351	календарь карманный знаки зодиака	0.0	0.0	0.0	1	NO	YES	NO	NO	3	2	1	LOW	NO
2271262133	1948098351	карманные календари знак зодиак рак	1.0	0.0	0.0	1	NO	NO	YES	NO	5	1	2	LOW	NO
2271262133	1948098351	кулон мужской на шею рак	1.0	0.0	0.0	1	NO	NO	NO	YES	4	1	2	LOW	NO
2271262133	1948098351	кулончик в машину	1.0	0.0	0.0	1	NO	NO	YES	NO	2	2	1	LOW	NO
2271262133	1948098351	купить раков	2.0	0.0	0.0	1	NO	NO	NO	YES	0	2	0	LOW	NO
2271262133	1948098351	машина уипочка	1.0	0.0	0.0	1	NO	NO	YES	NO	2	2	1	LOW	NO
2271262133	1948098351	машинка раковый	1.0	0.0	0.0	1	NO	NO	NO	YES	2	2	1	LOW	NO
2271262133	1948098351	металлическая подвеска в машину на зеркало hongoi	1.0	0.0	0.0	1	NO	NO	YES	NO	2	2	1	LOW	NO
2271262133	1948098351	мимо меня обереги	1.0	0.0	0.0	1	NO	NO	YES	NO	2	2	1	LOW	NO
2271262133	1948098351	мини подвеска оберег	1.0	0.0	0.0	1	NO	NO	NO	YES	2	2	1	LOW	NO
2271262133	1948098351	мужской талисман на шею	1.0	0.0	0.0	1	NO	NO	YES	NO	2	2	1	LOW	NO
2271262133	1948098351	мусульманский оберег в машину	11.0	0.0	0.0	1	NO	NO	YES	NO	2	2	1	LOW	NO
2271262133	1948098351	на зеркало авто подвеска женская в машину	1.0	0.0	0.0	1	NO	NO	YES	NO	2	2	1	LOW	NO
2271262133	1948098351	на зеркало знак зодиака рак в машину	0.0	0.0	0.0	1	NO	YES	NO	NO	5	0	1	LOW	NO
2271262133	1948098351	оберег	183.0	0.0	0.0	2	YES	NO	NO	YES	2	2	1	MEDIUM	NO
2271262133	1948098351	оберег в машину	153.0	0.0	0.0	1	YES	NO	NO	NO	2	2	1	LOW	NO
2271262133	1948098351	оберег в машину от гибдд прикольный	1.0	0.0	0.0	1	NO	NO	NO	YES	2	2	1	LOW	NO
2271262133	1948098351	оберег на автомобиль	1.0	0.0	0.0	1	NO	NO	NO	YES	2	2	1	LOW	NO
2271262133	1948098351	подвеска авто для мужчин на зеркало	1.0	0.0	0.0	1	NO	NO	YES	NO	2	2	1	LOW	NO
2271262133	1948098351	подвеска в авто четки	1.0	0.0	0.0	1	NO	NO	NO	YES	2	2	1	LOW	NO
2271262133	1948098351	подвеска в автомобиль	424.0	0.0	0.0	1	YES	NO	NO	NO	2	2	1	LOW	NO
2271262133	1948098351	подвеска в машину	7092.0	0.0	0.0	2	YES	YES	NO	NO	2	2	1	MEDIUM	YES
2271262133	1948098351	подвеска в машину женский	0.0	0.0	0.0	1	NO	YES	NO	NO	2	2	1	LOW	NO
2271262133	1948098351	подвеска в машину на зеркало	1337.0	0.0	0.0	2	YES	YES	NO	NO	2	2	1	MEDIUM	YES
2271262133	1948098351	подвеска в машину на зеркало dont drive so fast	1.0	0.0	0.0	1	NO	NO	YES	NO	2	2	1	LOW	NO
2271262133	1948098351	подвеска в машину на зеркало кипарис	1.0	0.0	0.0	1	NO	NO	YES	NO	2	2	1	LOW	NO
2271262133	1948098351	подвеска в машину на зеркало стеклянная	1.0	0.0	0.0	1	NO	NO	NO	YES	2	2	1	LOW	NO
2271262133	1948098351	подвеска мужская	181.0	0.0	0.0	1	YES	NO	NO	NO	2	2	1	LOW	NO
2271262133	1948098351	подвеска на зеркало автомобиля акула	0.0	0.0	0.0	1	NO	YES	NO	NO	2	2	1	LOW	NO
2271262133	1948098351	подвеска на зеркало в машину	1261.0	0.0	0.0	1	YES	NO	NO	NO	2	2	1	LOW	NO
2271262133	1948098351	подвеска на зеркало в машину для мужчины	1.0	0.0	0.0	1	NO	NO	NO	YES	2	2	1	LOW	NO
2271262133	1948098351	подвеска на машину	89.0	0.0	0.0	1	YES	NO	NO	NO	2	2	1	LOW	NO
2271262133	1948098351	подвеска рак	107.0	0.0	0.0	1	YES	NO	NO	NO	5	0	1	LOW	NO
2271262133	1948098351	рак	102.0	0.0	0.0	1	YES	NO	NO	NO	4	0	1	LOW	NO
2271262133	1948098351	рак на присоске в машину	0.0	0.0	0.0	1	NO	YES	NO	NO	5	1	2	LOW	NO
2271262133	1948098351	раки	1442.0	0.0	0.0	1	YES	NO	NO	NO	0	2	0	LOW	NO
2271262133	1948098351	талесман для рака	0.0	0.0	0.0	1	NO	YES	NO	NO	0	2	0	LOW	NO
2271262133	1948098351	талисман	208.0	0.0	0.0	1	YES	NO	NO	NO	2	2	1	LOW	NO
2271262133	1948098351	футболка знаки зодиака мужская	1.0	0.0	0.0	1	NO	NO	YES	NO	3	2	1	LOW	NO
2271262133	1948098351	четки в автомобиль	178.0	0.0	0.0	1	YES	NO	NO	NO	2	2	1	LOW	NO
2271262133	1948098351	четки в автомобиль на зеркало мужские со знаком зодиака	1.0	0.0	0.0	1	NO	NO	NO	YES	3	2	1	LOW	NO
2271262133	1948098351	четки в машину	284.0	0.0	0.0	1	YES	NO	NO	NO	2	2	1	LOW	NO
2271262133	1948098351	четки н	0.0	0.0	0.0	1	NO	YES	NO	NO	2	2	1	LOW	NO
2271270261	1948107866	амулеты для знака зодиака рак	1.0	0.0	0.0	1	NO	NO	YES	NO	0	0	0	LOW	NO
2271270261	1948107866	амулеты мужские	2.0	0.0	0.0	1	NO	NO	YES	NO	2	2	1	LOW	NO
2271270261	1948107866	амулеты обереги и талисманы	151.0	0.0	0.0	2	YES	NO	NO	YES	2	2	1	MEDIUM	NO
2271270261	1948107866	брелок в машину зеркало	0.0	0.0	0.0	1	NO	YES	NO	NO	2	2	1	LOW	NO
2271270261	1948107866	брелок в машину на зеркало подвеска	1.0	0.0	0.0	1	NO	NO	YES	NO	2	2	1	LOW	NO
2271270261	1948107866	брелок войска связи на зеркало в машине	1.0	0.0	0.0	1	NO	NO	YES	NO	2	2	1	LOW	NO
2271270261	1948107866	бусина зодиак по	0.0	0.0	0.0	1	NO	YES	NO	NO	3	1	1	LOW	NO
2271270261	1948107866	в машину на зеркало	47.0	0.0	0.0	1	NO	NO	YES	NO	2	2	1	LOW	NO
2271270261	1948107866	в машину подвеска	104.0	0.0	0.0	1	YES	NO	NO	NO	2	2	1	LOW	NO
2271270261	1948107866	висюлька на зеркало в машину ароматизатор мазда	1.0	0.0	0.0	1	NO	NO	YES	NO	2	2	1	LOW	NO
2271270261	1948107866	висюлька на зеркало в машину женская bmv	1.0	0.0	0.0	1	NO	NO	NO	YES	2	2	1	LOW	NO
2271270261	1948107866	голова вуду подвеска на зеркало	1.0	0.0	0.0	1	NO	NO	YES	NO	2	2	1	LOW	NO
2271270261	1948107866	зеркало оберег	2.0	0.0	0.0	1	NO	NO	NO	YES	2	2	1	LOW	NO
2271270261	1948107866	зеркало рыбий глаз на самокат	1.0	0.0	0.0	1	NO	NO	YES	NO	2	2	1	LOW	NO
2271270261	1948107866	зеркало с рыбками	2.0	0.0	0.0	1	NO	NO	NO	YES	2	2	1	LOW	NO
2271270261	1948107866	зеркальный оберег для мужчин и женщин	1.0	0.0	0.0	1	NO	NO	NO	YES	2	2	1	LOW	NO
2271270261	1948107866	знак зодиака рыбы серебро мужская	1.0	0.0	0.0	1	NO	NO	YES	NO	5	1	2	LOW	NO
2271270261	1948107866	знакак зодиака рыбы	0.0	0.0	0.0	1	NO	YES	NO	NO	5	1	2	LOW	NO
2271270261	1948107866	знаки зодиака	106.0	0.0	0.0	1	YES	NO	NO	NO	3	2	1	LOW	NO
2271270261	1948107866	значек рыбка хрестианский на машину	0.0	0.0	0.0	1	NO	YES	NO	NO	2	2	1	LOW	NO
2271270261	1948107866	крутящийся ароматизатор в машину подвеска на зеркало	1.0	0.0	0.0	1	NO	NO	NO	YES	2	2	1	LOW	NO
2271270261	1948107866	кулон зодиака	1.0	0.0	0.0	1	NO	NO	NO	YES	3	2	1	LOW	NO
2271270261	1948107866	кулон с рыбами	0.0	0.0	0.0	1	NO	YES	NO	NO	0	2	0	LOW	NO
2271270261	1948107866	ловец снов рыбы	1.0	0.0	0.0	1	NO	NO	NO	YES	4	1	2	LOW	NO
2271270261	1948107866	на зеркало в машину подвеска	289.0	0.0	0.0	1	YES	NO	NO	NO	2	2	1	LOW	NO
2271270261	1948107866	на зеркало в машину скорпион	1.0	0.0	0.0	1	NO	NO	YES	NO	0	0	0	LOW	NO
2271270261	1948107866	на удачу талисман набор	1.0	0.0	0.0	1	NO	NO	YES	NO	2	2	1	LOW	NO
2271270261	1948107866	набор подвесок на зеркало	1.0	0.0	0.0	1	NO	NO	YES	NO	2	2	1	LOW	NO
2271270261	1948107866	оберег	194.0	0.0	0.0	1	YES	NO	NO	NO	2	2	1	LOW	NO
2271270261	1948107866	оберег в автомобиль	10.0	0.0	0.0	1	NO	NO	NO	YES	2	2	1	LOW	NO
2271270261	1948107866	оберег в дорогу	1.0	0.0	0.0	1	NO	NO	NO	YES	2	2	1	LOW	NO
2271270261	1948107866	оберег в машину	245.0	0.0	0.0	1	YES	NO	NO	NO	2	2	1	LOW	NO
2271270261	1948107866	оберег в машину мужской сынуподвеска на зеркало	1.0	0.0	0.0	1	NO	NO	YES	NO	2	2	1	LOW	NO
2271270261	1948107866	паук в смоле подвеска на зеркало	1.0	0.0	0.0	1	NO	NO	NO	YES	2	2	1	LOW	NO
2271270261	1948107866	подвеска	2415.0	0.0	0.0	1	YES	NO	NO	NO	2	2	1	LOW	NO
2271270261	1948107866	подвеска в автомобиль	357.0	0.0	0.0	1	YES	NO	NO	NO	2	2	1	LOW	NO
2271270261	1948107866	подвеска в автомобиль на зеркало	414.0	0.0	0.0	1	YES	NO	NO	NO	2	2	1	LOW	NO
2271270261	1948107866	подвеска в машину	7308.0	0.0	0.0	2	YES	YES	NO	NO	2	2	1	MEDIUM	YES
2271270261	1948107866	подвеска в машину на зеркало	6256.0	0.0	0.0	1	YES	NO	NO	NO	2	2	1	LOW	NO
2271270261	1948107866	подвеска в машину на зеркало из биссера	0.0	0.0	0.0	1	NO	YES	NO	NO	2	2	1	LOW	NO
2271270261	1948107866	подвеска в машину на зеркало ма ка крик	0.0	0.0	0.0	1	NO	YES	NO	NO	2	2	1	LOW	NO
2271270261	1948107866	подвеска в машину на зеркало мех	0.0	0.0	0.0	1	NO	YES	NO	NO	2	2	1	LOW	NO
2271270261	1948107866	подвеска в машину на зеркало питбуль	0.0	0.0	0.0	1	NO	YES	NO	NO	2	2	1	LOW	NO
2271270261	1948107866	подвеска для автомобиля на зеркало женская	1.0	0.0	0.0	1	NO	NO	NO	YES	2	2	1	LOW	NO
2271270261	1948107866	подвеска крючок рыб в машину	0.0	0.0	0.0	1	NO	YES	NO	NO	2	2	1	LOW	NO
2271270261	1948107866	подвеска мужская	1176.0	0.0	0.0	1	YES	NO	NO	NO	2	2	1	LOW	NO
2271270261	1948107866	подвеска на зеркало автомобиля акула	0.0	0.0	0.0	1	NO	YES	NO	NO	2	2	1	LOW	NO
2271270261	1948107866	подвеска на зеркало в машину	1131.0	0.0	0.0	1	YES	NO	NO	NO	2	2	1	LOW	NO
2271270261	1948107866	подвеска на зеркало в машину лошадь	1.0	0.0	0.0	1	NO	NO	NO	YES	2	2	1	LOW	NO
2271270261	1948107866	подвеска на зеркало в машину скелет рыба	1.0	0.0	0.0	1	NO	NO	YES	NO	2	2	1	LOW	NO
2271270261	1948107866	подвеска на зеркало в машину тигр	0.0	0.0	0.0	1	NO	YES	NO	NO	2	2	1	LOW	NO
2271270261	1948107866	подвеска на зеркало рыба	0.0	0.0	0.0	1	NO	YES	NO	NO	2	2	1	LOW	NO
2271270261	1948107866	подвеска под зеркало	1.0	0.0	0.0	1	NO	NO	NO	YES	2	2	1	LOW	NO
2271270261	1948107866	подвески в машину на зеркало для девушки	0.0	0.0	0.0	1	NO	YES	NO	NO	2	2	1	LOW	NO
2271270261	1948107866	талисман	109.0	0.0	0.0	1	YES	NO	NO	NO	2	2	1	LOW	NO
2271270261	1948107866	украшение в машину на зеркало знаки зодиака	1.0	0.0	0.0	1	NO	NO	NO	YES	3	2	1	LOW	NO
2271270261	1948107866	четки в авто с	1.0	0.0	0.0	1	NO	NO	YES	NO	2	2	1	LOW	NO
2271270261	1948107866	четки в машину	722.0	0.0	0.0	1	YES	NO	NO	NO	2	2	1	LOW	NO
2271275793	1948116414	yamasaki скорпион	1.0	0.0	0.0	1	NO	NO	YES	NO	4	1	2	LOW	NO
2271275793	1948116414	автоподвеска мужска	0.0	0.0	0.0	1	NO	YES	NO	NO	2	2	1	LOW	NO
2271275793	1948116414	автоподвеска на зеркало авто для женщин	0.0	0.0	0.0	1	NO	YES	NO	NO	2	2	1	LOW	NO
2271275793	1948116414	амулет зеркало защиты для мужчин	1.0	0.0	0.0	1	NO	NO	YES	NO	2	2	1	LOW	NO
2271275793	1948116414	амулет на удачу в машину	1.0	0.0	0.0	1	NO	NO	YES	NO	2	2	1	LOW	NO
2271275793	1948116414	амулет на шею зеркало	1.0	0.0	0.0	1	NO	NO	NO	YES	2	2	1	LOW	NO
2271275793	1948116414	амулет скорпион на	0.0	0.0	0.0	1	NO	YES	NO	NO	5	0	2	LOW	NO
2271275793	1948116414	амулет черный подвеска	0.0	0.0	0.0	1	NO	YES	NO	NO	2	2	1	LOW	NO
2271275793	1948116414	амулеты обереги и талисманы	99.0	0.0	0.0	1	YES	NO	NO	NO	2	2	1	LOW	NO
2271275793	1948116414	амулеты обереги и талисманы дерево	1.0	0.0	0.0	1	NO	NO	YES	NO	2	2	1	LOW	NO
2271275793	1948116414	амулеты обереги и талисманы зеркалр	0.0	0.0	0.0	1	NO	YES	NO	NO	2	2	1	LOW	NO
2271275793	1948116414	блестящий брелок в машину на зеркало ведьмочка	1.0	0.0	0.0	1	NO	NO	NO	YES	2	2	1	LOW	NO
2271275793	1948116414	брелок амулет для авто на зеркало	1.0	0.0	0.0	1	NO	NO	NO	YES	2	2	1	LOW	NO
2271275793	1948116414	брелок в виде амулета	0.0	0.0	0.0	1	NO	NO	YES	NO	2	2	1	LOW	NO
2271275793	1948116414	брелок в машину военный на зеркало ртв	1.0	0.0	0.0	1	NO	NO	YES	NO	2	2	1	LOW	NO
2271275793	1948116414	брелок в машину на зеркало	200.0	0.0	0.0	1	YES	NO	NO	NO	2	2	1	LOW	NO
2271275793	1948116414	брелок в машину на зеркало домовенок кузя	1.0	0.0	0.0	1	NO	NO	NO	YES	2	2	1	LOW	NO
2271275793	1948116414	брелок в машину на зеркало пушистики	0.0	0.0	0.0	1	NO	YES	NO	NO	2	2	1	LOW	NO
2271275793	1948116414	брелок на зеркало в машину хово	1.0	0.0	0.0	1	NO	NO	YES	NO	2	2	1	LOW	NO
2271275793	1948116414	бусина знак скорпион	0.0	0.0	0.0	1	NO	YES	NO	NO	4	1	1	LOW	NO
2271275793	1948116414	бусина знаки зодиака	2.0	0.0	0.0	1	NO	NO	YES	NO	3	2	1	LOW	NO
2271275793	1948116414	бусы оберег	0.0	0.0	0.0	1	NO	YES	NO	NO	2	2	1	LOW	NO
2271275793	1948116414	в машину	559.0	0.0	0.0	1	YES	NO	NO	NO	2	2	1	LOW	NO
2271275793	1948116414	в машину амулет	0.0	0.0	0.0	1	NO	YES	NO	NO	2	2	1	LOW	NO
2271275793	1948116414	в машину на зеркало	113.0	0.0	0.0	1	YES	NO	NO	NO	2	2	1	LOW	NO
2271275793	1948116414	висюльки в машину на зеркало череп обезьяна	1.0	0.0	0.0	1	NO	NO	NO	YES	2	2	1	LOW	NO
2271275793	1948116414	висючка в машину на зеркало люстра	0.0	0.0	0.0	1	NO	YES	NO	NO	2	2	1	LOW	NO
2271275793	1948116414	декор в машину подвеска	1.0	0.0	0.0	1	NO	NO	YES	NO	2	2	1	LOW	NO
2271275793	1948116414	демон на машину подвеска на стекло маленькие	0.0	0.0	0.0	1	NO	YES	NO	NO	2	2	1	LOW	NO
2271275793	1948116414	деревянный талисман	2.0	0.0	0.0	1	NO	NO	NO	YES	2	2	1	LOW	NO
2271275793	1948116414	домовенок в тележке оберег	0.0	0.0	0.0	1	NO	YES	NO	NO	2	2	1	LOW	NO
2271275793	1948116414	дорожный знак в авто	0.0	0.0	0.0	1	NO	YES	NO	NO	2	2	1	LOW	NO
2271275793	1948116414	зеркало кулон амулет	1.0	0.0	0.0	1	NO	NO	YES	NO	2	2	1	LOW	NO
2271275793	1948116414	знак на авто девушка	1.0	0.0	0.0	1	NO	NO	NO	YES	2	2	1	LOW	NO
2271275793	1948116414	знаки зодиака	103.0	0.0	0.0	1	YES	NO	NO	NO	3	2	1	LOW	NO
2271275793	1948116414	из дерева знаки зодиака в подарок	1.0	0.0	0.0	1	NO	NO	NO	YES	3	2	1	LOW	NO
2271275793	1948116414	камни талисманы скорпионы	1.0	0.0	0.0	1	NO	NO	NO	YES	1	1	0	LOW	NO
2271275793	1948116414	колонки в машину скорпионы	1.0	0.0	0.0	1	NO	NO	NO	YES	1	1	0	LOW	NO
2271275793	1948116414	крест в машину на зеркало не доинный	1.0	0.0	0.0	1	NO	NO	NO	YES	0	0	0	LOW	NO
2271275793	1948116414	кулон мужской зеркало	0.0	0.0	0.0	1	NO	NO	YES	NO	2	2	1	LOW	NO
2271275793	1948116414	кулон на зеркало в машину	4.0	0.0	0.0	1	NO	NO	NO	YES	2	2	1	LOW	NO
2271275793	1948116414	на четки подвеска	1.0	0.0	0.0	1	NO	NO	YES	NO	2	2	1	LOW	NO
2271275793	1948116414	оберег в автомобиль на зеркало	1.0	0.0	0.0	1	NO	NO	YES	NO	2	2	1	LOW	NO
2271275793	1948116414	оберег в машину	686.0	0.0	0.0	1	YES	NO	NO	NO	2	2	1	LOW	NO
2271275793	1948116414	оберег в машину мужской	4.0	0.0	0.0	1	NO	NO	NO	YES	2	2	1	LOW	NO
2271275793	1948116414	оберег в машину на зеркало женский	0.0	0.0	0.0	1	NO	YES	NO	NO	2	2	1	LOW	NO
2271275793	1948116414	оберег мусульманский в машину в форме звезды	0.0	0.0	0.0	1	NO	YES	NO	NO	2	2	1	LOW	NO
2271275793	1948116414	оберег талисман в машину	1.0	0.0	0.0	1	NO	NO	YES	NO	2	2	1	LOW	NO
2271275793	1948116414	подвеска в машину	7092.0	0.0	0.0	1	YES	NO	NO	NO	2	2	1	LOW	NO
2271275793	1948116414	подвеска в машину на зеркало	1367.0	0.0	0.0	1	YES	NO	NO	NO	2	2	1	LOW	NO
2271275793	1948116414	подвеска мужская	210.0	0.0	0.0	1	YES	NO	NO	NO	2	2	1	LOW	NO
2271275793	1948116414	подвеска на зеркало в машину	1261.0	0.0	0.0	1	YES	NO	NO	NO	2	2	1	LOW	NO
2271275793	1948116414	подвеска скорпион	411.0	0.0	0.0	1	YES	NO	NO	NO	5	0	1	LOW	NO
2271275793	1948116414	подвеска скорпион в машину	4.0	0.0	0.0	1	NO	NO	NO	YES	5	0	2	LOW	NO
2271275793	1948116414	скорпион	1852.0	0.0	0.0	1	YES	NO	NO	NO	4	0	1	LOW	NO
2271275793	1948116414	скорпион оберег	4.0	0.0	788.0	1	NO	NO	YES	NO	5	0	2	LOW	NO
2271275793	1948116414	скорпион подвеска	112.0	0.0	0.0	1	YES	NO	NO	NO	5	0	1	LOW	NO
2271275793	1948116414	талисман	100.0	0.0	0.0	1	YES	NO	NO	NO	2	2	1	LOW	NO
2271275793	1948116414	талисман мужской на шею	7.0	0.0	0.0	1	NO	NO	NO	YES	2	2	1	LOW	NO
2271275793	1948116414	четки в машину	1238.0	0.0	0.0	1	YES	NO	NO	NO	2	2	1	LOW	NO
2271285786	1948128035	амулет в автомобиль	6.0	0.0	0.0	1	NO	NO	NO	YES	2	2	1	LOW	NO
2271285786	1948128035	амулеты обереги и талисманы	92.0	0.0	0.0	1	YES	NO	NO	NO	2	2	1	LOW	NO
2271285786	1948128035	амулеты обереги и талисманы зеркалр	0.0	0.0	0.0	1	NO	YES	NO	NO	2	2	1	LOW	NO
2271285786	1948128035	антена на рроп стрелец	0.0	0.0	0.0	1	NO	YES	NO	NO	4	1	2	LOW	NO
2271285786	1948128035	брелок в машину на зеркало пушистики	0.0	0.0	0.0	1	NO	YES	NO	NO	2	2	1	LOW	NO
2271285786	1948128035	брелок в машину на зеркало фига	1.0	0.0	0.0	1	NO	NO	NO	YES	2	2	1	LOW	NO
2271285786	1948128035	брошь стрелец	39.0	0.0	0.0	1	NO	NO	NO	YES	4	1	2	LOW	NO
2271285786	1948128035	бусы для стрельца	1.0	0.0	0.0	1	NO	NO	NO	YES	0	2	0	LOW	NO
2271285786	1948128035	бусы знак зодиака	1.0	0.0	0.0	1	NO	NO	YES	NO	3	2	1	LOW	NO
2271285786	1948128035	в машину подвеска	103.0	0.0	0.0	1	YES	NO	NO	NO	2	2	1	LOW	NO
2271285786	1948128035	в машину подвеска на зеркало скорпион	1.0	0.0	0.0	1	NO	NO	NO	YES	0	0	0	LOW	NO
2271285786	1948128035	голова хищника подвеска в машину	1.0	0.0	0.0	1	NO	NO	YES	NO	2	2	1	LOW	NO
2271285786	1948128035	деревянная коробка для подарка мужчине	2.0	0.0	0.0	1	NO	NO	YES	NO	0	2	0	LOW	NO
2271285786	1948128035	дневник знака зодиака стрелец ♐	1.0	0.0	0.0	1	NO	NO	YES	NO	5	1	2	LOW	NO
2271285786	1948128035	доллар деревянный в машину подвеска на зеркало	1.0	0.0	0.0	1	NO	NO	YES	NO	2	2	1	LOW	NO
2271285786	1948128035	защита для стрельца	0.0	0.0	0.0	1	NO	YES	NO	NO	2	2	1	LOW	NO
2271285786	1948128035	защита для стрельца мужская	1.0	0.0	0.0	1	NO	NO	YES	NO	2	2	1	LOW	NO
2271285786	1948128035	зеркало	7498.0	0.0	0.0	1	YES	NO	NO	NO	2	2	1	LOW	NO
2271285786	1948128035	зеркальный оберег	7.0	0.0	0.0	1	NO	NO	NO	YES	2	2	1	LOW	NO
2271285786	1948128035	знак задиака девы на торт	0.0	0.0	0.0	1	NO	YES	NO	NO	0	2	0	LOW	NO
2271285786	1948128035	знак зодиака стрелец подвеска мужская в машину	0.0	0.0	0.0	1	NO	YES	NO	NO	5	1	2	LOW	NO
2271285786	1948128035	знак новичок на машину смешно	0.0	0.0	0.0	1	NO	YES	NO	NO	2	2	1	LOW	NO
2271285786	1948128035	знак стрелец светодиодная в машину 99	0.0	0.0	0.0	1	NO	YES	NO	NO	5	1	2	LOW	NO
2271285786	1948128035	знаки зодиака	95.0	0.0	0.0	1	YES	NO	NO	NO	3	2	1	LOW	NO
2271285786	1948128035	календарь карманный знаки зодиака	0.0	0.0	0.0	1	NO	YES	NO	NO	3	2	1	LOW	NO
2271285786	1948128035	крест в машину на зеркало	234.0	0.0	0.0	1	YES	NO	NO	NO	0	0	0	LOW	NO
2271285786	1948128035	кролик стрелец и	0.0	0.0	0.0	1	NO	YES	NO	NO	4	1	1	LOW	NO
2271285786	1948128035	"магазин ""стрелец"	0.0	0.0	0.0	1	NO	YES	NO	NO	4	1	1	LOW	NO
2271285786	1948128035	машины с подвеской	0.0	0.0	0.0	1	NO	YES	NO	NO	2	2	1	LOW	NO
2271285786	1948128035	мешочек со смехом подвеска в машину	0.0	0.0	0.0	1	NO	YES	NO	NO	2	2	1	LOW	NO
2271285786	1948128035	на зеркало авто подвеска	11.0	0.0	0.0	1	NO	NO	NO	YES	2	2	1	LOW	NO
2271285786	1948128035	на зеркало автомобиля подвеска мужская	13.0	0.0	0.0	1	NO	NO	NO	YES	2	2	1	LOW	NO
2271285786	1948128035	на зеркало в машину подвеска участник бое	1.0	0.0	0.0	1	NO	NO	YES	NO	2	2	1	LOW	NO
2271285786	1948128035	на зеркало подвеска для машины	1.0	0.0	0.0	1	NO	NO	NO	YES	2	2	1	LOW	NO
2271285786	1948128035	оберег в машину	365.0	0.0	0.0	1	YES	NO	NO	NO	2	2	1	LOW	NO
2271285786	1948128035	оберег в машину машину на зеркало	1.0	0.0	0.0	1	NO	NO	NO	YES	2	2	1	LOW	NO
2271285786	1948128035	оберег деревянный	0.0	0.0	0.0	1	NO	YES	NO	NO	2	2	1	LOW	NO
2271285786	1948128035	оберег из дерева	11.0	0.0	0.0	1	NO	NO	YES	NO	2	2	1	LOW	NO
2271285786	1948128035	оберег с зеркалом	5.0	0.0	0.0	1	NO	NO	YES	NO	2	2	1	LOW	NO
2271285786	1948128035	подвеска в автомобиль	96.0	0.0	0.0	1	YES	NO	NO	NO	2	2	1	LOW	NO
2271285786	1948128035	подвеска в машину	3171.0	0.0	0.0	2	YES	YES	NO	NO	2	2	1	MEDIUM	YES
2271285786	1948128035	подвеска в машину авторская стрелец	1.0	0.0	0.0	1	NO	NO	NO	YES	5	1	1	LOW	NO
2271285786	1948128035	подвеска в машину на зеркало четки	1.0	0.0	0.0	1	NO	NO	NO	YES	2	2	1	LOW	NO
2271285786	1948128035	подвеска зеркал в машине	1.0	0.0	0.0	1	NO	NO	YES	NO	2	2	1	LOW	NO
2271285786	1948128035	подвеска из дерева в машину	3.0	0.0	0.0	1	NO	NO	YES	NO	2	2	1	LOW	NO
2271285786	1948128035	подвеска мужская	172.0	0.0	0.0	1	YES	NO	NO	NO	2	2	1	LOW	NO
2271285786	1948128035	подвеска на зеркало в машине	2.0	0.0	0.0	1	NO	NO	NO	YES	2	2	1	LOW	NO
2271285786	1948128035	подвеска на зеркало в машину	1288.0	0.0	0.0	1	YES	NO	NO	NO	2	2	1	LOW	NO
2271285786	1948128035	подвеска на зеркало девушка	1.0	0.0	0.0	1	NO	NO	YES	NO	2	2	1	LOW	NO
2271285786	1948128035	подвеска на зеркало для автомобиля	2.0	0.0	0.0	1	NO	NO	NO	YES	2	2	1	LOW	NO
2271285786	1948128035	подвеска стрелец позолота	1.0	0.0	0.0	1	NO	NO	YES	NO	5	1	2	LOW	NO
2271285786	1948128035	расческа стрелец	1.0	0.0	0.0	1	NO	NO	YES	NO	4	1	2	LOW	NO
2271285786	1948128035	стрелец	622.0	0.0	0.0	1	YES	NO	NO	NO	4	0	1	LOW	NO
2271285786	1948128035	талисман	927.0	0.0	0.0	1	YES	NO	NO	NO	2	2	1	LOW	NO
2271285786	1948128035	талисман стрельца	1.0	0.0	0.0	1	NO	NO	YES	NO	2	2	1	LOW	NO
2271285786	1948128035	трафарет стрелец знак зодиака для топора	1.0	0.0	0.0	1	NO	NO	NO	YES	5	1	2	LOW	NO
2271285786	1948128035	четки в автомобиль	192.0	0.0	0.0	1	YES	NO	NO	NO	2	2	1	LOW	NO
2271285786	1948128035	четки в машину	137.0	0.0	0.0	1	YES	NO	NO	NO	2	2	1	LOW	NO
2271285786	1948128035	четки в машину на зеркало	143.0	0.0	0.0	1	YES	NO	NO	NO	2	2	1	LOW	NO
2271292556	1948138072	10 шилингов знаки зодиака	1.0	0.0	0.0	1	NO	NO	NO	YES	3	2	1	LOW	NO
2271292556	1948138072	my jewelry телец	1.0	0.0	0.0	1	NO	NO	NO	YES	4	1	2	LOW	NO
2271292556	1948138072	авто подвеска на зеркало	2.0	0.0	0.0	1	NO	NO	YES	NO	2	2	1	LOW	NO
2271292556	1948138072	адамас золото знак зодиака	0.0	0.0	0.0	1	NO	YES	NO	NO	3	2	1	LOW	NO
2271292556	1948138072	амулет для мужчины тельца	1.0	0.0	0.0	1	NO	NO	YES	NO	2	2	1	LOW	NO
2271292556	1948138072	амулет оберег бык	0.0	0.0	0.0	1	NO	YES	NO	NO	2	2	1	LOW	NO
2271292556	1948138072	амулет тельца	1.0	0.0	0.0	1	NO	NO	YES	NO	2	2	1	LOW	NO
2271292556	1948138072	амулет тельца мужской	1.0	0.0	0.0	1	NO	NO	NO	YES	2	2	1	LOW	NO
2271292556	1948138072	амулеты обереги и талисманы	224.0	0.0	0.0	1	YES	NO	NO	NO	2	2	1	LOW	NO
2271292556	1948138072	ароматизвтор в машину на зеркало кофе ваниль	1.0	0.0	0.0	1	NO	NO	YES	NO	2	2	1	LOW	NO
2271292556	1948138072	брелок в машину на зеркало вархаммер	1.0	0.0	0.0	1	NO	NO	YES	NO	2	2	1	LOW	NO
2271292556	1948138072	брелок телец и	0.0	0.0	0.0	1	NO	YES	NO	NO	4	1	2	LOW	NO
2271292556	1948138072	брелок у машину byd на зерколо	0.0	0.0	0.0	1	NO	YES	NO	NO	2	2	1	LOW	NO
2271292556	1948138072	бык в машину	3.0	0.0	0.0	1	NO	NO	NO	YES	2	2	1	LOW	NO
2271292556	1948138072	в машину авулет	0.0	0.0	0.0	1	NO	YES	NO	NO	2	2	1	LOW	NO
2271292556	1948138072	в машину подвеска	105.0	0.0	0.0	1	YES	NO	NO	NO	2	2	1	LOW	NO
2271292556	1948138072	деревянный амулет	1.0	0.0	0.0	1	NO	NO	NO	YES	2	2	1	LOW	NO
2271292556	1948138072	диффузор с палочками знак зодиака телец	1.0	0.0	0.0	1	NO	NO	YES	NO	5	1	2	LOW	NO
2271292556	1948138072	для салона машины подвеска	0.0	0.0	0.0	1	NO	YES	NO	NO	2	2	1	LOW	NO
2271292556	1948138072	защита оберег для машины	1.0	0.0	0.0	1	NO	NO	YES	NO	2	2	1	LOW	NO
2271292556	1948138072	зеркало для магии	3.0	0.0	0.0	1	NO	NO	NO	YES	2	2	1	LOW	NO
2271292556	1948138072	зеркало на велосипед торцевое	1.0	0.0	0.0	1	NO	NO	YES	NO	2	2	1	LOW	NO
2271292556	1948138072	зеркало на машину тойота надия левое	1.0	0.0	0.0	1	NO	NO	NO	YES	2	2	1	LOW	NO
2271292556	1948138072	знак зодиака на машину змееносец	1.0	0.0	0.0	1	NO	NO	YES	NO	3	2	1	LOW	NO
2271292556	1948138072	знак на машину для женщины	1.0	0.0	0.0	1	NO	NO	YES	NO	2	2	1	LOW	NO
2271292556	1948138072	знаки зодиака	95.0	0.0	0.0	1	YES	NO	NO	NO	3	2	1	LOW	NO
2271292556	1948138072	золотой телец	39.0	0.0	0.0	1	NO	NO	NO	YES	4	1	2	LOW	NO
2271292556	1948138072	кулон зеркало оберег	100.0	0.0	0.0	1	YES	NO	NO	NO	2	2	1	LOW	NO
2271292556	1948138072	кулон оеребро телец	1.0	0.0	0.0	1	NO	NO	NO	YES	4	1	2	LOW	NO
2271292556	1948138072	кулон череп телец	1.0	0.0	0.0	1	NO	NO	YES	NO	4	1	2	LOW	NO
2271292556	1948138072	магическое зеркало	47.0	0.0	0.0	1	YES	NO	NO	NO	2	2	1	LOW	NO
2271292556	1948138072	на зеркало в машину подвеска женская сердечко сере	0.0	0.0	0.0	1	NO	YES	NO	NO	2	2	1	LOW	NO
2271292556	1948138072	оберег в машину	402.0	0.0	0.0	1	YES	NO	NO	NO	2	2	1	LOW	NO
2271292556	1948138072	оригинальная подвеска на зерквло	1.0	0.0	0.0	1	NO	NO	NO	YES	2	2	1	LOW	NO
2271292556	1948138072	подвеска в автомобиль	122.0	0.0	0.0	1	YES	NO	NO	NO	2	2	1	LOW	NO
2271292556	1948138072	подвеска в зеркало автомобиля телец	1.0	0.0	0.0	1	NO	NO	NO	YES	5	1	2	LOW	NO
2271292556	1948138072	подвеска в машину	3171.0	0.0	0.0	2	YES	YES	NO	NO	2	2	1	MEDIUM	YES
2271292556	1948138072	подвеска в машину на зеркало женская зодиак	1.0	0.0	0.0	1	NO	NO	YES	NO	3	1	1	LOW	NO
2271292556	1948138072	подвеска в машину на зеркало инь янь	0.0	0.0	0.0	1	NO	YES	NO	NO	2	2	1	LOW	NO
2271292556	1948138072	подвеска в машину на зеркало оскал тигра	0.0	0.0	0.0	1	NO	YES	NO	NO	2	2	1	LOW	NO
2271292556	1948138072	подвеска магическая	3.0	0.0	0.0	1	NO	NO	NO	YES	2	2	1	LOW	NO
2271292556	1948138072	подвеска на авто зеркало	1.0	0.0	0.0	1	NO	NO	NO	YES	2	2	1	LOW	NO
2271292556	1948138072	подвеска на зеркало в машину	1261.0	0.0	0.0	1	YES	NO	NO	NO	2	2	1	LOW	NO
2271292556	1948138072	подвеска оберег на зеркало автомобиля	1.0	0.0	0.0	1	NO	NO	YES	NO	2	2	1	LOW	NO
2271292556	1948138072	подвеска телец	115.0	0.0	0.0	1	YES	NO	NO	NO	5	0	1	LOW	NO
2271292556	1948138072	сережки телец	1.0	0.0	0.0	1	NO	NO	YES	NO	4	1	2	LOW	NO
2271292556	1948138072	талисман	208.0	0.0	0.0	1	YES	NO	NO	NO	2	2	1	LOW	NO
2271292556	1948138072	телец	673.0	0.0	0.0	1	YES	NO	NO	NO	4	0	1	LOW	NO
2271292556	1948138072	телец знакзодиака на стену	0.0	0.0	0.0	1	NO	YES	NO	NO	5	1	2	LOW	NO
2271292556	1948138072	телец колье	1.0	0.0	0.0	1	NO	NO	NO	YES	4	1	2	LOW	NO
2271292556	1948138072	четки в автомобиль	758.0	0.0	0.0	1	YES	NO	NO	NO	2	2	1	LOW	NO
2271292556	1948138072	четки в машину	248.0	0.0	0.0	1	YES	NO	NO	NO	2	2	1	LOW	NO
2271292556	1948138072	четки в машину на зеркало	44.0	0.0	0.0	1	YES	NO	NO	NO	2	2	1	LOW	NO
2271292556	1948138072	четки н	0.0	0.0	0.0	1	NO	YES	NO	NO	2	2	1	LOW	NO
2271292556	1948138072	четки на зеркало с амулетом	1.0	0.0	578.0	1	NO	NO	YES	NO	2	2	1	LOW	NO
2271292556	1948138072	четки на машину знак зодиака	0.0	0.0	0.0	2	NO	YES	NO	YES	3	2	1	MEDIUM	NO
2271292556	1948138072	четки с тр	0.0	0.0	0.0	1	NO	YES	NO	NO	2	2	1	LOW	NO
2271292556	1948138072	четки телец	0.0	0.0	0.0	1	NO	YES	NO	NO	5	0	2	LOW	NO
2326866320	2020661872	cerave	1862.0	0.0	0.0	1	YES	NO	NO	NO	0	2	0	LOW	NO
2326866320	2020661872	адидас спаси и сохрани коыту	0.0	0.0	0.0	1	NO	YES	NO	NO	5	1	2	LOW	NO
2326866320	2020661872	амулет	2123.0	0.0	0.0	1	YES	NO	NO	NO	2	2	1	LOW	NO
2326866320	2020661872	амулет глаз подвеска в машину	1.0	0.0	0.0	1	NO	NO	YES	NO	2	2	1	LOW	NO
2326866320	2020661872	амулет мужской деревянный	1.0	0.0	0.0	1	NO	NO	NO	YES	2	2	1	LOW	NO
2326866320	2020661872	амулет мужской мусульманский	3.0	0.0	0.0	1	NO	NO	YES	NO	2	2	1	LOW	NO
2326866320	2020661872	амулет на брелок в машину	1.0	0.0	0.0	1	NO	NO	NO	YES	2	2	1	LOW	NO
2326866320	2020661872	амулет от сглаза в машину на зеркало	1.0	0.0	0.0	1	NO	NO	YES	NO	2	2	1	LOW	NO
2326866320	2020661872	амулетом на машину	0.0	0.0	0.0	1	NO	YES	NO	NO	2	2	1	LOW	NO
2326866320	2020661872	амулеты	430.0	0.0	0.0	1	YES	NO	NO	NO	2	2	1	LOW	NO
2326866320	2020661872	амулеты и обереги	6.0	0.0	0.0	1	NO	NO	NO	YES	2	2	1	LOW	NO
2326866320	2020661872	амулеты обереги и талисманы	497.0	0.0	0.0	2	YES	YES	NO	NO	2	2	1	MEDIUM	YES
2326866320	2020661872	амулеты обереги и талисманы дерево	1.0	0.0	0.0	1	NO	NO	YES	NO	2	2	1	LOW	NO
2326866320	2020661872	амулеты обереги и талисманы зеркалр	0.0	0.0	0.0	1	NO	YES	NO	NO	2	2	1	LOW	NO
2326866320	2020661872	амулеты обереги кулоны	0.0	0.0	0.0	1	NO	YES	NO	NO	2	2	1	LOW	NO
2326866320	2020661872	баннер православный	2.0	0.0	0.0	1	NO	NO	YES	NO	4	2	2	LOW	NO
2326866320	2020661872	большой крест в машину на зеркало православный	0.0	0.0	0.0	1	NO	YES	NO	NO	0	0	0	LOW	NO
2326866320	2020661872	брелок авто талисман	0.0	0.0	0.0	1	NO	YES	NO	NO	2	2	1	LOW	NO
2326866320	2020661872	брелок амулет на машину	1.0	0.0	0.0	1	NO	NO	YES	NO	2	2	1	LOW	NO
2326866320	2020661872	брелок в машину иконка	2.0	0.0	0.0	1	NO	NO	YES	NO	2	2	1	LOW	NO
2326866320	2020661872	брелок деревянный автомобиль	1.0	0.0	0.0	1	NO	NO	YES	NO	2	2	1	LOW	NO
2326866320	2020661872	брелок на зеркало в машину ловец снов	1.0	0.0	0.0	1	NO	NO	YES	NO	2	2	1	LOW	NO
2326866320	2020661872	брелок оберег деревянный	2.0	0.0	0.0	1	NO	NO	YES	NO	2	2	1	LOW	NO
2326866320	2020661872	брелок оберег от	2.0	0.0	0.0	1	NO	NO	NO	YES	2	2	1	LOW	NO
2326866320	2020661872	брелок оберег от сглаза	12.0	0.0	0.0	1	NO	NO	NO	YES	2	2	1	LOW	NO
2326866320	2020661872	брелок от сглаза	529.0	0.0	0.0	1	YES	NO	NO	NO	2	2	1	LOW	NO
2326866320	2020661872	брелок от склаза в машину	1.0	0.0	0.0	1	NO	NO	NO	YES	2	2	1	LOW	NO
2326866320	2020661872	брелокмтамара спаси и сохрани	1.0	0.0	0.0	1	NO	NO	NO	YES	5	1	2	LOW	NO
2326866320	2020661872	брслет охранный спаси и сохрани	1.0	0.0	0.0	1	NO	NO	NO	YES	5	1	2	LOW	NO
2326866320	2020661872	бусины для подвески на зеркало в машину	0.0	0.0	0.0	1	NO	YES	NO	NO	2	2	1	LOW	NO
2326866320	2020661872	в машину	559.0	0.0	0.0	1	YES	NO	NO	NO	2	2	1	LOW	NO
2326866320	2020661872	в машину авулет	0.0	0.0	0.0	1	NO	YES	NO	NO	2	2	1	LOW	NO
2326866320	2020661872	в машину амулет	0.0	0.0	0.0	1	NO	YES	NO	NO	2	2	1	LOW	NO
2326866320	2020661872	в машину для малыша подвеска	0.0	0.0	0.0	1	NO	YES	NO	NO	2	2	1	LOW	NO
2326866320	2020661872	вонючка в машину оберег от штрафа	0.0	0.0	0.0	1	NO	YES	NO	NO	2	2	1	LOW	NO
2326866320	2020661872	иконка спаси сохрани	1.0	0.0	0.0	1	NO	NO	NO	YES	5	1	2	LOW	NO
2326866320	2020661872	мусульманский оберег	939.0	0.0	0.0	1	YES	NO	NO	NO	2	2	1	LOW	NO
2326866320	2020661872	оберег	3886.0	0.0	0.0	2	YES	NO	NO	YES	2	2	1	MEDIUM	NO
2326866320	2020661872	оберег в машину	1115.0	0.0	0.0	2	YES	YES	NO	NO	2	2	1	MEDIUM	YES
2326866320	2020661872	оберег для дома от сглаза на стену	3.0	0.0	0.0	1	NO	NO	NO	YES	2	2	1	LOW	NO
2326866320	2020661872	оберег от сглаза и порчи	439.0	0.0	0.0	1	YES	NO	NO	NO	2	2	1	LOW	NO
2326866320	2020661872	оберег подвеска в машину	2.0	0.0	0.0	1	NO	NO	YES	NO	2	2	1	LOW	NO
2326866320	2020661872	обереги	490.0	0.0	0.0	1	YES	NO	NO	NO	2	2	1	LOW	NO
2326866320	2020661872	обереготсглаза	0.0	0.0	0.0	1	NO	NO	YES	NO	2	2	1	LOW	NO
2326866320	2020661872	от сглаза в авто	2.0	0.0	0.0	1	NO	NO	NO	YES	2	2	1	LOW	NO
2326866320	2020661872	подвеска в авто оберег	2.0	0.0	0.0	1	NO	NO	NO	YES	2	2	1	LOW	NO
2326866320	2020661872	подвеска в машину	3171.0	0.0	0.0	1	YES	NO	NO	NO	2	2	1	LOW	NO
2326866320	2020661872	подвеска в машину на зеркало	1560.0	0.0	0.0	2	YES	YES	NO	NO	2	2	1	MEDIUM	YES
2326866320	2020661872	подвеска на зеркало в машину	1288.0	0.0	0.0	1	YES	NO	NO	NO	2	2	1	LOW	NO
2326866320	2020661872	провославный оберег в машину	0.0	0.0	831.0	2	NO	YES	YES	NO	2	2	1	MEDIUM	NO
2326866320	2020661872	славянский оберег в машину на зеркало	2.0	0.0	0.0	1	NO	NO	NO	YES	0	0	1	LOW	NO
2326866320	2020661872	спаси и сохрани в машину с подсветкой	6.0	0.0	0.0	1	NO	NO	YES	NO	5	1	2	LOW	NO
2326866320	2020661872	талисман в автомобиль	1.0	0.0	591.0	1	NO	NO	YES	NO	2	2	1	LOW	NO
2326866320	2020661872	талисман от сглаза и порчи	10.0	0.0	0.0	1	NO	NO	NO	YES	2	2	1	LOW	NO
2326866320	2020661872	четки в машину	533.0	0.0	0.0	1	YES	NO	NO	NO	2	2	1	LOW	NO
2559437928	2324003802	акриловая подвеска в машину на зеркало	1.0	0.0	0.0	1	NO	NO	NO	YES	2	2	1	LOW	NO
2559437928	2324003802	аксессуары в машину подвесаа зеркал барабан	0.0	0.0	0.0	1	NO	NO	YES	NO	2	2	1	LOW	NO
2559437928	2324003802	аксессуары в машину подвеска на зеркало	2.0	0.0	0.0	1	NO	NO	NO	YES	2	2	1	LOW	NO
2559437928	2324003802	амулет	1804.0	0.0	0.0	1	YES	NO	NO	NO	2	2	1	LOW	NO
2559437928	2324003802	амулет мужской в машину	2.0	0.0	0.0	1	NO	NO	YES	NO	2	2	1	LOW	NO
2559437928	2324003802	амулет на зеркало оберег в машину	1.0	0.0	0.0	1	NO	NO	NO	YES	2	2	1	LOW	NO
2559437928	2324003802	амулет с зеркалом по	0.0	0.0	0.0	1	NO	YES	NO	NO	2	2	1	LOW	NO
2559437928	2324003802	амулет славянский подарок	1.0	0.0	0.0	1	NO	NO	NO	YES	3	2	1	LOW	NO
2559437928	2324003802	амулетом на машину	0.0	0.0	0.0	1	NO	YES	NO	NO	2	2	1	LOW	NO
2559437928	2324003802	амулеты коло	0.0	0.0	0.0	1	NO	YES	NO	NO	2	2	1	LOW	NO
2559437928	2324003802	амулеты обереги для дома	1.0	0.0	0.0	1	NO	NO	NO	YES	2	2	1	LOW	NO
2559437928	2324003802	амулеты обереги и талисманы	379.0	0.0	0.0	2	YES	YES	NO	NO	2	2	1	MEDIUM	YES
2559437928	2324003802	амулеты славянские	8.0	0.0	0.0	1	NO	NO	NO	YES	3	2	1	LOW	NO
2559437928	2324003802	ароматизатор в машину висячий на зеркало	1.0	0.0	0.0	1	NO	NO	NO	YES	2	2	1	LOW	NO
2559437928	2324003802	бог омулет	0.0	0.0	0.0	1	NO	YES	NO	NO	0	2	0	LOW	NO
2559437928	2324003802	бог чур наклейка оберег	0.0	0.0	0.0	1	NO	YES	NO	NO	1	1	0	LOW	NO
2559437928	2324003802	брелок в машину на зеркало пушистики	0.0	0.0	0.0	1	NO	YES	NO	NO	2	2	1	LOW	NO
2559437928	2324003802	брелок в машину от сглаза	1.0	0.0	0.0	1	NO	NO	YES	NO	2	2	1	LOW	NO
2559437928	2324003802	брелок у машину byd на зерколо	0.0	0.0	0.0	1	NO	YES	NO	NO	2	2	1	LOW	NO
2559437928	2324003802	бусины для терм	0.0	0.0	0.0	1	NO	YES	NO	NO	0	2	0	LOW	NO
2559437928	2324003802	в дом оберег	2.0	0.0	0.0	1	NO	NO	NO	YES	2	2	1	LOW	NO
2559437928	2324003802	в машину кулон от сглаза	1.0	0.0	0.0	1	NO	NO	NO	YES	2	2	1	LOW	NO
2559437928	2324003802	в машину славянский	1.0	0.0	0.0	1	NO	NO	NO	YES	3	2	1	LOW	NO
2559437928	2324003802	висюлька на зеркало в машину ароматизатор мазда	1.0	0.0	0.0	1	NO	NO	NO	YES	2	2	1	LOW	NO
2559437928	2324003802	гусь обнимусь подвеска на нитке в машину	1.0	0.0	0.0	1	NO	NO	NO	YES	2	2	1	LOW	NO
2559437928	2324003802	дикий вепрь славянская подвеска	1.0	0.0	0.0	1	NO	NO	NO	YES	3	2	1	LOW	NO
2559437928	2324003802	для машины в салон на зеркало подвескп	0.0	0.0	0.0	1	NO	YES	NO	NO	2	2	1	LOW	NO
2559437928	2324003802	коловрат	1717.0	0.0	0.0	1	YES	NO	NO	NO	0	2	0	LOW	NO
2559437928	2324003802	коловрат подвеска	316.0	0.0	0.0	1	NO	NO	YES	NO	2	2	1	LOW	NO
2559437928	2324003802	наклейка чур	1.0	0.0	804.0	1	NO	NO	YES	NO	1	1	0	LOW	NO
2559437928	2324003802	оберег	1889.0	0.0	0.0	1	YES	NO	NO	NO	2	2	1	LOW	NO
2559437928	2324003802	оберег в машину	1068.0	0.0	0.0	1	YES	NO	NO	NO	2	2	1	LOW	NO
2559437928	2324003802	оберег в машину мужской на зеркало	2.0	0.0	0.0	1	NO	NO	YES	NO	2	2	1	LOW	NO
2559437928	2324003802	оберег для дома	2087.0	0.0	0.0	1	YES	NO	NO	NO	2	2	1	LOW	NO
2559437928	2324003802	оберег от сглаза и порчи	465.0	0.0	0.0	1	YES	NO	NO	NO	2	2	1	LOW	NO
2559437928	2324003802	оберег славянский	171.0	0.0	716.0	1	NO	NO	YES	NO	3	2	1	LOW	NO
2559437928	2324003802	обереги	140.0	0.0	0.0	2	NO	YES	YES	NO	2	2	1	MEDIUM	YES
2559437928	2324003802	обереготсглаза	0.0	0.0	0.0	1	NO	YES	NO	NO	2	2	1	LOW	NO
2559437928	2324003802	от сглаза	506.0	0.0	0.0	1	YES	NO	NO	NO	2	2	1	LOW	NO
2559437928	2324003802	подвеска в машину	3171.0	0.0	0.0	1	YES	NO	NO	NO	2	2	1	LOW	NO
2559437928	2324003802	подвеска в машину на зеркало	0.0	0.0	0.0	1	NO	YES	NO	NO	2	2	1	LOW	NO
2559437928	2324003802	подвеска из акрила	2.0	0.0	0.0	1	NO	NO	YES	NO	2	2	1	LOW	NO
2559437928	2324003802	подвеска на зеркало в машину	1130.0	0.0	0.0	1	YES	NO	NO	NO	2	2	1	LOW	NO
2559437928	2324003802	руны в машину	3.0	0.0	0.0	1	NO	NO	NO	YES	2	2	1	LOW	NO
2559437928	2324003802	славянские обереги	936.0	0.0	0.0	2	YES	YES	NO	NO	3	2	1	MEDIUM	YES
2559437928	2324003802	славянские украшения	324.0	0.0	0.0	1	YES	NO	NO	NO	3	2	1	LOW	NO
2559437928	2324003802	славянский оберег	498.0	0.0	663.0	2	YES	NO	YES	NO	3	2	1	MEDIUM	NO
2559437928	2324003802	славянский оберег в машину	33.0	0.0	1528.0	1	NO	NO	YES	NO	3	2	1	LOW	NO
2559437928	2324003802	славянский оберег для ключей дома	0.0	0.0	829.0	2	NO	YES	YES	NO	3	2	1	MEDIUM	NO
2559437928	2324003802	славянский оберег мужской в машину	1.0	0.0	788.0	1	NO	NO	YES	NO	3	2	1	LOW	NO
2559437928	2324003802	талисман	596.0	0.0	0.0	1	YES	NO	NO	NO	2	2	1	LOW	NO
2559437928	2324003802	четки в автомобиль славянские в машину	1.0	0.0	716.0	1	NO	NO	YES	NO	3	2	1	LOW	NO
2559437928	2324003802	чур	359.0	0.0	0.0	1	YES	NO	NO	NO	1	0	0	LOW	NO
2559437928	2324003802	чур амулет	2.0	0.0	0.0	1	NO	NO	YES	NO	1	0	0	LOW	NO
2559437928	2324003802	эзотерика	84.0	0.0	0.0	1	NO	NO	NO	YES	0	2	0	LOW	NO
2559748332	2324384021	no pasaran подвеска в машину	1.0	0.0	0.0	2	NO	YES	NO	YES	2	2	1	MEDIUM	NO
2559748332	2324384021	{value}	1.0	0.0	648.0	2	NO	YES	YES	NO	0	2	0	MEDIUM	NO
2559748332	2324384021	авто аксессуары на зеркало	1.0	0.0	0.0	1	NO	NO	YES	NO	2	2	1	LOW	NO
2559748332	2324384021	автомобиль мусульманский	1.0	0.0	0.0	2	NO	YES	NO	YES	2	2	1	MEDIUM	NO
2559748332	2324384021	автомобильный талисман оберег на зеркало	1.0	0.0	0.0	2	NO	YES	NO	YES	2	2	1	MEDIUM	NO
2559748332	2324384021	автоподвеска мужска	0.0	0.0	0.0	1	NO	YES	NO	NO	2	2	1	LOW	NO
2559748332	2324384021	акриловая подвеска в машину на зеркало	1.0	0.0	0.0	1	NO	YES	NO	NO	2	2	1	LOW	NO
2559748332	2324384021	аксессуар на зеркало	1.0	0.0	0.0	1	NO	NO	YES	NO	2	2	1	LOW	NO
2559748332	2324384021	аксессуары в машину подвеска	1.0	0.0	0.0	2	NO	YES	NO	YES	2	2	1	MEDIUM	NO
2559748332	2324384021	аксессуары для машины в подарок мужчине подвески на зеркало	1.0	0.0	0.0	2	NO	YES	NO	YES	2	2	1	MEDIUM	NO
2559748332	2324384021	аксессуары на зеркало в атомобиль	0.0	0.0	0.0	1	NO	YES	NO	NO	2	2	1	LOW	NO
2559748332	2324384021	аксессуары на машину герб	1.0	0.0	0.0	1	NO	NO	YES	NO	5	0	2	LOW	NO
2559748332	2324384021	амулет для автомобиля в машину на зеркало	1.0	0.0	0.0	1	NO	NO	YES	NO	2	2	1	LOW	NO
2559748332	2324384021	амулет зеркало оберег	2.0	0.0	0.0	1	NO	NO	NO	YES	2	2	1	LOW	NO
2559748332	2324384021	амулет мужской на зеркало щаднего вида	1.0	0.0	0.0	1	NO	YES	NO	NO	2	2	1	LOW	NO
2559748332	2324384021	амулет на зеркало автомобиля	2.0	0.0	0.0	1	NO	NO	NO	YES	2	2	1	LOW	NO
2559748332	2324384021	амулет с зеркалом	11.0	0.0	0.0	1	NO	NO	NO	YES	2	2	1	LOW	NO
2559748332	2324384021	амулеты обереги и талисманы	0.0	0.0	0.0	1	NO	YES	NO	NO	2	2	1	LOW	NO
2559748332	2324384021	ароматизатор в машину на зеркало в виде касеты	1.0	0.0	0.0	1	NO	YES	NO	NO	2	2	1	LOW	NO
2559748332	2324384021	брелок славянский оберег	15.0	0.0	0.0	1	NO	NO	NO	YES	0	0	1	LOW	NO
2559748332	2324384021	в машину	1556.0	0.0	0.0	1	YES	NO	NO	NO	2	2	1	LOW	NO
2559748332	2324384021	в машину на зеркало	226.0	0.0	0.0	1	NO	NO	NO	YES	2	2	1	LOW	NO
2559748332	2324384021	в машину подвеска на зеркало	32.0	0.0	0.0	1	NO	NO	NO	YES	2	2	1	LOW	NO
2559748332	2324384021	герб	1756.0	0.0	0.0	1	YES	NO	NO	NO	5	0	2	LOW	NO
2559748332	2324384021	зеркало	8794.0	0.0	0.0	1	YES	NO	NO	NO	2	2	1	LOW	NO
2559748332	2324384021	зеркало амулет	4.0	0.0	0.0	1	NO	NO	YES	NO	2	2	1	LOW	NO
2559748332	2324384021	зеркальный амулет	5.0	0.0	0.0	1	NO	NO	YES	NO	2	2	1	LOW	NO
2559748332	2324384021	крест в машину	637.0	0.0	0.0	1	YES	NO	NO	NO	0	0	0	LOW	NO
2559748332	2324384021	крест в машину на зеркало	942.0	0.0	0.0	1	YES	NO	NO	NO	0	0	0	LOW	NO
2559748332	2324384021	оберег	1951.0	0.0	0.0	1	YES	NO	NO	NO	2	2	1	LOW	NO
2559748332	2324384021	оберег автомобильный	7.0	0.0	0.0	1	NO	NO	NO	YES	2	2	1	LOW	NO
2559748332	2324384021	оберег в машину	1238.0	0.0	0.0	2	YES	NO	YES	NO	2	2	1	MEDIUM	NO
2559748332	2324384021	оберег на шею мужской славянский	6.0	0.0	0.0	1	NO	NO	YES	NO	0	0	0	LOW	NO
2559748332	2324384021	обереготсглаза	0.0	0.0	0.0	1	NO	YES	NO	NO	2	2	1	LOW	NO
2559748332	2324384021	подарок мужчине на день рождения	2239.0	0.0	0.0	1	YES	NO	NO	NO	0	2	0	LOW	NO
2559748332	2324384021	подвеска	4638.0	0.0	0.0	1	YES	NO	NO	NO	2	2	1	LOW	NO
2559748332	2324384021	подвеска в машину	7092.0	0.0	1988.0	2	YES	NO	YES	NO	2	2	1	MEDIUM	YES
2559748332	2324384021	подвеска в машину на зеркало	6256.0	0.0	1334.0	2	YES	NO	YES	NO	2	2	1	MEDIUM	NO
2559748332	2324384021	подвеска в машину на зеркало с кисточкой	2.0	0.0	0.0	1	NO	NO	YES	NO	2	2	1	LOW	NO
2559748332	2324384021	подвеска герб в машину	13.0	0.0	551.0	1	NO	NO	YES	NO	5	0	2	LOW	NO
2559748332	2324384021	подвеска дерева мужская	0.0	0.0	0.0	1	NO	YES	NO	NO	2	2	1	LOW	NO
2559748332	2324384021	подвеска мужская	5322.0	0.0	0.0	1	YES	NO	NO	NO	2	2	1	LOW	NO
2559748332	2324384021	подвеска на зеркало	646.0	0.0	0.0	1	YES	NO	NO	NO	2	2	1	LOW	NO
2559748332	2324384021	подвеска на зеркало в машину	1288.0	0.0	0.0	1	YES	NO	NO	NO	2	2	1	LOW	NO
2559748332	2324384021	подвеска на зеркало в машину киа	2.0	0.0	0.0	1	NO	NO	NO	YES	2	2	1	LOW	NO
2559748332	2324384021	подвески в автомобиль на зеркало	5.0	0.0	0.0	1	NO	NO	NO	YES	2	2	1	LOW	NO
2559748332	2324384021	талисман	609.0	0.0	0.0	1	YES	NO	NO	NO	2	2	1	LOW	NO
2559748332	2324384021	талисман в машину женский	7.0	0.0	0.0	1	NO	NO	NO	YES	2	2	1	LOW	NO
2559748332	2324384021	талисман в машину мужской	18.0	0.0	551.0	1	NO	NO	YES	NO	2	2	1	LOW	NO
2559748332	2324384021	талисманудачи	0.0	0.0	0.0	1	NO	YES	NO	NO	2	2	1	LOW	NO
2559817779	2324467855	автооберег	1.0	0.0	0.0	1	NO	NO	YES	NO	2	2	1	LOW	NO
2559817779	2324467855	амулет зеркало	5.0	0.0	0.0	1	NO	NO	NO	YES	2	2	1	LOW	NO
2559817779	2324467855	арома подвеска в машину на зеркало мужская	1.0	0.0	0.0	1	NO	NO	YES	NO	2	2	1	LOW	NO
2559817779	2324467855	брелок в машину мягкий на зеркало	1.0	0.0	0.0	1	NO	NO	YES	NO	2	2	1	LOW	NO
2559817779	2324467855	брелок в машину на зеркало	92.0	0.0	0.0	1	YES	NO	NO	NO	2	2	1	LOW	NO
2559817779	2324467855	в машину для мужчины амулет	1.0	0.0	0.0	1	NO	NO	NO	YES	2	2	1	LOW	NO
2559817779	2324467855	в машину на зеркало подвеска	64.0	0.0	0.0	1	YES	NO	NO	NO	2	2	1	LOW	NO
2559817779	2324467855	герб рости наклека на машину	0.0	0.0	0.0	1	NO	YES	NO	NO	5	1	2	LOW	NO
2559817779	2324467855	голова вуду подвеска на зеркало	1.0	0.0	0.0	1	NO	NO	NO	YES	2	2	1	LOW	NO
2559817779	2324467855	для машины в салон на зеркало подвескп	0.0	0.0	0.0	2	NO	YES	NO	YES	2	2	1	MEDIUM	NO
2559817779	2324467855	дракон в машину на зеркало	0.0	0.0	0.0	1	NO	YES	NO	NO	2	2	1	LOW	NO
2559817779	2324467855	звезда на зеркало в машину	6.0	0.0	0.0	1	NO	NO	NO	YES	0	0	0	LOW	NO
2559817779	2324467855	зеркало талисман	1.0	0.0	0.0	1	NO	NO	NO	YES	2	2	1	LOW	NO
2559817779	2324467855	крест а зеркало в машину	0.0	0.0	0.0	1	NO	YES	NO	NO	0	0	0	LOW	NO
2559817779	2324467855	крест в машину на зеркало серый	0.0	0.0	0.0	1	NO	YES	NO	NO	0	0	0	LOW	NO
2559817779	2324467855	крест деревянный в авто	0.0	0.0	0.0	1	NO	YES	NO	NO	0	0	0	LOW	NO
2559817779	2324467855	кровь дерево подвеска на шею	1.0	0.0	0.0	1	NO	NO	YES	NO	2	2	1	LOW	NO
2559817779	2324467855	крутящийся ароматизатор в машину подвеска на зеркало	1.0	0.0	0.0	1	NO	NO	YES	NO	2	2	1	LOW	NO
2559817779	2324467855	кулон на зеркало в машину	2.0	0.0	0.0	1	NO	NO	NO	YES	2	2	1	LOW	NO
2559817779	2324467855	лампа подвеска в машину	0.0	0.0	0.0	1	NO	YES	NO	NO	2	2	1	LOW	NO
2559817779	2324467855	мотоцикл подвеска в машину	1.0	0.0	0.0	1	NO	NO	YES	NO	2	2	1	LOW	NO
2559817779	2324467855	мусульманский оберег	40.0	0.0	0.0	1	YES	NO	NO	NO	2	2	1	LOW	NO
2559817779	2324467855	мусульманский оберег в машину	11.0	0.0	0.0	1	NO	NO	YES	NO	2	2	1	LOW	NO
2559817779	2324467855	на зеркало автомобиля подвеска герю	0.0	0.0	0.0	1	NO	YES	NO	NO	2	2	1	LOW	NO
2559817779	2324467855	на зеркало в машину подвеска	264.0	0.0	0.0	1	YES	NO	NO	NO	2	2	1	LOW	NO
2559817779	2324467855	на зеркало в машину подвеска участник бое	1.0	0.0	0.0	1	NO	NO	NO	YES	2	2	1	LOW	NO
2559817779	2324467855	обеоег на зеркало в машину мусульманская	1.0	0.0	0.0	1	NO	NO	NO	YES	2	2	1	LOW	NO
2559817779	2324467855	оберег амулет в машину с волосами	1.0	0.0	0.0	1	NO	NO	YES	NO	2	2	1	LOW	NO
2559817779	2324467855	оберег в машину	118.0	0.0	0.0	1	YES	NO	NO	NO	2	2	1	LOW	NO
2559817779	2324467855	оберег в машину тойота	1.0	0.0	0.0	1	NO	NO	NO	YES	2	2	1	LOW	NO
2559817779	2324467855	оберег для водителя в машину	3.0	0.0	0.0	1	NO	NO	YES	NO	2	2	1	LOW	NO
2559817779	2324467855	оберег зеркало на шею подвеска	1.0	0.0	0.0	1	NO	NO	NO	YES	2	2	1	LOW	NO
2559817779	2324467855	оберег на зеркала	1.0	0.0	0.0	1	NO	NO	NO	YES	2	2	1	LOW	NO
2559817779	2324467855	оберег на машину	3.0	0.0	0.0	1	NO	NO	YES	NO	2	2	1	LOW	NO
2559817779	2324467855	обереготсглаза	0.0	0.0	0.0	1	NO	YES	NO	NO	2	2	1	LOW	NO
2559817779	2324467855	подвес в машину на зеркало	103.0	0.0	0.0	1	YES	NO	NO	NO	2	2	1	LOW	NO
2559817779	2324467855	подвеска в автомобиль	243.0	0.0	0.0	1	YES	NO	NO	NO	2	2	1	LOW	NO
2559817779	2324467855	подвеска в автомобиль на зеркало	193.0	0.0	0.0	1	YES	NO	NO	NO	2	2	1	LOW	NO
2559817779	2324467855	подвеска в машину	6107.0	0.0	0.0	1	YES	NO	NO	NO	2	2	1	LOW	NO
2559817779	2324467855	подвеска в машину большая	1.0	0.0	0.0	1	NO	NO	YES	NO	2	2	1	LOW	NO
2559817779	2324467855	подвеска в машину герб	43.0	0.0	0.0	1	YES	NO	NO	NO	5	0	2	LOW	NO
2559817779	2324467855	подвеска в машину на зеркало	5999.0	0.0	0.0	1	YES	NO	NO	NO	2	2	1	LOW	NO
2559817779	2324467855	подвеска в машину на зеркало георгиевская	1.0	0.0	0.0	1	NO	NO	YES	NO	2	2	1	LOW	NO
2559817779	2324467855	подвеска в машину на зеркало же	0.0	0.0	0.0	1	NO	YES	NO	NO	2	2	1	LOW	NO
2559817779	2324467855	подвеска в машину на зеркало инь янь	0.0	0.0	0.0	1	NO	YES	NO	NO	2	2	1	LOW	NO
2559817779	2324467855	подвеска в машину на зеркало мужская шайба	0.0	0.0	0.0	1	NO	YES	NO	NO	2	2	1	LOW	NO
2559817779	2324467855	подвеска в машину на зеркало питбуль	0.0	0.0	0.0	1	NO	YES	NO	NO	2	2	1	LOW	NO
2559817779	2324467855	подвеска в машину на зеркало россиянка	0.0	0.0	0.0	1	NO	YES	NO	NO	2	2	1	LOW	NO
2559817779	2324467855	подвеска в машину на зеркало с крестом провославным	1.0	0.0	0.0	1	NO	NO	NO	YES	2	2	1	LOW	NO
2559817779	2324467855	подвеска на зеркало	553.0	0.0	0.0	1	YES	NO	NO	NO	2	2	1	LOW	NO
2559817779	2324467855	подвеска на зеркало в авто	40.0	0.0	0.0	1	YES	NO	NO	NO	2	2	1	LOW	NO
2559817779	2324467855	подвеска на зеркало в машину	956.0	0.0	0.0	1	YES	NO	NO	NO	2	2	1	LOW	NO
2559817779	2324467855	подвеска на зеркало в машину мужская скалодаз	1.0	0.0	0.0	1	NO	NO	YES	NO	2	2	1	LOW	NO
2559817779	2324467855	подвеска на зеркало в машину топор	0.0	0.0	0.0	1	NO	NO	YES	NO	2	2	1	LOW	NO
2559817779	2324467855	подвеска на машину	50.0	0.0	0.0	1	YES	NO	NO	NO	2	2	1	LOW	NO
2559817779	2324467855	россия белоруссия флаг на присоске в машину	1.0	0.0	0.0	1	NO	NO	YES	NO	1	1	0	LOW	NO
2559817779	2324467855	русская подвескс	1.0	0.0	0.0	1	NO	NO	NO	YES	2	2	1	LOW	NO
2559817779	2324467855	флаги россии маленькие на присоске в машину	1.0	0.0	0.0	1	NO	NO	NO	YES	5	1	2	LOW	NO
2559817779	2324467855	шифрондля школы герб россии	0.0	0.0	0.0	1	NO	YES	NO	NO	5	1	2	LOW	NO
