sku	product_id	query_or_cluster	relevance_state	observed_search_users	observed_orders	observed_gmv	existing_card_coverage	semantic_gap	ownership_risk	decision_state	suggested_destination_field	why	confidence	human_review_required
1602715556	1082852354	авто стиль	GENERIC_RELEVANT	1.0	0.0	0.0	GAP_PRESENT	GAP_PRESENT	LOW	FAMILY_CANDIDATE	LONG_DESCRIPTION	GENERIC_RELEVANT; coverage=GAP_PRESENT; ownership=FAMILY_SHARED; observed slices=1.	0.76	YES
1602715556	1082852354	авторская подвеска на зеркало газель	GENERIC_RELEVANT	1.0	0.0	0.0	GAP_PRESENT	GAP_PRESENT	LOW	FAMILY_CANDIDATE	LONG_DESCRIPTION	GENERIC_RELEVANT; coverage=GAP_PRESENT; ownership=FAMILY_SHARED; observed slices=1.	0.76	YES
1602715556	1082852354	адыгейски подвески костюмы на машину	GENERIC_RELEVANT	1.0	0.0	0.0	GAP_PRESENT	GAP_PRESENT	LOW	FAMILY_CANDIDATE	LONG_DESCRIPTION	GENERIC_RELEVANT; coverage=GAP_PRESENT; ownership=FAMILY_SHARED; observed slices=1.	0.76	YES
1602715556	1082852354	аксессуары для авто самурай	GENERIC_RELEVANT	0.0	0.0	0.0	GAP_PRESENT	GAP_PRESENT	LOW	FAMILY_CANDIDATE	LONG_DESCRIPTION	GENERIC_RELEVANT; coverage=GAP_PRESENT; ownership=FAMILY_SHARED; observed slices=1.	0.76	YES
1602715556	1082852354	аксессуары самурая	GENERIC_RELEVANT	2.0	0.0	0.0	GAP_PRESENT	GAP_PRESENT	LOW	FAMILY_CANDIDATE	LONG_DESCRIPTION	GENERIC_RELEVANT; coverage=GAP_PRESENT; ownership=FAMILY_SHARED; observed slices=1.	0.72	YES
1602715556	1082852354	амулет бусина	GENERIC_RELEVANT	0.0	0.0	0.0	GAP_PRESENT	GAP_PRESENT	LOW	FAMILY_CANDIDATE	LONG_DESCRIPTION	GENERIC_RELEVANT; coverage=GAP_PRESENT; ownership=STORE_GENERIC; observed slices=1.	0.72	YES
1602715556	1082852354	амулет зеркало магическое	GENERIC_RELEVANT	1.0	0.0	0.0	GAP_PRESENT	GAP_PRESENT	LOW	FAMILY_CANDIDATE	LONG_DESCRIPTION	GENERIC_RELEVANT; coverage=GAP_PRESENT; ownership=FAMILY_SHARED; observed slices=1.	0.76	YES
1602715556	1082852354	амулет японский на шею	GENERIC_RELEVANT	3.0	0.0	0.0	GAP_PRESENT	GAP_PRESENT	LOW	FAMILY_CANDIDATE	LONG_DESCRIPTION	GENERIC_RELEVANT; coverage=GAP_PRESENT; ownership=FAMILY_SHARED; observed slices=1.	0.72	YES
1602715556	1082852354	амулет японский самурай	GENERIC_RELEVANT	1.0	0.0	0.0	GAP_PRESENT	GAP_PRESENT	LOW	FAMILY_CANDIDATE	LONG_DESCRIPTION	GENERIC_RELEVANT; coverage=GAP_PRESENT; ownership=FAMILY_SHARED; observed slices=1.	0.72	YES
1602715556	1082852354	амулеты обереги и талисманы зеркалр	GENERIC_RELEVANT	0.0	0.0	0.0	GAP_PRESENT	GAP_PRESENT	LOW	FAMILY_CANDIDATE	LONG_DESCRIPTION	GENERIC_RELEVANT; coverage=GAP_PRESENT; ownership=STORE_GENERIC; observed slices=1.	0.76	YES
1602715556	1082852354	ароматизатор в машину веселый роджер на зеркало	GENERIC_RELEVANT	1.0	0.0	0.0	GAP_PRESENT	GAP_PRESENT	LOW	FAMILY_CANDIDATE	LONG_DESCRIPTION	GENERIC_RELEVANT; coverage=GAP_PRESENT; ownership=FAMILY_SHARED; observed slices=1.	0.76	YES
1602715556	1082852354	боковое зеркало на машину атлант левое	GENERIC_RELEVANT	0.0	0.0	0.0	GAP_PRESENT	GAP_PRESENT	LOW	FAMILY_CANDIDATE	LONG_DESCRIPTION	GENERIC_RELEVANT; coverage=GAP_PRESENT; ownership=STORE_GENERIC; observed slices=1.	0.76	YES
1602715556	1082852354	браслет зеркало оберег	GENERIC_RELEVANT	1.0	0.0	0.0	GAP_PRESENT	GAP_PRESENT	LOW	FAMILY_CANDIDATE	LONG_DESCRIPTION	GENERIC_RELEVANT; coverage=GAP_PRESENT; ownership=FAMILY_SHARED; observed slices=1.	0.76	YES
1602715556	1082852354	браслет каловрат	AMBIGUOUS_HOLD	1.0	0.0	0.0	GAP_PRESENT	GAP_PRESENT	MEDIUM	HOLD_AMBIGUOUS	HOLD	AMBIGUOUS_HOLD; coverage=GAP_PRESENT; ownership=UNCLEAR; observed slices=1.	0.42	YES
1602715556	1082852354	браслет самурай	AMBIGUOUS_HOLD	1.0	0.0	0.0	GAP_PRESENT	GAP_PRESENT	MEDIUM	HOLD_AMBIGUOUS	HOLD	AMBIGUOUS_HOLD; coverage=GAP_PRESENT; ownership=UNCLEAR; observed slices=1.	0.42	YES
1602715556	1082852354	брелок в машину на зеркало пушистики	GENERIC_RELEVANT	0.0	0.0	0.0	GAP_PRESENT	GAP_PRESENT	LOW	FAMILY_CANDIDATE	LONG_DESCRIPTION	GENERIC_RELEVANT; coverage=GAP_PRESENT; ownership=STORE_GENERIC; observed slices=1.	0.76	YES
1602715556	1082852354	брелок в машину на зеркало спартанец	GENERIC_RELEVANT	0.0	0.0	0.0	GAP_PRESENT	GAP_PRESENT	LOW	FAMILY_CANDIDATE	LONG_DESCRIPTION	GENERIC_RELEVANT; coverage=GAP_PRESENT; ownership=FAMILY_SHARED; observed slices=1.	0.76	YES
1602715556	1082852354	брелок в машину на зеркало хоккей локомотив	GENERIC_RELEVANT	0.0	0.0	0.0	GAP_PRESENT	GAP_PRESENT	LOW	FAMILY_CANDIDATE	LONG_DESCRIPTION	GENERIC_RELEVANT; coverage=GAP_PRESENT; ownership=FAMILY_SHARED; observed slices=1.	0.76	YES
1602715556	1082852354	брелок на зеркало в машину бус	GENERIC_RELEVANT	0.0	0.0	0.0	GAP_PRESENT	GAP_PRESENT	LOW	FAMILY_CANDIDATE	LONG_DESCRIPTION	GENERIC_RELEVANT; coverage=GAP_PRESENT; ownership=FAMILY_SHARED; observed slices=1.	0.76	YES
1602715556	1082852354	брелок прапорщик полиции в машину на зеркало	GENERIC_RELEVANT	1.0	0.0	0.0	GAP_PRESENT	GAP_PRESENT	LOW	FAMILY_CANDIDATE	LONG_DESCRIPTION	GENERIC_RELEVANT; coverage=GAP_PRESENT; ownership=FAMILY_SHARED; observed slices=1.	0.76	YES
1602715556	1082852354	бусы коловрат	AMBIGUOUS_HOLD	0.0	0.0	0.0	GAP_PRESENT	GAP_PRESENT	MEDIUM	HOLD_AMBIGUOUS	HOLD	AMBIGUOUS_HOLD; coverage=GAP_PRESENT; ownership=UNCLEAR; observed slices=1.	0.42	YES
1602715556	1082852354	бусы на зерколо	AMBIGUOUS_HOLD	1.0	0.0	0.0	GAP_PRESENT	GAP_PRESENT	MEDIUM	HOLD_AMBIGUOUS	HOLD	AMBIGUOUS_HOLD; coverage=GAP_PRESENT; ownership=UNCLEAR; observed slices=1.	0.42	YES
1602715556	1082852354	бусы японские мужские браслет	AMBIGUOUS_HOLD	0.0	0.0	0.0	GAP_PRESENT	GAP_PRESENT	MEDIUM	HOLD_AMBIGUOUS	HOLD	AMBIGUOUS_HOLD; coverage=GAP_PRESENT; ownership=UNCLEAR; observed slices=1.	0.42	YES
1602715556	1082852354	бутсы футбольные на зеркало подвеска	GENERIC_RELEVANT	1.0	0.0	0.0	GAP_PRESENT	GAP_PRESENT	LOW	FAMILY_CANDIDATE	LONG_DESCRIPTION	GENERIC_RELEVANT; coverage=GAP_PRESENT; ownership=STORE_GENERIC; observed slices=1.	0.76	YES
1602715556	1082852354	висюлька на зеркало в машину женская bmv	GENERIC_RELEVANT	1.0	0.0	0.0	GAP_PRESENT	GAP_PRESENT	LOW	FAMILY_CANDIDATE	LONG_DESCRIPTION	GENERIC_RELEVANT; coverage=GAP_PRESENT; ownership=STORE_GENERIC; observed slices=1.	0.76	YES
1602715556	1082852354	вонючка дельфин в машину синяя на зеркало	GENERIC_RELEVANT	0.0	0.0	0.0	GAP_PRESENT	GAP_PRESENT	LOW	FAMILY_CANDIDATE	LONG_DESCRIPTION	GENERIC_RELEVANT; coverage=GAP_PRESENT; ownership=STORE_GENERIC; observed slices=1.	0.76	YES
1602715556	1082852354	герб россии на зеркало деревянный в машину	NEIGHBOR_PRODUCT	1.0	0.0	0.0	NOT_APPLICABLE	NOT_APPLICABLE	LOW	REJECT_NEIGHBOR	NONE	NEIGHBOR_PRODUCT; coverage=NOT_APPLICABLE; ownership=EXCLUDED; observed slices=1.	0.96	NO
1602715556	1082852354	демон на машину подвеска на стекло маленькие	GENERIC_RELEVANT	0.0	0.0	0.0	GAP_PRESENT	GAP_PRESENT	LOW	FAMILY_CANDIDATE	LONG_DESCRIPTION	GENERIC_RELEVANT; coverage=GAP_PRESENT; ownership=STORE_GENERIC; observed slices=1.	0.76	YES
1602715556	1082852354	зеркало	GENERIC_RELEVANT	23675.0	0.0	0.0	NO_GAP	NO_GAP	LOW	NO_CHANGE	NONE	GENERIC_RELEVANT; coverage=NO_GAP; ownership=STORE_GENERIC; observed slices=1.	0.76	NO
1602715556	1082852354	зеркало иг	GENERIC_RELEVANT	0.0	0.0	0.0	GAP_PRESENT	GAP_PRESENT	LOW	FAMILY_CANDIDATE	LONG_DESCRIPTION	GENERIC_RELEVANT; coverage=GAP_PRESENT; ownership=FAMILY_SHARED; observed slices=1.	0.76	YES
1602715556	1082852354	коловрат	AMBIGUOUS_HOLD	1707.0	0.0	0.0	GAP_PRESENT	GAP_PRESENT	MEDIUM	HOLD_AMBIGUOUS	HOLD	AMBIGUOUS_HOLD; coverage=GAP_PRESENT; ownership=UNCLEAR; observed slices=1.	0.42	YES
1602715556	1082852354	коловрат подвеска	GENERIC_RELEVANT	250.0	0.0	0.0	GAP_PRESENT	GAP_PRESENT	LOW	FAMILY_CANDIDATE	LONG_DESCRIPTION	GENERIC_RELEVANT; coverage=GAP_PRESENT; ownership=STORE_GENERIC; observed slices=1.	0.72	YES
1602715556	1082852354	красный самурайский	AMBIGUOUS_HOLD	0.0	0.0	0.0	GAP_PRESENT	GAP_PRESENT	MEDIUM	HOLD_AMBIGUOUS	HOLD	AMBIGUOUS_HOLD; coverage=GAP_PRESENT; ownership=UNCLEAR; observed slices=1.	0.42	YES
1602715556	1082852354	кулон на зеркало в машину	GENERIC_RELEVANT	2.0	0.0	0.0	GAP_PRESENT	GAP_PRESENT	LOW	FAMILY_CANDIDATE	LONG_DESCRIPTION	GENERIC_RELEVANT; coverage=GAP_PRESENT; ownership=STORE_GENERIC; observed slices=1.	0.76	YES
1602715556	1082852354	машинки с подвеской	GENERIC_RELEVANT	3.0	0.0	0.0	GAP_PRESENT	GAP_PRESENT	LOW	FAMILY_CANDIDATE	LONG_DESCRIPTION	GENERIC_RELEVANT; coverage=GAP_PRESENT; ownership=STORE_GENERIC; observed slices=1.	0.76	YES
1602715556	1082852354	оберег в машину	GENERIC_RELEVANT	516.0	0.0	0.0	NO_GAP	NO_GAP	LOW	NO_CHANGE	NONE	GENERIC_RELEVANT; coverage=NO_GAP; ownership=STORE_GENERIC; observed slices=1.	0.76	NO
1602715556	1082852354	оберег в машину мужской	GENERIC_RELEVANT	13.0	0.0	0.0	NO_GAP	NO_GAP	LOW	NO_CHANGE	NONE	GENERIC_RELEVANT; coverage=NO_GAP; ownership=STORE_GENERIC; observed slices=1.	0.76	NO
1602715556	1082852354	обереги	GENERIC_RELEVANT	172.0	0.0	0.0	NO_GAP	NO_GAP	LOW	NO_CHANGE	NONE	GENERIC_RELEVANT; coverage=NO_GAP; ownership=STORE_GENERIC; observed slices=1.	0.72	NO
1602715556	1082852354	подвеска в машину	GENERIC_RELEVANT	3171.0	0.0	0.0	NO_GAP	NO_GAP	LOW	NO_CHANGE	NONE	GENERIC_RELEVANT; coverage=NO_GAP; ownership=STORE_GENERIC; observed slices=1.	0.76	NO
1602715556	1082852354	подвеска в машину на зеркало	GENERIC_RELEVANT	1560.0	0.0	0.0	NO_GAP	NO_GAP	LOW	NO_CHANGE	NONE	GENERIC_RELEVANT; coverage=NO_GAP; ownership=STORE_GENERIC; observed slices=1.	0.76	NO
1602715556	1082852354	подвеска в машину обезьяна из дорамы	GENERIC_RELEVANT	1.0	0.0	0.0	GAP_PRESENT	GAP_PRESENT	LOW	FAMILY_CANDIDATE	LONG_DESCRIPTION	GENERIC_RELEVANT; coverage=GAP_PRESENT; ownership=STORE_GENERIC; observed slices=1.	0.76	YES
1602715556	1082852354	подвеска зеркало оберег	GENERIC_RELEVANT	11.0	0.0	0.0	NO_GAP	NO_GAP	LOW	NO_CHANGE	NONE	GENERIC_RELEVANT; coverage=NO_GAP; ownership=FAMILY_SHARED; observed slices=1.	0.76	NO
1602715556	1082852354	подвеска из дерева в машину	GENERIC_RELEVANT	3.0	0.0	0.0	GAP_PRESENT	GAP_PRESENT	LOW	FAMILY_CANDIDATE	LONG_DESCRIPTION	GENERIC_RELEVANT; coverage=GAP_PRESENT; ownership=STORE_GENERIC; observed slices=1.	0.76	YES
1602715556	1082852354	подвеска на зеркало в машину	GENERIC_RELEVANT	1288.0	0.0	0.0	NO_GAP	NO_GAP	LOW	NO_CHANGE	NONE	GENERIC_RELEVANT; coverage=NO_GAP; ownership=STORE_GENERIC; observed slices=1.	0.76	NO
1602715556	1082852354	подвеска руна	GENERIC_RELEVANT	66.0	0.0	0.0	GAP_PRESENT	GAP_PRESENT	LOW	FAMILY_CANDIDATE	LONG_DESCRIPTION	GENERIC_RELEVANT; coverage=GAP_PRESENT; ownership=STORE_GENERIC; observed slices=1.	0.72	YES
1602715556	1082852354	подвески на зеркало	GENERIC_RELEVANT	2.0	0.0	0.0	NO_GAP	NO_GAP	LOW	NO_CHANGE	NONE	GENERIC_RELEVANT; coverage=NO_GAP; ownership=STORE_GENERIC; observed slices=1.	0.76	NO
1602715556	1082852354	самурай	AMBIGUOUS_HOLD	2260.0	0.0	0.0	GAP_PRESENT	GAP_PRESENT	MEDIUM	HOLD_AMBIGUOUS	HOLD	AMBIGUOUS_HOLD; coverage=GAP_PRESENT; ownership=UNCLEAR; observed slices=1.	0.42	YES
1602715556	1082852354	самурайские аксессуары	GENERIC_RELEVANT	2.0	0.0	0.0	GAP_PRESENT	GAP_PRESENT	LOW	FAMILY_CANDIDATE	LONG_DESCRIPTION	GENERIC_RELEVANT; coverage=GAP_PRESENT; ownership=FAMILY_SHARED; observed slices=1.	0.72	YES
1602715556	1082852354	самурайский оберег	GENERIC_RELEVANT	0.0	0.0	690.0	GAP_PRESENT	GAP_PRESENT	LOW	FAMILY_CANDIDATE	LONG_DESCRIPTION	GENERIC_RELEVANT; coverage=GAP_PRESENT; ownership=FAMILY_SHARED; observed slices=1.	0.72	YES
1602715556	1082852354	самурайский стиль	AMBIGUOUS_HOLD	2.0	0.0	0.0	GAP_PRESENT	GAP_PRESENT	MEDIUM	HOLD_AMBIGUOUS	HOLD	AMBIGUOUS_HOLD; coverage=GAP_PRESENT; ownership=UNCLEAR; observed slices=1.	0.42	YES
1602715556	1082852354	самурая на голову	AMBIGUOUS_HOLD	0.0	0.0	0.0	GAP_PRESENT	GAP_PRESENT	MEDIUM	HOLD_AMBIGUOUS	HOLD	AMBIGUOUS_HOLD; coverage=GAP_PRESENT; ownership=UNCLEAR; observed slices=1.	0.42	YES
1602715556	1082852354	талисман	GENERIC_RELEVANT	510.0	0.0	0.0	NO_GAP	NO_GAP	LOW	NO_CHANGE	NONE	GENERIC_RELEVANT; coverage=NO_GAP; ownership=STORE_GENERIC; observed slices=1.	0.72	NO
1602715556	1082852354	талисман из дерева	GENERIC_RELEVANT	2.0	0.0	0.0	GAP_PRESENT	GAP_PRESENT	LOW	FAMILY_CANDIDATE	LONG_DESCRIPTION	GENERIC_RELEVANT; coverage=GAP_PRESENT; ownership=FAMILY_SHARED; observed slices=1.	0.72	YES
1602715556	1082852354	талисман японский	GENERIC_RELEVANT	5.0	0.0	0.0	GAP_PRESENT	GAP_PRESENT	LOW	FAMILY_CANDIDATE	LONG_DESCRIPTION	GENERIC_RELEVANT; coverage=GAP_PRESENT; ownership=FAMILY_SHARED; observed slices=1.	0.72	YES
1602715556	1082852354	четки	GENERIC_RELEVANT	23227.0	0.0	0.0	NO_GAP	NO_GAP	LOW	NO_CHANGE	NONE	GENERIC_RELEVANT; coverage=NO_GAP; ownership=STORE_GENERIC; observed slices=1.	0.72	NO
1602715556	1082852354	четки в автомобиль	GENERIC_RELEVANT	370.0	0.0	0.0	NO_GAP	NO_GAP	LOW	NO_CHANGE	NONE	GENERIC_RELEVANT; coverage=NO_GAP; ownership=STORE_GENERIC; observed slices=1.	0.76	NO
1602715556	1082852354	четки в машину	GENERIC_RELEVANT	3534.0	0.0	0.0	NO_GAP	NO_GAP	LOW	NO_CHANGE	NONE	GENERIC_RELEVANT; coverage=NO_GAP; ownership=STORE_GENERIC; observed slices=1.	0.76	NO
1602715556	1082852354	четки в машину на зеркало	GENERIC_RELEVANT	662.0	0.0	0.0	NO_GAP	NO_GAP	LOW	NO_CHANGE	NONE	GENERIC_RELEVANT; coverage=NO_GAP; ownership=STORE_GENERIC; observed slices=1.	0.76	NO
1602715556	1082852354	четки на зеркало в машину	GENERIC_RELEVANT	221.0	0.0	0.0	NO_GAP	NO_GAP	LOW	NO_CHANGE	NONE	GENERIC_RELEVANT; coverage=NO_GAP; ownership=FAMILY_SHARED; observed slices=1.	0.76	NO
1602717077	1082855228	амулет	GENERIC_RELEVANT	1355.0	0.0	0.0	NO_GAP	NO_GAP	LOW	NO_CHANGE	NONE	GENERIC_RELEVANT; coverage=NO_GAP; ownership=STORE_GENERIC; observed slices=1.	0.72	NO
1602717077	1082855228	амулет в автомобиль	GENERIC_RELEVANT	8.0	0.0	0.0	NO_GAP	NO_GAP	LOW	NO_CHANGE	NONE	GENERIC_RELEVANT; coverage=NO_GAP; ownership=STORE_GENERIC; observed slices=1.	0.76	NO
1602717077	1082855228	амулет оберег	GENERIC_RELEVANT	7.0	0.0	0.0	NO_GAP	NO_GAP	LOW	NO_CHANGE	NONE	GENERIC_RELEVANT; coverage=NO_GAP; ownership=STORE_GENERIC; observed slices=1.	0.72	NO
1602717077	1082855228	амулет подвеска грифон	GENERIC_RELEVANT	1.0	0.0	0.0	GAP_PRESENT	GAP_PRESENT	LOW	FAMILY_CANDIDATE	LONG_DESCRIPTION	GENERIC_RELEVANT; coverage=GAP_PRESENT; ownership=FAMILY_SHARED; observed slices=1.	0.72	YES
1602717077	1082855228	амулет подвеска кришна	GENERIC_RELEVANT	0.0	0.0	0.0	GAP_PRESENT	GAP_PRESENT	LOW	FAMILY_CANDIDATE	LONG_DESCRIPTION	GENERIC_RELEVANT; coverage=GAP_PRESENT; ownership=FAMILY_SHARED; observed slices=1.	0.72	YES
1602717077	1082855228	амулет руна в машину	GENERIC_RELEVANT	1.0	0.0	0.0	GAP_PRESENT	GAP_PRESENT	LOW	FAMILY_CANDIDATE	LONG_DESCRIPTION	GENERIC_RELEVANT; coverage=GAP_PRESENT; ownership=FAMILY_SHARED; observed slices=1.	0.76	YES
1602717077	1082855228	амулеты	GENERIC_RELEVANT	139.0	0.0	0.0	NO_GAP	NO_GAP	LOW	NO_CHANGE	NONE	GENERIC_RELEVANT; coverage=NO_GAP; ownership=STORE_GENERIC; observed slices=1.	0.72	NO
1602717077	1082855228	амулеты обереги	GENERIC_RELEVANT	179.0	0.0	0.0	NO_GAP	NO_GAP	LOW	NO_CHANGE	NONE	GENERIC_RELEVANT; coverage=NO_GAP; ownership=FAMILY_SHARED; observed slices=1.	0.72	NO
1602717077	1082855228	амулеты обереги и талисманы	GENERIC_RELEVANT	422.0	0.0	0.0	NO_GAP	NO_GAP	LOW	NO_CHANGE	NONE	GENERIC_RELEVANT; coverage=NO_GAP; ownership=STORE_GENERIC; observed slices=2.	0.72	NO
1602717077	1082855228	атрибуты с российской символикой	AMBIGUOUS_HOLD	1.0	0.0	0.0	GAP_PRESENT	GAP_PRESENT	MEDIUM	HOLD_AMBIGUOUS	HOLD	AMBIGUOUS_HOLD; coverage=GAP_PRESENT; ownership=UNCLEAR; observed slices=1.	0.42	YES
1602717077	1082855228	ботвеска в машине	GENERIC_RELEVANT	1.0	0.0	0.0	GAP_PRESENT	GAP_PRESENT	LOW	FAMILY_CANDIDATE	LONG_DESCRIPTION	GENERIC_RELEVANT; coverage=GAP_PRESENT; ownership=FAMILY_SHARED; observed slices=1.	0.76	YES
1602717077	1082855228	браслет мужской с шлем ужаса	EXACT_PRODUCT	1.0	0.0	0.0	PARTIAL_GAP	PARTIAL_GAP	LOW	READY_CANDIDATE	LONG_DESCRIPTION	EXACT_PRODUCT; coverage=PARTIAL_GAP; ownership=SKU_SPECIFIC; observed slices=1.	0.95	YES
1602717077	1082855228	браслет шлем ужаса серебро	EXACT_PRODUCT	1.0	0.0	0.0	PARTIAL_GAP	PARTIAL_GAP	LOW	READY_CANDIDATE	LONG_DESCRIPTION	EXACT_PRODUCT; coverage=PARTIAL_GAP; ownership=SKU_SPECIFIC; observed slices=1.	0.95	YES
1602717077	1082855228	брелок на зеркало в машину крест	NEIGHBOR_PRODUCT	1.0	0.0	0.0	NOT_APPLICABLE	NOT_APPLICABLE	LOW	REJECT_NEIGHBOR	NONE	NEIGHBOR_PRODUCT; coverage=NOT_APPLICABLE; ownership=EXCLUDED; observed slices=1.	0.96	NO
1602717077	1082855228	брелок на зеркало в машину ссср скилет	GENERIC_RELEVANT	1.0	0.0	0.0	GAP_PRESENT	GAP_PRESENT	LOW	FAMILY_CANDIDATE	LONG_DESCRIPTION	GENERIC_RELEVANT; coverage=GAP_PRESENT; ownership=FAMILY_SHARED; observed slices=1.	0.76	YES
1602717077	1082855228	брелок на зеркало в машину фемида	GENERIC_RELEVANT	0.0	0.0	0.0	GAP_PRESENT	GAP_PRESENT	LOW	FAMILY_CANDIDATE	LONG_DESCRIPTION	GENERIC_RELEVANT; coverage=GAP_PRESENT; ownership=STORE_GENERIC; observed slices=1.	0.76	YES
1602717077	1082855228	брелок у машину byd на зерколо	GENERIC_RELEVANT	0.0	0.0	0.0	GAP_PRESENT	GAP_PRESENT	LOW	FAMILY_CANDIDATE	LONG_DESCRIPTION	GENERIC_RELEVANT; coverage=GAP_PRESENT; ownership=STORE_GENERIC; observed slices=1.	0.76	YES
1602717077	1082855228	бусина шлем ужаса	EXACT_PRODUCT	3.0	0.0	0.0	PARTIAL_GAP	PARTIAL_GAP	LOW	READY_CANDIDATE	LONG_DESCRIPTION	EXACT_PRODUCT; coverage=PARTIAL_GAP; ownership=SKU_SPECIFIC; observed slices=1.	0.95	YES
1602717077	1082855228	бусины диаметр 1 см	AMBIGUOUS_HOLD	0.0	0.0	0.0	GAP_PRESENT	GAP_PRESENT	MEDIUM	HOLD_AMBIGUOUS	HOLD	AMBIGUOUS_HOLD; coverage=GAP_PRESENT; ownership=UNCLEAR; observed slices=1.	0.42	YES
1602717077	1082855228	бусины для подвески на зеркало в машину	GENERIC_RELEVANT	0.0	0.0	0.0	GAP_PRESENT	GAP_PRESENT	LOW	FAMILY_CANDIDATE	LONG_DESCRIPTION	GENERIC_RELEVANT; coverage=GAP_PRESENT; ownership=STORE_GENERIC; observed slices=1.	0.76	YES
1602717077	1082855228	в машину авулет	GENERIC_RELEVANT	0.0	0.0	0.0	GAP_PRESENT	GAP_PRESENT	LOW	FAMILY_CANDIDATE	LONG_DESCRIPTION	GENERIC_RELEVANT; coverage=GAP_PRESENT; ownership=STORE_GENERIC; observed slices=1.	0.76	YES
1602717077	1082855228	в машину на зеркало	GENERIC_RELEVANT	120.0	0.0	810.0	NO_GAP	NO_GAP	LOW	NO_CHANGE	NONE	GENERIC_RELEVANT; coverage=NO_GAP; ownership=STORE_GENERIC; observed slices=1.	0.76	NO
1602717077	1082855228	в машину на зеркало оберег	GENERIC_RELEVANT	1.0	0.0	0.0	NO_GAP	NO_GAP	LOW	NO_CHANGE	NONE	GENERIC_RELEVANT; coverage=NO_GAP; ownership=FAMILY_SHARED; observed slices=1.	0.76	NO
1602717077	1082855228	зеркало	GENERIC_RELEVANT	6856.0	0.0	0.0	NO_GAP	NO_GAP	LOW	NO_CHANGE	NONE	GENERIC_RELEVANT; coverage=NO_GAP; ownership=STORE_GENERIC; observed slices=1.	0.76	NO
1602717077	1082855228	зеркало на шлем	EXACT_PRODUCT	1.0	0.0	0.0	NO_GAP	NO_GAP	LOW	NO_CHANGE	NONE	EXACT_PRODUCT; coverage=NO_GAP; ownership=SKU_SPECIFIC; observed slices=1.	0.95	NO
1602717077	1082855228	зеркальный оберег	GENERIC_RELEVANT	16.0	0.0	0.0	GAP_PRESENT	GAP_PRESENT	LOW	FAMILY_CANDIDATE	LONG_DESCRIPTION	GENERIC_RELEVANT; coverage=GAP_PRESENT; ownership=STORE_GENERIC; observed slices=1.	0.76	YES
1602717077	1082855228	зеркальце на шлем	EXACT_PRODUCT	1.0	0.0	0.0	PARTIAL_GAP	PARTIAL_GAP	LOW	READY_CANDIDATE	LONG_DESCRIPTION	EXACT_PRODUCT; coverage=PARTIAL_GAP; ownership=SKU_SPECIFIC; observed slices=1.	0.95	YES
1602717077	1082855228	кому в шлем	EXACT_PRODUCT	0.0	0.0	0.0	PARTIAL_GAP	PARTIAL_GAP	LOW	READY_CANDIDATE	LONG_DESCRIPTION	EXACT_PRODUCT; coverage=PARTIAL_GAP; ownership=SKU_SPECIFIC; observed slices=1.	0.95	YES
1602717077	1082855228	крест а зеркало в машину	NEIGHBOR_PRODUCT	0.0	0.0	0.0	NOT_APPLICABLE	NOT_APPLICABLE	LOW	REJECT_NEIGHBOR	NONE	NEIGHBOR_PRODUCT; coverage=NOT_APPLICABLE; ownership=EXCLUDED; observed slices=1.	0.96	NO
1602717077	1082855228	крест деревянны в машину на зеркало	NEIGHBOR_PRODUCT	0.0	0.0	0.0	NOT_APPLICABLE	NOT_APPLICABLE	LOW	REJECT_NEIGHBOR	NONE	NEIGHBOR_PRODUCT; coverage=NOT_APPLICABLE; ownership=EXCLUDED; observed slices=1.	0.96	NO
1602717077	1082855228	крест зеркало	NEIGHBOR_PRODUCT	1.0	0.0	0.0	NOT_APPLICABLE	NOT_APPLICABLE	LOW	REJECT_NEIGHBOR	NONE	NEIGHBOR_PRODUCT; coverage=NOT_APPLICABLE; ownership=EXCLUDED; observed slices=1.	0.96	NO
1602717077	1082855228	магический амулет , оберег	GENERIC_RELEVANT	15.0	0.0	0.0	GAP_PRESENT	GAP_PRESENT	LOW	FAMILY_CANDIDATE	LONG_DESCRIPTION	GENERIC_RELEVANT; coverage=GAP_PRESENT; ownership=STORE_GENERIC; observed slices=1.	0.72	YES
1602717077	1082855228	на зеркало подвеска автомобиля	GENERIC_RELEVANT	1.0	0.0	0.0	GAP_PRESENT	GAP_PRESENT	LOW	FAMILY_CANDIDATE	LONG_DESCRIPTION	GENERIC_RELEVANT; coverage=GAP_PRESENT; ownership=STORE_GENERIC; observed slices=1.	0.76	YES
1602717077	1082855228	набор	AMBIGUOUS_HOLD	10784.0	0.0	0.0	NO_GAP	NO_GAP	MEDIUM	HOLD_AMBIGUOUS	HOLD	AMBIGUOUS_HOLD; coverage=NO_GAP; ownership=UNCLEAR; observed slices=1.	0.42	YES
1602717077	1082855228	оберег в машину	GENERIC_RELEVANT	885.0	0.0	0.0	NO_GAP	NO_GAP	LOW	NO_CHANGE	NONE	GENERIC_RELEVANT; coverage=NO_GAP; ownership=STORE_GENERIC; observed slices=1.	0.76	NO
1602717077	1082855228	оберег зеркало на шею	GENERIC_RELEVANT	9.0	0.0	0.0	GAP_PRESENT	GAP_PRESENT	LOW	FAMILY_CANDIDATE	LONG_DESCRIPTION	GENERIC_RELEVANT; coverage=GAP_PRESENT; ownership=FAMILY_SHARED; observed slices=1.	0.76	YES
1602717077	1082855228	оберег с зеркалом	GENERIC_RELEVANT	5.0	0.0	0.0	GAP_PRESENT	GAP_PRESENT	LOW	FAMILY_CANDIDATE	LONG_DESCRIPTION	GENERIC_RELEVANT; coverage=GAP_PRESENT; ownership=STORE_GENERIC; observed slices=1.	0.76	YES
1602717077	1082855228	обереги	GENERIC_RELEVANT	127.0	0.0	0.0	NO_GAP	NO_GAP	LOW	NO_CHANGE	NONE	GENERIC_RELEVANT; coverage=NO_GAP; ownership=STORE_GENERIC; observed slices=2.	0.72	NO
1602717077	1082855228	обереги и талисманы	GENERIC_RELEVANT	45.0	0.0	0.0	NO_GAP	NO_GAP	LOW	NO_CHANGE	NONE	GENERIC_RELEVANT; coverage=NO_GAP; ownership=STORE_GENERIC; observed slices=1.	0.72	NO
1602717077	1082855228	подвеска амулет аллах в авто	GENERIC_RELEVANT	0.0	0.0	0.0	GAP_PRESENT	GAP_PRESENT	LOW	FAMILY_CANDIDATE	LONG_DESCRIPTION	GENERIC_RELEVANT; coverage=GAP_PRESENT; ownership=FAMILY_SHARED; observed slices=1.	0.76	YES
1602717077	1082855228	подвеска в автобус на зеркало ввс	GENERIC_RELEVANT	0.0	0.0	0.0	GAP_PRESENT	GAP_PRESENT	LOW	FAMILY_CANDIDATE	LONG_DESCRIPTION	GENERIC_RELEVANT; coverage=GAP_PRESENT; ownership=FAMILY_SHARED; observed slices=1.	0.76	YES
1602717077	1082855228	подвеска в машину	GENERIC_RELEVANT	3171.0	0.0	0.0	NO_GAP	NO_GAP	LOW	NO_CHANGE	NONE	GENERIC_RELEVANT; coverage=NO_GAP; ownership=STORE_GENERIC; observed slices=1.	0.76	NO
1602717077	1082855228	подвеска в машину на зеркало lron maiden	GENERIC_RELEVANT	1.0	0.0	0.0	GAP_PRESENT	GAP_PRESENT	LOW	FAMILY_CANDIDATE	LONG_DESCRIPTION	GENERIC_RELEVANT; coverage=GAP_PRESENT; ownership=FAMILY_SHARED; observed slices=1.	0.76	YES
1602717077	1082855228	подвеска в машину на зеркало а	GENERIC_RELEVANT	0.0	0.0	0.0	NO_GAP	NO_GAP	LOW	NO_CHANGE	NONE	GENERIC_RELEVANT; coverage=NO_GAP; ownership=STORE_GENERIC; observed slices=1.	0.76	NO
1602717077	1082855228	подвеска в машину на зеркало белджи	GENERIC_RELEVANT	1.0	0.0	0.0	GAP_PRESENT	GAP_PRESENT	LOW	FAMILY_CANDIDATE	LONG_DESCRIPTION	GENERIC_RELEVANT; coverage=GAP_PRESENT; ownership=FAMILY_SHARED; observed slices=1.	0.76	YES
1602717077	1082855228	подвеска в машину оберег на зеркало	GENERIC_RELEVANT	1.0	0.0	0.0	NO_GAP	NO_GAP	LOW	NO_CHANGE	NONE	GENERIC_RELEVANT; coverage=NO_GAP; ownership=FAMILY_SHARED; observed slices=1.	0.76	NO
1602717077	1082855228	подвеска на зеркало авто уголовный розыск в машину	GENERIC_RELEVANT	1.0	0.0	0.0	GAP_PRESENT	GAP_PRESENT	LOW	FAMILY_CANDIDATE	LONG_DESCRIPTION	GENERIC_RELEVANT; coverage=GAP_PRESENT; ownership=FAMILY_SHARED; observed slices=1.	0.76	YES
1602717077	1082855228	подвеска на зеркало в машину	GENERIC_RELEVANT	1288.0	0.0	0.0	NO_GAP	NO_GAP	LOW	NO_CHANGE	NONE	GENERIC_RELEVANT; coverage=NO_GAP; ownership=STORE_GENERIC; observed slices=1.	0.76	NO
1602717077	1082855228	подвеска на зеркало деревянная	GENERIC_RELEVANT	0.0	0.0	0.0	GAP_PRESENT	GAP_PRESENT	LOW	FAMILY_CANDIDATE	LONG_DESCRIPTION	GENERIC_RELEVANT; coverage=GAP_PRESENT; ownership=STORE_GENERIC; observed slices=1.	0.76	YES
1602717077	1082855228	руны	AMBIGUOUS_HOLD	4956.0	0.0	0.0	GAP_PRESENT	GAP_PRESENT	MEDIUM	HOLD_AMBIGUOUS	HOLD	AMBIGUOUS_HOLD; coverage=GAP_PRESENT; ownership=UNCLEAR; observed slices=1.	0.42	YES
1602717077	1082855228	талисман	GENERIC_RELEVANT	207.0	0.0	0.0	NO_GAP	NO_GAP	LOW	NO_CHANGE	NONE	GENERIC_RELEVANT; coverage=NO_GAP; ownership=STORE_GENERIC; observed slices=1.	0.72	NO
1602717077	1082855228	талисманы и обереги	GENERIC_RELEVANT	146.0	0.0	0.0	NO_GAP	NO_GAP	LOW	NO_CHANGE	NONE	GENERIC_RELEVANT; coverage=NO_GAP; ownership=STORE_GENERIC; observed slices=1.	0.72	NO
1602717077	1082855228	шлем	EXACT_PRODUCT	6233.0	0.0	0.0	NO_GAP	NO_GAP	LOW	NO_CHANGE	NONE	EXACT_PRODUCT; coverage=NO_GAP; ownership=SKU_SPECIFIC; observed slices=1.	0.95	NO
1602717077	1082855228	шлем брелок на	EXACT_PRODUCT	1.0	0.0	0.0	PARTIAL_GAP	PARTIAL_GAP	LOW	READY_CANDIDATE	LONG_DESCRIPTION	EXACT_PRODUCT; coverage=PARTIAL_GAP; ownership=SKU_SPECIFIC; observed slices=1.	0.95	YES
1602717077	1082855228	шлем ужаса	EXACT_PRODUCT	267.0	0.0	0.0	NO_GAP	NO_GAP	LOW	NO_CHANGE	NONE	EXACT_PRODUCT; coverage=NO_GAP; ownership=SKU_SPECIFIC; observed slices=1.	0.95	NO
1602717077	1082855228	шлем ужаса подвеска	EXACT_PRODUCT	10.0	0.0	0.0	NO_GAP	NO_GAP	LOW	NO_CHANGE	NONE	EXACT_PRODUCT; coverage=NO_GAP; ownership=SKU_SPECIFIC; observed slices=1.	0.95	NO
1602717077	1082855228	шлем ужаса серебро	EXACT_PRODUCT	44.0	0.0	1008.0	PARTIAL_GAP	PARTIAL_GAP	LOW	READY_CANDIDATE	LONG_DESCRIPTION	EXACT_PRODUCT; coverage=PARTIAL_GAP; ownership=SKU_SPECIFIC; observed slices=1.	0.95	YES
1602717077	1082855228	шлем ужаса шарм	EXACT_PRODUCT	1.0	0.0	0.0	PARTIAL_GAP	PARTIAL_GAP	LOW	READY_CANDIDATE	LONG_DESCRIPTION	EXACT_PRODUCT; coverage=PARTIAL_GAP; ownership=SKU_SPECIFIC; observed slices=1.	0.95	YES
1602722942	1082862005	авто подвески на зеркало	GENERIC_RELEVANT	1.0	0.0	0.0	GAP_PRESENT	GAP_PRESENT	LOW	FAMILY_CANDIDATE	LONG_DESCRIPTION	GENERIC_RELEVANT; coverage=GAP_PRESENT; ownership=STORE_GENERIC; observed slices=2.	0.76	YES
1602722942	1082862005	акомпас в тысячных	AMBIGUOUS_HOLD	0.0	0.0	0.0	GAP_PRESENT	GAP_PRESENT	MEDIUM	HOLD_AMBIGUOUS	HOLD	AMBIGUOUS_HOLD; coverage=GAP_PRESENT; ownership=UNCLEAR; observed slices=1.	0.42	YES
1602722942	1082862005	акриловая бусина машинка	GENERIC_RELEVANT	1.0	0.0	0.0	GAP_PRESENT	GAP_PRESENT	LOW	FAMILY_CANDIDATE	LONG_DESCRIPTION	GENERIC_RELEVANT; coverage=GAP_PRESENT; ownership=STORE_GENERIC; observed slices=1.	0.76	YES
1602722942	1082862005	акриловая подвеска в машину на зеркало	GENERIC_RELEVANT	1.0	0.0	0.0	GAP_PRESENT	GAP_PRESENT	LOW	FAMILY_CANDIDATE	LONG_DESCRIPTION	GENERIC_RELEVANT; coverage=GAP_PRESENT; ownership=STORE_GENERIC; observed slices=1.	0.76	YES
1602722942	1082862005	алатырь оберег в машину	NEIGHBOR_PRODUCT	1.0	0.0	0.0	NOT_APPLICABLE	NOT_APPLICABLE	LOW	REJECT_NEIGHBOR	NONE	NEIGHBOR_PRODUCT; coverage=NOT_APPLICABLE; ownership=EXCLUDED; observed slices=2.	0.96	NO
1602722942	1082862005	амулет	GENERIC_RELEVANT	3070.0	0.0	0.0	GAP_PRESENT	GAP_PRESENT	LOW	FAMILY_CANDIDATE	LONG_DESCRIPTION	GENERIC_RELEVANT; coverage=GAP_PRESENT; ownership=STORE_GENERIC; observed slices=1.	0.72	YES
1602722942	1082862005	амулет зеркальная защита	GENERIC_RELEVANT	25.0	0.0	0.0	GAP_PRESENT	GAP_PRESENT	LOW	FAMILY_CANDIDATE	LONG_DESCRIPTION	GENERIC_RELEVANT; coverage=GAP_PRESENT; ownership=STORE_GENERIC; observed slices=1.	0.76	YES
1602722942	1082862005	амулет от сглаза	GENERIC_RELEVANT	167.0	0.0	0.0	GAP_PRESENT	GAP_PRESENT	LOW	FAMILY_CANDIDATE	LONG_DESCRIPTION	GENERIC_RELEVANT; coverage=GAP_PRESENT; ownership=FAMILY_SHARED; observed slices=1.	0.72	YES
1602722942	1082862005	амулет руны	GENERIC_RELEVANT	8.0	0.0	0.0	GAP_PRESENT	GAP_PRESENT	LOW	FAMILY_CANDIDATE	LONG_DESCRIPTION	GENERIC_RELEVANT; coverage=GAP_PRESENT; ownership=FAMILY_SHARED; observed slices=1.	0.72	YES
1602722942	1082862005	амулеты обереги и талисманы	GENERIC_RELEVANT	833.0	0.0	0.0	GAP_PRESENT	GAP_PRESENT	LOW	FAMILY_CANDIDATE	LONG_DESCRIPTION	GENERIC_RELEVANT; coverage=GAP_PRESENT; ownership=STORE_GENERIC; observed slices=1.	0.72	YES
1602722942	1082862005	амулеты обереги и талисманы славянские	NEIGHBOR_PRODUCT	12.0	0.0	0.0	NOT_APPLICABLE	NOT_APPLICABLE	LOW	REJECT_NEIGHBOR	NONE	NEIGHBOR_PRODUCT; coverage=NOT_APPLICABLE; ownership=EXCLUDED; observed slices=1.	0.90	NO
1602722942	1082862005	в машину	GENERIC_RELEVANT	1159.0	0.0	0.0	GAP_PRESENT	GAP_PRESENT	LOW	FAMILY_CANDIDATE	LONG_DESCRIPTION	GENERIC_RELEVANT; coverage=GAP_PRESENT; ownership=STORE_GENERIC; observed slices=1.	0.76	YES
1602722942	1082862005	валькнут кулон	NEIGHBOR_PRODUCT	2.0	0.0	0.0	NOT_APPLICABLE	NOT_APPLICABLE	LOW	REJECT_NEIGHBOR	NONE	NEIGHBOR_PRODUCT; coverage=NOT_APPLICABLE; ownership=EXCLUDED; observed slices=1.	0.96	NO
1602722942	1082862005	вегвезир	AMBIGUOUS_HOLD	3.0	0.0	820.0	GAP_PRESENT	GAP_PRESENT	MEDIUM	HOLD_AMBIGUOUS	HOLD	AMBIGUOUS_HOLD; coverage=GAP_PRESENT; ownership=UNCLEAR; observed slices=1.	0.42	YES
1602722942	1082862005	вегвизир в машину	EXACT_PRODUCT	1.0	0.0	688.0	NO_GAP	NO_GAP	LOW	NO_CHANGE	NONE	EXACT_PRODUCT; coverage=NO_GAP; ownership=SKU_SPECIFIC; observed slices=1.	0.95	NO
1602722942	1082862005	викинг подвеска в машину на зеркало	GENERIC_RELEVANT	1.0	0.0	825.0	GAP_PRESENT	GAP_PRESENT	LOW	FAMILY_CANDIDATE	LONG_DESCRIPTION	GENERIC_RELEVANT; coverage=GAP_PRESENT; ownership=FAMILY_SHARED; observed slices=2.	0.76	YES
1602722942	1082862005	зеркало	GENERIC_RELEVANT	8794.0	0.0	0.0	GAP_PRESENT	GAP_PRESENT	LOW	FAMILY_CANDIDATE	LONG_DESCRIPTION	GENERIC_RELEVANT; coverage=GAP_PRESENT; ownership=STORE_GENERIC; observed slices=1.	0.76	YES
1602722942	1082862005	зеркало магическое	GENERIC_RELEVANT	31.0	0.0	0.0	GAP_PRESENT	GAP_PRESENT	LOW	FAMILY_CANDIDATE	LONG_DESCRIPTION	GENERIC_RELEVANT; coverage=GAP_PRESENT; ownership=STORE_GENERIC; observed slices=1.	0.76	YES
1602722942	1082862005	зеркало ру	GENERIC_RELEVANT	0.0	0.0	0.0	GAP_PRESENT	GAP_PRESENT	LOW	FAMILY_CANDIDATE	LONG_DESCRIPTION	GENERIC_RELEVANT; coverage=GAP_PRESENT; ownership=FAMILY_SHARED; observed slices=2.	0.76	YES
1602722942	1082862005	зеркало с ру	GENERIC_RELEVANT	0.0	0.0	0.0	GAP_PRESENT	GAP_PRESENT	LOW	FAMILY_CANDIDATE	LONG_DESCRIPTION	GENERIC_RELEVANT; coverage=GAP_PRESENT; ownership=FAMILY_SHARED; observed slices=1.	0.76	YES
1602722942	1082862005	коловрат	AMBIGUOUS_HOLD	1932.0	0.0	0.0	GAP_PRESENT	GAP_PRESENT	MEDIUM	HOLD_AMBIGUOUS	HOLD	AMBIGUOUS_HOLD; coverage=GAP_PRESENT; ownership=UNCLEAR; observed slices=1.	0.42	YES
1602722942	1082862005	компас вегвизир	EXACT_PRODUCT	1.0	0.0	0.0	NO_GAP	NO_GAP	LOW	NO_CHANGE	NONE	EXACT_PRODUCT; coverage=NO_GAP; ownership=SKU_SPECIFIC; observed slices=1.	0.95	NO
1602722942	1082862005	ловец снов в машину мужской	GENERIC_RELEVANT	0.0	0.0	1764.0	GAP_PRESENT	GAP_PRESENT	LOW	FAMILY_CANDIDATE	LONG_DESCRIPTION	GENERIC_RELEVANT; coverage=GAP_PRESENT; ownership=FAMILY_SHARED; observed slices=2.	0.76	YES
1602722942	1082862005	на зеркало подвеска в машину	GENERIC_RELEVANT	6.0	0.0	0.0	GAP_PRESENT	GAP_PRESENT	LOW	FAMILY_CANDIDATE	LONG_DESCRIPTION	GENERIC_RELEVANT; coverage=GAP_PRESENT; ownership=STORE_GENERIC; observed slices=1.	0.76	YES
1602722942	1082862005	оберег	GENERIC_RELEVANT	3574.0	0.0	0.0	GAP_PRESENT	GAP_PRESENT	LOW	FAMILY_CANDIDATE	LONG_DESCRIPTION	GENERIC_RELEVANT; coverage=GAP_PRESENT; ownership=STORE_GENERIC; observed slices=1.	0.72	YES
1602722942	1082862005	оберег в машину	GENERIC_RELEVANT	1190.0	0.0	1089.0	GAP_PRESENT	GAP_PRESENT	LOW	FAMILY_CANDIDATE	LONG_DESCRIPTION	GENERIC_RELEVANT; coverage=GAP_PRESENT; ownership=STORE_GENERIC; observed slices=2.	0.76	YES
1602722942	1082862005	оберег в машину женский	GENERIC_RELEVANT	19.0	0.0	0.0	GAP_PRESENT	GAP_PRESENT	LOW	FAMILY_CANDIDATE	LONG_DESCRIPTION	GENERIC_RELEVANT; coverage=GAP_PRESENT; ownership=STORE_GENERIC; observed slices=1.	0.76	YES
1602722942	1082862005	оберег в машину на зеркало женский	GENERIC_RELEVANT	0.0	0.0	0.0	GAP_PRESENT	GAP_PRESENT	LOW	FAMILY_CANDIDATE	LONG_DESCRIPTION	GENERIC_RELEVANT; coverage=GAP_PRESENT; ownership=STORE_GENERIC; observed slices=1.	0.76	YES
1602722942	1082862005	оберег в мвшину	GENERIC_RELEVANT	0.0	0.0	663.0	GAP_PRESENT	GAP_PRESENT	LOW	FAMILY_CANDIDATE	LONG_DESCRIPTION	GENERIC_RELEVANT; coverage=GAP_PRESENT; ownership=FAMILY_SHARED; observed slices=2.	0.72	YES
1602722942	1082862005	оберег от сглаза	GENERIC_RELEVANT	110.0	0.0	0.0	GAP_PRESENT	GAP_PRESENT	LOW	FAMILY_CANDIDATE	LONG_DESCRIPTION	GENERIC_RELEVANT; coverage=GAP_PRESENT; ownership=STORE_GENERIC; observed slices=1.	0.72	YES
1602722942	1082862005	оберег от сглаза и порчи	GENERIC_RELEVANT	1968.0	0.0	0.0	GAP_PRESENT	GAP_PRESENT	LOW	FAMILY_CANDIDATE	LONG_DESCRIPTION	GENERIC_RELEVANT; coverage=GAP_PRESENT; ownership=STORE_GENERIC; observed slices=1.	0.72	YES
1602722942	1082862005	оберег с зеркалом	GENERIC_RELEVANT	6.0	0.0	0.0	GAP_PRESENT	GAP_PRESENT	LOW	FAMILY_CANDIDATE	LONG_DESCRIPTION	GENERIC_RELEVANT; coverage=GAP_PRESENT; ownership=STORE_GENERIC; observed slices=1.	0.76	YES
1602722942	1082862005	обереги языческие	GENERIC_RELEVANT	2.0	0.0	0.0	GAP_PRESENT	GAP_PRESENT	LOW	FAMILY_CANDIDATE	LONG_DESCRIPTION	GENERIC_RELEVANT; coverage=GAP_PRESENT; ownership=FAMILY_SHARED; observed slices=1.	0.72	YES
1602722942	1082862005	от сглаза в авто	GENERIC_RELEVANT	2.0	0.0	0.0	GAP_PRESENT	GAP_PRESENT	LOW	FAMILY_CANDIDATE	LONG_DESCRIPTION	GENERIC_RELEVANT; coverage=GAP_PRESENT; ownership=STORE_GENERIC; observed slices=1.	0.76	YES
1602722942	1082862005	подвеска в авто	GENERIC_RELEVANT	1.0	0.0	0.0	GAP_PRESENT	GAP_PRESENT	LOW	FAMILY_CANDIDATE	LONG_DESCRIPTION	GENERIC_RELEVANT; coverage=GAP_PRESENT; ownership=FAMILY_SHARED; observed slices=1.	0.76	YES
1602722942	1082862005	подвеска в машину	GENERIC_RELEVANT	3171.0	0.0	0.0	GAP_PRESENT	GAP_PRESENT	LOW	FAMILY_CANDIDATE	LONG_DESCRIPTION	GENERIC_RELEVANT; coverage=GAP_PRESENT; ownership=STORE_GENERIC; observed slices=1.	0.76	YES
1602722942	1082862005	подвеска в машину на зеркало	GENERIC_RELEVANT	1560.0	0.0	0.0	GAP_PRESENT	GAP_PRESENT	LOW	FAMILY_CANDIDATE	LONG_DESCRIPTION	GENERIC_RELEVANT; coverage=GAP_PRESENT; ownership=STORE_GENERIC; observed slices=1.	0.76	YES
1602722942	1082862005	подвеска в машину на зеркало четки	GENERIC_RELEVANT	3.0	0.0	0.0	GAP_PRESENT	GAP_PRESENT	LOW	FAMILY_CANDIDATE	LONG_DESCRIPTION	GENERIC_RELEVANT; coverage=GAP_PRESENT; ownership=STORE_GENERIC; observed slices=1.	0.76	YES
1602722942	1082862005	подвеска на зеркало в машину	GENERIC_RELEVANT	1288.0	0.0	0.0	GAP_PRESENT	GAP_PRESENT	LOW	FAMILY_CANDIDATE	LONG_DESCRIPTION	GENERIC_RELEVANT; coverage=GAP_PRESENT; ownership=STORE_GENERIC; observed slices=1.	0.76	YES
1602722942	1082862005	подвеска на зеркало в машину ссср	GENERIC_RELEVANT	1.0	0.0	0.0	GAP_PRESENT	GAP_PRESENT	LOW	FAMILY_CANDIDATE	LONG_DESCRIPTION	GENERIC_RELEVANT; coverage=GAP_PRESENT; ownership=STORE_GENERIC; observed slices=1.	0.76	YES
1602722942	1082862005	рунический амулет	EXACT_PRODUCT	20.0	0.0	0.0	NO_GAP	NO_GAP	LOW	NO_CHANGE	NONE	EXACT_PRODUCT; coverage=NO_GAP; ownership=SKU_SPECIFIC; observed slices=1.	0.95	NO
1602722942	1082862005	руны	AMBIGUOUS_HOLD	5189.0	0.0	0.0	GAP_PRESENT	GAP_PRESENT	MEDIUM	HOLD_AMBIGUOUS	HOLD	AMBIGUOUS_HOLD; coverage=GAP_PRESENT; ownership=UNCLEAR; observed slices=1.	0.42	YES
1602722942	1082862005	руны подвеска дерево в машину на защиту	GENERIC_RELEVANT	0.0	0.0	1120.0	GAP_PRESENT	GAP_PRESENT	LOW	FAMILY_CANDIDATE	LONG_DESCRIPTION	GENERIC_RELEVANT; coverage=GAP_PRESENT; ownership=FAMILY_SHARED; observed slices=2.	0.76	YES
1602722942	1082862005	скандинавский оберег на зеркало в машину	GENERIC_RELEVANT	1.0	0.0	701.0	GAP_PRESENT	GAP_PRESENT	LOW	FAMILY_CANDIDATE	LONG_DESCRIPTION	GENERIC_RELEVANT; coverage=GAP_PRESENT; ownership=FAMILY_SHARED; observed slices=1.	0.76	YES
1602722942	1082862005	славянские обереги	NEIGHBOR_PRODUCT	1109.0	0.0	0.0	NOT_APPLICABLE	NOT_APPLICABLE	LOW	REJECT_NEIGHBOR	NONE	NEIGHBOR_PRODUCT; coverage=NOT_APPLICABLE; ownership=FAMILY_SHARED; observed slices=2.	0.90	NO
1602722942	1082862005	славянский амулет	NEIGHBOR_PRODUCT	20.0	0.0	0.0	NOT_APPLICABLE	NOT_APPLICABLE	LOW	REJECT_NEIGHBOR	NONE	NEIGHBOR_PRODUCT; coverage=NOT_APPLICABLE; ownership=EXCLUDED; observed slices=1.	0.90	NO
1602722942	1082862005	талисман	GENERIC_RELEVANT	672.0	0.0	0.0	GAP_PRESENT	GAP_PRESENT	LOW	FAMILY_CANDIDATE	LONG_DESCRIPTION	GENERIC_RELEVANT; coverage=GAP_PRESENT; ownership=STORE_GENERIC; observed slices=1.	0.72	YES
1602722942	1082862005	четки в машину	GENERIC_RELEVANT	772.0	0.0	0.0	GAP_PRESENT	GAP_PRESENT	LOW	FAMILY_CANDIDATE	LONG_DESCRIPTION	GENERIC_RELEVANT; coverage=GAP_PRESENT; ownership=STORE_GENERIC; observed slices=1.	0.76	YES
1602722942	1082862005	четки руна	GENERIC_RELEVANT	1.0	0.0	531.0	GAP_PRESENT	GAP_PRESENT	LOW	FAMILY_CANDIDATE	LONG_DESCRIPTION	GENERIC_RELEVANT; coverage=GAP_PRESENT; ownership=FAMILY_SHARED; observed slices=1.	0.72	YES
1602722942	1082862005	четки славянские	NEIGHBOR_PRODUCT	41.0	0.0	696.0	NOT_APPLICABLE	NOT_APPLICABLE	LOW	REJECT_NEIGHBOR	NONE	NEIGHBOR_PRODUCT; coverage=NOT_APPLICABLE; ownership=FAMILY_SHARED; observed slices=1.	0.90	NO
1602722942	1082862005	четки языческие	GENERIC_RELEVANT	6.0	0.0	0.0	GAP_PRESENT	GAP_PRESENT	LOW	FAMILY_CANDIDATE	LONG_DESCRIPTION	GENERIC_RELEVANT; coverage=GAP_PRESENT; ownership=FAMILY_SHARED; observed slices=1.	0.72	YES
1611643847	1092556350	lol	AMBIGUOUS_HOLD	380.0	0.0	0.0	GAP_PRESENT	GAP_PRESENT	MEDIUM	HOLD_AMBIGUOUS	HOLD	AMBIGUOUS_HOLD; coverage=GAP_PRESENT; ownership=UNCLEAR; observed slices=1.	0.42	YES
1611643847	1092556350	акриловая подвеска в машину	GENERIC_RELEVANT	1.0	0.0	0.0	GAP_PRESENT	GAP_PRESENT	LOW	FAMILY_CANDIDATE	LONG_DESCRIPTION	GENERIC_RELEVANT; coverage=GAP_PRESENT; ownership=FAMILY_SHARED; observed slices=1.	0.76	YES
1611643847	1092556350	амулеты обереги и талисманы	GENERIC_RELEVANT	217.0	0.0	0.0	GAP_PRESENT	GAP_PRESENT	LOW	FAMILY_CANDIDATE	LONG_DESCRIPTION	GENERIC_RELEVANT; coverage=GAP_PRESENT; ownership=STORE_GENERIC; observed slices=2.	0.72	YES
1611643847	1092556350	бог и богиня	IRRELEVANT	0.0	0.0	0.0	NOT_APPLICABLE	NOT_APPLICABLE	LOW	REJECT_IRRELEVANT	NONE	IRRELEVANT; coverage=NOT_APPLICABLE; ownership=EXCLUDED; observed slices=1.	0.82	NO
1611643847	1092556350	в автомобиль подвеска	GENERIC_RELEVANT	4.0	0.0	0.0	GAP_PRESENT	GAP_PRESENT	LOW	FAMILY_CANDIDATE	LONG_DESCRIPTION	GENERIC_RELEVANT; coverage=GAP_PRESENT; ownership=STORE_GENERIC; observed slices=1.	0.76	YES
1611643847	1092556350	в машину амулет	GENERIC_RELEVANT	0.0	0.0	0.0	GAP_PRESENT	GAP_PRESENT	LOW	FAMILY_CANDIDATE	LONG_DESCRIPTION	GENERIC_RELEVANT; coverage=GAP_PRESENT; ownership=STORE_GENERIC; observed slices=1.	0.76	YES
1611643847	1092556350	валькнут	NEIGHBOR_PRODUCT	168.0	0.0	0.0	NOT_APPLICABLE	NOT_APPLICABLE	LOW	REJECT_NEIGHBOR	NONE	NEIGHBOR_PRODUCT; coverage=NOT_APPLICABLE; ownership=SKU_SPECIFIC; observed slices=1.	0.96	NO
1611643847	1092556350	голова хищника в машину подвеска	GENERIC_RELEVANT	1.0	0.0	0.0	GAP_PRESENT	GAP_PRESENT	LOW	FAMILY_CANDIDATE	LONG_DESCRIPTION	GENERIC_RELEVANT; coverage=GAP_PRESENT; ownership=STORE_GENERIC; observed slices=1.	0.76	YES
1611643847	1092556350	гун подвеска	GENERIC_RELEVANT	0.0	0.0	0.0	GAP_PRESENT	GAP_PRESENT	LOW	FAMILY_CANDIDATE	LONG_DESCRIPTION	GENERIC_RELEVANT; coverage=GAP_PRESENT; ownership=FAMILY_SHARED; observed slices=1.	0.72	YES
1611643847	1092556350	гунгнир копье не	EXACT_PRODUCT	0.0	0.0	0.0	PARTIAL_GAP	PARTIAL_GAP	LOW	READY_CANDIDATE	LONG_DESCRIPTION	EXACT_PRODUCT; coverage=PARTIAL_GAP; ownership=SKU_SPECIFIC; observed slices=1.	0.95	YES
1611643847	1092556350	гунгнир копьем одиума	EXACT_PRODUCT	0.0	0.0	0.0	PARTIAL_GAP	PARTIAL_GAP	LOW	READY_CANDIDATE	LONG_DESCRIPTION	EXACT_PRODUCT; coverage=PARTIAL_GAP; ownership=SKU_SPECIFIC; observed slices=1.	0.95	YES
1611643847	1092556350	доска гунгнир	EXACT_PRODUCT	0.0	0.0	0.0	PARTIAL_GAP	PARTIAL_GAP	LOW	READY_CANDIDATE	LONG_DESCRIPTION	EXACT_PRODUCT; coverage=PARTIAL_GAP; ownership=SKU_SPECIFIC; observed slices=1.	0.95	YES
1611643847	1092556350	зеркало авто подвеска	GENERIC_RELEVANT	1.0	0.0	0.0	GAP_PRESENT	GAP_PRESENT	LOW	FAMILY_CANDIDATE	LONG_DESCRIPTION	GENERIC_RELEVANT; coverage=GAP_PRESENT; ownership=STORE_GENERIC; observed slices=1.	0.76	YES
1611643847	1092556350	коп гунгнир один	EXACT_PRODUCT	0.0	0.0	0.0	PARTIAL_GAP	PARTIAL_GAP	LOW	READY_CANDIDATE	LONG_DESCRIPTION	EXACT_PRODUCT; coverage=PARTIAL_GAP; ownership=SKU_SPECIFIC; observed slices=1.	0.95	YES
1611643847	1092556350	копй для зеркал	GENERIC_RELEVANT	0.0	0.0	0.0	GAP_PRESENT	GAP_PRESENT	LOW	FAMILY_CANDIDATE	LONG_DESCRIPTION	GENERIC_RELEVANT; coverage=GAP_PRESENT; ownership=FAMILY_SHARED; observed slices=1.	0.76	YES
1611643847	1092556350	копъе	AMBIGUOUS_HOLD	1.0	0.0	0.0	GAP_PRESENT	GAP_PRESENT	MEDIUM	HOLD_AMBIGUOUS	HOLD	AMBIGUOUS_HOLD; coverage=GAP_PRESENT; ownership=UNCLEAR; observed slices=1.	0.42	YES
1611643847	1092556350	копье	EXACT_PRODUCT	1388.0	0.0	0.0	NO_GAP	NO_GAP	LOW	NO_CHANGE	NONE	EXACT_PRODUCT; coverage=NO_GAP; ownership=SKU_SPECIFIC; observed slices=1.	0.95	NO
1611643847	1092556350	копье 1/12	EXACT_PRODUCT	0.0	0.0	0.0	PARTIAL_GAP	PARTIAL_GAP	LOW	READY_CANDIDATE	LONG_DESCRIPTION	EXACT_PRODUCT; coverage=PARTIAL_GAP; ownership=SKU_SPECIFIC; observed slices=1.	0.95	YES
1611643847	1092556350	копье бога	EXACT_PRODUCT	1.0	0.0	0.0	PARTIAL_GAP	PARTIAL_GAP	LOW	READY_CANDIDATE	LONG_DESCRIPTION	EXACT_PRODUCT; coverage=PARTIAL_GAP; ownership=SKU_SPECIFIC; observed slices=1.	0.95	YES
1611643847	1092556350	копье дерева 200 см	EXACT_PRODUCT	0.0	0.0	0.0	PARTIAL_GAP	PARTIAL_GAP	LOW	READY_CANDIDATE	LONG_DESCRIPTION	EXACT_PRODUCT; coverage=PARTIAL_GAP; ownership=SKU_SPECIFIC; observed slices=1.	0.95	YES
1611643847	1092556350	копье ммг	EXACT_PRODUCT	0.0	0.0	0.0	PARTIAL_GAP	PARTIAL_GAP	LOW	READY_CANDIDATE	LONG_DESCRIPTION	EXACT_PRODUCT; coverage=PARTIAL_GAP; ownership=SKU_SPECIFIC; observed slices=1.	0.95	YES
1611643847	1092556350	копья деревянные	AMBIGUOUS_HOLD	1.0	0.0	0.0	GAP_PRESENT	GAP_PRESENT	MEDIUM	HOLD_AMBIGUOUS	HOLD	AMBIGUOUS_HOLD; coverage=GAP_PRESENT; ownership=UNCLEAR; observed slices=1.	0.42	YES
1611643847	1092556350	кулоны зеркальные обереги	GENERIC_RELEVANT	1.0	0.0	0.0	GAP_PRESENT	GAP_PRESENT	LOW	FAMILY_CANDIDATE	LONG_DESCRIPTION	GENERIC_RELEVANT; coverage=GAP_PRESENT; ownership=FAMILY_SHARED; observed slices=1.	0.76	YES
1611643847	1092556350	мощные амулеты	GENERIC_RELEVANT	1.0	0.0	0.0	GAP_PRESENT	GAP_PRESENT	LOW	FAMILY_CANDIDATE	LONG_DESCRIPTION	GENERIC_RELEVANT; coverage=GAP_PRESENT; ownership=FAMILY_SHARED; observed slices=1.	0.72	YES
1611643847	1092556350	оберег	GENERIC_RELEVANT	184.0	0.0	0.0	GAP_PRESENT	GAP_PRESENT	LOW	FAMILY_CANDIDATE	LONG_DESCRIPTION	GENERIC_RELEVANT; coverage=GAP_PRESENT; ownership=STORE_GENERIC; observed slices=1.	0.72	YES
1611643847	1092556350	оберег в машину	GENERIC_RELEVANT	337.0	0.0	0.0	GAP_PRESENT	GAP_PRESENT	LOW	FAMILY_CANDIDATE	LONG_DESCRIPTION	GENERIC_RELEVANT; coverage=GAP_PRESENT; ownership=STORE_GENERIC; observed slices=1.	0.76	YES
1611643847	1092556350	оберег в машину от дерева жизни на зеркало	NEIGHBOR_PRODUCT	1.0	0.0	0.0	NOT_APPLICABLE	NOT_APPLICABLE	LOW	REJECT_NEIGHBOR	NONE	NEIGHBOR_PRODUCT; coverage=NOT_APPLICABLE; ownership=EXCLUDED; observed slices=1.	0.96	NO
1611643847	1092556350	оберег на зеркало автомобиля	GENERIC_RELEVANT	1.0	0.0	0.0	GAP_PRESENT	GAP_PRESENT	LOW	FAMILY_CANDIDATE	LONG_DESCRIPTION	GENERIC_RELEVANT; coverage=GAP_PRESENT; ownership=STORE_GENERIC; observed slices=1.	0.76	YES
1611643847	1092556350	оберег от сглаза и порчи	GENERIC_RELEVANT	366.0	0.0	0.0	GAP_PRESENT	GAP_PRESENT	LOW	FAMILY_CANDIDATE	LONG_DESCRIPTION	GENERIC_RELEVANT; coverage=GAP_PRESENT; ownership=STORE_GENERIC; observed slices=1.	0.72	YES
1611643847	1092556350	оберег язычество для	GENERIC_RELEVANT	0.0	0.0	0.0	GAP_PRESENT	GAP_PRESENT	LOW	FAMILY_CANDIDATE	LONG_DESCRIPTION	GENERIC_RELEVANT; coverage=GAP_PRESENT; ownership=FAMILY_SHARED; observed slices=1.	0.72	YES
1611643847	1092556350	обереги от порчи	GENERIC_RELEVANT	0.0	0.0	0.0	GAP_PRESENT	GAP_PRESENT	LOW	FAMILY_CANDIDATE	LONG_DESCRIPTION	GENERIC_RELEVANT; coverage=GAP_PRESENT; ownership=STORE_GENERIC; observed slices=1.	0.72	YES
1611643847	1092556350	от сглаза	GENERIC_RELEVANT	228.0	0.0	0.0	GAP_PRESENT	GAP_PRESENT	LOW	FAMILY_CANDIDATE	LONG_DESCRIPTION	GENERIC_RELEVANT; coverage=GAP_PRESENT; ownership=STORE_GENERIC; observed slices=1.	0.72	YES
1611643847	1092556350	подвеска	GENERIC_RELEVANT	2492.0	0.0	0.0	GAP_PRESENT	GAP_PRESENT	LOW	FAMILY_CANDIDATE	LONG_DESCRIPTION	GENERIC_RELEVANT; coverage=GAP_PRESENT; ownership=STORE_GENERIC; observed slices=1.	0.72	YES
1611643847	1092556350	подвеска амулет оберег	GENERIC_RELEVANT	1.0	0.0	0.0	GAP_PRESENT	GAP_PRESENT	LOW	FAMILY_CANDIDATE	LONG_DESCRIPTION	GENERIC_RELEVANT; coverage=GAP_PRESENT; ownership=STORE_GENERIC; observed slices=1.	0.72	YES
1611643847	1092556350	подвеска в авто бусины	GENERIC_RELEVANT	2.0	0.0	0.0	GAP_PRESENT	GAP_PRESENT	LOW	FAMILY_CANDIDATE	LONG_DESCRIPTION	GENERIC_RELEVANT; coverage=GAP_PRESENT; ownership=STORE_GENERIC; observed slices=1.	0.76	YES
1611643847	1092556350	подвеска в машину	GENERIC_RELEVANT	3171.0	0.0	0.0	GAP_PRESENT	GAP_PRESENT	LOW	FAMILY_CANDIDATE	LONG_DESCRIPTION	GENERIC_RELEVANT; coverage=GAP_PRESENT; ownership=STORE_GENERIC; observed slices=1.	0.76	YES
1611643847	1092556350	подвеска в машину на зеркало женская оберег	GENERIC_RELEVANT	1.0	0.0	0.0	GAP_PRESENT	GAP_PRESENT	LOW	FAMILY_CANDIDATE	LONG_DESCRIPTION	GENERIC_RELEVANT; coverage=GAP_PRESENT; ownership=FAMILY_SHARED; observed slices=1.	0.76	YES
1611643847	1092556350	подвеска в машину на зеркало ма ка крик	GENERIC_RELEVANT	0.0	0.0	0.0	GAP_PRESENT	GAP_PRESENT	LOW	FAMILY_CANDIDATE	LONG_DESCRIPTION	GENERIC_RELEVANT; coverage=GAP_PRESENT; ownership=STORE_GENERIC; observed slices=1.	0.76	YES
1611643847	1092556350	подвеска в машину на зеркало русская красавица	GENERIC_RELEVANT	1.0	0.0	0.0	GAP_PRESENT	GAP_PRESENT	LOW	FAMILY_CANDIDATE	LONG_DESCRIPTION	GENERIC_RELEVANT; coverage=GAP_PRESENT; ownership=FAMILY_SHARED; observed slices=1.	0.76	YES
1611643847	1092556350	подвеска в машину на зеркало спецназ внутренних войск	GENERIC_RELEVANT	0.0	0.0	0.0	GAP_PRESENT	GAP_PRESENT	LOW	FAMILY_CANDIDATE	LONG_DESCRIPTION	GENERIC_RELEVANT; coverage=GAP_PRESENT; ownership=STORE_GENERIC; observed slices=2.	0.76	YES
1611643847	1092556350	подвеска валькнут	NEIGHBOR_PRODUCT	4.0	0.0	0.0	NOT_APPLICABLE	NOT_APPLICABLE	LOW	REJECT_NEIGHBOR	NONE	NEIGHBOR_PRODUCT; coverage=NOT_APPLICABLE; ownership=EXCLUDED; observed slices=1.	0.96	NO
1611643847	1092556350	подвеска катана в машину на зеркало мужская	GENERIC_RELEVANT	1.0	0.0	0.0	GAP_PRESENT	GAP_PRESENT	LOW	FAMILY_CANDIDATE	LONG_DESCRIPTION	GENERIC_RELEVANT; coverage=GAP_PRESENT; ownership=FAMILY_SHARED; observed slices=1.	0.76	YES
1611643847	1092556350	подвеска на зеркало в машину	GENERIC_RELEVANT	1063.0	0.0	0.0	GAP_PRESENT	GAP_PRESENT	LOW	FAMILY_CANDIDATE	LONG_DESCRIPTION	GENERIC_RELEVANT; coverage=GAP_PRESENT; ownership=STORE_GENERIC; observed slices=1.	0.76	YES
1611643847	1092556350	подвеска от сглаза в машину	GENERIC_RELEVANT	3.0	0.0	0.0	GAP_PRESENT	GAP_PRESENT	LOW	FAMILY_CANDIDATE	LONG_DESCRIPTION	GENERIC_RELEVANT; coverage=GAP_PRESENT; ownership=FAMILY_SHARED; observed slices=1.	0.76	YES
1611643847	1092556350	руна гунгнира футболка	PARTIAL_RELEVANCE	1.0	0.0	0.0	PARTIAL_GAP	PARTIAL_GAP	MEDIUM	HOLD_AMBIGUOUS	HOLD	PARTIAL_RELEVANCE; coverage=PARTIAL_GAP; ownership=UNCLEAR; observed slices=1.	0.60	YES
1611643847	1092556350	руны	AMBIGUOUS_HOLD	1194.0	0.0	0.0	GAP_PRESENT	GAP_PRESENT	MEDIUM	HOLD_AMBIGUOUS	HOLD	AMBIGUOUS_HOLD; coverage=GAP_PRESENT; ownership=UNCLEAR; observed slices=1.	0.42	YES
1611643847	1092556350	руны амулет защита	GENERIC_RELEVANT	1.0	0.0	0.0	GAP_PRESENT	GAP_PRESENT	LOW	FAMILY_CANDIDATE	LONG_DESCRIPTION	GENERIC_RELEVANT; coverage=GAP_PRESENT; ownership=STORE_GENERIC; observed slices=1.	0.72	YES
1611643847	1092556350	руны обкрег	AMBIGUOUS_HOLD	1.0	0.0	0.0	GAP_PRESENT	GAP_PRESENT	MEDIUM	HOLD_AMBIGUOUS	HOLD	AMBIGUOUS_HOLD; coverage=GAP_PRESENT; ownership=UNCLEAR; observed slices=1.	0.42	YES
1611643847	1092556350	сила	AMBIGUOUS_HOLD	108.0	0.0	0.0	GAP_PRESENT	GAP_PRESENT	MEDIUM	HOLD_AMBIGUOUS	HOLD	AMBIGUOUS_HOLD; coverage=GAP_PRESENT; ownership=UNCLEAR; observed slices=1.	0.42	YES
1611643847	1092556350	сковорода гугнир	AMBIGUOUS_HOLD	1.0	0.0	0.0	GAP_PRESENT	GAP_PRESENT	MEDIUM	HOLD_AMBIGUOUS	HOLD	AMBIGUOUS_HOLD; coverage=GAP_PRESENT; ownership=UNCLEAR; observed slices=1.	0.42	YES
1611643847	1092556350	талисманы	GENERIC_RELEVANT	58.0	0.0	0.0	GAP_PRESENT	GAP_PRESENT	LOW	FAMILY_CANDIDATE	LONG_DESCRIPTION	GENERIC_RELEVANT; coverage=GAP_PRESENT; ownership=STORE_GENERIC; observed slices=1.	0.72	YES
1611643847	1092556350	узел оберег	NEIGHBOR_PRODUCT	1.0	0.0	0.0	NOT_APPLICABLE	NOT_APPLICABLE	LOW	REJECT_NEIGHBOR	NONE	NEIGHBOR_PRODUCT; coverage=NOT_APPLICABLE; ownership=EXCLUDED; observed slices=1.	0.96	NO
1611643847	1092556350	флаг гугнир	AMBIGUOUS_HOLD	0.0	0.0	0.0	GAP_PRESENT	GAP_PRESENT	MEDIUM	HOLD_AMBIGUOUS	HOLD	AMBIGUOUS_HOLD; coverage=GAP_PRESENT; ownership=UNCLEAR; observed slices=1.	0.42	YES
1611643847	1092556350	четки автомобильные скандинавские с рунами	GENERIC_RELEVANT	1.0	0.0	0.0	GAP_PRESENT	GAP_PRESENT	LOW	FAMILY_CANDIDATE	LONG_DESCRIPTION	GENERIC_RELEVANT; coverage=GAP_PRESENT; ownership=FAMILY_SHARED; observed slices=1.	0.76	YES
1611643847	1092556350	четки в машину	GENERIC_RELEVANT	137.0	0.0	0.0	GAP_PRESENT	GAP_PRESENT	LOW	FAMILY_CANDIDATE	LONG_DESCRIPTION	GENERIC_RELEVANT; coverage=GAP_PRESENT; ownership=STORE_GENERIC; observed slices=1.	0.76	YES
1611643847	1092556350	штуки где зеркало в машине в	GENERIC_RELEVANT	1.0	0.0	0.0	GAP_PRESENT	GAP_PRESENT	LOW	FAMILY_CANDIDATE	LONG_DESCRIPTION	GENERIC_RELEVANT; coverage=GAP_PRESENT; ownership=FAMILY_SHARED; observed slices=1.	0.76	YES
1611643847	1092556350	язычество оберег	GENERIC_RELEVANT	1.0	0.0	0.0	GAP_PRESENT	GAP_PRESENT	LOW	FAMILY_CANDIDATE	LONG_DESCRIPTION	GENERIC_RELEVANT; coverage=GAP_PRESENT; ownership=FAMILY_SHARED; observed slices=1.	0.72	YES
1611695246	1092558299	амулет в машину на зеркало с горного алтая	GENERIC_RELEVANT	1.0	0.0	0.0	GAP_PRESENT	GAP_PRESENT	LOW	FAMILY_CANDIDATE	LONG_DESCRIPTION	GENERIC_RELEVANT; coverage=GAP_PRESENT; ownership=FAMILY_SHARED; observed slices=1.	0.76	YES
1611695246	1092558299	амулеты обереги и талисманы	GENERIC_RELEVANT	228.0	0.0	0.0	GAP_PRESENT	GAP_PRESENT	LOW	FAMILY_CANDIDATE	LONG_DESCRIPTION	GENERIC_RELEVANT; coverage=GAP_PRESENT; ownership=STORE_GENERIC; observed slices=1.	0.72	YES
1611695246	1092558299	амулеты языческие	GENERIC_RELEVANT	2.0	0.0	0.0	GAP_PRESENT	GAP_PRESENT	LOW	FAMILY_CANDIDATE	LONG_DESCRIPTION	GENERIC_RELEVANT; coverage=GAP_PRESENT; ownership=STORE_GENERIC; observed slices=1.	0.72	YES
1611695246	1092558299	бусина от сглаза на зеркало машины	GENERIC_RELEVANT	0.0	0.0	0.0	GAP_PRESENT	GAP_PRESENT	LOW	FAMILY_CANDIDATE	LONG_DESCRIPTION	GENERIC_RELEVANT; coverage=GAP_PRESENT; ownership=STORE_GENERIC; observed slices=1.	0.76	YES
1611695246	1092558299	бусы оберег	GENERIC_RELEVANT	0.0	0.0	0.0	GAP_PRESENT	GAP_PRESENT	LOW	FAMILY_CANDIDATE	LONG_DESCRIPTION	GENERIC_RELEVANT; coverage=GAP_PRESENT; ownership=STORE_GENERIC; observed slices=1.	0.72	YES
1611695246	1092558299	в авто славянские символы в машину	NEIGHBOR_PRODUCT	1.0	0.0	0.0	NOT_APPLICABLE	NOT_APPLICABLE	LOW	REJECT_NEIGHBOR	NONE	NEIGHBOR_PRODUCT; coverage=NOT_APPLICABLE; ownership=EXCLUDED; observed slices=1.	0.96	NO
1611695246	1092558299	в машину на зеркало	GENERIC_RELEVANT	6.0	0.0	0.0	GAP_PRESENT	GAP_PRESENT	LOW	FAMILY_CANDIDATE	LONG_DESCRIPTION	GENERIC_RELEVANT; coverage=GAP_PRESENT; ownership=STORE_GENERIC; observed slices=1.	0.76	YES
1611695246	1092558299	валькнут	EXACT_PRODUCT	291.0	0.0	0.0	NO_GAP	NO_GAP	LOW	NO_CHANGE	NONE	EXACT_PRODUCT; coverage=NO_GAP; ownership=SKU_SPECIFIC; observed slices=1.	0.95	NO
1611695246	1092558299	валькнут коврик на пол	EXACT_PRODUCT	1.0	0.0	0.0	PARTIAL_GAP	PARTIAL_GAP	LOW	READY_CANDIDATE	LONG_DESCRIPTION	EXACT_PRODUCT; coverage=PARTIAL_GAP; ownership=SKU_SPECIFIC; observed slices=1.	0.95	YES
1611695246	1092558299	валькнут подвеска в машину	EXACT_PRODUCT	2.0	0.0	746.0	NO_GAP	NO_GAP	LOW	NO_CHANGE	NONE	EXACT_PRODUCT; coverage=NO_GAP; ownership=SKU_SPECIFIC; observed slices=1.	0.95	NO
1611695246	1092558299	волчья лапа подвеска на зеркало в машину	GENERIC_RELEVANT	1.0	0.0	0.0	GAP_PRESENT	GAP_PRESENT	LOW	FAMILY_CANDIDATE	LONG_DESCRIPTION	GENERIC_RELEVANT; coverage=GAP_PRESENT; ownership=FAMILY_SHARED; observed slices=1.	0.76	YES
1611695246	1092558299	вольного борца подвеска в машину	GENERIC_RELEVANT	1.0	0.0	0.0	GAP_PRESENT	GAP_PRESENT	LOW	FAMILY_CANDIDATE	LONG_DESCRIPTION	GENERIC_RELEVANT; coverage=GAP_PRESENT; ownership=STORE_GENERIC; observed slices=1.	0.76	YES
1611695246	1092558299	зеркало толи	GENERIC_RELEVANT	3.0	0.0	0.0	GAP_PRESENT	GAP_PRESENT	LOW	FAMILY_CANDIDATE	LONG_DESCRIPTION	GENERIC_RELEVANT; coverage=GAP_PRESENT; ownership=STORE_GENERIC; observed slices=1.	0.76	YES
1611695246	1092558299	майка валькнут	EXACT_PRODUCT	2.0	0.0	0.0	PARTIAL_GAP	PARTIAL_GAP	LOW	READY_CANDIDATE	LONG_DESCRIPTION	EXACT_PRODUCT; coverage=PARTIAL_GAP; ownership=SKU_SPECIFIC; observed slices=1.	0.95	YES
1611695246	1092558299	машинка минивен с подвеской на крыше	GENERIC_RELEVANT	1.0	0.0	0.0	GAP_PRESENT	GAP_PRESENT	LOW	FAMILY_CANDIDATE	LONG_DESCRIPTION	GENERIC_RELEVANT; coverage=GAP_PRESENT; ownership=FAMILY_SHARED; observed slices=1.	0.76	YES
1611695246	1092558299	мусульманская подвеска в машину тюбетейка	GENERIC_RELEVANT	1.0	0.0	0.0	GAP_PRESENT	GAP_PRESENT	LOW	FAMILY_CANDIDATE	LONG_DESCRIPTION	GENERIC_RELEVANT; coverage=GAP_PRESENT; ownership=FAMILY_SHARED; observed slices=1.	0.76	YES
1611695246	1092558299	на зеркало автомобиля подвеска красная	GENERIC_RELEVANT	0.0	0.0	0.0	GAP_PRESENT	GAP_PRESENT	LOW	FAMILY_CANDIDATE	LONG_DESCRIPTION	GENERIC_RELEVANT; coverage=GAP_PRESENT; ownership=STORE_GENERIC; observed slices=1.	0.76	YES
1611695246	1092558299	на зеркало в машину талисман	GENERIC_RELEVANT	1.0	0.0	0.0	GAP_PRESENT	GAP_PRESENT	LOW	FAMILY_CANDIDATE	LONG_DESCRIPTION	GENERIC_RELEVANT; coverage=GAP_PRESENT; ownership=FAMILY_SHARED; observed slices=1.	0.76	YES
1611695246	1092558299	набор автомобилиста	GENERIC_RELEVANT	737.0	0.0	0.0	GAP_PRESENT	GAP_PRESENT	LOW	FAMILY_CANDIDATE	LONG_DESCRIPTION	GENERIC_RELEVANT; coverage=GAP_PRESENT; ownership=STORE_GENERIC; observed slices=1.	0.76	YES
1611695246	1092558299	набор ключей для автомобиля	GENERIC_RELEVANT	2868.0	0.0	0.0	GAP_PRESENT	GAP_PRESENT	LOW	FAMILY_CANDIDATE	LONG_DESCRIPTION	GENERIC_RELEVANT; coverage=GAP_PRESENT; ownership=FAMILY_SHARED; observed slices=1.	0.76	YES
1611695246	1092558299	оберег	GENERIC_RELEVANT	184.0	0.0	0.0	GAP_PRESENT	GAP_PRESENT	LOW	FAMILY_CANDIDATE	LONG_DESCRIPTION	GENERIC_RELEVANT; coverage=GAP_PRESENT; ownership=STORE_GENERIC; observed slices=1.	0.72	YES
1611695246	1092558299	оберег в автомобиль	GENERIC_RELEVANT	10.0	0.0	0.0	GAP_PRESENT	GAP_PRESENT	LOW	FAMILY_CANDIDATE	LONG_DESCRIPTION	GENERIC_RELEVANT; coverage=GAP_PRESENT; ownership=STORE_GENERIC; observed slices=1.	0.76	YES
1611695246	1092558299	оберег в машину	GENERIC_RELEVANT	175.0	0.0	0.0	GAP_PRESENT	GAP_PRESENT	LOW	FAMILY_CANDIDATE	LONG_DESCRIPTION	GENERIC_RELEVANT; coverage=GAP_PRESENT; ownership=STORE_GENERIC; observed slices=1.	0.76	YES
1611695246	1092558299	оберег в машину колаврат	GENERIC_RELEVANT	0.0	0.0	0.0	GAP_PRESENT	GAP_PRESENT	LOW	FAMILY_CANDIDATE	LONG_DESCRIPTION	GENERIC_RELEVANT; coverage=GAP_PRESENT; ownership=STORE_GENERIC; observed slices=1.	0.76	YES
1611695246	1092558299	оберег ворон	GENERIC_RELEVANT	2.0	0.0	0.0	GAP_PRESENT	GAP_PRESENT	LOW	FAMILY_CANDIDATE	LONG_DESCRIPTION	GENERIC_RELEVANT; coverage=GAP_PRESENT; ownership=FAMILY_SHARED; observed slices=1.	0.72	YES
1611695246	1092558299	оберег от сглаза и порчи	GENERIC_RELEVANT	279.0	0.0	0.0	GAP_PRESENT	GAP_PRESENT	LOW	FAMILY_CANDIDATE	LONG_DESCRIPTION	GENERIC_RELEVANT; coverage=GAP_PRESENT; ownership=STORE_GENERIC; observed slices=1.	0.72	YES
1611695246	1092558299	обереги	GENERIC_RELEVANT	1.0	0.0	0.0	GAP_PRESENT	GAP_PRESENT	LOW	FAMILY_CANDIDATE	LONG_DESCRIPTION	GENERIC_RELEVANT; coverage=GAP_PRESENT; ownership=STORE_GENERIC; observed slices=1.	0.72	YES
1611695246	1092558299	обереготсглаза	GENERIC_RELEVANT	0.0	0.0	0.0	GAP_PRESENT	GAP_PRESENT	LOW	FAMILY_CANDIDATE	LONG_DESCRIPTION	GENERIC_RELEVANT; coverage=GAP_PRESENT; ownership=STORE_GENERIC; observed slices=1.	0.72	YES
1611695246	1092558299	от сглаза	GENERIC_RELEVANT	228.0	0.0	0.0	GAP_PRESENT	GAP_PRESENT	LOW	FAMILY_CANDIDATE	LONG_DESCRIPTION	GENERIC_RELEVANT; coverage=GAP_PRESENT; ownership=STORE_GENERIC; observed slices=1.	0.72	YES
1611695246	1092558299	от сглаза и порчи	GENERIC_RELEVANT	8.0	0.0	0.0	GAP_PRESENT	GAP_PRESENT	LOW	FAMILY_CANDIDATE	LONG_DESCRIPTION	GENERIC_RELEVANT; coverage=GAP_PRESENT; ownership=FAMILY_SHARED; observed slices=1.	0.72	YES
1611695246	1092558299	подвеска в автомобиль стильная	GENERIC_RELEVANT	1.0	0.0	0.0	GAP_PRESENT	GAP_PRESENT	LOW	FAMILY_CANDIDATE	LONG_DESCRIPTION	GENERIC_RELEVANT; coverage=GAP_PRESENT; ownership=FAMILY_SHARED; observed slices=1.	0.76	YES
1611695246	1092558299	подвеска в машину	GENERIC_RELEVANT	2943.0	0.0	0.0	GAP_PRESENT	GAP_PRESENT	LOW	FAMILY_CANDIDATE	LONG_DESCRIPTION	GENERIC_RELEVANT; coverage=GAP_PRESENT; ownership=STORE_GENERIC; observed slices=2.	0.76	YES
1611695246	1092558299	подвеска в машину водителю илье	GENERIC_RELEVANT	0.0	0.0	0.0	GAP_PRESENT	GAP_PRESENT	LOW	FAMILY_CANDIDATE	LONG_DESCRIPTION	GENERIC_RELEVANT; coverage=GAP_PRESENT; ownership=STORE_GENERIC; observed slices=1.	0.76	YES
1611695246	1092558299	подвеска в машину мягкий пушистый ежик	GENERIC_RELEVANT	0.0	0.0	0.0	GAP_PRESENT	GAP_PRESENT	LOW	FAMILY_CANDIDATE	LONG_DESCRIPTION	GENERIC_RELEVANT; coverage=GAP_PRESENT; ownership=STORE_GENERIC; observed slices=1.	0.76	YES
1611695246	1092558299	подвеска в машину на зеркало питбуль	GENERIC_RELEVANT	0.0	0.0	0.0	GAP_PRESENT	GAP_PRESENT	LOW	FAMILY_CANDIDATE	LONG_DESCRIPTION	GENERIC_RELEVANT; coverage=GAP_PRESENT; ownership=STORE_GENERIC; observed slices=1.	0.76	YES
1611695246	1092558299	подвеска в машину на зеркало юрта	GENERIC_RELEVANT	0.0	0.0	0.0	GAP_PRESENT	GAP_PRESENT	LOW	FAMILY_CANDIDATE	LONG_DESCRIPTION	GENERIC_RELEVANT; coverage=GAP_PRESENT; ownership=STORE_GENERIC; observed slices=1.	0.76	YES
1611695246	1092558299	подвеска зеркало автомобиля	GENERIC_RELEVANT	1.0	0.0	0.0	GAP_PRESENT	GAP_PRESENT	LOW	FAMILY_CANDIDATE	LONG_DESCRIPTION	GENERIC_RELEVANT; coverage=GAP_PRESENT; ownership=FAMILY_SHARED; observed slices=1.	0.76	YES
1611695246	1092558299	подвеска на зеркало в машину	GENERIC_RELEVANT	992.0	0.0	0.0	GAP_PRESENT	GAP_PRESENT	LOW	FAMILY_CANDIDATE	LONG_DESCRIPTION	GENERIC_RELEVANT; coverage=GAP_PRESENT; ownership=STORE_GENERIC; observed slices=1.	0.76	YES
1611695246	1092558299	подвеска на зеркало славянская	NEIGHBOR_PRODUCT	0.0	0.0	0.0	NOT_APPLICABLE	NOT_APPLICABLE	LOW	REJECT_NEIGHBOR	NONE	NEIGHBOR_PRODUCT; coverage=NOT_APPLICABLE; ownership=FAMILY_SHARED; observed slices=1.	0.90	NO
1611695246	1092558299	подвеска под зеркало	GENERIC_RELEVANT	1.0	0.0	0.0	GAP_PRESENT	GAP_PRESENT	LOW	FAMILY_CANDIDATE	LONG_DESCRIPTION	GENERIC_RELEVANT; coverage=GAP_PRESENT; ownership=STORE_GENERIC; observed slices=1.	0.76	YES
1611695246	1092558299	подвеска славянская на зеркало автомобиля	NEIGHBOR_PRODUCT	2.0	0.0	0.0	NOT_APPLICABLE	NOT_APPLICABLE	LOW	REJECT_NEIGHBOR	NONE	NEIGHBOR_PRODUCT; coverage=NOT_APPLICABLE; ownership=FAMILY_SHARED; observed slices=1.	0.90	NO
1611695246	1092558299	подвеска узел	EXACT_PRODUCT	9.0	0.0	0.0	NO_GAP	NO_GAP	LOW	NO_CHANGE	NONE	EXACT_PRODUCT; coverage=NO_GAP; ownership=SKU_SPECIFIC; observed slices=1.	0.95	NO
1611695246	1092558299	подвески в авто на зеркало	GENERIC_RELEVANT	2.0	0.0	0.0	GAP_PRESENT	GAP_PRESENT	LOW	FAMILY_CANDIDATE	LONG_DESCRIPTION	GENERIC_RELEVANT; coverage=GAP_PRESENT; ownership=FAMILY_SHARED; observed slices=1.	0.76	YES
1611695246	1092558299	руны подвеска в машину	GENERIC_RELEVANT	0.0	0.0	0.0	GAP_PRESENT	GAP_PRESENT	LOW	FAMILY_CANDIDATE	LONG_DESCRIPTION	GENERIC_RELEVANT; coverage=GAP_PRESENT; ownership=STORE_GENERIC; observed slices=1.	0.76	YES
1611695246	1092558299	сихлы в машину	GENERIC_RELEVANT	1.0	0.0	0.0	GAP_PRESENT	GAP_PRESENT	LOW	FAMILY_CANDIDATE	LONG_DESCRIPTION	GENERIC_RELEVANT; coverage=GAP_PRESENT; ownership=FAMILY_SHARED; observed slices=1.	0.76	YES
1611695246	1092558299	славянские оберег	NEIGHBOR_PRODUCT	0.0	0.0	0.0	NOT_APPLICABLE	NOT_APPLICABLE	LOW	REJECT_NEIGHBOR	NONE	NEIGHBOR_PRODUCT; coverage=NOT_APPLICABLE; ownership=EXCLUDED; observed slices=1.	0.90	NO
1611695246	1092558299	славянские обереги	NEIGHBOR_PRODUCT	534.0	0.0	0.0	NOT_APPLICABLE	NOT_APPLICABLE	LOW	REJECT_NEIGHBOR	NONE	NEIGHBOR_PRODUCT; coverage=NOT_APPLICABLE; ownership=FAMILY_SHARED; observed slices=1.	0.90	NO
1611695246	1092558299	славянские обереги мужские	NEIGHBOR_PRODUCT	198.0	0.0	0.0	NOT_APPLICABLE	NOT_APPLICABLE	LOW	REJECT_NEIGHBOR	NONE	NEIGHBOR_PRODUCT; coverage=NOT_APPLICABLE; ownership=FAMILY_SHARED; observed slices=1.	0.90	NO
1611695246	1092558299	славянские украшения	NEIGHBOR_PRODUCT	243.0	0.0	0.0	NOT_APPLICABLE	NOT_APPLICABLE	LOW	REJECT_NEIGHBOR	NONE	NEIGHBOR_PRODUCT; coverage=NOT_APPLICABLE; ownership=FAMILY_SHARED; observed slices=1.	0.90	NO
1611695246	1092558299	славянский	NEIGHBOR_PRODUCT	73.0	0.0	0.0	NOT_APPLICABLE	NOT_APPLICABLE	LOW	REJECT_NEIGHBOR	NONE	NEIGHBOR_PRODUCT; coverage=NOT_APPLICABLE; ownership=FAMILY_SHARED; observed slices=1.	0.90	NO
1611695246	1092558299	славянский оберег	NEIGHBOR_PRODUCT	252.0	0.0	0.0	NOT_APPLICABLE	NOT_APPLICABLE	LOW	REJECT_NEIGHBOR	NONE	NEIGHBOR_PRODUCT; coverage=NOT_APPLICABLE; ownership=FAMILY_SHARED; observed slices=1.	0.90	NO
1611695246	1092558299	талисман	GENERIC_RELEVANT	296.0	0.0	0.0	GAP_PRESENT	GAP_PRESENT	LOW	FAMILY_CANDIDATE	LONG_DESCRIPTION	GENERIC_RELEVANT; coverage=GAP_PRESENT; ownership=STORE_GENERIC; observed slices=1.	0.72	YES
1611695246	1092558299	трафарет узел валькнутв	EXACT_PRODUCT	0.0	0.0	0.0	PARTIAL_GAP	PARTIAL_GAP	LOW	READY_CANDIDATE	LONG_DESCRIPTION	EXACT_PRODUCT; coverage=PARTIAL_GAP; ownership=SKU_SPECIFIC; observed slices=1.	0.95	YES
1611695246	1092558299	узел анама кара подвеска	EXACT_PRODUCT	0.0	0.0	0.0	PARTIAL_GAP	PARTIAL_GAP	LOW	READY_CANDIDATE	LONG_DESCRIPTION	EXACT_PRODUCT; coverage=PARTIAL_GAP; ownership=SKU_SPECIFIC; observed slices=1.	0.95	YES
1611695246	1092558299	узел подвеска в машину	EXACT_PRODUCT	1.0	0.0	0.0	NO_GAP	NO_GAP	LOW	NO_CHANGE	NONE	EXACT_PRODUCT; coverage=NO_GAP; ownership=SKU_SPECIFIC; observed slices=1.	0.95	NO
1611695246	1092558299	четки в машину славянские обереги	NEIGHBOR_PRODUCT	1.0	0.0	0.0	NOT_APPLICABLE	NOT_APPLICABLE	LOW	REJECT_NEIGHBOR	NONE	NEIGHBOR_PRODUCT; coverage=NOT_APPLICABLE; ownership=FAMILY_SHARED; observed slices=1.	0.90	NO
1611695246	1092558299	шаманский оберег	GENERIC_RELEVANT	5.0	0.0	0.0	GAP_PRESENT	GAP_PRESENT	LOW	FAMILY_CANDIDATE	LONG_DESCRIPTION	GENERIC_RELEVANT; coverage=GAP_PRESENT; ownership=FAMILY_SHARED; observed slices=1.	0.72	YES
1611695246	1092558299	язычество обереги на машину	GENERIC_RELEVANT	0.0	0.0	0.0	GAP_PRESENT	GAP_PRESENT	LOW	FAMILY_CANDIDATE	LONG_DESCRIPTION	GENERIC_RELEVANT; coverage=GAP_PRESENT; ownership=FAMILY_SHARED; observed slices=1.	0.76	YES
1611695246	1092558299	ярость павшего амулет hollow	GENERIC_RELEVANT	1.0	0.0	0.0	GAP_PRESENT	GAP_PRESENT	LOW	FAMILY_CANDIDATE	LONG_DESCRIPTION	GENERIC_RELEVANT; coverage=GAP_PRESENT; ownership=FAMILY_SHARED; observed slices=1.	0.72	YES
1623753672	1106060257	автооберег	GENERIC_RELEVANT	1.0	0.0	0.0	GAP_PRESENT	GAP_PRESENT	LOW	FAMILY_CANDIDATE	LONG_DESCRIPTION	GENERIC_RELEVANT; coverage=GAP_PRESENT; ownership=STORE_GENERIC; observed slices=1.	0.76	YES
1623753672	1106060257	акриловая подвеска в машину	GENERIC_RELEVANT	1.0	0.0	0.0	GAP_PRESENT	GAP_PRESENT	LOW	FAMILY_CANDIDATE	LONG_DESCRIPTION	GENERIC_RELEVANT; coverage=GAP_PRESENT; ownership=FAMILY_SHARED; observed slices=1.	0.76	YES
1623753672	1106060257	амулет в машину славянский	NEIGHBOR_PRODUCT	1.0	0.0	0.0	NOT_APPLICABLE	NOT_APPLICABLE	LOW	REJECT_NEIGHBOR	NONE	NEIGHBOR_PRODUCT; coverage=NOT_APPLICABLE; ownership=EXCLUDED; observed slices=1.	0.90	NO
1623753672	1106060257	амулет медведь на веревке	GENERIC_RELEVANT	1.0	0.0	0.0	GAP_PRESENT	GAP_PRESENT	LOW	FAMILY_CANDIDATE	LONG_DESCRIPTION	GENERIC_RELEVANT; coverage=GAP_PRESENT; ownership=FAMILY_SHARED; observed slices=1.	0.72	YES
1623753672	1106060257	амулет славянский в машину на зеркало	NEIGHBOR_PRODUCT	1.0	0.0	0.0	NOT_APPLICABLE	NOT_APPLICABLE	LOW	REJECT_NEIGHBOR	NONE	NEIGHBOR_PRODUCT; coverage=NOT_APPLICABLE; ownership=EXCLUDED; observed slices=1.	0.90	NO
1623753672	1106060257	амулеты обереги и талисманы	GENERIC_RELEVANT	322.0	0.0	0.0	GAP_PRESENT	GAP_PRESENT	LOW	FAMILY_CANDIDATE	LONG_DESCRIPTION	GENERIC_RELEVANT; coverage=GAP_PRESENT; ownership=STORE_GENERIC; observed slices=1.	0.72	YES
1623753672	1106060257	бусы оберег	GENERIC_RELEVANT	0.0	0.0	0.0	GAP_PRESENT	GAP_PRESENT	LOW	FAMILY_CANDIDATE	LONG_DESCRIPTION	GENERIC_RELEVANT; coverage=GAP_PRESENT; ownership=STORE_GENERIC; observed slices=1.	0.72	YES
1623753672	1106060257	в автопутешествие в машине для путешествий людям	GENERIC_RELEVANT	1.0	0.0	0.0	GAP_PRESENT	GAP_PRESENT	LOW	FAMILY_CANDIDATE	LONG_DESCRIPTION	GENERIC_RELEVANT; coverage=GAP_PRESENT; ownership=FAMILY_SHARED; observed slices=1.	0.76	YES
1623753672	1106060257	в машине на зеркало подвеска	GENERIC_RELEVANT	1.0	0.0	0.0	GAP_PRESENT	GAP_PRESENT	LOW	FAMILY_CANDIDATE	LONG_DESCRIPTION	GENERIC_RELEVANT; coverage=GAP_PRESENT; ownership=FAMILY_SHARED; observed slices=1.	0.76	YES
1623753672	1106060257	в машину амулет	GENERIC_RELEVANT	0.0	0.0	0.0	GAP_PRESENT	GAP_PRESENT	LOW	FAMILY_CANDIDATE	LONG_DESCRIPTION	GENERIC_RELEVANT; coverage=GAP_PRESENT; ownership=STORE_GENERIC; observed slices=1.	0.76	YES
1623753672	1106060257	валькнут	NEIGHBOR_PRODUCT	272.0	0.0	0.0	NOT_APPLICABLE	NOT_APPLICABLE	LOW	REJECT_NEIGHBOR	NONE	NEIGHBOR_PRODUCT; coverage=NOT_APPLICABLE; ownership=SKU_SPECIFIC; observed slices=1.	0.96	NO
1623753672	1106060257	валькнут амулет	NEIGHBOR_PRODUCT	2.0	0.0	0.0	NOT_APPLICABLE	NOT_APPLICABLE	LOW	REJECT_NEIGHBOR	NONE	NEIGHBOR_PRODUCT; coverage=NOT_APPLICABLE; ownership=EXCLUDED; observed slices=1.	0.96	NO
1623753672	1106060257	дерево жизни	EXACT_PRODUCT	375.0	0.0	0.0	NO_GAP	NO_GAP	LOW	NO_CHANGE	NONE	EXACT_PRODUCT; coverage=NO_GAP; ownership=SKU_SPECIFIC; observed slices=1.	0.95	NO
1623753672	1106060257	дерево жизни валькнут	NEIGHBOR_PRODUCT	1.0	0.0	0.0	NOT_APPLICABLE	NOT_APPLICABLE	LOW	REJECT_NEIGHBOR	NONE	NEIGHBOR_PRODUCT; coverage=NOT_APPLICABLE; ownership=EXCLUDED; observed slices=1.	0.96	NO
1623753672	1106060257	деревянные обереги	GENERIC_RELEVANT	5.0	0.0	0.0	GAP_PRESENT	GAP_PRESENT	LOW	FAMILY_CANDIDATE	LONG_DESCRIPTION	GENERIC_RELEVANT; coverage=GAP_PRESENT; ownership=STORE_GENERIC; observed slices=1.	0.72	YES
1623753672	1106060257	деревянный амулет	GENERIC_RELEVANT	1.0	0.0	0.0	GAP_PRESENT	GAP_PRESENT	LOW	FAMILY_CANDIDATE	LONG_DESCRIPTION	GENERIC_RELEVANT; coverage=GAP_PRESENT; ownership=STORE_GENERIC; observed slices=1.	0.72	YES
1623753672	1106060257	доево жизни	EXACT_PRODUCT	1.0	0.0	0.0	PARTIAL_GAP	PARTIAL_GAP	LOW	READY_CANDIDATE	LONG_DESCRIPTION	EXACT_PRODUCT; coverage=PARTIAL_GAP; ownership=SKU_SPECIFIC; observed slices=1.	0.95	YES
1623753672	1106060257	доллар деревянный в машину подвеска на зеркало	GENERIC_RELEVANT	1.0	0.0	0.0	GAP_PRESENT	GAP_PRESENT	LOW	FAMILY_CANDIDATE	LONG_DESCRIPTION	GENERIC_RELEVANT; coverage=GAP_PRESENT; ownership=STORE_GENERIC; observed slices=1.	0.76	YES
1623753672	1106060257	древо жизни	EXACT_PRODUCT	658.0	0.0	0.0	NO_GAP	NO_GAP	LOW	NO_CHANGE	NONE	EXACT_PRODUCT; coverage=NO_GAP; ownership=SKU_SPECIFIC; observed slices=1.	0.95	NO
1623753672	1106060257	древо жизни кресты	EXACT_PRODUCT	1.0	0.0	0.0	PARTIAL_GAP	PARTIAL_GAP	LOW	READY_CANDIDATE	LONG_DESCRIPTION	EXACT_PRODUCT; coverage=PARTIAL_GAP; ownership=SKU_SPECIFIC; observed slices=1.	0.95	YES
1623753672	1106060257	зеркала на машину универсальные	GENERIC_RELEVANT	2.0	0.0	0.0	GAP_PRESENT	GAP_PRESENT	LOW	FAMILY_CANDIDATE	LONG_DESCRIPTION	GENERIC_RELEVANT; coverage=GAP_PRESENT; ownership=FAMILY_SHARED; observed slices=1.	0.76	YES
1623753672	1106060257	зеркало магическое подвеска	GENERIC_RELEVANT	1.0	0.0	0.0	GAP_PRESENT	GAP_PRESENT	LOW	FAMILY_CANDIDATE	LONG_DESCRIPTION	GENERIC_RELEVANT; coverage=GAP_PRESENT; ownership=FAMILY_SHARED; observed slices=1.	0.76	YES
1623753672	1106060257	зеркальная защита рунами	GENERIC_RELEVANT	1.0	0.0	0.0	GAP_PRESENT	GAP_PRESENT	LOW	FAMILY_CANDIDATE	LONG_DESCRIPTION	GENERIC_RELEVANT; coverage=GAP_PRESENT; ownership=STORE_GENERIC; observed slices=1.	0.76	YES
1623753672	1106060257	крест в машину на зеркало	NEIGHBOR_PRODUCT	234.0	0.0	0.0	NOT_APPLICABLE	NOT_APPLICABLE	LOW	REJECT_NEIGHBOR	NONE	NEIGHBOR_PRODUCT; coverage=NOT_APPLICABLE; ownership=EXCLUDED; observed slices=1.	0.96	NO
1623753672	1106060257	крест в машину на зеркало армянский двухсторону	NEIGHBOR_PRODUCT	1.0	0.0	0.0	NOT_APPLICABLE	NOT_APPLICABLE	LOW	REJECT_NEIGHBOR	NONE	NEIGHBOR_PRODUCT; coverage=NOT_APPLICABLE; ownership=EXCLUDED; observed slices=1.	0.96	NO
1623753672	1106060257	крона	AMBIGUOUS_HOLD	522.0	0.0	0.0	GAP_PRESENT	GAP_PRESENT	MEDIUM	HOLD_AMBIGUOUS	HOLD	AMBIGUOUS_HOLD; coverage=GAP_PRESENT; ownership=UNCLEAR; observed slices=1.	0.42	YES
1623753672	1106060257	на зеркало в машину подвеска уголовный розыск	GENERIC_RELEVANT	1.0	0.0	0.0	GAP_PRESENT	GAP_PRESENT	LOW	FAMILY_CANDIDATE	LONG_DESCRIPTION	GENERIC_RELEVANT; coverage=GAP_PRESENT; ownership=STORE_GENERIC; observed slices=1.	0.76	YES
1623753672	1106060257	набор	AMBIGUOUS_HOLD	10271.0	0.0	0.0	GAP_PRESENT	GAP_PRESENT	MEDIUM	HOLD_AMBIGUOUS	HOLD	AMBIGUOUS_HOLD; coverage=GAP_PRESENT; ownership=UNCLEAR; observed slices=1.	0.42	YES
1623753672	1106060257	набор автомобилиста	GENERIC_RELEVANT	737.0	0.0	0.0	GAP_PRESENT	GAP_PRESENT	LOW	FAMILY_CANDIDATE	LONG_DESCRIPTION	GENERIC_RELEVANT; coverage=GAP_PRESENT; ownership=STORE_GENERIC; observed slices=1.	0.76	YES
1623753672	1106060257	набор для творчества	AMBIGUOUS_HOLD	1177.0	0.0	0.0	GAP_PRESENT	GAP_PRESENT	MEDIUM	HOLD_AMBIGUOUS	HOLD	AMBIGUOUS_HOLD; coverage=GAP_PRESENT; ownership=UNCLEAR; observed slices=1.	0.42	YES
1623753672	1106060257	оберег в машину	GENERIC_RELEVANT	735.0	0.0	907.0	GAP_PRESENT	GAP_PRESENT	LOW	FAMILY_CANDIDATE	LONG_DESCRIPTION	GENERIC_RELEVANT; coverage=GAP_PRESENT; ownership=STORE_GENERIC; observed slices=2.	0.76	YES
1623753672	1106060257	оберег в машину на зеркало женский	GENERIC_RELEVANT	0.0	0.0	0.0	GAP_PRESENT	GAP_PRESENT	LOW	FAMILY_CANDIDATE	LONG_DESCRIPTION	GENERIC_RELEVANT; coverage=GAP_PRESENT; ownership=STORE_GENERIC; observed slices=1.	0.76	YES
1623753672	1106060257	оберег из зеркал	GENERIC_RELEVANT	1.0	0.0	0.0	GAP_PRESENT	GAP_PRESENT	LOW	FAMILY_CANDIDATE	LONG_DESCRIPTION	GENERIC_RELEVANT; coverage=GAP_PRESENT; ownership=FAMILY_SHARED; observed slices=1.	0.76	YES
1623753672	1106060257	оберег на машину славянский	NEIGHBOR_PRODUCT	0.0	0.0	0.0	NOT_APPLICABLE	NOT_APPLICABLE	LOW	REJECT_NEIGHBOR	NONE	NEIGHBOR_PRODUCT; coverage=NOT_APPLICABLE; ownership=FAMILY_SHARED; observed slices=1.	0.90	NO
1623753672	1106060257	обереготсглаза	GENERIC_RELEVANT	0.0	0.0	0.0	GAP_PRESENT	GAP_PRESENT	LOW	FAMILY_CANDIDATE	LONG_DESCRIPTION	GENERIC_RELEVANT; coverage=GAP_PRESENT; ownership=STORE_GENERIC; observed slices=1.	0.72	YES
1623753672	1106060257	подвеска в авто бусины	GENERIC_RELEVANT	2.0	0.0	0.0	GAP_PRESENT	GAP_PRESENT	LOW	FAMILY_CANDIDATE	LONG_DESCRIPTION	GENERIC_RELEVANT; coverage=GAP_PRESENT; ownership=STORE_GENERIC; observed slices=1.	0.76	YES
1623753672	1106060257	подвеска в машину	GENERIC_RELEVANT	3171.0	0.0	0.0	GAP_PRESENT	GAP_PRESENT	LOW	FAMILY_CANDIDATE	LONG_DESCRIPTION	GENERIC_RELEVANT; coverage=GAP_PRESENT; ownership=STORE_GENERIC; observed slices=1.	0.76	YES
1623753672	1106060257	подвеска в машину на зеркало	GENERIC_RELEVANT	870.0	0.0	0.0	GAP_PRESENT	GAP_PRESENT	LOW	FAMILY_CANDIDATE	LONG_DESCRIPTION	GENERIC_RELEVANT; coverage=GAP_PRESENT; ownership=STORE_GENERIC; observed slices=1.	0.76	YES
1623753672	1106060257	подвеска в машину на зеркало а	GENERIC_RELEVANT	0.0	0.0	0.0	GAP_PRESENT	GAP_PRESENT	LOW	FAMILY_CANDIDATE	LONG_DESCRIPTION	GENERIC_RELEVANT; coverage=GAP_PRESENT; ownership=STORE_GENERIC; observed slices=1.	0.76	YES
1623753672	1106060257	подвеска в машину на зеркало из камня с древом	GENERIC_RELEVANT	0.0	0.0	0.0	GAP_PRESENT	GAP_PRESENT	LOW	FAMILY_CANDIDATE	LONG_DESCRIPTION	GENERIC_RELEVANT; coverage=GAP_PRESENT; ownership=FAMILY_SHARED; observed slices=1.	0.76	YES
1623753672	1106060257	подвеска в машину на зеркало из камня с древом жизни	EXACT_PRODUCT	0.0	0.0	0.0	PARTIAL_GAP	PARTIAL_GAP	LOW	READY_CANDIDATE	LONG_DESCRIPTION	EXACT_PRODUCT; coverage=PARTIAL_GAP; ownership=SKU_SPECIFIC; observed slices=1.	0.95	YES
1623753672	1106060257	подвеска в машину на зеркало инь янь	GENERIC_RELEVANT	0.0	0.0	0.0	GAP_PRESENT	GAP_PRESENT	LOW	FAMILY_CANDIDATE	LONG_DESCRIPTION	GENERIC_RELEVANT; coverage=GAP_PRESENT; ownership=FAMILY_SHARED; observed slices=1.	0.76	YES
1623753672	1106060257	подвеска в машину на зеркало мужская евгений	GENERIC_RELEVANT	0.0	0.0	0.0	GAP_PRESENT	GAP_PRESENT	LOW	FAMILY_CANDIDATE	LONG_DESCRIPTION	GENERIC_RELEVANT; coverage=GAP_PRESENT; ownership=STORE_GENERIC; observed slices=1.	0.76	YES
1623753672	1106060257	подвеска в машину на зеркало руна	GENERIC_RELEVANT	0.0	0.0	0.0	GAP_PRESENT	GAP_PRESENT	LOW	FAMILY_CANDIDATE	LONG_DESCRIPTION	GENERIC_RELEVANT; coverage=GAP_PRESENT; ownership=STORE_GENERIC; observed slices=1.	0.76	YES
1623753672	1106060257	подвеска дерево жизни на зеркале	EXACT_PRODUCT	1.0	0.0	0.0	NO_GAP	NO_GAP	LOW	NO_CHANGE	NONE	EXACT_PRODUCT; coverage=NO_GAP; ownership=SKU_SPECIFIC; observed slices=1.	0.95	NO
1623753672	1106060257	подвеска на зеркало автомобиля в машину	GENERIC_RELEVANT	10.0	0.0	0.0	GAP_PRESENT	GAP_PRESENT	LOW	FAMILY_CANDIDATE	LONG_DESCRIPTION	GENERIC_RELEVANT; coverage=GAP_PRESENT; ownership=STORE_GENERIC; observed slices=1.	0.76	YES
1623753672	1106060257	подвеска на зеркало в машину	GENERIC_RELEVANT	1125.0	0.0	0.0	GAP_PRESENT	GAP_PRESENT	LOW	FAMILY_CANDIDATE	LONG_DESCRIPTION	GENERIC_RELEVANT; coverage=GAP_PRESENT; ownership=STORE_GENERIC; observed slices=1.	0.76	YES
1623753672	1106060257	подвеска на зеркало в машину древо жизни	EXACT_PRODUCT	1.0	0.0	545.0	NO_GAP	NO_GAP	LOW	NO_CHANGE	NONE	EXACT_PRODUCT; coverage=NO_GAP; ownership=SKU_SPECIFIC; observed slices=1.	0.95	NO
1623753672	1106060257	подвеска с ру	GENERIC_RELEVANT	0.0	0.0	0.0	GAP_PRESENT	GAP_PRESENT	LOW	FAMILY_CANDIDATE	LONG_DESCRIPTION	GENERIC_RELEVANT; coverage=GAP_PRESENT; ownership=FAMILY_SHARED; observed slices=1.	0.72	YES
1623753672	1106060257	руна крест	NEIGHBOR_PRODUCT	1.0	0.0	0.0	NOT_APPLICABLE	NOT_APPLICABLE	LOW	REJECT_NEIGHBOR	NONE	NEIGHBOR_PRODUCT; coverage=NOT_APPLICABLE; ownership=EXCLUDED; observed slices=1.	0.96	NO
1623753672	1106060257	руны	AMBIGUOUS_HOLD	201.0	0.0	0.0	GAP_PRESENT	GAP_PRESENT	MEDIUM	HOLD_AMBIGUOUS	HOLD	AMBIGUOUS_HOLD; coverage=GAP_PRESENT; ownership=UNCLEAR; observed slices=1.	0.42	YES
1623753672	1106060257	руны подвеска в машину	GENERIC_RELEVANT	0.0	0.0	0.0	GAP_PRESENT	GAP_PRESENT	LOW	FAMILY_CANDIDATE	LONG_DESCRIPTION	GENERIC_RELEVANT; coverage=GAP_PRESENT; ownership=STORE_GENERIC; observed slices=1.	0.76	YES
1623753672	1106060257	славянские обереги мужские в машину на зеркало	NEIGHBOR_PRODUCT	1.0	0.0	0.0	NOT_APPLICABLE	NOT_APPLICABLE	LOW	REJECT_NEIGHBOR	NONE	NEIGHBOR_PRODUCT; coverage=NOT_APPLICABLE; ownership=EXCLUDED; observed slices=1.	0.90	NO
1623753672	1106060257	талисман	GENERIC_RELEVANT	187.0	0.0	0.0	GAP_PRESENT	GAP_PRESENT	LOW	FAMILY_CANDIDATE	LONG_DESCRIPTION	GENERIC_RELEVANT; coverage=GAP_PRESENT; ownership=STORE_GENERIC; observed slices=1.	0.72	YES
1623753672	1106060257	талисман на любовь	GENERIC_RELEVANT	8.0	0.0	0.0	GAP_PRESENT	GAP_PRESENT	LOW	FAMILY_CANDIDATE	LONG_DESCRIPTION	GENERIC_RELEVANT; coverage=GAP_PRESENT; ownership=FAMILY_SHARED; observed slices=1.	0.72	YES
1623753672	1106060257	талисман подвеска в машину	GENERIC_RELEVANT	1.0	0.0	0.0	GAP_PRESENT	GAP_PRESENT	LOW	FAMILY_CANDIDATE	LONG_DESCRIPTION	GENERIC_RELEVANT; coverage=GAP_PRESENT; ownership=FAMILY_SHARED; observed slices=1.	0.76	YES
1623753672	1106060257	украшения на зеркало автомобиля автомобилист	GENERIC_RELEVANT	0.0	0.0	0.0	GAP_PRESENT	GAP_PRESENT	LOW	FAMILY_CANDIDATE	LONG_DESCRIPTION	GENERIC_RELEVANT; coverage=GAP_PRESENT; ownership=FAMILY_SHARED; observed slices=1.	0.76	YES
1623753672	1106060257	четки в круге в машину	GENERIC_RELEVANT	0.0	0.0	0.0	GAP_PRESENT	GAP_PRESENT	LOW	FAMILY_CANDIDATE	LONG_DESCRIPTION	GENERIC_RELEVANT; coverage=GAP_PRESENT; ownership=FAMILY_SHARED; observed slices=1.	0.76	YES
1623753672	1106060257	четки и крест	NEIGHBOR_PRODUCT	1.0	0.0	0.0	NOT_APPLICABLE	NOT_APPLICABLE	LOW	REJECT_NEIGHBOR	NONE	NEIGHBOR_PRODUCT; coverage=NOT_APPLICABLE; ownership=EXCLUDED; observed slices=1.	0.96	NO
1629493686	1112665646	аксессуар в авто на зеркало подвеска	GENERIC_RELEVANT	1.0	0.0	0.0	GAP_PRESENT	GAP_PRESENT	LOW	FAMILY_CANDIDATE	LONG_DESCRIPTION	GENERIC_RELEVANT; coverage=GAP_PRESENT; ownership=STORE_GENERIC; observed slices=1.	0.76	YES
1629493686	1112665646	аум знак	PARTIAL_RELEVANCE	0.0	0.0	0.0	GAP_PRESENT	GAP_PRESENT	MEDIUM	HOLD_AMBIGUOUS	HOLD	PARTIAL_RELEVANCE; coverage=GAP_PRESENT; ownership=UNCLEAR; observed slices=1.	0.60	YES
1629493686	1112665646	аум сенерик	PARTIAL_RELEVANCE	0.0	0.0	0.0	GAP_PRESENT	GAP_PRESENT	MEDIUM	HOLD_AMBIGUOUS	HOLD	PARTIAL_RELEVANCE; coverage=GAP_PRESENT; ownership=UNCLEAR; observed slices=1.	0.60	YES
1629493686	1112665646	бабой яга в машину подвеска	GENERIC_RELEVANT	1.0	0.0	0.0	GAP_PRESENT	GAP_PRESENT	LOW	FAMILY_CANDIDATE	LONG_DESCRIPTION	GENERIC_RELEVANT; coverage=GAP_PRESENT; ownership=STORE_GENERIC; observed slices=1.	0.76	YES
1629493686	1112665646	брелок аудра	AMBIGUOUS_HOLD	0.0	0.0	0.0	GAP_PRESENT	GAP_PRESENT	MEDIUM	HOLD_AMBIGUOUS	HOLD	AMBIGUOUS_HOLD; coverage=GAP_PRESENT; ownership=UNCLEAR; observed slices=1.	0.42	YES
1629493686	1112665646	брелок в машину ауд	GENERIC_RELEVANT	1.0	0.0	0.0	GAP_PRESENT	GAP_PRESENT	LOW	FAMILY_CANDIDATE	LONG_DESCRIPTION	GENERIC_RELEVANT; coverage=GAP_PRESENT; ownership=FAMILY_SHARED; observed slices=1.	0.76	YES
1629493686	1112665646	брелок в машину на зеркало	GENERIC_RELEVANT	92.0	0.0	0.0	GAP_PRESENT	GAP_PRESENT	LOW	FAMILY_CANDIDATE	LONG_DESCRIPTION	GENERIC_RELEVANT; coverage=GAP_PRESENT; ownership=STORE_GENERIC; observed slices=1.	0.76	YES
1629493686	1112665646	брелок слпвянск	AMBIGUOUS_HOLD	0.0	0.0	0.0	GAP_PRESENT	GAP_PRESENT	MEDIUM	HOLD_AMBIGUOUS	HOLD	AMBIGUOUS_HOLD; coverage=GAP_PRESENT; ownership=UNCLEAR; observed slices=1.	0.42	YES
1629493686	1112665646	в машину на зеркало подвеска в виде дракона	GENERIC_RELEVANT	1.0	0.0	0.0	GAP_PRESENT	GAP_PRESENT	LOW	FAMILY_CANDIDATE	LONG_DESCRIPTION	GENERIC_RELEVANT; coverage=GAP_PRESENT; ownership=FAMILY_SHARED; observed slices=1.	0.76	YES
1629493686	1112665646	в машину подвеска мужская на зеркало	GENERIC_RELEVANT	1.0	0.0	0.0	GAP_PRESENT	GAP_PRESENT	LOW	FAMILY_CANDIDATE	LONG_DESCRIPTION	GENERIC_RELEVANT; coverage=GAP_PRESENT; ownership=FAMILY_SHARED; observed slices=1.	0.76	YES
1629493686	1112665646	висюльки в машину на зеркало череп обезьяна	GENERIC_RELEVANT	1.0	0.0	0.0	GAP_PRESENT	GAP_PRESENT	LOW	FAMILY_CANDIDATE	LONG_DESCRIPTION	GENERIC_RELEVANT; coverage=GAP_PRESENT; ownership=STORE_GENERIC; observed slices=1.	0.76	YES
1629493686	1112665646	деревянные украшения в машину	GENERIC_RELEVANT	1.0	0.0	0.0	GAP_PRESENT	GAP_PRESENT	LOW	FAMILY_CANDIDATE	LONG_DESCRIPTION	GENERIC_RELEVANT; coverage=GAP_PRESENT; ownership=FAMILY_SHARED; observed slices=1.	0.76	YES
1629493686	1112665646	деревянный талисман	GENERIC_RELEVANT	2.0	0.0	0.0	GAP_PRESENT	GAP_PRESENT	LOW	FAMILY_CANDIDATE	LONG_DESCRIPTION	GENERIC_RELEVANT; coverage=GAP_PRESENT; ownership=STORE_GENERIC; observed slices=1.	0.72	YES
1629493686	1112665646	зеркало	GENERIC_RELEVANT	7498.0	0.0	0.0	GAP_PRESENT	GAP_PRESENT	LOW	FAMILY_CANDIDATE	LONG_DESCRIPTION	GENERIC_RELEVANT; coverage=GAP_PRESENT; ownership=STORE_GENERIC; observed slices=1.	0.76	YES
1629493686	1112665646	коловрат в машину	GENERIC_RELEVANT	4.0	0.0	0.0	GAP_PRESENT	GAP_PRESENT	LOW	FAMILY_CANDIDATE	LONG_DESCRIPTION	GENERIC_RELEVANT; coverage=GAP_PRESENT; ownership=STORE_GENERIC; observed slices=1.	0.76	YES
1629493686	1112665646	коловрат в машину на зеркало	GENERIC_RELEVANT	2.0	0.0	0.0	GAP_PRESENT	GAP_PRESENT	LOW	FAMILY_CANDIDATE	LONG_DESCRIPTION	GENERIC_RELEVANT; coverage=GAP_PRESENT; ownership=STORE_GENERIC; observed slices=1.	0.76	YES
1629493686	1112665646	коловрат подвеска	GENERIC_RELEVANT	188.0	0.0	0.0	GAP_PRESENT	GAP_PRESENT	LOW	FAMILY_CANDIDATE	LONG_DESCRIPTION	GENERIC_RELEVANT; coverage=GAP_PRESENT; ownership=STORE_GENERIC; observed slices=1.	0.72	YES
1629493686	1112665646	на зеркало автомобиля подвеска красная	GENERIC_RELEVANT	0.0	0.0	0.0	GAP_PRESENT	GAP_PRESENT	LOW	FAMILY_CANDIDATE	LONG_DESCRIPTION	GENERIC_RELEVANT; coverage=GAP_PRESENT; ownership=STORE_GENERIC; observed slices=1.	0.76	YES
1629493686	1112665646	на зеркало в машину аксессуары необычные	GENERIC_RELEVANT	1.0	0.0	0.0	GAP_PRESENT	GAP_PRESENT	LOW	FAMILY_CANDIDATE	LONG_DESCRIPTION	GENERIC_RELEVANT; coverage=GAP_PRESENT; ownership=FAMILY_SHARED; observed slices=1.	0.76	YES
1629493686	1112665646	на зеркало в машину брелок	GENERIC_RELEVANT	2.0	0.0	0.0	GAP_PRESENT	GAP_PRESENT	LOW	FAMILY_CANDIDATE	LONG_DESCRIPTION	GENERIC_RELEVANT; coverage=GAP_PRESENT; ownership=FAMILY_SHARED; observed slices=1.	0.76	YES
1629493686	1112665646	оберег в машину	GENERIC_RELEVANT	142.0	0.0	0.0	GAP_PRESENT	GAP_PRESENT	LOW	FAMILY_CANDIDATE	LONG_DESCRIPTION	GENERIC_RELEVANT; coverage=GAP_PRESENT; ownership=STORE_GENERIC; observed slices=1.	0.76	YES
1629493686	1112665646	оберег в машину на зеркало	GENERIC_RELEVANT	1.0	0.0	0.0	GAP_PRESENT	GAP_PRESENT	LOW	FAMILY_CANDIDATE	LONG_DESCRIPTION	GENERIC_RELEVANT; coverage=GAP_PRESENT; ownership=STORE_GENERIC; observed slices=1.	0.76	YES
1629493686	1112665646	оберег защита для воина	NEIGHBOR_PRODUCT	1.0	0.0	0.0	NOT_APPLICABLE	NOT_APPLICABLE	LOW	REJECT_NEIGHBOR	NONE	NEIGHBOR_PRODUCT; coverage=NOT_APPLICABLE; ownership=EXCLUDED; observed slices=1.	0.96	NO
1629493686	1112665646	оберег шаман	GENERIC_RELEVANT	2.0	0.0	0.0	GAP_PRESENT	GAP_PRESENT	LOW	FAMILY_CANDIDATE	LONG_DESCRIPTION	GENERIC_RELEVANT; coverage=GAP_PRESENT; ownership=FAMILY_SHARED; observed slices=1.	0.72	YES
1629493686	1112665646	обереготсглаза	GENERIC_RELEVANT	0.0	0.0	0.0	GAP_PRESENT	GAP_PRESENT	LOW	FAMILY_CANDIDATE	LONG_DESCRIPTION	GENERIC_RELEVANT; coverage=GAP_PRESENT; ownership=STORE_GENERIC; observed slices=1.	0.72	YES
1629493686	1112665646	подвеска в автомобиль	GENERIC_RELEVANT	94.0	0.0	0.0	GAP_PRESENT	GAP_PRESENT	LOW	FAMILY_CANDIDATE	LONG_DESCRIPTION	GENERIC_RELEVANT; coverage=GAP_PRESENT; ownership=STORE_GENERIC; observed slices=1.	0.76	YES
1629493686	1112665646	подвеска в автомобиль на зеркало	GENERIC_RELEVANT	325.0	0.0	0.0	GAP_PRESENT	GAP_PRESENT	LOW	FAMILY_CANDIDATE	LONG_DESCRIPTION	GENERIC_RELEVANT; coverage=GAP_PRESENT; ownership=STORE_GENERIC; observed slices=2.	0.76	YES
1629493686	1112665646	подвеска в машину	GENERIC_RELEVANT	6856.0	0.0	0.0	GAP_PRESENT	GAP_PRESENT	LOW	FAMILY_CANDIDATE	LONG_DESCRIPTION	GENERIC_RELEVANT; coverage=GAP_PRESENT; ownership=STORE_GENERIC; observed slices=1.	0.76	YES
1629493686	1112665646	подвеска в машину на зеркало	GENERIC_RELEVANT	1354.0	0.0	0.0	GAP_PRESENT	GAP_PRESENT	LOW	FAMILY_CANDIDATE	LONG_DESCRIPTION	GENERIC_RELEVANT; coverage=GAP_PRESENT; ownership=STORE_GENERIC; observed slices=1.	0.76	YES
1629493686	1112665646	подвеска в машину на зеркало а	GENERIC_RELEVANT	0.0	0.0	0.0	GAP_PRESENT	GAP_PRESENT	LOW	FAMILY_CANDIDATE	LONG_DESCRIPTION	GENERIC_RELEVANT; coverage=GAP_PRESENT; ownership=STORE_GENERIC; observed slices=1.	0.76	YES
1629493686	1112665646	подвеска в машину на зеркало в грузовик	GENERIC_RELEVANT	0.0	0.0	0.0	GAP_PRESENT	GAP_PRESENT	LOW	FAMILY_CANDIDATE	LONG_DESCRIPTION	GENERIC_RELEVANT; coverage=GAP_PRESENT; ownership=STORE_GENERIC; observed slices=1.	0.76	YES
1629493686	1112665646	подвеска в машину на зеркало из биссера	GENERIC_RELEVANT	0.0	0.0	0.0	GAP_PRESENT	GAP_PRESENT	LOW	FAMILY_CANDIDATE	LONG_DESCRIPTION	GENERIC_RELEVANT; coverage=GAP_PRESENT; ownership=STORE_GENERIC; observed slices=1.	0.76	YES
1629493686	1112665646	подвеска в машину на зеркало инь янь	GENERIC_RELEVANT	0.0	0.0	0.0	GAP_PRESENT	GAP_PRESENT	LOW	FAMILY_CANDIDATE	LONG_DESCRIPTION	GENERIC_RELEVANT; coverage=GAP_PRESENT; ownership=FAMILY_SHARED; observed slices=1.	0.76	YES
1629493686	1112665646	подвеска в машину на зеркало казахская	GENERIC_RELEVANT	1.0	0.0	0.0	GAP_PRESENT	GAP_PRESENT	LOW	FAMILY_CANDIDATE	LONG_DESCRIPTION	GENERIC_RELEVANT; coverage=GAP_PRESENT; ownership=FAMILY_SHARED; observed slices=1.	0.76	YES
1629493686	1112665646	подвеска в машину на зеркало мех	GENERIC_RELEVANT	0.0	0.0	0.0	GAP_PRESENT	GAP_PRESENT	LOW	FAMILY_CANDIDATE	LONG_DESCRIPTION	GENERIC_RELEVANT; coverage=GAP_PRESENT; ownership=STORE_GENERIC; observed slices=1.	0.76	YES
1629493686	1112665646	подвеска в машину на зеркало пкм	GENERIC_RELEVANT	1.0	0.0	0.0	GAP_PRESENT	GAP_PRESENT	LOW	FAMILY_CANDIDATE	LONG_DESCRIPTION	GENERIC_RELEVANT; coverage=GAP_PRESENT; ownership=FAMILY_SHARED; observed slices=1.	0.76	YES
1629493686	1112665646	подвеска в машину на зеркало руна	GENERIC_RELEVANT	0.0	0.0	0.0	GAP_PRESENT	GAP_PRESENT	LOW	FAMILY_CANDIDATE	LONG_DESCRIPTION	GENERIC_RELEVANT; coverage=GAP_PRESENT; ownership=STORE_GENERIC; observed slices=1.	0.76	YES
1629493686	1112665646	подвеска в машину на зеркало череп	GENERIC_RELEVANT	1.0	0.0	0.0	GAP_PRESENT	GAP_PRESENT	LOW	FAMILY_CANDIDATE	LONG_DESCRIPTION	GENERIC_RELEVANT; coverage=GAP_PRESENT; ownership=STORE_GENERIC; observed slices=1.	0.76	YES
1629493686	1112665646	подвеска в машину на зеркало шкода	GENERIC_RELEVANT	1.0	0.0	0.0	GAP_PRESENT	GAP_PRESENT	LOW	FAMILY_CANDIDATE	LONG_DESCRIPTION	GENERIC_RELEVANT; coverage=GAP_PRESENT; ownership=STORE_GENERIC; observed slices=1.	0.76	YES
1629493686	1112665646	подвеска в машину род войск	GENERIC_RELEVANT	1.0	0.0	0.0	GAP_PRESENT	GAP_PRESENT	LOW	FAMILY_CANDIDATE	LONG_DESCRIPTION	GENERIC_RELEVANT; coverage=GAP_PRESENT; ownership=STORE_GENERIC; observed slices=1.	0.76	YES
1629493686	1112665646	подвеска на зеркало в машину	GENERIC_RELEVANT	880.0	0.0	0.0	GAP_PRESENT	GAP_PRESENT	LOW	FAMILY_CANDIDATE	LONG_DESCRIPTION	GENERIC_RELEVANT; coverage=GAP_PRESENT; ownership=STORE_GENERIC; observed slices=1.	0.76	YES
1629493686	1112665646	подвеска на зеркало в машину гаваи	GENERIC_RELEVANT	0.0	0.0	0.0	GAP_PRESENT	GAP_PRESENT	LOW	FAMILY_CANDIDATE	LONG_DESCRIPTION	GENERIC_RELEVANT; coverage=GAP_PRESENT; ownership=FAMILY_SHARED; observed slices=1.	0.76	YES
1629493686	1112665646	подвеска на зеркало в машину нисан	GENERIC_RELEVANT	1.0	0.0	0.0	GAP_PRESENT	GAP_PRESENT	LOW	FAMILY_CANDIDATE	LONG_DESCRIPTION	GENERIC_RELEVANT; coverage=GAP_PRESENT; ownership=STORE_GENERIC; observed slices=1.	0.76	YES
1629493686	1112665646	подвеска на зеркало в машину уаз	GENERIC_RELEVANT	1.0	0.0	0.0	GAP_PRESENT	GAP_PRESENT	LOW	FAMILY_CANDIDATE	LONG_DESCRIPTION	GENERIC_RELEVANT; coverage=GAP_PRESENT; ownership=FAMILY_SHARED; observed slices=1.	0.76	YES
1629493686	1112665646	подвеска на зеркало заднего вида в машину маска бдсм	GENERIC_RELEVANT	1.0	0.0	0.0	GAP_PRESENT	GAP_PRESENT	LOW	FAMILY_CANDIDATE	LONG_DESCRIPTION	GENERIC_RELEVANT; coverage=GAP_PRESENT; ownership=STORE_GENERIC; observed slices=1.	0.76	YES
1629493686	1112665646	подвеска оберег глаз в машину	GENERIC_RELEVANT	1.0	0.0	0.0	GAP_PRESENT	GAP_PRESENT	LOW	FAMILY_CANDIDATE	LONG_DESCRIPTION	GENERIC_RELEVANT; coverage=GAP_PRESENT; ownership=FAMILY_SHARED; observed slices=1.	0.76	YES
1629493686	1112665646	подвеска оберег с	GENERIC_RELEVANT	1.0	0.0	0.0	GAP_PRESENT	GAP_PRESENT	LOW	FAMILY_CANDIDATE	LONG_DESCRIPTION	GENERIC_RELEVANT; coverage=GAP_PRESENT; ownership=STORE_GENERIC; observed slices=1.	0.72	YES
1629493686	1112665646	подвеска ом	PARTIAL_RELEVANCE	82.0	0.0	0.0	NO_GAP	NO_GAP	MEDIUM	HOLD_AMBIGUOUS	HOLD	PARTIAL_RELEVANCE; coverage=NO_GAP; ownership=UNCLEAR; observed slices=1.	0.60	YES
1629493686	1112665646	подвеска шаманский оберег в машину	GENERIC_RELEVANT	1.0	0.0	0.0	GAP_PRESENT	GAP_PRESENT	LOW	FAMILY_CANDIDATE	LONG_DESCRIPTION	GENERIC_RELEVANT; coverage=GAP_PRESENT; ownership=FAMILY_SHARED; observed slices=1.	0.76	YES
1629493686	1112665646	славянские руны подвеска	NEIGHBOR_PRODUCT	0.0	0.0	0.0	NOT_APPLICABLE	NOT_APPLICABLE	LOW	REJECT_NEIGHBOR	NONE	NEIGHBOR_PRODUCT; coverage=NOT_APPLICABLE; ownership=FAMILY_SHARED; observed slices=1.	0.90	NO
1629493686	1112665646	талисман	GENERIC_RELEVANT	109.0	0.0	0.0	GAP_PRESENT	GAP_PRESENT	LOW	FAMILY_CANDIDATE	LONG_DESCRIPTION	GENERIC_RELEVANT; coverage=GAP_PRESENT; ownership=STORE_GENERIC; observed slices=1.	0.72	YES
1629493686	1112665646	украшения я в машину в салон	GENERIC_RELEVANT	1.0	0.0	0.0	GAP_PRESENT	GAP_PRESENT	LOW	FAMILY_CANDIDATE	LONG_DESCRIPTION	GENERIC_RELEVANT; coverage=GAP_PRESENT; ownership=FAMILY_SHARED; observed slices=1.	0.76	YES
1629493686	1112665646	четки	GENERIC_RELEVANT	12640.0	0.0	0.0	GAP_PRESENT	GAP_PRESENT	LOW	FAMILY_CANDIDATE	LONG_DESCRIPTION	GENERIC_RELEVANT; coverage=GAP_PRESENT; ownership=STORE_GENERIC; observed slices=2.	0.72	YES
1629493686	1112665646	четки аув автомобиль	GENERIC_RELEVANT	0.0	0.0	0.0	GAP_PRESENT	GAP_PRESENT	LOW	FAMILY_CANDIDATE	LONG_DESCRIPTION	GENERIC_RELEVANT; coverage=GAP_PRESENT; ownership=FAMILY_SHARED; observed slices=1.	0.76	YES
1629493686	1112665646	четки в автомобиль	GENERIC_RELEVANT	344.0	0.0	0.0	GAP_PRESENT	GAP_PRESENT	LOW	FAMILY_CANDIDATE	LONG_DESCRIPTION	GENERIC_RELEVANT; coverage=GAP_PRESENT; ownership=STORE_GENERIC; observed slices=1.	0.76	YES
1629493686	1112665646	четки в машину	GENERIC_RELEVANT	1155.0	0.0	0.0	GAP_PRESENT	GAP_PRESENT	LOW	FAMILY_CANDIDATE	LONG_DESCRIPTION	GENERIC_RELEVANT; coverage=GAP_PRESENT; ownership=STORE_GENERIC; observed slices=1.	0.76	YES
1629493686	1112665646	четки в машину на зеркало	GENERIC_RELEVANT	178.0	0.0	0.0	GAP_PRESENT	GAP_PRESENT	LOW	FAMILY_CANDIDATE	LONG_DESCRIPTION	GENERIC_RELEVANT; coverage=GAP_PRESENT; ownership=STORE_GENERIC; observed slices=1.	0.76	YES
1629553898	1112723580	3д подвеска в машину на зеркало	GENERIC_RELEVANT	1.0	0.0	0.0	GAP_PRESENT	GAP_PRESENT	LOW	FAMILY_CANDIDATE	LONG_DESCRIPTION	GENERIC_RELEVANT; coverage=GAP_PRESENT; ownership=FAMILY_SHARED; observed slices=1.	0.76	YES
1629553898	1112723580	амулет в машину мусульманский подвеска мужская	GENERIC_RELEVANT	1.0	0.0	0.0	GAP_PRESENT	GAP_PRESENT	LOW	FAMILY_CANDIDATE	LONG_DESCRIPTION	GENERIC_RELEVANT; coverage=GAP_PRESENT; ownership=FAMILY_SHARED; observed slices=1.	0.76	YES
1629553898	1112723580	амулет иньян для мужчин	GENERIC_RELEVANT	0.0	0.0	0.0	GAP_PRESENT	GAP_PRESENT	LOW	FAMILY_CANDIDATE	LONG_DESCRIPTION	GENERIC_RELEVANT; coverage=GAP_PRESENT; ownership=FAMILY_SHARED; observed slices=1.	0.72	YES
1629553898	1112723580	амулеты обереги и талисманы	GENERIC_RELEVANT	276.0	0.0	0.0	GAP_PRESENT	GAP_PRESENT	LOW	FAMILY_CANDIDATE	LONG_DESCRIPTION	GENERIC_RELEVANT; coverage=GAP_PRESENT; ownership=STORE_GENERIC; observed slices=1.	0.72	YES
1629553898	1112723580	ботинки инь и ян	EXACT_PRODUCT	1.0	0.0	0.0	PARTIAL_GAP	PARTIAL_GAP	LOW	READY_CANDIDATE	LONG_DESCRIPTION	EXACT_PRODUCT; coverage=PARTIAL_GAP; ownership=SKU_SPECIFIC; observed slices=1.	0.95	YES
1629553898	1112723580	брелки на автомобиль на зеркало четк	GENERIC_RELEVANT	0.0	0.0	0.0	GAP_PRESENT	GAP_PRESENT	LOW	FAMILY_CANDIDATE	LONG_DESCRIPTION	GENERIC_RELEVANT; coverage=GAP_PRESENT; ownership=FAMILY_SHARED; observed slices=1.	0.76	YES
1629553898	1112723580	брелок в машину на зеркало женский	GENERIC_RELEVANT	7.0	0.0	0.0	GAP_PRESENT	GAP_PRESENT	LOW	FAMILY_CANDIDATE	LONG_DESCRIPTION	GENERIC_RELEVANT; coverage=GAP_PRESENT; ownership=FAMILY_SHARED; observed slices=1.	0.76	YES
1629553898	1112723580	бусы в авто	GENERIC_RELEVANT	2.0	0.0	0.0	GAP_PRESENT	GAP_PRESENT	LOW	FAMILY_CANDIDATE	LONG_DESCRIPTION	GENERIC_RELEVANT; coverage=GAP_PRESENT; ownership=FAMILY_SHARED; observed slices=1.	0.76	YES
1629553898	1112723580	в машину амулет	GENERIC_RELEVANT	0.0	0.0	0.0	GAP_PRESENT	GAP_PRESENT	LOW	FAMILY_CANDIDATE	LONG_DESCRIPTION	GENERIC_RELEVANT; coverage=GAP_PRESENT; ownership=STORE_GENERIC; observed slices=1.	0.76	YES
1629553898	1112723580	в машину брелок на зеркало бусы	GENERIC_RELEVANT	1.0	0.0	0.0	GAP_PRESENT	GAP_PRESENT	LOW	FAMILY_CANDIDATE	LONG_DESCRIPTION	GENERIC_RELEVANT; coverage=GAP_PRESENT; ownership=FAMILY_SHARED; observed slices=1.	0.76	YES
1629553898	1112723580	герб россии на зеркало деревянный в машину	NEIGHBOR_PRODUCT	1.0	0.0	0.0	NOT_APPLICABLE	NOT_APPLICABLE	LOW	REJECT_NEIGHBOR	NONE	NEIGHBOR_PRODUCT; coverage=NOT_APPLICABLE; ownership=EXCLUDED; observed slices=1.	0.96	NO
1629553898	1112723580	декоративная подвеска в авто на зеркало	GENERIC_RELEVANT	1.0	0.0	0.0	GAP_PRESENT	GAP_PRESENT	LOW	FAMILY_CANDIDATE	LONG_DESCRIPTION	GENERIC_RELEVANT; coverage=GAP_PRESENT; ownership=FAMILY_SHARED; observed slices=1.	0.76	YES
1629553898	1112723580	декоративная подвеска в машину	GENERIC_RELEVANT	3.0	0.0	0.0	GAP_PRESENT	GAP_PRESENT	LOW	FAMILY_CANDIDATE	LONG_DESCRIPTION	GENERIC_RELEVANT; coverage=GAP_PRESENT; ownership=STORE_GENERIC; observed slices=1.	0.76	YES
1629553898	1112723580	для гадания на песке	AMBIGUOUS_HOLD	1.0	0.0	0.0	GAP_PRESENT	GAP_PRESENT	MEDIUM	HOLD_AMBIGUOUS	HOLD	AMBIGUOUS_HOLD; coverage=GAP_PRESENT; ownership=UNCLEAR; observed slices=1.	0.42	YES
1629553898	1112723580	дракон в авто	GENERIC_RELEVANT	1.0	0.0	0.0	GAP_PRESENT	GAP_PRESENT	LOW	FAMILY_CANDIDATE	LONG_DESCRIPTION	GENERIC_RELEVANT; coverage=GAP_PRESENT; ownership=FAMILY_SHARED; observed slices=1.	0.76	YES
1629553898	1112723580	дух оберег	GENERIC_RELEVANT	1.0	0.0	0.0	GAP_PRESENT	GAP_PRESENT	LOW	FAMILY_CANDIDATE	LONG_DESCRIPTION	GENERIC_RELEVANT; coverage=GAP_PRESENT; ownership=STORE_GENERIC; observed slices=1.	0.72	YES
1629553898	1112723580	зеркало	GENERIC_RELEVANT	7498.0	0.0	0.0	GAP_PRESENT	GAP_PRESENT	LOW	FAMILY_CANDIDATE	LONG_DESCRIPTION	GENERIC_RELEVANT; coverage=GAP_PRESENT; ownership=STORE_GENERIC; observed slices=1.	0.76	YES
1629553898	1112723580	зеркалодля магии	GENERIC_RELEVANT	0.0	0.0	0.0	GAP_PRESENT	GAP_PRESENT	LOW	FAMILY_CANDIDATE	LONG_DESCRIPTION	GENERIC_RELEVANT; coverage=GAP_PRESENT; ownership=FAMILY_SHARED; observed slices=1.	0.76	YES
1629553898	1112723580	игрушка лиса инь - ян	STRONG_PRODUCT	1.0	0.0	0.0	PARTIAL_GAP	PARTIAL_GAP	LOW	READY_CANDIDATE	LONG_DESCRIPTION	STRONG_PRODUCT; coverage=PARTIAL_GAP; ownership=SKU_SPECIFIC; observed slices=1.	0.82	YES
1629553898	1112723580	инь ян	EXACT_PRODUCT	98.0	0.0	0.0	NO_GAP	NO_GAP	LOW	NO_CHANGE	NONE	EXACT_PRODUCT; coverage=NO_GAP; ownership=SKU_SPECIFIC; observed slices=1.	0.95	NO
1629553898	1112723580	инь ян конверт	EXACT_PRODUCT	0.0	0.0	0.0	PARTIAL_GAP	PARTIAL_GAP	LOW	READY_CANDIDATE	LONG_DESCRIPTION	EXACT_PRODUCT; coverage=PARTIAL_GAP; ownership=SKU_SPECIFIC; observed slices=2.	0.95	YES
1629553898	1112723580	инь ян свечи	EXACT_PRODUCT	1.0	0.0	0.0	PARTIAL_GAP	PARTIAL_GAP	LOW	READY_CANDIDATE	LONG_DESCRIPTION	EXACT_PRODUCT; coverage=PARTIAL_GAP; ownership=SKU_SPECIFIC; observed slices=1.	0.95	YES
1629553898	1112723580	инь ян ткань	EXACT_PRODUCT	0.0	0.0	0.0	PARTIAL_GAP	PARTIAL_GAP	LOW	READY_CANDIDATE	LONG_DESCRIPTION	EXACT_PRODUCT; coverage=PARTIAL_GAP; ownership=SKU_SPECIFIC; observed slices=1.	0.95	YES
1629553898	1112723580	инь янь	PARTIAL_RELEVANCE	552.0	0.0	0.0	PARTIAL_GAP	PARTIAL_GAP	MEDIUM	HOLD_AMBIGUOUS	HOLD	PARTIAL_RELEVANCE; coverage=PARTIAL_GAP; ownership=UNCLEAR; observed slices=1.	0.60	YES
1629553898	1112723580	инь янь на машину	PARTIAL_RELEVANCE	0.0	0.0	0.0	PARTIAL_GAP	PARTIAL_GAP	MEDIUM	HOLD_AMBIGUOUS	HOLD	PARTIAL_RELEVANCE; coverage=PARTIAL_GAP; ownership=UNCLEAR; observed slices=1.	0.60	YES
1629553898	1112723580	инь янь эмблема	PARTIAL_RELEVANCE	1.0	0.0	0.0	PARTIAL_GAP	PARTIAL_GAP	MEDIUM	HOLD_AMBIGUOUS	HOLD	PARTIAL_RELEVANCE; coverage=PARTIAL_GAP; ownership=UNCLEAR; observed slices=1.	0.60	YES
1629553898	1112723580	кольцо инь ян	EXACT_PRODUCT	0.0	0.0	0.0	PARTIAL_GAP	PARTIAL_GAP	LOW	READY_CANDIDATE	LONG_DESCRIPTION	EXACT_PRODUCT; coverage=PARTIAL_GAP; ownership=SKU_SPECIFIC; observed slices=1.	0.95	YES
1629553898	1112723580	люстра в виде инь янь	PARTIAL_RELEVANCE	1.0	0.0	0.0	PARTIAL_GAP	PARTIAL_GAP	MEDIUM	HOLD_AMBIGUOUS	HOLD	PARTIAL_RELEVANCE; coverage=PARTIAL_GAP; ownership=UNCLEAR; observed slices=1.	0.60	YES
1629553898	1112723580	маленький оберев машину	GENERIC_RELEVANT	0.0	0.0	0.0	GAP_PRESENT	GAP_PRESENT	LOW	FAMILY_CANDIDATE	LONG_DESCRIPTION	GENERIC_RELEVANT; coverage=GAP_PRESENT; ownership=STORE_GENERIC; observed slices=1.	0.76	YES
1629553898	1112723580	машинка янд	GENERIC_RELEVANT	0.0	0.0	0.0	GAP_PRESENT	GAP_PRESENT	LOW	FAMILY_CANDIDATE	LONG_DESCRIPTION	GENERIC_RELEVANT; coverage=GAP_PRESENT; ownership=FAMILY_SHARED; observed slices=1.	0.76	YES
1629553898	1112723580	мужской кулон инь ян	EXACT_PRODUCT	1.0	0.0	0.0	PARTIAL_GAP	PARTIAL_GAP	LOW	READY_CANDIDATE	LONG_DESCRIPTION	EXACT_PRODUCT; coverage=PARTIAL_GAP; ownership=SKU_SPECIFIC; observed slices=1.	0.95	YES
1629553898	1112723580	мусульманский оберег	GENERIC_RELEVANT	406.0	0.0	0.0	GAP_PRESENT	GAP_PRESENT	LOW	FAMILY_CANDIDATE	LONG_DESCRIPTION	GENERIC_RELEVANT; coverage=GAP_PRESENT; ownership=STORE_GENERIC; observed slices=1.	0.72	YES
1629553898	1112723580	на зеркало автомобиля подвеска красная	GENERIC_RELEVANT	0.0	0.0	0.0	GAP_PRESENT	GAP_PRESENT	LOW	FAMILY_CANDIDATE	LONG_DESCRIPTION	GENERIC_RELEVANT; coverage=GAP_PRESENT; ownership=STORE_GENERIC; observed slices=1.	0.76	YES
1629553898	1112723580	на зеркало в машину	GENERIC_RELEVANT	11.0	0.0	0.0	GAP_PRESENT	GAP_PRESENT	LOW	FAMILY_CANDIDATE	LONG_DESCRIPTION	GENERIC_RELEVANT; coverage=GAP_PRESENT; ownership=STORE_GENERIC; observed slices=1.	0.76	YES
1629553898	1112723580	на четки подвеска	GENERIC_RELEVANT	1.0	0.0	0.0	GAP_PRESENT	GAP_PRESENT	LOW	FAMILY_CANDIDATE	LONG_DESCRIPTION	GENERIC_RELEVANT; coverage=GAP_PRESENT; ownership=STORE_GENERIC; observed slices=1.	0.72	YES
1629553898	1112723580	оберег	GENERIC_RELEVANT	939.0	0.0	0.0	GAP_PRESENT	GAP_PRESENT	LOW	FAMILY_CANDIDATE	LONG_DESCRIPTION	GENERIC_RELEVANT; coverage=GAP_PRESENT; ownership=STORE_GENERIC; observed slices=1.	0.72	YES
1629553898	1112723580	оберег в машину	GENERIC_RELEVANT	482.0	0.0	0.0	GAP_PRESENT	GAP_PRESENT	LOW	FAMILY_CANDIDATE	LONG_DESCRIPTION	GENERIC_RELEVANT; coverage=GAP_PRESENT; ownership=STORE_GENERIC; observed slices=1.	0.76	YES
1629553898	1112723580	оберег в машину на зеркало прикольный	GENERIC_RELEVANT	1.0	0.0	0.0	GAP_PRESENT	GAP_PRESENT	LOW	FAMILY_CANDIDATE	LONG_DESCRIPTION	GENERIC_RELEVANT; coverage=GAP_PRESENT; ownership=FAMILY_SHARED; observed slices=1.	0.76	YES
1629553898	1112723580	оберег для воина	NEIGHBOR_PRODUCT	3.0	0.0	0.0	NOT_APPLICABLE	NOT_APPLICABLE	LOW	REJECT_NEIGHBOR	NONE	NEIGHBOR_PRODUCT; coverage=NOT_APPLICABLE; ownership=EXCLUDED; observed slices=1.	0.96	NO
1629553898	1112723580	оберег от сглаза мусульманский в машину	GENERIC_RELEVANT	1.0	0.0	0.0	GAP_PRESENT	GAP_PRESENT	LOW	FAMILY_CANDIDATE	LONG_DESCRIPTION	GENERIC_RELEVANT; coverage=GAP_PRESENT; ownership=FAMILY_SHARED; observed slices=1.	0.76	YES
1629553898	1112723580	обереготсглаза	GENERIC_RELEVANT	0.0	0.0	0.0	GAP_PRESENT	GAP_PRESENT	LOW	FAMILY_CANDIDATE	LONG_DESCRIPTION	GENERIC_RELEVANT; coverage=GAP_PRESENT; ownership=STORE_GENERIC; observed slices=1.	0.72	YES
1629553898	1112723580	подвеска в автомобиль	GENERIC_RELEVANT	369.0	0.0	0.0	GAP_PRESENT	GAP_PRESENT	LOW	FAMILY_CANDIDATE	LONG_DESCRIPTION	GENERIC_RELEVANT; coverage=GAP_PRESENT; ownership=STORE_GENERIC; observed slices=1.	0.76	YES
1629553898	1112723580	подвеска в автомобиль на зеркало	GENERIC_RELEVANT	254.0	0.0	0.0	GAP_PRESENT	GAP_PRESENT	LOW	FAMILY_CANDIDATE	LONG_DESCRIPTION	GENERIC_RELEVANT; coverage=GAP_PRESENT; ownership=STORE_GENERIC; observed slices=1.	0.76	YES
1629553898	1112723580	подвеска в машину	GENERIC_RELEVANT	7092.0	0.0	0.0	GAP_PRESENT	GAP_PRESENT	LOW	FAMILY_CANDIDATE	LONG_DESCRIPTION	GENERIC_RELEVANT; coverage=GAP_PRESENT; ownership=STORE_GENERIC; observed slices=3.	0.76	YES
1629553898	1112723580	подвеска в машину на зеркало	GENERIC_RELEVANT	1289.0	0.0	0.0	GAP_PRESENT	GAP_PRESENT	LOW	FAMILY_CANDIDATE	LONG_DESCRIPTION	GENERIC_RELEVANT; coverage=GAP_PRESENT; ownership=STORE_GENERIC; observed slices=1.	0.76	YES
1629553898	1112723580	подвеска в машину на зеркало hyundai	GENERIC_RELEVANT	1.0	0.0	0.0	GAP_PRESENT	GAP_PRESENT	LOW	FAMILY_CANDIDATE	LONG_DESCRIPTION	GENERIC_RELEVANT; coverage=GAP_PRESENT; ownership=FAMILY_SHARED; observed slices=1.	0.76	YES
1629553898	1112723580	подвеска в машину на зеркало инь янь	PARTIAL_RELEVANCE	0.0	0.0	0.0	PARTIAL_GAP	PARTIAL_GAP	LOW	HOLD_AMBIGUOUS	HOLD	PARTIAL_RELEVANCE; coverage=PARTIAL_GAP; ownership=FAMILY_SHARED; observed slices=1.	0.60	YES
1629553898	1112723580	подвеска в машину на зеркало инь янь дракон	PARTIAL_RELEVANCE	1.0	0.0	904.0	PARTIAL_GAP	PARTIAL_GAP	MEDIUM	HOLD_AMBIGUOUS	HOLD	PARTIAL_RELEVANCE; coverage=PARTIAL_GAP; ownership=UNCLEAR; observed slices=1.	0.60	YES
1629553898	1112723580	подвеска в машину на зеркало мех	GENERIC_RELEVANT	0.0	0.0	0.0	GAP_PRESENT	GAP_PRESENT	LOW	FAMILY_CANDIDATE	LONG_DESCRIPTION	GENERIC_RELEVANT; coverage=GAP_PRESENT; ownership=STORE_GENERIC; observed slices=1.	0.76	YES
1629553898	1112723580	подвеска инь янь золото	PARTIAL_RELEVANCE	2.0	0.0	0.0	PARTIAL_GAP	PARTIAL_GAP	MEDIUM	HOLD_AMBIGUOUS	HOLD	PARTIAL_RELEVANCE; coverage=PARTIAL_GAP; ownership=UNCLEAR; observed slices=1.	0.60	YES
1629553898	1112723580	подвеска на зеркало в машину	GENERIC_RELEVANT	1261.0	0.0	0.0	GAP_PRESENT	GAP_PRESENT	LOW	FAMILY_CANDIDATE	LONG_DESCRIPTION	GENERIC_RELEVANT; coverage=GAP_PRESENT; ownership=STORE_GENERIC; observed slices=1.	0.76	YES
1629553898	1112723580	подвеска на зеркало в машину прикол	GENERIC_RELEVANT	2.0	0.0	0.0	GAP_PRESENT	GAP_PRESENT	LOW	FAMILY_CANDIDATE	LONG_DESCRIPTION	GENERIC_RELEVANT; coverage=GAP_PRESENT; ownership=FAMILY_SHARED; observed slices=1.	0.76	YES
1629553898	1112723580	подвеска на зеркало мужская в машину	GENERIC_RELEVANT	1.0	0.0	0.0	GAP_PRESENT	GAP_PRESENT	LOW	FAMILY_CANDIDATE	LONG_DESCRIPTION	GENERIC_RELEVANT; coverage=GAP_PRESENT; ownership=FAMILY_SHARED; observed slices=1.	0.76	YES
1629553898	1112723580	талисман от сглаза в машину на зеркало	GENERIC_RELEVANT	1.0	0.0	812.0	GAP_PRESENT	GAP_PRESENT	LOW	FAMILY_CANDIDATE	LONG_DESCRIPTION	GENERIC_RELEVANT; coverage=GAP_PRESENT; ownership=FAMILY_SHARED; observed slices=1.	0.76	YES
1629553898	1112723580	четки в автомобиль	GENERIC_RELEVANT	178.0	0.0	0.0	GAP_PRESENT	GAP_PRESENT	LOW	FAMILY_CANDIDATE	LONG_DESCRIPTION	GENERIC_RELEVANT; coverage=GAP_PRESENT; ownership=STORE_GENERIC; observed slices=1.	0.76	YES
1629553898	1112723580	четки в машину	GENERIC_RELEVANT	2752.0	0.0	0.0	GAP_PRESENT	GAP_PRESENT	LOW	FAMILY_CANDIDATE	LONG_DESCRIPTION	GENERIC_RELEVANT; coverage=GAP_PRESENT; ownership=STORE_GENERIC; observed slices=1.	0.76	YES
1629553898	1112723580	четки в машину на зеркало	GENERIC_RELEVANT	137.0	0.0	0.0	GAP_PRESENT	GAP_PRESENT	LOW	FAMILY_CANDIDATE	LONG_DESCRIPTION	GENERIC_RELEVANT; coverage=GAP_PRESENT; ownership=STORE_GENERIC; observed slices=1.	0.76	YES
1630033296	1113280875	аксессуары славянские	FAMILY_RELEVANT	0.0	0.0	0.0	GAP_PRESENT	GAP_PRESENT	LOW	FAMILY_CANDIDATE	LONG_DESCRIPTION	FAMILY_RELEVANT; coverage=GAP_PRESENT; ownership=FAMILY_SHARED; observed slices=1.	0.86	YES
1630033296	1113280875	амулет от сглаза в автомобиль	GENERIC_RELEVANT	1.0	0.0	0.0	GAP_PRESENT	GAP_PRESENT	LOW	FAMILY_CANDIDATE	LONG_DESCRIPTION	GENERIC_RELEVANT; coverage=GAP_PRESENT; ownership=FAMILY_SHARED; observed slices=1.	0.76	YES
1630033296	1113280875	амулеты из дерева	GENERIC_RELEVANT	1.0	0.0	0.0	GAP_PRESENT	GAP_PRESENT	LOW	FAMILY_CANDIDATE	LONG_DESCRIPTION	GENERIC_RELEVANT; coverage=GAP_PRESENT; ownership=FAMILY_SHARED; observed slices=1.	0.72	YES
1630033296	1113280875	амулеты обереги и талисманы	GENERIC_RELEVANT	255.0	0.0	0.0	GAP_PRESENT	GAP_PRESENT	LOW	FAMILY_CANDIDATE	LONG_DESCRIPTION	GENERIC_RELEVANT; coverage=GAP_PRESENT; ownership=STORE_GENERIC; observed slices=1.	0.72	YES
1630033296	1113280875	белобог чернобог футболка	NEIGHBOR_PRODUCT	0.0	0.0	0.0	NOT_APPLICABLE	NOT_APPLICABLE	LOW	REJECT_NEIGHBOR	NONE	NEIGHBOR_PRODUCT; coverage=NOT_APPLICABLE; ownership=EXCLUDED; observed slices=1.	0.96	NO
1630033296	1113280875	брелок мчс на зеркало в машине	GENERIC_RELEVANT	1.0	0.0	0.0	GAP_PRESENT	GAP_PRESENT	LOW	FAMILY_CANDIDATE	LONG_DESCRIPTION	GENERIC_RELEVANT; coverage=GAP_PRESENT; ownership=FAMILY_SHARED; observed slices=1.	0.76	YES
1630033296	1113280875	брелок славянский	FAMILY_RELEVANT	121.0	0.0	0.0	GAP_PRESENT	GAP_PRESENT	LOW	FAMILY_CANDIDATE	LONG_DESCRIPTION	FAMILY_RELEVANT; coverage=GAP_PRESENT; ownership=FAMILY_SHARED; observed slices=1.	0.86	YES
1630033296	1113280875	брошь с славянским оберегом женская	FAMILY_RELEVANT	1.0	0.0	0.0	GAP_PRESENT	GAP_PRESENT	LOW	FAMILY_CANDIDATE	LONG_DESCRIPTION	FAMILY_RELEVANT; coverage=GAP_PRESENT; ownership=FAMILY_SHARED; observed slices=1.	0.86	YES
1630033296	1113280875	бусины и аксессуары и детали для четок	GENERIC_RELEVANT	0.0	0.0	0.0	GAP_PRESENT	GAP_PRESENT	LOW	FAMILY_CANDIDATE	LONG_DESCRIPTION	GENERIC_RELEVANT; coverage=GAP_PRESENT; ownership=FAMILY_SHARED; observed slices=1.	0.72	YES
1630033296	1113280875	бусины руны	AMBIGUOUS_HOLD	6.0	0.0	0.0	GAP_PRESENT	GAP_PRESENT	MEDIUM	HOLD_AMBIGUOUS	HOLD	AMBIGUOUS_HOLD; coverage=GAP_PRESENT; ownership=UNCLEAR; observed slices=1.	0.42	YES
1630033296	1113280875	в автомобиль подвеска	GENERIC_RELEVANT	2.0	0.0	0.0	GAP_PRESENT	GAP_PRESENT	LOW	FAMILY_CANDIDATE	LONG_DESCRIPTION	GENERIC_RELEVANT; coverage=GAP_PRESENT; ownership=STORE_GENERIC; observed slices=1.	0.76	YES
1630033296	1113280875	в машину амулет	GENERIC_RELEVANT	0.0	0.0	0.0	GAP_PRESENT	GAP_PRESENT	LOW	FAMILY_CANDIDATE	LONG_DESCRIPTION	GENERIC_RELEVANT; coverage=GAP_PRESENT; ownership=STORE_GENERIC; observed slices=1.	0.76	YES
1630033296	1113280875	в машину подвеска на зеркало мужская	GENERIC_RELEVANT	1.0	0.0	0.0	GAP_PRESENT	GAP_PRESENT	LOW	FAMILY_CANDIDATE	LONG_DESCRIPTION	GENERIC_RELEVANT; coverage=GAP_PRESENT; ownership=STORE_GENERIC; observed slices=1.	0.76	YES
1630033296	1113280875	в славянском стиле для	FAMILY_RELEVANT	1.0	0.0	0.0	GAP_PRESENT	GAP_PRESENT	LOW	FAMILY_CANDIDATE	LONG_DESCRIPTION	FAMILY_RELEVANT; coverage=GAP_PRESENT; ownership=FAMILY_SHARED; observed slices=1.	0.86	YES
1630033296	1113280875	здравник славянский оберег	FAMILY_RELEVANT	1.0	0.0	0.0	GAP_PRESENT	GAP_PRESENT	LOW	FAMILY_CANDIDATE	LONG_DESCRIPTION	FAMILY_RELEVANT; coverage=GAP_PRESENT; ownership=FAMILY_SHARED; observed slices=1.	0.86	YES
1630033296	1113280875	зеркалл магисеское	GENERIC_RELEVANT	1.0	0.0	0.0	GAP_PRESENT	GAP_PRESENT	LOW	FAMILY_CANDIDATE	LONG_DESCRIPTION	GENERIC_RELEVANT; coverage=GAP_PRESENT; ownership=STORE_GENERIC; observed slices=1.	0.76	YES
1630033296	1113280875	зеркальная защита рунами	GENERIC_RELEVANT	1.0	0.0	0.0	GAP_PRESENT	GAP_PRESENT	LOW	FAMILY_CANDIDATE	LONG_DESCRIPTION	GENERIC_RELEVANT; coverage=GAP_PRESENT; ownership=STORE_GENERIC; observed slices=1.	0.76	YES
1630033296	1113280875	книга чернобог	NEIGHBOR_PRODUCT	0.0	0.0	0.0	NOT_APPLICABLE	NOT_APPLICABLE	LOW	REJECT_NEIGHBOR	NONE	NEIGHBOR_PRODUCT; coverage=NOT_APPLICABLE; ownership=EXCLUDED; observed slices=1.	0.96	NO
1630033296	1113280875	кольцо чернобога	AMBIGUOUS_HOLD	1.0	0.0	0.0	GAP_PRESENT	GAP_PRESENT	MEDIUM	HOLD_AMBIGUOUS	HOLD	AMBIGUOUS_HOLD; coverage=GAP_PRESENT; ownership=UNCLEAR; observed slices=1.	0.42	YES
1630033296	1113280875	молд белобог	EXACT_PRODUCT	1.0	0.0	805.0	PARTIAL_GAP	PARTIAL_GAP	LOW	READY_CANDIDATE	LONG_DESCRIPTION	EXACT_PRODUCT; coverage=PARTIAL_GAP; ownership=SKU_SPECIFIC; observed slices=1.	0.95	YES
1630033296	1113280875	оберег	GENERIC_RELEVANT	1150.0	0.0	0.0	GAP_PRESENT	GAP_PRESENT	LOW	FAMILY_CANDIDATE	LONG_DESCRIPTION	GENERIC_RELEVANT; coverage=GAP_PRESENT; ownership=STORE_GENERIC; observed slices=1.	0.72	YES
1630033296	1113280875	оберег в машину	GENERIC_RELEVANT	194.0	0.0	0.0	GAP_PRESENT	GAP_PRESENT	LOW	FAMILY_CANDIDATE	LONG_DESCRIPTION	GENERIC_RELEVANT; coverage=GAP_PRESENT; ownership=STORE_GENERIC; observed slices=1.	0.76	YES
1630033296	1113280875	оберег в машину от дерева жизни на зеркало	NEIGHBOR_PRODUCT	1.0	0.0	0.0	NOT_APPLICABLE	NOT_APPLICABLE	LOW	REJECT_NEIGHBOR	NONE	NEIGHBOR_PRODUCT; coverage=NOT_APPLICABLE; ownership=EXCLUDED; observed slices=1.	0.96	NO
1630033296	1113280875	оберег в машину под вышивку	GENERIC_RELEVANT	1.0	0.0	0.0	GAP_PRESENT	GAP_PRESENT	LOW	FAMILY_CANDIDATE	LONG_DESCRIPTION	GENERIC_RELEVANT; coverage=GAP_PRESENT; ownership=FAMILY_SHARED; observed slices=1.	0.76	YES
1630033296	1113280875	оберег от сглаза и порчи	GENERIC_RELEVANT	458.0	0.0	0.0	GAP_PRESENT	GAP_PRESENT	LOW	FAMILY_CANDIDATE	LONG_DESCRIPTION	GENERIC_RELEVANT; coverage=GAP_PRESENT; ownership=STORE_GENERIC; observed slices=1.	0.72	YES
1630033296	1113280875	оберег славянский вышевка	FAMILY_RELEVANT	0.0	0.0	0.0	GAP_PRESENT	GAP_PRESENT	LOW	FAMILY_CANDIDATE	LONG_DESCRIPTION	FAMILY_RELEVANT; coverage=GAP_PRESENT; ownership=FAMILY_SHARED; observed slices=1.	0.86	YES
1630033296	1113280875	обереги в машину	GENERIC_RELEVANT	3.0	0.0	0.0	GAP_PRESENT	GAP_PRESENT	LOW	FAMILY_CANDIDATE	LONG_DESCRIPTION	GENERIC_RELEVANT; coverage=GAP_PRESENT; ownership=FAMILY_SHARED; observed slices=1.	0.76	YES
1630033296	1113280875	обереготсглаза	GENERIC_RELEVANT	0.0	0.0	0.0	GAP_PRESENT	GAP_PRESENT	LOW	FAMILY_CANDIDATE	LONG_DESCRIPTION	GENERIC_RELEVANT; coverage=GAP_PRESENT; ownership=STORE_GENERIC; observed slices=1.	0.72	YES
1630033296	1113280875	подвеска в авто бусины	GENERIC_RELEVANT	1.0	0.0	0.0	GAP_PRESENT	GAP_PRESENT	LOW	FAMILY_CANDIDATE	LONG_DESCRIPTION	GENERIC_RELEVANT; coverage=GAP_PRESENT; ownership=STORE_GENERIC; observed slices=1.	0.76	YES
1630033296	1113280875	подвеска в машину	GENERIC_RELEVANT	2709.0	0.0	0.0	GAP_PRESENT	GAP_PRESENT	LOW	FAMILY_CANDIDATE	LONG_DESCRIPTION	GENERIC_RELEVANT; coverage=GAP_PRESENT; ownership=STORE_GENERIC; observed slices=1.	0.76	YES
1630033296	1113280875	подвеска в машину на зеркало dont drive so fast	GENERIC_RELEVANT	1.0	0.0	0.0	GAP_PRESENT	GAP_PRESENT	LOW	FAMILY_CANDIDATE	LONG_DESCRIPTION	GENERIC_RELEVANT; coverage=GAP_PRESENT; ownership=STORE_GENERIC; observed slices=1.	0.76	YES
1630033296	1113280875	подвеска в машину на зеркало а	GENERIC_RELEVANT	0.0	0.0	0.0	GAP_PRESENT	GAP_PRESENT	LOW	FAMILY_CANDIDATE	LONG_DESCRIPTION	GENERIC_RELEVANT; coverage=GAP_PRESENT; ownership=STORE_GENERIC; observed slices=2.	0.76	YES
1630033296	1113280875	подвеска в машину на зеркало питбуль	GENERIC_RELEVANT	0.0	0.0	0.0	GAP_PRESENT	GAP_PRESENT	LOW	FAMILY_CANDIDATE	LONG_DESCRIPTION	GENERIC_RELEVANT; coverage=GAP_PRESENT; ownership=STORE_GENERIC; observed slices=1.	0.76	YES
1630033296	1113280875	подвеска на зеркало авто валенки	GENERIC_RELEVANT	1.0	0.0	0.0	GAP_PRESENT	GAP_PRESENT	LOW	FAMILY_CANDIDATE	LONG_DESCRIPTION	GENERIC_RELEVANT; coverage=GAP_PRESENT; ownership=FAMILY_SHARED; observed slices=1.	0.76	YES
1630033296	1113280875	подвеска на зеркало в машину	GENERIC_RELEVANT	1240.0	0.0	0.0	GAP_PRESENT	GAP_PRESENT	LOW	FAMILY_CANDIDATE	LONG_DESCRIPTION	GENERIC_RELEVANT; coverage=GAP_PRESENT; ownership=STORE_GENERIC; observed slices=1.	0.76	YES
1630033296	1113280875	подвеска на зеркало славянская	FAMILY_RELEVANT	0.0	0.0	0.0	GAP_PRESENT	GAP_PRESENT	LOW	FAMILY_CANDIDATE	LONG_DESCRIPTION	FAMILY_RELEVANT; coverage=GAP_PRESENT; ownership=FAMILY_SHARED; observed slices=1.	0.86	YES
1630033296	1113280875	подвеска на зеркало у машину	GENERIC_RELEVANT	1.0	0.0	0.0	GAP_PRESENT	GAP_PRESENT	LOW	FAMILY_CANDIDATE	LONG_DESCRIPTION	GENERIC_RELEVANT; coverage=GAP_PRESENT; ownership=STORE_GENERIC; observed slices=1.	0.76	YES
1630033296	1113280875	подвеска на шею чернобог	NEIGHBOR_PRODUCT	1.0	0.0	0.0	NOT_APPLICABLE	NOT_APPLICABLE	LOW	REJECT_NEIGHBOR	NONE	NEIGHBOR_PRODUCT; coverage=NOT_APPLICABLE; ownership=EXCLUDED; observed slices=1.	0.96	NO
1630033296	1113280875	поддвеска славянские	FAMILY_RELEVANT	0.0	0.0	0.0	GAP_PRESENT	GAP_PRESENT	LOW	FAMILY_CANDIDATE	LONG_DESCRIPTION	FAMILY_RELEVANT; coverage=GAP_PRESENT; ownership=FAMILY_SHARED; observed slices=1.	0.86	YES
1630033296	1113280875	руны	AMBIGUOUS_HOLD	400.0	0.0	0.0	GAP_PRESENT	GAP_PRESENT	MEDIUM	HOLD_AMBIGUOUS	HOLD	AMBIGUOUS_HOLD; coverage=GAP_PRESENT; ownership=UNCLEAR; observed slices=1.	0.42	YES
1630033296	1113280875	руны амулет защита	GENERIC_RELEVANT	1.0	0.0	0.0	GAP_PRESENT	GAP_PRESENT	LOW	FAMILY_CANDIDATE	LONG_DESCRIPTION	GENERIC_RELEVANT; coverage=GAP_PRESENT; ownership=STORE_GENERIC; observed slices=1.	0.72	YES
1630033296	1113280875	руны славянские	FAMILY_RELEVANT	88.0	0.0	0.0	GAP_PRESENT	GAP_PRESENT	LOW	FAMILY_CANDIDATE	LONG_DESCRIPTION	FAMILY_RELEVANT; coverage=GAP_PRESENT; ownership=FAMILY_SHARED; observed slices=1.	0.86	YES
1630033296	1113280875	символ чернобог	NEIGHBOR_PRODUCT	0.0	0.0	0.0	NOT_APPLICABLE	NOT_APPLICABLE	LOW	REJECT_NEIGHBOR	NONE	NEIGHBOR_PRODUCT; coverage=NOT_APPLICABLE; ownership=EXCLUDED; observed slices=1.	0.96	NO
1630033296	1113280875	славянские	FAMILY_RELEVANT	114.0	0.0	0.0	GAP_PRESENT	GAP_PRESENT	LOW	FAMILY_CANDIDATE	LONG_DESCRIPTION	FAMILY_RELEVANT; coverage=GAP_PRESENT; ownership=FAMILY_SHARED; observed slices=1.	0.86	YES
1630033296	1113280875	славянские оберег чернобог для мужчин	NEIGHBOR_PRODUCT	0.0	0.0	0.0	NOT_APPLICABLE	NOT_APPLICABLE	LOW	REJECT_NEIGHBOR	NONE	NEIGHBOR_PRODUCT; coverage=NOT_APPLICABLE; ownership=EXCLUDED; observed slices=1.	0.96	NO
1630033296	1113280875	славянские обереги	FAMILY_RELEVANT	988.0	0.0	0.0	GAP_PRESENT	GAP_PRESENT	LOW	FAMILY_CANDIDATE	LONG_DESCRIPTION	FAMILY_RELEVANT; coverage=GAP_PRESENT; ownership=FAMILY_SHARED; observed slices=2.	0.86	YES
1630033296	1113280875	славянские обереги в машину для мужчин	FAMILY_RELEVANT	1.0	0.0	0.0	GAP_PRESENT	GAP_PRESENT	LOW	FAMILY_CANDIDATE	LONG_DESCRIPTION	FAMILY_RELEVANT; coverage=GAP_PRESENT; ownership=FAMILY_SHARED; observed slices=1.	0.86	YES
1630033296	1113280875	славянские обереги мужские	FAMILY_RELEVANT	228.0	0.0	0.0	GAP_PRESENT	GAP_PRESENT	LOW	FAMILY_CANDIDATE	LONG_DESCRIPTION	FAMILY_RELEVANT; coverage=GAP_PRESENT; ownership=FAMILY_SHARED; observed slices=1.	0.86	YES
1630033296	1113280875	славянские руны	FAMILY_RELEVANT	289.0	0.0	0.0	GAP_PRESENT	GAP_PRESENT	LOW	FAMILY_CANDIDATE	LONG_DESCRIPTION	FAMILY_RELEVANT; coverage=GAP_PRESENT; ownership=FAMILY_SHARED; observed slices=1.	0.86	YES
1630033296	1113280875	славянские украшения	FAMILY_RELEVANT	277.0	0.0	0.0	GAP_PRESENT	GAP_PRESENT	LOW	FAMILY_CANDIDATE	LONG_DESCRIPTION	FAMILY_RELEVANT; coverage=GAP_PRESENT; ownership=FAMILY_SHARED; observed slices=1.	0.86	YES
1630033296	1113280875	славянский оберег	FAMILY_RELEVANT	157.0	0.0	0.0	GAP_PRESENT	GAP_PRESENT	LOW	FAMILY_CANDIDATE	LONG_DESCRIPTION	FAMILY_RELEVANT; coverage=GAP_PRESENT; ownership=FAMILY_SHARED; observed slices=1.	0.86	YES
1630033296	1113280875	славянское	FAMILY_RELEVANT	6.0	0.0	0.0	GAP_PRESENT	GAP_PRESENT	LOW	FAMILY_CANDIDATE	LONG_DESCRIPTION	FAMILY_RELEVANT; coverage=GAP_PRESENT; ownership=FAMILY_SHARED; observed slices=1.	0.86	YES
1630033296	1113280875	славянскте обереги от сглаза	FAMILY_RELEVANT	1.0	0.0	0.0	GAP_PRESENT	GAP_PRESENT	LOW	FAMILY_CANDIDATE	LONG_DESCRIPTION	FAMILY_RELEVANT; coverage=GAP_PRESENT; ownership=FAMILY_SHARED; observed slices=1.	0.86	YES
1630033296	1113280875	цепочка славянская	FAMILY_RELEVANT	3.0	0.0	0.0	GAP_PRESENT	GAP_PRESENT	LOW	FAMILY_CANDIDATE	LONG_DESCRIPTION	FAMILY_RELEVANT; coverage=GAP_PRESENT; ownership=FAMILY_SHARED; observed slices=1.	0.86	YES
1630033296	1113280875	чернобог	NEIGHBOR_PRODUCT	117.0	0.0	0.0	NOT_APPLICABLE	NOT_APPLICABLE	LOW	REJECT_NEIGHBOR	NONE	NEIGHBOR_PRODUCT; coverage=NOT_APPLICABLE; ownership=SKU_SPECIFIC; observed slices=1.	0.96	NO
1630033296	1113280875	чернобог амулет метал	NEIGHBOR_PRODUCT	0.0	0.0	0.0	NOT_APPLICABLE	NOT_APPLICABLE	LOW	REJECT_NEIGHBOR	NONE	NEIGHBOR_PRODUCT; coverage=NOT_APPLICABLE; ownership=EXCLUDED; observed slices=1.	0.96	NO
1630033296	1113280875	чернобог подвеска серебро	NEIGHBOR_PRODUCT	1.0	0.0	0.0	NOT_APPLICABLE	NOT_APPLICABLE	LOW	REJECT_NEIGHBOR	NONE	NEIGHBOR_PRODUCT; coverage=NOT_APPLICABLE; ownership=EXCLUDED; observed slices=1.	0.96	NO
1630033296	1113280875	чур оберег в машину	GENERIC_RELEVANT	1.0	0.0	475.0	GAP_PRESENT	GAP_PRESENT	LOW	FAMILY_CANDIDATE	LONG_DESCRIPTION	GENERIC_RELEVANT; coverage=GAP_PRESENT; ownership=FAMILY_SHARED; observed slices=1.	0.76	YES
1630040194	1113288401	fox racing подвеска на зеркало	GENERIC_RELEVANT	1.0	0.0	0.0	GAP_PRESENT	GAP_PRESENT	LOW	FAMILY_CANDIDATE	LONG_DESCRIPTION	GENERIC_RELEVANT; coverage=GAP_PRESENT; ownership=FAMILY_SHARED; observed slices=1.	0.76	YES
1630040194	1113288401	авто подвеска в машину	GENERIC_RELEVANT	1.0	0.0	0.0	GAP_PRESENT	GAP_PRESENT	LOW	FAMILY_CANDIDATE	LONG_DESCRIPTION	GENERIC_RELEVANT; coverage=GAP_PRESENT; ownership=FAMILY_SHARED; observed slices=1.	0.76	YES
1630040194	1113288401	аксессуары в машину на зеркало skoda в октаве	GENERIC_RELEVANT	1.0	0.0	0.0	GAP_PRESENT	GAP_PRESENT	LOW	FAMILY_CANDIDATE	LONG_DESCRIPTION	GENERIC_RELEVANT; coverage=GAP_PRESENT; ownership=FAMILY_SHARED; observed slices=1.	0.76	YES
1630040194	1113288401	аксессуары в машину подвесаа зеркал барабан	GENERIC_RELEVANT	0.0	0.0	0.0	GAP_PRESENT	GAP_PRESENT	LOW	FAMILY_CANDIDATE	LONG_DESCRIPTION	GENERIC_RELEVANT; coverage=GAP_PRESENT; ownership=STORE_GENERIC; observed slices=1.	0.76	YES
1630040194	1113288401	амулет	GENERIC_RELEVANT	979.0	0.0	0.0	GAP_PRESENT	GAP_PRESENT	LOW	FAMILY_CANDIDATE	LONG_DESCRIPTION	GENERIC_RELEVANT; coverage=GAP_PRESENT; ownership=STORE_GENERIC; observed slices=1.	0.72	YES
1630040194	1113288401	амулет в машину	GENERIC_RELEVANT	61.0	0.0	0.0	GAP_PRESENT	GAP_PRESENT	LOW	FAMILY_CANDIDATE	LONG_DESCRIPTION	GENERIC_RELEVANT; coverage=GAP_PRESENT; ownership=STORE_GENERIC; observed slices=1.	0.76	YES
1630040194	1113288401	амулет оберег	GENERIC_RELEVANT	3.0	0.0	0.0	GAP_PRESENT	GAP_PRESENT	LOW	FAMILY_CANDIDATE	LONG_DESCRIPTION	GENERIC_RELEVANT; coverage=GAP_PRESENT; ownership=STORE_GENERIC; observed slices=1.	0.72	YES
1630040194	1113288401	амулет с зеркалом подвеска	GENERIC_RELEVANT	1.0	0.0	0.0	GAP_PRESENT	GAP_PRESENT	LOW	FAMILY_CANDIDATE	LONG_DESCRIPTION	GENERIC_RELEVANT; coverage=GAP_PRESENT; ownership=STORE_GENERIC; observed slices=1.	0.76	YES
1630040194	1113288401	амулет славянские боги	FAMILY_RELEVANT	1.0	0.0	0.0	GAP_PRESENT	GAP_PRESENT	LOW	FAMILY_CANDIDATE	LONG_DESCRIPTION	FAMILY_RELEVANT; coverage=GAP_PRESENT; ownership=FAMILY_SHARED; observed slices=1.	0.86	YES
1630040194	1113288401	амулетом на машину	GENERIC_RELEVANT	0.0	0.0	0.0	GAP_PRESENT	GAP_PRESENT	LOW	FAMILY_CANDIDATE	LONG_DESCRIPTION	GENERIC_RELEVANT; coverage=GAP_PRESENT; ownership=STORE_GENERIC; observed slices=1.	0.76	YES
1630040194	1113288401	амулеты обереги и талисманы	GENERIC_RELEVANT	293.0	0.0	0.0	GAP_PRESENT	GAP_PRESENT	LOW	FAMILY_CANDIDATE	LONG_DESCRIPTION	GENERIC_RELEVANT; coverage=GAP_PRESENT; ownership=STORE_GENERIC; observed slices=1.	0.72	YES
1630040194	1113288401	амулеты обереги и талисманы зеркалр	GENERIC_RELEVANT	0.0	0.0	0.0	GAP_PRESENT	GAP_PRESENT	LOW	FAMILY_CANDIDATE	LONG_DESCRIPTION	GENERIC_RELEVANT; coverage=GAP_PRESENT; ownership=STORE_GENERIC; observed slices=1.	0.76	YES
1630040194	1113288401	амулеты славянских богов	FAMILY_RELEVANT	1.0	0.0	0.0	GAP_PRESENT	GAP_PRESENT	LOW	FAMILY_CANDIDATE	LONG_DESCRIPTION	FAMILY_RELEVANT; coverage=GAP_PRESENT; ownership=FAMILY_SHARED; observed slices=1.	0.86	YES
1630040194	1113288401	армянский барабан на машину подвеска	GENERIC_RELEVANT	1.0	0.0	0.0	GAP_PRESENT	GAP_PRESENT	LOW	FAMILY_CANDIDATE	LONG_DESCRIPTION	GENERIC_RELEVANT; coverage=GAP_PRESENT; ownership=STORE_GENERIC; observed slices=1.	0.76	YES
1630040194	1113288401	атрибутика зенит в машину на зеркало	GENERIC_RELEVANT	1.0	0.0	0.0	GAP_PRESENT	GAP_PRESENT	LOW	FAMILY_CANDIDATE	LONG_DESCRIPTION	GENERIC_RELEVANT; coverage=GAP_PRESENT; ownership=STORE_GENERIC; observed slices=1.	0.76	YES
1630040194	1113288401	бог омулет	AMBIGUOUS_HOLD	0.0	0.0	0.0	GAP_PRESENT	GAP_PRESENT	MEDIUM	HOLD_AMBIGUOUS	HOLD	AMBIGUOUS_HOLD; coverage=GAP_PRESENT; ownership=UNCLEAR; observed slices=1.	0.42	YES
1630040194	1113288401	брелок в машину на зеркало пушистики	GENERIC_RELEVANT	0.0	0.0	0.0	GAP_PRESENT	GAP_PRESENT	LOW	FAMILY_CANDIDATE	LONG_DESCRIPTION	GENERIC_RELEVANT; coverage=GAP_PRESENT; ownership=STORE_GENERIC; observed slices=1.	0.76	YES
1630040194	1113288401	брелок восьмерка в машину на зеркало	GENERIC_RELEVANT	1.0	0.0	0.0	GAP_PRESENT	GAP_PRESENT	LOW	FAMILY_CANDIDATE	LONG_DESCRIPTION	GENERIC_RELEVANT; coverage=GAP_PRESENT; ownership=STORE_GENERIC; observed slices=1.	0.76	YES
1630040194	1113288401	брелок на авто славянская на зеркало	FAMILY_RELEVANT	1.0	0.0	0.0	GAP_PRESENT	GAP_PRESENT	LOW	FAMILY_CANDIDATE	LONG_DESCRIPTION	FAMILY_RELEVANT; coverage=GAP_PRESENT; ownership=FAMILY_SHARED; observed slices=1.	0.86	YES
1630040194	1113288401	бусина от сглаза на зеркало машины	GENERIC_RELEVANT	0.0	0.0	0.0	GAP_PRESENT	GAP_PRESENT	LOW	FAMILY_CANDIDATE	LONG_DESCRIPTION	GENERIC_RELEVANT; coverage=GAP_PRESENT; ownership=STORE_GENERIC; observed slices=1.	0.76	YES
1630040194	1113288401	бусина чернобог	EXACT_PRODUCT	1.0	0.0	0.0	PARTIAL_GAP	PARTIAL_GAP	LOW	READY_CANDIDATE	LONG_DESCRIPTION	EXACT_PRODUCT; coverage=PARTIAL_GAP; ownership=SKU_SPECIFIC; observed slices=1.	0.95	YES
1630040194	1113288401	в машину амулет	GENERIC_RELEVANT	0.0	0.0	0.0	GAP_PRESENT	GAP_PRESENT	LOW	FAMILY_CANDIDATE	LONG_DESCRIPTION	GENERIC_RELEVANT; coverage=GAP_PRESENT; ownership=STORE_GENERIC; observed slices=1.	0.76	YES
1630040194	1113288401	висюлька на зеркало в машину белая пушистая	GENERIC_RELEVANT	0.0	0.0	0.0	GAP_PRESENT	GAP_PRESENT	LOW	FAMILY_CANDIDATE	LONG_DESCRIPTION	GENERIC_RELEVANT; coverage=GAP_PRESENT; ownership=STORE_GENERIC; observed slices=1.	0.76	YES
1630040194	1113288401	вымпел военная прокуратура в машину на зеркало	GENERIC_RELEVANT	1.0	0.0	0.0	GAP_PRESENT	GAP_PRESENT	LOW	FAMILY_CANDIDATE	LONG_DESCRIPTION	GENERIC_RELEVANT; coverage=GAP_PRESENT; ownership=FAMILY_SHARED; observed slices=1.	0.76	YES
1630040194	1113288401	джокер чернобога	PARTIAL_RELEVANCE	1.0	0.0	0.0	PARTIAL_GAP	PARTIAL_GAP	MEDIUM	HOLD_AMBIGUOUS	HOLD	PARTIAL_RELEVANCE; coverage=PARTIAL_GAP; ownership=UNCLEAR; observed slices=1.	0.60	YES
1630040194	1113288401	зеркало обгона для праворульных машин	GENERIC_RELEVANT	2.0	0.0	0.0	GAP_PRESENT	GAP_PRESENT	LOW	FAMILY_CANDIDATE	LONG_DESCRIPTION	GENERIC_RELEVANT; coverage=GAP_PRESENT; ownership=STORE_GENERIC; observed slices=1.	0.76	YES
1630040194	1113288401	крестик в машину на зеркало освешеный	GENERIC_RELEVANT	0.0	0.0	0.0	GAP_PRESENT	GAP_PRESENT	LOW	FAMILY_CANDIDATE	LONG_DESCRIPTION	GENERIC_RELEVANT; coverage=GAP_PRESENT; ownership=STORE_GENERIC; observed slices=1.	0.76	YES
1630040194	1113288401	магические четки	GENERIC_RELEVANT	1.0	0.0	0.0	GAP_PRESENT	GAP_PRESENT	LOW	FAMILY_CANDIDATE	LONG_DESCRIPTION	GENERIC_RELEVANT; coverage=GAP_PRESENT; ownership=FAMILY_SHARED; observed slices=1.	0.72	YES
1630040194	1113288401	мелонг зеркало	GENERIC_RELEVANT	3.0	0.0	0.0	GAP_PRESENT	GAP_PRESENT	LOW	FAMILY_CANDIDATE	LONG_DESCRIPTION	GENERIC_RELEVANT; coverage=GAP_PRESENT; ownership=STORE_GENERIC; observed slices=1.	0.76	YES
1630040194	1113288401	монстры на кан кулах подвеска в машину	GENERIC_RELEVANT	1.0	0.0	0.0	GAP_PRESENT	GAP_PRESENT	LOW	FAMILY_CANDIDATE	LONG_DESCRIPTION	GENERIC_RELEVANT; coverage=GAP_PRESENT; ownership=STORE_GENERIC; observed slices=1.	0.76	YES
1630040194	1113288401	на зеркало в машину подвеска россия	GENERIC_RELEVANT	1.0	0.0	0.0	GAP_PRESENT	GAP_PRESENT	LOW	FAMILY_CANDIDATE	LONG_DESCRIPTION	GENERIC_RELEVANT; coverage=GAP_PRESENT; ownership=STORE_GENERIC; observed slices=1.	0.76	YES
1630040194	1113288401	на зеркало подвеска	GENERIC_RELEVANT	12.0	0.0	0.0	GAP_PRESENT	GAP_PRESENT	LOW	FAMILY_CANDIDATE	LONG_DESCRIPTION	GENERIC_RELEVANT; coverage=GAP_PRESENT; ownership=STORE_GENERIC; observed slices=1.	0.76	YES
1630040194	1113288401	оберег	GENERIC_RELEVANT	2055.0	0.0	0.0	GAP_PRESENT	GAP_PRESENT	LOW	FAMILY_CANDIDATE	LONG_DESCRIPTION	GENERIC_RELEVANT; coverage=GAP_PRESENT; ownership=STORE_GENERIC; observed slices=1.	0.72	YES
1630040194	1113288401	оберег в машину	GENERIC_RELEVANT	351.0	0.0	0.0	GAP_PRESENT	GAP_PRESENT	LOW	FAMILY_CANDIDATE	LONG_DESCRIPTION	GENERIC_RELEVANT; coverage=GAP_PRESENT; ownership=STORE_GENERIC; observed slices=1.	0.76	YES
1630040194	1113288401	оберег в машину мусульманский наклейка	GENERIC_RELEVANT	1.0	0.0	0.0	GAP_PRESENT	GAP_PRESENT	LOW	FAMILY_CANDIDATE	LONG_DESCRIPTION	GENERIC_RELEVANT; coverage=GAP_PRESENT; ownership=FAMILY_SHARED; observed slices=1.	0.76	YES
1630040194	1113288401	оберег в машину на зеркало славянский	FAMILY_RELEVANT	1.0	0.0	0.0	GAP_PRESENT	GAP_PRESENT	LOW	FAMILY_CANDIDATE	LONG_DESCRIPTION	FAMILY_RELEVANT; coverage=GAP_PRESENT; ownership=FAMILY_SHARED; observed slices=1.	0.86	YES
1630040194	1113288401	оберег в машину славянский	FAMILY_RELEVANT	29.0	0.0	0.0	GAP_PRESENT	GAP_PRESENT	LOW	FAMILY_CANDIDATE	LONG_DESCRIPTION	FAMILY_RELEVANT; coverage=GAP_PRESENT; ownership=FAMILY_SHARED; observed slices=1.	0.86	YES
1630040194	1113288401	оберег от сглаза и порчи	GENERIC_RELEVANT	686.0	0.0	0.0	GAP_PRESENT	GAP_PRESENT	LOW	FAMILY_CANDIDATE	LONG_DESCRIPTION	GENERIC_RELEVANT; coverage=GAP_PRESENT; ownership=STORE_GENERIC; observed slices=1.	0.72	YES
1630040194	1113288401	обереги	GENERIC_RELEVANT	173.0	0.0	0.0	GAP_PRESENT	GAP_PRESENT	LOW	FAMILY_CANDIDATE	LONG_DESCRIPTION	GENERIC_RELEVANT; coverage=GAP_PRESENT; ownership=STORE_GENERIC; observed slices=1.	0.72	YES
1630040194	1113288401	обереготсглаза	GENERIC_RELEVANT	0.0	0.0	0.0	GAP_PRESENT	GAP_PRESENT	LOW	FAMILY_CANDIDATE	LONG_DESCRIPTION	GENERIC_RELEVANT; coverage=GAP_PRESENT; ownership=STORE_GENERIC; observed slices=1.	0.72	YES
1630040194	1113288401	подвеска амулет	GENERIC_RELEVANT	6.0	0.0	0.0	GAP_PRESENT	GAP_PRESENT	LOW	FAMILY_CANDIDATE	LONG_DESCRIPTION	GENERIC_RELEVANT; coverage=GAP_PRESENT; ownership=FAMILY_SHARED; observed slices=1.	0.72	YES
1630040194	1113288401	подвеска в авто оьерег	GENERIC_RELEVANT	1.0	0.0	0.0	GAP_PRESENT	GAP_PRESENT	LOW	FAMILY_CANDIDATE	LONG_DESCRIPTION	GENERIC_RELEVANT; coverage=GAP_PRESENT; ownership=FAMILY_SHARED; observed slices=1.	0.76	YES
1630040194	1113288401	подвеска в машину	GENERIC_RELEVANT	3171.0	0.0	0.0	GAP_PRESENT	GAP_PRESENT	LOW	FAMILY_CANDIDATE	LONG_DESCRIPTION	GENERIC_RELEVANT; coverage=GAP_PRESENT; ownership=STORE_GENERIC; observed slices=1.	0.76	YES
1630040194	1113288401	подвеска в машину мягкий пушистый ежик	GENERIC_RELEVANT	0.0	0.0	0.0	GAP_PRESENT	GAP_PRESENT	LOW	FAMILY_CANDIDATE	LONG_DESCRIPTION	GENERIC_RELEVANT; coverage=GAP_PRESENT; ownership=STORE_GENERIC; observed slices=1.	0.76	YES
1630040194	1113288401	подвеска в машину на зеркало мужская евгений	GENERIC_RELEVANT	0.0	0.0	0.0	GAP_PRESENT	GAP_PRESENT	LOW	FAMILY_CANDIDATE	LONG_DESCRIPTION	GENERIC_RELEVANT; coverage=GAP_PRESENT; ownership=STORE_GENERIC; observed slices=1.	0.76	YES
1630040194	1113288401	подвеска на зеркало в машину	GENERIC_RELEVANT	1288.0	0.0	0.0	GAP_PRESENT	GAP_PRESENT	LOW	FAMILY_CANDIDATE	LONG_DESCRIPTION	GENERIC_RELEVANT; coverage=GAP_PRESENT; ownership=STORE_GENERIC; observed slices=1.	0.76	YES
1630040194	1113288401	подвеска на зеркало славянская	FAMILY_RELEVANT	0.0	0.0	0.0	GAP_PRESENT	GAP_PRESENT	LOW	FAMILY_CANDIDATE	LONG_DESCRIPTION	FAMILY_RELEVANT; coverage=GAP_PRESENT; ownership=FAMILY_SHARED; observed slices=1.	0.86	YES
1630040194	1113288401	подвеска от сглаза	GENERIC_RELEVANT	203.0	0.0	0.0	GAP_PRESENT	GAP_PRESENT	LOW	FAMILY_CANDIDATE	LONG_DESCRIPTION	GENERIC_RELEVANT; coverage=GAP_PRESENT; ownership=FAMILY_SHARED; observed slices=1.	0.72	YES
1630040194	1113288401	русские обереги	GENERIC_RELEVANT	0.0	0.0	0.0	GAP_PRESENT	GAP_PRESENT	LOW	FAMILY_CANDIDATE	LONG_DESCRIPTION	GENERIC_RELEVANT; coverage=GAP_PRESENT; ownership=STORE_GENERIC; observed slices=1.	0.72	YES
1630040194	1113288401	сварог оберег	NEIGHBOR_PRODUCT	177.0	0.0	0.0	NOT_APPLICABLE	NOT_APPLICABLE	LOW	REJECT_NEIGHBOR	NONE	NEIGHBOR_PRODUCT; coverage=NOT_APPLICABLE; ownership=EXCLUDED; observed slices=1.	0.96	NO
1630040194	1113288401	славянские обереги	FAMILY_RELEVANT	846.0	0.0	0.0	GAP_PRESENT	GAP_PRESENT	LOW	FAMILY_CANDIDATE	LONG_DESCRIPTION	FAMILY_RELEVANT; coverage=GAP_PRESENT; ownership=FAMILY_SHARED; observed slices=1.	0.86	YES
1630040194	1113288401	славянские обереги мужские	FAMILY_RELEVANT	213.0	0.0	0.0	GAP_PRESENT	GAP_PRESENT	LOW	FAMILY_CANDIDATE	LONG_DESCRIPTION	FAMILY_RELEVANT; coverage=GAP_PRESENT; ownership=FAMILY_SHARED; observed slices=1.	0.86	YES
1630040194	1113288401	славянские украшения	FAMILY_RELEVANT	322.0	0.0	0.0	GAP_PRESENT	GAP_PRESENT	LOW	FAMILY_CANDIDATE	LONG_DESCRIPTION	FAMILY_RELEVANT; coverage=GAP_PRESENT; ownership=FAMILY_SHARED; observed slices=1.	0.86	YES
1630040194	1113288401	славянскиеобереги	FAMILY_RELEVANT	0.0	0.0	0.0	GAP_PRESENT	GAP_PRESENT	LOW	FAMILY_CANDIDATE	LONG_DESCRIPTION	FAMILY_RELEVANT; coverage=GAP_PRESENT; ownership=FAMILY_SHARED; observed slices=1.	0.86	YES
1630040194	1113288401	славянский оберег	FAMILY_RELEVANT	220.0	0.0	0.0	GAP_PRESENT	GAP_PRESENT	LOW	FAMILY_CANDIDATE	LONG_DESCRIPTION	FAMILY_RELEVANT; coverage=GAP_PRESENT; ownership=FAMILY_SHARED; observed slices=1.	0.86	YES
1630040194	1113288401	славянский оберег в машину	FAMILY_RELEVANT	28.0	0.0	899.0	GAP_PRESENT	GAP_PRESENT	LOW	FAMILY_CANDIDATE	LONG_DESCRIPTION	FAMILY_RELEVANT; coverage=GAP_PRESENT; ownership=FAMILY_SHARED; observed slices=1.	0.86	YES
1630040194	1113288401	славянский оберег из дерева	FAMILY_RELEVANT	2.0	0.0	0.0	GAP_PRESENT	GAP_PRESENT	LOW	FAMILY_CANDIDATE	LONG_DESCRIPTION	FAMILY_RELEVANT; coverage=GAP_PRESENT; ownership=FAMILY_SHARED; observed slices=1.	0.86	YES
1630040194	1113288401	славянский оберег подвеска	FAMILY_RELEVANT	11.0	0.0	0.0	GAP_PRESENT	GAP_PRESENT	LOW	FAMILY_CANDIDATE	LONG_DESCRIPTION	FAMILY_RELEVANT; coverage=GAP_PRESENT; ownership=FAMILY_SHARED; observed slices=1.	0.86	YES
1630040194	1113288401	чернобог	EXACT_PRODUCT	141.0	0.0	0.0	NO_GAP	NO_GAP	LOW	NO_CHANGE	NONE	EXACT_PRODUCT; coverage=NO_GAP; ownership=SKU_SPECIFIC; observed slices=1.	0.95	NO
1630040194	1113288401	четки славянские	FAMILY_RELEVANT	40.0	0.0	0.0	GAP_PRESENT	GAP_PRESENT	LOW	FAMILY_CANDIDATE	LONG_DESCRIPTION	FAMILY_RELEVANT; coverage=GAP_PRESENT; ownership=FAMILY_SHARED; observed slices=1.	0.86	YES
1636041142	1119957837	mirroreffect брелок оберег с зеркалом	GENERIC_RELEVANT	1.0	0.0	0.0	GAP_PRESENT	GAP_PRESENT	LOW	FAMILY_CANDIDATE	LONG_DESCRIPTION	GENERIC_RELEVANT; coverage=GAP_PRESENT; ownership=FAMILY_SHARED; observed slices=1.	0.76	YES
1636041142	1119957837	аксессуары в машину на зеркало перчатки кимано	GENERIC_RELEVANT	1.0	0.0	0.0	GAP_PRESENT	GAP_PRESENT	LOW	FAMILY_CANDIDATE	LONG_DESCRIPTION	GENERIC_RELEVANT; coverage=GAP_PRESENT; ownership=FAMILY_SHARED; observed slices=1.	0.76	YES
1636041142	1119957837	амулет	GENERIC_RELEVANT	2844.0	0.0	0.0	GAP_PRESENT	GAP_PRESENT	LOW	FAMILY_CANDIDATE	LONG_DESCRIPTION	GENERIC_RELEVANT; coverage=GAP_PRESENT; ownership=STORE_GENERIC; observed slices=1.	0.72	YES
1636041142	1119957837	амулет бога	GENERIC_RELEVANT	4.0	0.0	0.0	GAP_PRESENT	GAP_PRESENT	LOW	FAMILY_CANDIDATE	LONG_DESCRIPTION	GENERIC_RELEVANT; coverage=GAP_PRESENT; ownership=FAMILY_SHARED; observed slices=1.	0.72	YES
1636041142	1119957837	амулет велеса браслет	NEIGHBOR_PRODUCT	1.0	0.0	0.0	NOT_APPLICABLE	NOT_APPLICABLE	LOW	REJECT_NEIGHBOR	NONE	NEIGHBOR_PRODUCT; coverage=NOT_APPLICABLE; ownership=EXCLUDED; observed slices=1.	0.96	NO
1636041142	1119957837	амулет знак велеса серебро	NEIGHBOR_PRODUCT	1.0	0.0	0.0	NOT_APPLICABLE	NOT_APPLICABLE	LOW	REJECT_NEIGHBOR	NONE	NEIGHBOR_PRODUCT; coverage=NOT_APPLICABLE; ownership=EXCLUDED; observed slices=1.	0.96	NO
1636041142	1119957837	амулет на зеркало автомобиля	GENERIC_RELEVANT	3.0	0.0	0.0	GAP_PRESENT	GAP_PRESENT	LOW	FAMILY_CANDIDATE	LONG_DESCRIPTION	GENERIC_RELEVANT; coverage=GAP_PRESENT; ownership=STORE_GENERIC; observed slices=1.	0.76	YES
1636041142	1119957837	амулет с зеркалом подвеска	GENERIC_RELEVANT	1.0	0.0	0.0	GAP_PRESENT	GAP_PRESENT	LOW	FAMILY_CANDIDATE	LONG_DESCRIPTION	GENERIC_RELEVANT; coverage=GAP_PRESENT; ownership=STORE_GENERIC; observed slices=1.	0.76	YES
1636041142	1119957837	амулетом на машину	GENERIC_RELEVANT	0.0	0.0	0.0	GAP_PRESENT	GAP_PRESENT	LOW	FAMILY_CANDIDATE	LONG_DESCRIPTION	GENERIC_RELEVANT; coverage=GAP_PRESENT; ownership=STORE_GENERIC; observed slices=1.	0.76	YES
1636041142	1119957837	амулеты дерева печать велеса	NEIGHBOR_PRODUCT	1.0	0.0	0.0	NOT_APPLICABLE	NOT_APPLICABLE	LOW	REJECT_NEIGHBOR	NONE	NEIGHBOR_PRODUCT; coverage=NOT_APPLICABLE; ownership=EXCLUDED; observed slices=1.	0.96	NO
1636041142	1119957837	амулеты обереги и талисманы	GENERIC_RELEVANT	456.0	0.0	0.0	GAP_PRESENT	GAP_PRESENT	LOW	FAMILY_CANDIDATE	LONG_DESCRIPTION	GENERIC_RELEVANT; coverage=GAP_PRESENT; ownership=STORE_GENERIC; observed slices=2.	0.72	YES
1636041142	1119957837	амулеты обереги подвеска	GENERIC_RELEVANT	0.0	0.0	0.0	GAP_PRESENT	GAP_PRESENT	LOW	FAMILY_CANDIDATE	LONG_DESCRIPTION	GENERIC_RELEVANT; coverage=GAP_PRESENT; ownership=STORE_GENERIC; observed slices=1.	0.72	YES
1636041142	1119957837	аодвеска зеркало	GENERIC_RELEVANT	0.0	0.0	0.0	GAP_PRESENT	GAP_PRESENT	LOW	FAMILY_CANDIDATE	LONG_DESCRIPTION	GENERIC_RELEVANT; coverage=GAP_PRESENT; ownership=STORE_GENERIC; observed slices=1.	0.76	YES
1636041142	1119957837	армянский барабан на машину подвеска	GENERIC_RELEVANT	1.0	0.0	0.0	GAP_PRESENT	GAP_PRESENT	LOW	FAMILY_CANDIDATE	LONG_DESCRIPTION	GENERIC_RELEVANT; coverage=GAP_PRESENT; ownership=STORE_GENERIC; observed slices=1.	0.76	YES
1636041142	1119957837	атрибут для порчи	GENERIC_RELEVANT	1.0	0.0	0.0	GAP_PRESENT	GAP_PRESENT	LOW	FAMILY_CANDIDATE	LONG_DESCRIPTION	GENERIC_RELEVANT; coverage=GAP_PRESENT; ownership=FAMILY_SHARED; observed slices=1.	0.72	YES
1636041142	1119957837	атрибуты дерево природа	AMBIGUOUS_HOLD	0.0	0.0	0.0	GAP_PRESENT	GAP_PRESENT	MEDIUM	HOLD_AMBIGUOUS	HOLD	AMBIGUOUS_HOLD; coverage=GAP_PRESENT; ownership=UNCLEAR; observed slices=1.	0.42	YES
1636041142	1119957837	бижутерия славянские обереги	FAMILY_RELEVANT	0.0	0.0	0.0	GAP_PRESENT	GAP_PRESENT	LOW	FAMILY_CANDIDATE	LONG_DESCRIPTION	FAMILY_RELEVANT; coverage=GAP_PRESENT; ownership=FAMILY_SHARED; observed slices=1.	0.86	YES
1636041142	1119957837	бижутерия славянский оберег	FAMILY_RELEVANT	1.0	0.0	0.0	GAP_PRESENT	GAP_PRESENT	LOW	FAMILY_CANDIDATE	LONG_DESCRIPTION	FAMILY_RELEVANT; coverage=GAP_PRESENT; ownership=FAMILY_SHARED; observed slices=1.	0.86	YES
1636041142	1119957837	брелок в машину на зеркало я свободен	GENERIC_RELEVANT	0.0	0.0	0.0	GAP_PRESENT	GAP_PRESENT	LOW	FAMILY_CANDIDATE	LONG_DESCRIPTION	GENERIC_RELEVANT; coverage=GAP_PRESENT; ownership=STORE_GENERIC; observed slices=1.	0.76	YES
1636041142	1119957837	брелок сабвуфер альфард в машину на зеркало	GENERIC_RELEVANT	1.0	0.0	0.0	GAP_PRESENT	GAP_PRESENT	LOW	FAMILY_CANDIDATE	LONG_DESCRIPTION	GENERIC_RELEVANT; coverage=GAP_PRESENT; ownership=FAMILY_SHARED; observed slices=1.	0.76	YES
1636041142	1119957837	бусина закон	AMBIGUOUS_HOLD	0.0	0.0	0.0	GAP_PRESENT	GAP_PRESENT	MEDIUM	HOLD_AMBIGUOUS	HOLD	AMBIGUOUS_HOLD; coverage=GAP_PRESENT; ownership=UNCLEAR; observed slices=1.	0.42	YES
1636041142	1119957837	бусина славянская на четки	FAMILY_RELEVANT	0.0	0.0	0.0	GAP_PRESENT	GAP_PRESENT	LOW	FAMILY_CANDIDATE	LONG_DESCRIPTION	FAMILY_RELEVANT; coverage=GAP_PRESENT; ownership=FAMILY_SHARED; observed slices=1.	0.86	YES
1636041142	1119957837	бусы в машину на зеркало лада спорт	GENERIC_RELEVANT	0.0	0.0	0.0	GAP_PRESENT	GAP_PRESENT	LOW	FAMILY_CANDIDATE	LONG_DESCRIPTION	GENERIC_RELEVANT; coverage=GAP_PRESENT; ownership=STORE_GENERIC; observed slices=1.	0.76	YES
1636041142	1119957837	в машину авулет	GENERIC_RELEVANT	0.0	0.0	0.0	GAP_PRESENT	GAP_PRESENT	LOW	FAMILY_CANDIDATE	LONG_DESCRIPTION	GENERIC_RELEVANT; coverage=GAP_PRESENT; ownership=STORE_GENERIC; observed slices=1.	0.76	YES
1636041142	1119957837	ведьмино зеркало	GENERIC_RELEVANT	4.0	0.0	0.0	GAP_PRESENT	GAP_PRESENT	LOW	FAMILY_CANDIDATE	LONG_DESCRIPTION	GENERIC_RELEVANT; coverage=GAP_PRESENT; ownership=STORE_GENERIC; observed slices=1.	0.76	YES
1636041142	1119957837	велес	EXACT_PRODUCT	1177.0	0.0	0.0	NO_GAP	NO_GAP	LOW	NO_CHANGE	NONE	EXACT_PRODUCT; coverage=NO_GAP; ownership=SKU_SPECIFIC; observed slices=1.	0.95	NO
1636041142	1119957837	велес оберег волк	EXACT_PRODUCT	1.0	0.0	0.0	PARTIAL_GAP	PARTIAL_GAP	LOW	READY_CANDIDATE	LONG_DESCRIPTION	EXACT_PRODUCT; coverage=PARTIAL_GAP; ownership=SKU_SPECIFIC; observed slices=1.	0.95	YES
1636041142	1119957837	велес. красная кровь	EXACT_PRODUCT	4.0	0.0	0.0	PARTIAL_GAP	PARTIAL_GAP	LOW	READY_CANDIDATE	LONG_DESCRIPTION	EXACT_PRODUCT; coverage=PARTIAL_GAP; ownership=SKU_SPECIFIC; observed slices=1.	0.95	YES
1636041142	1119957837	все для славянских четок	FAMILY_RELEVANT	1.0	0.0	0.0	GAP_PRESENT	GAP_PRESENT	LOW	FAMILY_CANDIDATE	LONG_DESCRIPTION	FAMILY_RELEVANT; coverage=GAP_PRESENT; ownership=FAMILY_SHARED; observed slices=1.	0.86	YES
1636041142	1119957837	женский оберег славянский	FAMILY_RELEVANT	1.0	0.0	0.0	GAP_PRESENT	GAP_PRESENT	LOW	FAMILY_CANDIDATE	LONG_DESCRIPTION	FAMILY_RELEVANT; coverage=GAP_PRESENT; ownership=FAMILY_SHARED; observed slices=1.	0.86	YES
1636041142	1119957837	зеркало дерева	GENERIC_RELEVANT	0.0	0.0	0.0	GAP_PRESENT	GAP_PRESENT	LOW	FAMILY_CANDIDATE	LONG_DESCRIPTION	GENERIC_RELEVANT; coverage=GAP_PRESENT; ownership=FAMILY_SHARED; observed slices=1.	0.76	YES
1636041142	1119957837	зеркало оберег на шею славянское	FAMILY_RELEVANT	0.0	0.0	0.0	GAP_PRESENT	GAP_PRESENT	LOW	FAMILY_CANDIDATE	LONG_DESCRIPTION	FAMILY_RELEVANT; coverage=GAP_PRESENT; ownership=FAMILY_SHARED; observed slices=1.	0.86	YES
1636041142	1119957837	коловрат	AMBIGUOUS_HOLD	1860.0	0.0	0.0	GAP_PRESENT	GAP_PRESENT	MEDIUM	HOLD_AMBIGUOUS	HOLD	AMBIGUOUS_HOLD; coverage=GAP_PRESENT; ownership=UNCLEAR; observed slices=1.	0.42	YES
1636041142	1119957837	коловрат оберег	GENERIC_RELEVANT	57.0	0.0	0.0	GAP_PRESENT	GAP_PRESENT	LOW	FAMILY_CANDIDATE	LONG_DESCRIPTION	GENERIC_RELEVANT; coverage=GAP_PRESENT; ownership=FAMILY_SHARED; observed slices=1.	0.72	YES
1636041142	1119957837	коловрат подвеска	GENERIC_RELEVANT	228.0	0.0	0.0	GAP_PRESENT	GAP_PRESENT	LOW	FAMILY_CANDIDATE	LONG_DESCRIPTION	GENERIC_RELEVANT; coverage=GAP_PRESENT; ownership=STORE_GENERIC; observed slices=1.	0.72	YES
1636041142	1119957837	на зеркало авто подвеска	GENERIC_RELEVANT	5.0	0.0	0.0	GAP_PRESENT	GAP_PRESENT	LOW	FAMILY_CANDIDATE	LONG_DESCRIPTION	GENERIC_RELEVANT; coverage=GAP_PRESENT; ownership=STORE_GENERIC; observed slices=1.	0.76	YES
1636041142	1119957837	оберег	GENERIC_RELEVANT	1488.0	0.0	0.0	GAP_PRESENT	GAP_PRESENT	LOW	FAMILY_CANDIDATE	LONG_DESCRIPTION	GENERIC_RELEVANT; coverage=GAP_PRESENT; ownership=STORE_GENERIC; observed slices=1.	0.72	YES
1636041142	1119957837	оберег в машину	GENERIC_RELEVANT	260.0	0.0	0.0	GAP_PRESENT	GAP_PRESENT	LOW	FAMILY_CANDIDATE	LONG_DESCRIPTION	GENERIC_RELEVANT; coverage=GAP_PRESENT; ownership=STORE_GENERIC; observed slices=1.	0.76	YES
1636041142	1119957837	оберег в машину славянский	FAMILY_RELEVANT	23.0	0.0	585.0	GAP_PRESENT	GAP_PRESENT	LOW	FAMILY_CANDIDATE	LONG_DESCRIPTION	FAMILY_RELEVANT; coverage=GAP_PRESENT; ownership=FAMILY_SHARED; observed slices=1.	0.86	YES
1636041142	1119957837	оберег велеса	NEIGHBOR_PRODUCT	52.0	0.0	780.0	NOT_APPLICABLE	NOT_APPLICABLE	LOW	REJECT_NEIGHBOR	NONE	NEIGHBOR_PRODUCT; coverage=NOT_APPLICABLE; ownership=EXCLUDED; observed slices=1.	0.96	NO
1636041142	1119957837	оберег дерево	GENERIC_RELEVANT	2.0	0.0	0.0	GAP_PRESENT	GAP_PRESENT	LOW	FAMILY_CANDIDATE	LONG_DESCRIPTION	GENERIC_RELEVANT; coverage=GAP_PRESENT; ownership=FAMILY_SHARED; observed slices=1.	0.72	YES
1636041142	1119957837	оберег от сглаза и порчи	GENERIC_RELEVANT	74.0	0.0	0.0	GAP_PRESENT	GAP_PRESENT	LOW	FAMILY_CANDIDATE	LONG_DESCRIPTION	GENERIC_RELEVANT; coverage=GAP_PRESENT; ownership=STORE_GENERIC; observed slices=1.	0.72	YES
1636041142	1119957837	оберег славянский женский	FAMILY_RELEVANT	12.0	0.0	0.0	GAP_PRESENT	GAP_PRESENT	LOW	FAMILY_CANDIDATE	LONG_DESCRIPTION	FAMILY_RELEVANT; coverage=GAP_PRESENT; ownership=FAMILY_SHARED; observed slices=1.	0.86	YES
1636041142	1119957837	от сглаза в машину	GENERIC_RELEVANT	109.0	0.0	891.0	GAP_PRESENT	GAP_PRESENT	LOW	FAMILY_CANDIDATE	LONG_DESCRIPTION	GENERIC_RELEVANT; coverage=GAP_PRESENT; ownership=FAMILY_SHARED; observed slices=1.	0.76	YES
1636041142	1119957837	подвеска в машину	GENERIC_RELEVANT	3171.0	0.0	0.0	GAP_PRESENT	GAP_PRESENT	LOW	FAMILY_CANDIDATE	LONG_DESCRIPTION	GENERIC_RELEVANT; coverage=GAP_PRESENT; ownership=STORE_GENERIC; observed slices=1.	0.76	YES
1636041142	1119957837	подвеска в машину на зеркало	GENERIC_RELEVANT	0.0	0.0	0.0	GAP_PRESENT	GAP_PRESENT	LOW	FAMILY_CANDIDATE	LONG_DESCRIPTION	GENERIC_RELEVANT; coverage=GAP_PRESENT; ownership=STORE_GENERIC; observed slices=1.	0.76	YES
1636041142	1119957837	подвеска на зеркало в машину	GENERIC_RELEVANT	1241.0	0.0	0.0	GAP_PRESENT	GAP_PRESENT	LOW	FAMILY_CANDIDATE	LONG_DESCRIPTION	GENERIC_RELEVANT; coverage=GAP_PRESENT; ownership=STORE_GENERIC; observed slices=1.	0.76	YES
1636041142	1119957837	славянские	FAMILY_RELEVANT	334.0	0.0	0.0	GAP_PRESENT	GAP_PRESENT	LOW	FAMILY_CANDIDATE	LONG_DESCRIPTION	FAMILY_RELEVANT; coverage=GAP_PRESENT; ownership=FAMILY_SHARED; observed slices=1.	0.86	YES
1636041142	1119957837	славянские обереги	FAMILY_RELEVANT	1007.0	0.0	0.0	GAP_PRESENT	GAP_PRESENT	LOW	FAMILY_CANDIDATE	LONG_DESCRIPTION	FAMILY_RELEVANT; coverage=GAP_PRESENT; ownership=FAMILY_SHARED; observed slices=1.	0.86	YES
1636041142	1119957837	славянские обереги мужские	FAMILY_RELEVANT	294.0	0.0	0.0	GAP_PRESENT	GAP_PRESENT	LOW	FAMILY_CANDIDATE	LONG_DESCRIPTION	FAMILY_RELEVANT; coverage=GAP_PRESENT; ownership=FAMILY_SHARED; observed slices=1.	0.86	YES
1636041142	1119957837	славянские украшения	FAMILY_RELEVANT	318.0	0.0	0.0	GAP_PRESENT	GAP_PRESENT	LOW	FAMILY_CANDIDATE	LONG_DESCRIPTION	FAMILY_RELEVANT; coverage=GAP_PRESENT; ownership=FAMILY_SHARED; observed slices=1.	0.86	YES
1636041142	1119957837	славянские четки	FAMILY_RELEVANT	4.0	0.0	0.0	GAP_PRESENT	GAP_PRESENT	LOW	FAMILY_CANDIDATE	LONG_DESCRIPTION	FAMILY_RELEVANT; coverage=GAP_PRESENT; ownership=FAMILY_SHARED; observed slices=1.	0.86	YES
1636041142	1119957837	славянскиеобереги	FAMILY_RELEVANT	0.0	0.0	0.0	GAP_PRESENT	GAP_PRESENT	LOW	FAMILY_CANDIDATE	LONG_DESCRIPTION	FAMILY_RELEVANT; coverage=GAP_PRESENT; ownership=FAMILY_SHARED; observed slices=1.	0.86	YES
1636041142	1119957837	славянский оберег	FAMILY_RELEVANT	206.0	0.0	0.0	GAP_PRESENT	GAP_PRESENT	LOW	FAMILY_CANDIDATE	LONG_DESCRIPTION	FAMILY_RELEVANT; coverage=GAP_PRESENT; ownership=FAMILY_SHARED; observed slices=1.	0.86	YES
1636041142	1119957837	славянский оберег для мужчин	FAMILY_RELEVANT	6.0	0.0	0.0	GAP_PRESENT	GAP_PRESENT	LOW	FAMILY_CANDIDATE	LONG_DESCRIPTION	FAMILY_RELEVANT; coverage=GAP_PRESENT; ownership=FAMILY_SHARED; observed slices=1.	0.86	YES
1636041142	1119957837	славянский оберег из дерева	FAMILY_RELEVANT	2.0	0.0	0.0	GAP_PRESENT	GAP_PRESENT	LOW	FAMILY_CANDIDATE	LONG_DESCRIPTION	FAMILY_RELEVANT; coverage=GAP_PRESENT; ownership=FAMILY_SHARED; observed slices=1.	0.86	YES
1636041142	1119957837	славянский умулет в авто	FAMILY_RELEVANT	1.0	0.0	819.0	GAP_PRESENT	GAP_PRESENT	LOW	FAMILY_CANDIDATE	LONG_DESCRIPTION	FAMILY_RELEVANT; coverage=GAP_PRESENT; ownership=FAMILY_SHARED; observed slices=1.	0.86	YES
1636041142	1119957837	талисман зеркало	GENERIC_RELEVANT	2.0	0.0	0.0	GAP_PRESENT	GAP_PRESENT	LOW	FAMILY_CANDIDATE	LONG_DESCRIPTION	GENERIC_RELEVANT; coverage=GAP_PRESENT; ownership=FAMILY_SHARED; observed slices=1.	0.76	YES
1636041142	1119957837	четки в машину	GENERIC_RELEVANT	284.0	0.0	0.0	GAP_PRESENT	GAP_PRESENT	LOW	FAMILY_CANDIDATE	LONG_DESCRIPTION	GENERIC_RELEVANT; coverage=GAP_PRESENT; ownership=STORE_GENERIC; observed slices=1.	0.76	YES
1636048691	1119965443	амулет	GENERIC_RELEVANT	3190.0	0.0	1071.0	GAP_PRESENT	GAP_PRESENT	LOW	FAMILY_CANDIDATE	LONG_DESCRIPTION	GENERIC_RELEVANT; coverage=GAP_PRESENT; ownership=STORE_GENERIC; observed slices=2.	0.72	YES
1636048691	1119965443	амулет зеркало	GENERIC_RELEVANT	5.0	0.0	0.0	GAP_PRESENT	GAP_PRESENT	LOW	FAMILY_CANDIDATE	LONG_DESCRIPTION	GENERIC_RELEVANT; coverage=GAP_PRESENT; ownership=STORE_GENERIC; observed slices=1.	0.76	YES
1636048691	1119965443	в машину	GENERIC_RELEVANT	9324.0	0.0	836.0	GAP_PRESENT	GAP_PRESENT	LOW	FAMILY_CANDIDATE	LONG_DESCRIPTION	GENERIC_RELEVANT; coverage=GAP_PRESENT; ownership=STORE_GENERIC; observed slices=1.	0.76	YES
1636048691	1119965443	в машину подвеска	GENERIC_RELEVANT	73.0	0.0	0.0	GAP_PRESENT	GAP_PRESENT	LOW	FAMILY_CANDIDATE	LONG_DESCRIPTION	GENERIC_RELEVANT; coverage=GAP_PRESENT; ownership=STORE_GENERIC; observed slices=1.	0.76	YES
1636048691	1119965443	велес амулет в машину	NEIGHBOR_PRODUCT	1.0	0.0	1058.0	NOT_APPLICABLE	NOT_APPLICABLE	LOW	REJECT_NEIGHBOR	NONE	NEIGHBOR_PRODUCT; coverage=NOT_APPLICABLE; ownership=EXCLUDED; observed slices=2.	0.96	NO
1636048691	1119965443	велес подвеска	NEIGHBOR_PRODUCT	20.0	0.0	0.0	NOT_APPLICABLE	NOT_APPLICABLE	LOW	REJECT_NEIGHBOR	NONE	NEIGHBOR_PRODUCT; coverage=NOT_APPLICABLE; ownership=EXCLUDED; observed slices=1.	0.96	NO
1636048691	1119965443	велес подвеска женская	NEIGHBOR_PRODUCT	1.0	0.0	987.0	NOT_APPLICABLE	NOT_APPLICABLE	LOW	REJECT_NEIGHBOR	NONE	NEIGHBOR_PRODUCT; coverage=NOT_APPLICABLE; ownership=EXCLUDED; observed slices=2.	0.96	NO
1636048691	1119965443	зеркало	GENERIC_RELEVANT	8794.0	0.0	0.0	GAP_PRESENT	GAP_PRESENT	LOW	FAMILY_CANDIDATE	LONG_DESCRIPTION	GENERIC_RELEVANT; coverage=GAP_PRESENT; ownership=STORE_GENERIC; observed slices=1.	0.76	YES
1636048691	1119965443	из дерева	AMBIGUOUS_HOLD	1462.0	0.0	0.0	GAP_PRESENT	GAP_PRESENT	MEDIUM	HOLD_AMBIGUOUS	HOLD	AMBIGUOUS_HOLD; coverage=GAP_PRESENT; ownership=UNCLEAR; observed slices=1.	0.42	YES
1636048691	1119965443	коловрат	AMBIGUOUS_HOLD	1932.0	0.0	0.0	GAP_PRESENT	GAP_PRESENT	MEDIUM	HOLD_AMBIGUOUS	HOLD	AMBIGUOUS_HOLD; coverage=GAP_PRESENT; ownership=UNCLEAR; observed slices=1.	0.42	YES
1636048691	1119965443	магия	AMBIGUOUS_HOLD	2178.0	0.0	0.0	GAP_PRESENT	GAP_PRESENT	MEDIUM	HOLD_AMBIGUOUS	HOLD	AMBIGUOUS_HOLD; coverage=GAP_PRESENT; ownership=UNCLEAR; observed slices=1.	0.42	YES
1636048691	1119965443	оберег	GENERIC_RELEVANT	5196.0	0.0	681.0	GAP_PRESENT	GAP_PRESENT	LOW	FAMILY_CANDIDATE	LONG_DESCRIPTION	GENERIC_RELEVANT; coverage=GAP_PRESENT; ownership=STORE_GENERIC; observed slices=1.	0.72	YES
1636048691	1119965443	оберег в автомобиль	GENERIC_RELEVANT	39.0	0.0	0.0	GAP_PRESENT	GAP_PRESENT	LOW	FAMILY_CANDIDATE	LONG_DESCRIPTION	GENERIC_RELEVANT; coverage=GAP_PRESENT; ownership=STORE_GENERIC; observed slices=1.	0.76	YES
1636048691	1119965443	оберег в машину	GENERIC_RELEVANT	1190.0	0.0	2780.0	GAP_PRESENT	GAP_PRESENT	LOW	FAMILY_CANDIDATE	LONG_DESCRIPTION	GENERIC_RELEVANT; coverage=GAP_PRESENT; ownership=STORE_GENERIC; observed slices=1.	0.76	YES
1636048691	1119965443	оберег для дома	GENERIC_RELEVANT	3289.0	0.0	0.0	GAP_PRESENT	GAP_PRESENT	LOW	FAMILY_CANDIDATE	LONG_DESCRIPTION	GENERIC_RELEVANT; coverage=GAP_PRESENT; ownership=FAMILY_SHARED; observed slices=1.	0.72	YES
1636048691	1119965443	оберег для дома от сглаза и порчи	GENERIC_RELEVANT	243.0	0.0	0.0	GAP_PRESENT	GAP_PRESENT	LOW	FAMILY_CANDIDATE	LONG_DESCRIPTION	GENERIC_RELEVANT; coverage=GAP_PRESENT; ownership=FAMILY_SHARED; observed slices=1.	0.72	YES
1636048691	1119965443	оберег от сглаза	GENERIC_RELEVANT	1368.0	0.0	0.0	GAP_PRESENT	GAP_PRESENT	LOW	FAMILY_CANDIDATE	LONG_DESCRIPTION	GENERIC_RELEVANT; coverage=GAP_PRESENT; ownership=STORE_GENERIC; observed slices=1.	0.72	YES
1636048691	1119965443	оберег от сглаза и порчи	GENERIC_RELEVANT	2126.0	0.0	0.0	GAP_PRESENT	GAP_PRESENT	LOW	FAMILY_CANDIDATE	LONG_DESCRIPTION	GENERIC_RELEVANT; coverage=GAP_PRESENT; ownership=STORE_GENERIC; observed slices=2.	0.72	YES
1636048691	1119965443	оберег славянский в автомобиль женский	FAMILY_RELEVANT	0.0	0.0	960.0	GAP_PRESENT	GAP_PRESENT	LOW	FAMILY_CANDIDATE	LONG_DESCRIPTION	FAMILY_RELEVANT; coverage=GAP_PRESENT; ownership=FAMILY_SHARED; observed slices=2.	0.86	YES
1636048691	1119965443	оберег славянский в машину	FAMILY_RELEVANT	1.0	0.0	1578.0	GAP_PRESENT	GAP_PRESENT	LOW	FAMILY_CANDIDATE	LONG_DESCRIPTION	FAMILY_RELEVANT; coverage=GAP_PRESENT; ownership=FAMILY_SHARED; observed slices=1.	0.86	YES
1636048691	1119965443	оберег славянский женский	FAMILY_RELEVANT	7.0	0.0	0.0	GAP_PRESENT	GAP_PRESENT	LOW	FAMILY_CANDIDATE	LONG_DESCRIPTION	FAMILY_RELEVANT; coverage=GAP_PRESENT; ownership=FAMILY_SHARED; observed slices=1.	0.86	YES
1636048691	1119965443	обереги славянские для мужчин	FAMILY_RELEVANT	1.0	0.0	834.0	GAP_PRESENT	GAP_PRESENT	LOW	FAMILY_CANDIDATE	LONG_DESCRIPTION	FAMILY_RELEVANT; coverage=GAP_PRESENT; ownership=FAMILY_SHARED; observed slices=1.	0.86	YES
1636048691	1119965443	от сглаза	GENERIC_RELEVANT	1768.0	0.0	0.0	GAP_PRESENT	GAP_PRESENT	LOW	FAMILY_CANDIDATE	LONG_DESCRIPTION	GENERIC_RELEVANT; coverage=GAP_PRESENT; ownership=STORE_GENERIC; observed slices=1.	0.72	YES
1636048691	1119965443	от сглаза оберег	GENERIC_RELEVANT	375.0	0.0	0.0	GAP_PRESENT	GAP_PRESENT	LOW	FAMILY_CANDIDATE	LONG_DESCRIPTION	GENERIC_RELEVANT; coverage=GAP_PRESENT; ownership=FAMILY_SHARED; observed slices=1.	0.72	YES
1636048691	1119965443	от сглаза оберег в машину	GENERIC_RELEVANT	8.0	0.0	1705.0	GAP_PRESENT	GAP_PRESENT	LOW	FAMILY_CANDIDATE	LONG_DESCRIPTION	GENERIC_RELEVANT; coverage=GAP_PRESENT; ownership=FAMILY_SHARED; observed slices=1.	0.76	YES
1636048691	1119965443	печать велеса	EXACT_PRODUCT	432.0	0.0	1499.0	NO_GAP	NO_GAP	LOW	NO_CHANGE	NONE	EXACT_PRODUCT; coverage=NO_GAP; ownership=SKU_SPECIFIC; observed slices=1.	0.95	NO
1636048691	1119965443	печать велеса медвежья лапа в машину	EXACT_PRODUCT	0.0	0.0	913.0	PARTIAL_GAP	PARTIAL_GAP	LOW	READY_CANDIDATE	LONG_DESCRIPTION	EXACT_PRODUCT; coverage=PARTIAL_GAP; ownership=SKU_SPECIFIC; observed slices=2.	0.95	YES
1636048691	1119965443	печать велеса на шею	EXACT_PRODUCT	1.0	0.0	634.0	PARTIAL_GAP	PARTIAL_GAP	LOW	READY_CANDIDATE	LONG_DESCRIPTION	EXACT_PRODUCT; coverage=PARTIAL_GAP; ownership=SKU_SPECIFIC; observed slices=1.	0.95	YES
1636048691	1119965443	печать велеса подвеска в автомобиль	EXACT_PRODUCT	0.0	0.0	766.0	NO_GAP	NO_GAP	LOW	NO_CHANGE	NONE	EXACT_PRODUCT; coverage=NO_GAP; ownership=SKU_SPECIFIC; observed slices=1.	0.95	NO
1636048691	1119965443	печать велеса серебро	EXACT_PRODUCT	41.0	0.0	0.0	PARTIAL_GAP	PARTIAL_GAP	LOW	READY_CANDIDATE	LONG_DESCRIPTION	EXACT_PRODUCT; coverage=PARTIAL_GAP; ownership=SKU_SPECIFIC; observed slices=1.	0.95	YES
1636048691	1119965443	подвеска	GENERIC_RELEVANT	40945.0	0.0	0.0	GAP_PRESENT	GAP_PRESENT	LOW	FAMILY_CANDIDATE	LONG_DESCRIPTION	GENERIC_RELEVANT; coverage=GAP_PRESENT; ownership=STORE_GENERIC; observed slices=1.	0.72	YES
1636048691	1119965443	подвеска в машину	GENERIC_RELEVANT	3171.0	0.0	0.0	GAP_PRESENT	GAP_PRESENT	LOW	FAMILY_CANDIDATE	LONG_DESCRIPTION	GENERIC_RELEVANT; coverage=GAP_PRESENT; ownership=STORE_GENERIC; observed slices=1.	0.76	YES
1636048691	1119965443	подвеска в машину велес	NEIGHBOR_PRODUCT	1.0	0.0	783.0	NOT_APPLICABLE	NOT_APPLICABLE	LOW	REJECT_NEIGHBOR	NONE	NEIGHBOR_PRODUCT; coverage=NOT_APPLICABLE; ownership=EXCLUDED; observed slices=1.	0.96	NO
1636048691	1119965443	подвеска в машину на зеркало от сглаза	GENERIC_RELEVANT	1.0	0.0	753.0	GAP_PRESENT	GAP_PRESENT	LOW	FAMILY_CANDIDATE	LONG_DESCRIPTION	GENERIC_RELEVANT; coverage=GAP_PRESENT; ownership=FAMILY_SHARED; observed slices=1.	0.76	YES
1636048691	1119965443	подвеска в машину на зеркало славянская	FAMILY_RELEVANT	0.0	0.0	779.0	GAP_PRESENT	GAP_PRESENT	LOW	FAMILY_CANDIDATE	LONG_DESCRIPTION	FAMILY_RELEVANT; coverage=GAP_PRESENT; ownership=FAMILY_SHARED; observed slices=1.	0.86	YES
1636048691	1119965443	подвеска в машину на зеркало старославянская лада	FAMILY_RELEVANT	1.0	0.0	738.0	GAP_PRESENT	GAP_PRESENT	LOW	FAMILY_CANDIDATE	LONG_DESCRIPTION	FAMILY_RELEVANT; coverage=GAP_PRESENT; ownership=FAMILY_SHARED; observed slices=1.	0.86	YES
1636048691	1119965443	подвеска на зеркало в машину оберег	GENERIC_RELEVANT	1.0	0.0	798.0	GAP_PRESENT	GAP_PRESENT	LOW	FAMILY_CANDIDATE	LONG_DESCRIPTION	GENERIC_RELEVANT; coverage=GAP_PRESENT; ownership=FAMILY_SHARED; observed slices=1.	0.76	YES
1636048691	1119965443	подвеска руна	GENERIC_RELEVANT	54.0	0.0	0.0	GAP_PRESENT	GAP_PRESENT	LOW	FAMILY_CANDIDATE	LONG_DESCRIPTION	GENERIC_RELEVANT; coverage=GAP_PRESENT; ownership=STORE_GENERIC; observed slices=1.	0.72	YES
1636048691	1119965443	руны славянские	FAMILY_RELEVANT	344.0	0.0	0.0	GAP_PRESENT	GAP_PRESENT	LOW	FAMILY_CANDIDATE	LONG_DESCRIPTION	FAMILY_RELEVANT; coverage=GAP_PRESENT; ownership=FAMILY_SHARED; observed slices=1.	0.86	YES
1636048691	1119965443	славянские	FAMILY_RELEVANT	175.0	0.0	0.0	GAP_PRESENT	GAP_PRESENT	LOW	FAMILY_CANDIDATE	LONG_DESCRIPTION	FAMILY_RELEVANT; coverage=GAP_PRESENT; ownership=FAMILY_SHARED; observed slices=1.	0.86	YES
1636048691	1119965443	славянские обереги для мужчин	FAMILY_RELEVANT	10.0	0.0	0.0	GAP_PRESENT	GAP_PRESENT	LOW	FAMILY_CANDIDATE	LONG_DESCRIPTION	FAMILY_RELEVANT; coverage=GAP_PRESENT; ownership=FAMILY_SHARED; observed slices=1.	0.86	YES
1636048691	1119965443	славянский оберег	FAMILY_RELEVANT	608.0	0.0	0.0	GAP_PRESENT	GAP_PRESENT	LOW	FAMILY_CANDIDATE	LONG_DESCRIPTION	FAMILY_RELEVANT; coverage=GAP_PRESENT; ownership=FAMILY_SHARED; observed slices=1.	0.86	YES
1636048691	1119965443	славянский оберег в машину	FAMILY_RELEVANT	6.0	0.0	1670.47	GAP_PRESENT	GAP_PRESENT	LOW	FAMILY_CANDIDATE	LONG_DESCRIPTION	FAMILY_RELEVANT; coverage=GAP_PRESENT; ownership=FAMILY_SHARED; observed slices=1.	0.86	YES
1636048691	1119965443	славянский оберег для машины	FAMILY_RELEVANT	1.0	0.0	1053.0	GAP_PRESENT	GAP_PRESENT	LOW	FAMILY_CANDIDATE	LONG_DESCRIPTION	FAMILY_RELEVANT; coverage=GAP_PRESENT; ownership=FAMILY_SHARED; observed slices=1.	0.86	YES
1636048691	1119965443	славянский оберег на зеркало автомобиля	FAMILY_RELEVANT	0.0	0.0	621.0	GAP_PRESENT	GAP_PRESENT	LOW	FAMILY_CANDIDATE	LONG_DESCRIPTION	FAMILY_RELEVANT; coverage=GAP_PRESENT; ownership=FAMILY_SHARED; observed slices=1.	0.86	YES
1636048691	1119965443	талисман	GENERIC_RELEVANT	2780.0	0.0	0.0	GAP_PRESENT	GAP_PRESENT	LOW	FAMILY_CANDIDATE	LONG_DESCRIPTION	GENERIC_RELEVANT; coverage=GAP_PRESENT; ownership=STORE_GENERIC; observed slices=1.	0.72	YES
1636048691	1119965443	талисман от сглаза в машину	GENERIC_RELEVANT	1.0	0.0	855.0	GAP_PRESENT	GAP_PRESENT	LOW	FAMILY_CANDIDATE	LONG_DESCRIPTION	GENERIC_RELEVANT; coverage=GAP_PRESENT; ownership=FAMILY_SHARED; observed slices=1.	0.76	YES
1636048691	1119965443	талисманы	GENERIC_RELEVANT	23.0	0.0	0.0	GAP_PRESENT	GAP_PRESENT	LOW	FAMILY_CANDIDATE	LONG_DESCRIPTION	GENERIC_RELEVANT; coverage=GAP_PRESENT; ownership=STORE_GENERIC; observed slices=1.	0.72	YES
1636048691	1119965443	толстовка велес	NEIGHBOR_PRODUCT	1.0	0.0	1160.11	NOT_APPLICABLE	NOT_APPLICABLE	LOW	REJECT_NEIGHBOR	NONE	NEIGHBOR_PRODUCT; coverage=NOT_APPLICABLE; ownership=EXCLUDED; observed slices=1.	0.96	NO
1636048691	1119965443	четки амулет в машину	GENERIC_RELEVANT	1.0	0.0	879.0	GAP_PRESENT	GAP_PRESENT	LOW	FAMILY_CANDIDATE	LONG_DESCRIPTION	GENERIC_RELEVANT; coverage=GAP_PRESENT; ownership=FAMILY_SHARED; observed slices=2.	0.76	YES
1636048691	1119965443	четки в автомобиль славянские	FAMILY_RELEVANT	3.0	0.0	1265.0	GAP_PRESENT	GAP_PRESENT	LOW	FAMILY_CANDIDATE	LONG_DESCRIPTION	FAMILY_RELEVANT; coverage=GAP_PRESENT; ownership=FAMILY_SHARED; observed slices=1.	0.86	YES
1636048691	1119965443	четки славянские	FAMILY_RELEVANT	13.0	0.0	1739.0	GAP_PRESENT	GAP_PRESENT	LOW	FAMILY_CANDIDATE	LONG_DESCRIPTION	FAMILY_RELEVANT; coverage=GAP_PRESENT; ownership=FAMILY_SHARED; observed slices=1.	0.86	YES
1636048691	1119965443	эзотерика	AMBIGUOUS_HOLD	1730.0	0.0	0.0	GAP_PRESENT	GAP_PRESENT	MEDIUM	HOLD_AMBIGUOUS	HOLD	AMBIGUOUS_HOLD; coverage=GAP_PRESENT; ownership=UNCLEAR; observed slices=1.	0.42	YES
1640251697	1124658338	абирег в машину	GENERIC_RELEVANT	2.0	0.0	0.0	GAP_PRESENT	GAP_PRESENT	LOW	FAMILY_CANDIDATE	LONG_DESCRIPTION	GENERIC_RELEVANT; coverage=GAP_PRESENT; ownership=FAMILY_SHARED; observed slices=1.	0.76	YES
1640251697	1124658338	авто подвеска на зеркало	GENERIC_RELEVANT	2.0	0.0	0.0	GAP_PRESENT	GAP_PRESENT	LOW	FAMILY_CANDIDATE	LONG_DESCRIPTION	GENERIC_RELEVANT; coverage=GAP_PRESENT; ownership=STORE_GENERIC; observed slices=1.	0.76	YES
1640251697	1124658338	акриловые крест	EXACT_PRODUCT	1.0	0.0	0.0	PARTIAL_GAP	PARTIAL_GAP	LOW	READY_CANDIDATE	LONG_DESCRIPTION	EXACT_PRODUCT; coverage=PARTIAL_GAP; ownership=SKU_SPECIFIC; observed slices=1.	0.95	YES
1640251697	1124658338	аксессуары в машину подвесаа зеркал барабан	GENERIC_RELEVANT	0.0	0.0	0.0	GAP_PRESENT	GAP_PRESENT	LOW	FAMILY_CANDIDATE	LONG_DESCRIPTION	GENERIC_RELEVANT; coverage=GAP_PRESENT; ownership=STORE_GENERIC; observed slices=1.	0.76	YES
1640251697	1124658338	алатырь	EXACT_PRODUCT	483.0	0.0	0.0	NO_GAP	NO_GAP	LOW	NO_CHANGE	NONE	EXACT_PRODUCT; coverage=NO_GAP; ownership=SKU_SPECIFIC; observed slices=1.	0.95	NO
1640251697	1124658338	алатырь агат	EXACT_PRODUCT	1.0	0.0	0.0	PARTIAL_GAP	PARTIAL_GAP	LOW	READY_CANDIDATE	LONG_DESCRIPTION	EXACT_PRODUCT; coverage=PARTIAL_GAP; ownership=SKU_SPECIFIC; observed slices=1.	0.95	YES
1640251697	1124658338	алатырь амулет мужской	EXACT_PRODUCT	1.0	0.0	0.0	NO_GAP	NO_GAP	LOW	NO_CHANGE	NONE	EXACT_PRODUCT; coverage=NO_GAP; ownership=SKU_SPECIFIC; observed slices=1.	0.95	NO
1640251697	1124658338	алатырь бляшка	EXACT_PRODUCT	0.0	0.0	0.0	PARTIAL_GAP	PARTIAL_GAP	LOW	READY_CANDIDATE	LONG_DESCRIPTION	EXACT_PRODUCT; coverage=PARTIAL_GAP; ownership=SKU_SPECIFIC; observed slices=1.	0.95	YES
1640251697	1124658338	алатырь большой	EXACT_PRODUCT	1.0	0.0	0.0	NO_GAP	NO_GAP	LOW	NO_CHANGE	NONE	EXACT_PRODUCT; coverage=NO_GAP; ownership=SKU_SPECIFIC; observed slices=1.	0.95	NO
1640251697	1124658338	алатырь в машину	EXACT_PRODUCT	1.0	0.0	670.0	NO_GAP	NO_GAP	LOW	NO_CHANGE	NONE	EXACT_PRODUCT; coverage=NO_GAP; ownership=SKU_SPECIFIC; observed slices=1.	0.95	NO
1640251697	1124658338	алатырь в солнце	EXACT_PRODUCT	4.0	0.0	643.0	PARTIAL_GAP	PARTIAL_GAP	LOW	READY_CANDIDATE	LONG_DESCRIPTION	EXACT_PRODUCT; coverage=PARTIAL_GAP; ownership=SKU_SPECIFIC; observed slices=1.	0.95	YES
1640251697	1124658338	алатырь закладка	EXACT_PRODUCT	2.0	0.0	0.0	PARTIAL_GAP	PARTIAL_GAP	LOW	READY_CANDIDATE	LONG_DESCRIPTION	EXACT_PRODUCT; coverage=PARTIAL_GAP; ownership=SKU_SPECIFIC; observed slices=1.	0.95	YES
1640251697	1124658338	алатырь из дуба	EXACT_PRODUCT	0.0	0.0	0.0	PARTIAL_GAP	PARTIAL_GAP	LOW	READY_CANDIDATE	LONG_DESCRIPTION	EXACT_PRODUCT; coverage=PARTIAL_GAP; ownership=SKU_SPECIFIC; observed slices=1.	0.95	YES
1640251697	1124658338	алатырь из золота	EXACT_PRODUCT	1.0	0.0	0.0	PARTIAL_GAP	PARTIAL_GAP	LOW	READY_CANDIDATE	LONG_DESCRIPTION	EXACT_PRODUCT; coverage=PARTIAL_GAP; ownership=SKU_SPECIFIC; observed slices=1.	0.95	YES
1640251697	1124658338	алатырь кгига	EXACT_PRODUCT	1.0	0.0	0.0	PARTIAL_GAP	PARTIAL_GAP	LOW	READY_CANDIDATE	LONG_DESCRIPTION	EXACT_PRODUCT; coverage=PARTIAL_GAP; ownership=SKU_SPECIFIC; observed slices=1.	0.95	YES
1640251697	1124658338	алатырь п	EXACT_PRODUCT	0.0	0.0	0.0	NO_GAP	NO_GAP	LOW	NO_CHANGE	NONE	EXACT_PRODUCT; coverage=NO_GAP; ownership=SKU_SPECIFIC; observed slices=1.	0.95	NO
1640251697	1124658338	алатырь подве	EXACT_PRODUCT	0.0	0.0	0.0	PARTIAL_GAP	PARTIAL_GAP	LOW	READY_CANDIDATE	LONG_DESCRIPTION	EXACT_PRODUCT; coverage=PARTIAL_GAP; ownership=SKU_SPECIFIC; observed slices=1.	0.95	YES
1640251697	1124658338	алатырь пьютер	EXACT_PRODUCT	1.0	0.0	0.0	PARTIAL_GAP	PARTIAL_GAP	LOW	READY_CANDIDATE	LONG_DESCRIPTION	EXACT_PRODUCT; coverage=PARTIAL_GAP; ownership=SKU_SPECIFIC; observed slices=1.	0.95	YES
1640251697	1124658338	алатырь талисман	EXACT_PRODUCT	0.0	0.0	0.0	NO_GAP	NO_GAP	LOW	NO_CHANGE	NONE	EXACT_PRODUCT; coverage=NO_GAP; ownership=SKU_SPECIFIC; observed slices=1.	0.95	NO
1640251697	1124658338	алатырь штамп	EXACT_PRODUCT	1.0	0.0	0.0	PARTIAL_GAP	PARTIAL_GAP	LOW	READY_CANDIDATE	LONG_DESCRIPTION	EXACT_PRODUCT; coverage=PARTIAL_GAP; ownership=SKU_SPECIFIC; observed slices=1.	0.95	YES
1640251697	1124658338	алтырь деревянный большой	AMBIGUOUS_HOLD	0.0	0.0	0.0	GAP_PRESENT	GAP_PRESENT	MEDIUM	HOLD_AMBIGUOUS	HOLD	AMBIGUOUS_HOLD; coverage=GAP_PRESENT; ownership=UNCLEAR; observed slices=1.	0.42	YES
1640251697	1124658338	алтырь славянских богов	FAMILY_RELEVANT	0.0	0.0	0.0	GAP_PRESENT	GAP_PRESENT	LOW	FAMILY_CANDIDATE	LONG_DESCRIPTION	FAMILY_RELEVANT; coverage=GAP_PRESENT; ownership=FAMILY_SHARED; observed slices=1.	0.86	YES
1640251697	1124658338	амулет	GENERIC_RELEVANT	676.0	0.0	0.0	GAP_PRESENT	GAP_PRESENT	LOW	FAMILY_CANDIDATE	LONG_DESCRIPTION	GENERIC_RELEVANT; coverage=GAP_PRESENT; ownership=STORE_GENERIC; observed slices=1.	0.72	YES
1640251697	1124658338	амулеты обереги и талисманы	GENERIC_RELEVANT	769.0	0.0	0.0	GAP_PRESENT	GAP_PRESENT	LOW	FAMILY_CANDIDATE	LONG_DESCRIPTION	GENERIC_RELEVANT; coverage=GAP_PRESENT; ownership=STORE_GENERIC; observed slices=2.	0.72	YES
1640251697	1124658338	амулеты обереги и талисманы зеркалр	GENERIC_RELEVANT	0.0	0.0	0.0	GAP_PRESENT	GAP_PRESENT	LOW	FAMILY_CANDIDATE	LONG_DESCRIPTION	GENERIC_RELEVANT; coverage=GAP_PRESENT; ownership=STORE_GENERIC; observed slices=1.	0.76	YES
1640251697	1124658338	армянский кругдый крест аревахач в машину на зеркало	EXACT_PRODUCT	0.0	0.0	0.0	PARTIAL_GAP	PARTIAL_GAP	LOW	READY_CANDIDATE	LONG_DESCRIPTION	EXACT_PRODUCT; coverage=PARTIAL_GAP; ownership=SKU_SPECIFIC; observed slices=1.	0.95	YES
1640251697	1124658338	звезда сварога подвеска	EXACT_PRODUCT	8.0	0.0	0.0	PARTIAL_GAP	PARTIAL_GAP	LOW	READY_CANDIDATE	LONG_DESCRIPTION	EXACT_PRODUCT; coverage=PARTIAL_GAP; ownership=SKU_SPECIFIC; observed slices=1.	0.95	YES
1640251697	1124658338	зеркало подвеска	GENERIC_RELEVANT	16.0	0.0	772.0	GAP_PRESENT	GAP_PRESENT	LOW	FAMILY_CANDIDATE	LONG_DESCRIPTION	GENERIC_RELEVANT; coverage=GAP_PRESENT; ownership=STORE_GENERIC; observed slices=1.	0.76	YES
1640251697	1124658338	зеркало с подвеской	GENERIC_RELEVANT	4.0	0.0	0.0	GAP_PRESENT	GAP_PRESENT	LOW	FAMILY_CANDIDATE	LONG_DESCRIPTION	GENERIC_RELEVANT; coverage=GAP_PRESENT; ownership=FAMILY_SHARED; observed slices=1.	0.76	YES
1640251697	1124658338	коловрат	AMBIGUOUS_HOLD	1669.0	0.0	0.0	GAP_PRESENT	GAP_PRESENT	MEDIUM	HOLD_AMBIGUOUS	HOLD	AMBIGUOUS_HOLD; coverage=GAP_PRESENT; ownership=UNCLEAR; observed slices=1.	0.42	YES
1640251697	1124658338	коловрат подвеска	GENERIC_RELEVANT	361.0	0.0	0.0	GAP_PRESENT	GAP_PRESENT	LOW	FAMILY_CANDIDATE	LONG_DESCRIPTION	GENERIC_RELEVANT; coverage=GAP_PRESENT; ownership=STORE_GENERIC; observed slices=1.	0.72	YES
1640251697	1124658338	крестик деревянный в машину	GENERIC_RELEVANT	2.0	0.0	0.0	GAP_PRESENT	GAP_PRESENT	LOW	FAMILY_CANDIDATE	LONG_DESCRIPTION	GENERIC_RELEVANT; coverage=GAP_PRESENT; ownership=FAMILY_SHARED; observed slices=1.	0.76	YES
1640251697	1124658338	мужчине на день рождения	AMBIGUOUS_HOLD	0.0	0.0	0.0	GAP_PRESENT	GAP_PRESENT	MEDIUM	HOLD_AMBIGUOUS	HOLD	AMBIGUOUS_HOLD; coverage=GAP_PRESENT; ownership=UNCLEAR; observed slices=1.	0.42	YES
1640251697	1124658338	оберег	GENERIC_RELEVANT	2961.0	0.0	0.0	GAP_PRESENT	GAP_PRESENT	LOW	FAMILY_CANDIDATE	LONG_DESCRIPTION	GENERIC_RELEVANT; coverage=GAP_PRESENT; ownership=STORE_GENERIC; observed slices=1.	0.72	YES
1640251697	1124658338	оберег в машину	GENERIC_RELEVANT	1190.0	0.0	0.0	GAP_PRESENT	GAP_PRESENT	LOW	FAMILY_CANDIDATE	LONG_DESCRIPTION	GENERIC_RELEVANT; coverage=GAP_PRESENT; ownership=STORE_GENERIC; observed slices=1.	0.76	YES
1640251697	1124658338	оберег для дома	GENERIC_RELEVANT	2285.0	0.0	0.0	GAP_PRESENT	GAP_PRESENT	LOW	FAMILY_CANDIDATE	LONG_DESCRIPTION	GENERIC_RELEVANT; coverage=GAP_PRESENT; ownership=FAMILY_SHARED; observed slices=1.	0.72	YES
1640251697	1124658338	оберег от сглаза и порчи	GENERIC_RELEVANT	350.0	0.0	671.0	GAP_PRESENT	GAP_PRESENT	LOW	FAMILY_CANDIDATE	LONG_DESCRIPTION	GENERIC_RELEVANT; coverage=GAP_PRESENT; ownership=STORE_GENERIC; observed slices=2.	0.72	YES
1640251697	1124658338	оберег сварога	EXACT_PRODUCT	15.0	0.0	1446.0	NO_GAP	NO_GAP	LOW	NO_CHANGE	NONE	EXACT_PRODUCT; coverage=NO_GAP; ownership=SKU_SPECIFIC; observed slices=1.	0.95	NO
1640251697	1124658338	подарок женщине	AMBIGUOUS_HOLD	1836.0	0.0	0.0	GAP_PRESENT	GAP_PRESENT	MEDIUM	HOLD_AMBIGUOUS	HOLD	AMBIGUOUS_HOLD; coverage=GAP_PRESENT; ownership=UNCLEAR; observed slices=1.	0.42	YES
1640251697	1124658338	подарок мужчине	AMBIGUOUS_HOLD	1934.0	0.0	0.0	GAP_PRESENT	GAP_PRESENT	MEDIUM	HOLD_AMBIGUOUS	HOLD	AMBIGUOUS_HOLD; coverage=GAP_PRESENT; ownership=UNCLEAR; observed slices=1.	0.42	YES
1640251697	1124658338	подарочный набор для женщин	AMBIGUOUS_HOLD	1746.0	0.0	0.0	GAP_PRESENT	GAP_PRESENT	MEDIUM	HOLD_AMBIGUOUS	HOLD	AMBIGUOUS_HOLD; coverage=GAP_PRESENT; ownership=UNCLEAR; observed slices=1.	0.42	YES
1640251697	1124658338	подвеска в машину	GENERIC_RELEVANT	3171.0	0.0	0.0	GAP_PRESENT	GAP_PRESENT	LOW	FAMILY_CANDIDATE	LONG_DESCRIPTION	GENERIC_RELEVANT; coverage=GAP_PRESENT; ownership=STORE_GENERIC; observed slices=1.	0.76	YES
1640251697	1124658338	подвеска в машину на зеркало	GENERIC_RELEVANT	0.0	0.0	0.0	GAP_PRESENT	GAP_PRESENT	LOW	FAMILY_CANDIDATE	LONG_DESCRIPTION	GENERIC_RELEVANT; coverage=GAP_PRESENT; ownership=STORE_GENERIC; observed slices=1.	0.76	YES
1640251697	1124658338	подвеска в машину семья	GENERIC_RELEVANT	1.0	0.0	639.0	GAP_PRESENT	GAP_PRESENT	LOW	FAMILY_CANDIDATE	LONG_DESCRIPTION	GENERIC_RELEVANT; coverage=GAP_PRESENT; ownership=FAMILY_SHARED; observed slices=1.	0.76	YES
1640251697	1124658338	подвеска мужская оберег	GENERIC_RELEVANT	2.0	0.0	0.0	GAP_PRESENT	GAP_PRESENT	LOW	FAMILY_CANDIDATE	LONG_DESCRIPTION	GENERIC_RELEVANT; coverage=GAP_PRESENT; ownership=FAMILY_SHARED; observed slices=1.	0.72	YES
1640251697	1124658338	подвеска на зеркало в машину	GENERIC_RELEVANT	1222.0	0.0	0.0	GAP_PRESENT	GAP_PRESENT	LOW	FAMILY_CANDIDATE	LONG_DESCRIPTION	GENERIC_RELEVANT; coverage=GAP_PRESENT; ownership=STORE_GENERIC; observed slices=1.	0.76	YES
1640251697	1124658338	подвеска на зеркало для автомобиля	GENERIC_RELEVANT	2.0	0.0	0.0	GAP_PRESENT	GAP_PRESENT	LOW	FAMILY_CANDIDATE	LONG_DESCRIPTION	GENERIC_RELEVANT; coverage=GAP_PRESENT; ownership=STORE_GENERIC; observed slices=1.	0.76	YES
1640251697	1124658338	сварочник сварог	NEIGHBOR_PRODUCT	3.0	0.0	0.0	NOT_APPLICABLE	NOT_APPLICABLE	LOW	REJECT_NEIGHBOR	NONE	NEIGHBOR_PRODUCT; coverage=NOT_APPLICABLE; ownership=EXCLUDED; observed slices=1.	0.96	NO
1640251697	1124658338	славянские обереги	FAMILY_RELEVANT	1109.0	0.0	0.0	GAP_PRESENT	GAP_PRESENT	LOW	FAMILY_CANDIDATE	LONG_DESCRIPTION	FAMILY_RELEVANT; coverage=GAP_PRESENT; ownership=FAMILY_SHARED; observed slices=3.	0.86	YES
1640251697	1124658338	славянские обереги мужские на шею	FAMILY_RELEVANT	23.0	0.0	0.0	GAP_PRESENT	GAP_PRESENT	LOW	FAMILY_CANDIDATE	LONG_DESCRIPTION	FAMILY_RELEVANT; coverage=GAP_PRESENT; ownership=FAMILY_SHARED; observed slices=1.	0.86	YES
1640251697	1124658338	славянскиеобереги	FAMILY_RELEVANT	0.0	0.0	0.0	GAP_PRESENT	GAP_PRESENT	LOW	FAMILY_CANDIDATE	LONG_DESCRIPTION	FAMILY_RELEVANT; coverage=GAP_PRESENT; ownership=FAMILY_SHARED; observed slices=1.	0.86	YES
1640251697	1124658338	славянский оберег мужской в автомобиль на зеркало алатырь	EXACT_PRODUCT	1.0	0.0	815.0	NO_GAP	NO_GAP	LOW	NO_CHANGE	NONE	EXACT_PRODUCT; coverage=NO_GAP; ownership=SKU_SPECIFIC; observed slices=1.	0.95	NO
1640251697	1124658338	славянский оберег от сглаза для ребенка	FAMILY_RELEVANT	1.0	0.0	575.0	GAP_PRESENT	GAP_PRESENT	LOW	FAMILY_CANDIDATE	LONG_DESCRIPTION	FAMILY_RELEVANT; coverage=GAP_PRESENT; ownership=FAMILY_SHARED; observed slices=1.	0.86	YES
1640251697	1124658338	славянский оберег подвеска солнце	FAMILY_RELEVANT	2.0	0.0	0.0	GAP_PRESENT	GAP_PRESENT	LOW	FAMILY_CANDIDATE	LONG_DESCRIPTION	FAMILY_RELEVANT; coverage=GAP_PRESENT; ownership=FAMILY_SHARED; observed slices=1.	0.86	YES
1640251697	1124658338	эзотерика	AMBIGUOUS_HOLD	75.0	0.0	0.0	GAP_PRESENT	GAP_PRESENT	MEDIUM	HOLD_AMBIGUOUS	HOLD	AMBIGUOUS_HOLD; coverage=GAP_PRESENT; ownership=UNCLEAR; observed slices=1.	0.42	YES
1640251697	1124658338	эзотерика украшения	GENERIC_RELEVANT	3.0	0.0	0.0	GAP_PRESENT	GAP_PRESENT	LOW	FAMILY_CANDIDATE	LONG_DESCRIPTION	GENERIC_RELEVANT; coverage=GAP_PRESENT; ownership=FAMILY_SHARED; observed slices=1.	0.72	YES
1640264403	1124673031	автооберег в машину	GENERIC_RELEVANT	1.0	0.0	0.0	GAP_PRESENT	GAP_PRESENT	LOW	FAMILY_CANDIDATE	LONG_DESCRIPTION	GENERIC_RELEVANT; coverage=GAP_PRESENT; ownership=FAMILY_SHARED; observed slices=1.	0.76	YES
1640264403	1124673031	амулет	GENERIC_RELEVANT	432.0	0.0	0.0	GAP_PRESENT	GAP_PRESENT	LOW	FAMILY_CANDIDATE	LONG_DESCRIPTION	GENERIC_RELEVANT; coverage=GAP_PRESENT; ownership=STORE_GENERIC; observed slices=1.	0.72	YES
1640264403	1124673031	амулет бога перун	NEIGHBOR_PRODUCT	1.0	0.0	0.0	NOT_APPLICABLE	NOT_APPLICABLE	LOW	REJECT_NEIGHBOR	NONE	NEIGHBOR_PRODUCT; coverage=NOT_APPLICABLE; ownership=EXCLUDED; observed slices=1.	0.96	NO
1640264403	1124673031	блестящий брелок в машину на зеркало ведьмочка	GENERIC_RELEVANT	1.0	0.0	0.0	GAP_PRESENT	GAP_PRESENT	LOW	FAMILY_CANDIDATE	LONG_DESCRIPTION	GENERIC_RELEVANT; coverage=GAP_PRESENT; ownership=STORE_GENERIC; observed slices=1.	0.76	YES
1640264403	1124673031	брелок в машину на зеркало пушистики	GENERIC_RELEVANT	0.0	0.0	0.0	GAP_PRESENT	GAP_PRESENT	LOW	FAMILY_CANDIDATE	LONG_DESCRIPTION	GENERIC_RELEVANT; coverage=GAP_PRESENT; ownership=STORE_GENERIC; observed slices=1.	0.76	YES
1640264403	1124673031	брелок летящий ангел в машину на зеркало	GENERIC_RELEVANT	1.0	0.0	0.0	GAP_PRESENT	GAP_PRESENT	LOW	FAMILY_CANDIDATE	LONG_DESCRIPTION	GENERIC_RELEVANT; coverage=GAP_PRESENT; ownership=FAMILY_SHARED; observed slices=1.	0.76	YES
1640264403	1124673031	бусина от сглаза на зеркало машины	GENERIC_RELEVANT	0.0	0.0	0.0	GAP_PRESENT	GAP_PRESENT	LOW	FAMILY_CANDIDATE	LONG_DESCRIPTION	GENERIC_RELEVANT; coverage=GAP_PRESENT; ownership=STORE_GENERIC; observed slices=1.	0.76	YES
1640264403	1124673031	висюльки в машину на зеркало череп обезьяна	GENERIC_RELEVANT	1.0	0.0	0.0	GAP_PRESENT	GAP_PRESENT	LOW	FAMILY_CANDIDATE	LONG_DESCRIPTION	GENERIC_RELEVANT; coverage=GAP_PRESENT; ownership=STORE_GENERIC; observed slices=1.	0.76	YES
1640264403	1124673031	ворон оберег	GENERIC_RELEVANT	1.0	0.0	0.0	GAP_PRESENT	GAP_PRESENT	LOW	FAMILY_CANDIDATE	LONG_DESCRIPTION	GENERIC_RELEVANT; coverage=GAP_PRESENT; ownership=FAMILY_SHARED; observed slices=1.	0.72	YES
1640264403	1124673031	вто триглав	EXACT_PRODUCT	0.0	0.0	0.0	PARTIAL_GAP	PARTIAL_GAP	LOW	READY_CANDIDATE	LONG_DESCRIPTION	EXACT_PRODUCT; coverage=PARTIAL_GAP; ownership=SKU_SPECIFIC; observed slices=1.	0.95	YES
1640264403	1124673031	дополнительные зеркала на учебную машину	GENERIC_RELEVANT	1.0	0.0	0.0	GAP_PRESENT	GAP_PRESENT	LOW	FAMILY_CANDIDATE	LONG_DESCRIPTION	GENERIC_RELEVANT; coverage=GAP_PRESENT; ownership=FAMILY_SHARED; observed slices=1.	0.76	YES
1640264403	1124673031	дух оберег	GENERIC_RELEVANT	1.0	0.0	0.0	GAP_PRESENT	GAP_PRESENT	LOW	FAMILY_CANDIDATE	LONG_DESCRIPTION	GENERIC_RELEVANT; coverage=GAP_PRESENT; ownership=STORE_GENERIC; observed slices=1.	0.72	YES
1640264403	1124673031	зеркало обгона для праворуких машин	GENERIC_RELEVANT	1.0	0.0	0.0	GAP_PRESENT	GAP_PRESENT	LOW	FAMILY_CANDIDATE	LONG_DESCRIPTION	GENERIC_RELEVANT; coverage=GAP_PRESENT; ownership=STORE_GENERIC; observed slices=1.	0.76	YES
1640264403	1124673031	из дерева подвеска	GENERIC_RELEVANT	0.0	0.0	0.0	GAP_PRESENT	GAP_PRESENT	LOW	FAMILY_CANDIDATE	LONG_DESCRIPTION	GENERIC_RELEVANT; coverage=GAP_PRESENT; ownership=STORE_GENERIC; observed slices=1.	0.72	YES
1640264403	1124673031	коловрат	AMBIGUOUS_HOLD	1288.0	0.0	0.0	GAP_PRESENT	GAP_PRESENT	MEDIUM	HOLD_AMBIGUOUS	HOLD	AMBIGUOUS_HOLD; coverage=GAP_PRESENT; ownership=UNCLEAR; observed slices=1.	0.42	YES
1640264403	1124673031	комплект	AMBIGUOUS_HOLD	3093.0	0.0	0.0	GAP_PRESENT	GAP_PRESENT	MEDIUM	HOLD_AMBIGUOUS	HOLD	AMBIGUOUS_HOLD; coverage=GAP_PRESENT; ownership=UNCLEAR; observed slices=1.	0.42	YES
1640264403	1124673031	купить амулет	GENERIC_RELEVANT	1.0	0.0	0.0	GAP_PRESENT	GAP_PRESENT	LOW	FAMILY_CANDIDATE	LONG_DESCRIPTION	GENERIC_RELEVANT; coverage=GAP_PRESENT; ownership=FAMILY_SHARED; observed slices=1.	0.72	YES
1640264403	1124673031	на зеркало автомобиля подвеска красная	GENERIC_RELEVANT	0.0	0.0	0.0	GAP_PRESENT	GAP_PRESENT	LOW	FAMILY_CANDIDATE	LONG_DESCRIPTION	GENERIC_RELEVANT; coverage=GAP_PRESENT; ownership=STORE_GENERIC; observed slices=1.	0.76	YES
1640264403	1124673031	набор	AMBIGUOUS_HOLD	21015.0	0.0	0.0	GAP_PRESENT	GAP_PRESENT	MEDIUM	HOLD_AMBIGUOUS	HOLD	AMBIGUOUS_HOLD; coverage=GAP_PRESENT; ownership=UNCLEAR; observed slices=1.	0.42	YES
1640264403	1124673031	набор для творчества	AMBIGUOUS_HOLD	1007.0	0.0	0.0	GAP_PRESENT	GAP_PRESENT	MEDIUM	HOLD_AMBIGUOUS	HOLD	AMBIGUOUS_HOLD; coverage=GAP_PRESENT; ownership=UNCLEAR; observed slices=1.	0.42	YES
1640264403	1124673031	о.берег в машину	GENERIC_RELEVANT	1.0	0.0	0.0	GAP_PRESENT	GAP_PRESENT	LOW	FAMILY_CANDIDATE	LONG_DESCRIPTION	GENERIC_RELEVANT; coverage=GAP_PRESENT; ownership=STORE_GENERIC; observed slices=1.	0.76	YES
1640264403	1124673031	оберег	GENERIC_RELEVANT	1487.0	0.0	0.0	GAP_PRESENT	GAP_PRESENT	LOW	FAMILY_CANDIDATE	LONG_DESCRIPTION	GENERIC_RELEVANT; coverage=GAP_PRESENT; ownership=STORE_GENERIC; observed slices=1.	0.72	YES
1640264403	1124673031	оберег в машину	GENERIC_RELEVANT	613.0	0.0	0.0	GAP_PRESENT	GAP_PRESENT	LOW	FAMILY_CANDIDATE	LONG_DESCRIPTION	GENERIC_RELEVANT; coverage=GAP_PRESENT; ownership=STORE_GENERIC; observed slices=1.	0.76	YES
1640264403	1124673031	оберег в машину женский	GENERIC_RELEVANT	4.0	0.0	0.0	GAP_PRESENT	GAP_PRESENT	LOW	FAMILY_CANDIDATE	LONG_DESCRIPTION	GENERIC_RELEVANT; coverage=GAP_PRESENT; ownership=STORE_GENERIC; observed slices=1.	0.76	YES
1640264403	1124673031	оберег в машину колаврат	GENERIC_RELEVANT	0.0	0.0	0.0	GAP_PRESENT	GAP_PRESENT	LOW	FAMILY_CANDIDATE	LONG_DESCRIPTION	GENERIC_RELEVANT; coverage=GAP_PRESENT; ownership=STORE_GENERIC; observed slices=1.	0.76	YES
1640264403	1124673031	оберег в машину на зеркало женский	GENERIC_RELEVANT	0.0	0.0	0.0	GAP_PRESENT	GAP_PRESENT	LOW	FAMILY_CANDIDATE	LONG_DESCRIPTION	GENERIC_RELEVANT; coverage=GAP_PRESENT; ownership=STORE_GENERIC; observed slices=1.	0.76	YES
1640264403	1124673031	оберег в машину славянский	FAMILY_RELEVANT	16.0	0.0	1367.0	GAP_PRESENT	GAP_PRESENT	LOW	FAMILY_CANDIDATE	LONG_DESCRIPTION	FAMILY_RELEVANT; coverage=GAP_PRESENT; ownership=FAMILY_SHARED; observed slices=1.	0.86	YES
1640264403	1124673031	оберег в машину славянский на деньги	FAMILY_RELEVANT	1.0	0.0	0.0	GAP_PRESENT	GAP_PRESENT	LOW	FAMILY_CANDIDATE	LONG_DESCRIPTION	FAMILY_RELEVANT; coverage=GAP_PRESENT; ownership=FAMILY_SHARED; observed slices=1.	0.86	YES
1640264403	1124673031	оберег для авто	GENERIC_RELEVANT	3.0	0.0	0.0	GAP_PRESENT	GAP_PRESENT	LOW	FAMILY_CANDIDATE	LONG_DESCRIPTION	GENERIC_RELEVANT; coverage=GAP_PRESENT; ownership=STORE_GENERIC; observed slices=1.	0.76	YES
1640264403	1124673031	оберег от сглаза и порчи	GENERIC_RELEVANT	577.0	0.0	0.0	GAP_PRESENT	GAP_PRESENT	LOW	FAMILY_CANDIDATE	LONG_DESCRIPTION	GENERIC_RELEVANT; coverage=GAP_PRESENT; ownership=STORE_GENERIC; observed slices=1.	0.72	YES
1640264403	1124673031	обереготсглаза	GENERIC_RELEVANT	0.0	0.0	0.0	GAP_PRESENT	GAP_PRESENT	LOW	FAMILY_CANDIDATE	LONG_DESCRIPTION	GENERIC_RELEVANT; coverage=GAP_PRESENT; ownership=STORE_GENERIC; observed slices=1.	0.72	YES
1640264403	1124673031	от сглаза	GENERIC_RELEVANT	501.0	0.0	0.0	GAP_PRESENT	GAP_PRESENT	LOW	FAMILY_CANDIDATE	LONG_DESCRIPTION	GENERIC_RELEVANT; coverage=GAP_PRESENT; ownership=STORE_GENERIC; observed slices=1.	0.72	YES
1640264403	1124673031	пахучка в машину висюлька на зеркало бумажная	GENERIC_RELEVANT	0.0	0.0	0.0	GAP_PRESENT	GAP_PRESENT	LOW	FAMILY_CANDIDATE	LONG_DESCRIPTION	GENERIC_RELEVANT; coverage=GAP_PRESENT; ownership=STORE_GENERIC; observed slices=1.	0.76	YES
1640264403	1124673031	перун	NEIGHBOR_PRODUCT	488.0	0.0	0.0	NOT_APPLICABLE	NOT_APPLICABLE	LOW	REJECT_NEIGHBOR	NONE	NEIGHBOR_PRODUCT; coverage=NOT_APPLICABLE; ownership=SKU_SPECIFIC; observed slices=1.	0.96	NO
1640264403	1124673031	перун в машину	NEIGHBOR_PRODUCT	0.0	0.0	0.0	NOT_APPLICABLE	NOT_APPLICABLE	LOW	REJECT_NEIGHBOR	NONE	NEIGHBOR_PRODUCT; coverage=NOT_APPLICABLE; ownership=EXCLUDED; observed slices=1.	0.96	NO
1640264403	1124673031	перуница оберег	GENERIC_RELEVANT	6.0	0.0	0.0	GAP_PRESENT	GAP_PRESENT	LOW	FAMILY_CANDIDATE	LONG_DESCRIPTION	GENERIC_RELEVANT; coverage=GAP_PRESENT; ownership=FAMILY_SHARED; observed slices=1.	0.72	YES
1640264403	1124673031	подарок	AMBIGUOUS_HOLD	3413.0	0.0	0.0	GAP_PRESENT	GAP_PRESENT	MEDIUM	HOLD_AMBIGUOUS	HOLD	AMBIGUOUS_HOLD; coverage=GAP_PRESENT; ownership=UNCLEAR; observed slices=1.	0.42	YES
1640264403	1124673031	подвеска в виде бесконечности	GENERIC_RELEVANT	1.0	0.0	0.0	GAP_PRESENT	GAP_PRESENT	LOW	FAMILY_CANDIDATE	LONG_DESCRIPTION	GENERIC_RELEVANT; coverage=GAP_PRESENT; ownership=FAMILY_SHARED; observed slices=1.	0.72	YES
1640264403	1124673031	подвеска в машину	GENERIC_RELEVANT	3171.0	0.0	0.0	GAP_PRESENT	GAP_PRESENT	LOW	FAMILY_CANDIDATE	LONG_DESCRIPTION	GENERIC_RELEVANT; coverage=GAP_PRESENT; ownership=STORE_GENERIC; observed slices=2.	0.76	YES
1640264403	1124673031	подвеска в машину на зеркало	GENERIC_RELEVANT	914.0	0.0	0.0	GAP_PRESENT	GAP_PRESENT	LOW	FAMILY_CANDIDATE	LONG_DESCRIPTION	GENERIC_RELEVANT; coverage=GAP_PRESENT; ownership=STORE_GENERIC; observed slices=1.	0.76	YES
1640264403	1124673031	подвеска в машину на зеркало коловрат	GENERIC_RELEVANT	0.0	0.0	0.0	GAP_PRESENT	GAP_PRESENT	LOW	FAMILY_CANDIDATE	LONG_DESCRIPTION	GENERIC_RELEVANT; coverage=GAP_PRESENT; ownership=FAMILY_SHARED; observed slices=1.	0.76	YES
1640264403	1124673031	подвеска в машину на зеркало мусульманская сердечка	GENERIC_RELEVANT	0.0	0.0	0.0	GAP_PRESENT	GAP_PRESENT	LOW	FAMILY_CANDIDATE	LONG_DESCRIPTION	GENERIC_RELEVANT; coverage=GAP_PRESENT; ownership=FAMILY_SHARED; observed slices=1.	0.76	YES
1640264403	1124673031	подвеска в машину на зеркало оберег	GENERIC_RELEVANT	3.0	0.0	0.0	GAP_PRESENT	GAP_PRESENT	LOW	FAMILY_CANDIDATE	LONG_DESCRIPTION	GENERIC_RELEVANT; coverage=GAP_PRESENT; ownership=STORE_GENERIC; observed slices=1.	0.76	YES
1640264403	1124673031	подвеска в машину на зеркало руна	GENERIC_RELEVANT	0.0	0.0	0.0	GAP_PRESENT	GAP_PRESENT	LOW	FAMILY_CANDIDATE	LONG_DESCRIPTION	GENERIC_RELEVANT; coverage=GAP_PRESENT; ownership=STORE_GENERIC; observed slices=1.	0.76	YES
1640264403	1124673031	подвеска на зеркало авто валенки	GENERIC_RELEVANT	1.0	0.0	0.0	GAP_PRESENT	GAP_PRESENT	LOW	FAMILY_CANDIDATE	LONG_DESCRIPTION	GENERIC_RELEVANT; coverage=GAP_PRESENT; ownership=FAMILY_SHARED; observed slices=1.	0.76	YES
1640264403	1124673031	подвеска на зеркало в машину	GENERIC_RELEVANT	1017.0	0.0	0.0	GAP_PRESENT	GAP_PRESENT	LOW	FAMILY_CANDIDATE	LONG_DESCRIPTION	GENERIC_RELEVANT; coverage=GAP_PRESENT; ownership=STORE_GENERIC; observed slices=1.	0.76	YES
1640264403	1124673031	подвеска на зеркало в машину купола	GENERIC_RELEVANT	1.0	0.0	0.0	GAP_PRESENT	GAP_PRESENT	LOW	FAMILY_CANDIDATE	LONG_DESCRIPTION	GENERIC_RELEVANT; coverage=GAP_PRESENT; ownership=STORE_GENERIC; observed slices=1.	0.76	YES
1640264403	1124673031	подвеска на зеркало машины лапа тигра	GENERIC_RELEVANT	1.0	0.0	0.0	GAP_PRESENT	GAP_PRESENT	LOW	FAMILY_CANDIDATE	LONG_DESCRIPTION	GENERIC_RELEVANT; coverage=GAP_PRESENT; ownership=FAMILY_SHARED; observed slices=1.	0.76	YES
1640264403	1124673031	подвеска от сглаза	GENERIC_RELEVANT	16.0	0.0	0.0	GAP_PRESENT	GAP_PRESENT	LOW	FAMILY_CANDIDATE	LONG_DESCRIPTION	GENERIC_RELEVANT; coverage=GAP_PRESENT; ownership=FAMILY_SHARED; observed slices=1.	0.72	YES
1640264403	1124673031	пушистая игрушка в машину на зеркало котенок	GENERIC_RELEVANT	1.0	0.0	0.0	GAP_PRESENT	GAP_PRESENT	LOW	FAMILY_CANDIDATE	LONG_DESCRIPTION	GENERIC_RELEVANT; coverage=GAP_PRESENT; ownership=FAMILY_SHARED; observed slices=1.	0.76	YES
1640264403	1124673031	славянская подвеска оберег	FAMILY_RELEVANT	1.0	0.0	0.0	GAP_PRESENT	GAP_PRESENT	LOW	FAMILY_CANDIDATE	LONG_DESCRIPTION	FAMILY_RELEVANT; coverage=GAP_PRESENT; ownership=FAMILY_SHARED; observed slices=1.	0.86	YES
1640264403	1124673031	славянские обереги	FAMILY_RELEVANT	615.0	0.0	0.0	GAP_PRESENT	GAP_PRESENT	LOW	FAMILY_CANDIDATE	LONG_DESCRIPTION	FAMILY_RELEVANT; coverage=GAP_PRESENT; ownership=FAMILY_SHARED; observed slices=2.	0.86	YES
1640264403	1124673031	славянские украшения	FAMILY_RELEVANT	161.0	0.0	0.0	GAP_PRESENT	GAP_PRESENT	LOW	FAMILY_CANDIDATE	LONG_DESCRIPTION	FAMILY_RELEVANT; coverage=GAP_PRESENT; ownership=FAMILY_SHARED; observed slices=1.	0.86	YES
1640264403	1124673031	славянские чуры	FAMILY_RELEVANT	0.0	0.0	0.0	GAP_PRESENT	GAP_PRESENT	LOW	FAMILY_CANDIDATE	LONG_DESCRIPTION	FAMILY_RELEVANT; coverage=GAP_PRESENT; ownership=FAMILY_SHARED; observed slices=1.	0.86	YES
1640264403	1124673031	талисман в машину	GENERIC_RELEVANT	28.0	0.0	0.0	GAP_PRESENT	GAP_PRESENT	LOW	FAMILY_CANDIDATE	LONG_DESCRIPTION	GENERIC_RELEVANT; coverage=GAP_PRESENT; ownership=FAMILY_SHARED; observed slices=1.	0.76	YES
1640264403	1124673031	триглав	EXACT_PRODUCT	16.0	0.0	0.0	NO_GAP	NO_GAP	LOW	NO_CHANGE	NONE	EXACT_PRODUCT; coverage=NO_GAP; ownership=SKU_SPECIFIC; observed slices=1.	0.95	NO
1640264403	1124673031	четки в машину на зеркало	GENERIC_RELEVANT	1.0	0.0	0.0	GAP_PRESENT	GAP_PRESENT	LOW	FAMILY_CANDIDATE	LONG_DESCRIPTION	GENERIC_RELEVANT; coverage=GAP_PRESENT; ownership=STORE_GENERIC; observed slices=1.	0.76	YES
1640264403	1124673031	четки оберег	GENERIC_RELEVANT	1.0	0.0	0.0	GAP_PRESENT	GAP_PRESENT	LOW	FAMILY_CANDIDATE	LONG_DESCRIPTION	GENERIC_RELEVANT; coverage=GAP_PRESENT; ownership=FAMILY_SHARED; observed slices=1.	0.72	YES
1640276582	1124691132	автоподвеска мужска	GENERIC_RELEVANT	0.0	0.0	0.0	GAP_PRESENT	GAP_PRESENT	LOW	FAMILY_CANDIDATE	LONG_DESCRIPTION	GENERIC_RELEVANT; coverage=GAP_PRESENT; ownership=STORE_GENERIC; observed slices=1.	0.76	YES
1640276582	1124691132	брелок в машину на зеркало пушистики	GENERIC_RELEVANT	0.0	0.0	0.0	GAP_PRESENT	GAP_PRESENT	LOW	FAMILY_CANDIDATE	LONG_DESCRIPTION	GENERIC_RELEVANT; coverage=GAP_PRESENT; ownership=STORE_GENERIC; observed slices=1.	0.76	YES
1640276582	1124691132	брелок в машину на зеркало я свободен	GENERIC_RELEVANT	0.0	0.0	0.0	GAP_PRESENT	GAP_PRESENT	LOW	FAMILY_CANDIDATE	LONG_DESCRIPTION	GENERIC_RELEVANT; coverage=GAP_PRESENT; ownership=STORE_GENERIC; observed slices=1.	0.76	YES
1640276582	1124691132	брелок на авто славянская на зеркало	FAMILY_RELEVANT	1.0	0.0	0.0	GAP_PRESENT	GAP_PRESENT	LOW	FAMILY_CANDIDATE	LONG_DESCRIPTION	FAMILY_RELEVANT; coverage=GAP_PRESENT; ownership=FAMILY_SHARED; observed slices=1.	0.86	YES
1640276582	1124691132	бусина от сглаза на зеркало машины	GENERIC_RELEVANT	0.0	0.0	0.0	GAP_PRESENT	GAP_PRESENT	LOW	FAMILY_CANDIDATE	LONG_DESCRIPTION	GENERIC_RELEVANT; coverage=GAP_PRESENT; ownership=STORE_GENERIC; observed slices=1.	0.76	YES
1640276582	1124691132	бусины акриловые народные	AMBIGUOUS_HOLD	1.0	0.0	0.0	GAP_PRESENT	GAP_PRESENT	MEDIUM	HOLD_AMBIGUOUS	HOLD	AMBIGUOUS_HOLD; coverage=GAP_PRESENT; ownership=UNCLEAR; observed slices=1.	0.42	YES
1640276582	1124691132	бусины акриловые от сглаза 12мм	GENERIC_RELEVANT	1.0	0.0	0.0	GAP_PRESENT	GAP_PRESENT	LOW	FAMILY_CANDIDATE	LONG_DESCRIPTION	GENERIC_RELEVANT; coverage=GAP_PRESENT; ownership=STORE_GENERIC; observed slices=1.	0.72	YES
1640276582	1124691132	бусины в машину	GENERIC_RELEVANT	1.0	0.0	0.0	GAP_PRESENT	GAP_PRESENT	LOW	FAMILY_CANDIDATE	LONG_DESCRIPTION	GENERIC_RELEVANT; coverage=GAP_PRESENT; ownership=STORE_GENERIC; observed slices=1.	0.76	YES
1640276582	1124691132	бусины символ дерева 8 мм	AMBIGUOUS_HOLD	1.0	0.0	0.0	GAP_PRESENT	GAP_PRESENT	MEDIUM	HOLD_AMBIGUOUS	HOLD	AMBIGUOUS_HOLD; coverage=GAP_PRESENT; ownership=UNCLEAR; observed slices=1.	0.42	YES
1640276582	1124691132	в автомобиль подвеска	GENERIC_RELEVANT	4.0	0.0	0.0	GAP_PRESENT	GAP_PRESENT	LOW	FAMILY_CANDIDATE	LONG_DESCRIPTION	GENERIC_RELEVANT; coverage=GAP_PRESENT; ownership=STORE_GENERIC; observed slices=1.	0.76	YES
1640276582	1124691132	викинские амулет	GENERIC_RELEVANT	1.0	0.0	0.0	GAP_PRESENT	GAP_PRESENT	LOW	FAMILY_CANDIDATE	LONG_DESCRIPTION	GENERIC_RELEVANT; coverage=GAP_PRESENT; ownership=FAMILY_SHARED; observed slices=1.	0.72	YES
1640276582	1124691132	дюрекс наклейка на машину	GENERIC_RELEVANT	1.0	0.0	0.0	GAP_PRESENT	GAP_PRESENT	LOW	FAMILY_CANDIDATE	LONG_DESCRIPTION	GENERIC_RELEVANT; coverage=GAP_PRESENT; ownership=FAMILY_SHARED; observed slices=1.	0.76	YES
1640276582	1124691132	западные славянские обереги	FAMILY_RELEVANT	1.0	0.0	0.0	GAP_PRESENT	GAP_PRESENT	LOW	FAMILY_CANDIDATE	LONG_DESCRIPTION	FAMILY_RELEVANT; coverage=GAP_PRESENT; ownership=FAMILY_SHARED; observed slices=1.	0.86	YES
1640276582	1124691132	зеркало маржены	GENERIC_RELEVANT	2.0	0.0	0.0	GAP_PRESENT	GAP_PRESENT	LOW	FAMILY_CANDIDATE	LONG_DESCRIPTION	GENERIC_RELEVANT; coverage=GAP_PRESENT; ownership=STORE_GENERIC; observed slices=1.	0.76	YES
1640276582	1124691132	зеркало шамана	GENERIC_RELEVANT	3.0	0.0	0.0	GAP_PRESENT	GAP_PRESENT	LOW	FAMILY_CANDIDATE	LONG_DESCRIPTION	GENERIC_RELEVANT; coverage=GAP_PRESENT; ownership=FAMILY_SHARED; observed slices=1.	0.76	YES
1640276582	1124691132	зеркальные обереги	GENERIC_RELEVANT	1.0	0.0	0.0	GAP_PRESENT	GAP_PRESENT	LOW	FAMILY_CANDIDATE	LONG_DESCRIPTION	GENERIC_RELEVANT; coverage=GAP_PRESENT; ownership=FAMILY_SHARED; observed slices=1.	0.76	YES
1640276582	1124691132	зеркальный амулет	GENERIC_RELEVANT	3.0	0.0	0.0	GAP_PRESENT	GAP_PRESENT	LOW	FAMILY_CANDIDATE	LONG_DESCRIPTION	GENERIC_RELEVANT; coverage=GAP_PRESENT; ownership=STORE_GENERIC; observed slices=1.	0.76	YES
1640276582	1124691132	коловрат оберег славянские мужские	FAMILY_RELEVANT	0.0	0.0	0.0	GAP_PRESENT	GAP_PRESENT	LOW	FAMILY_CANDIDATE	LONG_DESCRIPTION	FAMILY_RELEVANT; coverage=GAP_PRESENT; ownership=FAMILY_SHARED; observed slices=1.	0.86	YES
1640276582	1124691132	кольцо ратиборец	EXACT_PRODUCT	0.0	0.0	0.0	PARTIAL_GAP	PARTIAL_GAP	LOW	READY_CANDIDATE	LONG_DESCRIPTION	EXACT_PRODUCT; coverage=PARTIAL_GAP; ownership=SKU_SPECIFIC; observed slices=1.	0.95	YES
1640276582	1124691132	кулон славянские	FAMILY_RELEVANT	1.0	0.0	0.0	GAP_PRESENT	GAP_PRESENT	LOW	FAMILY_CANDIDATE	LONG_DESCRIPTION	FAMILY_RELEVANT; coverage=GAP_PRESENT; ownership=FAMILY_SHARED; observed slices=1.	0.86	YES
1640276582	1124691132	кулоны обереги	GENERIC_RELEVANT	1.0	0.0	0.0	GAP_PRESENT	GAP_PRESENT	LOW	FAMILY_CANDIDATE	LONG_DESCRIPTION	GENERIC_RELEVANT; coverage=GAP_PRESENT; ownership=STORE_GENERIC; observed slices=1.	0.72	YES
1640276582	1124691132	на зеркало подвеска автомобиля	GENERIC_RELEVANT	1.0	0.0	0.0	GAP_PRESENT	GAP_PRESENT	LOW	FAMILY_CANDIDATE	LONG_DESCRIPTION	GENERIC_RELEVANT; coverage=GAP_PRESENT; ownership=STORE_GENERIC; observed slices=1.	0.76	YES
1640276582	1124691132	на зеркало украшение в машину	GENERIC_RELEVANT	1.0	0.0	0.0	GAP_PRESENT	GAP_PRESENT	LOW	FAMILY_CANDIDATE	LONG_DESCRIPTION	GENERIC_RELEVANT; coverage=GAP_PRESENT; ownership=STORE_GENERIC; observed slices=1.	0.76	YES
1640276582	1124691132	на присоске в машину жезл оберег	GENERIC_RELEVANT	1.0	0.0	0.0	GAP_PRESENT	GAP_PRESENT	LOW	FAMILY_CANDIDATE	LONG_DESCRIPTION	GENERIC_RELEVANT; coverage=GAP_PRESENT; ownership=STORE_GENERIC; observed slices=1.	0.76	YES
1640276582	1124691132	набор автомобилиста	GENERIC_RELEVANT	1419.0	0.0	0.0	GAP_PRESENT	GAP_PRESENT	LOW	FAMILY_CANDIDATE	LONG_DESCRIPTION	GENERIC_RELEVANT; coverage=GAP_PRESENT; ownership=STORE_GENERIC; observed slices=1.	0.76	YES
1640276582	1124691132	набор для творчества	AMBIGUOUS_HOLD	1007.0	0.0	0.0	GAP_PRESENT	GAP_PRESENT	MEDIUM	HOLD_AMBIGUOUS	HOLD	AMBIGUOUS_HOLD; coverage=GAP_PRESENT; ownership=UNCLEAR; observed slices=1.	0.42	YES
1640276582	1124691132	оберег	GENERIC_RELEVANT	1693.0	0.0	0.0	GAP_PRESENT	GAP_PRESENT	LOW	FAMILY_CANDIDATE	LONG_DESCRIPTION	GENERIC_RELEVANT; coverage=GAP_PRESENT; ownership=STORE_GENERIC; observed slices=1.	0.72	YES
1640276582	1124691132	оберег автомобильный	GENERIC_RELEVANT	2.0	0.0	0.0	GAP_PRESENT	GAP_PRESENT	LOW	FAMILY_CANDIDATE	LONG_DESCRIPTION	GENERIC_RELEVANT; coverage=GAP_PRESENT; ownership=STORE_GENERIC; observed slices=1.	0.76	YES
1640276582	1124691132	оберег в машину на зеркало из кожи	GENERIC_RELEVANT	1.0	0.0	0.0	GAP_PRESENT	GAP_PRESENT	LOW	FAMILY_CANDIDATE	LONG_DESCRIPTION	GENERIC_RELEVANT; coverage=GAP_PRESENT; ownership=FAMILY_SHARED; observed slices=1.	0.76	YES
1640276582	1124691132	оберег для автомобиля для автомобиля	GENERIC_RELEVANT	1.0	0.0	0.0	GAP_PRESENT	GAP_PRESENT	LOW	FAMILY_CANDIDATE	LONG_DESCRIPTION	GENERIC_RELEVANT; coverage=GAP_PRESENT; ownership=FAMILY_SHARED; observed slices=1.	0.76	YES
1640276582	1124691132	оберег от сглаза и порчи	GENERIC_RELEVANT	852.0	0.0	0.0	GAP_PRESENT	GAP_PRESENT	LOW	FAMILY_CANDIDATE	LONG_DESCRIPTION	GENERIC_RELEVANT; coverage=GAP_PRESENT; ownership=STORE_GENERIC; observed slices=1.	0.72	YES
1640276582	1124691132	оберег право	GENERIC_RELEVANT	0.0	0.0	0.0	GAP_PRESENT	GAP_PRESENT	LOW	FAMILY_CANDIDATE	LONG_DESCRIPTION	GENERIC_RELEVANT; coverage=GAP_PRESENT; ownership=FAMILY_SHARED; observed slices=1.	0.72	YES
1640276582	1124691132	обереготсглаза	GENERIC_RELEVANT	0.0	0.0	0.0	GAP_PRESENT	GAP_PRESENT	LOW	FAMILY_CANDIDATE	LONG_DESCRIPTION	GENERIC_RELEVANT; coverage=GAP_PRESENT; ownership=STORE_GENERIC; observed slices=1.	0.72	YES
1640276582	1124691132	от сглаза	GENERIC_RELEVANT	485.0	0.0	0.0	GAP_PRESENT	GAP_PRESENT	LOW	FAMILY_CANDIDATE	LONG_DESCRIPTION	GENERIC_RELEVANT; coverage=GAP_PRESENT; ownership=STORE_GENERIC; observed slices=1.	0.72	YES
1640276582	1124691132	подарок	AMBIGUOUS_HOLD	3413.0	0.0	0.0	GAP_PRESENT	GAP_PRESENT	MEDIUM	HOLD_AMBIGUOUS	HOLD	AMBIGUOUS_HOLD; coverage=GAP_PRESENT; ownership=UNCLEAR; observed slices=1.	0.42	YES
1640276582	1124691132	подарок мужу	AMBIGUOUS_HOLD	672.0	0.0	0.0	GAP_PRESENT	GAP_PRESENT	MEDIUM	HOLD_AMBIGUOUS	HOLD	AMBIGUOUS_HOLD; coverage=GAP_PRESENT; ownership=UNCLEAR; observed slices=1.	0.42	YES
1640276582	1124691132	подарок мужчине	AMBIGUOUS_HOLD	9537.0	0.0	0.0	GAP_PRESENT	GAP_PRESENT	MEDIUM	HOLD_AMBIGUOUS	HOLD	AMBIGUOUS_HOLD; coverage=GAP_PRESENT; ownership=UNCLEAR; observed slices=1.	0.42	YES
1640276582	1124691132	подарочный набор для мужчин	AMBIGUOUS_HOLD	1052.0	0.0	0.0	GAP_PRESENT	GAP_PRESENT	MEDIUM	HOLD_AMBIGUOUS	HOLD	AMBIGUOUS_HOLD; coverage=GAP_PRESENT; ownership=UNCLEAR; observed slices=2.	0.42	YES
1640276582	1124691132	подвеска	GENERIC_RELEVANT	2415.0	0.0	0.0	GAP_PRESENT	GAP_PRESENT	LOW	FAMILY_CANDIDATE	LONG_DESCRIPTION	GENERIC_RELEVANT; coverage=GAP_PRESENT; ownership=STORE_GENERIC; observed slices=1.	0.72	YES
1640276582	1124691132	подвеска в машину	GENERIC_RELEVANT	3171.0	0.0	0.0	GAP_PRESENT	GAP_PRESENT	LOW	FAMILY_CANDIDATE	LONG_DESCRIPTION	GENERIC_RELEVANT; coverage=GAP_PRESENT; ownership=STORE_GENERIC; observed slices=2.	0.76	YES
1640276582	1124691132	подвеска в машину на зеркало а	GENERIC_RELEVANT	0.0	0.0	0.0	GAP_PRESENT	GAP_PRESENT	LOW	FAMILY_CANDIDATE	LONG_DESCRIPTION	GENERIC_RELEVANT; coverage=GAP_PRESENT; ownership=STORE_GENERIC; observed slices=1.	0.76	YES
1640276582	1124691132	подвеска в машину на зеркало ма ка крик	GENERIC_RELEVANT	0.0	0.0	0.0	GAP_PRESENT	GAP_PRESENT	LOW	FAMILY_CANDIDATE	LONG_DESCRIPTION	GENERIC_RELEVANT; coverage=GAP_PRESENT; ownership=STORE_GENERIC; observed slices=1.	0.76	YES
1640276582	1124691132	подвеска в машину на зеркало мужская евгений	GENERIC_RELEVANT	0.0	0.0	0.0	GAP_PRESENT	GAP_PRESENT	LOW	FAMILY_CANDIDATE	LONG_DESCRIPTION	GENERIC_RELEVANT; coverage=GAP_PRESENT; ownership=STORE_GENERIC; observed slices=1.	0.76	YES
1640276582	1124691132	подвеска в машину на зеркало питбуль	GENERIC_RELEVANT	0.0	0.0	0.0	GAP_PRESENT	GAP_PRESENT	LOW	FAMILY_CANDIDATE	LONG_DESCRIPTION	GENERIC_RELEVANT; coverage=GAP_PRESENT; ownership=STORE_GENERIC; observed slices=1.	0.76	YES
1640276582	1124691132	подвеска в машину наррд	GENERIC_RELEVANT	0.0	0.0	0.0	GAP_PRESENT	GAP_PRESENT	LOW	FAMILY_CANDIDATE	LONG_DESCRIPTION	GENERIC_RELEVANT; coverage=GAP_PRESENT; ownership=FAMILY_SHARED; observed slices=1.	0.76	YES
1640276582	1124691132	подвеска на зеркало в машину	GENERIC_RELEVANT	1126.0	0.0	0.0	GAP_PRESENT	GAP_PRESENT	LOW	FAMILY_CANDIDATE	LONG_DESCRIPTION	GENERIC_RELEVANT; coverage=GAP_PRESENT; ownership=STORE_GENERIC; observed slices=1.	0.76	YES
1640276582	1124691132	подвеска на удачу	GENERIC_RELEVANT	1.0	0.0	0.0	GAP_PRESENT	GAP_PRESENT	LOW	FAMILY_CANDIDATE	LONG_DESCRIPTION	GENERIC_RELEVANT; coverage=GAP_PRESENT; ownership=FAMILY_SHARED; observed slices=1.	0.72	YES
1640276582	1124691132	подвеска славянская	FAMILY_RELEVANT	4.0	0.0	0.0	GAP_PRESENT	GAP_PRESENT	LOW	FAMILY_CANDIDATE	LONG_DESCRIPTION	FAMILY_RELEVANT; coverage=GAP_PRESENT; ownership=FAMILY_SHARED; observed slices=1.	0.86	YES
1640276582	1124691132	руны славянские	FAMILY_RELEVANT	19.0	0.0	0.0	GAP_PRESENT	GAP_PRESENT	LOW	FAMILY_CANDIDATE	LONG_DESCRIPTION	FAMILY_RELEVANT; coverage=GAP_PRESENT; ownership=FAMILY_SHARED; observed slices=1.	0.86	YES
1640276582	1124691132	славянские обереги	FAMILY_RELEVANT	767.0	0.0	0.0	GAP_PRESENT	GAP_PRESENT	LOW	FAMILY_CANDIDATE	LONG_DESCRIPTION	FAMILY_RELEVANT; coverage=GAP_PRESENT; ownership=FAMILY_SHARED; observed slices=1.	0.86	YES
1640276582	1124691132	славянскиеобереги	FAMILY_RELEVANT	0.0	0.0	0.0	GAP_PRESENT	GAP_PRESENT	LOW	FAMILY_CANDIDATE	LONG_DESCRIPTION	FAMILY_RELEVANT; coverage=GAP_PRESENT; ownership=FAMILY_SHARED; observed slices=1.	0.86	YES
1640276582	1124691132	славянский оберег	FAMILY_RELEVANT	320.0	0.0	0.0	GAP_PRESENT	GAP_PRESENT	LOW	FAMILY_CANDIDATE	LONG_DESCRIPTION	FAMILY_RELEVANT; coverage=GAP_PRESENT; ownership=FAMILY_SHARED; observed slices=1.	0.86	YES
1640276582	1124691132	славянское	FAMILY_RELEVANT	26.0	0.0	0.0	GAP_PRESENT	GAP_PRESENT	LOW	FAMILY_CANDIDATE	LONG_DESCRIPTION	FAMILY_RELEVANT; coverage=GAP_PRESENT; ownership=FAMILY_SHARED; observed slices=1.	0.86	YES
1640276582	1124691132	стильная подвеска в машину на зеркало	GENERIC_RELEVANT	1.0	0.0	0.0	GAP_PRESENT	GAP_PRESENT	LOW	FAMILY_CANDIDATE	LONG_DESCRIPTION	GENERIC_RELEVANT; coverage=GAP_PRESENT; ownership=FAMILY_SHARED; observed slices=1.	0.76	YES
1640276582	1124691132	хобби	AMBIGUOUS_HOLD	306.0	0.0	0.0	GAP_PRESENT	GAP_PRESENT	MEDIUM	HOLD_AMBIGUOUS	HOLD	AMBIGUOUS_HOLD; coverage=GAP_PRESENT; ownership=UNCLEAR; observed slices=1.	0.42	YES
1640276582	1124691132	четки в машине	GENERIC_RELEVANT	0.0	0.0	0.0	GAP_PRESENT	GAP_PRESENT	LOW	FAMILY_CANDIDATE	LONG_DESCRIPTION	GENERIC_RELEVANT; coverage=GAP_PRESENT; ownership=FAMILY_SHARED; observed slices=1.	0.76	YES
1640276582	1124691132	четки в машину на зеркало красные	GENERIC_RELEVANT	1.0	0.0	0.0	GAP_PRESENT	GAP_PRESENT	LOW	FAMILY_CANDIDATE	LONG_DESCRIPTION	GENERIC_RELEVANT; coverage=GAP_PRESENT; ownership=FAMILY_SHARED; observed slices=1.	0.76	YES
1640276582	1124691132	четки на стекло славянские	FAMILY_RELEVANT	1.0	0.0	0.0	GAP_PRESENT	GAP_PRESENT	LOW	FAMILY_CANDIDATE	LONG_DESCRIPTION	FAMILY_RELEVANT; coverage=GAP_PRESENT; ownership=FAMILY_SHARED; observed slices=1.	0.86	YES
1640306007	1124725450	аксессуары в машину подвесаа зеркал барабан	GENERIC_RELEVANT	0.0	0.0	0.0	GAP_PRESENT	GAP_PRESENT	LOW	FAMILY_CANDIDATE	LONG_DESCRIPTION	GENERIC_RELEVANT; coverage=GAP_PRESENT; ownership=STORE_GENERIC; observed slices=1.	0.76	YES
1640306007	1124725450	амулет	GENERIC_RELEVANT	321.0	0.0	0.0	GAP_PRESENT	GAP_PRESENT	LOW	FAMILY_CANDIDATE	LONG_DESCRIPTION	GENERIC_RELEVANT; coverage=GAP_PRESENT; ownership=STORE_GENERIC; observed slices=1.	0.72	YES
1640306007	1124725450	амулет от сглаза в машину на зеркало	GENERIC_RELEVANT	1.0	0.0	0.0	GAP_PRESENT	GAP_PRESENT	LOW	FAMILY_CANDIDATE	LONG_DESCRIPTION	GENERIC_RELEVANT; coverage=GAP_PRESENT; ownership=STORE_GENERIC; observed slices=1.	0.76	YES
1640306007	1124725450	амулет с зеркалом подвеска	GENERIC_RELEVANT	1.0	0.0	0.0	GAP_PRESENT	GAP_PRESENT	LOW	FAMILY_CANDIDATE	LONG_DESCRIPTION	GENERIC_RELEVANT; coverage=GAP_PRESENT; ownership=STORE_GENERIC; observed slices=1.	0.76	YES
1640306007	1124725450	амулеты коло	GENERIC_RELEVANT	0.0	0.0	0.0	GAP_PRESENT	GAP_PRESENT	LOW	FAMILY_CANDIDATE	LONG_DESCRIPTION	GENERIC_RELEVANT; coverage=GAP_PRESENT; ownership=FAMILY_SHARED; observed slices=1.	0.72	YES
1640306007	1124725450	амулеты обереги и талисманы	GENERIC_RELEVANT	370.0	0.0	0.0	GAP_PRESENT	GAP_PRESENT	LOW	FAMILY_CANDIDATE	LONG_DESCRIPTION	GENERIC_RELEVANT; coverage=GAP_PRESENT; ownership=STORE_GENERIC; observed slices=1.	0.72	YES
1640306007	1124725450	амулеты обереги и талисманы дерево	GENERIC_RELEVANT	1.0	0.0	0.0	GAP_PRESENT	GAP_PRESENT	LOW	FAMILY_CANDIDATE	LONG_DESCRIPTION	GENERIC_RELEVANT; coverage=GAP_PRESENT; ownership=STORE_GENERIC; observed slices=1.	0.72	YES
1640306007	1124725450	брелок в машину для девушки на зеркало	GENERIC_RELEVANT	1.0	0.0	0.0	GAP_PRESENT	GAP_PRESENT	LOW	FAMILY_CANDIDATE	LONG_DESCRIPTION	GENERIC_RELEVANT; coverage=GAP_PRESENT; ownership=STORE_GENERIC; observed slices=1.	0.76	YES
1640306007	1124725450	брелок для ключей молвинец	EXACT_PRODUCT	1.0	0.0	0.0	PARTIAL_GAP	PARTIAL_GAP	LOW	READY_CANDIDATE	LONG_DESCRIPTION	EXACT_PRODUCT; coverage=PARTIAL_GAP; ownership=SKU_SPECIFIC; observed slices=1.	0.95	YES
1640306007	1124725450	бусина от сглаза на зеркало машины	GENERIC_RELEVANT	0.0	0.0	0.0	GAP_PRESENT	GAP_PRESENT	LOW	FAMILY_CANDIDATE	LONG_DESCRIPTION	GENERIC_RELEVANT; coverage=GAP_PRESENT; ownership=STORE_GENERIC; observed slices=1.	0.76	YES
1640306007	1124725450	бусины акрил с рунами	AMBIGUOUS_HOLD	1.0	0.0	0.0	GAP_PRESENT	GAP_PRESENT	MEDIUM	HOLD_AMBIGUOUS	HOLD	AMBIGUOUS_HOLD; coverage=GAP_PRESENT; ownership=UNCLEAR; observed slices=1.	0.42	YES
1640306007	1124725450	бусины славянский	FAMILY_RELEVANT	0.0	0.0	0.0	GAP_PRESENT	GAP_PRESENT	LOW	FAMILY_CANDIDATE	LONG_DESCRIPTION	FAMILY_RELEVANT; coverage=GAP_PRESENT; ownership=FAMILY_SHARED; observed slices=1.	0.86	YES
1640306007	1124725450	в машину подвестка на зеркало красивая	GENERIC_RELEVANT	1.0	0.0	0.0	GAP_PRESENT	GAP_PRESENT	LOW	FAMILY_CANDIDATE	LONG_DESCRIPTION	GENERIC_RELEVANT; coverage=GAP_PRESENT; ownership=FAMILY_SHARED; observed slices=1.	0.76	YES
1640306007	1124725450	висюлька на зеркало в машину ароматизатор мазда	GENERIC_RELEVANT	1.0	0.0	0.0	GAP_PRESENT	GAP_PRESENT	LOW	FAMILY_CANDIDATE	LONG_DESCRIPTION	GENERIC_RELEVANT; coverage=GAP_PRESENT; ownership=STORE_GENERIC; observed slices=1.	0.76	YES
1640306007	1124725450	деревянный амуле	AMBIGUOUS_HOLD	1.0	0.0	0.0	GAP_PRESENT	GAP_PRESENT	MEDIUM	HOLD_AMBIGUOUS	HOLD	AMBIGUOUS_HOLD; coverage=GAP_PRESENT; ownership=UNCLEAR; observed slices=1.	0.42	YES
1640306007	1124725450	домовенок в тележке оберег	GENERIC_RELEVANT	0.0	0.0	0.0	GAP_PRESENT	GAP_PRESENT	LOW	FAMILY_CANDIDATE	LONG_DESCRIPTION	GENERIC_RELEVANT; coverage=GAP_PRESENT; ownership=FAMILY_SHARED; observed slices=1.	0.72	YES
1640306007	1124725450	древние славяне творчество	FAMILY_RELEVANT	0.0	0.0	0.0	GAP_PRESENT	GAP_PRESENT	LOW	FAMILY_CANDIDATE	LONG_DESCRIPTION	FAMILY_RELEVANT; coverage=GAP_PRESENT; ownership=FAMILY_SHARED; observed slices=1.	0.86	YES
1640306007	1124725450	духи	AMBIGUOUS_HOLD	11892.0	0.0	0.0	GAP_PRESENT	GAP_PRESENT	MEDIUM	HOLD_AMBIGUOUS	HOLD	AMBIGUOUS_HOLD; coverage=GAP_PRESENT; ownership=UNCLEAR; observed slices=1.	0.42	YES
1640306007	1124725450	еврейская заезда подвеска в машину	GENERIC_RELEVANT	0.0	0.0	0.0	GAP_PRESENT	GAP_PRESENT	LOW	FAMILY_CANDIDATE	LONG_DESCRIPTION	GENERIC_RELEVANT; coverage=GAP_PRESENT; ownership=STORE_GENERIC; observed slices=1.	0.76	YES
1640306007	1124725450	зеркало	GENERIC_RELEVANT	7498.0	0.0	0.0	GAP_PRESENT	GAP_PRESENT	LOW	FAMILY_CANDIDATE	LONG_DESCRIPTION	GENERIC_RELEVANT; coverage=GAP_PRESENT; ownership=STORE_GENERIC; observed slices=1.	0.76	YES
1640306007	1124725450	интерьер в славянском	FAMILY_RELEVANT	1.0	0.0	0.0	GAP_PRESENT	GAP_PRESENT	LOW	FAMILY_CANDIDATE	LONG_DESCRIPTION	FAMILY_RELEVANT; coverage=GAP_PRESENT; ownership=FAMILY_SHARED; observed slices=1.	0.86	YES
1640306007	1124725450	коловрат	AMBIGUOUS_HOLD	1473.0	0.0	0.0	GAP_PRESENT	GAP_PRESENT	MEDIUM	HOLD_AMBIGUOUS	HOLD	AMBIGUOUS_HOLD; coverage=GAP_PRESENT; ownership=UNCLEAR; observed slices=1.	0.42	YES
1640306007	1124725450	коловрат славянский	FAMILY_RELEVANT	2.0	0.0	0.0	GAP_PRESENT	GAP_PRESENT	LOW	FAMILY_CANDIDATE	LONG_DESCRIPTION	FAMILY_RELEVANT; coverage=GAP_PRESENT; ownership=FAMILY_SHARED; observed slices=1.	0.86	YES
1640306007	1124725450	красивая подвеска в машину для	GENERIC_RELEVANT	1.0	0.0	0.0	GAP_PRESENT	GAP_PRESENT	LOW	FAMILY_CANDIDATE	LONG_DESCRIPTION	GENERIC_RELEVANT; coverage=GAP_PRESENT; ownership=STORE_GENERIC; observed slices=1.	0.76	YES
1640306007	1124725450	крест славян	NEIGHBOR_PRODUCT	1.0	0.0	0.0	NOT_APPLICABLE	NOT_APPLICABLE	LOW	REJECT_NEIGHBOR	NONE	NEIGHBOR_PRODUCT; coverage=NOT_APPLICABLE; ownership=EXCLUDED; observed slices=1.	0.96	NO
1640306007	1124725450	крестик в машину на зеркало освященный дивеево	GENERIC_RELEVANT	1.0	0.0	0.0	GAP_PRESENT	GAP_PRESENT	LOW	FAMILY_CANDIDATE	LONG_DESCRIPTION	GENERIC_RELEVANT; coverage=GAP_PRESENT; ownership=FAMILY_SHARED; observed slices=1.	0.76	YES
1640306007	1124725450	магический амулет , молвинец оберег	EXACT_PRODUCT	0.0	0.0	0.0	PARTIAL_GAP	PARTIAL_GAP	LOW	READY_CANDIDATE	LONG_DESCRIPTION	EXACT_PRODUCT; coverage=PARTIAL_GAP; ownership=SKU_SPECIFIC; observed slices=1.	0.95	YES
1640306007	1124725450	молвинец в	EXACT_PRODUCT	0.0	0.0	0.0	NO_GAP	NO_GAP	LOW	NO_CHANGE	NONE	EXACT_PRODUCT; coverage=NO_GAP; ownership=SKU_SPECIFIC; observed slices=1.	0.95	NO
1640306007	1124725450	молвинец золотой	EXACT_PRODUCT	0.0	0.0	0.0	PARTIAL_GAP	PARTIAL_GAP	LOW	READY_CANDIDATE	LONG_DESCRIPTION	EXACT_PRODUCT; coverage=PARTIAL_GAP; ownership=SKU_SPECIFIC; observed slices=1.	0.95	YES
1640306007	1124725450	молвинец оберег	EXACT_PRODUCT	121.0	0.0	607.0	NO_GAP	NO_GAP	LOW	NO_CHANGE	NONE	EXACT_PRODUCT; coverage=NO_GAP; ownership=SKU_SPECIFIC; observed slices=1.	0.95	NO
1640306007	1124725450	на зеркало автомобиля подвеска красная	GENERIC_RELEVANT	0.0	0.0	0.0	GAP_PRESENT	GAP_PRESENT	LOW	FAMILY_CANDIDATE	LONG_DESCRIPTION	GENERIC_RELEVANT; coverage=GAP_PRESENT; ownership=STORE_GENERIC; observed slices=1.	0.76	YES
1640306007	1124725450	набор для творчества	AMBIGUOUS_HOLD	1007.0	0.0	0.0	GAP_PRESENT	GAP_PRESENT	MEDIUM	HOLD_AMBIGUOUS	HOLD	AMBIGUOUS_HOLD; coverage=GAP_PRESENT; ownership=UNCLEAR; observed slices=1.	0.42	YES
1640306007	1124725450	настраиваимое зеркало мини в машину	GENERIC_RELEVANT	1.0	0.0	0.0	GAP_PRESENT	GAP_PRESENT	LOW	FAMILY_CANDIDATE	LONG_DESCRIPTION	GENERIC_RELEVANT; coverage=GAP_PRESENT; ownership=FAMILY_SHARED; observed slices=1.	0.76	YES
1640306007	1124725450	нательные славянские обереги лось	FAMILY_RELEVANT	1.0	0.0	0.0	GAP_PRESENT	GAP_PRESENT	LOW	FAMILY_CANDIDATE	LONG_DESCRIPTION	FAMILY_RELEVANT; coverage=GAP_PRESENT; ownership=FAMILY_SHARED; observed slices=1.	0.86	YES
1640306007	1124725450	оберег	GENERIC_RELEVANT	2623.0	0.0	0.0	GAP_PRESENT	GAP_PRESENT	LOW	FAMILY_CANDIDATE	LONG_DESCRIPTION	GENERIC_RELEVANT; coverage=GAP_PRESENT; ownership=STORE_GENERIC; observed slices=1.	0.72	YES
1640306007	1124725450	оберег в машину	GENERIC_RELEVANT	529.0	0.0	0.0	GAP_PRESENT	GAP_PRESENT	LOW	FAMILY_CANDIDATE	LONG_DESCRIPTION	GENERIC_RELEVANT; coverage=GAP_PRESENT; ownership=STORE_GENERIC; observed slices=1.	0.76	YES
1640306007	1124725450	оберег в машину на зеркало женский	GENERIC_RELEVANT	0.0	0.0	0.0	GAP_PRESENT	GAP_PRESENT	LOW	FAMILY_CANDIDATE	LONG_DESCRIPTION	GENERIC_RELEVANT; coverage=GAP_PRESENT; ownership=STORE_GENERIC; observed slices=1.	0.76	YES
1640306007	1124725450	оберег в машину на руль	GENERIC_RELEVANT	1.0	0.0	0.0	GAP_PRESENT	GAP_PRESENT	LOW	FAMILY_CANDIDATE	LONG_DESCRIPTION	GENERIC_RELEVANT; coverage=GAP_PRESENT; ownership=FAMILY_SHARED; observed slices=1.	0.76	YES
1640306007	1124725450	оберег в машину славянский	FAMILY_RELEVANT	8.0	0.0	0.0	GAP_PRESENT	GAP_PRESENT	LOW	FAMILY_CANDIDATE	LONG_DESCRIPTION	FAMILY_RELEVANT; coverage=GAP_PRESENT; ownership=FAMILY_SHARED; observed slices=1.	0.86	YES
1640306007	1124725450	оберег воздуха славянский	FAMILY_RELEVANT	1.0	0.0	0.0	GAP_PRESENT	GAP_PRESENT	LOW	FAMILY_CANDIDATE	LONG_DESCRIPTION	FAMILY_RELEVANT; coverage=GAP_PRESENT; ownership=FAMILY_SHARED; observed slices=1.	0.86	YES
1640306007	1124725450	оберег от сглаза и порчи	GENERIC_RELEVANT	444.0	0.0	0.0	GAP_PRESENT	GAP_PRESENT	LOW	FAMILY_CANDIDATE	LONG_DESCRIPTION	GENERIC_RELEVANT; coverage=GAP_PRESENT; ownership=STORE_GENERIC; observed slices=1.	0.72	YES
1640306007	1124725450	оберег славянский вышевка	FAMILY_RELEVANT	0.0	0.0	0.0	GAP_PRESENT	GAP_PRESENT	LOW	FAMILY_CANDIDATE	LONG_DESCRIPTION	FAMILY_RELEVANT; coverage=GAP_PRESENT; ownership=FAMILY_SHARED; observed slices=1.	0.86	YES
1640306007	1124725450	оберег славянский женский	FAMILY_RELEVANT	10.0	0.0	0.0	GAP_PRESENT	GAP_PRESENT	LOW	FAMILY_CANDIDATE	LONG_DESCRIPTION	FAMILY_RELEVANT; coverage=GAP_PRESENT; ownership=FAMILY_SHARED; observed slices=1.	0.86	YES
1640306007	1124725450	от сглаза	GENERIC_RELEVANT	452.0	0.0	0.0	GAP_PRESENT	GAP_PRESENT	LOW	FAMILY_CANDIDATE	LONG_DESCRIPTION	GENERIC_RELEVANT; coverage=GAP_PRESENT; ownership=STORE_GENERIC; observed slices=1.	0.72	YES
1640306007	1124725450	подвес на зеркало в машину звезда воровская	NEIGHBOR_PRODUCT	1.0	0.0	0.0	NOT_APPLICABLE	NOT_APPLICABLE	LOW	REJECT_NEIGHBOR	NONE	NEIGHBOR_PRODUCT; coverage=NOT_APPLICABLE; ownership=EXCLUDED; observed slices=1.	0.96	NO
1640306007	1124725450	подвеска в машину	GENERIC_RELEVANT	3171.0	0.0	0.0	GAP_PRESENT	GAP_PRESENT	LOW	FAMILY_CANDIDATE	LONG_DESCRIPTION	GENERIC_RELEVANT; coverage=GAP_PRESENT; ownership=STORE_GENERIC; observed slices=2.	0.76	YES
1640306007	1124725450	подвеска в машину на зеркало матрос	GENERIC_RELEVANT	0.0	0.0	0.0	GAP_PRESENT	GAP_PRESENT	LOW	FAMILY_CANDIDATE	LONG_DESCRIPTION	GENERIC_RELEVANT; coverage=GAP_PRESENT; ownership=FAMILY_SHARED; observed slices=1.	0.76	YES
1640306007	1124725450	подвеска на зеркало автомобиля акула	GENERIC_RELEVANT	0.0	0.0	0.0	GAP_PRESENT	GAP_PRESENT	LOW	FAMILY_CANDIDATE	LONG_DESCRIPTION	GENERIC_RELEVANT; coverage=GAP_PRESENT; ownership=STORE_GENERIC; observed slices=1.	0.76	YES
1640306007	1124725450	подвеска на зеркало в машину	GENERIC_RELEVANT	915.0	0.0	0.0	GAP_PRESENT	GAP_PRESENT	LOW	FAMILY_CANDIDATE	LONG_DESCRIPTION	GENERIC_RELEVANT; coverage=GAP_PRESENT; ownership=STORE_GENERIC; observed slices=1.	0.76	YES
1640306007	1124725450	руны	AMBIGUOUS_HOLD	797.0	0.0	0.0	GAP_PRESENT	GAP_PRESENT	MEDIUM	HOLD_AMBIGUOUS	HOLD	AMBIGUOUS_HOLD; coverage=GAP_PRESENT; ownership=UNCLEAR; observed slices=1.	0.42	YES
1640306007	1124725450	славянские обереги	FAMILY_RELEVANT	806.0	0.0	0.0	GAP_PRESENT	GAP_PRESENT	LOW	FAMILY_CANDIDATE	LONG_DESCRIPTION	FAMILY_RELEVANT; coverage=GAP_PRESENT; ownership=FAMILY_SHARED; observed slices=2.	0.86	YES
1640306007	1124725450	славянские руны	FAMILY_RELEVANT	286.0	0.0	0.0	GAP_PRESENT	GAP_PRESENT	LOW	FAMILY_CANDIDATE	LONG_DESCRIPTION	FAMILY_RELEVANT; coverage=GAP_PRESENT; ownership=FAMILY_SHARED; observed slices=1.	0.86	YES
1640306007	1124725450	славянский крест	NEIGHBOR_PRODUCT	20.0	0.0	0.0	NOT_APPLICABLE	NOT_APPLICABLE	LOW	REJECT_NEIGHBOR	NONE	NEIGHBOR_PRODUCT; coverage=NOT_APPLICABLE; ownership=EXCLUDED; observed slices=1.	0.96	NO
1640306007	1124725450	славянский оберег	FAMILY_RELEVANT	138.0	0.0	459.0	GAP_PRESENT	GAP_PRESENT	LOW	FAMILY_CANDIDATE	LONG_DESCRIPTION	FAMILY_RELEVANT; coverage=GAP_PRESENT; ownership=FAMILY_SHARED; observed slices=1.	0.86	YES
1640306007	1124725450	славянский оберег в машину на зеркало	FAMILY_RELEVANT	2.0	0.0	0.0	GAP_PRESENT	GAP_PRESENT	LOW	FAMILY_CANDIDATE	LONG_DESCRIPTION	FAMILY_RELEVANT; coverage=GAP_PRESENT; ownership=FAMILY_SHARED; observed slices=1.	0.86	YES
1640306007	1124725450	славянский оберег из дерева	FAMILY_RELEVANT	2.0	0.0	0.0	GAP_PRESENT	GAP_PRESENT	LOW	FAMILY_CANDIDATE	LONG_DESCRIPTION	FAMILY_RELEVANT; coverage=GAP_PRESENT; ownership=FAMILY_SHARED; observed slices=1.	0.86	YES
1640306007	1124725450	славянский оберег подвеска	FAMILY_RELEVANT	2.0	0.0	0.0	GAP_PRESENT	GAP_PRESENT	LOW	FAMILY_CANDIDATE	LONG_DESCRIPTION	FAMILY_RELEVANT; coverage=GAP_PRESENT; ownership=FAMILY_SHARED; observed slices=1.	0.86	YES
1640306007	1124725450	цепочка славянская	FAMILY_RELEVANT	3.0	0.0	0.0	GAP_PRESENT	GAP_PRESENT	LOW	FAMILY_CANDIDATE	LONG_DESCRIPTION	FAMILY_RELEVANT; coverage=GAP_PRESENT; ownership=FAMILY_SHARED; observed slices=1.	0.86	YES
1640326205	1124733734	dtlmvbyf gjldtcrf	AMBIGUOUS_HOLD	1.0	0.0	0.0	GAP_PRESENT	GAP_PRESENT	MEDIUM	HOLD_AMBIGUOUS	HOLD	AMBIGUOUS_HOLD; coverage=GAP_PRESENT; ownership=UNCLEAR; observed slices=1.	0.42	YES
1640326205	1124733734	авто подвеска на зеркало	GENERIC_RELEVANT	1.0	0.0	0.0	GAP_PRESENT	GAP_PRESENT	LOW	FAMILY_CANDIDATE	LONG_DESCRIPTION	GENERIC_RELEVANT; coverage=GAP_PRESENT; ownership=STORE_GENERIC; observed slices=2.	0.76	YES
1640326205	1124733734	авто четки в машину	GENERIC_RELEVANT	1.0	0.0	0.0	GAP_PRESENT	GAP_PRESENT	LOW	FAMILY_CANDIDATE	LONG_DESCRIPTION	GENERIC_RELEVANT; coverage=GAP_PRESENT; ownership=FAMILY_SHARED; observed slices=1.	0.76	YES
1640326205	1124733734	акриловая бусина машинка	GENERIC_RELEVANT	1.0	0.0	0.0	GAP_PRESENT	GAP_PRESENT	LOW	FAMILY_CANDIDATE	LONG_DESCRIPTION	GENERIC_RELEVANT; coverage=GAP_PRESENT; ownership=STORE_GENERIC; observed slices=1.	0.76	YES
1640326205	1124733734	акриловые четки в машину на зеркало	GENERIC_RELEVANT	1.0	0.0	0.0	GAP_PRESENT	GAP_PRESENT	LOW	FAMILY_CANDIDATE	LONG_DESCRIPTION	GENERIC_RELEVANT; coverage=GAP_PRESENT; ownership=STORE_GENERIC; observed slices=1.	0.76	YES
1640326205	1124733734	аксессуары в машину мужские	GENERIC_RELEVANT	1.0	0.0	0.0	GAP_PRESENT	GAP_PRESENT	LOW	FAMILY_CANDIDATE	LONG_DESCRIPTION	GENERIC_RELEVANT; coverage=GAP_PRESENT; ownership=FAMILY_SHARED; observed slices=1.	0.76	YES
1640326205	1124733734	амлеты	AMBIGUOUS_HOLD	1.0	0.0	0.0	GAP_PRESENT	GAP_PRESENT	MEDIUM	HOLD_AMBIGUOUS	HOLD	AMBIGUOUS_HOLD; coverage=GAP_PRESENT; ownership=UNCLEAR; observed slices=2.	0.42	YES
1640326205	1124733734	амулет	GENERIC_RELEVANT	3080.0	0.0	0.0	GAP_PRESENT	GAP_PRESENT	LOW	FAMILY_CANDIDATE	LONG_DESCRIPTION	GENERIC_RELEVANT; coverage=GAP_PRESENT; ownership=STORE_GENERIC; observed slices=1.	0.72	YES
1640326205	1124733734	амулеты	GENERIC_RELEVANT	460.0	0.0	0.0	GAP_PRESENT	GAP_PRESENT	LOW	FAMILY_CANDIDATE	LONG_DESCRIPTION	GENERIC_RELEVANT; coverage=GAP_PRESENT; ownership=STORE_GENERIC; observed slices=1.	0.72	YES
1640326205	1124733734	детский славянский оберег	FAMILY_RELEVANT	1.0	0.0	712.0	GAP_PRESENT	GAP_PRESENT	LOW	FAMILY_CANDIDATE	LONG_DESCRIPTION	FAMILY_RELEVANT; coverage=GAP_PRESENT; ownership=FAMILY_SHARED; observed slices=2.	0.86	YES
1640326205	1124733734	защитный амулет от сглаза и порчи	GENERIC_RELEVANT	2.0	0.0	0.0	GAP_PRESENT	GAP_PRESENT	LOW	FAMILY_CANDIDATE	LONG_DESCRIPTION	GENERIC_RELEVANT; coverage=GAP_PRESENT; ownership=FAMILY_SHARED; observed slices=1.	0.72	YES
1640326205	1124733734	зеркало	GENERIC_RELEVANT	8794.0	0.0	0.0	GAP_PRESENT	GAP_PRESENT	LOW	FAMILY_CANDIDATE	LONG_DESCRIPTION	GENERIC_RELEVANT; coverage=GAP_PRESENT; ownership=STORE_GENERIC; observed slices=1.	0.76	YES
1640326205	1124733734	зеркальная подвеска	GENERIC_RELEVANT	2.0	0.0	0.0	GAP_PRESENT	GAP_PRESENT	LOW	FAMILY_CANDIDATE	LONG_DESCRIPTION	GENERIC_RELEVANT; coverage=GAP_PRESENT; ownership=FAMILY_SHARED; observed slices=1.	0.76	YES
1640326205	1124733734	калаврат	AMBIGUOUS_HOLD	47.0	0.0	0.0	GAP_PRESENT	GAP_PRESENT	MEDIUM	HOLD_AMBIGUOUS	HOLD	AMBIGUOUS_HOLD; coverage=GAP_PRESENT; ownership=UNCLEAR; observed slices=1.	0.42	YES
1640326205	1124733734	коловрат	AMBIGUOUS_HOLD	2000.0	0.0	805.0	GAP_PRESENT	GAP_PRESENT	MEDIUM	HOLD_AMBIGUOUS	HOLD	AMBIGUOUS_HOLD; coverage=GAP_PRESENT; ownership=UNCLEAR; observed slices=2.	0.42	YES
1640326205	1124733734	коловрат cd	AMBIGUOUS_HOLD	7.0	0.0	0.0	GAP_PRESENT	GAP_PRESENT	MEDIUM	HOLD_AMBIGUOUS	HOLD	AMBIGUOUS_HOLD; coverage=GAP_PRESENT; ownership=UNCLEAR; observed slices=1.	0.42	YES
1640326205	1124733734	коловрат браслет	AMBIGUOUS_HOLD	14.0	0.0	0.0	GAP_PRESENT	GAP_PRESENT	MEDIUM	HOLD_AMBIGUOUS	HOLD	AMBIGUOUS_HOLD; coverage=GAP_PRESENT; ownership=UNCLEAR; observed slices=1.	0.42	YES
1640326205	1124733734	коловрат брелок	AMBIGUOUS_HOLD	27.0	0.0	0.0	GAP_PRESENT	GAP_PRESENT	MEDIUM	HOLD_AMBIGUOUS	HOLD	AMBIGUOUS_HOLD; coverage=GAP_PRESENT; ownership=UNCLEAR; observed slices=1.	0.42	YES
1640326205	1124733734	коловрат в машину	GENERIC_RELEVANT	19.0	0.0	737.0	GAP_PRESENT	GAP_PRESENT	LOW	FAMILY_CANDIDATE	LONG_DESCRIPTION	GENERIC_RELEVANT; coverage=GAP_PRESENT; ownership=STORE_GENERIC; observed slices=1.	0.76	YES
1640326205	1124733734	коловрат подвеска	GENERIC_RELEVANT	689.0	0.0	0.0	GAP_PRESENT	GAP_PRESENT	LOW	FAMILY_CANDIDATE	LONG_DESCRIPTION	GENERIC_RELEVANT; coverage=GAP_PRESENT; ownership=STORE_GENERIC; observed slices=1.	0.72	YES
1640326205	1124733734	колядник оберег	EXACT_PRODUCT	28.0	0.0	729.0	NO_GAP	NO_GAP	LOW	NO_CHANGE	NONE	EXACT_PRODUCT; coverage=NO_GAP; ownership=SKU_SPECIFIC; observed slices=1.	0.95	NO
1640326205	1124733734	кофта с коловратом	AMBIGUOUS_HOLD	8.0	0.0	0.0	GAP_PRESENT	GAP_PRESENT	MEDIUM	HOLD_AMBIGUOUS	HOLD	AMBIGUOUS_HOLD; coverage=GAP_PRESENT; ownership=UNCLEAR; observed slices=1.	0.42	YES
1640326205	1124733734	кулон коловрат	AMBIGUOUS_HOLD	68.0	0.0	768.0	GAP_PRESENT	GAP_PRESENT	MEDIUM	HOLD_AMBIGUOUS	HOLD	AMBIGUOUS_HOLD; coverage=GAP_PRESENT; ownership=UNCLEAR; observed slices=1.	0.42	YES
1640326205	1124733734	мужчине на день рождения	AMBIGUOUS_HOLD	0.0	0.0	0.0	GAP_PRESENT	GAP_PRESENT	MEDIUM	HOLD_AMBIGUOUS	HOLD	AMBIGUOUS_HOLD; coverage=GAP_PRESENT; ownership=UNCLEAR; observed slices=1.	0.42	YES
1640326205	1124733734	мусульманский оберег	GENERIC_RELEVANT	710.0	0.0	0.0	GAP_PRESENT	GAP_PRESENT	LOW	FAMILY_CANDIDATE	LONG_DESCRIPTION	GENERIC_RELEVANT; coverage=GAP_PRESENT; ownership=STORE_GENERIC; observed slices=1.	0.72	YES
1640326205	1124733734	мусульманский оберег в машину	GENERIC_RELEVANT	181.0	0.0	0.0	GAP_PRESENT	GAP_PRESENT	LOW	FAMILY_CANDIDATE	LONG_DESCRIPTION	GENERIC_RELEVANT; coverage=GAP_PRESENT; ownership=STORE_GENERIC; observed slices=1.	0.76	YES
1640326205	1124733734	оберег	GENERIC_RELEVANT	3675.0	0.0	0.0	GAP_PRESENT	GAP_PRESENT	LOW	FAMILY_CANDIDATE	LONG_DESCRIPTION	GENERIC_RELEVANT; coverage=GAP_PRESENT; ownership=STORE_GENERIC; observed slices=1.	0.72	YES
1640326205	1124733734	оберег в машину	GENERIC_RELEVANT	1238.0	0.0	0.0	GAP_PRESENT	GAP_PRESENT	LOW	FAMILY_CANDIDATE	LONG_DESCRIPTION	GENERIC_RELEVANT; coverage=GAP_PRESENT; ownership=STORE_GENERIC; observed slices=1.	0.76	YES
1640326205	1124733734	оберег для водителя в машину	GENERIC_RELEVANT	2.0	0.0	0.0	GAP_PRESENT	GAP_PRESENT	LOW	FAMILY_CANDIDATE	LONG_DESCRIPTION	GENERIC_RELEVANT; coverage=GAP_PRESENT; ownership=STORE_GENERIC; observed slices=1.	0.76	YES
1640326205	1124733734	оберег коловрат в машину	GENERIC_RELEVANT	1.0	0.0	886.0	GAP_PRESENT	GAP_PRESENT	LOW	FAMILY_CANDIDATE	LONG_DESCRIPTION	GENERIC_RELEVANT; coverage=GAP_PRESENT; ownership=FAMILY_SHARED; observed slices=2.	0.76	YES
1640326205	1124733734	оберег от сглаза в машину	GENERIC_RELEVANT	61.0	0.0	684.0	GAP_PRESENT	GAP_PRESENT	LOW	FAMILY_CANDIDATE	LONG_DESCRIPTION	GENERIC_RELEVANT; coverage=GAP_PRESENT; ownership=FAMILY_SHARED; observed slices=1.	0.76	YES
1640326205	1124733734	оберег от сглаза и порчи	GENERIC_RELEVANT	455.0	0.0	0.0	GAP_PRESENT	GAP_PRESENT	LOW	FAMILY_CANDIDATE	LONG_DESCRIPTION	GENERIC_RELEVANT; coverage=GAP_PRESENT; ownership=STORE_GENERIC; observed slices=1.	0.72	YES
1640326205	1124733734	оберег славянский для мужчин на шею	FAMILY_RELEVANT	2.0	0.0	0.0	GAP_PRESENT	GAP_PRESENT	LOW	FAMILY_CANDIDATE	LONG_DESCRIPTION	FAMILY_RELEVANT; coverage=GAP_PRESENT; ownership=FAMILY_SHARED; observed slices=1.	0.86	YES
1640326205	1124733734	обереги в машину	GENERIC_RELEVANT	8.0	0.0	0.0	GAP_PRESENT	GAP_PRESENT	LOW	FAMILY_CANDIDATE	LONG_DESCRIPTION	GENERIC_RELEVANT; coverage=GAP_PRESENT; ownership=FAMILY_SHARED; observed slices=1.	0.76	YES
1640326205	1124733734	омулеты	AMBIGUOUS_HOLD	1.0	0.0	0.0	GAP_PRESENT	GAP_PRESENT	MEDIUM	HOLD_AMBIGUOUS	HOLD	AMBIGUOUS_HOLD; coverage=GAP_PRESENT; ownership=UNCLEAR; observed slices=1.	0.42	YES
1640326205	1124733734	от сглаза и порчи оберег	GENERIC_RELEVANT	39.0	0.0	0.0	GAP_PRESENT	GAP_PRESENT	LOW	FAMILY_CANDIDATE	LONG_DESCRIPTION	GENERIC_RELEVANT; coverage=GAP_PRESENT; ownership=FAMILY_SHARED; observed slices=1.	0.72	YES
1640326205	1124733734	подарок мужчине	AMBIGUOUS_HOLD	3813.0	0.0	0.0	GAP_PRESENT	GAP_PRESENT	MEDIUM	HOLD_AMBIGUOUS	HOLD	AMBIGUOUS_HOLD; coverage=GAP_PRESENT; ownership=UNCLEAR; observed slices=1.	0.42	YES
1640326205	1124733734	подвеска в машину	GENERIC_RELEVANT	3171.0	0.0	0.0	GAP_PRESENT	GAP_PRESENT	LOW	FAMILY_CANDIDATE	LONG_DESCRIPTION	GENERIC_RELEVANT; coverage=GAP_PRESENT; ownership=STORE_GENERIC; observed slices=1.	0.76	YES
1640326205	1124733734	подвеска в машину коловрат	GENERIC_RELEVANT	3.0	0.0	0.0	GAP_PRESENT	GAP_PRESENT	LOW	FAMILY_CANDIDATE	LONG_DESCRIPTION	GENERIC_RELEVANT; coverage=GAP_PRESENT; ownership=FAMILY_SHARED; observed slices=1.	0.76	YES
1640326205	1124733734	подвеска мужская коловрат	GENERIC_RELEVANT	1.0	0.0	0.0	GAP_PRESENT	GAP_PRESENT	LOW	FAMILY_CANDIDATE	LONG_DESCRIPTION	GENERIC_RELEVANT; coverage=GAP_PRESENT; ownership=FAMILY_SHARED; observed slices=1.	0.72	YES
1640326205	1124733734	подвеска мужская оберег	GENERIC_RELEVANT	2.0	0.0	0.0	GAP_PRESENT	GAP_PRESENT	LOW	FAMILY_CANDIDATE	LONG_DESCRIPTION	GENERIC_RELEVANT; coverage=GAP_PRESENT; ownership=FAMILY_SHARED; observed slices=1.	0.72	YES
1640326205	1124733734	подвеска на зеркало в машину	GENERIC_RELEVANT	1334.0	0.0	0.0	GAP_PRESENT	GAP_PRESENT	LOW	FAMILY_CANDIDATE	LONG_DESCRIPTION	GENERIC_RELEVANT; coverage=GAP_PRESENT; ownership=STORE_GENERIC; observed slices=1.	0.76	YES
1640326205	1124733734	подвеска от сглаза	GENERIC_RELEVANT	278.0	0.0	0.0	GAP_PRESENT	GAP_PRESENT	LOW	FAMILY_CANDIDATE	LONG_DESCRIPTION	GENERIC_RELEVANT; coverage=GAP_PRESENT; ownership=FAMILY_SHARED; observed slices=1.	0.72	YES
1640326205	1124733734	славянская подвеска	FAMILY_RELEVANT	4.0	0.0	0.0	GAP_PRESENT	GAP_PRESENT	LOW	FAMILY_CANDIDATE	LONG_DESCRIPTION	FAMILY_RELEVANT; coverage=GAP_PRESENT; ownership=FAMILY_SHARED; observed slices=1.	0.86	YES
1640326205	1124733734	славянские обереги	FAMILY_RELEVANT	1078.0	0.0	0.0	GAP_PRESENT	GAP_PRESENT	LOW	FAMILY_CANDIDATE	LONG_DESCRIPTION	FAMILY_RELEVANT; coverage=GAP_PRESENT; ownership=FAMILY_SHARED; observed slices=1.	0.86	YES
1640326205	1124733734	славянский колядыдар	FAMILY_RELEVANT	1.0	0.0	642.0	GAP_PRESENT	GAP_PRESENT	LOW	FAMILY_CANDIDATE	LONG_DESCRIPTION	FAMILY_RELEVANT; coverage=GAP_PRESENT; ownership=FAMILY_SHARED; observed slices=2.	0.86	YES
1640326205	1124733734	славянский оберег	FAMILY_RELEVANT	608.0	0.0	0.0	GAP_PRESENT	GAP_PRESENT	LOW	FAMILY_CANDIDATE	LONG_DESCRIPTION	FAMILY_RELEVANT; coverage=GAP_PRESENT; ownership=FAMILY_SHARED; observed slices=1.	0.86	YES
1640326205	1124733734	славянский оберег колядник	EXACT_PRODUCT	1.0	0.0	640.0	NO_GAP	NO_GAP	LOW	NO_CHANGE	NONE	EXACT_PRODUCT; coverage=NO_GAP; ownership=SKU_SPECIFIC; observed slices=2.	0.95	NO
1640326205	1124733734	славянский оберег мужской	FAMILY_RELEVANT	198.0	0.0	466.0	GAP_PRESENT	GAP_PRESENT	LOW	FAMILY_CANDIDATE	LONG_DESCRIPTION	FAMILY_RELEVANT; coverage=GAP_PRESENT; ownership=FAMILY_SHARED; observed slices=1.	0.86	YES
1640326205	1124733734	четки в машину	GENERIC_RELEVANT	533.0	0.0	0.0	GAP_PRESENT	GAP_PRESENT	LOW	FAMILY_CANDIDATE	LONG_DESCRIPTION	GENERIC_RELEVANT; coverage=GAP_PRESENT; ownership=STORE_GENERIC; observed slices=1.	0.76	YES
1640326205	1124733734	четки руны	GENERIC_RELEVANT	3.0	0.0	0.0	GAP_PRESENT	GAP_PRESENT	LOW	FAMILY_CANDIDATE	LONG_DESCRIPTION	GENERIC_RELEVANT; coverage=GAP_PRESENT; ownership=STORE_GENERIC; observed slices=1.	0.72	YES
1640326205	1124733734	четки с коловратом	GENERIC_RELEVANT	0.0	0.0	1628.0	GAP_PRESENT	GAP_PRESENT	LOW	FAMILY_CANDIDATE	LONG_DESCRIPTION	GENERIC_RELEVANT; coverage=GAP_PRESENT; ownership=FAMILY_SHARED; observed slices=2.	0.72	YES
1640326230	1124751825	12 з подвеска	GENERIC_RELEVANT	0.0	0.0	0.0	GAP_PRESENT	GAP_PRESENT	LOW	FAMILY_CANDIDATE	LONG_DESCRIPTION	GENERIC_RELEVANT; coverage=GAP_PRESENT; ownership=FAMILY_SHARED; observed slices=1.	0.72	YES
1640326230	1124751825	автомобиль , подаренный предкам	GENERIC_RELEVANT	1.0	0.0	0.0	GAP_PRESENT	GAP_PRESENT	LOW	FAMILY_CANDIDATE	LONG_DESCRIPTION	GENERIC_RELEVANT; coverage=GAP_PRESENT; ownership=FAMILY_SHARED; observed slices=1.	0.76	YES
1640326230	1124751825	амулет з	GENERIC_RELEVANT	0.0	0.0	0.0	GAP_PRESENT	GAP_PRESENT	LOW	FAMILY_CANDIDATE	LONG_DESCRIPTION	GENERIC_RELEVANT; coverage=GAP_PRESENT; ownership=FAMILY_SHARED; observed slices=1.	0.72	YES
1640326230	1124751825	брелок в машину на зеркало мужской полиция	GENERIC_RELEVANT	1.0	0.0	0.0	GAP_PRESENT	GAP_PRESENT	LOW	FAMILY_CANDIDATE	LONG_DESCRIPTION	GENERIC_RELEVANT; coverage=GAP_PRESENT; ownership=FAMILY_SHARED; observed slices=1.	0.76	YES
1640326230	1124751825	в машину амулет	GENERIC_RELEVANT	0.0	0.0	0.0	GAP_PRESENT	GAP_PRESENT	LOW	FAMILY_CANDIDATE	LONG_DESCRIPTION	GENERIC_RELEVANT; coverage=GAP_PRESENT; ownership=STORE_GENERIC; observed slices=1.	0.76	YES
1640326230	1124751825	ведьмина подвеска	GENERIC_RELEVANT	2.0	0.0	0.0	GAP_PRESENT	GAP_PRESENT	LOW	FAMILY_CANDIDATE	LONG_DESCRIPTION	GENERIC_RELEVANT; coverage=GAP_PRESENT; ownership=STORE_GENERIC; observed slices=1.	0.72	YES
1640326230	1124751825	для эзотерика предметы	AMBIGUOUS_HOLD	1.0	0.0	0.0	GAP_PRESENT	GAP_PRESENT	MEDIUM	HOLD_AMBIGUOUS	HOLD	AMBIGUOUS_HOLD; coverage=GAP_PRESENT; ownership=UNCLEAR; observed slices=1.	0.42	YES
1640326230	1124751825	духи	AMBIGUOUS_HOLD	11892.0	0.0	0.0	GAP_PRESENT	GAP_PRESENT	MEDIUM	HOLD_AMBIGUOUS	HOLD	AMBIGUOUS_HOLD; coverage=GAP_PRESENT; ownership=UNCLEAR; observed slices=1.	0.42	YES
1640326230	1124751825	зеркало в славянском стиле из дерева	FAMILY_RELEVANT	1.0	0.0	0.0	GAP_PRESENT	GAP_PRESENT	LOW	FAMILY_CANDIDATE	LONG_DESCRIPTION	FAMILY_RELEVANT; coverage=GAP_PRESENT; ownership=FAMILY_SHARED; observed slices=1.	0.86	YES
1640326230	1124751825	зеркало магическое	GENERIC_RELEVANT	13.0	0.0	0.0	GAP_PRESENT	GAP_PRESENT	LOW	FAMILY_CANDIDATE	LONG_DESCRIPTION	GENERIC_RELEVANT; coverage=GAP_PRESENT; ownership=STORE_GENERIC; observed slices=1.	0.76	YES
1640326230	1124751825	зеркало толи	GENERIC_RELEVANT	3.0	0.0	0.0	GAP_PRESENT	GAP_PRESENT	LOW	FAMILY_CANDIDATE	LONG_DESCRIPTION	GENERIC_RELEVANT; coverage=GAP_PRESENT; ownership=STORE_GENERIC; observed slices=1.	0.76	YES
1640326230	1124751825	коловрат	AMBIGUOUS_HOLD	1021.0	0.0	0.0	GAP_PRESENT	GAP_PRESENT	MEDIUM	HOLD_AMBIGUOUS	HOLD	AMBIGUOUS_HOLD; coverage=GAP_PRESENT; ownership=UNCLEAR; observed slices=1.	0.42	YES
1640326230	1124751825	коловрат подвеска	GENERIC_RELEVANT	293.0	0.0	0.0	GAP_PRESENT	GAP_PRESENT	LOW	FAMILY_CANDIDATE	LONG_DESCRIPTION	GENERIC_RELEVANT; coverage=GAP_PRESENT; ownership=STORE_GENERIC; observed slices=1.	0.72	YES
1640326230	1124751825	на зеркало подвеска в машину	GENERIC_RELEVANT	1.0	0.0	0.0	GAP_PRESENT	GAP_PRESENT	LOW	FAMILY_CANDIDATE	LONG_DESCRIPTION	GENERIC_RELEVANT; coverage=GAP_PRESENT; ownership=STORE_GENERIC; observed slices=1.	0.76	YES
1640326230	1124751825	набор автомобилиста	GENERIC_RELEVANT	1419.0	0.0	0.0	GAP_PRESENT	GAP_PRESENT	LOW	FAMILY_CANDIDATE	LONG_DESCRIPTION	GENERIC_RELEVANT; coverage=GAP_PRESENT; ownership=STORE_GENERIC; observed slices=1.	0.76	YES
1640326230	1124751825	набор для творчества	AMBIGUOUS_HOLD	1007.0	0.0	0.0	GAP_PRESENT	GAP_PRESENT	MEDIUM	HOLD_AMBIGUOUS	HOLD	AMBIGUOUS_HOLD; coverage=GAP_PRESENT; ownership=UNCLEAR; observed slices=1.	0.42	YES
1640326230	1124751825	оберег	GENERIC_RELEVANT	2031.0	0.0	0.0	GAP_PRESENT	GAP_PRESENT	LOW	FAMILY_CANDIDATE	LONG_DESCRIPTION	GENERIC_RELEVANT; coverage=GAP_PRESENT; ownership=STORE_GENERIC; observed slices=1.	0.72	YES
1640326230	1124751825	оберег для авто	GENERIC_RELEVANT	1.0	0.0	0.0	GAP_PRESENT	GAP_PRESENT	LOW	FAMILY_CANDIDATE	LONG_DESCRIPTION	GENERIC_RELEVANT; coverage=GAP_PRESENT; ownership=STORE_GENERIC; observed slices=1.	0.76	YES
1640326230	1124751825	оберег на машину куз тимэсен	GENERIC_RELEVANT	0.0	0.0	0.0	GAP_PRESENT	GAP_PRESENT	LOW	FAMILY_CANDIDATE	LONG_DESCRIPTION	GENERIC_RELEVANT; coverage=GAP_PRESENT; ownership=FAMILY_SHARED; observed slices=1.	0.76	YES
1640326230	1124751825	оберег на машину славянский	FAMILY_RELEVANT	0.0	0.0	0.0	GAP_PRESENT	GAP_PRESENT	LOW	FAMILY_CANDIDATE	LONG_DESCRIPTION	FAMILY_RELEVANT; coverage=GAP_PRESENT; ownership=FAMILY_SHARED; observed slices=1.	0.86	YES
1640326230	1124751825	оберег от сглаза и порчи	GENERIC_RELEVANT	666.0	0.0	0.0	GAP_PRESENT	GAP_PRESENT	LOW	FAMILY_CANDIDATE	LONG_DESCRIPTION	GENERIC_RELEVANT; coverage=GAP_PRESENT; ownership=STORE_GENERIC; observed slices=1.	0.72	YES
1640326230	1124751825	оберег с зеркалом	GENERIC_RELEVANT	1.0	0.0	0.0	GAP_PRESENT	GAP_PRESENT	LOW	FAMILY_CANDIDATE	LONG_DESCRIPTION	GENERIC_RELEVANT; coverage=GAP_PRESENT; ownership=STORE_GENERIC; observed slices=1.	0.76	YES
1640326230	1124751825	оберег славянский на зеркало	FAMILY_RELEVANT	1.0	0.0	0.0	GAP_PRESENT	GAP_PRESENT	LOW	FAMILY_CANDIDATE	LONG_DESCRIPTION	FAMILY_RELEVANT; coverage=GAP_PRESENT; ownership=FAMILY_SHARED; observed slices=1.	0.86	YES
1640326230	1124751825	обереги	GENERIC_RELEVANT	1.0	0.0	0.0	GAP_PRESENT	GAP_PRESENT	LOW	FAMILY_CANDIDATE	LONG_DESCRIPTION	GENERIC_RELEVANT; coverage=GAP_PRESENT; ownership=STORE_GENERIC; observed slices=1.	0.72	YES
1640326230	1124751825	обереги коловрат	GENERIC_RELEVANT	0.0	0.0	0.0	GAP_PRESENT	GAP_PRESENT	LOW	FAMILY_CANDIDATE	LONG_DESCRIPTION	GENERIC_RELEVANT; coverage=GAP_PRESENT; ownership=FAMILY_SHARED; observed slices=1.	0.72	YES
1640326230	1124751825	обереготсглаза	GENERIC_RELEVANT	0.0	0.0	0.0	GAP_PRESENT	GAP_PRESENT	LOW	FAMILY_CANDIDATE	LONG_DESCRIPTION	GENERIC_RELEVANT; coverage=GAP_PRESENT; ownership=STORE_GENERIC; observed slices=1.	0.72	YES
1640326230	1124751825	от сглаза	GENERIC_RELEVANT	615.0	0.0	0.0	GAP_PRESENT	GAP_PRESENT	LOW	FAMILY_CANDIDATE	LONG_DESCRIPTION	GENERIC_RELEVANT; coverage=GAP_PRESENT; ownership=STORE_GENERIC; observed slices=1.	0.72	YES
1640326230	1124751825	от сглаза и порчи оберег	GENERIC_RELEVANT	265.0	0.0	0.0	GAP_PRESENT	GAP_PRESENT	LOW	FAMILY_CANDIDATE	LONG_DESCRIPTION	GENERIC_RELEVANT; coverage=GAP_PRESENT; ownership=FAMILY_SHARED; observed slices=1.	0.72	YES
1640326230	1124751825	паук в смоле подвеска на зеркало	GENERIC_RELEVANT	1.0	0.0	0.0	GAP_PRESENT	GAP_PRESENT	LOW	FAMILY_CANDIDATE	LONG_DESCRIPTION	GENERIC_RELEVANT; coverage=GAP_PRESENT; ownership=STORE_GENERIC; observed slices=1.	0.76	YES
1640326230	1124751825	подарочный набор	AMBIGUOUS_HOLD	1892.0	0.0	0.0	GAP_PRESENT	GAP_PRESENT	MEDIUM	HOLD_AMBIGUOUS	HOLD	AMBIGUOUS_HOLD; coverage=GAP_PRESENT; ownership=UNCLEAR; observed slices=1.	0.42	YES
1640326230	1124751825	подвеска в иашину	GENERIC_RELEVANT	1.0	0.0	0.0	GAP_PRESENT	GAP_PRESENT	LOW	FAMILY_CANDIDATE	LONG_DESCRIPTION	GENERIC_RELEVANT; coverage=GAP_PRESENT; ownership=STORE_GENERIC; observed slices=1.	0.72	YES
1640326230	1124751825	подвеска в машину	GENERIC_RELEVANT	3171.0	0.0	0.0	GAP_PRESENT	GAP_PRESENT	LOW	FAMILY_CANDIDATE	LONG_DESCRIPTION	GENERIC_RELEVANT; coverage=GAP_PRESENT; ownership=STORE_GENERIC; observed slices=1.	0.76	YES
1640326230	1124751825	подвеска в машину на зеркало инь янь	GENERIC_RELEVANT	0.0	0.0	0.0	GAP_PRESENT	GAP_PRESENT	LOW	FAMILY_CANDIDATE	LONG_DESCRIPTION	GENERIC_RELEVANT; coverage=GAP_PRESENT; ownership=FAMILY_SHARED; observed slices=1.	0.76	YES
1640326230	1124751825	подвеска в машину на зеркало с крестом провославным	GENERIC_RELEVANT	1.0	0.0	0.0	GAP_PRESENT	GAP_PRESENT	LOW	FAMILY_CANDIDATE	LONG_DESCRIPTION	GENERIC_RELEVANT; coverage=GAP_PRESENT; ownership=STORE_GENERIC; observed slices=1.	0.76	YES
1640326230	1124751825	подвеска в машину на зеркало спецназ внутренних войск	GENERIC_RELEVANT	1.0	0.0	0.0	GAP_PRESENT	GAP_PRESENT	LOW	FAMILY_CANDIDATE	LONG_DESCRIPTION	GENERIC_RELEVANT; coverage=GAP_PRESENT; ownership=STORE_GENERIC; observed slices=1.	0.76	YES
1640326230	1124751825	подвеска в машину на зеркало юрта	GENERIC_RELEVANT	0.0	0.0	0.0	GAP_PRESENT	GAP_PRESENT	LOW	FAMILY_CANDIDATE	LONG_DESCRIPTION	GENERIC_RELEVANT; coverage=GAP_PRESENT; ownership=STORE_GENERIC; observed slices=1.	0.76	YES
1640326230	1124751825	подвеска в машину наррд	GENERIC_RELEVANT	0.0	0.0	0.0	GAP_PRESENT	GAP_PRESENT	LOW	FAMILY_CANDIDATE	LONG_DESCRIPTION	GENERIC_RELEVANT; coverage=GAP_PRESENT; ownership=FAMILY_SHARED; observed slices=1.	0.76	YES
1640326230	1124751825	подвеска на зеркало в машину	GENERIC_RELEVANT	1159.0	0.0	0.0	GAP_PRESENT	GAP_PRESENT	LOW	FAMILY_CANDIDATE	LONG_DESCRIPTION	GENERIC_RELEVANT; coverage=GAP_PRESENT; ownership=STORE_GENERIC; observed slices=1.	0.76	YES
1640326230	1124751825	подвеска на зеркало в машину згт	GENERIC_RELEVANT	0.0	0.0	0.0	GAP_PRESENT	GAP_PRESENT	LOW	FAMILY_CANDIDATE	LONG_DESCRIPTION	GENERIC_RELEVANT; coverage=GAP_PRESENT; ownership=FAMILY_SHARED; observed slices=1.	0.76	YES
1640326230	1124751825	подвеска на машину	GENERIC_RELEVANT	12.0	0.0	0.0	GAP_PRESENT	GAP_PRESENT	LOW	FAMILY_CANDIDATE	LONG_DESCRIPTION	GENERIC_RELEVANT; coverage=GAP_PRESENT; ownership=STORE_GENERIC; observed slices=1.	0.76	YES
1640326230	1124751825	подвеска под з	GENERIC_RELEVANT	0.0	0.0	0.0	GAP_PRESENT	GAP_PRESENT	LOW	FAMILY_CANDIDATE	LONG_DESCRIPTION	GENERIC_RELEVANT; coverage=GAP_PRESENT; ownership=FAMILY_SHARED; observed slices=1.	0.72	YES
1640326230	1124751825	подвеска славянская на зеркало автомобиля	FAMILY_RELEVANT	1.0	0.0	0.0	GAP_PRESENT	GAP_PRESENT	LOW	FAMILY_CANDIDATE	LONG_DESCRIPTION	FAMILY_RELEVANT; coverage=GAP_PRESENT; ownership=FAMILY_SHARED; observed slices=1.	0.86	YES
1640326230	1124751825	подвески в авто на зеркало деревянные	GENERIC_RELEVANT	1.0	0.0	0.0	GAP_PRESENT	GAP_PRESENT	LOW	FAMILY_CANDIDATE	LONG_DESCRIPTION	GENERIC_RELEVANT; coverage=GAP_PRESENT; ownership=FAMILY_SHARED; observed slices=1.	0.76	YES
1640326230	1124751825	распродажа	AMBIGUOUS_HOLD	1238.0	0.0	0.0	GAP_PRESENT	GAP_PRESENT	MEDIUM	HOLD_AMBIGUOUS	HOLD	AMBIGUOUS_HOLD; coverage=GAP_PRESENT; ownership=UNCLEAR; observed slices=1.	0.42	YES
1640326230	1124751825	сварог зн	NEIGHBOR_PRODUCT	0.0	0.0	0.0	NOT_APPLICABLE	NOT_APPLICABLE	LOW	REJECT_NEIGHBOR	NONE	NEIGHBOR_PRODUCT; coverage=NOT_APPLICABLE; ownership=EXCLUDED; observed slices=1.	0.96	NO
1640326230	1124751825	символ славянский	FAMILY_RELEVANT	1.0	0.0	0.0	GAP_PRESENT	GAP_PRESENT	LOW	FAMILY_CANDIDATE	LONG_DESCRIPTION	FAMILY_RELEVANT; coverage=GAP_PRESENT; ownership=FAMILY_SHARED; observed slices=1.	0.86	YES
1640326230	1124751825	славяне оберег	FAMILY_RELEVANT	1.0	0.0	0.0	GAP_PRESENT	GAP_PRESENT	LOW	FAMILY_CANDIDATE	LONG_DESCRIPTION	FAMILY_RELEVANT; coverage=GAP_PRESENT; ownership=FAMILY_SHARED; observed slices=1.	0.86	YES
1640326230	1124751825	славянкая защита	FAMILY_RELEVANT	1.0	0.0	0.0	GAP_PRESENT	GAP_PRESENT	LOW	FAMILY_CANDIDATE	LONG_DESCRIPTION	FAMILY_RELEVANT; coverage=GAP_PRESENT; ownership=FAMILY_SHARED; observed slices=1.	0.86	YES
1640326230	1124751825	славянские обереги	FAMILY_RELEVANT	633.0	0.0	0.0	GAP_PRESENT	GAP_PRESENT	LOW	FAMILY_CANDIDATE	LONG_DESCRIPTION	FAMILY_RELEVANT; coverage=GAP_PRESENT; ownership=FAMILY_SHARED; observed slices=2.	0.86	YES
1640326230	1124751825	славянские обереги знич	EXACT_PRODUCT	0.0	0.0	0.0	NO_GAP	NO_GAP	LOW	NO_CHANGE	NONE	EXACT_PRODUCT; coverage=NO_GAP; ownership=SKU_SPECIFIC; observed slices=1.	0.95	NO
1640326230	1124751825	славянские руны подвеска	FAMILY_RELEVANT	0.0	0.0	0.0	GAP_PRESENT	GAP_PRESENT	LOW	FAMILY_CANDIDATE	LONG_DESCRIPTION	FAMILY_RELEVANT; coverage=GAP_PRESENT; ownership=FAMILY_SHARED; observed slices=1.	0.86	YES
1640326230	1124751825	славянскиеобереги	FAMILY_RELEVANT	0.0	0.0	0.0	GAP_PRESENT	GAP_PRESENT	LOW	FAMILY_CANDIDATE	LONG_DESCRIPTION	FAMILY_RELEVANT; coverage=GAP_PRESENT; ownership=FAMILY_SHARED; observed slices=1.	0.86	YES
1640326230	1124751825	славянский оберег война	FAMILY_RELEVANT	1.0	0.0	0.0	GAP_PRESENT	GAP_PRESENT	LOW	FAMILY_CANDIDATE	LONG_DESCRIPTION	FAMILY_RELEVANT; coverage=GAP_PRESENT; ownership=FAMILY_SHARED; observed slices=1.	0.86	YES
1640326230	1124751825	славянский оберег для волос	FAMILY_RELEVANT	1.0	0.0	0.0	GAP_PRESENT	GAP_PRESENT	LOW	FAMILY_CANDIDATE	LONG_DESCRIPTION	FAMILY_RELEVANT; coverage=GAP_PRESENT; ownership=FAMILY_SHARED; observed slices=1.	0.86	YES
1640326230	1124751825	талисман оберег деревянный	GENERIC_RELEVANT	1.0	0.0	0.0	GAP_PRESENT	GAP_PRESENT	LOW	FAMILY_CANDIDATE	LONG_DESCRIPTION	GENERIC_RELEVANT; coverage=GAP_PRESENT; ownership=FAMILY_SHARED; observed slices=1.	0.72	YES
1640326230	1124751825	хобби	AMBIGUOUS_HOLD	306.0	0.0	0.0	GAP_PRESENT	GAP_PRESENT	MEDIUM	HOLD_AMBIGUOUS	HOLD	AMBIGUOUS_HOLD; coverage=GAP_PRESENT; ownership=UNCLEAR; observed slices=1.	0.42	YES
1640326230	1124751825	четки в машину на зеркало	GENERIC_RELEVANT	1.0	0.0	0.0	GAP_PRESENT	GAP_PRESENT	LOW	FAMILY_CANDIDATE	LONG_DESCRIPTION	GENERIC_RELEVANT; coverage=GAP_PRESENT; ownership=STORE_GENERIC; observed slices=1.	0.76	YES
1640326230	1124751825	четки з	GENERIC_RELEVANT	0.0	0.0	0.0	GAP_PRESENT	GAP_PRESENT	LOW	FAMILY_CANDIDATE	LONG_DESCRIPTION	GENERIC_RELEVANT; coverage=GAP_PRESENT; ownership=FAMILY_SHARED; observed slices=1.	0.72	YES
1640326230	1124751825	чур славянский в машину на зеркало	FAMILY_RELEVANT	1.0	0.0	0.0	GAP_PRESENT	GAP_PRESENT	LOW	FAMILY_CANDIDATE	LONG_DESCRIPTION	FAMILY_RELEVANT; coverage=GAP_PRESENT; ownership=FAMILY_SHARED; observed slices=1.	0.86	YES
1640330072	1124755617	амулет	GENERIC_RELEVANT	805.0	0.0	0.0	GAP_PRESENT	GAP_PRESENT	LOW	FAMILY_CANDIDATE	LONG_DESCRIPTION	GENERIC_RELEVANT; coverage=GAP_PRESENT; ownership=STORE_GENERIC; observed slices=2.	0.72	YES
1640330072	1124755617	амулет на зеркало оберег в машину	GENERIC_RELEVANT	1.0	0.0	0.0	GAP_PRESENT	GAP_PRESENT	LOW	FAMILY_CANDIDATE	LONG_DESCRIPTION	GENERIC_RELEVANT; coverage=GAP_PRESENT; ownership=STORE_GENERIC; observed slices=1.	0.76	YES
1640330072	1124755617	амулет на шею мужской славянский оберег	FAMILY_RELEVANT	1.0	0.0	0.0	GAP_PRESENT	GAP_PRESENT	LOW	FAMILY_CANDIDATE	LONG_DESCRIPTION	FAMILY_RELEVANT; coverage=GAP_PRESENT; ownership=FAMILY_SHARED; observed slices=1.	0.86	YES
1640330072	1124755617	амулет от сглаза в машину	GENERIC_RELEVANT	4.0	0.0	0.0	GAP_PRESENT	GAP_PRESENT	LOW	FAMILY_CANDIDATE	LONG_DESCRIPTION	GENERIC_RELEVANT; coverage=GAP_PRESENT; ownership=FAMILY_SHARED; observed slices=1.	0.76	YES
1640330072	1124755617	амулеты и обереги набор	GENERIC_RELEVANT	1.0	0.0	0.0	GAP_PRESENT	GAP_PRESENT	LOW	FAMILY_CANDIDATE	LONG_DESCRIPTION	GENERIC_RELEVANT; coverage=GAP_PRESENT; ownership=FAMILY_SHARED; observed slices=1.	0.72	YES
1640330072	1124755617	амулеты обереги и талисманы	GENERIC_RELEVANT	302.0	0.0	0.0	GAP_PRESENT	GAP_PRESENT	LOW	FAMILY_CANDIDATE	LONG_DESCRIPTION	GENERIC_RELEVANT; coverage=GAP_PRESENT; ownership=STORE_GENERIC; observed slices=2.	0.72	YES
1640330072	1124755617	амулеты обереги и талисманы зеркалр	GENERIC_RELEVANT	0.0	0.0	0.0	GAP_PRESENT	GAP_PRESENT	LOW	FAMILY_CANDIDATE	LONG_DESCRIPTION	GENERIC_RELEVANT; coverage=GAP_PRESENT; ownership=STORE_GENERIC; observed slices=1.	0.76	YES
1640330072	1124755617	амулеты обереги славянские латунь	FAMILY_RELEVANT	1.0	0.0	0.0	GAP_PRESENT	GAP_PRESENT	LOW	FAMILY_CANDIDATE	LONG_DESCRIPTION	FAMILY_RELEVANT; coverage=GAP_PRESENT; ownership=FAMILY_SHARED; observed slices=1.	0.86	YES
1640330072	1124755617	амулеты славян	FAMILY_RELEVANT	1.0	0.0	0.0	GAP_PRESENT	GAP_PRESENT	LOW	FAMILY_CANDIDATE	LONG_DESCRIPTION	FAMILY_RELEVANT; coverage=GAP_PRESENT; ownership=FAMILY_SHARED; observed slices=1.	0.86	YES
1640330072	1124755617	амулеты славянские мужские	FAMILY_RELEVANT	1.0	0.0	0.0	GAP_PRESENT	GAP_PRESENT	LOW	FAMILY_CANDIDATE	LONG_DESCRIPTION	FAMILY_RELEVANT; coverage=GAP_PRESENT; ownership=FAMILY_SHARED; observed slices=1.	0.86	YES
1640330072	1124755617	аодвеска зеркало	GENERIC_RELEVANT	0.0	0.0	0.0	GAP_PRESENT	GAP_PRESENT	LOW	FAMILY_CANDIDATE	LONG_DESCRIPTION	GENERIC_RELEVANT; coverage=GAP_PRESENT; ownership=STORE_GENERIC; observed slices=1.	0.76	YES
1640330072	1124755617	брелок гром и	AMBIGUOUS_HOLD	0.0	0.0	0.0	GAP_PRESENT	GAP_PRESENT	MEDIUM	HOLD_AMBIGUOUS	HOLD	AMBIGUOUS_HOLD; coverage=GAP_PRESENT; ownership=UNCLEAR; observed slices=1.	0.42	YES
1640330072	1124755617	брелок громовик	EXACT_PRODUCT	0.0	0.0	0.0	PARTIAL_GAP	PARTIAL_GAP	LOW	READY_CANDIDATE	LONG_DESCRIPTION	EXACT_PRODUCT; coverage=PARTIAL_GAP; ownership=SKU_SPECIFIC; observed slices=2.	0.95	YES
1640330072	1124755617	брелок каловрат	AMBIGUOUS_HOLD	0.0	0.0	0.0	GAP_PRESENT	GAP_PRESENT	MEDIUM	HOLD_AMBIGUOUS	HOLD	AMBIGUOUS_HOLD; coverage=GAP_PRESENT; ownership=UNCLEAR; observed slices=1.	0.42	YES
1640330072	1124755617	брелок коло	AMBIGUOUS_HOLD	0.0	0.0	0.0	GAP_PRESENT	GAP_PRESENT	MEDIUM	HOLD_AMBIGUOUS	HOLD	AMBIGUOUS_HOLD; coverage=GAP_PRESENT; ownership=UNCLEAR; observed slices=1.	0.42	YES
1640330072	1124755617	брелок на маштну ловец снов в машину	GENERIC_RELEVANT	1.0	0.0	0.0	GAP_PRESENT	GAP_PRESENT	LOW	FAMILY_CANDIDATE	LONG_DESCRIPTION	GENERIC_RELEVANT; coverage=GAP_PRESENT; ownership=FAMILY_SHARED; observed slices=1.	0.76	YES
1640330072	1124755617	брелок оберег в машину на зеркало	GENERIC_RELEVANT	1.0	0.0	0.0	GAP_PRESENT	GAP_PRESENT	LOW	FAMILY_CANDIDATE	LONG_DESCRIPTION	GENERIC_RELEVANT; coverage=GAP_PRESENT; ownership=FAMILY_SHARED; observed slices=1.	0.76	YES
1640330072	1124755617	бусины руны	AMBIGUOUS_HOLD	6.0	0.0	0.0	GAP_PRESENT	GAP_PRESENT	MEDIUM	HOLD_AMBIGUOUS	HOLD	AMBIGUOUS_HOLD; coverage=GAP_PRESENT; ownership=UNCLEAR; observed slices=1.	0.42	YES
1640330072	1124755617	бутсы подвеска в машину на зеркало	GENERIC_RELEVANT	1.0	0.0	0.0	GAP_PRESENT	GAP_PRESENT	LOW	FAMILY_CANDIDATE	LONG_DESCRIPTION	GENERIC_RELEVANT; coverage=GAP_PRESENT; ownership=FAMILY_SHARED; observed slices=1.	0.76	YES
1640330072	1124755617	в машину на зеркало	GENERIC_RELEVANT	183.0	0.0	894.0	GAP_PRESENT	GAP_PRESENT	LOW	FAMILY_CANDIDATE	LONG_DESCRIPTION	GENERIC_RELEVANT; coverage=GAP_PRESENT; ownership=STORE_GENERIC; observed slices=1.	0.76	YES
1640330072	1124755617	ведьмочка подвеска в машину обьемная	GENERIC_RELEVANT	1.0	0.0	0.0	GAP_PRESENT	GAP_PRESENT	LOW	FAMILY_CANDIDATE	LONG_DESCRIPTION	GENERIC_RELEVANT; coverage=GAP_PRESENT; ownership=FAMILY_SHARED; observed slices=1.	0.76	YES
1640330072	1124755617	висюлька на зеркало в машину белая пушистая	GENERIC_RELEVANT	0.0	0.0	0.0	GAP_PRESENT	GAP_PRESENT	LOW	FAMILY_CANDIDATE	LONG_DESCRIPTION	GENERIC_RELEVANT; coverage=GAP_PRESENT; ownership=STORE_GENERIC; observed slices=1.	0.76	YES
1640330072	1124755617	военная атрибутика для мужчины	AMBIGUOUS_HOLD	2.0	0.0	0.0	GAP_PRESENT	GAP_PRESENT	MEDIUM	HOLD_AMBIGUOUS	HOLD	AMBIGUOUS_HOLD; coverage=GAP_PRESENT; ownership=UNCLEAR; observed slices=1.	0.42	YES
1640330072	1124755617	громовик колесо	EXACT_PRODUCT	0.0	0.0	0.0	PARTIAL_GAP	PARTIAL_GAP	LOW	READY_CANDIDATE	LONG_DESCRIPTION	EXACT_PRODUCT; coverage=PARTIAL_GAP; ownership=SKU_SPECIFIC; observed slices=1.	0.95	YES
1640330072	1124755617	громовик оберег с	EXACT_PRODUCT	0.0	0.0	0.0	NO_GAP	NO_GAP	LOW	NO_CHANGE	NONE	EXACT_PRODUCT; coverage=NO_GAP; ownership=SKU_SPECIFIC; observed slices=1.	0.95	NO
1640330072	1124755617	громовка оберег	GENERIC_RELEVANT	0.0	0.0	0.0	GAP_PRESENT	GAP_PRESENT	LOW	FAMILY_CANDIDATE	LONG_DESCRIPTION	GENERIC_RELEVANT; coverage=GAP_PRESENT; ownership=FAMILY_SHARED; observed slices=1.	0.72	YES
1640330072	1124755617	декали славянские обереги	FAMILY_RELEVANT	1.0	0.0	0.0	GAP_PRESENT	GAP_PRESENT	LOW	FAMILY_CANDIDATE	LONG_DESCRIPTION	FAMILY_RELEVANT; coverage=GAP_PRESENT; ownership=FAMILY_SHARED; observed slices=1.	0.86	YES
1640330072	1124755617	дикий вепрь славянская подвеска	FAMILY_RELEVANT	1.0	0.0	0.0	GAP_PRESENT	GAP_PRESENT	LOW	FAMILY_CANDIDATE	LONG_DESCRIPTION	FAMILY_RELEVANT; coverage=GAP_PRESENT; ownership=FAMILY_SHARED; observed slices=1.	0.86	YES
1640330072	1124755617	зеркало оберег на шею славянское	FAMILY_RELEVANT	0.0	0.0	0.0	GAP_PRESENT	GAP_PRESENT	LOW	FAMILY_CANDIDATE	LONG_DESCRIPTION	FAMILY_RELEVANT; coverage=GAP_PRESENT; ownership=FAMILY_SHARED; observed slices=1.	0.86	YES
1640330072	1124755617	зеркало с черепами	GENERIC_RELEVANT	0.0	0.0	0.0	GAP_PRESENT	GAP_PRESENT	LOW	FAMILY_CANDIDATE	LONG_DESCRIPTION	GENERIC_RELEVANT; coverage=GAP_PRESENT; ownership=FAMILY_SHARED; observed slices=1.	0.76	YES
1640330072	1124755617	золотой славянский оберег	FAMILY_RELEVANT	1.0	0.0	0.0	GAP_PRESENT	GAP_PRESENT	LOW	FAMILY_CANDIDATE	LONG_DESCRIPTION	FAMILY_RELEVANT; coverage=GAP_PRESENT; ownership=FAMILY_SHARED; observed slices=1.	0.86	YES
1640330072	1124755617	коловрат	AMBIGUOUS_HOLD	1932.0	0.0	0.0	GAP_PRESENT	GAP_PRESENT	MEDIUM	HOLD_AMBIGUOUS	HOLD	AMBIGUOUS_HOLD; coverage=GAP_PRESENT; ownership=UNCLEAR; observed slices=1.	0.42	YES
1640330072	1124755617	коловрат в машину	GENERIC_RELEVANT	20.0	0.0	631.0	GAP_PRESENT	GAP_PRESENT	LOW	FAMILY_CANDIDATE	LONG_DESCRIPTION	GENERIC_RELEVANT; coverage=GAP_PRESENT; ownership=STORE_GENERIC; observed slices=1.	0.76	YES
1640330072	1124755617	коловратка	AMBIGUOUS_HOLD	0.0	0.0	0.0	GAP_PRESENT	GAP_PRESENT	MEDIUM	HOLD_AMBIGUOUS	HOLD	AMBIGUOUS_HOLD; coverage=GAP_PRESENT; ownership=UNCLEAR; observed slices=1.	0.42	YES
1640330072	1124755617	на зеркало в машину украшение	GENERIC_RELEVANT	1.0	0.0	0.0	GAP_PRESENT	GAP_PRESENT	LOW	FAMILY_CANDIDATE	LONG_DESCRIPTION	GENERIC_RELEVANT; coverage=GAP_PRESENT; ownership=STORE_GENERIC; observed slices=1.	0.76	YES
1640330072	1124755617	оберег	GENERIC_RELEVANT	1470.0	0.0	0.0	GAP_PRESENT	GAP_PRESENT	LOW	FAMILY_CANDIDATE	LONG_DESCRIPTION	GENERIC_RELEVANT; coverage=GAP_PRESENT; ownership=STORE_GENERIC; observed slices=1.	0.72	YES
1640330072	1124755617	повесить в машину	GENERIC_RELEVANT	5.0	0.0	0.0	GAP_PRESENT	GAP_PRESENT	LOW	FAMILY_CANDIDATE	LONG_DESCRIPTION	GENERIC_RELEVANT; coverage=GAP_PRESENT; ownership=FAMILY_SHARED; observed slices=1.	0.76	YES
1640330072	1124755617	подарок женщине	AMBIGUOUS_HOLD	837.0	0.0	0.0	GAP_PRESENT	GAP_PRESENT	MEDIUM	HOLD_AMBIGUOUS	HOLD	AMBIGUOUS_HOLD; coverage=GAP_PRESENT; ownership=UNCLEAR; observed slices=1.	0.42	YES
1640330072	1124755617	подарок мужчине	AMBIGUOUS_HOLD	1934.0	0.0	0.0	GAP_PRESENT	GAP_PRESENT	MEDIUM	HOLD_AMBIGUOUS	HOLD	AMBIGUOUS_HOLD; coverage=GAP_PRESENT; ownership=UNCLEAR; observed slices=1.	0.42	YES
1640330072	1124755617	подарочный набор для женщин	AMBIGUOUS_HOLD	1746.0	0.0	0.0	GAP_PRESENT	GAP_PRESENT	MEDIUM	HOLD_AMBIGUOUS	HOLD	AMBIGUOUS_HOLD; coverage=GAP_PRESENT; ownership=UNCLEAR; observed slices=1.	0.42	YES
1640330072	1124755617	подвеска в машину	GENERIC_RELEVANT	3171.0	0.0	0.0	GAP_PRESENT	GAP_PRESENT	LOW	FAMILY_CANDIDATE	LONG_DESCRIPTION	GENERIC_RELEVANT; coverage=GAP_PRESENT; ownership=STORE_GENERIC; observed slices=1.	0.76	YES
1640330072	1124755617	подвеска на зеркало в машину	GENERIC_RELEVANT	1261.0	0.0	780.0	GAP_PRESENT	GAP_PRESENT	LOW	FAMILY_CANDIDATE	LONG_DESCRIPTION	GENERIC_RELEVANT; coverage=GAP_PRESENT; ownership=STORE_GENERIC; observed slices=2.	0.76	YES
1640330072	1124755617	подвески на зеркало	GENERIC_RELEVANT	2.0	0.0	0.0	GAP_PRESENT	GAP_PRESENT	LOW	FAMILY_CANDIDATE	LONG_DESCRIPTION	GENERIC_RELEVANT; coverage=GAP_PRESENT; ownership=STORE_GENERIC; observed slices=1.	0.76	YES
1640330072	1124755617	руны	AMBIGUOUS_HOLD	812.0	0.0	0.0	GAP_PRESENT	GAP_PRESENT	MEDIUM	HOLD_AMBIGUOUS	HOLD	AMBIGUOUS_HOLD; coverage=GAP_PRESENT; ownership=UNCLEAR; observed slices=1.	0.42	YES
1640330072	1124755617	руны подвеска	GENERIC_RELEVANT	17.0	0.0	0.0	GAP_PRESENT	GAP_PRESENT	LOW	FAMILY_CANDIDATE	LONG_DESCRIPTION	GENERIC_RELEVANT; coverage=GAP_PRESENT; ownership=FAMILY_SHARED; observed slices=1.	0.72	YES
1640330072	1124755617	руны славянские	FAMILY_RELEVANT	344.0	0.0	804.0	GAP_PRESENT	GAP_PRESENT	LOW	FAMILY_CANDIDATE	LONG_DESCRIPTION	FAMILY_RELEVANT; coverage=GAP_PRESENT; ownership=FAMILY_SHARED; observed slices=2.	0.86	YES
1640330072	1124755617	славянские аксессуары	FAMILY_RELEVANT	7.0	0.0	0.0	GAP_PRESENT	GAP_PRESENT	LOW	FAMILY_CANDIDATE	LONG_DESCRIPTION	FAMILY_RELEVANT; coverage=GAP_PRESENT; ownership=FAMILY_SHARED; observed slices=1.	0.86	YES
1640330072	1124755617	славянские обереги	FAMILY_RELEVANT	1109.0	0.0	0.0	GAP_PRESENT	GAP_PRESENT	LOW	FAMILY_CANDIDATE	LONG_DESCRIPTION	FAMILY_RELEVANT; coverage=GAP_PRESENT; ownership=FAMILY_SHARED; observed slices=2.	0.86	YES
1640330072	1124755617	славянские руны	FAMILY_RELEVANT	522.0	0.0	875.0	GAP_PRESENT	GAP_PRESENT	LOW	FAMILY_CANDIDATE	LONG_DESCRIPTION	FAMILY_RELEVANT; coverage=GAP_PRESENT; ownership=FAMILY_SHARED; observed slices=2.	0.86	YES
1640330072	1124755617	славянские украшения	FAMILY_RELEVANT	295.0	0.0	0.0	GAP_PRESENT	GAP_PRESENT	LOW	FAMILY_CANDIDATE	LONG_DESCRIPTION	FAMILY_RELEVANT; coverage=GAP_PRESENT; ownership=FAMILY_SHARED; observed slices=1.	0.86	YES
1640330072	1124755617	славянский оберег путник в машину	FAMILY_RELEVANT	1.0	0.0	801.0	GAP_PRESENT	GAP_PRESENT	LOW	FAMILY_CANDIDATE	LONG_DESCRIPTION	FAMILY_RELEVANT; coverage=GAP_PRESENT; ownership=FAMILY_SHARED; observed slices=1.	0.86	YES
1640330072	1124755617	талисман в машину на зеркало	GENERIC_RELEVANT	16.0	0.0	0.0	GAP_PRESENT	GAP_PRESENT	LOW	FAMILY_CANDIDATE	LONG_DESCRIPTION	GENERIC_RELEVANT; coverage=GAP_PRESENT; ownership=STORE_GENERIC; observed slices=1.	0.76	YES
1640330072	1124755617	четки в машину	GENERIC_RELEVANT	284.0	0.0	0.0	GAP_PRESENT	GAP_PRESENT	LOW	FAMILY_CANDIDATE	LONG_DESCRIPTION	GENERIC_RELEVANT; coverage=GAP_PRESENT; ownership=STORE_GENERIC; observed slices=1.	0.76	YES
1640334195	1124761013	автомобиля подвеска в зеркало	GENERIC_RELEVANT	1.0	0.0	0.0	GAP_PRESENT	GAP_PRESENT	LOW	FAMILY_CANDIDATE	LONG_DESCRIPTION	GENERIC_RELEVANT; coverage=GAP_PRESENT; ownership=FAMILY_SHARED; observed slices=1.	0.76	YES
1640334195	1124761013	амулет в машину на зеркало	GENERIC_RELEVANT	10.0	0.0	0.0	GAP_PRESENT	GAP_PRESENT	LOW	FAMILY_CANDIDATE	LONG_DESCRIPTION	GENERIC_RELEVANT; coverage=GAP_PRESENT; ownership=STORE_GENERIC; observed slices=1.	0.76	YES
1640334195	1124761013	амулет для машины подвеска	GENERIC_RELEVANT	1.0	0.0	0.0	GAP_PRESENT	GAP_PRESENT	LOW	FAMILY_CANDIDATE	LONG_DESCRIPTION	GENERIC_RELEVANT; coverage=GAP_PRESENT; ownership=STORE_GENERIC; observed slices=1.	0.76	YES
1640334195	1124761013	амулет из дерева	GENERIC_RELEVANT	1.0	0.0	0.0	GAP_PRESENT	GAP_PRESENT	LOW	FAMILY_CANDIDATE	LONG_DESCRIPTION	GENERIC_RELEVANT; coverage=GAP_PRESENT; ownership=FAMILY_SHARED; observed slices=1.	0.72	YES
1640334195	1124761013	аодвеска зеркало	GENERIC_RELEVANT	0.0	0.0	0.0	GAP_PRESENT	GAP_PRESENT	LOW	FAMILY_CANDIDATE	LONG_DESCRIPTION	GENERIC_RELEVANT; coverage=GAP_PRESENT; ownership=STORE_GENERIC; observed slices=1.	0.76	YES
1640334195	1124761013	борьба подвеска на зеркало	GENERIC_RELEVANT	1.0	0.0	0.0	GAP_PRESENT	GAP_PRESENT	LOW	FAMILY_CANDIDATE	LONG_DESCRIPTION	GENERIC_RELEVANT; coverage=GAP_PRESENT; ownership=FAMILY_SHARED; observed slices=1.	0.76	YES
1640334195	1124761013	брелок в машину на зеркало пушистики	GENERIC_RELEVANT	0.0	0.0	0.0	GAP_PRESENT	GAP_PRESENT	LOW	FAMILY_CANDIDATE	LONG_DESCRIPTION	GENERIC_RELEVANT; coverage=GAP_PRESENT; ownership=STORE_GENERIC; observed slices=1.	0.76	YES
1640334195	1124761013	брелоки в машину на зеркало кокошник	GENERIC_RELEVANT	1.0	0.0	0.0	GAP_PRESENT	GAP_PRESENT	LOW	FAMILY_CANDIDATE	LONG_DESCRIPTION	GENERIC_RELEVANT; coverage=GAP_PRESENT; ownership=FAMILY_SHARED; observed slices=1.	0.76	YES
1640334195	1124761013	бусина славянские символ	FAMILY_RELEVANT	1.0	0.0	0.0	GAP_PRESENT	GAP_PRESENT	LOW	FAMILY_CANDIDATE	LONG_DESCRIPTION	FAMILY_RELEVANT; coverage=GAP_PRESENT; ownership=FAMILY_SHARED; observed slices=1.	0.86	YES
1640334195	1124761013	в авто славянские символы в машину	NEIGHBOR_PRODUCT	1.0	0.0	0.0	NOT_APPLICABLE	NOT_APPLICABLE	LOW	REJECT_NEIGHBOR	NONE	NEIGHBOR_PRODUCT; coverage=NOT_APPLICABLE; ownership=EXCLUDED; observed slices=1.	0.96	NO
1640334195	1124761013	в машину подвеска	GENERIC_RELEVANT	67.0	0.0	0.0	GAP_PRESENT	GAP_PRESENT	LOW	FAMILY_CANDIDATE	LONG_DESCRIPTION	GENERIC_RELEVANT; coverage=GAP_PRESENT; ownership=STORE_GENERIC; observed slices=1.	0.76	YES
1640334195	1124761013	вольного борца подвеска в машину	GENERIC_RELEVANT	1.0	0.0	0.0	GAP_PRESENT	GAP_PRESENT	LOW	FAMILY_CANDIDATE	LONG_DESCRIPTION	GENERIC_RELEVANT; coverage=GAP_PRESENT; ownership=STORE_GENERIC; observed slices=1.	0.76	YES
1640334195	1124761013	зеркальный оберег	GENERIC_RELEVANT	3.0	0.0	0.0	GAP_PRESENT	GAP_PRESENT	LOW	FAMILY_CANDIDATE	LONG_DESCRIPTION	GENERIC_RELEVANT; coverage=GAP_PRESENT; ownership=STORE_GENERIC; observed slices=1.	0.76	YES
1640334195	1124761013	значок всеслав	AMBIGUOUS_HOLD	0.0	0.0	0.0	GAP_PRESENT	GAP_PRESENT	MEDIUM	HOLD_AMBIGUOUS	HOLD	AMBIGUOUS_HOLD; coverage=GAP_PRESENT; ownership=UNCLEAR; observed slices=2.	0.42	YES
1640334195	1124761013	игрушка на зеркало в машину голова корса	GENERIC_RELEVANT	1.0	0.0	0.0	GAP_PRESENT	GAP_PRESENT	LOW	FAMILY_CANDIDATE	LONG_DESCRIPTION	GENERIC_RELEVANT; coverage=GAP_PRESENT; ownership=FAMILY_SHARED; observed slices=1.	0.76	YES
1640334195	1124761013	крест на машину на зеркало	NEIGHBOR_PRODUCT	3.0	0.0	0.0	NOT_APPLICABLE	NOT_APPLICABLE	LOW	REJECT_NEIGHBOR	NONE	NEIGHBOR_PRODUCT; coverage=NOT_APPLICABLE; ownership=EXCLUDED; observed slices=1.	0.96	NO
1640334195	1124761013	кулончик с зеркалом оберег	GENERIC_RELEVANT	1.0	0.0	0.0	GAP_PRESENT	GAP_PRESENT	LOW	FAMILY_CANDIDATE	LONG_DESCRIPTION	GENERIC_RELEVANT; coverage=GAP_PRESENT; ownership=FAMILY_SHARED; observed slices=1.	0.76	YES
1640334195	1124761013	на зеркало автомобиля подвеска красная	GENERIC_RELEVANT	0.0	0.0	0.0	GAP_PRESENT	GAP_PRESENT	LOW	FAMILY_CANDIDATE	LONG_DESCRIPTION	GENERIC_RELEVANT; coverage=GAP_PRESENT; ownership=STORE_GENERIC; observed slices=1.	0.76	YES
1640334195	1124761013	оберег	GENERIC_RELEVANT	699.0	0.0	0.0	GAP_PRESENT	GAP_PRESENT	LOW	FAMILY_CANDIDATE	LONG_DESCRIPTION	GENERIC_RELEVANT; coverage=GAP_PRESENT; ownership=STORE_GENERIC; observed slices=1.	0.72	YES
1640334195	1124761013	оберег в машину	GENERIC_RELEVANT	180.0	0.0	0.0	GAP_PRESENT	GAP_PRESENT	LOW	FAMILY_CANDIDATE	LONG_DESCRIPTION	GENERIC_RELEVANT; coverage=GAP_PRESENT; ownership=STORE_GENERIC; observed slices=1.	0.76	YES
1640334195	1124761013	оберег для дома	GENERIC_RELEVANT	933.0	0.0	0.0	GAP_PRESENT	GAP_PRESENT	LOW	FAMILY_CANDIDATE	LONG_DESCRIPTION	GENERIC_RELEVANT; coverage=GAP_PRESENT; ownership=FAMILY_SHARED; observed slices=1.	0.72	YES
1640334195	1124761013	оберег подвеска в машину	GENERIC_RELEVANT	3.0	0.0	0.0	GAP_PRESENT	GAP_PRESENT	LOW	FAMILY_CANDIDATE	LONG_DESCRIPTION	GENERIC_RELEVANT; coverage=GAP_PRESENT; ownership=STORE_GENERIC; observed slices=1.	0.76	YES
1640334195	1124761013	оберег с зеркалом	GENERIC_RELEVANT	5.0	0.0	0.0	GAP_PRESENT	GAP_PRESENT	LOW	FAMILY_CANDIDATE	LONG_DESCRIPTION	GENERIC_RELEVANT; coverage=GAP_PRESENT; ownership=STORE_GENERIC; observed slices=1.	0.76	YES
1640334195	1124761013	оберег славянский	FAMILY_RELEVANT	63.0	0.0	0.0	GAP_PRESENT	GAP_PRESENT	LOW	FAMILY_CANDIDATE	LONG_DESCRIPTION	FAMILY_RELEVANT; coverage=GAP_PRESENT; ownership=FAMILY_SHARED; observed slices=1.	0.86	YES
1640334195	1124761013	обереготсглаза	GENERIC_RELEVANT	0.0	0.0	0.0	GAP_PRESENT	GAP_PRESENT	LOW	FAMILY_CANDIDATE	LONG_DESCRIPTION	GENERIC_RELEVANT; coverage=GAP_PRESENT; ownership=STORE_GENERIC; observed slices=1.	0.72	YES
1640334195	1124761013	подвеска блюрилок в машину женская на зеркало	GENERIC_RELEVANT	1.0	0.0	0.0	GAP_PRESENT	GAP_PRESENT	LOW	FAMILY_CANDIDATE	LONG_DESCRIPTION	GENERIC_RELEVANT; coverage=GAP_PRESENT; ownership=FAMILY_SHARED; observed slices=1.	0.76	YES
1640334195	1124761013	подвеска в машину	GENERIC_RELEVANT	2315.0	0.0	0.0	GAP_PRESENT	GAP_PRESENT	LOW	FAMILY_CANDIDATE	LONG_DESCRIPTION	GENERIC_RELEVANT; coverage=GAP_PRESENT; ownership=STORE_GENERIC; observed slices=1.	0.76	YES
1640334195	1124761013	подвеска в машину легионерский шлем	NEIGHBOR_PRODUCT	1.0	0.0	0.0	NOT_APPLICABLE	NOT_APPLICABLE	LOW	REJECT_NEIGHBOR	NONE	NEIGHBOR_PRODUCT; coverage=NOT_APPLICABLE; ownership=EXCLUDED; observed slices=1.	0.96	NO
1640334195	1124761013	подвеска в машину мягкий пушистый ежик	GENERIC_RELEVANT	0.0	0.0	0.0	GAP_PRESENT	GAP_PRESENT	LOW	FAMILY_CANDIDATE	LONG_DESCRIPTION	GENERIC_RELEVANT; coverage=GAP_PRESENT; ownership=STORE_GENERIC; observed slices=1.	0.76	YES
1640334195	1124761013	подвеска в машину на зеркало а	GENERIC_RELEVANT	0.0	0.0	0.0	GAP_PRESENT	GAP_PRESENT	LOW	FAMILY_CANDIDATE	LONG_DESCRIPTION	GENERIC_RELEVANT; coverage=GAP_PRESENT; ownership=STORE_GENERIC; observed slices=1.	0.76	YES
1640334195	1124761013	подвеска в машину на зеркало домов	GENERIC_RELEVANT	0.0	0.0	0.0	GAP_PRESENT	GAP_PRESENT	LOW	FAMILY_CANDIDATE	LONG_DESCRIPTION	GENERIC_RELEVANT; coverage=GAP_PRESENT; ownership=FAMILY_SHARED; observed slices=1.	0.76	YES
1640334195	1124761013	подвеска в машину на зеркало ма ка крик	GENERIC_RELEVANT	0.0	0.0	0.0	GAP_PRESENT	GAP_PRESENT	LOW	FAMILY_CANDIDATE	LONG_DESCRIPTION	GENERIC_RELEVANT; coverage=GAP_PRESENT; ownership=STORE_GENERIC; observed slices=1.	0.76	YES
1640334195	1124761013	подвеска в машину на зеркало мусульманская сердечка	GENERIC_RELEVANT	0.0	0.0	0.0	GAP_PRESENT	GAP_PRESENT	LOW	FAMILY_CANDIDATE	LONG_DESCRIPTION	GENERIC_RELEVANT; coverage=GAP_PRESENT; ownership=FAMILY_SHARED; observed slices=1.	0.76	YES
1640334195	1124761013	подвеска в машину на зеркало юрта	GENERIC_RELEVANT	0.0	0.0	0.0	GAP_PRESENT	GAP_PRESENT	LOW	FAMILY_CANDIDATE	LONG_DESCRIPTION	GENERIC_RELEVANT; coverage=GAP_PRESENT; ownership=STORE_GENERIC; observed slices=1.	0.76	YES
1640334195	1124761013	подвеска для машины перчатка написанными ufc	GENERIC_RELEVANT	1.0	0.0	0.0	GAP_PRESENT	GAP_PRESENT	LOW	FAMILY_CANDIDATE	LONG_DESCRIPTION	GENERIC_RELEVANT; coverage=GAP_PRESENT; ownership=STORE_GENERIC; observed slices=1.	0.76	YES
1640334195	1124761013	подвеска монетки в машину славянский оберег	FAMILY_RELEVANT	1.0	0.0	0.0	GAP_PRESENT	GAP_PRESENT	LOW	FAMILY_CANDIDATE	LONG_DESCRIPTION	FAMILY_RELEVANT; coverage=GAP_PRESENT; ownership=FAMILY_SHARED; observed slices=1.	0.86	YES
1640334195	1124761013	подвеска на зеркало автомобиля акула	GENERIC_RELEVANT	0.0	0.0	0.0	GAP_PRESENT	GAP_PRESENT	LOW	FAMILY_CANDIDATE	LONG_DESCRIPTION	GENERIC_RELEVANT; coverage=GAP_PRESENT; ownership=STORE_GENERIC; observed slices=1.	0.76	YES
1640334195	1124761013	подвеска на зеркало в машину	GENERIC_RELEVANT	1003.0	0.0	0.0	GAP_PRESENT	GAP_PRESENT	LOW	FAMILY_CANDIDATE	LONG_DESCRIPTION	GENERIC_RELEVANT; coverage=GAP_PRESENT; ownership=STORE_GENERIC; observed slices=1.	0.76	YES
1640334195	1124761013	подвеска на зеркало славянская	FAMILY_RELEVANT	0.0	0.0	0.0	GAP_PRESENT	GAP_PRESENT	LOW	FAMILY_CANDIDATE	LONG_DESCRIPTION	FAMILY_RELEVANT; coverage=GAP_PRESENT; ownership=FAMILY_SHARED; observed slices=1.	0.86	YES
1640334195	1124761013	руны подвеска в машину	GENERIC_RELEVANT	0.0	0.0	0.0	GAP_PRESENT	GAP_PRESENT	LOW	FAMILY_CANDIDATE	LONG_DESCRIPTION	GENERIC_RELEVANT; coverage=GAP_PRESENT; ownership=STORE_GENERIC; observed slices=1.	0.76	YES
1640334195	1124761013	руны славянские бусины	FAMILY_RELEVANT	1.0	0.0	0.0	GAP_PRESENT	GAP_PRESENT	LOW	FAMILY_CANDIDATE	LONG_DESCRIPTION	FAMILY_RELEVANT; coverage=GAP_PRESENT; ownership=FAMILY_SHARED; observed slices=1.	0.86	YES
1640334195	1124761013	семейный оберег	GENERIC_RELEVANT	40.0	0.0	0.0	GAP_PRESENT	GAP_PRESENT	LOW	FAMILY_CANDIDATE	LONG_DESCRIPTION	GENERIC_RELEVANT; coverage=GAP_PRESENT; ownership=FAMILY_SHARED; observed slices=1.	0.72	YES
1640334195	1124761013	славянские обереги	FAMILY_RELEVANT	708.0	0.0	0.0	GAP_PRESENT	GAP_PRESENT	LOW	FAMILY_CANDIDATE	LONG_DESCRIPTION	FAMILY_RELEVANT; coverage=GAP_PRESENT; ownership=FAMILY_SHARED; observed slices=1.	0.86	YES
1640334195	1124761013	славянские обереги мужские	FAMILY_RELEVANT	146.0	0.0	0.0	GAP_PRESENT	GAP_PRESENT	LOW	FAMILY_CANDIDATE	LONG_DESCRIPTION	FAMILY_RELEVANT; coverage=GAP_PRESENT; ownership=FAMILY_SHARED; observed slices=1.	0.86	YES
1640334195	1124761013	славянские украшения	FAMILY_RELEVANT	292.0	0.0	0.0	GAP_PRESENT	GAP_PRESENT	LOW	FAMILY_CANDIDATE	LONG_DESCRIPTION	FAMILY_RELEVANT; coverage=GAP_PRESENT; ownership=FAMILY_SHARED; observed slices=1.	0.86	YES
1640334195	1124761013	славянскиеобереги	FAMILY_RELEVANT	0.0	0.0	0.0	GAP_PRESENT	GAP_PRESENT	LOW	FAMILY_CANDIDATE	LONG_DESCRIPTION	FAMILY_RELEVANT; coverage=GAP_PRESENT; ownership=FAMILY_SHARED; observed slices=1.	0.86	YES
1640334195	1124761013	славянский	FAMILY_RELEVANT	108.0	0.0	0.0	GAP_PRESENT	GAP_PRESENT	LOW	FAMILY_CANDIDATE	LONG_DESCRIPTION	FAMILY_RELEVANT; coverage=GAP_PRESENT; ownership=FAMILY_SHARED; observed slices=1.	0.86	YES
1640334195	1124761013	славянский крес	FAMILY_RELEVANT	4.0	0.0	0.0	GAP_PRESENT	GAP_PRESENT	LOW	FAMILY_CANDIDATE	LONG_DESCRIPTION	FAMILY_RELEVANT; coverage=GAP_PRESENT; ownership=FAMILY_SHARED; observed slices=1.	0.86	YES
1640334195	1124761013	славянский крест	NEIGHBOR_PRODUCT	35.0	0.0	0.0	NOT_APPLICABLE	NOT_APPLICABLE	LOW	REJECT_NEIGHBOR	NONE	NEIGHBOR_PRODUCT; coverage=NOT_APPLICABLE; ownership=EXCLUDED; observed slices=1.	0.96	NO
1640334195	1124761013	славянский оберег	FAMILY_RELEVANT	188.0	0.0	0.0	GAP_PRESENT	GAP_PRESENT	LOW	FAMILY_CANDIDATE	LONG_DESCRIPTION	FAMILY_RELEVANT; coverage=GAP_PRESENT; ownership=FAMILY_SHARED; observed slices=1.	0.86	YES
1640334195	1124761013	славянский оберег в машину с	FAMILY_RELEVANT	0.0	0.0	0.0	GAP_PRESENT	GAP_PRESENT	LOW	FAMILY_CANDIDATE	LONG_DESCRIPTION	FAMILY_RELEVANT; coverage=GAP_PRESENT; ownership=FAMILY_SHARED; observed slices=1.	0.86	YES
1640334195	1124761013	славянский омулет в машину	FAMILY_RELEVANT	2.0	0.0	0.0	GAP_PRESENT	GAP_PRESENT	LOW	FAMILY_CANDIDATE	LONG_DESCRIPTION	FAMILY_RELEVANT; coverage=GAP_PRESENT; ownership=FAMILY_SHARED; observed slices=1.	0.86	YES
1640334195	1124761013	талисман	GENERIC_RELEVANT	98.0	0.0	0.0	GAP_PRESENT	GAP_PRESENT	LOW	FAMILY_CANDIDATE	LONG_DESCRIPTION	GENERIC_RELEVANT; coverage=GAP_PRESENT; ownership=STORE_GENERIC; observed slices=1.	0.72	YES
1640334195	1124761013	термоаппликация славянская	FAMILY_RELEVANT	0.0	0.0	0.0	GAP_PRESENT	GAP_PRESENT	LOW	FAMILY_CANDIDATE	LONG_DESCRIPTION	FAMILY_RELEVANT; coverage=GAP_PRESENT; ownership=FAMILY_SHARED; observed slices=1.	0.86	YES
1640334195	1124761013	украшение подвеска в машину	GENERIC_RELEVANT	1.0	0.0	0.0	GAP_PRESENT	GAP_PRESENT	LOW	FAMILY_CANDIDATE	LONG_DESCRIPTION	GENERIC_RELEVANT; coverage=GAP_PRESENT; ownership=FAMILY_SHARED; observed slices=1.	0.76	YES
1640334195	1124761013	чепочки в машину	GENERIC_RELEVANT	1.0	0.0	0.0	GAP_PRESENT	GAP_PRESENT	LOW	FAMILY_CANDIDATE	LONG_DESCRIPTION	GENERIC_RELEVANT; coverage=GAP_PRESENT; ownership=FAMILY_SHARED; observed slices=1.	0.76	YES
1640334195	1124761013	четки в машину славянские обереги	FAMILY_RELEVANT	1.0	0.0	0.0	GAP_PRESENT	GAP_PRESENT	LOW	FAMILY_CANDIDATE	LONG_DESCRIPTION	FAMILY_RELEVANT; coverage=GAP_PRESENT; ownership=FAMILY_SHARED; observed slices=1.	0.86	YES
1640334195	1124761013	четки со славянской символикой	FAMILY_RELEVANT	1.0	0.0	0.0	GAP_PRESENT	GAP_PRESENT	LOW	FAMILY_CANDIDATE	LONG_DESCRIPTION	FAMILY_RELEVANT; coverage=GAP_PRESENT; ownership=FAMILY_SHARED; observed slices=1.	0.86	YES
1640334195	1124761013	четки талисман	GENERIC_RELEVANT	1.0	0.0	0.0	GAP_PRESENT	GAP_PRESENT	LOW	FAMILY_CANDIDATE	LONG_DESCRIPTION	GENERIC_RELEVANT; coverage=GAP_PRESENT; ownership=FAMILY_SHARED; observed slices=1.	0.72	YES
1640337426	1124764995	аксессуары салона авто	GENERIC_RELEVANT	0.0	0.0	0.0	GAP_PRESENT	GAP_PRESENT	LOW	FAMILY_CANDIDATE	LONG_DESCRIPTION	GENERIC_RELEVANT; coverage=GAP_PRESENT; ownership=FAMILY_SHARED; observed slices=1.	0.76	YES
1640337426	1124764995	амулет для защиты	GENERIC_RELEVANT	2.0	0.0	0.0	GAP_PRESENT	GAP_PRESENT	LOW	FAMILY_CANDIDATE	LONG_DESCRIPTION	GENERIC_RELEVANT; coverage=GAP_PRESENT; ownership=FAMILY_SHARED; observed slices=1.	0.72	YES
1640337426	1124764995	амулет из дерева	GENERIC_RELEVANT	11.0	0.0	0.0	GAP_PRESENT	GAP_PRESENT	LOW	FAMILY_CANDIDATE	LONG_DESCRIPTION	GENERIC_RELEVANT; coverage=GAP_PRESENT; ownership=FAMILY_SHARED; observed slices=1.	0.72	YES
1640337426	1124764995	амулет с рунами	GENERIC_RELEVANT	1.0	0.0	0.0	GAP_PRESENT	GAP_PRESENT	LOW	FAMILY_CANDIDATE	LONG_DESCRIPTION	GENERIC_RELEVANT; coverage=GAP_PRESENT; ownership=FAMILY_SHARED; observed slices=1.	0.72	YES
1640337426	1124764995	амулеты для призывать	GENERIC_RELEVANT	1.0	0.0	0.0	GAP_PRESENT	GAP_PRESENT	LOW	FAMILY_CANDIDATE	LONG_DESCRIPTION	GENERIC_RELEVANT; coverage=GAP_PRESENT; ownership=FAMILY_SHARED; observed slices=1.	0.72	YES
1640337426	1124764995	ароматизатор в машину хендай крета на зеркало	GENERIC_RELEVANT	1.0	0.0	0.0	GAP_PRESENT	GAP_PRESENT	LOW	FAMILY_CANDIDATE	LONG_DESCRIPTION	GENERIC_RELEVANT; coverage=GAP_PRESENT; ownership=FAMILY_SHARED; observed slices=1.	0.76	YES
1640337426	1124764995	бог в машину	GENERIC_RELEVANT	1.0	0.0	0.0	GAP_PRESENT	GAP_PRESENT	LOW	FAMILY_CANDIDATE	LONG_DESCRIPTION	GENERIC_RELEVANT; coverage=GAP_PRESENT; ownership=FAMILY_SHARED; observed slices=1.	0.76	YES
1640337426	1124764995	браслет в старо словянский	AMBIGUOUS_HOLD	0.0	0.0	0.0	GAP_PRESENT	GAP_PRESENT	MEDIUM	HOLD_AMBIGUOUS	HOLD	AMBIGUOUS_HOLD; coverage=GAP_PRESENT; ownership=UNCLEAR; observed slices=1.	0.42	YES
1640337426	1124764995	браслет мужскойславянское	FAMILY_RELEVANT	0.0	0.0	0.0	GAP_PRESENT	GAP_PRESENT	LOW	FAMILY_CANDIDATE	LONG_DESCRIPTION	FAMILY_RELEVANT; coverage=GAP_PRESENT; ownership=FAMILY_SHARED; observed slices=1.	0.86	YES
1640337426	1124764995	браслет с старославянский	FAMILY_RELEVANT	1.0	0.0	0.0	GAP_PRESENT	GAP_PRESENT	LOW	FAMILY_CANDIDATE	LONG_DESCRIPTION	FAMILY_RELEVANT; coverage=GAP_PRESENT; ownership=FAMILY_SHARED; observed slices=1.	0.86	YES
1640337426	1124764995	браслет старо словянский	AMBIGUOUS_HOLD	0.0	0.0	0.0	GAP_PRESENT	GAP_PRESENT	MEDIUM	HOLD_AMBIGUOUS	HOLD	AMBIGUOUS_HOLD; coverage=GAP_PRESENT; ownership=UNCLEAR; observed slices=1.	0.42	YES
1640337426	1124764995	в машину аксессуары на зеркало подвеска	GENERIC_RELEVANT	1.0	0.0	0.0	GAP_PRESENT	GAP_PRESENT	LOW	FAMILY_CANDIDATE	LONG_DESCRIPTION	GENERIC_RELEVANT; coverage=GAP_PRESENT; ownership=STORE_GENERIC; observed slices=1.	0.76	YES
1640337426	1124764995	в машину амулет	GENERIC_RELEVANT	0.0	0.0	0.0	GAP_PRESENT	GAP_PRESENT	LOW	FAMILY_CANDIDATE	LONG_DESCRIPTION	GENERIC_RELEVANT; coverage=GAP_PRESENT; ownership=STORE_GENERIC; observed slices=1.	0.76	YES
1640337426	1124764995	ведические	AMBIGUOUS_HOLD	9.0	0.0	0.0	GAP_PRESENT	GAP_PRESENT	MEDIUM	HOLD_AMBIGUOUS	HOLD	AMBIGUOUS_HOLD; coverage=GAP_PRESENT; ownership=UNCLEAR; observed slices=1.	0.42	YES
1640337426	1124764995	ведический амулет	GENERIC_RELEVANT	2.0	0.0	0.0	GAP_PRESENT	GAP_PRESENT	LOW	FAMILY_CANDIDATE	LONG_DESCRIPTION	GENERIC_RELEVANT; coverage=GAP_PRESENT; ownership=FAMILY_SHARED; observed slices=1.	0.72	YES
1640337426	1124764995	велес оберег мужской	NEIGHBOR_PRODUCT	1.0	0.0	0.0	NOT_APPLICABLE	NOT_APPLICABLE	LOW	REJECT_NEIGHBOR	NONE	NEIGHBOR_PRODUCT; coverage=NOT_APPLICABLE; ownership=EXCLUDED; observed slices=1.	0.96	NO
1640337426	1124764995	весючка в машину от зглаза на зеркало	GENERIC_RELEVANT	1.0	0.0	0.0	GAP_PRESENT	GAP_PRESENT	LOW	FAMILY_CANDIDATE	LONG_DESCRIPTION	GENERIC_RELEVANT; coverage=GAP_PRESENT; ownership=STORE_GENERIC; observed slices=1.	0.76	YES
1640337426	1124764995	вышивка крестом оберегиславянские	FAMILY_RELEVANT	0.0	0.0	0.0	GAP_PRESENT	GAP_PRESENT	LOW	FAMILY_CANDIDATE	LONG_DESCRIPTION	FAMILY_RELEVANT; coverage=GAP_PRESENT; ownership=FAMILY_SHARED; observed slices=1.	0.86	YES
1640337426	1124764995	деревянная шкатулка старославянская	FAMILY_RELEVANT	0.0	0.0	0.0	GAP_PRESENT	GAP_PRESENT	LOW	FAMILY_CANDIDATE	LONG_DESCRIPTION	FAMILY_RELEVANT; coverage=GAP_PRESENT; ownership=FAMILY_SHARED; observed slices=1.	0.86	YES
1640337426	1124764995	деревянный оберег славянский	FAMILY_RELEVANT	2.0	0.0	0.0	GAP_PRESENT	GAP_PRESENT	LOW	FAMILY_CANDIDATE	LONG_DESCRIPTION	FAMILY_RELEVANT; coverage=GAP_PRESENT; ownership=FAMILY_SHARED; observed slices=1.	0.86	YES
1640337426	1124764995	дорожный оберег славянский	FAMILY_RELEVANT	1.0	0.0	0.0	GAP_PRESENT	GAP_PRESENT	LOW	FAMILY_CANDIDATE	LONG_DESCRIPTION	FAMILY_RELEVANT; coverage=GAP_PRESENT; ownership=FAMILY_SHARED; observed slices=1.	0.86	YES
1640337426	1124764995	древние славяне творчество	FAMILY_RELEVANT	0.0	0.0	0.0	GAP_PRESENT	GAP_PRESENT	LOW	FAMILY_CANDIDATE	LONG_DESCRIPTION	FAMILY_RELEVANT; coverage=GAP_PRESENT; ownership=FAMILY_SHARED; observed slices=1.	0.86	YES
1640337426	1124764995	дублирующие зеркала на учебный	GENERIC_RELEVANT	1.0	0.0	0.0	GAP_PRESENT	GAP_PRESENT	LOW	FAMILY_CANDIDATE	LONG_DESCRIPTION	GENERIC_RELEVANT; coverage=GAP_PRESENT; ownership=FAMILY_SHARED; observed slices=1.	0.76	YES
1640337426	1124764995	дух оберег	GENERIC_RELEVANT	1.0	0.0	0.0	GAP_PRESENT	GAP_PRESENT	LOW	FAMILY_CANDIDATE	LONG_DESCRIPTION	GENERIC_RELEVANT; coverage=GAP_PRESENT; ownership=STORE_GENERIC; observed slices=1.	0.72	YES
1640337426	1124764995	духи	AMBIGUOUS_HOLD	11892.0	0.0	0.0	GAP_PRESENT	GAP_PRESENT	MEDIUM	HOLD_AMBIGUOUS	HOLD	AMBIGUOUS_HOLD; coverage=GAP_PRESENT; ownership=UNCLEAR; observed slices=1.	0.42	YES
1640337426	1124764995	еврейская заезда подвеска в машину	GENERIC_RELEVANT	0.0	0.0	0.0	GAP_PRESENT	GAP_PRESENT	LOW	FAMILY_CANDIDATE	LONG_DESCRIPTION	GENERIC_RELEVANT; coverage=GAP_PRESENT; ownership=STORE_GENERIC; observed slices=1.	0.76	YES
1640337426	1124764995	защита оберег в машину	GENERIC_RELEVANT	1.0	0.0	0.0	GAP_PRESENT	GAP_PRESENT	LOW	FAMILY_CANDIDATE	LONG_DESCRIPTION	GENERIC_RELEVANT; coverage=GAP_PRESENT; ownership=STORE_GENERIC; observed slices=1.	0.76	YES
1640337426	1124764995	зеркало	GENERIC_RELEVANT	16292.0	0.0	0.0	GAP_PRESENT	GAP_PRESENT	LOW	FAMILY_CANDIDATE	LONG_DESCRIPTION	GENERIC_RELEVANT; coverage=GAP_PRESENT; ownership=STORE_GENERIC; observed slices=1.	0.76	YES
1640337426	1124764995	зеркало в пол	GENERIC_RELEVANT	160.0	0.0	0.0	GAP_PRESENT	GAP_PRESENT	LOW	FAMILY_CANDIDATE	LONG_DESCRIPTION	GENERIC_RELEVANT; coverage=GAP_PRESENT; ownership=STORE_GENERIC; observed slices=1.	0.76	YES
1640337426	1124764995	коловрат	AMBIGUOUS_HOLD	227.0	0.0	0.0	GAP_PRESENT	GAP_PRESENT	MEDIUM	HOLD_AMBIGUOUS	HOLD	AMBIGUOUS_HOLD; coverage=GAP_PRESENT; ownership=UNCLEAR; observed slices=1.	0.42	YES
1640337426	1124764995	костюм мужской старославянский	FAMILY_RELEVANT	0.0	0.0	0.0	GAP_PRESENT	GAP_PRESENT	LOW	FAMILY_CANDIDATE	LONG_DESCRIPTION	FAMILY_RELEVANT; coverage=GAP_PRESENT; ownership=FAMILY_SHARED; observed slices=1.	0.86	YES
1640337426	1124764995	кросовславянские	FAMILY_RELEVANT	0.0	0.0	0.0	GAP_PRESENT	GAP_PRESENT	LOW	FAMILY_CANDIDATE	LONG_DESCRIPTION	FAMILY_RELEVANT; coverage=GAP_PRESENT; ownership=FAMILY_SHARED; observed slices=1.	0.86	YES
1640337426	1124764995	льняная рубашка старославянская	FAMILY_RELEVANT	1.0	0.0	0.0	GAP_PRESENT	GAP_PRESENT	LOW	FAMILY_CANDIDATE	LONG_DESCRIPTION	FAMILY_RELEVANT; coverage=GAP_PRESENT; ownership=FAMILY_SHARED; observed slices=1.	0.86	YES
1640337426	1124764995	медальон старославянская	FAMILY_RELEVANT	0.0	0.0	0.0	GAP_PRESENT	GAP_PRESENT	LOW	FAMILY_CANDIDATE	LONG_DESCRIPTION	FAMILY_RELEVANT; coverage=GAP_PRESENT; ownership=FAMILY_SHARED; observed slices=1.	0.86	YES
1640337426	1124764995	межславянский	FAMILY_RELEVANT	1.0	0.0	0.0	GAP_PRESENT	GAP_PRESENT	LOW	FAMILY_CANDIDATE	LONG_DESCRIPTION	FAMILY_RELEVANT; coverage=GAP_PRESENT; ownership=FAMILY_SHARED; observed slices=1.	0.86	YES
1640337426	1124764995	мир старославянской	FAMILY_RELEVANT	1.0	0.0	0.0	GAP_PRESENT	GAP_PRESENT	LOW	FAMILY_CANDIDATE	LONG_DESCRIPTION	FAMILY_RELEVANT; coverage=GAP_PRESENT; ownership=FAMILY_SHARED; observed slices=1.	0.86	YES
1640337426	1124764995	на зеркало в машину украшение	GENERIC_RELEVANT	1.0	0.0	0.0	GAP_PRESENT	GAP_PRESENT	LOW	FAMILY_CANDIDATE	LONG_DESCRIPTION	GENERIC_RELEVANT; coverage=GAP_PRESENT; ownership=STORE_GENERIC; observed slices=1.	0.76	YES
1640337426	1124764995	на зеркало украшение в машину	GENERIC_RELEVANT	1.0	0.0	0.0	GAP_PRESENT	GAP_PRESENT	LOW	FAMILY_CANDIDATE	LONG_DESCRIPTION	GENERIC_RELEVANT; coverage=GAP_PRESENT; ownership=STORE_GENERIC; observed slices=1.	0.76	YES
1640337426	1124764995	оберег	GENERIC_RELEVANT	364.0	0.0	0.0	GAP_PRESENT	GAP_PRESENT	LOW	FAMILY_CANDIDATE	LONG_DESCRIPTION	GENERIC_RELEVANT; coverage=GAP_PRESENT; ownership=STORE_GENERIC; observed slices=2.	0.72	YES
1640337426	1124764995	оберег в машину	GENERIC_RELEVANT	562.0	0.0	0.0	GAP_PRESENT	GAP_PRESENT	LOW	FAMILY_CANDIDATE	LONG_DESCRIPTION	GENERIC_RELEVANT; coverage=GAP_PRESENT; ownership=STORE_GENERIC; observed slices=1.	0.76	YES
1640337426	1124764995	оберег славянский	FAMILY_RELEVANT	142.0	0.0	0.0	GAP_PRESENT	GAP_PRESENT	LOW	FAMILY_CANDIDATE	LONG_DESCRIPTION	FAMILY_RELEVANT; coverage=GAP_PRESENT; ownership=FAMILY_SHARED; observed slices=2.	0.86	YES
1640337426	1124764995	обереги для машины	GENERIC_RELEVANT	4.0	0.0	0.0	GAP_PRESENT	GAP_PRESENT	LOW	FAMILY_CANDIDATE	LONG_DESCRIPTION	GENERIC_RELEVANT; coverage=GAP_PRESENT; ownership=STORE_GENERIC; observed slices=1.	0.76	YES
1640337426	1124764995	обереготсглаза	GENERIC_RELEVANT	0.0	0.0	0.0	GAP_PRESENT	GAP_PRESENT	LOW	FAMILY_CANDIDATE	LONG_DESCRIPTION	GENERIC_RELEVANT; coverage=GAP_PRESENT; ownership=STORE_GENERIC; observed slices=1.	0.72	YES
1640337426	1124764995	платье старосла	AMBIGUOUS_HOLD	0.0	0.0	0.0	GAP_PRESENT	GAP_PRESENT	MEDIUM	HOLD_AMBIGUOUS	HOLD	AMBIGUOUS_HOLD; coverage=GAP_PRESENT; ownership=UNCLEAR; observed slices=1.	0.42	YES
1640337426	1124764995	подарок	AMBIGUOUS_HOLD	3413.0	0.0	0.0	GAP_PRESENT	GAP_PRESENT	MEDIUM	HOLD_AMBIGUOUS	HOLD	AMBIGUOUS_HOLD; coverage=GAP_PRESENT; ownership=UNCLEAR; observed slices=1.	0.42	YES
1640337426	1124764995	подвеска в машину	GENERIC_RELEVANT	3171.0	0.0	0.0	GAP_PRESENT	GAP_PRESENT	LOW	FAMILY_CANDIDATE	LONG_DESCRIPTION	GENERIC_RELEVANT; coverage=GAP_PRESENT; ownership=STORE_GENERIC; observed slices=2.	0.76	YES
1640337426	1124764995	подвеска в машину новогодняя 2927	GENERIC_RELEVANT	1.0	0.0	0.0	GAP_PRESENT	GAP_PRESENT	LOW	FAMILY_CANDIDATE	LONG_DESCRIPTION	GENERIC_RELEVANT; coverage=GAP_PRESENT; ownership=FAMILY_SHARED; observed slices=1.	0.76	YES
1640337426	1124764995	подвеска на зеркало в машину	GENERIC_RELEVANT	1190.0	0.0	0.0	GAP_PRESENT	GAP_PRESENT	LOW	FAMILY_CANDIDATE	LONG_DESCRIPTION	GENERIC_RELEVANT; coverage=GAP_PRESENT; ownership=STORE_GENERIC; observed slices=1.	0.76	YES
1640337426	1124764995	руны	AMBIGUOUS_HOLD	201.0	0.0	0.0	GAP_PRESENT	GAP_PRESENT	MEDIUM	HOLD_AMBIGUOUS	HOLD	AMBIGUOUS_HOLD; coverage=GAP_PRESENT; ownership=UNCLEAR; observed slices=1.	0.42	YES
1640337426	1124764995	славянские обереги	FAMILY_RELEVANT	874.0	0.0	0.0	GAP_PRESENT	GAP_PRESENT	LOW	FAMILY_CANDIDATE	LONG_DESCRIPTION	FAMILY_RELEVANT; coverage=GAP_PRESENT; ownership=FAMILY_SHARED; observed slices=2.	0.86	YES
1640337426	1124764995	славянские руны	FAMILY_RELEVANT	150.0	0.0	0.0	GAP_PRESENT	GAP_PRESENT	LOW	FAMILY_CANDIDATE	LONG_DESCRIPTION	FAMILY_RELEVANT; coverage=GAP_PRESENT; ownership=FAMILY_SHARED; observed slices=1.	0.86	YES
1640337426	1124764995	славянские украшения	FAMILY_RELEVANT	316.0	0.0	0.0	GAP_PRESENT	GAP_PRESENT	LOW	FAMILY_CANDIDATE	LONG_DESCRIPTION	FAMILY_RELEVANT; coverage=GAP_PRESENT; ownership=FAMILY_SHARED; observed slices=1.	0.86	YES
1640337426	1124764995	славянский бог	FAMILY_RELEVANT	1.0	0.0	0.0	GAP_PRESENT	GAP_PRESENT	LOW	FAMILY_CANDIDATE	LONG_DESCRIPTION	FAMILY_RELEVANT; coverage=GAP_PRESENT; ownership=FAMILY_SHARED; observed slices=1.	0.86	YES
1640337426	1124764995	славянский оберег	FAMILY_RELEVANT	331.0	0.0	0.0	GAP_PRESENT	GAP_PRESENT	LOW	FAMILY_CANDIDATE	LONG_DESCRIPTION	FAMILY_RELEVANT; coverage=GAP_PRESENT; ownership=FAMILY_SHARED; observed slices=1.	0.86	YES
1640337426	1124764995	талисман в машину на зеркало	GENERIC_RELEVANT	13.0	0.0	0.0	GAP_PRESENT	GAP_PRESENT	LOW	FAMILY_CANDIDATE	LONG_DESCRIPTION	GENERIC_RELEVANT; coverage=GAP_PRESENT; ownership=STORE_GENERIC; observed slices=1.	0.76	YES
1640337426	1124764995	четки в машину славянские	FAMILY_RELEVANT	1.0	0.0	531.0	GAP_PRESENT	GAP_PRESENT	LOW	FAMILY_CANDIDATE	LONG_DESCRIPTION	FAMILY_RELEVANT; coverage=GAP_PRESENT; ownership=FAMILY_SHARED; observed slices=1.	0.86	YES
1720124782	1217110817	enjoy the silence подвеска в машину	GENERIC_RELEVANT	1.0	0.0	0.0	GAP_PRESENT	GAP_PRESENT	LOW	FAMILY_CANDIDATE	LONG_DESCRIPTION	GENERIC_RELEVANT; coverage=GAP_PRESENT; ownership=FAMILY_SHARED; observed slices=1.	0.76	YES
1720124782	1217110817	sergio ramos подвеска в машину	GENERIC_RELEVANT	1.0	0.0	0.0	GAP_PRESENT	GAP_PRESENT	LOW	FAMILY_CANDIDATE	LONG_DESCRIPTION	GENERIC_RELEVANT; coverage=GAP_PRESENT; ownership=FAMILY_SHARED; observed slices=1.	0.76	YES
1720124782	1217110817	амулет на зеркало оберег в машину	GENERIC_RELEVANT	1.0	0.0	0.0	GAP_PRESENT	GAP_PRESENT	LOW	FAMILY_CANDIDATE	LONG_DESCRIPTION	GENERIC_RELEVANT; coverage=GAP_PRESENT; ownership=STORE_GENERIC; observed slices=1.	0.76	YES
1720124782	1217110817	боковые зеркала на машину спасио 1999	GENERIC_RELEVANT	1.0	0.0	0.0	GAP_PRESENT	GAP_PRESENT	LOW	FAMILY_CANDIDATE	LONG_DESCRIPTION	GENERIC_RELEVANT; coverage=GAP_PRESENT; ownership=STORE_GENERIC; observed slices=1.	0.76	YES
1720124782	1217110817	браслет по знаку зодиака лев	NEIGHBOR_PRODUCT	2.0	0.0	0.0	NOT_APPLICABLE	NOT_APPLICABLE	LOW	REJECT_NEIGHBOR	NONE	NEIGHBOR_PRODUCT; coverage=NOT_APPLICABLE; ownership=EXCLUDED; observed slices=1.	0.98	NO
1720124782	1217110817	брелок авто талисман	GENERIC_RELEVANT	0.0	0.0	0.0	GAP_PRESENT	GAP_PRESENT	LOW	FAMILY_CANDIDATE	LONG_DESCRIPTION	GENERIC_RELEVANT; coverage=GAP_PRESENT; ownership=STORE_GENERIC; observed slices=1.	0.76	YES
1720124782	1217110817	брелок в машину на зеркало пушистики	GENERIC_RELEVANT	0.0	0.0	0.0	GAP_PRESENT	GAP_PRESENT	LOW	FAMILY_CANDIDATE	LONG_DESCRIPTION	GENERIC_RELEVANT; coverage=GAP_PRESENT; ownership=STORE_GENERIC; observed slices=1.	0.76	YES
1720124782	1217110817	бусина защита акриловая	GENERIC_RELEVANT	1.0	0.0	0.0	GAP_PRESENT	GAP_PRESENT	LOW	FAMILY_CANDIDATE	LONG_DESCRIPTION	GENERIC_RELEVANT; coverage=GAP_PRESENT; ownership=FAMILY_SHARED; observed slices=1.	0.72	YES
1720124782	1217110817	бусина знаки зодиака	FAMILY_RELEVANT	1.0	0.0	0.0	GAP_PRESENT	GAP_PRESENT	LOW	FAMILY_CANDIDATE	LONG_DESCRIPTION	FAMILY_RELEVANT; coverage=GAP_PRESENT; ownership=FAMILY_SHARED; observed slices=1.	0.86	YES
1720124782	1217110817	бусина сила веры	AMBIGUOUS_HOLD	1.0	0.0	0.0	GAP_PRESENT	GAP_PRESENT	MEDIUM	HOLD_AMBIGUOUS	HOLD	AMBIGUOUS_HOLD; coverage=GAP_PRESENT; ownership=UNCLEAR; observed slices=1.	0.42	YES
1720124782	1217110817	бусины в машину на зеркало	GENERIC_RELEVANT	1.0	0.0	0.0	GAP_PRESENT	GAP_PRESENT	LOW	FAMILY_CANDIDATE	LONG_DESCRIPTION	GENERIC_RELEVANT; coverage=GAP_PRESENT; ownership=FAMILY_SHARED; observed slices=1.	0.76	YES
1720124782	1217110817	в машину на зеркало	GENERIC_RELEVANT	173.0	0.0	0.0	GAP_PRESENT	GAP_PRESENT	LOW	FAMILY_CANDIDATE	LONG_DESCRIPTION	GENERIC_RELEVANT; coverage=GAP_PRESENT; ownership=STORE_GENERIC; observed slices=1.	0.76	YES
1720124782	1217110817	в машину подвеска	GENERIC_RELEVANT	144.0	0.0	0.0	GAP_PRESENT	GAP_PRESENT	LOW	FAMILY_CANDIDATE	LONG_DESCRIPTION	GENERIC_RELEVANT; coverage=GAP_PRESENT; ownership=STORE_GENERIC; observed slices=1.	0.76	YES
1720124782	1217110817	висюлька в машину на зеркало мужская 18	GENERIC_RELEVANT	1.0	0.0	0.0	GAP_PRESENT	GAP_PRESENT	LOW	FAMILY_CANDIDATE	LONG_DESCRIPTION	GENERIC_RELEVANT; coverage=GAP_PRESENT; ownership=FAMILY_SHARED; observed slices=1.	0.76	YES
1720124782	1217110817	висюлька в машину на зеркало мусульманская на грузовую	GENERIC_RELEVANT	0.0	0.0	0.0	GAP_PRESENT	GAP_PRESENT	LOW	FAMILY_CANDIDATE	LONG_DESCRIPTION	GENERIC_RELEVANT; coverage=GAP_PRESENT; ownership=FAMILY_SHARED; observed slices=1.	0.76	YES
1720124782	1217110817	висюльки в машину на зеркало знак диака стрелец	EXACT_PRODUCT	0.0	0.0	0.0	PARTIAL_GAP	PARTIAL_GAP	LOW	READY_CANDIDATE	LONG_DESCRIPTION	EXACT_PRODUCT; coverage=PARTIAL_GAP; ownership=SKU_SPECIFIC; observed slices=1.	0.96	YES
1720124782	1217110817	вымпелы подвески вдв в мошину	GENERIC_RELEVANT	1.0	0.0	0.0	GAP_PRESENT	GAP_PRESENT	LOW	FAMILY_CANDIDATE	LONG_DESCRIPTION	GENERIC_RELEVANT; coverage=GAP_PRESENT; ownership=FAMILY_SHARED; observed slices=1.	0.72	YES
1720124782	1217110817	гномика в машину мягкая на зеркало	GENERIC_RELEVANT	1.0	0.0	0.0	GAP_PRESENT	GAP_PRESENT	LOW	FAMILY_CANDIDATE	LONG_DESCRIPTION	GENERIC_RELEVANT; coverage=GAP_PRESENT; ownership=FAMILY_SHARED; observed slices=1.	0.76	YES
1720124782	1217110817	демон на машину подвеска на стекло маленькие	GENERIC_RELEVANT	0.0	0.0	0.0	GAP_PRESENT	GAP_PRESENT	LOW	FAMILY_CANDIDATE	LONG_DESCRIPTION	GENERIC_RELEVANT; coverage=GAP_PRESENT; ownership=STORE_GENERIC; observed slices=1.	0.76	YES
1720124782	1217110817	для автомобиля подвеска на зеркало	GENERIC_RELEVANT	2.0	0.0	0.0	GAP_PRESENT	GAP_PRESENT	LOW	FAMILY_CANDIDATE	LONG_DESCRIPTION	GENERIC_RELEVANT; coverage=GAP_PRESENT; ownership=FAMILY_SHARED; observed slices=1.	0.76	YES
1720124782	1217110817	для гадания на песке	AMBIGUOUS_HOLD	1.0	0.0	0.0	GAP_PRESENT	GAP_PRESENT	MEDIUM	HOLD_AMBIGUOUS	HOLD	AMBIGUOUS_HOLD; coverage=GAP_PRESENT; ownership=UNCLEAR; observed slices=1.	0.42	YES
1720124782	1217110817	железный стрелец	STRONG_PRODUCT	0.0	0.0	0.0	PARTIAL_GAP	PARTIAL_GAP	LOW	READY_CANDIDATE	LONG_DESCRIPTION	STRONG_PRODUCT; coverage=PARTIAL_GAP; ownership=SKU_SPECIFIC; observed slices=1.	0.96	YES
1720124782	1217110817	заец в машину	GENERIC_RELEVANT	0.0	0.0	0.0	GAP_PRESENT	GAP_PRESENT	LOW	FAMILY_CANDIDATE	LONG_DESCRIPTION	GENERIC_RELEVANT; coverage=GAP_PRESENT; ownership=FAMILY_SHARED; observed slices=1.	0.76	YES
1720124782	1217110817	зеркало авто подвеска	GENERIC_RELEVANT	1.0	0.0	0.0	GAP_PRESENT	GAP_PRESENT	LOW	FAMILY_CANDIDATE	LONG_DESCRIPTION	GENERIC_RELEVANT; coverage=GAP_PRESENT; ownership=STORE_GENERIC; observed slices=1.	0.76	YES
1720124782	1217110817	зеркало для обгона на праворую машину	GENERIC_RELEVANT	1.0	0.0	0.0	GAP_PRESENT	GAP_PRESENT	LOW	FAMILY_CANDIDATE	LONG_DESCRIPTION	GENERIC_RELEVANT; coverage=GAP_PRESENT; ownership=FAMILY_SHARED; observed slices=1.	0.76	YES
1720124782	1217110817	зеркало кулон амулет	GENERIC_RELEVANT	1.0	0.0	0.0	GAP_PRESENT	GAP_PRESENT	LOW	FAMILY_CANDIDATE	LONG_DESCRIPTION	GENERIC_RELEVANT; coverage=GAP_PRESENT; ownership=FAMILY_SHARED; observed slices=1.	0.76	YES
1720124782	1217110817	зеркало подвеска	GENERIC_RELEVANT	21.0	0.0	0.0	GAP_PRESENT	GAP_PRESENT	LOW	FAMILY_CANDIDATE	LONG_DESCRIPTION	GENERIC_RELEVANT; coverage=GAP_PRESENT; ownership=STORE_GENERIC; observed slices=1.	0.76	YES
1720124782	1217110817	знак на машину выйду замуж	GENERIC_RELEVANT	1.0	0.0	0.0	GAP_PRESENT	GAP_PRESENT	LOW	FAMILY_CANDIDATE	LONG_DESCRIPTION	GENERIC_RELEVANT; coverage=GAP_PRESENT; ownership=FAMILY_SHARED; observed slices=1.	0.76	YES
1720124782	1217110817	знак туфелька блестящая на машину	GENERIC_RELEVANT	0.0	0.0	0.0	GAP_PRESENT	GAP_PRESENT	LOW	FAMILY_CANDIDATE	LONG_DESCRIPTION	GENERIC_RELEVANT; coverage=GAP_PRESENT; ownership=FAMILY_SHARED; observed slices=1.	0.76	YES
1720124782	1217110817	знаки зодиака	FAMILY_RELEVANT	219.0	0.0	0.0	GAP_PRESENT	GAP_PRESENT	LOW	FAMILY_CANDIDATE	LONG_DESCRIPTION	FAMILY_RELEVANT; coverage=GAP_PRESENT; ownership=FAMILY_SHARED; observed slices=1.	0.86	YES
1720124782	1217110817	игрушка на зеркало в машину пачка сигарет	GENERIC_RELEVANT	0.0	0.0	0.0	GAP_PRESENT	GAP_PRESENT	LOW	FAMILY_CANDIDATE	LONG_DESCRIPTION	GENERIC_RELEVANT; coverage=GAP_PRESENT; ownership=FAMILY_SHARED; observed slices=1.	0.76	YES
1720124782	1217110817	игрушки в машину оберег	GENERIC_RELEVANT	1.0	0.0	0.0	GAP_PRESENT	GAP_PRESENT	LOW	FAMILY_CANDIDATE	LONG_DESCRIPTION	GENERIC_RELEVANT; coverage=GAP_PRESENT; ownership=FAMILY_SHARED; observed slices=1.	0.76	YES
1720124782	1217110817	колокольчик оберег в машину стрелец	EXACT_PRODUCT	1.0	0.0	0.0	PARTIAL_GAP	PARTIAL_GAP	LOW	READY_CANDIDATE	LONG_DESCRIPTION	EXACT_PRODUCT; coverage=PARTIAL_GAP; ownership=SKU_SPECIFIC; observed slices=1.	0.96	YES
1720124782	1217110817	коннектор стрелец	STRONG_PRODUCT	1.0	0.0	0.0	PARTIAL_GAP	PARTIAL_GAP	LOW	READY_CANDIDATE	LONG_DESCRIPTION	STRONG_PRODUCT; coverage=PARTIAL_GAP; ownership=SKU_SPECIFIC; observed slices=1.	0.96	YES
1720124782	1217110817	кролик стрелец и	STRONG_PRODUCT	0.0	0.0	0.0	PARTIAL_GAP	PARTIAL_GAP	HIGH	READY_CANDIDATE	LONG_DESCRIPTION	STRONG_PRODUCT; coverage=PARTIAL_GAP; ownership=FAMILY_SHARED; observed slices=1.	0.96	YES
1720124782	1217110817	кулон зеркало оберег	GENERIC_RELEVANT	83.0	0.0	0.0	GAP_PRESENT	GAP_PRESENT	LOW	FAMILY_CANDIDATE	LONG_DESCRIPTION	GENERIC_RELEVANT; coverage=GAP_PRESENT; ownership=STORE_GENERIC; observed slices=1.	0.76	YES
1720124782	1217110817	"магазин ""стрелец"	STRONG_PRODUCT	0.0	0.0	0.0	PARTIAL_GAP	PARTIAL_GAP	HIGH	READY_CANDIDATE	LONG_DESCRIPTION	STRONG_PRODUCT; coverage=PARTIAL_GAP; ownership=FAMILY_SHARED; observed slices=1.	0.96	YES
1720124782	1217110817	магические атрибуты	AMBIGUOUS_HOLD	146.0	0.0	0.0	GAP_PRESENT	GAP_PRESENT	MEDIUM	HOLD_AMBIGUOUS	HOLD	AMBIGUOUS_HOLD; coverage=GAP_PRESENT; ownership=UNCLEAR; observed slices=1.	0.42	YES
1720124782	1217110817	медведь gac плюшевый в машину на зеркало	GENERIC_RELEVANT	1.0	0.0	0.0	GAP_PRESENT	GAP_PRESENT	LOW	FAMILY_CANDIDATE	LONG_DESCRIPTION	GENERIC_RELEVANT; coverage=GAP_PRESENT; ownership=FAMILY_SHARED; observed slices=1.	0.76	YES
1720124782	1217110817	мешочек со смехом подвеска в машину	GENERIC_RELEVANT	0.0	0.0	0.0	GAP_PRESENT	GAP_PRESENT	LOW	FAMILY_CANDIDATE	LONG_DESCRIPTION	GENERIC_RELEVANT; coverage=GAP_PRESENT; ownership=STORE_GENERIC; observed slices=1.	0.76	YES
1720124782	1217110817	на зеркало в машину	GENERIC_RELEVANT	96.0	0.0	0.0	GAP_PRESENT	GAP_PRESENT	LOW	FAMILY_CANDIDATE	LONG_DESCRIPTION	GENERIC_RELEVANT; coverage=GAP_PRESENT; ownership=STORE_GENERIC; observed slices=1.	0.76	YES
1720124782	1217110817	на четки подвеска	GENERIC_RELEVANT	1.0	0.0	0.0	GAP_PRESENT	GAP_PRESENT	LOW	FAMILY_CANDIDATE	LONG_DESCRIPTION	GENERIC_RELEVANT; coverage=GAP_PRESENT; ownership=STORE_GENERIC; observed slices=1.	0.72	YES
1720124782	1217110817	оберег в машинк	GENERIC_RELEVANT	1.0	0.0	0.0	GAP_PRESENT	GAP_PRESENT	LOW	FAMILY_CANDIDATE	LONG_DESCRIPTION	GENERIC_RELEVANT; coverage=GAP_PRESENT; ownership=FAMILY_SHARED; observed slices=1.	0.76	YES
1720124782	1217110817	оберег в машину	GENERIC_RELEVANT	1153.0	0.0	0.0	GAP_PRESENT	GAP_PRESENT	LOW	FAMILY_CANDIDATE	LONG_DESCRIPTION	GENERIC_RELEVANT; coverage=GAP_PRESENT; ownership=STORE_GENERIC; observed slices=1.	0.76	YES
1720124782	1217110817	оберег для стрелец опал	EXACT_PRODUCT	1.0	0.0	0.0	PARTIAL_GAP	PARTIAL_GAP	LOW	READY_CANDIDATE	LONG_DESCRIPTION	EXACT_PRODUCT; coverage=PARTIAL_GAP; ownership=SKU_SPECIFIC; observed slices=1.	0.96	YES
1720124782	1217110817	оберег защитный в машину на зеркало	GENERIC_RELEVANT	1.0	0.0	0.0	GAP_PRESENT	GAP_PRESENT	LOW	FAMILY_CANDIDATE	LONG_DESCRIPTION	GENERIC_RELEVANT; coverage=GAP_PRESENT; ownership=FAMILY_SHARED; observed slices=1.	0.76	YES
1720124782	1217110817	подвеска бетмен в машину силткон	GENERIC_RELEVANT	0.0	0.0	0.0	GAP_PRESENT	GAP_PRESENT	LOW	FAMILY_CANDIDATE	LONG_DESCRIPTION	GENERIC_RELEVANT; coverage=GAP_PRESENT; ownership=FAMILY_SHARED; observed slices=2.	0.76	YES
1720124782	1217110817	подвеска в автомобиль	GENERIC_RELEVANT	111.0	0.0	0.0	GAP_PRESENT	GAP_PRESENT	LOW	FAMILY_CANDIDATE	LONG_DESCRIPTION	GENERIC_RELEVANT; coverage=GAP_PRESENT; ownership=STORE_GENERIC; observed slices=1.	0.76	YES
1720124782	1217110817	подвеска в машину	GENERIC_RELEVANT	3171.0	0.0	0.0	GAP_PRESENT	GAP_PRESENT	LOW	FAMILY_CANDIDATE	LONG_DESCRIPTION	GENERIC_RELEVANT; coverage=GAP_PRESENT; ownership=STORE_GENERIC; observed slices=1.	0.76	YES
1720124782	1217110817	подвеска в машину демон они на четках	GENERIC_RELEVANT	0.0	0.0	0.0	GAP_PRESENT	GAP_PRESENT	LOW	FAMILY_CANDIDATE	LONG_DESCRIPTION	GENERIC_RELEVANT; coverage=GAP_PRESENT; ownership=FAMILY_SHARED; observed slices=1.	0.76	YES
1720124782	1217110817	подвеска в машину мужская оберег	GENERIC_RELEVANT	1.0	0.0	608.0	GAP_PRESENT	GAP_PRESENT	LOW	FAMILY_CANDIDATE	LONG_DESCRIPTION	GENERIC_RELEVANT; coverage=GAP_PRESENT; ownership=FAMILY_SHARED; observed slices=1.	0.76	YES
1720124782	1217110817	подвеска в машину на зеркало	GENERIC_RELEVANT	914.0	0.0	0.0	GAP_PRESENT	GAP_PRESENT	LOW	FAMILY_CANDIDATE	LONG_DESCRIPTION	GENERIC_RELEVANT; coverage=GAP_PRESENT; ownership=STORE_GENERIC; observed slices=2.	0.76	YES
1720124782	1217110817	подвеска на зеркало в машину	GENERIC_RELEVANT	1168.0	0.0	0.0	GAP_PRESENT	GAP_PRESENT	LOW	FAMILY_CANDIDATE	LONG_DESCRIPTION	GENERIC_RELEVANT; coverage=GAP_PRESENT; ownership=STORE_GENERIC; observed slices=1.	0.76	YES
1720124782	1217110817	подвеска стрелец	EXACT_PRODUCT	129.0	0.0	0.0	NO_GAP	NO_GAP	LOW	NO_CHANGE	NONE	EXACT_PRODUCT; coverage=NO_GAP; ownership=SKU_SPECIFIC; observed slices=1.	0.96	NO
1720124782	1217110817	стрелец	STRONG_PRODUCT	690.0	0.0	0.0	NO_GAP	NO_GAP	HIGH	NO_CHANGE	NONE	STRONG_PRODUCT; coverage=NO_GAP; ownership=FAMILY_SHARED; observed slices=1.	0.96	YES
1720124782	1217110817	талисман в иашину стрелец	EXACT_PRODUCT	1.0	0.0	563.0	PARTIAL_GAP	PARTIAL_GAP	LOW	READY_CANDIDATE	LONG_DESCRIPTION	EXACT_PRODUCT; coverage=PARTIAL_GAP; ownership=SKU_SPECIFIC; observed slices=1.	0.96	YES
1720124782	1217110817	четки в машину	GENERIC_RELEVANT	2612.0	0.0	0.0	GAP_PRESENT	GAP_PRESENT	LOW	FAMILY_CANDIDATE	LONG_DESCRIPTION	GENERIC_RELEVANT; coverage=GAP_PRESENT; ownership=STORE_GENERIC; observed slices=1.	0.76	YES
1720124782	1217110817	четки в машину на зеркало	GENERIC_RELEVANT	355.0	0.0	0.0	GAP_PRESENT	GAP_PRESENT	LOW	FAMILY_CANDIDATE	LONG_DESCRIPTION	GENERIC_RELEVANT; coverage=GAP_PRESENT; ownership=STORE_GENERIC; observed slices=1.	0.76	YES
1720131759	1217117569	bimbo twins	AMBIGUOUS_HOLD	4.0	0.0	0.0	GAP_PRESENT	GAP_PRESENT	MEDIUM	HOLD_AMBIGUOUS	HOLD	AMBIGUOUS_HOLD; coverage=GAP_PRESENT; ownership=UNCLEAR; observed slices=1.	0.42	YES
1720131759	1217117569	авто кресло для близнецов	PARTIAL_RELEVANCE	0.0	0.0	0.0	PARTIAL_GAP	PARTIAL_GAP	MEDIUM	HOLD_AMBIGUOUS	HOLD	PARTIAL_RELEVANCE; coverage=PARTIAL_GAP; ownership=UNCLEAR; observed slices=1.	0.60	YES
1720131759	1217117569	аксессуары в машину на зеркало подвеска	GENERIC_RELEVANT	1.0	0.0	0.0	GAP_PRESENT	GAP_PRESENT	LOW	FAMILY_CANDIDATE	LONG_DESCRIPTION	GENERIC_RELEVANT; coverage=GAP_PRESENT; ownership=FAMILY_SHARED; observed slices=1.	0.76	YES
1720131759	1217117569	амулет близнецы в машин	EXACT_PRODUCT	0.0	0.0	0.0	PARTIAL_GAP	PARTIAL_GAP	LOW	READY_CANDIDATE	LONG_DESCRIPTION	EXACT_PRODUCT; coverage=PARTIAL_GAP; ownership=SKU_SPECIFIC; observed slices=1.	0.96	YES
1720131759	1217117569	амулет близнецы в машину подвеска	EXACT_PRODUCT	2.0	0.0	0.0	NO_GAP	NO_GAP	LOW	NO_CHANGE	NONE	EXACT_PRODUCT; coverage=NO_GAP; ownership=SKU_SPECIFIC; observed slices=1.	0.96	NO
1720131759	1217117569	амулеты обереги и талисманы	GENERIC_RELEVANT	160.0	0.0	0.0	GAP_PRESENT	GAP_PRESENT	LOW	FAMILY_CANDIDATE	LONG_DESCRIPTION	GENERIC_RELEVANT; coverage=GAP_PRESENT; ownership=STORE_GENERIC; observed slices=1.	0.72	YES
1720131759	1217117569	аятол корси на машину на салон зеркало	GENERIC_RELEVANT	1.0	0.0	0.0	GAP_PRESENT	GAP_PRESENT	LOW	FAMILY_CANDIDATE	LONG_DESCRIPTION	GENERIC_RELEVANT; coverage=GAP_PRESENT; ownership=FAMILY_SHARED; observed slices=1.	0.76	YES
1720131759	1217117569	бабой яга в машину подвеска	GENERIC_RELEVANT	1.0	0.0	0.0	GAP_PRESENT	GAP_PRESENT	LOW	FAMILY_CANDIDATE	LONG_DESCRIPTION	GENERIC_RELEVANT; coverage=GAP_PRESENT; ownership=STORE_GENERIC; observed slices=1.	0.76	YES
1720131759	1217117569	близнецы	STRONG_PRODUCT	539.0	0.0	0.0	NO_GAP	NO_GAP	HIGH	NO_CHANGE	NONE	STRONG_PRODUCT; coverage=NO_GAP; ownership=FAMILY_SHARED; observed slices=1.	0.96	YES
1720131759	1217117569	близнецы драконы	STRONG_PRODUCT	1.0	0.0	0.0	PARTIAL_GAP	PARTIAL_GAP	LOW	READY_CANDIDATE	LONG_DESCRIPTION	STRONG_PRODUCT; coverage=PARTIAL_GAP; ownership=SKU_SPECIFIC; observed slices=1.	0.96	YES
1720131759	1217117569	близнецы подарок в машину	EXACT_PRODUCT	0.0	0.0	0.0	NO_GAP	NO_GAP	HIGH	NO_CHANGE	NONE	EXACT_PRODUCT; coverage=NO_GAP; ownership=FAMILY_SHARED; observed slices=1.	0.96	YES
1720131759	1217117569	брелок в машину на зеркало оберег сузуки на камне	GENERIC_RELEVANT	1.0	0.0	0.0	GAP_PRESENT	GAP_PRESENT	LOW	FAMILY_CANDIDATE	LONG_DESCRIPTION	GENERIC_RELEVANT; coverage=GAP_PRESENT; ownership=FAMILY_SHARED; observed slices=1.	0.76	YES
1720131759	1217117569	брелок в машину на зеркало пушистики	GENERIC_RELEVANT	0.0	0.0	0.0	GAP_PRESENT	GAP_PRESENT	LOW	FAMILY_CANDIDATE	LONG_DESCRIPTION	GENERIC_RELEVANT; coverage=GAP_PRESENT; ownership=STORE_GENERIC; observed slices=1.	0.76	YES
1720131759	1217117569	брелок на зеркало в машину фемида	GENERIC_RELEVANT	0.0	0.0	0.0	GAP_PRESENT	GAP_PRESENT	LOW	FAMILY_CANDIDATE	LONG_DESCRIPTION	GENERIC_RELEVANT; coverage=GAP_PRESENT; ownership=STORE_GENERIC; observed slices=1.	0.76	YES
1720131759	1217117569	брелок оберег талисман	GENERIC_RELEVANT	1.0	0.0	0.0	GAP_PRESENT	GAP_PRESENT	LOW	FAMILY_CANDIDATE	LONG_DESCRIPTION	GENERIC_RELEVANT; coverage=GAP_PRESENT; ownership=FAMILY_SHARED; observed slices=1.	0.72	YES
1720131759	1217117569	брелоки знак зодиака близнецы	EXACT_PRODUCT	1.0	0.0	0.0	PARTIAL_GAP	PARTIAL_GAP	LOW	READY_CANDIDATE	LONG_DESCRIPTION	EXACT_PRODUCT; coverage=PARTIAL_GAP; ownership=SKU_SPECIFIC; observed slices=1.	0.96	YES
1720131759	1217117569	в машину на зеркало	GENERIC_RELEVANT	135.0	0.0	0.0	GAP_PRESENT	GAP_PRESENT	LOW	FAMILY_CANDIDATE	LONG_DESCRIPTION	GENERIC_RELEVANT; coverage=GAP_PRESENT; ownership=STORE_GENERIC; observed slices=1.	0.76	YES
1720131759	1217117569	весы знак зодиака	NEIGHBOR_PRODUCT	171.0	0.0	0.0	NOT_APPLICABLE	NOT_APPLICABLE	HIGH	REJECT_NEIGHBOR	NONE	NEIGHBOR_PRODUCT; coverage=NOT_APPLICABLE; ownership=FAMILY_SHARED; observed slices=1.	0.98	YES
1720131759	1217117569	вонючка в машину оберег от дпс	GENERIC_RELEVANT	1.0	0.0	0.0	GAP_PRESENT	GAP_PRESENT	LOW	FAMILY_CANDIDATE	LONG_DESCRIPTION	GENERIC_RELEVANT; coverage=GAP_PRESENT; ownership=FAMILY_SHARED; observed slices=1.	0.76	YES
1720131759	1217117569	все для близнецов	PARTIAL_RELEVANCE	2.0	0.0	0.0	PARTIAL_GAP	PARTIAL_GAP	MEDIUM	HOLD_AMBIGUOUS	HOLD	PARTIAL_RELEVANCE; coverage=PARTIAL_GAP; ownership=UNCLEAR; observed slices=1.	0.60	YES
1720131759	1217117569	деревянные обереги	GENERIC_RELEVANT	3.0	0.0	0.0	GAP_PRESENT	GAP_PRESENT	LOW	FAMILY_CANDIDATE	LONG_DESCRIPTION	GENERIC_RELEVANT; coverage=GAP_PRESENT; ownership=STORE_GENERIC; observed slices=1.	0.72	YES
1720131759	1217117569	зеркала на машину ниссан wingroas боковые	GENERIC_RELEVANT	1.0	0.0	0.0	GAP_PRESENT	GAP_PRESENT	LOW	FAMILY_CANDIDATE	LONG_DESCRIPTION	GENERIC_RELEVANT; coverage=GAP_PRESENT; ownership=FAMILY_SHARED; observed slices=1.	0.76	YES
1720131759	1217117569	зеркало	GENERIC_RELEVANT	7498.0	0.0	0.0	GAP_PRESENT	GAP_PRESENT	LOW	FAMILY_CANDIDATE	LONG_DESCRIPTION	GENERIC_RELEVANT; coverage=GAP_PRESENT; ownership=STORE_GENERIC; observed slices=1.	0.76	YES
1720131759	1217117569	зеркало деревянное для творчества	GENERIC_RELEVANT	1.0	0.0	0.0	GAP_PRESENT	GAP_PRESENT	LOW	FAMILY_CANDIDATE	LONG_DESCRIPTION	GENERIC_RELEVANT; coverage=GAP_PRESENT; ownership=FAMILY_SHARED; observed slices=1.	0.76	YES
1720131759	1217117569	знак близнецы м	STRONG_PRODUCT	0.0	0.0	0.0	NO_GAP	NO_GAP	LOW	NO_CHANGE	NONE	STRONG_PRODUCT; coverage=NO_GAP; ownership=SKU_SPECIFIC; observed slices=1.	0.96	NO
1720131759	1217117569	знак зодиака близнецы сувенир	EXACT_PRODUCT	1.0	0.0	0.0	PARTIAL_GAP	PARTIAL_GAP	LOW	READY_CANDIDATE	LONG_DESCRIPTION	EXACT_PRODUCT; coverage=PARTIAL_GAP; ownership=SKU_SPECIFIC; observed slices=1.	0.96	YES
1720131759	1217117569	знак со стразами учебная машина	GENERIC_RELEVANT	1.0	0.0	0.0	GAP_PRESENT	GAP_PRESENT	LOW	FAMILY_CANDIDATE	LONG_DESCRIPTION	GENERIC_RELEVANT; coverage=GAP_PRESENT; ownership=FAMILY_SHARED; observed slices=1.	0.76	YES
1720131759	1217117569	из дерева в машину подвеска	GENERIC_RELEVANT	1.0	0.0	0.0	GAP_PRESENT	GAP_PRESENT	LOW	FAMILY_CANDIDATE	LONG_DESCRIPTION	GENERIC_RELEVANT; coverage=GAP_PRESENT; ownership=FAMILY_SHARED; observed slices=1.	0.76	YES
1720131759	1217117569	камень для близнецов	PARTIAL_RELEVANCE	3.0	0.0	0.0	PARTIAL_GAP	PARTIAL_GAP	MEDIUM	HOLD_AMBIGUOUS	HOLD	PARTIAL_RELEVANCE; coverage=PARTIAL_GAP; ownership=UNCLEAR; observed slices=1.	0.60	YES
1720131759	1217117569	кружка для близнеца	PARTIAL_RELEVANCE	1.0	0.0	0.0	PARTIAL_GAP	PARTIAL_GAP	MEDIUM	HOLD_AMBIGUOUS	HOLD	PARTIAL_RELEVANCE; coverage=PARTIAL_GAP; ownership=UNCLEAR; observed slices=1.	0.60	YES
1720131759	1217117569	кулон близнец	PARTIAL_RELEVANCE	0.0	0.0	0.0	PARTIAL_GAP	PARTIAL_GAP	MEDIUM	HOLD_AMBIGUOUS	HOLD	PARTIAL_RELEVANCE; coverage=PARTIAL_GAP; ownership=UNCLEAR; observed slices=1.	0.60	YES
1720131759	1217117569	лада оберег	GENERIC_RELEVANT	4.0	0.0	0.0	GAP_PRESENT	GAP_PRESENT	LOW	FAMILY_CANDIDATE	LONG_DESCRIPTION	GENERIC_RELEVANT; coverage=GAP_PRESENT; ownership=FAMILY_SHARED; observed slices=1.	0.72	YES
1720131759	1217117569	ловец снов в машину	GENERIC_RELEVANT	17.0	0.0	0.0	GAP_PRESENT	GAP_PRESENT	LOW	FAMILY_CANDIDATE	LONG_DESCRIPTION	GENERIC_RELEVANT; coverage=GAP_PRESENT; ownership=FAMILY_SHARED; observed slices=1.	0.76	YES
1720131759	1217117569	мужчине на день рождения	AMBIGUOUS_HOLD	0.0	0.0	0.0	GAP_PRESENT	GAP_PRESENT	MEDIUM	HOLD_AMBIGUOUS	HOLD	AMBIGUOUS_HOLD; coverage=GAP_PRESENT; ownership=UNCLEAR; observed slices=1.	0.42	YES
1720131759	1217117569	мусульманский оберег на веревочке	GENERIC_RELEVANT	1.0	0.0	0.0	GAP_PRESENT	GAP_PRESENT	LOW	FAMILY_CANDIDATE	LONG_DESCRIPTION	GENERIC_RELEVANT; coverage=GAP_PRESENT; ownership=STORE_GENERIC; observed slices=1.	0.72	YES
1720131759	1217117569	на зеркало авто подвеска	GENERIC_RELEVANT	12.0	0.0	0.0	GAP_PRESENT	GAP_PRESENT	LOW	FAMILY_CANDIDATE	LONG_DESCRIPTION	GENERIC_RELEVANT; coverage=GAP_PRESENT; ownership=STORE_GENERIC; observed slices=1.	0.76	YES
1720131759	1217117569	набор	AMBIGUOUS_HOLD	10271.0	0.0	0.0	GAP_PRESENT	GAP_PRESENT	MEDIUM	HOLD_AMBIGUOUS	HOLD	AMBIGUOUS_HOLD; coverage=GAP_PRESENT; ownership=UNCLEAR; observed slices=1.	0.42	YES
1720131759	1217117569	оберег	GENERIC_RELEVANT	370.0	0.0	0.0	GAP_PRESENT	GAP_PRESENT	LOW	FAMILY_CANDIDATE	LONG_DESCRIPTION	GENERIC_RELEVANT; coverage=GAP_PRESENT; ownership=STORE_GENERIC; observed slices=1.	0.72	YES
1720131759	1217117569	оберег в машину	GENERIC_RELEVANT	157.0	0.0	0.0	GAP_PRESENT	GAP_PRESENT	LOW	FAMILY_CANDIDATE	LONG_DESCRIPTION	GENERIC_RELEVANT; coverage=GAP_PRESENT; ownership=STORE_GENERIC; observed slices=1.	0.76	YES
1720131759	1217117569	оберег для машины	GENERIC_RELEVANT	11.0	0.0	0.0	GAP_PRESENT	GAP_PRESENT	LOW	FAMILY_CANDIDATE	LONG_DESCRIPTION	GENERIC_RELEVANT; coverage=GAP_PRESENT; ownership=FAMILY_SHARED; observed slices=1.	0.76	YES
1720131759	1217117569	обереги и талисманы	GENERIC_RELEVANT	126.0	0.0	0.0	GAP_PRESENT	GAP_PRESENT	LOW	FAMILY_CANDIDATE	LONG_DESCRIPTION	GENERIC_RELEVANT; coverage=GAP_PRESENT; ownership=STORE_GENERIC; observed slices=1.	0.72	YES
1720131759	1217117569	омулет оберегающий в машину	GENERIC_RELEVANT	1.0	0.0	0.0	GAP_PRESENT	GAP_PRESENT	LOW	FAMILY_CANDIDATE	LONG_DESCRIPTION	GENERIC_RELEVANT; coverage=GAP_PRESENT; ownership=FAMILY_SHARED; observed slices=1.	0.76	YES
1720131759	1217117569	подвеска близнецы	EXACT_PRODUCT	186.0	0.0	0.0	NO_GAP	NO_GAP	HIGH	NO_CHANGE	NONE	EXACT_PRODUCT; coverage=NO_GAP; ownership=FAMILY_SHARED; observed slices=1.	0.96	YES
1720131759	1217117569	подвеска в ладу на зеркало	GENERIC_RELEVANT	0.0	0.0	0.0	GAP_PRESENT	GAP_PRESENT	LOW	FAMILY_CANDIDATE	LONG_DESCRIPTION	GENERIC_RELEVANT; coverage=GAP_PRESENT; ownership=FAMILY_SHARED; observed slices=1.	0.76	YES
1720131759	1217117569	подвеска в машину	GENERIC_RELEVANT	3171.0	0.0	0.0	GAP_PRESENT	GAP_PRESENT	LOW	FAMILY_CANDIDATE	LONG_DESCRIPTION	GENERIC_RELEVANT; coverage=GAP_PRESENT; ownership=STORE_GENERIC; observed slices=1.	0.76	YES
1720131759	1217117569	подвеска в машину лучше пешком	GENERIC_RELEVANT	1.0	0.0	0.0	GAP_PRESENT	GAP_PRESENT	LOW	FAMILY_CANDIDATE	LONG_DESCRIPTION	GENERIC_RELEVANT; coverage=GAP_PRESENT; ownership=FAMILY_SHARED; observed slices=1.	0.76	YES
1720131759	1217117569	подвеска в машину на зеркало весы	NEIGHBOR_PRODUCT	0.0	0.0	0.0	NOT_APPLICABLE	NOT_APPLICABLE	LOW	REJECT_NEIGHBOR	NONE	NEIGHBOR_PRODUCT; coverage=NOT_APPLICABLE; ownership=SKU_SPECIFIC; observed slices=1.	0.98	NO
1720131759	1217117569	подвеска в машину на зеркало знак зодиака	FAMILY_RELEVANT	0.0	0.0	0.0	GAP_PRESENT	GAP_PRESENT	LOW	FAMILY_CANDIDATE	LONG_DESCRIPTION	FAMILY_RELEVANT; coverage=GAP_PRESENT; ownership=FAMILY_SHARED; observed slices=1.	0.86	YES
1720131759	1217117569	подвеска в машину на зеркало ма ка крик	GENERIC_RELEVANT	0.0	0.0	0.0	GAP_PRESENT	GAP_PRESENT	LOW	FAMILY_CANDIDATE	LONG_DESCRIPTION	GENERIC_RELEVANT; coverage=GAP_PRESENT; ownership=STORE_GENERIC; observed slices=1.	0.76	YES
1720131759	1217117569	подвеска в машину на зеркало оскал тигра	GENERIC_RELEVANT	0.0	0.0	0.0	GAP_PRESENT	GAP_PRESENT	LOW	FAMILY_CANDIDATE	LONG_DESCRIPTION	GENERIC_RELEVANT; coverage=GAP_PRESENT; ownership=FAMILY_SHARED; observed slices=1.	0.76	YES
1720131759	1217117569	подвеска на зеркало автомобиля акула	GENERIC_RELEVANT	0.0	0.0	0.0	GAP_PRESENT	GAP_PRESENT	LOW	FAMILY_CANDIDATE	LONG_DESCRIPTION	GENERIC_RELEVANT; coverage=GAP_PRESENT; ownership=STORE_GENERIC; observed slices=1.	0.76	YES
1720131759	1217117569	подвеска на зеркало в машину	GENERIC_RELEVANT	1261.0	0.0	0.0	GAP_PRESENT	GAP_PRESENT	LOW	FAMILY_CANDIDATE	LONG_DESCRIPTION	GENERIC_RELEVANT; coverage=GAP_PRESENT; ownership=STORE_GENERIC; observed slices=1.	0.76	YES
1720131759	1217117569	подвеска на зеркало щущеная голоаа	GENERIC_RELEVANT	1.0	0.0	0.0	GAP_PRESENT	GAP_PRESENT	LOW	FAMILY_CANDIDATE	LONG_DESCRIPTION	GENERIC_RELEVANT; coverage=GAP_PRESENT; ownership=FAMILY_SHARED; observed slices=1.	0.76	YES
1720131759	1217117569	подвеска россия на зеркало в машину	GENERIC_RELEVANT	1.0	0.0	0.0	GAP_PRESENT	GAP_PRESENT	LOW	FAMILY_CANDIDATE	LONG_DESCRIPTION	GENERIC_RELEVANT; coverage=GAP_PRESENT; ownership=FAMILY_SHARED; observed slices=1.	0.76	YES
1720131759	1217117569	свеча для знака близнецы	STRONG_PRODUCT	1.0	0.0	0.0	PARTIAL_GAP	PARTIAL_GAP	LOW	READY_CANDIDATE	LONG_DESCRIPTION	STRONG_PRODUCT; coverage=PARTIAL_GAP; ownership=SKU_SPECIFIC; observed slices=1.	0.96	YES
1720131759	1217117569	талисман в машину иконка близнецов	PARTIAL_RELEVANCE	1.0	0.0	0.0	PARTIAL_GAP	PARTIAL_GAP	MEDIUM	HOLD_AMBIGUOUS	HOLD	PARTIAL_RELEVANCE; coverage=PARTIAL_GAP; ownership=UNCLEAR; observed slices=1.	0.60	YES
1720131759	1217117569	талисман маска для знака зодиака близнецы	EXACT_PRODUCT	0.0	0.0	0.0	PARTIAL_GAP	PARTIAL_GAP	LOW	READY_CANDIDATE	LONG_DESCRIPTION	EXACT_PRODUCT; coverage=PARTIAL_GAP; ownership=SKU_SPECIFIC; observed slices=1.	0.96	YES
1720131759	1217117569	талисманы и обереги	GENERIC_RELEVANT	305.0	0.0	0.0	GAP_PRESENT	GAP_PRESENT	LOW	FAMILY_CANDIDATE	LONG_DESCRIPTION	GENERIC_RELEVANT; coverage=GAP_PRESENT; ownership=STORE_GENERIC; observed slices=1.	0.72	YES
1720131759	1217117569	четки в автомобиль	GENERIC_RELEVANT	178.0	0.0	0.0	GAP_PRESENT	GAP_PRESENT	LOW	FAMILY_CANDIDATE	LONG_DESCRIPTION	GENERIC_RELEVANT; coverage=GAP_PRESENT; ownership=STORE_GENERIC; observed slices=1.	0.76	YES
1720131759	1217117569	четки в машину	GENERIC_RELEVANT	137.0	0.0	0.0	GAP_PRESENT	GAP_PRESENT	LOW	FAMILY_CANDIDATE	LONG_DESCRIPTION	GENERIC_RELEVANT; coverage=GAP_PRESENT; ownership=STORE_GENERIC; observed slices=1.	0.76	YES
1720137256	1217124642	forza кимоно подвеска в машину	GENERIC_RELEVANT	1.0	0.0	0.0	GAP_PRESENT	GAP_PRESENT	LOW	FAMILY_CANDIDATE	LONG_DESCRIPTION	GENERIC_RELEVANT; coverage=GAP_PRESENT; ownership=FAMILY_SHARED; observed slices=1.	0.76	YES
1720137256	1217124642	no pasaran подвеска в машину	GENERIC_RELEVANT	1.0	0.0	0.0	GAP_PRESENT	GAP_PRESENT	LOW	FAMILY_CANDIDATE	LONG_DESCRIPTION	GENERIC_RELEVANT; coverage=GAP_PRESENT; ownership=STORE_GENERIC; observed slices=1.	0.76	YES
1720137256	1217124642	автобильные весы	EXACT_PRODUCT	0.0	0.0	0.0	PARTIAL_GAP	PARTIAL_GAP	LOW	READY_CANDIDATE	LONG_DESCRIPTION	EXACT_PRODUCT; coverage=PARTIAL_GAP; ownership=SKU_SPECIFIC; observed slices=1.	0.96	YES
1720137256	1217124642	автомобильное подвеска оберег	GENERIC_RELEVANT	1.0	0.0	0.0	GAP_PRESENT	GAP_PRESENT	LOW	FAMILY_CANDIDATE	LONG_DESCRIPTION	GENERIC_RELEVANT; coverage=GAP_PRESENT; ownership=STORE_GENERIC; observed slices=1.	0.76	YES
1720137256	1217124642	автомобильные весы	EXACT_PRODUCT	23.0	0.0	0.0	NO_GAP	NO_GAP	LOW	NO_CHANGE	NONE	EXACT_PRODUCT; coverage=NO_GAP; ownership=SKU_SPECIFIC; observed slices=1.	0.96	NO
1720137256	1217124642	адамас золото знак зодиака	FAMILY_RELEVANT	0.0	0.0	0.0	GAP_PRESENT	GAP_PRESENT	LOW	FAMILY_CANDIDATE	LONG_DESCRIPTION	FAMILY_RELEVANT; coverage=GAP_PRESENT; ownership=FAMILY_SHARED; observed slices=1.	0.86	YES
1720137256	1217124642	аксессуары в машину подвесаа зеркал барабан	GENERIC_RELEVANT	0.0	0.0	0.0	GAP_PRESENT	GAP_PRESENT	LOW	FAMILY_CANDIDATE	LONG_DESCRIPTION	GENERIC_RELEVANT; coverage=GAP_PRESENT; ownership=STORE_GENERIC; observed slices=1.	0.76	YES
1720137256	1217124642	амулет в автомобиль на зеркало	GENERIC_RELEVANT	1.0	0.0	0.0	GAP_PRESENT	GAP_PRESENT	LOW	FAMILY_CANDIDATE	LONG_DESCRIPTION	GENERIC_RELEVANT; coverage=GAP_PRESENT; ownership=FAMILY_SHARED; observed slices=1.	0.76	YES
1720137256	1217124642	амулет в машину славянский на зеркало	NEIGHBOR_PRODUCT	1.0	0.0	0.0	NOT_APPLICABLE	NOT_APPLICABLE	LOW	REJECT_NEIGHBOR	NONE	NEIGHBOR_PRODUCT; coverage=NOT_APPLICABLE; ownership=EXCLUDED; observed slices=1.	0.90	NO
1720137256	1217124642	амулет весы	EXACT_PRODUCT	12.0	0.0	674.0	NO_GAP	NO_GAP	LOW	NO_CHANGE	NONE	EXACT_PRODUCT; coverage=NO_GAP; ownership=SKU_SPECIFIC; observed slices=1.	0.96	NO
1720137256	1217124642	амулет на машину на зеркало мужской	GENERIC_RELEVANT	1.0	0.0	0.0	GAP_PRESENT	GAP_PRESENT	LOW	FAMILY_CANDIDATE	LONG_DESCRIPTION	GENERIC_RELEVANT; coverage=GAP_PRESENT; ownership=FAMILY_SHARED; observed slices=1.	0.76	YES
1720137256	1217124642	амулеты обереги и талисманы	GENERIC_RELEVANT	461.0	0.0	0.0	GAP_PRESENT	GAP_PRESENT	LOW	FAMILY_CANDIDATE	LONG_DESCRIPTION	GENERIC_RELEVANT; coverage=GAP_PRESENT; ownership=STORE_GENERIC; observed slices=1.	0.72	YES
1720137256	1217124642	амулеты обереги подвеска	GENERIC_RELEVANT	0.0	0.0	0.0	GAP_PRESENT	GAP_PRESENT	LOW	FAMILY_CANDIDATE	LONG_DESCRIPTION	GENERIC_RELEVANT; coverage=GAP_PRESENT; ownership=STORE_GENERIC; observed slices=1.	0.72	YES
1720137256	1217124642	аодвеска зеркало	GENERIC_RELEVANT	0.0	0.0	0.0	GAP_PRESENT	GAP_PRESENT	LOW	FAMILY_CANDIDATE	LONG_DESCRIPTION	GENERIC_RELEVANT; coverage=GAP_PRESENT; ownership=STORE_GENERIC; observed slices=1.	0.76	YES
1720137256	1217124642	балерина в машину подвеска коутящаяся	GENERIC_RELEVANT	0.0	0.0	0.0	GAP_PRESENT	GAP_PRESENT	LOW	FAMILY_CANDIDATE	LONG_DESCRIPTION	GENERIC_RELEVANT; coverage=GAP_PRESENT; ownership=FAMILY_SHARED; observed slices=1.	0.76	YES
1720137256	1217124642	блюдо весы знак зодиака	EXACT_PRODUCT	1.0	0.0	0.0	PARTIAL_GAP	PARTIAL_GAP	LOW	READY_CANDIDATE	LONG_DESCRIPTION	EXACT_PRODUCT; coverage=PARTIAL_GAP; ownership=SKU_SPECIFIC; observed slices=1.	0.96	YES
1720137256	1217124642	брелок в машину славянский	NEIGHBOR_PRODUCT	1.0	0.0	0.0	NOT_APPLICABLE	NOT_APPLICABLE	LOW	REJECT_NEIGHBOR	NONE	NEIGHBOR_PRODUCT; coverage=NOT_APPLICABLE; ownership=EXCLUDED; observed slices=1.	0.90	NO
1720137256	1217124642	брелок на автомобиль на зеркало	GENERIC_RELEVANT	1.0	0.0	0.0	GAP_PRESENT	GAP_PRESENT	LOW	FAMILY_CANDIDATE	LONG_DESCRIPTION	GENERIC_RELEVANT; coverage=GAP_PRESENT; ownership=FAMILY_SHARED; observed slices=1.	0.76	YES
1720137256	1217124642	брелок славянский оберег	NEIGHBOR_PRODUCT	16.0	0.0	0.0	NOT_APPLICABLE	NOT_APPLICABLE	LOW	REJECT_NEIGHBOR	NONE	NEIGHBOR_PRODUCT; coverage=NOT_APPLICABLE; ownership=FAMILY_SHARED; observed slices=1.	0.90	NO
1720137256	1217124642	брилки с знаком зодиака весы	EXACT_PRODUCT	1.0	0.0	0.0	PARTIAL_GAP	PARTIAL_GAP	LOW	READY_CANDIDATE	LONG_DESCRIPTION	EXACT_PRODUCT; coverage=PARTIAL_GAP; ownership=SKU_SPECIFIC; observed slices=1.	0.96	YES
1720137256	1217124642	брошка знак зодиака весы	EXACT_PRODUCT	1.0	0.0	0.0	PARTIAL_GAP	PARTIAL_GAP	LOW	READY_CANDIDATE	LONG_DESCRIPTION	EXACT_PRODUCT; coverage=PARTIAL_GAP; ownership=SKU_SPECIFIC; observed slices=1.	0.96	YES
1720137256	1217124642	бусы в машину на зеркало лада спорт	GENERIC_RELEVANT	0.0	0.0	0.0	GAP_PRESENT	GAP_PRESENT	LOW	FAMILY_CANDIDATE	LONG_DESCRIPTION	GENERIC_RELEVANT; coverage=GAP_PRESENT; ownership=STORE_GENERIC; observed slices=1.	0.76	YES
1720137256	1217124642	бусы оберег	GENERIC_RELEVANT	0.0	0.0	0.0	GAP_PRESENT	GAP_PRESENT	LOW	FAMILY_CANDIDATE	LONG_DESCRIPTION	GENERIC_RELEVANT; coverage=GAP_PRESENT; ownership=STORE_GENERIC; observed slices=1.	0.72	YES
1720137256	1217124642	в автомобиль на зеркало подвеска	GENERIC_RELEVANT	1.0	0.0	0.0	GAP_PRESENT	GAP_PRESENT	LOW	FAMILY_CANDIDATE	LONG_DESCRIPTION	GENERIC_RELEVANT; coverage=GAP_PRESENT; ownership=FAMILY_SHARED; observed slices=1.	0.76	YES
1720137256	1217124642	в машину амулет	GENERIC_RELEVANT	0.0	0.0	0.0	GAP_PRESENT	GAP_PRESENT	LOW	FAMILY_CANDIDATE	LONG_DESCRIPTION	GENERIC_RELEVANT; coverage=GAP_PRESENT; ownership=STORE_GENERIC; observed slices=1.	0.76	YES
1720137256	1217124642	в машину на зеркало	GENERIC_RELEVANT	183.0	0.0	0.0	GAP_PRESENT	GAP_PRESENT	LOW	FAMILY_CANDIDATE	LONG_DESCRIPTION	GENERIC_RELEVANT; coverage=GAP_PRESENT; ownership=STORE_GENERIC; observed slices=1.	0.76	YES
1720137256	1217124642	в машину на зеркало подвеска четки	GENERIC_RELEVANT	1.0	0.0	0.0	GAP_PRESENT	GAP_PRESENT	LOW	FAMILY_CANDIDATE	LONG_DESCRIPTION	GENERIC_RELEVANT; coverage=GAP_PRESENT; ownership=FAMILY_SHARED; observed slices=1.	0.76	YES
1720137256	1217124642	в машину на удачу очень на счастье	GENERIC_RELEVANT	1.0	0.0	0.0	GAP_PRESENT	GAP_PRESENT	LOW	FAMILY_CANDIDATE	LONG_DESCRIPTION	GENERIC_RELEVANT; coverage=GAP_PRESENT; ownership=FAMILY_SHARED; observed slices=1.	0.76	YES
1720137256	1217124642	в машину подвеска	GENERIC_RELEVANT	187.0	0.0	0.0	GAP_PRESENT	GAP_PRESENT	LOW	FAMILY_CANDIDATE	LONG_DESCRIPTION	GENERIC_RELEVANT; coverage=GAP_PRESENT; ownership=STORE_GENERIC; observed slices=1.	0.76	YES
1720137256	1217124642	в машину подвеска на руль автомобиля	GENERIC_RELEVANT	1.0	0.0	0.0	GAP_PRESENT	GAP_PRESENT	LOW	FAMILY_CANDIDATE	LONG_DESCRIPTION	GENERIC_RELEVANT; coverage=GAP_PRESENT; ownership=FAMILY_SHARED; observed slices=1.	0.76	YES
1720137256	1217124642	весы	STRONG_PRODUCT	14148.0	0.0	0.0	NO_GAP	NO_GAP	HIGH	NO_CHANGE	NONE	STRONG_PRODUCT; coverage=NO_GAP; ownership=FAMILY_SHARED; observed slices=1.	0.96	YES
1720137256	1217124642	весы знак зодиака	EXACT_PRODUCT	250.0	0.0	0.0	NO_GAP	NO_GAP	HIGH	NO_CHANGE	NONE	EXACT_PRODUCT; coverage=NO_GAP; ownership=FAMILY_SHARED; observed slices=1.	0.96	YES
1720137256	1217124642	виктор знак зодиака весы	EXACT_PRODUCT	1.0	0.0	0.0	PARTIAL_GAP	PARTIAL_GAP	LOW	READY_CANDIDATE	LONG_DESCRIPTION	EXACT_PRODUCT; coverage=PARTIAL_GAP; ownership=SKU_SPECIFIC; observed slices=1.	0.96	YES
1720137256	1217124642	висюлька в машину на зеркало лысый кот	GENERIC_RELEVANT	1.0	0.0	0.0	GAP_PRESENT	GAP_PRESENT	LOW	FAMILY_CANDIDATE	LONG_DESCRIPTION	GENERIC_RELEVANT; coverage=GAP_PRESENT; ownership=FAMILY_SHARED; observed slices=1.	0.76	YES
1720137256	1217124642	горький перец брелок в машину на зеркало	GENERIC_RELEVANT	1.0	0.0	0.0	GAP_PRESENT	GAP_PRESENT	LOW	FAMILY_CANDIDATE	LONG_DESCRIPTION	GENERIC_RELEVANT; coverage=GAP_PRESENT; ownership=FAMILY_SHARED; observed slices=1.	0.76	YES
1720137256	1217124642	джон таварес в машину на зеркало	GENERIC_RELEVANT	0.0	0.0	0.0	GAP_PRESENT	GAP_PRESENT	LOW	FAMILY_CANDIDATE	LONG_DESCRIPTION	GENERIC_RELEVANT; coverage=GAP_PRESENT; ownership=FAMILY_SHARED; observed slices=1.	0.76	YES
1720137256	1217124642	для автомобиля подвеска	GENERIC_RELEVANT	2.0	0.0	0.0	GAP_PRESENT	GAP_PRESENT	LOW	FAMILY_CANDIDATE	LONG_DESCRIPTION	GENERIC_RELEVANT; coverage=GAP_PRESENT; ownership=FAMILY_SHARED; observed slices=1.	0.76	YES
1720137256	1217124642	для машины в салон на зеркало подвескп	GENERIC_RELEVANT	0.0	0.0	0.0	GAP_PRESENT	GAP_PRESENT	LOW	FAMILY_CANDIDATE	LONG_DESCRIPTION	GENERIC_RELEVANT; coverage=GAP_PRESENT; ownership=STORE_GENERIC; observed slices=1.	0.76	YES
1720137256	1217124642	домовенок в тележке оберег	GENERIC_RELEVANT	0.0	0.0	0.0	GAP_PRESENT	GAP_PRESENT	LOW	FAMILY_CANDIDATE	LONG_DESCRIPTION	GENERIC_RELEVANT; coverage=GAP_PRESENT; ownership=FAMILY_SHARED; observed slices=1.	0.72	YES
1720137256	1217124642	дорожный знак в авто	GENERIC_RELEVANT	0.0	0.0	0.0	GAP_PRESENT	GAP_PRESENT	LOW	FAMILY_CANDIDATE	LONG_DESCRIPTION	GENERIC_RELEVANT; coverage=GAP_PRESENT; ownership=FAMILY_SHARED; observed slices=1.	0.76	YES
1720137256	1217124642	зеркало	GENERIC_RELEVANT	14996.0	0.0	0.0	GAP_PRESENT	GAP_PRESENT	LOW	FAMILY_CANDIDATE	LONG_DESCRIPTION	GENERIC_RELEVANT; coverage=GAP_PRESENT; ownership=STORE_GENERIC; observed slices=1.	0.76	YES
1720137256	1217124642	зеркальная защита амулет	GENERIC_RELEVANT	11.0	0.0	0.0	GAP_PRESENT	GAP_PRESENT	LOW	FAMILY_CANDIDATE	LONG_DESCRIPTION	GENERIC_RELEVANT; coverage=GAP_PRESENT; ownership=STORE_GENERIC; observed slices=1.	0.76	YES
1720137256	1217124642	знак туфелька блестящая на машину	GENERIC_RELEVANT	0.0	0.0	0.0	GAP_PRESENT	GAP_PRESENT	LOW	FAMILY_CANDIDATE	LONG_DESCRIPTION	GENERIC_RELEVANT; coverage=GAP_PRESENT; ownership=FAMILY_SHARED; observed slices=1.	0.76	YES
1720137256	1217124642	камень талисман в машину	GENERIC_RELEVANT	0.0	0.0	0.0	GAP_PRESENT	GAP_PRESENT	LOW	FAMILY_CANDIDATE	LONG_DESCRIPTION	GENERIC_RELEVANT; coverage=GAP_PRESENT; ownership=FAMILY_SHARED; observed slices=1.	0.76	YES
1720137256	1217124642	кулончик весы	STRONG_PRODUCT	1.0	0.0	0.0	PARTIAL_GAP	PARTIAL_GAP	LOW	READY_CANDIDATE	LONG_DESCRIPTION	STRONG_PRODUCT; coverage=PARTIAL_GAP; ownership=SKU_SPECIFIC; observed slices=1.	0.96	YES
1720137256	1217124642	оберег	GENERIC_RELEVANT	1064.0	0.0	0.0	GAP_PRESENT	GAP_PRESENT	LOW	FAMILY_CANDIDATE	LONG_DESCRIPTION	GENERIC_RELEVANT; coverage=GAP_PRESENT; ownership=STORE_GENERIC; observed slices=1.	0.72	YES
1720137256	1217124642	оберег в машину	GENERIC_RELEVANT	210.0	0.0	0.0	GAP_PRESENT	GAP_PRESENT	LOW	FAMILY_CANDIDATE	LONG_DESCRIPTION	GENERIC_RELEVANT; coverage=GAP_PRESENT; ownership=STORE_GENERIC; observed slices=1.	0.76	YES
1720137256	1217124642	подвеска в машину	GENERIC_RELEVANT	7092.0	0.0	0.0	GAP_PRESENT	GAP_PRESENT	LOW	FAMILY_CANDIDATE	LONG_DESCRIPTION	GENERIC_RELEVANT; coverage=GAP_PRESENT; ownership=STORE_GENERIC; observed slices=1.	0.76	YES
1720137256	1217124642	подвеска в машину на зеркало	GENERIC_RELEVANT	6256.0	0.0	0.0	GAP_PRESENT	GAP_PRESENT	LOW	FAMILY_CANDIDATE	LONG_DESCRIPTION	GENERIC_RELEVANT; coverage=GAP_PRESENT; ownership=STORE_GENERIC; observed slices=2.	0.76	YES
1720137256	1217124642	подвеска весы	EXACT_PRODUCT	233.0	0.0	0.0	NO_GAP	NO_GAP	HIGH	NO_CHANGE	NONE	EXACT_PRODUCT; coverage=NO_GAP; ownership=FAMILY_SHARED; observed slices=1.	0.96	YES
1720137256	1217124642	подвеска на зеркало в машину	GENERIC_RELEVANT	1288.0	0.0	633.0	GAP_PRESENT	GAP_PRESENT	LOW	FAMILY_CANDIDATE	LONG_DESCRIPTION	GENERIC_RELEVANT; coverage=GAP_PRESENT; ownership=STORE_GENERIC; observed slices=2.	0.76	YES
1720137256	1217124642	подвеска на зеркало девушка аниме	GENERIC_RELEVANT	1.0	0.0	578.0	GAP_PRESENT	GAP_PRESENT	LOW	FAMILY_CANDIDATE	LONG_DESCRIPTION	GENERIC_RELEVANT; coverage=GAP_PRESENT; ownership=FAMILY_SHARED; observed slices=1.	0.76	YES
1720137256	1217124642	подвеска оберег в машину на зеркало	GENERIC_RELEVANT	2.0	0.0	0.0	GAP_PRESENT	GAP_PRESENT	LOW	FAMILY_CANDIDATE	LONG_DESCRIPTION	GENERIC_RELEVANT; coverage=GAP_PRESENT; ownership=FAMILY_SHARED; observed slices=1.	0.76	YES
1720137256	1217124642	четки в автомобиль	GENERIC_RELEVANT	395.0	0.0	0.0	GAP_PRESENT	GAP_PRESENT	LOW	FAMILY_CANDIDATE	LONG_DESCRIPTION	GENERIC_RELEVANT; coverage=GAP_PRESENT; ownership=STORE_GENERIC; observed slices=2.	0.76	YES
1720137256	1217124642	четки в машину	GENERIC_RELEVANT	2492.0	0.0	0.0	GAP_PRESENT	GAP_PRESENT	LOW	FAMILY_CANDIDATE	LONG_DESCRIPTION	GENERIC_RELEVANT; coverage=GAP_PRESENT; ownership=STORE_GENERIC; observed slices=1.	0.76	YES
1720137256	1217124642	четки в машину на зеркало	GENERIC_RELEVANT	311.0	0.0	0.0	GAP_PRESENT	GAP_PRESENT	LOW	FAMILY_CANDIDATE	LONG_DESCRIPTION	GENERIC_RELEVANT; coverage=GAP_PRESENT; ownership=STORE_GENERIC; observed slices=2.	0.76	YES
1720141903	1217129635	sex seven подвеска в машину	GENERIC_RELEVANT	1.0	0.0	0.0	GAP_PRESENT	GAP_PRESENT	LOW	FAMILY_CANDIDATE	LONG_DESCRIPTION	GENERIC_RELEVANT; coverage=GAP_PRESENT; ownership=FAMILY_SHARED; observed slices=1.	0.76	YES
1720141903	1217129635	автомобиль кулон на зеркало	GENERIC_RELEVANT	1.0	0.0	0.0	GAP_PRESENT	GAP_PRESENT	LOW	FAMILY_CANDIDATE	LONG_DESCRIPTION	GENERIC_RELEVANT; coverage=GAP_PRESENT; ownership=FAMILY_SHARED; observed slices=1.	0.76	YES
1720141903	1217129635	авторучка шариковая знаки зодиака	FAMILY_RELEVANT	1.0	0.0	0.0	GAP_PRESENT	GAP_PRESENT	LOW	FAMILY_CANDIDATE	LONG_DESCRIPTION	FAMILY_RELEVANT; coverage=GAP_PRESENT; ownership=FAMILY_SHARED; observed slices=1.	0.86	YES
1720141903	1217129635	адамас золото знак зодиака	FAMILY_RELEVANT	0.0	0.0	0.0	GAP_PRESENT	GAP_PRESENT	LOW	FAMILY_CANDIDATE	LONG_DESCRIPTION	FAMILY_RELEVANT; coverage=GAP_PRESENT; ownership=FAMILY_SHARED; observed slices=1.	0.86	YES
1720141903	1217129635	аксессуары в машину подвесаа зеркал барабан	GENERIC_RELEVANT	0.0	0.0	0.0	GAP_PRESENT	GAP_PRESENT	LOW	FAMILY_CANDIDATE	LONG_DESCRIPTION	GENERIC_RELEVANT; coverage=GAP_PRESENT; ownership=STORE_GENERIC; observed slices=2.	0.76	YES
1720141903	1217129635	амулет бусина	GENERIC_RELEVANT	0.0	0.0	0.0	GAP_PRESENT	GAP_PRESENT	LOW	FAMILY_CANDIDATE	LONG_DESCRIPTION	GENERIC_RELEVANT; coverage=GAP_PRESENT; ownership=STORE_GENERIC; observed slices=1.	0.72	YES
1720141903	1217129635	амулеты обереги для водолея на руку	GENERIC_RELEVANT	2.0	0.0	0.0	GAP_PRESENT	GAP_PRESENT	LOW	FAMILY_CANDIDATE	LONG_DESCRIPTION	GENERIC_RELEVANT; coverage=GAP_PRESENT; ownership=FAMILY_SHARED; observed slices=1.	0.72	YES
1720141903	1217129635	амулеты обереги и талисманы	GENERIC_RELEVANT	391.0	0.0	0.0	GAP_PRESENT	GAP_PRESENT	LOW	FAMILY_CANDIDATE	LONG_DESCRIPTION	GENERIC_RELEVANT; coverage=GAP_PRESENT; ownership=STORE_GENERIC; observed slices=1.	0.72	YES
1720141903	1217129635	бподвеска в машину	GENERIC_RELEVANT	1.0	0.0	0.0	GAP_PRESENT	GAP_PRESENT	LOW	FAMILY_CANDIDATE	LONG_DESCRIPTION	GENERIC_RELEVANT; coverage=GAP_PRESENT; ownership=FAMILY_SHARED; observed slices=1.	0.76	YES
1720141903	1217129635	браслет на руку водолея	AMBIGUOUS_HOLD	1.0	0.0	0.0	GAP_PRESENT	GAP_PRESENT	MEDIUM	HOLD_AMBIGUOUS	HOLD	AMBIGUOUS_HOLD; coverage=GAP_PRESENT; ownership=UNCLEAR; observed slices=1.	0.42	YES
1720141903	1217129635	браслет оберег для водолея	GENERIC_RELEVANT	11.0	0.0	0.0	GAP_PRESENT	GAP_PRESENT	LOW	FAMILY_CANDIDATE	LONG_DESCRIPTION	GENERIC_RELEVANT; coverage=GAP_PRESENT; ownership=FAMILY_SHARED; observed slices=1.	0.72	YES
1720141903	1217129635	браслет' обеоег для водолея	AMBIGUOUS_HOLD	1.0	0.0	0.0	GAP_PRESENT	GAP_PRESENT	MEDIUM	HOLD_AMBIGUOUS	HOLD	AMBIGUOUS_HOLD; coverage=GAP_PRESENT; ownership=UNCLEAR; observed slices=1.	0.42	YES
1720141903	1217129635	брелок в машину оберег	GENERIC_RELEVANT	1.0	0.0	0.0	GAP_PRESENT	GAP_PRESENT	LOW	FAMILY_CANDIDATE	LONG_DESCRIPTION	GENERIC_RELEVANT; coverage=GAP_PRESENT; ownership=FAMILY_SHARED; observed slices=1.	0.76	YES
1720141903	1217129635	брелок водолей телефон	STRONG_PRODUCT	0.0	0.0	0.0	PARTIAL_GAP	PARTIAL_GAP	LOW	READY_CANDIDATE	LONG_DESCRIPTION	STRONG_PRODUCT; coverage=PARTIAL_GAP; ownership=SKU_SPECIFIC; observed slices=1.	0.96	YES
1720141903	1217129635	бусина знак зодиака	FAMILY_RELEVANT	3.0	0.0	0.0	GAP_PRESENT	GAP_PRESENT	LOW	FAMILY_CANDIDATE	LONG_DESCRIPTION	FAMILY_RELEVANT; coverage=GAP_PRESENT; ownership=FAMILY_SHARED; observed slices=1.	0.86	YES
1720141903	1217129635	бусина знаки	AMBIGUOUS_HOLD	0.0	0.0	0.0	GAP_PRESENT	GAP_PRESENT	MEDIUM	HOLD_AMBIGUOUS	HOLD	AMBIGUOUS_HOLD; coverage=GAP_PRESENT; ownership=UNCLEAR; observed slices=1.	0.42	YES
1720141903	1217129635	бусина талисман	GENERIC_RELEVANT	1.0	0.0	0.0	GAP_PRESENT	GAP_PRESENT	LOW	FAMILY_CANDIDATE	LONG_DESCRIPTION	GENERIC_RELEVANT; coverage=GAP_PRESENT; ownership=FAMILY_SHARED; observed slices=1.	0.72	YES
1720141903	1217129635	бусы в машину на зеркало лада спорт	GENERIC_RELEVANT	0.0	0.0	0.0	GAP_PRESENT	GAP_PRESENT	LOW	FAMILY_CANDIDATE	LONG_DESCRIPTION	GENERIC_RELEVANT; coverage=GAP_PRESENT; ownership=STORE_GENERIC; observed slices=1.	0.76	YES
1720141903	1217129635	бусы оберег	GENERIC_RELEVANT	0.0	0.0	0.0	GAP_PRESENT	GAP_PRESENT	LOW	FAMILY_CANDIDATE	LONG_DESCRIPTION	GENERIC_RELEVANT; coverage=GAP_PRESENT; ownership=STORE_GENERIC; observed slices=1.	0.72	YES
1720141903	1217129635	в машину на зеркало	GENERIC_RELEVANT	112.0	0.0	0.0	GAP_PRESENT	GAP_PRESENT	LOW	FAMILY_CANDIDATE	LONG_DESCRIPTION	GENERIC_RELEVANT; coverage=GAP_PRESENT; ownership=STORE_GENERIC; observed slices=1.	0.76	YES
1720141903	1217129635	в машину подвеска	GENERIC_RELEVANT	238.0	0.0	0.0	GAP_PRESENT	GAP_PRESENT	LOW	FAMILY_CANDIDATE	LONG_DESCRIPTION	GENERIC_RELEVANT; coverage=GAP_PRESENT; ownership=STORE_GENERIC; observed slices=1.	0.76	YES
1720141903	1217129635	висюлька на зеркало в машину белая пушистая	GENERIC_RELEVANT	0.0	0.0	0.0	GAP_PRESENT	GAP_PRESENT	LOW	FAMILY_CANDIDATE	LONG_DESCRIPTION	GENERIC_RELEVANT; coverage=GAP_PRESENT; ownership=STORE_GENERIC; observed slices=1.	0.76	YES
1720141903	1217129635	водоклей	AMBIGUOUS_HOLD	1.0	0.0	0.0	GAP_PRESENT	GAP_PRESENT	MEDIUM	HOLD_AMBIGUOUS	HOLD	AMBIGUOUS_HOLD; coverage=GAP_PRESENT; ownership=UNCLEAR; observed slices=1.	0.42	YES
1720141903	1217129635	водолей	STRONG_PRODUCT	855.0	0.0	0.0	NO_GAP	NO_GAP	HIGH	NO_CHANGE	NONE	STRONG_PRODUCT; coverage=NO_GAP; ownership=FAMILY_SHARED; observed slices=1.	0.96	YES
1720141903	1217129635	водолей кулон женский	STRONG_PRODUCT	1.0	0.0	0.0	PARTIAL_GAP	PARTIAL_GAP	LOW	READY_CANDIDATE	LONG_DESCRIPTION	STRONG_PRODUCT; coverage=PARTIAL_GAP; ownership=SKU_SPECIFIC; observed slices=1.	0.96	YES
1720141903	1217129635	водолей на распрыскиватель заачасти	STRONG_PRODUCT	0.0	0.0	0.0	PARTIAL_GAP	PARTIAL_GAP	LOW	READY_CANDIDATE	LONG_DESCRIPTION	STRONG_PRODUCT; coverage=PARTIAL_GAP; ownership=SKU_SPECIFIC; observed slices=2.	0.96	YES
1720141903	1217129635	водолей одежда мужская	STRONG_PRODUCT	1.0	0.0	0.0	PARTIAL_GAP	PARTIAL_GAP	LOW	READY_CANDIDATE	LONG_DESCRIPTION	STRONG_PRODUCT; coverage=PARTIAL_GAP; ownership=SKU_SPECIFIC; observed slices=1.	0.96	YES
1720141903	1217129635	водолей подвеска с камнем	EXACT_PRODUCT	1.0	0.0	0.0	PARTIAL_GAP	PARTIAL_GAP	LOW	READY_CANDIDATE	LONG_DESCRIPTION	EXACT_PRODUCT; coverage=PARTIAL_GAP; ownership=SKU_SPECIFIC; observed slices=1.	0.96	YES
1720141903	1217129635	год оф ва на зеркало в машину	GENERIC_RELEVANT	1.0	0.0	0.0	GAP_PRESENT	GAP_PRESENT	LOW	FAMILY_CANDIDATE	LONG_DESCRIPTION	GENERIC_RELEVANT; coverage=GAP_PRESENT; ownership=FAMILY_SHARED; observed slices=1.	0.76	YES
1720141903	1217129635	дерево граб подвеска на зеркало в машину	GENERIC_RELEVANT	0.0	0.0	0.0	GAP_PRESENT	GAP_PRESENT	LOW	FAMILY_CANDIDATE	LONG_DESCRIPTION	GENERIC_RELEVANT; coverage=GAP_PRESENT; ownership=FAMILY_SHARED; observed slices=1.	0.76	YES
1720141903	1217129635	деревянный оберег	GENERIC_RELEVANT	9.0	0.0	0.0	GAP_PRESENT	GAP_PRESENT	LOW	FAMILY_CANDIDATE	LONG_DESCRIPTION	GENERIC_RELEVANT; coverage=GAP_PRESENT; ownership=FAMILY_SHARED; observed slices=1.	0.72	YES
1720141903	1217129635	для гаданий зеркало	GENERIC_RELEVANT	1.0	0.0	0.0	GAP_PRESENT	GAP_PRESENT	LOW	FAMILY_CANDIDATE	LONG_DESCRIPTION	GENERIC_RELEVANT; coverage=GAP_PRESENT; ownership=FAMILY_SHARED; observed slices=1.	0.76	YES
1720141903	1217129635	зеркало мелонг	GENERIC_RELEVANT	1.0	0.0	0.0	GAP_PRESENT	GAP_PRESENT	LOW	FAMILY_CANDIDATE	LONG_DESCRIPTION	GENERIC_RELEVANT; coverage=GAP_PRESENT; ownership=FAMILY_SHARED; observed slices=1.	0.76	YES
1720141903	1217129635	зеркальные знаки	GENERIC_RELEVANT	0.0	0.0	0.0	GAP_PRESENT	GAP_PRESENT	LOW	FAMILY_CANDIDATE	LONG_DESCRIPTION	GENERIC_RELEVANT; coverage=GAP_PRESENT; ownership=FAMILY_SHARED; observed slices=1.	0.76	YES
1720141903	1217129635	знак зодика деревянный	AMBIGUOUS_HOLD	1.0	0.0	0.0	GAP_PRESENT	GAP_PRESENT	MEDIUM	HOLD_AMBIGUOUS	HOLD	AMBIGUOUS_HOLD; coverage=GAP_PRESENT; ownership=UNCLEAR; observed slices=1.	0.42	YES
1720141903	1217129635	знаки зодиака	FAMILY_RELEVANT	111.0	0.0	0.0	GAP_PRESENT	GAP_PRESENT	LOW	FAMILY_CANDIDATE	LONG_DESCRIPTION	FAMILY_RELEVANT; coverage=GAP_PRESENT; ownership=FAMILY_SHARED; observed slices=1.	0.86	YES
1720141903	1217129635	кулон зеркало оберег	GENERIC_RELEVANT	164.0	0.0	0.0	GAP_PRESENT	GAP_PRESENT	LOW	FAMILY_CANDIDATE	LONG_DESCRIPTION	GENERIC_RELEVANT; coverage=GAP_PRESENT; ownership=STORE_GENERIC; observed slices=1.	0.76	YES
1720141903	1217129635	кулоны знаки зодиака набор	FAMILY_RELEVANT	1.0	0.0	0.0	GAP_PRESENT	GAP_PRESENT	LOW	FAMILY_CANDIDATE	LONG_DESCRIPTION	FAMILY_RELEVANT; coverage=GAP_PRESENT; ownership=FAMILY_SHARED; observed slices=1.	0.86	YES
1720141903	1217129635	методическая подвеска рекстон на зеркало	GENERIC_RELEVANT	0.0	0.0	0.0	GAP_PRESENT	GAP_PRESENT	LOW	FAMILY_CANDIDATE	LONG_DESCRIPTION	GENERIC_RELEVANT; coverage=GAP_PRESENT; ownership=FAMILY_SHARED; observed slices=1.	0.76	YES
1720141903	1217129635	молд водолей	STRONG_PRODUCT	2.0	0.0	0.0	PARTIAL_GAP	PARTIAL_GAP	LOW	READY_CANDIDATE	LONG_DESCRIPTION	STRONG_PRODUCT; coverage=PARTIAL_GAP; ownership=SKU_SPECIFIC; observed slices=1.	0.96	YES
1720141903	1217129635	мусульманский оберег	GENERIC_RELEVANT	118.0	0.0	0.0	GAP_PRESENT	GAP_PRESENT	LOW	FAMILY_CANDIDATE	LONG_DESCRIPTION	GENERIC_RELEVANT; coverage=GAP_PRESENT; ownership=STORE_GENERIC; observed slices=1.	0.72	YES
1720141903	1217129635	на зеркало подвеска	GENERIC_RELEVANT	19.0	0.0	0.0	GAP_PRESENT	GAP_PRESENT	LOW	FAMILY_CANDIDATE	LONG_DESCRIPTION	GENERIC_RELEVANT; coverage=GAP_PRESENT; ownership=STORE_GENERIC; observed slices=1.	0.76	YES
1720141903	1217129635	оберег в машину	GENERIC_RELEVANT	258.0	0.0	0.0	GAP_PRESENT	GAP_PRESENT	LOW	FAMILY_CANDIDATE	LONG_DESCRIPTION	GENERIC_RELEVANT; coverage=GAP_PRESENT; ownership=STORE_GENERIC; observed slices=1.	0.76	YES
1720141903	1217129635	обереготсглаза	GENERIC_RELEVANT	0.0	0.0	0.0	GAP_PRESENT	GAP_PRESENT	LOW	FAMILY_CANDIDATE	LONG_DESCRIPTION	GENERIC_RELEVANT; coverage=GAP_PRESENT; ownership=STORE_GENERIC; observed slices=1.	0.72	YES
1720141903	1217129635	подвеска в автомобиль	GENERIC_RELEVANT	79.0	0.0	0.0	GAP_PRESENT	GAP_PRESENT	LOW	FAMILY_CANDIDATE	LONG_DESCRIPTION	GENERIC_RELEVANT; coverage=GAP_PRESENT; ownership=STORE_GENERIC; observed slices=1.	0.76	YES
1720141903	1217129635	подвеска в машину	GENERIC_RELEVANT	7092.0	0.0	756.0	GAP_PRESENT	GAP_PRESENT	LOW	FAMILY_CANDIDATE	LONG_DESCRIPTION	GENERIC_RELEVANT; coverage=GAP_PRESENT; ownership=STORE_GENERIC; observed slices=2.	0.76	YES
1720141903	1217129635	подвеска в машину коза	GENERIC_RELEVANT	2.0	0.0	0.0	GAP_PRESENT	GAP_PRESENT	LOW	FAMILY_CANDIDATE	LONG_DESCRIPTION	GENERIC_RELEVANT; coverage=GAP_PRESENT; ownership=FAMILY_SHARED; observed slices=1.	0.76	YES
1720141903	1217129635	подвеска в машину на зеркало	GENERIC_RELEVANT	1560.0	0.0	0.0	GAP_PRESENT	GAP_PRESENT	LOW	FAMILY_CANDIDATE	LONG_DESCRIPTION	GENERIC_RELEVANT; coverage=GAP_PRESENT; ownership=STORE_GENERIC; observed slices=2.	0.76	YES
1720141903	1217129635	подвеска водолей	EXACT_PRODUCT	93.0	0.0	0.0	NO_GAP	NO_GAP	HIGH	NO_CHANGE	NONE	EXACT_PRODUCT; coverage=NO_GAP; ownership=FAMILY_SHARED; observed slices=1.	0.96	YES
1720141903	1217129635	подвеска на зеркало автомобиля	GENERIC_RELEVANT	97.0	0.0	0.0	GAP_PRESENT	GAP_PRESENT	LOW	FAMILY_CANDIDATE	LONG_DESCRIPTION	GENERIC_RELEVANT; coverage=GAP_PRESENT; ownership=FAMILY_SHARED; observed slices=1.	0.76	YES
1720141903	1217129635	подвеска на зеркало в машину	GENERIC_RELEVANT	1288.0	0.0	0.0	GAP_PRESENT	GAP_PRESENT	LOW	FAMILY_CANDIDATE	LONG_DESCRIPTION	GENERIC_RELEVANT; coverage=GAP_PRESENT; ownership=STORE_GENERIC; observed slices=1.	0.76	YES
1720141903	1217129635	талисман - подвеска на зеркало в машину. знак зодиака	FAMILY_RELEVANT	1.0	0.0	832.0	GAP_PRESENT	GAP_PRESENT	LOW	FAMILY_CANDIDATE	LONG_DESCRIPTION	FAMILY_RELEVANT; coverage=GAP_PRESENT; ownership=FAMILY_SHARED; observed slices=1.	0.86	YES
1720141903	1217129635	четки в автомобиль	GENERIC_RELEVANT	395.0	0.0	0.0	GAP_PRESENT	GAP_PRESENT	LOW	FAMILY_CANDIDATE	LONG_DESCRIPTION	GENERIC_RELEVANT; coverage=GAP_PRESENT; ownership=STORE_GENERIC; observed slices=1.	0.76	YES
1720141903	1217129635	четки в автомобиль водооей	GENERIC_RELEVANT	0.0	0.0	799.0	GAP_PRESENT	GAP_PRESENT	LOW	FAMILY_CANDIDATE	LONG_DESCRIPTION	GENERIC_RELEVANT; coverage=GAP_PRESENT; ownership=FAMILY_SHARED; observed slices=2.	0.76	YES
1720141903	1217129635	четки в машину	GENERIC_RELEVANT	284.0	0.0	0.0	GAP_PRESENT	GAP_PRESENT	LOW	FAMILY_CANDIDATE	LONG_DESCRIPTION	GENERIC_RELEVANT; coverage=GAP_PRESENT; ownership=STORE_GENERIC; observed slices=1.	0.76	YES
1720144370	1217132021	аварийный знак в машину на липучке вбогажник	GENERIC_RELEVANT	1.0	0.0	0.0	GAP_PRESENT	GAP_PRESENT	LOW	FAMILY_CANDIDATE	LONG_DESCRIPTION	GENERIC_RELEVANT; coverage=GAP_PRESENT; ownership=FAMILY_SHARED; observed slices=1.	0.76	YES
1720144370	1217132021	автомобиля на зеркало украшение	GENERIC_RELEVANT	1.0	0.0	0.0	GAP_PRESENT	GAP_PRESENT	LOW	FAMILY_CANDIDATE	LONG_DESCRIPTION	GENERIC_RELEVANT; coverage=GAP_PRESENT; ownership=FAMILY_SHARED; observed slices=1.	0.76	YES
1720144370	1217132021	аксессуары в машину подвесаа зеркал барабан	GENERIC_RELEVANT	0.0	0.0	0.0	GAP_PRESENT	GAP_PRESENT	LOW	FAMILY_CANDIDATE	LONG_DESCRIPTION	GENERIC_RELEVANT; coverage=GAP_PRESENT; ownership=STORE_GENERIC; observed slices=1.	0.76	YES
1720144370	1217132021	амулет подвеска талисман	GENERIC_RELEVANT	1.0	0.0	0.0	GAP_PRESENT	GAP_PRESENT	LOW	FAMILY_CANDIDATE	LONG_DESCRIPTION	GENERIC_RELEVANT; coverage=GAP_PRESENT; ownership=STORE_GENERIC; observed slices=1.	0.72	YES
1720144370	1217132021	амулеты обереги и талисманы	GENERIC_RELEVANT	260.0	0.0	0.0	GAP_PRESENT	GAP_PRESENT	LOW	FAMILY_CANDIDATE	LONG_DESCRIPTION	GENERIC_RELEVANT; coverage=GAP_PRESENT; ownership=STORE_GENERIC; observed slices=1.	0.72	YES
1720144370	1217132021	аодвеска зеркало	GENERIC_RELEVANT	0.0	0.0	0.0	GAP_PRESENT	GAP_PRESENT	LOW	FAMILY_CANDIDATE	LONG_DESCRIPTION	GENERIC_RELEVANT; coverage=GAP_PRESENT; ownership=STORE_GENERIC; observed slices=1.	0.76	YES
1720144370	1217132021	боковые зеркала на машину спасио 1999	GENERIC_RELEVANT	1.0	0.0	0.0	GAP_PRESENT	GAP_PRESENT	LOW	FAMILY_CANDIDATE	LONG_DESCRIPTION	GENERIC_RELEVANT; coverage=GAP_PRESENT; ownership=STORE_GENERIC; observed slices=1.	0.76	YES
1720144370	1217132021	брелок дева	STRONG_PRODUCT	38.0	0.0	0.0	PARTIAL_GAP	PARTIAL_GAP	LOW	READY_CANDIDATE	LONG_DESCRIPTION	STRONG_PRODUCT; coverage=PARTIAL_GAP; ownership=SKU_SPECIFIC; observed slices=1.	0.96	YES
1720144370	1217132021	брелок для машины на зеркало спарашутом	GENERIC_RELEVANT	1.0	0.0	0.0	GAP_PRESENT	GAP_PRESENT	LOW	FAMILY_CANDIDATE	LONG_DESCRIPTION	GENERIC_RELEVANT; coverage=GAP_PRESENT; ownership=FAMILY_SHARED; observed slices=1.	0.76	YES
1720144370	1217132021	брелок знаки зодиака	FAMILY_RELEVANT	13.0	0.0	0.0	GAP_PRESENT	GAP_PRESENT	LOW	FAMILY_CANDIDATE	LONG_DESCRIPTION	FAMILY_RELEVANT; coverage=GAP_PRESENT; ownership=FAMILY_SHARED; observed slices=1.	0.86	YES
1720144370	1217132021	брелок подвеска дева	EXACT_PRODUCT	1.0	0.0	0.0	PARTIAL_GAP	PARTIAL_GAP	LOW	READY_CANDIDATE	LONG_DESCRIPTION	EXACT_PRODUCT; coverage=PARTIAL_GAP; ownership=SKU_SPECIFIC; observed slices=1.	0.96	YES
1720144370	1217132021	бусины талисманы	GENERIC_RELEVANT	2.0	0.0	0.0	GAP_PRESENT	GAP_PRESENT	LOW	FAMILY_CANDIDATE	LONG_DESCRIPTION	GENERIC_RELEVANT; coverage=GAP_PRESENT; ownership=FAMILY_SHARED; observed slices=1.	0.72	YES
1720144370	1217132021	в машину подвеска	GENERIC_RELEVANT	123.0	0.0	0.0	GAP_PRESENT	GAP_PRESENT	LOW	FAMILY_CANDIDATE	LONG_DESCRIPTION	GENERIC_RELEVANT; coverage=GAP_PRESENT; ownership=STORE_GENERIC; observed slices=1.	0.76	YES
1720144370	1217132021	висюлька на зеркало в машину белая пушистая	GENERIC_RELEVANT	0.0	0.0	0.0	GAP_PRESENT	GAP_PRESENT	LOW	FAMILY_CANDIDATE	LONG_DESCRIPTION	GENERIC_RELEVANT; coverage=GAP_PRESENT; ownership=STORE_GENERIC; observed slices=1.	0.76	YES
1720144370	1217132021	дев	AMBIGUOUS_HOLD	7.0	0.0	0.0	NO_GAP	NO_GAP	MEDIUM	HOLD_AMBIGUOUS	HOLD	AMBIGUOUS_HOLD; coverage=NO_GAP; ownership=UNCLEAR; observed slices=1.	0.42	YES
1720144370	1217132021	дева	STRONG_PRODUCT	2094.0	0.0	0.0	NO_GAP	NO_GAP	HIGH	NO_CHANGE	NONE	STRONG_PRODUCT; coverage=NO_GAP; ownership=FAMILY_SHARED; observed slices=1.	0.96	YES
1720144370	1217132021	дева зеркальце	EXACT_PRODUCT	0.0	0.0	0.0	PARTIAL_GAP	PARTIAL_GAP	LOW	READY_CANDIDATE	LONG_DESCRIPTION	EXACT_PRODUCT; coverage=PARTIAL_GAP; ownership=SKU_SPECIFIC; observed slices=1.	0.96	YES
1720144370	1217132021	дева знак зодиака	EXACT_PRODUCT	316.0	0.0	0.0	NO_GAP	NO_GAP	HIGH	NO_CHANGE	NONE	EXACT_PRODUCT; coverage=NO_GAP; ownership=FAMILY_SHARED; observed slices=1.	0.96	YES
1720144370	1217132021	дева знак зодиака для девочки в машину	EXACT_PRODUCT	1.0	0.0	0.0	PARTIAL_GAP	PARTIAL_GAP	LOW	READY_CANDIDATE	LONG_DESCRIPTION	EXACT_PRODUCT; coverage=PARTIAL_GAP; ownership=SKU_SPECIFIC; observed slices=1.	0.96	YES
1720144370	1217132021	дева знак зодиака огненная серия	EXACT_PRODUCT	1.0	0.0	0.0	PARTIAL_GAP	PARTIAL_GAP	LOW	READY_CANDIDATE	LONG_DESCRIPTION	EXACT_PRODUCT; coverage=PARTIAL_GAP; ownership=SKU_SPECIFIC; observed slices=1.	0.96	YES
1720144370	1217132021	дева знак золиака свитшот	STRONG_PRODUCT	0.0	0.0	0.0	PARTIAL_GAP	PARTIAL_GAP	LOW	READY_CANDIDATE	LONG_DESCRIPTION	STRONG_PRODUCT; coverage=PARTIAL_GAP; ownership=SKU_SPECIFIC; observed slices=1.	0.96	YES
1720144370	1217132021	дева талисман	EXACT_PRODUCT	13.0	0.0	0.0	NO_GAP	NO_GAP	LOW	NO_CHANGE	NONE	EXACT_PRODUCT; coverage=NO_GAP; ownership=SKU_SPECIFIC; observed slices=1.	0.96	NO
1720144370	1217132021	дева четки в машину	EXACT_PRODUCT	1.0	0.0	613.0	NO_GAP	NO_GAP	LOW	NO_CHANGE	NONE	EXACT_PRODUCT; coverage=NO_GAP; ownership=SKU_SPECIFIC; observed slices=1.	0.96	NO
1720144370	1217132021	демон на машину подвеска на стекло маленькие	GENERIC_RELEVANT	0.0	0.0	0.0	GAP_PRESENT	GAP_PRESENT	LOW	FAMILY_CANDIDATE	LONG_DESCRIPTION	GENERIC_RELEVANT; coverage=GAP_PRESENT; ownership=STORE_GENERIC; observed slices=1.	0.76	YES
1720144370	1217132021	джон таварес в машину на зеркало	GENERIC_RELEVANT	0.0	0.0	0.0	GAP_PRESENT	GAP_PRESENT	LOW	FAMILY_CANDIDATE	LONG_DESCRIPTION	GENERIC_RELEVANT; coverage=GAP_PRESENT; ownership=FAMILY_SHARED; observed slices=1.	0.76	YES
1720144370	1217132021	для автомобиля подвеска на зеркало	GENERIC_RELEVANT	2.0	0.0	0.0	GAP_PRESENT	GAP_PRESENT	LOW	FAMILY_CANDIDATE	LONG_DESCRIPTION	GENERIC_RELEVANT; coverage=GAP_PRESENT; ownership=FAMILY_SHARED; observed slices=1.	0.76	YES
1720144370	1217132021	для знака зодиака дева	EXACT_PRODUCT	0.0	0.0	0.0	PARTIAL_GAP	PARTIAL_GAP	LOW	READY_CANDIDATE	LONG_DESCRIPTION	EXACT_PRODUCT; coverage=PARTIAL_GAP; ownership=SKU_SPECIFIC; observed slices=1.	0.96	YES
1720144370	1217132021	доллар деревянный в машину подвеска на зеркало	GENERIC_RELEVANT	1.0	0.0	0.0	GAP_PRESENT	GAP_PRESENT	LOW	FAMILY_CANDIDATE	LONG_DESCRIPTION	GENERIC_RELEVANT; coverage=GAP_PRESENT; ownership=STORE_GENERIC; observed slices=1.	0.76	YES
1720144370	1217132021	дорожный знак в авто	GENERIC_RELEVANT	0.0	0.0	0.0	GAP_PRESENT	GAP_PRESENT	LOW	FAMILY_CANDIDATE	LONG_DESCRIPTION	GENERIC_RELEVANT; coverage=GAP_PRESENT; ownership=FAMILY_SHARED; observed slices=1.	0.76	YES
1720144370	1217132021	зеркало для деву	GENERIC_RELEVANT	0.0	0.0	0.0	GAP_PRESENT	GAP_PRESENT	LOW	FAMILY_CANDIDATE	LONG_DESCRIPTION	GENERIC_RELEVANT; coverage=GAP_PRESENT; ownership=FAMILY_SHARED; observed slices=1.	0.76	YES
1720144370	1217132021	знак зодиака дева	EXACT_PRODUCT	366.0	0.0	0.0	NO_GAP	NO_GAP	HIGH	NO_CHANGE	NONE	EXACT_PRODUCT; coverage=NO_GAP; ownership=FAMILY_SHARED; observed slices=1.	0.96	YES
1720144370	1217132021	знак зодиака дева подвеска на шею	EXACT_PRODUCT	1.0	0.0	0.0	PARTIAL_GAP	PARTIAL_GAP	LOW	READY_CANDIDATE	LONG_DESCRIPTION	EXACT_PRODUCT; coverage=PARTIAL_GAP; ownership=SKU_SPECIFIC; observed slices=1.	0.96	YES
1720144370	1217132021	знак зодиака постер дева	EXACT_PRODUCT	1.0	0.0	0.0	PARTIAL_GAP	PARTIAL_GAP	LOW	READY_CANDIDATE	LONG_DESCRIPTION	EXACT_PRODUCT; coverage=PARTIAL_GAP; ownership=SKU_SPECIFIC; observed slices=1.	0.96	YES
1720144370	1217132021	кулон дева в машину	EXACT_PRODUCT	0.0	0.0	0.0	PARTIAL_GAP	PARTIAL_GAP	HIGH	READY_CANDIDATE	LONG_DESCRIPTION	EXACT_PRODUCT; coverage=PARTIAL_GAP; ownership=FAMILY_SHARED; observed slices=1.	0.96	YES
1720144370	1217132021	кулон зеркало оберег	GENERIC_RELEVANT	54.0	0.0	0.0	GAP_PRESENT	GAP_PRESENT	LOW	FAMILY_CANDIDATE	LONG_DESCRIPTION	GENERIC_RELEVANT; coverage=GAP_PRESENT; ownership=STORE_GENERIC; observed slices=1.	0.76	YES
1720144370	1217132021	ладанка оберег в машину на зеркало	GENERIC_RELEVANT	2.0	0.0	0.0	GAP_PRESENT	GAP_PRESENT	LOW	FAMILY_CANDIDATE	LONG_DESCRIPTION	GENERIC_RELEVANT; coverage=GAP_PRESENT; ownership=FAMILY_SHARED; observed slices=1.	0.76	YES
1720144370	1217132021	маленький оберев машину	GENERIC_RELEVANT	0.0	0.0	0.0	GAP_PRESENT	GAP_PRESENT	LOW	FAMILY_CANDIDATE	LONG_DESCRIPTION	GENERIC_RELEVANT; coverage=GAP_PRESENT; ownership=STORE_GENERIC; observed slices=1.	0.76	YES
1720144370	1217132021	методическая подвеска рекстон на зеркало	GENERIC_RELEVANT	0.0	0.0	0.0	GAP_PRESENT	GAP_PRESENT	LOW	FAMILY_CANDIDATE	LONG_DESCRIPTION	GENERIC_RELEVANT; coverage=GAP_PRESENT; ownership=FAMILY_SHARED; observed slices=1.	0.76	YES
1720144370	1217132021	мусульманский оберег в машину на клею	GENERIC_RELEVANT	1.0	0.0	0.0	GAP_PRESENT	GAP_PRESENT	LOW	FAMILY_CANDIDATE	LONG_DESCRIPTION	GENERIC_RELEVANT; coverage=GAP_PRESENT; ownership=FAMILY_SHARED; observed slices=1.	0.76	YES
1720144370	1217132021	на зеркало в машину подвеска дева	EXACT_PRODUCT	0.0	0.0	0.0	NO_GAP	NO_GAP	HIGH	NO_CHANGE	NONE	EXACT_PRODUCT; coverage=NO_GAP; ownership=FAMILY_SHARED; observed slices=1.	0.96	YES
1720144370	1217132021	необычный обвес в машину на зеркало	GENERIC_RELEVANT	0.0	0.0	0.0	GAP_PRESENT	GAP_PRESENT	LOW	FAMILY_CANDIDATE	LONG_DESCRIPTION	GENERIC_RELEVANT; coverage=GAP_PRESENT; ownership=FAMILY_SHARED; observed slices=1.	0.76	YES
1720144370	1217132021	оберег	GENERIC_RELEVANT	2449.0	0.0	0.0	GAP_PRESENT	GAP_PRESENT	LOW	FAMILY_CANDIDATE	LONG_DESCRIPTION	GENERIC_RELEVANT; coverage=GAP_PRESENT; ownership=STORE_GENERIC; observed slices=1.	0.72	YES
1720144370	1217132021	оберег в машину	GENERIC_RELEVANT	118.0	0.0	0.0	GAP_PRESENT	GAP_PRESENT	LOW	FAMILY_CANDIDATE	LONG_DESCRIPTION	GENERIC_RELEVANT; coverage=GAP_PRESENT; ownership=STORE_GENERIC; observed slices=2.	0.76	YES
1720144370	1217132021	оберег в машину на зеркало женский	GENERIC_RELEVANT	0.0	0.0	0.0	GAP_PRESENT	GAP_PRESENT	LOW	FAMILY_CANDIDATE	LONG_DESCRIPTION	GENERIC_RELEVANT; coverage=GAP_PRESENT; ownership=STORE_GENERIC; observed slices=1.	0.76	YES
1720144370	1217132021	обереги из дерева	GENERIC_RELEVANT	2.0	0.0	0.0	GAP_PRESENT	GAP_PRESENT	LOW	FAMILY_CANDIDATE	LONG_DESCRIPTION	GENERIC_RELEVANT; coverage=GAP_PRESENT; ownership=STORE_GENERIC; observed slices=1.	0.72	YES
1720144370	1217132021	подарок для девы	AMBIGUOUS_HOLD	366.0	0.0	0.0	GAP_PRESENT	GAP_PRESENT	MEDIUM	HOLD_AMBIGUOUS	HOLD	AMBIGUOUS_HOLD; coverage=GAP_PRESENT; ownership=UNCLEAR; observed slices=1.	0.42	YES
1720144370	1217132021	подвеска в зеркало в авто	GENERIC_RELEVANT	1.0	0.0	0.0	GAP_PRESENT	GAP_PRESENT	LOW	FAMILY_CANDIDATE	LONG_DESCRIPTION	GENERIC_RELEVANT; coverage=GAP_PRESENT; ownership=FAMILY_SHARED; observed slices=1.	0.76	YES
1720144370	1217132021	подвеска в машину	GENERIC_RELEVANT	3171.0	0.0	0.0	GAP_PRESENT	GAP_PRESENT	LOW	FAMILY_CANDIDATE	LONG_DESCRIPTION	GENERIC_RELEVANT; coverage=GAP_PRESENT; ownership=STORE_GENERIC; observed slices=1.	0.76	YES
1720144370	1217132021	подвеска в машину дева	EXACT_PRODUCT	1.0	0.0	673.0	NO_GAP	NO_GAP	HIGH	NO_CHANGE	NONE	EXACT_PRODUCT; coverage=NO_GAP; ownership=FAMILY_SHARED; observed slices=1.	0.96	YES
1720144370	1217132021	подвеска дева	EXACT_PRODUCT	368.0	0.0	0.0	NO_GAP	NO_GAP	HIGH	NO_CHANGE	NONE	EXACT_PRODUCT; coverage=NO_GAP; ownership=FAMILY_SHARED; observed slices=1.	0.96	YES
1720144370	1217132021	подвеска на зеркало в машину	GENERIC_RELEVANT	1261.0	0.0	0.0	GAP_PRESENT	GAP_PRESENT	LOW	FAMILY_CANDIDATE	LONG_DESCRIPTION	GENERIC_RELEVANT; coverage=GAP_PRESENT; ownership=STORE_GENERIC; observed slices=1.	0.76	YES
1720144370	1217132021	подвеска на зеркало татарское	GENERIC_RELEVANT	1.0	0.0	603.0	GAP_PRESENT	GAP_PRESENT	LOW	FAMILY_CANDIDATE	LONG_DESCRIPTION	GENERIC_RELEVANT; coverage=GAP_PRESENT; ownership=FAMILY_SHARED; observed slices=1.	0.76	YES
1720144370	1217132021	талисман в машину мужской	GENERIC_RELEVANT	8.0	0.0	0.0	GAP_PRESENT	GAP_PRESENT	LOW	FAMILY_CANDIDATE	LONG_DESCRIPTION	GENERIC_RELEVANT; coverage=GAP_PRESENT; ownership=STORE_GENERIC; observed slices=1.	0.76	YES
1720144370	1217132021	талисман дева	EXACT_PRODUCT	23.0	0.0	0.0	NO_GAP	NO_GAP	HIGH	NO_CHANGE	NONE	EXACT_PRODUCT; coverage=NO_GAP; ownership=FAMILY_SHARED; observed slices=1.	0.96	YES
1720144370	1217132021	четки	GENERIC_RELEVANT	796.0	0.0	0.0	GAP_PRESENT	GAP_PRESENT	LOW	FAMILY_CANDIDATE	LONG_DESCRIPTION	GENERIC_RELEVANT; coverage=GAP_PRESENT; ownership=STORE_GENERIC; observed slices=1.	0.72	YES
1720144370	1217132021	четки в автомобиль	GENERIC_RELEVANT	178.0	0.0	0.0	GAP_PRESENT	GAP_PRESENT	LOW	FAMILY_CANDIDATE	LONG_DESCRIPTION	GENERIC_RELEVANT; coverage=GAP_PRESENT; ownership=STORE_GENERIC; observed slices=1.	0.76	YES
1720144370	1217132021	четки в машину	GENERIC_RELEVANT	284.0	0.0	0.0	GAP_PRESENT	GAP_PRESENT	LOW	FAMILY_CANDIDATE	LONG_DESCRIPTION	GENERIC_RELEVANT; coverage=GAP_PRESENT; ownership=STORE_GENERIC; observed slices=1.	0.76	YES
1720144370	1217132021	четки в машину на зеркало	GENERIC_RELEVANT	184.0	0.0	0.0	GAP_PRESENT	GAP_PRESENT	LOW	FAMILY_CANDIDATE	LONG_DESCRIPTION	GENERIC_RELEVANT; coverage=GAP_PRESENT; ownership=STORE_GENERIC; observed slices=1.	0.76	YES
1720144370	1217132021	что - то для девы	AMBIGUOUS_HOLD	0.0	0.0	0.0	GAP_PRESENT	GAP_PRESENT	MEDIUM	HOLD_AMBIGUOUS	HOLD	AMBIGUOUS_HOLD; coverage=GAP_PRESENT; ownership=UNCLEAR; observed slices=1.	0.42	YES
1720147059	1217135724	аксессуары в машину подвесаа зеркал барабан	GENERIC_RELEVANT	0.0	0.0	0.0	GAP_PRESENT	GAP_PRESENT	LOW	FAMILY_CANDIDATE	LONG_DESCRIPTION	GENERIC_RELEVANT; coverage=GAP_PRESENT; ownership=STORE_GENERIC; observed slices=1.	0.76	YES
1720147059	1217135724	амулеты обереги и талисманы	GENERIC_RELEVANT	199.0	0.0	0.0	GAP_PRESENT	GAP_PRESENT	LOW	FAMILY_CANDIDATE	LONG_DESCRIPTION	GENERIC_RELEVANT; coverage=GAP_PRESENT; ownership=STORE_GENERIC; observed slices=2.	0.72	YES
1720147059	1217135724	ароматизатор в машину версус на зеркало	GENERIC_RELEVANT	1.0	0.0	0.0	GAP_PRESENT	GAP_PRESENT	LOW	FAMILY_CANDIDATE	LONG_DESCRIPTION	GENERIC_RELEVANT; coverage=GAP_PRESENT; ownership=FAMILY_SHARED; observed slices=1.	0.76	YES
1720147059	1217135724	брелок коза	AMBIGUOUS_HOLD	249.0	0.0	0.0	GAP_PRESENT	GAP_PRESENT	MEDIUM	HOLD_AMBIGUOUS	HOLD	AMBIGUOUS_HOLD; coverage=GAP_PRESENT; ownership=UNCLEAR; observed slices=1.	0.42	YES
1720147059	1217135724	брелок козерог мягкий	STRONG_PRODUCT	1.0	0.0	0.0	PARTIAL_GAP	PARTIAL_GAP	LOW	READY_CANDIDATE	LONG_DESCRIPTION	STRONG_PRODUCT; coverage=PARTIAL_GAP; ownership=SKU_SPECIFIC; observed slices=1.	0.96	YES
1720147059	1217135724	брелок офицер пупсик в машину на зеркало	GENERIC_RELEVANT	1.0	0.0	0.0	GAP_PRESENT	GAP_PRESENT	LOW	FAMILY_CANDIDATE	LONG_DESCRIPTION	GENERIC_RELEVANT; coverage=GAP_PRESENT; ownership=FAMILY_SHARED; observed slices=1.	0.76	YES
1720147059	1217135724	брошь оберег для козерога	PARTIAL_RELEVANCE	1.0	0.0	0.0	PARTIAL_GAP	PARTIAL_GAP	MEDIUM	HOLD_AMBIGUOUS	HOLD	PARTIAL_RELEVANCE; coverage=PARTIAL_GAP; ownership=UNCLEAR; observed slices=1.	0.60	YES
1720147059	1217135724	в машину на заруало	GENERIC_RELEVANT	0.0	0.0	0.0	GAP_PRESENT	GAP_PRESENT	LOW	FAMILY_CANDIDATE	LONG_DESCRIPTION	GENERIC_RELEVANT; coverage=GAP_PRESENT; ownership=FAMILY_SHARED; observed slices=1.	0.76	YES
1720147059	1217135724	в машину на зеркало	GENERIC_RELEVANT	168.0	0.0	0.0	GAP_PRESENT	GAP_PRESENT	LOW	FAMILY_CANDIDATE	LONG_DESCRIPTION	GENERIC_RELEVANT; coverage=GAP_PRESENT; ownership=STORE_GENERIC; observed slices=1.	0.76	YES
1720147059	1217135724	в машину подвеска	GENERIC_RELEVANT	182.0	0.0	0.0	GAP_PRESENT	GAP_PRESENT	LOW	FAMILY_CANDIDATE	LONG_DESCRIPTION	GENERIC_RELEVANT; coverage=GAP_PRESENT; ownership=STORE_GENERIC; observed slices=1.	0.76	YES
1720147059	1217135724	в машину. подвеска	GENERIC_RELEVANT	1.0	0.0	0.0	GAP_PRESENT	GAP_PRESENT	LOW	FAMILY_CANDIDATE	LONG_DESCRIPTION	GENERIC_RELEVANT; coverage=GAP_PRESENT; ownership=FAMILY_SHARED; observed slices=1.	0.76	YES
1720147059	1217135724	висюлька в машину на зеркало мужская 18	GENERIC_RELEVANT	1.0	0.0	0.0	GAP_PRESENT	GAP_PRESENT	LOW	FAMILY_CANDIDATE	LONG_DESCRIPTION	GENERIC_RELEVANT; coverage=GAP_PRESENT; ownership=FAMILY_SHARED; observed slices=1.	0.76	YES
1720147059	1217135724	восклицательный знак на машину в красном треугольнике	GENERIC_RELEVANT	0.0	0.0	0.0	GAP_PRESENT	GAP_PRESENT	LOW	FAMILY_CANDIDATE	LONG_DESCRIPTION	GENERIC_RELEVANT; coverage=GAP_PRESENT; ownership=FAMILY_SHARED; observed slices=1.	0.76	YES
1720147059	1217135724	гексаграмма козерог	STRONG_PRODUCT	0.0	0.0	0.0	PARTIAL_GAP	PARTIAL_GAP	LOW	READY_CANDIDATE	LONG_DESCRIPTION	STRONG_PRODUCT; coverage=PARTIAL_GAP; ownership=SKU_SPECIFIC; observed slices=1.	0.96	YES
1720147059	1217135724	денежная карта талисман козерог	EXACT_PRODUCT	1.0	0.0	0.0	PARTIAL_GAP	PARTIAL_GAP	LOW	READY_CANDIDATE	LONG_DESCRIPTION	EXACT_PRODUCT; coverage=PARTIAL_GAP; ownership=SKU_SPECIFIC; observed slices=1.	0.96	YES
1720147059	1217135724	для автомобиля подвеска на зеркало	GENERIC_RELEVANT	2.0	0.0	0.0	GAP_PRESENT	GAP_PRESENT	LOW	FAMILY_CANDIDATE	LONG_DESCRIPTION	GENERIC_RELEVANT; coverage=GAP_PRESENT; ownership=FAMILY_SHARED; observed slices=1.	0.76	YES
1720147059	1217135724	для машины в салон на зеркало подвескп	GENERIC_RELEVANT	0.0	0.0	0.0	GAP_PRESENT	GAP_PRESENT	LOW	FAMILY_CANDIDATE	LONG_DESCRIPTION	GENERIC_RELEVANT; coverage=GAP_PRESENT; ownership=STORE_GENERIC; observed slices=1.	0.76	YES
1720147059	1217135724	еврейская заезда подвеска в машину	GENERIC_RELEVANT	0.0	0.0	0.0	GAP_PRESENT	GAP_PRESENT	LOW	FAMILY_CANDIDATE	LONG_DESCRIPTION	GENERIC_RELEVANT; coverage=GAP_PRESENT; ownership=STORE_GENERIC; observed slices=1.	0.76	YES
1720147059	1217135724	задиака знаки	AMBIGUOUS_HOLD	1.0	0.0	0.0	GAP_PRESENT	GAP_PRESENT	MEDIUM	HOLD_AMBIGUOUS	HOLD	AMBIGUOUS_HOLD; coverage=GAP_PRESENT; ownership=UNCLEAR; observed slices=1.	0.42	YES
1720147059	1217135724	зеркало	GENERIC_RELEVANT	14874.0	0.0	0.0	GAP_PRESENT	GAP_PRESENT	LOW	FAMILY_CANDIDATE	LONG_DESCRIPTION	GENERIC_RELEVANT; coverage=GAP_PRESENT; ownership=STORE_GENERIC; observed slices=1.	0.76	YES
1720147059	1217135724	зеркало в пол	GENERIC_RELEVANT	160.0	0.0	0.0	GAP_PRESENT	GAP_PRESENT	LOW	FAMILY_CANDIDATE	LONG_DESCRIPTION	GENERIC_RELEVANT; coverage=GAP_PRESENT; ownership=STORE_GENERIC; observed slices=1.	0.76	YES
1720147059	1217135724	зеркало на машину киа риа боковое	GENERIC_RELEVANT	1.0	0.0	0.0	GAP_PRESENT	GAP_PRESENT	LOW	FAMILY_CANDIDATE	LONG_DESCRIPTION	GENERIC_RELEVANT; coverage=GAP_PRESENT; ownership=FAMILY_SHARED; observed slices=1.	0.76	YES
1720147059	1217135724	зеркало на праворукую машину на встречку	GENERIC_RELEVANT	0.0	0.0	0.0	GAP_PRESENT	GAP_PRESENT	LOW	FAMILY_CANDIDATE	LONG_DESCRIPTION	GENERIC_RELEVANT; coverage=GAP_PRESENT; ownership=FAMILY_SHARED; observed slices=1.	0.76	YES
1720147059	1217135724	зеркало сдвижное на щиток	GENERIC_RELEVANT	1.0	0.0	0.0	GAP_PRESENT	GAP_PRESENT	LOW	FAMILY_CANDIDATE	LONG_DESCRIPTION	GENERIC_RELEVANT; coverage=GAP_PRESENT; ownership=FAMILY_SHARED; observed slices=1.	0.76	YES
1720147059	1217135724	зеркальные знаки	GENERIC_RELEVANT	0.0	0.0	0.0	GAP_PRESENT	GAP_PRESENT	LOW	FAMILY_CANDIDATE	LONG_DESCRIPTION	GENERIC_RELEVANT; coverage=GAP_PRESENT; ownership=FAMILY_SHARED; observed slices=1.	0.76	YES
1720147059	1217135724	знак везу мужана машину	GENERIC_RELEVANT	1.0	0.0	0.0	GAP_PRESENT	GAP_PRESENT	LOW	FAMILY_CANDIDATE	LONG_DESCRIPTION	GENERIC_RELEVANT; coverage=GAP_PRESENT; ownership=FAMILY_SHARED; observed slices=1.	0.76	YES
1720147059	1217135724	знак задиака девы на торт	AMBIGUOUS_HOLD	0.0	0.0	0.0	GAP_PRESENT	GAP_PRESENT	MEDIUM	HOLD_AMBIGUOUS	HOLD	AMBIGUOUS_HOLD; coverage=GAP_PRESENT; ownership=UNCLEAR; observed slices=1.	0.42	YES
1720147059	1217135724	знак зодиака козерог фигурки	EXACT_PRODUCT	1.0	0.0	0.0	PARTIAL_GAP	PARTIAL_GAP	LOW	READY_CANDIDATE	LONG_DESCRIPTION	EXACT_PRODUCT; coverage=PARTIAL_GAP; ownership=SKU_SPECIFIC; observed slices=1.	0.96	YES
1720147059	1217135724	знак козерога серебро	PARTIAL_RELEVANCE	0.0	0.0	0.0	PARTIAL_GAP	PARTIAL_GAP	MEDIUM	HOLD_AMBIGUOUS	HOLD	PARTIAL_RELEVANCE; coverage=PARTIAL_GAP; ownership=UNCLEAR; observed slices=1.	0.60	YES
1720147059	1217135724	знак на авто дорожный	GENERIC_RELEVANT	1.0	0.0	0.0	GAP_PRESENT	GAP_PRESENT	LOW	FAMILY_CANDIDATE	LONG_DESCRIPTION	GENERIC_RELEVANT; coverage=GAP_PRESENT; ownership=FAMILY_SHARED; observed slices=1.	0.76	YES
1720147059	1217135724	знаки зодиака	FAMILY_RELEVANT	212.0	0.0	0.0	GAP_PRESENT	GAP_PRESENT	LOW	FAMILY_CANDIDATE	LONG_DESCRIPTION	FAMILY_RELEVANT; coverage=GAP_PRESENT; ownership=FAMILY_SHARED; observed slices=1.	0.86	YES
1720147059	1217135724	игрушка мягка обезьяна в машину на зеркало	GENERIC_RELEVANT	1.0	0.0	0.0	GAP_PRESENT	GAP_PRESENT	LOW	FAMILY_CANDIDATE	LONG_DESCRIPTION	GENERIC_RELEVANT; coverage=GAP_PRESENT; ownership=FAMILY_SHARED; observed slices=1.	0.76	YES
1720147059	1217135724	картины со знаком зодиака козерог	EXACT_PRODUCT	0.0	0.0	0.0	PARTIAL_GAP	PARTIAL_GAP	HIGH	READY_CANDIDATE	LONG_DESCRIPTION	EXACT_PRODUCT; coverage=PARTIAL_GAP; ownership=FAMILY_SHARED; observed slices=1.	0.96	YES
1720147059	1217135724	козерог	STRONG_PRODUCT	842.0	0.0	463.0	NO_GAP	NO_GAP	HIGH	NO_CHANGE	NONE	STRONG_PRODUCT; coverage=NO_GAP; ownership=FAMILY_SHARED; observed slices=2.	0.96	YES
1720147059	1217135724	козерог мужской	STRONG_PRODUCT	3.0	0.0	0.0	NO_GAP	NO_GAP	LOW	NO_CHANGE	NONE	STRONG_PRODUCT; coverage=NO_GAP; ownership=SKU_SPECIFIC; observed slices=1.	0.96	NO
1720147059	1217135724	козерог подвеска	EXACT_PRODUCT	107.0	0.0	0.0	NO_GAP	NO_GAP	HIGH	NO_CHANGE	NONE	EXACT_PRODUCT; coverage=NO_GAP; ownership=FAMILY_SHARED; observed slices=1.	0.96	YES
1720147059	1217135724	красивая подвеска в машину для	GENERIC_RELEVANT	1.0	0.0	0.0	GAP_PRESENT	GAP_PRESENT	LOW	FAMILY_CANDIDATE	LONG_DESCRIPTION	GENERIC_RELEVANT; coverage=GAP_PRESENT; ownership=STORE_GENERIC; observed slices=1.	0.76	YES
1720147059	1217135724	красивые зеркало в авто	GENERIC_RELEVANT	0.0	0.0	0.0	GAP_PRESENT	GAP_PRESENT	LOW	FAMILY_CANDIDATE	LONG_DESCRIPTION	GENERIC_RELEVANT; coverage=GAP_PRESENT; ownership=FAMILY_SHARED; observed slices=1.	0.76	YES
1720147059	1217135724	кулон зодиакальный козерог	EXACT_PRODUCT	1.0	0.0	0.0	PARTIAL_GAP	PARTIAL_GAP	LOW	READY_CANDIDATE	LONG_DESCRIPTION	EXACT_PRODUCT; coverage=PARTIAL_GAP; ownership=SKU_SPECIFIC; observed slices=1.	0.96	YES
1720147059	1217135724	медальон козерог	STRONG_PRODUCT	1.0	0.0	0.0	PARTIAL_GAP	PARTIAL_GAP	LOW	READY_CANDIDATE	LONG_DESCRIPTION	STRONG_PRODUCT; coverage=PARTIAL_GAP; ownership=SKU_SPECIFIC; observed slices=1.	0.96	YES
1720147059	1217135724	молд козерог	STRONG_PRODUCT	2.0	0.0	0.0	PARTIAL_GAP	PARTIAL_GAP	LOW	READY_CANDIDATE	LONG_DESCRIPTION	STRONG_PRODUCT; coverage=PARTIAL_GAP; ownership=SKU_SPECIFIC; observed slices=1.	0.96	YES
1720147059	1217135724	оберег в машину	GENERIC_RELEVANT	1190.0	0.0	0.0	GAP_PRESENT	GAP_PRESENT	LOW	FAMILY_CANDIDATE	LONG_DESCRIPTION	GENERIC_RELEVANT; coverage=GAP_PRESENT; ownership=STORE_GENERIC; observed slices=1.	0.76	YES
1720147059	1217135724	оберег деревянный	GENERIC_RELEVANT	9.0	0.0	0.0	GAP_PRESENT	GAP_PRESENT	LOW	FAMILY_CANDIDATE	LONG_DESCRIPTION	GENERIC_RELEVANT; coverage=GAP_PRESENT; ownership=FAMILY_SHARED; observed slices=1.	0.72	YES
1720147059	1217135724	оберег зеркальный	GENERIC_RELEVANT	1.0	0.0	0.0	GAP_PRESENT	GAP_PRESENT	LOW	FAMILY_CANDIDATE	LONG_DESCRIPTION	GENERIC_RELEVANT; coverage=GAP_PRESENT; ownership=FAMILY_SHARED; observed slices=1.	0.76	YES
1720147059	1217135724	обереготсглаза	GENERIC_RELEVANT	0.0	0.0	0.0	GAP_PRESENT	GAP_PRESENT	LOW	FAMILY_CANDIDATE	LONG_DESCRIPTION	GENERIC_RELEVANT; coverage=GAP_PRESENT; ownership=STORE_GENERIC; observed slices=1.	0.72	YES
1720147059	1217135724	подарок для козерога	PARTIAL_RELEVANCE	2.0	0.0	0.0	NO_GAP	NO_GAP	MEDIUM	HOLD_AMBIGUOUS	HOLD	PARTIAL_RELEVANCE; coverage=NO_GAP; ownership=UNCLEAR; observed slices=1.	0.60	YES
1720147059	1217135724	подвеска в машину	GENERIC_RELEVANT	3171.0	0.0	0.0	GAP_PRESENT	GAP_PRESENT	LOW	FAMILY_CANDIDATE	LONG_DESCRIPTION	GENERIC_RELEVANT; coverage=GAP_PRESENT; ownership=STORE_GENERIC; observed slices=1.	0.76	YES
1720147059	1217135724	подвеска в машину на зеркало	GENERIC_RELEVANT	0.0	0.0	0.0	GAP_PRESENT	GAP_PRESENT	LOW	FAMILY_CANDIDATE	LONG_DESCRIPTION	GENERIC_RELEVANT; coverage=GAP_PRESENT; ownership=STORE_GENERIC; observed slices=1.	0.76	YES
1720147059	1217135724	подвеска знак зодиака набор	FAMILY_RELEVANT	2.0	0.0	0.0	GAP_PRESENT	GAP_PRESENT	LOW	FAMILY_CANDIDATE	LONG_DESCRIPTION	FAMILY_RELEVANT; coverage=GAP_PRESENT; ownership=FAMILY_SHARED; observed slices=1.	0.86	YES
1720147059	1217135724	подвеска козерог	EXACT_PRODUCT	194.0	0.0	0.0	NO_GAP	NO_GAP	HIGH	NO_CHANGE	NONE	EXACT_PRODUCT; coverage=NO_GAP; ownership=FAMILY_SHARED; observed slices=1.	0.96	YES
1720147059	1217135724	подвеска на зеркало в машину	GENERIC_RELEVANT	1177.0	0.0	0.0	GAP_PRESENT	GAP_PRESENT	LOW	FAMILY_CANDIDATE	LONG_DESCRIPTION	GENERIC_RELEVANT; coverage=GAP_PRESENT; ownership=STORE_GENERIC; observed slices=1.	0.76	YES
1720147059	1217135724	подвески знаки зодиака	FAMILY_RELEVANT	3.0	0.0	0.0	GAP_PRESENT	GAP_PRESENT	LOW	FAMILY_CANDIDATE	LONG_DESCRIPTION	FAMILY_RELEVANT; coverage=GAP_PRESENT; ownership=FAMILY_SHARED; observed slices=1.	0.86	YES
1720147059	1217135724	подвестка в машину	GENERIC_RELEVANT	10.0	0.0	0.0	GAP_PRESENT	GAP_PRESENT	LOW	FAMILY_CANDIDATE	LONG_DESCRIPTION	GENERIC_RELEVANT; coverage=GAP_PRESENT; ownership=FAMILY_SHARED; observed slices=1.	0.76	YES
1720147059	1217135724	талисманы и обереги	GENERIC_RELEVANT	84.0	0.0	0.0	GAP_PRESENT	GAP_PRESENT	LOW	FAMILY_CANDIDATE	LONG_DESCRIPTION	GENERIC_RELEVANT; coverage=GAP_PRESENT; ownership=STORE_GENERIC; observed slices=1.	0.72	YES
1720147059	1217135724	четки в автомобиль	GENERIC_RELEVANT	178.0	0.0	0.0	GAP_PRESENT	GAP_PRESENT	LOW	FAMILY_CANDIDATE	LONG_DESCRIPTION	GENERIC_RELEVANT; coverage=GAP_PRESENT; ownership=STORE_GENERIC; observed slices=1.	0.76	YES
1720147059	1217135724	четки в машину	GENERIC_RELEVANT	661.0	0.0	0.0	GAP_PRESENT	GAP_PRESENT	LOW	FAMILY_CANDIDATE	LONG_DESCRIPTION	GENERIC_RELEVANT; coverage=GAP_PRESENT; ownership=STORE_GENERIC; observed slices=1.	0.76	YES
1720147059	1217135724	четки в машину козерог	EXACT_PRODUCT	0.0	0.0	690.0	NO_GAP	NO_GAP	LOW	NO_CHANGE	NONE	EXACT_PRODUCT; coverage=NO_GAP; ownership=SKU_SPECIFIC; observed slices=2.	0.96	NO
1720148880	1217137863	аксессуары в машину подвесаа зеркал барабан	GENERIC_RELEVANT	0.0	0.0	0.0	GAP_PRESENT	GAP_PRESENT	LOW	FAMILY_CANDIDATE	LONG_DESCRIPTION	GENERIC_RELEVANT; coverage=GAP_PRESENT; ownership=STORE_GENERIC; observed slices=1.	0.76	YES
1720148880	1217137863	амулет	GENERIC_RELEVANT	458.0	0.0	0.0	GAP_PRESENT	GAP_PRESENT	LOW	FAMILY_CANDIDATE	LONG_DESCRIPTION	GENERIC_RELEVANT; coverage=GAP_PRESENT; ownership=STORE_GENERIC; observed slices=1.	0.72	YES
1720148880	1217137863	амулет - подвеска на зеркало в машину	GENERIC_RELEVANT	1.0	0.0	0.0	GAP_PRESENT	GAP_PRESENT	LOW	FAMILY_CANDIDATE	LONG_DESCRIPTION	GENERIC_RELEVANT; coverage=GAP_PRESENT; ownership=FAMILY_SHARED; observed slices=1.	0.76	YES
1720148880	1217137863	амулет деревянный	GENERIC_RELEVANT	1.0	0.0	0.0	GAP_PRESENT	GAP_PRESENT	LOW	FAMILY_CANDIDATE	LONG_DESCRIPTION	GENERIC_RELEVANT; coverage=GAP_PRESENT; ownership=STORE_GENERIC; observed slices=1.	0.72	YES
1720148880	1217137863	амулет для магии черной	GENERIC_RELEVANT	0.0	0.0	0.0	GAP_PRESENT	GAP_PRESENT	LOW	FAMILY_CANDIDATE	LONG_DESCRIPTION	GENERIC_RELEVANT; coverage=GAP_PRESENT; ownership=FAMILY_SHARED; observed slices=1.	0.72	YES
1720148880	1217137863	амулет зеркальный	GENERIC_RELEVANT	4.0	0.0	0.0	GAP_PRESENT	GAP_PRESENT	LOW	FAMILY_CANDIDATE	LONG_DESCRIPTION	GENERIC_RELEVANT; coverage=GAP_PRESENT; ownership=STORE_GENERIC; observed slices=1.	0.76	YES
1720148880	1217137863	амулеты обереги и талисманы	GENERIC_RELEVANT	324.0	0.0	0.0	GAP_PRESENT	GAP_PRESENT	LOW	FAMILY_CANDIDATE	LONG_DESCRIPTION	GENERIC_RELEVANT; coverage=GAP_PRESENT; ownership=STORE_GENERIC; observed slices=1.	0.72	YES
1720148880	1217137863	амулеты обереги и талисманы для овна	GENERIC_RELEVANT	1.0	0.0	0.0	GAP_PRESENT	GAP_PRESENT	LOW	FAMILY_CANDIDATE	LONG_DESCRIPTION	GENERIC_RELEVANT; coverage=GAP_PRESENT; ownership=FAMILY_SHARED; observed slices=1.	0.72	YES
1720148880	1217137863	аодвеска зеркало	GENERIC_RELEVANT	0.0	0.0	0.0	GAP_PRESENT	GAP_PRESENT	LOW	FAMILY_CANDIDATE	LONG_DESCRIPTION	GENERIC_RELEVANT; coverage=GAP_PRESENT; ownership=STORE_GENERIC; observed slices=1.	0.76	YES
1720148880	1217137863	браслет на зеркало	GENERIC_RELEVANT	1.0	0.0	0.0	GAP_PRESENT	GAP_PRESENT	LOW	FAMILY_CANDIDATE	LONG_DESCRIPTION	GENERIC_RELEVANT; coverage=GAP_PRESENT; ownership=FAMILY_SHARED; observed slices=1.	0.76	YES
1720148880	1217137863	браслетик оберег для овна	GENERIC_RELEVANT	0.0	0.0	0.0	GAP_PRESENT	GAP_PRESENT	LOW	FAMILY_CANDIDATE	LONG_DESCRIPTION	GENERIC_RELEVANT; coverage=GAP_PRESENT; ownership=FAMILY_SHARED; observed slices=1.	0.72	YES
1720148880	1217137863	брелок в машину на зеркало	GENERIC_RELEVANT	205.0	0.0	0.0	GAP_PRESENT	GAP_PRESENT	LOW	FAMILY_CANDIDATE	LONG_DESCRIPTION	GENERIC_RELEVANT; coverage=GAP_PRESENT; ownership=STORE_GENERIC; observed slices=1.	0.76	YES
1720148880	1217137863	брелок в машину на зеркало пушистики	GENERIC_RELEVANT	0.0	0.0	0.0	GAP_PRESENT	GAP_PRESENT	LOW	FAMILY_CANDIDATE	LONG_DESCRIPTION	GENERIC_RELEVANT; coverage=GAP_PRESENT; ownership=STORE_GENERIC; observed slices=1.	0.76	YES
1720148880	1217137863	брелок коза в машину на зеркало	GENERIC_RELEVANT	1.0	0.0	0.0	GAP_PRESENT	GAP_PRESENT	LOW	FAMILY_CANDIDATE	LONG_DESCRIPTION	GENERIC_RELEVANT; coverage=GAP_PRESENT; ownership=FAMILY_SHARED; observed slices=1.	0.76	YES
1720148880	1217137863	брилок овен	STRONG_PRODUCT	1.0	0.0	0.0	PARTIAL_GAP	PARTIAL_GAP	LOW	READY_CANDIDATE	LONG_DESCRIPTION	STRONG_PRODUCT; coverage=PARTIAL_GAP; ownership=SKU_SPECIFIC; observed slices=1.	0.96	YES
1720148880	1217137863	бусина овен	STRONG_PRODUCT	2.0	0.0	0.0	PARTIAL_GAP	PARTIAL_GAP	LOW	READY_CANDIDATE	LONG_DESCRIPTION	STRONG_PRODUCT; coverage=PARTIAL_GAP; ownership=SKU_SPECIFIC; observed slices=1.	0.96	YES
1720148880	1217137863	бусина от сглаза на зеркало машины	GENERIC_RELEVANT	0.0	0.0	0.0	GAP_PRESENT	GAP_PRESENT	LOW	FAMILY_CANDIDATE	LONG_DESCRIPTION	GENERIC_RELEVANT; coverage=GAP_PRESENT; ownership=STORE_GENERIC; observed slices=1.	0.76	YES
1720148880	1217137863	бусинка знак зодиака овен	EXACT_PRODUCT	1.0	0.0	0.0	PARTIAL_GAP	PARTIAL_GAP	LOW	READY_CANDIDATE	LONG_DESCRIPTION	EXACT_PRODUCT; coverage=PARTIAL_GAP; ownership=SKU_SPECIFIC; observed slices=1.	0.96	YES
1720148880	1217137863	бусины акриловые от сглаза 12мм	GENERIC_RELEVANT	1.0	0.0	0.0	GAP_PRESENT	GAP_PRESENT	LOW	FAMILY_CANDIDATE	LONG_DESCRIPTION	GENERIC_RELEVANT; coverage=GAP_PRESENT; ownership=STORE_GENERIC; observed slices=1.	0.72	YES
1720148880	1217137863	бусины для подвески на зеркало в машину	GENERIC_RELEVANT	0.0	0.0	0.0	GAP_PRESENT	GAP_PRESENT	LOW	FAMILY_CANDIDATE	LONG_DESCRIPTION	GENERIC_RELEVANT; coverage=GAP_PRESENT; ownership=STORE_GENERIC; observed slices=1.	0.76	YES
1720148880	1217137863	в машину авулет	GENERIC_RELEVANT	0.0	0.0	0.0	GAP_PRESENT	GAP_PRESENT	LOW	FAMILY_CANDIDATE	LONG_DESCRIPTION	GENERIC_RELEVANT; coverage=GAP_PRESENT; ownership=STORE_GENERIC; observed slices=1.	0.76	YES
1720148880	1217137863	в машину овен	EXACT_PRODUCT	0.0	0.0	0.0	NO_GAP	NO_GAP	LOW	NO_CHANGE	NONE	EXACT_PRODUCT; coverage=NO_GAP; ownership=SKU_SPECIFIC; observed slices=1.	0.96	NO
1720148880	1217137863	в машину подвеска	GENERIC_RELEVANT	225.0	0.0	0.0	GAP_PRESENT	GAP_PRESENT	LOW	FAMILY_CANDIDATE	LONG_DESCRIPTION	GENERIC_RELEVANT; coverage=GAP_PRESENT; ownership=STORE_GENERIC; observed slices=1.	0.76	YES
1720148880	1217137863	в машину подвеска на зеркало мужская	GENERIC_RELEVANT	1.0	0.0	0.0	GAP_PRESENT	GAP_PRESENT	LOW	FAMILY_CANDIDATE	LONG_DESCRIPTION	GENERIC_RELEVANT; coverage=GAP_PRESENT; ownership=STORE_GENERIC; observed slices=1.	0.76	YES
1720148880	1217137863	вертолетик на зеркало уличное машины	GENERIC_RELEVANT	1.0	0.0	0.0	GAP_PRESENT	GAP_PRESENT	LOW	FAMILY_CANDIDATE	LONG_DESCRIPTION	GENERIC_RELEVANT; coverage=GAP_PRESENT; ownership=FAMILY_SHARED; observed slices=1.	0.76	YES
1720148880	1217137863	висюлька в машину на зеркало мусульманская на грузовую	GENERIC_RELEVANT	0.0	0.0	0.0	GAP_PRESENT	GAP_PRESENT	LOW	FAMILY_CANDIDATE	LONG_DESCRIPTION	GENERIC_RELEVANT; coverage=GAP_PRESENT; ownership=FAMILY_SHARED; observed slices=1.	0.76	YES
1720148880	1217137863	висюлька на зеркало в машину ароматизатор мазда	GENERIC_RELEVANT	1.0	0.0	0.0	GAP_PRESENT	GAP_PRESENT	LOW	FAMILY_CANDIDATE	LONG_DESCRIPTION	GENERIC_RELEVANT; coverage=GAP_PRESENT; ownership=STORE_GENERIC; observed slices=1.	0.76	YES
1720148880	1217137863	висюлька на зеркало в машину белая пушистая	GENERIC_RELEVANT	0.0	0.0	0.0	GAP_PRESENT	GAP_PRESENT	LOW	FAMILY_CANDIDATE	LONG_DESCRIPTION	GENERIC_RELEVANT; coverage=GAP_PRESENT; ownership=STORE_GENERIC; observed slices=1.	0.76	YES
1720148880	1217137863	для подвески зеркала	GENERIC_RELEVANT	1.0	0.0	0.0	GAP_PRESENT	GAP_PRESENT	LOW	FAMILY_CANDIDATE	LONG_DESCRIPTION	GENERIC_RELEVANT; coverage=GAP_PRESENT; ownership=STORE_GENERIC; observed slices=1.	0.76	YES
1720148880	1217137863	домовенок в тележке оберег	GENERIC_RELEVANT	0.0	0.0	0.0	GAP_PRESENT	GAP_PRESENT	LOW	FAMILY_CANDIDATE	LONG_DESCRIPTION	GENERIC_RELEVANT; coverage=GAP_PRESENT; ownership=FAMILY_SHARED; observed slices=1.	0.72	YES
1720148880	1217137863	зеркало магическое талисман	GENERIC_RELEVANT	1.0	0.0	0.0	GAP_PRESENT	GAP_PRESENT	LOW	FAMILY_CANDIDATE	LONG_DESCRIPTION	GENERIC_RELEVANT; coverage=GAP_PRESENT; ownership=FAMILY_SHARED; observed slices=1.	0.76	YES
1720148880	1217137863	знаеи зодиака	FAMILY_RELEVANT	1.0	0.0	0.0	GAP_PRESENT	GAP_PRESENT	LOW	FAMILY_CANDIDATE	LONG_DESCRIPTION	FAMILY_RELEVANT; coverage=GAP_PRESENT; ownership=FAMILY_SHARED; observed slices=1.	0.86	YES
1720148880	1217137863	знак атлантов	AMBIGUOUS_HOLD	5.0	0.0	0.0	GAP_PRESENT	GAP_PRESENT	MEDIUM	HOLD_AMBIGUOUS	HOLD	AMBIGUOUS_HOLD; coverage=GAP_PRESENT; ownership=UNCLEAR; observed slices=1.	0.42	YES
1720148880	1217137863	знак зодиака ов	FAMILY_RELEVANT	0.0	0.0	0.0	GAP_PRESENT	GAP_PRESENT	LOW	FAMILY_CANDIDATE	LONG_DESCRIPTION	FAMILY_RELEVANT; coverage=GAP_PRESENT; ownership=FAMILY_SHARED; observed slices=1.	0.86	YES
1720148880	1217137863	знаки зодиака	FAMILY_RELEVANT	371.0	0.0	0.0	GAP_PRESENT	GAP_PRESENT	LOW	FAMILY_CANDIDATE	LONG_DESCRIPTION	FAMILY_RELEVANT; coverage=GAP_PRESENT; ownership=FAMILY_SHARED; observed slices=1.	0.86	YES
1720148880	1217137863	игрушка на зеркало в машину мягкий чертик	GENERIC_RELEVANT	1.0	0.0	0.0	GAP_PRESENT	GAP_PRESENT	LOW	FAMILY_CANDIDATE	LONG_DESCRIPTION	GENERIC_RELEVANT; coverage=GAP_PRESENT; ownership=FAMILY_SHARED; observed slices=1.	0.76	YES
1720148880	1217137863	коза подвеска в машину	GENERIC_RELEVANT	1.0	0.0	0.0	GAP_PRESENT	GAP_PRESENT	LOW	FAMILY_CANDIDATE	LONG_DESCRIPTION	GENERIC_RELEVANT; coverage=GAP_PRESENT; ownership=FAMILY_SHARED; observed slices=1.	0.76	YES
1720148880	1217137863	на присоске в машину жезл оберег	GENERIC_RELEVANT	1.0	0.0	0.0	GAP_PRESENT	GAP_PRESENT	LOW	FAMILY_CANDIDATE	LONG_DESCRIPTION	GENERIC_RELEVANT; coverage=GAP_PRESENT; ownership=STORE_GENERIC; observed slices=1.	0.76	YES
1720148880	1217137863	набор знак зодиака	FAMILY_RELEVANT	1.0	0.0	0.0	GAP_PRESENT	GAP_PRESENT	LOW	FAMILY_CANDIDATE	LONG_DESCRIPTION	FAMILY_RELEVANT; coverage=GAP_PRESENT; ownership=FAMILY_SHARED; observed slices=1.	0.86	YES
1720148880	1217137863	оберег	GENERIC_RELEVANT	1930.0	0.0	0.0	GAP_PRESENT	GAP_PRESENT	LOW	FAMILY_CANDIDATE	LONG_DESCRIPTION	GENERIC_RELEVANT; coverage=GAP_PRESENT; ownership=STORE_GENERIC; observed slices=1.	0.72	YES
1720148880	1217137863	оберег в машину	GENERIC_RELEVANT	1149.0	0.0	0.0	GAP_PRESENT	GAP_PRESENT	LOW	FAMILY_CANDIDATE	LONG_DESCRIPTION	GENERIC_RELEVANT; coverage=GAP_PRESENT; ownership=STORE_GENERIC; observed slices=3.	0.76	YES
1720148880	1217137863	оберег на зеркало в машину	GENERIC_RELEVANT	1.0	0.0	0.0	GAP_PRESENT	GAP_PRESENT	LOW	FAMILY_CANDIDATE	LONG_DESCRIPTION	GENERIC_RELEVANT; coverage=GAP_PRESENT; ownership=STORE_GENERIC; observed slices=1.	0.76	YES
1720148880	1217137863	обереготсглаза	GENERIC_RELEVANT	0.0	0.0	0.0	GAP_PRESENT	GAP_PRESENT	LOW	FAMILY_CANDIDATE	LONG_DESCRIPTION	GENERIC_RELEVANT; coverage=GAP_PRESENT; ownership=STORE_GENERIC; observed slices=1.	0.72	YES
1720148880	1217137863	овен	STRONG_PRODUCT	1305.0	0.0	0.0	NO_GAP	NO_GAP	HIGH	NO_CHANGE	NONE	STRONG_PRODUCT; coverage=NO_GAP; ownership=FAMILY_SHARED; observed slices=1.	0.96	YES
1720148880	1217137863	подвеска в машину	GENERIC_RELEVANT	7092.0	0.0	617.0	GAP_PRESENT	GAP_PRESENT	LOW	FAMILY_CANDIDATE	LONG_DESCRIPTION	GENERIC_RELEVANT; coverage=GAP_PRESENT; ownership=STORE_GENERIC; observed slices=2.	0.76	YES
1720148880	1217137863	подвеска в машину на зеркало	GENERIC_RELEVANT	2032.0	0.0	777.0	GAP_PRESENT	GAP_PRESENT	LOW	FAMILY_CANDIDATE	LONG_DESCRIPTION	GENERIC_RELEVANT; coverage=GAP_PRESENT; ownership=STORE_GENERIC; observed slices=3.	0.76	YES
1720148880	1217137863	подвеска на зеркало автомобиля в машину	GENERIC_RELEVANT	22.0	0.0	0.0	GAP_PRESENT	GAP_PRESENT	LOW	FAMILY_CANDIDATE	LONG_DESCRIPTION	GENERIC_RELEVANT; coverage=GAP_PRESENT; ownership=STORE_GENERIC; observed slices=1.	0.76	YES
1720148880	1217137863	подвеска на зеркало в машину	GENERIC_RELEVANT	1288.0	0.0	0.0	GAP_PRESENT	GAP_PRESENT	LOW	FAMILY_CANDIDATE	LONG_DESCRIPTION	GENERIC_RELEVANT; coverage=GAP_PRESENT; ownership=STORE_GENERIC; observed slices=1.	0.76	YES
1720148880	1217137863	подвеска овен	EXACT_PRODUCT	225.0	0.0	0.0	NO_GAP	NO_GAP	HIGH	NO_CHANGE	NONE	EXACT_PRODUCT; coverage=NO_GAP; ownership=FAMILY_SHARED; observed slices=1.	0.96	YES
1720148880	1217137863	талисман овна	GENERIC_RELEVANT	6.0	0.0	577.0	GAP_PRESENT	GAP_PRESENT	LOW	FAMILY_CANDIDATE	LONG_DESCRIPTION	GENERIC_RELEVANT; coverage=GAP_PRESENT; ownership=FAMILY_SHARED; observed slices=1.	0.72	YES
1720148880	1217137863	талисман подвеска	GENERIC_RELEVANT	2.0	0.0	0.0	GAP_PRESENT	GAP_PRESENT	LOW	FAMILY_CANDIDATE	LONG_DESCRIPTION	GENERIC_RELEVANT; coverage=GAP_PRESENT; ownership=FAMILY_SHARED; observed slices=1.	0.72	YES
1720148880	1217137863	четки в автомобиль	GENERIC_RELEVANT	573.0	0.0	0.0	GAP_PRESENT	GAP_PRESENT	LOW	FAMILY_CANDIDATE	LONG_DESCRIPTION	GENERIC_RELEVANT; coverage=GAP_PRESENT; ownership=STORE_GENERIC; observed slices=1.	0.76	YES
1720148880	1217137863	четки в автомобиль на зеркало мужские со знаком зодиака	FAMILY_RELEVANT	1.0	0.0	707.0	NO_GAP	NO_GAP	LOW	NO_CHANGE	NONE	FAMILY_RELEVANT; coverage=NO_GAP; ownership=FAMILY_SHARED; observed slices=1.	0.86	NO
1720148880	1217137863	четки в машину	GENERIC_RELEVANT	2492.0	0.0	0.0	GAP_PRESENT	GAP_PRESENT	LOW	FAMILY_CANDIDATE	LONG_DESCRIPTION	GENERIC_RELEVANT; coverage=GAP_PRESENT; ownership=STORE_GENERIC; observed slices=1.	0.76	YES
1720148880	1217137863	четки в машину на зеркало	GENERIC_RELEVANT	408.0	0.0	0.0	GAP_PRESENT	GAP_PRESENT	LOW	FAMILY_CANDIDATE	LONG_DESCRIPTION	GENERIC_RELEVANT; coverage=GAP_PRESENT; ownership=STORE_GENERIC; observed slices=1.	0.76	YES
1720151850	1217141020	dtlmvbyf gjldtcrf	AMBIGUOUS_HOLD	1.0	0.0	0.0	GAP_PRESENT	GAP_PRESENT	MEDIUM	HOLD_AMBIGUOUS	HOLD	AMBIGUOUS_HOLD; coverage=GAP_PRESENT; ownership=UNCLEAR; observed slices=1.	0.42	YES
1720151850	1217141020	амулет в машину на зеркало мужской	GENERIC_RELEVANT	3.0	0.0	0.0	GAP_PRESENT	GAP_PRESENT	LOW	FAMILY_CANDIDATE	LONG_DESCRIPTION	GENERIC_RELEVANT; coverage=GAP_PRESENT; ownership=STORE_GENERIC; observed slices=1.	0.76	YES
1720151850	1217141020	амулет для магии черной	GENERIC_RELEVANT	0.0	0.0	0.0	GAP_PRESENT	GAP_PRESENT	LOW	FAMILY_CANDIDATE	LONG_DESCRIPTION	GENERIC_RELEVANT; coverage=GAP_PRESENT; ownership=FAMILY_SHARED; observed slices=1.	0.72	YES
1720151850	1217141020	амулет с зеркалом подвеска	GENERIC_RELEVANT	1.0	0.0	0.0	GAP_PRESENT	GAP_PRESENT	LOW	FAMILY_CANDIDATE	LONG_DESCRIPTION	GENERIC_RELEVANT; coverage=GAP_PRESENT; ownership=STORE_GENERIC; observed slices=1.	0.76	YES
1720151850	1217141020	амулеты обереги и талисманы	GENERIC_RELEVANT	242.0	0.0	0.0	GAP_PRESENT	GAP_PRESENT	LOW	FAMILY_CANDIDATE	LONG_DESCRIPTION	GENERIC_RELEVANT; coverage=GAP_PRESENT; ownership=STORE_GENERIC; observed slices=1.	0.72	YES
1720151850	1217141020	брелок в машину на зеркало пушистики	GENERIC_RELEVANT	0.0	0.0	0.0	GAP_PRESENT	GAP_PRESENT	LOW	FAMILY_CANDIDATE	LONG_DESCRIPTION	GENERIC_RELEVANT; coverage=GAP_PRESENT; ownership=STORE_GENERIC; observed slices=1.	0.76	YES
1720151850	1217141020	брелок руна оберег	GENERIC_RELEVANT	1.0	0.0	0.0	GAP_PRESENT	GAP_PRESENT	LOW	FAMILY_CANDIDATE	LONG_DESCRIPTION	GENERIC_RELEVANT; coverage=GAP_PRESENT; ownership=FAMILY_SHARED; observed slices=1.	0.72	YES
1720151850	1217141020	в машину амулет	GENERIC_RELEVANT	0.0	0.0	0.0	GAP_PRESENT	GAP_PRESENT	LOW	FAMILY_CANDIDATE	LONG_DESCRIPTION	GENERIC_RELEVANT; coverage=GAP_PRESENT; ownership=STORE_GENERIC; observed slices=1.	0.76	YES
1720151850	1217141020	в машину красивая подвеска	GENERIC_RELEVANT	1.0	0.0	0.0	GAP_PRESENT	GAP_PRESENT	LOW	FAMILY_CANDIDATE	LONG_DESCRIPTION	GENERIC_RELEVANT; coverage=GAP_PRESENT; ownership=FAMILY_SHARED; observed slices=1.	0.76	YES
1720151850	1217141020	демон на машину подвеска на стекло маленькие	GENERIC_RELEVANT	0.0	0.0	0.0	GAP_PRESENT	GAP_PRESENT	LOW	FAMILY_CANDIDATE	LONG_DESCRIPTION	GENERIC_RELEVANT; coverage=GAP_PRESENT; ownership=STORE_GENERIC; observed slices=1.	0.76	YES
1720151850	1217141020	для автомобиля подвеска на зеркало	GENERIC_RELEVANT	2.0	0.0	0.0	GAP_PRESENT	GAP_PRESENT	LOW	FAMILY_CANDIDATE	LONG_DESCRIPTION	GENERIC_RELEVANT; coverage=GAP_PRESENT; ownership=FAMILY_SHARED; observed slices=1.	0.76	YES
1720151850	1217141020	для машины лев	EXACT_PRODUCT	0.0	0.0	0.0	PARTIAL_GAP	PARTIAL_GAP	LOW	READY_CANDIDATE	LONG_DESCRIPTION	EXACT_PRODUCT; coverage=PARTIAL_GAP; ownership=SKU_SPECIFIC; observed slices=1.	0.96	YES
1720151850	1217141020	додвестка на машину	GENERIC_RELEVANT	1.0	0.0	0.0	GAP_PRESENT	GAP_PRESENT	LOW	FAMILY_CANDIDATE	LONG_DESCRIPTION	GENERIC_RELEVANT; coverage=GAP_PRESENT; ownership=FAMILY_SHARED; observed slices=1.	0.76	YES
1720151850	1217141020	дорожный знак в авто	GENERIC_RELEVANT	0.0	0.0	0.0	GAP_PRESENT	GAP_PRESENT	LOW	FAMILY_CANDIDATE	LONG_DESCRIPTION	GENERIC_RELEVANT; coverage=GAP_PRESENT; ownership=FAMILY_SHARED; observed slices=1.	0.76	YES
1720151850	1217141020	зеркало для гадания	GENERIC_RELEVANT	9.0	0.0	0.0	GAP_PRESENT	GAP_PRESENT	LOW	FAMILY_CANDIDATE	LONG_DESCRIPTION	GENERIC_RELEVANT; coverage=GAP_PRESENT; ownership=STORE_GENERIC; observed slices=1.	0.76	YES
1720151850	1217141020	зеркало лева	GENERIC_RELEVANT	1.0	0.0	0.0	GAP_PRESENT	GAP_PRESENT	LOW	FAMILY_CANDIDATE	LONG_DESCRIPTION	GENERIC_RELEVANT; coverage=GAP_PRESENT; ownership=FAMILY_SHARED; observed slices=1.	0.76	YES
1720151850	1217141020	знак задиак лев	STRONG_PRODUCT	0.0	0.0	0.0	PARTIAL_GAP	PARTIAL_GAP	LOW	READY_CANDIDATE	LONG_DESCRIPTION	STRONG_PRODUCT; coverage=PARTIAL_GAP; ownership=SKU_SPECIFIC; observed slices=1.	0.96	YES
1720151850	1217141020	знак зодиака лев	EXACT_PRODUCT	245.0	0.0	0.0	NO_GAP	NO_GAP	HIGH	NO_CHANGE	NONE	EXACT_PRODUCT; coverage=NO_GAP; ownership=FAMILY_SHARED; observed slices=1.	0.96	YES
1720151850	1217141020	знак туфелька блестящая на машину	GENERIC_RELEVANT	0.0	0.0	0.0	GAP_PRESENT	GAP_PRESENT	LOW	FAMILY_CANDIDATE	LONG_DESCRIPTION	GENERIC_RELEVANT; coverage=GAP_PRESENT; ownership=FAMILY_SHARED; observed slices=1.	0.76	YES
1720151850	1217141020	знаки зодиака лев	EXACT_PRODUCT	2.0	0.0	0.0	NO_GAP	NO_GAP	LOW	NO_CHANGE	NONE	EXACT_PRODUCT; coverage=NO_GAP; ownership=SKU_SPECIFIC; observed slices=1.	0.96	NO
1720151850	1217141020	знаки сувениры для парашютиста в машину	GENERIC_RELEVANT	1.0	0.0	0.0	GAP_PRESENT	GAP_PRESENT	LOW	FAMILY_CANDIDATE	LONG_DESCRIPTION	GENERIC_RELEVANT; coverage=GAP_PRESENT; ownership=FAMILY_SHARED; observed slices=1.	0.76	YES
1720151850	1217141020	золотой лев в машину	EXACT_PRODUCT	0.0	0.0	0.0	PARTIAL_GAP	PARTIAL_GAP	LOW	READY_CANDIDATE	LONG_DESCRIPTION	EXACT_PRODUCT; coverage=PARTIAL_GAP; ownership=SKU_SPECIFIC; observed slices=1.	0.96	YES
1720151850	1217141020	качественные четки	GENERIC_RELEVANT	0.0	0.0	0.0	GAP_PRESENT	GAP_PRESENT	LOW	FAMILY_CANDIDATE	LONG_DESCRIPTION	GENERIC_RELEVANT; coverage=GAP_PRESENT; ownership=FAMILY_SHARED; observed slices=1.	0.72	YES
1720151850	1217141020	колье , ожерельекулон знаки зодиака	FAMILY_RELEVANT	1.0	0.0	0.0	GAP_PRESENT	GAP_PRESENT	LOW	FAMILY_CANDIDATE	LONG_DESCRIPTION	FAMILY_RELEVANT; coverage=GAP_PRESENT; ownership=FAMILY_SHARED; observed slices=1.	0.86	YES
1720151850	1217141020	крест в машину на зеркало	NEIGHBOR_PRODUCT	109.0	0.0	0.0	NOT_APPLICABLE	NOT_APPLICABLE	LOW	REJECT_NEIGHBOR	NONE	NEIGHBOR_PRODUCT; coverage=NOT_APPLICABLE; ownership=EXCLUDED; observed slices=1.	0.96	NO
1720151850	1217141020	кулон автомобиль	GENERIC_RELEVANT	3.0	0.0	0.0	GAP_PRESENT	GAP_PRESENT	LOW	FAMILY_CANDIDATE	LONG_DESCRIPTION	GENERIC_RELEVANT; coverage=GAP_PRESENT; ownership=FAMILY_SHARED; observed slices=1.	0.76	YES
1720151850	1217141020	кулончик зеркало оберег	GENERIC_RELEVANT	1.0	0.0	0.0	GAP_PRESENT	GAP_PRESENT	LOW	FAMILY_CANDIDATE	LONG_DESCRIPTION	GENERIC_RELEVANT; coverage=GAP_PRESENT; ownership=FAMILY_SHARED; observed slices=1.	0.76	YES
1720151850	1217141020	лев	STRONG_PRODUCT	3038.0	0.0	0.0	NO_GAP	NO_GAP	HIGH	NO_CHANGE	NONE	STRONG_PRODUCT; coverage=NO_GAP; ownership=FAMILY_SHARED; observed slices=1.	0.96	YES
1720151850	1217141020	лев в машину на панель	EXACT_PRODUCT	1.0	0.0	0.0	PARTIAL_GAP	PARTIAL_GAP	LOW	READY_CANDIDATE	LONG_DESCRIPTION	EXACT_PRODUCT; coverage=PARTIAL_GAP; ownership=SKU_SPECIFIC; observed slices=1.	0.96	YES
1720151850	1217141020	лев в машину с креплением	EXACT_PRODUCT	0.0	0.0	0.0	PARTIAL_GAP	PARTIAL_GAP	LOW	READY_CANDIDATE	LONG_DESCRIPTION	EXACT_PRODUCT; coverage=PARTIAL_GAP; ownership=SKU_SPECIFIC; observed slices=1.	0.96	YES
1720151850	1217141020	магия оберег защитник	GENERIC_RELEVANT	1.0	0.0	0.0	GAP_PRESENT	GAP_PRESENT	LOW	FAMILY_CANDIDATE	LONG_DESCRIPTION	GENERIC_RELEVANT; coverage=GAP_PRESENT; ownership=FAMILY_SHARED; observed slices=1.	0.72	YES
1720151850	1217141020	метла оберег	GENERIC_RELEVANT	2.0	0.0	0.0	GAP_PRESENT	GAP_PRESENT	LOW	FAMILY_CANDIDATE	LONG_DESCRIPTION	GENERIC_RELEVANT; coverage=GAP_PRESENT; ownership=FAMILY_SHARED; observed slices=1.	0.72	YES
1720151850	1217141020	мешочек со смехом подвеска в машину	GENERIC_RELEVANT	0.0	0.0	0.0	GAP_PRESENT	GAP_PRESENT	LOW	FAMILY_CANDIDATE	LONG_DESCRIPTION	GENERIC_RELEVANT; coverage=GAP_PRESENT; ownership=STORE_GENERIC; observed slices=1.	0.76	YES
1720151850	1217141020	мусульманский оберег	GENERIC_RELEVANT	76.0	0.0	0.0	GAP_PRESENT	GAP_PRESENT	LOW	FAMILY_CANDIDATE	LONG_DESCRIPTION	GENERIC_RELEVANT; coverage=GAP_PRESENT; ownership=STORE_GENERIC; observed slices=1.	0.72	YES
1720151850	1217141020	на зеркало в машину украшение	GENERIC_RELEVANT	4.0	0.0	826.0	GAP_PRESENT	GAP_PRESENT	LOW	FAMILY_CANDIDATE	LONG_DESCRIPTION	GENERIC_RELEVANT; coverage=GAP_PRESENT; ownership=STORE_GENERIC; observed slices=1.	0.76	YES
1720151850	1217141020	набор подвесок в машину	GENERIC_RELEVANT	2.0	0.0	1092.93	GAP_PRESENT	GAP_PRESENT	LOW	FAMILY_CANDIDATE	LONG_DESCRIPTION	GENERIC_RELEVANT; coverage=GAP_PRESENT; ownership=FAMILY_SHARED; observed slices=1.	0.76	YES
1720151850	1217141020	о.берег в машину	GENERIC_RELEVANT	1.0	0.0	0.0	GAP_PRESENT	GAP_PRESENT	LOW	FAMILY_CANDIDATE	LONG_DESCRIPTION	GENERIC_RELEVANT; coverage=GAP_PRESENT; ownership=STORE_GENERIC; observed slices=1.	0.76	YES
1720151850	1217141020	оберег	GENERIC_RELEVANT	2023.0	0.0	0.0	GAP_PRESENT	GAP_PRESENT	LOW	FAMILY_CANDIDATE	LONG_DESCRIPTION	GENERIC_RELEVANT; coverage=GAP_PRESENT; ownership=STORE_GENERIC; observed slices=1.	0.72	YES
1720151850	1217141020	оберег в машину	GENERIC_RELEVANT	625.0	0.0	0.0	GAP_PRESENT	GAP_PRESENT	LOW	FAMILY_CANDIDATE	LONG_DESCRIPTION	GENERIC_RELEVANT; coverage=GAP_PRESENT; ownership=STORE_GENERIC; observed slices=1.	0.76	YES
1720151850	1217141020	оберег в машину от гибдд фига	GENERIC_RELEVANT	1.0	0.0	0.0	GAP_PRESENT	GAP_PRESENT	LOW	FAMILY_CANDIDATE	LONG_DESCRIPTION	GENERIC_RELEVANT; coverage=GAP_PRESENT; ownership=FAMILY_SHARED; observed slices=1.	0.76	YES
1720151850	1217141020	оберег для автомобиля женский на зеркало	GENERIC_RELEVANT	1.0	0.0	0.0	GAP_PRESENT	GAP_PRESENT	LOW	FAMILY_CANDIDATE	LONG_DESCRIPTION	GENERIC_RELEVANT; coverage=GAP_PRESENT; ownership=FAMILY_SHARED; observed slices=1.	0.76	YES
1720151850	1217141020	оберег защитный в машину на зеркало	GENERIC_RELEVANT	1.0	0.0	0.0	GAP_PRESENT	GAP_PRESENT	LOW	FAMILY_CANDIDATE	LONG_DESCRIPTION	GENERIC_RELEVANT; coverage=GAP_PRESENT; ownership=FAMILY_SHARED; observed slices=1.	0.76	YES
1720151850	1217141020	оберег на сво лев	EXACT_PRODUCT	0.0	0.0	0.0	PARTIAL_GAP	PARTIAL_GAP	LOW	READY_CANDIDATE	LONG_DESCRIPTION	EXACT_PRODUCT; coverage=PARTIAL_GAP; ownership=SKU_SPECIFIC; observed slices=1.	0.96	YES
1720151850	1217141020	оберег подвеска в машину	GENERIC_RELEVANT	4.0	0.0	0.0	GAP_PRESENT	GAP_PRESENT	LOW	FAMILY_CANDIDATE	LONG_DESCRIPTION	GENERIC_RELEVANT; coverage=GAP_PRESENT; ownership=STORE_GENERIC; observed slices=1.	0.76	YES
1720151850	1217141020	оберег славянский мужской в машину	NEIGHBOR_PRODUCT	1.0	0.0	0.0	NOT_APPLICABLE	NOT_APPLICABLE	LOW	REJECT_NEIGHBOR	NONE	NEIGHBOR_PRODUCT; coverage=NOT_APPLICABLE; ownership=EXCLUDED; observed slices=1.	0.90	NO
1720151850	1217141020	обереги	GENERIC_RELEVANT	125.0	0.0	0.0	GAP_PRESENT	GAP_PRESENT	LOW	FAMILY_CANDIDATE	LONG_DESCRIPTION	GENERIC_RELEVANT; coverage=GAP_PRESENT; ownership=STORE_GENERIC; observed slices=1.	0.72	YES
1720151850	1217141020	обереги для машины	GENERIC_RELEVANT	3.0	0.0	0.0	GAP_PRESENT	GAP_PRESENT	LOW	FAMILY_CANDIDATE	LONG_DESCRIPTION	GENERIC_RELEVANT; coverage=GAP_PRESENT; ownership=STORE_GENERIC; observed slices=1.	0.76	YES
1720151850	1217141020	подвеска в автомобиль	GENERIC_RELEVANT	362.0	0.0	0.0	GAP_PRESENT	GAP_PRESENT	LOW	FAMILY_CANDIDATE	LONG_DESCRIPTION	GENERIC_RELEVANT; coverage=GAP_PRESENT; ownership=STORE_GENERIC; observed slices=1.	0.76	YES
1720151850	1217141020	подвеска в машину	GENERIC_RELEVANT	6842.0	0.0	0.0	GAP_PRESENT	GAP_PRESENT	LOW	FAMILY_CANDIDATE	LONG_DESCRIPTION	GENERIC_RELEVANT; coverage=GAP_PRESENT; ownership=STORE_GENERIC; observed slices=1.	0.76	YES
1720151850	1217141020	подвеска в машину на зеркало	GENERIC_RELEVANT	6256.0	0.0	0.0	GAP_PRESENT	GAP_PRESENT	LOW	FAMILY_CANDIDATE	LONG_DESCRIPTION	GENERIC_RELEVANT; coverage=GAP_PRESENT; ownership=STORE_GENERIC; observed slices=1.	0.76	YES
1720151850	1217141020	подвеска в машину на зеркало китай	GENERIC_RELEVANT	0.0	0.0	0.0	GAP_PRESENT	GAP_PRESENT	LOW	FAMILY_CANDIDATE	LONG_DESCRIPTION	GENERIC_RELEVANT; coverage=GAP_PRESENT; ownership=FAMILY_SHARED; observed slices=1.	0.76	YES
1720151850	1217141020	подвеска лев	EXACT_PRODUCT	313.0	0.0	0.0	NO_GAP	NO_GAP	HIGH	NO_CHANGE	NONE	EXACT_PRODUCT; coverage=NO_GAP; ownership=FAMILY_SHARED; observed slices=1.	0.96	YES
1720151850	1217141020	подвеска лев в машину	EXACT_PRODUCT	4.0	0.0	870.0	NO_GAP	NO_GAP	LOW	NO_CHANGE	NONE	EXACT_PRODUCT; coverage=NO_GAP; ownership=SKU_SPECIFIC; observed slices=1.	0.96	NO
1720151850	1217141020	подвеска левна телефон	GENERIC_RELEVANT	0.0	0.0	0.0	GAP_PRESENT	GAP_PRESENT	LOW	FAMILY_CANDIDATE	LONG_DESCRIPTION	GENERIC_RELEVANT; coverage=GAP_PRESENT; ownership=FAMILY_SHARED; observed slices=1.	0.72	YES
1720151850	1217141020	подвеска на зеркало в машину	GENERIC_RELEVANT	1222.0	0.0	0.0	GAP_PRESENT	GAP_PRESENT	LOW	FAMILY_CANDIDATE	LONG_DESCRIPTION	GENERIC_RELEVANT; coverage=GAP_PRESENT; ownership=STORE_GENERIC; observed slices=1.	0.76	YES
1720151850	1217141020	подвеска со львом	GENERIC_RELEVANT	3.0	0.0	0.0	GAP_PRESENT	GAP_PRESENT	LOW	FAMILY_CANDIDATE	LONG_DESCRIPTION	GENERIC_RELEVANT; coverage=GAP_PRESENT; ownership=FAMILY_SHARED; observed slices=1.	0.72	YES
1720151850	1217141020	подвечка на зеркало	GENERIC_RELEVANT	1.0	0.0	0.0	GAP_PRESENT	GAP_PRESENT	LOW	FAMILY_CANDIDATE	LONG_DESCRIPTION	GENERIC_RELEVANT; coverage=GAP_PRESENT; ownership=FAMILY_SHARED; observed slices=1.	0.76	YES
1720151850	1217141020	с рунами на зеркало в машину	GENERIC_RELEVANT	1.0	0.0	0.0	GAP_PRESENT	GAP_PRESENT	LOW	FAMILY_CANDIDATE	LONG_DESCRIPTION	GENERIC_RELEVANT; coverage=GAP_PRESENT; ownership=FAMILY_SHARED; observed slices=1.	0.76	YES
1720151850	1217141020	четки в автомобиль	GENERIC_RELEVANT	178.0	0.0	0.0	GAP_PRESENT	GAP_PRESENT	LOW	FAMILY_CANDIDATE	LONG_DESCRIPTION	GENERIC_RELEVANT; coverage=GAP_PRESENT; ownership=STORE_GENERIC; observed slices=1.	0.76	YES
1720151850	1217141020	четки в машину	GENERIC_RELEVANT	2008.0	0.0	0.0	GAP_PRESENT	GAP_PRESENT	LOW	FAMILY_CANDIDATE	LONG_DESCRIPTION	GENERIC_RELEVANT; coverage=GAP_PRESENT; ownership=STORE_GENERIC; observed slices=1.	0.76	YES
1720153914	1217143121	амулет бусина	GENERIC_RELEVANT	0.0	0.0	0.0	GAP_PRESENT	GAP_PRESENT	LOW	FAMILY_CANDIDATE	LONG_DESCRIPTION	GENERIC_RELEVANT; coverage=GAP_PRESENT; ownership=STORE_GENERIC; observed slices=1.	0.72	YES
1720153914	1217143121	амулет деревянный	GENERIC_RELEVANT	3.0	0.0	0.0	GAP_PRESENT	GAP_PRESENT	LOW	FAMILY_CANDIDATE	LONG_DESCRIPTION	GENERIC_RELEVANT; coverage=GAP_PRESENT; ownership=STORE_GENERIC; observed slices=1.	0.72	YES
1720153914	1217143121	амулеты обереги и талисманы дерево	GENERIC_RELEVANT	1.0	0.0	0.0	GAP_PRESENT	GAP_PRESENT	LOW	FAMILY_CANDIDATE	LONG_DESCRIPTION	GENERIC_RELEVANT; coverage=GAP_PRESENT; ownership=STORE_GENERIC; observed slices=1.	0.72	YES
1720153914	1217143121	ароматизатор джек рассел в машину на зеркало	GENERIC_RELEVANT	1.0	0.0	0.0	GAP_PRESENT	GAP_PRESENT	LOW	FAMILY_CANDIDATE	LONG_DESCRIPTION	GENERIC_RELEVANT; coverage=GAP_PRESENT; ownership=STORE_GENERIC; observed slices=1.	0.76	YES
1720153914	1217143121	бомбический оберег в машину на зеркало	GENERIC_RELEVANT	1.0	0.0	0.0	GAP_PRESENT	GAP_PRESENT	LOW	FAMILY_CANDIDATE	LONG_DESCRIPTION	GENERIC_RELEVANT; coverage=GAP_PRESENT; ownership=STORE_GENERIC; observed slices=1.	0.76	YES
1720153914	1217143121	брелок в машину на зеркало кудо	GENERIC_RELEVANT	1.0	0.0	0.0	GAP_PRESENT	GAP_PRESENT	LOW	FAMILY_CANDIDATE	LONG_DESCRIPTION	GENERIC_RELEVANT; coverage=GAP_PRESENT; ownership=FAMILY_SHARED; observed slices=1.	0.76	YES
1720153914	1217143121	брелок в машину на зеркало оберег сузуки на камне	GENERIC_RELEVANT	1.0	0.0	0.0	GAP_PRESENT	GAP_PRESENT	LOW	FAMILY_CANDIDATE	LONG_DESCRIPTION	GENERIC_RELEVANT; coverage=GAP_PRESENT; ownership=FAMILY_SHARED; observed slices=1.	0.76	YES
1720153914	1217143121	брелок в машину на зеркало пушистики	GENERIC_RELEVANT	0.0	0.0	0.0	GAP_PRESENT	GAP_PRESENT	LOW	FAMILY_CANDIDATE	LONG_DESCRIPTION	GENERIC_RELEVANT; coverage=GAP_PRESENT; ownership=STORE_GENERIC; observed slices=1.	0.76	YES
1720153914	1217143121	брелок на зеркало в машину фемида	GENERIC_RELEVANT	0.0	0.0	0.0	GAP_PRESENT	GAP_PRESENT	LOW	FAMILY_CANDIDATE	LONG_DESCRIPTION	GENERIC_RELEVANT; coverage=GAP_PRESENT; ownership=STORE_GENERIC; observed slices=1.	0.76	YES
1720153914	1217143121	бусы в машину с	GENERIC_RELEVANT	0.0	0.0	0.0	GAP_PRESENT	GAP_PRESENT	LOW	FAMILY_CANDIDATE	LONG_DESCRIPTION	GENERIC_RELEVANT; coverage=GAP_PRESENT; ownership=FAMILY_SHARED; observed slices=1.	0.76	YES
1720153914	1217143121	бусы для знака зодиака	FAMILY_RELEVANT	0.0	0.0	0.0	GAP_PRESENT	GAP_PRESENT	LOW	FAMILY_CANDIDATE	LONG_DESCRIPTION	FAMILY_RELEVANT; coverage=GAP_PRESENT; ownership=FAMILY_SHARED; observed slices=1.	0.86	YES
1720153914	1217143121	бусы знак	AMBIGUOUS_HOLD	0.0	0.0	0.0	GAP_PRESENT	GAP_PRESENT	MEDIUM	HOLD_AMBIGUOUS	HOLD	AMBIGUOUS_HOLD; coverage=GAP_PRESENT; ownership=UNCLEAR; observed slices=1.	0.42	YES
1720153914	1217143121	в машину на зеркало	GENERIC_RELEVANT	84.0	0.0	0.0	GAP_PRESENT	GAP_PRESENT	LOW	FAMILY_CANDIDATE	LONG_DESCRIPTION	GENERIC_RELEVANT; coverage=GAP_PRESENT; ownership=STORE_GENERIC; observed slices=1.	0.76	YES
1720153914	1217143121	в машину подвеска	GENERIC_RELEVANT	79.0	0.0	0.0	GAP_PRESENT	GAP_PRESENT	LOW	FAMILY_CANDIDATE	LONG_DESCRIPTION	GENERIC_RELEVANT; coverage=GAP_PRESENT; ownership=STORE_GENERIC; observed slices=1.	0.76	YES
1720153914	1217143121	для для раков	AMBIGUOUS_HOLD	1.0	0.0	0.0	GAP_PRESENT	GAP_PRESENT	MEDIUM	HOLD_AMBIGUOUS	HOLD	AMBIGUOUS_HOLD; coverage=GAP_PRESENT; ownership=UNCLEAR; observed slices=1.	0.42	YES
1720153914	1217143121	для подвески зеркала	GENERIC_RELEVANT	1.0	0.0	0.0	GAP_PRESENT	GAP_PRESENT	LOW	FAMILY_CANDIDATE	LONG_DESCRIPTION	GENERIC_RELEVANT; coverage=GAP_PRESENT; ownership=STORE_GENERIC; observed slices=1.	0.76	YES
1720153914	1217143121	знак зодиака крысы в машину подвеска	FAMILY_RELEVANT	1.0	0.0	0.0	GAP_PRESENT	GAP_PRESENT	LOW	FAMILY_CANDIDATE	LONG_DESCRIPTION	FAMILY_RELEVANT; coverage=GAP_PRESENT; ownership=FAMILY_SHARED; observed slices=1.	0.86	YES
1720153914	1217143121	знак зодиака рак	EXACT_PRODUCT	93.0	0.0	0.0	NO_GAP	NO_GAP	LOW	NO_CHANGE	NONE	EXACT_PRODUCT; coverage=NO_GAP; ownership=SKU_SPECIFIC; observed slices=1.	0.96	NO
1720153914	1217143121	знак на машину выносной габаритный	GENERIC_RELEVANT	1.0	0.0	0.0	GAP_PRESENT	GAP_PRESENT	LOW	FAMILY_CANDIDATE	LONG_DESCRIPTION	GENERIC_RELEVANT; coverage=GAP_PRESENT; ownership=FAMILY_SHARED; observed slices=1.	0.76	YES
1720153914	1217143121	знаки зодиака	FAMILY_RELEVANT	70.0	0.0	0.0	GAP_PRESENT	GAP_PRESENT	LOW	FAMILY_CANDIDATE	LONG_DESCRIPTION	FAMILY_RELEVANT; coverage=GAP_PRESENT; ownership=FAMILY_SHARED; observed slices=1.	0.86	YES
1720153914	1217143121	кимоно боевое самбо в машину на зеркало	GENERIC_RELEVANT	1.0	0.0	0.0	GAP_PRESENT	GAP_PRESENT	LOW	FAMILY_CANDIDATE	LONG_DESCRIPTION	GENERIC_RELEVANT; coverage=GAP_PRESENT; ownership=FAMILY_SHARED; observed slices=1.	0.76	YES
1720153914	1217143121	китайская подвеска талисман	GENERIC_RELEVANT	1.0	0.0	0.0	GAP_PRESENT	GAP_PRESENT	LOW	FAMILY_CANDIDATE	LONG_DESCRIPTION	GENERIC_RELEVANT; coverage=GAP_PRESENT; ownership=FAMILY_SHARED; observed slices=1.	0.72	YES
1720153914	1217143121	круглая подвеска кристиансеаямв машину	GENERIC_RELEVANT	1.0	0.0	0.0	GAP_PRESENT	GAP_PRESENT	LOW	FAMILY_CANDIDATE	LONG_DESCRIPTION	GENERIC_RELEVANT; coverage=GAP_PRESENT; ownership=FAMILY_SHARED; observed slices=1.	0.76	YES
1720153914	1217143121	кулон из рак	STRONG_PRODUCT	1.0	0.0	0.0	PARTIAL_GAP	PARTIAL_GAP	LOW	READY_CANDIDATE	LONG_DESCRIPTION	STRONG_PRODUCT; coverage=PARTIAL_GAP; ownership=SKU_SPECIFIC; observed slices=1.	0.96	YES
1720153914	1217143121	купить знак рака	AMBIGUOUS_HOLD	1.0	0.0	0.0	GAP_PRESENT	GAP_PRESENT	MEDIUM	HOLD_AMBIGUOUS	HOLD	AMBIGUOUS_HOLD; coverage=GAP_PRESENT; ownership=UNCLEAR; observed slices=1.	0.42	YES
1720153914	1217143121	магические атрибуты	AMBIGUOUS_HOLD	149.0	0.0	0.0	GAP_PRESENT	GAP_PRESENT	MEDIUM	HOLD_AMBIGUOUS	HOLD	AMBIGUOUS_HOLD; coverage=GAP_PRESENT; ownership=UNCLEAR; observed slices=1.	0.42	YES
1720153914	1217143121	магическое зеркало	GENERIC_RELEVANT	82.0	0.0	0.0	GAP_PRESENT	GAP_PRESENT	LOW	FAMILY_CANDIDATE	LONG_DESCRIPTION	GENERIC_RELEVANT; coverage=GAP_PRESENT; ownership=STORE_GENERIC; observed slices=1.	0.76	YES
1720153914	1217143121	мешочек со смехом подвеска в машину	GENERIC_RELEVANT	0.0	0.0	0.0	GAP_PRESENT	GAP_PRESENT	LOW	FAMILY_CANDIDATE	LONG_DESCRIPTION	GENERIC_RELEVANT; coverage=GAP_PRESENT; ownership=STORE_GENERIC; observed slices=1.	0.76	YES
1720153914	1217143121	на зеркало знак зодиака рак в машину	EXACT_PRODUCT	0.0	0.0	0.0	NO_GAP	NO_GAP	HIGH	NO_CHANGE	NONE	EXACT_PRODUCT; coverage=NO_GAP; ownership=FAMILY_SHARED; observed slices=1.	0.96	YES
1720153914	1217143121	набор для четки	GENERIC_RELEVANT	1.0	0.0	0.0	GAP_PRESENT	GAP_PRESENT	LOW	FAMILY_CANDIDATE	LONG_DESCRIPTION	GENERIC_RELEVANT; coverage=GAP_PRESENT; ownership=FAMILY_SHARED; observed slices=1.	0.72	YES
1720153914	1217143121	оберег в машину	GENERIC_RELEVANT	1103.0	0.0	0.0	GAP_PRESENT	GAP_PRESENT	LOW	FAMILY_CANDIDATE	LONG_DESCRIPTION	GENERIC_RELEVANT; coverage=GAP_PRESENT; ownership=STORE_GENERIC; observed slices=1.	0.76	YES
1720153914	1217143121	оберег в машину для рака мужской	GENERIC_RELEVANT	1.0	0.0	0.0	GAP_PRESENT	GAP_PRESENT	LOW	FAMILY_CANDIDATE	LONG_DESCRIPTION	GENERIC_RELEVANT; coverage=GAP_PRESENT; ownership=FAMILY_SHARED; observed slices=1.	0.76	YES
1720153914	1217143121	оберег в машину женский	GENERIC_RELEVANT	3.0	0.0	0.0	GAP_PRESENT	GAP_PRESENT	LOW	FAMILY_CANDIDATE	LONG_DESCRIPTION	GENERIC_RELEVANT; coverage=GAP_PRESENT; ownership=STORE_GENERIC; observed slices=1.	0.76	YES
1720153914	1217143121	оберег на зеркало в машину мужской	GENERIC_RELEVANT	1.0	0.0	0.0	GAP_PRESENT	GAP_PRESENT	LOW	FAMILY_CANDIDATE	LONG_DESCRIPTION	GENERIC_RELEVANT; coverage=GAP_PRESENT; ownership=FAMILY_SHARED; observed slices=1.	0.76	YES
1720153914	1217143121	обереготсглаза	GENERIC_RELEVANT	0.0	0.0	0.0	GAP_PRESENT	GAP_PRESENT	LOW	FAMILY_CANDIDATE	LONG_DESCRIPTION	GENERIC_RELEVANT; coverage=GAP_PRESENT; ownership=STORE_GENERIC; observed slices=1.	0.72	YES
1720153914	1217143121	подвеска в авто на зеркало большая	GENERIC_RELEVANT	1.0	0.0	0.0	GAP_PRESENT	GAP_PRESENT	LOW	FAMILY_CANDIDATE	LONG_DESCRIPTION	GENERIC_RELEVANT; coverage=GAP_PRESENT; ownership=FAMILY_SHARED; observed slices=1.	0.76	YES
1720153914	1217143121	подвеска в автомобиль	GENERIC_RELEVANT	462.0	0.0	0.0	GAP_PRESENT	GAP_PRESENT	LOW	FAMILY_CANDIDATE	LONG_DESCRIPTION	GENERIC_RELEVANT; coverage=GAP_PRESENT; ownership=STORE_GENERIC; observed slices=1.	0.76	YES
1720153914	1217143121	подвеска в машину	GENERIC_RELEVANT	7092.0	0.0	0.0	GAP_PRESENT	GAP_PRESENT	LOW	FAMILY_CANDIDATE	LONG_DESCRIPTION	GENERIC_RELEVANT; coverage=GAP_PRESENT; ownership=STORE_GENERIC; observed slices=1.	0.76	YES
1720153914	1217143121	подвеска в машину вдв 76	GENERIC_RELEVANT	0.0	0.0	0.0	GAP_PRESENT	GAP_PRESENT	LOW	FAMILY_CANDIDATE	LONG_DESCRIPTION	GENERIC_RELEVANT; coverage=GAP_PRESENT; ownership=FAMILY_SHARED; observed slices=1.	0.76	YES
1720153914	1217143121	подвеска в машину водителю илье	GENERIC_RELEVANT	0.0	0.0	0.0	GAP_PRESENT	GAP_PRESENT	LOW	FAMILY_CANDIDATE	LONG_DESCRIPTION	GENERIC_RELEVANT; coverage=GAP_PRESENT; ownership=STORE_GENERIC; observed slices=2.	0.76	YES
1720153914	1217143121	подвеска в машину зуб или коготь на зеркало	GENERIC_RELEVANT	1.0	0.0	0.0	GAP_PRESENT	GAP_PRESENT	LOW	FAMILY_CANDIDATE	LONG_DESCRIPTION	GENERIC_RELEVANT; coverage=GAP_PRESENT; ownership=FAMILY_SHARED; observed slices=1.	0.76	YES
1720153914	1217143121	подвеска в машину кия с пандой	GENERIC_RELEVANT	1.0	0.0	0.0	GAP_PRESENT	GAP_PRESENT	LOW	FAMILY_CANDIDATE	LONG_DESCRIPTION	GENERIC_RELEVANT; coverage=GAP_PRESENT; ownership=FAMILY_SHARED; observed slices=1.	0.76	YES
1720153914	1217143121	подвеска в машину на зеркало знак зодиака	FAMILY_RELEVANT	0.0	0.0	0.0	GAP_PRESENT	GAP_PRESENT	LOW	FAMILY_CANDIDATE	LONG_DESCRIPTION	FAMILY_RELEVANT; coverage=GAP_PRESENT; ownership=FAMILY_SHARED; observed slices=1.	0.86	YES
1720153914	1217143121	подвеска в машину на зеркало мотоцикл	GENERIC_RELEVANT	1.0	0.0	0.0	GAP_PRESENT	GAP_PRESENT	LOW	FAMILY_CANDIDATE	LONG_DESCRIPTION	GENERIC_RELEVANT; coverage=GAP_PRESENT; ownership=FAMILY_SHARED; observed slices=1.	0.76	YES
1720153914	1217143121	подвеска для авто стильная	GENERIC_RELEVANT	1.0	0.0	0.0	GAP_PRESENT	GAP_PRESENT	LOW	FAMILY_CANDIDATE	LONG_DESCRIPTION	GENERIC_RELEVANT; coverage=GAP_PRESENT; ownership=FAMILY_SHARED; observed slices=1.	0.76	YES
1720153914	1217143121	подвеска знак зодиака рак в машину	EXACT_PRODUCT	0.0	0.0	0.0	NO_GAP	NO_GAP	LOW	NO_CHANGE	NONE	EXACT_PRODUCT; coverage=NO_GAP; ownership=SKU_SPECIFIC; observed slices=1.	0.96	NO
1720153914	1217143121	подвеска на зеркало в автомобиль	GENERIC_RELEVANT	21.0	0.0	0.0	GAP_PRESENT	GAP_PRESENT	LOW	FAMILY_CANDIDATE	LONG_DESCRIPTION	GENERIC_RELEVANT; coverage=GAP_PRESENT; ownership=FAMILY_SHARED; observed slices=1.	0.76	YES
1720153914	1217143121	подвеска на зеркало в машину	GENERIC_RELEVANT	1215.0	0.0	0.0	GAP_PRESENT	GAP_PRESENT	LOW	FAMILY_CANDIDATE	LONG_DESCRIPTION	GENERIC_RELEVANT; coverage=GAP_PRESENT; ownership=STORE_GENERIC; observed slices=1.	0.76	YES
1720153914	1217143121	подвеска на зеркало деревянная	GENERIC_RELEVANT	0.0	0.0	0.0	GAP_PRESENT	GAP_PRESENT	LOW	FAMILY_CANDIDATE	LONG_DESCRIPTION	GENERIC_RELEVANT; coverage=GAP_PRESENT; ownership=STORE_GENERIC; observed slices=1.	0.76	YES
1720153914	1217143121	подвеска рак	EXACT_PRODUCT	179.0	0.0	0.0	NO_GAP	NO_GAP	HIGH	NO_CHANGE	NONE	EXACT_PRODUCT; coverage=NO_GAP; ownership=FAMILY_SHARED; observed slices=1.	0.96	YES
1720153914	1217143121	подвеска руна	GENERIC_RELEVANT	7.0	0.0	0.0	GAP_PRESENT	GAP_PRESENT	LOW	FAMILY_CANDIDATE	LONG_DESCRIPTION	GENERIC_RELEVANT; coverage=GAP_PRESENT; ownership=STORE_GENERIC; observed slices=1.	0.72	YES
1720153914	1217143121	рак	STRONG_PRODUCT	675.0	0.0	0.0	NO_GAP	NO_GAP	HIGH	NO_CHANGE	NONE	STRONG_PRODUCT; coverage=NO_GAP; ownership=FAMILY_SHARED; observed slices=1.	0.96	YES
1720153914	1217143121	раки	AMBIGUOUS_HOLD	701.0	0.0	0.0	GAP_PRESENT	GAP_PRESENT	MEDIUM	HOLD_AMBIGUOUS	HOLD	AMBIGUOUS_HOLD; coverage=GAP_PRESENT; ownership=UNCLEAR; observed slices=1.	0.42	YES
1720153914	1217143121	талисман в машину красивый на зеркало	GENERIC_RELEVANT	0.0	0.0	0.0	GAP_PRESENT	GAP_PRESENT	LOW	FAMILY_CANDIDATE	LONG_DESCRIPTION	GENERIC_RELEVANT; coverage=GAP_PRESENT; ownership=FAMILY_SHARED; observed slices=1.	0.76	YES
1720153914	1217143121	талисман подвеска в машину плетеный	GENERIC_RELEVANT	1.0	0.0	0.0	GAP_PRESENT	GAP_PRESENT	LOW	FAMILY_CANDIDATE	LONG_DESCRIPTION	GENERIC_RELEVANT; coverage=GAP_PRESENT; ownership=FAMILY_SHARED; observed slices=1.	0.76	YES
1720153914	1217143121	талисман скорпион	NEIGHBOR_PRODUCT	6.0	0.0	0.0	NOT_APPLICABLE	NOT_APPLICABLE	LOW	REJECT_NEIGHBOR	NONE	NEIGHBOR_PRODUCT; coverage=NOT_APPLICABLE; ownership=EXCLUDED; observed slices=1.	0.98	NO
1720153914	1217143121	черная магия четки	GENERIC_RELEVANT	1.0	0.0	0.0	GAP_PRESENT	GAP_PRESENT	LOW	FAMILY_CANDIDATE	LONG_DESCRIPTION	GENERIC_RELEVANT; coverage=GAP_PRESENT; ownership=FAMILY_SHARED; observed slices=1.	0.72	YES
1720153914	1217143121	четки в машину	GENERIC_RELEVANT	2253.0	0.0	0.0	GAP_PRESENT	GAP_PRESENT	LOW	FAMILY_CANDIDATE	LONG_DESCRIPTION	GENERIC_RELEVANT; coverage=GAP_PRESENT; ownership=STORE_GENERIC; observed slices=1.	0.76	YES
1720153914	1217143121	четки в машину на зеркало	GENERIC_RELEVANT	117.0	0.0	0.0	GAP_PRESENT	GAP_PRESENT	LOW	FAMILY_CANDIDATE	LONG_DESCRIPTION	GENERIC_RELEVANT; coverage=GAP_PRESENT; ownership=STORE_GENERIC; observed slices=1.	0.76	YES
1720155616	1217145315	dtlmvbyf gjldtcrf	AMBIGUOUS_HOLD	1.0	0.0	0.0	GAP_PRESENT	GAP_PRESENT	MEDIUM	HOLD_AMBIGUOUS	HOLD	AMBIGUOUS_HOLD; coverage=GAP_PRESENT; ownership=UNCLEAR; observed slices=1.	0.42	YES
1720155616	1217145315	брелок оберег славянский	NEIGHBOR_PRODUCT	3.0	0.0	0.0	NOT_APPLICABLE	NOT_APPLICABLE	LOW	REJECT_NEIGHBOR	NONE	NEIGHBOR_PRODUCT; coverage=NOT_APPLICABLE; ownership=EXCLUDED; observed slices=1.	0.90	NO
1720155616	1217145315	брелок от сглаза в машину на зеркало	GENERIC_RELEVANT	1.0	0.0	0.0	GAP_PRESENT	GAP_PRESENT	LOW	FAMILY_CANDIDATE	LONG_DESCRIPTION	GENERIC_RELEVANT; coverage=GAP_PRESENT; ownership=FAMILY_SHARED; observed slices=1.	0.76	YES
1720155616	1217145315	брошь на машину рыбка самаклейная	GENERIC_RELEVANT	0.0	0.0	0.0	GAP_PRESENT	GAP_PRESENT	LOW	FAMILY_CANDIDATE	LONG_DESCRIPTION	GENERIC_RELEVANT; coverage=GAP_PRESENT; ownership=FAMILY_SHARED; observed slices=1.	0.76	YES
1720155616	1217145315	бусина от сглаза на зеркало машины	GENERIC_RELEVANT	0.0	0.0	0.0	GAP_PRESENT	GAP_PRESENT	LOW	FAMILY_CANDIDATE	LONG_DESCRIPTION	GENERIC_RELEVANT; coverage=GAP_PRESENT; ownership=STORE_GENERIC; observed slices=1.	0.76	YES
1720155616	1217145315	бусы оберег	GENERIC_RELEVANT	0.0	0.0	0.0	GAP_PRESENT	GAP_PRESENT	LOW	FAMILY_CANDIDATE	LONG_DESCRIPTION	GENERIC_RELEVANT; coverage=GAP_PRESENT; ownership=STORE_GENERIC; observed slices=1.	0.72	YES
1720155616	1217145315	дагестан папаха для машины на зеркало	GENERIC_RELEVANT	1.0	0.0	0.0	GAP_PRESENT	GAP_PRESENT	LOW	FAMILY_CANDIDATE	LONG_DESCRIPTION	GENERIC_RELEVANT; coverage=GAP_PRESENT; ownership=FAMILY_SHARED; observed slices=1.	0.76	YES
1720155616	1217145315	для машины в салон на зеркало подвескп	GENERIC_RELEVANT	0.0	0.0	0.0	GAP_PRESENT	GAP_PRESENT	LOW	FAMILY_CANDIDATE	LONG_DESCRIPTION	GENERIC_RELEVANT; coverage=GAP_PRESENT; ownership=STORE_GENERIC; observed slices=1.	0.76	YES
1720155616	1217145315	для салона машины подвеска	GENERIC_RELEVANT	0.0	0.0	0.0	GAP_PRESENT	GAP_PRESENT	LOW	FAMILY_CANDIDATE	LONG_DESCRIPTION	GENERIC_RELEVANT; coverage=GAP_PRESENT; ownership=STORE_GENERIC; observed slices=1.	0.76	YES
1720155616	1217145315	зеркало	GENERIC_RELEVANT	7498.0	0.0	0.0	GAP_PRESENT	GAP_PRESENT	LOW	FAMILY_CANDIDATE	LONG_DESCRIPTION	GENERIC_RELEVANT; coverage=GAP_PRESENT; ownership=STORE_GENERIC; observed slices=1.	0.76	YES
1720155616	1217145315	знак атлантов	AMBIGUOUS_HOLD	3.0	0.0	0.0	GAP_PRESENT	GAP_PRESENT	MEDIUM	HOLD_AMBIGUOUS	HOLD	AMBIGUOUS_HOLD; coverage=GAP_PRESENT; ownership=UNCLEAR; observed slices=1.	0.42	YES
1720155616	1217145315	знаки зодиака рыбы фигурки	EXACT_PRODUCT	1.0	0.0	0.0	PARTIAL_GAP	PARTIAL_GAP	LOW	READY_CANDIDATE	LONG_DESCRIPTION	EXACT_PRODUCT; coverage=PARTIAL_GAP; ownership=SKU_SPECIFIC; observed slices=1.	0.96	YES
1720155616	1217145315	значек рыбка хрестианский на машину	GENERIC_RELEVANT	0.0	0.0	0.0	GAP_PRESENT	GAP_PRESENT	LOW	FAMILY_CANDIDATE	LONG_DESCRIPTION	GENERIC_RELEVANT; coverage=GAP_PRESENT; ownership=FAMILY_SHARED; observed slices=1.	0.76	YES
1720155616	1217145315	игрушка на зеркало в машину знак зодиака	FAMILY_RELEVANT	1.0	0.0	0.0	GAP_PRESENT	GAP_PRESENT	LOW	FAMILY_CANDIDATE	LONG_DESCRIPTION	FAMILY_RELEVANT; coverage=GAP_PRESENT; ownership=FAMILY_SHARED; observed slices=1.	0.86	YES
1720155616	1217145315	кулон в автомобиль	GENERIC_RELEVANT	1.0	0.0	0.0	GAP_PRESENT	GAP_PRESENT	LOW	FAMILY_CANDIDATE	LONG_DESCRIPTION	GENERIC_RELEVANT; coverage=GAP_PRESENT; ownership=FAMILY_SHARED; observed slices=1.	0.76	YES
1720155616	1217145315	ловец снов в машину	GENERIC_RELEVANT	87.0	0.0	0.0	GAP_PRESENT	GAP_PRESENT	LOW	FAMILY_CANDIDATE	LONG_DESCRIPTION	GENERIC_RELEVANT; coverage=GAP_PRESENT; ownership=FAMILY_SHARED; observed slices=1.	0.76	YES
1720155616	1217145315	магический амулет , оберег	GENERIC_RELEVANT	9.0	0.0	0.0	GAP_PRESENT	GAP_PRESENT	LOW	FAMILY_CANDIDATE	LONG_DESCRIPTION	GENERIC_RELEVANT; coverage=GAP_PRESENT; ownership=STORE_GENERIC; observed slices=1.	0.72	YES
1720155616	1217145315	машинки хотвилс монст трак рыбы	EXACT_PRODUCT	1.0	0.0	0.0	PARTIAL_GAP	PARTIAL_GAP	LOW	READY_CANDIDATE	LONG_DESCRIPTION	EXACT_PRODUCT; coverage=PARTIAL_GAP; ownership=SKU_SPECIFIC; observed slices=1.	0.96	YES
1720155616	1217145315	мусульманский оберег на веревочке	GENERIC_RELEVANT	1.0	0.0	0.0	GAP_PRESENT	GAP_PRESENT	LOW	FAMILY_CANDIDATE	LONG_DESCRIPTION	GENERIC_RELEVANT; coverage=GAP_PRESENT; ownership=STORE_GENERIC; observed slices=1.	0.72	YES
1720155616	1217145315	на зеркало автомобиля подвеска в машину	GENERIC_RELEVANT	1.0	0.0	0.0	GAP_PRESENT	GAP_PRESENT	LOW	FAMILY_CANDIDATE	LONG_DESCRIPTION	GENERIC_RELEVANT; coverage=GAP_PRESENT; ownership=STORE_GENERIC; observed slices=1.	0.76	YES
1720155616	1217145315	набор знаков зодиака	FAMILY_RELEVANT	1.0	0.0	0.0	NO_GAP	NO_GAP	LOW	NO_CHANGE	NONE	FAMILY_RELEVANT; coverage=NO_GAP; ownership=FAMILY_SHARED; observed slices=1.	0.86	NO
1720155616	1217145315	оберег	GENERIC_RELEVANT	618.0	0.0	0.0	GAP_PRESENT	GAP_PRESENT	LOW	FAMILY_CANDIDATE	LONG_DESCRIPTION	GENERIC_RELEVANT; coverage=GAP_PRESENT; ownership=STORE_GENERIC; observed slices=1.	0.72	YES
1720155616	1217145315	оберег в машину или просто украшиение	GENERIC_RELEVANT	1.0	0.0	0.0	GAP_PRESENT	GAP_PRESENT	LOW	FAMILY_CANDIDATE	LONG_DESCRIPTION	GENERIC_RELEVANT; coverage=GAP_PRESENT; ownership=FAMILY_SHARED; observed slices=1.	0.76	YES
1720155616	1217145315	оберег для автомобиля на зеркало	GENERIC_RELEVANT	2.0	0.0	0.0	GAP_PRESENT	GAP_PRESENT	LOW	FAMILY_CANDIDATE	LONG_DESCRIPTION	GENERIC_RELEVANT; coverage=GAP_PRESENT; ownership=STORE_GENERIC; observed slices=1.	0.76	YES
1720155616	1217145315	оберег от сглаза и порчи	GENERIC_RELEVANT	87.0	0.0	0.0	GAP_PRESENT	GAP_PRESENT	LOW	FAMILY_CANDIDATE	LONG_DESCRIPTION	GENERIC_RELEVANT; coverage=GAP_PRESENT; ownership=STORE_GENERIC; observed slices=1.	0.72	YES
1720155616	1217145315	обереги от порчи	GENERIC_RELEVANT	0.0	0.0	0.0	GAP_PRESENT	GAP_PRESENT	LOW	FAMILY_CANDIDATE	LONG_DESCRIPTION	GENERIC_RELEVANT; coverage=GAP_PRESENT; ownership=STORE_GENERIC; observed slices=1.	0.72	YES
1720155616	1217145315	обереготсглаза	GENERIC_RELEVANT	0.0	0.0	0.0	GAP_PRESENT	GAP_PRESENT	LOW	FAMILY_CANDIDATE	LONG_DESCRIPTION	GENERIC_RELEVANT; coverage=GAP_PRESENT; ownership=STORE_GENERIC; observed slices=1.	0.72	YES
1720155616	1217145315	от сглаза	GENERIC_RELEVANT	104.0	0.0	0.0	GAP_PRESENT	GAP_PRESENT	LOW	FAMILY_CANDIDATE	LONG_DESCRIPTION	GENERIC_RELEVANT; coverage=GAP_PRESENT; ownership=STORE_GENERIC; observed slices=1.	0.72	YES
1720155616	1217145315	от сглаза длямашины	GENERIC_RELEVANT	0.0	0.0	0.0	GAP_PRESENT	GAP_PRESENT	LOW	FAMILY_CANDIDATE	LONG_DESCRIPTION	GENERIC_RELEVANT; coverage=GAP_PRESENT; ownership=FAMILY_SHARED; observed slices=1.	0.76	YES
1720155616	1217145315	от сглаза знак зодиака рыба	FAMILY_RELEVANT	1.0	0.0	0.0	GAP_PRESENT	GAP_PRESENT	LOW	FAMILY_CANDIDATE	LONG_DESCRIPTION	FAMILY_RELEVANT; coverage=GAP_PRESENT; ownership=FAMILY_SHARED; observed slices=1.	0.86	YES
1720155616	1217145315	пахучка в машину висюлька на зеркало бумажная	GENERIC_RELEVANT	0.0	0.0	0.0	GAP_PRESENT	GAP_PRESENT	LOW	FAMILY_CANDIDATE	LONG_DESCRIPTION	GENERIC_RELEVANT; coverage=GAP_PRESENT; ownership=STORE_GENERIC; observed slices=1.	0.76	YES
1720155616	1217145315	подвеска в автомобиль	GENERIC_RELEVANT	250.0	0.0	0.0	GAP_PRESENT	GAP_PRESENT	LOW	FAMILY_CANDIDATE	LONG_DESCRIPTION	GENERIC_RELEVANT; coverage=GAP_PRESENT; ownership=STORE_GENERIC; observed slices=1.	0.76	YES
1720155616	1217145315	подвеска в машинк	GENERIC_RELEVANT	2.0	0.0	0.0	GAP_PRESENT	GAP_PRESENT	LOW	FAMILY_CANDIDATE	LONG_DESCRIPTION	GENERIC_RELEVANT; coverage=GAP_PRESENT; ownership=FAMILY_SHARED; observed slices=1.	0.76	YES
1720155616	1217145315	подвеска в машину	GENERIC_RELEVANT	7058.0	0.0	0.0	GAP_PRESENT	GAP_PRESENT	LOW	FAMILY_CANDIDATE	LONG_DESCRIPTION	GENERIC_RELEVANT; coverage=GAP_PRESENT; ownership=STORE_GENERIC; observed slices=2.	0.76	YES
1720155616	1217145315	подвеска в машину на зеркало	GENERIC_RELEVANT	6256.0	0.0	0.0	GAP_PRESENT	GAP_PRESENT	LOW	FAMILY_CANDIDATE	LONG_DESCRIPTION	GENERIC_RELEVANT; coverage=GAP_PRESENT; ownership=STORE_GENERIC; observed slices=1.	0.76	YES
1720155616	1217145315	подвеска в машину на зеркало инь янь	GENERIC_RELEVANT	0.0	0.0	0.0	GAP_PRESENT	GAP_PRESENT	LOW	FAMILY_CANDIDATE	LONG_DESCRIPTION	GENERIC_RELEVANT; coverage=GAP_PRESENT; ownership=FAMILY_SHARED; observed slices=1.	0.76	YES
1720155616	1217145315	подвеска в машину на зеркало лапоть	GENERIC_RELEVANT	1.0	0.0	0.0	GAP_PRESENT	GAP_PRESENT	LOW	FAMILY_CANDIDATE	LONG_DESCRIPTION	GENERIC_RELEVANT; coverage=GAP_PRESENT; ownership=FAMILY_SHARED; observed slices=1.	0.76	YES
1720155616	1217145315	подвеска в машину на зеркало мужская евгений	GENERIC_RELEVANT	0.0	0.0	0.0	GAP_PRESENT	GAP_PRESENT	LOW	FAMILY_CANDIDATE	LONG_DESCRIPTION	GENERIC_RELEVANT; coverage=GAP_PRESENT; ownership=STORE_GENERIC; observed slices=1.	0.76	YES
1720155616	1217145315	подвеска для зеркало в авто	GENERIC_RELEVANT	1.0	0.0	0.0	GAP_PRESENT	GAP_PRESENT	LOW	FAMILY_CANDIDATE	LONG_DESCRIPTION	GENERIC_RELEVANT; coverage=GAP_PRESENT; ownership=FAMILY_SHARED; observed slices=1.	0.76	YES
1720155616	1217145315	подвеска из дерева в машину	GENERIC_RELEVANT	2.0	0.0	0.0	GAP_PRESENT	GAP_PRESENT	LOW	FAMILY_CANDIDATE	LONG_DESCRIPTION	GENERIC_RELEVANT; coverage=GAP_PRESENT; ownership=STORE_GENERIC; observed slices=1.	0.76	YES
1720155616	1217145315	подвеска на зеркало авто скорпион	NEIGHBOR_PRODUCT	1.0	0.0	0.0	NOT_APPLICABLE	NOT_APPLICABLE	LOW	REJECT_NEIGHBOR	NONE	NEIGHBOR_PRODUCT; coverage=NOT_APPLICABLE; ownership=EXCLUDED; observed slices=1.	0.98	NO
1720155616	1217145315	подвеска на зеркало автомобиля	GENERIC_RELEVANT	92.0	0.0	0.0	GAP_PRESENT	GAP_PRESENT	LOW	FAMILY_CANDIDATE	LONG_DESCRIPTION	GENERIC_RELEVANT; coverage=GAP_PRESENT; ownership=FAMILY_SHARED; observed slices=2.	0.76	YES
1720155616	1217145315	подвеска на зеркало автомобиля акула	GENERIC_RELEVANT	0.0	0.0	0.0	GAP_PRESENT	GAP_PRESENT	LOW	FAMILY_CANDIDATE	LONG_DESCRIPTION	GENERIC_RELEVANT; coverage=GAP_PRESENT; ownership=STORE_GENERIC; observed slices=1.	0.76	YES
1720155616	1217145315	подвеска на зеркало в машину	GENERIC_RELEVANT	971.0	0.0	0.0	GAP_PRESENT	GAP_PRESENT	LOW	FAMILY_CANDIDATE	LONG_DESCRIPTION	GENERIC_RELEVANT; coverage=GAP_PRESENT; ownership=STORE_GENERIC; observed slices=1.	0.76	YES
1720155616	1217145315	подвеска на зеркало в машину знак зодиака	FAMILY_RELEVANT	1.0	0.0	0.0	GAP_PRESENT	GAP_PRESENT	LOW	FAMILY_CANDIDATE	LONG_DESCRIPTION	FAMILY_RELEVANT; coverage=GAP_PRESENT; ownership=FAMILY_SHARED; observed slices=1.	0.86	YES
1720155616	1217145315	подвеска на зеркало рыбы	EXACT_PRODUCT	1.0	0.0	0.0	NO_GAP	NO_GAP	LOW	NO_CHANGE	NONE	EXACT_PRODUCT; coverage=NO_GAP; ownership=SKU_SPECIFIC; observed slices=1.	0.96	NO
1720155616	1217145315	подвеска с защитой от сглаза и порчи	GENERIC_RELEVANT	1.0	0.0	0.0	GAP_PRESENT	GAP_PRESENT	LOW	FAMILY_CANDIDATE	LONG_DESCRIPTION	GENERIC_RELEVANT; coverage=GAP_PRESENT; ownership=FAMILY_SHARED; observed slices=1.	0.72	YES
1720155616	1217145315	рыба	AMBIGUOUS_HOLD	4286.0	0.0	0.0	GAP_PRESENT	GAP_PRESENT	MEDIUM	HOLD_AMBIGUOUS	HOLD	AMBIGUOUS_HOLD; coverage=GAP_PRESENT; ownership=UNCLEAR; observed slices=1.	0.42	YES
1720155616	1217145315	рыбий глаз зеркало на столб	GENERIC_RELEVANT	1.0	0.0	0.0	GAP_PRESENT	GAP_PRESENT	LOW	FAMILY_CANDIDATE	LONG_DESCRIPTION	GENERIC_RELEVANT; coverage=GAP_PRESENT; ownership=FAMILY_SHARED; observed slices=1.	0.76	YES
1720155616	1217145315	рыбы	STRONG_PRODUCT	161.0	0.0	0.0	NO_GAP	NO_GAP	LOW	NO_CHANGE	NONE	STRONG_PRODUCT; coverage=NO_GAP; ownership=SKU_SPECIFIC; observed slices=1.	0.96	NO
1720155616	1217145315	четки в автомобиль	GENERIC_RELEVANT	178.0	0.0	0.0	GAP_PRESENT	GAP_PRESENT	LOW	FAMILY_CANDIDATE	LONG_DESCRIPTION	GENERIC_RELEVANT; coverage=GAP_PRESENT; ownership=STORE_GENERIC; observed slices=2.	0.76	YES
1720155616	1217145315	четки в машину	GENERIC_RELEVANT	988.0	0.0	0.0	GAP_PRESENT	GAP_PRESENT	LOW	FAMILY_CANDIDATE	LONG_DESCRIPTION	GENERIC_RELEVANT; coverage=GAP_PRESENT; ownership=STORE_GENERIC; observed slices=1.	0.76	YES
1720155616	1217145315	четки в машину на зеркало	GENERIC_RELEVANT	115.0	0.0	0.0	GAP_PRESENT	GAP_PRESENT	LOW	FAMILY_CANDIDATE	LONG_DESCRIPTION	GENERIC_RELEVANT; coverage=GAP_PRESENT; ownership=STORE_GENERIC; observed slices=1.	0.76	YES
1720155616	1217145315	четки в машину от сглаза	GENERIC_RELEVANT	0.0	0.0	0.0	GAP_PRESENT	GAP_PRESENT	LOW	FAMILY_CANDIDATE	LONG_DESCRIPTION	GENERIC_RELEVANT; coverage=GAP_PRESENT; ownership=FAMILY_SHARED; observed slices=1.	0.76	YES
1720155616	1217145315	четки в машину со знакам зодиака дева	NEIGHBOR_PRODUCT	0.0	0.0	0.0	NOT_APPLICABLE	NOT_APPLICABLE	LOW	REJECT_NEIGHBOR	NONE	NEIGHBOR_PRODUCT; coverage=NOT_APPLICABLE; ownership=SKU_SPECIFIC; observed slices=1.	0.98	NO
1720155616	1217145315	четки для рыб	GENERIC_RELEVANT	1.0	0.0	0.0	GAP_PRESENT	GAP_PRESENT	LOW	FAMILY_CANDIDATE	LONG_DESCRIPTION	GENERIC_RELEVANT; coverage=GAP_PRESENT; ownership=FAMILY_SHARED; observed slices=1.	0.72	YES
1720155616	1217145315	четки на для знака зодиака рыбы	EXACT_PRODUCT	0.0	0.0	0.0	PARTIAL_GAP	PARTIAL_GAP	LOW	READY_CANDIDATE	LONG_DESCRIPTION	EXACT_PRODUCT; coverage=PARTIAL_GAP; ownership=SKU_SPECIFIC; observed slices=1.	0.96	YES
1720160556	1217150153	автомобиль кулон	GENERIC_RELEVANT	1.0	0.0	0.0	GAP_PRESENT	GAP_PRESENT	LOW	FAMILY_CANDIDATE	LONG_DESCRIPTION	GENERIC_RELEVANT; coverage=GAP_PRESENT; ownership=FAMILY_SHARED; observed slices=1.	0.76	YES
1720160556	1217150153	автооберег	GENERIC_RELEVANT	1.0	0.0	0.0	GAP_PRESENT	GAP_PRESENT	LOW	FAMILY_CANDIDATE	LONG_DESCRIPTION	GENERIC_RELEVANT; coverage=GAP_PRESENT; ownership=STORE_GENERIC; observed slices=1.	0.76	YES
1720160556	1217150153	аксессуары в машину подвесаа зеркал барабан	GENERIC_RELEVANT	0.0	0.0	0.0	GAP_PRESENT	GAP_PRESENT	LOW	FAMILY_CANDIDATE	LONG_DESCRIPTION	GENERIC_RELEVANT; coverage=GAP_PRESENT; ownership=STORE_GENERIC; observed slices=1.	0.76	YES
1720160556	1217150153	амулет для автомобиля	GENERIC_RELEVANT	4.0	0.0	0.0	GAP_PRESENT	GAP_PRESENT	LOW	FAMILY_CANDIDATE	LONG_DESCRIPTION	GENERIC_RELEVANT; coverage=GAP_PRESENT; ownership=STORE_GENERIC; observed slices=1.	0.76	YES
1720160556	1217150153	амулет для магии черной	GENERIC_RELEVANT	0.0	0.0	0.0	GAP_PRESENT	GAP_PRESENT	LOW	FAMILY_CANDIDATE	LONG_DESCRIPTION	GENERIC_RELEVANT; coverage=GAP_PRESENT; ownership=FAMILY_SHARED; observed slices=1.	0.72	YES
1720160556	1217150153	амулет мужской на шею скорпион	EXACT_PRODUCT	2.0	0.0	0.0	PARTIAL_GAP	PARTIAL_GAP	LOW	READY_CANDIDATE	LONG_DESCRIPTION	EXACT_PRODUCT; coverage=PARTIAL_GAP; ownership=SKU_SPECIFIC; observed slices=1.	0.96	YES
1720160556	1217150153	амулет на шею зеркало	GENERIC_RELEVANT	1.0	0.0	0.0	GAP_PRESENT	GAP_PRESENT	LOW	FAMILY_CANDIDATE	LONG_DESCRIPTION	GENERIC_RELEVANT; coverage=GAP_PRESENT; ownership=FAMILY_SHARED; observed slices=1.	0.76	YES
1720160556	1217150153	амулет скорпион	EXACT_PRODUCT	20.0	0.0	0.0	NO_GAP	NO_GAP	LOW	NO_CHANGE	NONE	EXACT_PRODUCT; coverage=NO_GAP; ownership=SKU_SPECIFIC; observed slices=1.	0.96	NO
1720160556	1217150153	амулет черное зеркало	GENERIC_RELEVANT	1.0	0.0	0.0	GAP_PRESENT	GAP_PRESENT	LOW	FAMILY_CANDIDATE	LONG_DESCRIPTION	GENERIC_RELEVANT; coverage=GAP_PRESENT; ownership=FAMILY_SHARED; observed slices=1.	0.76	YES
1720160556	1217150153	амулеты обереги и талисманы	GENERIC_RELEVANT	217.0	0.0	0.0	GAP_PRESENT	GAP_PRESENT	LOW	FAMILY_CANDIDATE	LONG_DESCRIPTION	GENERIC_RELEVANT; coverage=GAP_PRESENT; ownership=STORE_GENERIC; observed slices=1.	0.72	YES
1720160556	1217150153	брелок артиллерия в машину на зеркало пушка	GENERIC_RELEVANT	1.0	0.0	0.0	GAP_PRESENT	GAP_PRESENT	LOW	FAMILY_CANDIDATE	LONG_DESCRIPTION	GENERIC_RELEVANT; coverage=GAP_PRESENT; ownership=FAMILY_SHARED; observed slices=1.	0.76	YES
1720160556	1217150153	брелок в машину на зеркало коньки хоккейные	GENERIC_RELEVANT	1.0	0.0	0.0	GAP_PRESENT	GAP_PRESENT	LOW	FAMILY_CANDIDATE	LONG_DESCRIPTION	GENERIC_RELEVANT; coverage=GAP_PRESENT; ownership=FAMILY_SHARED; observed slices=1.	0.76	YES
1720160556	1217150153	брелок в машину на зеркало пушистики	GENERIC_RELEVANT	0.0	0.0	0.0	GAP_PRESENT	GAP_PRESENT	LOW	FAMILY_CANDIDATE	LONG_DESCRIPTION	GENERIC_RELEVANT; coverage=GAP_PRESENT; ownership=STORE_GENERIC; observed slices=1.	0.76	YES
1720160556	1217150153	бусина знак скорпион	STRONG_PRODUCT	0.0	0.0	0.0	PARTIAL_GAP	PARTIAL_GAP	HIGH	READY_CANDIDATE	LONG_DESCRIPTION	STRONG_PRODUCT; coverage=PARTIAL_GAP; ownership=FAMILY_SHARED; observed slices=1.	0.96	YES
1720160556	1217150153	бутсы футбольные на зеркало подвеска	GENERIC_RELEVANT	1.0	0.0	0.0	GAP_PRESENT	GAP_PRESENT	LOW	FAMILY_CANDIDATE	LONG_DESCRIPTION	GENERIC_RELEVANT; coverage=GAP_PRESENT; ownership=STORE_GENERIC; observed slices=1.	0.76	YES
1720160556	1217150153	в машину подвеска	GENERIC_RELEVANT	181.0	0.0	0.0	GAP_PRESENT	GAP_PRESENT	LOW	FAMILY_CANDIDATE	LONG_DESCRIPTION	GENERIC_RELEVANT; coverage=GAP_PRESENT; ownership=STORE_GENERIC; observed slices=1.	0.76	YES
1720160556	1217150153	весеька в машину на зеркало пахочка	GENERIC_RELEVANT	0.0	0.0	0.0	GAP_PRESENT	GAP_PRESENT	LOW	FAMILY_CANDIDATE	LONG_DESCRIPTION	GENERIC_RELEVANT; coverage=GAP_PRESENT; ownership=FAMILY_SHARED; observed slices=1.	0.76	YES
1720160556	1217150153	висюлька на зеркало в машину белая пушистая	GENERIC_RELEVANT	0.0	0.0	0.0	GAP_PRESENT	GAP_PRESENT	LOW	FAMILY_CANDIDATE	LONG_DESCRIPTION	GENERIC_RELEVANT; coverage=GAP_PRESENT; ownership=STORE_GENERIC; observed slices=1.	0.76	YES
1720160556	1217150153	висючка в машину на зеркало люстра	GENERIC_RELEVANT	0.0	0.0	0.0	GAP_PRESENT	GAP_PRESENT	LOW	FAMILY_CANDIDATE	LONG_DESCRIPTION	GENERIC_RELEVANT; coverage=GAP_PRESENT; ownership=STORE_GENERIC; observed slices=1.	0.76	YES
1720160556	1217150153	герб россии на зеркало деревянный в машину	NEIGHBOR_PRODUCT	1.0	0.0	0.0	NOT_APPLICABLE	NOT_APPLICABLE	LOW	REJECT_NEIGHBOR	NONE	NEIGHBOR_PRODUCT; coverage=NOT_APPLICABLE; ownership=EXCLUDED; observed slices=1.	0.96	NO
1720160556	1217150153	деревянный талисман	GENERIC_RELEVANT	2.0	0.0	0.0	GAP_PRESENT	GAP_PRESENT	LOW	FAMILY_CANDIDATE	LONG_DESCRIPTION	GENERIC_RELEVANT; coverage=GAP_PRESENT; ownership=STORE_GENERIC; observed slices=1.	0.72	YES
1720160556	1217150153	деревяные знаки зодиака в подарок из дерева	FAMILY_RELEVANT	1.0	0.0	0.0	GAP_PRESENT	GAP_PRESENT	LOW	FAMILY_CANDIDATE	LONG_DESCRIPTION	FAMILY_RELEVANT; coverage=GAP_PRESENT; ownership=FAMILY_SHARED; observed slices=1.	0.86	YES
1720160556	1217150153	для любителя энергетикво	AMBIGUOUS_HOLD	0.0	0.0	0.0	GAP_PRESENT	GAP_PRESENT	MEDIUM	HOLD_AMBIGUOUS	HOLD	AMBIGUOUS_HOLD; coverage=GAP_PRESENT; ownership=UNCLEAR; observed slices=1.	0.42	YES
1720160556	1217150153	зеленый оберег в машину	GENERIC_RELEVANT	1.0	0.0	0.0	GAP_PRESENT	GAP_PRESENT	LOW	FAMILY_CANDIDATE	LONG_DESCRIPTION	GENERIC_RELEVANT; coverage=GAP_PRESENT; ownership=FAMILY_SHARED; observed slices=1.	0.76	YES
1720160556	1217150153	зеркало заднего вида салонное	GENERIC_RELEVANT	398.0	0.0	0.0	GAP_PRESENT	GAP_PRESENT	LOW	FAMILY_CANDIDATE	LONG_DESCRIPTION	GENERIC_RELEVANT; coverage=GAP_PRESENT; ownership=STORE_GENERIC; observed slices=1.	0.76	YES
1720160556	1217150153	зеркало на праворукую машину на встречку	GENERIC_RELEVANT	0.0	0.0	0.0	GAP_PRESENT	GAP_PRESENT	LOW	FAMILY_CANDIDATE	LONG_DESCRIPTION	GENERIC_RELEVANT; coverage=GAP_PRESENT; ownership=FAMILY_SHARED; observed slices=1.	0.76	YES
1720160556	1217150153	зеркало оберег для защиты	GENERIC_RELEVANT	1.0	0.0	0.0	GAP_PRESENT	GAP_PRESENT	LOW	FAMILY_CANDIDATE	LONG_DESCRIPTION	GENERIC_RELEVANT; coverage=GAP_PRESENT; ownership=FAMILY_SHARED; observed slices=1.	0.76	YES
1720160556	1217150153	зеркальце оберег	GENERIC_RELEVANT	7.0	0.0	0.0	GAP_PRESENT	GAP_PRESENT	LOW	FAMILY_CANDIDATE	LONG_DESCRIPTION	GENERIC_RELEVANT; coverage=GAP_PRESENT; ownership=FAMILY_SHARED; observed slices=1.	0.76	YES
1720160556	1217150153	змея талисман	GENERIC_RELEVANT	1.0	0.0	0.0	GAP_PRESENT	GAP_PRESENT	LOW	FAMILY_CANDIDATE	LONG_DESCRIPTION	GENERIC_RELEVANT; coverage=GAP_PRESENT; ownership=FAMILY_SHARED; observed slices=1.	0.72	YES
1720160556	1217150153	знак туфелька блестящая на машину	GENERIC_RELEVANT	0.0	0.0	0.0	GAP_PRESENT	GAP_PRESENT	LOW	FAMILY_CANDIDATE	LONG_DESCRIPTION	GENERIC_RELEVANT; coverage=GAP_PRESENT; ownership=FAMILY_SHARED; observed slices=1.	0.76	YES
1720160556	1217150153	зодиак серум	FAMILY_RELEVANT	0.0	0.0	0.0	PARTIAL_GAP	PARTIAL_GAP	LOW	FAMILY_CANDIDATE	LONG_DESCRIPTION	FAMILY_RELEVANT; coverage=PARTIAL_GAP; ownership=FAMILY_SHARED; observed slices=1.	0.86	YES
1720160556	1217150153	интерьер скорпион	STRONG_PRODUCT	1.0	0.0	0.0	PARTIAL_GAP	PARTIAL_GAP	LOW	READY_CANDIDATE	LONG_DESCRIPTION	STRONG_PRODUCT; coverage=PARTIAL_GAP; ownership=SKU_SPECIFIC; observed slices=1.	0.96	YES
1720160556	1217150153	камень скорпиона подвеска	PARTIAL_RELEVANCE	1.0	0.0	0.0	PARTIAL_GAP	PARTIAL_GAP	MEDIUM	HOLD_AMBIGUOUS	HOLD	PARTIAL_RELEVANCE; coverage=PARTIAL_GAP; ownership=UNCLEAR; observed slices=1.	0.60	YES
1720160556	1217150153	китайская подвеска талисман	GENERIC_RELEVANT	1.0	0.0	0.0	GAP_PRESENT	GAP_PRESENT	LOW	FAMILY_CANDIDATE	LONG_DESCRIPTION	GENERIC_RELEVANT; coverage=GAP_PRESENT; ownership=FAMILY_SHARED; observed slices=1.	0.72	YES
1720160556	1217150153	крест в машину на зеркало	NEIGHBOR_PRODUCT	258.0	0.0	0.0	NOT_APPLICABLE	NOT_APPLICABLE	LOW	REJECT_NEIGHBOR	NONE	NEIGHBOR_PRODUCT; coverage=NOT_APPLICABLE; ownership=EXCLUDED; observed slices=1.	0.96	NO
1720160556	1217150153	кулон скорпион мужской на шею	STRONG_PRODUCT	1.0	0.0	0.0	PARTIAL_GAP	PARTIAL_GAP	LOW	READY_CANDIDATE	LONG_DESCRIPTION	STRONG_PRODUCT; coverage=PARTIAL_GAP; ownership=SKU_SPECIFIC; observed slices=1.	0.96	YES
1720160556	1217150153	лист марихуаны подвеска в машину на зеркало	GENERIC_RELEVANT	1.0	0.0	0.0	GAP_PRESENT	GAP_PRESENT	LOW	FAMILY_CANDIDATE	LONG_DESCRIPTION	GENERIC_RELEVANT; coverage=GAP_PRESENT; ownership=FAMILY_SHARED; observed slices=1.	0.76	YES
1720160556	1217150153	магический амулет , оберег	GENERIC_RELEVANT	8.0	0.0	0.0	GAP_PRESENT	GAP_PRESENT	LOW	FAMILY_CANDIDATE	LONG_DESCRIPTION	GENERIC_RELEVANT; coverage=GAP_PRESENT; ownership=STORE_GENERIC; observed slices=1.	0.72	YES
1720160556	1217150153	методическая подвеска рекстон на зеркало	GENERIC_RELEVANT	0.0	0.0	0.0	GAP_PRESENT	GAP_PRESENT	LOW	FAMILY_CANDIDATE	LONG_DESCRIPTION	GENERIC_RELEVANT; coverage=GAP_PRESENT; ownership=FAMILY_SHARED; observed slices=1.	0.76	YES
1720160556	1217150153	мужчине на день рождения	AMBIGUOUS_HOLD	0.0	0.0	0.0	GAP_PRESENT	GAP_PRESENT	MEDIUM	HOLD_AMBIGUOUS	HOLD	AMBIGUOUS_HOLD; coverage=GAP_PRESENT; ownership=UNCLEAR; observed slices=1.	0.42	YES
1720160556	1217150153	на зеркало в машину подвеска молот викингов	GENERIC_RELEVANT	1.0	0.0	0.0	GAP_PRESENT	GAP_PRESENT	LOW	FAMILY_CANDIDATE	LONG_DESCRIPTION	GENERIC_RELEVANT; coverage=GAP_PRESENT; ownership=FAMILY_SHARED; observed slices=1.	0.76	YES
1720160556	1217150153	набор	AMBIGUOUS_HOLD	10784.0	0.0	0.0	GAP_PRESENT	GAP_PRESENT	MEDIUM	HOLD_AMBIGUOUS	HOLD	AMBIGUOUS_HOLD; coverage=GAP_PRESENT; ownership=UNCLEAR; observed slices=1.	0.42	YES
1720160556	1217150153	оберег в машину	GENERIC_RELEVANT	168.0	0.0	0.0	GAP_PRESENT	GAP_PRESENT	LOW	FAMILY_CANDIDATE	LONG_DESCRIPTION	GENERIC_RELEVANT; coverage=GAP_PRESENT; ownership=STORE_GENERIC; observed slices=1.	0.76	YES
1720160556	1217150153	оберег в машину на зеркало женский	GENERIC_RELEVANT	0.0	0.0	0.0	GAP_PRESENT	GAP_PRESENT	LOW	FAMILY_CANDIDATE	LONG_DESCRIPTION	GENERIC_RELEVANT; coverage=GAP_PRESENT; ownership=STORE_GENERIC; observed slices=1.	0.76	YES
1720160556	1217150153	оберег для мужчины скорпиона	PARTIAL_RELEVANCE	1.0	0.0	0.0	PARTIAL_GAP	PARTIAL_GAP	MEDIUM	HOLD_AMBIGUOUS	HOLD	PARTIAL_RELEVANCE; coverage=PARTIAL_GAP; ownership=UNCLEAR; observed slices=1.	0.60	YES
1720160556	1217150153	подвеска	GENERIC_RELEVANT	2415.0	0.0	0.0	GAP_PRESENT	GAP_PRESENT	LOW	FAMILY_CANDIDATE	LONG_DESCRIPTION	GENERIC_RELEVANT; coverage=GAP_PRESENT; ownership=STORE_GENERIC; observed slices=1.	0.72	YES
1720160556	1217150153	подвеска в автомобиль	GENERIC_RELEVANT	422.0	0.0	0.0	GAP_PRESENT	GAP_PRESENT	LOW	FAMILY_CANDIDATE	LONG_DESCRIPTION	GENERIC_RELEVANT; coverage=GAP_PRESENT; ownership=STORE_GENERIC; observed slices=1.	0.76	YES
1720160556	1217150153	подвеска в машину	GENERIC_RELEVANT	7092.0	0.0	0.0	GAP_PRESENT	GAP_PRESENT	LOW	FAMILY_CANDIDATE	LONG_DESCRIPTION	GENERIC_RELEVANT; coverage=GAP_PRESENT; ownership=STORE_GENERIC; observed slices=1.	0.76	YES
1720160556	1217150153	подвеска в машину на зеркало	GENERIC_RELEVANT	1367.0	0.0	0.0	GAP_PRESENT	GAP_PRESENT	LOW	FAMILY_CANDIDATE	LONG_DESCRIPTION	GENERIC_RELEVANT; coverage=GAP_PRESENT; ownership=STORE_GENERIC; observed slices=1.	0.76	YES
1720160556	1217150153	подвеска в машину на зеркало майки	GENERIC_RELEVANT	0.0	0.0	0.0	GAP_PRESENT	GAP_PRESENT	LOW	FAMILY_CANDIDATE	LONG_DESCRIPTION	GENERIC_RELEVANT; coverage=GAP_PRESENT; ownership=FAMILY_SHARED; observed slices=2.	0.76	YES
1720160556	1217150153	подвеска в машину обезьяна из дорамы	GENERIC_RELEVANT	1.0	0.0	0.0	GAP_PRESENT	GAP_PRESENT	LOW	FAMILY_CANDIDATE	LONG_DESCRIPTION	GENERIC_RELEVANT; coverage=GAP_PRESENT; ownership=STORE_GENERIC; observed slices=1.	0.76	YES
1720160556	1217150153	подвеска медная скорпион	EXACT_PRODUCT	1.0	0.0	0.0	PARTIAL_GAP	PARTIAL_GAP	LOW	READY_CANDIDATE	LONG_DESCRIPTION	EXACT_PRODUCT; coverage=PARTIAL_GAP; ownership=SKU_SPECIFIC; observed slices=1.	0.96	YES
1720160556	1217150153	подвеска на зеркало в машину	GENERIC_RELEVANT	1127.0	0.0	0.0	GAP_PRESENT	GAP_PRESENT	LOW	FAMILY_CANDIDATE	LONG_DESCRIPTION	GENERIC_RELEVANT; coverage=GAP_PRESENT; ownership=STORE_GENERIC; observed slices=1.	0.76	YES
1720160556	1217150153	подвеска скорпион	EXACT_PRODUCT	454.0	0.0	0.0	NO_GAP	NO_GAP	HIGH	NO_CHANGE	NONE	EXACT_PRODUCT; coverage=NO_GAP; ownership=FAMILY_SHARED; observed slices=1.	0.96	YES
1720160556	1217150153	скорпион	STRONG_PRODUCT	2713.0	0.0	0.0	NO_GAP	NO_GAP	HIGH	NO_CHANGE	NONE	STRONG_PRODUCT; coverage=NO_GAP; ownership=FAMILY_SHARED; observed slices=1.	0.96	YES
1720160556	1217150153	скорпион подвеска	EXACT_PRODUCT	177.0	0.0	0.0	NO_GAP	NO_GAP	HIGH	NO_CHANGE	NONE	EXACT_PRODUCT; coverage=NO_GAP; ownership=FAMILY_SHARED; observed slices=1.	0.96	YES
1720160556	1217150153	талисман скорпион подвеска в авто	EXACT_PRODUCT	1.0	0.0	712.0	NO_GAP	NO_GAP	LOW	NO_CHANGE	NONE	EXACT_PRODUCT; coverage=NO_GAP; ownership=SKU_SPECIFIC; observed slices=1.	0.96	NO
1720160556	1217150153	четки в машину	GENERIC_RELEVANT	284.0	0.0	0.0	GAP_PRESENT	GAP_PRESENT	LOW	FAMILY_CANDIDATE	LONG_DESCRIPTION	GENERIC_RELEVANT; coverage=GAP_PRESENT; ownership=STORE_GENERIC; observed slices=1.	0.76	YES
1720160556	1217150153	четки на зеркало в машину знак скорпион	EXACT_PRODUCT	1.0	0.0	572.0	NO_GAP	NO_GAP	LOW	NO_CHANGE	NONE	EXACT_PRODUCT; coverage=NO_GAP; ownership=SKU_SPECIFIC; observed slices=1.	0.96	NO
1720161841	1217152166	амулет для автомобиля в машину на зеркало	GENERIC_RELEVANT	2.0	0.0	0.0	GAP_PRESENT	GAP_PRESENT	LOW	FAMILY_CANDIDATE	LONG_DESCRIPTION	GENERIC_RELEVANT; coverage=GAP_PRESENT; ownership=STORE_GENERIC; observed slices=1.	0.76	YES
1720161841	1217152166	амулет для тельца мужской в авто	GENERIC_RELEVANT	1.0	0.0	0.0	GAP_PRESENT	GAP_PRESENT	LOW	FAMILY_CANDIDATE	LONG_DESCRIPTION	GENERIC_RELEVANT; coverage=GAP_PRESENT; ownership=FAMILY_SHARED; observed slices=1.	0.76	YES
1720161841	1217152166	амулет доч знака зодиака змееносец	FAMILY_RELEVANT	1.0	0.0	0.0	GAP_PRESENT	GAP_PRESENT	LOW	FAMILY_CANDIDATE	LONG_DESCRIPTION	FAMILY_RELEVANT; coverage=GAP_PRESENT; ownership=FAMILY_SHARED; observed slices=1.	0.86	YES
1720161841	1217152166	амулет с зеркальцем	GENERIC_RELEVANT	1.0	0.0	0.0	GAP_PRESENT	GAP_PRESENT	LOW	FAMILY_CANDIDATE	LONG_DESCRIPTION	GENERIC_RELEVANT; coverage=GAP_PRESENT; ownership=FAMILY_SHARED; observed slices=1.	0.76	YES
1720161841	1217152166	амулеты обереги и талисманы	GENERIC_RELEVANT	175.0	0.0	0.0	GAP_PRESENT	GAP_PRESENT	LOW	FAMILY_CANDIDATE	LONG_DESCRIPTION	GENERIC_RELEVANT; coverage=GAP_PRESENT; ownership=STORE_GENERIC; observed slices=1.	0.72	YES
1720161841	1217152166	армянский барабан на машину подвеска	GENERIC_RELEVANT	1.0	0.0	0.0	GAP_PRESENT	GAP_PRESENT	LOW	FAMILY_CANDIDATE	LONG_DESCRIPTION	GENERIC_RELEVANT; coverage=GAP_PRESENT; ownership=STORE_GENERIC; observed slices=1.	0.76	YES
1720161841	1217152166	аромадиффузор в машину телец	EXACT_PRODUCT	1.0	0.0	0.0	GAP_PRESENT	GAP_PRESENT	LOW	READY_CANDIDATE	LONG_DESCRIPTION	EXACT_PRODUCT; coverage=GAP_PRESENT; ownership=SKU_SPECIFIC; observed slices=1.	0.96	YES
1720161841	1217152166	аятуль курси в машину	GENERIC_RELEVANT	2.0	0.0	0.0	GAP_PRESENT	GAP_PRESENT	LOW	FAMILY_CANDIDATE	LONG_DESCRIPTION	GENERIC_RELEVANT; coverage=GAP_PRESENT; ownership=STORE_GENERIC; observed slices=1.	0.76	YES
1720161841	1217152166	брелок боевое самбо в машину на зеркало	GENERIC_RELEVANT	1.0	0.0	0.0	GAP_PRESENT	GAP_PRESENT	LOW	FAMILY_CANDIDATE	LONG_DESCRIPTION	GENERIC_RELEVANT; coverage=GAP_PRESENT; ownership=FAMILY_SHARED; observed slices=1.	0.76	YES
1720161841	1217152166	брелок в машину на зеркало оберег сузуки на камне	GENERIC_RELEVANT	1.0	0.0	0.0	GAP_PRESENT	GAP_PRESENT	LOW	FAMILY_CANDIDATE	LONG_DESCRIPTION	GENERIC_RELEVANT; coverage=GAP_PRESENT; ownership=FAMILY_SHARED; observed slices=1.	0.76	YES
1720161841	1217152166	брелок в машину на зеркало пушистики	GENERIC_RELEVANT	0.0	0.0	0.0	GAP_PRESENT	GAP_PRESENT	LOW	FAMILY_CANDIDATE	LONG_DESCRIPTION	GENERIC_RELEVANT; coverage=GAP_PRESENT; ownership=STORE_GENERIC; observed slices=1.	0.76	YES
1720161841	1217152166	брелок в машину подц	GENERIC_RELEVANT	0.0	0.0	0.0	GAP_PRESENT	GAP_PRESENT	LOW	FAMILY_CANDIDATE	LONG_DESCRIPTION	GENERIC_RELEVANT; coverage=GAP_PRESENT; ownership=FAMILY_SHARED; observed slices=1.	0.76	YES
1720161841	1217152166	брелок восьмерка в машину на зеркало	GENERIC_RELEVANT	1.0	0.0	0.0	GAP_PRESENT	GAP_PRESENT	LOW	FAMILY_CANDIDATE	LONG_DESCRIPTION	GENERIC_RELEVANT; coverage=GAP_PRESENT; ownership=STORE_GENERIC; observed slices=1.	0.76	YES
1720161841	1217152166	брелок знак зодиака телец	EXACT_PRODUCT	4.0	0.0	0.0	GAP_PRESENT	GAP_PRESENT	LOW	READY_CANDIDATE	LONG_DESCRIPTION	EXACT_PRODUCT; coverage=GAP_PRESENT; ownership=SKU_SPECIFIC; observed slices=1.	0.96	YES
1720161841	1217152166	брелок мягкий телец	STRONG_PRODUCT	1.0	0.0	0.0	GAP_PRESENT	GAP_PRESENT	LOW	READY_CANDIDATE	LONG_DESCRIPTION	STRONG_PRODUCT; coverage=GAP_PRESENT; ownership=SKU_SPECIFIC; observed slices=1.	0.96	YES
1720161841	1217152166	бусы мужские черные телец	STRONG_PRODUCT	1.0	0.0	0.0	GAP_PRESENT	GAP_PRESENT	LOW	READY_CANDIDATE	LONG_DESCRIPTION	STRONG_PRODUCT; coverage=GAP_PRESENT; ownership=SKU_SPECIFIC; observed slices=1.	0.96	YES
1720161841	1217152166	в машину на зеркало	GENERIC_RELEVANT	71.0	0.0	0.0	GAP_PRESENT	GAP_PRESENT	LOW	FAMILY_CANDIDATE	LONG_DESCRIPTION	GENERIC_RELEVANT; coverage=GAP_PRESENT; ownership=STORE_GENERIC; observed slices=1.	0.76	YES
1720161841	1217152166	в машину подвеска	GENERIC_RELEVANT	105.0	0.0	0.0	GAP_PRESENT	GAP_PRESENT	LOW	FAMILY_CANDIDATE	LONG_DESCRIPTION	GENERIC_RELEVANT; coverage=GAP_PRESENT; ownership=STORE_GENERIC; observed slices=1.	0.76	YES
1720161841	1217152166	ведьмина подвеска	GENERIC_RELEVANT	2.0	0.0	0.0	GAP_PRESENT	GAP_PRESENT	LOW	FAMILY_CANDIDATE	LONG_DESCRIPTION	GENERIC_RELEVANT; coverage=GAP_PRESENT; ownership=STORE_GENERIC; observed slices=1.	0.72	YES
1720161841	1217152166	волейбольные мячики в машину на зеркало	GENERIC_RELEVANT	1.0	0.0	0.0	GAP_PRESENT	GAP_PRESENT	LOW	FAMILY_CANDIDATE	LONG_DESCRIPTION	GENERIC_RELEVANT; coverage=GAP_PRESENT; ownership=FAMILY_SHARED; observed slices=1.	0.76	YES
1720161841	1217152166	демон на машину подвеска на стекло маленькие	GENERIC_RELEVANT	0.0	0.0	0.0	GAP_PRESENT	GAP_PRESENT	LOW	FAMILY_CANDIDATE	LONG_DESCRIPTION	GENERIC_RELEVANT; coverage=GAP_PRESENT; ownership=STORE_GENERIC; observed slices=1.	0.76	YES
1720161841	1217152166	деревянные качественные четки эзотерика	GENERIC_RELEVANT	0.0	0.0	0.0	GAP_PRESENT	GAP_PRESENT	LOW	FAMILY_CANDIDATE	LONG_DESCRIPTION	GENERIC_RELEVANT; coverage=GAP_PRESENT; ownership=FAMILY_SHARED; observed slices=1.	0.72	YES
1720161841	1217152166	зеркало	GENERIC_RELEVANT	7498.0	0.0	0.0	GAP_PRESENT	GAP_PRESENT	LOW	FAMILY_CANDIDATE	LONG_DESCRIPTION	GENERIC_RELEVANT; coverage=GAP_PRESENT; ownership=STORE_GENERIC; observed slices=1.	0.76	YES
1720161841	1217152166	зеркало магическое	GENERIC_RELEVANT	41.0	0.0	0.0	GAP_PRESENT	GAP_PRESENT	LOW	FAMILY_CANDIDATE	LONG_DESCRIPTION	GENERIC_RELEVANT; coverage=GAP_PRESENT; ownership=STORE_GENERIC; observed slices=1.	0.76	YES
1720161841	1217152166	зеркало обгона для праворульных машин	GENERIC_RELEVANT	2.0	0.0	0.0	GAP_PRESENT	GAP_PRESENT	LOW	FAMILY_CANDIDATE	LONG_DESCRIPTION	GENERIC_RELEVANT; coverage=GAP_PRESENT; ownership=STORE_GENERIC; observed slices=1.	0.76	YES
1720161841	1217152166	знаки зодиака телец	EXACT_PRODUCT	0.0	0.0	0.0	GAP_PRESENT	GAP_PRESENT	LOW	READY_CANDIDATE	LONG_DESCRIPTION	EXACT_PRODUCT; coverage=GAP_PRESENT; ownership=SKU_SPECIFIC; observed slices=1.	0.96	YES
1720161841	1217152166	крестик в машину на зеркало освешеный	GENERIC_RELEVANT	0.0	0.0	0.0	GAP_PRESENT	GAP_PRESENT	LOW	FAMILY_CANDIDATE	LONG_DESCRIPTION	GENERIC_RELEVANT; coverage=GAP_PRESENT; ownership=STORE_GENERIC; observed slices=1.	0.76	YES
1720161841	1217152166	крюковая подвеска сувенир в машину	GENERIC_RELEVANT	1.0	0.0	0.0	GAP_PRESENT	GAP_PRESENT	LOW	FAMILY_CANDIDATE	LONG_DESCRIPTION	GENERIC_RELEVANT; coverage=GAP_PRESENT; ownership=STORE_GENERIC; observed slices=1.	0.76	YES
1720161841	1217152166	кулон зеркало оберег	GENERIC_RELEVANT	106.0	0.0	0.0	GAP_PRESENT	GAP_PRESENT	LOW	FAMILY_CANDIDATE	LONG_DESCRIPTION	GENERIC_RELEVANT; coverage=GAP_PRESENT; ownership=STORE_GENERIC; observed slices=1.	0.76	YES
1720161841	1217152166	лапа орлиная настоящая в машину на зеркало	GENERIC_RELEVANT	1.0	0.0	0.0	GAP_PRESENT	GAP_PRESENT	LOW	FAMILY_CANDIDATE	LONG_DESCRIPTION	GENERIC_RELEVANT; coverage=GAP_PRESENT; ownership=FAMILY_SHARED; observed slices=1.	0.76	YES
1720161841	1217152166	магическое зеркало	GENERIC_RELEVANT	78.0	0.0	0.0	GAP_PRESENT	GAP_PRESENT	LOW	FAMILY_CANDIDATE	LONG_DESCRIPTION	GENERIC_RELEVANT; coverage=GAP_PRESENT; ownership=STORE_GENERIC; observed slices=1.	0.76	YES
1720161841	1217152166	машины на зеркало хк локомотив	GENERIC_RELEVANT	1.0	0.0	0.0	GAP_PRESENT	GAP_PRESENT	LOW	FAMILY_CANDIDATE	LONG_DESCRIPTION	GENERIC_RELEVANT; coverage=GAP_PRESENT; ownership=FAMILY_SHARED; observed slices=1.	0.76	YES
1720161841	1217152166	мелонг зеркало	GENERIC_RELEVANT	5.0	0.0	0.0	GAP_PRESENT	GAP_PRESENT	LOW	FAMILY_CANDIDATE	LONG_DESCRIPTION	GENERIC_RELEVANT; coverage=GAP_PRESENT; ownership=STORE_GENERIC; observed slices=1.	0.76	YES
1720161841	1217152166	методическая подвеска рекстон на зеркало	GENERIC_RELEVANT	0.0	0.0	0.0	GAP_PRESENT	GAP_PRESENT	LOW	FAMILY_CANDIDATE	LONG_DESCRIPTION	GENERIC_RELEVANT; coverage=GAP_PRESENT; ownership=FAMILY_SHARED; observed slices=1.	0.76	YES
1720161841	1217152166	монстры на кан кулах подвеска в машину	GENERIC_RELEVANT	1.0	0.0	0.0	GAP_PRESENT	GAP_PRESENT	LOW	FAMILY_CANDIDATE	LONG_DESCRIPTION	GENERIC_RELEVANT; coverage=GAP_PRESENT; ownership=STORE_GENERIC; observed slices=1.	0.76	YES
1720161841	1217152166	мужчине на день рождения	AMBIGUOUS_HOLD	0.0	0.0	0.0	GAP_PRESENT	GAP_PRESENT	MEDIUM	HOLD_AMBIGUOUS	HOLD	AMBIGUOUS_HOLD; coverage=GAP_PRESENT; ownership=UNCLEAR; observed slices=1.	0.42	YES
1720161841	1217152166	на зеркало в авто оберег	GENERIC_RELEVANT	1.0	0.0	0.0	GAP_PRESENT	GAP_PRESENT	LOW	FAMILY_CANDIDATE	LONG_DESCRIPTION	GENERIC_RELEVANT; coverage=GAP_PRESENT; ownership=FAMILY_SHARED; observed slices=1.	0.76	YES
1720161841	1217152166	на зеркало в машину подвеска россия	GENERIC_RELEVANT	2.0	0.0	0.0	GAP_PRESENT	GAP_PRESENT	LOW	FAMILY_CANDIDATE	LONG_DESCRIPTION	GENERIC_RELEVANT; coverage=GAP_PRESENT; ownership=STORE_GENERIC; observed slices=1.	0.76	YES
1720161841	1217152166	нашивкатна рюкзак телец	STRONG_PRODUCT	0.0	0.0	0.0	GAP_PRESENT	GAP_PRESENT	HIGH	READY_CANDIDATE	LONG_DESCRIPTION	STRONG_PRODUCT; coverage=GAP_PRESENT; ownership=FAMILY_SHARED; observed slices=1.	0.96	YES
1720161841	1217152166	оберег	GENERIC_RELEVANT	424.0	0.0	0.0	GAP_PRESENT	GAP_PRESENT	LOW	FAMILY_CANDIDATE	LONG_DESCRIPTION	GENERIC_RELEVANT; coverage=GAP_PRESENT; ownership=STORE_GENERIC; observed slices=1.	0.72	YES
1720161841	1217152166	оберег в виде тельца	GENERIC_RELEVANT	0.0	0.0	0.0	GAP_PRESENT	GAP_PRESENT	LOW	FAMILY_CANDIDATE	LONG_DESCRIPTION	GENERIC_RELEVANT; coverage=GAP_PRESENT; ownership=FAMILY_SHARED; observed slices=1.	0.72	YES
1720161841	1217152166	оберег в машину	GENERIC_RELEVANT	293.0	0.0	0.0	GAP_PRESENT	GAP_PRESENT	LOW	FAMILY_CANDIDATE	LONG_DESCRIPTION	GENERIC_RELEVANT; coverage=GAP_PRESENT; ownership=STORE_GENERIC; observed slices=1.	0.76	YES
1720161841	1217152166	оберег мусульманский в машину в форме звезды	GENERIC_RELEVANT	0.0	0.0	0.0	GAP_PRESENT	GAP_PRESENT	LOW	FAMILY_CANDIDATE	LONG_DESCRIPTION	GENERIC_RELEVANT; coverage=GAP_PRESENT; ownership=FAMILY_SHARED; observed slices=1.	0.76	YES
1720161841	1217152166	оберег на зеркало	GENERIC_RELEVANT	1.0	0.0	0.0	GAP_PRESENT	GAP_PRESENT	LOW	FAMILY_CANDIDATE	LONG_DESCRIPTION	GENERIC_RELEVANT; coverage=GAP_PRESENT; ownership=FAMILY_SHARED; observed slices=1.	0.76	YES
1720161841	1217152166	подвеска в автомобиль	GENERIC_RELEVANT	96.0	0.0	0.0	GAP_PRESENT	GAP_PRESENT	LOW	FAMILY_CANDIDATE	LONG_DESCRIPTION	GENERIC_RELEVANT; coverage=GAP_PRESENT; ownership=STORE_GENERIC; observed slices=1.	0.76	YES
1720161841	1217152166	подвеска в машин	GENERIC_RELEVANT	0.0	0.0	0.0	GAP_PRESENT	GAP_PRESENT	LOW	FAMILY_CANDIDATE	LONG_DESCRIPTION	GENERIC_RELEVANT; coverage=GAP_PRESENT; ownership=FAMILY_SHARED; observed slices=1.	0.76	YES
1720161841	1217152166	подвеска в машину	GENERIC_RELEVANT	3171.0	0.0	0.0	GAP_PRESENT	GAP_PRESENT	LOW	FAMILY_CANDIDATE	LONG_DESCRIPTION	GENERIC_RELEVANT; coverage=GAP_PRESENT; ownership=STORE_GENERIC; observed slices=1.	0.76	YES
1720161841	1217152166	подвеска в машину оберег череп манула	GENERIC_RELEVANT	1.0	0.0	0.0	GAP_PRESENT	GAP_PRESENT	LOW	FAMILY_CANDIDATE	LONG_DESCRIPTION	GENERIC_RELEVANT; coverage=GAP_PRESENT; ownership=FAMILY_SHARED; observed slices=1.	0.76	YES
1720161841	1217152166	подвеска на зеркало в машину	GENERIC_RELEVANT	1215.0	0.0	0.0	GAP_PRESENT	GAP_PRESENT	LOW	FAMILY_CANDIDATE	LONG_DESCRIPTION	GENERIC_RELEVANT; coverage=GAP_PRESENT; ownership=STORE_GENERIC; observed slices=1.	0.76	YES
1720161841	1217152166	подвеска на зеркало машины	GENERIC_RELEVANT	2.0	0.0	0.0	GAP_PRESENT	GAP_PRESENT	LOW	FAMILY_CANDIDATE	LONG_DESCRIPTION	GENERIC_RELEVANT; coverage=GAP_PRESENT; ownership=STORE_GENERIC; observed slices=1.	0.76	YES
1720161841	1217152166	подвеска на зеркало хоккейная краги в машину	GENERIC_RELEVANT	0.0	0.0	0.0	GAP_PRESENT	GAP_PRESENT	LOW	FAMILY_CANDIDATE	LONG_DESCRIPTION	GENERIC_RELEVANT; coverage=GAP_PRESENT; ownership=FAMILY_SHARED; observed slices=1.	0.76	YES
1720161841	1217152166	подвеска на машину	GENERIC_RELEVANT	12.0	0.0	0.0	GAP_PRESENT	GAP_PRESENT	LOW	FAMILY_CANDIDATE	LONG_DESCRIPTION	GENERIC_RELEVANT; coverage=GAP_PRESENT; ownership=STORE_GENERIC; observed slices=1.	0.76	YES
1720161841	1217152166	подвеска телец	EXACT_PRODUCT	119.0	0.0	0.0	GAP_PRESENT	GAP_PRESENT	HIGH	READY_CANDIDATE	LONG_DESCRIPTION	EXACT_PRODUCT; coverage=GAP_PRESENT; ownership=FAMILY_SHARED; observed slices=1.	0.96	YES
1720161841	1217152166	полвеска телец	STRONG_PRODUCT	0.0	0.0	0.0	GAP_PRESENT	GAP_PRESENT	LOW	READY_CANDIDATE	LONG_DESCRIPTION	STRONG_PRODUCT; coverage=GAP_PRESENT; ownership=SKU_SPECIFIC; observed slices=1.	0.96	YES
1720161841	1217152166	телец	STRONG_PRODUCT	699.0	0.0	0.0	GAP_PRESENT	GAP_PRESENT	HIGH	READY_CANDIDATE	LONG_DESCRIPTION	STRONG_PRODUCT; coverage=GAP_PRESENT; ownership=FAMILY_SHARED; observed slices=1.	0.96	YES
1720161841	1217152166	телец подвеска в маш	EXACT_PRODUCT	0.0	0.0	608.0	GAP_PRESENT	GAP_PRESENT	LOW	READY_CANDIDATE	LONG_DESCRIPTION	EXACT_PRODUCT; coverage=GAP_PRESENT; ownership=SKU_SPECIFIC; observed slices=2.	0.96	YES
1720161841	1217152166	толисман подвеска на зеркало машины знак зодиака	FAMILY_RELEVANT	1.0	0.0	761.0	GAP_PRESENT	GAP_PRESENT	LOW	FAMILY_CANDIDATE	LONG_DESCRIPTION	FAMILY_RELEVANT; coverage=GAP_PRESENT; ownership=FAMILY_SHARED; observed slices=1.	0.86	YES
1720161841	1217152166	четки в автомобиль	GENERIC_RELEVANT	395.0	0.0	0.0	GAP_PRESENT	GAP_PRESENT	LOW	FAMILY_CANDIDATE	LONG_DESCRIPTION	GENERIC_RELEVANT; coverage=GAP_PRESENT; ownership=STORE_GENERIC; observed slices=1.	0.76	YES
1720161841	1217152166	четки в машину	GENERIC_RELEVANT	284.0	0.0	0.0	GAP_PRESENT	GAP_PRESENT	LOW	FAMILY_CANDIDATE	LONG_DESCRIPTION	GENERIC_RELEVANT; coverage=GAP_PRESENT; ownership=STORE_GENERIC; observed slices=1.	0.76	YES
1842444165	1366092977	амулет для автомобиля	GENERIC_RELEVANT	8.0	0.0	657.0	GAP_PRESENT	GAP_PRESENT	LOW	FAMILY_CANDIDATE	LONG_DESCRIPTION	GENERIC_RELEVANT; coverage=GAP_PRESENT; ownership=STORE_GENERIC; observed slices=1.	0.76	YES
1842444165	1366092977	амулет зеркальный	GENERIC_RELEVANT	2.0	0.0	0.0	GAP_PRESENT	GAP_PRESENT	LOW	FAMILY_CANDIDATE	LONG_DESCRIPTION	GENERIC_RELEVANT; coverage=GAP_PRESENT; ownership=STORE_GENERIC; observed slices=1.	0.76	YES
1842444165	1366092977	амулет на удачу славянский	FAMILY_RELEVANT	1.0	0.0	0.0	GAP_PRESENT	GAP_PRESENT	LOW	FAMILY_CANDIDATE	LONG_DESCRIPTION	FAMILY_RELEVANT; coverage=GAP_PRESENT; ownership=FAMILY_SHARED; observed slices=1.	0.86	YES
1842444165	1366092977	ароматизатор в машину висячий на зеркало	GENERIC_RELEVANT	1.0	0.0	0.0	GAP_PRESENT	GAP_PRESENT	LOW	FAMILY_CANDIDATE	LONG_DESCRIPTION	GENERIC_RELEVANT; coverage=GAP_PRESENT; ownership=FAMILY_SHARED; observed slices=1.	0.76	YES
1842444165	1366092977	блэк опиум в машину на зеркало фигурка	GENERIC_RELEVANT	1.0	0.0	0.0	GAP_PRESENT	GAP_PRESENT	LOW	FAMILY_CANDIDATE	LONG_DESCRIPTION	GENERIC_RELEVANT; coverage=GAP_PRESENT; ownership=FAMILY_SHARED; observed slices=1.	0.76	YES
1842444165	1366092977	бусинка славянские руны	FAMILY_RELEVANT	1.0	0.0	0.0	GAP_PRESENT	GAP_PRESENT	LOW	FAMILY_CANDIDATE	LONG_DESCRIPTION	FAMILY_RELEVANT; coverage=GAP_PRESENT; ownership=FAMILY_SHARED; observed slices=1.	0.86	YES
1842444165	1366092977	бусины славянский	FAMILY_RELEVANT	0.0	0.0	0.0	GAP_PRESENT	GAP_PRESENT	LOW	FAMILY_CANDIDATE	LONG_DESCRIPTION	FAMILY_RELEVANT; coverage=GAP_PRESENT; ownership=FAMILY_SHARED; observed slices=1.	0.86	YES
1842444165	1366092977	в машину амулет	GENERIC_RELEVANT	0.0	0.0	0.0	NO_GAP	NO_GAP	LOW	NO_CHANGE	NONE	GENERIC_RELEVANT; coverage=NO_GAP; ownership=STORE_GENERIC; observed slices=1.	0.76	NO
1842444165	1366092977	в машину на зеркало подвеска мужская	GENERIC_RELEVANT	3.0	0.0	0.0	GAP_PRESENT	GAP_PRESENT	LOW	FAMILY_CANDIDATE	LONG_DESCRIPTION	GENERIC_RELEVANT; coverage=GAP_PRESENT; ownership=FAMILY_SHARED; observed slices=1.	0.76	YES
1842444165	1366092977	вибратор	AMBIGUOUS_HOLD	7930.0	0.0	0.0	GAP_PRESENT	GAP_PRESENT	MEDIUM	HOLD_AMBIGUOUS	HOLD	AMBIGUOUS_HOLD; coverage=GAP_PRESENT; ownership=UNCLEAR; observed slices=1.	0.42	YES
1842444165	1366092977	вибратор для песка	AMBIGUOUS_HOLD	1.0	0.0	0.0	GAP_PRESENT	GAP_PRESENT	MEDIUM	HOLD_AMBIGUOUS	HOLD	AMBIGUOUS_HOLD; coverage=GAP_PRESENT; ownership=UNCLEAR; observed slices=1.	0.42	YES
1842444165	1366092977	висюльки в машину на зеркало ловец снов	GENERIC_RELEVANT	1.0	0.0	0.0	GAP_PRESENT	GAP_PRESENT	LOW	FAMILY_CANDIDATE	LONG_DESCRIPTION	GENERIC_RELEVANT; coverage=GAP_PRESENT; ownership=FAMILY_SHARED; observed slices=1.	0.76	YES
1842444165	1366092977	висюяка на зеркало в машину хавал	GENERIC_RELEVANT	1.0	0.0	0.0	GAP_PRESENT	GAP_PRESENT	LOW	FAMILY_CANDIDATE	LONG_DESCRIPTION	GENERIC_RELEVANT; coverage=GAP_PRESENT; ownership=STORE_GENERIC; observed slices=1.	0.76	YES
1842444165	1366092977	еврейская заезда подвеска в машину	GENERIC_RELEVANT	0.0	0.0	0.0	GAP_PRESENT	GAP_PRESENT	LOW	FAMILY_CANDIDATE	LONG_DESCRIPTION	GENERIC_RELEVANT; coverage=GAP_PRESENT; ownership=STORE_GENERIC; observed slices=1.	0.76	YES
1842444165	1366092977	зеркало маржены	GENERIC_RELEVANT	2.0	0.0	0.0	GAP_PRESENT	GAP_PRESENT	LOW	FAMILY_CANDIDATE	LONG_DESCRIPTION	GENERIC_RELEVANT; coverage=GAP_PRESENT; ownership=STORE_GENERIC; observed slices=1.	0.76	YES
1842444165	1366092977	зеркало шамана	GENERIC_RELEVANT	3.0	0.0	0.0	GAP_PRESENT	GAP_PRESENT	LOW	FAMILY_CANDIDATE	LONG_DESCRIPTION	GENERIC_RELEVANT; coverage=GAP_PRESENT; ownership=FAMILY_SHARED; observed slices=1.	0.76	YES
1842444165	1366092977	зеркальная подвеска	GENERIC_RELEVANT	3.0	0.0	0.0	GAP_PRESENT	GAP_PRESENT	LOW	FAMILY_CANDIDATE	LONG_DESCRIPTION	GENERIC_RELEVANT; coverage=GAP_PRESENT; ownership=FAMILY_SHARED; observed slices=1.	0.76	YES
1842444165	1366092977	зеркальные амулеты	GENERIC_RELEVANT	1.0	0.0	0.0	GAP_PRESENT	GAP_PRESENT	LOW	FAMILY_CANDIDATE	LONG_DESCRIPTION	GENERIC_RELEVANT; coverage=GAP_PRESENT; ownership=FAMILY_SHARED; observed slices=1.	0.76	YES
1842444165	1366092977	игрушка на зеркало в машину реал мадрид	GENERIC_RELEVANT	1.0	0.0	0.0	GAP_PRESENT	GAP_PRESENT	LOW	FAMILY_CANDIDATE	LONG_DESCRIPTION	GENERIC_RELEVANT; coverage=GAP_PRESENT; ownership=FAMILY_SHARED; observed slices=1.	0.76	YES
1842444165	1366092977	ищу хозяина подвеска	GENERIC_RELEVANT	0.0	0.0	0.0	GAP_PRESENT	GAP_PRESENT	LOW	FAMILY_CANDIDATE	LONG_DESCRIPTION	GENERIC_RELEVANT; coverage=GAP_PRESENT; ownership=FAMILY_SHARED; observed slices=1.	0.72	YES
1842444165	1366092977	кимоно в машину на зеркало самбо	GENERIC_RELEVANT	1.0	0.0	0.0	GAP_PRESENT	GAP_PRESENT	LOW	FAMILY_CANDIDATE	LONG_DESCRIPTION	GENERIC_RELEVANT; coverage=GAP_PRESENT; ownership=FAMILY_SHARED; observed slices=1.	0.76	YES
1842444165	1366092977	коловрат	AMBIGUOUS_HOLD	1343.0	0.0	0.0	GAP_PRESENT	GAP_PRESENT	MEDIUM	HOLD_AMBIGUOUS	HOLD	AMBIGUOUS_HOLD; coverage=GAP_PRESENT; ownership=UNCLEAR; observed slices=1.	0.42	YES
1842444165	1366092977	коловрат оберег на стену	GENERIC_RELEVANT	1.0	0.0	0.0	GAP_PRESENT	GAP_PRESENT	LOW	FAMILY_CANDIDATE	LONG_DESCRIPTION	GENERIC_RELEVANT; coverage=GAP_PRESENT; ownership=FAMILY_SHARED; observed slices=1.	0.72	YES
1842444165	1366092977	коловрат оберег славянские мужские	FAMILY_RELEVANT	0.0	0.0	0.0	GAP_PRESENT	GAP_PRESENT	LOW	FAMILY_CANDIDATE	LONG_DESCRIPTION	FAMILY_RELEVANT; coverage=GAP_PRESENT; ownership=FAMILY_SHARED; observed slices=1.	0.86	YES
1842444165	1366092977	коловрат подвеска	GENERIC_RELEVANT	465.0	0.0	0.0	GAP_PRESENT	GAP_PRESENT	LOW	FAMILY_CANDIDATE	LONG_DESCRIPTION	GENERIC_RELEVANT; coverage=GAP_PRESENT; ownership=STORE_GENERIC; observed slices=1.	0.72	YES
1842444165	1366092977	магические	AMBIGUOUS_HOLD	14.0	0.0	0.0	GAP_PRESENT	GAP_PRESENT	MEDIUM	HOLD_AMBIGUOUS	HOLD	AMBIGUOUS_HOLD; coverage=GAP_PRESENT; ownership=UNCLEAR; observed slices=1.	0.42	YES
1842444165	1366092977	медальон вдв в машину на зеркало	GENERIC_RELEVANT	1.0	0.0	0.0	GAP_PRESENT	GAP_PRESENT	LOW	FAMILY_CANDIDATE	LONG_DESCRIPTION	GENERIC_RELEVANT; coverage=GAP_PRESENT; ownership=STORE_GENERIC; observed slices=1.	0.76	YES
1842444165	1366092977	на зеркало подвеска в машину с символом следственного	GENERIC_RELEVANT	0.0	0.0	0.0	GAP_PRESENT	GAP_PRESENT	LOW	FAMILY_CANDIDATE	LONG_DESCRIPTION	GENERIC_RELEVANT; coverage=GAP_PRESENT; ownership=FAMILY_SHARED; observed slices=2.	0.76	YES
1842444165	1366092977	на зеркало подвеска в машину с символом следственного ком	GENERIC_RELEVANT	0.0	0.0	0.0	GAP_PRESENT	GAP_PRESENT	LOW	FAMILY_CANDIDATE	LONG_DESCRIPTION	GENERIC_RELEVANT; coverage=GAP_PRESENT; ownership=FAMILY_SHARED; observed slices=2.	0.76	YES
1842444165	1366092977	набор для творчества	AMBIGUOUS_HOLD	1007.0	0.0	0.0	GAP_PRESENT	GAP_PRESENT	MEDIUM	HOLD_AMBIGUOUS	HOLD	AMBIGUOUS_HOLD; coverage=GAP_PRESENT; ownership=UNCLEAR; observed slices=1.	0.42	YES
1842444165	1366092977	оберег	GENERIC_RELEVANT	2043.0	0.0	0.0	NO_GAP	NO_GAP	LOW	NO_CHANGE	NONE	GENERIC_RELEVANT; coverage=NO_GAP; ownership=STORE_GENERIC; observed slices=1.	0.72	NO
1842444165	1366092977	оберег для дома	GENERIC_RELEVANT	1612.0	0.0	0.0	GAP_PRESENT	GAP_PRESENT	LOW	FAMILY_CANDIDATE	LONG_DESCRIPTION	GENERIC_RELEVANT; coverage=GAP_PRESENT; ownership=FAMILY_SHARED; observed slices=1.	0.72	YES
1842444165	1366092977	оберег для дома чтобы были дети	GENERIC_RELEVANT	0.0	0.0	0.0	GAP_PRESENT	GAP_PRESENT	LOW	FAMILY_CANDIDATE	LONG_DESCRIPTION	GENERIC_RELEVANT; coverage=GAP_PRESENT; ownership=FAMILY_SHARED; observed slices=1.	0.72	YES
1842444165	1366092977	оберег для ребенка	GENERIC_RELEVANT	14.0	0.0	0.0	GAP_PRESENT	GAP_PRESENT	LOW	FAMILY_CANDIDATE	LONG_DESCRIPTION	GENERIC_RELEVANT; coverage=GAP_PRESENT; ownership=FAMILY_SHARED; observed slices=1.	0.72	YES
1842444165	1366092977	оберег на дом	GENERIC_RELEVANT	5.0	0.0	917.0	GAP_PRESENT	GAP_PRESENT	LOW	FAMILY_CANDIDATE	LONG_DESCRIPTION	GENERIC_RELEVANT; coverage=GAP_PRESENT; ownership=FAMILY_SHARED; observed slices=1.	0.72	YES
1842444165	1366092977	оберег от сглаза и порчи	GENERIC_RELEVANT	449.0	0.0	0.0	GAP_PRESENT	GAP_PRESENT	LOW	FAMILY_CANDIDATE	LONG_DESCRIPTION	GENERIC_RELEVANT; coverage=GAP_PRESENT; ownership=STORE_GENERIC; observed slices=2.	0.72	YES
1842444165	1366092977	оберег рода	GENERIC_RELEVANT	0.0	0.0	0.0	GAP_PRESENT	GAP_PRESENT	LOW	FAMILY_CANDIDATE	LONG_DESCRIPTION	GENERIC_RELEVANT; coverage=GAP_PRESENT; ownership=FAMILY_SHARED; observed slices=1.	0.72	YES
1842444165	1366092977	обереги коловрат	GENERIC_RELEVANT	0.0	0.0	0.0	GAP_PRESENT	GAP_PRESENT	LOW	FAMILY_CANDIDATE	LONG_DESCRIPTION	GENERIC_RELEVANT; coverage=GAP_PRESENT; ownership=FAMILY_SHARED; observed slices=1.	0.72	YES
1842444165	1366092977	обереготсглаза	GENERIC_RELEVANT	0.0	0.0	0.0	GAP_PRESENT	GAP_PRESENT	LOW	FAMILY_CANDIDATE	LONG_DESCRIPTION	GENERIC_RELEVANT; coverage=GAP_PRESENT; ownership=STORE_GENERIC; observed slices=1.	0.72	YES
1842444165	1366092977	подарок мужчине	AMBIGUOUS_HOLD	3996.0	0.0	0.0	NO_GAP	NO_GAP	MEDIUM	HOLD_AMBIGUOUS	HOLD	AMBIGUOUS_HOLD; coverage=NO_GAP; ownership=UNCLEAR; observed slices=1.	0.42	YES
1842444165	1366092977	подвеска в машину	GENERIC_RELEVANT	3171.0	0.0	0.0	NO_GAP	NO_GAP	LOW	NO_CHANGE	NONE	GENERIC_RELEVANT; coverage=NO_GAP; ownership=STORE_GENERIC; observed slices=2.	0.76	NO
1842444165	1366092977	подвеска в машину мир	GENERIC_RELEVANT	0.0	0.0	0.0	GAP_PRESENT	GAP_PRESENT	LOW	FAMILY_CANDIDATE	LONG_DESCRIPTION	GENERIC_RELEVANT; coverage=GAP_PRESENT; ownership=FAMILY_SHARED; observed slices=1.	0.76	YES
1842444165	1366092977	подвеска на зеркало в машину	GENERIC_RELEVANT	1160.0	0.0	0.0	NO_GAP	NO_GAP	LOW	NO_CHANGE	NONE	GENERIC_RELEVANT; coverage=NO_GAP; ownership=STORE_GENERIC; observed slices=1.	0.76	NO
1842444165	1366092977	подвески с рунами	GENERIC_RELEVANT	1.0	0.0	0.0	GAP_PRESENT	GAP_PRESENT	LOW	FAMILY_CANDIDATE	LONG_DESCRIPTION	GENERIC_RELEVANT; coverage=GAP_PRESENT; ownership=FAMILY_SHARED; observed slices=1.	0.72	YES
1842444165	1366092977	руны	AMBIGUOUS_HOLD	1024.0	0.0	0.0	GAP_PRESENT	GAP_PRESENT	MEDIUM	HOLD_AMBIGUOUS	HOLD	AMBIGUOUS_HOLD; coverage=GAP_PRESENT; ownership=UNCLEAR; observed slices=1.	0.42	YES
1842444165	1366092977	руны славянские	FAMILY_RELEVANT	94.0	0.0	0.0	GAP_PRESENT	GAP_PRESENT	LOW	FAMILY_CANDIDATE	LONG_DESCRIPTION	FAMILY_RELEVANT; coverage=GAP_PRESENT; ownership=FAMILY_SHARED; observed slices=1.	0.86	YES
1842444165	1366092977	русич	AMBIGUOUS_HOLD	1058.0	0.0	0.0	GAP_PRESENT	GAP_PRESENT	MEDIUM	HOLD_AMBIGUOUS	HOLD	AMBIGUOUS_HOLD; coverage=GAP_PRESENT; ownership=UNCLEAR; observed slices=1.	0.42	YES
1842444165	1366092977	славянская подвеска оберег	FAMILY_RELEVANT	1.0	0.0	0.0	GAP_PRESENT	GAP_PRESENT	LOW	FAMILY_CANDIDATE	LONG_DESCRIPTION	FAMILY_RELEVANT; coverage=GAP_PRESENT; ownership=FAMILY_SHARED; observed slices=1.	0.86	YES
1842444165	1366092977	славянские обереги	FAMILY_RELEVANT	777.0	0.0	0.0	NO_GAP	NO_GAP	LOW	NO_CHANGE	NONE	FAMILY_RELEVANT; coverage=NO_GAP; ownership=FAMILY_SHARED; observed slices=2.	0.86	NO
1842444165	1366092977	славянские обереги для мужчин	FAMILY_RELEVANT	20.0	0.0	0.0	GAP_PRESENT	GAP_PRESENT	LOW	FAMILY_CANDIDATE	LONG_DESCRIPTION	FAMILY_RELEVANT; coverage=GAP_PRESENT; ownership=FAMILY_SHARED; observed slices=1.	0.86	YES
1842444165	1366092977	славянские обереги мужские	FAMILY_RELEVANT	302.0	0.0	0.0	NO_GAP	NO_GAP	LOW	NO_CHANGE	NONE	FAMILY_RELEVANT; coverage=NO_GAP; ownership=FAMILY_SHARED; observed slices=1.	0.86	NO
1842444165	1366092977	славянские руны для четок	FAMILY_RELEVANT	1.0	0.0	0.0	GAP_PRESENT	GAP_PRESENT	LOW	FAMILY_CANDIDATE	LONG_DESCRIPTION	FAMILY_RELEVANT; coverage=GAP_PRESENT; ownership=FAMILY_SHARED; observed slices=1.	0.86	YES
1842444165	1366092977	славянский оберег	FAMILY_RELEVANT	335.0	0.0	0.0	NO_GAP	NO_GAP	LOW	NO_CHANGE	NONE	FAMILY_RELEVANT; coverage=NO_GAP; ownership=FAMILY_SHARED; observed slices=1.	0.86	NO
1842444165	1366092977	цепочка надежная для кулона	AMBIGUOUS_HOLD	1.0	0.0	0.0	GAP_PRESENT	GAP_PRESENT	MEDIUM	HOLD_AMBIGUOUS	HOLD	AMBIGUOUS_HOLD; coverage=GAP_PRESENT; ownership=UNCLEAR; observed slices=1.	0.42	YES
1842444165	1366092977	четки в машину руч	GENERIC_RELEVANT	0.0	0.0	0.0	GAP_PRESENT	GAP_PRESENT	LOW	FAMILY_CANDIDATE	LONG_DESCRIPTION	GENERIC_RELEVANT; coverage=GAP_PRESENT; ownership=FAMILY_SHARED; observed slices=1.	0.76	YES
1943215793	1498533114	амулет	GENERIC_RELEVANT	201.0	0.0	0.0	GAP_PRESENT	GAP_PRESENT	LOW	FAMILY_CANDIDATE	LONG_DESCRIPTION	GENERIC_RELEVANT; coverage=GAP_PRESENT; ownership=STORE_GENERIC; observed slices=1.	0.72	YES
1943215793	1498533114	амулет в машину мусульманский	GENERIC_RELEVANT	1.0	0.0	0.0	GAP_PRESENT	GAP_PRESENT	LOW	FAMILY_CANDIDATE	LONG_DESCRIPTION	GENERIC_RELEVANT; coverage=GAP_PRESENT; ownership=FAMILY_SHARED; observed slices=1.	0.76	YES
1943215793	1498533114	амулеты обереги и талисманы	GENERIC_RELEVANT	254.0	0.0	0.0	GAP_PRESENT	GAP_PRESENT	LOW	FAMILY_CANDIDATE	LONG_DESCRIPTION	GENERIC_RELEVANT; coverage=GAP_PRESENT; ownership=STORE_GENERIC; observed slices=2.	0.72	YES
1943215793	1498533114	в машину	GENERIC_RELEVANT	559.0	0.0	0.0	GAP_PRESENT	GAP_PRESENT	LOW	FAMILY_CANDIDATE	LONG_DESCRIPTION	GENERIC_RELEVANT; coverage=GAP_PRESENT; ownership=STORE_GENERIC; observed slices=1.	0.76	YES
1943215793	1498533114	в машину оберег с камнями	GENERIC_RELEVANT	1.0	0.0	0.0	GAP_PRESENT	GAP_PRESENT	LOW	FAMILY_CANDIDATE	LONG_DESCRIPTION	GENERIC_RELEVANT; coverage=GAP_PRESENT; ownership=FAMILY_SHARED; observed slices=1.	0.76	YES
1943215793	1498533114	дерево в машину	GENERIC_RELEVANT	1.0	0.0	0.0	GAP_PRESENT	GAP_PRESENT	LOW	FAMILY_CANDIDATE	LONG_DESCRIPTION	GENERIC_RELEVANT; coverage=GAP_PRESENT; ownership=FAMILY_SHARED; observed slices=1.	0.76	YES
1943215793	1498533114	дерево оберег	GENERIC_RELEVANT	1.0	0.0	0.0	GAP_PRESENT	GAP_PRESENT	LOW	FAMILY_CANDIDATE	LONG_DESCRIPTION	GENERIC_RELEVANT; coverage=GAP_PRESENT; ownership=FAMILY_SHARED; observed slices=1.	0.72	YES
1943215793	1498533114	златоуст	EXACT_PRODUCT	293.0	0.0	0.0	NO_GAP	NO_GAP	LOW	NO_CHANGE	NONE	EXACT_PRODUCT; coverage=NO_GAP; ownership=SKU_SPECIFIC; observed slices=1.	0.95	NO
1943215793	1498533114	иисус на зеркало авто	PARTIAL_RELEVANCE	1.0	0.0	0.0	GAP_PRESENT	GAP_PRESENT	MEDIUM	HOLD_AMBIGUOUS	HOLD	PARTIAL_RELEVANCE; coverage=GAP_PRESENT; ownership=UNCLEAR; observed slices=1.	0.60	YES
1943215793	1498533114	икона в машину подвеска кожаная	GENERIC_RELEVANT	1.0	0.0	0.0	GAP_PRESENT	GAP_PRESENT	LOW	FAMILY_CANDIDATE	LONG_DESCRIPTION	GENERIC_RELEVANT; coverage=GAP_PRESENT; ownership=FAMILY_SHARED; observed slices=1.	0.76	YES
1943215793	1498533114	икона и крест в машину	NEIGHBOR_PRODUCT	1.0	0.0	0.0	NOT_APPLICABLE	NOT_APPLICABLE	LOW	REJECT_NEIGHBOR	NONE	NEIGHBOR_PRODUCT; coverage=NOT_APPLICABLE; ownership=EXCLUDED; observed slices=1.	0.96	NO
1943215793	1498533114	иоанн хозевит	EXACT_PRODUCT	1.0	0.0	0.0	PARTIAL_GAP	PARTIAL_GAP	LOW	READY_CANDIDATE	LONG_DESCRIPTION	EXACT_PRODUCT; coverage=PARTIAL_GAP; ownership=SKU_SPECIFIC; observed slices=1.	0.95	YES
1943215793	1498533114	келейная книжица иоанна крестьянина молитва	EXACT_PRODUCT	1.0	0.0	0.0	PARTIAL_GAP	PARTIAL_GAP	LOW	READY_CANDIDATE	LONG_DESCRIPTION	EXACT_PRODUCT; coverage=PARTIAL_GAP; ownership=SKU_SPECIFIC; observed slices=1.	0.95	YES
1943215793	1498533114	крест в машинв	NEIGHBOR_PRODUCT	0.0	0.0	0.0	NOT_APPLICABLE	NOT_APPLICABLE	LOW	REJECT_NEIGHBOR	NONE	NEIGHBOR_PRODUCT; coverage=NOT_APPLICABLE; ownership=EXCLUDED; observed slices=1.	0.96	NO
1943215793	1498533114	лего машина не сло	PARTIAL_RELEVANCE	0.0	0.0	0.0	GAP_PRESENT	GAP_PRESENT	MEDIUM	HOLD_AMBIGUOUS	HOLD	PARTIAL_RELEVANCE; coverage=GAP_PRESENT; ownership=UNCLEAR; observed slices=2.	0.60	YES
1943215793	1498533114	мини подвеска оберег	GENERIC_RELEVANT	1.0	0.0	0.0	GAP_PRESENT	GAP_PRESENT	LOW	FAMILY_CANDIDATE	LONG_DESCRIPTION	GENERIC_RELEVANT; coverage=GAP_PRESENT; ownership=STORE_GENERIC; observed slices=1.	0.72	YES
1943215793	1498533114	молитва	EXACT_PRODUCT	163.0	0.0	0.0	NO_GAP	NO_GAP	LOW	NO_CHANGE	NONE	EXACT_PRODUCT; coverage=NO_GAP; ownership=SKU_SPECIFIC; observed slices=1.	0.95	NO
1943215793	1498533114	молитва оберег в дом	EXACT_PRODUCT	1.0	0.0	0.0	PARTIAL_GAP	PARTIAL_GAP	LOW	READY_CANDIDATE	LONG_DESCRIPTION	EXACT_PRODUCT; coverage=PARTIAL_GAP; ownership=SKU_SPECIFIC; observed slices=1.	0.95	YES
1943215793	1498533114	молитвой деревянный православный	STRONG_PRODUCT	0.0	0.0	0.0	GAP_PRESENT	GAP_PRESENT	LOW	READY_CANDIDATE	TITLE	STRONG_PRODUCT; coverage=GAP_PRESENT; ownership=SKU_SPECIFIC; observed slices=2.	0.90	YES
1943215793	1498533114	молитвы	PARTIAL_RELEVANCE	159.0	0.0	0.0	NO_GAP	NO_GAP	MEDIUM	HOLD_AMBIGUOUS	HOLD	PARTIAL_RELEVANCE; coverage=NO_GAP; ownership=UNCLEAR; observed slices=1.	0.60	YES
1943215793	1498533114	молитвы о детях православные даниленко	STRONG_PRODUCT	0.0	0.0	0.0	PARTIAL_GAP	PARTIAL_GAP	LOW	READY_CANDIDATE	LONG_DESCRIPTION	STRONG_PRODUCT; coverage=PARTIAL_GAP; ownership=SKU_SPECIFIC; observed slices=1.	0.90	YES
1943215793	1498533114	мусульманский оберег	GENERIC_RELEVANT	542.0	0.0	0.0	GAP_PRESENT	GAP_PRESENT	LOW	FAMILY_CANDIDATE	LONG_DESCRIPTION	GENERIC_RELEVANT; coverage=GAP_PRESENT; ownership=STORE_GENERIC; observed slices=1.	0.72	YES
1943215793	1498533114	мусульманский оберег брелок на автомобиль	GENERIC_RELEVANT	0.0	0.0	0.0	GAP_PRESENT	GAP_PRESENT	LOW	FAMILY_CANDIDATE	LONG_DESCRIPTION	GENERIC_RELEVANT; coverage=GAP_PRESENT; ownership=FAMILY_SHARED; observed slices=1.	0.76	YES
1943215793	1498533114	на зеркало автомобиля подвеска в машину	GENERIC_RELEVANT	1.0	0.0	0.0	GAP_PRESENT	GAP_PRESENT	LOW	FAMILY_CANDIDATE	LONG_DESCRIPTION	GENERIC_RELEVANT; coverage=GAP_PRESENT; ownership=STORE_GENERIC; observed slices=1.	0.76	YES
1943215793	1498533114	набор декоративных кисточек с бусинами	AMBIGUOUS_HOLD	1.0	0.0	0.0	GAP_PRESENT	GAP_PRESENT	MEDIUM	HOLD_AMBIGUOUS	HOLD	AMBIGUOUS_HOLD; coverage=GAP_PRESENT; ownership=UNCLEAR; observed slices=1.	0.42	YES
1943215793	1498533114	оберег	GENERIC_RELEVANT	3173.0	0.0	0.0	GAP_PRESENT	GAP_PRESENT	LOW	FAMILY_CANDIDATE	LONG_DESCRIPTION	GENERIC_RELEVANT; coverage=GAP_PRESENT; ownership=STORE_GENERIC; observed slices=1.	0.72	YES
1943215793	1498533114	оберег автомобильный на зеркало	GENERIC_RELEVANT	1.0	0.0	0.0	GAP_PRESENT	GAP_PRESENT	LOW	FAMILY_CANDIDATE	LONG_DESCRIPTION	GENERIC_RELEVANT; coverage=GAP_PRESENT; ownership=FAMILY_SHARED; observed slices=1.	0.76	YES
1943215793	1498533114	оберег в машину	GENERIC_RELEVANT	398.0	0.0	0.0	GAP_PRESENT	GAP_PRESENT	LOW	FAMILY_CANDIDATE	LONG_DESCRIPTION	GENERIC_RELEVANT; coverage=GAP_PRESENT; ownership=STORE_GENERIC; observed slices=1.	0.76	YES
1943215793	1498533114	оберег в машину мужской	GENERIC_RELEVANT	5.0	0.0	0.0	GAP_PRESENT	GAP_PRESENT	LOW	FAMILY_CANDIDATE	LONG_DESCRIPTION	GENERIC_RELEVANT; coverage=GAP_PRESENT; ownership=STORE_GENERIC; observed slices=1.	0.76	YES
1943215793	1498533114	оберег в машину от поломки позолота	GENERIC_RELEVANT	1.0	0.0	0.0	GAP_PRESENT	GAP_PRESENT	LOW	FAMILY_CANDIDATE	LONG_DESCRIPTION	GENERIC_RELEVANT; coverage=GAP_PRESENT; ownership=FAMILY_SHARED; observed slices=1.	0.76	YES
1943215793	1498533114	оберег в машину православный	STRONG_PRODUCT	207.0	0.0	0.0	GAP_PRESENT	GAP_PRESENT	LOW	READY_CANDIDATE	LONG_DESCRIPTION	STRONG_PRODUCT; coverage=GAP_PRESENT; ownership=SKU_SPECIFIC; observed slices=1.	0.90	YES
1943215793	1498533114	оберег в машину православный мал	STRONG_PRODUCT	0.0	0.0	0.0	GAP_PRESENT	GAP_PRESENT	LOW	READY_CANDIDATE	TITLE	STRONG_PRODUCT; coverage=GAP_PRESENT; ownership=SKU_SPECIFIC; observed slices=1.	0.90	YES
1943215793	1498533114	оберег для автомобиля на зеркало	GENERIC_RELEVANT	7.0	0.0	0.0	GAP_PRESENT	GAP_PRESENT	LOW	FAMILY_CANDIDATE	LONG_DESCRIPTION	GENERIC_RELEVANT; coverage=GAP_PRESENT; ownership=STORE_GENERIC; observed slices=1.	0.76	YES
1943215793	1498533114	оберег мусульманский	GENERIC_RELEVANT	23.0	0.0	0.0	GAP_PRESENT	GAP_PRESENT	LOW	FAMILY_CANDIDATE	LONG_DESCRIPTION	GENERIC_RELEVANT; coverage=GAP_PRESENT; ownership=FAMILY_SHARED; observed slices=1.	0.72	YES
1943215793	1498533114	оберег на автомобиль	GENERIC_RELEVANT	1.0	0.0	0.0	GAP_PRESENT	GAP_PRESENT	LOW	FAMILY_CANDIDATE	LONG_DESCRIPTION	GENERIC_RELEVANT; coverage=GAP_PRESENT; ownership=STORE_GENERIC; observed slices=1.	0.76	YES
1943215793	1498533114	оберег на ркккмужской православный освященны	STRONG_PRODUCT	0.0	0.0	0.0	GAP_PRESENT	GAP_PRESENT	LOW	READY_CANDIDATE	TITLE	STRONG_PRODUCT; coverage=GAP_PRESENT; ownership=SKU_SPECIFIC; observed slices=1.	0.90	YES
1943215793	1498533114	оберег христианский	GENERIC_RELEVANT	4.0	0.0	0.0	GAP_PRESENT	GAP_PRESENT	LOW	FAMILY_CANDIDATE	LONG_DESCRIPTION	GENERIC_RELEVANT; coverage=GAP_PRESENT; ownership=FAMILY_SHARED; observed slices=1.	0.72	YES
1943215793	1498533114	обереги	GENERIC_RELEVANT	170.0	0.0	0.0	GAP_PRESENT	GAP_PRESENT	LOW	FAMILY_CANDIDATE	LONG_DESCRIPTION	GENERIC_RELEVANT; coverage=GAP_PRESENT; ownership=STORE_GENERIC; observed slices=1.	0.72	YES
1943215793	1498533114	обереготсглаза	GENERIC_RELEVANT	0.0	0.0	0.0	GAP_PRESENT	GAP_PRESENT	LOW	FAMILY_CANDIDATE	LONG_DESCRIPTION	GENERIC_RELEVANT; coverage=GAP_PRESENT; ownership=STORE_GENERIC; observed slices=1.	0.72	YES
1943215793	1498533114	плетеная подвеска оберег на зеркало	GENERIC_RELEVANT	1.0	0.0	0.0	GAP_PRESENT	GAP_PRESENT	LOW	FAMILY_CANDIDATE	LONG_DESCRIPTION	GENERIC_RELEVANT; coverage=GAP_PRESENT; ownership=FAMILY_SHARED; observed slices=1.	0.76	YES
1943215793	1498533114	подарки в авто	GENERIC_RELEVANT	0.0	0.0	0.0	GAP_PRESENT	GAP_PRESENT	LOW	FAMILY_CANDIDATE	LONG_DESCRIPTION	GENERIC_RELEVANT; coverage=GAP_PRESENT; ownership=FAMILY_SHARED; observed slices=1.	0.76	YES
1943215793	1498533114	подвеска в иашину	GENERIC_RELEVANT	1.0	0.0	0.0	GAP_PRESENT	GAP_PRESENT	LOW	FAMILY_CANDIDATE	LONG_DESCRIPTION	GENERIC_RELEVANT; coverage=GAP_PRESENT; ownership=STORE_GENERIC; observed slices=1.	0.72	YES
1943215793	1498533114	подвеска в машину	GENERIC_RELEVANT	3171.0	0.0	0.0	GAP_PRESENT	GAP_PRESENT	LOW	FAMILY_CANDIDATE	LONG_DESCRIPTION	GENERIC_RELEVANT; coverage=GAP_PRESENT; ownership=STORE_GENERIC; observed slices=1.	0.76	YES
1943215793	1498533114	подвеска в машину из бисера оберег	GENERIC_RELEVANT	1.0	0.0	0.0	GAP_PRESENT	GAP_PRESENT	LOW	FAMILY_CANDIDATE	LONG_DESCRIPTION	GENERIC_RELEVANT; coverage=GAP_PRESENT; ownership=FAMILY_SHARED; observed slices=1.	0.76	YES
1943215793	1498533114	подвеска в машину из кожи	GENERIC_RELEVANT	1.0	0.0	0.0	GAP_PRESENT	GAP_PRESENT	LOW	FAMILY_CANDIDATE	LONG_DESCRIPTION	GENERIC_RELEVANT; coverage=GAP_PRESENT; ownership=FAMILY_SHARED; observed slices=1.	0.76	YES
1943215793	1498533114	подвеска в машину на зеркало	GENERIC_RELEVANT	1560.0	0.0	0.0	GAP_PRESENT	GAP_PRESENT	LOW	FAMILY_CANDIDATE	LONG_DESCRIPTION	GENERIC_RELEVANT; coverage=GAP_PRESENT; ownership=STORE_GENERIC; observed slices=2.	0.76	YES
1943215793	1498533114	подвеска в машину на зеркало а	GENERIC_RELEVANT	0.0	0.0	0.0	GAP_PRESENT	GAP_PRESENT	LOW	FAMILY_CANDIDATE	LONG_DESCRIPTION	GENERIC_RELEVANT; coverage=GAP_PRESENT; ownership=STORE_GENERIC; observed slices=1.	0.76	YES
1943215793	1498533114	подвеска в машину на зеркало вера	GENERIC_RELEVANT	0.0	0.0	0.0	GAP_PRESENT	GAP_PRESENT	LOW	FAMILY_CANDIDATE	LONG_DESCRIPTION	GENERIC_RELEVANT; coverage=GAP_PRESENT; ownership=FAMILY_SHARED; observed slices=1.	0.76	YES
1943215793	1498533114	подвеска в машину на зеркало жен	GENERIC_RELEVANT	0.0	0.0	0.0	GAP_PRESENT	GAP_PRESENT	LOW	FAMILY_CANDIDATE	LONG_DESCRIPTION	GENERIC_RELEVANT; coverage=GAP_PRESENT; ownership=STORE_GENERIC; observed slices=1.	0.76	YES
1943215793	1498533114	подвеска в машину на зеркало костюм	GENERIC_RELEVANT	1.0	0.0	0.0	GAP_PRESENT	GAP_PRESENT	LOW	FAMILY_CANDIDATE	LONG_DESCRIPTION	GENERIC_RELEVANT; coverage=GAP_PRESENT; ownership=FAMILY_SHARED; observed slices=1.	0.76	YES
1943215793	1498533114	подвеска в машину на зеркало мех	GENERIC_RELEVANT	0.0	0.0	0.0	GAP_PRESENT	GAP_PRESENT	LOW	FAMILY_CANDIDATE	LONG_DESCRIPTION	GENERIC_RELEVANT; coverage=GAP_PRESENT; ownership=STORE_GENERIC; observed slices=1.	0.76	YES
1943215793	1498533114	подвеска на зеркало в машину	GENERIC_RELEVANT	1158.0	0.0	0.0	GAP_PRESENT	GAP_PRESENT	LOW	FAMILY_CANDIDATE	LONG_DESCRIPTION	GENERIC_RELEVANT; coverage=GAP_PRESENT; ownership=STORE_GENERIC; observed slices=1.	0.76	YES
1943215793	1498533114	подвеска на зеркало в машину талисман	GENERIC_RELEVANT	1.0	0.0	0.0	GAP_PRESENT	GAP_PRESENT	LOW	FAMILY_CANDIDATE	LONG_DESCRIPTION	GENERIC_RELEVANT; coverage=GAP_PRESENT; ownership=FAMILY_SHARED; observed slices=1.	0.76	YES
1943215793	1498533114	подвеска на зеркало в машину япоская	GENERIC_RELEVANT	0.0	0.0	0.0	GAP_PRESENT	GAP_PRESENT	LOW	FAMILY_CANDIDATE	LONG_DESCRIPTION	GENERIC_RELEVANT; coverage=GAP_PRESENT; ownership=FAMILY_SHARED; observed slices=1.	0.76	YES
1943215793	1498533114	подвеска православная в машину на зеркало	STRONG_PRODUCT	1.0	0.0	0.0	GAP_PRESENT	GAP_PRESENT	LOW	READY_CANDIDATE	LONG_DESCRIPTION	STRONG_PRODUCT; coverage=GAP_PRESENT; ownership=SKU_SPECIFIC; observed slices=1.	0.90	YES
1943215793	1498533114	четки в машину	GENERIC_RELEVANT	257.0	0.0	0.0	GAP_PRESENT	GAP_PRESENT	LOW	FAMILY_CANDIDATE	LONG_DESCRIPTION	GENERIC_RELEVANT; coverage=GAP_PRESENT; ownership=STORE_GENERIC; observed slices=1.	0.76	YES
2183808182	1830964558	jubyz ; bdf	AMBIGUOUS_HOLD	1.0	0.0	0.0	GAP_PRESENT	GAP_PRESENT	MEDIUM	HOLD_AMBIGUOUS	HOLD	AMBIGUOUS_HOLD; coverage=GAP_PRESENT; ownership=UNCLEAR; observed slices=1.	0.42	YES
2183808182	1830964558	амулет на любовь	GENERIC_RELEVANT	2.0	0.0	0.0	GAP_PRESENT	GAP_PRESENT	LOW	FAMILY_CANDIDATE	LONG_DESCRIPTION	GENERIC_RELEVANT; coverage=GAP_PRESENT; ownership=FAMILY_SHARED; observed slices=1.	0.72	YES
2183808182	1830964558	амулет с зеркалом подвеска	GENERIC_RELEVANT	1.0	0.0	0.0	GAP_PRESENT	GAP_PRESENT	LOW	FAMILY_CANDIDATE	LONG_DESCRIPTION	GENERIC_RELEVANT; coverage=GAP_PRESENT; ownership=STORE_GENERIC; observed slices=1.	0.76	YES
2183808182	1830964558	амулеты обереги и талисманы	GENERIC_RELEVANT	128.0	0.0	0.0	GAP_PRESENT	GAP_PRESENT	LOW	FAMILY_CANDIDATE	LONG_DESCRIPTION	GENERIC_RELEVANT; coverage=GAP_PRESENT; ownership=STORE_GENERIC; observed slices=1.	0.72	YES
2183808182	1830964558	берег бог	AMBIGUOUS_HOLD	1.0	0.0	0.0	GAP_PRESENT	GAP_PRESENT	MEDIUM	HOLD_AMBIGUOUS	HOLD	AMBIGUOUS_HOLD; coverage=GAP_PRESENT; ownership=UNCLEAR; observed slices=1.	0.42	YES
2183808182	1830964558	бог омулет	AMBIGUOUS_HOLD	0.0	0.0	0.0	GAP_PRESENT	GAP_PRESENT	MEDIUM	HOLD_AMBIGUOUS	HOLD	AMBIGUOUS_HOLD; coverage=GAP_PRESENT; ownership=UNCLEAR; observed slices=1.	0.42	YES
2183808182	1830964558	бог подвеска	GENERIC_RELEVANT	1.0	0.0	0.0	GAP_PRESENT	GAP_PRESENT	LOW	FAMILY_CANDIDATE	LONG_DESCRIPTION	GENERIC_RELEVANT; coverage=GAP_PRESENT; ownership=FAMILY_SHARED; observed slices=1.	0.72	YES
2183808182	1830964558	богиня жива амулет	EXACT_PRODUCT	1.0	0.0	0.0	PARTIAL_GAP	PARTIAL_GAP	LOW	READY_CANDIDATE	LONG_DESCRIPTION	EXACT_PRODUCT; coverage=PARTIAL_GAP; ownership=SKU_SPECIFIC; observed slices=1.	0.95	YES
2183808182	1830964558	брелок в машину на зеркало пушистики	GENERIC_RELEVANT	0.0	0.0	0.0	GAP_PRESENT	GAP_PRESENT	LOW	FAMILY_CANDIDATE	LONG_DESCRIPTION	GENERIC_RELEVANT; coverage=GAP_PRESENT; ownership=STORE_GENERIC; observed slices=1.	0.76	YES
2183808182	1830964558	брелок у машину byd на зерколо	GENERIC_RELEVANT	0.0	0.0	0.0	GAP_PRESENT	GAP_PRESENT	LOW	FAMILY_CANDIDATE	LONG_DESCRIPTION	GENERIC_RELEVANT; coverage=GAP_PRESENT; ownership=STORE_GENERIC; observed slices=1.	0.76	YES
2183808182	1830964558	бусина от сглаза на зеркало машины	GENERIC_RELEVANT	0.0	0.0	0.0	GAP_PRESENT	GAP_PRESENT	LOW	FAMILY_CANDIDATE	LONG_DESCRIPTION	GENERIC_RELEVANT; coverage=GAP_PRESENT; ownership=STORE_GENERIC; observed slices=1.	0.76	YES
2183808182	1830964558	висюлька на зеркало в машину белая пушистая	GENERIC_RELEVANT	0.0	0.0	0.0	GAP_PRESENT	GAP_PRESENT	LOW	FAMILY_CANDIDATE	LONG_DESCRIPTION	GENERIC_RELEVANT; coverage=GAP_PRESENT; ownership=STORE_GENERIC; observed slices=1.	0.76	YES
2183808182	1830964558	деревянный амулет	GENERIC_RELEVANT	1.0	0.0	0.0	GAP_PRESENT	GAP_PRESENT	LOW	FAMILY_CANDIDATE	LONG_DESCRIPTION	GENERIC_RELEVANT; coverage=GAP_PRESENT; ownership=STORE_GENERIC; observed slices=1.	0.72	YES
2183808182	1830964558	жива	EXACT_PRODUCT	44.0	0.0	0.0	NO_GAP	NO_GAP	LOW	NO_CHANGE	NONE	EXACT_PRODUCT; coverage=NO_GAP; ownership=SKU_SPECIFIC; observed slices=1.	0.95	NO
2183808182	1830964558	жива кулон	EXACT_PRODUCT	0.0	0.0	0.0	PARTIAL_GAP	PARTIAL_GAP	LOW	READY_CANDIDATE	LONG_DESCRIPTION	EXACT_PRODUCT; coverage=PARTIAL_GAP; ownership=SKU_SPECIFIC; observed slices=1.	0.95	YES
2183808182	1830964558	зеркало богоа	GENERIC_RELEVANT	1.0	0.0	0.0	GAP_PRESENT	GAP_PRESENT	LOW	FAMILY_CANDIDATE	LONG_DESCRIPTION	GENERIC_RELEVANT; coverage=GAP_PRESENT; ownership=FAMILY_SHARED; observed slices=1.	0.76	YES
2183808182	1830964558	зеркало двухстороннее с ув	GENERIC_RELEVANT	0.0	0.0	0.0	GAP_PRESENT	GAP_PRESENT	LOW	FAMILY_CANDIDATE	LONG_DESCRIPTION	GENERIC_RELEVANT; coverage=GAP_PRESENT; ownership=FAMILY_SHARED; observed slices=1.	0.76	YES
2183808182	1830964558	зеркало с ув подвеской	GENERIC_RELEVANT	0.0	0.0	0.0	GAP_PRESENT	GAP_PRESENT	LOW	FAMILY_CANDIDATE	LONG_DESCRIPTION	GENERIC_RELEVANT; coverage=GAP_PRESENT; ownership=FAMILY_SHARED; observed slices=1.	0.76	YES
2183808182	1830964558	коловрат славянский в машину	FAMILY_RELEVANT	0.0	0.0	0.0	GAP_PRESENT	GAP_PRESENT	LOW	FAMILY_CANDIDATE	LONG_DESCRIPTION	FAMILY_RELEVANT; coverage=GAP_PRESENT; ownership=FAMILY_SHARED; observed slices=1.	0.86	YES
2183808182	1830964558	кулон рода славянский	FAMILY_RELEVANT	0.0	0.0	0.0	GAP_PRESENT	GAP_PRESENT	LOW	FAMILY_CANDIDATE	LONG_DESCRIPTION	FAMILY_RELEVANT; coverage=GAP_PRESENT; ownership=FAMILY_SHARED; observed slices=1.	0.86	YES
2183808182	1830964558	купить славянского бога род подвеску	FAMILY_RELEVANT	0.0	0.0	0.0	GAP_PRESENT	GAP_PRESENT	LOW	FAMILY_CANDIDATE	LONG_DESCRIPTION	FAMILY_RELEVANT; coverage=GAP_PRESENT; ownership=FAMILY_SHARED; observed slices=1.	0.86	YES
2183808182	1830964558	набор	AMBIGUOUS_HOLD	10271.0	0.0	0.0	GAP_PRESENT	GAP_PRESENT	MEDIUM	HOLD_AMBIGUOUS	HOLD	AMBIGUOUS_HOLD; coverage=GAP_PRESENT; ownership=UNCLEAR; observed slices=1.	0.42	YES
2183808182	1830964558	оберег	GENERIC_RELEVANT	1684.0	0.0	0.0	GAP_PRESENT	GAP_PRESENT	LOW	FAMILY_CANDIDATE	LONG_DESCRIPTION	GENERIC_RELEVANT; coverage=GAP_PRESENT; ownership=STORE_GENERIC; observed slices=1.	0.72	YES
2183808182	1830964558	оберег в машину	GENERIC_RELEVANT	311.0	0.0	0.0	GAP_PRESENT	GAP_PRESENT	LOW	FAMILY_CANDIDATE	LONG_DESCRIPTION	GENERIC_RELEVANT; coverage=GAP_PRESENT; ownership=STORE_GENERIC; observed slices=1.	0.76	YES
2183808182	1830964558	оберег в машину славянский	FAMILY_RELEVANT	9.0	0.0	0.0	GAP_PRESENT	GAP_PRESENT	LOW	FAMILY_CANDIDATE	LONG_DESCRIPTION	FAMILY_RELEVANT; coverage=GAP_PRESENT; ownership=FAMILY_SHARED; observed slices=1.	0.86	YES
2183808182	1830964558	оберег от сглаза и порчи	GENERIC_RELEVANT	167.0	0.0	0.0	GAP_PRESENT	GAP_PRESENT	LOW	FAMILY_CANDIDATE	LONG_DESCRIPTION	GENERIC_RELEVANT; coverage=GAP_PRESENT; ownership=STORE_GENERIC; observed slices=1.	0.72	YES
2183808182	1830964558	оберег славянский женский	FAMILY_RELEVANT	8.0	0.0	0.0	GAP_PRESENT	GAP_PRESENT	LOW	FAMILY_CANDIDATE	LONG_DESCRIPTION	FAMILY_RELEVANT; coverage=GAP_PRESENT; ownership=FAMILY_SHARED; observed slices=1.	0.86	YES
2183808182	1830964558	обереги	GENERIC_RELEVANT	20.0	0.0	0.0	GAP_PRESENT	GAP_PRESENT	LOW	FAMILY_CANDIDATE	LONG_DESCRIPTION	GENERIC_RELEVANT; coverage=GAP_PRESENT; ownership=STORE_GENERIC; observed slices=1.	0.72	YES
2183808182	1830964558	обереготсглаза	GENERIC_RELEVANT	0.0	0.0	0.0	GAP_PRESENT	GAP_PRESENT	LOW	FAMILY_CANDIDATE	LONG_DESCRIPTION	GENERIC_RELEVANT; coverage=GAP_PRESENT; ownership=STORE_GENERIC; observed slices=1.	0.72	YES
2183808182	1830964558	подарок для девушки	AMBIGUOUS_HOLD	482.0	0.0	0.0	GAP_PRESENT	GAP_PRESENT	MEDIUM	HOLD_AMBIGUOUS	HOLD	AMBIGUOUS_HOLD; coverage=GAP_PRESENT; ownership=UNCLEAR; observed slices=1.	0.42	YES
2183808182	1830964558	подарочный набор для женщин	AMBIGUOUS_HOLD	1746.0	0.0	0.0	GAP_PRESENT	GAP_PRESENT	MEDIUM	HOLD_AMBIGUOUS	HOLD	AMBIGUOUS_HOLD; coverage=GAP_PRESENT; ownership=UNCLEAR; observed slices=1.	0.42	YES
2183808182	1830964558	подвеска в машину	GENERIC_RELEVANT	3171.0	0.0	0.0	GAP_PRESENT	GAP_PRESENT	LOW	FAMILY_CANDIDATE	LONG_DESCRIPTION	GENERIC_RELEVANT; coverage=GAP_PRESENT; ownership=STORE_GENERIC; observed slices=2.	0.76	YES
2183808182	1830964558	подвеска в машину на зеркало	GENERIC_RELEVANT	206.0	0.0	0.0	GAP_PRESENT	GAP_PRESENT	LOW	FAMILY_CANDIDATE	LONG_DESCRIPTION	GENERIC_RELEVANT; coverage=GAP_PRESENT; ownership=STORE_GENERIC; observed slices=1.	0.76	YES
2183808182	1830964558	подвеска в машину на зеркало дракон	GENERIC_RELEVANT	2.0	0.0	0.0	GAP_PRESENT	GAP_PRESENT	LOW	FAMILY_CANDIDATE	LONG_DESCRIPTION	GENERIC_RELEVANT; coverage=GAP_PRESENT; ownership=STORE_GENERIC; observed slices=1.	0.76	YES
2183808182	1830964558	подвеска в машину на зеркало оберег	GENERIC_RELEVANT	3.0	0.0	0.0	GAP_PRESENT	GAP_PRESENT	LOW	FAMILY_CANDIDATE	LONG_DESCRIPTION	GENERIC_RELEVANT; coverage=GAP_PRESENT; ownership=STORE_GENERIC; observed slices=1.	0.76	YES
2183808182	1830964558	подвеска на авто зерколо	GENERIC_RELEVANT	2.0	0.0	0.0	GAP_PRESENT	GAP_PRESENT	LOW	FAMILY_CANDIDATE	LONG_DESCRIPTION	GENERIC_RELEVANT; coverage=GAP_PRESENT; ownership=STORE_GENERIC; observed slices=1.	0.76	YES
2183808182	1830964558	подвеска на зеркало автомобиля в машину	GENERIC_RELEVANT	14.0	0.0	0.0	GAP_PRESENT	GAP_PRESENT	LOW	FAMILY_CANDIDATE	LONG_DESCRIPTION	GENERIC_RELEVANT; coverage=GAP_PRESENT; ownership=STORE_GENERIC; observed slices=1.	0.76	YES
2183808182	1830964558	подвеска на зеркало в машину	GENERIC_RELEVANT	976.0	0.0	0.0	GAP_PRESENT	GAP_PRESENT	LOW	FAMILY_CANDIDATE	LONG_DESCRIPTION	GENERIC_RELEVANT; coverage=GAP_PRESENT; ownership=STORE_GENERIC; observed slices=1.	0.76	YES
2183808182	1830964558	подвеска на зеркало в машину купола	GENERIC_RELEVANT	1.0	0.0	0.0	GAP_PRESENT	GAP_PRESENT	LOW	FAMILY_CANDIDATE	LONG_DESCRIPTION	GENERIC_RELEVANT; coverage=GAP_PRESENT; ownership=STORE_GENERIC; observed slices=1.	0.76	YES
2183808182	1830964558	подвеска украшение в автомобиль	GENERIC_RELEVANT	1.0	0.0	0.0	GAP_PRESENT	GAP_PRESENT	LOW	FAMILY_CANDIDATE	LONG_DESCRIPTION	GENERIC_RELEVANT; coverage=GAP_PRESENT; ownership=FAMILY_SHARED; observed slices=1.	0.76	YES
2183808182	1830964558	подвнска в мсшине зерколо	AMBIGUOUS_HOLD	1.0	0.0	0.0	GAP_PRESENT	GAP_PRESENT	MEDIUM	HOLD_AMBIGUOUS	HOLD	AMBIGUOUS_HOLD; coverage=GAP_PRESENT; ownership=UNCLEAR; observed slices=1.	0.42	YES
2183808182	1830964558	поддвеска славянские	FAMILY_RELEVANT	0.0	0.0	0.0	GAP_PRESENT	GAP_PRESENT	LOW	FAMILY_CANDIDATE	LONG_DESCRIPTION	FAMILY_RELEVANT; coverage=GAP_PRESENT; ownership=FAMILY_SHARED; observed slices=1.	0.86	YES
2183808182	1830964558	путник оберег	GENERIC_RELEVANT	1.0	0.0	0.0	GAP_PRESENT	GAP_PRESENT	LOW	FAMILY_CANDIDATE	LONG_DESCRIPTION	GENERIC_RELEVANT; coverage=GAP_PRESENT; ownership=FAMILY_SHARED; observed slices=1.	0.72	YES
2183808182	1830964558	славянские	FAMILY_RELEVANT	232.0	0.0	0.0	GAP_PRESENT	GAP_PRESENT	LOW	FAMILY_CANDIDATE	LONG_DESCRIPTION	FAMILY_RELEVANT; coverage=GAP_PRESENT; ownership=FAMILY_SHARED; observed slices=1.	0.86	YES
2183808182	1830964558	славянские боги и богини	FAMILY_RELEVANT	1.0	0.0	0.0	GAP_PRESENT	GAP_PRESENT	LOW	FAMILY_CANDIDATE	LONG_DESCRIPTION	FAMILY_RELEVANT; coverage=GAP_PRESENT; ownership=FAMILY_SHARED; observed slices=1.	0.86	YES
2183808182	1830964558	славянские обереги	FAMILY_RELEVANT	737.0	0.0	0.0	GAP_PRESENT	GAP_PRESENT	LOW	FAMILY_CANDIDATE	LONG_DESCRIPTION	FAMILY_RELEVANT; coverage=GAP_PRESENT; ownership=FAMILY_SHARED; observed slices=2.	0.86	YES
2183808182	1830964558	славянские обереги набор	FAMILY_RELEVANT	1.0	0.0	0.0	GAP_PRESENT	GAP_PRESENT	LOW	FAMILY_CANDIDATE	LONG_DESCRIPTION	FAMILY_RELEVANT; coverage=GAP_PRESENT; ownership=FAMILY_SHARED; observed slices=1.	0.86	YES
2183808182	1830964558	славянские смулетв жива	EXACT_PRODUCT	1.0	0.0	0.0	PARTIAL_GAP	PARTIAL_GAP	LOW	READY_CANDIDATE	LONG_DESCRIPTION	EXACT_PRODUCT; coverage=PARTIAL_GAP; ownership=SKU_SPECIFIC; observed slices=1.	0.95	YES
2183808182	1830964558	славянские украшения	FAMILY_RELEVANT	262.0	0.0	0.0	GAP_PRESENT	GAP_PRESENT	LOW	FAMILY_CANDIDATE	LONG_DESCRIPTION	FAMILY_RELEVANT; coverage=GAP_PRESENT; ownership=FAMILY_SHARED; observed slices=1.	0.86	YES
2183808182	1830964558	славянскиеобереги	FAMILY_RELEVANT	0.0	0.0	0.0	GAP_PRESENT	GAP_PRESENT	LOW	FAMILY_CANDIDATE	LONG_DESCRIPTION	FAMILY_RELEVANT; coverage=GAP_PRESENT; ownership=FAMILY_SHARED; observed slices=1.	0.86	YES
2183808182	1830964558	славянский оберег	FAMILY_RELEVANT	145.0	0.0	0.0	GAP_PRESENT	GAP_PRESENT	LOW	FAMILY_CANDIDATE	LONG_DESCRIPTION	FAMILY_RELEVANT; coverage=GAP_PRESENT; ownership=FAMILY_SHARED; observed slices=1.	0.86	YES
2183808182	1830964558	славянский оберег из дерева	FAMILY_RELEVANT	3.0	0.0	0.0	GAP_PRESENT	GAP_PRESENT	LOW	FAMILY_CANDIDATE	LONG_DESCRIPTION	FAMILY_RELEVANT; coverage=GAP_PRESENT; ownership=FAMILY_SHARED; observed slices=1.	0.86	YES
2183808182	1830964558	славянский оберег подвеска	FAMILY_RELEVANT	10.0	0.0	0.0	GAP_PRESENT	GAP_PRESENT	LOW	FAMILY_CANDIDATE	LONG_DESCRIPTION	FAMILY_RELEVANT; coverage=GAP_PRESENT; ownership=FAMILY_SHARED; observed slices=1.	0.86	YES
2183808182	1830964558	славянский оберег чур	FAMILY_RELEVANT	1.0	0.0	0.0	GAP_PRESENT	GAP_PRESENT	LOW	FAMILY_CANDIDATE	LONG_DESCRIPTION	FAMILY_RELEVANT; coverage=GAP_PRESENT; ownership=FAMILY_SHARED; observed slices=1.	0.86	YES
2183808182	1830964558	талимсаны	AMBIGUOUS_HOLD	1.0	0.0	0.0	GAP_PRESENT	GAP_PRESENT	MEDIUM	HOLD_AMBIGUOUS	HOLD	AMBIGUOUS_HOLD; coverage=GAP_PRESENT; ownership=UNCLEAR; observed slices=1.	0.42	YES
2183808182	1830964558	украшения предков	GENERIC_RELEVANT	1.0	0.0	0.0	GAP_PRESENT	GAP_PRESENT	LOW	FAMILY_CANDIDATE	LONG_DESCRIPTION	GENERIC_RELEVANT; coverage=GAP_PRESENT; ownership=FAMILY_SHARED; observed slices=1.	0.72	YES
2183808182	1830964558	четки славянские оберег	FAMILY_RELEVANT	1.0	0.0	0.0	GAP_PRESENT	GAP_PRESENT	LOW	FAMILY_CANDIDATE	LONG_DESCRIPTION	FAMILY_RELEVANT; coverage=GAP_PRESENT; ownership=FAMILY_SHARED; observed slices=1.	0.86	YES
2183808182	1830964558	шаманское зеркало	GENERIC_RELEVANT	312.0	0.0	0.0	GAP_PRESENT	GAP_PRESENT	LOW	FAMILY_CANDIDATE	LONG_DESCRIPTION	GENERIC_RELEVANT; coverage=GAP_PRESENT; ownership=FAMILY_SHARED; observed slices=1.	0.76	YES
2183921966	1831102037	1600013 сварог	EXACT_PRODUCT	0.0	0.0	0.0	PARTIAL_GAP	PARTIAL_GAP	LOW	READY_CANDIDATE	LONG_DESCRIPTION	EXACT_PRODUCT; coverage=PARTIAL_GAP; ownership=SKU_SPECIFIC; observed slices=1.	0.95	YES
2183921966	1831102037	3d подвеска в машину на зеркало	GENERIC_RELEVANT	1.0	0.0	0.0	GAP_PRESENT	GAP_PRESENT	LOW	FAMILY_CANDIDATE	LONG_DESCRIPTION	GENERIC_RELEVANT; coverage=GAP_PRESENT; ownership=FAMILY_SHARED; observed slices=1.	0.76	YES
2183921966	1831102037	mirroreffect брелок оберег с зеркалом	GENERIC_RELEVANT	1.0	0.0	0.0	GAP_PRESENT	GAP_PRESENT	LOW	FAMILY_CANDIDATE	LONG_DESCRIPTION	GENERIC_RELEVANT; coverage=GAP_PRESENT; ownership=FAMILY_SHARED; observed slices=2.	0.76	YES
2183921966	1831102037	автомобильное подвеска оберег	GENERIC_RELEVANT	1.0	0.0	0.0	GAP_PRESENT	GAP_PRESENT	LOW	FAMILY_CANDIDATE	LONG_DESCRIPTION	GENERIC_RELEVANT; coverage=GAP_PRESENT; ownership=STORE_GENERIC; observed slices=1.	0.76	YES
2183921966	1831102037	аксессуары вел	GENERIC_RELEVANT	0.0	0.0	0.0	GAP_PRESENT	GAP_PRESENT	LOW	FAMILY_CANDIDATE	LONG_DESCRIPTION	GENERIC_RELEVANT; coverage=GAP_PRESENT; ownership=FAMILY_SHARED; observed slices=1.	0.72	YES
2183921966	1831102037	амулет	GENERIC_RELEVANT	438.0	0.0	0.0	GAP_PRESENT	GAP_PRESENT	LOW	FAMILY_CANDIDATE	LONG_DESCRIPTION	GENERIC_RELEVANT; coverage=GAP_PRESENT; ownership=STORE_GENERIC; observed slices=1.	0.72	YES
2183921966	1831102037	амулет молот перуна	GENERIC_RELEVANT	1.0	0.0	0.0	GAP_PRESENT	GAP_PRESENT	LOW	FAMILY_CANDIDATE	LONG_DESCRIPTION	GENERIC_RELEVANT; coverage=GAP_PRESENT; ownership=FAMILY_SHARED; observed slices=1.	0.72	YES
2183921966	1831102037	амулет славянский мужской перуна	FAMILY_RELEVANT	1.0	0.0	0.0	GAP_PRESENT	GAP_PRESENT	LOW	FAMILY_CANDIDATE	LONG_DESCRIPTION	FAMILY_RELEVANT; coverage=GAP_PRESENT; ownership=FAMILY_SHARED; observed slices=1.	0.86	YES
2183921966	1831102037	амулеты обереги и талисманы	GENERIC_RELEVANT	0.0	0.0	0.0	GAP_PRESENT	GAP_PRESENT	LOW	FAMILY_CANDIDATE	LONG_DESCRIPTION	GENERIC_RELEVANT; coverage=GAP_PRESENT; ownership=STORE_GENERIC; observed slices=1.	0.72	YES
2183921966	1831102037	бесболка сварог	EXACT_PRODUCT	1.0	0.0	0.0	PARTIAL_GAP	PARTIAL_GAP	LOW	READY_CANDIDATE	LONG_DESCRIPTION	EXACT_PRODUCT; coverage=PARTIAL_GAP; ownership=SKU_SPECIFIC; observed slices=1.	0.95	YES
2183921966	1831102037	бог	AMBIGUOUS_HOLD	69.0	0.0	0.0	GAP_PRESENT	GAP_PRESENT	MEDIUM	HOLD_AMBIGUOUS	HOLD	AMBIGUOUS_HOLD; coverage=GAP_PRESENT; ownership=UNCLEAR; observed slices=1.	0.42	YES
2183921966	1831102037	брелок в машину на зеркало славянский символ алатырь	NEIGHBOR_PRODUCT	1.0	0.0	871.0	NOT_APPLICABLE	NOT_APPLICABLE	LOW	REJECT_NEIGHBOR	NONE	NEIGHBOR_PRODUCT; coverage=NOT_APPLICABLE; ownership=EXCLUDED; observed slices=1.	0.96	NO
2183921966	1831102037	брелок славянский оберег	FAMILY_RELEVANT	5.0	0.0	0.0	GAP_PRESENT	GAP_PRESENT	LOW	FAMILY_CANDIDATE	LONG_DESCRIPTION	FAMILY_RELEVANT; coverage=GAP_PRESENT; ownership=FAMILY_SHARED; observed slices=1.	0.86	YES
2183921966	1831102037	в машину на удачу	GENERIC_RELEVANT	2.0	0.0	0.0	GAP_PRESENT	GAP_PRESENT	LOW	FAMILY_CANDIDATE	LONG_DESCRIPTION	GENERIC_RELEVANT; coverage=GAP_PRESENT; ownership=FAMILY_SHARED; observed slices=1.	0.76	YES
2183921966	1831102037	в машину оберег	GENERIC_RELEVANT	4.0	0.0	0.0	GAP_PRESENT	GAP_PRESENT	LOW	FAMILY_CANDIDATE	LONG_DESCRIPTION	GENERIC_RELEVANT; coverage=GAP_PRESENT; ownership=FAMILY_SHARED; observed slices=1.	0.76	YES
2183921966	1831102037	велес	NEIGHBOR_PRODUCT	1177.0	0.0	0.0	NOT_APPLICABLE	NOT_APPLICABLE	LOW	REJECT_NEIGHBOR	NONE	NEIGHBOR_PRODUCT; coverage=NOT_APPLICABLE; ownership=SKU_SPECIFIC; observed slices=1.	0.96	NO
2183921966	1831102037	для машины оберег	GENERIC_RELEVANT	2.0	0.0	0.0	GAP_PRESENT	GAP_PRESENT	LOW	FAMILY_CANDIDATE	LONG_DESCRIPTION	GENERIC_RELEVANT; coverage=GAP_PRESENT; ownership=FAMILY_SHARED; observed slices=1.	0.76	YES
2183921966	1831102037	зеркало для гадания	GENERIC_RELEVANT	6.0	0.0	0.0	GAP_PRESENT	GAP_PRESENT	LOW	FAMILY_CANDIDATE	LONG_DESCRIPTION	GENERIC_RELEVANT; coverage=GAP_PRESENT; ownership=STORE_GENERIC; observed slices=1.	0.76	YES
2183921966	1831102037	зеркальная защита амулет	GENERIC_RELEVANT	13.0	0.0	0.0	GAP_PRESENT	GAP_PRESENT	LOW	FAMILY_CANDIDATE	LONG_DESCRIPTION	GENERIC_RELEVANT; coverage=GAP_PRESENT; ownership=STORE_GENERIC; observed slices=1.	0.76	YES
2183921966	1831102037	коловрат	AMBIGUOUS_HOLD	1932.0	0.0	0.0	GAP_PRESENT	GAP_PRESENT	MEDIUM	HOLD_AMBIGUOUS	HOLD	AMBIGUOUS_HOLD; coverage=GAP_PRESENT; ownership=UNCLEAR; observed slices=1.	0.42	YES
2183921966	1831102037	коловрат подвеска	GENERIC_RELEVANT	667.0	0.0	0.0	GAP_PRESENT	GAP_PRESENT	LOW	FAMILY_CANDIDATE	LONG_DESCRIPTION	GENERIC_RELEVANT; coverage=GAP_PRESENT; ownership=STORE_GENERIC; observed slices=1.	0.72	YES
2183921966	1831102037	машинки с подвеской	GENERIC_RELEVANT	5.0	0.0	0.0	GAP_PRESENT	GAP_PRESENT	LOW	FAMILY_CANDIDATE	LONG_DESCRIPTION	GENERIC_RELEVANT; coverage=GAP_PRESENT; ownership=STORE_GENERIC; observed slices=1.	0.76	YES
2183921966	1831102037	молот сварога подвеска	NEIGHBOR_PRODUCT	9.0	0.0	0.0	NOT_APPLICABLE	NOT_APPLICABLE	LOW	REJECT_NEIGHBOR	NONE	NEIGHBOR_PRODUCT; coverage=NOT_APPLICABLE; ownership=EXCLUDED; observed slices=1.	0.96	NO
2183921966	1831102037	оберег	GENERIC_RELEVANT	4516.0	0.0	0.0	GAP_PRESENT	GAP_PRESENT	LOW	FAMILY_CANDIDATE	LONG_DESCRIPTION	GENERIC_RELEVANT; coverage=GAP_PRESENT; ownership=STORE_GENERIC; observed slices=2.	0.72	YES
2183921966	1831102037	оберег в машину	GENERIC_RELEVANT	1190.0	0.0	0.0	GAP_PRESENT	GAP_PRESENT	LOW	FAMILY_CANDIDATE	LONG_DESCRIPTION	GENERIC_RELEVANT; coverage=GAP_PRESENT; ownership=STORE_GENERIC; observed slices=2.	0.76	YES
2183921966	1831102037	оберег зеркало	GENERIC_RELEVANT	10.0	0.0	0.0	GAP_PRESENT	GAP_PRESENT	LOW	FAMILY_CANDIDATE	LONG_DESCRIPTION	GENERIC_RELEVANT; coverage=GAP_PRESENT; ownership=FAMILY_SHARED; observed slices=1.	0.76	YES
2183921966	1831102037	оберег коловрат	GENERIC_RELEVANT	1.0	0.0	0.0	GAP_PRESENT	GAP_PRESENT	LOW	FAMILY_CANDIDATE	LONG_DESCRIPTION	GENERIC_RELEVANT; coverage=GAP_PRESENT; ownership=FAMILY_SHARED; observed slices=1.	0.72	YES
2183921966	1831102037	оберег на руку	GENERIC_RELEVANT	19.0	0.0	0.0	GAP_PRESENT	GAP_PRESENT	LOW	FAMILY_CANDIDATE	LONG_DESCRIPTION	GENERIC_RELEVANT; coverage=GAP_PRESENT; ownership=FAMILY_SHARED; observed slices=1.	0.72	YES
2183921966	1831102037	оберег перун в машину	NEIGHBOR_PRODUCT	1.0	0.0	571.56	NOT_APPLICABLE	NOT_APPLICABLE	LOW	REJECT_NEIGHBOR	NONE	NEIGHBOR_PRODUCT; coverage=NOT_APPLICABLE; ownership=EXCLUDED; observed slices=1.	0.96	NO
2183921966	1831102037	оберег перуна	GENERIC_RELEVANT	12.0	0.0	0.0	GAP_PRESENT	GAP_PRESENT	LOW	FAMILY_CANDIDATE	LONG_DESCRIPTION	GENERIC_RELEVANT; coverage=GAP_PRESENT; ownership=FAMILY_SHARED; observed slices=1.	0.72	YES
2183921966	1831102037	оберег сварга	GENERIC_RELEVANT	0.0	0.0	628.0	GAP_PRESENT	GAP_PRESENT	LOW	FAMILY_CANDIDATE	LONG_DESCRIPTION	GENERIC_RELEVANT; coverage=GAP_PRESENT; ownership=FAMILY_SHARED; observed slices=2.	0.72	YES
2183921966	1831102037	оберег славянский	FAMILY_RELEVANT	285.0	0.0	0.0	GAP_PRESENT	GAP_PRESENT	LOW	FAMILY_CANDIDATE	LONG_DESCRIPTION	FAMILY_RELEVANT; coverage=GAP_PRESENT; ownership=FAMILY_SHARED; observed slices=1.	0.86	YES
2183921966	1831102037	обереги	GENERIC_RELEVANT	680.0	0.0	0.0	GAP_PRESENT	GAP_PRESENT	LOW	FAMILY_CANDIDATE	LONG_DESCRIPTION	GENERIC_RELEVANT; coverage=GAP_PRESENT; ownership=STORE_GENERIC; observed slices=2.	0.72	YES
2183921966	1831102037	оружие в машину	GENERIC_RELEVANT	2.0	0.0	0.0	GAP_PRESENT	GAP_PRESENT	LOW	FAMILY_CANDIDATE	LONG_DESCRIPTION	GENERIC_RELEVANT; coverage=GAP_PRESENT; ownership=FAMILY_SHARED; observed slices=1.	0.76	YES
2183921966	1831102037	перук	AMBIGUOUS_HOLD	1.0	0.0	0.0	GAP_PRESENT	GAP_PRESENT	MEDIUM	HOLD_AMBIGUOUS	HOLD	AMBIGUOUS_HOLD; coverage=GAP_PRESENT; ownership=UNCLEAR; observed slices=1.	0.42	YES
2183921966	1831102037	перун	NEIGHBOR_PRODUCT	488.0	0.0	0.0	NOT_APPLICABLE	NOT_APPLICABLE	LOW	REJECT_NEIGHBOR	NONE	NEIGHBOR_PRODUCT; coverage=NOT_APPLICABLE; ownership=SKU_SPECIFIC; observed slices=1.	0.96	NO
2183921966	1831102037	перуница оберег	GENERIC_RELEVANT	7.0	0.0	0.0	GAP_PRESENT	GAP_PRESENT	LOW	FAMILY_CANDIDATE	LONG_DESCRIPTION	GENERIC_RELEVANT; coverage=GAP_PRESENT; ownership=FAMILY_SHARED; observed slices=1.	0.72	YES
2183921966	1831102037	повесить в машину	GENERIC_RELEVANT	5.0	0.0	0.0	GAP_PRESENT	GAP_PRESENT	LOW	FAMILY_CANDIDATE	LONG_DESCRIPTION	GENERIC_RELEVANT; coverage=GAP_PRESENT; ownership=FAMILY_SHARED; observed slices=1.	0.76	YES
2183921966	1831102037	подвеска в машину	GENERIC_RELEVANT	3171.0	0.0	0.0	GAP_PRESENT	GAP_PRESENT	LOW	FAMILY_CANDIDATE	LONG_DESCRIPTION	GENERIC_RELEVANT; coverage=GAP_PRESENT; ownership=STORE_GENERIC; observed slices=2.	0.76	YES
2183921966	1831102037	подвеска в машину на зеркало	GENERIC_RELEVANT	6256.0	0.0	0.0	GAP_PRESENT	GAP_PRESENT	LOW	FAMILY_CANDIDATE	LONG_DESCRIPTION	GENERIC_RELEVANT; coverage=GAP_PRESENT; ownership=STORE_GENERIC; observed slices=2.	0.76	YES
2183921966	1831102037	подвеска из дерева в машину	GENERIC_RELEVANT	3.0	0.0	0.0	GAP_PRESENT	GAP_PRESENT	LOW	FAMILY_CANDIDATE	LONG_DESCRIPTION	GENERIC_RELEVANT; coverage=GAP_PRESENT; ownership=STORE_GENERIC; observed slices=1.	0.76	YES
2183921966	1831102037	подвеска на зеркало в машине	GENERIC_RELEVANT	2.0	0.0	0.0	GAP_PRESENT	GAP_PRESENT	LOW	FAMILY_CANDIDATE	LONG_DESCRIPTION	GENERIC_RELEVANT; coverage=GAP_PRESENT; ownership=STORE_GENERIC; observed slices=1.	0.76	YES
2183921966	1831102037	подвеска на зеркало в машину	GENERIC_RELEVANT	1288.0	0.0	0.0	GAP_PRESENT	GAP_PRESENT	LOW	FAMILY_CANDIDATE	LONG_DESCRIPTION	GENERIC_RELEVANT; coverage=GAP_PRESENT; ownership=STORE_GENERIC; observed slices=1.	0.76	YES
2183921966	1831102037	подвеска на зеркало в машину ссср	GENERIC_RELEVANT	1.0	0.0	0.0	GAP_PRESENT	GAP_PRESENT	LOW	FAMILY_CANDIDATE	LONG_DESCRIPTION	GENERIC_RELEVANT; coverage=GAP_PRESENT; ownership=STORE_GENERIC; observed slices=1.	0.76	YES
2183921966	1831102037	подвеска на зеркало машины	GENERIC_RELEVANT	5.0	0.0	0.0	GAP_PRESENT	GAP_PRESENT	LOW	FAMILY_CANDIDATE	LONG_DESCRIPTION	GENERIC_RELEVANT; coverage=GAP_PRESENT; ownership=STORE_GENERIC; observed slices=1.	0.76	YES
2183921966	1831102037	подвеска оберег от сглаза	GENERIC_RELEVANT	4.0	0.0	0.0	GAP_PRESENT	GAP_PRESENT	LOW	FAMILY_CANDIDATE	LONG_DESCRIPTION	GENERIC_RELEVANT; coverage=GAP_PRESENT; ownership=FAMILY_SHARED; observed slices=1.	0.72	YES
2183921966	1831102037	семейный очаг песок	AMBIGUOUS_HOLD	2.0	0.0	0.0	GAP_PRESENT	GAP_PRESENT	MEDIUM	HOLD_AMBIGUOUS	HOLD	AMBIGUOUS_HOLD; coverage=GAP_PRESENT; ownership=UNCLEAR; observed slices=1.	0.42	YES
2183921966	1831102037	славянские обереги	FAMILY_RELEVANT	1149.0	0.0	735.0	GAP_PRESENT	GAP_PRESENT	LOW	FAMILY_CANDIDATE	LONG_DESCRIPTION	FAMILY_RELEVANT; coverage=GAP_PRESENT; ownership=FAMILY_SHARED; observed slices=2.	0.86	YES
2183921966	1831102037	славянские обереги мужские	FAMILY_RELEVANT	444.0	0.0	0.0	GAP_PRESENT	GAP_PRESENT	LOW	FAMILY_CANDIDATE	LONG_DESCRIPTION	FAMILY_RELEVANT; coverage=GAP_PRESENT; ownership=FAMILY_SHARED; observed slices=1.	0.86	YES
2183921966	1831102037	славянский оберег	FAMILY_RELEVANT	608.0	0.0	0.0	GAP_PRESENT	GAP_PRESENT	LOW	FAMILY_CANDIDATE	LONG_DESCRIPTION	FAMILY_RELEVANT; coverage=GAP_PRESENT; ownership=FAMILY_SHARED; observed slices=1.	0.86	YES
2183921966	1831102037	славянский оберег велес	NEIGHBOR_PRODUCT	2.0	0.0	0.0	NOT_APPLICABLE	NOT_APPLICABLE	LOW	REJECT_NEIGHBOR	NONE	NEIGHBOR_PRODUCT; coverage=NOT_APPLICABLE; ownership=EXCLUDED; observed slices=1.	0.96	NO
2183921966	1831102037	славянский оберег женский	FAMILY_RELEVANT	50.0	0.0	0.0	GAP_PRESENT	GAP_PRESENT	LOW	FAMILY_CANDIDATE	LONG_DESCRIPTION	FAMILY_RELEVANT; coverage=GAP_PRESENT; ownership=FAMILY_SHARED; observed slices=1.	0.86	YES
2183985513	1831181558	авто подвеска на зеркало	GENERIC_RELEVANT	2.0	0.0	0.0	GAP_PRESENT	GAP_PRESENT	LOW	FAMILY_CANDIDATE	LONG_DESCRIPTION	GENERIC_RELEVANT; coverage=GAP_PRESENT; ownership=STORE_GENERIC; observed slices=1.	0.76	YES
2183985513	1831181558	адыгейские украшения подвески на зеркало для машины	GENERIC_RELEVANT	1.0	0.0	0.0	GAP_PRESENT	GAP_PRESENT	LOW	FAMILY_CANDIDATE	LONG_DESCRIPTION	GENERIC_RELEVANT; coverage=GAP_PRESENT; ownership=FAMILY_SHARED; observed slices=1.	0.76	YES
2183985513	1831181558	амулет	GENERIC_RELEVANT	575.0	0.0	0.0	GAP_PRESENT	GAP_PRESENT	LOW	FAMILY_CANDIDATE	LONG_DESCRIPTION	GENERIC_RELEVANT; coverage=GAP_PRESENT; ownership=STORE_GENERIC; observed slices=1.	0.72	YES
2183985513	1831181558	амулет в машину	GENERIC_RELEVANT	92.0	0.0	0.0	GAP_PRESENT	GAP_PRESENT	LOW	FAMILY_CANDIDATE	LONG_DESCRIPTION	GENERIC_RELEVANT; coverage=GAP_PRESENT; ownership=STORE_GENERIC; observed slices=1.	0.76	YES
2183985513	1831181558	амулет оберег	GENERIC_RELEVANT	13.0	0.0	0.0	GAP_PRESENT	GAP_PRESENT	LOW	FAMILY_CANDIDATE	LONG_DESCRIPTION	GENERIC_RELEVANT; coverage=GAP_PRESENT; ownership=STORE_GENERIC; observed slices=1.	0.72	YES
2183985513	1831181558	амулет от сглаза брелок в машину на зеркало	GENERIC_RELEVANT	1.0	0.0	0.0	GAP_PRESENT	GAP_PRESENT	LOW	FAMILY_CANDIDATE	LONG_DESCRIPTION	GENERIC_RELEVANT; coverage=GAP_PRESENT; ownership=FAMILY_SHARED; observed slices=1.	0.76	YES
2183985513	1831181558	амулетом на машину	GENERIC_RELEVANT	0.0	0.0	0.0	GAP_PRESENT	GAP_PRESENT	LOW	FAMILY_CANDIDATE	LONG_DESCRIPTION	GENERIC_RELEVANT; coverage=GAP_PRESENT; ownership=STORE_GENERIC; observed slices=1.	0.76	YES
2183985513	1831181558	амулеты обереги и талисманы	GENERIC_RELEVANT	631.0	0.0	0.0	GAP_PRESENT	GAP_PRESENT	LOW	FAMILY_CANDIDATE	LONG_DESCRIPTION	GENERIC_RELEVANT; coverage=GAP_PRESENT; ownership=STORE_GENERIC; observed slices=2.	0.72	YES
2183985513	1831181558	аниме подвеска в машину на зеркало	GENERIC_RELEVANT	1.0	0.0	0.0	GAP_PRESENT	GAP_PRESENT	LOW	FAMILY_CANDIDATE	LONG_DESCRIPTION	GENERIC_RELEVANT; coverage=GAP_PRESENT; ownership=FAMILY_SHARED; observed slices=1.	0.76	YES
2183985513	1831181558	аодвеска зеркало	GENERIC_RELEVANT	0.0	0.0	0.0	GAP_PRESENT	GAP_PRESENT	LOW	FAMILY_CANDIDATE	LONG_DESCRIPTION	GENERIC_RELEVANT; coverage=GAP_PRESENT; ownership=STORE_GENERIC; observed slices=1.	0.76	YES
2183985513	1831181558	бог	AMBIGUOUS_HOLD	207.0	0.0	0.0	GAP_PRESENT	GAP_PRESENT	MEDIUM	HOLD_AMBIGUOUS	HOLD	AMBIGUOUS_HOLD; coverage=GAP_PRESENT; ownership=UNCLEAR; observed slices=1.	0.42	YES
2183985513	1831181558	бог амулет	GENERIC_RELEVANT	1.0	0.0	0.0	GAP_PRESENT	GAP_PRESENT	LOW	FAMILY_CANDIDATE	LONG_DESCRIPTION	GENERIC_RELEVANT; coverage=GAP_PRESENT; ownership=FAMILY_SHARED; observed slices=1.	0.72	YES
2183985513	1831181558	бог омулет	AMBIGUOUS_HOLD	0.0	0.0	0.0	GAP_PRESENT	GAP_PRESENT	MEDIUM	HOLD_AMBIGUOUS	HOLD	AMBIGUOUS_HOLD; coverage=GAP_PRESENT; ownership=UNCLEAR; observed slices=1.	0.42	YES
2183985513	1831181558	боковые зеркала на машину спасио 1999	GENERIC_RELEVANT	1.0	0.0	0.0	GAP_PRESENT	GAP_PRESENT	LOW	FAMILY_CANDIDATE	LONG_DESCRIPTION	GENERIC_RELEVANT; coverage=GAP_PRESENT; ownership=STORE_GENERIC; observed slices=1.	0.76	YES
2183985513	1831181558	браслет из перу	AMBIGUOUS_HOLD	0.0	0.0	0.0	GAP_PRESENT	GAP_PRESENT	MEDIUM	HOLD_AMBIGUOUS	HOLD	AMBIGUOUS_HOLD; coverage=GAP_PRESENT; ownership=UNCLEAR; observed slices=1.	0.42	YES
2183985513	1831181558	брелок в машину на зеркало	GENERIC_RELEVANT	247.0	0.0	0.0	GAP_PRESENT	GAP_PRESENT	LOW	FAMILY_CANDIDATE	LONG_DESCRIPTION	GENERIC_RELEVANT; coverage=GAP_PRESENT; ownership=STORE_GENERIC; observed slices=1.	0.76	YES
2183985513	1831181558	брелок для ключей с перун	EXACT_PRODUCT	0.0	0.0	0.0	PARTIAL_GAP	PARTIAL_GAP	LOW	READY_CANDIDATE	LONG_DESCRIPTION	EXACT_PRODUCT; coverage=PARTIAL_GAP; ownership=SKU_SPECIFIC; observed slices=1.	0.95	YES
2183985513	1831181558	брелок на машину звезда воровская на зеркало	NEIGHBOR_PRODUCT	1.0	0.0	0.0	NOT_APPLICABLE	NOT_APPLICABLE	LOW	REJECT_NEIGHBOR	NONE	NEIGHBOR_PRODUCT; coverage=NOT_APPLICABLE; ownership=EXCLUDED; observed slices=1.	0.96	NO
2183985513	1831181558	брелок перу	AMBIGUOUS_HOLD	0.0	0.0	0.0	GAP_PRESENT	GAP_PRESENT	MEDIUM	HOLD_AMBIGUOUS	HOLD	AMBIGUOUS_HOLD; coverage=GAP_PRESENT; ownership=UNCLEAR; observed slices=1.	0.42	YES
2183985513	1831181558	брелок узбекистан на машину	GENERIC_RELEVANT	1.0	0.0	0.0	GAP_PRESENT	GAP_PRESENT	LOW	FAMILY_CANDIDATE	LONG_DESCRIPTION	GENERIC_RELEVANT; coverage=GAP_PRESENT; ownership=FAMILY_SHARED; observed slices=1.	0.76	YES
2183985513	1831181558	бусина от сглаза на зеркало машины	GENERIC_RELEVANT	0.0	0.0	0.0	GAP_PRESENT	GAP_PRESENT	LOW	FAMILY_CANDIDATE	LONG_DESCRIPTION	GENERIC_RELEVANT; coverage=GAP_PRESENT; ownership=STORE_GENERIC; observed slices=1.	0.76	YES
2183985513	1831181558	в машину на зеркало подвеска	GENERIC_RELEVANT	13.0	0.0	0.0	GAP_PRESENT	GAP_PRESENT	LOW	FAMILY_CANDIDATE	LONG_DESCRIPTION	GENERIC_RELEVANT; coverage=GAP_PRESENT; ownership=STORE_GENERIC; observed slices=1.	0.76	YES
2183985513	1831181558	в машину на зеркало подвеска женская	GENERIC_RELEVANT	3.0	0.0	0.0	GAP_PRESENT	GAP_PRESENT	LOW	FAMILY_CANDIDATE	LONG_DESCRIPTION	GENERIC_RELEVANT; coverage=GAP_PRESENT; ownership=FAMILY_SHARED; observed slices=1.	0.76	YES
2183985513	1831181558	висюлька в машину на зеркало тайота четки	GENERIC_RELEVANT	1.0	0.0	0.0	GAP_PRESENT	GAP_PRESENT	LOW	FAMILY_CANDIDATE	LONG_DESCRIPTION	GENERIC_RELEVANT; coverage=GAP_PRESENT; ownership=STORE_GENERIC; observed slices=1.	0.76	YES
2183985513	1831181558	висюлька на зеркало в машину белая пушистая	GENERIC_RELEVANT	0.0	0.0	0.0	GAP_PRESENT	GAP_PRESENT	LOW	FAMILY_CANDIDATE	LONG_DESCRIPTION	GENERIC_RELEVANT; coverage=GAP_PRESENT; ownership=STORE_GENERIC; observed slices=1.	0.76	YES
2183985513	1831181558	висючка в машину на зеркало люстра	GENERIC_RELEVANT	0.0	0.0	0.0	GAP_PRESENT	GAP_PRESENT	LOW	FAMILY_CANDIDATE	LONG_DESCRIPTION	GENERIC_RELEVANT; coverage=GAP_PRESENT; ownership=STORE_GENERIC; observed slices=1.	0.76	YES
2183985513	1831181558	висючка в машину на зеркало мчс	GENERIC_RELEVANT	1.0	0.0	0.0	GAP_PRESENT	GAP_PRESENT	LOW	FAMILY_CANDIDATE	LONG_DESCRIPTION	GENERIC_RELEVANT; coverage=GAP_PRESENT; ownership=FAMILY_SHARED; observed slices=1.	0.76	YES
2183985513	1831181558	военный оберег	GENERIC_RELEVANT	2.0	0.0	0.0	GAP_PRESENT	GAP_PRESENT	LOW	FAMILY_CANDIDATE	LONG_DESCRIPTION	GENERIC_RELEVANT; coverage=GAP_PRESENT; ownership=FAMILY_SHARED; observed slices=1.	0.72	YES
2183985513	1831181558	вонючка дельфин в машину синяя на зеркало	GENERIC_RELEVANT	0.0	0.0	0.0	GAP_PRESENT	GAP_PRESENT	LOW	FAMILY_CANDIDATE	LONG_DESCRIPTION	GENERIC_RELEVANT; coverage=GAP_PRESENT; ownership=STORE_GENERIC; observed slices=1.	0.76	YES
2183985513	1831181558	гобелен перун	EXACT_PRODUCT	2.0	0.0	0.0	PARTIAL_GAP	PARTIAL_GAP	LOW	READY_CANDIDATE	LONG_DESCRIPTION	EXACT_PRODUCT; coverage=PARTIAL_GAP; ownership=SKU_SPECIFIC; observed slices=1.	0.95	YES
2183985513	1831181558	деревянные славянские боги	FAMILY_RELEVANT	1.0	0.0	0.0	GAP_PRESENT	GAP_PRESENT	LOW	FAMILY_CANDIDATE	LONG_DESCRIPTION	FAMILY_RELEVANT; coverage=GAP_PRESENT; ownership=FAMILY_SHARED; observed slices=1.	0.86	YES
2183985513	1831181558	зеркало толи	GENERIC_RELEVANT	3.0	0.0	0.0	GAP_PRESENT	GAP_PRESENT	LOW	FAMILY_CANDIDATE	LONG_DESCRIPTION	GENERIC_RELEVANT; coverage=GAP_PRESENT; ownership=STORE_GENERIC; observed slices=1.	0.76	YES
2183985513	1831181558	коловрат подвеска	GENERIC_RELEVANT	172.0	0.0	0.0	GAP_PRESENT	GAP_PRESENT	LOW	FAMILY_CANDIDATE	LONG_DESCRIPTION	GENERIC_RELEVANT; coverage=GAP_PRESENT; ownership=STORE_GENERIC; observed slices=1.	0.72	YES
2183985513	1831181558	кружка перун	EXACT_PRODUCT	2.0	0.0	0.0	PARTIAL_GAP	PARTIAL_GAP	LOW	READY_CANDIDATE	LONG_DESCRIPTION	EXACT_PRODUCT; coverage=PARTIAL_GAP; ownership=SKU_SPECIFIC; observed slices=1.	0.95	YES
2183985513	1831181558	кумит бога перуна	PARTIAL_RELEVANCE	1.0	0.0	699.0	PARTIAL_GAP	PARTIAL_GAP	MEDIUM	HOLD_AMBIGUOUS	HOLD	PARTIAL_RELEVANCE; coverage=PARTIAL_GAP; ownership=UNCLEAR; observed slices=1.	0.60	YES
2183985513	1831181558	оберег	GENERIC_RELEVANT	2482.0	0.0	0.0	GAP_PRESENT	GAP_PRESENT	LOW	FAMILY_CANDIDATE	LONG_DESCRIPTION	GENERIC_RELEVANT; coverage=GAP_PRESENT; ownership=STORE_GENERIC; observed slices=1.	0.72	YES
2183985513	1831181558	оберег в машину	GENERIC_RELEVANT	483.0	0.0	0.0	GAP_PRESENT	GAP_PRESENT	LOW	FAMILY_CANDIDATE	LONG_DESCRIPTION	GENERIC_RELEVANT; coverage=GAP_PRESENT; ownership=STORE_GENERIC; observed slices=1.	0.76	YES
2183985513	1831181558	оберег на зеркало в машину	GENERIC_RELEVANT	4.0	0.0	0.0	GAP_PRESENT	GAP_PRESENT	LOW	FAMILY_CANDIDATE	LONG_DESCRIPTION	GENERIC_RELEVANT; coverage=GAP_PRESENT; ownership=STORE_GENERIC; observed slices=1.	0.76	YES
2183985513	1831181558	обереготсглаза	GENERIC_RELEVANT	0.0	0.0	0.0	GAP_PRESENT	GAP_PRESENT	LOW	FAMILY_CANDIDATE	LONG_DESCRIPTION	GENERIC_RELEVANT; coverage=GAP_PRESENT; ownership=STORE_GENERIC; observed slices=1.	0.72	YES
2183985513	1831181558	от сглаза	GENERIC_RELEVANT	478.0	0.0	0.0	GAP_PRESENT	GAP_PRESENT	LOW	FAMILY_CANDIDATE	LONG_DESCRIPTION	GENERIC_RELEVANT; coverage=GAP_PRESENT; ownership=STORE_GENERIC; observed slices=1.	0.72	YES
2183985513	1831181558	от сглаза и порчи оберег	GENERIC_RELEVANT	78.0	0.0	0.0	GAP_PRESENT	GAP_PRESENT	LOW	FAMILY_CANDIDATE	LONG_DESCRIPTION	GENERIC_RELEVANT; coverage=GAP_PRESENT; ownership=FAMILY_SHARED; observed slices=1.	0.72	YES
2183985513	1831181558	перун	EXACT_PRODUCT	488.0	0.0	642.0	NO_GAP	NO_GAP	LOW	NO_CHANGE	NONE	EXACT_PRODUCT; coverage=NO_GAP; ownership=SKU_SPECIFIC; observed slices=2.	0.95	NO
2183985513	1831181558	по правую руку бога	AMBIGUOUS_HOLD	6.0	0.0	0.0	GAP_PRESENT	GAP_PRESENT	MEDIUM	HOLD_AMBIGUOUS	HOLD	AMBIGUOUS_HOLD; coverage=GAP_PRESENT; ownership=UNCLEAR; observed slices=1.	0.42	YES
2183985513	1831181558	подвеска амулет	GENERIC_RELEVANT	4.0	0.0	0.0	GAP_PRESENT	GAP_PRESENT	LOW	FAMILY_CANDIDATE	LONG_DESCRIPTION	GENERIC_RELEVANT; coverage=GAP_PRESENT; ownership=FAMILY_SHARED; observed slices=1.	0.72	YES
2183985513	1831181558	подвеска в машину	GENERIC_RELEVANT	3171.0	0.0	0.0	GAP_PRESENT	GAP_PRESENT	LOW	FAMILY_CANDIDATE	LONG_DESCRIPTION	GENERIC_RELEVANT; coverage=GAP_PRESENT; ownership=STORE_GENERIC; observed slices=2.	0.76	YES
2183985513	1831181558	подвеска в машину на зеркало	GENERIC_RELEVANT	1367.0	0.0	0.0	GAP_PRESENT	GAP_PRESENT	LOW	FAMILY_CANDIDATE	LONG_DESCRIPTION	GENERIC_RELEVANT; coverage=GAP_PRESENT; ownership=STORE_GENERIC; observed slices=1.	0.76	YES
2183985513	1831181558	подвеска на зеркало в машину	GENERIC_RELEVANT	1307.0	0.0	0.0	GAP_PRESENT	GAP_PRESENT	LOW	FAMILY_CANDIDATE	LONG_DESCRIPTION	GENERIC_RELEVANT; coverage=GAP_PRESENT; ownership=STORE_GENERIC; observed slices=2.	0.76	YES
2183985513	1831181558	свеча перун	EXACT_PRODUCT	2.0	0.0	0.0	PARTIAL_GAP	PARTIAL_GAP	LOW	READY_CANDIDATE	LONG_DESCRIPTION	EXACT_PRODUCT; coverage=PARTIAL_GAP; ownership=SKU_SPECIFIC; observed slices=1.	0.95	YES
2183985513	1831181558	славянские обереги	FAMILY_RELEVANT	1080.0	0.0	0.0	GAP_PRESENT	GAP_PRESENT	LOW	FAMILY_CANDIDATE	LONG_DESCRIPTION	FAMILY_RELEVANT; coverage=GAP_PRESENT; ownership=FAMILY_SHARED; observed slices=2.	0.86	YES
2183985513	1831181558	славянские традиции	FAMILY_RELEVANT	3.0	0.0	0.0	GAP_PRESENT	GAP_PRESENT	LOW	FAMILY_CANDIDATE	LONG_DESCRIPTION	FAMILY_RELEVANT; coverage=GAP_PRESENT; ownership=FAMILY_SHARED; observed slices=1.	0.86	YES
2183985513	1831181558	славянскиеобереги	FAMILY_RELEVANT	0.0	0.0	0.0	GAP_PRESENT	GAP_PRESENT	LOW	FAMILY_CANDIDATE	LONG_DESCRIPTION	FAMILY_RELEVANT; coverage=GAP_PRESENT; ownership=FAMILY_SHARED; observed slices=1.	0.86	YES
2183985513	1831181558	славянский	FAMILY_RELEVANT	223.0	0.0	0.0	GAP_PRESENT	GAP_PRESENT	LOW	FAMILY_CANDIDATE	LONG_DESCRIPTION	FAMILY_RELEVANT; coverage=GAP_PRESENT; ownership=FAMILY_SHARED; observed slices=1.	0.86	YES
2183985513	1831181558	славянский оберег	FAMILY_RELEVANT	287.0	0.0	0.0	GAP_PRESENT	GAP_PRESENT	LOW	FAMILY_CANDIDATE	LONG_DESCRIPTION	FAMILY_RELEVANT; coverage=GAP_PRESENT; ownership=FAMILY_SHARED; observed slices=1.	0.86	YES
2183985513	1831181558	цепочка славянская	FAMILY_RELEVANT	10.0	0.0	0.0	GAP_PRESENT	GAP_PRESENT	LOW	FAMILY_CANDIDATE	LONG_DESCRIPTION	FAMILY_RELEVANT; coverage=GAP_PRESENT; ownership=FAMILY_SHARED; observed slices=1.	0.86	YES
2183985513	1831181558	четки славянские	FAMILY_RELEVANT	41.0	0.0	0.0	GAP_PRESENT	GAP_PRESENT	LOW	FAMILY_CANDIDATE	LONG_DESCRIPTION	FAMILY_RELEVANT; coverage=GAP_PRESENT; ownership=FAMILY_SHARED; observed slices=1.	0.86	YES
2184098058	1831327502	амулет славянский ветер	FAMILY_RELEVANT	1.0	0.0	0.0	GAP_PRESENT	GAP_PRESENT	LOW	FAMILY_CANDIDATE	LONG_DESCRIPTION	FAMILY_RELEVANT; coverage=GAP_PRESENT; ownership=FAMILY_SHARED; observed slices=1.	0.86	YES
2184098058	1831327502	амулеты обереги и талисманы	GENERIC_RELEVANT	224.0	0.0	0.0	GAP_PRESENT	GAP_PRESENT	LOW	FAMILY_CANDIDATE	LONG_DESCRIPTION	GENERIC_RELEVANT; coverage=GAP_PRESENT; ownership=STORE_GENERIC; observed slices=1.	0.72	YES
2184098058	1831327502	аодвеска зеркало	GENERIC_RELEVANT	0.0	0.0	0.0	GAP_PRESENT	GAP_PRESENT	LOW	FAMILY_CANDIDATE	LONG_DESCRIPTION	GENERIC_RELEVANT; coverage=GAP_PRESENT; ownership=STORE_GENERIC; observed slices=1.	0.76	YES
2184098058	1831327502	блестящий брелок в машину на зеркало ведьмочка	GENERIC_RELEVANT	1.0	0.0	0.0	GAP_PRESENT	GAP_PRESENT	LOW	FAMILY_CANDIDATE	LONG_DESCRIPTION	GENERIC_RELEVANT; coverage=GAP_PRESENT; ownership=STORE_GENERIC; observed slices=1.	0.76	YES
2184098058	1831327502	бог	AMBIGUOUS_HOLD	158.0	0.0	0.0	NO_GAP	NO_GAP	MEDIUM	HOLD_AMBIGUOUS	HOLD	AMBIGUOUS_HOLD; coverage=NO_GAP; ownership=UNCLEAR; observed slices=1.	0.42	YES
2184098058	1831327502	бог сварог в машину	NEIGHBOR_PRODUCT	1.0	0.0	0.0	NOT_APPLICABLE	NOT_APPLICABLE	LOW	REJECT_NEIGHBOR	NONE	NEIGHBOR_PRODUCT; coverage=NOT_APPLICABLE; ownership=EXCLUDED; observed slices=1.	0.96	NO
2184098058	1831327502	брелок в машину на зеркало славянский символ алатырь	NEIGHBOR_PRODUCT	1.0	0.0	0.0	NOT_APPLICABLE	NOT_APPLICABLE	LOW	REJECT_NEIGHBOR	NONE	NEIGHBOR_PRODUCT; coverage=NOT_APPLICABLE; ownership=EXCLUDED; observed slices=1.	0.96	NO
2184098058	1831327502	брошь славянские обереги	FAMILY_RELEVANT	1.0	0.0	0.0	GAP_PRESENT	GAP_PRESENT	LOW	FAMILY_CANDIDATE	LONG_DESCRIPTION	FAMILY_RELEVANT; coverage=GAP_PRESENT; ownership=FAMILY_SHARED; observed slices=1.	0.86	YES
2184098058	1831327502	бусина от сглаза на зеркало машины	GENERIC_RELEVANT	0.0	0.0	0.0	GAP_PRESENT	GAP_PRESENT	LOW	FAMILY_CANDIDATE	LONG_DESCRIPTION	GENERIC_RELEVANT; coverage=GAP_PRESENT; ownership=STORE_GENERIC; observed slices=1.	0.76	YES
2184098058	1831327502	додвеска в машину	GENERIC_RELEVANT	1.0	0.0	0.0	GAP_PRESENT	GAP_PRESENT	LOW	FAMILY_CANDIDATE	LONG_DESCRIPTION	GENERIC_RELEVANT; coverage=GAP_PRESENT; ownership=FAMILY_SHARED; observed slices=1.	0.76	YES
2184098058	1831327502	зеркало	GENERIC_RELEVANT	7498.0	0.0	0.0	GAP_PRESENT	GAP_PRESENT	LOW	FAMILY_CANDIDATE	LONG_DESCRIPTION	GENERIC_RELEVANT; coverage=GAP_PRESENT; ownership=STORE_GENERIC; observed slices=1.	0.76	YES
2184098058	1831327502	зеркало для гадания	GENERIC_RELEVANT	7.0	0.0	0.0	GAP_PRESENT	GAP_PRESENT	LOW	FAMILY_CANDIDATE	LONG_DESCRIPTION	GENERIC_RELEVANT; coverage=GAP_PRESENT; ownership=STORE_GENERIC; observed slices=1.	0.76	YES
2184098058	1831327502	зеркало заднего вида салонное	GENERIC_RELEVANT	398.0	0.0	0.0	GAP_PRESENT	GAP_PRESENT	LOW	FAMILY_CANDIDATE	LONG_DESCRIPTION	GENERIC_RELEVANT; coverage=GAP_PRESENT; ownership=STORE_GENERIC; observed slices=1.	0.76	YES
2184098058	1831327502	картина стрибо	AMBIGUOUS_HOLD	1.0	0.0	0.0	GAP_PRESENT	GAP_PRESENT	MEDIUM	HOLD_AMBIGUOUS	HOLD	AMBIGUOUS_HOLD; coverage=GAP_PRESENT; ownership=UNCLEAR; observed slices=1.	0.42	YES
2184098058	1831327502	коловрат в машину на зеркало	GENERIC_RELEVANT	2.0	0.0	0.0	GAP_PRESENT	GAP_PRESENT	LOW	FAMILY_CANDIDATE	LONG_DESCRIPTION	GENERIC_RELEVANT; coverage=GAP_PRESENT; ownership=STORE_GENERIC; observed slices=1.	0.76	YES
2184098058	1831327502	магическое зеркало	GENERIC_RELEVANT	40.0	0.0	0.0	GAP_PRESENT	GAP_PRESENT	LOW	FAMILY_CANDIDATE	LONG_DESCRIPTION	GENERIC_RELEVANT; coverage=GAP_PRESENT; ownership=STORE_GENERIC; observed slices=1.	0.76	YES
2184098058	1831327502	меловые ароматизаторы в автомобиль подвеска на зеркало	GENERIC_RELEVANT	1.0	0.0	0.0	GAP_PRESENT	GAP_PRESENT	LOW	FAMILY_CANDIDATE	LONG_DESCRIPTION	GENERIC_RELEVANT; coverage=GAP_PRESENT; ownership=FAMILY_SHARED; observed slices=1.	0.76	YES
2184098058	1831327502	мячик мягкий в машину на зеркало смайлик	GENERIC_RELEVANT	1.0	0.0	0.0	GAP_PRESENT	GAP_PRESENT	LOW	FAMILY_CANDIDATE	LONG_DESCRIPTION	GENERIC_RELEVANT; coverage=GAP_PRESENT; ownership=FAMILY_SHARED; observed slices=1.	0.76	YES
2184098058	1831327502	набор славянские боги дерево	FAMILY_RELEVANT	1.0	0.0	0.0	GAP_PRESENT	GAP_PRESENT	LOW	FAMILY_CANDIDATE	LONG_DESCRIPTION	FAMILY_RELEVANT; coverage=GAP_PRESENT; ownership=FAMILY_SHARED; observed slices=1.	0.86	YES
2184098058	1831327502	наклейки на машину стри	GENERIC_RELEVANT	0.0	0.0	0.0	GAP_PRESENT	GAP_PRESENT	LOW	FAMILY_CANDIDATE	LONG_DESCRIPTION	GENERIC_RELEVANT; coverage=GAP_PRESENT; ownership=FAMILY_SHARED; observed slices=1.	0.76	YES
2184098058	1831327502	оберег	GENERIC_RELEVANT	2494.0	0.0	0.0	GAP_PRESENT	GAP_PRESENT	LOW	FAMILY_CANDIDATE	LONG_DESCRIPTION	GENERIC_RELEVANT; coverage=GAP_PRESENT; ownership=STORE_GENERIC; observed slices=1.	0.72	YES
2184098058	1831327502	оберег в виде зеркала	GENERIC_RELEVANT	1.0	0.0	0.0	GAP_PRESENT	GAP_PRESENT	LOW	FAMILY_CANDIDATE	LONG_DESCRIPTION	GENERIC_RELEVANT; coverage=GAP_PRESENT; ownership=FAMILY_SHARED; observed slices=1.	0.76	YES
2184098058	1831327502	оберег в машину	GENERIC_RELEVANT	554.0	0.0	0.0	GAP_PRESENT	GAP_PRESENT	LOW	FAMILY_CANDIDATE	LONG_DESCRIPTION	GENERIC_RELEVANT; coverage=GAP_PRESENT; ownership=STORE_GENERIC; observed slices=1.	0.76	YES
2184098058	1831327502	оберег в машину на зеркало	GENERIC_RELEVANT	1.0	0.0	0.0	GAP_PRESENT	GAP_PRESENT	LOW	FAMILY_CANDIDATE	LONG_DESCRIPTION	GENERIC_RELEVANT; coverage=GAP_PRESENT; ownership=STORE_GENERIC; observed slices=1.	0.76	YES
2184098058	1831327502	оберег на машину куз тимэсен	GENERIC_RELEVANT	0.0	0.0	0.0	GAP_PRESENT	GAP_PRESENT	LOW	FAMILY_CANDIDATE	LONG_DESCRIPTION	GENERIC_RELEVANT; coverage=GAP_PRESENT; ownership=FAMILY_SHARED; observed slices=1.	0.76	YES
2184098058	1831327502	оберег на машину славянский	FAMILY_RELEVANT	0.0	0.0	0.0	GAP_PRESENT	GAP_PRESENT	LOW	FAMILY_CANDIDATE	LONG_DESCRIPTION	FAMILY_RELEVANT; coverage=GAP_PRESENT; ownership=FAMILY_SHARED; observed slices=1.	0.86	YES
2184098058	1831327502	оберег славянский в машину на стекло	FAMILY_RELEVANT	1.0	0.0	0.0	GAP_PRESENT	GAP_PRESENT	LOW	FAMILY_CANDIDATE	LONG_DESCRIPTION	FAMILY_RELEVANT; coverage=GAP_PRESENT; ownership=FAMILY_SHARED; observed slices=1.	0.86	YES
2184098058	1831327502	оберег чур славянский	FAMILY_RELEVANT	1.0	0.0	0.0	GAP_PRESENT	GAP_PRESENT	LOW	FAMILY_CANDIDATE	LONG_DESCRIPTION	FAMILY_RELEVANT; coverage=GAP_PRESENT; ownership=FAMILY_SHARED; observed slices=1.	0.86	YES
2184098058	1831327502	обереги	GENERIC_RELEVANT	153.0	0.0	0.0	GAP_PRESENT	GAP_PRESENT	LOW	FAMILY_CANDIDATE	LONG_DESCRIPTION	GENERIC_RELEVANT; coverage=GAP_PRESENT; ownership=STORE_GENERIC; observed slices=1.	0.72	YES
2184098058	1831327502	обереги и талисманы славянские	FAMILY_RELEVANT	3.0	0.0	0.0	GAP_PRESENT	GAP_PRESENT	LOW	FAMILY_CANDIDATE	LONG_DESCRIPTION	FAMILY_RELEVANT; coverage=GAP_PRESENT; ownership=FAMILY_SHARED; observed slices=1.	0.86	YES
2184098058	1831327502	обереги на автомобиль	GENERIC_RELEVANT	1.0	0.0	0.0	GAP_PRESENT	GAP_PRESENT	LOW	FAMILY_CANDIDATE	LONG_DESCRIPTION	GENERIC_RELEVANT; coverage=GAP_PRESENT; ownership=FAMILY_SHARED; observed slices=1.	0.76	YES
2184098058	1831327502	обереготсглаза	GENERIC_RELEVANT	0.0	0.0	0.0	GAP_PRESENT	GAP_PRESENT	LOW	FAMILY_CANDIDATE	LONG_DESCRIPTION	GENERIC_RELEVANT; coverage=GAP_PRESENT; ownership=STORE_GENERIC; observed slices=1.	0.72	YES
2184098058	1831327502	от сглаза	GENERIC_RELEVANT	110.0	0.0	0.0	GAP_PRESENT	GAP_PRESENT	LOW	FAMILY_CANDIDATE	LONG_DESCRIPTION	GENERIC_RELEVANT; coverage=GAP_PRESENT; ownership=STORE_GENERIC; observed slices=1.	0.72	YES
2184098058	1831327502	подвеска	GENERIC_RELEVANT	2404.0	0.0	0.0	GAP_PRESENT	GAP_PRESENT	LOW	FAMILY_CANDIDATE	LONG_DESCRIPTION	GENERIC_RELEVANT; coverage=GAP_PRESENT; ownership=STORE_GENERIC; observed slices=1.	0.72	YES
2184098058	1831327502	подвеска авто салон	GENERIC_RELEVANT	0.0	0.0	0.0	GAP_PRESENT	GAP_PRESENT	LOW	FAMILY_CANDIDATE	LONG_DESCRIPTION	GENERIC_RELEVANT; coverage=GAP_PRESENT; ownership=FAMILY_SHARED; observed slices=1.	0.76	YES
2184098058	1831327502	подвеска брелок на зеркало в машину мячь баскетбольный	GENERIC_RELEVANT	1.0	0.0	0.0	GAP_PRESENT	GAP_PRESENT	LOW	FAMILY_CANDIDATE	LONG_DESCRIPTION	GENERIC_RELEVANT; coverage=GAP_PRESENT; ownership=FAMILY_SHARED; observed slices=1.	0.76	YES
2184098058	1831327502	подвеска в авто на зеркало руны	GENERIC_RELEVANT	1.0	0.0	0.0	GAP_PRESENT	GAP_PRESENT	LOW	FAMILY_CANDIDATE	LONG_DESCRIPTION	GENERIC_RELEVANT; coverage=GAP_PRESENT; ownership=FAMILY_SHARED; observed slices=1.	0.76	YES
2184098058	1831327502	подвеска в машину	GENERIC_RELEVANT	3171.0	0.0	0.0	GAP_PRESENT	GAP_PRESENT	LOW	FAMILY_CANDIDATE	LONG_DESCRIPTION	GENERIC_RELEVANT; coverage=GAP_PRESENT; ownership=STORE_GENERIC; observed slices=2.	0.76	YES
2184098058	1831327502	подвеска в машину на зеркало мужская футбол зенит	GENERIC_RELEVANT	1.0	0.0	0.0	GAP_PRESENT	GAP_PRESENT	LOW	FAMILY_CANDIDATE	LONG_DESCRIPTION	GENERIC_RELEVANT; coverage=GAP_PRESENT; ownership=FAMILY_SHARED; observed slices=1.	0.76	YES
2184098058	1831327502	подвеска в машину на зеркало прик	GENERIC_RELEVANT	0.0	0.0	0.0	GAP_PRESENT	GAP_PRESENT	LOW	FAMILY_CANDIDATE	LONG_DESCRIPTION	GENERIC_RELEVANT; coverage=GAP_PRESENT; ownership=STORE_GENERIC; observed slices=1.	0.76	YES
2184098058	1831327502	подвеска в машину на зеркало руна	GENERIC_RELEVANT	0.0	0.0	0.0	GAP_PRESENT	GAP_PRESENT	LOW	FAMILY_CANDIDATE	LONG_DESCRIPTION	GENERIC_RELEVANT; coverage=GAP_PRESENT; ownership=STORE_GENERIC; observed slices=1.	0.76	YES
2184098058	1831327502	подвеска в машину на зеркало юрта	GENERIC_RELEVANT	0.0	0.0	0.0	GAP_PRESENT	GAP_PRESENT	LOW	FAMILY_CANDIDATE	LONG_DESCRIPTION	GENERIC_RELEVANT; coverage=GAP_PRESENT; ownership=STORE_GENERIC; observed slices=1.	0.76	YES
2184098058	1831327502	подвеска в машину род войск	GENERIC_RELEVANT	1.0	0.0	0.0	GAP_PRESENT	GAP_PRESENT	LOW	FAMILY_CANDIDATE	LONG_DESCRIPTION	GENERIC_RELEVANT; coverage=GAP_PRESENT; ownership=STORE_GENERIC; observed slices=1.	0.76	YES
2184098058	1831327502	подвеска для песка	GENERIC_RELEVANT	0.0	0.0	0.0	GAP_PRESENT	GAP_PRESENT	LOW	FAMILY_CANDIDATE	LONG_DESCRIPTION	GENERIC_RELEVANT; coverage=GAP_PRESENT; ownership=FAMILY_SHARED; observed slices=1.	0.72	YES
2184098058	1831327502	подвеска на зеркало в машину	GENERIC_RELEVANT	1059.0	0.0	0.0	GAP_PRESENT	GAP_PRESENT	LOW	FAMILY_CANDIDATE	LONG_DESCRIPTION	GENERIC_RELEVANT; coverage=GAP_PRESENT; ownership=STORE_GENERIC; observed slices=1.	0.76	YES
2184098058	1831327502	подвески на зеркало для авто	GENERIC_RELEVANT	1.0	0.0	0.0	GAP_PRESENT	GAP_PRESENT	LOW	FAMILY_CANDIDATE	LONG_DESCRIPTION	GENERIC_RELEVANT; coverage=GAP_PRESENT; ownership=FAMILY_SHARED; observed slices=1.	0.76	YES
2184098058	1831327502	сварог оберег в машину	NEIGHBOR_PRODUCT	1.0	0.0	0.0	NOT_APPLICABLE	NOT_APPLICABLE	LOW	REJECT_NEIGHBOR	NONE	NEIGHBOR_PRODUCT; coverage=NOT_APPLICABLE; ownership=EXCLUDED; observed slices=1.	0.96	NO
2184098058	1831327502	сварог подвеска	NEIGHBOR_PRODUCT	1.0	0.0	0.0	NOT_APPLICABLE	NOT_APPLICABLE	LOW	REJECT_NEIGHBOR	NONE	NEIGHBOR_PRODUCT; coverage=NOT_APPLICABLE; ownership=EXCLUDED; observed slices=1.	0.96	NO
2184098058	1831327502	сила	AMBIGUOUS_HOLD	108.0	0.0	0.0	GAP_PRESENT	GAP_PRESENT	MEDIUM	HOLD_AMBIGUOUS	HOLD	AMBIGUOUS_HOLD; coverage=GAP_PRESENT; ownership=UNCLEAR; observed slices=1.	0.42	YES
2184098058	1831327502	славянские боги дерево	FAMILY_RELEVANT	1.0	0.0	0.0	GAP_PRESENT	GAP_PRESENT	LOW	FAMILY_CANDIDATE	LONG_DESCRIPTION	FAMILY_RELEVANT; coverage=GAP_PRESENT; ownership=FAMILY_SHARED; observed slices=1.	0.86	YES
2184098058	1831327502	славянские оберег чернобог для мужчин	NEIGHBOR_PRODUCT	0.0	0.0	0.0	NOT_APPLICABLE	NOT_APPLICABLE	LOW	REJECT_NEIGHBOR	NONE	NEIGHBOR_PRODUCT; coverage=NOT_APPLICABLE; ownership=EXCLUDED; observed slices=1.	0.96	NO
2184098058	1831327502	славянские обереги	FAMILY_RELEVANT	794.0	0.0	0.0	GAP_PRESENT	GAP_PRESENT	LOW	FAMILY_CANDIDATE	LONG_DESCRIPTION	FAMILY_RELEVANT; coverage=GAP_PRESENT; ownership=FAMILY_SHARED; observed slices=2.	0.86	YES
2184098058	1831327502	славянские украшения	FAMILY_RELEVANT	260.0	0.0	0.0	GAP_PRESENT	GAP_PRESENT	LOW	FAMILY_CANDIDATE	LONG_DESCRIPTION	FAMILY_RELEVANT; coverage=GAP_PRESENT; ownership=FAMILY_SHARED; observed slices=1.	0.86	YES
2184098058	1831327502	славянскиеобереги	FAMILY_RELEVANT	0.0	0.0	0.0	GAP_PRESENT	GAP_PRESENT	LOW	FAMILY_CANDIDATE	LONG_DESCRIPTION	FAMILY_RELEVANT; coverage=GAP_PRESENT; ownership=FAMILY_SHARED; observed slices=1.	0.86	YES
2184098058	1831327502	славянский	FAMILY_RELEVANT	27.0	0.0	0.0	GAP_PRESENT	GAP_PRESENT	LOW	FAMILY_CANDIDATE	LONG_DESCRIPTION	FAMILY_RELEVANT; coverage=GAP_PRESENT; ownership=FAMILY_SHARED; observed slices=1.	0.86	YES
2184098058	1831327502	славянский оберег	FAMILY_RELEVANT	244.0	0.0	0.0	GAP_PRESENT	GAP_PRESENT	LOW	FAMILY_CANDIDATE	LONG_DESCRIPTION	FAMILY_RELEVANT; coverage=GAP_PRESENT; ownership=FAMILY_SHARED; observed slices=1.	0.86	YES
2184098058	1831327502	славянский талисман подвеска	FAMILY_RELEVANT	1.0	0.0	0.0	GAP_PRESENT	GAP_PRESENT	LOW	FAMILY_CANDIDATE	LONG_DESCRIPTION	FAMILY_RELEVANT; coverage=GAP_PRESENT; ownership=FAMILY_SHARED; observed slices=1.	0.86	YES
2184098058	1831327502	украшение автомобиля на зеркало	GENERIC_RELEVANT	1.0	0.0	0.0	GAP_PRESENT	GAP_PRESENT	LOW	FAMILY_CANDIDATE	LONG_DESCRIPTION	GENERIC_RELEVANT; coverage=GAP_PRESENT; ownership=STORE_GENERIC; observed slices=1.	0.76	YES
2184133137	1831377069	аксессуар в машину женское	GENERIC_RELEVANT	1.0	0.0	0.0	GAP_PRESENT	GAP_PRESENT	LOW	FAMILY_CANDIDATE	LONG_DESCRIPTION	GENERIC_RELEVANT; coverage=GAP_PRESENT; ownership=FAMILY_SHARED; observed slices=1.	0.76	YES
2184133137	1831377069	аксессуары салона авто	GENERIC_RELEVANT	0.0	0.0	0.0	GAP_PRESENT	GAP_PRESENT	LOW	FAMILY_CANDIDATE	LONG_DESCRIPTION	GENERIC_RELEVANT; coverage=GAP_PRESENT; ownership=FAMILY_SHARED; observed slices=1.	0.76	YES
2184133137	1831377069	амулет в машину от сглаза	GENERIC_RELEVANT	2.0	0.0	0.0	GAP_PRESENT	GAP_PRESENT	LOW	FAMILY_CANDIDATE	LONG_DESCRIPTION	GENERIC_RELEVANT; coverage=GAP_PRESENT; ownership=FAMILY_SHARED; observed slices=1.	0.76	YES
2184133137	1831377069	амулет на шею славянский	FAMILY_RELEVANT	2.0	0.0	0.0	GAP_PRESENT	GAP_PRESENT	LOW	FAMILY_CANDIDATE	LONG_DESCRIPTION	FAMILY_RELEVANT; coverage=GAP_PRESENT; ownership=FAMILY_SHARED; observed slices=1.	0.86	YES
2184133137	1831377069	амулет подвеска талисман	GENERIC_RELEVANT	1.0	0.0	0.0	GAP_PRESENT	GAP_PRESENT	LOW	FAMILY_CANDIDATE	LONG_DESCRIPTION	GENERIC_RELEVANT; coverage=GAP_PRESENT; ownership=STORE_GENERIC; observed slices=1.	0.72	YES
2184133137	1831377069	амулеты обереги и талисманы	GENERIC_RELEVANT	224.0	0.0	0.0	GAP_PRESENT	GAP_PRESENT	LOW	FAMILY_CANDIDATE	LONG_DESCRIPTION	GENERIC_RELEVANT; coverage=GAP_PRESENT; ownership=STORE_GENERIC; observed slices=1.	0.72	YES
2184133137	1831377069	амулеты обереги кулоны	GENERIC_RELEVANT	0.0	0.0	0.0	GAP_PRESENT	GAP_PRESENT	LOW	FAMILY_CANDIDATE	LONG_DESCRIPTION	GENERIC_RELEVANT; coverage=GAP_PRESENT; ownership=STORE_GENERIC; observed slices=1.	0.72	YES
2184133137	1831377069	армянский барабан на машину подвеска	GENERIC_RELEVANT	1.0	0.0	0.0	GAP_PRESENT	GAP_PRESENT	LOW	FAMILY_CANDIDATE	LONG_DESCRIPTION	GENERIC_RELEVANT; coverage=GAP_PRESENT; ownership=STORE_GENERIC; observed slices=1.	0.76	YES
2184133137	1831377069	брелок в машину на зеркало я свободен	GENERIC_RELEVANT	0.0	0.0	0.0	GAP_PRESENT	GAP_PRESENT	LOW	FAMILY_CANDIDATE	LONG_DESCRIPTION	GENERIC_RELEVANT; coverage=GAP_PRESENT; ownership=STORE_GENERIC; observed slices=1.	0.76	YES
2184133137	1831377069	брелок на авто славянская на зеркало	FAMILY_RELEVANT	1.0	0.0	0.0	GAP_PRESENT	GAP_PRESENT	LOW	FAMILY_CANDIDATE	LONG_DESCRIPTION	FAMILY_RELEVANT; coverage=GAP_PRESENT; ownership=FAMILY_SHARED; observed slices=1.	0.86	YES
2184133137	1831377069	брелок славянский	FAMILY_RELEVANT	142.0	0.0	0.0	GAP_PRESENT	GAP_PRESENT	LOW	FAMILY_CANDIDATE	LONG_DESCRIPTION	FAMILY_RELEVANT; coverage=GAP_PRESENT; ownership=FAMILY_SHARED; observed slices=1.	0.86	YES
2184133137	1831377069	брелок талисман славянский	FAMILY_RELEVANT	1.0	0.0	0.0	GAP_PRESENT	GAP_PRESENT	LOW	FAMILY_CANDIDATE	LONG_DESCRIPTION	FAMILY_RELEVANT; coverage=GAP_PRESENT; ownership=FAMILY_SHARED; observed slices=1.	0.86	YES
2184133137	1831377069	бусина от сглаза на зеркало машины	GENERIC_RELEVANT	0.0	0.0	0.0	GAP_PRESENT	GAP_PRESENT	LOW	FAMILY_CANDIDATE	LONG_DESCRIPTION	GENERIC_RELEVANT; coverage=GAP_PRESENT; ownership=STORE_GENERIC; observed slices=1.	0.76	YES
2184133137	1831377069	в машину амулет	GENERIC_RELEVANT	0.0	0.0	0.0	GAP_PRESENT	GAP_PRESENT	LOW	FAMILY_CANDIDATE	LONG_DESCRIPTION	GENERIC_RELEVANT; coverage=GAP_PRESENT; ownership=STORE_GENERIC; observed slices=1.	0.76	YES
2184133137	1831377069	в машину на зеркало	GENERIC_RELEVANT	67.0	0.0	0.0	GAP_PRESENT	GAP_PRESENT	LOW	FAMILY_CANDIDATE	LONG_DESCRIPTION	GENERIC_RELEVANT; coverage=GAP_PRESENT; ownership=STORE_GENERIC; observed slices=1.	0.76	YES
2184133137	1831377069	в машину подвеска на зеркало россия	GENERIC_RELEVANT	0.0	0.0	0.0	GAP_PRESENT	GAP_PRESENT	LOW	FAMILY_CANDIDATE	LONG_DESCRIPTION	GENERIC_RELEVANT; coverage=GAP_PRESENT; ownership=FAMILY_SHARED; observed slices=1.	0.76	YES
2184133137	1831377069	висюлька на зеркало в машину белая пушистая	GENERIC_RELEVANT	0.0	0.0	0.0	GAP_PRESENT	GAP_PRESENT	LOW	FAMILY_CANDIDATE	LONG_DESCRIPTION	GENERIC_RELEVANT; coverage=GAP_PRESENT; ownership=STORE_GENERIC; observed slices=1.	0.76	YES
2184133137	1831377069	деревянная бусина с стмволом макошь	EXACT_PRODUCT	0.0	0.0	0.0	PARTIAL_GAP	PARTIAL_GAP	LOW	READY_CANDIDATE	LONG_DESCRIPTION	EXACT_PRODUCT; coverage=PARTIAL_GAP; ownership=SKU_SPECIFIC; observed slices=1.	0.95	YES
2184133137	1831377069	деревянные подвески в автомобиль	GENERIC_RELEVANT	1.0	0.0	0.0	GAP_PRESENT	GAP_PRESENT	LOW	FAMILY_CANDIDATE	LONG_DESCRIPTION	GENERIC_RELEVANT; coverage=GAP_PRESENT; ownership=STORE_GENERIC; observed slices=1.	0.76	YES
2184133137	1831377069	для машины в салон на зеркало подвескп	GENERIC_RELEVANT	0.0	0.0	0.0	GAP_PRESENT	GAP_PRESENT	LOW	FAMILY_CANDIDATE	LONG_DESCRIPTION	GENERIC_RELEVANT; coverage=GAP_PRESENT; ownership=STORE_GENERIC; observed slices=1.	0.76	YES
2184133137	1831377069	зеркальный амулет	GENERIC_RELEVANT	13.0	0.0	0.0	GAP_PRESENT	GAP_PRESENT	LOW	FAMILY_CANDIDATE	LONG_DESCRIPTION	GENERIC_RELEVANT; coverage=GAP_PRESENT; ownership=STORE_GENERIC; observed slices=1.	0.76	YES
2184133137	1831377069	из дерева подвеска	GENERIC_RELEVANT	0.0	0.0	0.0	GAP_PRESENT	GAP_PRESENT	LOW	FAMILY_CANDIDATE	LONG_DESCRIPTION	GENERIC_RELEVANT; coverage=GAP_PRESENT; ownership=STORE_GENERIC; observed slices=1.	0.72	YES
2184133137	1831377069	имперский штурмовик подвеска в машину на зеркало	GENERIC_RELEVANT	1.0	0.0	0.0	GAP_PRESENT	GAP_PRESENT	LOW	FAMILY_CANDIDATE	LONG_DESCRIPTION	GENERIC_RELEVANT; coverage=GAP_PRESENT; ownership=FAMILY_SHARED; observed slices=1.	0.76	YES
2184133137	1831377069	крюковая подвеска сувенир в машину	GENERIC_RELEVANT	1.0	0.0	0.0	GAP_PRESENT	GAP_PRESENT	LOW	FAMILY_CANDIDATE	LONG_DESCRIPTION	GENERIC_RELEVANT; coverage=GAP_PRESENT; ownership=STORE_GENERIC; observed slices=1.	0.76	YES
2184133137	1831377069	макошь	EXACT_PRODUCT	569.0	0.0	0.0	NO_GAP	NO_GAP	LOW	NO_CHANGE	NONE	EXACT_PRODUCT; coverage=NO_GAP; ownership=SKU_SPECIFIC; observed slices=2.	0.95	NO
2184133137	1831377069	макошь доска	EXACT_PRODUCT	0.0	0.0	0.0	PARTIAL_GAP	PARTIAL_GAP	LOW	READY_CANDIDATE	LONG_DESCRIPTION	EXACT_PRODUCT; coverage=PARTIAL_GAP; ownership=SKU_SPECIFIC; observed slices=1.	0.95	YES
2184133137	1831377069	макошь оберег	EXACT_PRODUCT	112.0	0.0	0.0	NO_GAP	NO_GAP	LOW	NO_CHANGE	NONE	EXACT_PRODUCT; coverage=NO_GAP; ownership=SKU_SPECIFIC; observed slices=1.	0.95	NO
2184133137	1831377069	макошь славянский оберег	EXACT_PRODUCT	0.0	0.0	0.0	NO_GAP	NO_GAP	LOW	NO_CHANGE	NONE	EXACT_PRODUCT; coverage=NO_GAP; ownership=SKU_SPECIFIC; observed slices=1.	0.95	NO
2184133137	1831377069	молд берегиня макошь	EXACT_PRODUCT	1.0	0.0	0.0	PARTIAL_GAP	PARTIAL_GAP	LOW	READY_CANDIDATE	LONG_DESCRIPTION	EXACT_PRODUCT; coverage=PARTIAL_GAP; ownership=SKU_SPECIFIC; observed slices=1.	0.95	YES
2184133137	1831377069	мусульманский оберег на веревочке	GENERIC_RELEVANT	1.0	0.0	0.0	GAP_PRESENT	GAP_PRESENT	LOW	FAMILY_CANDIDATE	LONG_DESCRIPTION	GENERIC_RELEVANT; coverage=GAP_PRESENT; ownership=STORE_GENERIC; observed slices=1.	0.72	YES
2184133137	1831377069	на зеркало авто подвеска женская в машину	GENERIC_RELEVANT	1.0	0.0	0.0	GAP_PRESENT	GAP_PRESENT	LOW	FAMILY_CANDIDATE	LONG_DESCRIPTION	GENERIC_RELEVANT; coverage=GAP_PRESENT; ownership=STORE_GENERIC; observed slices=1.	0.76	YES
2184133137	1831377069	набор	AMBIGUOUS_HOLD	10784.0	0.0	0.0	GAP_PRESENT	GAP_PRESENT	MEDIUM	HOLD_AMBIGUOUS	HOLD	AMBIGUOUS_HOLD; coverage=GAP_PRESENT; ownership=UNCLEAR; observed slices=1.	0.42	YES
2184133137	1831377069	оберег	GENERIC_RELEVANT	2471.0	0.0	0.0	GAP_PRESENT	GAP_PRESENT	LOW	FAMILY_CANDIDATE	LONG_DESCRIPTION	GENERIC_RELEVANT; coverage=GAP_PRESENT; ownership=STORE_GENERIC; observed slices=1.	0.72	YES
2184133137	1831377069	оберег автомобильный	GENERIC_RELEVANT	3.0	0.0	0.0	GAP_PRESENT	GAP_PRESENT	LOW	FAMILY_CANDIDATE	LONG_DESCRIPTION	GENERIC_RELEVANT; coverage=GAP_PRESENT; ownership=STORE_GENERIC; observed slices=1.	0.76	YES
2184133137	1831377069	оберег боги из дерева	GENERIC_RELEVANT	1.0	0.0	0.0	GAP_PRESENT	GAP_PRESENT	LOW	FAMILY_CANDIDATE	LONG_DESCRIPTION	GENERIC_RELEVANT; coverage=GAP_PRESENT; ownership=FAMILY_SHARED; observed slices=1.	0.72	YES
2184133137	1831377069	оберег в авто	GENERIC_RELEVANT	1.0	0.0	0.0	GAP_PRESENT	GAP_PRESENT	LOW	FAMILY_CANDIDATE	LONG_DESCRIPTION	GENERIC_RELEVANT; coverage=GAP_PRESENT; ownership=STORE_GENERIC; observed slices=1.	0.76	YES
2184133137	1831377069	оберег в автомобиль	GENERIC_RELEVANT	11.0	0.0	0.0	GAP_PRESENT	GAP_PRESENT	LOW	FAMILY_CANDIDATE	LONG_DESCRIPTION	GENERIC_RELEVANT; coverage=GAP_PRESENT; ownership=STORE_GENERIC; observed slices=1.	0.76	YES
2184133137	1831377069	оберег в автомобишь	GENERIC_RELEVANT	1.0	0.0	0.0	GAP_PRESENT	GAP_PRESENT	LOW	FAMILY_CANDIDATE	LONG_DESCRIPTION	GENERIC_RELEVANT; coverage=GAP_PRESENT; ownership=FAMILY_SHARED; observed slices=1.	0.76	YES
2184133137	1831377069	оберег в машину	GENERIC_RELEVANT	687.0	0.0	0.0	GAP_PRESENT	GAP_PRESENT	LOW	FAMILY_CANDIDATE	LONG_DESCRIPTION	GENERIC_RELEVANT; coverage=GAP_PRESENT; ownership=STORE_GENERIC; observed slices=1.	0.76	YES
2184133137	1831377069	оберег в машину на зеркало в салон	GENERIC_RELEVANT	1.0	0.0	0.0	GAP_PRESENT	GAP_PRESENT	LOW	FAMILY_CANDIDATE	LONG_DESCRIPTION	GENERIC_RELEVANT; coverage=GAP_PRESENT; ownership=FAMILY_SHARED; observed slices=1.	0.76	YES
2184133137	1831377069	оберег в машину на зеркало славянский	FAMILY_RELEVANT	1.0	0.0	0.0	GAP_PRESENT	GAP_PRESENT	LOW	FAMILY_CANDIDATE	LONG_DESCRIPTION	FAMILY_RELEVANT; coverage=GAP_PRESENT; ownership=FAMILY_SHARED; observed slices=1.	0.86	YES
2184133137	1831377069	оберег для автомобиля для автомобиля	GENERIC_RELEVANT	1.0	0.0	0.0	GAP_PRESENT	GAP_PRESENT	LOW	FAMILY_CANDIDATE	LONG_DESCRIPTION	GENERIC_RELEVANT; coverage=GAP_PRESENT; ownership=FAMILY_SHARED; observed slices=1.	0.76	YES
2184133137	1831377069	оберег из дерева на шею	GENERIC_RELEVANT	0.0	0.0	0.0	GAP_PRESENT	GAP_PRESENT	LOW	FAMILY_CANDIDATE	LONG_DESCRIPTION	GENERIC_RELEVANT; coverage=GAP_PRESENT; ownership=FAMILY_SHARED; observed slices=1.	0.72	YES
2184133137	1831377069	оберег макоши	GENERIC_RELEVANT	1.0	0.0	0.0	GAP_PRESENT	GAP_PRESENT	LOW	FAMILY_CANDIDATE	LONG_DESCRIPTION	GENERIC_RELEVANT; coverage=GAP_PRESENT; ownership=FAMILY_SHARED; observed slices=1.	0.72	YES
2184133137	1831377069	оберег от крадников	GENERIC_RELEVANT	1.0	0.0	0.0	GAP_PRESENT	GAP_PRESENT	LOW	FAMILY_CANDIDATE	LONG_DESCRIPTION	GENERIC_RELEVANT; coverage=GAP_PRESENT; ownership=FAMILY_SHARED; observed slices=1.	0.72	YES
2184133137	1831377069	оберег от сглаза и порчи	GENERIC_RELEVANT	167.0	0.0	0.0	GAP_PRESENT	GAP_PRESENT	LOW	FAMILY_CANDIDATE	LONG_DESCRIPTION	GENERIC_RELEVANT; coverage=GAP_PRESENT; ownership=STORE_GENERIC; observed slices=1.	0.72	YES
2184133137	1831377069	обереготсглаза	GENERIC_RELEVANT	0.0	0.0	0.0	GAP_PRESENT	GAP_PRESENT	LOW	FAMILY_CANDIDATE	LONG_DESCRIPTION	GENERIC_RELEVANT; coverage=GAP_PRESENT; ownership=STORE_GENERIC; observed slices=1.	0.72	YES
2184133137	1831377069	от сглаза	GENERIC_RELEVANT	342.0	0.0	0.0	GAP_PRESENT	GAP_PRESENT	LOW	FAMILY_CANDIDATE	LONG_DESCRIPTION	GENERIC_RELEVANT; coverage=GAP_PRESENT; ownership=STORE_GENERIC; observed slices=1.	0.72	YES
2184133137	1831377069	подарочный набор для женщин	AMBIGUOUS_HOLD	1746.0	0.0	0.0	GAP_PRESENT	GAP_PRESENT	MEDIUM	HOLD_AMBIGUOUS	HOLD	AMBIGUOUS_HOLD; coverage=GAP_PRESENT; ownership=UNCLEAR; observed slices=1.	0.42	YES
2184133137	1831377069	подвеска в машину	GENERIC_RELEVANT	3171.0	0.0	0.0	GAP_PRESENT	GAP_PRESENT	LOW	FAMILY_CANDIDATE	LONG_DESCRIPTION	GENERIC_RELEVANT; coverage=GAP_PRESENT; ownership=STORE_GENERIC; observed slices=1.	0.76	YES
2184133137	1831377069	подвеска женская в автомобиль на зеркало	GENERIC_RELEVANT	0.0	0.0	0.0	GAP_PRESENT	GAP_PRESENT	LOW	FAMILY_CANDIDATE	LONG_DESCRIPTION	GENERIC_RELEVANT; coverage=GAP_PRESENT; ownership=STORE_GENERIC; observed slices=1.	0.76	YES
2184133137	1831377069	подвеска на зеркало в машину	GENERIC_RELEVANT	1162.0	0.0	0.0	GAP_PRESENT	GAP_PRESENT	LOW	FAMILY_CANDIDATE	LONG_DESCRIPTION	GENERIC_RELEVANT; coverage=GAP_PRESENT; ownership=STORE_GENERIC; observed slices=1.	0.76	YES
2184133137	1831377069	подвеска на зеркало в машину фигурка гимнаст	GENERIC_RELEVANT	1.0	0.0	0.0	GAP_PRESENT	GAP_PRESENT	LOW	FAMILY_CANDIDATE	LONG_DESCRIPTION	GENERIC_RELEVANT; coverage=GAP_PRESENT; ownership=STORE_GENERIC; observed slices=1.	0.76	YES
2184133137	1831377069	подвеска славянская	FAMILY_RELEVANT	9.0	0.0	0.0	GAP_PRESENT	GAP_PRESENT	LOW	FAMILY_CANDIDATE	LONG_DESCRIPTION	FAMILY_RELEVANT; coverage=GAP_PRESENT; ownership=FAMILY_SHARED; observed slices=1.	0.86	YES
2184133137	1831377069	славянские обереги	FAMILY_RELEVANT	875.0	0.0	0.0	GAP_PRESENT	GAP_PRESENT	LOW	FAMILY_CANDIDATE	LONG_DESCRIPTION	FAMILY_RELEVANT; coverage=GAP_PRESENT; ownership=FAMILY_SHARED; observed slices=2.	0.86	YES
2184133137	1831377069	славянские украшения	FAMILY_RELEVANT	285.0	0.0	0.0	GAP_PRESENT	GAP_PRESENT	LOW	FAMILY_CANDIDATE	LONG_DESCRIPTION	FAMILY_RELEVANT; coverage=GAP_PRESENT; ownership=FAMILY_SHARED; observed slices=1.	0.86	YES
2184133137	1831377069	славянский оберег	FAMILY_RELEVANT	266.0	0.0	0.0	GAP_PRESENT	GAP_PRESENT	LOW	FAMILY_CANDIDATE	LONG_DESCRIPTION	FAMILY_RELEVANT; coverage=GAP_PRESENT; ownership=FAMILY_SHARED; observed slices=1.	0.86	YES
2184133137	1831377069	славянский оберег род	FAMILY_RELEVANT	2.0	0.0	0.0	GAP_PRESENT	GAP_PRESENT	LOW	FAMILY_CANDIDATE	LONG_DESCRIPTION	FAMILY_RELEVANT; coverage=GAP_PRESENT; ownership=FAMILY_SHARED; observed slices=1.	0.86	YES
2184153852	1831403746	амулет в машину	GENERIC_RELEVANT	36.0	0.0	0.0	GAP_PRESENT	GAP_PRESENT	LOW	FAMILY_CANDIDATE	LONG_DESCRIPTION	GENERIC_RELEVANT; coverage=GAP_PRESENT; ownership=STORE_GENERIC; observed slices=1.	0.76	YES
2184153852	1831403746	амулет деревянный	GENERIC_RELEVANT	5.0	0.0	0.0	GAP_PRESENT	GAP_PRESENT	LOW	FAMILY_CANDIDATE	LONG_DESCRIPTION	GENERIC_RELEVANT; coverage=GAP_PRESENT; ownership=STORE_GENERIC; observed slices=1.	0.72	YES
2184153852	1831403746	амулет зеркальный	GENERIC_RELEVANT	3.0	0.0	0.0	GAP_PRESENT	GAP_PRESENT	LOW	FAMILY_CANDIDATE	LONG_DESCRIPTION	GENERIC_RELEVANT; coverage=GAP_PRESENT; ownership=STORE_GENERIC; observed slices=1.	0.76	YES
2184153852	1831403746	амулет оберег	GENERIC_RELEVANT	7.0	0.0	0.0	GAP_PRESENT	GAP_PRESENT	LOW	FAMILY_CANDIDATE	LONG_DESCRIPTION	GENERIC_RELEVANT; coverage=GAP_PRESENT; ownership=STORE_GENERIC; observed slices=1.	0.72	YES
2184153852	1831403746	амулет славянский из дерева для творчества	FAMILY_RELEVANT	1.0	0.0	0.0	GAP_PRESENT	GAP_PRESENT	LOW	FAMILY_CANDIDATE	LONG_DESCRIPTION	FAMILY_RELEVANT; coverage=GAP_PRESENT; ownership=FAMILY_SHARED; observed slices=1.	0.86	YES
2184153852	1831403746	амулеты обереги и талисманы	GENERIC_RELEVANT	306.0	0.0	0.0	GAP_PRESENT	GAP_PRESENT	LOW	FAMILY_CANDIDATE	LONG_DESCRIPTION	GENERIC_RELEVANT; coverage=GAP_PRESENT; ownership=STORE_GENERIC; observed slices=1.	0.72	YES
2184153852	1831403746	амулеты обереги и талисманы дерево	GENERIC_RELEVANT	1.0	0.0	0.0	GAP_PRESENT	GAP_PRESENT	LOW	FAMILY_CANDIDATE	LONG_DESCRIPTION	GENERIC_RELEVANT; coverage=GAP_PRESENT; ownership=STORE_GENERIC; observed slices=1.	0.72	YES
2184153852	1831403746	амулеты обереги и талисманы зеркалр	GENERIC_RELEVANT	0.0	0.0	0.0	GAP_PRESENT	GAP_PRESENT	LOW	FAMILY_CANDIDATE	LONG_DESCRIPTION	GENERIC_RELEVANT; coverage=GAP_PRESENT; ownership=STORE_GENERIC; observed slices=1.	0.76	YES
2184153852	1831403746	бог	AMBIGUOUS_HOLD	237.0	0.0	0.0	GAP_PRESENT	GAP_PRESENT	MEDIUM	HOLD_AMBIGUOUS	HOLD	AMBIGUOUS_HOLD; coverage=GAP_PRESENT; ownership=UNCLEAR; observed slices=1.	0.42	YES
2184153852	1831403746	бомбический оберег в машину на зеркало	GENERIC_RELEVANT	1.0	0.0	0.0	GAP_PRESENT	GAP_PRESENT	LOW	FAMILY_CANDIDATE	LONG_DESCRIPTION	GENERIC_RELEVANT; coverage=GAP_PRESENT; ownership=STORE_GENERIC; observed slices=1.	0.76	YES
2184153852	1831403746	брелок в машине машин на зеркало аромат запох	GENERIC_RELEVANT	0.0	0.0	0.0	GAP_PRESENT	GAP_PRESENT	LOW	FAMILY_CANDIDATE	LONG_DESCRIPTION	GENERIC_RELEVANT; coverage=GAP_PRESENT; ownership=FAMILY_SHARED; observed slices=1.	0.76	YES
2184153852	1831403746	брелок в машину на зеркало пушистики	GENERIC_RELEVANT	0.0	0.0	0.0	GAP_PRESENT	GAP_PRESENT	LOW	FAMILY_CANDIDATE	LONG_DESCRIPTION	GENERIC_RELEVANT; coverage=GAP_PRESENT; ownership=STORE_GENERIC; observed slices=1.	0.76	YES
2184153852	1831403746	брелок на машину звезда воровская на зеркало	NEIGHBOR_PRODUCT	1.0	0.0	0.0	NOT_APPLICABLE	NOT_APPLICABLE	LOW	REJECT_NEIGHBOR	NONE	NEIGHBOR_PRODUCT; coverage=NOT_APPLICABLE; ownership=EXCLUDED; observed slices=1.	0.96	NO
2184153852	1831403746	в машину защита от сглаза	GENERIC_RELEVANT	1.0	0.0	0.0	GAP_PRESENT	GAP_PRESENT	LOW	FAMILY_CANDIDATE	LONG_DESCRIPTION	GENERIC_RELEVANT; coverage=GAP_PRESENT; ownership=FAMILY_SHARED; observed slices=1.	0.76	YES
2184153852	1831403746	вымпел уголовный розыск в машину на зеркало	GENERIC_RELEVANT	1.0	0.0	0.0	GAP_PRESENT	GAP_PRESENT	LOW	FAMILY_CANDIDATE	LONG_DESCRIPTION	GENERIC_RELEVANT; coverage=GAP_PRESENT; ownership=FAMILY_SHARED; observed slices=1.	0.76	YES
2184153852	1831403746	деревянная семаргл	EXACT_PRODUCT	1.0	0.0	0.0	PARTIAL_GAP	PARTIAL_GAP	LOW	READY_CANDIDATE	LONG_DESCRIPTION	EXACT_PRODUCT; coverage=PARTIAL_GAP; ownership=SKU_SPECIFIC; observed slices=1.	0.95	YES
2184153852	1831403746	для подвески зеркала	GENERIC_RELEVANT	1.0	0.0	0.0	GAP_PRESENT	GAP_PRESENT	LOW	FAMILY_CANDIDATE	LONG_DESCRIPTION	GENERIC_RELEVANT; coverage=GAP_PRESENT; ownership=STORE_GENERIC; observed slices=1.	0.76	YES
2184153852	1831403746	зеркало обгона праворукая машина	GENERIC_RELEVANT	0.0	0.0	0.0	GAP_PRESENT	GAP_PRESENT	LOW	FAMILY_CANDIDATE	LONG_DESCRIPTION	GENERIC_RELEVANT; coverage=GAP_PRESENT; ownership=STORE_GENERIC; observed slices=1.	0.76	YES
2184153852	1831403746	крестик в машину на зеркало освешеный	GENERIC_RELEVANT	0.0	0.0	0.0	GAP_PRESENT	GAP_PRESENT	LOW	FAMILY_CANDIDATE	LONG_DESCRIPTION	GENERIC_RELEVANT; coverage=GAP_PRESENT; ownership=STORE_GENERIC; observed slices=1.	0.76	YES
2184153852	1831403746	кулон зеркало оберег	GENERIC_RELEVANT	109.0	0.0	0.0	GAP_PRESENT	GAP_PRESENT	LOW	FAMILY_CANDIDATE	LONG_DESCRIPTION	GENERIC_RELEVANT; coverage=GAP_PRESENT; ownership=STORE_GENERIC; observed slices=1.	0.76	YES
2184153852	1831403746	кулон семергал	AMBIGUOUS_HOLD	0.0	0.0	0.0	GAP_PRESENT	GAP_PRESENT	MEDIUM	HOLD_AMBIGUOUS	HOLD	AMBIGUOUS_HOLD; coverage=GAP_PRESENT; ownership=UNCLEAR; observed slices=1.	0.42	YES
2184153852	1831403746	магическое зеркало подвеска	GENERIC_RELEVANT	1.0	0.0	0.0	GAP_PRESENT	GAP_PRESENT	LOW	FAMILY_CANDIDATE	LONG_DESCRIPTION	GENERIC_RELEVANT; coverage=GAP_PRESENT; ownership=FAMILY_SHARED; observed slices=1.	0.76	YES
2184153852	1831403746	мешочек со смехом подвеска в машину	GENERIC_RELEVANT	0.0	0.0	0.0	GAP_PRESENT	GAP_PRESENT	LOW	FAMILY_CANDIDATE	LONG_DESCRIPTION	GENERIC_RELEVANT; coverage=GAP_PRESENT; ownership=STORE_GENERIC; observed slices=1.	0.76	YES
2184153852	1831403746	мконка оберег в машину на зеркало круглая	GENERIC_RELEVANT	1.0	0.0	0.0	GAP_PRESENT	GAP_PRESENT	LOW	FAMILY_CANDIDATE	LONG_DESCRIPTION	GENERIC_RELEVANT; coverage=GAP_PRESENT; ownership=STORE_GENERIC; observed slices=1.	0.76	YES
2184153852	1831403746	на машину в салон оберег	GENERIC_RELEVANT	1.0	0.0	0.0	GAP_PRESENT	GAP_PRESENT	LOW	FAMILY_CANDIDATE	LONG_DESCRIPTION	GENERIC_RELEVANT; coverage=GAP_PRESENT; ownership=FAMILY_SHARED; observed slices=1.	0.76	YES
2184153852	1831403746	оберег	GENERIC_RELEVANT	1685.0	0.0	0.0	GAP_PRESENT	GAP_PRESENT	LOW	FAMILY_CANDIDATE	LONG_DESCRIPTION	GENERIC_RELEVANT; coverage=GAP_PRESENT; ownership=STORE_GENERIC; observed slices=1.	0.72	YES
2184153852	1831403746	оберег в автомобиль на зеркало	GENERIC_RELEVANT	1.0	0.0	0.0	GAP_PRESENT	GAP_PRESENT	LOW	FAMILY_CANDIDATE	LONG_DESCRIPTION	GENERIC_RELEVANT; coverage=GAP_PRESENT; ownership=STORE_GENERIC; observed slices=1.	0.76	YES
2184153852	1831403746	оберег в машину	GENERIC_RELEVANT	619.0	0.0	0.0	GAP_PRESENT	GAP_PRESENT	LOW	FAMILY_CANDIDATE	LONG_DESCRIPTION	GENERIC_RELEVANT; coverage=GAP_PRESENT; ownership=STORE_GENERIC; observed slices=1.	0.76	YES
2184153852	1831403746	оберег для автомобиля	GENERIC_RELEVANT	15.0	0.0	0.0	GAP_PRESENT	GAP_PRESENT	LOW	FAMILY_CANDIDATE	LONG_DESCRIPTION	GENERIC_RELEVANT; coverage=GAP_PRESENT; ownership=STORE_GENERIC; observed slices=1.	0.76	YES
2184153852	1831403746	оберег для автомобиля на зеркало	GENERIC_RELEVANT	2.0	0.0	0.0	GAP_PRESENT	GAP_PRESENT	LOW	FAMILY_CANDIDATE	LONG_DESCRIPTION	GENERIC_RELEVANT; coverage=GAP_PRESENT; ownership=STORE_GENERIC; observed slices=1.	0.76	YES
2184153852	1831403746	оберег для дома	GENERIC_RELEVANT	2364.0	0.0	0.0	GAP_PRESENT	GAP_PRESENT	LOW	FAMILY_CANDIDATE	LONG_DESCRIPTION	GENERIC_RELEVANT; coverage=GAP_PRESENT; ownership=FAMILY_SHARED; observed slices=1.	0.72	YES
2184153852	1831403746	оберег на	GENERIC_RELEVANT	7.0	0.0	0.0	GAP_PRESENT	GAP_PRESENT	LOW	FAMILY_CANDIDATE	LONG_DESCRIPTION	GENERIC_RELEVANT; coverage=GAP_PRESENT; ownership=FAMILY_SHARED; observed slices=1.	0.72	YES
2184153852	1831403746	оберег от сглаза	GENERIC_RELEVANT	255.0	0.0	0.0	GAP_PRESENT	GAP_PRESENT	LOW	FAMILY_CANDIDATE	LONG_DESCRIPTION	GENERIC_RELEVANT; coverage=GAP_PRESENT; ownership=STORE_GENERIC; observed slices=1.	0.72	YES
2184153852	1831403746	оберег от сглаза и порчи	GENERIC_RELEVANT	711.0	0.0	0.0	GAP_PRESENT	GAP_PRESENT	LOW	FAMILY_CANDIDATE	LONG_DESCRIPTION	GENERIC_RELEVANT; coverage=GAP_PRESENT; ownership=STORE_GENERIC; observed slices=1.	0.72	YES
2184153852	1831403746	оберег семаргл	EXACT_PRODUCT	6.0	0.0	549.0	NO_GAP	NO_GAP	LOW	NO_CHANGE	NONE	EXACT_PRODUCT; coverage=NO_GAP; ownership=SKU_SPECIFIC; observed slices=1.	0.95	NO
2184153852	1831403746	оберег семаргла	PARTIAL_RELEVANCE	2.0	0.0	0.0	NO_GAP	NO_GAP	MEDIUM	HOLD_AMBIGUOUS	HOLD	PARTIAL_RELEVANCE; coverage=NO_GAP; ownership=UNCLEAR; observed slices=1.	0.60	YES
2184153852	1831403746	обереги от сглаза и порчи	GENERIC_RELEVANT	20.0	0.0	0.0	GAP_PRESENT	GAP_PRESENT	LOW	FAMILY_CANDIDATE	LONG_DESCRIPTION	GENERIC_RELEVANT; coverage=GAP_PRESENT; ownership=FAMILY_SHARED; observed slices=1.	0.72	YES
2184153852	1831403746	обереготсглаза	GENERIC_RELEVANT	0.0	0.0	0.0	GAP_PRESENT	GAP_PRESENT	LOW	FAMILY_CANDIDATE	LONG_DESCRIPTION	GENERIC_RELEVANT; coverage=GAP_PRESENT; ownership=STORE_GENERIC; observed slices=1.	0.72	YES
2184153852	1831403746	ооо семаргл	EXACT_PRODUCT	1.0	0.0	0.0	PARTIAL_GAP	PARTIAL_GAP	LOW	READY_CANDIDATE	LONG_DESCRIPTION	EXACT_PRODUCT; coverage=PARTIAL_GAP; ownership=SKU_SPECIFIC; observed slices=1.	0.95	YES
2184153852	1831403746	от сглаза	GENERIC_RELEVANT	110.0	0.0	0.0	GAP_PRESENT	GAP_PRESENT	LOW	FAMILY_CANDIDATE	LONG_DESCRIPTION	GENERIC_RELEVANT; coverage=GAP_PRESENT; ownership=STORE_GENERIC; observed slices=1.	0.72	YES
2184153852	1831403746	от сглаза и порчи оберег	GENERIC_RELEVANT	81.0	0.0	0.0	GAP_PRESENT	GAP_PRESENT	LOW	FAMILY_CANDIDATE	LONG_DESCRIPTION	GENERIC_RELEVANT; coverage=GAP_PRESENT; ownership=FAMILY_SHARED; observed slices=1.	0.72	YES
2184153852	1831403746	от сглаза и порчи подвеска	GENERIC_RELEVANT	0.0	0.0	0.0	GAP_PRESENT	GAP_PRESENT	LOW	FAMILY_CANDIDATE	LONG_DESCRIPTION	GENERIC_RELEVANT; coverage=GAP_PRESENT; ownership=FAMILY_SHARED; observed slices=1.	0.72	YES
2184153852	1831403746	подвеска в машину	GENERIC_RELEVANT	3171.0	0.0	0.0	GAP_PRESENT	GAP_PRESENT	LOW	FAMILY_CANDIDATE	LONG_DESCRIPTION	GENERIC_RELEVANT; coverage=GAP_PRESENT; ownership=STORE_GENERIC; observed slices=1.	0.76	YES
2184153852	1831403746	подвеска в машину на зеркало для мужчиныс надптсью езди аккуратно	GENERIC_RELEVANT	1.0	0.0	0.0	GAP_PRESENT	GAP_PRESENT	LOW	FAMILY_CANDIDATE	LONG_DESCRIPTION	GENERIC_RELEVANT; coverage=GAP_PRESENT; ownership=FAMILY_SHARED; observed slices=1.	0.76	YES
2184153852	1831403746	подвеска в машину на зеркало ма ка крик	GENERIC_RELEVANT	0.0	0.0	0.0	GAP_PRESENT	GAP_PRESENT	LOW	FAMILY_CANDIDATE	LONG_DESCRIPTION	GENERIC_RELEVANT; coverage=GAP_PRESENT; ownership=STORE_GENERIC; observed slices=1.	0.76	YES
2184153852	1831403746	подвеска в машину на зеркало юрта	GENERIC_RELEVANT	0.0	0.0	0.0	GAP_PRESENT	GAP_PRESENT	LOW	FAMILY_CANDIDATE	LONG_DESCRIPTION	GENERIC_RELEVANT; coverage=GAP_PRESENT; ownership=STORE_GENERIC; observed slices=1.	0.76	YES
2184153852	1831403746	подвеска в машину талисман	GENERIC_RELEVANT	1.0	0.0	0.0	GAP_PRESENT	GAP_PRESENT	LOW	FAMILY_CANDIDATE	LONG_DESCRIPTION	GENERIC_RELEVANT; coverage=GAP_PRESENT; ownership=STORE_GENERIC; observed slices=1.	0.76	YES
2184153852	1831403746	подвеска на зеркало в машину	GENERIC_RELEVANT	1288.0	0.0	0.0	GAP_PRESENT	GAP_PRESENT	LOW	FAMILY_CANDIDATE	LONG_DESCRIPTION	GENERIC_RELEVANT; coverage=GAP_PRESENT; ownership=STORE_GENERIC; observed slices=1.	0.76	YES
2184153852	1831403746	подвеска от сглаза	GENERIC_RELEVANT	120.0	0.0	0.0	GAP_PRESENT	GAP_PRESENT	LOW	FAMILY_CANDIDATE	LONG_DESCRIPTION	GENERIC_RELEVANT; coverage=GAP_PRESENT; ownership=FAMILY_SHARED; observed slices=1.	0.72	YES
2184153852	1831403746	русские обереги	GENERIC_RELEVANT	0.0	0.0	0.0	GAP_PRESENT	GAP_PRESENT	LOW	FAMILY_CANDIDATE	LONG_DESCRIPTION	GENERIC_RELEVANT; coverage=GAP_PRESENT; ownership=STORE_GENERIC; observed slices=1.	0.72	YES
2184153852	1831403746	семагл	AMBIGUOUS_HOLD	0.0	0.0	0.0	GAP_PRESENT	GAP_PRESENT	MEDIUM	HOLD_AMBIGUOUS	HOLD	AMBIGUOUS_HOLD; coverage=GAP_PRESENT; ownership=UNCLEAR; observed slices=1.	0.42	YES
2184153852	1831403746	семургл	AMBIGUOUS_HOLD	0.0	0.0	0.0	GAP_PRESENT	GAP_PRESENT	MEDIUM	HOLD_AMBIGUOUS	HOLD	AMBIGUOUS_HOLD; coverage=GAP_PRESENT; ownership=UNCLEAR; observed slices=1.	0.42	YES
2184153852	1831403746	славянская подвеска	FAMILY_RELEVANT	4.0	0.0	0.0	GAP_PRESENT	GAP_PRESENT	LOW	FAMILY_CANDIDATE	LONG_DESCRIPTION	FAMILY_RELEVANT; coverage=GAP_PRESENT; ownership=FAMILY_SHARED; observed slices=1.	0.86	YES
2184153852	1831403746	славянские обереги	FAMILY_RELEVANT	1049.0	0.0	0.0	GAP_PRESENT	GAP_PRESENT	LOW	FAMILY_CANDIDATE	LONG_DESCRIPTION	FAMILY_RELEVANT; coverage=GAP_PRESENT; ownership=FAMILY_SHARED; observed slices=1.	0.86	YES
2184153852	1831403746	славянские обереги мужские в машину	FAMILY_RELEVANT	1.0	0.0	0.0	GAP_PRESENT	GAP_PRESENT	LOW	FAMILY_CANDIDATE	LONG_DESCRIPTION	FAMILY_RELEVANT; coverage=GAP_PRESENT; ownership=FAMILY_SHARED; observed slices=1.	0.86	YES
2184153852	1831403746	славянскиеобереги	FAMILY_RELEVANT	0.0	0.0	0.0	GAP_PRESENT	GAP_PRESENT	LOW	FAMILY_CANDIDATE	LONG_DESCRIPTION	FAMILY_RELEVANT; coverage=GAP_PRESENT; ownership=FAMILY_SHARED; observed slices=1.	0.86	YES
2184153852	1831403746	славянский	FAMILY_RELEVANT	183.0	0.0	0.0	GAP_PRESENT	GAP_PRESENT	LOW	FAMILY_CANDIDATE	LONG_DESCRIPTION	FAMILY_RELEVANT; coverage=GAP_PRESENT; ownership=FAMILY_SHARED; observed slices=1.	0.86	YES
2184153852	1831403746	славянский бог семаргл магнит на холодильник	EXACT_PRODUCT	1.0	0.0	0.0	PARTIAL_GAP	PARTIAL_GAP	LOW	READY_CANDIDATE	LONG_DESCRIPTION	EXACT_PRODUCT; coverage=PARTIAL_GAP; ownership=SKU_SPECIFIC; observed slices=1.	0.95	YES
2184153852	1831403746	славянский оберег	FAMILY_RELEVANT	313.0	0.0	0.0	GAP_PRESENT	GAP_PRESENT	LOW	FAMILY_CANDIDATE	LONG_DESCRIPTION	FAMILY_RELEVANT; coverage=GAP_PRESENT; ownership=FAMILY_SHARED; observed slices=1.	0.86	YES
2184153852	1831403746	славянский оберег в машину на зеркало	FAMILY_RELEVANT	2.0	0.0	0.0	GAP_PRESENT	GAP_PRESENT	LOW	FAMILY_CANDIDATE	LONG_DESCRIPTION	FAMILY_RELEVANT; coverage=GAP_PRESENT; ownership=FAMILY_SHARED; observed slices=1.	0.86	YES
2184168890	1831422362	автоподвеска луна	GENERIC_RELEVANT	0.0	0.0	0.0	GAP_PRESENT	GAP_PRESENT	LOW	FAMILY_CANDIDATE	LONG_DESCRIPTION	GENERIC_RELEVANT; coverage=GAP_PRESENT; ownership=FAMILY_SHARED; observed slices=1.	0.76	YES
2184168890	1831422362	амулет из дерева	GENERIC_RELEVANT	1.0	0.0	0.0	GAP_PRESENT	GAP_PRESENT	LOW	FAMILY_CANDIDATE	LONG_DESCRIPTION	GENERIC_RELEVANT; coverage=GAP_PRESENT; ownership=FAMILY_SHARED; observed slices=1.	0.72	YES
2184168890	1831422362	амулет крес славян	FAMILY_RELEVANT	1.0	0.0	0.0	GAP_PRESENT	GAP_PRESENT	LOW	FAMILY_CANDIDATE	LONG_DESCRIPTION	FAMILY_RELEVANT; coverage=GAP_PRESENT; ownership=FAMILY_SHARED; observed slices=1.	0.86	YES
2184168890	1831422362	амулеты обереги и талисманы	GENERIC_RELEVANT	147.0	0.0	0.0	GAP_PRESENT	GAP_PRESENT	LOW	FAMILY_CANDIDATE	LONG_DESCRIPTION	GENERIC_RELEVANT; coverage=GAP_PRESENT; ownership=STORE_GENERIC; observed slices=1.	0.72	YES
2184168890	1831422362	атрибутика зенит в машину на зеркало	GENERIC_RELEVANT	1.0	0.0	0.0	GAP_PRESENT	GAP_PRESENT	LOW	FAMILY_CANDIDATE	LONG_DESCRIPTION	GENERIC_RELEVANT; coverage=GAP_PRESENT; ownership=STORE_GENERIC; observed slices=1.	0.76	YES
2184168890	1831422362	береза бусина 8 мм	AMBIGUOUS_HOLD	1.0	0.0	0.0	GAP_PRESENT	GAP_PRESENT	MEDIUM	HOLD_AMBIGUOUS	HOLD	AMBIGUOUS_HOLD; coverage=GAP_PRESENT; ownership=UNCLEAR; observed slices=1.	0.42	YES
2184168890	1831422362	бог	AMBIGUOUS_HOLD	121.0	0.0	0.0	GAP_PRESENT	GAP_PRESENT	MEDIUM	HOLD_AMBIGUOUS	HOLD	AMBIGUOUS_HOLD; coverage=GAP_PRESENT; ownership=UNCLEAR; observed slices=1.	0.42	YES
2184168890	1831422362	бог омулет	AMBIGUOUS_HOLD	0.0	0.0	0.0	GAP_PRESENT	GAP_PRESENT	MEDIUM	HOLD_AMBIGUOUS	HOLD	AMBIGUOUS_HOLD; coverage=GAP_PRESENT; ownership=UNCLEAR; observed slices=1.	0.42	YES
2184168890	1831422362	брелок в машину на зеркало пушистики	GENERIC_RELEVANT	0.0	0.0	0.0	GAP_PRESENT	GAP_PRESENT	LOW	FAMILY_CANDIDATE	LONG_DESCRIPTION	GENERIC_RELEVANT; coverage=GAP_PRESENT; ownership=STORE_GENERIC; observed slices=2.	0.76	YES
2184168890	1831422362	бусина от сглаза на зеркало машины	GENERIC_RELEVANT	0.0	0.0	0.0	GAP_PRESENT	GAP_PRESENT	LOW	FAMILY_CANDIDATE	LONG_DESCRIPTION	GENERIC_RELEVANT; coverage=GAP_PRESENT; ownership=STORE_GENERIC; observed slices=1.	0.76	YES
2184168890	1831422362	в машине хобби хорс	EXACT_PRODUCT	0.0	0.0	0.0	PARTIAL_GAP	PARTIAL_GAP	LOW	READY_CANDIDATE	LONG_DESCRIPTION	EXACT_PRODUCT; coverage=PARTIAL_GAP; ownership=SKU_SPECIFIC; observed slices=1.	0.95	YES
2184168890	1831422362	в славянской традиции	FAMILY_RELEVANT	1.0	0.0	0.0	GAP_PRESENT	GAP_PRESENT	LOW	FAMILY_CANDIDATE	LONG_DESCRIPTION	FAMILY_RELEVANT; coverage=GAP_PRESENT; ownership=FAMILY_SHARED; observed slices=1.	0.86	YES
2184168890	1831422362	велес оберег подвеска	NEIGHBOR_PRODUCT	2.0	0.0	0.0	NOT_APPLICABLE	NOT_APPLICABLE	LOW	REJECT_NEIGHBOR	NONE	NEIGHBOR_PRODUCT; coverage=NOT_APPLICABLE; ownership=EXCLUDED; observed slices=1.	0.96	NO
2184168890	1831422362	дьявол игрушка страшная в машину на зеркало	GENERIC_RELEVANT	1.0	0.0	0.0	GAP_PRESENT	GAP_PRESENT	LOW	FAMILY_CANDIDATE	LONG_DESCRIPTION	GENERIC_RELEVANT; coverage=GAP_PRESENT; ownership=STORE_GENERIC; observed slices=1.	0.76	YES
2184168890	1831422362	зеркало подвеска оберег	GENERIC_RELEVANT	1.0	0.0	0.0	GAP_PRESENT	GAP_PRESENT	LOW	FAMILY_CANDIDATE	LONG_DESCRIPTION	GENERIC_RELEVANT; coverage=GAP_PRESENT; ownership=STORE_GENERIC; observed slices=1.	0.76	YES
2184168890	1831422362	зеркало с подвеской	GENERIC_RELEVANT	4.0	0.0	0.0	GAP_PRESENT	GAP_PRESENT	LOW	FAMILY_CANDIDATE	LONG_DESCRIPTION	GENERIC_RELEVANT; coverage=GAP_PRESENT; ownership=FAMILY_SHARED; observed slices=1.	0.76	YES
2184168890	1831422362	игрушка бог в машину на зеркало	GENERIC_RELEVANT	0.0	0.0	0.0	GAP_PRESENT	GAP_PRESENT	LOW	FAMILY_CANDIDATE	LONG_DESCRIPTION	GENERIC_RELEVANT; coverage=GAP_PRESENT; ownership=FAMILY_SHARED; observed slices=1.	0.76	YES
2184168890	1831422362	коловрат	AMBIGUOUS_HOLD	1334.0	0.0	0.0	GAP_PRESENT	GAP_PRESENT	MEDIUM	HOLD_AMBIGUOUS	HOLD	AMBIGUOUS_HOLD; coverage=GAP_PRESENT; ownership=UNCLEAR; observed slices=1.	0.42	YES
2184168890	1831422362	коловрат оберег в машину	GENERIC_RELEVANT	1.0	0.0	0.0	GAP_PRESENT	GAP_PRESENT	LOW	FAMILY_CANDIDATE	LONG_DESCRIPTION	GENERIC_RELEVANT; coverage=GAP_PRESENT; ownership=FAMILY_SHARED; observed slices=1.	0.76	YES
2184168890	1831422362	коловрат подвеска	GENERIC_RELEVANT	274.0	0.0	0.0	GAP_PRESENT	GAP_PRESENT	LOW	FAMILY_CANDIDATE	LONG_DESCRIPTION	GENERIC_RELEVANT; coverage=GAP_PRESENT; ownership=STORE_GENERIC; observed slices=1.	0.72	YES
2184168890	1831422362	крес в машину	GENERIC_RELEVANT	2.0	0.0	0.0	GAP_PRESENT	GAP_PRESENT	LOW	FAMILY_CANDIDATE	LONG_DESCRIPTION	GENERIC_RELEVANT; coverage=GAP_PRESENT; ownership=FAMILY_SHARED; observed slices=1.	0.76	YES
2184168890	1831422362	крюковая подвеска сувенир в машину	GENERIC_RELEVANT	1.0	0.0	0.0	GAP_PRESENT	GAP_PRESENT	LOW	FAMILY_CANDIDATE	LONG_DESCRIPTION	GENERIC_RELEVANT; coverage=GAP_PRESENT; ownership=STORE_GENERIC; observed slices=1.	0.76	YES
2184168890	1831422362	монстры на кан кулах подвеска в машину	GENERIC_RELEVANT	1.0	0.0	0.0	GAP_PRESENT	GAP_PRESENT	LOW	FAMILY_CANDIDATE	LONG_DESCRIPTION	GENERIC_RELEVANT; coverage=GAP_PRESENT; ownership=STORE_GENERIC; observed slices=1.	0.76	YES
2184168890	1831422362	на зеркало авто подвеска	GENERIC_RELEVANT	11.0	0.0	0.0	GAP_PRESENT	GAP_PRESENT	LOW	FAMILY_CANDIDATE	LONG_DESCRIPTION	GENERIC_RELEVANT; coverage=GAP_PRESENT; ownership=STORE_GENERIC; observed slices=1.	0.76	YES
2184168890	1831422362	на зеркало в машину подвеска россия	GENERIC_RELEVANT	1.0	0.0	0.0	GAP_PRESENT	GAP_PRESENT	LOW	FAMILY_CANDIDATE	LONG_DESCRIPTION	GENERIC_RELEVANT; coverage=GAP_PRESENT; ownership=STORE_GENERIC; observed slices=1.	0.76	YES
2184168890	1831422362	оберег	GENERIC_RELEVANT	1195.0	0.0	0.0	GAP_PRESENT	GAP_PRESENT	LOW	FAMILY_CANDIDATE	LONG_DESCRIPTION	GENERIC_RELEVANT; coverage=GAP_PRESENT; ownership=STORE_GENERIC; observed slices=1.	0.72	YES
2184168890	1831422362	оберег в карман в машину	GENERIC_RELEVANT	1.0	0.0	0.0	GAP_PRESENT	GAP_PRESENT	LOW	FAMILY_CANDIDATE	LONG_DESCRIPTION	GENERIC_RELEVANT; coverage=GAP_PRESENT; ownership=FAMILY_SHARED; observed slices=1.	0.76	YES
2184168890	1831422362	оберег в машину	GENERIC_RELEVANT	203.0	0.0	0.0	GAP_PRESENT	GAP_PRESENT	LOW	FAMILY_CANDIDATE	LONG_DESCRIPTION	GENERIC_RELEVANT; coverage=GAP_PRESENT; ownership=STORE_GENERIC; observed slices=1.	0.76	YES
2184168890	1831422362	оберег велес	NEIGHBOR_PRODUCT	8.0	0.0	0.0	NOT_APPLICABLE	NOT_APPLICABLE	LOW	REJECT_NEIGHBOR	NONE	NEIGHBOR_PRODUCT; coverage=NOT_APPLICABLE; ownership=EXCLUDED; observed slices=1.	0.96	NO
2184168890	1831422362	оберег зеркало на шею подвеска	GENERIC_RELEVANT	1.0	0.0	0.0	GAP_PRESENT	GAP_PRESENT	LOW	FAMILY_CANDIDATE	LONG_DESCRIPTION	GENERIC_RELEVANT; coverage=GAP_PRESENT; ownership=STORE_GENERIC; observed slices=1.	0.76	YES
2184168890	1831422362	оберег от сглаза и порчи	GENERIC_RELEVANT	217.0	0.0	0.0	GAP_PRESENT	GAP_PRESENT	LOW	FAMILY_CANDIDATE	LONG_DESCRIPTION	GENERIC_RELEVANT; coverage=GAP_PRESENT; ownership=STORE_GENERIC; observed slices=1.	0.72	YES
2184168890	1831422362	обереги из дерева	GENERIC_RELEVANT	2.0	0.0	0.0	GAP_PRESENT	GAP_PRESENT	LOW	FAMILY_CANDIDATE	LONG_DESCRIPTION	GENERIC_RELEVANT; coverage=GAP_PRESENT; ownership=STORE_GENERIC; observed slices=1.	0.72	YES
2184168890	1831422362	обереги коловрат	GENERIC_RELEVANT	0.0	0.0	0.0	GAP_PRESENT	GAP_PRESENT	LOW	FAMILY_CANDIDATE	LONG_DESCRIPTION	GENERIC_RELEVANT; coverage=GAP_PRESENT; ownership=FAMILY_SHARED; observed slices=1.	0.72	YES
2184168890	1831422362	обереги от порчи	GENERIC_RELEVANT	0.0	0.0	0.0	GAP_PRESENT	GAP_PRESENT	LOW	FAMILY_CANDIDATE	LONG_DESCRIPTION	GENERIC_RELEVANT; coverage=GAP_PRESENT; ownership=STORE_GENERIC; observed slices=1.	0.72	YES
2184168890	1831422362	обереготсглаза	GENERIC_RELEVANT	0.0	0.0	0.0	GAP_PRESENT	GAP_PRESENT	LOW	FAMILY_CANDIDATE	LONG_DESCRIPTION	GENERIC_RELEVANT; coverage=GAP_PRESENT; ownership=STORE_GENERIC; observed slices=1.	0.72	YES
2184168890	1831422362	подвеска брелок славянская	FAMILY_RELEVANT	1.0	0.0	0.0	GAP_PRESENT	GAP_PRESENT	LOW	FAMILY_CANDIDATE	LONG_DESCRIPTION	FAMILY_RELEVANT; coverage=GAP_PRESENT; ownership=FAMILY_SHARED; observed slices=1.	0.86	YES
2184168890	1831422362	подвеска в машину	GENERIC_RELEVANT	2937.0	0.0	0.0	GAP_PRESENT	GAP_PRESENT	LOW	FAMILY_CANDIDATE	LONG_DESCRIPTION	GENERIC_RELEVANT; coverage=GAP_PRESENT; ownership=STORE_GENERIC; observed slices=1.	0.76	YES
2184168890	1831422362	подвеска в машину мусульманская бисмила	GENERIC_RELEVANT	1.0	0.0	0.0	GAP_PRESENT	GAP_PRESENT	LOW	FAMILY_CANDIDATE	LONG_DESCRIPTION	GENERIC_RELEVANT; coverage=GAP_PRESENT; ownership=FAMILY_SHARED; observed slices=1.	0.76	YES
2184168890	1831422362	подвеска в машину на зеркало	GENERIC_RELEVANT	1107.0	0.0	0.0	GAP_PRESENT	GAP_PRESENT	LOW	FAMILY_CANDIDATE	LONG_DESCRIPTION	GENERIC_RELEVANT; coverage=GAP_PRESENT; ownership=STORE_GENERIC; observed slices=1.	0.76	YES
2184168890	1831422362	подвеска в машину на зеркало а	GENERIC_RELEVANT	0.0	0.0	0.0	GAP_PRESENT	GAP_PRESENT	LOW	FAMILY_CANDIDATE	LONG_DESCRIPTION	GENERIC_RELEVANT; coverage=GAP_PRESENT; ownership=STORE_GENERIC; observed slices=1.	0.76	YES
2184168890	1831422362	подвеска в машину на зеркало велес	NEIGHBOR_PRODUCT	0.0	0.0	0.0	NOT_APPLICABLE	NOT_APPLICABLE	LOW	REJECT_NEIGHBOR	NONE	NEIGHBOR_PRODUCT; coverage=NOT_APPLICABLE; ownership=EXCLUDED; observed slices=1.	0.96	NO
2184168890	1831422362	подвеска зеркал в машине	GENERIC_RELEVANT	1.0	0.0	0.0	GAP_PRESENT	GAP_PRESENT	LOW	FAMILY_CANDIDATE	LONG_DESCRIPTION	GENERIC_RELEVANT; coverage=GAP_PRESENT; ownership=STORE_GENERIC; observed slices=1.	0.76	YES
2184168890	1831422362	подвеска на зеркало автомобиля акула	GENERIC_RELEVANT	0.0	0.0	0.0	GAP_PRESENT	GAP_PRESENT	LOW	FAMILY_CANDIDATE	LONG_DESCRIPTION	GENERIC_RELEVANT; coverage=GAP_PRESENT; ownership=STORE_GENERIC; observed slices=1.	0.76	YES
2184168890	1831422362	подвеска на зеркало в машину	GENERIC_RELEVANT	999.0	0.0	0.0	GAP_PRESENT	GAP_PRESENT	LOW	FAMILY_CANDIDATE	LONG_DESCRIPTION	GENERIC_RELEVANT; coverage=GAP_PRESENT; ownership=STORE_GENERIC; observed slices=1.	0.76	YES
2184168890	1831422362	подвеска на зеркало славянская	FAMILY_RELEVANT	0.0	0.0	0.0	GAP_PRESENT	GAP_PRESENT	LOW	FAMILY_CANDIDATE	LONG_DESCRIPTION	FAMILY_RELEVANT; coverage=GAP_PRESENT; ownership=FAMILY_SHARED; observed slices=1.	0.86	YES
2184168890	1831422362	подвеска оберег в машину бог тарс	GENERIC_RELEVANT	0.0	0.0	0.0	GAP_PRESENT	GAP_PRESENT	LOW	FAMILY_CANDIDATE	LONG_DESCRIPTION	GENERIC_RELEVANT; coverage=GAP_PRESENT; ownership=FAMILY_SHARED; observed slices=1.	0.76	YES
2184168890	1831422362	подвеска от порчи	GENERIC_RELEVANT	3.0	0.0	0.0	GAP_PRESENT	GAP_PRESENT	LOW	FAMILY_CANDIDATE	LONG_DESCRIPTION	GENERIC_RELEVANT; coverage=GAP_PRESENT; ownership=FAMILY_SHARED; observed slices=1.	0.72	YES
2184168890	1831422362	посуда хорс	EXACT_PRODUCT	1.0	0.0	0.0	PARTIAL_GAP	PARTIAL_GAP	LOW	READY_CANDIDATE	LONG_DESCRIPTION	EXACT_PRODUCT; coverage=PARTIAL_GAP; ownership=SKU_SPECIFIC; observed slices=1.	0.95	YES
2184168890	1831422362	символ хорса	AMBIGUOUS_HOLD	2.0	0.0	783.0	GAP_PRESENT	GAP_PRESENT	MEDIUM	HOLD_AMBIGUOUS	HOLD	AMBIGUOUS_HOLD; coverage=GAP_PRESENT; ownership=UNCLEAR; observed slices=1.	0.42	YES
2184168890	1831422362	славянские	FAMILY_RELEVANT	108.0	0.0	0.0	GAP_PRESENT	GAP_PRESENT	LOW	FAMILY_CANDIDATE	LONG_DESCRIPTION	FAMILY_RELEVANT; coverage=GAP_PRESENT; ownership=FAMILY_SHARED; observed slices=1.	0.86	YES
2184168890	1831422362	славянские обереги	FAMILY_RELEVANT	561.0	0.0	0.0	GAP_PRESENT	GAP_PRESENT	LOW	FAMILY_CANDIDATE	LONG_DESCRIPTION	FAMILY_RELEVANT; coverage=GAP_PRESENT; ownership=FAMILY_SHARED; observed slices=2.	0.86	YES
2184168890	1831422362	славянские обереги в машину	FAMILY_RELEVANT	6.0	0.0	0.0	GAP_PRESENT	GAP_PRESENT	LOW	FAMILY_CANDIDATE	LONG_DESCRIPTION	FAMILY_RELEVANT; coverage=GAP_PRESENT; ownership=FAMILY_SHARED; observed slices=1.	0.86	YES
2184168890	1831422362	славянские украшения	FAMILY_RELEVANT	284.0	0.0	0.0	GAP_PRESENT	GAP_PRESENT	LOW	FAMILY_CANDIDATE	LONG_DESCRIPTION	FAMILY_RELEVANT; coverage=GAP_PRESENT; ownership=FAMILY_SHARED; observed slices=1.	0.86	YES
2184168890	1831422362	славянский	FAMILY_RELEVANT	203.0	0.0	0.0	GAP_PRESENT	GAP_PRESENT	LOW	FAMILY_CANDIDATE	LONG_DESCRIPTION	FAMILY_RELEVANT; coverage=GAP_PRESENT; ownership=FAMILY_SHARED; observed slices=1.	0.86	YES
2184168890	1831422362	славянский бог	FAMILY_RELEVANT	2.0	0.0	0.0	GAP_PRESENT	GAP_PRESENT	LOW	FAMILY_CANDIDATE	LONG_DESCRIPTION	FAMILY_RELEVANT; coverage=GAP_PRESENT; ownership=FAMILY_SHARED; observed slices=1.	0.86	YES
2184168890	1831422362	славянский оберег	FAMILY_RELEVANT	209.0	0.0	0.0	GAP_PRESENT	GAP_PRESENT	LOW	FAMILY_CANDIDATE	LONG_DESCRIPTION	FAMILY_RELEVANT; coverage=GAP_PRESENT; ownership=FAMILY_SHARED; observed slices=1.	0.86	YES
2184168890	1831422362	талисман предков	GENERIC_RELEVANT	0.0	0.0	0.0	GAP_PRESENT	GAP_PRESENT	LOW	FAMILY_CANDIDATE	LONG_DESCRIPTION	GENERIC_RELEVANT; coverage=GAP_PRESENT; ownership=FAMILY_SHARED; observed slices=1.	0.72	YES
2184168890	1831422362	четки талисман	GENERIC_RELEVANT	1.0	0.0	0.0	GAP_PRESENT	GAP_PRESENT	LOW	FAMILY_CANDIDATE	LONG_DESCRIPTION	GENERIC_RELEVANT; coverage=GAP_PRESENT; ownership=FAMILY_SHARED; observed slices=1.	0.72	YES
2184199958	1831464047	авто подвеска	GENERIC_RELEVANT	1.0	0.0	0.0	GAP_PRESENT	GAP_PRESENT	LOW	FAMILY_CANDIDATE	LONG_DESCRIPTION	GENERIC_RELEVANT; coverage=GAP_PRESENT; ownership=FAMILY_SHARED; observed slices=1.	0.76	YES
2184199958	1831464047	автомобиль мар	GENERIC_RELEVANT	0.0	0.0	0.0	GAP_PRESENT	GAP_PRESENT	LOW	FAMILY_CANDIDATE	LONG_DESCRIPTION	GENERIC_RELEVANT; coverage=GAP_PRESENT; ownership=FAMILY_SHARED; observed slices=1.	0.76	YES
2184199958	1831464047	азербайджанские четки и амулеты на зеркало в машину	GENERIC_RELEVANT	2.0	0.0	0.0	GAP_PRESENT	GAP_PRESENT	LOW	FAMILY_CANDIDATE	LONG_DESCRIPTION	GENERIC_RELEVANT; coverage=GAP_PRESENT; ownership=FAMILY_SHARED; observed slices=1.	0.76	YES
2184199958	1831464047	акриловая подвеска в машину на зеркало	GENERIC_RELEVANT	1.0	0.0	0.0	GAP_PRESENT	GAP_PRESENT	LOW	FAMILY_CANDIDATE	LONG_DESCRIPTION	GENERIC_RELEVANT; coverage=GAP_PRESENT; ownership=STORE_GENERIC; observed slices=1.	0.76	YES
2184199958	1831464047	аксессуары в машину подвесаа зеркал барабан	GENERIC_RELEVANT	0.0	0.0	0.0	GAP_PRESENT	GAP_PRESENT	LOW	FAMILY_CANDIDATE	LONG_DESCRIPTION	GENERIC_RELEVANT; coverage=GAP_PRESENT; ownership=STORE_GENERIC; observed slices=1.	0.76	YES
2184199958	1831464047	аксессуары салона авто	GENERIC_RELEVANT	0.0	0.0	0.0	GAP_PRESENT	GAP_PRESENT	LOW	FAMILY_CANDIDATE	LONG_DESCRIPTION	GENERIC_RELEVANT; coverage=GAP_PRESENT; ownership=FAMILY_SHARED; observed slices=1.	0.76	YES
2184199958	1831464047	аксессуары славян	FAMILY_RELEVANT	0.0	0.0	0.0	GAP_PRESENT	GAP_PRESENT	LOW	FAMILY_CANDIDATE	LONG_DESCRIPTION	FAMILY_RELEVANT; coverage=GAP_PRESENT; ownership=FAMILY_SHARED; observed slices=1.	0.86	YES
2184199958	1831464047	амулет	GENERIC_RELEVANT	659.0	0.0	0.0	GAP_PRESENT	GAP_PRESENT	LOW	FAMILY_CANDIDATE	LONG_DESCRIPTION	GENERIC_RELEVANT; coverage=GAP_PRESENT; ownership=STORE_GENERIC; observed slices=1.	0.72	YES
2184199958	1831464047	амулет кали богиня	GENERIC_RELEVANT	0.0	0.0	0.0	GAP_PRESENT	GAP_PRESENT	LOW	FAMILY_CANDIDATE	LONG_DESCRIPTION	GENERIC_RELEVANT; coverage=GAP_PRESENT; ownership=FAMILY_SHARED; observed slices=1.	0.72	YES
2184199958	1831464047	амулет тайна амулета	GENERIC_RELEVANT	1.0	0.0	0.0	GAP_PRESENT	GAP_PRESENT	LOW	FAMILY_CANDIDATE	LONG_DESCRIPTION	GENERIC_RELEVANT; coverage=GAP_PRESENT; ownership=FAMILY_SHARED; observed slices=1.	0.72	YES
2184199958	1831464047	амулетом на машину	GENERIC_RELEVANT	0.0	0.0	0.0	GAP_PRESENT	GAP_PRESENT	LOW	FAMILY_CANDIDATE	LONG_DESCRIPTION	GENERIC_RELEVANT; coverage=GAP_PRESENT; ownership=STORE_GENERIC; observed slices=2.	0.76	YES
2184199958	1831464047	амулеты	GENERIC_RELEVANT	155.0	0.0	0.0	GAP_PRESENT	GAP_PRESENT	LOW	FAMILY_CANDIDATE	LONG_DESCRIPTION	GENERIC_RELEVANT; coverage=GAP_PRESENT; ownership=STORE_GENERIC; observed slices=1.	0.72	YES
2184199958	1831464047	амулеты богинь славянских	FAMILY_RELEVANT	1.0	0.0	0.0	GAP_PRESENT	GAP_PRESENT	LOW	FAMILY_CANDIDATE	LONG_DESCRIPTION	FAMILY_RELEVANT; coverage=GAP_PRESENT; ownership=FAMILY_SHARED; observed slices=1.	0.86	YES
2184199958	1831464047	амулеты деревянные	GENERIC_RELEVANT	2.0	0.0	0.0	GAP_PRESENT	GAP_PRESENT	LOW	FAMILY_CANDIDATE	LONG_DESCRIPTION	GENERIC_RELEVANT; coverage=GAP_PRESENT; ownership=FAMILY_SHARED; observed slices=1.	0.72	YES
2184199958	1831464047	амулеты и талисманы	GENERIC_RELEVANT	4.0	0.0	0.0	GAP_PRESENT	GAP_PRESENT	LOW	FAMILY_CANDIDATE	LONG_DESCRIPTION	GENERIC_RELEVANT; coverage=GAP_PRESENT; ownership=STORE_GENERIC; observed slices=1.	0.72	YES
2184199958	1831464047	амулеты коло	GENERIC_RELEVANT	0.0	0.0	0.0	GAP_PRESENT	GAP_PRESENT	LOW	FAMILY_CANDIDATE	LONG_DESCRIPTION	GENERIC_RELEVANT; coverage=GAP_PRESENT; ownership=FAMILY_SHARED; observed slices=1.	0.72	YES
2184199958	1831464047	амулеты обереги в машину	GENERIC_RELEVANT	1.0	0.0	0.0	GAP_PRESENT	GAP_PRESENT	LOW	FAMILY_CANDIDATE	LONG_DESCRIPTION	GENERIC_RELEVANT; coverage=GAP_PRESENT; ownership=FAMILY_SHARED; observed slices=1.	0.76	YES
2184199958	1831464047	амулеты обереги и талисманы	GENERIC_RELEVANT	514.0	0.0	0.0	GAP_PRESENT	GAP_PRESENT	LOW	FAMILY_CANDIDATE	LONG_DESCRIPTION	GENERIC_RELEVANT; coverage=GAP_PRESENT; ownership=STORE_GENERIC; observed slices=2.	0.72	YES
2184199958	1831464047	ароматизатор джек рассел в машину на зеркало	GENERIC_RELEVANT	1.0	0.0	0.0	GAP_PRESENT	GAP_PRESENT	LOW	FAMILY_CANDIDATE	LONG_DESCRIPTION	GENERIC_RELEVANT; coverage=GAP_PRESENT; ownership=STORE_GENERIC; observed slices=1.	0.76	YES
2184199958	1831464047	аятуль курси в машину	GENERIC_RELEVANT	4.0	0.0	0.0	GAP_PRESENT	GAP_PRESENT	LOW	FAMILY_CANDIDATE	LONG_DESCRIPTION	GENERIC_RELEVANT; coverage=GAP_PRESENT; ownership=STORE_GENERIC; observed slices=1.	0.76	YES
2184199958	1831464047	блестящий брелок в машину на зеркало ведьмочка	GENERIC_RELEVANT	1.0	0.0	0.0	GAP_PRESENT	GAP_PRESENT	LOW	FAMILY_CANDIDATE	LONG_DESCRIPTION	GENERIC_RELEVANT; coverage=GAP_PRESENT; ownership=STORE_GENERIC; observed slices=1.	0.76	YES
2184199958	1831464047	богиня	AMBIGUOUS_HOLD	199.0	0.0	0.0	GAP_PRESENT	GAP_PRESENT	MEDIUM	HOLD_AMBIGUOUS	HOLD	AMBIGUOUS_HOLD; coverage=GAP_PRESENT; ownership=UNCLEAR; observed slices=1.	0.42	YES
2184199958	1831464047	богиня кали	AMBIGUOUS_HOLD	204.0	0.0	0.0	GAP_PRESENT	GAP_PRESENT	MEDIUM	HOLD_AMBIGUOUS	HOLD	AMBIGUOUS_HOLD; coverage=GAP_PRESENT; ownership=UNCLEAR; observed slices=1.	0.42	YES
2184199958	1831464047	богиня мара	EXACT_PRODUCT	69.0	0.0	798.0	PARTIAL_GAP	PARTIAL_GAP	LOW	READY_CANDIDATE	LONG_DESCRIPTION	EXACT_PRODUCT; coverage=PARTIAL_GAP; ownership=SKU_SPECIFIC; observed slices=1.	0.95	YES
2184199958	1831464047	боковое зеркало на машину атлант левое	GENERIC_RELEVANT	0.0	0.0	0.0	GAP_PRESENT	GAP_PRESENT	LOW	FAMILY_CANDIDATE	LONG_DESCRIPTION	GENERIC_RELEVANT; coverage=GAP_PRESENT; ownership=STORE_GENERIC; observed slices=1.	0.76	YES
2184199958	1831464047	брелок в машину на зеркало пушистфй	GENERIC_RELEVANT	1.0	0.0	0.0	GAP_PRESENT	GAP_PRESENT	LOW	FAMILY_CANDIDATE	LONG_DESCRIPTION	GENERIC_RELEVANT; coverage=GAP_PRESENT; ownership=FAMILY_SHARED; observed slices=1.	0.76	YES
2184199958	1831464047	брелок у машину byd на зерколо	GENERIC_RELEVANT	0.0	0.0	0.0	GAP_PRESENT	GAP_PRESENT	LOW	FAMILY_CANDIDATE	LONG_DESCRIPTION	GENERIC_RELEVANT; coverage=GAP_PRESENT; ownership=STORE_GENERIC; observed slices=1.	0.76	YES
2184199958	1831464047	булавки обереги в машину на зеркало	GENERIC_RELEVANT	1.0	0.0	0.0	GAP_PRESENT	GAP_PRESENT	LOW	FAMILY_CANDIDATE	LONG_DESCRIPTION	GENERIC_RELEVANT; coverage=GAP_PRESENT; ownership=FAMILY_SHARED; observed slices=1.	0.76	YES
2184199958	1831464047	бусы в машину на зеркало лада спорт	GENERIC_RELEVANT	0.0	0.0	0.0	GAP_PRESENT	GAP_PRESENT	LOW	FAMILY_CANDIDATE	LONG_DESCRIPTION	GENERIC_RELEVANT; coverage=GAP_PRESENT; ownership=STORE_GENERIC; observed slices=1.	0.76	YES
2184199958	1831464047	в машину подвеска	GENERIC_RELEVANT	126.0	0.0	0.0	GAP_PRESENT	GAP_PRESENT	LOW	FAMILY_CANDIDATE	LONG_DESCRIPTION	GENERIC_RELEVANT; coverage=GAP_PRESENT; ownership=STORE_GENERIC; observed slices=1.	0.76	YES
2184199958	1831464047	висюльки в машину на зеркало череп обезьяна	GENERIC_RELEVANT	1.0	0.0	0.0	GAP_PRESENT	GAP_PRESENT	LOW	FAMILY_CANDIDATE	LONG_DESCRIPTION	GENERIC_RELEVANT; coverage=GAP_PRESENT; ownership=STORE_GENERIC; observed slices=1.	0.76	YES
2184199958	1831464047	вонючки в авто лакост подвески на зеркало	GENERIC_RELEVANT	1.0	0.0	0.0	GAP_PRESENT	GAP_PRESENT	LOW	FAMILY_CANDIDATE	LONG_DESCRIPTION	GENERIC_RELEVANT; coverage=GAP_PRESENT; ownership=FAMILY_SHARED; observed slices=1.	0.76	YES
2184199958	1831464047	деревянный оберег в машину	GENERIC_RELEVANT	1.0	0.0	0.0	GAP_PRESENT	GAP_PRESENT	LOW	FAMILY_CANDIDATE	LONG_DESCRIPTION	GENERIC_RELEVANT; coverage=GAP_PRESENT; ownership=FAMILY_SHARED; observed slices=1.	0.76	YES
2184199958	1831464047	древние славяне творчество	FAMILY_RELEVANT	0.0	0.0	0.0	GAP_PRESENT	GAP_PRESENT	LOW	FAMILY_CANDIDATE	LONG_DESCRIPTION	FAMILY_RELEVANT; coverage=GAP_PRESENT; ownership=FAMILY_SHARED; observed slices=1.	0.86	YES
2184199958	1831464047	зеркало магическое	GENERIC_RELEVANT	40.0	0.0	0.0	GAP_PRESENT	GAP_PRESENT	LOW	FAMILY_CANDIDATE	LONG_DESCRIPTION	GENERIC_RELEVANT; coverage=GAP_PRESENT; ownership=STORE_GENERIC; observed slices=1.	0.76	YES
2184199958	1831464047	йогиня	AMBIGUOUS_HOLD	0.0	0.0	0.0	GAP_PRESENT	GAP_PRESENT	MEDIUM	HOLD_AMBIGUOUS	HOLD	AMBIGUOUS_HOLD; coverage=GAP_PRESENT; ownership=UNCLEAR; observed slices=1.	0.42	YES
2184199958	1831464047	картина богиня мара	EXACT_PRODUCT	1.0	0.0	0.0	PARTIAL_GAP	PARTIAL_GAP	LOW	READY_CANDIDATE	LONG_DESCRIPTION	EXACT_PRODUCT; coverage=PARTIAL_GAP; ownership=SKU_SPECIFIC; observed slices=1.	0.95	YES
2184199958	1831464047	коловрат оберег	GENERIC_RELEVANT	211.0	0.0	0.0	GAP_PRESENT	GAP_PRESENT	LOW	FAMILY_CANDIDATE	LONG_DESCRIPTION	GENERIC_RELEVANT; coverage=GAP_PRESENT; ownership=FAMILY_SHARED; observed slices=1.	0.72	YES
2184199958	1831464047	коловрат подвеска	GENERIC_RELEVANT	321.0	0.0	0.0	GAP_PRESENT	GAP_PRESENT	LOW	FAMILY_CANDIDATE	LONG_DESCRIPTION	GENERIC_RELEVANT; coverage=GAP_PRESENT; ownership=STORE_GENERIC; observed slices=1.	0.72	YES
2184199958	1831464047	мара	EXACT_PRODUCT	804.0	0.0	0.0	NO_GAP	NO_GAP	LOW	NO_CHANGE	NONE	EXACT_PRODUCT; coverage=NO_GAP; ownership=SKU_SPECIFIC; observed slices=1.	0.95	NO
2184199958	1831464047	оберег	GENERIC_RELEVANT	2423.0	0.0	0.0	GAP_PRESENT	GAP_PRESENT	LOW	FAMILY_CANDIDATE	LONG_DESCRIPTION	GENERIC_RELEVANT; coverage=GAP_PRESENT; ownership=STORE_GENERIC; observed slices=1.	0.72	YES
2184199958	1831464047	оберег в машину	GENERIC_RELEVANT	1190.0	0.0	0.0	GAP_PRESENT	GAP_PRESENT	LOW	FAMILY_CANDIDATE	LONG_DESCRIPTION	GENERIC_RELEVANT; coverage=GAP_PRESENT; ownership=STORE_GENERIC; observed slices=2.	0.76	YES
2184199958	1831464047	оберег в машину мужской	GENERIC_RELEVANT	12.0	0.0	0.0	GAP_PRESENT	GAP_PRESENT	LOW	FAMILY_CANDIDATE	LONG_DESCRIPTION	GENERIC_RELEVANT; coverage=GAP_PRESENT; ownership=STORE_GENERIC; observed slices=1.	0.76	YES
2184199958	1831464047	оберег в машину славянский	FAMILY_RELEVANT	13.0	0.0	507.0	GAP_PRESENT	GAP_PRESENT	LOW	FAMILY_CANDIDATE	LONG_DESCRIPTION	FAMILY_RELEVANT; coverage=GAP_PRESENT; ownership=FAMILY_SHARED; observed slices=1.	0.86	YES
2184199958	1831464047	оберег зеркало	GENERIC_RELEVANT	10.0	0.0	0.0	GAP_PRESENT	GAP_PRESENT	LOW	FAMILY_CANDIDATE	LONG_DESCRIPTION	GENERIC_RELEVANT; coverage=GAP_PRESENT; ownership=FAMILY_SHARED; observed slices=1.	0.76	YES
2184199958	1831464047	обереги	GENERIC_RELEVANT	585.0	0.0	0.0	GAP_PRESENT	GAP_PRESENT	LOW	FAMILY_CANDIDATE	LONG_DESCRIPTION	GENERIC_RELEVANT; coverage=GAP_PRESENT; ownership=STORE_GENERIC; observed slices=1.	0.72	YES
2184199958	1831464047	подвеска богиня	GENERIC_RELEVANT	3.0	0.0	0.0	GAP_PRESENT	GAP_PRESENT	LOW	FAMILY_CANDIDATE	LONG_DESCRIPTION	GENERIC_RELEVANT; coverage=GAP_PRESENT; ownership=FAMILY_SHARED; observed slices=1.	0.72	YES
2184199958	1831464047	подвеска в машину	GENERIC_RELEVANT	3171.0	0.0	0.0	GAP_PRESENT	GAP_PRESENT	LOW	FAMILY_CANDIDATE	LONG_DESCRIPTION	GENERIC_RELEVANT; coverage=GAP_PRESENT; ownership=STORE_GENERIC; observed slices=1.	0.76	YES
2184199958	1831464047	подвеска в машину из дерева	GENERIC_RELEVANT	2.0	0.0	0.0	GAP_PRESENT	GAP_PRESENT	LOW	FAMILY_CANDIDATE	LONG_DESCRIPTION	GENERIC_RELEVANT; coverage=GAP_PRESENT; ownership=FAMILY_SHARED; observed slices=1.	0.76	YES
2184199958	1831464047	подвеска в машину мир	GENERIC_RELEVANT	0.0	0.0	0.0	GAP_PRESENT	GAP_PRESENT	LOW	FAMILY_CANDIDATE	LONG_DESCRIPTION	GENERIC_RELEVANT; coverage=GAP_PRESENT; ownership=FAMILY_SHARED; observed slices=1.	0.76	YES
2184199958	1831464047	подвеска на зеркало в машину	GENERIC_RELEVANT	1288.0	0.0	0.0	GAP_PRESENT	GAP_PRESENT	LOW	FAMILY_CANDIDATE	LONG_DESCRIPTION	GENERIC_RELEVANT; coverage=GAP_PRESENT; ownership=STORE_GENERIC; observed slices=1.	0.76	YES
2184199958	1831464047	подвеска на машину	GENERIC_RELEVANT	12.0	0.0	0.0	GAP_PRESENT	GAP_PRESENT	LOW	FAMILY_CANDIDATE	LONG_DESCRIPTION	GENERIC_RELEVANT; coverage=GAP_PRESENT; ownership=STORE_GENERIC; observed slices=1.	0.76	YES
2184199958	1831464047	славянские обереги	FAMILY_RELEVANT	1109.0	0.0	0.0	GAP_PRESENT	GAP_PRESENT	LOW	FAMILY_CANDIDATE	LONG_DESCRIPTION	FAMILY_RELEVANT; coverage=GAP_PRESENT; ownership=FAMILY_SHARED; observed slices=1.	0.86	YES
2184199958	1831464047	славянские талисманы	FAMILY_RELEVANT	3.0	0.0	0.0	GAP_PRESENT	GAP_PRESENT	LOW	FAMILY_CANDIDATE	LONG_DESCRIPTION	FAMILY_RELEVANT; coverage=GAP_PRESENT; ownership=FAMILY_SHARED; observed slices=1.	0.86	YES
2184199958	1831464047	славянские украшения	FAMILY_RELEVANT	413.0	0.0	0.0	GAP_PRESENT	GAP_PRESENT	LOW	FAMILY_CANDIDATE	LONG_DESCRIPTION	FAMILY_RELEVANT; coverage=GAP_PRESENT; ownership=FAMILY_SHARED; observed slices=1.	0.86	YES
2184199958	1831464047	славянскиеобереги	FAMILY_RELEVANT	0.0	0.0	0.0	GAP_PRESENT	GAP_PRESENT	LOW	FAMILY_CANDIDATE	LONG_DESCRIPTION	FAMILY_RELEVANT; coverage=GAP_PRESENT; ownership=FAMILY_SHARED; observed slices=1.	0.86	YES
2184199958	1831464047	славянский оберег	FAMILY_RELEVANT	367.0	0.0	0.0	GAP_PRESENT	GAP_PRESENT	LOW	FAMILY_CANDIDATE	LONG_DESCRIPTION	FAMILY_RELEVANT; coverage=GAP_PRESENT; ownership=FAMILY_SHARED; observed slices=1.	0.86	YES
2184234912	1831506538	200 шт подвески звезды	PARTIAL_RELEVANCE	1.0	0.0	0.0	PARTIAL_GAP	PARTIAL_GAP	MEDIUM	HOLD_AMBIGUOUS	HOLD	PARTIAL_RELEVANCE; coverage=PARTIAL_GAP; ownership=UNCLEAR; observed slices=1.	0.60	YES
2184234912	1831506538	акриловые звезды подвески	PARTIAL_RELEVANCE	1.0	0.0	0.0	PARTIAL_GAP	PARTIAL_GAP	MEDIUM	HOLD_AMBIGUOUS	HOLD	PARTIAL_RELEVANCE; coverage=PARTIAL_GAP; ownership=UNCLEAR; observed slices=1.	0.60	YES
2184234912	1831506538	аксессуары в машину подвесаа зеркал барабан	GENERIC_RELEVANT	0.0	0.0	0.0	GAP_PRESENT	GAP_PRESENT	LOW	FAMILY_CANDIDATE	LONG_DESCRIPTION	GENERIC_RELEVANT; coverage=GAP_PRESENT; ownership=STORE_GENERIC; observed slices=1.	0.76	YES
2184234912	1831506538	амулет	GENERIC_RELEVANT	889.0	0.0	0.0	GAP_PRESENT	GAP_PRESENT	LOW	FAMILY_CANDIDATE	LONG_DESCRIPTION	GENERIC_RELEVANT; coverage=GAP_PRESENT; ownership=STORE_GENERIC; observed slices=1.	0.72	YES
2184234912	1831506538	амулет в машину на зеркало мужской	GENERIC_RELEVANT	4.0	0.0	0.0	GAP_PRESENT	GAP_PRESENT	LOW	FAMILY_CANDIDATE	LONG_DESCRIPTION	GENERIC_RELEVANT; coverage=GAP_PRESENT; ownership=STORE_GENERIC; observed slices=1.	0.76	YES
2184234912	1831506538	амулет деревянный	GENERIC_RELEVANT	7.0	0.0	0.0	GAP_PRESENT	GAP_PRESENT	LOW	FAMILY_CANDIDATE	LONG_DESCRIPTION	GENERIC_RELEVANT; coverage=GAP_PRESENT; ownership=STORE_GENERIC; observed slices=1.	0.72	YES
2184234912	1831506538	амулет зведа	GENERIC_RELEVANT	0.0	0.0	0.0	GAP_PRESENT	GAP_PRESENT	LOW	FAMILY_CANDIDATE	LONG_DESCRIPTION	GENERIC_RELEVANT; coverage=GAP_PRESENT; ownership=FAMILY_SHARED; observed slices=1.	0.72	YES
2184234912	1831506538	амулет звезда лады	EXACT_PRODUCT	4.0	0.0	0.0	NO_GAP	NO_GAP	LOW	NO_CHANGE	NONE	EXACT_PRODUCT; coverage=NO_GAP; ownership=SKU_SPECIFIC; observed slices=1.	0.95	NO
2184234912	1831506538	амулет звезда руси	EXACT_PRODUCT	7.0	0.0	0.0	PARTIAL_GAP	PARTIAL_GAP	LOW	READY_CANDIDATE	LONG_DESCRIPTION	EXACT_PRODUCT; coverage=PARTIAL_GAP; ownership=SKU_SPECIFIC; observed slices=1.	0.95	YES
2184234912	1831506538	амулет зеркальный	GENERIC_RELEVANT	5.0	0.0	0.0	GAP_PRESENT	GAP_PRESENT	LOW	FAMILY_CANDIDATE	LONG_DESCRIPTION	GENERIC_RELEVANT; coverage=GAP_PRESENT; ownership=STORE_GENERIC; observed slices=1.	0.76	YES
2184234912	1831506538	амулет славянский из дерева для творчества	FAMILY_RELEVANT	1.0	0.0	0.0	GAP_PRESENT	GAP_PRESENT	LOW	FAMILY_CANDIDATE	LONG_DESCRIPTION	FAMILY_RELEVANT; coverage=GAP_PRESENT; ownership=FAMILY_SHARED; observed slices=2.	0.86	YES
2184234912	1831506538	амулет тзвезда	GENERIC_RELEVANT	0.0	0.0	0.0	GAP_PRESENT	GAP_PRESENT	LOW	FAMILY_CANDIDATE	LONG_DESCRIPTION	GENERIC_RELEVANT; coverage=GAP_PRESENT; ownership=FAMILY_SHARED; observed slices=1.	0.72	YES
2184234912	1831506538	амулеты обереги и талисманы	GENERIC_RELEVANT	486.0	0.0	0.0	GAP_PRESENT	GAP_PRESENT	LOW	FAMILY_CANDIDATE	LONG_DESCRIPTION	GENERIC_RELEVANT; coverage=GAP_PRESENT; ownership=STORE_GENERIC; observed slices=2.	0.72	YES
2184234912	1831506538	амулеты обереги и талисманы зеркалр	GENERIC_RELEVANT	0.0	0.0	0.0	GAP_PRESENT	GAP_PRESENT	LOW	FAMILY_CANDIDATE	LONG_DESCRIPTION	GENERIC_RELEVANT; coverage=GAP_PRESENT; ownership=STORE_GENERIC; observed slices=1.	0.76	YES
2184234912	1831506538	амулеты обереги и талисманы славянские наклейки на телефон	FAMILY_RELEVANT	1.0	0.0	0.0	GAP_PRESENT	GAP_PRESENT	LOW	FAMILY_CANDIDATE	LONG_DESCRIPTION	FAMILY_RELEVANT; coverage=GAP_PRESENT; ownership=FAMILY_SHARED; observed slices=1.	0.86	YES
2184234912	1831506538	амулеты от сглаза с зеркалом	GENERIC_RELEVANT	1.0	0.0	0.0	GAP_PRESENT	GAP_PRESENT	LOW	FAMILY_CANDIDATE	LONG_DESCRIPTION	GENERIC_RELEVANT; coverage=GAP_PRESENT; ownership=FAMILY_SHARED; observed slices=1.	0.76	YES
2184234912	1831506538	амулеты подвески	GENERIC_RELEVANT	1.0	0.0	0.0	GAP_PRESENT	GAP_PRESENT	LOW	FAMILY_CANDIDATE	LONG_DESCRIPTION	GENERIC_RELEVANT; coverage=GAP_PRESENT; ownership=FAMILY_SHARED; observed slices=1.	0.72	YES
2184234912	1831506538	апортизатор звездное небо в машину	GENERIC_RELEVANT	1.0	0.0	0.0	GAP_PRESENT	GAP_PRESENT	LOW	FAMILY_CANDIDATE	LONG_DESCRIPTION	GENERIC_RELEVANT; coverage=GAP_PRESENT; ownership=FAMILY_SHARED; observed slices=1.	0.76	YES
2184234912	1831506538	берет вв мвд на зеркало в машину	GENERIC_RELEVANT	1.0	0.0	0.0	GAP_PRESENT	GAP_PRESENT	LOW	FAMILY_CANDIDATE	LONG_DESCRIPTION	GENERIC_RELEVANT; coverage=GAP_PRESENT; ownership=FAMILY_SHARED; observed slices=2.	0.76	YES
2184234912	1831506538	бижутерия славянские обереги	FAMILY_RELEVANT	0.0	0.0	0.0	GAP_PRESENT	GAP_PRESENT	LOW	FAMILY_CANDIDATE	LONG_DESCRIPTION	FAMILY_RELEVANT; coverage=GAP_PRESENT; ownership=FAMILY_SHARED; observed slices=1.	0.86	YES
2184234912	1831506538	богиня лада бусина	AMBIGUOUS_HOLD	1.0	0.0	0.0	GAP_PRESENT	GAP_PRESENT	MEDIUM	HOLD_AMBIGUOUS	HOLD	AMBIGUOUS_HOLD; coverage=GAP_PRESENT; ownership=UNCLEAR; observed slices=1.	0.42	YES
2184234912	1831506538	богиня лада из дерева	AMBIGUOUS_HOLD	0.0	0.0	0.0	GAP_PRESENT	GAP_PRESENT	MEDIUM	HOLD_AMBIGUOUS	HOLD	AMBIGUOUS_HOLD; coverage=GAP_PRESENT; ownership=UNCLEAR; observed slices=1.	0.42	YES
2184234912	1831506538	брелок славянский оберег	FAMILY_RELEVANT	6.0	0.0	0.0	GAP_PRESENT	GAP_PRESENT	LOW	FAMILY_CANDIDATE	LONG_DESCRIPTION	FAMILY_RELEVANT; coverage=GAP_PRESENT; ownership=FAMILY_SHARED; observed slices=1.	0.86	YES
2184234912	1831506538	бусина славянская	FAMILY_RELEVANT	2.0	0.0	0.0	GAP_PRESENT	GAP_PRESENT	LOW	FAMILY_CANDIDATE	LONG_DESCRIPTION	FAMILY_RELEVANT; coverage=GAP_PRESENT; ownership=FAMILY_SHARED; observed slices=1.	0.86	YES
2184234912	1831506538	бусы славянские обереги	FAMILY_RELEVANT	0.0	0.0	811.0	GAP_PRESENT	GAP_PRESENT	LOW	FAMILY_CANDIDATE	LONG_DESCRIPTION	FAMILY_RELEVANT; coverage=GAP_PRESENT; ownership=FAMILY_SHARED; observed slices=2.	0.86	YES
2184234912	1831506538	висюльки в машину на зеркало череп обезьяна	GENERIC_RELEVANT	1.0	0.0	0.0	GAP_PRESENT	GAP_PRESENT	LOW	FAMILY_CANDIDATE	LONG_DESCRIPTION	GENERIC_RELEVANT; coverage=GAP_PRESENT; ownership=STORE_GENERIC; observed slices=1.	0.76	YES
2184234912	1831506538	девушкам в машину	GENERIC_RELEVANT	0.0	0.0	0.0	GAP_PRESENT	GAP_PRESENT	LOW	FAMILY_CANDIDATE	LONG_DESCRIPTION	GENERIC_RELEVANT; coverage=GAP_PRESENT; ownership=FAMILY_SHARED; observed slices=1.	0.76	YES
2184234912	1831506538	звезда лады в машину подвеска	EXACT_PRODUCT	1.0	0.0	676.0	NO_GAP	NO_GAP	LOW	NO_CHANGE	NONE	EXACT_PRODUCT; coverage=NO_GAP; ownership=SKU_SPECIFIC; observed slices=1.	0.95	NO
2184234912	1831506538	зеркальная защита амулет	GENERIC_RELEVANT	6.0	0.0	0.0	GAP_PRESENT	GAP_PRESENT	LOW	FAMILY_CANDIDATE	LONG_DESCRIPTION	GENERIC_RELEVANT; coverage=GAP_PRESENT; ownership=STORE_GENERIC; observed slices=1.	0.76	YES
2184234912	1831506538	коловрат	AMBIGUOUS_HOLD	1674.0	0.0	0.0	GAP_PRESENT	GAP_PRESENT	MEDIUM	HOLD_AMBIGUOUS	HOLD	AMBIGUOUS_HOLD; coverage=GAP_PRESENT; ownership=UNCLEAR; observed slices=1.	0.42	YES
2184234912	1831506538	коловрат амулет	GENERIC_RELEVANT	2.0	0.0	0.0	GAP_PRESENT	GAP_PRESENT	LOW	FAMILY_CANDIDATE	LONG_DESCRIPTION	GENERIC_RELEVANT; coverage=GAP_PRESENT; ownership=FAMILY_SHARED; observed slices=1.	0.72	YES
2184234912	1831506538	коловрат славянский	FAMILY_RELEVANT	1.0	0.0	0.0	GAP_PRESENT	GAP_PRESENT	LOW	FAMILY_CANDIDATE	LONG_DESCRIPTION	FAMILY_RELEVANT; coverage=GAP_PRESENT; ownership=FAMILY_SHARED; observed slices=1.	0.86	YES
2184234912	1831506538	кровь и песок оберег	GENERIC_RELEVANT	1.0	0.0	700.0	GAP_PRESENT	GAP_PRESENT	LOW	FAMILY_CANDIDATE	LONG_DESCRIPTION	GENERIC_RELEVANT; coverage=GAP_PRESENT; ownership=FAMILY_SHARED; observed slices=1.	0.72	YES
2184234912	1831506538	оберег	GENERIC_RELEVANT	2368.0	0.0	0.0	GAP_PRESENT	GAP_PRESENT	LOW	FAMILY_CANDIDATE	LONG_DESCRIPTION	GENERIC_RELEVANT; coverage=GAP_PRESENT; ownership=STORE_GENERIC; observed slices=1.	0.72	YES
2184234912	1831506538	оберег в машину	GENERIC_RELEVANT	746.0	0.0	0.0	GAP_PRESENT	GAP_PRESENT	LOW	FAMILY_CANDIDATE	LONG_DESCRIPTION	GENERIC_RELEVANT; coverage=GAP_PRESENT; ownership=STORE_GENERIC; observed slices=1.	0.76	YES
2184234912	1831506538	оберег для дома	GENERIC_RELEVANT	1675.0	0.0	0.0	GAP_PRESENT	GAP_PRESENT	LOW	FAMILY_CANDIDATE	LONG_DESCRIPTION	GENERIC_RELEVANT; coverage=GAP_PRESENT; ownership=FAMILY_SHARED; observed slices=2.	0.72	YES
2184234912	1831506538	обереготсглаза	GENERIC_RELEVANT	0.0	0.0	0.0	GAP_PRESENT	GAP_PRESENT	LOW	FAMILY_CANDIDATE	LONG_DESCRIPTION	GENERIC_RELEVANT; coverage=GAP_PRESENT; ownership=STORE_GENERIC; observed slices=1.	0.72	YES
2184234912	1831506538	от сглаза	GENERIC_RELEVANT	1657.0	0.0	0.0	GAP_PRESENT	GAP_PRESENT	LOW	FAMILY_CANDIDATE	LONG_DESCRIPTION	GENERIC_RELEVANT; coverage=GAP_PRESENT; ownership=STORE_GENERIC; observed slices=1.	0.72	YES
2184234912	1831506538	подарок женщине	AMBIGUOUS_HOLD	837.0	0.0	0.0	GAP_PRESENT	GAP_PRESENT	MEDIUM	HOLD_AMBIGUOUS	HOLD	AMBIGUOUS_HOLD; coverage=GAP_PRESENT; ownership=UNCLEAR; observed slices=1.	0.42	YES
2184234912	1831506538	подарочный набор для женщин	AMBIGUOUS_HOLD	1746.0	0.0	0.0	GAP_PRESENT	GAP_PRESENT	MEDIUM	HOLD_AMBIGUOUS	HOLD	AMBIGUOUS_HOLD; coverage=GAP_PRESENT; ownership=UNCLEAR; observed slices=1.	0.42	YES
2184234912	1831506538	подвеска в машину	GENERIC_RELEVANT	3171.0	0.0	0.0	GAP_PRESENT	GAP_PRESENT	LOW	FAMILY_CANDIDATE	LONG_DESCRIPTION	GENERIC_RELEVANT; coverage=GAP_PRESENT; ownership=STORE_GENERIC; observed slices=1.	0.76	YES
2184234912	1831506538	подвеска в машину на зеркало	GENERIC_RELEVANT	1096.0	0.0	0.0	GAP_PRESENT	GAP_PRESENT	LOW	FAMILY_CANDIDATE	LONG_DESCRIPTION	GENERIC_RELEVANT; coverage=GAP_PRESENT; ownership=STORE_GENERIC; observed slices=2.	0.76	YES
2184234912	1831506538	подвеска на зеркало в машину	GENERIC_RELEVANT	1288.0	0.0	0.0	GAP_PRESENT	GAP_PRESENT	LOW	FAMILY_CANDIDATE	LONG_DESCRIPTION	GENERIC_RELEVANT; coverage=GAP_PRESENT; ownership=STORE_GENERIC; observed slices=1.	0.76	YES
2184234912	1831506538	подвеска эзотерика	GENERIC_RELEVANT	1.0	0.0	0.0	GAP_PRESENT	GAP_PRESENT	LOW	FAMILY_CANDIDATE	LONG_DESCRIPTION	GENERIC_RELEVANT; coverage=GAP_PRESENT; ownership=FAMILY_SHARED; observed slices=1.	0.72	YES
2184234912	1831506538	руны в машину	GENERIC_RELEVANT	2.0	0.0	0.0	GAP_PRESENT	GAP_PRESENT	LOW	FAMILY_CANDIDATE	LONG_DESCRIPTION	GENERIC_RELEVANT; coverage=GAP_PRESENT; ownership=FAMILY_SHARED; observed slices=1.	0.76	YES
2184234912	1831506538	сито для муки	AMBIGUOUS_HOLD	696.0	0.0	0.0	GAP_PRESENT	GAP_PRESENT	MEDIUM	HOLD_AMBIGUOUS	HOLD	AMBIGUOUS_HOLD; coverage=GAP_PRESENT; ownership=UNCLEAR; observed slices=1.	0.42	YES
2184234912	1831506538	славянские амулеты обереги	FAMILY_RELEVANT	2.0	0.0	0.0	GAP_PRESENT	GAP_PRESENT	LOW	FAMILY_CANDIDATE	LONG_DESCRIPTION	FAMILY_RELEVANT; coverage=GAP_PRESENT; ownership=FAMILY_SHARED; observed slices=1.	0.86	YES
2184234912	1831506538	славянские обереги	FAMILY_RELEVANT	1109.0	0.0	0.0	GAP_PRESENT	GAP_PRESENT	LOW	FAMILY_CANDIDATE	LONG_DESCRIPTION	FAMILY_RELEVANT; coverage=GAP_PRESENT; ownership=FAMILY_SHARED; observed slices=2.	0.86	YES
2184234912	1831506538	славянские обереги на шею	FAMILY_RELEVANT	2.0	0.0	0.0	GAP_PRESENT	GAP_PRESENT	LOW	FAMILY_CANDIDATE	LONG_DESCRIPTION	FAMILY_RELEVANT; coverage=GAP_PRESENT; ownership=FAMILY_SHARED; observed slices=1.	0.86	YES
2184234912	1831506538	славянскиеобереги	FAMILY_RELEVANT	0.0	0.0	0.0	GAP_PRESENT	GAP_PRESENT	LOW	FAMILY_CANDIDATE	LONG_DESCRIPTION	FAMILY_RELEVANT; coverage=GAP_PRESENT; ownership=FAMILY_SHARED; observed slices=1.	0.86	YES
2184234912	1831506538	славянский оберег	FAMILY_RELEVANT	608.0	0.0	0.0	GAP_PRESENT	GAP_PRESENT	LOW	FAMILY_CANDIDATE	LONG_DESCRIPTION	FAMILY_RELEVANT; coverage=GAP_PRESENT; ownership=FAMILY_SHARED; observed slices=1.	0.86	YES
2184234912	1831506538	талисманы и обереги	GENERIC_RELEVANT	371.0	0.0	645.0	GAP_PRESENT	GAP_PRESENT	LOW	FAMILY_CANDIDATE	LONG_DESCRIPTION	GENERIC_RELEVANT; coverage=GAP_PRESENT; ownership=STORE_GENERIC; observed slices=1.	0.72	YES
2184234912	1831506538	украшение в машину на зеркало подвеска	GENERIC_RELEVANT	3.0	0.0	0.0	GAP_PRESENT	GAP_PRESENT	LOW	FAMILY_CANDIDATE	LONG_DESCRIPTION	GENERIC_RELEVANT; coverage=GAP_PRESENT; ownership=FAMILY_SHARED; observed slices=1.	0.76	YES
2184932293	1832435919	no pasaran подвеска в машину	GENERIC_RELEVANT	1.0	0.0	0.0	GAP_PRESENT	GAP_PRESENT	LOW	FAMILY_CANDIDATE	LONG_DESCRIPTION	GENERIC_RELEVANT; coverage=GAP_PRESENT; ownership=STORE_GENERIC; observed slices=1.	0.76	YES
2184932293	1832435919	аксессуары в машину подвесаа зеркал барабан	GENERIC_RELEVANT	0.0	0.0	0.0	GAP_PRESENT	GAP_PRESENT	LOW	FAMILY_CANDIDATE	LONG_DESCRIPTION	GENERIC_RELEVANT; coverage=GAP_PRESENT; ownership=STORE_GENERIC; observed slices=1.	0.76	YES
2184932293	1832435919	аметист даждьбог	EXACT_PRODUCT	0.0	0.0	0.0	PARTIAL_GAP	PARTIAL_GAP	LOW	READY_CANDIDATE	LONG_DESCRIPTION	EXACT_PRODUCT; coverage=PARTIAL_GAP; ownership=SKU_SPECIFIC; observed slices=1.	0.95	YES
2184932293	1832435919	амулет с зеркалом	GENERIC_RELEVANT	13.0	0.0	0.0	GAP_PRESENT	GAP_PRESENT	LOW	FAMILY_CANDIDATE	LONG_DESCRIPTION	GENERIC_RELEVANT; coverage=GAP_PRESENT; ownership=STORE_GENERIC; observed slices=1.	0.76	YES
2184932293	1832435919	амулеты	GENERIC_RELEVANT	89.0	0.0	0.0	GAP_PRESENT	GAP_PRESENT	LOW	FAMILY_CANDIDATE	LONG_DESCRIPTION	GENERIC_RELEVANT; coverage=GAP_PRESENT; ownership=STORE_GENERIC; observed slices=1.	0.72	YES
2184932293	1832435919	амулеты обереги и талисманы	GENERIC_RELEVANT	259.0	0.0	0.0	GAP_PRESENT	GAP_PRESENT	LOW	FAMILY_CANDIDATE	LONG_DESCRIPTION	GENERIC_RELEVANT; coverage=GAP_PRESENT; ownership=STORE_GENERIC; observed slices=1.	0.72	YES
2184932293	1832435919	амулеты языческие	GENERIC_RELEVANT	5.0	0.0	0.0	GAP_PRESENT	GAP_PRESENT	LOW	FAMILY_CANDIDATE	LONG_DESCRIPTION	GENERIC_RELEVANT; coverage=GAP_PRESENT; ownership=STORE_GENERIC; observed slices=1.	0.72	YES
2184932293	1832435919	бог	AMBIGUOUS_HOLD	260.0	0.0	0.0	NO_GAP	NO_GAP	MEDIUM	HOLD_AMBIGUOUS	HOLD	AMBIGUOUS_HOLD; coverage=NO_GAP; ownership=UNCLEAR; observed slices=1.	0.42	YES
2184932293	1832435919	бог омулет	AMBIGUOUS_HOLD	0.0	0.0	0.0	GAP_PRESENT	GAP_PRESENT	MEDIUM	HOLD_AMBIGUOUS	HOLD	AMBIGUOUS_HOLD; coverage=GAP_PRESENT; ownership=UNCLEAR; observed slices=1.	0.42	YES
2184932293	1832435919	боги славянские	FAMILY_RELEVANT	1.0	0.0	0.0	GAP_PRESENT	GAP_PRESENT	LOW	FAMILY_CANDIDATE	LONG_DESCRIPTION	FAMILY_RELEVANT; coverage=GAP_PRESENT; ownership=FAMILY_SHARED; observed slices=1.	0.86	YES
2184932293	1832435919	браслет мужской дажьбог	AMBIGUOUS_HOLD	0.0	0.0	0.0	GAP_PRESENT	GAP_PRESENT	MEDIUM	HOLD_AMBIGUOUS	HOLD	AMBIGUOUS_HOLD; coverage=GAP_PRESENT; ownership=UNCLEAR; observed slices=1.	0.42	YES
2184932293	1832435919	брелок славянский оберег	FAMILY_RELEVANT	17.0	0.0	0.0	GAP_PRESENT	GAP_PRESENT	LOW	FAMILY_CANDIDATE	LONG_DESCRIPTION	FAMILY_RELEVANT; coverage=GAP_PRESENT; ownership=FAMILY_SHARED; observed slices=1.	0.86	YES
2184932293	1832435919	бусина от сглаза на зеркало машины	GENERIC_RELEVANT	0.0	0.0	0.0	GAP_PRESENT	GAP_PRESENT	LOW	FAMILY_CANDIDATE	LONG_DESCRIPTION	GENERIC_RELEVANT; coverage=GAP_PRESENT; ownership=STORE_GENERIC; observed slices=1.	0.76	YES
2184932293	1832435919	бусины деревянные	AMBIGUOUS_HOLD	106.0	0.0	0.0	GAP_PRESENT	GAP_PRESENT	MEDIUM	HOLD_AMBIGUOUS	HOLD	AMBIGUOUS_HOLD; coverage=GAP_PRESENT; ownership=UNCLEAR; observed slices=1.	0.42	YES
2184932293	1832435919	в машину на зеркало	GENERIC_RELEVANT	42.0	0.0	0.0	GAP_PRESENT	GAP_PRESENT	LOW	FAMILY_CANDIDATE	LONG_DESCRIPTION	GENERIC_RELEVANT; coverage=GAP_PRESENT; ownership=STORE_GENERIC; observed slices=1.	0.76	YES
2184932293	1832435919	висючка в машину на зеркало люстра	GENERIC_RELEVANT	0.0	0.0	0.0	GAP_PRESENT	GAP_PRESENT	LOW	FAMILY_CANDIDATE	LONG_DESCRIPTION	GENERIC_RELEVANT; coverage=GAP_PRESENT; ownership=STORE_GENERIC; observed slices=2.	0.76	YES
2184932293	1832435919	висюяка на зеркало в машину хавал	GENERIC_RELEVANT	1.0	0.0	0.0	GAP_PRESENT	GAP_PRESENT	LOW	FAMILY_CANDIDATE	LONG_DESCRIPTION	GENERIC_RELEVANT; coverage=GAP_PRESENT; ownership=STORE_GENERIC; observed slices=1.	0.76	YES
2184932293	1832435919	во блага подвеска в машину	GENERIC_RELEVANT	1.0	0.0	0.0	GAP_PRESENT	GAP_PRESENT	LOW	FAMILY_CANDIDATE	LONG_DESCRIPTION	GENERIC_RELEVANT; coverage=GAP_PRESENT; ownership=FAMILY_SHARED; observed slices=1.	0.76	YES
2184932293	1832435919	вонючка в машину архангел михаил на зеркало	GENERIC_RELEVANT	1.0	0.0	0.0	GAP_PRESENT	GAP_PRESENT	LOW	FAMILY_CANDIDATE	LONG_DESCRIPTION	GENERIC_RELEVANT; coverage=GAP_PRESENT; ownership=STORE_GENERIC; observed slices=1.	0.76	YES
2184932293	1832435919	все в славянском стиле	FAMILY_RELEVANT	2.0	0.0	0.0	GAP_PRESENT	GAP_PRESENT	LOW	FAMILY_CANDIDATE	LONG_DESCRIPTION	FAMILY_RELEVANT; coverage=GAP_PRESENT; ownership=FAMILY_SHARED; observed slices=1.	0.86	YES
2184932293	1832435919	даждьбог	EXACT_PRODUCT	115.0	0.0	565.0	NO_GAP	NO_GAP	LOW	NO_CHANGE	NONE	EXACT_PRODUCT; coverage=NO_GAP; ownership=SKU_SPECIFIC; observed slices=2.	0.95	NO
2184932293	1832435919	даждьбог бусина	EXACT_PRODUCT	1.0	0.0	0.0	PARTIAL_GAP	PARTIAL_GAP	LOW	READY_CANDIDATE	LONG_DESCRIPTION	EXACT_PRODUCT; coverage=PARTIAL_GAP; ownership=SKU_SPECIFIC; observed slices=1.	0.95	YES
2184932293	1832435919	деревянная языческий славянский символ на	FAMILY_RELEVANT	0.0	0.0	0.0	GAP_PRESENT	GAP_PRESENT	LOW	FAMILY_CANDIDATE	LONG_DESCRIPTION	FAMILY_RELEVANT; coverage=GAP_PRESENT; ownership=FAMILY_SHARED; observed slices=1.	0.86	YES
2184932293	1832435919	для салона машины подвеска	GENERIC_RELEVANT	0.0	0.0	0.0	GAP_PRESENT	GAP_PRESENT	LOW	FAMILY_CANDIDATE	LONG_DESCRIPTION	GENERIC_RELEVANT; coverage=GAP_PRESENT; ownership=STORE_GENERIC; observed slices=2.	0.76	YES
2184932293	1832435919	зеркало	GENERIC_RELEVANT	7498.0	0.0	0.0	GAP_PRESENT	GAP_PRESENT	LOW	FAMILY_CANDIDATE	LONG_DESCRIPTION	GENERIC_RELEVANT; coverage=GAP_PRESENT; ownership=STORE_GENERIC; observed slices=1.	0.76	YES
2184932293	1832435919	зеркало амулет	GENERIC_RELEVANT	7.0	0.0	0.0	GAP_PRESENT	GAP_PRESENT	LOW	FAMILY_CANDIDATE	LONG_DESCRIPTION	GENERIC_RELEVANT; coverage=GAP_PRESENT; ownership=STORE_GENERIC; observed slices=1.	0.76	YES
2184932293	1832435919	зеркало параболическое для праворульных машин	GENERIC_RELEVANT	1.0	0.0	0.0	GAP_PRESENT	GAP_PRESENT	LOW	FAMILY_CANDIDATE	LONG_DESCRIPTION	GENERIC_RELEVANT; coverage=GAP_PRESENT; ownership=STORE_GENERIC; observed slices=1.	0.76	YES
2184932293	1832435919	зеркальная защита амулет	GENERIC_RELEVANT	13.0	0.0	0.0	GAP_PRESENT	GAP_PRESENT	LOW	FAMILY_CANDIDATE	LONG_DESCRIPTION	GENERIC_RELEVANT; coverage=GAP_PRESENT; ownership=STORE_GENERIC; observed slices=1.	0.76	YES
2184932293	1832435919	кимоно в машину на зеркало самбо	GENERIC_RELEVANT	1.0	0.0	0.0	GAP_PRESENT	GAP_PRESENT	LOW	FAMILY_CANDIDATE	LONG_DESCRIPTION	GENERIC_RELEVANT; coverage=GAP_PRESENT; ownership=FAMILY_SHARED; observed slices=1.	0.76	YES
2184932293	1832435919	красивая подвеска на авто	GENERIC_RELEVANT	1.0	0.0	0.0	GAP_PRESENT	GAP_PRESENT	LOW	FAMILY_CANDIDATE	LONG_DESCRIPTION	GENERIC_RELEVANT; coverage=GAP_PRESENT; ownership=FAMILY_SHARED; observed slices=1.	0.76	YES
2184932293	1832435919	оберег	GENERIC_RELEVANT	1720.0	0.0	0.0	GAP_PRESENT	GAP_PRESENT	LOW	FAMILY_CANDIDATE	LONG_DESCRIPTION	GENERIC_RELEVANT; coverage=GAP_PRESENT; ownership=STORE_GENERIC; observed slices=1.	0.72	YES
2184932293	1832435919	оберег в автомобиль	GENERIC_RELEVANT	19.0	0.0	0.0	GAP_PRESENT	GAP_PRESENT	LOW	FAMILY_CANDIDATE	LONG_DESCRIPTION	GENERIC_RELEVANT; coverage=GAP_PRESENT; ownership=STORE_GENERIC; observed slices=1.	0.76	YES
2184932293	1832435919	оберег в машину	GENERIC_RELEVANT	143.0	0.0	0.0	GAP_PRESENT	GAP_PRESENT	LOW	FAMILY_CANDIDATE	LONG_DESCRIPTION	GENERIC_RELEVANT; coverage=GAP_PRESENT; ownership=STORE_GENERIC; observed slices=1.	0.76	YES
2184932293	1832435919	оберег в машину от дерева жизни на зеркало	NEIGHBOR_PRODUCT	1.0	0.0	0.0	NOT_APPLICABLE	NOT_APPLICABLE	LOW	REJECT_NEIGHBOR	NONE	NEIGHBOR_PRODUCT; coverage=NOT_APPLICABLE; ownership=EXCLUDED; observed slices=1.	0.96	NO
2184932293	1832435919	оберег даж бога	GENERIC_RELEVANT	1.0	0.0	490.0	GAP_PRESENT	GAP_PRESENT	LOW	FAMILY_CANDIDATE	LONG_DESCRIPTION	GENERIC_RELEVANT; coverage=GAP_PRESENT; ownership=FAMILY_SHARED; observed slices=1.	0.72	YES
2184932293	1832435919	оберег на машину славянский	FAMILY_RELEVANT	0.0	0.0	0.0	GAP_PRESENT	GAP_PRESENT	LOW	FAMILY_CANDIDATE	LONG_DESCRIPTION	FAMILY_RELEVANT; coverage=GAP_PRESENT; ownership=FAMILY_SHARED; observed slices=1.	0.86	YES
2184932293	1832435919	оберег от сглаза и порчи	GENERIC_RELEVANT	371.0	0.0	0.0	GAP_PRESENT	GAP_PRESENT	LOW	FAMILY_CANDIDATE	LONG_DESCRIPTION	GENERIC_RELEVANT; coverage=GAP_PRESENT; ownership=STORE_GENERIC; observed slices=1.	0.72	YES
2184932293	1832435919	оберег славянский	FAMILY_RELEVANT	180.0	0.0	0.0	GAP_PRESENT	GAP_PRESENT	LOW	FAMILY_CANDIDATE	LONG_DESCRIPTION	FAMILY_RELEVANT; coverage=GAP_PRESENT; ownership=FAMILY_SHARED; observed slices=1.	0.86	YES
2184932293	1832435919	песок для благ	AMBIGUOUS_HOLD	0.0	0.0	0.0	GAP_PRESENT	GAP_PRESENT	MEDIUM	HOLD_AMBIGUOUS	HOLD	AMBIGUOUS_HOLD; coverage=GAP_PRESENT; ownership=UNCLEAR; observed slices=1.	0.42	YES
2184932293	1832435919	подвеска в машину	GENERIC_RELEVANT	3171.0	0.0	0.0	GAP_PRESENT	GAP_PRESENT	LOW	FAMILY_CANDIDATE	LONG_DESCRIPTION	GENERIC_RELEVANT; coverage=GAP_PRESENT; ownership=STORE_GENERIC; observed slices=2.	0.76	YES
2184932293	1832435919	подвеска в машину на зеркало инь янь	GENERIC_RELEVANT	0.0	0.0	0.0	GAP_PRESENT	GAP_PRESENT	LOW	FAMILY_CANDIDATE	LONG_DESCRIPTION	GENERIC_RELEVANT; coverage=GAP_PRESENT; ownership=FAMILY_SHARED; observed slices=1.	0.76	YES
2184932293	1832435919	подвеска в машину на зеркало мужская евгений	GENERIC_RELEVANT	0.0	0.0	0.0	GAP_PRESENT	GAP_PRESENT	LOW	FAMILY_CANDIDATE	LONG_DESCRIPTION	GENERIC_RELEVANT; coverage=GAP_PRESENT; ownership=STORE_GENERIC; observed slices=1.	0.76	YES
2184932293	1832435919	подвеска в машину на зеркало руна	GENERIC_RELEVANT	0.0	0.0	0.0	GAP_PRESENT	GAP_PRESENT	LOW	FAMILY_CANDIDATE	LONG_DESCRIPTION	GENERIC_RELEVANT; coverage=GAP_PRESENT; ownership=STORE_GENERIC; observed slices=1.	0.76	YES
2184932293	1832435919	подвеска в машину рука	GENERIC_RELEVANT	0.0	0.0	0.0	GAP_PRESENT	GAP_PRESENT	LOW	FAMILY_CANDIDATE	LONG_DESCRIPTION	GENERIC_RELEVANT; coverage=GAP_PRESENT; ownership=FAMILY_SHARED; observed slices=1.	0.76	YES
2184932293	1832435919	подвеска в машину языческая	GENERIC_RELEVANT	1.0	0.0	0.0	GAP_PRESENT	GAP_PRESENT	LOW	FAMILY_CANDIDATE	LONG_DESCRIPTION	GENERIC_RELEVANT; coverage=GAP_PRESENT; ownership=FAMILY_SHARED; observed slices=1.	0.76	YES
2184932293	1832435919	подвеска зеркало - амулет	GENERIC_RELEVANT	1.0	0.0	0.0	GAP_PRESENT	GAP_PRESENT	LOW	FAMILY_CANDIDATE	LONG_DESCRIPTION	GENERIC_RELEVANT; coverage=GAP_PRESENT; ownership=STORE_GENERIC; observed slices=1.	0.76	YES
2184932293	1832435919	подвеска на зеркало в машину	GENERIC_RELEVANT	1128.0	0.0	0.0	GAP_PRESENT	GAP_PRESENT	LOW	FAMILY_CANDIDATE	LONG_DESCRIPTION	GENERIC_RELEVANT; coverage=GAP_PRESENT; ownership=STORE_GENERIC; observed slices=1.	0.76	YES
2184932293	1832435919	славянские	FAMILY_RELEVANT	102.0	0.0	0.0	GAP_PRESENT	GAP_PRESENT	LOW	FAMILY_CANDIDATE	LONG_DESCRIPTION	FAMILY_RELEVANT; coverage=GAP_PRESENT; ownership=FAMILY_SHARED; observed slices=1.	0.86	YES
2184932293	1832435919	славянские обереги	FAMILY_RELEVANT	909.0	0.0	0.0	GAP_PRESENT	GAP_PRESENT	LOW	FAMILY_CANDIDATE	LONG_DESCRIPTION	FAMILY_RELEVANT; coverage=GAP_PRESENT; ownership=FAMILY_SHARED; observed slices=2.	0.86	YES
2184932293	1832435919	славянские обереги для мужчин	FAMILY_RELEVANT	22.0	0.0	0.0	GAP_PRESENT	GAP_PRESENT	LOW	FAMILY_CANDIDATE	LONG_DESCRIPTION	FAMILY_RELEVANT; coverage=GAP_PRESENT; ownership=FAMILY_SHARED; observed slices=1.	0.86	YES
2184932293	1832435919	славянские обереги на шею	FAMILY_RELEVANT	2.0	0.0	0.0	GAP_PRESENT	GAP_PRESENT	LOW	FAMILY_CANDIDATE	LONG_DESCRIPTION	FAMILY_RELEVANT; coverage=GAP_PRESENT; ownership=FAMILY_SHARED; observed slices=1.	0.86	YES
2184932293	1832435919	славянский оберег	FAMILY_RELEVANT	473.0	0.0	0.0	GAP_PRESENT	GAP_PRESENT	LOW	FAMILY_CANDIDATE	LONG_DESCRIPTION	FAMILY_RELEVANT; coverage=GAP_PRESENT; ownership=FAMILY_SHARED; observed slices=1.	0.86	YES
2184932293	1832435919	славянское солнце	FAMILY_RELEVANT	5.0	0.0	0.0	GAP_PRESENT	GAP_PRESENT	LOW	FAMILY_CANDIDATE	LONG_DESCRIPTION	FAMILY_RELEVANT; coverage=GAP_PRESENT; ownership=FAMILY_SHARED; observed slices=1.	0.86	YES
2184932293	1832435919	украшение в машину на зеркало оберег	GENERIC_RELEVANT	1.0	0.0	0.0	GAP_PRESENT	GAP_PRESENT	LOW	FAMILY_CANDIDATE	LONG_DESCRIPTION	GENERIC_RELEVANT; coverage=GAP_PRESENT; ownership=FAMILY_SHARED; observed slices=1.	0.76	YES
2184932293	1832435919	языческие аксессуары в машину	GENERIC_RELEVANT	0.0	0.0	547.0	GAP_PRESENT	GAP_PRESENT	LOW	FAMILY_CANDIDATE	LONG_DESCRIPTION	GENERIC_RELEVANT; coverage=GAP_PRESENT; ownership=FAMILY_SHARED; observed slices=1.	0.76	YES
2186766628	1834930939	аксессуары в машину на зеркало подвеска	GENERIC_RELEVANT	2.0	0.0	0.0	GAP_PRESENT	GAP_PRESENT	LOW	FAMILY_CANDIDATE	LONG_DESCRIPTION	GENERIC_RELEVANT; coverage=GAP_PRESENT; ownership=FAMILY_SHARED; observed slices=1.	0.76	YES
2186766628	1834930939	аксессуары для автомобиля подвеска на зеркало	GENERIC_RELEVANT	1.0	0.0	0.0	GAP_PRESENT	GAP_PRESENT	LOW	FAMILY_CANDIDATE	LONG_DESCRIPTION	GENERIC_RELEVANT; coverage=GAP_PRESENT; ownership=FAMILY_SHARED; observed slices=1.	0.76	YES
2186766628	1834930939	амулет кулон - зеркало	GENERIC_RELEVANT	1.0	0.0	0.0	GAP_PRESENT	GAP_PRESENT	LOW	FAMILY_CANDIDATE	LONG_DESCRIPTION	GENERIC_RELEVANT; coverage=GAP_PRESENT; ownership=FAMILY_SHARED; observed slices=1.	0.76	YES
2186766628	1834930939	амулеты обереги и талисманы	GENERIC_RELEVANT	72.0	0.0	0.0	GAP_PRESENT	GAP_PRESENT	LOW	FAMILY_CANDIDATE	LONG_DESCRIPTION	GENERIC_RELEVANT; coverage=GAP_PRESENT; ownership=STORE_GENERIC; observed slices=1.	0.72	YES
2186766628	1834930939	брелок в машину на зеркало плавец	GENERIC_RELEVANT	1.0	0.0	0.0	GAP_PRESENT	GAP_PRESENT	LOW	FAMILY_CANDIDATE	LONG_DESCRIPTION	GENERIC_RELEVANT; coverage=GAP_PRESENT; ownership=FAMILY_SHARED; observed slices=1.	0.76	YES
2186766628	1834930939	брелок в машину на зеркало пушистики	GENERIC_RELEVANT	0.0	0.0	0.0	GAP_PRESENT	GAP_PRESENT	LOW	FAMILY_CANDIDATE	LONG_DESCRIPTION	GENERIC_RELEVANT; coverage=GAP_PRESENT; ownership=STORE_GENERIC; observed slices=1.	0.76	YES
2186766628	1834930939	брелок телец деревянный	STRONG_PRODUCT	1.0	0.0	0.0	PARTIAL_GAP	PARTIAL_GAP	LOW	READY_CANDIDATE	LONG_DESCRIPTION	STRONG_PRODUCT; coverage=PARTIAL_GAP; ownership=SKU_SPECIFIC; observed slices=1.	0.96	YES
2186766628	1834930939	брошь телец	STRONG_PRODUCT	2.0	0.0	0.0	PARTIAL_GAP	PARTIAL_GAP	LOW	READY_CANDIDATE	LONG_DESCRIPTION	STRONG_PRODUCT; coverage=PARTIAL_GAP; ownership=SKU_SPECIFIC; observed slices=1.	0.96	YES
2186766628	1834930939	бусины диаметр 1 см	AMBIGUOUS_HOLD	0.0	0.0	0.0	GAP_PRESENT	GAP_PRESENT	MEDIUM	HOLD_AMBIGUOUS	HOLD	AMBIGUOUS_HOLD; coverage=GAP_PRESENT; ownership=UNCLEAR; observed slices=1.	0.42	YES
2186766628	1834930939	бусы оберег	GENERIC_RELEVANT	0.0	0.0	0.0	GAP_PRESENT	GAP_PRESENT	LOW	FAMILY_CANDIDATE	LONG_DESCRIPTION	GENERIC_RELEVANT; coverage=GAP_PRESENT; ownership=STORE_GENERIC; observed slices=1.	0.72	YES
2186766628	1834930939	в машину амулет	GENERIC_RELEVANT	0.0	0.0	0.0	GAP_PRESENT	GAP_PRESENT	LOW	FAMILY_CANDIDATE	LONG_DESCRIPTION	GENERIC_RELEVANT; coverage=GAP_PRESENT; ownership=STORE_GENERIC; observed slices=1.	0.76	YES
2186766628	1834930939	в машину подвеска	GENERIC_RELEVANT	85.0	0.0	0.0	GAP_PRESENT	GAP_PRESENT	LOW	FAMILY_CANDIDATE	LONG_DESCRIPTION	GENERIC_RELEVANT; coverage=GAP_PRESENT; ownership=STORE_GENERIC; observed slices=1.	0.76	YES
2186766628	1834930939	в машину украшение на зеркало	GENERIC_RELEVANT	1.0	0.0	0.0	GAP_PRESENT	GAP_PRESENT	LOW	FAMILY_CANDIDATE	LONG_DESCRIPTION	GENERIC_RELEVANT; coverage=GAP_PRESENT; ownership=FAMILY_SHARED; observed slices=1.	0.76	YES
2186766628	1834930939	висюяка на зеркало в машину хавал	GENERIC_RELEVANT	1.0	0.0	0.0	GAP_PRESENT	GAP_PRESENT	LOW	FAMILY_CANDIDATE	LONG_DESCRIPTION	GENERIC_RELEVANT; coverage=GAP_PRESENT; ownership=STORE_GENERIC; observed slices=1.	0.76	YES
2186766628	1834930939	для подвески зеркала	GENERIC_RELEVANT	1.0	0.0	0.0	GAP_PRESENT	GAP_PRESENT	LOW	FAMILY_CANDIDATE	LONG_DESCRIPTION	GENERIC_RELEVANT; coverage=GAP_PRESENT; ownership=STORE_GENERIC; observed slices=1.	0.76	YES
2186766628	1834930939	для тельцов	AMBIGUOUS_HOLD	6.0	0.0	729.0	GAP_PRESENT	GAP_PRESENT	MEDIUM	HOLD_AMBIGUOUS	HOLD	AMBIGUOUS_HOLD; coverage=GAP_PRESENT; ownership=UNCLEAR; observed slices=1.	0.42	YES
2186766628	1834930939	енот десантник в машину подвеска	GENERIC_RELEVANT	1.0	0.0	0.0	GAP_PRESENT	GAP_PRESENT	LOW	FAMILY_CANDIDATE	LONG_DESCRIPTION	GENERIC_RELEVANT; coverage=GAP_PRESENT; ownership=FAMILY_SHARED; observed slices=1.	0.76	YES
2186766628	1834930939	зажигалка телец	STRONG_PRODUCT	1.0	0.0	0.0	PARTIAL_GAP	PARTIAL_GAP	LOW	READY_CANDIDATE	LONG_DESCRIPTION	STRONG_PRODUCT; coverage=PARTIAL_GAP; ownership=SKU_SPECIFIC; observed slices=1.	0.96	YES
2186766628	1834930939	зеркало толи	GENERIC_RELEVANT	3.0	0.0	0.0	GAP_PRESENT	GAP_PRESENT	LOW	FAMILY_CANDIDATE	LONG_DESCRIPTION	GENERIC_RELEVANT; coverage=GAP_PRESENT; ownership=STORE_GENERIC; observed slices=1.	0.76	YES
2186766628	1834930939	зеркальный топпер тел	GENERIC_RELEVANT	0.0	0.0	0.0	GAP_PRESENT	GAP_PRESENT	LOW	FAMILY_CANDIDATE	LONG_DESCRIPTION	GENERIC_RELEVANT; coverage=GAP_PRESENT; ownership=FAMILY_SHARED; observed slices=1.	0.76	YES
2186766628	1834930939	знаки зодиака кулоны	FAMILY_RELEVANT	1.0	0.0	0.0	GAP_PRESENT	GAP_PRESENT	LOW	FAMILY_CANDIDATE	LONG_DESCRIPTION	FAMILY_RELEVANT; coverage=GAP_PRESENT; ownership=FAMILY_SHARED; observed slices=1.	0.86	YES
2186766628	1834930939	крест в машину на зеркало хрестианский металлическмй	NEIGHBOR_PRODUCT	0.0	0.0	0.0	NOT_APPLICABLE	NOT_APPLICABLE	LOW	REJECT_NEIGHBOR	NONE	NEIGHBOR_PRODUCT; coverage=NOT_APPLICABLE; ownership=EXCLUDED; observed slices=1.	0.96	NO
2186766628	1834930939	крестик в машину на зеркало освешеный	GENERIC_RELEVANT	0.0	0.0	0.0	GAP_PRESENT	GAP_PRESENT	LOW	FAMILY_CANDIDATE	LONG_DESCRIPTION	GENERIC_RELEVANT; coverage=GAP_PRESENT; ownership=STORE_GENERIC; observed slices=1.	0.76	YES
2186766628	1834930939	кулон подвеска телец мужской	EXACT_PRODUCT	2.0	0.0	0.0	PARTIAL_GAP	PARTIAL_GAP	LOW	READY_CANDIDATE	LONG_DESCRIPTION	EXACT_PRODUCT; coverage=PARTIAL_GAP; ownership=SKU_SPECIFIC; observed slices=1.	0.96	YES
2186766628	1834930939	купить подвеску на зеркало в машину	GENERIC_RELEVANT	1.0	0.0	0.0	GAP_PRESENT	GAP_PRESENT	LOW	FAMILY_CANDIDATE	LONG_DESCRIPTION	GENERIC_RELEVANT; coverage=GAP_PRESENT; ownership=FAMILY_SHARED; observed slices=1.	0.76	YES
2186766628	1834930939	магическое зеркало	GENERIC_RELEVANT	72.0	0.0	0.0	GAP_PRESENT	GAP_PRESENT	LOW	FAMILY_CANDIDATE	LONG_DESCRIPTION	GENERIC_RELEVANT; coverage=GAP_PRESENT; ownership=STORE_GENERIC; observed slices=1.	0.76	YES
2186766628	1834930939	мешочек со смехом подвеска в машину	GENERIC_RELEVANT	0.0	0.0	0.0	GAP_PRESENT	GAP_PRESENT	LOW	FAMILY_CANDIDATE	LONG_DESCRIPTION	GENERIC_RELEVANT; coverage=GAP_PRESENT; ownership=STORE_GENERIC; observed slices=1.	0.76	YES
2186766628	1834930939	на зеркало в машину подвеска уголовный розыск	GENERIC_RELEVANT	1.0	0.0	0.0	GAP_PRESENT	GAP_PRESENT	LOW	FAMILY_CANDIDATE	LONG_DESCRIPTION	GENERIC_RELEVANT; coverage=GAP_PRESENT; ownership=STORE_GENERIC; observed slices=1.	0.76	YES
2186766628	1834930939	наклейкана машину тилец	GENERIC_RELEVANT	0.0	0.0	0.0	GAP_PRESENT	GAP_PRESENT	LOW	FAMILY_CANDIDATE	LONG_DESCRIPTION	GENERIC_RELEVANT; coverage=GAP_PRESENT; ownership=FAMILY_SHARED; observed slices=1.	0.76	YES
2186766628	1834930939	нашивка телец	STRONG_PRODUCT	0.0	0.0	0.0	PARTIAL_GAP	PARTIAL_GAP	LOW	READY_CANDIDATE	LONG_DESCRIPTION	STRONG_PRODUCT; coverage=PARTIAL_GAP; ownership=SKU_SPECIFIC; observed slices=1.	0.96	YES
2186766628	1834930939	нашивкатна рюкзак телец	STRONG_PRODUCT	0.0	0.0	0.0	PARTIAL_GAP	PARTIAL_GAP	HIGH	READY_CANDIDATE	LONG_DESCRIPTION	STRONG_PRODUCT; coverage=PARTIAL_GAP; ownership=FAMILY_SHARED; observed slices=1.	0.96	YES
2186766628	1834930939	обвес бусы телец	STRONG_PRODUCT	0.0	0.0	0.0	PARTIAL_GAP	PARTIAL_GAP	LOW	READY_CANDIDATE	LONG_DESCRIPTION	STRONG_PRODUCT; coverage=PARTIAL_GAP; ownership=SKU_SPECIFIC; observed slices=2.	0.96	YES
2186766628	1834930939	оберег	GENERIC_RELEVANT	163.0	0.0	0.0	GAP_PRESENT	GAP_PRESENT	LOW	FAMILY_CANDIDATE	LONG_DESCRIPTION	GENERIC_RELEVANT; coverage=GAP_PRESENT; ownership=STORE_GENERIC; observed slices=1.	0.72	YES
2186766628	1834930939	оберег в машину	GENERIC_RELEVANT	266.0	0.0	0.0	GAP_PRESENT	GAP_PRESENT	LOW	FAMILY_CANDIDATE	LONG_DESCRIPTION	GENERIC_RELEVANT; coverage=GAP_PRESENT; ownership=STORE_GENERIC; observed slices=1.	0.76	YES
2186766628	1834930939	оберег в машину от гибдд фига	GENERIC_RELEVANT	1.0	0.0	0.0	GAP_PRESENT	GAP_PRESENT	LOW	FAMILY_CANDIDATE	LONG_DESCRIPTION	GENERIC_RELEVANT; coverage=GAP_PRESENT; ownership=FAMILY_SHARED; observed slices=1.	0.76	YES
2186766628	1834930939	оберег в машину талисман удачи автодомовой	NEIGHBOR_PRODUCT	1.0	0.0	0.0	NOT_APPLICABLE	NOT_APPLICABLE	LOW	REJECT_NEIGHBOR	NONE	NEIGHBOR_PRODUCT; coverage=NOT_APPLICABLE; ownership=EXCLUDED; observed slices=1.	0.96	NO
2186766628	1834930939	оберег для друга татарина в машину	GENERIC_RELEVANT	1.0	0.0	0.0	GAP_PRESENT	GAP_PRESENT	LOW	FAMILY_CANDIDATE	LONG_DESCRIPTION	GENERIC_RELEVANT; coverage=GAP_PRESENT; ownership=FAMILY_SHARED; observed slices=1.	0.76	YES
2186766628	1834930939	оберег на руку телец	EXACT_PRODUCT	0.0	0.0	0.0	PARTIAL_GAP	PARTIAL_GAP	LOW	READY_CANDIDATE	LONG_DESCRIPTION	EXACT_PRODUCT; coverage=PARTIAL_GAP; ownership=SKU_SPECIFIC; observed slices=1.	0.96	YES
2186766628	1834930939	оберег подвеска в машину	GENERIC_RELEVANT	1.0	0.0	0.0	GAP_PRESENT	GAP_PRESENT	LOW	FAMILY_CANDIDATE	LONG_DESCRIPTION	GENERIC_RELEVANT; coverage=GAP_PRESENT; ownership=STORE_GENERIC; observed slices=1.	0.76	YES
2186766628	1834930939	оберег славянский от зла	NEIGHBOR_PRODUCT	1.0	0.0	0.0	NOT_APPLICABLE	NOT_APPLICABLE	LOW	REJECT_NEIGHBOR	NONE	NEIGHBOR_PRODUCT; coverage=NOT_APPLICABLE; ownership=EXCLUDED; observed slices=1.	0.90	NO
2186766628	1834930939	обереги мужские в жорогу , в машину подвеска	GENERIC_RELEVANT	1.0	0.0	0.0	GAP_PRESENT	GAP_PRESENT	LOW	FAMILY_CANDIDATE	LONG_DESCRIPTION	GENERIC_RELEVANT; coverage=GAP_PRESENT; ownership=FAMILY_SHARED; observed slices=1.	0.76	YES
2186766628	1834930939	подарок подвеска в машину	GENERIC_RELEVANT	1.0	0.0	0.0	GAP_PRESENT	GAP_PRESENT	LOW	FAMILY_CANDIDATE	LONG_DESCRIPTION	GENERIC_RELEVANT; coverage=GAP_PRESENT; ownership=FAMILY_SHARED; observed slices=1.	0.76	YES
2186766628	1834930939	подвеска	GENERIC_RELEVANT	2415.0	0.0	0.0	GAP_PRESENT	GAP_PRESENT	LOW	FAMILY_CANDIDATE	LONG_DESCRIPTION	GENERIC_RELEVANT; coverage=GAP_PRESENT; ownership=STORE_GENERIC; observed slices=2.	0.72	YES
2186766628	1834930939	подвеска в автомобиль	GENERIC_RELEVANT	108.0	0.0	0.0	GAP_PRESENT	GAP_PRESENT	LOW	FAMILY_CANDIDATE	LONG_DESCRIPTION	GENERIC_RELEVANT; coverage=GAP_PRESENT; ownership=STORE_GENERIC; observed slices=1.	0.76	YES
2186766628	1834930939	подвеска в автомобиль зеркало	GENERIC_RELEVANT	1.0	0.0	0.0	GAP_PRESENT	GAP_PRESENT	LOW	FAMILY_CANDIDATE	LONG_DESCRIPTION	GENERIC_RELEVANT; coverage=GAP_PRESENT; ownership=FAMILY_SHARED; observed slices=1.	0.76	YES
2186766628	1834930939	подвеска в машину	GENERIC_RELEVANT	3171.0	0.0	0.0	GAP_PRESENT	GAP_PRESENT	LOW	FAMILY_CANDIDATE	LONG_DESCRIPTION	GENERIC_RELEVANT; coverage=GAP_PRESENT; ownership=STORE_GENERIC; observed slices=1.	0.76	YES
2186766628	1834930939	подвеска в машину бутцы арсенал	GENERIC_RELEVANT	1.0	0.0	0.0	GAP_PRESENT	GAP_PRESENT	LOW	FAMILY_CANDIDATE	LONG_DESCRIPTION	GENERIC_RELEVANT; coverage=GAP_PRESENT; ownership=FAMILY_SHARED; observed slices=1.	0.76	YES
2186766628	1834930939	подвеска в машину на зеркало ма ка крик	GENERIC_RELEVANT	0.0	0.0	0.0	GAP_PRESENT	GAP_PRESENT	LOW	FAMILY_CANDIDATE	LONG_DESCRIPTION	GENERIC_RELEVANT; coverage=GAP_PRESENT; ownership=STORE_GENERIC; observed slices=1.	0.76	YES
2186766628	1834930939	подвеска в машину на зеркало телец	EXACT_PRODUCT	2.0	0.0	0.0	NO_GAP	NO_GAP	LOW	NO_CHANGE	NONE	EXACT_PRODUCT; coverage=NO_GAP; ownership=SKU_SPECIFIC; observed slices=1.	0.96	NO
2186766628	1834930939	подвеска на зеркало	GENERIC_RELEVANT	106.0	0.0	0.0	GAP_PRESENT	GAP_PRESENT	LOW	FAMILY_CANDIDATE	LONG_DESCRIPTION	GENERIC_RELEVANT; coverage=GAP_PRESENT; ownership=STORE_GENERIC; observed slices=1.	0.76	YES
2186766628	1834930939	подвеска на зеркало в машину	GENERIC_RELEVANT	1288.0	0.0	0.0	GAP_PRESENT	GAP_PRESENT	LOW	FAMILY_CANDIDATE	LONG_DESCRIPTION	GENERIC_RELEVANT; coverage=GAP_PRESENT; ownership=STORE_GENERIC; observed slices=1.	0.76	YES
2186766628	1834930939	подвеска телец	EXACT_PRODUCT	144.0	0.0	0.0	NO_GAP	NO_GAP	HIGH	NO_CHANGE	NONE	EXACT_PRODUCT; coverage=NO_GAP; ownership=FAMILY_SHARED; observed slices=1.	0.96	YES
2186766628	1834930939	талисман	GENERIC_RELEVANT	207.0	0.0	0.0	GAP_PRESENT	GAP_PRESENT	LOW	FAMILY_CANDIDATE	LONG_DESCRIPTION	GENERIC_RELEVANT; coverage=GAP_PRESENT; ownership=STORE_GENERIC; observed slices=1.	0.72	YES
2186766628	1834930939	телец	STRONG_PRODUCT	685.0	0.0	0.0	NO_GAP	NO_GAP	HIGH	NO_CHANGE	NONE	STRONG_PRODUCT; coverage=NO_GAP; ownership=FAMILY_SHARED; observed slices=1.	0.96	YES
2186766628	1834930939	телец значок	STRONG_PRODUCT	0.0	0.0	0.0	PARTIAL_GAP	PARTIAL_GAP	LOW	READY_CANDIDATE	LONG_DESCRIPTION	STRONG_PRODUCT; coverage=PARTIAL_GAP; ownership=SKU_SPECIFIC; observed slices=1.	0.96	YES
2186766628	1834930939	четки в автомобиль	GENERIC_RELEVANT	381.0	0.0	0.0	GAP_PRESENT	GAP_PRESENT	LOW	FAMILY_CANDIDATE	LONG_DESCRIPTION	GENERIC_RELEVANT; coverage=GAP_PRESENT; ownership=STORE_GENERIC; observed slices=1.	0.76	YES
2186766628	1834930939	четки в машину	GENERIC_RELEVANT	137.0	0.0	0.0	GAP_PRESENT	GAP_PRESENT	LOW	FAMILY_CANDIDATE	LONG_DESCRIPTION	GENERIC_RELEVANT; coverage=GAP_PRESENT; ownership=STORE_GENERIC; observed slices=1.	0.76	YES
2186766628	1834930939	четки н	GENERIC_RELEVANT	0.0	0.0	0.0	GAP_PRESENT	GAP_PRESENT	LOW	FAMILY_CANDIDATE	LONG_DESCRIPTION	GENERIC_RELEVANT; coverage=GAP_PRESENT; ownership=FAMILY_SHARED; observed slices=1.	0.72	YES
2186796339	1834968755	амулет в машину на зеркало мужской	GENERIC_RELEVANT	2.0	0.0	0.0	GAP_PRESENT	GAP_PRESENT	LOW	FAMILY_CANDIDATE	LONG_DESCRIPTION	GENERIC_RELEVANT; coverage=GAP_PRESENT; ownership=STORE_GENERIC; observed slices=1.	0.76	YES
2186796339	1834968755	амулеты на шею рак мужские	EXACT_PRODUCT	1.0	0.0	0.0	PARTIAL_GAP	PARTIAL_GAP	LOW	READY_CANDIDATE	LONG_DESCRIPTION	EXACT_PRODUCT; coverage=PARTIAL_GAP; ownership=SKU_SPECIFIC; observed slices=1.	0.96	YES
2186796339	1834968755	висюлька на зеркало в машину белая пушистая	GENERIC_RELEVANT	0.0	0.0	0.0	GAP_PRESENT	GAP_PRESENT	LOW	FAMILY_CANDIDATE	LONG_DESCRIPTION	GENERIC_RELEVANT; coverage=GAP_PRESENT; ownership=STORE_GENERIC; observed slices=1.	0.76	YES
2186796339	1834968755	голова хищника в машину подвеска	GENERIC_RELEVANT	1.0	0.0	0.0	GAP_PRESENT	GAP_PRESENT	LOW	FAMILY_CANDIDATE	LONG_DESCRIPTION	GENERIC_RELEVANT; coverage=GAP_PRESENT; ownership=STORE_GENERIC; observed slices=1.	0.76	YES
2186796339	1834968755	зеркало толи	GENERIC_RELEVANT	3.0	0.0	0.0	GAP_PRESENT	GAP_PRESENT	LOW	FAMILY_CANDIDATE	LONG_DESCRIPTION	GENERIC_RELEVANT; coverage=GAP_PRESENT; ownership=STORE_GENERIC; observed slices=1.	0.76	YES
2186796339	1834968755	знаки зодиака из дерева	FAMILY_RELEVANT	1.0	0.0	0.0	GAP_PRESENT	GAP_PRESENT	LOW	FAMILY_CANDIDATE	LONG_DESCRIPTION	FAMILY_RELEVANT; coverage=GAP_PRESENT; ownership=FAMILY_SHARED; observed slices=1.	0.86	YES
2186796339	1834968755	знаки зодиака фигурки рак	EXACT_PRODUCT	1.0	0.0	0.0	PARTIAL_GAP	PARTIAL_GAP	LOW	READY_CANDIDATE	LONG_DESCRIPTION	EXACT_PRODUCT; coverage=PARTIAL_GAP; ownership=SKU_SPECIFIC; observed slices=1.	0.96	YES
2186796339	1834968755	кулон автомобиль	GENERIC_RELEVANT	4.0	0.0	0.0	GAP_PRESENT	GAP_PRESENT	LOW	FAMILY_CANDIDATE	LONG_DESCRIPTION	GENERIC_RELEVANT; coverage=GAP_PRESENT; ownership=FAMILY_SHARED; observed slices=1.	0.76	YES
2186796339	1834968755	кулон зеркалом со знаком рак зеркало	EXACT_PRODUCT	0.0	0.0	0.0	PARTIAL_GAP	PARTIAL_GAP	LOW	READY_CANDIDATE	LONG_DESCRIPTION	EXACT_PRODUCT; coverage=PARTIAL_GAP; ownership=SKU_SPECIFIC; observed slices=1.	0.96	YES
2186796339	1834968755	кулон четки	GENERIC_RELEVANT	1.0	0.0	0.0	GAP_PRESENT	GAP_PRESENT	LOW	FAMILY_CANDIDATE	LONG_DESCRIPTION	GENERIC_RELEVANT; coverage=GAP_PRESENT; ownership=FAMILY_SHARED; observed slices=1.	0.72	YES
2186796339	1834968755	машину четки	GENERIC_RELEVANT	1.0	0.0	0.0	GAP_PRESENT	GAP_PRESENT	LOW	FAMILY_CANDIDATE	LONG_DESCRIPTION	GENERIC_RELEVANT; coverage=GAP_PRESENT; ownership=FAMILY_SHARED; observed slices=1.	0.76	YES
2186796339	1834968755	на дифлектоп араматизатор в машину знак задиака	GENERIC_RELEVANT	1.0	0.0	0.0	GAP_PRESENT	GAP_PRESENT	LOW	FAMILY_CANDIDATE	LONG_DESCRIPTION	GENERIC_RELEVANT; coverage=GAP_PRESENT; ownership=FAMILY_SHARED; observed slices=1.	0.76	YES
2186796339	1834968755	на зеркало автомобиля подвеска красная	GENERIC_RELEVANT	0.0	0.0	0.0	GAP_PRESENT	GAP_PRESENT	LOW	FAMILY_CANDIDATE	LONG_DESCRIPTION	GENERIC_RELEVANT; coverage=GAP_PRESENT; ownership=STORE_GENERIC; observed slices=1.	0.76	YES
2186796339	1834968755	на зеркало в машину украшение	GENERIC_RELEVANT	1.0	0.0	0.0	GAP_PRESENT	GAP_PRESENT	LOW	FAMILY_CANDIDATE	LONG_DESCRIPTION	GENERIC_RELEVANT; coverage=GAP_PRESENT; ownership=STORE_GENERIC; observed slices=1.	0.76	YES
2186796339	1834968755	на зеркало украшение в машину	GENERIC_RELEVANT	1.0	0.0	0.0	GAP_PRESENT	GAP_PRESENT	LOW	FAMILY_CANDIDATE	LONG_DESCRIPTION	GENERIC_RELEVANT; coverage=GAP_PRESENT; ownership=STORE_GENERIC; observed slices=1.	0.76	YES
2186796339	1834968755	ниша под стиральную машинку и рак	EXACT_PRODUCT	0.0	0.0	0.0	PARTIAL_GAP	PARTIAL_GAP	LOW	READY_CANDIDATE	LONG_DESCRIPTION	EXACT_PRODUCT; coverage=PARTIAL_GAP; ownership=SKU_SPECIFIC; observed slices=1.	0.96	YES
2186796339	1834968755	о.берег в машину	GENERIC_RELEVANT	1.0	0.0	0.0	GAP_PRESENT	GAP_PRESENT	LOW	FAMILY_CANDIDATE	LONG_DESCRIPTION	GENERIC_RELEVANT; coverage=GAP_PRESENT; ownership=STORE_GENERIC; observed slices=1.	0.76	YES
2186796339	1834968755	обвес на сумку рак	STRONG_PRODUCT	0.0	0.0	0.0	PARTIAL_GAP	PARTIAL_GAP	LOW	READY_CANDIDATE	LONG_DESCRIPTION	STRONG_PRODUCT; coverage=PARTIAL_GAP; ownership=SKU_SPECIFIC; observed slices=1.	0.96	YES
2186796339	1834968755	оберег	GENERIC_RELEVANT	183.0	0.0	0.0	GAP_PRESENT	GAP_PRESENT	LOW	FAMILY_CANDIDATE	LONG_DESCRIPTION	GENERIC_RELEVANT; coverage=GAP_PRESENT; ownership=STORE_GENERIC; observed slices=1.	0.72	YES
2186796339	1834968755	оберег деревянный	GENERIC_RELEVANT	9.0	0.0	0.0	GAP_PRESENT	GAP_PRESENT	LOW	FAMILY_CANDIDATE	LONG_DESCRIPTION	GENERIC_RELEVANT; coverage=GAP_PRESENT; ownership=FAMILY_SHARED; observed slices=1.	0.72	YES
2186796339	1834968755	оберег для авто	GENERIC_RELEVANT	1.0	0.0	0.0	GAP_PRESENT	GAP_PRESENT	LOW	FAMILY_CANDIDATE	LONG_DESCRIPTION	GENERIC_RELEVANT; coverage=GAP_PRESENT; ownership=STORE_GENERIC; observed slices=1.	0.76	YES
2186796339	1834968755	оберег для рака	GENERIC_RELEVANT	5.0	0.0	0.0	GAP_PRESENT	GAP_PRESENT	LOW	FAMILY_CANDIDATE	LONG_DESCRIPTION	GENERIC_RELEVANT; coverage=GAP_PRESENT; ownership=FAMILY_SHARED; observed slices=1.	0.72	YES
2186796339	1834968755	подвеска в автомобиль	GENERIC_RELEVANT	79.0	0.0	0.0	GAP_PRESENT	GAP_PRESENT	LOW	FAMILY_CANDIDATE	LONG_DESCRIPTION	GENERIC_RELEVANT; coverage=GAP_PRESENT; ownership=STORE_GENERIC; observed slices=1.	0.76	YES
2186796339	1834968755	подвеска в машину	GENERIC_RELEVANT	7092.0	0.0	0.0	GAP_PRESENT	GAP_PRESENT	LOW	FAMILY_CANDIDATE	LONG_DESCRIPTION	GENERIC_RELEVANT; coverage=GAP_PRESENT; ownership=STORE_GENERIC; observed slices=1.	0.76	YES
2186796339	1834968755	подвеска в машину для мужч	GENERIC_RELEVANT	1.0	0.0	0.0	GAP_PRESENT	GAP_PRESENT	LOW	FAMILY_CANDIDATE	LONG_DESCRIPTION	GENERIC_RELEVANT; coverage=GAP_PRESENT; ownership=FAMILY_SHARED; observed slices=1.	0.76	YES
2186796339	1834968755	подвеска в машину на зеркало	GENERIC_RELEVANT	1289.0	0.0	0.0	GAP_PRESENT	GAP_PRESENT	LOW	FAMILY_CANDIDATE	LONG_DESCRIPTION	GENERIC_RELEVANT; coverage=GAP_PRESENT; ownership=STORE_GENERIC; observed slices=1.	0.76	YES
2186796339	1834968755	подвеска в машину на зеркало 18	GENERIC_RELEVANT	1.0	0.0	0.0	GAP_PRESENT	GAP_PRESENT	LOW	FAMILY_CANDIDATE	LONG_DESCRIPTION	GENERIC_RELEVANT; coverage=GAP_PRESENT; ownership=FAMILY_SHARED; observed slices=1.	0.76	YES
2186796339	1834968755	подвеска в машину на зеркало в грузовик	GENERIC_RELEVANT	0.0	0.0	0.0	GAP_PRESENT	GAP_PRESENT	LOW	FAMILY_CANDIDATE	LONG_DESCRIPTION	GENERIC_RELEVANT; coverage=GAP_PRESENT; ownership=STORE_GENERIC; observed slices=1.	0.76	YES
2186796339	1834968755	подвеска в машину на зеркало питбуль	GENERIC_RELEVANT	0.0	0.0	0.0	GAP_PRESENT	GAP_PRESENT	LOW	FAMILY_CANDIDATE	LONG_DESCRIPTION	GENERIC_RELEVANT; coverage=GAP_PRESENT; ownership=STORE_GENERIC; observed slices=1.	0.76	YES
2186796339	1834968755	подвеска в машину на зеркало рак	EXACT_PRODUCT	1.0	0.0	0.0	NO_GAP	NO_GAP	LOW	NO_CHANGE	NONE	EXACT_PRODUCT; coverage=NO_GAP; ownership=SKU_SPECIFIC; observed slices=1.	0.96	NO
2186796339	1834968755	подвеска в машину на зеркало ссср	GENERIC_RELEVANT	0.0	0.0	0.0	GAP_PRESENT	GAP_PRESENT	LOW	FAMILY_CANDIDATE	LONG_DESCRIPTION	GENERIC_RELEVANT; coverage=GAP_PRESENT; ownership=FAMILY_SHARED; observed slices=1.	0.76	YES
2186796339	1834968755	подвеска в машину на зеркало юрта	GENERIC_RELEVANT	0.0	0.0	0.0	GAP_PRESENT	GAP_PRESENT	LOW	FAMILY_CANDIDATE	LONG_DESCRIPTION	GENERIC_RELEVANT; coverage=GAP_PRESENT; ownership=STORE_GENERIC; observed slices=1.	0.76	YES
2186796339	1834968755	подвеска зеркало - амулет	GENERIC_RELEVANT	1.0	0.0	0.0	GAP_PRESENT	GAP_PRESENT	LOW	FAMILY_CANDIDATE	LONG_DESCRIPTION	GENERIC_RELEVANT; coverage=GAP_PRESENT; ownership=STORE_GENERIC; observed slices=1.	0.76	YES
2186796339	1834968755	подвеска знак зодиака соколов	FAMILY_RELEVANT	1.0	0.0	0.0	GAP_PRESENT	GAP_PRESENT	LOW	FAMILY_CANDIDATE	LONG_DESCRIPTION	FAMILY_RELEVANT; coverage=GAP_PRESENT; ownership=FAMILY_SHARED; observed slices=1.	0.86	YES
2186796339	1834968755	подвеска коз	GENERIC_RELEVANT	0.0	0.0	0.0	GAP_PRESENT	GAP_PRESENT	LOW	FAMILY_CANDIDATE	LONG_DESCRIPTION	GENERIC_RELEVANT; coverage=GAP_PRESENT; ownership=FAMILY_SHARED; observed slices=1.	0.72	YES
2186796339	1834968755	подвеска на авто зерколо	GENERIC_RELEVANT	1.0	0.0	0.0	GAP_PRESENT	GAP_PRESENT	LOW	FAMILY_CANDIDATE	LONG_DESCRIPTION	GENERIC_RELEVANT; coverage=GAP_PRESENT; ownership=STORE_GENERIC; observed slices=1.	0.76	YES
2186796339	1834968755	подвеска на зеркало	GENERIC_RELEVANT	106.0	0.0	0.0	GAP_PRESENT	GAP_PRESENT	LOW	FAMILY_CANDIDATE	LONG_DESCRIPTION	GENERIC_RELEVANT; coverage=GAP_PRESENT; ownership=STORE_GENERIC; observed slices=1.	0.76	YES
2186796339	1834968755	подвеска на зеркало автомобиля	GENERIC_RELEVANT	92.0	0.0	0.0	GAP_PRESENT	GAP_PRESENT	LOW	FAMILY_CANDIDATE	LONG_DESCRIPTION	GENERIC_RELEVANT; coverage=GAP_PRESENT; ownership=FAMILY_SHARED; observed slices=1.	0.76	YES
2186796339	1834968755	подвеска на зеркало в машину	GENERIC_RELEVANT	1103.0	0.0	0.0	GAP_PRESENT	GAP_PRESENT	LOW	FAMILY_CANDIDATE	LONG_DESCRIPTION	GENERIC_RELEVANT; coverage=GAP_PRESENT; ownership=STORE_GENERIC; observed slices=1.	0.76	YES
2186796339	1834968755	подвеска на зеркало в машину питбуль	GENERIC_RELEVANT	1.0	0.0	0.0	GAP_PRESENT	GAP_PRESENT	LOW	FAMILY_CANDIDATE	LONG_DESCRIPTION	GENERIC_RELEVANT; coverage=GAP_PRESENT; ownership=FAMILY_SHARED; observed slices=1.	0.76	YES
2186796339	1834968755	подвеска на машину	GENERIC_RELEVANT	97.0	0.0	0.0	GAP_PRESENT	GAP_PRESENT	LOW	FAMILY_CANDIDATE	LONG_DESCRIPTION	GENERIC_RELEVANT; coverage=GAP_PRESENT; ownership=STORE_GENERIC; observed slices=1.	0.76	YES
2186796339	1834968755	подвеска рак	EXACT_PRODUCT	96.0	0.0	0.0	NO_GAP	NO_GAP	HIGH	NO_CHANGE	NONE	EXACT_PRODUCT; coverage=NO_GAP; ownership=FAMILY_SHARED; observed slices=1.	0.96	YES
2186796339	1834968755	подвеска рак большая	EXACT_PRODUCT	0.0	0.0	0.0	PARTIAL_GAP	PARTIAL_GAP	LOW	READY_CANDIDATE	LONG_DESCRIPTION	EXACT_PRODUCT; coverage=PARTIAL_GAP; ownership=SKU_SPECIFIC; observed slices=2.	0.96	YES
2186796339	1834968755	подвески в авто рак	EXACT_PRODUCT	0.0	0.0	0.0	NO_GAP	NO_GAP	LOW	NO_CHANGE	NONE	EXACT_PRODUCT; coverage=NO_GAP; ownership=SKU_SPECIFIC; observed slices=1.	0.96	NO
2186796339	1834968755	рак	STRONG_PRODUCT	102.0	0.0	0.0	NO_GAP	NO_GAP	HIGH	NO_CHANGE	NONE	STRONG_PRODUCT; coverage=NO_GAP; ownership=FAMILY_SHARED; observed slices=1.	0.96	YES
2186796339	1834968755	рака ловки	AMBIGUOUS_HOLD	94.0	0.0	0.0	GAP_PRESENT	GAP_PRESENT	MEDIUM	HOLD_AMBIGUOUS	HOLD	AMBIGUOUS_HOLD; coverage=GAP_PRESENT; ownership=UNCLEAR; observed slices=1.	0.42	YES
2186796339	1834968755	скорпион оберег	NEIGHBOR_PRODUCT	1.0	0.0	0.0	NOT_APPLICABLE	NOT_APPLICABLE	LOW	REJECT_NEIGHBOR	NONE	NEIGHBOR_PRODUCT; coverage=NOT_APPLICABLE; ownership=SKU_SPECIFIC; observed slices=1.	0.98	NO
2186796339	1834968755	талисман	GENERIC_RELEVANT	306.0	0.0	0.0	GAP_PRESENT	GAP_PRESENT	LOW	FAMILY_CANDIDATE	LONG_DESCRIPTION	GENERIC_RELEVANT; coverage=GAP_PRESENT; ownership=STORE_GENERIC; observed slices=1.	0.72	YES
2186796339	1834968755	талисман в машину женский	GENERIC_RELEVANT	2.0	0.0	0.0	GAP_PRESENT	GAP_PRESENT	LOW	FAMILY_CANDIDATE	LONG_DESCRIPTION	GENERIC_RELEVANT; coverage=GAP_PRESENT; ownership=STORE_GENERIC; observed slices=1.	0.76	YES
2186796339	1834968755	талисман в машину на зеркало	GENERIC_RELEVANT	4.0	0.0	0.0	GAP_PRESENT	GAP_PRESENT	LOW	FAMILY_CANDIDATE	LONG_DESCRIPTION	GENERIC_RELEVANT; coverage=GAP_PRESENT; ownership=STORE_GENERIC; observed slices=1.	0.76	YES
2186796339	1834968755	худи со знаком зодиака	FAMILY_RELEVANT	6.0	0.0	0.0	PARTIAL_GAP	PARTIAL_GAP	LOW	FAMILY_CANDIDATE	LONG_DESCRIPTION	FAMILY_RELEVANT; coverage=PARTIAL_GAP; ownership=FAMILY_SHARED; observed slices=1.	0.86	YES
2186796339	1834968755	четки в автомобиль	GENERIC_RELEVANT	178.0	0.0	0.0	GAP_PRESENT	GAP_PRESENT	LOW	FAMILY_CANDIDATE	LONG_DESCRIPTION	GENERIC_RELEVANT; coverage=GAP_PRESENT; ownership=STORE_GENERIC; observed slices=1.	0.76	YES
2186796339	1834968755	четки в машину	GENERIC_RELEVANT	137.0	0.0	0.0	GAP_PRESENT	GAP_PRESENT	LOW	FAMILY_CANDIDATE	LONG_DESCRIPTION	GENERIC_RELEVANT; coverage=GAP_PRESENT; ownership=STORE_GENERIC; observed slices=2.	0.76	YES
2186796339	1834968755	четки в машину на зеркало	GENERIC_RELEVANT	117.0	0.0	0.0	GAP_PRESENT	GAP_PRESENT	LOW	FAMILY_CANDIDATE	LONG_DESCRIPTION	GENERIC_RELEVANT; coverage=GAP_PRESENT; ownership=STORE_GENERIC; observed slices=2.	0.76	YES
2186796339	1834968755	четки в машину со знакам зодиака дева	NEIGHBOR_PRODUCT	0.0	0.0	0.0	NOT_APPLICABLE	NOT_APPLICABLE	LOW	REJECT_NEIGHBOR	NONE	NEIGHBOR_PRODUCT; coverage=NOT_APPLICABLE; ownership=SKU_SPECIFIC; observed slices=1.	0.98	NO
2186796339	1834968755	четки н	GENERIC_RELEVANT	0.0	0.0	0.0	GAP_PRESENT	GAP_PRESENT	LOW	FAMILY_CANDIDATE	LONG_DESCRIPTION	GENERIC_RELEVANT; coverage=GAP_PRESENT; ownership=FAMILY_SHARED; observed slices=1.	0.72	YES
2186796339	1834968755	четкм в машину скорпион	NEIGHBOR_PRODUCT	0.0	0.0	0.0	NOT_APPLICABLE	NOT_APPLICABLE	LOW	REJECT_NEIGHBOR	NONE	NEIGHBOR_PRODUCT; coverage=NOT_APPLICABLE; ownership=EXCLUDED; observed slices=1.	0.98	NO
2186802133	1834976037	аксессуар узел счастья на зеркало в машину	NEIGHBOR_PRODUCT	1.0	0.0	0.0	NOT_APPLICABLE	NOT_APPLICABLE	LOW	REJECT_NEIGHBOR	NONE	NEIGHBOR_PRODUCT; coverage=NOT_APPLICABLE; ownership=EXCLUDED; observed slices=1.	0.96	NO
2186802133	1834976037	амулет в машину	GENERIC_RELEVANT	18.0	0.0	0.0	GAP_PRESENT	GAP_PRESENT	LOW	FAMILY_CANDIDATE	LONG_DESCRIPTION	GENERIC_RELEVANT; coverage=GAP_PRESENT; ownership=STORE_GENERIC; observed slices=1.	0.76	YES
2186802133	1834976037	амулеты обереги и талисманы по знаку зодиака весы	EXACT_PRODUCT	0.0	0.0	0.0	PARTIAL_GAP	PARTIAL_GAP	LOW	READY_CANDIDATE	LONG_DESCRIPTION	EXACT_PRODUCT; coverage=PARTIAL_GAP; ownership=SKU_SPECIFIC; observed slices=1.	0.96	YES
2186802133	1834976037	аодвеска зеркало	GENERIC_RELEVANT	0.0	0.0	0.0	GAP_PRESENT	GAP_PRESENT	LOW	FAMILY_CANDIDATE	LONG_DESCRIPTION	GENERIC_RELEVANT; coverage=GAP_PRESENT; ownership=STORE_GENERIC; observed slices=1.	0.76	YES
2186802133	1834976037	брелок в машину на зеркало пушистики	GENERIC_RELEVANT	0.0	0.0	0.0	GAP_PRESENT	GAP_PRESENT	LOW	FAMILY_CANDIDATE	LONG_DESCRIPTION	GENERIC_RELEVANT; coverage=GAP_PRESENT; ownership=STORE_GENERIC; observed slices=1.	0.76	YES
2186802133	1834976037	брелок в машину славянский	NEIGHBOR_PRODUCT	1.0	0.0	0.0	NOT_APPLICABLE	NOT_APPLICABLE	LOW	REJECT_NEIGHBOR	NONE	NEIGHBOR_PRODUCT; coverage=NOT_APPLICABLE; ownership=EXCLUDED; observed slices=1.	0.90	NO
2186802133	1834976037	бусина знак зодиака весы	EXACT_PRODUCT	1.0	0.0	0.0	PARTIAL_GAP	PARTIAL_GAP	LOW	READY_CANDIDATE	LONG_DESCRIPTION	EXACT_PRODUCT; coverage=PARTIAL_GAP; ownership=SKU_SPECIFIC; observed slices=1.	0.96	YES
2186802133	1834976037	весы	STRONG_PRODUCT	5293.0	0.0	0.0	NO_GAP	NO_GAP	HIGH	NO_CHANGE	NONE	STRONG_PRODUCT; coverage=NO_GAP; ownership=FAMILY_SHARED; observed slices=1.	0.96	YES
2186802133	1834976037	весы амулет на стол	EXACT_PRODUCT	1.0	0.0	0.0	PARTIAL_GAP	PARTIAL_GAP	LOW	READY_CANDIDATE	LONG_DESCRIPTION	EXACT_PRODUCT; coverage=PARTIAL_GAP; ownership=SKU_SPECIFIC; observed slices=1.	0.96	YES
2186802133	1834976037	весы в машину лексус	EXACT_PRODUCT	0.0	0.0	0.0	PARTIAL_GAP	PARTIAL_GAP	LOW	READY_CANDIDATE	LONG_DESCRIPTION	EXACT_PRODUCT; coverage=PARTIAL_GAP; ownership=SKU_SPECIFIC; observed slices=1.	0.96	YES
2186802133	1834976037	весы знак зодиака	EXACT_PRODUCT	167.0	0.0	0.0	NO_GAP	NO_GAP	HIGH	NO_CHANGE	NONE	EXACT_PRODUCT; coverage=NO_GAP; ownership=FAMILY_SHARED; observed slices=1.	0.96	YES
2186802133	1834976037	весы подвеска в автомобиль	EXACT_PRODUCT	1.0	0.0	0.0	NO_GAP	NO_GAP	LOW	NO_CHANGE	NONE	EXACT_PRODUCT; coverage=NO_GAP; ownership=SKU_SPECIFIC; observed slices=1.	0.96	NO
2186802133	1834976037	вонючка в машину архангел михаил на зеркало	GENERIC_RELEVANT	1.0	0.0	0.0	GAP_PRESENT	GAP_PRESENT	LOW	FAMILY_CANDIDATE	LONG_DESCRIPTION	GENERIC_RELEVANT; coverage=GAP_PRESENT; ownership=STORE_GENERIC; observed slices=1.	0.76	YES
2186802133	1834976037	гравити фолз в машину брелок на зеркало	GENERIC_RELEVANT	1.0	0.0	0.0	GAP_PRESENT	GAP_PRESENT	LOW	FAMILY_CANDIDATE	LONG_DESCRIPTION	GENERIC_RELEVANT; coverage=GAP_PRESENT; ownership=FAMILY_SHARED; observed slices=1.	0.76	YES
2186802133	1834976037	зеркало в	GENERIC_RELEVANT	190.0	0.0	0.0	GAP_PRESENT	GAP_PRESENT	LOW	FAMILY_CANDIDATE	LONG_DESCRIPTION	GENERIC_RELEVANT; coverage=GAP_PRESENT; ownership=FAMILY_SHARED; observed slices=1.	0.76	YES
2186802133	1834976037	зеркало обгона праворукая машина	GENERIC_RELEVANT	0.0	0.0	0.0	GAP_PRESENT	GAP_PRESENT	LOW	FAMILY_CANDIDATE	LONG_DESCRIPTION	GENERIC_RELEVANT; coverage=GAP_PRESENT; ownership=STORE_GENERIC; observed slices=1.	0.76	YES
2186802133	1834976037	знак зодиака весы	EXACT_PRODUCT	122.0	0.0	0.0	NO_GAP	NO_GAP	HIGH	NO_CHANGE	NONE	EXACT_PRODUCT; coverage=NO_GAP; ownership=FAMILY_SHARED; observed slices=2.	0.96	YES
2186802133	1834976037	игрушка талисман в машину	GENERIC_RELEVANT	1.0	0.0	0.0	GAP_PRESENT	GAP_PRESENT	LOW	FAMILY_CANDIDATE	LONG_DESCRIPTION	GENERIC_RELEVANT; coverage=GAP_PRESENT; ownership=FAMILY_SHARED; observed slices=1.	0.76	YES
2186802133	1834976037	календарь карманный знаки зодиака	FAMILY_RELEVANT	0.0	0.0	0.0	GAP_PRESENT	GAP_PRESENT	LOW	FAMILY_CANDIDATE	LONG_DESCRIPTION	FAMILY_RELEVANT; coverage=GAP_PRESENT; ownership=FAMILY_SHARED; observed slices=1.	0.86	YES
2186802133	1834976037	камень весы зодиака	EXACT_PRODUCT	0.0	0.0	0.0	PARTIAL_GAP	PARTIAL_GAP	LOW	READY_CANDIDATE	LONG_DESCRIPTION	EXACT_PRODUCT; coverage=PARTIAL_GAP; ownership=SKU_SPECIFIC; observed slices=1.	0.96	YES
2186802133	1834976037	крест в машину на зеркало хрестианский металлическмй	NEIGHBOR_PRODUCT	1.0	0.0	0.0	NOT_APPLICABLE	NOT_APPLICABLE	LOW	REJECT_NEIGHBOR	NONE	NEIGHBOR_PRODUCT; coverage=NOT_APPLICABLE; ownership=EXCLUDED; observed slices=1.	0.96	NO
2186802133	1834976037	кулон знак зодиака весы с цепочкой	EXACT_PRODUCT	1.0	0.0	0.0	PARTIAL_GAP	PARTIAL_GAP	LOW	READY_CANDIDATE	LONG_DESCRIPTION	EXACT_PRODUCT; coverage=PARTIAL_GAP; ownership=SKU_SPECIFIC; observed slices=1.	0.96	YES
2186802133	1834976037	кулон на зеркало автомобиля	GENERIC_RELEVANT	1.0	0.0	0.0	GAP_PRESENT	GAP_PRESENT	LOW	FAMILY_CANDIDATE	LONG_DESCRIPTION	GENERIC_RELEVANT; coverage=GAP_PRESENT; ownership=FAMILY_SHARED; observed slices=1.	0.76	YES
2186802133	1834976037	ловец снов в машину	GENERIC_RELEVANT	163.0	0.0	0.0	GAP_PRESENT	GAP_PRESENT	LOW	FAMILY_CANDIDATE	LONG_DESCRIPTION	GENERIC_RELEVANT; coverage=GAP_PRESENT; ownership=FAMILY_SHARED; observed slices=1.	0.76	YES
2186802133	1834976037	металлическая подвеска в машину на зеркало hongoi	GENERIC_RELEVANT	1.0	0.0	0.0	GAP_PRESENT	GAP_PRESENT	LOW	FAMILY_CANDIDATE	LONG_DESCRIPTION	GENERIC_RELEVANT; coverage=GAP_PRESENT; ownership=FAMILY_SHARED; observed slices=1.	0.76	YES
2186802133	1834976037	на зеркало автомобиля подвеска красная	GENERIC_RELEVANT	0.0	0.0	0.0	GAP_PRESENT	GAP_PRESENT	LOW	FAMILY_CANDIDATE	LONG_DESCRIPTION	GENERIC_RELEVANT; coverage=GAP_PRESENT; ownership=STORE_GENERIC; observed slices=1.	0.76	YES
2186802133	1834976037	на зеркало подвеска	GENERIC_RELEVANT	5.0	0.0	0.0	GAP_PRESENT	GAP_PRESENT	LOW	FAMILY_CANDIDATE	LONG_DESCRIPTION	GENERIC_RELEVANT; coverage=GAP_PRESENT; ownership=STORE_GENERIC; observed slices=1.	0.76	YES
2186802133	1834976037	на машину подвеска женская	GENERIC_RELEVANT	0.0	0.0	0.0	GAP_PRESENT	GAP_PRESENT	LOW	FAMILY_CANDIDATE	LONG_DESCRIPTION	GENERIC_RELEVANT; coverage=GAP_PRESENT; ownership=FAMILY_SHARED; observed slices=1.	0.76	YES
2186802133	1834976037	наклейки на машину прикольные большие знак весы	EXACT_PRODUCT	1.0	0.0	0.0	PARTIAL_GAP	PARTIAL_GAP	LOW	READY_CANDIDATE	LONG_DESCRIPTION	EXACT_PRODUCT; coverage=PARTIAL_GAP; ownership=SKU_SPECIFIC; observed slices=1.	0.96	YES
2186802133	1834976037	необычный обвес в машину на зеркало	GENERIC_RELEVANT	0.0	0.0	0.0	GAP_PRESENT	GAP_PRESENT	LOW	FAMILY_CANDIDATE	LONG_DESCRIPTION	GENERIC_RELEVANT; coverage=GAP_PRESENT; ownership=FAMILY_SHARED; observed slices=1.	0.76	YES
2186802133	1834976037	оберег в машину	GENERIC_RELEVANT	119.0	0.0	0.0	GAP_PRESENT	GAP_PRESENT	LOW	FAMILY_CANDIDATE	LONG_DESCRIPTION	GENERIC_RELEVANT; coverage=GAP_PRESENT; ownership=STORE_GENERIC; observed slices=1.	0.76	YES
2186802133	1834976037	оберег славянский на шею	NEIGHBOR_PRODUCT	2.0	0.0	0.0	NOT_APPLICABLE	NOT_APPLICABLE	LOW	REJECT_NEIGHBOR	NONE	NEIGHBOR_PRODUCT; coverage=NOT_APPLICABLE; ownership=EXCLUDED; observed slices=1.	0.90	NO
2186802133	1834976037	обереги	GENERIC_RELEVANT	1.0	0.0	0.0	GAP_PRESENT	GAP_PRESENT	LOW	FAMILY_CANDIDATE	LONG_DESCRIPTION	GENERIC_RELEVANT; coverage=GAP_PRESENT; ownership=STORE_GENERIC; observed slices=1.	0.72	YES
2186802133	1834976037	подвеска в автомобиль	GENERIC_RELEVANT	335.0	0.0	0.0	GAP_PRESENT	GAP_PRESENT	LOW	FAMILY_CANDIDATE	LONG_DESCRIPTION	GENERIC_RELEVANT; coverage=GAP_PRESENT; ownership=STORE_GENERIC; observed slices=1.	0.76	YES
2186802133	1834976037	подвеска в машину	GENERIC_RELEVANT	7092.0	0.0	0.0	GAP_PRESENT	GAP_PRESENT	LOW	FAMILY_CANDIDATE	LONG_DESCRIPTION	GENERIC_RELEVANT; coverage=GAP_PRESENT; ownership=STORE_GENERIC; observed slices=2.	0.76	YES
2186802133	1834976037	подвеска в машину на зеркало	GENERIC_RELEVANT	6256.0	0.0	0.0	GAP_PRESENT	GAP_PRESENT	LOW	FAMILY_CANDIDATE	LONG_DESCRIPTION	GENERIC_RELEVANT; coverage=GAP_PRESENT; ownership=STORE_GENERIC; observed slices=1.	0.76	YES
2186802133	1834976037	подвеска в машину на зеркало весы	EXACT_PRODUCT	0.0	0.0	0.0	NO_GAP	NO_GAP	LOW	NO_CHANGE	NONE	EXACT_PRODUCT; coverage=NO_GAP; ownership=SKU_SPECIFIC; observed slices=1.	0.96	NO
2186802133	1834976037	подвеска в машину на зеркало дракон	GENERIC_RELEVANT	2.0	0.0	0.0	GAP_PRESENT	GAP_PRESENT	LOW	FAMILY_CANDIDATE	LONG_DESCRIPTION	GENERIC_RELEVANT; coverage=GAP_PRESENT; ownership=STORE_GENERIC; observed slices=1.	0.76	YES
2186802133	1834976037	подвеска в машину на зеркало жен	GENERIC_RELEVANT	0.0	0.0	0.0	GAP_PRESENT	GAP_PRESENT	LOW	FAMILY_CANDIDATE	LONG_DESCRIPTION	GENERIC_RELEVANT; coverage=GAP_PRESENT; ownership=STORE_GENERIC; observed slices=1.	0.76	YES
2186802133	1834976037	подвеска в машину на зеркало оберег	GENERIC_RELEVANT	1.0	0.0	0.0	GAP_PRESENT	GAP_PRESENT	LOW	FAMILY_CANDIDATE	LONG_DESCRIPTION	GENERIC_RELEVANT; coverage=GAP_PRESENT; ownership=STORE_GENERIC; observed slices=1.	0.76	YES
2186802133	1834976037	подвеска в машину на зеркало питбуль	GENERIC_RELEVANT	0.0	0.0	0.0	GAP_PRESENT	GAP_PRESENT	LOW	FAMILY_CANDIDATE	LONG_DESCRIPTION	GENERIC_RELEVANT; coverage=GAP_PRESENT; ownership=STORE_GENERIC; observed slices=1.	0.76	YES
2186802133	1834976037	подвеска в машину на зеркало хендай	GENERIC_RELEVANT	1.0	0.0	0.0	GAP_PRESENT	GAP_PRESENT	LOW	FAMILY_CANDIDATE	LONG_DESCRIPTION	GENERIC_RELEVANT; coverage=GAP_PRESENT; ownership=FAMILY_SHARED; observed slices=1.	0.76	YES
2186802133	1834976037	подвеска в машину на зеркало юрта	GENERIC_RELEVANT	0.0	0.0	0.0	GAP_PRESENT	GAP_PRESENT	LOW	FAMILY_CANDIDATE	LONG_DESCRIPTION	GENERIC_RELEVANT; coverage=GAP_PRESENT; ownership=STORE_GENERIC; observed slices=1.	0.76	YES
2186802133	1834976037	подвеска в машину четки	GENERIC_RELEVANT	1.0	0.0	0.0	GAP_PRESENT	GAP_PRESENT	LOW	FAMILY_CANDIDATE	LONG_DESCRIPTION	GENERIC_RELEVANT; coverage=GAP_PRESENT; ownership=FAMILY_SHARED; observed slices=1.	0.76	YES
2186802133	1834976037	подвеска весы	EXACT_PRODUCT	144.0	0.0	0.0	NO_GAP	NO_GAP	HIGH	NO_CHANGE	NONE	EXACT_PRODUCT; coverage=NO_GAP; ownership=FAMILY_SHARED; observed slices=1.	0.96	YES
2186802133	1834976037	подвеска весы мужская	EXACT_PRODUCT	3.0	0.0	0.0	PARTIAL_GAP	PARTIAL_GAP	LOW	READY_CANDIDATE	LONG_DESCRIPTION	EXACT_PRODUCT; coverage=PARTIAL_GAP; ownership=SKU_SPECIFIC; observed slices=1.	0.96	YES
2186802133	1834976037	подвеска на зеркало автомобиля	GENERIC_RELEVANT	142.0	0.0	0.0	GAP_PRESENT	GAP_PRESENT	LOW	FAMILY_CANDIDATE	LONG_DESCRIPTION	GENERIC_RELEVANT; coverage=GAP_PRESENT; ownership=FAMILY_SHARED; observed slices=1.	0.76	YES
2186802133	1834976037	подвеска на зеркало в авто коасный	GENERIC_RELEVANT	1.0	0.0	0.0	GAP_PRESENT	GAP_PRESENT	LOW	FAMILY_CANDIDATE	LONG_DESCRIPTION	GENERIC_RELEVANT; coverage=GAP_PRESENT; ownership=FAMILY_SHARED; observed slices=1.	0.76	YES
2186802133	1834976037	подвеска на зеркало в машину	GENERIC_RELEVANT	1161.0	0.0	0.0	GAP_PRESENT	GAP_PRESENT	LOW	FAMILY_CANDIDATE	LONG_DESCRIPTION	GENERIC_RELEVANT; coverage=GAP_PRESENT; ownership=STORE_GENERIC; observed slices=1.	0.76	YES
2186802133	1834976037	подвеска ювелирная весы скорпион	EXACT_PRODUCT	1.0	0.0	0.0	PARTIAL_GAP	PARTIAL_GAP	LOW	READY_CANDIDATE	LONG_DESCRIPTION	EXACT_PRODUCT; coverage=PARTIAL_GAP; ownership=SKU_SPECIFIC; observed slices=1.	0.96	YES
2186802133	1834976037	подвески весы	EXACT_PRODUCT	1.0	0.0	0.0	NO_GAP	NO_GAP	LOW	NO_CHANGE	NONE	EXACT_PRODUCT; coverage=NO_GAP; ownership=SKU_SPECIFIC; observed slices=1.	0.96	NO
2186802133	1834976037	подвески на зеркало авто	GENERIC_RELEVANT	0.0	0.0	0.0	GAP_PRESENT	GAP_PRESENT	LOW	FAMILY_CANDIDATE	LONG_DESCRIPTION	GENERIC_RELEVANT; coverage=GAP_PRESENT; ownership=FAMILY_SHARED; observed slices=1.	0.76	YES
2186802133	1834976037	талисман в машину женский	GENERIC_RELEVANT	4.0	0.0	790.0	GAP_PRESENT	GAP_PRESENT	LOW	FAMILY_CANDIDATE	LONG_DESCRIPTION	GENERIC_RELEVANT; coverage=GAP_PRESENT; ownership=STORE_GENERIC; observed slices=1.	0.76	YES
2186802133	1834976037	талисман машина	GENERIC_RELEVANT	1.0	0.0	0.0	GAP_PRESENT	GAP_PRESENT	LOW	FAMILY_CANDIDATE	LONG_DESCRIPTION	GENERIC_RELEVANT; coverage=GAP_PRESENT; ownership=FAMILY_SHARED; observed slices=1.	0.76	YES
2186802133	1834976037	украшение в машину на зеркало знаки зодиака	FAMILY_RELEVANT	1.0	0.0	0.0	GAP_PRESENT	GAP_PRESENT	LOW	FAMILY_CANDIDATE	LONG_DESCRIPTION	FAMILY_RELEVANT; coverage=GAP_PRESENT; ownership=FAMILY_SHARED; observed slices=1.	0.86	YES
2186802133	1834976037	четки в автомобиль	GENERIC_RELEVANT	178.0	0.0	0.0	GAP_PRESENT	GAP_PRESENT	LOW	FAMILY_CANDIDATE	LONG_DESCRIPTION	GENERIC_RELEVANT; coverage=GAP_PRESENT; ownership=STORE_GENERIC; observed slices=1.	0.76	YES
2186802133	1834976037	четки в машину	GENERIC_RELEVANT	1623.0	0.0	0.0	GAP_PRESENT	GAP_PRESENT	LOW	FAMILY_CANDIDATE	LONG_DESCRIPTION	GENERIC_RELEVANT; coverage=GAP_PRESENT; ownership=STORE_GENERIC; observed slices=1.	0.76	YES
2186802133	1834976037	четки в машину на зеркало	GENERIC_RELEVANT	107.0	0.0	0.0	GAP_PRESENT	GAP_PRESENT	LOW	FAMILY_CANDIDATE	LONG_DESCRIPTION	GENERIC_RELEVANT; coverage=GAP_PRESENT; ownership=STORE_GENERIC; observed slices=1.	0.76	YES
2186836116	1835021816	аксессуары в машину подвесаа зеркал барабан	GENERIC_RELEVANT	0.0	0.0	0.0	GAP_PRESENT	GAP_PRESENT	LOW	FAMILY_CANDIDATE	LONG_DESCRIPTION	GENERIC_RELEVANT; coverage=GAP_PRESENT; ownership=STORE_GENERIC; observed slices=2.	0.76	YES
2186836116	1835021816	амулеты , обереги для скорпиона женский	PARTIAL_RELEVANCE	1.0	0.0	0.0	PARTIAL_GAP	PARTIAL_GAP	MEDIUM	HOLD_AMBIGUOUS	HOLD	PARTIAL_RELEVANCE; coverage=PARTIAL_GAP; ownership=UNCLEAR; observed slices=1.	0.60	YES
2186836116	1835021816	аодвеска скорпион	STRONG_PRODUCT	0.0	0.0	0.0	PARTIAL_GAP	PARTIAL_GAP	LOW	READY_CANDIDATE	LONG_DESCRIPTION	STRONG_PRODUCT; coverage=PARTIAL_GAP; ownership=SKU_SPECIFIC; observed slices=1.	0.96	YES
2186836116	1835021816	брелок в виде амулета	GENERIC_RELEVANT	0.0	0.0	0.0	GAP_PRESENT	GAP_PRESENT	LOW	FAMILY_CANDIDATE	LONG_DESCRIPTION	GENERIC_RELEVANT; coverage=GAP_PRESENT; ownership=FAMILY_SHARED; observed slices=1.	0.72	YES
2186836116	1835021816	брелок в машину на зеркало	GENERIC_RELEVANT	92.0	0.0	0.0	GAP_PRESENT	GAP_PRESENT	LOW	FAMILY_CANDIDATE	LONG_DESCRIPTION	GENERIC_RELEVANT; coverage=GAP_PRESENT; ownership=STORE_GENERIC; observed slices=1.	0.76	YES
2186836116	1835021816	брелок в машину на зеркало geely monjaro	GENERIC_RELEVANT	1.0	0.0	0.0	GAP_PRESENT	GAP_PRESENT	LOW	FAMILY_CANDIDATE	LONG_DESCRIPTION	GENERIC_RELEVANT; coverage=GAP_PRESENT; ownership=FAMILY_SHARED; observed slices=1.	0.76	YES
2186836116	1835021816	бусы оберег	GENERIC_RELEVANT	0.0	0.0	0.0	GAP_PRESENT	GAP_PRESENT	LOW	FAMILY_CANDIDATE	LONG_DESCRIPTION	GENERIC_RELEVANT; coverage=GAP_PRESENT; ownership=STORE_GENERIC; observed slices=1.	0.72	YES
2186836116	1835021816	в машину подвеска	GENERIC_RELEVANT	65.0	0.0	0.0	GAP_PRESENT	GAP_PRESENT	LOW	FAMILY_CANDIDATE	LONG_DESCRIPTION	GENERIC_RELEVANT; coverage=GAP_PRESENT; ownership=STORE_GENERIC; observed slices=1.	0.76	YES
2186836116	1835021816	в машину подвеска на зеркало мужская	GENERIC_RELEVANT	1.0	0.0	0.0	GAP_PRESENT	GAP_PRESENT	LOW	FAMILY_CANDIDATE	LONG_DESCRIPTION	GENERIC_RELEVANT; coverage=GAP_PRESENT; ownership=STORE_GENERIC; observed slices=1.	0.76	YES
2186836116	1835021816	в машину подвеска на зеркало с фото	GENERIC_RELEVANT	1.0	0.0	0.0	GAP_PRESENT	GAP_PRESENT	LOW	FAMILY_CANDIDATE	LONG_DESCRIPTION	GENERIC_RELEVANT; coverage=GAP_PRESENT; ownership=FAMILY_SHARED; observed slices=1.	0.76	YES
2186836116	1835021816	восклицательный знак на машину в красном треугольнике	GENERIC_RELEVANT	0.0	0.0	0.0	GAP_PRESENT	GAP_PRESENT	LOW	FAMILY_CANDIDATE	LONG_DESCRIPTION	GENERIC_RELEVANT; coverage=GAP_PRESENT; ownership=FAMILY_SHARED; observed slices=1.	0.76	YES
2186836116	1835021816	для авто на зеркало подвеска	GENERIC_RELEVANT	1.0	0.0	0.0	GAP_PRESENT	GAP_PRESENT	LOW	FAMILY_CANDIDATE	LONG_DESCRIPTION	GENERIC_RELEVANT; coverage=GAP_PRESENT; ownership=FAMILY_SHARED; observed slices=1.	0.76	YES
2186836116	1835021816	для авто на зеркало украшение	GENERIC_RELEVANT	1.0	0.0	0.0	GAP_PRESENT	GAP_PRESENT	LOW	FAMILY_CANDIDATE	LONG_DESCRIPTION	GENERIC_RELEVANT; coverage=GAP_PRESENT; ownership=FAMILY_SHARED; observed slices=1.	0.76	YES
2186836116	1835021816	зеркало для гадания	GENERIC_RELEVANT	5.0	0.0	0.0	GAP_PRESENT	GAP_PRESENT	LOW	FAMILY_CANDIDATE	LONG_DESCRIPTION	GENERIC_RELEVANT; coverage=GAP_PRESENT; ownership=STORE_GENERIC; observed slices=1.	0.76	YES
2186836116	1835021816	зеркало для гкдарий	GENERIC_RELEVANT	1.0	0.0	0.0	GAP_PRESENT	GAP_PRESENT	LOW	FAMILY_CANDIDATE	LONG_DESCRIPTION	GENERIC_RELEVANT; coverage=GAP_PRESENT; ownership=FAMILY_SHARED; observed slices=1.	0.76	YES
2186836116	1835021816	зеркало крест	NEIGHBOR_PRODUCT	4.0	0.0	0.0	NOT_APPLICABLE	NOT_APPLICABLE	LOW	REJECT_NEIGHBOR	NONE	NEIGHBOR_PRODUCT; coverage=NOT_APPLICABLE; ownership=EXCLUDED; observed slices=1.	0.96	NO
2186836116	1835021816	зеркало параболическое для праворульных машин	GENERIC_RELEVANT	1.0	0.0	0.0	GAP_PRESENT	GAP_PRESENT	LOW	FAMILY_CANDIDATE	LONG_DESCRIPTION	GENERIC_RELEVANT; coverage=GAP_PRESENT; ownership=STORE_GENERIC; observed slices=1.	0.76	YES
2186836116	1835021816	зодиак серум	FAMILY_RELEVANT	0.0	0.0	0.0	PARTIAL_GAP	PARTIAL_GAP	LOW	FAMILY_CANDIDATE	LONG_DESCRIPTION	FAMILY_RELEVANT; coverage=PARTIAL_GAP; ownership=FAMILY_SHARED; observed slices=1.	0.86	YES
2186836116	1835021816	книга подвеска в машину	GENERIC_RELEVANT	3.0	0.0	0.0	GAP_PRESENT	GAP_PRESENT	LOW	FAMILY_CANDIDATE	LONG_DESCRIPTION	GENERIC_RELEVANT; coverage=GAP_PRESENT; ownership=FAMILY_SHARED; observed slices=1.	0.76	YES
2186836116	1835021816	кулоны амулеты	GENERIC_RELEVANT	1.0	0.0	0.0	GAP_PRESENT	GAP_PRESENT	LOW	FAMILY_CANDIDATE	LONG_DESCRIPTION	GENERIC_RELEVANT; coverage=GAP_PRESENT; ownership=FAMILY_SHARED; observed slices=1.	0.72	YES
2186836116	1835021816	машину подвеска	GENERIC_RELEVANT	1.0	0.0	0.0	GAP_PRESENT	GAP_PRESENT	LOW	FAMILY_CANDIDATE	LONG_DESCRIPTION	GENERIC_RELEVANT; coverage=GAP_PRESENT; ownership=FAMILY_SHARED; observed slices=1.	0.76	YES
2186836116	1835021816	на зеркало автомобиля подвеска красная	GENERIC_RELEVANT	0.0	0.0	0.0	GAP_PRESENT	GAP_PRESENT	LOW	FAMILY_CANDIDATE	LONG_DESCRIPTION	GENERIC_RELEVANT; coverage=GAP_PRESENT; ownership=STORE_GENERIC; observed slices=1.	0.76	YES
2186836116	1835021816	оберег в машину	GENERIC_RELEVANT	302.0	0.0	0.0	GAP_PRESENT	GAP_PRESENT	LOW	FAMILY_CANDIDATE	LONG_DESCRIPTION	GENERIC_RELEVANT; coverage=GAP_PRESENT; ownership=STORE_GENERIC; observed slices=1.	0.76	YES
2186836116	1835021816	оберег в машину от гибдд прикольный	GENERIC_RELEVANT	1.0	0.0	0.0	GAP_PRESENT	GAP_PRESENT	LOW	FAMILY_CANDIDATE	LONG_DESCRIPTION	GENERIC_RELEVANT; coverage=GAP_PRESENT; ownership=FAMILY_SHARED; observed slices=1.	0.76	YES
2186836116	1835021816	оберег подвеска в машину вв мвд рф	GENERIC_RELEVANT	1.0	0.0	0.0	GAP_PRESENT	GAP_PRESENT	LOW	FAMILY_CANDIDATE	LONG_DESCRIPTION	GENERIC_RELEVANT; coverage=GAP_PRESENT; ownership=FAMILY_SHARED; observed slices=1.	0.76	YES
2186836116	1835021816	обереги для машины	GENERIC_RELEVANT	1.0	0.0	0.0	GAP_PRESENT	GAP_PRESENT	LOW	FAMILY_CANDIDATE	LONG_DESCRIPTION	GENERIC_RELEVANT; coverage=GAP_PRESENT; ownership=STORE_GENERIC; observed slices=1.	0.76	YES
2186836116	1835021816	подвеска	GENERIC_RELEVANT	2415.0	0.0	0.0	GAP_PRESENT	GAP_PRESENT	LOW	FAMILY_CANDIDATE	LONG_DESCRIPTION	GENERIC_RELEVANT; coverage=GAP_PRESENT; ownership=STORE_GENERIC; observed slices=1.	0.72	YES
2186836116	1835021816	подвеска амулет оберег	GENERIC_RELEVANT	1.0	0.0	0.0	GAP_PRESENT	GAP_PRESENT	LOW	FAMILY_CANDIDATE	LONG_DESCRIPTION	GENERIC_RELEVANT; coverage=GAP_PRESENT; ownership=STORE_GENERIC; observed slices=1.	0.72	YES
2186836116	1835021816	подвеска в автомобиль	GENERIC_RELEVANT	68.0	0.0	0.0	GAP_PRESENT	GAP_PRESENT	LOW	FAMILY_CANDIDATE	LONG_DESCRIPTION	GENERIC_RELEVANT; coverage=GAP_PRESENT; ownership=STORE_GENERIC; observed slices=1.	0.76	YES
2186836116	1835021816	подвеска в машину	GENERIC_RELEVANT	7092.0	0.0	0.0	GAP_PRESENT	GAP_PRESENT	LOW	FAMILY_CANDIDATE	LONG_DESCRIPTION	GENERIC_RELEVANT; coverage=GAP_PRESENT; ownership=STORE_GENERIC; observed slices=3.	0.76	YES
2186836116	1835021816	подвеска в машину мягкий пушистый ежик	GENERIC_RELEVANT	1.0	0.0	0.0	GAP_PRESENT	GAP_PRESENT	LOW	FAMILY_CANDIDATE	LONG_DESCRIPTION	GENERIC_RELEVANT; coverage=GAP_PRESENT; ownership=STORE_GENERIC; observed slices=1.	0.76	YES
2186836116	1835021816	подвеска в машину на зеркало	GENERIC_RELEVANT	1289.0	0.0	0.0	GAP_PRESENT	GAP_PRESENT	LOW	FAMILY_CANDIDATE	LONG_DESCRIPTION	GENERIC_RELEVANT; coverage=GAP_PRESENT; ownership=STORE_GENERIC; observed slices=1.	0.76	YES
2186836116	1835021816	подвеска в машину на зеркало dont drive so fast	GENERIC_RELEVANT	1.0	0.0	0.0	GAP_PRESENT	GAP_PRESENT	LOW	FAMILY_CANDIDATE	LONG_DESCRIPTION	GENERIC_RELEVANT; coverage=GAP_PRESENT; ownership=STORE_GENERIC; observed slices=1.	0.76	YES
2186836116	1835021816	подвеска в машину на зеркало z	GENERIC_RELEVANT	0.0	0.0	0.0	GAP_PRESENT	GAP_PRESENT	LOW	FAMILY_CANDIDATE	LONG_DESCRIPTION	GENERIC_RELEVANT; coverage=GAP_PRESENT; ownership=FAMILY_SHARED; observed slices=1.	0.76	YES
2186836116	1835021816	подвеска в машину на зеркало горы	GENERIC_RELEVANT	0.0	0.0	0.0	GAP_PRESENT	GAP_PRESENT	LOW	FAMILY_CANDIDATE	LONG_DESCRIPTION	GENERIC_RELEVANT; coverage=GAP_PRESENT; ownership=FAMILY_SHARED; observed slices=1.	0.76	YES
2186836116	1835021816	подвеска в машину на зеркало из биссера	GENERIC_RELEVANT	0.0	0.0	0.0	GAP_PRESENT	GAP_PRESENT	LOW	FAMILY_CANDIDATE	LONG_DESCRIPTION	GENERIC_RELEVANT; coverage=GAP_PRESENT; ownership=STORE_GENERIC; observed slices=1.	0.76	YES
2186836116	1835021816	подвеска в машину на зеркало спецназ внутренних войск	GENERIC_RELEVANT	0.0	0.0	0.0	GAP_PRESENT	GAP_PRESENT	LOW	FAMILY_CANDIDATE	LONG_DESCRIPTION	GENERIC_RELEVANT; coverage=GAP_PRESENT; ownership=STORE_GENERIC; observed slices=1.	0.76	YES
2186836116	1835021816	подвеска в машину на зеркало спорт	GENERIC_RELEVANT	1.0	0.0	0.0	GAP_PRESENT	GAP_PRESENT	LOW	FAMILY_CANDIDATE	LONG_DESCRIPTION	GENERIC_RELEVANT; coverage=GAP_PRESENT; ownership=FAMILY_SHARED; observed slices=1.	0.76	YES
2186836116	1835021816	подвеска в машину на зеркало ссср	GENERIC_RELEVANT	0.0	0.0	0.0	GAP_PRESENT	GAP_PRESENT	LOW	FAMILY_CANDIDATE	LONG_DESCRIPTION	GENERIC_RELEVANT; coverage=GAP_PRESENT; ownership=FAMILY_SHARED; observed slices=1.	0.76	YES
2186836116	1835021816	подвеска в машину на зеркало юрта	GENERIC_RELEVANT	0.0	0.0	0.0	GAP_PRESENT	GAP_PRESENT	LOW	FAMILY_CANDIDATE	LONG_DESCRIPTION	GENERIC_RELEVANT; coverage=GAP_PRESENT; ownership=STORE_GENERIC; observed slices=1.	0.76	YES
2186836116	1835021816	подвеска на зеркало автомобиля	GENERIC_RELEVANT	92.0	0.0	0.0	GAP_PRESENT	GAP_PRESENT	LOW	FAMILY_CANDIDATE	LONG_DESCRIPTION	GENERIC_RELEVANT; coverage=GAP_PRESENT; ownership=FAMILY_SHARED; observed slices=1.	0.76	YES
2186836116	1835021816	подвеска на зеркало в машину	GENERIC_RELEVANT	1230.0	0.0	0.0	GAP_PRESENT	GAP_PRESENT	LOW	FAMILY_CANDIDATE	LONG_DESCRIPTION	GENERIC_RELEVANT; coverage=GAP_PRESENT; ownership=STORE_GENERIC; observed slices=1.	0.76	YES
2186836116	1835021816	подвеска на машину	GENERIC_RELEVANT	97.0	0.0	0.0	GAP_PRESENT	GAP_PRESENT	LOW	FAMILY_CANDIDATE	LONG_DESCRIPTION	GENERIC_RELEVANT; coverage=GAP_PRESENT; ownership=STORE_GENERIC; observed slices=1.	0.76	YES
2186836116	1835021816	подвеска с знаком зодиака рак	NEIGHBOR_PRODUCT	1.0	0.0	0.0	NOT_APPLICABLE	NOT_APPLICABLE	LOW	REJECT_NEIGHBOR	NONE	NEIGHBOR_PRODUCT; coverage=NOT_APPLICABLE; ownership=EXCLUDED; observed slices=1.	0.98	NO
2186836116	1835021816	подвеска скорпион	EXACT_PRODUCT	341.0	0.0	0.0	NO_GAP	NO_GAP	HIGH	NO_CHANGE	NONE	EXACT_PRODUCT; coverage=NO_GAP; ownership=FAMILY_SHARED; observed slices=1.	0.96	YES
2186836116	1835021816	подвеска скорпион мужская	EXACT_PRODUCT	6.0	0.0	0.0	PARTIAL_GAP	PARTIAL_GAP	LOW	READY_CANDIDATE	LONG_DESCRIPTION	EXACT_PRODUCT; coverage=PARTIAL_GAP; ownership=SKU_SPECIFIC; observed slices=1.	0.96	YES
2186836116	1835021816	подвеска скорпион на ни	EXACT_PRODUCT	0.0	0.0	0.0	PARTIAL_GAP	PARTIAL_GAP	LOW	READY_CANDIDATE	LONG_DESCRIPTION	EXACT_PRODUCT; coverage=PARTIAL_GAP; ownership=SKU_SPECIFIC; observed slices=1.	0.96	YES
2186836116	1835021816	подвеска скорпион на шею мужской	EXACT_PRODUCT	1.0	0.0	0.0	PARTIAL_GAP	PARTIAL_GAP	LOW	READY_CANDIDATE	LONG_DESCRIPTION	EXACT_PRODUCT; coverage=PARTIAL_GAP; ownership=SKU_SPECIFIC; observed slices=1.	0.96	YES
2186836116	1835021816	подвечка на зеркало	GENERIC_RELEVANT	1.0	0.0	0.0	GAP_PRESENT	GAP_PRESENT	LOW	FAMILY_CANDIDATE	LONG_DESCRIPTION	GENERIC_RELEVANT; coverage=GAP_PRESENT; ownership=FAMILY_SHARED; observed slices=1.	0.76	YES
2186836116	1835021816	скорпион	STRONG_PRODUCT	2039.0	0.0	0.0	NO_GAP	NO_GAP	HIGH	NO_CHANGE	NONE	STRONG_PRODUCT; coverage=NO_GAP; ownership=FAMILY_SHARED; observed slices=1.	0.96	YES
2186836116	1835021816	скутер скорпион зеркало	EXACT_PRODUCT	1.0	0.0	0.0	PARTIAL_GAP	PARTIAL_GAP	LOW	READY_CANDIDATE	LONG_DESCRIPTION	EXACT_PRODUCT; coverage=PARTIAL_GAP; ownership=SKU_SPECIFIC; observed slices=1.	0.96	YES
2186836116	1835021816	сувенир подвеска в машину скорпион	EXACT_PRODUCT	1.0	0.0	0.0	PARTIAL_GAP	PARTIAL_GAP	LOW	READY_CANDIDATE	LONG_DESCRIPTION	EXACT_PRODUCT; coverage=PARTIAL_GAP; ownership=SKU_SPECIFIC; observed slices=1.	0.96	YES
2186836116	1835021816	талисман	GENERIC_RELEVANT	109.0	0.0	0.0	GAP_PRESENT	GAP_PRESENT	LOW	FAMILY_CANDIDATE	LONG_DESCRIPTION	GENERIC_RELEVANT; coverage=GAP_PRESENT; ownership=STORE_GENERIC; observed slices=1.	0.72	YES
2186836116	1835021816	украшение подвеска на зеркало автомобиля	GENERIC_RELEVANT	1.0	0.0	0.0	GAP_PRESENT	GAP_PRESENT	LOW	FAMILY_CANDIDATE	LONG_DESCRIPTION	GENERIC_RELEVANT; coverage=GAP_PRESENT; ownership=FAMILY_SHARED; observed slices=1.	0.76	YES
2186836116	1835021816	четки в машину	GENERIC_RELEVANT	1355.0	0.0	0.0	GAP_PRESENT	GAP_PRESENT	LOW	FAMILY_CANDIDATE	LONG_DESCRIPTION	GENERIC_RELEVANT; coverage=GAP_PRESENT; ownership=STORE_GENERIC; observed slices=1.	0.76	YES
2186836116	1835021816	четки в машину на зеркало	GENERIC_RELEVANT	253.0	0.0	0.0	GAP_PRESENT	GAP_PRESENT	LOW	FAMILY_CANDIDATE	LONG_DESCRIPTION	GENERIC_RELEVANT; coverage=GAP_PRESENT; ownership=STORE_GENERIC; observed slices=1.	0.76	YES
2186836116	1835021816	четки в машину скорпион.из китая	EXACT_PRODUCT	1.0	0.0	0.0	PARTIAL_GAP	PARTIAL_GAP	LOW	READY_CANDIDATE	LONG_DESCRIPTION	EXACT_PRODUCT; coverage=PARTIAL_GAP; ownership=SKU_SPECIFIC; observed slices=1.	0.96	YES
2186839757	1835026306	аксессуары для стрел	GENERIC_RELEVANT	0.0	0.0	0.0	GAP_PRESENT	GAP_PRESENT	LOW	FAMILY_CANDIDATE	LONG_DESCRIPTION	GENERIC_RELEVANT; coverage=GAP_PRESENT; ownership=FAMILY_SHARED; observed slices=1.	0.72	YES
2186839757	1835026306	амулеты обереги и талисманы	GENERIC_RELEVANT	0.0	0.0	0.0	GAP_PRESENT	GAP_PRESENT	LOW	FAMILY_CANDIDATE	LONG_DESCRIPTION	GENERIC_RELEVANT; coverage=GAP_PRESENT; ownership=STORE_GENERIC; observed slices=1.	0.72	YES
2186839757	1835026306	брелок в машину на зеркало пушистики	GENERIC_RELEVANT	0.0	0.0	0.0	GAP_PRESENT	GAP_PRESENT	LOW	FAMILY_CANDIDATE	LONG_DESCRIPTION	GENERIC_RELEVANT; coverage=GAP_PRESENT; ownership=STORE_GENERIC; observed slices=1.	0.76	YES
2186839757	1835026306	брелок фсин в машину на зеркало	GENERIC_RELEVANT	1.0	0.0	0.0	GAP_PRESENT	GAP_PRESENT	LOW	FAMILY_CANDIDATE	LONG_DESCRIPTION	GENERIC_RELEVANT; coverage=GAP_PRESENT; ownership=FAMILY_SHARED; observed slices=1.	0.76	YES
2186839757	1835026306	бусина талисман	GENERIC_RELEVANT	1.0	0.0	0.0	GAP_PRESENT	GAP_PRESENT	LOW	FAMILY_CANDIDATE	LONG_DESCRIPTION	GENERIC_RELEVANT; coverage=GAP_PRESENT; ownership=FAMILY_SHARED; observed slices=1.	0.72	YES
2186839757	1835026306	в машину на зеркало подвеска	GENERIC_RELEVANT	13.0	0.0	0.0	GAP_PRESENT	GAP_PRESENT	LOW	FAMILY_CANDIDATE	LONG_DESCRIPTION	GENERIC_RELEVANT; coverage=GAP_PRESENT; ownership=STORE_GENERIC; observed slices=1.	0.76	YES
2186839757	1835026306	в машину на зеркало подвеска японская	GENERIC_RELEVANT	1.0	0.0	0.0	GAP_PRESENT	GAP_PRESENT	LOW	FAMILY_CANDIDATE	LONG_DESCRIPTION	GENERIC_RELEVANT; coverage=GAP_PRESENT; ownership=FAMILY_SHARED; observed slices=1.	0.76	YES
2186839757	1835026306	в машину подвеска на зеркало скорпион	NEIGHBOR_PRODUCT	1.0	0.0	0.0	NOT_APPLICABLE	NOT_APPLICABLE	LOW	REJECT_NEIGHBOR	NONE	NEIGHBOR_PRODUCT; coverage=NOT_APPLICABLE; ownership=EXCLUDED; observed slices=1.	0.98	NO
2186839757	1835026306	деревянный талисман	GENERIC_RELEVANT	2.0	0.0	0.0	GAP_PRESENT	GAP_PRESENT	LOW	FAMILY_CANDIDATE	LONG_DESCRIPTION	GENERIC_RELEVANT; coverage=GAP_PRESENT; ownership=STORE_GENERIC; observed slices=1.	0.72	YES
2186839757	1835026306	зеркало подвеска	GENERIC_RELEVANT	10.0	0.0	0.0	GAP_PRESENT	GAP_PRESENT	LOW	FAMILY_CANDIDATE	LONG_DESCRIPTION	GENERIC_RELEVANT; coverage=GAP_PRESENT; ownership=STORE_GENERIC; observed slices=1.	0.76	YES
2186839757	1835026306	знаки зодиака	FAMILY_RELEVANT	59.0	0.0	0.0	GAP_PRESENT	GAP_PRESENT	LOW	FAMILY_CANDIDATE	LONG_DESCRIPTION	FAMILY_RELEVANT; coverage=GAP_PRESENT; ownership=FAMILY_SHARED; observed slices=1.	0.86	YES
2186839757	1835026306	кепка мужская стре	AMBIGUOUS_HOLD	0.0	0.0	0.0	GAP_PRESENT	GAP_PRESENT	MEDIUM	HOLD_AMBIGUOUS	HOLD	AMBIGUOUS_HOLD; coverage=GAP_PRESENT; ownership=UNCLEAR; observed slices=1.	0.42	YES
2186839757	1835026306	крест в машину на зеркало	NEIGHBOR_PRODUCT	234.0	0.0	0.0	NOT_APPLICABLE	NOT_APPLICABLE	LOW	REJECT_NEIGHBOR	NONE	NEIGHBOR_PRODUCT; coverage=NOT_APPLICABLE; ownership=EXCLUDED; observed slices=1.	0.96	NO
2186839757	1835026306	кулон в машину	GENERIC_RELEVANT	2.0	0.0	0.0	GAP_PRESENT	GAP_PRESENT	LOW	FAMILY_CANDIDATE	LONG_DESCRIPTION	GENERIC_RELEVANT; coverage=GAP_PRESENT; ownership=FAMILY_SHARED; observed slices=1.	0.76	YES
2186839757	1835026306	кулон зеркало оберег	GENERIC_RELEVANT	69.0	0.0	0.0	GAP_PRESENT	GAP_PRESENT	LOW	FAMILY_CANDIDATE	LONG_DESCRIPTION	GENERIC_RELEVANT; coverage=GAP_PRESENT; ownership=STORE_GENERIC; observed slices=1.	0.76	YES
2186839757	1835026306	мужская подвеска на зеркало в машину	GENERIC_RELEVANT	1.0	0.0	0.0	GAP_PRESENT	GAP_PRESENT	LOW	FAMILY_CANDIDATE	LONG_DESCRIPTION	GENERIC_RELEVANT; coverage=GAP_PRESENT; ownership=FAMILY_SHARED; observed slices=1.	0.76	YES
2186839757	1835026306	мыло стрелец	STRONG_PRODUCT	1.0	0.0	0.0	PARTIAL_GAP	PARTIAL_GAP	LOW	READY_CANDIDATE	LONG_DESCRIPTION	STRONG_PRODUCT; coverage=PARTIAL_GAP; ownership=SKU_SPECIFIC; observed slices=1.	0.96	YES
2186839757	1835026306	на зеркало в машину	GENERIC_RELEVANT	21.0	0.0	0.0	GAP_PRESENT	GAP_PRESENT	LOW	FAMILY_CANDIDATE	LONG_DESCRIPTION	GENERIC_RELEVANT; coverage=GAP_PRESENT; ownership=STORE_GENERIC; observed slices=1.	0.76	YES
2186839757	1835026306	на четки подвеска	GENERIC_RELEVANT	1.0	0.0	0.0	GAP_PRESENT	GAP_PRESENT	LOW	FAMILY_CANDIDATE	LONG_DESCRIPTION	GENERIC_RELEVANT; coverage=GAP_PRESENT; ownership=STORE_GENERIC; observed slices=1.	0.72	YES
2186839757	1835026306	набор подвесок на зеркало	GENERIC_RELEVANT	1.0	0.0	0.0	GAP_PRESENT	GAP_PRESENT	LOW	FAMILY_CANDIDATE	LONG_DESCRIPTION	GENERIC_RELEVANT; coverage=GAP_PRESENT; ownership=FAMILY_SHARED; observed slices=1.	0.76	YES
2186839757	1835026306	наклейки на автомобиль стрелец	EXACT_PRODUCT	1.0	0.0	0.0	PARTIAL_GAP	PARTIAL_GAP	LOW	READY_CANDIDATE	LONG_DESCRIPTION	EXACT_PRODUCT; coverage=PARTIAL_GAP; ownership=SKU_SPECIFIC; observed slices=1.	0.96	YES
2186839757	1835026306	наклейки на телефон знак зодиака стрелец	EXACT_PRODUCT	0.0	0.0	0.0	PARTIAL_GAP	PARTIAL_GAP	LOW	READY_CANDIDATE	LONG_DESCRIPTION	EXACT_PRODUCT; coverage=PARTIAL_GAP; ownership=SKU_SPECIFIC; observed slices=1.	0.96	YES
2186839757	1835026306	оберег в машину	GENERIC_RELEVANT	84.0	0.0	0.0	GAP_PRESENT	GAP_PRESENT	LOW	FAMILY_CANDIDATE	LONG_DESCRIPTION	GENERIC_RELEVANT; coverage=GAP_PRESENT; ownership=STORE_GENERIC; observed slices=1.	0.76	YES
2186839757	1835026306	подвес в машину на зеркало	GENERIC_RELEVANT	82.0	0.0	0.0	GAP_PRESENT	GAP_PRESENT	LOW	FAMILY_CANDIDATE	LONG_DESCRIPTION	GENERIC_RELEVANT; coverage=GAP_PRESENT; ownership=STORE_GENERIC; observed slices=1.	0.76	YES
2186839757	1835026306	подвеска в автомобиль	GENERIC_RELEVANT	105.0	0.0	0.0	GAP_PRESENT	GAP_PRESENT	LOW	FAMILY_CANDIDATE	LONG_DESCRIPTION	GENERIC_RELEVANT; coverage=GAP_PRESENT; ownership=STORE_GENERIC; observed slices=1.	0.76	YES
2186839757	1835026306	подвеска в машину	GENERIC_RELEVANT	7092.0	0.0	0.0	GAP_PRESENT	GAP_PRESENT	LOW	FAMILY_CANDIDATE	LONG_DESCRIPTION	GENERIC_RELEVANT; coverage=GAP_PRESENT; ownership=STORE_GENERIC; observed slices=3.	0.76	YES
2186839757	1835026306	подвеска в машину авторская стрелец	EXACT_PRODUCT	1.0	0.0	0.0	PARTIAL_GAP	PARTIAL_GAP	HIGH	READY_CANDIDATE	LONG_DESCRIPTION	EXACT_PRODUCT; coverage=PARTIAL_GAP; ownership=FAMILY_SHARED; observed slices=1.	0.96	YES
2186839757	1835026306	подвеска в машину женская на зеркало скорпион	NEIGHBOR_PRODUCT	1.0	0.0	0.0	NOT_APPLICABLE	NOT_APPLICABLE	LOW	REJECT_NEIGHBOR	NONE	NEIGHBOR_PRODUCT; coverage=NOT_APPLICABLE; ownership=EXCLUDED; observed slices=1.	0.98	NO
2186839757	1835026306	подвеска в машину на зеркало	GENERIC_RELEVANT	1289.0	0.0	0.0	GAP_PRESENT	GAP_PRESENT	LOW	FAMILY_CANDIDATE	LONG_DESCRIPTION	GENERIC_RELEVANT; coverage=GAP_PRESENT; ownership=STORE_GENERIC; observed slices=1.	0.76	YES
2186839757	1835026306	подвеска в машину на зеркало а	GENERIC_RELEVANT	0.0	0.0	0.0	GAP_PRESENT	GAP_PRESENT	LOW	FAMILY_CANDIDATE	LONG_DESCRIPTION	GENERIC_RELEVANT; coverage=GAP_PRESENT; ownership=STORE_GENERIC; observed slices=1.	0.76	YES
2186839757	1835026306	подвеска в машину на зеркало питбуль	GENERIC_RELEVANT	0.0	0.0	0.0	GAP_PRESENT	GAP_PRESENT	LOW	FAMILY_CANDIDATE	LONG_DESCRIPTION	GENERIC_RELEVANT; coverage=GAP_PRESENT; ownership=STORE_GENERIC; observed slices=1.	0.76	YES
2186839757	1835026306	подвеска в машину на зеркало прик	GENERIC_RELEVANT	0.0	0.0	0.0	GAP_PRESENT	GAP_PRESENT	LOW	FAMILY_CANDIDATE	LONG_DESCRIPTION	GENERIC_RELEVANT; coverage=GAP_PRESENT; ownership=STORE_GENERIC; observed slices=1.	0.76	YES
2186839757	1835026306	подвеска в машину на зеркало юрта	GENERIC_RELEVANT	0.0	0.0	0.0	GAP_PRESENT	GAP_PRESENT	LOW	FAMILY_CANDIDATE	LONG_DESCRIPTION	GENERIC_RELEVANT; coverage=GAP_PRESENT; ownership=STORE_GENERIC; observed slices=1.	0.76	YES
2186839757	1835026306	подвеска в машину скорпион	NEIGHBOR_PRODUCT	11.0	0.0	0.0	NOT_APPLICABLE	NOT_APPLICABLE	LOW	REJECT_NEIGHBOR	NONE	NEIGHBOR_PRODUCT; coverage=NOT_APPLICABLE; ownership=EXCLUDED; observed slices=1.	0.98	NO
2186839757	1835026306	подвеска в машину стрелец	EXACT_PRODUCT	6.0	0.0	580.0	NO_GAP	NO_GAP	LOW	NO_CHANGE	NONE	EXACT_PRODUCT; coverage=NO_GAP; ownership=SKU_SPECIFIC; observed slices=1.	0.96	NO
2186839757	1835026306	подвеска машину на зеркало	GENERIC_RELEVANT	3.0	0.0	0.0	GAP_PRESENT	GAP_PRESENT	LOW	FAMILY_CANDIDATE	LONG_DESCRIPTION	GENERIC_RELEVANT; coverage=GAP_PRESENT; ownership=FAMILY_SHARED; observed slices=1.	0.76	YES
2186839757	1835026306	подвеска на зеркало	GENERIC_RELEVANT	81.0	0.0	0.0	GAP_PRESENT	GAP_PRESENT	LOW	FAMILY_CANDIDATE	LONG_DESCRIPTION	GENERIC_RELEVANT; coverage=GAP_PRESENT; ownership=STORE_GENERIC; observed slices=1.	0.76	YES
2186839757	1835026306	подвеска на зеркало автомобиля акула	GENERIC_RELEVANT	0.0	0.0	0.0	GAP_PRESENT	GAP_PRESENT	LOW	FAMILY_CANDIDATE	LONG_DESCRIPTION	GENERIC_RELEVANT; coverage=GAP_PRESENT; ownership=STORE_GENERIC; observed slices=1.	0.76	YES
2186839757	1835026306	подвеска на зеркало в машину	GENERIC_RELEVANT	1203.0	0.0	0.0	GAP_PRESENT	GAP_PRESENT	LOW	FAMILY_CANDIDATE	LONG_DESCRIPTION	GENERIC_RELEVANT; coverage=GAP_PRESENT; ownership=STORE_GENERIC; observed slices=2.	0.76	YES
2186839757	1835026306	подвеска на зеркало в машину фигурка гимнаст	GENERIC_RELEVANT	1.0	0.0	0.0	GAP_PRESENT	GAP_PRESENT	LOW	FAMILY_CANDIDATE	LONG_DESCRIPTION	GENERIC_RELEVANT; coverage=GAP_PRESENT; ownership=STORE_GENERIC; observed slices=1.	0.76	YES
2186839757	1835026306	подвеска на зеркало в машину фигурка спортивная гимнастика	GENERIC_RELEVANT	1.0	0.0	0.0	GAP_PRESENT	GAP_PRESENT	LOW	FAMILY_CANDIDATE	LONG_DESCRIPTION	GENERIC_RELEVANT; coverage=GAP_PRESENT; ownership=FAMILY_SHARED; observed slices=1.	0.76	YES
2186839757	1835026306	подвеска оберег с	GENERIC_RELEVANT	1.0	0.0	0.0	GAP_PRESENT	GAP_PRESENT	LOW	FAMILY_CANDIDATE	LONG_DESCRIPTION	GENERIC_RELEVANT; coverage=GAP_PRESENT; ownership=STORE_GENERIC; observed slices=1.	0.72	YES
2186839757	1835026306	подвеска со заком зодиака стрелец	EXACT_PRODUCT	0.0	0.0	0.0	PARTIAL_GAP	PARTIAL_GAP	LOW	READY_CANDIDATE	LONG_DESCRIPTION	EXACT_PRODUCT; coverage=PARTIAL_GAP; ownership=SKU_SPECIFIC; observed slices=1.	0.96	YES
2186839757	1835026306	подвеска четки	GENERIC_RELEVANT	3.0	0.0	0.0	GAP_PRESENT	GAP_PRESENT	LOW	FAMILY_CANDIDATE	LONG_DESCRIPTION	GENERIC_RELEVANT; coverage=GAP_PRESENT; ownership=FAMILY_SHARED; observed slices=1.	0.72	YES
2186839757	1835026306	стрелец	STRONG_PRODUCT	525.0	0.0	0.0	NO_GAP	NO_GAP	HIGH	NO_CHANGE	NONE	STRONG_PRODUCT; coverage=NO_GAP; ownership=FAMILY_SHARED; observed slices=1.	0.96	YES
2186839757	1835026306	стрелец подвеска на машину ключ	EXACT_PRODUCT	0.0	0.0	0.0	PARTIAL_GAP	PARTIAL_GAP	LOW	READY_CANDIDATE	LONG_DESCRIPTION	EXACT_PRODUCT; coverage=PARTIAL_GAP; ownership=SKU_SPECIFIC; observed slices=1.	0.96	YES
2186839757	1835026306	талисман	GENERIC_RELEVANT	207.0	0.0	0.0	GAP_PRESENT	GAP_PRESENT	LOW	FAMILY_CANDIDATE	LONG_DESCRIPTION	GENERIC_RELEVANT; coverage=GAP_PRESENT; ownership=STORE_GENERIC; observed slices=1.	0.72	YES
2186839757	1835026306	"талисман - подвеска на зеркало в машину. знак зодиака ""овен"	NEIGHBOR_PRODUCT	1.0	0.0	0.0	NOT_APPLICABLE	NOT_APPLICABLE	LOW	REJECT_NEIGHBOR	NONE	NEIGHBOR_PRODUCT; coverage=NOT_APPLICABLE; ownership=EXCLUDED; observed slices=1.	0.98	NO
2186839757	1835026306	толисман подвеска на зеркало машины знак зодиака	FAMILY_RELEVANT	2.0	0.0	0.0	GAP_PRESENT	GAP_PRESENT	LOW	FAMILY_CANDIDATE	LONG_DESCRIPTION	FAMILY_RELEVANT; coverage=GAP_PRESENT; ownership=FAMILY_SHARED; observed slices=1.	0.86	YES
2186839757	1835026306	украшение на зеркало автомобиля знаки зодиака	FAMILY_RELEVANT	1.0	0.0	0.0	GAP_PRESENT	GAP_PRESENT	LOW	FAMILY_CANDIDATE	LONG_DESCRIPTION	FAMILY_RELEVANT; coverage=GAP_PRESENT; ownership=FAMILY_SHARED; observed slices=1.	0.86	YES
2186839757	1835026306	четки автомобильные аро	GENERIC_RELEVANT	0.0	0.0	0.0	GAP_PRESENT	GAP_PRESENT	LOW	FAMILY_CANDIDATE	LONG_DESCRIPTION	GENERIC_RELEVANT; coverage=GAP_PRESENT; ownership=FAMILY_SHARED; observed slices=1.	0.76	YES
2186839757	1835026306	четки в автомобиль	GENERIC_RELEVANT	178.0	0.0	0.0	GAP_PRESENT	GAP_PRESENT	LOW	FAMILY_CANDIDATE	LONG_DESCRIPTION	GENERIC_RELEVANT; coverage=GAP_PRESENT; ownership=STORE_GENERIC; observed slices=1.	0.76	YES
2186839757	1835026306	четки в автомобиль на зеркало знак зодиака	FAMILY_RELEVANT	0.0	0.0	799.0	GAP_PRESENT	GAP_PRESENT	LOW	FAMILY_CANDIDATE	LONG_DESCRIPTION	FAMILY_RELEVANT; coverage=GAP_PRESENT; ownership=FAMILY_SHARED; observed slices=1.	0.86	YES
2186839757	1835026306	четки в машину	GENERIC_RELEVANT	137.0	0.0	0.0	GAP_PRESENT	GAP_PRESENT	LOW	FAMILY_CANDIDATE	LONG_DESCRIPTION	GENERIC_RELEVANT; coverage=GAP_PRESENT; ownership=STORE_GENERIC; observed slices=1.	0.76	YES
2186839757	1835026306	четки в машину и аро	GENERIC_RELEVANT	0.0	0.0	0.0	GAP_PRESENT	GAP_PRESENT	LOW	FAMILY_CANDIDATE	LONG_DESCRIPTION	GENERIC_RELEVANT; coverage=GAP_PRESENT; ownership=FAMILY_SHARED; observed slices=1.	0.76	YES
2186839757	1835026306	четки в машину на зеркало	GENERIC_RELEVANT	107.0	0.0	0.0	GAP_PRESENT	GAP_PRESENT	LOW	FAMILY_CANDIDATE	LONG_DESCRIPTION	GENERIC_RELEVANT; coverage=GAP_PRESENT; ownership=STORE_GENERIC; observed slices=1.	0.76	YES
2186839757	1835026306	четки н	GENERIC_RELEVANT	0.0	0.0	0.0	GAP_PRESENT	GAP_PRESENT	LOW	FAMILY_CANDIDATE	LONG_DESCRIPTION	GENERIC_RELEVANT; coverage=GAP_PRESENT; ownership=FAMILY_SHARED; observed slices=1.	0.72	YES
2186843798	1835030733	амулет зеркало	GENERIC_RELEVANT	10.0	0.0	0.0	GAP_PRESENT	GAP_PRESENT	LOW	FAMILY_CANDIDATE	LONG_DESCRIPTION	GENERIC_RELEVANT; coverage=GAP_PRESENT; ownership=STORE_GENERIC; observed slices=1.	0.76	YES
2186843798	1835030733	аодвеска зеркало	GENERIC_RELEVANT	0.0	0.0	0.0	GAP_PRESENT	GAP_PRESENT	LOW	FAMILY_CANDIDATE	LONG_DESCRIPTION	GENERIC_RELEVANT; coverage=GAP_PRESENT; ownership=STORE_GENERIC; observed slices=1.	0.76	YES
2186843798	1835030733	брелок в машину на зеркало я свободен	GENERIC_RELEVANT	0.0	0.0	0.0	GAP_PRESENT	GAP_PRESENT	LOW	FAMILY_CANDIDATE	LONG_DESCRIPTION	GENERIC_RELEVANT; coverage=GAP_PRESENT; ownership=STORE_GENERIC; observed slices=1.	0.76	YES
2186843798	1835030733	брелок знак зодиака дева дева	EXACT_PRODUCT	0.0	0.0	0.0	PARTIAL_GAP	PARTIAL_GAP	LOW	READY_CANDIDATE	LONG_DESCRIPTION	EXACT_PRODUCT; coverage=PARTIAL_GAP; ownership=SKU_SPECIFIC; observed slices=1.	0.96	YES
2186843798	1835030733	вонючка в машину оберег от дпс	GENERIC_RELEVANT	1.0	0.0	0.0	GAP_PRESENT	GAP_PRESENT	LOW	FAMILY_CANDIDATE	LONG_DESCRIPTION	GENERIC_RELEVANT; coverage=GAP_PRESENT; ownership=FAMILY_SHARED; observed slices=1.	0.76	YES
2186843798	1835030733	все для знака зодиака дева	EXACT_PRODUCT	1.0	0.0	0.0	PARTIAL_GAP	PARTIAL_GAP	LOW	READY_CANDIDATE	LONG_DESCRIPTION	EXACT_PRODUCT; coverage=PARTIAL_GAP; ownership=SKU_SPECIFIC; observed slices=1.	0.96	YES
2186843798	1835030733	горшок дева знак зодиака	EXACT_PRODUCT	1.0	0.0	0.0	PARTIAL_GAP	PARTIAL_GAP	LOW	READY_CANDIDATE	LONG_DESCRIPTION	EXACT_PRODUCT; coverage=PARTIAL_GAP; ownership=SKU_SPECIFIC; observed slices=1.	0.96	YES
2186843798	1835030733	дева	STRONG_PRODUCT	1930.0	0.0	0.0	NO_GAP	NO_GAP	HIGH	NO_CHANGE	NONE	STRONG_PRODUCT; coverage=NO_GAP; ownership=FAMILY_SHARED; observed slices=1.	0.96	YES
2186843798	1835030733	дева знак зодиак	EXACT_PRODUCT	2.0	0.0	0.0	NO_GAP	NO_GAP	LOW	NO_CHANGE	NONE	EXACT_PRODUCT; coverage=NO_GAP; ownership=SKU_SPECIFIC; observed slices=1.	0.96	NO
2186843798	1835030733	дева знак зодиака	EXACT_PRODUCT	147.0	0.0	0.0	NO_GAP	NO_GAP	HIGH	NO_CHANGE	NONE	EXACT_PRODUCT; coverage=NO_GAP; ownership=FAMILY_SHARED; observed slices=1.	0.96	YES
2186843798	1835030733	дева знак зодиака рюмки	EXACT_PRODUCT	0.0	0.0	0.0	PARTIAL_GAP	PARTIAL_GAP	HIGH	READY_CANDIDATE	LONG_DESCRIPTION	EXACT_PRODUCT; coverage=PARTIAL_GAP; ownership=FAMILY_SHARED; observed slices=1.	0.96	YES
2186843798	1835030733	демон на машину подвеска на стекло маленькие	GENERIC_RELEVANT	0.0	0.0	0.0	GAP_PRESENT	GAP_PRESENT	LOW	FAMILY_CANDIDATE	LONG_DESCRIPTION	GENERIC_RELEVANT; coverage=GAP_PRESENT; ownership=STORE_GENERIC; observed slices=1.	0.76	YES
2186843798	1835030733	зекало подвеска	GENERIC_RELEVANT	1.0	0.0	0.0	GAP_PRESENT	GAP_PRESENT	LOW	FAMILY_CANDIDATE	LONG_DESCRIPTION	GENERIC_RELEVANT; coverage=GAP_PRESENT; ownership=FAMILY_SHARED; observed slices=1.	0.72	YES
2186843798	1835030733	зеркала с поворотниками на машину экстрел	GENERIC_RELEVANT	1.0	0.0	0.0	GAP_PRESENT	GAP_PRESENT	LOW	FAMILY_CANDIDATE	LONG_DESCRIPTION	GENERIC_RELEVANT; coverage=GAP_PRESENT; ownership=FAMILY_SHARED; observed slices=1.	0.76	YES
2186843798	1835030733	зеркало	GENERIC_RELEVANT	7498.0	0.0	0.0	GAP_PRESENT	GAP_PRESENT	LOW	FAMILY_CANDIDATE	LONG_DESCRIPTION	GENERIC_RELEVANT; coverage=GAP_PRESENT; ownership=STORE_GENERIC; observed slices=1.	0.76	YES
2186843798	1835030733	зеркало для деву	GENERIC_RELEVANT	0.0	0.0	0.0	GAP_PRESENT	GAP_PRESENT	LOW	FAMILY_CANDIDATE	LONG_DESCRIPTION	GENERIC_RELEVANT; coverage=GAP_PRESENT; ownership=FAMILY_SHARED; observed slices=1.	0.76	YES
2186843798	1835030733	зеркало оберег на шею	GENERIC_RELEVANT	9.0	0.0	0.0	GAP_PRESENT	GAP_PRESENT	LOW	FAMILY_CANDIDATE	LONG_DESCRIPTION	GENERIC_RELEVANT; coverage=GAP_PRESENT; ownership=FAMILY_SHARED; observed slices=1.	0.76	YES
2186843798	1835030733	зеркальный амудет	GENERIC_RELEVANT	1.0	0.0	0.0	GAP_PRESENT	GAP_PRESENT	LOW	FAMILY_CANDIDATE	LONG_DESCRIPTION	GENERIC_RELEVANT; coverage=GAP_PRESENT; ownership=FAMILY_SHARED; observed slices=1.	0.76	YES
2186843798	1835030733	зеркальце амулет	GENERIC_RELEVANT	1.0	0.0	0.0	GAP_PRESENT	GAP_PRESENT	LOW	FAMILY_CANDIDATE	LONG_DESCRIPTION	GENERIC_RELEVANT; coverage=GAP_PRESENT; ownership=FAMILY_SHARED; observed slices=1.	0.76	YES
2186843798	1835030733	знак дева	STRONG_PRODUCT	6.0	0.0	0.0	NO_GAP	NO_GAP	LOW	NO_CHANGE	NONE	STRONG_PRODUCT; coverage=NO_GAP; ownership=SKU_SPECIFIC; observed slices=1.	0.96	NO
2186843798	1835030733	знак зодиака дева	EXACT_PRODUCT	273.0	0.0	0.0	NO_GAP	NO_GAP	HIGH	NO_CHANGE	NONE	EXACT_PRODUCT; coverage=NO_GAP; ownership=FAMILY_SHARED; observed slices=1.	0.96	YES
2186843798	1835030733	знак зодиака зодиака дева	EXACT_PRODUCT	1.0	0.0	0.0	NO_GAP	NO_GAP	LOW	NO_CHANGE	NONE	EXACT_PRODUCT; coverage=NO_GAP; ownership=SKU_SPECIFIC; observed slices=1.	0.96	NO
2186843798	1835030733	знак подвеска брелок	GENERIC_RELEVANT	0.0	0.0	0.0	GAP_PRESENT	GAP_PRESENT	LOW	FAMILY_CANDIDATE	LONG_DESCRIPTION	GENERIC_RELEVANT; coverage=GAP_PRESENT; ownership=FAMILY_SHARED; observed slices=1.	0.72	YES
2186843798	1835030733	знак туфелька блестящая на машину	GENERIC_RELEVANT	0.0	0.0	0.0	GAP_PRESENT	GAP_PRESENT	LOW	FAMILY_CANDIDATE	LONG_DESCRIPTION	GENERIC_RELEVANT; coverage=GAP_PRESENT; ownership=FAMILY_SHARED; observed slices=1.	0.76	YES
2186843798	1835030733	зодиак дева	EXACT_PRODUCT	1.0	0.0	0.0	NO_GAP	NO_GAP	LOW	NO_CHANGE	NONE	EXACT_PRODUCT; coverage=NO_GAP; ownership=SKU_SPECIFIC; observed slices=1.	0.96	NO
2186843798	1835030733	кольцо со знаком зодиака дева	EXACT_PRODUCT	0.0	0.0	0.0	PARTIAL_GAP	PARTIAL_GAP	LOW	READY_CANDIDATE	LONG_DESCRIPTION	EXACT_PRODUCT; coverage=PARTIAL_GAP; ownership=SKU_SPECIFIC; observed slices=1.	0.96	YES
2186843798	1835030733	кулон дева в машину	EXACT_PRODUCT	0.0	0.0	0.0	PARTIAL_GAP	PARTIAL_GAP	HIGH	READY_CANDIDATE	LONG_DESCRIPTION	EXACT_PRODUCT; coverage=PARTIAL_GAP; ownership=FAMILY_SHARED; observed slices=1.	0.96	YES
2186843798	1835030733	ловец снов в машину	GENERIC_RELEVANT	98.0	0.0	0.0	GAP_PRESENT	GAP_PRESENT	LOW	FAMILY_CANDIDATE	LONG_DESCRIPTION	GENERIC_RELEVANT; coverage=GAP_PRESENT; ownership=FAMILY_SHARED; observed slices=1.	0.76	YES
2186843798	1835030733	машина - дева	EXACT_PRODUCT	1.0	0.0	0.0	NO_GAP	NO_GAP	LOW	NO_CHANGE	NONE	EXACT_PRODUCT; coverage=NO_GAP; ownership=SKU_SPECIFIC; observed slices=1.	0.96	NO
2186843798	1835030733	на зеркало в машину подвеска дева	EXACT_PRODUCT	0.0	0.0	0.0	NO_GAP	NO_GAP	HIGH	NO_CHANGE	NONE	EXACT_PRODUCT; coverage=NO_GAP; ownership=FAMILY_SHARED; observed slices=1.	0.96	YES
2186843798	1835030733	набор для творчества на дев	AMBIGUOUS_HOLD	0.0	0.0	0.0	GAP_PRESENT	GAP_PRESENT	MEDIUM	HOLD_AMBIGUOUS	HOLD	AMBIGUOUS_HOLD; coverage=GAP_PRESENT; ownership=UNCLEAR; observed slices=1.	0.42	YES
2186843798	1835030733	оберег в авто	GENERIC_RELEVANT	1.0	0.0	0.0	GAP_PRESENT	GAP_PRESENT	LOW	FAMILY_CANDIDATE	LONG_DESCRIPTION	GENERIC_RELEVANT; coverage=GAP_PRESENT; ownership=STORE_GENERIC; observed slices=1.	0.76	YES
2186843798	1835030733	оберег в машину	GENERIC_RELEVANT	496.0	0.0	0.0	GAP_PRESENT	GAP_PRESENT	LOW	FAMILY_CANDIDATE	LONG_DESCRIPTION	GENERIC_RELEVANT; coverage=GAP_PRESENT; ownership=STORE_GENERIC; observed slices=1.	0.76	YES
2186843798	1835030733	оберег для дева	EXACT_PRODUCT	0.0	0.0	0.0	NO_GAP	NO_GAP	HIGH	NO_CHANGE	NONE	EXACT_PRODUCT; coverage=NO_GAP; ownership=FAMILY_SHARED; observed slices=1.	0.96	YES
2186843798	1835030733	оберег для девы женский на шею	GENERIC_RELEVANT	1.0	0.0	0.0	GAP_PRESENT	GAP_PRESENT	LOW	FAMILY_CANDIDATE	LONG_DESCRIPTION	GENERIC_RELEVANT; coverage=GAP_PRESENT; ownership=FAMILY_SHARED; observed slices=1.	0.72	YES
2186843798	1835030733	оберег для знака дева	EXACT_PRODUCT	1.0	0.0	0.0	PARTIAL_GAP	PARTIAL_GAP	HIGH	READY_CANDIDATE	LONG_DESCRIPTION	EXACT_PRODUCT; coverage=PARTIAL_GAP; ownership=FAMILY_SHARED; observed slices=1.	0.96	YES
2186843798	1835030733	оберег на машину	GENERIC_RELEVANT	3.0	0.0	0.0	GAP_PRESENT	GAP_PRESENT	LOW	FAMILY_CANDIDATE	LONG_DESCRIPTION	GENERIC_RELEVANT; coverage=GAP_PRESENT; ownership=STORE_GENERIC; observed slices=1.	0.76	YES
2186843798	1835030733	оберег подвеска в машину	GENERIC_RELEVANT	4.0	0.0	0.0	GAP_PRESENT	GAP_PRESENT	LOW	FAMILY_CANDIDATE	LONG_DESCRIPTION	GENERIC_RELEVANT; coverage=GAP_PRESENT; ownership=STORE_GENERIC; observed slices=1.	0.76	YES
2186843798	1835030733	подарок для девы	AMBIGUOUS_HOLD	343.0	0.0	0.0	GAP_PRESENT	GAP_PRESENT	MEDIUM	HOLD_AMBIGUOUS	HOLD	AMBIGUOUS_HOLD; coverage=GAP_PRESENT; ownership=UNCLEAR; observed slices=1.	0.42	YES
2186843798	1835030733	подарок для девы знака зодиака	FAMILY_RELEVANT	1.0	0.0	0.0	GAP_PRESENT	GAP_PRESENT	LOW	FAMILY_CANDIDATE	LONG_DESCRIPTION	FAMILY_RELEVANT; coverage=GAP_PRESENT; ownership=FAMILY_SHARED; observed slices=1.	0.86	YES
2186843798	1835030733	подарок подвеска в машину	GENERIC_RELEVANT	1.0	0.0	0.0	GAP_PRESENT	GAP_PRESENT	LOW	FAMILY_CANDIDATE	LONG_DESCRIPTION	GENERIC_RELEVANT; coverage=GAP_PRESENT; ownership=FAMILY_SHARED; observed slices=1.	0.76	YES
2186843798	1835030733	подвеска амулет дева	EXACT_PRODUCT	1.0	0.0	0.0	NO_GAP	NO_GAP	HIGH	NO_CHANGE	NONE	EXACT_PRODUCT; coverage=NO_GAP; ownership=FAMILY_SHARED; observed slices=1.	0.96	YES
2186843798	1835030733	подвеска в автомобиль	GENERIC_RELEVANT	413.0	0.0	0.0	GAP_PRESENT	GAP_PRESENT	LOW	FAMILY_CANDIDATE	LONG_DESCRIPTION	GENERIC_RELEVANT; coverage=GAP_PRESENT; ownership=STORE_GENERIC; observed slices=1.	0.76	YES
2186843798	1835030733	подвеска в машину	GENERIC_RELEVANT	7092.0	0.0	0.0	GAP_PRESENT	GAP_PRESENT	LOW	FAMILY_CANDIDATE	LONG_DESCRIPTION	GENERIC_RELEVANT; coverage=GAP_PRESENT; ownership=STORE_GENERIC; observed slices=1.	0.76	YES
2186843798	1835030733	подвеска в машину женская ловец	GENERIC_RELEVANT	1.0	0.0	0.0	GAP_PRESENT	GAP_PRESENT	LOW	FAMILY_CANDIDATE	LONG_DESCRIPTION	GENERIC_RELEVANT; coverage=GAP_PRESENT; ownership=FAMILY_SHARED; observed slices=1.	0.76	YES
2186843798	1835030733	подвеска в машину на зеркало	GENERIC_RELEVANT	1289.0	0.0	0.0	GAP_PRESENT	GAP_PRESENT	LOW	FAMILY_CANDIDATE	LONG_DESCRIPTION	GENERIC_RELEVANT; coverage=GAP_PRESENT; ownership=STORE_GENERIC; observed slices=1.	0.76	YES
2186843798	1835030733	подвеска в машину на зеркало мех	GENERIC_RELEVANT	0.0	0.0	0.0	GAP_PRESENT	GAP_PRESENT	LOW	FAMILY_CANDIDATE	LONG_DESCRIPTION	GENERIC_RELEVANT; coverage=GAP_PRESENT; ownership=STORE_GENERIC; observed slices=1.	0.76	YES
2186843798	1835030733	подвеска дева	EXACT_PRODUCT	342.0	0.0	0.0	NO_GAP	NO_GAP	HIGH	NO_CHANGE	NONE	EXACT_PRODUCT; coverage=NO_GAP; ownership=FAMILY_SHARED; observed slices=1.	0.96	YES
2186843798	1835030733	подвеска для машины перчатка написанными ufc	GENERIC_RELEVANT	1.0	0.0	0.0	GAP_PRESENT	GAP_PRESENT	LOW	FAMILY_CANDIDATE	LONG_DESCRIPTION	GENERIC_RELEVANT; coverage=GAP_PRESENT; ownership=STORE_GENERIC; observed slices=1.	0.76	YES
2186843798	1835030733	подвеска красная в машину на зеркало	GENERIC_RELEVANT	1.0	0.0	0.0	GAP_PRESENT	GAP_PRESENT	LOW	FAMILY_CANDIDATE	LONG_DESCRIPTION	GENERIC_RELEVANT; coverage=GAP_PRESENT; ownership=FAMILY_SHARED; observed slices=1.	0.76	YES
2186843798	1835030733	подвеска на зеркало	GENERIC_RELEVANT	81.0	0.0	0.0	GAP_PRESENT	GAP_PRESENT	LOW	FAMILY_CANDIDATE	LONG_DESCRIPTION	GENERIC_RELEVANT; coverage=GAP_PRESENT; ownership=STORE_GENERIC; observed slices=2.	0.76	YES
2186843798	1835030733	подвеска на зеркало авто	GENERIC_RELEVANT	12.0	0.0	0.0	GAP_PRESENT	GAP_PRESENT	LOW	FAMILY_CANDIDATE	LONG_DESCRIPTION	GENERIC_RELEVANT; coverage=GAP_PRESENT; ownership=FAMILY_SHARED; observed slices=1.	0.76	YES
2186843798	1835030733	подвеска на зеркало в машину	GENERIC_RELEVANT	1215.0	0.0	0.0	GAP_PRESENT	GAP_PRESENT	LOW	FAMILY_CANDIDATE	LONG_DESCRIPTION	GENERIC_RELEVANT; coverage=GAP_PRESENT; ownership=STORE_GENERIC; observed slices=1.	0.76	YES
2186843798	1835030733	подвеска на зеркало в машину женская	GENERIC_RELEVANT	1.0	0.0	0.0	GAP_PRESENT	GAP_PRESENT	LOW	FAMILY_CANDIDATE	LONG_DESCRIPTION	GENERIC_RELEVANT; coverage=GAP_PRESENT; ownership=FAMILY_SHARED; observed slices=1.	0.76	YES
2186843798	1835030733	подвеска на зеркало мужская	GENERIC_RELEVANT	3.0	0.0	0.0	GAP_PRESENT	GAP_PRESENT	LOW	FAMILY_CANDIDATE	LONG_DESCRIPTION	GENERIC_RELEVANT; coverage=GAP_PRESENT; ownership=FAMILY_SHARED; observed slices=1.	0.76	YES
2186843798	1835030733	подушка в машину дева	EXACT_PRODUCT	0.0	0.0	0.0	PARTIAL_GAP	PARTIAL_GAP	HIGH	READY_CANDIDATE	LONG_DESCRIPTION	EXACT_PRODUCT; coverage=PARTIAL_GAP; ownership=FAMILY_SHARED; observed slices=1.	0.96	YES
2186843798	1835030733	фигурка в машину дева	EXACT_PRODUCT	0.0	0.0	0.0	PARTIAL_GAP	PARTIAL_GAP	HIGH	READY_CANDIDATE	LONG_DESCRIPTION	EXACT_PRODUCT; coverage=PARTIAL_GAP; ownership=FAMILY_SHARED; observed slices=1.	0.96	YES
2186843798	1835030733	четки в автомобиль	GENERIC_RELEVANT	356.0	0.0	0.0	GAP_PRESENT	GAP_PRESENT	LOW	FAMILY_CANDIDATE	LONG_DESCRIPTION	GENERIC_RELEVANT; coverage=GAP_PRESENT; ownership=STORE_GENERIC; observed slices=1.	0.76	YES
2186843798	1835030733	четки в машину	GENERIC_RELEVANT	884.0	0.0	0.0	GAP_PRESENT	GAP_PRESENT	LOW	FAMILY_CANDIDATE	LONG_DESCRIPTION	GENERIC_RELEVANT; coverage=GAP_PRESENT; ownership=STORE_GENERIC; observed slices=1.	0.76	YES
2186846833	1835035733	автомобиля на зеркало украшение	GENERIC_RELEVANT	1.0	0.0	0.0	GAP_PRESENT	GAP_PRESENT	LOW	FAMILY_CANDIDATE	LONG_DESCRIPTION	GENERIC_RELEVANT; coverage=GAP_PRESENT; ownership=FAMILY_SHARED; observed slices=1.	0.76	YES
2186846833	1835035733	аквамарин подвеска водолей ровновесие	EXACT_PRODUCT	1.0	0.0	0.0	PARTIAL_GAP	PARTIAL_GAP	LOW	READY_CANDIDATE	LONG_DESCRIPTION	EXACT_PRODUCT; coverage=PARTIAL_GAP; ownership=SKU_SPECIFIC; observed slices=1.	0.96	YES
2186846833	1835035733	амулеты обереги и талисманы дерево	GENERIC_RELEVANT	1.0	0.0	0.0	GAP_PRESENT	GAP_PRESENT	LOW	FAMILY_CANDIDATE	LONG_DESCRIPTION	GENERIC_RELEVANT; coverage=GAP_PRESENT; ownership=STORE_GENERIC; observed slices=1.	0.72	YES
2186846833	1835035733	браслет амулет водолея	GENERIC_RELEVANT	1.0	0.0	0.0	GAP_PRESENT	GAP_PRESENT	LOW	FAMILY_CANDIDATE	LONG_DESCRIPTION	GENERIC_RELEVANT; coverage=GAP_PRESENT; ownership=FAMILY_SHARED; observed slices=1.	0.72	YES
2186846833	1835035733	браслет оберег для водолея	GENERIC_RELEVANT	3.0	0.0	0.0	GAP_PRESENT	GAP_PRESENT	LOW	FAMILY_CANDIDATE	LONG_DESCRIPTION	GENERIC_RELEVANT; coverage=GAP_PRESENT; ownership=FAMILY_SHARED; observed slices=1.	0.72	YES
2186846833	1835035733	брелок в машину для девушки на зеркало	GENERIC_RELEVANT	1.0	0.0	0.0	GAP_PRESENT	GAP_PRESENT	LOW	FAMILY_CANDIDATE	LONG_DESCRIPTION	GENERIC_RELEVANT; coverage=GAP_PRESENT; ownership=STORE_GENERIC; observed slices=1.	0.76	YES
2186846833	1835035733	бусы в машину на зеркало лада спорт	GENERIC_RELEVANT	0.0	0.0	0.0	GAP_PRESENT	GAP_PRESENT	LOW	FAMILY_CANDIDATE	LONG_DESCRIPTION	GENERIC_RELEVANT; coverage=GAP_PRESENT; ownership=STORE_GENERIC; observed slices=1.	0.76	YES
2186846833	1835035733	в машину на зеркало подвес	GENERIC_RELEVANT	0.0	0.0	0.0	GAP_PRESENT	GAP_PRESENT	LOW	FAMILY_CANDIDATE	LONG_DESCRIPTION	GENERIC_RELEVANT; coverage=GAP_PRESENT; ownership=FAMILY_SHARED; observed slices=2.	0.76	YES
2186846833	1835035733	в машину подвес	GENERIC_RELEVANT	1.0	0.0	0.0	GAP_PRESENT	GAP_PRESENT	LOW	FAMILY_CANDIDATE	LONG_DESCRIPTION	GENERIC_RELEVANT; coverage=GAP_PRESENT; ownership=FAMILY_SHARED; observed slices=1.	0.76	YES
2186846833	1835035733	в машину подвеска	GENERIC_RELEVANT	81.0	0.0	0.0	GAP_PRESENT	GAP_PRESENT	LOW	FAMILY_CANDIDATE	LONG_DESCRIPTION	GENERIC_RELEVANT; coverage=GAP_PRESENT; ownership=STORE_GENERIC; observed slices=1.	0.76	YES
2186846833	1835035733	в машину фигурка водолей	EXACT_PRODUCT	1.0	0.0	0.0	PARTIAL_GAP	PARTIAL_GAP	LOW	READY_CANDIDATE	LONG_DESCRIPTION	EXACT_PRODUCT; coverage=PARTIAL_GAP; ownership=SKU_SPECIFIC; observed slices=1.	0.96	YES
2186846833	1835035733	водолей	STRONG_PRODUCT	746.0	0.0	669.0	NO_GAP	NO_GAP	HIGH	NO_CHANGE	NONE	STRONG_PRODUCT; coverage=NO_GAP; ownership=FAMILY_SHARED; observed slices=2.	0.96	YES
2186846833	1835035733	водолей в машину	EXACT_PRODUCT	4.0	0.0	0.0	NO_GAP	NO_GAP	LOW	NO_CHANGE	NONE	EXACT_PRODUCT; coverage=NO_GAP; ownership=SKU_SPECIFIC; observed slices=1.	0.96	NO
2186846833	1835035733	водолей знак зодиака камееь	EXACT_PRODUCT	0.0	0.0	0.0	PARTIAL_GAP	PARTIAL_GAP	LOW	READY_CANDIDATE	LONG_DESCRIPTION	EXACT_PRODUCT; coverage=PARTIAL_GAP; ownership=SKU_SPECIFIC; observed slices=1.	0.96	YES
2186846833	1835035733	водолей расческа	STRONG_PRODUCT	1.0	0.0	0.0	PARTIAL_GAP	PARTIAL_GAP	LOW	READY_CANDIDATE	LONG_DESCRIPTION	STRONG_PRODUCT; coverage=PARTIAL_GAP; ownership=SKU_SPECIFIC; observed slices=1.	0.96	YES
2186846833	1835035733	восклицательный знак на машину в треугольнике красный	GENERIC_RELEVANT	1.0	0.0	0.0	GAP_PRESENT	GAP_PRESENT	LOW	FAMILY_CANDIDATE	LONG_DESCRIPTION	GENERIC_RELEVANT; coverage=GAP_PRESENT; ownership=FAMILY_SHARED; observed slices=1.	0.76	YES
2186846833	1835035733	для авто украшения подвески	GENERIC_RELEVANT	1.0	0.0	0.0	GAP_PRESENT	GAP_PRESENT	LOW	FAMILY_CANDIDATE	LONG_DESCRIPTION	GENERIC_RELEVANT; coverage=GAP_PRESENT; ownership=FAMILY_SHARED; observed slices=1.	0.76	YES
2186846833	1835035733	зеркало	GENERIC_RELEVANT	16292.0	0.0	0.0	GAP_PRESENT	GAP_PRESENT	LOW	FAMILY_CANDIDATE	LONG_DESCRIPTION	GENERIC_RELEVANT; coverage=GAP_PRESENT; ownership=STORE_GENERIC; observed slices=1.	0.76	YES
2186846833	1835035733	зеркало толи	GENERIC_RELEVANT	3.0	0.0	0.0	GAP_PRESENT	GAP_PRESENT	LOW	FAMILY_CANDIDATE	LONG_DESCRIPTION	GENERIC_RELEVANT; coverage=GAP_PRESENT; ownership=STORE_GENERIC; observed slices=1.	0.76	YES
2186846833	1835035733	знак зеркало	GENERIC_RELEVANT	2.0	0.0	0.0	GAP_PRESENT	GAP_PRESENT	LOW	FAMILY_CANDIDATE	LONG_DESCRIPTION	GENERIC_RELEVANT; coverage=GAP_PRESENT; ownership=FAMILY_SHARED; observed slices=1.	0.76	YES
2186846833	1835035733	зонт водолей	STRONG_PRODUCT	0.0	0.0	0.0	PARTIAL_GAP	PARTIAL_GAP	LOW	READY_CANDIDATE	LONG_DESCRIPTION	STRONG_PRODUCT; coverage=PARTIAL_GAP; ownership=SKU_SPECIFIC; observed slices=1.	0.96	YES
2186846833	1835035733	календарь карманный знаки зодиака	FAMILY_RELEVANT	0.0	0.0	0.0	GAP_PRESENT	GAP_PRESENT	LOW	FAMILY_CANDIDATE	LONG_DESCRIPTION	FAMILY_RELEVANT; coverage=GAP_PRESENT; ownership=FAMILY_SHARED; observed slices=1.	0.86	YES
2186846833	1835035733	костюм мужской водолей	STRONG_PRODUCT	0.0	0.0	0.0	PARTIAL_GAP	PARTIAL_GAP	LOW	READY_CANDIDATE	LONG_DESCRIPTION	STRONG_PRODUCT; coverage=PARTIAL_GAP; ownership=SKU_SPECIFIC; observed slices=1.	0.96	YES
2186846833	1835035733	кулон авто	GENERIC_RELEVANT	0.0	0.0	0.0	GAP_PRESENT	GAP_PRESENT	LOW	FAMILY_CANDIDATE	LONG_DESCRIPTION	GENERIC_RELEVANT; coverage=GAP_PRESENT; ownership=FAMILY_SHARED; observed slices=1.	0.76	YES
2186846833	1835035733	ладанка оберег в машину на зеркало	GENERIC_RELEVANT	1.0	0.0	0.0	GAP_PRESENT	GAP_PRESENT	LOW	FAMILY_CANDIDATE	LONG_DESCRIPTION	GENERIC_RELEVANT; coverage=GAP_PRESENT; ownership=FAMILY_SHARED; observed slices=1.	0.76	YES
2186846833	1835035733	мужчине на день рождения	AMBIGUOUS_HOLD	0.0	0.0	0.0	GAP_PRESENT	GAP_PRESENT	MEDIUM	HOLD_AMBIGUOUS	HOLD	AMBIGUOUS_HOLD; coverage=GAP_PRESENT; ownership=UNCLEAR; observed slices=1.	0.42	YES
2186846833	1835035733	нитка оберег на руку водолей	EXACT_PRODUCT	1.0	0.0	0.0	PARTIAL_GAP	PARTIAL_GAP	LOW	READY_CANDIDATE	LONG_DESCRIPTION	EXACT_PRODUCT; coverage=PARTIAL_GAP; ownership=SKU_SPECIFIC; observed slices=1.	0.96	YES
2186846833	1835035733	оберег в машинку	GENERIC_RELEVANT	1.0	0.0	0.0	GAP_PRESENT	GAP_PRESENT	LOW	FAMILY_CANDIDATE	LONG_DESCRIPTION	GENERIC_RELEVANT; coverage=GAP_PRESENT; ownership=FAMILY_SHARED; observed slices=1.	0.76	YES
2186846833	1835035733	оберег в машину	GENERIC_RELEVANT	383.0	0.0	0.0	GAP_PRESENT	GAP_PRESENT	LOW	FAMILY_CANDIDATE	LONG_DESCRIPTION	GENERIC_RELEVANT; coverage=GAP_PRESENT; ownership=STORE_GENERIC; observed slices=1.	0.76	YES
2186846833	1835035733	оберег в машину женский	GENERIC_RELEVANT	3.0	0.0	0.0	GAP_PRESENT	GAP_PRESENT	LOW	FAMILY_CANDIDATE	LONG_DESCRIPTION	GENERIC_RELEVANT; coverage=GAP_PRESENT; ownership=STORE_GENERIC; observed slices=1.	0.76	YES
2186846833	1835035733	оберег в машину мусульманский четки	GENERIC_RELEVANT	1.0	0.0	0.0	GAP_PRESENT	GAP_PRESENT	LOW	FAMILY_CANDIDATE	LONG_DESCRIPTION	GENERIC_RELEVANT; coverage=GAP_PRESENT; ownership=FAMILY_SHARED; observed slices=1.	0.76	YES
2186846833	1835035733	оберег в машину со знаком зодиака водолей	EXACT_PRODUCT	1.0	0.0	597.0	NO_GAP	NO_GAP	LOW	NO_CHANGE	NONE	EXACT_PRODUCT; coverage=NO_GAP; ownership=SKU_SPECIFIC; observed slices=1.	0.96	NO
2186846833	1835035733	обереги талисманы	GENERIC_RELEVANT	0.0	0.0	0.0	GAP_PRESENT	GAP_PRESENT	LOW	FAMILY_CANDIDATE	LONG_DESCRIPTION	GENERIC_RELEVANT; coverage=GAP_PRESENT; ownership=FAMILY_SHARED; observed slices=1.	0.72	YES
2186846833	1835035733	подвес в машину на зеркало	GENERIC_RELEVANT	106.0	0.0	0.0	GAP_PRESENT	GAP_PRESENT	LOW	FAMILY_CANDIDATE	LONG_DESCRIPTION	GENERIC_RELEVANT; coverage=GAP_PRESENT; ownership=STORE_GENERIC; observed slices=1.	0.76	YES
2186846833	1835035733	подвеска в автомобиль	GENERIC_RELEVANT	96.0	0.0	0.0	GAP_PRESENT	GAP_PRESENT	LOW	FAMILY_CANDIDATE	LONG_DESCRIPTION	GENERIC_RELEVANT; coverage=GAP_PRESENT; ownership=STORE_GENERIC; observed slices=1.	0.76	YES
2186846833	1835035733	подвеска в машину	GENERIC_RELEVANT	7092.0	0.0	0.0	GAP_PRESENT	GAP_PRESENT	LOW	FAMILY_CANDIDATE	LONG_DESCRIPTION	GENERIC_RELEVANT; coverage=GAP_PRESENT; ownership=STORE_GENERIC; observed slices=2.	0.76	YES
2186846833	1835035733	подвеска в машину из аниме	GENERIC_RELEVANT	1.0	0.0	0.0	GAP_PRESENT	GAP_PRESENT	LOW	FAMILY_CANDIDATE	LONG_DESCRIPTION	GENERIC_RELEVANT; coverage=GAP_PRESENT; ownership=FAMILY_SHARED; observed slices=1.	0.76	YES
2186846833	1835035733	подвеска в машину на зеркало	GENERIC_RELEVANT	1367.0	0.0	0.0	GAP_PRESENT	GAP_PRESENT	LOW	FAMILY_CANDIDATE	LONG_DESCRIPTION	GENERIC_RELEVANT; coverage=GAP_PRESENT; ownership=STORE_GENERIC; observed slices=2.	0.76	YES
2186846833	1835035733	подвеска в машину на зеркало жен	GENERIC_RELEVANT	0.0	0.0	0.0	GAP_PRESENT	GAP_PRESENT	LOW	FAMILY_CANDIDATE	LONG_DESCRIPTION	GENERIC_RELEVANT; coverage=GAP_PRESENT; ownership=STORE_GENERIC; observed slices=1.	0.76	YES
2186846833	1835035733	подвеска в машину на зеркало инь янь	GENERIC_RELEVANT	0.0	0.0	0.0	GAP_PRESENT	GAP_PRESENT	LOW	FAMILY_CANDIDATE	LONG_DESCRIPTION	GENERIC_RELEVANT; coverage=GAP_PRESENT; ownership=FAMILY_SHARED; observed slices=1.	0.76	YES
2186846833	1835035733	подвеска в машину на зеркало красная	GENERIC_RELEVANT	1.0	0.0	0.0	GAP_PRESENT	GAP_PRESENT	LOW	FAMILY_CANDIDATE	LONG_DESCRIPTION	GENERIC_RELEVANT; coverage=GAP_PRESENT; ownership=FAMILY_SHARED; observed slices=1.	0.76	YES
2186846833	1835035733	подвеска в машину на зеркало мотоцикл	GENERIC_RELEVANT	1.0	0.0	0.0	GAP_PRESENT	GAP_PRESENT	LOW	FAMILY_CANDIDATE	LONG_DESCRIPTION	GENERIC_RELEVANT; coverage=GAP_PRESENT; ownership=FAMILY_SHARED; observed slices=1.	0.76	YES
2186846833	1835035733	подвеска в машину на зеркало питбуль	GENERIC_RELEVANT	0.0	0.0	0.0	GAP_PRESENT	GAP_PRESENT	LOW	FAMILY_CANDIDATE	LONG_DESCRIPTION	GENERIC_RELEVANT; coverage=GAP_PRESENT; ownership=STORE_GENERIC; observed slices=1.	0.76	YES
2186846833	1835035733	подвеска водолей	EXACT_PRODUCT	99.0	0.0	0.0	NO_GAP	NO_GAP	HIGH	NO_CHANGE	NONE	EXACT_PRODUCT; coverage=NO_GAP; ownership=FAMILY_SHARED; observed slices=1.	0.96	YES
2186846833	1835035733	подвеска на зеркало hella flash	GENERIC_RELEVANT	1.0	0.0	0.0	GAP_PRESENT	GAP_PRESENT	LOW	FAMILY_CANDIDATE	LONG_DESCRIPTION	GENERIC_RELEVANT; coverage=GAP_PRESENT; ownership=FAMILY_SHARED; observed slices=1.	0.76	YES
2186846833	1835035733	подвеска на зеркало автомобиля	GENERIC_RELEVANT	97.0	0.0	0.0	GAP_PRESENT	GAP_PRESENT	LOW	FAMILY_CANDIDATE	LONG_DESCRIPTION	GENERIC_RELEVANT; coverage=GAP_PRESENT; ownership=FAMILY_SHARED; observed slices=1.	0.76	YES
2186846833	1835035733	подвеска на зеркало автомобиля в машину	GENERIC_RELEVANT	17.0	0.0	0.0	GAP_PRESENT	GAP_PRESENT	LOW	FAMILY_CANDIDATE	LONG_DESCRIPTION	GENERIC_RELEVANT; coverage=GAP_PRESENT; ownership=STORE_GENERIC; observed slices=1.	0.76	YES
2186846833	1835035733	подвеска на зеркало в машину	GENERIC_RELEVANT	1207.0	0.0	0.0	GAP_PRESENT	GAP_PRESENT	LOW	FAMILY_CANDIDATE	LONG_DESCRIPTION	GENERIC_RELEVANT; coverage=GAP_PRESENT; ownership=STORE_GENERIC; observed slices=1.	0.76	YES
2186846833	1835035733	подвеска на зеркало в машину собака	GENERIC_RELEVANT	0.0	0.0	0.0	GAP_PRESENT	GAP_PRESENT	LOW	FAMILY_CANDIDATE	LONG_DESCRIPTION	GENERIC_RELEVANT; coverage=GAP_PRESENT; ownership=FAMILY_SHARED; observed slices=1.	0.76	YES
2186846833	1835035733	подвеска на зеркало в машину череп	GENERIC_RELEVANT	1.0	0.0	0.0	GAP_PRESENT	GAP_PRESENT	LOW	FAMILY_CANDIDATE	LONG_DESCRIPTION	GENERIC_RELEVANT; coverage=GAP_PRESENT; ownership=FAMILY_SHARED; observed slices=1.	0.76	YES
2186846833	1835035733	подвеска на машину	GENERIC_RELEVANT	88.0	0.0	0.0	GAP_PRESENT	GAP_PRESENT	LOW	FAMILY_CANDIDATE	LONG_DESCRIPTION	GENERIC_RELEVANT; coverage=GAP_PRESENT; ownership=STORE_GENERIC; observed slices=1.	0.76	YES
2186846833	1835035733	славянский оберег в машину на зеркало	NEIGHBOR_PRODUCT	2.0	0.0	0.0	NOT_APPLICABLE	NOT_APPLICABLE	LOW	REJECT_NEIGHBOR	NONE	NEIGHBOR_PRODUCT; coverage=NOT_APPLICABLE; ownership=FAMILY_SHARED; observed slices=1.	0.90	NO
2186846833	1835035733	четки в автомобиль	GENERIC_RELEVANT	381.0	0.0	0.0	GAP_PRESENT	GAP_PRESENT	LOW	FAMILY_CANDIDATE	LONG_DESCRIPTION	GENERIC_RELEVANT; coverage=GAP_PRESENT; ownership=STORE_GENERIC; observed slices=1.	0.76	YES
2186846833	1835035733	четки в машину	GENERIC_RELEVANT	284.0	0.0	0.0	GAP_PRESENT	GAP_PRESENT	LOW	FAMILY_CANDIDATE	LONG_DESCRIPTION	GENERIC_RELEVANT; coverage=GAP_PRESENT; ownership=STORE_GENERIC; observed slices=1.	0.76	YES
2186846833	1835035733	четки в машину на зеркало	GENERIC_RELEVANT	106.0	0.0	0.0	GAP_PRESENT	GAP_PRESENT	LOW	FAMILY_CANDIDATE	LONG_DESCRIPTION	GENERIC_RELEVANT; coverage=GAP_PRESENT; ownership=STORE_GENERIC; observed slices=1.	0.76	YES
2186846833	1835035733	эзотерика аксессуары	GENERIC_RELEVANT	20.0	0.0	0.0	GAP_PRESENT	GAP_PRESENT	LOW	FAMILY_CANDIDATE	LONG_DESCRIPTION	GENERIC_RELEVANT; coverage=GAP_PRESENT; ownership=FAMILY_SHARED; observed slices=1.	0.72	YES
2186848313	1835037959	авто рыба	GENERIC_RELEVANT	0.0	0.0	0.0	GAP_PRESENT	GAP_PRESENT	LOW	FAMILY_CANDIDATE	LONG_DESCRIPTION	GENERIC_RELEVANT; coverage=GAP_PRESENT; ownership=FAMILY_SHARED; observed slices=1.	0.76	YES
2186848313	1835037959	автомобильная четки в машину на зеркало	GENERIC_RELEVANT	1.0	0.0	0.0	GAP_PRESENT	GAP_PRESENT	LOW	FAMILY_CANDIDATE	LONG_DESCRIPTION	GENERIC_RELEVANT; coverage=GAP_PRESENT; ownership=FAMILY_SHARED; observed slices=1.	0.76	YES
2186848313	1835037959	аксессуары в машину подвесаа зеркал барабан	GENERIC_RELEVANT	0.0	0.0	0.0	GAP_PRESENT	GAP_PRESENT	LOW	FAMILY_CANDIDATE	LONG_DESCRIPTION	GENERIC_RELEVANT; coverage=GAP_PRESENT; ownership=STORE_GENERIC; observed slices=1.	0.76	YES
2186848313	1835037959	амулет бусина	GENERIC_RELEVANT	0.0	0.0	0.0	GAP_PRESENT	GAP_PRESENT	LOW	FAMILY_CANDIDATE	LONG_DESCRIPTION	GENERIC_RELEVANT; coverage=GAP_PRESENT; ownership=STORE_GENERIC; observed slices=1.	0.72	YES
2186848313	1835037959	амулет рыбы	EXACT_PRODUCT	4.0	0.0	0.0	NO_GAP	NO_GAP	LOW	NO_CHANGE	NONE	EXACT_PRODUCT; coverage=NO_GAP; ownership=SKU_SPECIFIC; observed slices=1.	0.96	NO
2186848313	1835037959	амулеты мужские в машину	GENERIC_RELEVANT	1.0	0.0	0.0	GAP_PRESENT	GAP_PRESENT	LOW	FAMILY_CANDIDATE	LONG_DESCRIPTION	GENERIC_RELEVANT; coverage=GAP_PRESENT; ownership=FAMILY_SHARED; observed slices=1.	0.76	YES
2186848313	1835037959	амулеты обереги и талисманы	GENERIC_RELEVANT	218.0	0.0	0.0	GAP_PRESENT	GAP_PRESENT	LOW	FAMILY_CANDIDATE	LONG_DESCRIPTION	GENERIC_RELEVANT; coverage=GAP_PRESENT; ownership=STORE_GENERIC; observed slices=1.	0.72	YES
2186848313	1835037959	бисмиля на машину на зеркало мусульманские	GENERIC_RELEVANT	1.0	0.0	0.0	GAP_PRESENT	GAP_PRESENT	LOW	FAMILY_CANDIDATE	LONG_DESCRIPTION	GENERIC_RELEVANT; coverage=GAP_PRESENT; ownership=FAMILY_SHARED; observed slices=1.	0.76	YES
2186848313	1835037959	брелок авто талисман	GENERIC_RELEVANT	0.0	0.0	0.0	GAP_PRESENT	GAP_PRESENT	LOW	FAMILY_CANDIDATE	LONG_DESCRIPTION	GENERIC_RELEVANT; coverage=GAP_PRESENT; ownership=STORE_GENERIC; observed slices=1.	0.76	YES
2186848313	1835037959	брелок в машину на зеркало	GENERIC_RELEVANT	211.0	0.0	0.0	GAP_PRESENT	GAP_PRESENT	LOW	FAMILY_CANDIDATE	LONG_DESCRIPTION	GENERIC_RELEVANT; coverage=GAP_PRESENT; ownership=STORE_GENERIC; observed slices=1.	0.76	YES
2186848313	1835037959	брошь на машину рыбка самаклейная	GENERIC_RELEVANT	0.0	0.0	0.0	GAP_PRESENT	GAP_PRESENT	LOW	FAMILY_CANDIDATE	LONG_DESCRIPTION	GENERIC_RELEVANT; coverage=GAP_PRESENT; ownership=FAMILY_SHARED; observed slices=1.	0.76	YES
2186848313	1835037959	бусинки в машину на зеркало	GENERIC_RELEVANT	1.0	0.0	0.0	GAP_PRESENT	GAP_PRESENT	LOW	FAMILY_CANDIDATE	LONG_DESCRIPTION	GENERIC_RELEVANT; coverage=GAP_PRESENT; ownership=FAMILY_SHARED; observed slices=1.	0.76	YES
2186848313	1835037959	бусы в машину на зеркало ленд ровер	GENERIC_RELEVANT	1.0	0.0	0.0	GAP_PRESENT	GAP_PRESENT	LOW	FAMILY_CANDIDATE	LONG_DESCRIPTION	GENERIC_RELEVANT; coverage=GAP_PRESENT; ownership=FAMILY_SHARED; observed slices=1.	0.76	YES
2186848313	1835037959	в машину для малыша подвеска	GENERIC_RELEVANT	0.0	0.0	0.0	GAP_PRESENT	GAP_PRESENT	LOW	FAMILY_CANDIDATE	LONG_DESCRIPTION	GENERIC_RELEVANT; coverage=GAP_PRESENT; ownership=STORE_GENERIC; observed slices=1.	0.76	YES
2186848313	1835037959	в машину на зеркало подвеска	GENERIC_RELEVANT	128.0	0.0	0.0	GAP_PRESENT	GAP_PRESENT	LOW	FAMILY_CANDIDATE	LONG_DESCRIPTION	GENERIC_RELEVANT; coverage=GAP_PRESENT; ownership=STORE_GENERIC; observed slices=1.	0.76	YES
2186848313	1835037959	висюлька в машину на зеркало тайота четки	GENERIC_RELEVANT	1.0	0.0	0.0	GAP_PRESENT	GAP_PRESENT	LOW	FAMILY_CANDIDATE	LONG_DESCRIPTION	GENERIC_RELEVANT; coverage=GAP_PRESENT; ownership=STORE_GENERIC; observed slices=1.	0.76	YES
2186848313	1835037959	висюлька на зеркало в машину белая пушистая	GENERIC_RELEVANT	0.0	0.0	0.0	GAP_PRESENT	GAP_PRESENT	LOW	FAMILY_CANDIDATE	LONG_DESCRIPTION	GENERIC_RELEVANT; coverage=GAP_PRESENT; ownership=STORE_GENERIC; observed slices=1.	0.76	YES
2186848313	1835037959	вонючка дельфин в машину синяя на зеркало	GENERIC_RELEVANT	0.0	0.0	0.0	GAP_PRESENT	GAP_PRESENT	LOW	FAMILY_CANDIDATE	LONG_DESCRIPTION	GENERIC_RELEVANT; coverage=GAP_PRESENT; ownership=STORE_GENERIC; observed slices=1.	0.76	YES
2186848313	1835037959	ежедневник знак зодиака рыбы 2027	EXACT_PRODUCT	0.0	0.0	0.0	PARTIAL_GAP	PARTIAL_GAP	LOW	READY_CANDIDATE	LONG_DESCRIPTION	EXACT_PRODUCT; coverage=PARTIAL_GAP; ownership=SKU_SPECIFIC; observed slices=1.	0.96	YES
2186848313	1835037959	зеркалл магисеское	GENERIC_RELEVANT	1.0	0.0	0.0	GAP_PRESENT	GAP_PRESENT	LOW	FAMILY_CANDIDATE	LONG_DESCRIPTION	GENERIC_RELEVANT; coverage=GAP_PRESENT; ownership=STORE_GENERIC; observed slices=1.	0.76	YES
2186848313	1835037959	зеркало	GENERIC_RELEVANT	8794.0	0.0	0.0	GAP_PRESENT	GAP_PRESENT	LOW	FAMILY_CANDIDATE	LONG_DESCRIPTION	GENERIC_RELEVANT; coverage=GAP_PRESENT; ownership=STORE_GENERIC; observed slices=1.	0.76	YES
2186848313	1835037959	зеркало рыбий глаз на самокат	GENERIC_RELEVANT	2.0	0.0	0.0	GAP_PRESENT	GAP_PRESENT	LOW	FAMILY_CANDIDATE	LONG_DESCRIPTION	GENERIC_RELEVANT; coverage=GAP_PRESENT; ownership=FAMILY_SHARED; observed slices=1.	0.76	YES
2186848313	1835037959	знак зодиака лев подвеска в машину	NEIGHBOR_PRODUCT	1.0	0.0	0.0	NOT_APPLICABLE	NOT_APPLICABLE	LOW	REJECT_NEIGHBOR	NONE	NEIGHBOR_PRODUCT; coverage=NOT_APPLICABLE; ownership=EXCLUDED; observed slices=1.	0.98	NO
2186848313	1835037959	знак зодиака рыбы большой	EXACT_PRODUCT	0.0	0.0	0.0	NO_GAP	NO_GAP	LOW	NO_CHANGE	NONE	EXACT_PRODUCT; coverage=NO_GAP; ownership=SKU_SPECIFIC; observed slices=1.	0.96	NO
2186848313	1835037959	знак на машину для женщин	GENERIC_RELEVANT	1.0	0.0	0.0	GAP_PRESENT	GAP_PRESENT	LOW	FAMILY_CANDIDATE	LONG_DESCRIPTION	GENERIC_RELEVANT; coverage=GAP_PRESENT; ownership=FAMILY_SHARED; observed slices=1.	0.76	YES
2186848313	1835037959	игрушка оберег в машину	GENERIC_RELEVANT	2.0	0.0	0.0	GAP_PRESENT	GAP_PRESENT	LOW	FAMILY_CANDIDATE	LONG_DESCRIPTION	GENERIC_RELEVANT; coverage=GAP_PRESENT; ownership=FAMILY_SHARED; observed slices=1.	0.76	YES
2186848313	1835037959	крестик в машину на зеркало освешеный	GENERIC_RELEVANT	0.0	0.0	0.0	GAP_PRESENT	GAP_PRESENT	LOW	FAMILY_CANDIDATE	LONG_DESCRIPTION	GENERIC_RELEVANT; coverage=GAP_PRESENT; ownership=STORE_GENERIC; observed slices=1.	0.76	YES
2186848313	1835037959	кулон в автомобиль	GENERIC_RELEVANT	1.0	0.0	0.0	GAP_PRESENT	GAP_PRESENT	LOW	FAMILY_CANDIDATE	LONG_DESCRIPTION	GENERIC_RELEVANT; coverage=GAP_PRESENT; ownership=FAMILY_SHARED; observed slices=1.	0.76	YES
2186848313	1835037959	кулон мужской рыбы	STRONG_PRODUCT	2.0	0.0	773.0	PARTIAL_GAP	PARTIAL_GAP	LOW	READY_CANDIDATE	LONG_DESCRIPTION	STRONG_PRODUCT; coverage=PARTIAL_GAP; ownership=SKU_SPECIFIC; observed slices=1.	0.96	YES
2186848313	1835037959	кулон на шею для мальчика знак зодиака	FAMILY_RELEVANT	1.0	0.0	0.0	GAP_PRESENT	GAP_PRESENT	LOW	FAMILY_CANDIDATE	LONG_DESCRIPTION	FAMILY_RELEVANT; coverage=GAP_PRESENT; ownership=FAMILY_SHARED; observed slices=1.	0.86	YES
2186848313	1835037959	кулончики в машину	GENERIC_RELEVANT	1.0	0.0	0.0	GAP_PRESENT	GAP_PRESENT	LOW	FAMILY_CANDIDATE	LONG_DESCRIPTION	GENERIC_RELEVANT; coverage=GAP_PRESENT; ownership=FAMILY_SHARED; observed slices=1.	0.76	YES
2186848313	1835037959	маленький оберев машину	GENERIC_RELEVANT	0.0	0.0	0.0	GAP_PRESENT	GAP_PRESENT	LOW	FAMILY_CANDIDATE	LONG_DESCRIPTION	GENERIC_RELEVANT; coverage=GAP_PRESENT; ownership=STORE_GENERIC; observed slices=1.	0.76	YES
2186848313	1835037959	мужской кулон рыба	AMBIGUOUS_HOLD	1.0	0.0	0.0	GAP_PRESENT	GAP_PRESENT	MEDIUM	HOLD_AMBIGUOUS	HOLD	AMBIGUOUS_HOLD; coverage=GAP_PRESENT; ownership=UNCLEAR; observed slices=1.	0.42	YES
2186848313	1835037959	на зеркало в машину подвеска	GENERIC_RELEVANT	367.0	0.0	0.0	GAP_PRESENT	GAP_PRESENT	LOW	FAMILY_CANDIDATE	LONG_DESCRIPTION	GENERIC_RELEVANT; coverage=GAP_PRESENT; ownership=STORE_GENERIC; observed slices=1.	0.76	YES
2186848313	1835037959	на зеркало в машину скорпион	NEIGHBOR_PRODUCT	1.0	0.0	0.0	NOT_APPLICABLE	NOT_APPLICABLE	LOW	REJECT_NEIGHBOR	NONE	NEIGHBOR_PRODUCT; coverage=NOT_APPLICABLE; ownership=EXCLUDED; observed slices=1.	0.98	NO
2186848313	1835037959	необычный обвес в машину на зеркало	GENERIC_RELEVANT	0.0	0.0	0.0	GAP_PRESENT	GAP_PRESENT	LOW	FAMILY_CANDIDATE	LONG_DESCRIPTION	GENERIC_RELEVANT; coverage=GAP_PRESENT; ownership=FAMILY_SHARED; observed slices=1.	0.76	YES
2186848313	1835037959	оберег в машину	GENERIC_RELEVANT	528.0	0.0	0.0	GAP_PRESENT	GAP_PRESENT	LOW	FAMILY_CANDIDATE	LONG_DESCRIPTION	GENERIC_RELEVANT; coverage=GAP_PRESENT; ownership=STORE_GENERIC; observed slices=1.	0.76	YES
2186848313	1835037959	оберег в машину на зеркало женский	GENERIC_RELEVANT	0.0	0.0	0.0	GAP_PRESENT	GAP_PRESENT	LOW	FAMILY_CANDIDATE	LONG_DESCRIPTION	GENERIC_RELEVANT; coverage=GAP_PRESENT; ownership=STORE_GENERIC; observed slices=1.	0.76	YES
2186848313	1835037959	обереги	GENERIC_RELEVANT	1.0	0.0	0.0	GAP_PRESENT	GAP_PRESENT	LOW	FAMILY_CANDIDATE	LONG_DESCRIPTION	GENERIC_RELEVANT; coverage=GAP_PRESENT; ownership=STORE_GENERIC; observed slices=1.	0.72	YES
2186848313	1835037959	подвеска в автомобиль	GENERIC_RELEVANT	427.0	0.0	0.0	GAP_PRESENT	GAP_PRESENT	LOW	FAMILY_CANDIDATE	LONG_DESCRIPTION	GENERIC_RELEVANT; coverage=GAP_PRESENT; ownership=STORE_GENERIC; observed slices=1.	0.76	YES
2186848313	1835037959	подвеска в автомобиль на зеркало	GENERIC_RELEVANT	448.0	0.0	0.0	GAP_PRESENT	GAP_PRESENT	LOW	FAMILY_CANDIDATE	LONG_DESCRIPTION	GENERIC_RELEVANT; coverage=GAP_PRESENT; ownership=STORE_GENERIC; observed slices=1.	0.76	YES
2186848313	1835037959	подвеска в машину	GENERIC_RELEVANT	7092.0	0.0	0.0	GAP_PRESENT	GAP_PRESENT	LOW	FAMILY_CANDIDATE	LONG_DESCRIPTION	GENERIC_RELEVANT; coverage=GAP_PRESENT; ownership=STORE_GENERIC; observed slices=2.	0.76	YES
2186848313	1835037959	подвеска в машину на зеркало	GENERIC_RELEVANT	6478.0	0.0	0.0	GAP_PRESENT	GAP_PRESENT	LOW	FAMILY_CANDIDATE	LONG_DESCRIPTION	GENERIC_RELEVANT; coverage=GAP_PRESENT; ownership=STORE_GENERIC; observed slices=1.	0.76	YES
2186848313	1835037959	подвеска в машину на зеркало дракон	GENERIC_RELEVANT	2.0	0.0	0.0	GAP_PRESENT	GAP_PRESENT	LOW	FAMILY_CANDIDATE	LONG_DESCRIPTION	GENERIC_RELEVANT; coverage=GAP_PRESENT; ownership=STORE_GENERIC; observed slices=1.	0.76	YES
2186848313	1835037959	подвеска в машину на зеркало череп	GENERIC_RELEVANT	4.0	0.0	0.0	GAP_PRESENT	GAP_PRESENT	LOW	FAMILY_CANDIDATE	LONG_DESCRIPTION	GENERIC_RELEVANT; coverage=GAP_PRESENT; ownership=STORE_GENERIC; observed slices=1.	0.76	YES
2186848313	1835037959	подвеска в машину рыба на зеркало	GENERIC_RELEVANT	1.0	0.0	0.0	GAP_PRESENT	GAP_PRESENT	LOW	FAMILY_CANDIDATE	LONG_DESCRIPTION	GENERIC_RELEVANT; coverage=GAP_PRESENT; ownership=FAMILY_SHARED; observed slices=1.	0.76	YES
2186848313	1835037959	подвеска в машину светильник	GENERIC_RELEVANT	2.0	0.0	0.0	GAP_PRESENT	GAP_PRESENT	LOW	FAMILY_CANDIDATE	LONG_DESCRIPTION	GENERIC_RELEVANT; coverage=GAP_PRESENT; ownership=FAMILY_SHARED; observed slices=1.	0.76	YES
2186848313	1835037959	подвеска на зеркало half life	GENERIC_RELEVANT	1.0	0.0	0.0	GAP_PRESENT	GAP_PRESENT	LOW	FAMILY_CANDIDATE	LONG_DESCRIPTION	GENERIC_RELEVANT; coverage=GAP_PRESENT; ownership=FAMILY_SHARED; observed slices=1.	0.76	YES
2186848313	1835037959	подвеска на зеркало автомобиля	GENERIC_RELEVANT	47.0	0.0	0.0	GAP_PRESENT	GAP_PRESENT	LOW	FAMILY_CANDIDATE	LONG_DESCRIPTION	GENERIC_RELEVANT; coverage=GAP_PRESENT; ownership=FAMILY_SHARED; observed slices=1.	0.76	YES
2186848313	1835037959	подвеска на зеркало в машину	GENERIC_RELEVANT	1211.0	0.0	0.0	GAP_PRESENT	GAP_PRESENT	LOW	FAMILY_CANDIDATE	LONG_DESCRIPTION	GENERIC_RELEVANT; coverage=GAP_PRESENT; ownership=STORE_GENERIC; observed slices=1.	0.76	YES
2186848313	1835037959	подвеска на машину	GENERIC_RELEVANT	88.0	0.0	0.0	GAP_PRESENT	GAP_PRESENT	LOW	FAMILY_CANDIDATE	LONG_DESCRIPTION	GENERIC_RELEVANT; coverage=GAP_PRESENT; ownership=STORE_GENERIC; observed slices=1.	0.76	YES
2186848313	1835037959	талисман	GENERIC_RELEVANT	307.0	0.0	0.0	GAP_PRESENT	GAP_PRESENT	LOW	FAMILY_CANDIDATE	LONG_DESCRIPTION	GENERIC_RELEVANT; coverage=GAP_PRESENT; ownership=STORE_GENERIC; observed slices=1.	0.72	YES
2186848313	1835037959	талисман на шею мужской	GENERIC_RELEVANT	4.0	0.0	0.0	GAP_PRESENT	GAP_PRESENT	LOW	FAMILY_CANDIDATE	LONG_DESCRIPTION	GENERIC_RELEVANT; coverage=GAP_PRESENT; ownership=FAMILY_SHARED; observed slices=1.	0.72	YES
2186848313	1835037959	талисман скорпион	NEIGHBOR_PRODUCT	5.0	0.0	0.0	NOT_APPLICABLE	NOT_APPLICABLE	LOW	REJECT_NEIGHBOR	NONE	NEIGHBOR_PRODUCT; coverage=NOT_APPLICABLE; ownership=EXCLUDED; observed slices=1.	0.98	NO
2186848313	1835037959	четки в автомобиль	GENERIC_RELEVANT	381.0	0.0	0.0	GAP_PRESENT	GAP_PRESENT	LOW	FAMILY_CANDIDATE	LONG_DESCRIPTION	GENERIC_RELEVANT; coverage=GAP_PRESENT; ownership=STORE_GENERIC; observed slices=1.	0.76	YES
2186848313	1835037959	четки в машину	GENERIC_RELEVANT	1380.0	0.0	0.0	GAP_PRESENT	GAP_PRESENT	LOW	FAMILY_CANDIDATE	LONG_DESCRIPTION	GENERIC_RELEVANT; coverage=GAP_PRESENT; ownership=STORE_GENERIC; observed slices=1.	0.76	YES
2186848313	1835037959	четки в машину на зеркало	GENERIC_RELEVANT	147.0	0.0	0.0	GAP_PRESENT	GAP_PRESENT	LOW	FAMILY_CANDIDATE	LONG_DESCRIPTION	GENERIC_RELEVANT; coverage=GAP_PRESENT; ownership=STORE_GENERIC; observed slices=1.	0.76	YES
2186848313	1835037959	четки для знака зодиака рыбы	EXACT_PRODUCT	1.0	0.0	556.0	PARTIAL_GAP	PARTIAL_GAP	LOW	READY_CANDIDATE	LONG_DESCRIPTION	EXACT_PRODUCT; coverage=PARTIAL_GAP; ownership=SKU_SPECIFIC; observed slices=1.	0.96	YES
2186848313	1835037959	четки руны	GENERIC_RELEVANT	1.0	0.0	0.0	GAP_PRESENT	GAP_PRESENT	LOW	FAMILY_CANDIDATE	LONG_DESCRIPTION	GENERIC_RELEVANT; coverage=GAP_PRESENT; ownership=STORE_GENERIC; observed slices=1.	0.72	YES
2186850644	1835042242	аксессуар в авто на зеркало подвеска	GENERIC_RELEVANT	1.0	0.0	0.0	GAP_PRESENT	GAP_PRESENT	LOW	FAMILY_CANDIDATE	LONG_DESCRIPTION	GENERIC_RELEVANT; coverage=GAP_PRESENT; ownership=STORE_GENERIC; observed slices=1.	0.76	YES
2186850644	1835042242	амулет для овна мужской	GENERIC_RELEVANT	1.0	0.0	0.0	GAP_PRESENT	GAP_PRESENT	LOW	FAMILY_CANDIDATE	LONG_DESCRIPTION	GENERIC_RELEVANT; coverage=GAP_PRESENT; ownership=FAMILY_SHARED; observed slices=1.	0.72	YES
2186850644	1835042242	амулеты обереги и талисманы	GENERIC_RELEVANT	125.0	0.0	0.0	GAP_PRESENT	GAP_PRESENT	LOW	FAMILY_CANDIDATE	LONG_DESCRIPTION	GENERIC_RELEVANT; coverage=GAP_PRESENT; ownership=STORE_GENERIC; observed slices=1.	0.72	YES
2186850644	1835042242	брелок в машину на зеркало	GENERIC_RELEVANT	145.0	0.0	0.0	GAP_PRESENT	GAP_PRESENT	LOW	FAMILY_CANDIDATE	LONG_DESCRIPTION	GENERIC_RELEVANT; coverage=GAP_PRESENT; ownership=STORE_GENERIC; observed slices=1.	0.76	YES
2186850644	1835042242	брелок в машину на зеркало пушистики	GENERIC_RELEVANT	0.0	0.0	0.0	GAP_PRESENT	GAP_PRESENT	LOW	FAMILY_CANDIDATE	LONG_DESCRIPTION	GENERIC_RELEVANT; coverage=GAP_PRESENT; ownership=STORE_GENERIC; observed slices=1.	0.76	YES
2186850644	1835042242	в машину украшение на зеркало	GENERIC_RELEVANT	1.0	0.0	0.0	GAP_PRESENT	GAP_PRESENT	LOW	FAMILY_CANDIDATE	LONG_DESCRIPTION	GENERIC_RELEVANT; coverage=GAP_PRESENT; ownership=FAMILY_SHARED; observed slices=1.	0.76	YES
2186850644	1835042242	декоративная подвеска в авто	GENERIC_RELEVANT	1.0	0.0	0.0	GAP_PRESENT	GAP_PRESENT	LOW	FAMILY_CANDIDATE	LONG_DESCRIPTION	GENERIC_RELEVANT; coverage=GAP_PRESENT; ownership=FAMILY_SHARED; observed slices=1.	0.76	YES
2186850644	1835042242	для овна мужской	AMBIGUOUS_HOLD	1.0	0.0	0.0	GAP_PRESENT	GAP_PRESENT	MEDIUM	HOLD_AMBIGUOUS	HOLD	AMBIGUOUS_HOLD; coverage=GAP_PRESENT; ownership=UNCLEAR; observed slices=1.	0.42	YES
2186850644	1835042242	зеркало для праворульных машин для обгона	GENERIC_RELEVANT	1.0	0.0	0.0	GAP_PRESENT	GAP_PRESENT	LOW	FAMILY_CANDIDATE	LONG_DESCRIPTION	GENERIC_RELEVANT; coverage=GAP_PRESENT; ownership=FAMILY_SHARED; observed slices=1.	0.76	YES
2186850644	1835042242	игрушка в машину овен	EXACT_PRODUCT	1.0	0.0	0.0	PARTIAL_GAP	PARTIAL_GAP	LOW	READY_CANDIDATE	LONG_DESCRIPTION	EXACT_PRODUCT; coverage=PARTIAL_GAP; ownership=SKU_SPECIFIC; observed slices=1.	0.96	YES
2186850644	1835042242	календарь карманный знаки зодиака	FAMILY_RELEVANT	0.0	0.0	0.0	GAP_PRESENT	GAP_PRESENT	LOW	FAMILY_CANDIDATE	LONG_DESCRIPTION	FAMILY_RELEVANT; coverage=GAP_PRESENT; ownership=FAMILY_SHARED; observed slices=1.	0.86	YES
2186850644	1835042242	крест в машину освященный православный на зеркало	NEIGHBOR_PRODUCT	1.0	0.0	0.0	NOT_APPLICABLE	NOT_APPLICABLE	LOW	REJECT_NEIGHBOR	NONE	NEIGHBOR_PRODUCT; coverage=NOT_APPLICABLE; ownership=EXCLUDED; observed slices=1.	0.96	NO
2186850644	1835042242	кулон в автомобиль на зеркало	GENERIC_RELEVANT	1.0	0.0	0.0	GAP_PRESENT	GAP_PRESENT	LOW	FAMILY_CANDIDATE	LONG_DESCRIPTION	GENERIC_RELEVANT; coverage=GAP_PRESENT; ownership=FAMILY_SHARED; observed slices=1.	0.76	YES
2186850644	1835042242	магический амулет , оберег	GENERIC_RELEVANT	21.0	0.0	0.0	GAP_PRESENT	GAP_PRESENT	LOW	FAMILY_CANDIDATE	LONG_DESCRIPTION	GENERIC_RELEVANT; coverage=GAP_PRESENT; ownership=STORE_GENERIC; observed slices=1.	0.72	YES
2186850644	1835042242	мужчине на день рождения	AMBIGUOUS_HOLD	0.0	0.0	0.0	GAP_PRESENT	GAP_PRESENT	MEDIUM	HOLD_AMBIGUOUS	HOLD	AMBIGUOUS_HOLD; coverage=GAP_PRESENT; ownership=UNCLEAR; observed slices=1.	0.42	YES
2186850644	1835042242	на зеркало в машину подвеска	GENERIC_RELEVANT	273.0	0.0	0.0	GAP_PRESENT	GAP_PRESENT	LOW	FAMILY_CANDIDATE	LONG_DESCRIPTION	GENERIC_RELEVANT; coverage=GAP_PRESENT; ownership=STORE_GENERIC; observed slices=1.	0.76	YES
2186850644	1835042242	оберег в автомобиль на зеркало	GENERIC_RELEVANT	1.0	0.0	0.0	GAP_PRESENT	GAP_PRESENT	LOW	FAMILY_CANDIDATE	LONG_DESCRIPTION	GENERIC_RELEVANT; coverage=GAP_PRESENT; ownership=STORE_GENERIC; observed slices=1.	0.76	YES
2186850644	1835042242	оберег в кошелек овен	EXACT_PRODUCT	0.0	0.0	0.0	PARTIAL_GAP	PARTIAL_GAP	HIGH	READY_CANDIDATE	LONG_DESCRIPTION	EXACT_PRODUCT; coverage=PARTIAL_GAP; ownership=FAMILY_SHARED; observed slices=1.	0.96	YES
2186850644	1835042242	оберег в машину	GENERIC_RELEVANT	414.0	0.0	0.0	GAP_PRESENT	GAP_PRESENT	LOW	FAMILY_CANDIDATE	LONG_DESCRIPTION	GENERIC_RELEVANT; coverage=GAP_PRESENT; ownership=STORE_GENERIC; observed slices=1.	0.76	YES
2186850644	1835042242	оберег для автомобиля на зеркало	GENERIC_RELEVANT	2.0	0.0	0.0	GAP_PRESENT	GAP_PRESENT	LOW	FAMILY_CANDIDATE	LONG_DESCRIPTION	GENERIC_RELEVANT; coverage=GAP_PRESENT; ownership=STORE_GENERIC; observed slices=1.	0.76	YES
2186850644	1835042242	оберег зеркальный	GENERIC_RELEVANT	1.0	0.0	0.0	GAP_PRESENT	GAP_PRESENT	LOW	FAMILY_CANDIDATE	LONG_DESCRIPTION	GENERIC_RELEVANT; coverage=GAP_PRESENT; ownership=FAMILY_SHARED; observed slices=1.	0.76	YES
2186850644	1835042242	овен	STRONG_PRODUCT	1191.0	0.0	0.0	NO_GAP	NO_GAP	HIGH	NO_CHANGE	NONE	STRONG_PRODUCT; coverage=NO_GAP; ownership=FAMILY_SHARED; observed slices=1.	0.96	YES
2186850644	1835042242	овен оберег в машину	EXACT_PRODUCT	0.0	0.0	0.0	NO_GAP	NO_GAP	LOW	NO_CHANGE	NONE	EXACT_PRODUCT; coverage=NO_GAP; ownership=SKU_SPECIFIC; observed slices=1.	0.96	NO
2186850644	1835042242	подарок овца	AMBIGUOUS_HOLD	0.0	0.0	0.0	GAP_PRESENT	GAP_PRESENT	MEDIUM	HOLD_AMBIGUOUS	HOLD	AMBIGUOUS_HOLD; coverage=GAP_PRESENT; ownership=UNCLEAR; observed slices=1.	0.42	YES
2186850644	1835042242	подвеска в автомобиль	GENERIC_RELEVANT	346.0	0.0	0.0	GAP_PRESENT	GAP_PRESENT	LOW	FAMILY_CANDIDATE	LONG_DESCRIPTION	GENERIC_RELEVANT; coverage=GAP_PRESENT; ownership=STORE_GENERIC; observed slices=2.	0.76	YES
2186850644	1835042242	подвеска в автомобиль на зеркало	GENERIC_RELEVANT	405.0	0.0	0.0	GAP_PRESENT	GAP_PRESENT	LOW	FAMILY_CANDIDATE	LONG_DESCRIPTION	GENERIC_RELEVANT; coverage=GAP_PRESENT; ownership=STORE_GENERIC; observed slices=1.	0.76	YES
2186850644	1835042242	подвеска в машину	GENERIC_RELEVANT	7308.0	0.0	0.0	GAP_PRESENT	GAP_PRESENT	LOW	FAMILY_CANDIDATE	LONG_DESCRIPTION	GENERIC_RELEVANT; coverage=GAP_PRESENT; ownership=STORE_GENERIC; observed slices=2.	0.76	YES
2186850644	1835042242	подвеска в машину для мужч	GENERIC_RELEVANT	1.0	0.0	0.0	GAP_PRESENT	GAP_PRESENT	LOW	FAMILY_CANDIDATE	LONG_DESCRIPTION	GENERIC_RELEVANT; coverage=GAP_PRESENT; ownership=FAMILY_SHARED; observed slices=1.	0.76	YES
2186850644	1835042242	подвеска в машину на зеркало	GENERIC_RELEVANT	6256.0	0.0	0.0	GAP_PRESENT	GAP_PRESENT	LOW	FAMILY_CANDIDATE	LONG_DESCRIPTION	GENERIC_RELEVANT; coverage=GAP_PRESENT; ownership=STORE_GENERIC; observed slices=1.	0.76	YES
2186850644	1835042242	подвеска в машину на зеркало z	GENERIC_RELEVANT	0.0	0.0	0.0	GAP_PRESENT	GAP_PRESENT	LOW	FAMILY_CANDIDATE	LONG_DESCRIPTION	GENERIC_RELEVANT; coverage=GAP_PRESENT; ownership=FAMILY_SHARED; observed slices=1.	0.76	YES
2186850644	1835042242	подвеска в машину на зеркало а	GENERIC_RELEVANT	0.0	0.0	0.0	GAP_PRESENT	GAP_PRESENT	LOW	FAMILY_CANDIDATE	LONG_DESCRIPTION	GENERIC_RELEVANT; coverage=GAP_PRESENT; ownership=STORE_GENERIC; observed slices=1.	0.76	YES
2186850644	1835042242	подвеска в машину на зеркало в грузовик	GENERIC_RELEVANT	0.0	0.0	0.0	GAP_PRESENT	GAP_PRESENT	LOW	FAMILY_CANDIDATE	LONG_DESCRIPTION	GENERIC_RELEVANT; coverage=GAP_PRESENT; ownership=STORE_GENERIC; observed slices=1.	0.76	YES
2186850644	1835042242	подвеска в машину на зеркало ма ка крик	GENERIC_RELEVANT	0.0	0.0	0.0	GAP_PRESENT	GAP_PRESENT	LOW	FAMILY_CANDIDATE	LONG_DESCRIPTION	GENERIC_RELEVANT; coverage=GAP_PRESENT; ownership=STORE_GENERIC; observed slices=1.	0.76	YES
2186850644	1835042242	подвеска в машину на зеркало мех	GENERIC_RELEVANT	0.0	0.0	0.0	GAP_PRESENT	GAP_PRESENT	LOW	FAMILY_CANDIDATE	LONG_DESCRIPTION	GENERIC_RELEVANT; coverage=GAP_PRESENT; ownership=STORE_GENERIC; observed slices=1.	0.76	YES
2186850644	1835042242	подвеска в машину на зеркало овен	EXACT_PRODUCT	0.0	0.0	0.0	NO_GAP	NO_GAP	HIGH	NO_CHANGE	NONE	EXACT_PRODUCT; coverage=NO_GAP; ownership=FAMILY_SHARED; observed slices=1.	0.96	YES
2186850644	1835042242	подвеска в машину на зеркало приколь	GENERIC_RELEVANT	0.0	0.0	0.0	GAP_PRESENT	GAP_PRESENT	LOW	FAMILY_CANDIDATE	LONG_DESCRIPTION	GENERIC_RELEVANT; coverage=GAP_PRESENT; ownership=FAMILY_SHARED; observed slices=1.	0.76	YES
2186850644	1835042242	подвеска в машину на зеркало штурмовик север z	GENERIC_RELEVANT	1.0	0.0	0.0	GAP_PRESENT	GAP_PRESENT	LOW	FAMILY_CANDIDATE	LONG_DESCRIPTION	GENERIC_RELEVANT; coverage=GAP_PRESENT; ownership=FAMILY_SHARED; observed slices=1.	0.76	YES
2186850644	1835042242	подвеска в машину новогодняя	GENERIC_RELEVANT	1.0	0.0	0.0	GAP_PRESENT	GAP_PRESENT	LOW	FAMILY_CANDIDATE	LONG_DESCRIPTION	GENERIC_RELEVANT; coverage=GAP_PRESENT; ownership=FAMILY_SHARED; observed slices=1.	0.76	YES
2186850644	1835042242	подвеска для овнов	GENERIC_RELEVANT	1.0	0.0	0.0	GAP_PRESENT	GAP_PRESENT	LOW	FAMILY_CANDIDATE	LONG_DESCRIPTION	GENERIC_RELEVANT; coverage=GAP_PRESENT; ownership=FAMILY_SHARED; observed slices=1.	0.72	YES
2186850644	1835042242	подвеска коз	GENERIC_RELEVANT	0.0	0.0	0.0	GAP_PRESENT	GAP_PRESENT	LOW	FAMILY_CANDIDATE	LONG_DESCRIPTION	GENERIC_RELEVANT; coverage=GAP_PRESENT; ownership=FAMILY_SHARED; observed slices=1.	0.72	YES
2186850644	1835042242	подвеска машины	GENERIC_RELEVANT	1.0	0.0	0.0	GAP_PRESENT	GAP_PRESENT	LOW	FAMILY_CANDIDATE	LONG_DESCRIPTION	GENERIC_RELEVANT; coverage=GAP_PRESENT; ownership=FAMILY_SHARED; observed slices=1.	0.76	YES
2186850644	1835042242	подвеска на зеркало	GENERIC_RELEVANT	106.0	0.0	0.0	GAP_PRESENT	GAP_PRESENT	LOW	FAMILY_CANDIDATE	LONG_DESCRIPTION	GENERIC_RELEVANT; coverage=GAP_PRESENT; ownership=STORE_GENERIC; observed slices=1.	0.76	YES
2186850644	1835042242	подвеска на зеркало автомобиля	GENERIC_RELEVANT	1.0	0.0	0.0	GAP_PRESENT	GAP_PRESENT	LOW	FAMILY_CANDIDATE	LONG_DESCRIPTION	GENERIC_RELEVANT; coverage=GAP_PRESENT; ownership=FAMILY_SHARED; observed slices=1.	0.76	YES
2186850644	1835042242	подвеска на зеркало в машину	GENERIC_RELEVANT	1157.0	0.0	0.0	GAP_PRESENT	GAP_PRESENT	LOW	FAMILY_CANDIDATE	LONG_DESCRIPTION	GENERIC_RELEVANT; coverage=GAP_PRESENT; ownership=STORE_GENERIC; observed slices=1.	0.76	YES
2186850644	1835042242	подвеска на машину	GENERIC_RELEVANT	97.0	0.0	0.0	GAP_PRESENT	GAP_PRESENT	LOW	FAMILY_CANDIDATE	LONG_DESCRIPTION	GENERIC_RELEVANT; coverage=GAP_PRESENT; ownership=STORE_GENERIC; observed slices=1.	0.76	YES
2186850644	1835042242	подвеска оберег овен	EXACT_PRODUCT	0.0	0.0	0.0	NO_GAP	NO_GAP	LOW	NO_CHANGE	NONE	EXACT_PRODUCT; coverage=NO_GAP; ownership=SKU_SPECIFIC; observed slices=1.	0.96	NO
2186850644	1835042242	подвеска овен	EXACT_PRODUCT	142.0	0.0	0.0	NO_GAP	NO_GAP	HIGH	NO_CHANGE	NONE	EXACT_PRODUCT; coverage=NO_GAP; ownership=FAMILY_SHARED; observed slices=1.	0.96	YES
2186850644	1835042242	подвеска четки на зеркало в машину	GENERIC_RELEVANT	1.0	0.0	0.0	GAP_PRESENT	GAP_PRESENT	LOW	FAMILY_CANDIDATE	LONG_DESCRIPTION	GENERIC_RELEVANT; coverage=GAP_PRESENT; ownership=FAMILY_SHARED; observed slices=1.	0.76	YES
2186850644	1835042242	подвески знаки зодиака	FAMILY_RELEVANT	2.0	0.0	0.0	GAP_PRESENT	GAP_PRESENT	LOW	FAMILY_CANDIDATE	LONG_DESCRIPTION	FAMILY_RELEVANT; coverage=GAP_PRESENT; ownership=FAMILY_SHARED; observed slices=1.	0.86	YES
2186850644	1835042242	подвестка в машину	GENERIC_RELEVANT	7.0	0.0	0.0	GAP_PRESENT	GAP_PRESENT	LOW	FAMILY_CANDIDATE	LONG_DESCRIPTION	GENERIC_RELEVANT; coverage=GAP_PRESENT; ownership=FAMILY_SHARED; observed slices=1.	0.76	YES
2186850644	1835042242	руна подвеска	GENERIC_RELEVANT	2.0	0.0	0.0	GAP_PRESENT	GAP_PRESENT	LOW	FAMILY_CANDIDATE	LONG_DESCRIPTION	GENERIC_RELEVANT; coverage=GAP_PRESENT; ownership=FAMILY_SHARED; observed slices=1.	0.72	YES
2186850644	1835042242	с зеркалом оберег	GENERIC_RELEVANT	1.0	0.0	0.0	GAP_PRESENT	GAP_PRESENT	LOW	FAMILY_CANDIDATE	LONG_DESCRIPTION	GENERIC_RELEVANT; coverage=GAP_PRESENT; ownership=FAMILY_SHARED; observed slices=1.	0.76	YES
2186850644	1835042242	талисман	GENERIC_RELEVANT	208.0	0.0	0.0	GAP_PRESENT	GAP_PRESENT	LOW	FAMILY_CANDIDATE	LONG_DESCRIPTION	GENERIC_RELEVANT; coverage=GAP_PRESENT; ownership=STORE_GENERIC; observed slices=1.	0.72	YES
2186850644	1835042242	талисман овен в машину мужской	EXACT_PRODUCT	1.0	0.0	0.0	NO_GAP	NO_GAP	LOW	NO_CHANGE	NONE	EXACT_PRODUCT; coverage=NO_GAP; ownership=SKU_SPECIFIC; observed slices=1.	0.96	NO
2186850644	1835042242	талисман овен мужской в машину	EXACT_PRODUCT	1.0	0.0	0.0	NO_GAP	NO_GAP	LOW	NO_CHANGE	NONE	EXACT_PRODUCT; coverage=NO_GAP; ownership=SKU_SPECIFIC; observed slices=1.	0.96	NO
2186850644	1835042242	украшение автомобиля на зеркало	GENERIC_RELEVANT	1.0	0.0	0.0	GAP_PRESENT	GAP_PRESENT	LOW	FAMILY_CANDIDATE	LONG_DESCRIPTION	GENERIC_RELEVANT; coverage=GAP_PRESENT; ownership=STORE_GENERIC; observed slices=1.	0.76	YES
2186850644	1835042242	четки в машину	GENERIC_RELEVANT	461.0	0.0	0.0	GAP_PRESENT	GAP_PRESENT	LOW	FAMILY_CANDIDATE	LONG_DESCRIPTION	GENERIC_RELEVANT; coverage=GAP_PRESENT; ownership=STORE_GENERIC; observed slices=1.	0.76	YES
2186850644	1835042242	четки для овна	GENERIC_RELEVANT	1.0	0.0	0.0	GAP_PRESENT	GAP_PRESENT	LOW	FAMILY_CANDIDATE	LONG_DESCRIPTION	GENERIC_RELEVANT; coverage=GAP_PRESENT; ownership=FAMILY_SHARED; observed slices=1.	0.72	YES
2186852750	1835045239	автомобильные подвески/декоративные элементы для автомобилей	GENERIC_RELEVANT	1.0	0.0	0.0	GAP_PRESENT	GAP_PRESENT	LOW	FAMILY_CANDIDATE	LONG_DESCRIPTION	GENERIC_RELEVANT; coverage=GAP_PRESENT; ownership=FAMILY_SHARED; observed slices=1.	0.76	YES
2186852750	1835045239	брелок в машину на зеркало пушистики	GENERIC_RELEVANT	0.0	0.0	0.0	GAP_PRESENT	GAP_PRESENT	LOW	FAMILY_CANDIDATE	LONG_DESCRIPTION	GENERIC_RELEVANT; coverage=GAP_PRESENT; ownership=STORE_GENERIC; observed slices=1.	0.76	YES
2186852750	1835045239	брелок коза	AMBIGUOUS_HOLD	192.0	0.0	0.0	GAP_PRESENT	GAP_PRESENT	MEDIUM	HOLD_AMBIGUOUS	HOLD	AMBIGUOUS_HOLD; coverage=GAP_PRESENT; ownership=UNCLEAR; observed slices=1.	0.42	YES
2186852750	1835045239	брелок коза в автомобиль на зеркало	GENERIC_RELEVANT	0.0	0.0	0.0	GAP_PRESENT	GAP_PRESENT	LOW	FAMILY_CANDIDATE	LONG_DESCRIPTION	GENERIC_RELEVANT; coverage=GAP_PRESENT; ownership=FAMILY_SHARED; observed slices=1.	0.76	YES
2186852750	1835045239	брелок козе	AMBIGUOUS_HOLD	0.0	0.0	0.0	GAP_PRESENT	GAP_PRESENT	MEDIUM	HOLD_AMBIGUOUS	HOLD	AMBIGUOUS_HOLD; coverage=GAP_PRESENT; ownership=UNCLEAR; observed slices=1.	0.42	YES
2186852750	1835045239	брелок талисман козерог	EXACT_PRODUCT	1.0	0.0	0.0	PARTIAL_GAP	PARTIAL_GAP	LOW	READY_CANDIDATE	LONG_DESCRIPTION	EXACT_PRODUCT; coverage=PARTIAL_GAP; ownership=SKU_SPECIFIC; observed slices=1.	0.96	YES
2186852750	1835045239	бусы подвеска в машину	GENERIC_RELEVANT	1.0	0.0	0.0	GAP_PRESENT	GAP_PRESENT	LOW	FAMILY_CANDIDATE	LONG_DESCRIPTION	GENERIC_RELEVANT; coverage=GAP_PRESENT; ownership=FAMILY_SHARED; observed slices=1.	0.76	YES
2186852750	1835045239	в машину авулет	GENERIC_RELEVANT	0.0	0.0	0.0	GAP_PRESENT	GAP_PRESENT	LOW	FAMILY_CANDIDATE	LONG_DESCRIPTION	GENERIC_RELEVANT; coverage=GAP_PRESENT; ownership=STORE_GENERIC; observed slices=1.	0.76	YES
2186852750	1835045239	в машину аксессуары на зеркало подвеска	GENERIC_RELEVANT	1.0	0.0	0.0	GAP_PRESENT	GAP_PRESENT	LOW	FAMILY_CANDIDATE	LONG_DESCRIPTION	GENERIC_RELEVANT; coverage=GAP_PRESENT; ownership=STORE_GENERIC; observed slices=1.	0.76	YES
2186852750	1835045239	в машину подвеска	GENERIC_RELEVANT	17.0	0.0	0.0	GAP_PRESENT	GAP_PRESENT	LOW	FAMILY_CANDIDATE	LONG_DESCRIPTION	GENERIC_RELEVANT; coverage=GAP_PRESENT; ownership=STORE_GENERIC; observed slices=1.	0.76	YES
2186852750	1835045239	декоративный элемент козерог	STRONG_PRODUCT	2.0	0.0	0.0	PARTIAL_GAP	PARTIAL_GAP	LOW	READY_CANDIDATE	LONG_DESCRIPTION	STRONG_PRODUCT; coverage=PARTIAL_GAP; ownership=SKU_SPECIFIC; observed slices=1.	0.96	YES
2186852750	1835045239	для машин оберег	GENERIC_RELEVANT	1.0	0.0	0.0	GAP_PRESENT	GAP_PRESENT	LOW	FAMILY_CANDIDATE	LONG_DESCRIPTION	GENERIC_RELEVANT; coverage=GAP_PRESENT; ownership=FAMILY_SHARED; observed slices=1.	0.76	YES
2186852750	1835045239	зеркало талисман для ворот кованое	GENERIC_RELEVANT	1.0	0.0	0.0	GAP_PRESENT	GAP_PRESENT	LOW	FAMILY_CANDIDATE	LONG_DESCRIPTION	GENERIC_RELEVANT; coverage=GAP_PRESENT; ownership=FAMILY_SHARED; observed slices=1.	0.76	YES
2186852750	1835045239	зназодиака козерог	EXACT_PRODUCT	0.0	0.0	0.0	PARTIAL_GAP	PARTIAL_GAP	HIGH	READY_CANDIDATE	LONG_DESCRIPTION	EXACT_PRODUCT; coverage=PARTIAL_GAP; ownership=FAMILY_SHARED; observed slices=1.	0.96	YES
2186852750	1835045239	картины со знаком зодиака козерог	EXACT_PRODUCT	0.0	0.0	0.0	PARTIAL_GAP	PARTIAL_GAP	HIGH	READY_CANDIDATE	LONG_DESCRIPTION	EXACT_PRODUCT; coverage=PARTIAL_GAP; ownership=FAMILY_SHARED; observed slices=1.	0.96	YES
2186852750	1835045239	коз брелок	AMBIGUOUS_HOLD	0.0	0.0	0.0	GAP_PRESENT	GAP_PRESENT	MEDIUM	HOLD_AMBIGUOUS	HOLD	AMBIGUOUS_HOLD; coverage=GAP_PRESENT; ownership=UNCLEAR; observed slices=1.	0.42	YES
2186852750	1835045239	коза полвеска	AMBIGUOUS_HOLD	0.0	0.0	0.0	GAP_PRESENT	GAP_PRESENT	MEDIUM	HOLD_AMBIGUOUS	HOLD	AMBIGUOUS_HOLD; coverage=GAP_PRESENT; ownership=UNCLEAR; observed slices=1.	0.42	YES
2186852750	1835045239	козаки	AMBIGUOUS_HOLD	74.0	0.0	0.0	GAP_PRESENT	GAP_PRESENT	MEDIUM	HOLD_AMBIGUOUS	HOLD	AMBIGUOUS_HOLD; coverage=GAP_PRESENT; ownership=UNCLEAR; observed slices=1.	0.42	YES
2186852750	1835045239	козерог	STRONG_PRODUCT	774.0	0.0	0.0	NO_GAP	NO_GAP	HIGH	NO_CHANGE	NONE	STRONG_PRODUCT; coverage=NO_GAP; ownership=FAMILY_SHARED; observed slices=2.	0.96	YES
2186852750	1835045239	козерог на автомобиль	EXACT_PRODUCT	1.0	0.0	0.0	NO_GAP	NO_GAP	HIGH	NO_CHANGE	NONE	EXACT_PRODUCT; coverage=NO_GAP; ownership=FAMILY_SHARED; observed slices=1.	0.96	YES
2186852750	1835045239	козерог на боковые зеркало	EXACT_PRODUCT	1.0	0.0	0.0	PARTIAL_GAP	PARTIAL_GAP	LOW	READY_CANDIDATE	LONG_DESCRIPTION	EXACT_PRODUCT; coverage=PARTIAL_GAP; ownership=SKU_SPECIFIC; observed slices=1.	0.96	YES
2186852750	1835045239	козерог на зеркало фх	EXACT_PRODUCT	0.0	0.0	0.0	PARTIAL_GAP	PARTIAL_GAP	HIGH	READY_CANDIDATE	LONG_DESCRIPTION	EXACT_PRODUCT; coverage=PARTIAL_GAP; ownership=FAMILY_SHARED; observed slices=1.	0.96	YES
2186852750	1835045239	козерог подарок	STRONG_PRODUCT	1.0	0.0	0.0	NO_GAP	NO_GAP	HIGH	NO_CHANGE	NONE	STRONG_PRODUCT; coverage=NO_GAP; ownership=FAMILY_SHARED; observed slices=1.	0.96	YES
2186852750	1835045239	козерог подвеска	EXACT_PRODUCT	57.0	0.0	0.0	NO_GAP	NO_GAP	HIGH	NO_CHANGE	NONE	EXACT_PRODUCT; coverage=NO_GAP; ownership=FAMILY_SHARED; observed slices=1.	0.96	YES
2186852750	1835045239	козерог подвеска мериада	EXACT_PRODUCT	0.0	0.0	0.0	PARTIAL_GAP	PARTIAL_GAP	HIGH	READY_CANDIDATE	LONG_DESCRIPTION	EXACT_PRODUCT; coverage=PARTIAL_GAP; ownership=FAMILY_SHARED; observed slices=1.	0.96	YES
2186852750	1835045239	кулон зеркало оберег	GENERIC_RELEVANT	57.0	0.0	0.0	GAP_PRESENT	GAP_PRESENT	LOW	FAMILY_CANDIDATE	LONG_DESCRIPTION	GENERIC_RELEVANT; coverage=GAP_PRESENT; ownership=STORE_GENERIC; observed slices=1.	0.76	YES
2186852750	1835045239	магическое зеркало	GENERIC_RELEVANT	38.0	0.0	0.0	GAP_PRESENT	GAP_PRESENT	LOW	FAMILY_CANDIDATE	LONG_DESCRIPTION	GENERIC_RELEVANT; coverage=GAP_PRESENT; ownership=STORE_GENERIC; observed slices=1.	0.76	YES
2186852750	1835045239	на зеркало автомобиля подвеска красная	GENERIC_RELEVANT	0.0	0.0	0.0	GAP_PRESENT	GAP_PRESENT	LOW	FAMILY_CANDIDATE	LONG_DESCRIPTION	GENERIC_RELEVANT; coverage=GAP_PRESENT; ownership=STORE_GENERIC; observed slices=1.	0.76	YES
2186852750	1835045239	оберег в машину	GENERIC_RELEVANT	231.0	0.0	0.0	GAP_PRESENT	GAP_PRESENT	LOW	FAMILY_CANDIDATE	LONG_DESCRIPTION	GENERIC_RELEVANT; coverage=GAP_PRESENT; ownership=STORE_GENERIC; observed slices=1.	0.76	YES
2186852750	1835045239	оберег в машину ч кпп туз	GENERIC_RELEVANT	1.0	0.0	0.0	GAP_PRESENT	GAP_PRESENT	LOW	FAMILY_CANDIDATE	LONG_DESCRIPTION	GENERIC_RELEVANT; coverage=GAP_PRESENT; ownership=FAMILY_SHARED; observed slices=1.	0.76	YES
2186852750	1835045239	оберег на зеркало автомобиля	GENERIC_RELEVANT	1.0	0.0	0.0	GAP_PRESENT	GAP_PRESENT	LOW	FAMILY_CANDIDATE	LONG_DESCRIPTION	GENERIC_RELEVANT; coverage=GAP_PRESENT; ownership=STORE_GENERIC; observed slices=1.	0.76	YES
2186852750	1835045239	оберег на руку мужской козерог	EXACT_PRODUCT	1.0	0.0	0.0	PARTIAL_GAP	PARTIAL_GAP	LOW	READY_CANDIDATE	LONG_DESCRIPTION	EXACT_PRODUCT; coverage=PARTIAL_GAP; ownership=SKU_SPECIFIC; observed slices=1.	0.96	YES
2186852750	1835045239	оникс козерог	STRONG_PRODUCT	1.0	0.0	0.0	PARTIAL_GAP	PARTIAL_GAP	LOW	READY_CANDIDATE	LONG_DESCRIPTION	STRONG_PRODUCT; coverage=PARTIAL_GAP; ownership=SKU_SPECIFIC; observed slices=1.	0.96	YES
2186852750	1835045239	подвеска в автомобиль	GENERIC_RELEVANT	111.0	0.0	0.0	GAP_PRESENT	GAP_PRESENT	LOW	FAMILY_CANDIDATE	LONG_DESCRIPTION	GENERIC_RELEVANT; coverage=GAP_PRESENT; ownership=STORE_GENERIC; observed slices=1.	0.76	YES
2186852750	1835045239	подвеска в машину	GENERIC_RELEVANT	2937.0	0.0	0.0	GAP_PRESENT	GAP_PRESENT	LOW	FAMILY_CANDIDATE	LONG_DESCRIPTION	GENERIC_RELEVANT; coverage=GAP_PRESENT; ownership=STORE_GENERIC; observed slices=2.	0.76	YES
2186852750	1835045239	подвеска в машину бутцы арсенал	GENERIC_RELEVANT	1.0	0.0	0.0	GAP_PRESENT	GAP_PRESENT	LOW	FAMILY_CANDIDATE	LONG_DESCRIPTION	GENERIC_RELEVANT; coverage=GAP_PRESENT; ownership=FAMILY_SHARED; observed slices=1.	0.76	YES
2186852750	1835045239	подвеска в машину на зеркало спецназ внутренних войск	GENERIC_RELEVANT	0.0	0.0	0.0	GAP_PRESENT	GAP_PRESENT	LOW	FAMILY_CANDIDATE	LONG_DESCRIPTION	GENERIC_RELEVANT; coverage=GAP_PRESENT; ownership=STORE_GENERIC; observed slices=1.	0.76	YES
2186852750	1835045239	подвеска в машину на зеркало юрта	GENERIC_RELEVANT	0.0	0.0	0.0	GAP_PRESENT	GAP_PRESENT	LOW	FAMILY_CANDIDATE	LONG_DESCRIPTION	GENERIC_RELEVANT; coverage=GAP_PRESENT; ownership=STORE_GENERIC; observed slices=1.	0.76	YES
2186852750	1835045239	подвеска в машину подарок	GENERIC_RELEVANT	1.0	0.0	0.0	GAP_PRESENT	GAP_PRESENT	LOW	FAMILY_CANDIDATE	LONG_DESCRIPTION	GENERIC_RELEVANT; coverage=GAP_PRESENT; ownership=FAMILY_SHARED; observed slices=1.	0.76	YES
2186852750	1835045239	подвеска в машину фигурка дедпул	GENERIC_RELEVANT	1.0	0.0	0.0	GAP_PRESENT	GAP_PRESENT	LOW	FAMILY_CANDIDATE	LONG_DESCRIPTION	GENERIC_RELEVANT; coverage=GAP_PRESENT; ownership=FAMILY_SHARED; observed slices=1.	0.76	YES
2186852750	1835045239	подвеска зеркало из натурального	GENERIC_RELEVANT	1.0	0.0	0.0	GAP_PRESENT	GAP_PRESENT	LOW	FAMILY_CANDIDATE	LONG_DESCRIPTION	GENERIC_RELEVANT; coverage=GAP_PRESENT; ownership=FAMILY_SHARED; observed slices=1.	0.76	YES
2186852750	1835045239	подвеска зеркало магического	GENERIC_RELEVANT	1.0	0.0	0.0	GAP_PRESENT	GAP_PRESENT	LOW	FAMILY_CANDIDATE	LONG_DESCRIPTION	GENERIC_RELEVANT; coverage=GAP_PRESENT; ownership=FAMILY_SHARED; observed slices=1.	0.76	YES
2186852750	1835045239	подвеска коз	GENERIC_RELEVANT	0.0	0.0	0.0	GAP_PRESENT	GAP_PRESENT	LOW	FAMILY_CANDIDATE	LONG_DESCRIPTION	GENERIC_RELEVANT; coverage=GAP_PRESENT; ownership=FAMILY_SHARED; observed slices=1.	0.72	YES
2186852750	1835045239	подвеска козерог	EXACT_PRODUCT	116.0	0.0	0.0	NO_GAP	NO_GAP	HIGH	NO_CHANGE	NONE	EXACT_PRODUCT; coverage=NO_GAP; ownership=FAMILY_SHARED; observed slices=1.	0.96	YES
2186852750	1835045239	подвеска козерог карабин	EXACT_PRODUCT	0.0	0.0	0.0	PARTIAL_GAP	PARTIAL_GAP	LOW	READY_CANDIDATE	LONG_DESCRIPTION	EXACT_PRODUCT; coverage=PARTIAL_GAP; ownership=SKU_SPECIFIC; observed slices=1.	0.96	YES
2186852750	1835045239	подвеска на зеркало автомобиля акула	GENERIC_RELEVANT	0.0	0.0	0.0	GAP_PRESENT	GAP_PRESENT	LOW	FAMILY_CANDIDATE	LONG_DESCRIPTION	GENERIC_RELEVANT; coverage=GAP_PRESENT; ownership=STORE_GENERIC; observed slices=1.	0.76	YES
2186852750	1835045239	подвеска на зеркало в машину	GENERIC_RELEVANT	1261.0	0.0	0.0	GAP_PRESENT	GAP_PRESENT	LOW	FAMILY_CANDIDATE	LONG_DESCRIPTION	GENERIC_RELEVANT; coverage=GAP_PRESENT; ownership=STORE_GENERIC; observed slices=1.	0.76	YES
2186852750	1835045239	подвеска на зеркало заднего вида в машину маска бдсм	GENERIC_RELEVANT	1.0	0.0	0.0	GAP_PRESENT	GAP_PRESENT	LOW	FAMILY_CANDIDATE	LONG_DESCRIPTION	GENERIC_RELEVANT; coverage=GAP_PRESENT; ownership=STORE_GENERIC; observed slices=1.	0.76	YES
2186852750	1835045239	серьги с козерогом	PARTIAL_RELEVANCE	1.0	0.0	0.0	PARTIAL_GAP	PARTIAL_GAP	MEDIUM	HOLD_AMBIGUOUS	HOLD	PARTIAL_RELEVANCE; coverage=PARTIAL_GAP; ownership=UNCLEAR; observed slices=1.	0.60	YES
2186852750	1835045239	сувенир коза	AMBIGUOUS_HOLD	44.0	0.0	0.0	GAP_PRESENT	GAP_PRESENT	MEDIUM	HOLD_AMBIGUOUS	HOLD	AMBIGUOUS_HOLD; coverage=GAP_PRESENT; ownership=UNCLEAR; observed slices=1.	0.42	YES
2186852750	1835045239	сувенирная хоккейная майка на зеркало в машину	GENERIC_RELEVANT	1.0	0.0	0.0	GAP_PRESENT	GAP_PRESENT	LOW	FAMILY_CANDIDATE	LONG_DESCRIPTION	GENERIC_RELEVANT; coverage=GAP_PRESENT; ownership=FAMILY_SHARED; observed slices=1.	0.76	YES
2186852750	1835045239	талисман	GENERIC_RELEVANT	98.0	0.0	0.0	GAP_PRESENT	GAP_PRESENT	LOW	FAMILY_CANDIDATE	LONG_DESCRIPTION	GENERIC_RELEVANT; coverage=GAP_PRESENT; ownership=STORE_GENERIC; observed slices=1.	0.72	YES
2186852750	1835045239	тарелка козерог	STRONG_PRODUCT	1.0	0.0	0.0	PARTIAL_GAP	PARTIAL_GAP	LOW	READY_CANDIDATE	LONG_DESCRIPTION	STRONG_PRODUCT; coverage=PARTIAL_GAP; ownership=SKU_SPECIFIC; observed slices=1.	0.96	YES
2186852750	1835045239	украшения обереги	GENERIC_RELEVANT	1.0	0.0	0.0	GAP_PRESENT	GAP_PRESENT	LOW	FAMILY_CANDIDATE	LONG_DESCRIPTION	GENERIC_RELEVANT; coverage=GAP_PRESENT; ownership=FAMILY_SHARED; observed slices=1.	0.72	YES
2186852750	1835045239	четки амулет в машину на удачу	GENERIC_RELEVANT	1.0	0.0	0.0	GAP_PRESENT	GAP_PRESENT	LOW	FAMILY_CANDIDATE	LONG_DESCRIPTION	GENERIC_RELEVANT; coverage=GAP_PRESENT; ownership=FAMILY_SHARED; observed slices=1.	0.76	YES
2186852750	1835045239	четки в автомобиль	GENERIC_RELEVANT	178.0	0.0	0.0	GAP_PRESENT	GAP_PRESENT	LOW	FAMILY_CANDIDATE	LONG_DESCRIPTION	GENERIC_RELEVANT; coverage=GAP_PRESENT; ownership=STORE_GENERIC; observed slices=1.	0.76	YES
2186852750	1835045239	четки в машину	GENERIC_RELEVANT	137.0	0.0	0.0	GAP_PRESENT	GAP_PRESENT	LOW	FAMILY_CANDIDATE	LONG_DESCRIPTION	GENERIC_RELEVANT; coverage=GAP_PRESENT; ownership=STORE_GENERIC; observed slices=1.	0.76	YES
2186852750	1835045239	четки на шею	GENERIC_RELEVANT	13.0	0.0	0.0	GAP_PRESENT	GAP_PRESENT	LOW	FAMILY_CANDIDATE	LONG_DESCRIPTION	GENERIC_RELEVANT; coverage=GAP_PRESENT; ownership=FAMILY_SHARED; observed slices=1.	0.72	YES
2186856503	1835048645	bimbo twins	AMBIGUOUS_HOLD	4.0	0.0	0.0	GAP_PRESENT	GAP_PRESENT	MEDIUM	HOLD_AMBIGUOUS	HOLD	AMBIGUOUS_HOLD; coverage=GAP_PRESENT; ownership=UNCLEAR; observed slices=1.	0.42	YES
2186856503	1835048645	автомобильные принадлежности э	GENERIC_RELEVANT	1.0	0.0	0.0	GAP_PRESENT	GAP_PRESENT	LOW	FAMILY_CANDIDATE	LONG_DESCRIPTION	GENERIC_RELEVANT; coverage=GAP_PRESENT; ownership=FAMILY_SHARED; observed slices=1.	0.76	YES
2186856503	1835048645	аксессуар для автомобиля на зеркало подвеска	GENERIC_RELEVANT	1.0	0.0	0.0	GAP_PRESENT	GAP_PRESENT	LOW	FAMILY_CANDIDATE	LONG_DESCRIPTION	GENERIC_RELEVANT; coverage=GAP_PRESENT; ownership=FAMILY_SHARED; observed slices=1.	0.76	YES
2186856503	1835048645	аксессуары в машину подвеска на зеркало скорпион	NEIGHBOR_PRODUCT	1.0	0.0	0.0	NOT_APPLICABLE	NOT_APPLICABLE	LOW	REJECT_NEIGHBOR	NONE	NEIGHBOR_PRODUCT; coverage=NOT_APPLICABLE; ownership=EXCLUDED; observed slices=1.	0.98	NO
2186856503	1835048645	близнецы	STRONG_PRODUCT	426.0	0.0	0.0	NO_GAP	NO_GAP	HIGH	NO_CHANGE	NONE	STRONG_PRODUCT; coverage=NO_GAP; ownership=FAMILY_SHARED; observed slices=1.	0.96	YES
2186856503	1835048645	близнецы бусина	STRONG_PRODUCT	1.0	0.0	0.0	PARTIAL_GAP	PARTIAL_GAP	LOW	READY_CANDIDATE	LONG_DESCRIPTION	STRONG_PRODUCT; coverage=PARTIAL_GAP; ownership=SKU_SPECIFIC; observed slices=1.	0.96	YES
2186856503	1835048645	близнецы оберег на машину на стекло из метала	EXACT_PRODUCT	1.0	0.0	0.0	PARTIAL_GAP	PARTIAL_GAP	LOW	READY_CANDIDATE	LONG_DESCRIPTION	EXACT_PRODUCT; coverage=PARTIAL_GAP; ownership=SKU_SPECIFIC; observed slices=1.	0.96	YES
2186856503	1835048645	близнецы одежда	STRONG_PRODUCT	1.0	0.0	0.0	PARTIAL_GAP	PARTIAL_GAP	LOW	READY_CANDIDATE	LONG_DESCRIPTION	STRONG_PRODUCT; coverage=PARTIAL_GAP; ownership=SKU_SPECIFIC; observed slices=1.	0.96	YES
2186856503	1835048645	близнецы подарок в машину	EXACT_PRODUCT	0.0	0.0	0.0	NO_GAP	NO_GAP	HIGH	NO_CHANGE	NONE	EXACT_PRODUCT; coverage=NO_GAP; ownership=FAMILY_SHARED; observed slices=1.	0.96	YES
2186856503	1835048645	браслет мужской для близнеца	PARTIAL_RELEVANCE	0.0	0.0	0.0	PARTIAL_GAP	PARTIAL_GAP	MEDIUM	HOLD_AMBIGUOUS	HOLD	PARTIAL_RELEVANCE; coverage=PARTIAL_GAP; ownership=UNCLEAR; observed slices=1.	0.60	YES
2186856503	1835048645	брелок в машину на зеркало	GENERIC_RELEVANT	147.0	0.0	0.0	GAP_PRESENT	GAP_PRESENT	LOW	FAMILY_CANDIDATE	LONG_DESCRIPTION	GENERIC_RELEVANT; coverage=GAP_PRESENT; ownership=STORE_GENERIC; observed slices=1.	0.76	YES
2186856503	1835048645	в машину амулет	GENERIC_RELEVANT	0.0	0.0	0.0	GAP_PRESENT	GAP_PRESENT	LOW	FAMILY_CANDIDATE	LONG_DESCRIPTION	GENERIC_RELEVANT; coverage=GAP_PRESENT; ownership=STORE_GENERIC; observed slices=1.	0.76	YES
2186856503	1835048645	в машину подвеска э	GENERIC_RELEVANT	0.0	0.0	0.0	GAP_PRESENT	GAP_PRESENT	LOW	FAMILY_CANDIDATE	LONG_DESCRIPTION	GENERIC_RELEVANT; coverage=GAP_PRESENT; ownership=FAMILY_SHARED; observed slices=1.	0.76	YES
2186856503	1835048645	висюлька в машину на зеркало мусульманская	GENERIC_RELEVANT	1.0	0.0	0.0	GAP_PRESENT	GAP_PRESENT	LOW	FAMILY_CANDIDATE	LONG_DESCRIPTION	GENERIC_RELEVANT; coverage=GAP_PRESENT; ownership=FAMILY_SHARED; observed slices=1.	0.76	YES
2186856503	1835048645	дева знак зодиака	NEIGHBOR_PRODUCT	147.0	0.0	0.0	NOT_APPLICABLE	NOT_APPLICABLE	HIGH	REJECT_NEIGHBOR	NONE	NEIGHBOR_PRODUCT; coverage=NOT_APPLICABLE; ownership=FAMILY_SHARED; observed slices=1.	0.98	YES
2186856503	1835048645	деревянные украшения на ст	GENERIC_RELEVANT	0.0	0.0	0.0	GAP_PRESENT	GAP_PRESENT	LOW	FAMILY_CANDIDATE	LONG_DESCRIPTION	GENERIC_RELEVANT; coverage=GAP_PRESENT; ownership=FAMILY_SHARED; observed slices=1.	0.72	YES
2186856503	1835048645	для машины подвеска	GENERIC_RELEVANT	5.0	0.0	0.0	GAP_PRESENT	GAP_PRESENT	LOW	FAMILY_CANDIDATE	LONG_DESCRIPTION	GENERIC_RELEVANT; coverage=GAP_PRESENT; ownership=FAMILY_SHARED; observed slices=1.	0.76	YES
2186856503	1835048645	знак зодиака дева	NEIGHBOR_PRODUCT	214.0	0.0	0.0	NOT_APPLICABLE	NOT_APPLICABLE	HIGH	REJECT_NEIGHBOR	NONE	NEIGHBOR_PRODUCT; coverage=NOT_APPLICABLE; ownership=FAMILY_SHARED; observed slices=1.	0.98	YES
2186856503	1835048645	крест в машину освященный православный на зеркало	NEIGHBOR_PRODUCT	1.0	0.0	0.0	NOT_APPLICABLE	NOT_APPLICABLE	LOW	REJECT_NEIGHBOR	NONE	NEIGHBOR_PRODUCT; coverage=NOT_APPLICABLE; ownership=EXCLUDED; observed slices=1.	0.96	NO
2186856503	1835048645	кулон близнец	PARTIAL_RELEVANCE	0.0	0.0	0.0	PARTIAL_GAP	PARTIAL_GAP	MEDIUM	HOLD_AMBIGUOUS	HOLD	PARTIAL_RELEVANCE; coverage=PARTIAL_GAP; ownership=UNCLEAR; observed slices=1.	0.60	YES
2186856503	1835048645	кулон дева в машину	NEIGHBOR_PRODUCT	0.0	0.0	0.0	NOT_APPLICABLE	NOT_APPLICABLE	HIGH	REJECT_NEIGHBOR	NONE	NEIGHBOR_PRODUCT; coverage=NOT_APPLICABLE; ownership=FAMILY_SHARED; observed slices=1.	0.98	YES
2186856503	1835048645	кулоны близницы	AMBIGUOUS_HOLD	1.0	0.0	0.0	GAP_PRESENT	GAP_PRESENT	MEDIUM	HOLD_AMBIGUOUS	HOLD	AMBIGUOUS_HOLD; coverage=GAP_PRESENT; ownership=UNCLEAR; observed slices=1.	0.42	YES
2186856503	1835048645	на зеркало автомобиля подвеска красная	GENERIC_RELEVANT	0.0	0.0	0.0	GAP_PRESENT	GAP_PRESENT	LOW	FAMILY_CANDIDATE	LONG_DESCRIPTION	GENERIC_RELEVANT; coverage=GAP_PRESENT; ownership=STORE_GENERIC; observed slices=1.	0.76	YES
2186856503	1835048645	на зеркало в машину подвеска	GENERIC_RELEVANT	308.0	0.0	0.0	GAP_PRESENT	GAP_PRESENT	LOW	FAMILY_CANDIDATE	LONG_DESCRIPTION	GENERIC_RELEVANT; coverage=GAP_PRESENT; ownership=STORE_GENERIC; observed slices=1.	0.76	YES
2186856503	1835048645	на зеркало в машину подвеска женская сердечко сере	GENERIC_RELEVANT	1.0	0.0	0.0	GAP_PRESENT	GAP_PRESENT	LOW	FAMILY_CANDIDATE	LONG_DESCRIPTION	GENERIC_RELEVANT; coverage=GAP_PRESENT; ownership=FAMILY_SHARED; observed slices=1.	0.76	YES
2186856503	1835048645	на машину подвеска женская	GENERIC_RELEVANT	0.0	0.0	0.0	GAP_PRESENT	GAP_PRESENT	LOW	FAMILY_CANDIDATE	LONG_DESCRIPTION	GENERIC_RELEVANT; coverage=GAP_PRESENT; ownership=FAMILY_SHARED; observed slices=2.	0.76	YES
2186856503	1835048645	набор для близнеца	PARTIAL_RELEVANCE	0.0	0.0	0.0	NO_GAP	NO_GAP	MEDIUM	HOLD_AMBIGUOUS	HOLD	PARTIAL_RELEVANCE; coverage=NO_GAP; ownership=UNCLEAR; observed slices=1.	0.60	YES
2186856503	1835048645	оберег	GENERIC_RELEVANT	158.0	0.0	0.0	GAP_PRESENT	GAP_PRESENT	LOW	FAMILY_CANDIDATE	LONG_DESCRIPTION	GENERIC_RELEVANT; coverage=GAP_PRESENT; ownership=STORE_GENERIC; observed slices=1.	0.72	YES
2186856503	1835048645	оберег в машину	GENERIC_RELEVANT	273.0	0.0	0.0	GAP_PRESENT	GAP_PRESENT	LOW	FAMILY_CANDIDATE	LONG_DESCRIPTION	GENERIC_RELEVANT; coverage=GAP_PRESENT; ownership=STORE_GENERIC; observed slices=1.	0.76	YES
2186856503	1835048645	оберег в машину на зеркало женский	GENERIC_RELEVANT	0.0	0.0	0.0	GAP_PRESENT	GAP_PRESENT	LOW	FAMILY_CANDIDATE	LONG_DESCRIPTION	GENERIC_RELEVANT; coverage=GAP_PRESENT; ownership=STORE_GENERIC; observed slices=1.	0.76	YES
2186856503	1835048645	оберег для близнецов	PARTIAL_RELEVANCE	3.0	0.0	0.0	NO_GAP	NO_GAP	MEDIUM	HOLD_AMBIGUOUS	HOLD	PARTIAL_RELEVANCE; coverage=NO_GAP; ownership=UNCLEAR; observed slices=1.	0.60	YES
2186856503	1835048645	оберег на зеркало в машину мужской	GENERIC_RELEVANT	1.0	0.0	0.0	GAP_PRESENT	GAP_PRESENT	LOW	FAMILY_CANDIDATE	LONG_DESCRIPTION	GENERIC_RELEVANT; coverage=GAP_PRESENT; ownership=FAMILY_SHARED; observed slices=1.	0.76	YES
2186856503	1835048645	оберег подвеска в машину весы	NEIGHBOR_PRODUCT	1.0	0.0	0.0	NOT_APPLICABLE	NOT_APPLICABLE	LOW	REJECT_NEIGHBOR	NONE	NEIGHBOR_PRODUCT; coverage=NOT_APPLICABLE; ownership=EXCLUDED; observed slices=1.	0.98	NO
2186856503	1835048645	подвеска близнецы	EXACT_PRODUCT	101.0	0.0	0.0	NO_GAP	NO_GAP	HIGH	NO_CHANGE	NONE	EXACT_PRODUCT; coverage=NO_GAP; ownership=FAMILY_SHARED; observed slices=2.	0.96	YES
2186856503	1835048645	подвеска в авто на зеркало большая	GENERIC_RELEVANT	1.0	0.0	0.0	GAP_PRESENT	GAP_PRESENT	LOW	FAMILY_CANDIDATE	LONG_DESCRIPTION	GENERIC_RELEVANT; coverage=GAP_PRESENT; ownership=FAMILY_SHARED; observed slices=1.	0.76	YES
2186856503	1835048645	подвеска в автомобиль	GENERIC_RELEVANT	367.0	0.0	0.0	GAP_PRESENT	GAP_PRESENT	LOW	FAMILY_CANDIDATE	LONG_DESCRIPTION	GENERIC_RELEVANT; coverage=GAP_PRESENT; ownership=STORE_GENERIC; observed slices=1.	0.76	YES
2186856503	1835048645	подвеска в машин	GENERIC_RELEVANT	0.0	0.0	0.0	GAP_PRESENT	GAP_PRESENT	LOW	FAMILY_CANDIDATE	LONG_DESCRIPTION	GENERIC_RELEVANT; coverage=GAP_PRESENT; ownership=FAMILY_SHARED; observed slices=1.	0.76	YES
2186856503	1835048645	подвеска в машину	GENERIC_RELEVANT	6881.0	0.0	0.0	GAP_PRESENT	GAP_PRESENT	LOW	FAMILY_CANDIDATE	LONG_DESCRIPTION	GENERIC_RELEVANT; coverage=GAP_PRESENT; ownership=STORE_GENERIC; observed slices=1.	0.76	YES
2186856503	1835048645	подвеска в машину ведьмочка на метле на пружинке	GENERIC_RELEVANT	1.0	0.0	0.0	GAP_PRESENT	GAP_PRESENT	LOW	FAMILY_CANDIDATE	LONG_DESCRIPTION	GENERIC_RELEVANT; coverage=GAP_PRESENT; ownership=FAMILY_SHARED; observed slices=1.	0.76	YES
2186856503	1835048645	подвеска в машину на зеркало	GENERIC_RELEVANT	6478.0	0.0	0.0	GAP_PRESENT	GAP_PRESENT	LOW	FAMILY_CANDIDATE	LONG_DESCRIPTION	GENERIC_RELEVANT; coverage=GAP_PRESENT; ownership=STORE_GENERIC; observed slices=1.	0.76	YES
2186856503	1835048645	подвеска в машину на зеркало в грузовик	GENERIC_RELEVANT	0.0	0.0	0.0	GAP_PRESENT	GAP_PRESENT	LOW	FAMILY_CANDIDATE	LONG_DESCRIPTION	GENERIC_RELEVANT; coverage=GAP_PRESENT; ownership=STORE_GENERIC; observed slices=1.	0.76	YES
2186856503	1835048645	подвеска в машину на зеркало мех	GENERIC_RELEVANT	0.0	0.0	0.0	GAP_PRESENT	GAP_PRESENT	LOW	FAMILY_CANDIDATE	LONG_DESCRIPTION	GENERIC_RELEVANT; coverage=GAP_PRESENT; ownership=STORE_GENERIC; observed slices=1.	0.76	YES
2186856503	1835048645	подвеска в машину талисман	GENERIC_RELEVANT	1.0	0.0	0.0	GAP_PRESENT	GAP_PRESENT	LOW	FAMILY_CANDIDATE	LONG_DESCRIPTION	GENERIC_RELEVANT; coverage=GAP_PRESENT; ownership=STORE_GENERIC; observed slices=1.	0.76	YES
2186856503	1835048645	подвеска колесо в машину на зеркало	GENERIC_RELEVANT	1.0	0.0	0.0	GAP_PRESENT	GAP_PRESENT	LOW	FAMILY_CANDIDATE	LONG_DESCRIPTION	GENERIC_RELEVANT; coverage=GAP_PRESENT; ownership=FAMILY_SHARED; observed slices=1.	0.76	YES
2186856503	1835048645	подвеска на авто зеркало	GENERIC_RELEVANT	1.0	0.0	0.0	GAP_PRESENT	GAP_PRESENT	LOW	FAMILY_CANDIDATE	LONG_DESCRIPTION	GENERIC_RELEVANT; coverage=GAP_PRESENT; ownership=FAMILY_SHARED; observed slices=1.	0.76	YES
2186856503	1835048645	подвеска на зеркало в автомобиль	GENERIC_RELEVANT	8.0	0.0	0.0	GAP_PRESENT	GAP_PRESENT	LOW	FAMILY_CANDIDATE	LONG_DESCRIPTION	GENERIC_RELEVANT; coverage=GAP_PRESENT; ownership=FAMILY_SHARED; observed slices=1.	0.76	YES
2186856503	1835048645	подвеска на зеркало в машину	GENERIC_RELEVANT	1203.0	0.0	0.0	GAP_PRESENT	GAP_PRESENT	LOW	FAMILY_CANDIDATE	LONG_DESCRIPTION	GENERIC_RELEVANT; coverage=GAP_PRESENT; ownership=STORE_GENERIC; observed slices=1.	0.76	YES
2186856503	1835048645	подвеска на зеркало в машину близнец	PARTIAL_RELEVANCE	0.0	0.0	0.0	NO_GAP	NO_GAP	MEDIUM	HOLD_AMBIGUOUS	HOLD	PARTIAL_RELEVANCE; coverage=NO_GAP; ownership=UNCLEAR; observed slices=1.	0.60	YES
2186856503	1835048645	подвеска на зеркало в машину боксерские перчатки lada samara	GENERIC_RELEVANT	1.0	0.0	0.0	GAP_PRESENT	GAP_PRESENT	LOW	FAMILY_CANDIDATE	LONG_DESCRIPTION	GENERIC_RELEVANT; coverage=GAP_PRESENT; ownership=FAMILY_SHARED; observed slices=1.	0.76	YES
2186856503	1835048645	подвеска на зеркало в машину индейцы	GENERIC_RELEVANT	0.0	0.0	0.0	GAP_PRESENT	GAP_PRESENT	LOW	FAMILY_CANDIDATE	LONG_DESCRIPTION	GENERIC_RELEVANT; coverage=GAP_PRESENT; ownership=FAMILY_SHARED; observed slices=1.	0.76	YES
2186856503	1835048645	подвеска на машину	GENERIC_RELEVANT	90.0	0.0	0.0	GAP_PRESENT	GAP_PRESENT	LOW	FAMILY_CANDIDATE	LONG_DESCRIPTION	GENERIC_RELEVANT; coverage=GAP_PRESENT; ownership=STORE_GENERIC; observed slices=1.	0.76	YES
2186856503	1835048645	подвеска скорпион в машину на зеркало	NEIGHBOR_PRODUCT	1.0	0.0	0.0	NOT_APPLICABLE	NOT_APPLICABLE	LOW	REJECT_NEIGHBOR	NONE	NEIGHBOR_PRODUCT; coverage=NOT_APPLICABLE; ownership=EXCLUDED; observed slices=1.	0.98	NO
2186856503	1835048645	подвеска со стразами в машину на зеркало	GENERIC_RELEVANT	1.0	0.0	0.0	GAP_PRESENT	GAP_PRESENT	LOW	FAMILY_CANDIDATE	LONG_DESCRIPTION	GENERIC_RELEVANT; coverage=GAP_PRESENT; ownership=FAMILY_SHARED; observed slices=1.	0.76	YES
2186856503	1835048645	подставка близнец	PARTIAL_RELEVANCE	1.0	0.0	0.0	PARTIAL_GAP	PARTIAL_GAP	MEDIUM	HOLD_AMBIGUOUS	HOLD	PARTIAL_RELEVANCE; coverage=PARTIAL_GAP; ownership=UNCLEAR; observed slices=1.	0.60	YES
2186856503	1835048645	талисман	GENERIC_RELEVANT	98.0	0.0	0.0	GAP_PRESENT	GAP_PRESENT	LOW	FAMILY_CANDIDATE	LONG_DESCRIPTION	GENERIC_RELEVANT; coverage=GAP_PRESENT; ownership=STORE_GENERIC; observed slices=1.	0.72	YES
2186856503	1835048645	термонаклейка блищнецы	AMBIGUOUS_HOLD	0.0	0.0	0.0	GAP_PRESENT	GAP_PRESENT	MEDIUM	HOLD_AMBIGUOUS	HOLD	AMBIGUOUS_HOLD; coverage=GAP_PRESENT; ownership=UNCLEAR; observed slices=1.	0.42	YES
2186856503	1835048645	украшения обереги	GENERIC_RELEVANT	1.0	0.0	0.0	GAP_PRESENT	GAP_PRESENT	LOW	FAMILY_CANDIDATE	LONG_DESCRIPTION	GENERIC_RELEVANT; coverage=GAP_PRESENT; ownership=FAMILY_SHARED; observed slices=1.	0.72	YES
2186856503	1835048645	четки в машину	GENERIC_RELEVANT	137.0	0.0	0.0	GAP_PRESENT	GAP_PRESENT	LOW	FAMILY_CANDIDATE	LONG_DESCRIPTION	GENERIC_RELEVANT; coverage=GAP_PRESENT; ownership=STORE_GENERIC; observed slices=1.	0.76	YES
2186857668	1835050645	94049007 подвеска лев	EXACT_PRODUCT	1.0	0.0	0.0	PARTIAL_GAP	PARTIAL_GAP	LOW	READY_CANDIDATE	LONG_DESCRIPTION	EXACT_PRODUCT; coverage=PARTIAL_GAP; ownership=SKU_SPECIFIC; observed slices=1.	0.96	YES
2186857668	1835050645	автомобиль кулон	GENERIC_RELEVANT	2.0	0.0	0.0	GAP_PRESENT	GAP_PRESENT	LOW	FAMILY_CANDIDATE	LONG_DESCRIPTION	GENERIC_RELEVANT; coverage=GAP_PRESENT; ownership=FAMILY_SHARED; observed slices=1.	0.76	YES
2186857668	1835050645	ак барс брелок в машину на зеркало	GENERIC_RELEVANT	1.0	0.0	0.0	GAP_PRESENT	GAP_PRESENT	LOW	FAMILY_CANDIDATE	LONG_DESCRIPTION	GENERIC_RELEVANT; coverage=GAP_PRESENT; ownership=FAMILY_SHARED; observed slices=1.	0.76	YES
2186857668	1835050645	аксессуары в машину подвесаа зеркал барабан	GENERIC_RELEVANT	0.0	0.0	0.0	GAP_PRESENT	GAP_PRESENT	LOW	FAMILY_CANDIDATE	LONG_DESCRIPTION	GENERIC_RELEVANT; coverage=GAP_PRESENT; ownership=STORE_GENERIC; observed slices=2.	0.76	YES
2186857668	1835050645	амулет на шею зеркало	GENERIC_RELEVANT	1.0	0.0	0.0	GAP_PRESENT	GAP_PRESENT	LOW	FAMILY_CANDIDATE	LONG_DESCRIPTION	GENERIC_RELEVANT; coverage=GAP_PRESENT; ownership=FAMILY_SHARED; observed slices=1.	0.76	YES
2186857668	1835050645	амулеты обереги и талисманы	GENERIC_RELEVANT	0.0	0.0	0.0	GAP_PRESENT	GAP_PRESENT	LOW	FAMILY_CANDIDATE	LONG_DESCRIPTION	GENERIC_RELEVANT; coverage=GAP_PRESENT; ownership=STORE_GENERIC; observed slices=1.	0.72	YES
2186857668	1835050645	амулеты обереги и талисманы зеркалр	GENERIC_RELEVANT	0.0	0.0	0.0	GAP_PRESENT	GAP_PRESENT	LOW	FAMILY_CANDIDATE	LONG_DESCRIPTION	GENERIC_RELEVANT; coverage=GAP_PRESENT; ownership=STORE_GENERIC; observed slices=1.	0.76	YES
2186857668	1835050645	аодвеска зеркало	GENERIC_RELEVANT	0.0	0.0	0.0	GAP_PRESENT	GAP_PRESENT	LOW	FAMILY_CANDIDATE	LONG_DESCRIPTION	GENERIC_RELEVANT; coverage=GAP_PRESENT; ownership=STORE_GENERIC; observed slices=1.	0.76	YES
2186857668	1835050645	арома четки в машину	GENERIC_RELEVANT	1.0	0.0	0.0	GAP_PRESENT	GAP_PRESENT	LOW	FAMILY_CANDIDATE	LONG_DESCRIPTION	GENERIC_RELEVANT; coverage=GAP_PRESENT; ownership=FAMILY_SHARED; observed slices=1.	0.76	YES
2186857668	1835050645	бомбический оберег в машину на зеркало	GENERIC_RELEVANT	1.0	0.0	0.0	GAP_PRESENT	GAP_PRESENT	LOW	FAMILY_CANDIDATE	LONG_DESCRIPTION	GENERIC_RELEVANT; coverage=GAP_PRESENT; ownership=STORE_GENERIC; observed slices=1.	0.76	YES
2186857668	1835050645	брелок авто талисман	GENERIC_RELEVANT	0.0	0.0	0.0	GAP_PRESENT	GAP_PRESENT	LOW	FAMILY_CANDIDATE	LONG_DESCRIPTION	GENERIC_RELEVANT; coverage=GAP_PRESENT; ownership=STORE_GENERIC; observed slices=1.	0.76	YES
2186857668	1835050645	бусина лев знак зодиака оберег	EXACT_PRODUCT	0.0	0.0	0.0	PARTIAL_GAP	PARTIAL_GAP	HIGH	READY_CANDIDATE	LONG_DESCRIPTION	EXACT_PRODUCT; coverage=PARTIAL_GAP; ownership=FAMILY_SHARED; observed slices=1.	0.96	YES
2186857668	1835050645	бусины для подвески на зеркало в машину	GENERIC_RELEVANT	0.0	0.0	0.0	GAP_PRESENT	GAP_PRESENT	LOW	FAMILY_CANDIDATE	LONG_DESCRIPTION	GENERIC_RELEVANT; coverage=GAP_PRESENT; ownership=STORE_GENERIC; observed slices=1.	0.76	YES
2186857668	1835050645	в машину подвеска в салон	GENERIC_RELEVANT	2.0	0.0	0.0	GAP_PRESENT	GAP_PRESENT	LOW	FAMILY_CANDIDATE	LONG_DESCRIPTION	GENERIC_RELEVANT; coverage=GAP_PRESENT; ownership=FAMILY_SHARED; observed slices=1.	0.76	YES
2186857668	1835050645	в машину подвеска лев	EXACT_PRODUCT	0.0	0.0	0.0	NO_GAP	NO_GAP	LOW	NO_CHANGE	NONE	EXACT_PRODUCT; coverage=NO_GAP; ownership=SKU_SPECIFIC; observed slices=1.	0.96	NO
2186857668	1835050645	висюлька в машину на зеркало мусульманская на грузовую	GENERIC_RELEVANT	0.0	0.0	0.0	GAP_PRESENT	GAP_PRESENT	LOW	FAMILY_CANDIDATE	LONG_DESCRIPTION	GENERIC_RELEVANT; coverage=GAP_PRESENT; ownership=FAMILY_SHARED; observed slices=1.	0.76	YES
2186857668	1835050645	висюльки для авто на зеркало знак зодиака лев	EXACT_PRODUCT	0.0	0.0	0.0	PARTIAL_GAP	PARTIAL_GAP	HIGH	READY_CANDIDATE	LONG_DESCRIPTION	EXACT_PRODUCT; coverage=PARTIAL_GAP; ownership=FAMILY_SHARED; observed slices=1.	0.96	YES
2186857668	1835050645	герб россии на зеркало деревянный в машину	NEIGHBOR_PRODUCT	1.0	0.0	0.0	NOT_APPLICABLE	NOT_APPLICABLE	LOW	REJECT_NEIGHBOR	NONE	NEIGHBOR_PRODUCT; coverage=NOT_APPLICABLE; ownership=EXCLUDED; observed slices=1.	0.96	NO
2186857668	1835050645	год оф ва на зеркало в машину	GENERIC_RELEVANT	1.0	0.0	0.0	GAP_PRESENT	GAP_PRESENT	LOW	FAMILY_CANDIDATE	LONG_DESCRIPTION	GENERIC_RELEVANT; coverage=GAP_PRESENT; ownership=FAMILY_SHARED; observed slices=1.	0.76	YES
2186857668	1835050645	декоротивная подвеска в авто	GENERIC_RELEVANT	1.0	0.0	0.0	GAP_PRESENT	GAP_PRESENT	LOW	FAMILY_CANDIDATE	LONG_DESCRIPTION	GENERIC_RELEVANT; coverage=GAP_PRESENT; ownership=FAMILY_SHARED; observed slices=1.	0.76	YES
2186857668	1835050645	деревянная подвеска для кулона	GENERIC_RELEVANT	1.0	0.0	0.0	GAP_PRESENT	GAP_PRESENT	LOW	FAMILY_CANDIDATE	LONG_DESCRIPTION	GENERIC_RELEVANT; coverage=GAP_PRESENT; ownership=FAMILY_SHARED; observed slices=1.	0.72	YES
2186857668	1835050645	деревянные знаки зодиака на шею	FAMILY_RELEVANT	0.0	0.0	0.0	GAP_PRESENT	GAP_PRESENT	LOW	FAMILY_CANDIDATE	LONG_DESCRIPTION	FAMILY_RELEVANT; coverage=GAP_PRESENT; ownership=FAMILY_SHARED; observed slices=1.	0.86	YES
2186857668	1835050645	зеркало	GENERIC_RELEVANT	8794.0	0.0	0.0	GAP_PRESENT	GAP_PRESENT	LOW	FAMILY_CANDIDATE	LONG_DESCRIPTION	GENERIC_RELEVANT; coverage=GAP_PRESENT; ownership=STORE_GENERIC; observed slices=1.	0.76	YES
2186857668	1835050645	зеркало лев	EXACT_PRODUCT	2.0	0.0	0.0	NO_GAP	NO_GAP	LOW	NO_CHANGE	NONE	EXACT_PRODUCT; coverage=NO_GAP; ownership=SKU_SPECIFIC; observed slices=1.	0.96	NO
2186857668	1835050645	зеркало параболическое для праворульных машин	GENERIC_RELEVANT	1.0	0.0	0.0	GAP_PRESENT	GAP_PRESENT	LOW	FAMILY_CANDIDATE	LONG_DESCRIPTION	GENERIC_RELEVANT; coverage=GAP_PRESENT; ownership=STORE_GENERIC; observed slices=1.	0.76	YES
2186857668	1835050645	зеркало подвеска оберег	GENERIC_RELEVANT	1.0	0.0	0.0	GAP_PRESENT	GAP_PRESENT	LOW	FAMILY_CANDIDATE	LONG_DESCRIPTION	GENERIC_RELEVANT; coverage=GAP_PRESENT; ownership=STORE_GENERIC; observed slices=1.	0.76	YES
2186857668	1835050645	зеркальце оберег	GENERIC_RELEVANT	3.0	0.0	0.0	GAP_PRESENT	GAP_PRESENT	LOW	FAMILY_CANDIDATE	LONG_DESCRIPTION	GENERIC_RELEVANT; coverage=GAP_PRESENT; ownership=FAMILY_SHARED; observed slices=1.	0.76	YES
2186857668	1835050645	знак зодиака лев	EXACT_PRODUCT	285.0	0.0	0.0	NO_GAP	NO_GAP	HIGH	NO_CHANGE	NONE	EXACT_PRODUCT; coverage=NO_GAP; ownership=FAMILY_SHARED; observed slices=1.	0.96	YES
2186857668	1835050645	знак зодиака лев муж	EXACT_PRODUCT	0.0	0.0	0.0	PARTIAL_GAP	PARTIAL_GAP	LOW	READY_CANDIDATE	LONG_DESCRIPTION	EXACT_PRODUCT; coverage=PARTIAL_GAP; ownership=SKU_SPECIFIC; observed slices=1.	0.96	YES
2186857668	1835050645	знак туфелька блестящая на машину	GENERIC_RELEVANT	0.0	0.0	0.0	GAP_PRESENT	GAP_PRESENT	LOW	FAMILY_CANDIDATE	LONG_DESCRIPTION	GENERIC_RELEVANT; coverage=GAP_PRESENT; ownership=FAMILY_SHARED; observed slices=1.	0.76	YES
2186857668	1835050645	знаки зодиака	FAMILY_RELEVANT	275.0	0.0	0.0	GAP_PRESENT	GAP_PRESENT	LOW	FAMILY_CANDIDATE	LONG_DESCRIPTION	FAMILY_RELEVANT; coverage=GAP_PRESENT; ownership=FAMILY_SHARED; observed slices=1.	0.86	YES
2186857668	1835050645	крест в машину	NEIGHBOR_PRODUCT	278.0	0.0	0.0	NOT_APPLICABLE	NOT_APPLICABLE	LOW	REJECT_NEIGHBOR	NONE	NEIGHBOR_PRODUCT; coverage=NOT_APPLICABLE; ownership=EXCLUDED; observed slices=1.	0.96	NO
2186857668	1835050645	крест в машину на зеркало не доинный	NEIGHBOR_PRODUCT	1.0	0.0	0.0	NOT_APPLICABLE	NOT_APPLICABLE	LOW	REJECT_NEIGHBOR	NONE	NEIGHBOR_PRODUCT; coverage=NOT_APPLICABLE; ownership=EXCLUDED; observed slices=1.	0.96	NO
2186857668	1835050645	крест славянский оберег	NEIGHBOR_PRODUCT	1.0	0.0	0.0	NOT_APPLICABLE	NOT_APPLICABLE	LOW	REJECT_NEIGHBOR	NONE	NEIGHBOR_PRODUCT; coverage=NOT_APPLICABLE; ownership=EXCLUDED; observed slices=1.	0.96	NO
2186857668	1835050645	лев	STRONG_PRODUCT	4058.0	0.0	681.0	NO_GAP	NO_GAP	HIGH	NO_CHANGE	NONE	STRONG_PRODUCT; coverage=NO_GAP; ownership=FAMILY_SHARED; observed slices=2.	0.96	YES
2186857668	1835050645	на зеркало авто подвеска	GENERIC_RELEVANT	16.0	0.0	0.0	GAP_PRESENT	GAP_PRESENT	LOW	FAMILY_CANDIDATE	LONG_DESCRIPTION	GENERIC_RELEVANT; coverage=GAP_PRESENT; ownership=STORE_GENERIC; observed slices=1.	0.76	YES
2186857668	1835050645	на зеркало автомобиля подвеска красная	GENERIC_RELEVANT	0.0	0.0	0.0	GAP_PRESENT	GAP_PRESENT	LOW	FAMILY_CANDIDATE	LONG_DESCRIPTION	GENERIC_RELEVANT; coverage=GAP_PRESENT; ownership=STORE_GENERIC; observed slices=1.	0.76	YES
2186857668	1835050645	на зеркало в машину	GENERIC_RELEVANT	26.0	0.0	0.0	GAP_PRESENT	GAP_PRESENT	LOW	FAMILY_CANDIDATE	LONG_DESCRIPTION	GENERIC_RELEVANT; coverage=GAP_PRESENT; ownership=STORE_GENERIC; observed slices=1.	0.76	YES
2186857668	1835050645	оберег	GENERIC_RELEVANT	1120.0	0.0	0.0	GAP_PRESENT	GAP_PRESENT	LOW	FAMILY_CANDIDATE	LONG_DESCRIPTION	GENERIC_RELEVANT; coverage=GAP_PRESENT; ownership=STORE_GENERIC; observed slices=1.	0.72	YES
2186857668	1835050645	оберег в машину	GENERIC_RELEVANT	1190.0	0.0	0.0	GAP_PRESENT	GAP_PRESENT	LOW	FAMILY_CANDIDATE	LONG_DESCRIPTION	GENERIC_RELEVANT; coverage=GAP_PRESENT; ownership=STORE_GENERIC; observed slices=1.	0.76	YES
2186857668	1835050645	оберег в машину види сердца	GENERIC_RELEVANT	1.0	0.0	0.0	GAP_PRESENT	GAP_PRESENT	LOW	FAMILY_CANDIDATE	LONG_DESCRIPTION	GENERIC_RELEVANT; coverage=GAP_PRESENT; ownership=FAMILY_SHARED; observed slices=1.	0.76	YES
2186857668	1835050645	оберег для машины мужской на зеркало	GENERIC_RELEVANT	1.0	0.0	0.0	GAP_PRESENT	GAP_PRESENT	LOW	FAMILY_CANDIDATE	LONG_DESCRIPTION	GENERIC_RELEVANT; coverage=GAP_PRESENT; ownership=FAMILY_SHARED; observed slices=1.	0.76	YES
2186857668	1835050645	оберег на шею славянский	NEIGHBOR_PRODUCT	2.0	0.0	0.0	NOT_APPLICABLE	NOT_APPLICABLE	LOW	REJECT_NEIGHBOR	NONE	NEIGHBOR_PRODUCT; coverage=NOT_APPLICABLE; ownership=EXCLUDED; observed slices=1.	0.90	NO
2186857668	1835050645	подвеска в автомобиль на зеркало	GENERIC_RELEVANT	415.0	0.0	0.0	GAP_PRESENT	GAP_PRESENT	LOW	FAMILY_CANDIDATE	LONG_DESCRIPTION	GENERIC_RELEVANT; coverage=GAP_PRESENT; ownership=STORE_GENERIC; observed slices=2.	0.76	YES
2186857668	1835050645	подвеска в машину	GENERIC_RELEVANT	7092.0	0.0	0.0	GAP_PRESENT	GAP_PRESENT	LOW	FAMILY_CANDIDATE	LONG_DESCRIPTION	GENERIC_RELEVANT; coverage=GAP_PRESENT; ownership=STORE_GENERIC; observed slices=2.	0.76	YES
2186857668	1835050645	подвеска в машину на зеркало	GENERIC_RELEVANT	4758.0	0.0	0.0	GAP_PRESENT	GAP_PRESENT	LOW	FAMILY_CANDIDATE	LONG_DESCRIPTION	GENERIC_RELEVANT; coverage=GAP_PRESENT; ownership=STORE_GENERIC; observed slices=2.	0.76	YES
2186857668	1835050645	подвеска в машину на зеркало череп	GENERIC_RELEVANT	4.0	0.0	0.0	GAP_PRESENT	GAP_PRESENT	LOW	FAMILY_CANDIDATE	LONG_DESCRIPTION	GENERIC_RELEVANT; coverage=GAP_PRESENT; ownership=STORE_GENERIC; observed slices=1.	0.76	YES
2186857668	1835050645	подвеска лев	EXACT_PRODUCT	280.0	0.0	0.0	NO_GAP	NO_GAP	HIGH	NO_CHANGE	NONE	EXACT_PRODUCT; coverage=NO_GAP; ownership=FAMILY_SHARED; observed slices=1.	0.96	YES
2186857668	1835050645	подвеска на зеркало в машину	GENERIC_RELEVANT	1334.0	0.0	0.0	GAP_PRESENT	GAP_PRESENT	LOW	FAMILY_CANDIDATE	LONG_DESCRIPTION	GENERIC_RELEVANT; coverage=GAP_PRESENT; ownership=STORE_GENERIC; observed slices=1.	0.76	YES
2186857668	1835050645	подвеска славянский оберег	NEIGHBOR_PRODUCT	1.0	0.0	0.0	NOT_APPLICABLE	NOT_APPLICABLE	LOW	REJECT_NEIGHBOR	NONE	NEIGHBOR_PRODUCT; coverage=NOT_APPLICABLE; ownership=EXCLUDED; observed slices=1.	0.90	NO
2186857668	1835050645	талисман	GENERIC_RELEVANT	289.0	0.0	0.0	GAP_PRESENT	GAP_PRESENT	LOW	FAMILY_CANDIDATE	LONG_DESCRIPTION	GENERIC_RELEVANT; coverage=GAP_PRESENT; ownership=STORE_GENERIC; observed slices=1.	0.72	YES
2186857668	1835050645	четки в автомобиль	GENERIC_RELEVANT	381.0	0.0	0.0	GAP_PRESENT	GAP_PRESENT	LOW	FAMILY_CANDIDATE	LONG_DESCRIPTION	GENERIC_RELEVANT; coverage=GAP_PRESENT; ownership=STORE_GENERIC; observed slices=1.	0.76	YES
2186857668	1835050645	четки в машину	GENERIC_RELEVANT	2381.0	0.0	644.0	GAP_PRESENT	GAP_PRESENT	LOW	FAMILY_CANDIDATE	LONG_DESCRIPTION	GENERIC_RELEVANT; coverage=GAP_PRESENT; ownership=STORE_GENERIC; observed slices=2.	0.76	YES
2186857668	1835050645	четки оберег в машину	GENERIC_RELEVANT	2.0	0.0	0.0	GAP_PRESENT	GAP_PRESENT	LOW	FAMILY_CANDIDATE	LONG_DESCRIPTION	GENERIC_RELEVANT; coverage=GAP_PRESENT; ownership=FAMILY_SHARED; observed slices=1.	0.76	YES
2186865070	1835063317	брелок в машину знак зодиака дева	EXACT_PRODUCT	1.0	0.0	778.0	PARTIAL_GAP	PARTIAL_GAP	LOW	READY_CANDIDATE	LONG_DESCRIPTION	EXACT_PRODUCT; coverage=PARTIAL_GAP; ownership=SKU_SPECIFIC; observed slices=1.	0.96	YES
2186865070	1835063317	брелок в машину на зеркало подвеска	GENERIC_RELEVANT	1.0	0.0	0.0	GAP_PRESENT	GAP_PRESENT	LOW	FAMILY_CANDIDATE	LONG_DESCRIPTION	GENERIC_RELEVANT; coverage=GAP_PRESENT; ownership=FAMILY_SHARED; observed slices=1.	0.76	YES
2186865070	1835063317	бусы оберег	GENERIC_RELEVANT	0.0	0.0	0.0	GAP_PRESENT	GAP_PRESENT	LOW	FAMILY_CANDIDATE	LONG_DESCRIPTION	GENERIC_RELEVANT; coverage=GAP_PRESENT; ownership=STORE_GENERIC; observed slices=1.	0.72	YES
2186865070	1835063317	в машину для дев	GENERIC_RELEVANT	0.0	0.0	0.0	GAP_PRESENT	GAP_PRESENT	LOW	FAMILY_CANDIDATE	LONG_DESCRIPTION	GENERIC_RELEVANT; coverage=GAP_PRESENT; ownership=FAMILY_SHARED; observed slices=1.	0.76	YES
2186865070	1835063317	дева	STRONG_PRODUCT	1858.0	0.0	0.0	NO_GAP	NO_GAP	HIGH	NO_CHANGE	NONE	STRONG_PRODUCT; coverage=NO_GAP; ownership=FAMILY_SHARED; observed slices=1.	0.96	YES
2186865070	1835063317	дева знак зодиака	EXACT_PRODUCT	127.0	0.0	0.0	NO_GAP	NO_GAP	HIGH	NO_CHANGE	NONE	EXACT_PRODUCT; coverage=NO_GAP; ownership=FAMILY_SHARED; observed slices=1.	0.96	YES
2186865070	1835063317	джиу джитсу на машину подвеска на зеркало	GENERIC_RELEVANT	1.0	0.0	0.0	GAP_PRESENT	GAP_PRESENT	LOW	FAMILY_CANDIDATE	LONG_DESCRIPTION	GENERIC_RELEVANT; coverage=GAP_PRESENT; ownership=FAMILY_SHARED; observed slices=1.	0.76	YES
2186865070	1835063317	для машины деву	GENERIC_RELEVANT	0.0	0.0	0.0	GAP_PRESENT	GAP_PRESENT	LOW	FAMILY_CANDIDATE	LONG_DESCRIPTION	GENERIC_RELEVANT; coverage=GAP_PRESENT; ownership=FAMILY_SHARED; observed slices=1.	0.76	YES
2186865070	1835063317	зеркало оберег на шею	GENERIC_RELEVANT	5.0	0.0	0.0	GAP_PRESENT	GAP_PRESENT	LOW	FAMILY_CANDIDATE	LONG_DESCRIPTION	GENERIC_RELEVANT; coverage=GAP_PRESENT; ownership=FAMILY_SHARED; observed slices=1.	0.76	YES
2186865070	1835063317	зеркальный амудет	GENERIC_RELEVANT	1.0	0.0	0.0	GAP_PRESENT	GAP_PRESENT	LOW	FAMILY_CANDIDATE	LONG_DESCRIPTION	GENERIC_RELEVANT; coverage=GAP_PRESENT; ownership=FAMILY_SHARED; observed slices=1.	0.76	YES
2186865070	1835063317	знак дева обвес на телефон	STRONG_PRODUCT	1.0	0.0	0.0	PARTIAL_GAP	PARTIAL_GAP	LOW	READY_CANDIDATE	LONG_DESCRIPTION	STRONG_PRODUCT; coverage=PARTIAL_GAP; ownership=SKU_SPECIFIC; observed slices=1.	0.96	YES
2186865070	1835063317	знак зодиака дева	EXACT_PRODUCT	209.0	0.0	0.0	NO_GAP	NO_GAP	HIGH	NO_CHANGE	NONE	EXACT_PRODUCT; coverage=NO_GAP; ownership=FAMILY_SHARED; observed slices=1.	0.96	YES
2186865070	1835063317	знак зодиака дева прикол	EXACT_PRODUCT	1.0	0.0	0.0	PARTIAL_GAP	PARTIAL_GAP	LOW	READY_CANDIDATE	LONG_DESCRIPTION	EXACT_PRODUCT; coverage=PARTIAL_GAP; ownership=SKU_SPECIFIC; observed slices=1.	0.96	YES
2186865070	1835063317	знаки зодиака дева мужчине	EXACT_PRODUCT	1.0	0.0	0.0	NO_GAP	NO_GAP	LOW	NO_CHANGE	NONE	EXACT_PRODUCT; coverage=NO_GAP; ownership=SKU_SPECIFIC; observed slices=1.	0.96	NO
2186865070	1835063317	из дерева подвеска	GENERIC_RELEVANT	0.0	0.0	0.0	GAP_PRESENT	GAP_PRESENT	LOW	FAMILY_CANDIDATE	LONG_DESCRIPTION	GENERIC_RELEVANT; coverage=GAP_PRESENT; ownership=STORE_GENERIC; observed slices=1.	0.72	YES
2186865070	1835063317	камень талисман в машину	GENERIC_RELEVANT	0.0	0.0	0.0	GAP_PRESENT	GAP_PRESENT	LOW	FAMILY_CANDIDATE	LONG_DESCRIPTION	GENERIC_RELEVANT; coverage=GAP_PRESENT; ownership=FAMILY_SHARED; observed slices=1.	0.76	YES
2186865070	1835063317	кулон дева в машину	EXACT_PRODUCT	0.0	0.0	0.0	PARTIAL_GAP	PARTIAL_GAP	HIGH	READY_CANDIDATE	LONG_DESCRIPTION	EXACT_PRODUCT; coverage=PARTIAL_GAP; ownership=FAMILY_SHARED; observed slices=1.	0.96	YES
2186865070	1835063317	ловец снов в машину	GENERIC_RELEVANT	131.0	0.0	0.0	GAP_PRESENT	GAP_PRESENT	LOW	FAMILY_CANDIDATE	LONG_DESCRIPTION	GENERIC_RELEVANT; coverage=GAP_PRESENT; ownership=FAMILY_SHARED; observed slices=1.	0.76	YES
2186865070	1835063317	магический амулет , оберег	GENERIC_RELEVANT	6.0	0.0	0.0	GAP_PRESENT	GAP_PRESENT	LOW	FAMILY_CANDIDATE	LONG_DESCRIPTION	GENERIC_RELEVANT; coverage=GAP_PRESENT; ownership=STORE_GENERIC; observed slices=1.	0.72	YES
2186865070	1835063317	майки со знаком зодиака дева	EXACT_PRODUCT	1.0	0.0	0.0	PARTIAL_GAP	PARTIAL_GAP	LOW	READY_CANDIDATE	LONG_DESCRIPTION	EXACT_PRODUCT; coverage=PARTIAL_GAP; ownership=SKU_SPECIFIC; observed slices=1.	0.96	YES
2186865070	1835063317	мусульманский оберег в машину	GENERIC_RELEVANT	11.0	0.0	0.0	GAP_PRESENT	GAP_PRESENT	LOW	FAMILY_CANDIDATE	LONG_DESCRIPTION	GENERIC_RELEVANT; coverage=GAP_PRESENT; ownership=STORE_GENERIC; observed slices=1.	0.76	YES
2186865070	1835063317	оберег	GENERIC_RELEVANT	158.0	0.0	0.0	GAP_PRESENT	GAP_PRESENT	LOW	FAMILY_CANDIDATE	LONG_DESCRIPTION	GENERIC_RELEVANT; coverage=GAP_PRESENT; ownership=STORE_GENERIC; observed slices=1.	0.72	YES
2186865070	1835063317	оберег в машину	GENERIC_RELEVANT	259.0	0.0	0.0	GAP_PRESENT	GAP_PRESENT	LOW	FAMILY_CANDIDATE	LONG_DESCRIPTION	GENERIC_RELEVANT; coverage=GAP_PRESENT; ownership=STORE_GENERIC; observed slices=1.	0.76	YES
2186865070	1835063317	оберег для дева	EXACT_PRODUCT	0.0	0.0	0.0	NO_GAP	NO_GAP	HIGH	NO_CHANGE	NONE	EXACT_PRODUCT; coverage=NO_GAP; ownership=FAMILY_SHARED; observed slices=1.	0.96	YES
2186865070	1835063317	оберег для знака дева	EXACT_PRODUCT	2.0	0.0	0.0	PARTIAL_GAP	PARTIAL_GAP	HIGH	READY_CANDIDATE	LONG_DESCRIPTION	EXACT_PRODUCT; coverage=PARTIAL_GAP; ownership=FAMILY_SHARED; observed slices=1.	0.96	YES
2186865070	1835063317	оберег для сестры знак зодиака дева	EXACT_PRODUCT	1.0	0.0	0.0	PARTIAL_GAP	PARTIAL_GAP	LOW	READY_CANDIDATE	LONG_DESCRIPTION	EXACT_PRODUCT; coverage=PARTIAL_GAP; ownership=SKU_SPECIFIC; observed slices=1.	0.96	YES
2186865070	1835063317	подарок для девы	AMBIGUOUS_HOLD	307.0	0.0	0.0	GAP_PRESENT	GAP_PRESENT	MEDIUM	HOLD_AMBIGUOUS	HOLD	AMBIGUOUS_HOLD; coverage=GAP_PRESENT; ownership=UNCLEAR; observed slices=1.	0.42	YES
2186865070	1835063317	подвеска амулет дева	EXACT_PRODUCT	1.0	0.0	0.0	NO_GAP	NO_GAP	HIGH	NO_CHANGE	NONE	EXACT_PRODUCT; coverage=NO_GAP; ownership=FAMILY_SHARED; observed slices=1.	0.96	YES
2186865070	1835063317	подвеска амулет знак зодиака дева с натуральным чароитом	EXACT_PRODUCT	0.0	0.0	0.0	PARTIAL_GAP	PARTIAL_GAP	LOW	READY_CANDIDATE	LONG_DESCRIPTION	EXACT_PRODUCT; coverage=PARTIAL_GAP; ownership=SKU_SPECIFIC; observed slices=1.	0.96	YES
2186865070	1835063317	подвеска в машину	GENERIC_RELEVANT	3171.0	0.0	0.0	GAP_PRESENT	GAP_PRESENT	LOW	FAMILY_CANDIDATE	LONG_DESCRIPTION	GENERIC_RELEVANT; coverage=GAP_PRESENT; ownership=STORE_GENERIC; observed slices=1.	0.76	YES
2186865070	1835063317	подвеска в машину дева	EXACT_PRODUCT	5.0	0.0	654.0	NO_GAP	NO_GAP	HIGH	NO_CHANGE	NONE	EXACT_PRODUCT; coverage=NO_GAP; ownership=FAMILY_SHARED; observed slices=1.	0.96	YES
2186865070	1835063317	подвеска в машину на зеркало	GENERIC_RELEVANT	1289.0	0.0	0.0	GAP_PRESENT	GAP_PRESENT	LOW	FAMILY_CANDIDATE	LONG_DESCRIPTION	GENERIC_RELEVANT; coverage=GAP_PRESENT; ownership=STORE_GENERIC; observed slices=1.	0.76	YES
2186865070	1835063317	подвеска в машину на зеркало в грузовик	GENERIC_RELEVANT	0.0	0.0	0.0	GAP_PRESENT	GAP_PRESENT	LOW	FAMILY_CANDIDATE	LONG_DESCRIPTION	GENERIC_RELEVANT; coverage=GAP_PRESENT; ownership=STORE_GENERIC; observed slices=1.	0.76	YES
2186865070	1835063317	подвеска в машину на зеркало вв мвд	GENERIC_RELEVANT	1.0	0.0	0.0	GAP_PRESENT	GAP_PRESENT	LOW	FAMILY_CANDIDATE	LONG_DESCRIPTION	GENERIC_RELEVANT; coverage=GAP_PRESENT; ownership=FAMILY_SHARED; observed slices=1.	0.76	YES
2186865070	1835063317	подвеска в машину на зеркало звезда	NEIGHBOR_PRODUCT	1.0	0.0	0.0	NOT_APPLICABLE	NOT_APPLICABLE	LOW	REJECT_NEIGHBOR	NONE	NEIGHBOR_PRODUCT; coverage=NOT_APPLICABLE; ownership=EXCLUDED; observed slices=1.	0.96	NO
2186865070	1835063317	подвеска в машину на зеркало мех	GENERIC_RELEVANT	0.0	0.0	0.0	GAP_PRESENT	GAP_PRESENT	LOW	FAMILY_CANDIDATE	LONG_DESCRIPTION	GENERIC_RELEVANT; coverage=GAP_PRESENT; ownership=STORE_GENERIC; observed slices=1.	0.76	YES
2186865070	1835063317	подвеска в машину на зеркало оберег	GENERIC_RELEVANT	3.0	0.0	0.0	GAP_PRESENT	GAP_PRESENT	LOW	FAMILY_CANDIDATE	LONG_DESCRIPTION	GENERIC_RELEVANT; coverage=GAP_PRESENT; ownership=STORE_GENERIC; observed slices=1.	0.76	YES
2186865070	1835063317	подвеска в машину на зеркало шкода	GENERIC_RELEVANT	1.0	0.0	0.0	GAP_PRESENT	GAP_PRESENT	LOW	FAMILY_CANDIDATE	LONG_DESCRIPTION	GENERIC_RELEVANT; coverage=GAP_PRESENT; ownership=STORE_GENERIC; observed slices=1.	0.76	YES
2186865070	1835063317	подвеска в машину на зеркало юрта	GENERIC_RELEVANT	0.0	0.0	0.0	GAP_PRESENT	GAP_PRESENT	LOW	FAMILY_CANDIDATE	LONG_DESCRIPTION	GENERIC_RELEVANT; coverage=GAP_PRESENT; ownership=STORE_GENERIC; observed slices=1.	0.76	YES
2186865070	1835063317	подвеска дева	EXACT_PRODUCT	350.0	0.0	0.0	NO_GAP	NO_GAP	HIGH	NO_CHANGE	NONE	EXACT_PRODUCT; coverage=NO_GAP; ownership=FAMILY_SHARED; observed slices=1.	0.96	YES
2186865070	1835063317	подвеска на зеркало	GENERIC_RELEVANT	81.0	0.0	0.0	GAP_PRESENT	GAP_PRESENT	LOW	FAMILY_CANDIDATE	LONG_DESCRIPTION	GENERIC_RELEVANT; coverage=GAP_PRESENT; ownership=STORE_GENERIC; observed slices=1.	0.76	YES
2186865070	1835063317	подвеска на зеркало автомобиля акула	GENERIC_RELEVANT	0.0	0.0	0.0	GAP_PRESENT	GAP_PRESENT	LOW	FAMILY_CANDIDATE	LONG_DESCRIPTION	GENERIC_RELEVANT; coverage=GAP_PRESENT; ownership=STORE_GENERIC; observed slices=1.	0.76	YES
2186865070	1835063317	подвеска на зеркало автомобиля дева	EXACT_PRODUCT	0.0	0.0	0.0	PARTIAL_GAP	PARTIAL_GAP	LOW	READY_CANDIDATE	LONG_DESCRIPTION	EXACT_PRODUCT; coverage=PARTIAL_GAP; ownership=SKU_SPECIFIC; observed slices=1.	0.96	YES
2186865070	1835063317	подвеска на зеркало в машину	GENERIC_RELEVANT	1334.0	0.0	0.0	GAP_PRESENT	GAP_PRESENT	LOW	FAMILY_CANDIDATE	LONG_DESCRIPTION	GENERIC_RELEVANT; coverage=GAP_PRESENT; ownership=STORE_GENERIC; observed slices=1.	0.76	YES
2186865070	1835063317	подвеска на зеркало в машину воровская звезда	NEIGHBOR_PRODUCT	1.0	0.0	0.0	NOT_APPLICABLE	NOT_APPLICABLE	LOW	REJECT_NEIGHBOR	NONE	NEIGHBOR_PRODUCT; coverage=NOT_APPLICABLE; ownership=EXCLUDED; observed slices=1.	0.96	NO
2186865070	1835063317	подвеска на зеркало в машину купола	GENERIC_RELEVANT	1.0	0.0	0.0	GAP_PRESENT	GAP_PRESENT	LOW	FAMILY_CANDIDATE	LONG_DESCRIPTION	GENERIC_RELEVANT; coverage=GAP_PRESENT; ownership=STORE_GENERIC; observed slices=1.	0.76	YES
2186865070	1835063317	подвеска на зеркало в машину нисан	GENERIC_RELEVANT	1.0	0.0	0.0	GAP_PRESENT	GAP_PRESENT	LOW	FAMILY_CANDIDATE	LONG_DESCRIPTION	GENERIC_RELEVANT; coverage=GAP_PRESENT; ownership=STORE_GENERIC; observed slices=1.	0.76	YES
2186865070	1835063317	подвеска на зеркало в машину рыба	GENERIC_RELEVANT	1.0	0.0	0.0	GAP_PRESENT	GAP_PRESENT	LOW	FAMILY_CANDIDATE	LONG_DESCRIPTION	GENERIC_RELEVANT; coverage=GAP_PRESENT; ownership=FAMILY_SHARED; observed slices=1.	0.76	YES
2186865070	1835063317	подвеска с зеркалом дерево	GENERIC_RELEVANT	1.0	0.0	0.0	GAP_PRESENT	GAP_PRESENT	LOW	FAMILY_CANDIDATE	LONG_DESCRIPTION	GENERIC_RELEVANT; coverage=GAP_PRESENT; ownership=FAMILY_SHARED; observed slices=1.	0.76	YES
2186865070	1835063317	подушка в машину дева	EXACT_PRODUCT	0.0	0.0	0.0	PARTIAL_GAP	PARTIAL_GAP	HIGH	READY_CANDIDATE	LONG_DESCRIPTION	EXACT_PRODUCT; coverage=PARTIAL_GAP; ownership=FAMILY_SHARED; observed slices=1.	0.96	YES
2186865070	1835063317	прикол в машину талисман	GENERIC_RELEVANT	1.0	0.0	0.0	GAP_PRESENT	GAP_PRESENT	LOW	FAMILY_CANDIDATE	LONG_DESCRIPTION	GENERIC_RELEVANT; coverage=GAP_PRESENT; ownership=FAMILY_SHARED; observed slices=1.	0.76	YES
2186865070	1835063317	талисман	GENERIC_RELEVANT	306.0	0.0	0.0	GAP_PRESENT	GAP_PRESENT	LOW	FAMILY_CANDIDATE	LONG_DESCRIPTION	GENERIC_RELEVANT; coverage=GAP_PRESENT; ownership=STORE_GENERIC; observed slices=1.	0.72	YES
2186865070	1835063317	талисман дева	EXACT_PRODUCT	7.0	0.0	0.0	NO_GAP	NO_GAP	HIGH	NO_CHANGE	NONE	EXACT_PRODUCT; coverage=NO_GAP; ownership=FAMILY_SHARED; observed slices=1.	0.96	YES
2186865070	1835063317	талисман для девы мужской	GENERIC_RELEVANT	1.0	0.0	0.0	GAP_PRESENT	GAP_PRESENT	LOW	FAMILY_CANDIDATE	LONG_DESCRIPTION	GENERIC_RELEVANT; coverage=GAP_PRESENT; ownership=FAMILY_SHARED; observed slices=1.	0.72	YES
2186865070	1835063317	фигурка в машину дева	EXACT_PRODUCT	0.0	0.0	0.0	PARTIAL_GAP	PARTIAL_GAP	HIGH	READY_CANDIDATE	LONG_DESCRIPTION	EXACT_PRODUCT; coverage=PARTIAL_GAP; ownership=FAMILY_SHARED; observed slices=1.	0.96	YES
2186865070	1835063317	четки в автомобиль	GENERIC_RELEVANT	370.0	0.0	0.0	GAP_PRESENT	GAP_PRESENT	LOW	FAMILY_CANDIDATE	LONG_DESCRIPTION	GENERIC_RELEVANT; coverage=GAP_PRESENT; ownership=STORE_GENERIC; observed slices=1.	0.76	YES
2186865070	1835063317	четки в виде	GENERIC_RELEVANT	1.0	0.0	0.0	GAP_PRESENT	GAP_PRESENT	LOW	FAMILY_CANDIDATE	LONG_DESCRIPTION	GENERIC_RELEVANT; coverage=GAP_PRESENT; ownership=FAMILY_SHARED; observed slices=1.	0.72	YES
2186865070	1835063317	четки в машину	GENERIC_RELEVANT	867.0	0.0	0.0	GAP_PRESENT	GAP_PRESENT	LOW	FAMILY_CANDIDATE	LONG_DESCRIPTION	GENERIC_RELEVANT; coverage=GAP_PRESENT; ownership=STORE_GENERIC; observed slices=1.	0.76	YES
2186865070	1835063317	четки в машину женские	GENERIC_RELEVANT	1.0	0.0	0.0	GAP_PRESENT	GAP_PRESENT	LOW	FAMILY_CANDIDATE	LONG_DESCRIPTION	GENERIC_RELEVANT; coverage=GAP_PRESENT; ownership=FAMILY_SHARED; observed slices=1.	0.76	YES
2186865070	1835063317	энергетик	AMBIGUOUS_HOLD	7321.0	0.0	0.0	GAP_PRESENT	GAP_PRESENT	MEDIUM	HOLD_AMBIGUOUS	HOLD	AMBIGUOUS_HOLD; coverage=GAP_PRESENT; ownership=UNCLEAR; observed slices=1.	0.42	YES
2271188511	1947980208	monster energy подвеска на зеркало в машину	GENERIC_RELEVANT	1.0	0.0	0.0	GAP_PRESENT	GAP_PRESENT	LOW	FAMILY_CANDIDATE	LONG_DESCRIPTION	GENERIC_RELEVANT; coverage=GAP_PRESENT; ownership=FAMILY_SHARED; observed slices=1.	0.76	YES
2271188511	1947980208	автоподвеска на зеркало авто для женщин	GENERIC_RELEVANT	0.0	0.0	0.0	GAP_PRESENT	GAP_PRESENT	LOW	FAMILY_CANDIDATE	LONG_DESCRIPTION	GENERIC_RELEVANT; coverage=GAP_PRESENT; ownership=FAMILY_SHARED; observed slices=1.	0.76	YES
2271188511	1947980208	амулет в машину на зеркало	GENERIC_RELEVANT	24.0	0.0	0.0	GAP_PRESENT	GAP_PRESENT	LOW	FAMILY_CANDIDATE	LONG_DESCRIPTION	GENERIC_RELEVANT; coverage=GAP_PRESENT; ownership=STORE_GENERIC; observed slices=1.	0.76	YES
2271188511	1947980208	амулет для автомобиля в машину на зеркало	GENERIC_RELEVANT	2.0	0.0	0.0	GAP_PRESENT	GAP_PRESENT	LOW	FAMILY_CANDIDATE	LONG_DESCRIPTION	GENERIC_RELEVANT; coverage=GAP_PRESENT; ownership=STORE_GENERIC; observed slices=1.	0.76	YES
2271188511	1947980208	амулет для львп	GENERIC_RELEVANT	1.0	0.0	0.0	GAP_PRESENT	GAP_PRESENT	LOW	FAMILY_CANDIDATE	LONG_DESCRIPTION	GENERIC_RELEVANT; coverage=GAP_PRESENT; ownership=FAMILY_SHARED; observed slices=1.	0.72	YES
2271188511	1947980208	амулет для машины подвеска	GENERIC_RELEVANT	1.0	0.0	0.0	GAP_PRESENT	GAP_PRESENT	LOW	FAMILY_CANDIDATE	LONG_DESCRIPTION	GENERIC_RELEVANT; coverage=GAP_PRESENT; ownership=STORE_GENERIC; observed slices=1.	0.76	YES
2271188511	1947980208	амулет зеркало мужской	GENERIC_RELEVANT	1.0	0.0	0.0	GAP_PRESENT	GAP_PRESENT	LOW	FAMILY_CANDIDATE	LONG_DESCRIPTION	GENERIC_RELEVANT; coverage=GAP_PRESENT; ownership=FAMILY_SHARED; observed slices=1.	0.76	YES
2271188511	1947980208	амулет на удачу в машину	GENERIC_RELEVANT	1.0	0.0	0.0	GAP_PRESENT	GAP_PRESENT	LOW	FAMILY_CANDIDATE	LONG_DESCRIPTION	GENERIC_RELEVANT; coverage=GAP_PRESENT; ownership=FAMILY_SHARED; observed slices=1.	0.76	YES
2271188511	1947980208	амулет с зеркалом подвеска	GENERIC_RELEVANT	1.0	0.0	0.0	GAP_PRESENT	GAP_PRESENT	LOW	FAMILY_CANDIDATE	LONG_DESCRIPTION	GENERIC_RELEVANT; coverage=GAP_PRESENT; ownership=STORE_GENERIC; observed slices=1.	0.76	YES
2271188511	1947980208	амулеты обереги и талисманы	GENERIC_RELEVANT	294.0	0.0	0.0	GAP_PRESENT	GAP_PRESENT	LOW	FAMILY_CANDIDATE	LONG_DESCRIPTION	GENERIC_RELEVANT; coverage=GAP_PRESENT; ownership=STORE_GENERIC; observed slices=2.	0.72	YES
2271188511	1947980208	амулеты обереги и талисманы зеркалр	GENERIC_RELEVANT	0.0	0.0	0.0	GAP_PRESENT	GAP_PRESENT	LOW	FAMILY_CANDIDATE	LONG_DESCRIPTION	GENERIC_RELEVANT; coverage=GAP_PRESENT; ownership=STORE_GENERIC; observed slices=1.	0.76	YES
2271188511	1947980208	аодвеска зеркало	GENERIC_RELEVANT	0.0	0.0	0.0	GAP_PRESENT	GAP_PRESENT	LOW	FAMILY_CANDIDATE	LONG_DESCRIPTION	GENERIC_RELEVANT; coverage=GAP_PRESENT; ownership=STORE_GENERIC; observed slices=1.	0.76	YES
2271188511	1947980208	ароматизатор в машину шайба повесить на зеркало	GENERIC_RELEVANT	1.0	0.0	0.0	GAP_PRESENT	GAP_PRESENT	LOW	FAMILY_CANDIDATE	LONG_DESCRIPTION	GENERIC_RELEVANT; coverage=GAP_PRESENT; ownership=FAMILY_SHARED; observed slices=1.	0.76	YES
2271188511	1947980208	брелок артиллерия в машину на зеркало пушка	GENERIC_RELEVANT	1.0	0.0	0.0	GAP_PRESENT	GAP_PRESENT	LOW	FAMILY_CANDIDATE	LONG_DESCRIPTION	GENERIC_RELEVANT; coverage=GAP_PRESENT; ownership=FAMILY_SHARED; observed slices=1.	0.76	YES
2271188511	1947980208	брелок в машину на зеркало	GENERIC_RELEVANT	302.0	0.0	0.0	GAP_PRESENT	GAP_PRESENT	LOW	FAMILY_CANDIDATE	LONG_DESCRIPTION	GENERIC_RELEVANT; coverage=GAP_PRESENT; ownership=STORE_GENERIC; observed slices=1.	0.76	YES
2271188511	1947980208	брелок в машину на зеркало пушистики	GENERIC_RELEVANT	0.0	0.0	0.0	GAP_PRESENT	GAP_PRESENT	LOW	FAMILY_CANDIDATE	LONG_DESCRIPTION	GENERIC_RELEVANT; coverage=GAP_PRESENT; ownership=STORE_GENERIC; observed slices=1.	0.76	YES
2271188511	1947980208	брелок в машину на зеркало славянский	NEIGHBOR_PRODUCT	1.0	0.0	0.0	NOT_APPLICABLE	NOT_APPLICABLE	LOW	REJECT_NEIGHBOR	NONE	NEIGHBOR_PRODUCT; coverage=NOT_APPLICABLE; ownership=EXCLUDED; observed slices=1.	0.90	NO
2271188511	1947980208	брелок знаки зодиака лев	EXACT_PRODUCT	0.0	0.0	0.0	PARTIAL_GAP	PARTIAL_GAP	LOW	READY_CANDIDATE	LONG_DESCRIPTION	EXACT_PRODUCT; coverage=PARTIAL_GAP; ownership=SKU_SPECIFIC; observed slices=1.	0.96	YES
2271188511	1947980208	брелок на зеркало в машину фемида	GENERIC_RELEVANT	0.0	0.0	0.0	GAP_PRESENT	GAP_PRESENT	LOW	FAMILY_CANDIDATE	LONG_DESCRIPTION	GENERIC_RELEVANT; coverage=GAP_PRESENT; ownership=STORE_GENERIC; observed slices=1.	0.76	YES
2271188511	1947980208	брелок талисман лев в машину	EXACT_PRODUCT	0.0	0.0	0.0	PARTIAL_GAP	PARTIAL_GAP	LOW	READY_CANDIDATE	LONG_DESCRIPTION	EXACT_PRODUCT; coverage=PARTIAL_GAP; ownership=SKU_SPECIFIC; observed slices=1.	0.96	YES
2271188511	1947980208	бусина лев знак зодиака оберег	EXACT_PRODUCT	0.0	0.0	0.0	PARTIAL_GAP	PARTIAL_GAP	HIGH	READY_CANDIDATE	LONG_DESCRIPTION	EXACT_PRODUCT; coverage=PARTIAL_GAP; ownership=FAMILY_SHARED; observed slices=1.	0.96	YES
2271188511	1947980208	в машину	GENERIC_RELEVANT	559.0	0.0	0.0	GAP_PRESENT	GAP_PRESENT	LOW	FAMILY_CANDIDATE	LONG_DESCRIPTION	GENERIC_RELEVANT; coverage=GAP_PRESENT; ownership=STORE_GENERIC; observed slices=1.	0.76	YES
2271188511	1947980208	в машину амулет	GENERIC_RELEVANT	0.0	0.0	0.0	GAP_PRESENT	GAP_PRESENT	LOW	FAMILY_CANDIDATE	LONG_DESCRIPTION	GENERIC_RELEVANT; coverage=GAP_PRESENT; ownership=STORE_GENERIC; observed slices=2.	0.76	YES
2271188511	1947980208	в машину красивую подвеску с нашим триколором	GENERIC_RELEVANT	1.0	0.0	0.0	GAP_PRESENT	GAP_PRESENT	LOW	FAMILY_CANDIDATE	LONG_DESCRIPTION	GENERIC_RELEVANT; coverage=GAP_PRESENT; ownership=FAMILY_SHARED; observed slices=1.	0.76	YES
2271188511	1947980208	в машину мужчине амулет	GENERIC_RELEVANT	1.0	0.0	0.0	GAP_PRESENT	GAP_PRESENT	LOW	FAMILY_CANDIDATE	LONG_DESCRIPTION	GENERIC_RELEVANT; coverage=GAP_PRESENT; ownership=FAMILY_SHARED; observed slices=1.	0.76	YES
2271188511	1947980208	висюлька в машину на зеркало девушка на качельке	GENERIC_RELEVANT	1.0	0.0	0.0	GAP_PRESENT	GAP_PRESENT	LOW	FAMILY_CANDIDATE	LONG_DESCRIPTION	GENERIC_RELEVANT; coverage=GAP_PRESENT; ownership=FAMILY_SHARED; observed slices=1.	0.76	YES
2271188511	1947980208	висюльки диско шар в машину на зеркало	GENERIC_RELEVANT	1.0	0.0	0.0	GAP_PRESENT	GAP_PRESENT	LOW	FAMILY_CANDIDATE	LONG_DESCRIPTION	GENERIC_RELEVANT; coverage=GAP_PRESENT; ownership=FAMILY_SHARED; observed slices=1.	0.76	YES
2271188511	1947980208	висюльки для авто на зеркало знак зодиака лев	EXACT_PRODUCT	0.0	0.0	0.0	PARTIAL_GAP	PARTIAL_GAP	HIGH	READY_CANDIDATE	LONG_DESCRIPTION	EXACT_PRODUCT; coverage=PARTIAL_GAP; ownership=FAMILY_SHARED; observed slices=1.	0.96	YES
2271188511	1947980208	голая жеещина подвеска в машину	GENERIC_RELEVANT	1.0	0.0	0.0	GAP_PRESENT	GAP_PRESENT	LOW	FAMILY_CANDIDATE	LONG_DESCRIPTION	GENERIC_RELEVANT; coverage=GAP_PRESENT; ownership=FAMILY_SHARED; observed slices=1.	0.76	YES
2271188511	1947980208	девушка в авто назеркало	GENERIC_RELEVANT	1.0	0.0	0.0	GAP_PRESENT	GAP_PRESENT	LOW	FAMILY_CANDIDATE	LONG_DESCRIPTION	GENERIC_RELEVANT; coverage=GAP_PRESENT; ownership=FAMILY_SHARED; observed slices=1.	0.76	YES
2271188511	1947980208	демон на машину подвеска на стекло маленькие	GENERIC_RELEVANT	0.0	0.0	0.0	GAP_PRESENT	GAP_PRESENT	LOW	FAMILY_CANDIDATE	LONG_DESCRIPTION	GENERIC_RELEVANT; coverage=GAP_PRESENT; ownership=STORE_GENERIC; observed slices=1.	0.76	YES
2271188511	1947980208	джиу джитсу на машину подвеска на зеркало	GENERIC_RELEVANT	1.0	0.0	0.0	GAP_PRESENT	GAP_PRESENT	LOW	FAMILY_CANDIDATE	LONG_DESCRIPTION	GENERIC_RELEVANT; coverage=GAP_PRESENT; ownership=FAMILY_SHARED; observed slices=1.	0.76	YES
2271188511	1947980208	для салона машины подвеска	GENERIC_RELEVANT	0.0	0.0	0.0	GAP_PRESENT	GAP_PRESENT	LOW	FAMILY_CANDIDATE	LONG_DESCRIPTION	GENERIC_RELEVANT; coverage=GAP_PRESENT; ownership=STORE_GENERIC; observed slices=1.	0.76	YES
2271188511	1947980208	дьявол игрушка страшная в машину на зеркало	GENERIC_RELEVANT	1.0	0.0	0.0	GAP_PRESENT	GAP_PRESENT	LOW	FAMILY_CANDIDATE	LONG_DESCRIPTION	GENERIC_RELEVANT; coverage=GAP_PRESENT; ownership=STORE_GENERIC; observed slices=1.	0.76	YES
2271188511	1947980208	знак задиа лев	STRONG_PRODUCT	0.0	0.0	0.0	PARTIAL_GAP	PARTIAL_GAP	LOW	READY_CANDIDATE	LONG_DESCRIPTION	STRONG_PRODUCT; coverage=PARTIAL_GAP; ownership=SKU_SPECIFIC; observed slices=1.	0.96	YES
2271188511	1947980208	знак зодиака лев	EXACT_PRODUCT	242.0	0.0	0.0	NO_GAP	NO_GAP	HIGH	NO_CHANGE	NONE	EXACT_PRODUCT; coverage=NO_GAP; ownership=FAMILY_SHARED; observed slices=1.	0.96	YES
2271188511	1947980208	знак зодиака лев мужчина	EXACT_PRODUCT	0.0	0.0	0.0	PARTIAL_GAP	PARTIAL_GAP	LOW	READY_CANDIDATE	LONG_DESCRIPTION	EXACT_PRODUCT; coverage=PARTIAL_GAP; ownership=SKU_SPECIFIC; observed slices=1.	0.96	YES
2271188511	1947980208	игрушка талисман в машину	GENERIC_RELEVANT	1.0	0.0	0.0	GAP_PRESENT	GAP_PRESENT	LOW	FAMILY_CANDIDATE	LONG_DESCRIPTION	GENERIC_RELEVANT; coverage=GAP_PRESENT; ownership=FAMILY_SHARED; observed slices=1.	0.76	YES
2271188511	1947980208	лев	STRONG_PRODUCT	1884.0	0.0	0.0	NO_GAP	NO_GAP	HIGH	NO_CHANGE	NONE	STRONG_PRODUCT; coverage=NO_GAP; ownership=FAMILY_SHARED; observed slices=1.	0.96	YES
2271188511	1947980208	ловец снов в машину	GENERIC_RELEVANT	357.0	0.0	0.0	GAP_PRESENT	GAP_PRESENT	LOW	FAMILY_CANDIDATE	LONG_DESCRIPTION	GENERIC_RELEVANT; coverage=GAP_PRESENT; ownership=FAMILY_SHARED; observed slices=1.	0.76	YES
2271188511	1947980208	на зеркало в машину подвеска	GENERIC_RELEVANT	372.0	0.0	0.0	GAP_PRESENT	GAP_PRESENT	LOW	FAMILY_CANDIDATE	LONG_DESCRIPTION	GENERIC_RELEVANT; coverage=GAP_PRESENT; ownership=STORE_GENERIC; observed slices=1.	0.76	YES
2271188511	1947980208	наблр для творчества знако зодиака	FAMILY_RELEVANT	1.0	0.0	0.0	GAP_PRESENT	GAP_PRESENT	LOW	FAMILY_CANDIDATE	LONG_DESCRIPTION	FAMILY_RELEVANT; coverage=GAP_PRESENT; ownership=FAMILY_SHARED; observed slices=1.	0.86	YES
2271188511	1947980208	оберег	GENERIC_RELEVANT	950.0	0.0	0.0	GAP_PRESENT	GAP_PRESENT	LOW	FAMILY_CANDIDATE	LONG_DESCRIPTION	GENERIC_RELEVANT; coverage=GAP_PRESENT; ownership=STORE_GENERIC; observed slices=1.	0.72	YES
2271188511	1947980208	оберег в машину мусульманский четки	GENERIC_RELEVANT	1.0	0.0	0.0	GAP_PRESENT	GAP_PRESENT	LOW	FAMILY_CANDIDATE	LONG_DESCRIPTION	GENERIC_RELEVANT; coverage=GAP_PRESENT; ownership=FAMILY_SHARED; observed slices=1.	0.76	YES
2271188511	1947980208	оберег в машину славянский	NEIGHBOR_PRODUCT	3.0	0.0	0.0	NOT_APPLICABLE	NOT_APPLICABLE	LOW	REJECT_NEIGHBOR	NONE	NEIGHBOR_PRODUCT; coverage=NOT_APPLICABLE; ownership=FAMILY_SHARED; observed slices=1.	0.90	NO
2271188511	1947980208	повеска в машину	GENERIC_RELEVANT	2.0	0.0	0.0	GAP_PRESENT	GAP_PRESENT	LOW	FAMILY_CANDIDATE	LONG_DESCRIPTION	GENERIC_RELEVANT; coverage=GAP_PRESENT; ownership=FAMILY_SHARED; observed slices=1.	0.76	YES
2271188511	1947980208	подвеска в автомобиль	GENERIC_RELEVANT	481.0	0.0	0.0	GAP_PRESENT	GAP_PRESENT	LOW	FAMILY_CANDIDATE	LONG_DESCRIPTION	GENERIC_RELEVANT; coverage=GAP_PRESENT; ownership=STORE_GENERIC; observed slices=1.	0.76	YES
2271188511	1947980208	подвеска в автомобиль на зеркало	GENERIC_RELEVANT	374.0	0.0	0.0	GAP_PRESENT	GAP_PRESENT	LOW	FAMILY_CANDIDATE	LONG_DESCRIPTION	GENERIC_RELEVANT; coverage=GAP_PRESENT; ownership=STORE_GENERIC; observed slices=1.	0.76	YES
2271188511	1947980208	подвеска в машину	GENERIC_RELEVANT	7092.0	0.0	0.0	GAP_PRESENT	GAP_PRESENT	LOW	FAMILY_CANDIDATE	LONG_DESCRIPTION	GENERIC_RELEVANT; coverage=GAP_PRESENT; ownership=STORE_GENERIC; observed slices=1.	0.76	YES
2271188511	1947980208	подвеска в машину на зеркало	GENERIC_RELEVANT	6256.0	0.0	0.0	GAP_PRESENT	GAP_PRESENT	LOW	FAMILY_CANDIDATE	LONG_DESCRIPTION	GENERIC_RELEVANT; coverage=GAP_PRESENT; ownership=STORE_GENERIC; observed slices=1.	0.76	YES
2271188511	1947980208	подвеска в машину на зеркало девушке	GENERIC_RELEVANT	0.0	0.0	0.0	GAP_PRESENT	GAP_PRESENT	LOW	FAMILY_CANDIDATE	LONG_DESCRIPTION	GENERIC_RELEVANT; coverage=GAP_PRESENT; ownership=FAMILY_SHARED; observed slices=1.	0.76	YES
2271188511	1947980208	подвеска мужская	GENERIC_RELEVANT	2524.0	0.0	0.0	GAP_PRESENT	GAP_PRESENT	LOW	FAMILY_CANDIDATE	LONG_DESCRIPTION	GENERIC_RELEVANT; coverage=GAP_PRESENT; ownership=STORE_GENERIC; observed slices=1.	0.72	YES
2271188511	1947980208	подвеска на зеркало в машину	GENERIC_RELEVANT	1288.0	0.0	0.0	GAP_PRESENT	GAP_PRESENT	LOW	FAMILY_CANDIDATE	LONG_DESCRIPTION	GENERIC_RELEVANT; coverage=GAP_PRESENT; ownership=STORE_GENERIC; observed slices=1.	0.76	YES
2271188511	1947980208	подвески знаки зодиака	FAMILY_RELEVANT	3.0	0.0	0.0	GAP_PRESENT	GAP_PRESENT	LOW	FAMILY_CANDIDATE	LONG_DESCRIPTION	FAMILY_RELEVANT; coverage=GAP_PRESENT; ownership=FAMILY_SHARED; observed slices=1.	0.86	YES
2271188511	1947980208	подвестка в машину	GENERIC_RELEVANT	21.0	0.0	0.0	GAP_PRESENT	GAP_PRESENT	LOW	FAMILY_CANDIDATE	LONG_DESCRIPTION	GENERIC_RELEVANT; coverage=GAP_PRESENT; ownership=FAMILY_SHARED; observed slices=1.	0.76	YES
2271188511	1947980208	славянский оберег подвеска	NEIGHBOR_PRODUCT	3.0	0.0	0.0	NOT_APPLICABLE	NOT_APPLICABLE	LOW	REJECT_NEIGHBOR	NONE	NEIGHBOR_PRODUCT; coverage=NOT_APPLICABLE; ownership=FAMILY_SHARED; observed slices=1.	0.90	NO
2271188511	1947980208	четки в машину	GENERIC_RELEVANT	973.0	0.0	0.0	GAP_PRESENT	GAP_PRESENT	LOW	FAMILY_CANDIDATE	LONG_DESCRIPTION	GENERIC_RELEVANT; coverage=GAP_PRESENT; ownership=STORE_GENERIC; observed slices=1.	0.76	YES
2271188511	1947980208	четки для знака зодиака лев мужчине в подарочной упаковке	EXACT_PRODUCT	1.0	0.0	781.0	PARTIAL_GAP	PARTIAL_GAP	LOW	READY_CANDIDATE	LONG_DESCRIPTION	EXACT_PRODUCT; coverage=PARTIAL_GAP; ownership=SKU_SPECIFIC; observed slices=1.	0.96	YES
2271210394	1948032144	no pasaran подвеска в машину	GENERIC_RELEVANT	1.0	0.0	0.0	GAP_PRESENT	GAP_PRESENT	LOW	FAMILY_CANDIDATE	LONG_DESCRIPTION	GENERIC_RELEVANT; coverage=GAP_PRESENT; ownership=STORE_GENERIC; observed slices=1.	0.76	YES
2271210394	1948032144	автоподвеска мужска	GENERIC_RELEVANT	0.0	0.0	0.0	GAP_PRESENT	GAP_PRESENT	LOW	FAMILY_CANDIDATE	LONG_DESCRIPTION	GENERIC_RELEVANT; coverage=GAP_PRESENT; ownership=STORE_GENERIC; observed slices=1.	0.76	YES
2271210394	1948032144	автоподвеска на зеркало авто для женщин	GENERIC_RELEVANT	0.0	0.0	0.0	GAP_PRESENT	GAP_PRESENT	LOW	FAMILY_CANDIDATE	LONG_DESCRIPTION	GENERIC_RELEVANT; coverage=GAP_PRESENT; ownership=FAMILY_SHARED; observed slices=1.	0.76	YES
2271210394	1948032144	амулет скорпион на шею талисман	NEIGHBOR_PRODUCT	1.0	0.0	0.0	NOT_APPLICABLE	NOT_APPLICABLE	LOW	REJECT_NEIGHBOR	NONE	NEIGHBOR_PRODUCT; coverage=NOT_APPLICABLE; ownership=EXCLUDED; observed slices=1.	0.98	NO
2271210394	1948032144	амулеты обереги и талисманы	GENERIC_RELEVANT	109.0	0.0	0.0	GAP_PRESENT	GAP_PRESENT	LOW	FAMILY_CANDIDATE	LONG_DESCRIPTION	GENERIC_RELEVANT; coverage=GAP_PRESENT; ownership=STORE_GENERIC; observed slices=1.	0.72	YES
2271210394	1948032144	близнец подвеска	PARTIAL_RELEVANCE	1.0	0.0	0.0	NO_GAP	NO_GAP	MEDIUM	HOLD_AMBIGUOUS	HOLD	PARTIAL_RELEVANCE; coverage=NO_GAP; ownership=UNCLEAR; observed slices=1.	0.60	YES
2271210394	1948032144	близнецы	STRONG_PRODUCT	574.0	0.0	0.0	NO_GAP	NO_GAP	HIGH	NO_CHANGE	NONE	STRONG_PRODUCT; coverage=NO_GAP; ownership=FAMILY_SHARED; observed slices=1.	0.96	YES
2271210394	1948032144	близнецы в машину подвеска в салон	EXACT_PRODUCT	1.0	0.0	0.0	NO_GAP	NO_GAP	LOW	NO_CHANGE	NONE	EXACT_PRODUCT; coverage=NO_GAP; ownership=SKU_SPECIFIC; observed slices=1.	0.96	NO
2271210394	1948032144	близнецы для рукоделия	STRONG_PRODUCT	1.0	0.0	0.0	PARTIAL_GAP	PARTIAL_GAP	LOW	READY_CANDIDATE	LONG_DESCRIPTION	STRONG_PRODUCT; coverage=PARTIAL_GAP; ownership=SKU_SPECIFIC; observed slices=1.	0.96	YES
2271210394	1948032144	близнецы мужчина	STRONG_PRODUCT	1.0	0.0	0.0	PARTIAL_GAP	PARTIAL_GAP	LOW	READY_CANDIDATE	LONG_DESCRIPTION	STRONG_PRODUCT; coverage=PARTIAL_GAP; ownership=SKU_SPECIFIC; observed slices=1.	0.96	YES
2271210394	1948032144	близнецы на лобовое	STRONG_PRODUCT	1.0	0.0	0.0	PARTIAL_GAP	PARTIAL_GAP	LOW	READY_CANDIDATE	LONG_DESCRIPTION	STRONG_PRODUCT; coverage=PARTIAL_GAP; ownership=SKU_SPECIFIC; observed slices=1.	0.96	YES
2271210394	1948032144	браслет талисман для женщины близнеца	PARTIAL_RELEVANCE	1.0	0.0	0.0	PARTIAL_GAP	PARTIAL_GAP	MEDIUM	HOLD_AMBIGUOUS	HOLD	PARTIAL_RELEVANCE; coverage=PARTIAL_GAP; ownership=UNCLEAR; observed slices=1.	0.60	YES
2271210394	1948032144	брелок близнецы плоский	STRONG_PRODUCT	0.0	0.0	0.0	PARTIAL_GAP	PARTIAL_GAP	LOW	READY_CANDIDATE	LONG_DESCRIPTION	STRONG_PRODUCT; coverage=PARTIAL_GAP; ownership=SKU_SPECIFIC; observed slices=1.	0.96	YES
2271210394	1948032144	брелок в машину на зеркало	GENERIC_RELEVANT	147.0	0.0	0.0	GAP_PRESENT	GAP_PRESENT	LOW	FAMILY_CANDIDATE	LONG_DESCRIPTION	GENERIC_RELEVANT; coverage=GAP_PRESENT; ownership=STORE_GENERIC; observed slices=1.	0.76	YES
2271210394	1948032144	брелок в машину на зеркало пушистики	GENERIC_RELEVANT	0.0	0.0	0.0	GAP_PRESENT	GAP_PRESENT	LOW	FAMILY_CANDIDATE	LONG_DESCRIPTION	GENERIC_RELEVANT; coverage=GAP_PRESENT; ownership=STORE_GENERIC; observed slices=1.	0.76	YES
2271210394	1948032144	брелок в машину на зеркало четки	GENERIC_RELEVANT	1.0	0.0	0.0	GAP_PRESENT	GAP_PRESENT	LOW	FAMILY_CANDIDATE	LONG_DESCRIPTION	GENERIC_RELEVANT; coverage=GAP_PRESENT; ownership=FAMILY_SHARED; observed slices=1.	0.76	YES
2271210394	1948032144	бусы в машину на зеркало тюремные	GENERIC_RELEVANT	1.0	0.0	0.0	GAP_PRESENT	GAP_PRESENT	LOW	FAMILY_CANDIDATE	LONG_DESCRIPTION	GENERIC_RELEVANT; coverage=GAP_PRESENT; ownership=FAMILY_SHARED; observed slices=1.	0.76	YES
2271210394	1948032144	бусы оберег	GENERIC_RELEVANT	0.0	0.0	0.0	GAP_PRESENT	GAP_PRESENT	LOW	FAMILY_CANDIDATE	LONG_DESCRIPTION	GENERIC_RELEVANT; coverage=GAP_PRESENT; ownership=STORE_GENERIC; observed slices=1.	0.72	YES
2271210394	1948032144	в машину женщине подвеска	GENERIC_RELEVANT	0.0	0.0	0.0	GAP_PRESENT	GAP_PRESENT	LOW	FAMILY_CANDIDATE	LONG_DESCRIPTION	GENERIC_RELEVANT; coverage=GAP_PRESENT; ownership=FAMILY_SHARED; observed slices=1.	0.76	YES
2271210394	1948032144	в машину подвеска	GENERIC_RELEVANT	137.0	0.0	0.0	GAP_PRESENT	GAP_PRESENT	LOW	FAMILY_CANDIDATE	LONG_DESCRIPTION	GENERIC_RELEVANT; coverage=GAP_PRESENT; ownership=STORE_GENERIC; observed slices=1.	0.76	YES
2271210394	1948032144	висюльки на зеркало в машину мужское лицо	GENERIC_RELEVANT	1.0	0.0	0.0	GAP_PRESENT	GAP_PRESENT	LOW	FAMILY_CANDIDATE	LONG_DESCRIPTION	GENERIC_RELEVANT; coverage=GAP_PRESENT; ownership=FAMILY_SHARED; observed slices=1.	0.76	YES
2271210394	1948032144	висючка в машину на зеркало люстра	GENERIC_RELEVANT	0.0	0.0	0.0	GAP_PRESENT	GAP_PRESENT	LOW	FAMILY_CANDIDATE	LONG_DESCRIPTION	GENERIC_RELEVANT; coverage=GAP_PRESENT; ownership=STORE_GENERIC; observed slices=1.	0.76	YES
2271210394	1948032144	вольного борца подвеска в машину	GENERIC_RELEVANT	1.0	0.0	0.0	GAP_PRESENT	GAP_PRESENT	LOW	FAMILY_CANDIDATE	LONG_DESCRIPTION	GENERIC_RELEVANT; coverage=GAP_PRESENT; ownership=STORE_GENERIC; observed slices=1.	0.76	YES
2271210394	1948032144	декоративная подвеска в машину	GENERIC_RELEVANT	1.0	0.0	0.0	GAP_PRESENT	GAP_PRESENT	LOW	FAMILY_CANDIDATE	LONG_DESCRIPTION	GENERIC_RELEVANT; coverage=GAP_PRESENT; ownership=STORE_GENERIC; observed slices=1.	0.76	YES
2271210394	1948032144	демон на машину подвеска на стекло маленькие	GENERIC_RELEVANT	0.0	0.0	0.0	GAP_PRESENT	GAP_PRESENT	LOW	FAMILY_CANDIDATE	LONG_DESCRIPTION	GENERIC_RELEVANT; coverage=GAP_PRESENT; ownership=STORE_GENERIC; observed slices=1.	0.76	YES
2271210394	1948032144	для гаданий зеркало	GENERIC_RELEVANT	1.0	0.0	0.0	GAP_PRESENT	GAP_PRESENT	LOW	FAMILY_CANDIDATE	LONG_DESCRIPTION	GENERIC_RELEVANT; coverage=GAP_PRESENT; ownership=FAMILY_SHARED; observed slices=1.	0.76	YES
2271210394	1948032144	дорожный знак в авто	GENERIC_RELEVANT	0.0	0.0	0.0	GAP_PRESENT	GAP_PRESENT	LOW	FAMILY_CANDIDATE	LONG_DESCRIPTION	GENERIC_RELEVANT; coverage=GAP_PRESENT; ownership=FAMILY_SHARED; observed slices=1.	0.76	YES
2271210394	1948032144	зеркало на праворукую машину на встречку	GENERIC_RELEVANT	0.0	0.0	0.0	GAP_PRESENT	GAP_PRESENT	LOW	FAMILY_CANDIDATE	LONG_DESCRIPTION	GENERIC_RELEVANT; coverage=GAP_PRESENT; ownership=FAMILY_SHARED; observed slices=1.	0.76	YES
2271210394	1948032144	знак атлантов	AMBIGUOUS_HOLD	7.0	0.0	0.0	GAP_PRESENT	GAP_PRESENT	MEDIUM	HOLD_AMBIGUOUS	HOLD	AMBIGUOUS_HOLD; coverage=GAP_PRESENT; ownership=UNCLEAR; observed slices=1.	0.42	YES
2271210394	1948032144	знак зеркальный	GENERIC_RELEVANT	2.0	0.0	0.0	GAP_PRESENT	GAP_PRESENT	LOW	FAMILY_CANDIDATE	LONG_DESCRIPTION	GENERIC_RELEVANT; coverage=GAP_PRESENT; ownership=FAMILY_SHARED; observed slices=1.	0.76	YES
2271210394	1948032144	знак туфелька блестящая на машину	GENERIC_RELEVANT	0.0	0.0	0.0	GAP_PRESENT	GAP_PRESENT	LOW	FAMILY_CANDIDATE	LONG_DESCRIPTION	GENERIC_RELEVANT; coverage=GAP_PRESENT; ownership=FAMILY_SHARED; observed slices=1.	0.76	YES
2271210394	1948032144	игрушка на зеркало в машину пачка сигарет	GENERIC_RELEVANT	0.0	0.0	0.0	GAP_PRESENT	GAP_PRESENT	LOW	FAMILY_CANDIDATE	LONG_DESCRIPTION	GENERIC_RELEVANT; coverage=GAP_PRESENT; ownership=FAMILY_SHARED; observed slices=1.	0.76	YES
2271210394	1948032144	камни близнец знак зодиака	FAMILY_RELEVANT	1.0	0.0	0.0	PARTIAL_GAP	PARTIAL_GAP	LOW	FAMILY_CANDIDATE	LONG_DESCRIPTION	FAMILY_RELEVANT; coverage=PARTIAL_GAP; ownership=FAMILY_SHARED; observed slices=1.	0.86	YES
2271210394	1948032144	колье близнецы на шею	STRONG_PRODUCT	1.0	0.0	0.0	PARTIAL_GAP	PARTIAL_GAP	LOW	READY_CANDIDATE	LONG_DESCRIPTION	STRONG_PRODUCT; coverage=PARTIAL_GAP; ownership=SKU_SPECIFIC; observed slices=1.	0.96	YES
2271210394	1948032144	коробочка в машину	GENERIC_RELEVANT	2.0	0.0	0.0	GAP_PRESENT	GAP_PRESENT	LOW	FAMILY_CANDIDATE	LONG_DESCRIPTION	GENERIC_RELEVANT; coverage=GAP_PRESENT; ownership=FAMILY_SHARED; observed slices=1.	0.76	YES
2271210394	1948032144	кулон в машину женский на зеркало	GENERIC_RELEVANT	1.0	0.0	0.0	GAP_PRESENT	GAP_PRESENT	LOW	FAMILY_CANDIDATE	LONG_DESCRIPTION	GENERIC_RELEVANT; coverage=GAP_PRESENT; ownership=FAMILY_SHARED; observed slices=1.	0.76	YES
2271210394	1948032144	кулончик с машинкой	GENERIC_RELEVANT	0.0	0.0	0.0	GAP_PRESENT	GAP_PRESENT	LOW	FAMILY_CANDIDATE	LONG_DESCRIPTION	GENERIC_RELEVANT; coverage=GAP_PRESENT; ownership=FAMILY_SHARED; observed slices=1.	0.76	YES
2271210394	1948032144	маска близнецы	STRONG_PRODUCT	1.0	0.0	0.0	PARTIAL_GAP	PARTIAL_GAP	LOW	READY_CANDIDATE	LONG_DESCRIPTION	STRONG_PRODUCT; coverage=PARTIAL_GAP; ownership=SKU_SPECIFIC; observed slices=1.	0.96	YES
2271210394	1948032144	мусульманский талисман нс зеркало	GENERIC_RELEVANT	1.0	0.0	0.0	GAP_PRESENT	GAP_PRESENT	LOW	FAMILY_CANDIDATE	LONG_DESCRIPTION	GENERIC_RELEVANT; coverage=GAP_PRESENT; ownership=FAMILY_SHARED; observed slices=1.	0.76	YES
2271210394	1948032144	на зеркало автомобиля подвеска	GENERIC_RELEVANT	39.0	0.0	0.0	GAP_PRESENT	GAP_PRESENT	LOW	FAMILY_CANDIDATE	LONG_DESCRIPTION	GENERIC_RELEVANT; coverage=GAP_PRESENT; ownership=FAMILY_SHARED; observed slices=1.	0.76	YES
2271210394	1948032144	необычный обвес в машину на зеркало	GENERIC_RELEVANT	0.0	0.0	0.0	GAP_PRESENT	GAP_PRESENT	LOW	FAMILY_CANDIDATE	LONG_DESCRIPTION	GENERIC_RELEVANT; coverage=GAP_PRESENT; ownership=FAMILY_SHARED; observed slices=1.	0.76	YES
2271210394	1948032144	оберег	GENERIC_RELEVANT	774.0	0.0	0.0	GAP_PRESENT	GAP_PRESENT	LOW	FAMILY_CANDIDATE	LONG_DESCRIPTION	GENERIC_RELEVANT; coverage=GAP_PRESENT; ownership=STORE_GENERIC; observed slices=1.	0.72	YES
2271210394	1948032144	оберег в машину	GENERIC_RELEVANT	300.0	0.0	0.0	GAP_PRESENT	GAP_PRESENT	LOW	FAMILY_CANDIDATE	LONG_DESCRIPTION	GENERIC_RELEVANT; coverage=GAP_PRESENT; ownership=STORE_GENERIC; observed slices=1.	0.76	YES
2271210394	1948032144	оберег в машину на зеркало женский	GENERIC_RELEVANT	0.0	0.0	0.0	GAP_PRESENT	GAP_PRESENT	LOW	FAMILY_CANDIDATE	LONG_DESCRIPTION	GENERIC_RELEVANT; coverage=GAP_PRESENT; ownership=STORE_GENERIC; observed slices=1.	0.76	YES
2271210394	1948032144	оберег мусульманский в машину в форме звезды	GENERIC_RELEVANT	0.0	0.0	0.0	GAP_PRESENT	GAP_PRESENT	LOW	FAMILY_CANDIDATE	LONG_DESCRIPTION	GENERIC_RELEVANT; coverage=GAP_PRESENT; ownership=FAMILY_SHARED; observed slices=1.	0.76	YES
2271210394	1948032144	оталисман в авто	GENERIC_RELEVANT	1.0	0.0	0.0	GAP_PRESENT	GAP_PRESENT	LOW	FAMILY_CANDIDATE	LONG_DESCRIPTION	GENERIC_RELEVANT; coverage=GAP_PRESENT; ownership=FAMILY_SHARED; observed slices=1.	0.76	YES
2271210394	1948032144	подвеска близнецы	EXACT_PRODUCT	168.0	0.0	0.0	NO_GAP	NO_GAP	HIGH	NO_CHANGE	NONE	EXACT_PRODUCT; coverage=NO_GAP; ownership=FAMILY_SHARED; observed slices=1.	0.96	YES
2271210394	1948032144	подвеска в автомобиль	GENERIC_RELEVANT	122.0	0.0	0.0	GAP_PRESENT	GAP_PRESENT	LOW	FAMILY_CANDIDATE	LONG_DESCRIPTION	GENERIC_RELEVANT; coverage=GAP_PRESENT; ownership=STORE_GENERIC; observed slices=1.	0.76	YES
2271210394	1948032144	подвеска в машину	GENERIC_RELEVANT	7092.0	0.0	0.0	GAP_PRESENT	GAP_PRESENT	LOW	FAMILY_CANDIDATE	LONG_DESCRIPTION	GENERIC_RELEVANT; coverage=GAP_PRESENT; ownership=STORE_GENERIC; observed slices=1.	0.76	YES
2271210394	1948032144	подвеска в машину на зеркало	GENERIC_RELEVANT	1367.0	0.0	0.0	GAP_PRESENT	GAP_PRESENT	LOW	FAMILY_CANDIDATE	LONG_DESCRIPTION	GENERIC_RELEVANT; coverage=GAP_PRESENT; ownership=STORE_GENERIC; observed slices=1.	0.76	YES
2271210394	1948032144	подвеска в машину на зеркало гремлины	GENERIC_RELEVANT	1.0	0.0	0.0	GAP_PRESENT	GAP_PRESENT	LOW	FAMILY_CANDIDATE	LONG_DESCRIPTION	GENERIC_RELEVANT; coverage=GAP_PRESENT; ownership=FAMILY_SHARED; observed slices=1.	0.76	YES
2271210394	1948032144	подвеска мужская	GENERIC_RELEVANT	371.0	0.0	0.0	GAP_PRESENT	GAP_PRESENT	LOW	FAMILY_CANDIDATE	LONG_DESCRIPTION	GENERIC_RELEVANT; coverage=GAP_PRESENT; ownership=STORE_GENERIC; observed slices=1.	0.72	YES
2271210394	1948032144	подвеска на зеркало в машину	GENERIC_RELEVANT	1261.0	0.0	0.0	GAP_PRESENT	GAP_PRESENT	LOW	FAMILY_CANDIDATE	LONG_DESCRIPTION	GENERIC_RELEVANT; coverage=GAP_PRESENT; ownership=STORE_GENERIC; observed slices=1.	0.76	YES
2271210394	1948032144	талисман	GENERIC_RELEVANT	109.0	0.0	0.0	GAP_PRESENT	GAP_PRESENT	LOW	FAMILY_CANDIDATE	LONG_DESCRIPTION	GENERIC_RELEVANT; coverage=GAP_PRESENT; ownership=STORE_GENERIC; observed slices=1.	0.72	YES
2271210394	1948032144	талисман в машину женский	GENERIC_RELEVANT	2.0	0.0	0.0	GAP_PRESENT	GAP_PRESENT	LOW	FAMILY_CANDIDATE	LONG_DESCRIPTION	GENERIC_RELEVANT; coverage=GAP_PRESENT; ownership=STORE_GENERIC; observed slices=1.	0.76	YES
2271210394	1948032144	талисман в машину на зеркало	GENERIC_RELEVANT	4.0	0.0	640.0	GAP_PRESENT	GAP_PRESENT	LOW	FAMILY_CANDIDATE	LONG_DESCRIPTION	GENERIC_RELEVANT; coverage=GAP_PRESENT; ownership=STORE_GENERIC; observed slices=1.	0.76	YES
2271210394	1948032144	четки в машину	GENERIC_RELEVANT	284.0	0.0	0.0	GAP_PRESENT	GAP_PRESENT	LOW	FAMILY_CANDIDATE	LONG_DESCRIPTION	GENERIC_RELEVANT; coverage=GAP_PRESENT; ownership=STORE_GENERIC; observed slices=1.	0.76	YES
2271210394	1948032144	четки в машину на зеркало	GENERIC_RELEVANT	129.0	0.0	0.0	GAP_PRESENT	GAP_PRESENT	LOW	FAMILY_CANDIDATE	LONG_DESCRIPTION	GENERIC_RELEVANT; coverage=GAP_PRESENT; ownership=STORE_GENERIC; observed slices=2.	0.76	YES
2271210394	1948032144	четки со знаком зодиака	FAMILY_RELEVANT	0.0	0.0	1032.0	GAP_PRESENT	GAP_PRESENT	LOW	FAMILY_CANDIDATE	LONG_DESCRIPTION	FAMILY_RELEVANT; coverage=GAP_PRESENT; ownership=FAMILY_SHARED; observed slices=1.	0.86	YES
2271219774	1948039800	podveska na salon	AMBIGUOUS_HOLD	1.0	0.0	0.0	GAP_PRESENT	GAP_PRESENT	MEDIUM	HOLD_AMBIGUOUS	HOLD	AMBIGUOUS_HOLD; coverage=GAP_PRESENT; ownership=UNCLEAR; observed slices=1.	0.42	YES
2271219774	1948039800	акриловые четки в машину на зеркало	GENERIC_RELEVANT	1.0	0.0	0.0	GAP_PRESENT	GAP_PRESENT	LOW	FAMILY_CANDIDATE	LONG_DESCRIPTION	GENERIC_RELEVANT; coverage=GAP_PRESENT; ownership=STORE_GENERIC; observed slices=1.	0.76	YES
2271219774	1948039800	амулет в машину женский зеркальная	GENERIC_RELEVANT	1.0	0.0	0.0	GAP_PRESENT	GAP_PRESENT	LOW	FAMILY_CANDIDATE	LONG_DESCRIPTION	GENERIC_RELEVANT; coverage=GAP_PRESENT; ownership=FAMILY_SHARED; observed slices=1.	0.76	YES
2271219774	1948039800	амулеты и талисманы	GENERIC_RELEVANT	2.0	0.0	0.0	GAP_PRESENT	GAP_PRESENT	LOW	FAMILY_CANDIDATE	LONG_DESCRIPTION	GENERIC_RELEVANT; coverage=GAP_PRESENT; ownership=STORE_GENERIC; observed slices=1.	0.72	YES
2271219774	1948039800	аниме в машину подвеска	GENERIC_RELEVANT	1.0	0.0	0.0	GAP_PRESENT	GAP_PRESENT	LOW	FAMILY_CANDIDATE	LONG_DESCRIPTION	GENERIC_RELEVANT; coverage=GAP_PRESENT; ownership=FAMILY_SHARED; observed slices=1.	0.76	YES
2271219774	1948039800	астрология подвеска	GENERIC_RELEVANT	1.0	0.0	0.0	GAP_PRESENT	GAP_PRESENT	LOW	FAMILY_CANDIDATE	LONG_DESCRIPTION	GENERIC_RELEVANT; coverage=GAP_PRESENT; ownership=FAMILY_SHARED; observed slices=1.	0.72	YES
2271219774	1948039800	брелок в машину на зеркало	GENERIC_RELEVANT	1.0	0.0	0.0	GAP_PRESENT	GAP_PRESENT	LOW	FAMILY_CANDIDATE	LONG_DESCRIPTION	GENERIC_RELEVANT; coverage=GAP_PRESENT; ownership=STORE_GENERIC; observed slices=1.	0.76	YES
2271219774	1948039800	брелок в машину на зеркало я свободен	GENERIC_RELEVANT	0.0	0.0	0.0	GAP_PRESENT	GAP_PRESENT	LOW	FAMILY_CANDIDATE	LONG_DESCRIPTION	GENERIC_RELEVANT; coverage=GAP_PRESENT; ownership=STORE_GENERIC; observed slices=1.	0.76	YES
2271219774	1948039800	бусины в машину	GENERIC_RELEVANT	1.0	0.0	0.0	GAP_PRESENT	GAP_PRESENT	LOW	FAMILY_CANDIDATE	LONG_DESCRIPTION	GENERIC_RELEVANT; coverage=GAP_PRESENT; ownership=STORE_GENERIC; observed slices=1.	0.76	YES
2271219774	1948039800	весы	STRONG_PRODUCT	8114.0	0.0	0.0	NO_GAP	NO_GAP	HIGH	NO_CHANGE	NONE	STRONG_PRODUCT; coverage=NO_GAP; ownership=FAMILY_SHARED; observed slices=1.	0.96	YES
2271219774	1948039800	весы авто	EXACT_PRODUCT	0.0	0.0	0.0	NO_GAP	NO_GAP	LOW	NO_CHANGE	NONE	EXACT_PRODUCT; coverage=NO_GAP; ownership=SKU_SPECIFIC; observed slices=1.	0.96	NO
2271219774	1948039800	весы знак зодиака	EXACT_PRODUCT	188.0	0.0	0.0	NO_GAP	NO_GAP	HIGH	NO_CHANGE	NONE	EXACT_PRODUCT; coverage=NO_GAP; ownership=FAMILY_SHARED; observed slices=1.	0.96	YES
2271219774	1948039800	весы зодиак подвеска	EXACT_PRODUCT	0.0	0.0	0.0	NO_GAP	NO_GAP	LOW	NO_CHANGE	NONE	EXACT_PRODUCT; coverage=NO_GAP; ownership=SKU_SPECIFIC; observed slices=1.	0.96	NO
2271219774	1948039800	весы зодиака	EXACT_PRODUCT	0.0	0.0	0.0	NO_GAP	NO_GAP	LOW	NO_CHANGE	NONE	EXACT_PRODUCT; coverage=NO_GAP; ownership=SKU_SPECIFIC; observed slices=1.	0.96	NO
2271219774	1948039800	весы набор	STRONG_PRODUCT	1.0	0.0	0.0	NO_GAP	NO_GAP	LOW	NO_CHANGE	NONE	STRONG_PRODUCT; coverage=NO_GAP; ownership=SKU_SPECIFIC; observed slices=1.	0.96	NO
2271219774	1948039800	голова хищника в машину подвеска	GENERIC_RELEVANT	1.0	0.0	0.0	GAP_PRESENT	GAP_PRESENT	LOW	FAMILY_CANDIDATE	LONG_DESCRIPTION	GENERIC_RELEVANT; coverage=GAP_PRESENT; ownership=STORE_GENERIC; observed slices=1.	0.76	YES
2271219774	1948039800	деревянное повеска для мужчин	AMBIGUOUS_HOLD	0.0	0.0	0.0	GAP_PRESENT	GAP_PRESENT	MEDIUM	HOLD_AMBIGUOUS	HOLD	AMBIGUOUS_HOLD; coverage=GAP_PRESENT; ownership=UNCLEAR; observed slices=1.	0.42	YES
2271219774	1948039800	детали подвески лего техник для машин	GENERIC_RELEVANT	1.0	0.0	0.0	GAP_PRESENT	GAP_PRESENT	LOW	FAMILY_CANDIDATE	LONG_DESCRIPTION	GENERIC_RELEVANT; coverage=GAP_PRESENT; ownership=FAMILY_SHARED; observed slices=1.	0.76	YES
2271219774	1948039800	для машины в салон на зеркало подвескп	GENERIC_RELEVANT	0.0	0.0	0.0	GAP_PRESENT	GAP_PRESENT	LOW	FAMILY_CANDIDATE	LONG_DESCRIPTION	GENERIC_RELEVANT; coverage=GAP_PRESENT; ownership=STORE_GENERIC; observed slices=1.	0.76	YES
2271219774	1948039800	для салона машины подвеска	GENERIC_RELEVANT	0.0	0.0	0.0	GAP_PRESENT	GAP_PRESENT	LOW	FAMILY_CANDIDATE	LONG_DESCRIPTION	GENERIC_RELEVANT; coverage=GAP_PRESENT; ownership=STORE_GENERIC; observed slices=1.	0.76	YES
2271219774	1948039800	защелка на нагрудный знак	AMBIGUOUS_HOLD	1.0	0.0	0.0	GAP_PRESENT	GAP_PRESENT	MEDIUM	HOLD_AMBIGUOUS	HOLD	AMBIGUOUS_HOLD; coverage=GAP_PRESENT; ownership=UNCLEAR; observed slices=1.	0.42	YES
2271219774	1948039800	зеркало маржены	GENERIC_RELEVANT	2.0	0.0	0.0	GAP_PRESENT	GAP_PRESENT	LOW	FAMILY_CANDIDATE	LONG_DESCRIPTION	GENERIC_RELEVANT; coverage=GAP_PRESENT; ownership=STORE_GENERIC; observed slices=1.	0.76	YES
2271219774	1948039800	знак зодиака весы	EXACT_PRODUCT	119.0	0.0	0.0	NO_GAP	NO_GAP	HIGH	NO_CHANGE	NONE	EXACT_PRODUCT; coverage=NO_GAP; ownership=FAMILY_SHARED; observed slices=1.	0.96	YES
2271219774	1948039800	знак зодиака весы платок	EXACT_PRODUCT	0.0	0.0	0.0	PARTIAL_GAP	PARTIAL_GAP	LOW	READY_CANDIDATE	LONG_DESCRIPTION	EXACT_PRODUCT; coverage=PARTIAL_GAP; ownership=SKU_SPECIFIC; observed slices=1.	0.96	YES
2271219774	1948039800	знак туфелька блестящая на машину	GENERIC_RELEVANT	0.0	0.0	0.0	GAP_PRESENT	GAP_PRESENT	LOW	FAMILY_CANDIDATE	LONG_DESCRIPTION	GENERIC_RELEVANT; coverage=GAP_PRESENT; ownership=FAMILY_SHARED; observed slices=1.	0.76	YES
2271219774	1948039800	знаки вес классность	AMBIGUOUS_HOLD	1.0	0.0	0.0	GAP_PRESENT	GAP_PRESENT	MEDIUM	HOLD_AMBIGUOUS	HOLD	AMBIGUOUS_HOLD; coverage=GAP_PRESENT; ownership=UNCLEAR; observed slices=1.	0.42	YES
2271219774	1948039800	знаки зодиака шармы	FAMILY_RELEVANT	1.0	0.0	0.0	GAP_PRESENT	GAP_PRESENT	LOW	FAMILY_CANDIDATE	LONG_DESCRIPTION	FAMILY_RELEVANT; coverage=GAP_PRESENT; ownership=FAMILY_SHARED; observed slices=1.	0.86	YES
2271219774	1948039800	игрушка на зеркало в машину знак зодиака	FAMILY_RELEVANT	1.0	0.0	0.0	GAP_PRESENT	GAP_PRESENT	LOW	FAMILY_CANDIDATE	LONG_DESCRIPTION	FAMILY_RELEVANT; coverage=GAP_PRESENT; ownership=FAMILY_SHARED; observed slices=1.	0.86	YES
2271219774	1948039800	игрушка спаниель в машину на зеркало	GENERIC_RELEVANT	1.0	0.0	0.0	GAP_PRESENT	GAP_PRESENT	LOW	FAMILY_CANDIDATE	LONG_DESCRIPTION	GENERIC_RELEVANT; coverage=GAP_PRESENT; ownership=FAMILY_SHARED; observed slices=1.	0.76	YES
2271219774	1948039800	кулоны обереги	GENERIC_RELEVANT	1.0	0.0	0.0	GAP_PRESENT	GAP_PRESENT	LOW	FAMILY_CANDIDATE	LONG_DESCRIPTION	GENERIC_RELEVANT; coverage=GAP_PRESENT; ownership=STORE_GENERIC; observed slices=1.	0.72	YES
2271219774	1948039800	ловец снов в машину	GENERIC_RELEVANT	109.0	0.0	0.0	GAP_PRESENT	GAP_PRESENT	LOW	FAMILY_CANDIDATE	LONG_DESCRIPTION	GENERIC_RELEVANT; coverage=GAP_PRESENT; ownership=FAMILY_SHARED; observed slices=1.	0.76	YES
2271219774	1948039800	на зеркало в авто четки	GENERIC_RELEVANT	1.0	0.0	0.0	GAP_PRESENT	GAP_PRESENT	LOW	FAMILY_CANDIDATE	LONG_DESCRIPTION	GENERIC_RELEVANT; coverage=GAP_PRESENT; ownership=FAMILY_SHARED; observed slices=1.	0.76	YES
2271219774	1948039800	на зеркало в машину украшение	GENERIC_RELEVANT	1.0	0.0	0.0	GAP_PRESENT	GAP_PRESENT	LOW	FAMILY_CANDIDATE	LONG_DESCRIPTION	GENERIC_RELEVANT; coverage=GAP_PRESENT; ownership=STORE_GENERIC; observed slices=1.	0.76	YES
2271219774	1948039800	оберег	GENERIC_RELEVANT	552.0	0.0	0.0	GAP_PRESENT	GAP_PRESENT	LOW	FAMILY_CANDIDATE	LONG_DESCRIPTION	GENERIC_RELEVANT; coverage=GAP_PRESENT; ownership=STORE_GENERIC; observed slices=1.	0.72	YES
2271219774	1948039800	оберег в машину	GENERIC_RELEVANT	365.0	0.0	0.0	GAP_PRESENT	GAP_PRESENT	LOW	FAMILY_CANDIDATE	LONG_DESCRIPTION	GENERIC_RELEVANT; coverage=GAP_PRESENT; ownership=STORE_GENERIC; observed slices=1.	0.76	YES
2271219774	1948039800	подвеска в машину	GENERIC_RELEVANT	6881.0	0.0	0.0	GAP_PRESENT	GAP_PRESENT	LOW	FAMILY_CANDIDATE	LONG_DESCRIPTION	GENERIC_RELEVANT; coverage=GAP_PRESENT; ownership=STORE_GENERIC; observed slices=1.	0.76	YES
2271219774	1948039800	подвеска в машину ловец снов	GENERIC_RELEVANT	4.0	0.0	0.0	GAP_PRESENT	GAP_PRESENT	LOW	FAMILY_CANDIDATE	LONG_DESCRIPTION	GENERIC_RELEVANT; coverage=GAP_PRESENT; ownership=FAMILY_SHARED; observed slices=1.	0.76	YES
2271219774	1948039800	подвеска в машину на зеркало	GENERIC_RELEVANT	1560.0	0.0	0.0	GAP_PRESENT	GAP_PRESENT	LOW	FAMILY_CANDIDATE	LONG_DESCRIPTION	GENERIC_RELEVANT; coverage=GAP_PRESENT; ownership=STORE_GENERIC; observed slices=1.	0.76	YES
2271219774	1948039800	подвеска в машину на зеркало знак задиака	GENERIC_RELEVANT	1.0	0.0	683.0	GAP_PRESENT	GAP_PRESENT	LOW	FAMILY_CANDIDATE	LONG_DESCRIPTION	GENERIC_RELEVANT; coverage=GAP_PRESENT; ownership=FAMILY_SHARED; observed slices=1.	0.76	YES
2271219774	1948039800	подвеска в машину на зеркало знак зодиака весы	EXACT_PRODUCT	1.0	0.0	0.0	NO_GAP	NO_GAP	LOW	NO_CHANGE	NONE	EXACT_PRODUCT; coverage=NO_GAP; ownership=SKU_SPECIFIC; observed slices=1.	0.96	NO
2271219774	1948039800	подвеска в машину на зеркало юрта	GENERIC_RELEVANT	0.0	0.0	0.0	GAP_PRESENT	GAP_PRESENT	LOW	FAMILY_CANDIDATE	LONG_DESCRIPTION	GENERIC_RELEVANT; coverage=GAP_PRESENT; ownership=STORE_GENERIC; observed slices=1.	0.76	YES
2271219774	1948039800	подвеска весы	EXACT_PRODUCT	151.0	0.0	0.0	NO_GAP	NO_GAP	HIGH	NO_CHANGE	NONE	EXACT_PRODUCT; coverage=NO_GAP; ownership=FAMILY_SHARED; observed slices=1.	0.96	YES
2271219774	1948039800	подвеска женская в автомобиль на зеркало	GENERIC_RELEVANT	0.0	0.0	0.0	GAP_PRESENT	GAP_PRESENT	LOW	FAMILY_CANDIDATE	LONG_DESCRIPTION	GENERIC_RELEVANT; coverage=GAP_PRESENT; ownership=STORE_GENERIC; observed slices=1.	0.76	YES
2271219774	1948039800	подвеска мужская	GENERIC_RELEVANT	407.0	0.0	0.0	GAP_PRESENT	GAP_PRESENT	LOW	FAMILY_CANDIDATE	LONG_DESCRIPTION	GENERIC_RELEVANT; coverage=GAP_PRESENT; ownership=STORE_GENERIC; observed slices=1.	0.72	YES
2271219774	1948039800	подвеска на зеркало в машину	GENERIC_RELEVANT	1107.0	0.0	0.0	GAP_PRESENT	GAP_PRESENT	LOW	FAMILY_CANDIDATE	LONG_DESCRIPTION	GENERIC_RELEVANT; coverage=GAP_PRESENT; ownership=STORE_GENERIC; observed slices=1.	0.76	YES
2271219774	1948039800	подвеска на зеркало в машину весы	EXACT_PRODUCT	2.0	0.0	0.0	NO_GAP	NO_GAP	LOW	NO_CHANGE	NONE	EXACT_PRODUCT; coverage=NO_GAP; ownership=SKU_SPECIFIC; observed slices=1.	0.96	NO
2271219774	1948039800	подвеска на шею ловец снов	GENERIC_RELEVANT	0.0	0.0	0.0	GAP_PRESENT	GAP_PRESENT	LOW	FAMILY_CANDIDATE	LONG_DESCRIPTION	GENERIC_RELEVANT; coverage=GAP_PRESENT; ownership=FAMILY_SHARED; observed slices=1.	0.72	YES
2271219774	1948039800	подвеска оберег в машину на зеркало	GENERIC_RELEVANT	2.0	0.0	0.0	GAP_PRESENT	GAP_PRESENT	LOW	FAMILY_CANDIDATE	LONG_DESCRIPTION	GENERIC_RELEVANT; coverage=GAP_PRESENT; ownership=FAMILY_SHARED; observed slices=1.	0.76	YES
2271219774	1948039800	подвеска прикольная на зеркало в машину	GENERIC_RELEVANT	1.0	0.0	0.0	GAP_PRESENT	GAP_PRESENT	LOW	FAMILY_CANDIDATE	LONG_DESCRIPTION	GENERIC_RELEVANT; coverage=GAP_PRESENT; ownership=FAMILY_SHARED; observed slices=1.	0.76	YES
2271219774	1948039800	подвеска череп вагнер в машину	GENERIC_RELEVANT	1.0	0.0	0.0	GAP_PRESENT	GAP_PRESENT	LOW	FAMILY_CANDIDATE	LONG_DESCRIPTION	GENERIC_RELEVANT; coverage=GAP_PRESENT; ownership=FAMILY_SHARED; observed slices=1.	0.76	YES
2271219774	1948039800	подвески на зеркало авто	GENERIC_RELEVANT	0.0	0.0	0.0	GAP_PRESENT	GAP_PRESENT	LOW	FAMILY_CANDIDATE	LONG_DESCRIPTION	GENERIC_RELEVANT; coverage=GAP_PRESENT; ownership=FAMILY_SHARED; observed slices=1.	0.76	YES
2271219774	1948039800	русские обереги	GENERIC_RELEVANT	0.0	0.0	0.0	GAP_PRESENT	GAP_PRESENT	LOW	FAMILY_CANDIDATE	LONG_DESCRIPTION	GENERIC_RELEVANT; coverage=GAP_PRESENT; ownership=STORE_GENERIC; observed slices=1.	0.72	YES
2271219774	1948039800	талисман	GENERIC_RELEVANT	109.0	0.0	0.0	GAP_PRESENT	GAP_PRESENT	LOW	FAMILY_CANDIDATE	LONG_DESCRIPTION	GENERIC_RELEVANT; coverage=GAP_PRESENT; ownership=STORE_GENERIC; observed slices=1.	0.72	YES
2271219774	1948039800	талисман на удачу для автомобиля	GENERIC_RELEVANT	1.0	0.0	0.0	GAP_PRESENT	GAP_PRESENT	LOW	FAMILY_CANDIDATE	LONG_DESCRIPTION	GENERIC_RELEVANT; coverage=GAP_PRESENT; ownership=FAMILY_SHARED; observed slices=1.	0.76	YES
2271219774	1948039800	талисман подвеска весы	EXACT_PRODUCT	1.0	0.0	0.0	NO_GAP	NO_GAP	LOW	NO_CHANGE	NONE	EXACT_PRODUCT; coverage=NO_GAP; ownership=SKU_SPECIFIC; observed slices=1.	0.96	NO
2271219774	1948039800	четки в автомобиль	GENERIC_RELEVANT	178.0	0.0	0.0	GAP_PRESENT	GAP_PRESENT	LOW	FAMILY_CANDIDATE	LONG_DESCRIPTION	GENERIC_RELEVANT; coverage=GAP_PRESENT; ownership=STORE_GENERIC; observed slices=1.	0.76	YES
2271219774	1948039800	четки в машину	GENERIC_RELEVANT	724.0	0.0	0.0	GAP_PRESENT	GAP_PRESENT	LOW	FAMILY_CANDIDATE	LONG_DESCRIPTION	GENERIC_RELEVANT; coverage=GAP_PRESENT; ownership=STORE_GENERIC; observed slices=1.	0.76	YES
2271219774	1948039800	четки в машину на зеркало	GENERIC_RELEVANT	127.0	0.0	0.0	GAP_PRESENT	GAP_PRESENT	LOW	FAMILY_CANDIDATE	LONG_DESCRIPTION	GENERIC_RELEVANT; coverage=GAP_PRESENT; ownership=STORE_GENERIC; observed slices=1.	0.76	YES
2271219774	1948039800	четки на машину знак зодиака	FAMILY_RELEVANT	0.0	0.0	0.0	GAP_PRESENT	GAP_PRESENT	LOW	FAMILY_CANDIDATE	LONG_DESCRIPTION	FAMILY_RELEVANT; coverage=GAP_PRESENT; ownership=FAMILY_SHARED; observed slices=1.	0.86	YES
2271219774	1948039800	японский оберег в машину	GENERIC_RELEVANT	1.0	0.0	0.0	GAP_PRESENT	GAP_PRESENT	LOW	FAMILY_CANDIDATE	LONG_DESCRIPTION	GENERIC_RELEVANT; coverage=GAP_PRESENT; ownership=FAMILY_SHARED; observed slices=1.	0.76	YES
2271234726	1948064495	автоподвеска мужска	GENERIC_RELEVANT	0.0	0.0	0.0	GAP_PRESENT	GAP_PRESENT	LOW	FAMILY_CANDIDATE	LONG_DESCRIPTION	GENERIC_RELEVANT; coverage=GAP_PRESENT; ownership=STORE_GENERIC; observed slices=1.	0.76	YES
2271234726	1948064495	адамас золото знак зодиака	FAMILY_RELEVANT	0.0	0.0	0.0	GAP_PRESENT	GAP_PRESENT	LOW	FAMILY_CANDIDATE	LONG_DESCRIPTION	FAMILY_RELEVANT; coverage=GAP_PRESENT; ownership=FAMILY_SHARED; observed slices=1.	0.86	YES
2271234726	1948064495	аксессуары в машину подвесаа зеркал барабан	GENERIC_RELEVANT	0.0	0.0	0.0	GAP_PRESENT	GAP_PRESENT	LOW	FAMILY_CANDIDATE	LONG_DESCRIPTION	GENERIC_RELEVANT; coverage=GAP_PRESENT; ownership=STORE_GENERIC; observed slices=1.	0.76	YES
2271234726	1948064495	алимпийская мишка брелок в машину подвеска	GENERIC_RELEVANT	1.0	0.0	0.0	GAP_PRESENT	GAP_PRESENT	LOW	FAMILY_CANDIDATE	LONG_DESCRIPTION	GENERIC_RELEVANT; coverage=GAP_PRESENT; ownership=FAMILY_SHARED; observed slices=1.	0.76	YES
2271234726	1948064495	амулеты обереги и талисманы	GENERIC_RELEVANT	217.0	0.0	0.0	GAP_PRESENT	GAP_PRESENT	LOW	FAMILY_CANDIDATE	LONG_DESCRIPTION	GENERIC_RELEVANT; coverage=GAP_PRESENT; ownership=STORE_GENERIC; observed slices=1.	0.72	YES
2271234726	1948064495	блакнот водолей	STRONG_PRODUCT	1.0	0.0	0.0	PARTIAL_GAP	PARTIAL_GAP	LOW	READY_CANDIDATE	LONG_DESCRIPTION	STRONG_PRODUCT; coverage=PARTIAL_GAP; ownership=SKU_SPECIFIC; observed slices=1.	0.96	YES
2271234726	1948064495	браслет для водолея женский	AMBIGUOUS_HOLD	3.0	0.0	0.0	GAP_PRESENT	GAP_PRESENT	MEDIUM	HOLD_AMBIGUOUS	HOLD	AMBIGUOUS_HOLD; coverage=GAP_PRESENT; ownership=UNCLEAR; observed slices=1.	0.42	YES
2271234726	1948064495	браслет женский для водолея	AMBIGUOUS_HOLD	5.0	0.0	0.0	GAP_PRESENT	GAP_PRESENT	MEDIUM	HOLD_AMBIGUOUS	HOLD	AMBIGUOUS_HOLD; coverage=GAP_PRESENT; ownership=UNCLEAR; observed slices=1.	0.42	YES
2271234726	1948064495	брелок в машину зеркало	GENERIC_RELEVANT	0.0	0.0	0.0	GAP_PRESENT	GAP_PRESENT	LOW	FAMILY_CANDIDATE	LONG_DESCRIPTION	GENERIC_RELEVANT; coverage=GAP_PRESENT; ownership=FAMILY_SHARED; observed slices=1.	0.76	YES
2271234726	1948064495	брелок в машину на зеркало	GENERIC_RELEVANT	247.0	0.0	0.0	GAP_PRESENT	GAP_PRESENT	LOW	FAMILY_CANDIDATE	LONG_DESCRIPTION	GENERIC_RELEVANT; coverage=GAP_PRESENT; ownership=STORE_GENERIC; observed slices=1.	0.76	YES
2271234726	1948064495	брелок оберег славянский мужской	NEIGHBOR_PRODUCT	1.0	0.0	0.0	NOT_APPLICABLE	NOT_APPLICABLE	LOW	REJECT_NEIGHBOR	NONE	NEIGHBOR_PRODUCT; coverage=NOT_APPLICABLE; ownership=EXCLUDED; observed slices=1.	0.90	NO
2271234726	1948064495	бусины для подвески в машину мужские	GENERIC_RELEVANT	1.0	0.0	0.0	GAP_PRESENT	GAP_PRESENT	LOW	FAMILY_CANDIDATE	LONG_DESCRIPTION	GENERIC_RELEVANT; coverage=GAP_PRESENT; ownership=FAMILY_SHARED; observed slices=1.	0.76	YES
2271234726	1948064495	бусы оберег	GENERIC_RELEVANT	0.0	0.0	0.0	GAP_PRESENT	GAP_PRESENT	LOW	FAMILY_CANDIDATE	LONG_DESCRIPTION	GENERIC_RELEVANT; coverage=GAP_PRESENT; ownership=STORE_GENERIC; observed slices=1.	0.72	YES
2271234726	1948064495	в машину амулет	GENERIC_RELEVANT	0.0	0.0	0.0	GAP_PRESENT	GAP_PRESENT	LOW	FAMILY_CANDIDATE	LONG_DESCRIPTION	GENERIC_RELEVANT; coverage=GAP_PRESENT; ownership=STORE_GENERIC; observed slices=1.	0.76	YES
2271234726	1948064495	в машину подвеска	GENERIC_RELEVANT	98.0	0.0	0.0	GAP_PRESENT	GAP_PRESENT	LOW	FAMILY_CANDIDATE	LONG_DESCRIPTION	GENERIC_RELEVANT; coverage=GAP_PRESENT; ownership=STORE_GENERIC; observed slices=1.	0.76	YES
2271234726	1948064495	весючка в машину от зглаза на зеркало	GENERIC_RELEVANT	1.0	0.0	0.0	GAP_PRESENT	GAP_PRESENT	LOW	FAMILY_CANDIDATE	LONG_DESCRIPTION	GENERIC_RELEVANT; coverage=GAP_PRESENT; ownership=STORE_GENERIC; observed slices=1.	0.76	YES
2271234726	1948064495	висюлька джили cityray в машину подвеска	GENERIC_RELEVANT	1.0	0.0	0.0	GAP_PRESENT	GAP_PRESENT	LOW	FAMILY_CANDIDATE	LONG_DESCRIPTION	GENERIC_RELEVANT; coverage=GAP_PRESENT; ownership=FAMILY_SHARED; observed slices=1.	0.76	YES
2271234726	1948064495	висючка в машину на зеркало люстра	GENERIC_RELEVANT	0.0	0.0	0.0	GAP_PRESENT	GAP_PRESENT	LOW	FAMILY_CANDIDATE	LONG_DESCRIPTION	GENERIC_RELEVANT; coverage=GAP_PRESENT; ownership=STORE_GENERIC; observed slices=1.	0.76	YES
2271234726	1948064495	витрина водолей	STRONG_PRODUCT	1.0	0.0	0.0	PARTIAL_GAP	PARTIAL_GAP	LOW	READY_CANDIDATE	LONG_DESCRIPTION	STRONG_PRODUCT; coverage=PARTIAL_GAP; ownership=SKU_SPECIFIC; observed slices=1.	0.96	YES
2271234726	1948064495	водолей	STRONG_PRODUCT	772.0	0.0	0.0	NO_GAP	NO_GAP	HIGH	NO_CHANGE	NONE	STRONG_PRODUCT; coverage=NO_GAP; ownership=FAMILY_SHARED; observed slices=1.	0.96	YES
2271234726	1948064495	водолей подвеска ювелирная	EXACT_PRODUCT	1.0	0.0	0.0	PARTIAL_GAP	PARTIAL_GAP	LOW	READY_CANDIDATE	LONG_DESCRIPTION	EXACT_PRODUCT; coverage=PARTIAL_GAP; ownership=SKU_SPECIFIC; observed slices=1.	0.96	YES
2271234726	1948064495	водолей украшения	EXACT_PRODUCT	0.0	0.0	0.0	NO_GAP	NO_GAP	LOW	NO_CHANGE	NONE	EXACT_PRODUCT; coverage=NO_GAP; ownership=SKU_SPECIFIC; observed slices=1.	0.96	NO
2271234726	1948064495	девушка в авто назеркало	GENERIC_RELEVANT	1.0	0.0	0.0	GAP_PRESENT	GAP_PRESENT	LOW	FAMILY_CANDIDATE	LONG_DESCRIPTION	GENERIC_RELEVANT; coverage=GAP_PRESENT; ownership=FAMILY_SHARED; observed slices=1.	0.76	YES
2271234726	1948064495	девушки матрешки подвески на машину	GENERIC_RELEVANT	1.0	0.0	0.0	GAP_PRESENT	GAP_PRESENT	LOW	FAMILY_CANDIDATE	LONG_DESCRIPTION	GENERIC_RELEVANT; coverage=GAP_PRESENT; ownership=FAMILY_SHARED; observed slices=1.	0.76	YES
2271234726	1948064495	деревянное повеска для мужчин	AMBIGUOUS_HOLD	0.0	0.0	0.0	GAP_PRESENT	GAP_PRESENT	MEDIUM	HOLD_AMBIGUOUS	HOLD	AMBIGUOUS_HOLD; coverage=GAP_PRESENT; ownership=UNCLEAR; observed slices=1.	0.42	YES
2271234726	1948064495	для машин оберег	GENERIC_RELEVANT	1.0	0.0	0.0	GAP_PRESENT	GAP_PRESENT	LOW	FAMILY_CANDIDATE	LONG_DESCRIPTION	GENERIC_RELEVANT; coverage=GAP_PRESENT; ownership=FAMILY_SHARED; observed slices=1.	0.76	YES
2271234726	1948064495	зеркалл магисеское	GENERIC_RELEVANT	1.0	0.0	0.0	GAP_PRESENT	GAP_PRESENT	LOW	FAMILY_CANDIDATE	LONG_DESCRIPTION	GENERIC_RELEVANT; coverage=GAP_PRESENT; ownership=STORE_GENERIC; observed slices=1.	0.76	YES
2271234726	1948064495	знак зодиака водолей	EXACT_PRODUCT	21.0	0.0	0.0	NO_GAP	NO_GAP	LOW	NO_CHANGE	NONE	EXACT_PRODUCT; coverage=NO_GAP; ownership=SKU_SPECIFIC; observed slices=1.	0.96	NO
2271234726	1948064495	знак на машину аптечные товары	GENERIC_RELEVANT	1.0	0.0	0.0	GAP_PRESENT	GAP_PRESENT	LOW	FAMILY_CANDIDATE	LONG_DESCRIPTION	GENERIC_RELEVANT; coverage=GAP_PRESENT; ownership=FAMILY_SHARED; observed slices=1.	0.76	YES
2271234726	1948064495	знаки сувениры для парашютиста в машину	GENERIC_RELEVANT	1.0	0.0	0.0	GAP_PRESENT	GAP_PRESENT	LOW	FAMILY_CANDIDATE	LONG_DESCRIPTION	GENERIC_RELEVANT; coverage=GAP_PRESENT; ownership=FAMILY_SHARED; observed slices=1.	0.76	YES
2271234726	1948064495	игрушка талисман в машину	GENERIC_RELEVANT	4.0	0.0	0.0	GAP_PRESENT	GAP_PRESENT	LOW	FAMILY_CANDIDATE	LONG_DESCRIPTION	GENERIC_RELEVANT; coverage=GAP_PRESENT; ownership=FAMILY_SHARED; observed slices=1.	0.76	YES
2271234726	1948064495	игрушки в машину на зеркало	GENERIC_RELEVANT	5.0	0.0	0.0	GAP_PRESENT	GAP_PRESENT	LOW	FAMILY_CANDIDATE	LONG_DESCRIPTION	GENERIC_RELEVANT; coverage=GAP_PRESENT; ownership=FAMILY_SHARED; observed slices=1.	0.76	YES
2271234726	1948064495	коробочка в машину	GENERIC_RELEVANT	2.0	0.0	0.0	GAP_PRESENT	GAP_PRESENT	LOW	FAMILY_CANDIDATE	LONG_DESCRIPTION	GENERIC_RELEVANT; coverage=GAP_PRESENT; ownership=FAMILY_SHARED; observed slices=1.	0.76	YES
2271234726	1948064495	коробочки 12 см дерево	AMBIGUOUS_HOLD	0.0	0.0	0.0	GAP_PRESENT	GAP_PRESENT	MEDIUM	HOLD_AMBIGUOUS	HOLD	AMBIGUOUS_HOLD; coverage=GAP_PRESENT; ownership=UNCLEAR; observed slices=1.	0.42	YES
2271234726	1948064495	крестик в машину на зеркало освешеный	GENERIC_RELEVANT	0.0	0.0	0.0	GAP_PRESENT	GAP_PRESENT	LOW	FAMILY_CANDIDATE	LONG_DESCRIPTION	GENERIC_RELEVANT; coverage=GAP_PRESENT; ownership=STORE_GENERIC; observed slices=1.	0.76	YES
2271234726	1948064495	кулон на зеркало в машину	GENERIC_RELEVANT	4.0	0.0	0.0	GAP_PRESENT	GAP_PRESENT	LOW	FAMILY_CANDIDATE	LONG_DESCRIPTION	GENERIC_RELEVANT; coverage=GAP_PRESENT; ownership=STORE_GENERIC; observed slices=1.	0.76	YES
2271234726	1948064495	магические подвески	GENERIC_RELEVANT	2.0	0.0	0.0	GAP_PRESENT	GAP_PRESENT	LOW	FAMILY_CANDIDATE	LONG_DESCRIPTION	GENERIC_RELEVANT; coverage=GAP_PRESENT; ownership=FAMILY_SHARED; observed slices=1.	0.72	YES
2271234726	1948064495	машину четки	GENERIC_RELEVANT	1.0	0.0	0.0	GAP_PRESENT	GAP_PRESENT	LOW	FAMILY_CANDIDATE	LONG_DESCRIPTION	GENERIC_RELEVANT; coverage=GAP_PRESENT; ownership=FAMILY_SHARED; observed slices=1.	0.76	YES
2271234726	1948064495	на зеркало подвеска авто	GENERIC_RELEVANT	0.0	0.0	0.0	GAP_PRESENT	GAP_PRESENT	LOW	FAMILY_CANDIDATE	LONG_DESCRIPTION	GENERIC_RELEVANT; coverage=GAP_PRESENT; ownership=FAMILY_SHARED; observed slices=1.	0.76	YES
2271234726	1948064495	оберег в машину	GENERIC_RELEVANT	478.0	0.0	0.0	GAP_PRESENT	GAP_PRESENT	LOW	FAMILY_CANDIDATE	LONG_DESCRIPTION	GENERIC_RELEVANT; coverage=GAP_PRESENT; ownership=STORE_GENERIC; observed slices=1.	0.76	YES
2271234726	1948064495	оберег для автомобиля	GENERIC_RELEVANT	22.0	0.0	0.0	GAP_PRESENT	GAP_PRESENT	LOW	FAMILY_CANDIDATE	LONG_DESCRIPTION	GENERIC_RELEVANT; coverage=GAP_PRESENT; ownership=STORE_GENERIC; observed slices=1.	0.76	YES
2271234726	1948064495	оберег мужской славянский на шею	NEIGHBOR_PRODUCT	1.0	0.0	0.0	NOT_APPLICABLE	NOT_APPLICABLE	LOW	REJECT_NEIGHBOR	NONE	NEIGHBOR_PRODUCT; coverage=NOT_APPLICABLE; ownership=EXCLUDED; observed slices=1.	0.90	NO
2271234726	1948064495	подвеска	GENERIC_RELEVANT	2415.0	0.0	0.0	GAP_PRESENT	GAP_PRESENT	LOW	FAMILY_CANDIDATE	LONG_DESCRIPTION	GENERIC_RELEVANT; coverage=GAP_PRESENT; ownership=STORE_GENERIC; observed slices=1.	0.72	YES
2271234726	1948064495	подвеска в автомобиль	GENERIC_RELEVANT	410.0	0.0	0.0	GAP_PRESENT	GAP_PRESENT	LOW	FAMILY_CANDIDATE	LONG_DESCRIPTION	GENERIC_RELEVANT; coverage=GAP_PRESENT; ownership=STORE_GENERIC; observed slices=1.	0.76	YES
2271234726	1948064495	подвеска в автомобиль на зеркало	GENERIC_RELEVANT	448.0	0.0	0.0	GAP_PRESENT	GAP_PRESENT	LOW	FAMILY_CANDIDATE	LONG_DESCRIPTION	GENERIC_RELEVANT; coverage=GAP_PRESENT; ownership=STORE_GENERIC; observed slices=1.	0.76	YES
2271234726	1948064495	подвеска в машину	GENERIC_RELEVANT	7092.0	0.0	935.0	GAP_PRESENT	GAP_PRESENT	LOW	FAMILY_CANDIDATE	LONG_DESCRIPTION	GENERIC_RELEVANT; coverage=GAP_PRESENT; ownership=STORE_GENERIC; observed slices=2.	0.76	YES
2271234726	1948064495	подвеска в машину водителю илье	GENERIC_RELEVANT	0.0	0.0	0.0	GAP_PRESENT	GAP_PRESENT	LOW	FAMILY_CANDIDATE	LONG_DESCRIPTION	GENERIC_RELEVANT; coverage=GAP_PRESENT; ownership=STORE_GENERIC; observed slices=1.	0.76	YES
2271234726	1948064495	подвеска в машину на зеркало	GENERIC_RELEVANT	1560.0	0.0	0.0	GAP_PRESENT	GAP_PRESENT	LOW	FAMILY_CANDIDATE	LONG_DESCRIPTION	GENERIC_RELEVANT; coverage=GAP_PRESENT; ownership=STORE_GENERIC; observed slices=2.	0.76	YES
2271234726	1948064495	подвеска в машину на зеркало мужская рок	GENERIC_RELEVANT	0.0	0.0	0.0	GAP_PRESENT	GAP_PRESENT	LOW	FAMILY_CANDIDATE	LONG_DESCRIPTION	GENERIC_RELEVANT; coverage=GAP_PRESENT; ownership=FAMILY_SHARED; observed slices=1.	0.76	YES
2271234726	1948064495	подвеска мужская	GENERIC_RELEVANT	226.0	0.0	0.0	GAP_PRESENT	GAP_PRESENT	LOW	FAMILY_CANDIDATE	LONG_DESCRIPTION	GENERIC_RELEVANT; coverage=GAP_PRESENT; ownership=STORE_GENERIC; observed slices=1.	0.72	YES
2271234726	1948064495	подвеска на зеркало в авто водолей	EXACT_PRODUCT	0.0	0.0	0.0	NO_GAP	NO_GAP	LOW	NO_CHANGE	NONE	EXACT_PRODUCT; coverage=NO_GAP; ownership=SKU_SPECIFIC; observed slices=1.	0.96	NO
2271234726	1948064495	подвеска на зеркало в машину	GENERIC_RELEVANT	1288.0	0.0	0.0	GAP_PRESENT	GAP_PRESENT	LOW	FAMILY_CANDIDATE	LONG_DESCRIPTION	GENERIC_RELEVANT; coverage=GAP_PRESENT; ownership=STORE_GENERIC; observed slices=1.	0.76	YES
2271234726	1948064495	подвеска на зеркало в машину рыба	GENERIC_RELEVANT	1.0	0.0	0.0	GAP_PRESENT	GAP_PRESENT	LOW	FAMILY_CANDIDATE	LONG_DESCRIPTION	GENERIC_RELEVANT; coverage=GAP_PRESENT; ownership=FAMILY_SHARED; observed slices=1.	0.76	YES
2271234726	1948064495	подвеска славянский оберег	NEIGHBOR_PRODUCT	1.0	0.0	0.0	NOT_APPLICABLE	NOT_APPLICABLE	LOW	REJECT_NEIGHBOR	NONE	NEIGHBOR_PRODUCT; coverage=NOT_APPLICABLE; ownership=EXCLUDED; observed slices=1.	0.90	NO
2271234726	1948064495	подвески в машину водолей	EXACT_PRODUCT	1.0	0.0	618.0	NO_GAP	NO_GAP	LOW	NO_CHANGE	NONE	EXACT_PRODUCT; coverage=NO_GAP; ownership=SKU_SPECIFIC; observed slices=1.	0.96	NO
2271234726	1948064495	талисман	GENERIC_RELEVANT	307.0	0.0	0.0	GAP_PRESENT	GAP_PRESENT	LOW	FAMILY_CANDIDATE	LONG_DESCRIPTION	GENERIC_RELEVANT; coverage=GAP_PRESENT; ownership=STORE_GENERIC; observed slices=1.	0.72	YES
2271234726	1948064495	четки в автомобиль	GENERIC_RELEVANT	370.0	0.0	0.0	GAP_PRESENT	GAP_PRESENT	LOW	FAMILY_CANDIDATE	LONG_DESCRIPTION	GENERIC_RELEVANT; coverage=GAP_PRESENT; ownership=STORE_GENERIC; observed slices=1.	0.76	YES
2271234726	1948064495	четки в машину	GENERIC_RELEVANT	1622.0	0.0	0.0	GAP_PRESENT	GAP_PRESENT	LOW	FAMILY_CANDIDATE	LONG_DESCRIPTION	GENERIC_RELEVANT; coverage=GAP_PRESENT; ownership=STORE_GENERIC; observed slices=1.	0.76	YES
2271240621	1948071647	taccardi для дев	AMBIGUOUS_HOLD	0.0	0.0	0.0	GAP_PRESENT	GAP_PRESENT	MEDIUM	HOLD_AMBIGUOUS	HOLD	AMBIGUOUS_HOLD; coverage=GAP_PRESENT; ownership=UNCLEAR; observed slices=1.	0.42	YES
2271240621	1948071647	автомобильный талисман оберег на зеркало	GENERIC_RELEVANT	1.0	0.0	0.0	GAP_PRESENT	GAP_PRESENT	LOW	FAMILY_CANDIDATE	LONG_DESCRIPTION	GENERIC_RELEVANT; coverage=GAP_PRESENT; ownership=STORE_GENERIC; observed slices=1.	0.76	YES
2271240621	1948071647	автоподвеска на зеркало авто для женщин	GENERIC_RELEVANT	0.0	0.0	0.0	GAP_PRESENT	GAP_PRESENT	LOW	FAMILY_CANDIDATE	LONG_DESCRIPTION	GENERIC_RELEVANT; coverage=GAP_PRESENT; ownership=FAMILY_SHARED; observed slices=1.	0.76	YES
2271240621	1948071647	амулет талисман мужской	GENERIC_RELEVANT	1.0	0.0	0.0	GAP_PRESENT	GAP_PRESENT	LOW	FAMILY_CANDIDATE	LONG_DESCRIPTION	GENERIC_RELEVANT; coverage=GAP_PRESENT; ownership=FAMILY_SHARED; observed slices=1.	0.72	YES
2271240621	1948071647	амулеты обереги и талисманы	GENERIC_RELEVANT	327.0	0.0	0.0	GAP_PRESENT	GAP_PRESENT	LOW	FAMILY_CANDIDATE	LONG_DESCRIPTION	GENERIC_RELEVANT; coverage=GAP_PRESENT; ownership=STORE_GENERIC; observed slices=1.	0.72	YES
2271240621	1948071647	амулеты обереги и талисманы зеркалр	GENERIC_RELEVANT	0.0	0.0	0.0	GAP_PRESENT	GAP_PRESENT	LOW	FAMILY_CANDIDATE	LONG_DESCRIPTION	GENERIC_RELEVANT; coverage=GAP_PRESENT; ownership=STORE_GENERIC; observed slices=1.	0.76	YES
2271240621	1948071647	армянский барабан на машину подвеска	GENERIC_RELEVANT	1.0	0.0	0.0	GAP_PRESENT	GAP_PRESENT	LOW	FAMILY_CANDIDATE	LONG_DESCRIPTION	GENERIC_RELEVANT; coverage=GAP_PRESENT; ownership=STORE_GENERIC; observed slices=1.	0.76	YES
2271240621	1948071647	атрибутика зенит в машину на зеркало	GENERIC_RELEVANT	1.0	0.0	0.0	GAP_PRESENT	GAP_PRESENT	LOW	FAMILY_CANDIDATE	LONG_DESCRIPTION	GENERIC_RELEVANT; coverage=GAP_PRESENT; ownership=STORE_GENERIC; observed slices=1.	0.76	YES
2271240621	1948071647	брелок дева знак зодиака	EXACT_PRODUCT	36.0	0.0	520.0	PARTIAL_GAP	PARTIAL_GAP	LOW	READY_CANDIDATE	LONG_DESCRIPTION	EXACT_PRODUCT; coverage=PARTIAL_GAP; ownership=SKU_SPECIFIC; observed slices=1.	0.96	YES
2271240621	1948071647	брелок знак зодиака набор	FAMILY_RELEVANT	1.0	0.0	0.0	GAP_PRESENT	GAP_PRESENT	LOW	FAMILY_CANDIDATE	LONG_DESCRIPTION	FAMILY_RELEVANT; coverage=GAP_PRESENT; ownership=FAMILY_SHARED; observed slices=1.	0.86	YES
2271240621	1948071647	бусины знаки зодиака подвеска набор	FAMILY_RELEVANT	1.0	0.0	0.0	GAP_PRESENT	GAP_PRESENT	LOW	FAMILY_CANDIDATE	LONG_DESCRIPTION	FAMILY_RELEVANT; coverage=GAP_PRESENT; ownership=FAMILY_SHARED; observed slices=1.	0.86	YES
2271240621	1948071647	в машине деву	GENERIC_RELEVANT	0.0	0.0	0.0	GAP_PRESENT	GAP_PRESENT	LOW	FAMILY_CANDIDATE	LONG_DESCRIPTION	GENERIC_RELEVANT; coverage=GAP_PRESENT; ownership=FAMILY_SHARED; observed slices=1.	0.76	YES
2271240621	1948071647	в машину	GENERIC_RELEVANT	559.0	0.0	0.0	GAP_PRESENT	GAP_PRESENT	LOW	FAMILY_CANDIDATE	LONG_DESCRIPTION	GENERIC_RELEVANT; coverage=GAP_PRESENT; ownership=STORE_GENERIC; observed slices=1.	0.76	YES
2271240621	1948071647	в машину амулет	GENERIC_RELEVANT	0.0	0.0	0.0	GAP_PRESENT	GAP_PRESENT	LOW	FAMILY_CANDIDATE	LONG_DESCRIPTION	GENERIC_RELEVANT; coverage=GAP_PRESENT; ownership=STORE_GENERIC; observed slices=1.	0.76	YES
2271240621	1948071647	в машину для дев	GENERIC_RELEVANT	0.0	0.0	0.0	GAP_PRESENT	GAP_PRESENT	LOW	FAMILY_CANDIDATE	LONG_DESCRIPTION	GENERIC_RELEVANT; coverage=GAP_PRESENT; ownership=FAMILY_SHARED; observed slices=1.	0.76	YES
2271240621	1948071647	в машину для мужчины амулет	GENERIC_RELEVANT	1.0	0.0	0.0	GAP_PRESENT	GAP_PRESENT	LOW	FAMILY_CANDIDATE	LONG_DESCRIPTION	GENERIC_RELEVANT; coverage=GAP_PRESENT; ownership=STORE_GENERIC; observed slices=1.	0.76	YES
2271240621	1948071647	в машину женская дева	EXACT_PRODUCT	0.0	0.0	0.0	PARTIAL_GAP	PARTIAL_GAP	LOW	READY_CANDIDATE	LONG_DESCRIPTION	EXACT_PRODUCT; coverage=PARTIAL_GAP; ownership=SKU_SPECIFIC; observed slices=1.	0.96	YES
2271240621	1948071647	ведьмино зеркало	GENERIC_RELEVANT	4.0	0.0	0.0	GAP_PRESENT	GAP_PRESENT	LOW	FAMILY_CANDIDATE	LONG_DESCRIPTION	GENERIC_RELEVANT; coverage=GAP_PRESENT; ownership=STORE_GENERIC; observed slices=1.	0.76	YES
2271240621	1948071647	дева	STRONG_PRODUCT	2017.0	0.0	0.0	NO_GAP	NO_GAP	HIGH	NO_CHANGE	NONE	STRONG_PRODUCT; coverage=NO_GAP; ownership=FAMILY_SHARED; observed slices=1.	0.96	YES
2271240621	1948071647	дева деревянная	STRONG_PRODUCT	0.0	0.0	0.0	PARTIAL_GAP	PARTIAL_GAP	LOW	READY_CANDIDATE	LONG_DESCRIPTION	STRONG_PRODUCT; coverage=PARTIAL_GAP; ownership=SKU_SPECIFIC; observed slices=1.	0.96	YES
2271240621	1948071647	дева знак зодиака	EXACT_PRODUCT	274.0	0.0	0.0	NO_GAP	NO_GAP	HIGH	NO_CHANGE	NONE	EXACT_PRODUCT; coverage=NO_GAP; ownership=FAMILY_SHARED; observed slices=1.	0.96	YES
2271240621	1948071647	дева знак зодиака рюмки	EXACT_PRODUCT	0.0	0.0	0.0	PARTIAL_GAP	PARTIAL_GAP	HIGH	READY_CANDIDATE	LONG_DESCRIPTION	EXACT_PRODUCT; coverage=PARTIAL_GAP; ownership=FAMILY_SHARED; observed slices=1.	0.96	YES
2271240621	1948071647	дева знак зодиака худи	EXACT_PRODUCT	1.0	0.0	0.0	PARTIAL_GAP	PARTIAL_GAP	LOW	READY_CANDIDATE	LONG_DESCRIPTION	EXACT_PRODUCT; coverage=PARTIAL_GAP; ownership=SKU_SPECIFIC; observed slices=1.	0.96	YES
2271240621	1948071647	дева подвеска для мужчин	EXACT_PRODUCT	1.0	0.0	0.0	PARTIAL_GAP	PARTIAL_GAP	LOW	READY_CANDIDATE	LONG_DESCRIPTION	EXACT_PRODUCT; coverage=PARTIAL_GAP; ownership=SKU_SPECIFIC; observed slices=1.	0.96	YES
2271240621	1948071647	день рождения для девы	AMBIGUOUS_HOLD	0.0	0.0	0.0	GAP_PRESENT	GAP_PRESENT	MEDIUM	HOLD_AMBIGUOUS	HOLD	AMBIGUOUS_HOLD; coverage=GAP_PRESENT; ownership=UNCLEAR; observed slices=1.	0.42	YES
2271240621	1948071647	для девы из дерева	AMBIGUOUS_HOLD	1.0	0.0	0.0	GAP_PRESENT	GAP_PRESENT	MEDIUM	HOLD_AMBIGUOUS	HOLD	AMBIGUOUS_HOLD; coverage=GAP_PRESENT; ownership=UNCLEAR; observed slices=1.	0.42	YES
2271240621	1948071647	для салона машины подвеска	GENERIC_RELEVANT	0.0	0.0	0.0	GAP_PRESENT	GAP_PRESENT	LOW	FAMILY_CANDIDATE	LONG_DESCRIPTION	GENERIC_RELEVANT; coverage=GAP_PRESENT; ownership=STORE_GENERIC; observed slices=1.	0.76	YES
2271240621	1948071647	зеркало для деву	GENERIC_RELEVANT	0.0	0.0	0.0	GAP_PRESENT	GAP_PRESENT	LOW	FAMILY_CANDIDATE	LONG_DESCRIPTION	GENERIC_RELEVANT; coverage=GAP_PRESENT; ownership=FAMILY_SHARED; observed slices=1.	0.76	YES
2271240621	1948071647	зеркало оберег на шею	GENERIC_RELEVANT	4.0	0.0	0.0	GAP_PRESENT	GAP_PRESENT	LOW	FAMILY_CANDIDATE	LONG_DESCRIPTION	GENERIC_RELEVANT; coverage=GAP_PRESENT; ownership=FAMILY_SHARED; observed slices=1.	0.76	YES
2271240621	1948071647	зеркальце оборег	GENERIC_RELEVANT	1.0	0.0	0.0	GAP_PRESENT	GAP_PRESENT	LOW	FAMILY_CANDIDATE	LONG_DESCRIPTION	GENERIC_RELEVANT; coverage=GAP_PRESENT; ownership=FAMILY_SHARED; observed slices=1.	0.76	YES
2271240621	1948071647	знак дорожный зеркало	GENERIC_RELEVANT	1.0	0.0	0.0	GAP_PRESENT	GAP_PRESENT	LOW	FAMILY_CANDIDATE	LONG_DESCRIPTION	GENERIC_RELEVANT; coverage=GAP_PRESENT; ownership=FAMILY_SHARED; observed slices=1.	0.76	YES
2271240621	1948071647	знак зодиака дева	EXACT_PRODUCT	289.0	0.0	0.0	NO_GAP	NO_GAP	HIGH	NO_CHANGE	NONE	EXACT_PRODUCT; coverage=NO_GAP; ownership=FAMILY_SHARED; observed slices=2.	0.96	YES
2271240621	1948071647	знак зодика деревянный	AMBIGUOUS_HOLD	1.0	0.0	0.0	GAP_PRESENT	GAP_PRESENT	MEDIUM	HOLD_AMBIGUOUS	HOLD	AMBIGUOUS_HOLD; coverage=GAP_PRESENT; ownership=UNCLEAR; observed slices=1.	0.42	YES
2271240621	1948071647	знаки зодиака	FAMILY_RELEVANT	44.0	0.0	0.0	GAP_PRESENT	GAP_PRESENT	LOW	FAMILY_CANDIDATE	LONG_DESCRIPTION	FAMILY_RELEVANT; coverage=GAP_PRESENT; ownership=FAMILY_SHARED; observed slices=1.	0.86	YES
2271240621	1948071647	игрушки в машину на зеркало	GENERIC_RELEVANT	5.0	0.0	0.0	GAP_PRESENT	GAP_PRESENT	LOW	FAMILY_CANDIDATE	LONG_DESCRIPTION	GENERIC_RELEVANT; coverage=GAP_PRESENT; ownership=FAMILY_SHARED; observed slices=1.	0.76	YES
2271240621	1948071647	картина для знака зодиака дева мужская	EXACT_PRODUCT	1.0	0.0	0.0	PARTIAL_GAP	PARTIAL_GAP	LOW	READY_CANDIDATE	LONG_DESCRIPTION	EXACT_PRODUCT; coverage=PARTIAL_GAP; ownership=SKU_SPECIFIC; observed slices=1.	0.96	YES
2271240621	1948071647	медальон вдв в машину на зеркало	GENERIC_RELEVANT	0.0	0.0	0.0	GAP_PRESENT	GAP_PRESENT	LOW	FAMILY_CANDIDATE	LONG_DESCRIPTION	GENERIC_RELEVANT; coverage=GAP_PRESENT; ownership=STORE_GENERIC; observed slices=1.	0.76	YES
2271240621	1948071647	на зеркало в машину подвеска	GENERIC_RELEVANT	284.0	0.0	0.0	GAP_PRESENT	GAP_PRESENT	LOW	FAMILY_CANDIDATE	LONG_DESCRIPTION	GENERIC_RELEVANT; coverage=GAP_PRESENT; ownership=STORE_GENERIC; observed slices=1.	0.76	YES
2271240621	1948071647	оберег	GENERIC_RELEVANT	754.0	0.0	0.0	GAP_PRESENT	GAP_PRESENT	LOW	FAMILY_CANDIDATE	LONG_DESCRIPTION	GENERIC_RELEVANT; coverage=GAP_PRESENT; ownership=STORE_GENERIC; observed slices=1.	0.72	YES
2271240621	1948071647	оберег ворон в компасе	GENERIC_RELEVANT	1.0	0.0	0.0	GAP_PRESENT	GAP_PRESENT	LOW	FAMILY_CANDIDATE	LONG_DESCRIPTION	GENERIC_RELEVANT; coverage=GAP_PRESENT; ownership=FAMILY_SHARED; observed slices=1.	0.72	YES
2271240621	1948071647	оберег на зеркало	GENERIC_RELEVANT	1.0	0.0	780.0	GAP_PRESENT	GAP_PRESENT	LOW	FAMILY_CANDIDATE	LONG_DESCRIPTION	GENERIC_RELEVANT; coverage=GAP_PRESENT; ownership=FAMILY_SHARED; observed slices=1.	0.76	YES
2271240621	1948071647	подарок для девы	AMBIGUOUS_HOLD	379.0	0.0	624.0	GAP_PRESENT	GAP_PRESENT	MEDIUM	HOLD_AMBIGUOUS	HOLD	AMBIGUOUS_HOLD; coverage=GAP_PRESENT; ownership=UNCLEAR; observed slices=2.	0.42	YES
2271240621	1948071647	подарок для девы мужчины	AMBIGUOUS_HOLD	5.0	0.0	0.0	GAP_PRESENT	GAP_PRESENT	MEDIUM	HOLD_AMBIGUOUS	HOLD	AMBIGUOUS_HOLD; coverage=GAP_PRESENT; ownership=UNCLEAR; observed slices=1.	0.42	YES
2271240621	1948071647	подвеска в автомобиль	GENERIC_RELEVANT	417.0	0.0	0.0	GAP_PRESENT	GAP_PRESENT	LOW	FAMILY_CANDIDATE	LONG_DESCRIPTION	GENERIC_RELEVANT; coverage=GAP_PRESENT; ownership=STORE_GENERIC; observed slices=2.	0.76	YES
2271240621	1948071647	подвеска в автомобиль на зеркало	GENERIC_RELEVANT	408.0	0.0	0.0	GAP_PRESENT	GAP_PRESENT	LOW	FAMILY_CANDIDATE	LONG_DESCRIPTION	GENERIC_RELEVANT; coverage=GAP_PRESENT; ownership=STORE_GENERIC; observed slices=1.	0.76	YES
2271240621	1948071647	подвеска в машину	GENERIC_RELEVANT	7092.0	0.0	0.0	GAP_PRESENT	GAP_PRESENT	LOW	FAMILY_CANDIDATE	LONG_DESCRIPTION	GENERIC_RELEVANT; coverage=GAP_PRESENT; ownership=STORE_GENERIC; observed slices=2.	0.76	YES
2271240621	1948071647	подвеска в машину на зеркало	GENERIC_RELEVANT	6256.0	0.0	0.0	GAP_PRESENT	GAP_PRESENT	LOW	FAMILY_CANDIDATE	LONG_DESCRIPTION	GENERIC_RELEVANT; coverage=GAP_PRESENT; ownership=STORE_GENERIC; observed slices=1.	0.76	YES
2271240621	1948071647	подвеска в машину на зеркало японская	GENERIC_RELEVANT	2.0	0.0	0.0	GAP_PRESENT	GAP_PRESENT	LOW	FAMILY_CANDIDATE	LONG_DESCRIPTION	GENERIC_RELEVANT; coverage=GAP_PRESENT; ownership=FAMILY_SHARED; observed slices=1.	0.76	YES
2271240621	1948071647	подвеска в машину ретро	GENERIC_RELEVANT	1.0	0.0	0.0	GAP_PRESENT	GAP_PRESENT	LOW	FAMILY_CANDIDATE	LONG_DESCRIPTION	GENERIC_RELEVANT; coverage=GAP_PRESENT; ownership=FAMILY_SHARED; observed slices=1.	0.76	YES
2271240621	1948071647	подвеска знак зодиака дева	EXACT_PRODUCT	28.0	0.0	0.0	NO_GAP	NO_GAP	LOW	NO_CHANGE	NONE	EXACT_PRODUCT; coverage=NO_GAP; ownership=SKU_SPECIFIC; observed slices=1.	0.96	NO
2271240621	1948071647	подвеска на зеркало в машину	GENERIC_RELEVANT	1307.0	0.0	0.0	GAP_PRESENT	GAP_PRESENT	LOW	FAMILY_CANDIDATE	LONG_DESCRIPTION	GENERIC_RELEVANT; coverage=GAP_PRESENT; ownership=STORE_GENERIC; observed slices=1.	0.76	YES
2271240621	1948071647	подвески обереги в машину на зеркало женские	GENERIC_RELEVANT	1.0	0.0	0.0	GAP_PRESENT	GAP_PRESENT	LOW	FAMILY_CANDIDATE	LONG_DESCRIPTION	GENERIC_RELEVANT; coverage=GAP_PRESENT; ownership=FAMILY_SHARED; observed slices=1.	0.76	YES
2271240621	1948071647	талисман	GENERIC_RELEVANT	197.0	0.0	0.0	GAP_PRESENT	GAP_PRESENT	LOW	FAMILY_CANDIDATE	LONG_DESCRIPTION	GENERIC_RELEVANT; coverage=GAP_PRESENT; ownership=STORE_GENERIC; observed slices=1.	0.72	YES
2271240621	1948071647	талисман в машину дева	EXACT_PRODUCT	1.0	0.0	584.0	NO_GAP	NO_GAP	LOW	NO_CHANGE	NONE	EXACT_PRODUCT; coverage=NO_GAP; ownership=SKU_SPECIFIC; observed slices=1.	0.96	NO
2271240621	1948071647	четки в машину	GENERIC_RELEVANT	1623.0	0.0	0.0	GAP_PRESENT	GAP_PRESENT	LOW	FAMILY_CANDIDATE	LONG_DESCRIPTION	GENERIC_RELEVANT; coverage=GAP_PRESENT; ownership=STORE_GENERIC; observed slices=1.	0.76	YES
2271240621	1948071647	четки в машину со знакам зодиака дева	EXACT_PRODUCT	0.0	0.0	0.0	PARTIAL_GAP	PARTIAL_GAP	LOW	READY_CANDIDATE	LONG_DESCRIPTION	EXACT_PRODUCT; coverage=PARTIAL_GAP; ownership=SKU_SPECIFIC; observed slices=1.	0.96	YES
2271246783	1948079096	cosaque	AMBIGUOUS_HOLD	3.0	0.0	0.0	GAP_PRESENT	GAP_PRESENT	MEDIUM	HOLD_AMBIGUOUS	HOLD	AMBIGUOUS_HOLD; coverage=GAP_PRESENT; ownership=UNCLEAR; observed slices=1.	0.42	YES
2271246783	1948079096	авто подвески на зеркало	GENERIC_RELEVANT	1.0	0.0	0.0	GAP_PRESENT	GAP_PRESENT	LOW	FAMILY_CANDIDATE	LONG_DESCRIPTION	GENERIC_RELEVANT; coverage=GAP_PRESENT; ownership=STORE_GENERIC; observed slices=1.	0.76	YES
2271246783	1948079096	автоподвеска мужска	GENERIC_RELEVANT	0.0	0.0	0.0	GAP_PRESENT	GAP_PRESENT	LOW	FAMILY_CANDIDATE	LONG_DESCRIPTION	GENERIC_RELEVANT; coverage=GAP_PRESENT; ownership=STORE_GENERIC; observed slices=1.	0.76	YES
2271246783	1948079096	аксессуары в машину подвесаа зеркал барабан	GENERIC_RELEVANT	0.0	0.0	0.0	GAP_PRESENT	GAP_PRESENT	LOW	FAMILY_CANDIDATE	LONG_DESCRIPTION	GENERIC_RELEVANT; coverage=GAP_PRESENT; ownership=STORE_GENERIC; observed slices=1.	0.76	YES
2271246783	1948079096	амулет зеркальная защита	GENERIC_RELEVANT	22.0	0.0	0.0	GAP_PRESENT	GAP_PRESENT	LOW	FAMILY_CANDIDATE	LONG_DESCRIPTION	GENERIC_RELEVANT; coverage=GAP_PRESENT; ownership=STORE_GENERIC; observed slices=1.	0.76	YES
2271246783	1948079096	амулет козерог и клевер	EXACT_PRODUCT	1.0	0.0	0.0	PARTIAL_GAP	PARTIAL_GAP	LOW	READY_CANDIDATE	LONG_DESCRIPTION	EXACT_PRODUCT; coverage=PARTIAL_GAP; ownership=SKU_SPECIFIC; observed slices=1.	0.96	YES
2271246783	1948079096	амулет мужской в машину деревянный	GENERIC_RELEVANT	1.0	0.0	0.0	GAP_PRESENT	GAP_PRESENT	LOW	FAMILY_CANDIDATE	LONG_DESCRIPTION	GENERIC_RELEVANT; coverage=GAP_PRESENT; ownership=FAMILY_SHARED; observed slices=1.	0.76	YES
2271246783	1948079096	браслет оберег мужчины	GENERIC_RELEVANT	1.0	0.0	0.0	GAP_PRESENT	GAP_PRESENT	LOW	FAMILY_CANDIDATE	LONG_DESCRIPTION	GENERIC_RELEVANT; coverage=GAP_PRESENT; ownership=FAMILY_SHARED; observed slices=1.	0.72	YES
2271246783	1948079096	брелок коза	AMBIGUOUS_HOLD	154.0	0.0	0.0	GAP_PRESENT	GAP_PRESENT	MEDIUM	HOLD_AMBIGUOUS	HOLD	AMBIGUOUS_HOLD; coverage=GAP_PRESENT; ownership=UNCLEAR; observed slices=1.	0.42	YES
2271246783	1948079096	брелок козерошки	AMBIGUOUS_HOLD	0.0	0.0	0.0	GAP_PRESENT	GAP_PRESENT	MEDIUM	HOLD_AMBIGUOUS	HOLD	AMBIGUOUS_HOLD; coverage=GAP_PRESENT; ownership=UNCLEAR; observed slices=1.	0.42	YES
2271246783	1948079096	брелок со знаком зодиака козерог	EXACT_PRODUCT	2.0	0.0	0.0	PARTIAL_GAP	PARTIAL_GAP	LOW	READY_CANDIDATE	LONG_DESCRIPTION	EXACT_PRODUCT; coverage=PARTIAL_GAP; ownership=SKU_SPECIFIC; observed slices=1.	0.96	YES
2271246783	1948079096	бусы подвеска в машину	GENERIC_RELEVANT	1.0	0.0	0.0	GAP_PRESENT	GAP_PRESENT	LOW	FAMILY_CANDIDATE	LONG_DESCRIPTION	GENERIC_RELEVANT; coverage=GAP_PRESENT; ownership=FAMILY_SHARED; observed slices=1.	0.76	YES
2271246783	1948079096	в машину подвеска	GENERIC_RELEVANT	51.0	0.0	0.0	GAP_PRESENT	GAP_PRESENT	LOW	FAMILY_CANDIDATE	LONG_DESCRIPTION	GENERIC_RELEVANT; coverage=GAP_PRESENT; ownership=STORE_GENERIC; observed slices=1.	0.76	YES
2271246783	1948079096	деревянные подвески в автомобиль	GENERIC_RELEVANT	1.0	0.0	0.0	GAP_PRESENT	GAP_PRESENT	LOW	FAMILY_CANDIDATE	LONG_DESCRIPTION	GENERIC_RELEVANT; coverage=GAP_PRESENT; ownership=STORE_GENERIC; observed slices=1.	0.76	YES
2271246783	1948079096	для салона машины подвеска	GENERIC_RELEVANT	0.0	0.0	0.0	GAP_PRESENT	GAP_PRESENT	LOW	FAMILY_CANDIDATE	LONG_DESCRIPTION	GENERIC_RELEVANT; coverage=GAP_PRESENT; ownership=STORE_GENERIC; observed slices=2.	0.76	YES
2271246783	1948079096	дорогой подарок мужчине в машину оригинальный	GENERIC_RELEVANT	1.0	0.0	0.0	GAP_PRESENT	GAP_PRESENT	LOW	FAMILY_CANDIDATE	LONG_DESCRIPTION	GENERIC_RELEVANT; coverage=GAP_PRESENT; ownership=FAMILY_SHARED; observed slices=1.	0.76	YES
2271246783	1948079096	дорожный набор подарочный для мужчин	AMBIGUOUS_HOLD	0.0	0.0	0.0	GAP_PRESENT	GAP_PRESENT	MEDIUM	HOLD_AMBIGUOUS	HOLD	AMBIGUOUS_HOLD; coverage=GAP_PRESENT; ownership=UNCLEAR; observed slices=1.	0.42	YES
2271246783	1948079096	зеркало амулет	GENERIC_RELEVANT	4.0	0.0	0.0	GAP_PRESENT	GAP_PRESENT	LOW	FAMILY_CANDIDATE	LONG_DESCRIPTION	GENERIC_RELEVANT; coverage=GAP_PRESENT; ownership=STORE_GENERIC; observed slices=1.	0.76	YES
2271246783	1948079096	зеркало в	GENERIC_RELEVANT	190.0	0.0	0.0	GAP_PRESENT	GAP_PRESENT	LOW	FAMILY_CANDIDATE	LONG_DESCRIPTION	GENERIC_RELEVANT; coverage=GAP_PRESENT; ownership=FAMILY_SHARED; observed slices=1.	0.76	YES
2271246783	1948079096	зеркало в машину на козы	GENERIC_RELEVANT	0.0	0.0	0.0	GAP_PRESENT	GAP_PRESENT	LOW	FAMILY_CANDIDATE	LONG_DESCRIPTION	GENERIC_RELEVANT; coverage=GAP_PRESENT; ownership=FAMILY_SHARED; observed slices=1.	0.76	YES
2271246783	1948079096	зеркало обгона для праворуких машин	GENERIC_RELEVANT	1.0	0.0	0.0	GAP_PRESENT	GAP_PRESENT	LOW	FAMILY_CANDIDATE	LONG_DESCRIPTION	GENERIC_RELEVANT; coverage=GAP_PRESENT; ownership=STORE_GENERIC; observed slices=1.	0.76	YES
2271246783	1948079096	зназодиака козерог	EXACT_PRODUCT	0.0	0.0	0.0	PARTIAL_GAP	PARTIAL_GAP	HIGH	READY_CANDIDATE	LONG_DESCRIPTION	EXACT_PRODUCT; coverage=PARTIAL_GAP; ownership=FAMILY_SHARED; observed slices=1.	0.96	YES
2271246783	1948079096	знак козерога подст	PARTIAL_RELEVANCE	0.0	0.0	0.0	PARTIAL_GAP	PARTIAL_GAP	MEDIUM	HOLD_AMBIGUOUS	HOLD	PARTIAL_RELEVANCE; coverage=PARTIAL_GAP; ownership=UNCLEAR; observed slices=1.	0.60	YES
2271246783	1948079096	знак со стразами учебная машина	GENERIC_RELEVANT	1.0	0.0	0.0	GAP_PRESENT	GAP_PRESENT	LOW	FAMILY_CANDIDATE	LONG_DESCRIPTION	GENERIC_RELEVANT; coverage=GAP_PRESENT; ownership=FAMILY_SHARED; observed slices=1.	0.76	YES
2271246783	1948079096	картины со знаком зодиака козерог	EXACT_PRODUCT	0.0	0.0	0.0	PARTIAL_GAP	PARTIAL_GAP	HIGH	READY_CANDIDATE	LONG_DESCRIPTION	EXACT_PRODUCT; coverage=PARTIAL_GAP; ownership=FAMILY_SHARED; observed slices=1.	0.96	YES
2271246783	1948079096	коз брелок	AMBIGUOUS_HOLD	0.0	0.0	0.0	GAP_PRESENT	GAP_PRESENT	MEDIUM	HOLD_AMBIGUOUS	HOLD	AMBIGUOUS_HOLD; coverage=GAP_PRESENT; ownership=UNCLEAR; observed slices=1.	0.42	YES
2271246783	1948079096	коза подвеска в машину	GENERIC_RELEVANT	2.0	0.0	0.0	GAP_PRESENT	GAP_PRESENT	LOW	FAMILY_CANDIDATE	LONG_DESCRIPTION	GENERIC_RELEVANT; coverage=GAP_PRESENT; ownership=FAMILY_SHARED; observed slices=1.	0.76	YES
2271246783	1948079096	козаки	AMBIGUOUS_HOLD	62.0	0.0	0.0	GAP_PRESENT	GAP_PRESENT	MEDIUM	HOLD_AMBIGUOUS	HOLD	AMBIGUOUS_HOLD; coverage=GAP_PRESENT; ownership=UNCLEAR; observed slices=1.	0.42	YES
2271246783	1948079096	козерог	STRONG_PRODUCT	774.0	0.0	0.0	NO_GAP	NO_GAP	HIGH	NO_CHANGE	NONE	STRONG_PRODUCT; coverage=NO_GAP; ownership=FAMILY_SHARED; observed slices=1.	0.96	YES
2271246783	1948079096	козерог авто	EXACT_PRODUCT	1.0	0.0	0.0	NO_GAP	NO_GAP	LOW	NO_CHANGE	NONE	EXACT_PRODUCT; coverage=NO_GAP; ownership=SKU_SPECIFIC; observed slices=1.	0.96	NO
2271246783	1948079096	козерог из серебра	STRONG_PRODUCT	1.0	0.0	0.0	PARTIAL_GAP	PARTIAL_GAP	LOW	READY_CANDIDATE	LONG_DESCRIPTION	STRONG_PRODUCT; coverage=PARTIAL_GAP; ownership=SKU_SPECIFIC; observed slices=1.	0.96	YES
2271246783	1948079096	козерог на автомобиль	EXACT_PRODUCT	1.0	0.0	0.0	NO_GAP	NO_GAP	HIGH	NO_CHANGE	NONE	EXACT_PRODUCT; coverage=NO_GAP; ownership=FAMILY_SHARED; observed slices=1.	0.96	YES
2271246783	1948079096	козерог на зеркало тайота прадо	EXACT_PRODUCT	1.0	0.0	0.0	PARTIAL_GAP	PARTIAL_GAP	LOW	READY_CANDIDATE	LONG_DESCRIPTION	EXACT_PRODUCT; coverage=PARTIAL_GAP; ownership=SKU_SPECIFIC; observed slices=1.	0.96	YES
2271246783	1948079096	козерог на зеркало фх	EXACT_PRODUCT	0.0	0.0	0.0	PARTIAL_GAP	PARTIAL_GAP	HIGH	READY_CANDIDATE	LONG_DESCRIPTION	EXACT_PRODUCT; coverage=PARTIAL_GAP; ownership=FAMILY_SHARED; observed slices=1.	0.96	YES
2271246783	1948079096	козерог подарок	STRONG_PRODUCT	1.0	0.0	0.0	NO_GAP	NO_GAP	HIGH	NO_CHANGE	NONE	STRONG_PRODUCT; coverage=NO_GAP; ownership=FAMILY_SHARED; observed slices=1.	0.96	YES
2271246783	1948079096	козерог подвеска	EXACT_PRODUCT	46.0	0.0	0.0	NO_GAP	NO_GAP	HIGH	NO_CHANGE	NONE	EXACT_PRODUCT; coverage=NO_GAP; ownership=FAMILY_SHARED; observed slices=1.	0.96	YES
2271246783	1948079096	козерог подвеска мериада	EXACT_PRODUCT	0.0	0.0	0.0	PARTIAL_GAP	PARTIAL_GAP	HIGH	READY_CANDIDATE	LONG_DESCRIPTION	EXACT_PRODUCT; coverage=PARTIAL_GAP; ownership=FAMILY_SHARED; observed slices=1.	0.96	YES
2271246783	1948079096	кулон зеркало оберег	GENERIC_RELEVANT	92.0	0.0	0.0	GAP_PRESENT	GAP_PRESENT	LOW	FAMILY_CANDIDATE	LONG_DESCRIPTION	GENERIC_RELEVANT; coverage=GAP_PRESENT; ownership=STORE_GENERIC; observed slices=1.	0.76	YES
2271246783	1948079096	мужчине на день рождения	AMBIGUOUS_HOLD	0.0	0.0	0.0	GAP_PRESENT	GAP_PRESENT	MEDIUM	HOLD_AMBIGUOUS	HOLD	AMBIGUOUS_HOLD; coverage=GAP_PRESENT; ownership=UNCLEAR; observed slices=1.	0.42	YES
2271246783	1948079096	оберег в машину	GENERIC_RELEVANT	289.0	0.0	0.0	GAP_PRESENT	GAP_PRESENT	LOW	FAMILY_CANDIDATE	LONG_DESCRIPTION	GENERIC_RELEVANT; coverage=GAP_PRESENT; ownership=STORE_GENERIC; observed slices=1.	0.76	YES
2271246783	1948079096	подарок коза	AMBIGUOUS_HOLD	2.0	0.0	0.0	GAP_PRESENT	GAP_PRESENT	MEDIUM	HOLD_AMBIGUOUS	HOLD	AMBIGUOUS_HOLD; coverage=GAP_PRESENT; ownership=UNCLEAR; observed slices=1.	0.42	YES
2271246783	1948079096	подвеска в автомобиль	GENERIC_RELEVANT	79.0	0.0	0.0	GAP_PRESENT	GAP_PRESENT	LOW	FAMILY_CANDIDATE	LONG_DESCRIPTION	GENERIC_RELEVANT; coverage=GAP_PRESENT; ownership=STORE_GENERIC; observed slices=1.	0.76	YES
2271246783	1948079096	подвеска в автомобиль мужская на зеркало	GENERIC_RELEVANT	1.0	0.0	0.0	GAP_PRESENT	GAP_PRESENT	LOW	FAMILY_CANDIDATE	LONG_DESCRIPTION	GENERIC_RELEVANT; coverage=GAP_PRESENT; ownership=FAMILY_SHARED; observed slices=1.	0.76	YES
2271246783	1948079096	подвеска в машину	GENERIC_RELEVANT	3171.0	0.0	0.0	GAP_PRESENT	GAP_PRESENT	LOW	FAMILY_CANDIDATE	LONG_DESCRIPTION	GENERIC_RELEVANT; coverage=GAP_PRESENT; ownership=STORE_GENERIC; observed slices=1.	0.76	YES
2271246783	1948079096	подвеска в машину на зеркало дракон	GENERIC_RELEVANT	2.0	0.0	0.0	GAP_PRESENT	GAP_PRESENT	LOW	FAMILY_CANDIDATE	LONG_DESCRIPTION	GENERIC_RELEVANT; coverage=GAP_PRESENT; ownership=STORE_GENERIC; observed slices=1.	0.76	YES
2271246783	1948079096	подвеска в машину на зеркало питбуль	GENERIC_RELEVANT	0.0	0.0	0.0	GAP_PRESENT	GAP_PRESENT	LOW	FAMILY_CANDIDATE	LONG_DESCRIPTION	GENERIC_RELEVANT; coverage=GAP_PRESENT; ownership=STORE_GENERIC; observed slices=1.	0.76	YES
2271246783	1948079096	подвеска в машину на зеркало юрта	GENERIC_RELEVANT	0.0	0.0	0.0	GAP_PRESENT	GAP_PRESENT	LOW	FAMILY_CANDIDATE	LONG_DESCRIPTION	GENERIC_RELEVANT; coverage=GAP_PRESENT; ownership=STORE_GENERIC; observed slices=1.	0.76	YES
2271246783	1948079096	подвеска козерог	EXACT_PRODUCT	109.0	0.0	0.0	NO_GAP	NO_GAP	HIGH	NO_CHANGE	NONE	EXACT_PRODUCT; coverage=NO_GAP; ownership=FAMILY_SHARED; observed slices=1.	0.96	YES
2271246783	1948079096	подвеска мужская	GENERIC_RELEVANT	210.0	0.0	0.0	GAP_PRESENT	GAP_PRESENT	LOW	FAMILY_CANDIDATE	LONG_DESCRIPTION	GENERIC_RELEVANT; coverage=GAP_PRESENT; ownership=STORE_GENERIC; observed slices=1.	0.72	YES
2271246783	1948079096	подвеска на зеркало в машину	GENERIC_RELEVANT	1208.0	0.0	0.0	GAP_PRESENT	GAP_PRESENT	LOW	FAMILY_CANDIDATE	LONG_DESCRIPTION	GENERIC_RELEVANT; coverage=GAP_PRESENT; ownership=STORE_GENERIC; observed slices=1.	0.76	YES
2271246783	1948079096	подвеска на зеркало в машину для мужчины	GENERIC_RELEVANT	1.0	0.0	0.0	GAP_PRESENT	GAP_PRESENT	LOW	FAMILY_CANDIDATE	LONG_DESCRIPTION	GENERIC_RELEVANT; coverage=GAP_PRESENT; ownership=FAMILY_SHARED; observed slices=1.	0.76	YES
2271246783	1948079096	подвеска на зеркало у машину	GENERIC_RELEVANT	1.0	0.0	0.0	GAP_PRESENT	GAP_PRESENT	LOW	FAMILY_CANDIDATE	LONG_DESCRIPTION	GENERIC_RELEVANT; coverage=GAP_PRESENT; ownership=STORE_GENERIC; observed slices=1.	0.76	YES
2271246783	1948079096	подвеска ювелирная козерог	EXACT_PRODUCT	0.0	0.0	0.0	PARTIAL_GAP	PARTIAL_GAP	LOW	READY_CANDIDATE	LONG_DESCRIPTION	EXACT_PRODUCT; coverage=PARTIAL_GAP; ownership=SKU_SPECIFIC; observed slices=1.	0.96	YES
2271246783	1948079096	прикольная талисман подвеска на зеркало в машину для машины в салон	GENERIC_RELEVANT	1.0	0.0	0.0	GAP_PRESENT	GAP_PRESENT	LOW	FAMILY_CANDIDATE	LONG_DESCRIPTION	GENERIC_RELEVANT; coverage=GAP_PRESENT; ownership=FAMILY_SHARED; observed slices=1.	0.76	YES
2271246783	1948079096	серьги с козерогом	PARTIAL_RELEVANCE	1.0	0.0	0.0	PARTIAL_GAP	PARTIAL_GAP	MEDIUM	HOLD_AMBIGUOUS	HOLD	PARTIAL_RELEVANCE; coverage=PARTIAL_GAP; ownership=UNCLEAR; observed slices=1.	0.60	YES
2271246783	1948079096	скрепка на авто козерог	EXACT_PRODUCT	1.0	0.0	0.0	PARTIAL_GAP	PARTIAL_GAP	LOW	READY_CANDIDATE	LONG_DESCRIPTION	EXACT_PRODUCT; coverage=PARTIAL_GAP; ownership=SKU_SPECIFIC; observed slices=1.	0.96	YES
2271246783	1948079096	четки в автомобиль	GENERIC_RELEVANT	559.0	0.0	0.0	GAP_PRESENT	GAP_PRESENT	LOW	FAMILY_CANDIDATE	LONG_DESCRIPTION	GENERIC_RELEVANT; coverage=GAP_PRESENT; ownership=STORE_GENERIC; observed slices=1.	0.76	YES
2271246783	1948079096	четки в машину	GENERIC_RELEVANT	284.0	0.0	0.0	GAP_PRESENT	GAP_PRESENT	LOW	FAMILY_CANDIDATE	LONG_DESCRIPTION	GENERIC_RELEVANT; coverage=GAP_PRESENT; ownership=STORE_GENERIC; observed slices=1.	0.76	YES
2271246783	1948079096	шарм подвеска бусина мужская козерог	EXACT_PRODUCT	1.0	0.0	0.0	PARTIAL_GAP	PARTIAL_GAP	LOW	READY_CANDIDATE	LONG_DESCRIPTION	EXACT_PRODUCT; coverage=PARTIAL_GAP; ownership=SKU_SPECIFIC; observed slices=1.	0.96	YES
2271251938	1948085774	dtlmvbyf gjldtcrf	AMBIGUOUS_HOLD	1.0	0.0	0.0	GAP_PRESENT	GAP_PRESENT	MEDIUM	HOLD_AMBIGUOUS	HOLD	AMBIGUOUS_HOLD; coverage=GAP_PRESENT; ownership=UNCLEAR; observed slices=1.	0.42	YES
2271251938	1948085774	автоподвеска мужска	GENERIC_RELEVANT	0.0	0.0	0.0	GAP_PRESENT	GAP_PRESENT	LOW	FAMILY_CANDIDATE	LONG_DESCRIPTION	GENERIC_RELEVANT; coverage=GAP_PRESENT; ownership=STORE_GENERIC; observed slices=1.	0.76	YES
2271251938	1948085774	акриловая подвеска в машину на зеркало	GENERIC_RELEVANT	1.0	0.0	0.0	GAP_PRESENT	GAP_PRESENT	LOW	FAMILY_CANDIDATE	LONG_DESCRIPTION	GENERIC_RELEVANT; coverage=GAP_PRESENT; ownership=STORE_GENERIC; observed slices=1.	0.76	YES
2271251938	1948085774	аксессуары для овна	GENERIC_RELEVANT	1.0	0.0	0.0	GAP_PRESENT	GAP_PRESENT	LOW	FAMILY_CANDIDATE	LONG_DESCRIPTION	GENERIC_RELEVANT; coverage=GAP_PRESENT; ownership=FAMILY_SHARED; observed slices=1.	0.72	YES
2271251938	1948085774	амулет в автомобиль	GENERIC_RELEVANT	5.0	0.0	0.0	GAP_PRESENT	GAP_PRESENT	LOW	FAMILY_CANDIDATE	LONG_DESCRIPTION	GENERIC_RELEVANT; coverage=GAP_PRESENT; ownership=STORE_GENERIC; observed slices=1.	0.76	YES
2271251938	1948085774	амулеты обереги и талисманы	GENERIC_RELEVANT	161.0	0.0	0.0	GAP_PRESENT	GAP_PRESENT	LOW	FAMILY_CANDIDATE	LONG_DESCRIPTION	GENERIC_RELEVANT; coverage=GAP_PRESENT; ownership=STORE_GENERIC; observed slices=1.	0.72	YES
2271251938	1948085774	браслетик оберег для овна	GENERIC_RELEVANT	0.0	0.0	0.0	GAP_PRESENT	GAP_PRESENT	LOW	FAMILY_CANDIDATE	LONG_DESCRIPTION	GENERIC_RELEVANT; coverage=GAP_PRESENT; ownership=FAMILY_SHARED; observed slices=1.	0.72	YES
2271251938	1948085774	брелок в машину на зеркало	GENERIC_RELEVANT	202.0	0.0	0.0	GAP_PRESENT	GAP_PRESENT	LOW	FAMILY_CANDIDATE	LONG_DESCRIPTION	GENERIC_RELEVANT; coverage=GAP_PRESENT; ownership=STORE_GENERIC; observed slices=1.	0.76	YES
2271251938	1948085774	брелок в машину на зеркало я свободен	GENERIC_RELEVANT	0.0	0.0	0.0	GAP_PRESENT	GAP_PRESENT	LOW	FAMILY_CANDIDATE	LONG_DESCRIPTION	GENERIC_RELEVANT; coverage=GAP_PRESENT; ownership=STORE_GENERIC; observed slices=1.	0.76	YES
2271251938	1948085774	брелок черный овен	STRONG_PRODUCT	0.0	0.0	0.0	PARTIAL_GAP	PARTIAL_GAP	LOW	READY_CANDIDATE	LONG_DESCRIPTION	STRONG_PRODUCT; coverage=PARTIAL_GAP; ownership=SKU_SPECIFIC; observed slices=1.	0.96	YES
2271251938	1948085774	бусины шармы наборна удачу	GENERIC_RELEVANT	1.0	0.0	0.0	GAP_PRESENT	GAP_PRESENT	LOW	FAMILY_CANDIDATE	LONG_DESCRIPTION	GENERIC_RELEVANT; coverage=GAP_PRESENT; ownership=FAMILY_SHARED; observed slices=1.	0.72	YES
2271251938	1948085774	бусы в машину на зеркало ленд ровер	GENERIC_RELEVANT	1.0	0.0	0.0	GAP_PRESENT	GAP_PRESENT	LOW	FAMILY_CANDIDATE	LONG_DESCRIPTION	GENERIC_RELEVANT; coverage=GAP_PRESENT; ownership=FAMILY_SHARED; observed slices=1.	0.76	YES
2271251938	1948085774	в машину амулет	GENERIC_RELEVANT	0.0	0.0	0.0	GAP_PRESENT	GAP_PRESENT	LOW	FAMILY_CANDIDATE	LONG_DESCRIPTION	GENERIC_RELEVANT; coverage=GAP_PRESENT; ownership=STORE_GENERIC; observed slices=1.	0.76	YES
2271251938	1948085774	в машину красивую подвеску с нашим триколором	GENERIC_RELEVANT	1.0	0.0	0.0	GAP_PRESENT	GAP_PRESENT	LOW	FAMILY_CANDIDATE	LONG_DESCRIPTION	GENERIC_RELEVANT; coverage=GAP_PRESENT; ownership=FAMILY_SHARED; observed slices=1.	0.76	YES
2271251938	1948085774	в машину на зеркало для девушки	GENERIC_RELEVANT	1.0	0.0	0.0	GAP_PRESENT	GAP_PRESENT	LOW	FAMILY_CANDIDATE	LONG_DESCRIPTION	GENERIC_RELEVANT; coverage=GAP_PRESENT; ownership=FAMILY_SHARED; observed slices=1.	0.76	YES
2271251938	1948085774	ведьмино зеркало	GENERIC_RELEVANT	7.0	0.0	0.0	GAP_PRESENT	GAP_PRESENT	LOW	FAMILY_CANDIDATE	LONG_DESCRIPTION	GENERIC_RELEVANT; coverage=GAP_PRESENT; ownership=STORE_GENERIC; observed slices=1.	0.76	YES
2271251938	1948085774	деревянное повеска для мужчин	AMBIGUOUS_HOLD	0.0	0.0	0.0	GAP_PRESENT	GAP_PRESENT	MEDIUM	HOLD_AMBIGUOUS	HOLD	AMBIGUOUS_HOLD; coverage=GAP_PRESENT; ownership=UNCLEAR; observed slices=1.	0.42	YES
2271251938	1948085774	джиу джитсу на машину подвеска на зеркало	GENERIC_RELEVANT	1.0	0.0	0.0	GAP_PRESENT	GAP_PRESENT	LOW	FAMILY_CANDIDATE	LONG_DESCRIPTION	GENERIC_RELEVANT; coverage=GAP_PRESENT; ownership=FAMILY_SHARED; observed slices=1.	0.76	YES
2271251938	1948085774	для знака на машину	GENERIC_RELEVANT	1.0	0.0	0.0	GAP_PRESENT	GAP_PRESENT	LOW	FAMILY_CANDIDATE	LONG_DESCRIPTION	GENERIC_RELEVANT; coverage=GAP_PRESENT; ownership=FAMILY_SHARED; observed slices=1.	0.76	YES
2271251938	1948085774	для машины подвеска на зеркало мужская	GENERIC_RELEVANT	1.0	0.0	0.0	GAP_PRESENT	GAP_PRESENT	LOW	FAMILY_CANDIDATE	LONG_DESCRIPTION	GENERIC_RELEVANT; coverage=GAP_PRESENT; ownership=FAMILY_SHARED; observed slices=1.	0.76	YES
2271251938	1948085774	для салона машины подвеска	GENERIC_RELEVANT	0.0	0.0	0.0	GAP_PRESENT	GAP_PRESENT	LOW	FAMILY_CANDIDATE	LONG_DESCRIPTION	GENERIC_RELEVANT; coverage=GAP_PRESENT; ownership=STORE_GENERIC; observed slices=1.	0.76	YES
2271251938	1948085774	дорожный знак в авто	GENERIC_RELEVANT	0.0	0.0	0.0	GAP_PRESENT	GAP_PRESENT	LOW	FAMILY_CANDIDATE	LONG_DESCRIPTION	GENERIC_RELEVANT; coverage=GAP_PRESENT; ownership=FAMILY_SHARED; observed slices=1.	0.76	YES
2271251938	1948085774	защита оберег в машину	GENERIC_RELEVANT	1.0	0.0	0.0	GAP_PRESENT	GAP_PRESENT	LOW	FAMILY_CANDIDATE	LONG_DESCRIPTION	GENERIC_RELEVANT; coverage=GAP_PRESENT; ownership=STORE_GENERIC; observed slices=1.	0.76	YES
2271251938	1948085774	зеркало	GENERIC_RELEVANT	7498.0	0.0	0.0	GAP_PRESENT	GAP_PRESENT	LOW	FAMILY_CANDIDATE	LONG_DESCRIPTION	GENERIC_RELEVANT; coverage=GAP_PRESENT; ownership=STORE_GENERIC; observed slices=1.	0.76	YES
2271251938	1948085774	зеркало овл	GENERIC_RELEVANT	0.0	0.0	0.0	GAP_PRESENT	GAP_PRESENT	LOW	FAMILY_CANDIDATE	LONG_DESCRIPTION	GENERIC_RELEVANT; coverage=GAP_PRESENT; ownership=FAMILY_SHARED; observed slices=1.	0.76	YES
2271251938	1948085774	зеркало с изразцами	GENERIC_RELEVANT	2.0	0.0	0.0	GAP_PRESENT	GAP_PRESENT	LOW	FAMILY_CANDIDATE	LONG_DESCRIPTION	GENERIC_RELEVANT; coverage=GAP_PRESENT; ownership=FAMILY_SHARED; observed slices=1.	0.76	YES
2271251938	1948085774	зеркальный оберег	GENERIC_RELEVANT	7.0	0.0	0.0	GAP_PRESENT	GAP_PRESENT	LOW	FAMILY_CANDIDATE	LONG_DESCRIPTION	GENERIC_RELEVANT; coverage=GAP_PRESENT; ownership=STORE_GENERIC; observed slices=1.	0.76	YES
2271251938	1948085774	зеркальце оборег	GENERIC_RELEVANT	1.0	0.0	0.0	GAP_PRESENT	GAP_PRESENT	LOW	FAMILY_CANDIDATE	LONG_DESCRIPTION	GENERIC_RELEVANT; coverage=GAP_PRESENT; ownership=FAMILY_SHARED; observed slices=1.	0.76	YES
2271251938	1948085774	знак зодиака подвеска	FAMILY_RELEVANT	1.0	0.0	0.0	GAP_PRESENT	GAP_PRESENT	LOW	FAMILY_CANDIDATE	LONG_DESCRIPTION	FAMILY_RELEVANT; coverage=GAP_PRESENT; ownership=FAMILY_SHARED; observed slices=1.	0.86	YES
2271251938	1948085774	знак на машину для женщин	GENERIC_RELEVANT	1.0	0.0	0.0	GAP_PRESENT	GAP_PRESENT	LOW	FAMILY_CANDIDATE	LONG_DESCRIPTION	GENERIC_RELEVANT; coverage=GAP_PRESENT; ownership=FAMILY_SHARED; observed slices=1.	0.76	YES
2271251938	1948085774	знак овен женский	STRONG_PRODUCT	1.0	0.0	0.0	PARTIAL_GAP	PARTIAL_GAP	LOW	READY_CANDIDATE	LONG_DESCRIPTION	STRONG_PRODUCT; coverage=PARTIAL_GAP; ownership=SKU_SPECIFIC; observed slices=1.	0.96	YES
2271251938	1948085774	знаки зодиака	FAMILY_RELEVANT	47.0	0.0	0.0	GAP_PRESENT	GAP_PRESENT	LOW	FAMILY_CANDIDATE	LONG_DESCRIPTION	FAMILY_RELEVANT; coverage=GAP_PRESENT; ownership=FAMILY_SHARED; observed slices=1.	0.86	YES
2271251938	1948085774	игрушки в машину на зеркало подвеска	GENERIC_RELEVANT	1.0	0.0	0.0	GAP_PRESENT	GAP_PRESENT	LOW	FAMILY_CANDIDATE	LONG_DESCRIPTION	GENERIC_RELEVANT; coverage=GAP_PRESENT; ownership=FAMILY_SHARED; observed slices=1.	0.76	YES
2271251938	1948085774	китайский талисман в машину	GENERIC_RELEVANT	2.0	0.0	0.0	GAP_PRESENT	GAP_PRESENT	LOW	FAMILY_CANDIDATE	LONG_DESCRIPTION	GENERIC_RELEVANT; coverage=GAP_PRESENT; ownership=FAMILY_SHARED; observed slices=1.	0.76	YES
2271251938	1948085774	маленький кулон овен	STRONG_PRODUCT	1.0	0.0	0.0	PARTIAL_GAP	PARTIAL_GAP	LOW	READY_CANDIDATE	LONG_DESCRIPTION	STRONG_PRODUCT; coverage=PARTIAL_GAP; ownership=SKU_SPECIFIC; observed slices=1.	0.96	YES
2271251938	1948085774	машины четкины машины	GENERIC_RELEVANT	1.0	0.0	0.0	GAP_PRESENT	GAP_PRESENT	LOW	FAMILY_CANDIDATE	LONG_DESCRIPTION	GENERIC_RELEVANT; coverage=GAP_PRESENT; ownership=FAMILY_SHARED; observed slices=1.	0.76	YES
2271251938	1948085774	мконка оберег в машину на зеркало круглая	GENERIC_RELEVANT	1.0	0.0	0.0	GAP_PRESENT	GAP_PRESENT	LOW	FAMILY_CANDIDATE	LONG_DESCRIPTION	GENERIC_RELEVANT; coverage=GAP_PRESENT; ownership=STORE_GENERIC; observed slices=1.	0.76	YES
2271251938	1948085774	на зеркало в машину подвеска	GENERIC_RELEVANT	414.0	0.0	0.0	GAP_PRESENT	GAP_PRESENT	LOW	FAMILY_CANDIDATE	LONG_DESCRIPTION	GENERIC_RELEVANT; coverage=GAP_PRESENT; ownership=STORE_GENERIC; observed slices=1.	0.76	YES
2271251938	1948085774	на машину подвеска женская	GENERIC_RELEVANT	0.0	0.0	0.0	GAP_PRESENT	GAP_PRESENT	LOW	FAMILY_CANDIDATE	LONG_DESCRIPTION	GENERIC_RELEVANT; coverage=GAP_PRESENT; ownership=FAMILY_SHARED; observed slices=1.	0.76	YES
2271251938	1948085774	оберег в кошелек овен	EXACT_PRODUCT	0.0	0.0	0.0	PARTIAL_GAP	PARTIAL_GAP	HIGH	READY_CANDIDATE	LONG_DESCRIPTION	EXACT_PRODUCT; coverage=PARTIAL_GAP; ownership=FAMILY_SHARED; observed slices=1.	0.96	YES
2271251938	1948085774	оберег в машину	GENERIC_RELEVANT	219.0	0.0	0.0	GAP_PRESENT	GAP_PRESENT	LOW	FAMILY_CANDIDATE	LONG_DESCRIPTION	GENERIC_RELEVANT; coverage=GAP_PRESENT; ownership=STORE_GENERIC; observed slices=1.	0.76	YES
2271251938	1948085774	оберег с зеркалом	GENERIC_RELEVANT	8.0	0.0	0.0	GAP_PRESENT	GAP_PRESENT	LOW	FAMILY_CANDIDATE	LONG_DESCRIPTION	GENERIC_RELEVANT; coverage=GAP_PRESENT; ownership=STORE_GENERIC; observed slices=1.	0.76	YES
2271251938	1948085774	овен	STRONG_PRODUCT	1100.0	0.0	0.0	NO_GAP	NO_GAP	HIGH	NO_CHANGE	NONE	STRONG_PRODUCT; coverage=NO_GAP; ownership=FAMILY_SHARED; observed slices=1.	0.96	YES
2271251938	1948085774	подарок знак	AMBIGUOUS_HOLD	1.0	0.0	0.0	GAP_PRESENT	GAP_PRESENT	MEDIUM	HOLD_AMBIGUOUS	HOLD	AMBIGUOUS_HOLD; coverage=GAP_PRESENT; ownership=UNCLEAR; observed slices=1.	0.42	YES
2271251938	1948085774	подвеска	GENERIC_RELEVANT	2415.0	0.0	0.0	GAP_PRESENT	GAP_PRESENT	LOW	FAMILY_CANDIDATE	LONG_DESCRIPTION	GENERIC_RELEVANT; coverage=GAP_PRESENT; ownership=STORE_GENERIC; observed slices=1.	0.72	YES
2271251938	1948085774	подвеска в автомобиль	GENERIC_RELEVANT	493.0	0.0	0.0	GAP_PRESENT	GAP_PRESENT	LOW	FAMILY_CANDIDATE	LONG_DESCRIPTION	GENERIC_RELEVANT; coverage=GAP_PRESENT; ownership=STORE_GENERIC; observed slices=1.	0.76	YES
2271251938	1948085774	подвеска в автомобиль на зеркало	GENERIC_RELEVANT	325.0	0.0	0.0	GAP_PRESENT	GAP_PRESENT	LOW	FAMILY_CANDIDATE	LONG_DESCRIPTION	GENERIC_RELEVANT; coverage=GAP_PRESENT; ownership=STORE_GENERIC; observed slices=2.	0.76	YES
2271251938	1948085774	подвеска в машину	GENERIC_RELEVANT	6850.0	0.0	0.0	GAP_PRESENT	GAP_PRESENT	LOW	FAMILY_CANDIDATE	LONG_DESCRIPTION	GENERIC_RELEVANT; coverage=GAP_PRESENT; ownership=STORE_GENERIC; observed slices=1.	0.76	YES
2271251938	1948085774	подвеска в машину jdm на зеркало	GENERIC_RELEVANT	0.0	0.0	0.0	GAP_PRESENT	GAP_PRESENT	LOW	FAMILY_CANDIDATE	LONG_DESCRIPTION	GENERIC_RELEVANT; coverage=GAP_PRESENT; ownership=FAMILY_SHARED; observed slices=1.	0.76	YES
2271251938	1948085774	подвеска в машину на зеркало	GENERIC_RELEVANT	6256.0	0.0	0.0	GAP_PRESENT	GAP_PRESENT	LOW	FAMILY_CANDIDATE	LONG_DESCRIPTION	GENERIC_RELEVANT; coverage=GAP_PRESENT; ownership=STORE_GENERIC; observed slices=2.	0.76	YES
2271251938	1948085774	подвеска в машину на зеркало овен	EXACT_PRODUCT	0.0	0.0	0.0	NO_GAP	NO_GAP	HIGH	NO_CHANGE	NONE	EXACT_PRODUCT; coverage=NO_GAP; ownership=FAMILY_SHARED; observed slices=1.	0.96	YES
2271251938	1948085774	подвеска в машину на зеркало питбуль	GENERIC_RELEVANT	0.0	0.0	0.0	GAP_PRESENT	GAP_PRESENT	LOW	FAMILY_CANDIDATE	LONG_DESCRIPTION	GENERIC_RELEVANT; coverage=GAP_PRESENT; ownership=STORE_GENERIC; observed slices=1.	0.76	YES
2271251938	1948085774	подвеска в машину на зеркало череп	GENERIC_RELEVANT	2.0	0.0	0.0	GAP_PRESENT	GAP_PRESENT	LOW	FAMILY_CANDIDATE	LONG_DESCRIPTION	GENERIC_RELEVANT; coverage=GAP_PRESENT; ownership=STORE_GENERIC; observed slices=1.	0.76	YES
2271251938	1948085774	подвеска в машину на зеркало шар черный восьмерка	GENERIC_RELEVANT	1.0	0.0	0.0	GAP_PRESENT	GAP_PRESENT	LOW	FAMILY_CANDIDATE	LONG_DESCRIPTION	GENERIC_RELEVANT; coverage=GAP_PRESENT; ownership=FAMILY_SHARED; observed slices=1.	0.76	YES
2271251938	1948085774	подвеска на зеркало в машину	GENERIC_RELEVANT	1261.0	0.0	0.0	GAP_PRESENT	GAP_PRESENT	LOW	FAMILY_CANDIDATE	LONG_DESCRIPTION	GENERIC_RELEVANT; coverage=GAP_PRESENT; ownership=STORE_GENERIC; observed slices=1.	0.76	YES
2271251938	1948085774	подвеска овен	EXACT_PRODUCT	179.0	0.0	0.0	NO_GAP	NO_GAP	HIGH	NO_CHANGE	NONE	EXACT_PRODUCT; coverage=NO_GAP; ownership=FAMILY_SHARED; observed slices=1.	0.96	YES
2271251938	1948085774	четки в автомобиль	GENERIC_RELEVANT	203.0	0.0	0.0	GAP_PRESENT	GAP_PRESENT	LOW	FAMILY_CANDIDATE	LONG_DESCRIPTION	GENERIC_RELEVANT; coverage=GAP_PRESENT; ownership=STORE_GENERIC; observed slices=1.	0.76	YES
2271251938	1948085774	четки в машину	GENERIC_RELEVANT	2115.0	0.0	0.0	GAP_PRESENT	GAP_PRESENT	LOW	FAMILY_CANDIDATE	LONG_DESCRIPTION	GENERIC_RELEVANT; coverage=GAP_PRESENT; ownership=STORE_GENERIC; observed slices=1.	0.76	YES
2271262133	1948098351	амулет на зеркало в машину	GENERIC_RELEVANT	1.0	0.0	0.0	GAP_PRESENT	GAP_PRESENT	LOW	FAMILY_CANDIDATE	LONG_DESCRIPTION	GENERIC_RELEVANT; coverage=GAP_PRESENT; ownership=FAMILY_SHARED; observed slices=1.	0.76	YES
2271262133	1948098351	амулеты обереги и талисманы рак	EXACT_PRODUCT	0.0	0.0	0.0	NO_GAP	NO_GAP	LOW	NO_CHANGE	NONE	EXACT_PRODUCT; coverage=NO_GAP; ownership=SKU_SPECIFIC; observed slices=1.	0.96	NO
2271262133	1948098351	брелок в машину на зеркало	GENERIC_RELEVANT	211.0	0.0	0.0	GAP_PRESENT	GAP_PRESENT	LOW	FAMILY_CANDIDATE	LONG_DESCRIPTION	GENERIC_RELEVANT; coverage=GAP_PRESENT; ownership=STORE_GENERIC; observed slices=1.	0.76	YES
2271262133	1948098351	брелок в машину на зеркало пушистики	GENERIC_RELEVANT	0.0	0.0	0.0	GAP_PRESENT	GAP_PRESENT	LOW	FAMILY_CANDIDATE	LONG_DESCRIPTION	GENERIC_RELEVANT; coverage=GAP_PRESENT; ownership=STORE_GENERIC; observed slices=1.	0.76	YES
2271262133	1948098351	в машину подвеска на зеркало мужская	GENERIC_RELEVANT	1.0	0.0	0.0	GAP_PRESENT	GAP_PRESENT	LOW	FAMILY_CANDIDATE	LONG_DESCRIPTION	GENERIC_RELEVANT; coverage=GAP_PRESENT; ownership=STORE_GENERIC; observed slices=1.	0.76	YES
2271262133	1948098351	в машину подвеска на зеркало с фото	GENERIC_RELEVANT	1.0	0.0	0.0	GAP_PRESENT	GAP_PRESENT	LOW	FAMILY_CANDIDATE	LONG_DESCRIPTION	GENERIC_RELEVANT; coverage=GAP_PRESENT; ownership=FAMILY_SHARED; observed slices=1.	0.76	YES
2271262133	1948098351	в машину скорпион	NEIGHBOR_PRODUCT	0.0	0.0	0.0	NOT_APPLICABLE	NOT_APPLICABLE	LOW	REJECT_NEIGHBOR	NONE	NEIGHBOR_PRODUCT; coverage=NOT_APPLICABLE; ownership=EXCLUDED; observed slices=1.	0.98	NO
2271262133	1948098351	вонючка в машину архангел михаил на зеркало	GENERIC_RELEVANT	1.0	0.0	0.0	GAP_PRESENT	GAP_PRESENT	LOW	FAMILY_CANDIDATE	LONG_DESCRIPTION	GENERIC_RELEVANT; coverage=GAP_PRESENT; ownership=STORE_GENERIC; observed slices=1.	0.76	YES
2271262133	1948098351	девушка в машину на зеркало	GENERIC_RELEVANT	0.0	0.0	0.0	GAP_PRESENT	GAP_PRESENT	LOW	FAMILY_CANDIDATE	LONG_DESCRIPTION	GENERIC_RELEVANT; coverage=GAP_PRESENT; ownership=FAMILY_SHARED; observed slices=1.	0.76	YES
2271262133	1948098351	дерево талисман подвеска	GENERIC_RELEVANT	1.0	0.0	0.0	GAP_PRESENT	GAP_PRESENT	LOW	FAMILY_CANDIDATE	LONG_DESCRIPTION	GENERIC_RELEVANT; coverage=GAP_PRESENT; ownership=FAMILY_SHARED; observed slices=1.	0.72	YES
2271262133	1948098351	деревянное повеска для мужчин	AMBIGUOUS_HOLD	0.0	0.0	0.0	GAP_PRESENT	GAP_PRESENT	MEDIUM	HOLD_AMBIGUOUS	HOLD	AMBIGUOUS_HOLD; coverage=GAP_PRESENT; ownership=UNCLEAR; observed slices=1.	0.42	YES
2271262133	1948098351	для салона машины подвеска	GENERIC_RELEVANT	0.0	0.0	0.0	GAP_PRESENT	GAP_PRESENT	LOW	FAMILY_CANDIDATE	LONG_DESCRIPTION	GENERIC_RELEVANT; coverage=GAP_PRESENT; ownership=STORE_GENERIC; observed slices=1.	0.76	YES
2271262133	1948098351	знак зодиака рак подвеска шарм	EXACT_PRODUCT	1.0	0.0	0.0	PARTIAL_GAP	PARTIAL_GAP	LOW	READY_CANDIDATE	LONG_DESCRIPTION	EXACT_PRODUCT; coverage=PARTIAL_GAP; ownership=SKU_SPECIFIC; observed slices=1.	0.96	YES
2271262133	1948098351	знак рак	STRONG_PRODUCT	2.0	0.0	0.0	NO_GAP	NO_GAP	LOW	NO_CHANGE	NONE	STRONG_PRODUCT; coverage=NO_GAP; ownership=SKU_SPECIFIC; observed slices=1.	0.96	NO
2271262133	1948098351	календарь карманный знаки зодиака	FAMILY_RELEVANT	0.0	0.0	0.0	GAP_PRESENT	GAP_PRESENT	LOW	FAMILY_CANDIDATE	LONG_DESCRIPTION	FAMILY_RELEVANT; coverage=GAP_PRESENT; ownership=FAMILY_SHARED; observed slices=1.	0.86	YES
2271262133	1948098351	карманные календари знак зодиак рак	EXACT_PRODUCT	1.0	0.0	0.0	PARTIAL_GAP	PARTIAL_GAP	LOW	READY_CANDIDATE	LONG_DESCRIPTION	EXACT_PRODUCT; coverage=PARTIAL_GAP; ownership=SKU_SPECIFIC; observed slices=1.	0.96	YES
2271262133	1948098351	кулон мужской на шею рак	STRONG_PRODUCT	1.0	0.0	0.0	PARTIAL_GAP	PARTIAL_GAP	LOW	READY_CANDIDATE	LONG_DESCRIPTION	STRONG_PRODUCT; coverage=PARTIAL_GAP; ownership=SKU_SPECIFIC; observed slices=1.	0.96	YES
2271262133	1948098351	кулончик в машину	GENERIC_RELEVANT	1.0	0.0	0.0	GAP_PRESENT	GAP_PRESENT	LOW	FAMILY_CANDIDATE	LONG_DESCRIPTION	GENERIC_RELEVANT; coverage=GAP_PRESENT; ownership=FAMILY_SHARED; observed slices=1.	0.76	YES
2271262133	1948098351	купить раков	AMBIGUOUS_HOLD	2.0	0.0	0.0	GAP_PRESENT	GAP_PRESENT	MEDIUM	HOLD_AMBIGUOUS	HOLD	AMBIGUOUS_HOLD; coverage=GAP_PRESENT; ownership=UNCLEAR; observed slices=1.	0.42	YES
2271262133	1948098351	машина уипочка	GENERIC_RELEVANT	1.0	0.0	0.0	GAP_PRESENT	GAP_PRESENT	LOW	FAMILY_CANDIDATE	LONG_DESCRIPTION	GENERIC_RELEVANT; coverage=GAP_PRESENT; ownership=FAMILY_SHARED; observed slices=1.	0.76	YES
2271262133	1948098351	машинка раковый	GENERIC_RELEVANT	1.0	0.0	0.0	GAP_PRESENT	GAP_PRESENT	LOW	FAMILY_CANDIDATE	LONG_DESCRIPTION	GENERIC_RELEVANT; coverage=GAP_PRESENT; ownership=FAMILY_SHARED; observed slices=1.	0.76	YES
2271262133	1948098351	металлическая подвеска в машину на зеркало hongoi	GENERIC_RELEVANT	1.0	0.0	0.0	GAP_PRESENT	GAP_PRESENT	LOW	FAMILY_CANDIDATE	LONG_DESCRIPTION	GENERIC_RELEVANT; coverage=GAP_PRESENT; ownership=FAMILY_SHARED; observed slices=1.	0.76	YES
2271262133	1948098351	мимо меня обереги	GENERIC_RELEVANT	1.0	0.0	0.0	GAP_PRESENT	GAP_PRESENT	LOW	FAMILY_CANDIDATE	LONG_DESCRIPTION	GENERIC_RELEVANT; coverage=GAP_PRESENT; ownership=FAMILY_SHARED; observed slices=1.	0.72	YES
2271262133	1948098351	мини подвеска оберег	GENERIC_RELEVANT	1.0	0.0	0.0	GAP_PRESENT	GAP_PRESENT	LOW	FAMILY_CANDIDATE	LONG_DESCRIPTION	GENERIC_RELEVANT; coverage=GAP_PRESENT; ownership=STORE_GENERIC; observed slices=1.	0.72	YES
2271262133	1948098351	мужской талисман на шею	GENERIC_RELEVANT	1.0	0.0	0.0	GAP_PRESENT	GAP_PRESENT	LOW	FAMILY_CANDIDATE	LONG_DESCRIPTION	GENERIC_RELEVANT; coverage=GAP_PRESENT; ownership=FAMILY_SHARED; observed slices=1.	0.72	YES
2271262133	1948098351	мусульманский оберег в машину	GENERIC_RELEVANT	11.0	0.0	0.0	GAP_PRESENT	GAP_PRESENT	LOW	FAMILY_CANDIDATE	LONG_DESCRIPTION	GENERIC_RELEVANT; coverage=GAP_PRESENT; ownership=STORE_GENERIC; observed slices=1.	0.76	YES
2271262133	1948098351	на зеркало авто подвеска женская в машину	GENERIC_RELEVANT	1.0	0.0	0.0	GAP_PRESENT	GAP_PRESENT	LOW	FAMILY_CANDIDATE	LONG_DESCRIPTION	GENERIC_RELEVANT; coverage=GAP_PRESENT; ownership=STORE_GENERIC; observed slices=1.	0.76	YES
2271262133	1948098351	на зеркало знак зодиака рак в машину	EXACT_PRODUCT	0.0	0.0	0.0	NO_GAP	NO_GAP	HIGH	NO_CHANGE	NONE	EXACT_PRODUCT; coverage=NO_GAP; ownership=FAMILY_SHARED; observed slices=1.	0.96	YES
2271262133	1948098351	оберег	GENERIC_RELEVANT	183.0	0.0	0.0	GAP_PRESENT	GAP_PRESENT	LOW	FAMILY_CANDIDATE	LONG_DESCRIPTION	GENERIC_RELEVANT; coverage=GAP_PRESENT; ownership=STORE_GENERIC; observed slices=2.	0.72	YES
2271262133	1948098351	оберег в машину	GENERIC_RELEVANT	153.0	0.0	0.0	GAP_PRESENT	GAP_PRESENT	LOW	FAMILY_CANDIDATE	LONG_DESCRIPTION	GENERIC_RELEVANT; coverage=GAP_PRESENT; ownership=STORE_GENERIC; observed slices=1.	0.76	YES
2271262133	1948098351	оберег в машину от гибдд прикольный	GENERIC_RELEVANT	1.0	0.0	0.0	GAP_PRESENT	GAP_PRESENT	LOW	FAMILY_CANDIDATE	LONG_DESCRIPTION	GENERIC_RELEVANT; coverage=GAP_PRESENT; ownership=FAMILY_SHARED; observed slices=1.	0.76	YES
2271262133	1948098351	оберег на автомобиль	GENERIC_RELEVANT	1.0	0.0	0.0	GAP_PRESENT	GAP_PRESENT	LOW	FAMILY_CANDIDATE	LONG_DESCRIPTION	GENERIC_RELEVANT; coverage=GAP_PRESENT; ownership=STORE_GENERIC; observed slices=1.	0.76	YES
2271262133	1948098351	подвеска авто для мужчин на зеркало	GENERIC_RELEVANT	1.0	0.0	0.0	GAP_PRESENT	GAP_PRESENT	LOW	FAMILY_CANDIDATE	LONG_DESCRIPTION	GENERIC_RELEVANT; coverage=GAP_PRESENT; ownership=FAMILY_SHARED; observed slices=1.	0.76	YES
2271262133	1948098351	подвеска в авто четки	GENERIC_RELEVANT	1.0	0.0	0.0	GAP_PRESENT	GAP_PRESENT	LOW	FAMILY_CANDIDATE	LONG_DESCRIPTION	GENERIC_RELEVANT; coverage=GAP_PRESENT; ownership=FAMILY_SHARED; observed slices=1.	0.76	YES
2271262133	1948098351	подвеска в автомобиль	GENERIC_RELEVANT	424.0	0.0	0.0	GAP_PRESENT	GAP_PRESENT	LOW	FAMILY_CANDIDATE	LONG_DESCRIPTION	GENERIC_RELEVANT; coverage=GAP_PRESENT; ownership=STORE_GENERIC; observed slices=1.	0.76	YES
2271262133	1948098351	подвеска в машину	GENERIC_RELEVANT	7092.0	0.0	0.0	GAP_PRESENT	GAP_PRESENT	LOW	FAMILY_CANDIDATE	LONG_DESCRIPTION	GENERIC_RELEVANT; coverage=GAP_PRESENT; ownership=STORE_GENERIC; observed slices=2.	0.76	YES
2271262133	1948098351	подвеска в машину женский	GENERIC_RELEVANT	0.0	0.0	0.0	GAP_PRESENT	GAP_PRESENT	LOW	FAMILY_CANDIDATE	LONG_DESCRIPTION	GENERIC_RELEVANT; coverage=GAP_PRESENT; ownership=FAMILY_SHARED; observed slices=1.	0.76	YES
2271262133	1948098351	подвеска в машину на зеркало	GENERIC_RELEVANT	1337.0	0.0	0.0	GAP_PRESENT	GAP_PRESENT	LOW	FAMILY_CANDIDATE	LONG_DESCRIPTION	GENERIC_RELEVANT; coverage=GAP_PRESENT; ownership=STORE_GENERIC; observed slices=2.	0.76	YES
2271262133	1948098351	подвеска в машину на зеркало dont drive so fast	GENERIC_RELEVANT	1.0	0.0	0.0	GAP_PRESENT	GAP_PRESENT	LOW	FAMILY_CANDIDATE	LONG_DESCRIPTION	GENERIC_RELEVANT; coverage=GAP_PRESENT; ownership=STORE_GENERIC; observed slices=1.	0.76	YES
2271262133	1948098351	подвеска в машину на зеркало кипарис	GENERIC_RELEVANT	1.0	0.0	0.0	GAP_PRESENT	GAP_PRESENT	LOW	FAMILY_CANDIDATE	LONG_DESCRIPTION	GENERIC_RELEVANT; coverage=GAP_PRESENT; ownership=FAMILY_SHARED; observed slices=1.	0.76	YES
2271262133	1948098351	подвеска в машину на зеркало стеклянная	GENERIC_RELEVANT	1.0	0.0	0.0	GAP_PRESENT	GAP_PRESENT	LOW	FAMILY_CANDIDATE	LONG_DESCRIPTION	GENERIC_RELEVANT; coverage=GAP_PRESENT; ownership=FAMILY_SHARED; observed slices=1.	0.76	YES
2271262133	1948098351	подвеска мужская	GENERIC_RELEVANT	181.0	0.0	0.0	GAP_PRESENT	GAP_PRESENT	LOW	FAMILY_CANDIDATE	LONG_DESCRIPTION	GENERIC_RELEVANT; coverage=GAP_PRESENT; ownership=STORE_GENERIC; observed slices=1.	0.72	YES
2271262133	1948098351	подвеска на зеркало автомобиля акула	GENERIC_RELEVANT	0.0	0.0	0.0	GAP_PRESENT	GAP_PRESENT	LOW	FAMILY_CANDIDATE	LONG_DESCRIPTION	GENERIC_RELEVANT; coverage=GAP_PRESENT; ownership=STORE_GENERIC; observed slices=1.	0.76	YES
2271262133	1948098351	подвеска на зеркало в машину	GENERIC_RELEVANT	1261.0	0.0	0.0	GAP_PRESENT	GAP_PRESENT	LOW	FAMILY_CANDIDATE	LONG_DESCRIPTION	GENERIC_RELEVANT; coverage=GAP_PRESENT; ownership=STORE_GENERIC; observed slices=1.	0.76	YES
2271262133	1948098351	подвеска на зеркало в машину для мужчины	GENERIC_RELEVANT	1.0	0.0	0.0	GAP_PRESENT	GAP_PRESENT	LOW	FAMILY_CANDIDATE	LONG_DESCRIPTION	GENERIC_RELEVANT; coverage=GAP_PRESENT; ownership=FAMILY_SHARED; observed slices=1.	0.76	YES
2271262133	1948098351	подвеска на машину	GENERIC_RELEVANT	89.0	0.0	0.0	GAP_PRESENT	GAP_PRESENT	LOW	FAMILY_CANDIDATE	LONG_DESCRIPTION	GENERIC_RELEVANT; coverage=GAP_PRESENT; ownership=STORE_GENERIC; observed slices=1.	0.76	YES
2271262133	1948098351	подвеска рак	EXACT_PRODUCT	107.0	0.0	0.0	NO_GAP	NO_GAP	HIGH	NO_CHANGE	NONE	EXACT_PRODUCT; coverage=NO_GAP; ownership=FAMILY_SHARED; observed slices=1.	0.96	YES
2271262133	1948098351	рак	STRONG_PRODUCT	102.0	0.0	0.0	NO_GAP	NO_GAP	HIGH	NO_CHANGE	NONE	STRONG_PRODUCT; coverage=NO_GAP; ownership=FAMILY_SHARED; observed slices=1.	0.96	YES
2271262133	1948098351	рак на присоске в машину	EXACT_PRODUCT	0.0	0.0	0.0	PARTIAL_GAP	PARTIAL_GAP	LOW	READY_CANDIDATE	LONG_DESCRIPTION	EXACT_PRODUCT; coverage=PARTIAL_GAP; ownership=SKU_SPECIFIC; observed slices=1.	0.96	YES
2271262133	1948098351	раки	AMBIGUOUS_HOLD	1442.0	0.0	0.0	GAP_PRESENT	GAP_PRESENT	MEDIUM	HOLD_AMBIGUOUS	HOLD	AMBIGUOUS_HOLD; coverage=GAP_PRESENT; ownership=UNCLEAR; observed slices=1.	0.42	YES
2271262133	1948098351	талесман для рака	AMBIGUOUS_HOLD	0.0	0.0	0.0	GAP_PRESENT	GAP_PRESENT	MEDIUM	HOLD_AMBIGUOUS	HOLD	AMBIGUOUS_HOLD; coverage=GAP_PRESENT; ownership=UNCLEAR; observed slices=1.	0.42	YES
2271262133	1948098351	талисман	GENERIC_RELEVANT	208.0	0.0	0.0	GAP_PRESENT	GAP_PRESENT	LOW	FAMILY_CANDIDATE	LONG_DESCRIPTION	GENERIC_RELEVANT; coverage=GAP_PRESENT; ownership=STORE_GENERIC; observed slices=1.	0.72	YES
2271262133	1948098351	футболка знаки зодиака мужская	FAMILY_RELEVANT	1.0	0.0	0.0	GAP_PRESENT	GAP_PRESENT	LOW	FAMILY_CANDIDATE	LONG_DESCRIPTION	FAMILY_RELEVANT; coverage=GAP_PRESENT; ownership=FAMILY_SHARED; observed slices=1.	0.86	YES
2271262133	1948098351	четки в автомобиль	GENERIC_RELEVANT	178.0	0.0	0.0	GAP_PRESENT	GAP_PRESENT	LOW	FAMILY_CANDIDATE	LONG_DESCRIPTION	GENERIC_RELEVANT; coverage=GAP_PRESENT; ownership=STORE_GENERIC; observed slices=1.	0.76	YES
2271262133	1948098351	четки в автомобиль на зеркало мужские со знаком зодиака	FAMILY_RELEVANT	1.0	0.0	0.0	GAP_PRESENT	GAP_PRESENT	LOW	FAMILY_CANDIDATE	LONG_DESCRIPTION	FAMILY_RELEVANT; coverage=GAP_PRESENT; ownership=FAMILY_SHARED; observed slices=1.	0.86	YES
2271262133	1948098351	четки в машину	GENERIC_RELEVANT	284.0	0.0	0.0	GAP_PRESENT	GAP_PRESENT	LOW	FAMILY_CANDIDATE	LONG_DESCRIPTION	GENERIC_RELEVANT; coverage=GAP_PRESENT; ownership=STORE_GENERIC; observed slices=1.	0.76	YES
2271262133	1948098351	четки н	GENERIC_RELEVANT	0.0	0.0	0.0	GAP_PRESENT	GAP_PRESENT	LOW	FAMILY_CANDIDATE	LONG_DESCRIPTION	GENERIC_RELEVANT; coverage=GAP_PRESENT; ownership=FAMILY_SHARED; observed slices=1.	0.72	YES
2271270261	1948107866	амулеты для знака зодиака рак	NEIGHBOR_PRODUCT	1.0	0.0	0.0	NOT_APPLICABLE	NOT_APPLICABLE	LOW	REJECT_NEIGHBOR	NONE	NEIGHBOR_PRODUCT; coverage=NOT_APPLICABLE; ownership=EXCLUDED; observed slices=1.	0.98	NO
2271270261	1948107866	амулеты мужские	GENERIC_RELEVANT	2.0	0.0	0.0	GAP_PRESENT	GAP_PRESENT	LOW	FAMILY_CANDIDATE	LONG_DESCRIPTION	GENERIC_RELEVANT; coverage=GAP_PRESENT; ownership=FAMILY_SHARED; observed slices=1.	0.72	YES
2271270261	1948107866	амулеты обереги и талисманы	GENERIC_RELEVANT	151.0	0.0	0.0	GAP_PRESENT	GAP_PRESENT	LOW	FAMILY_CANDIDATE	LONG_DESCRIPTION	GENERIC_RELEVANT; coverage=GAP_PRESENT; ownership=STORE_GENERIC; observed slices=2.	0.72	YES
2271270261	1948107866	брелок в машину зеркало	GENERIC_RELEVANT	0.0	0.0	0.0	GAP_PRESENT	GAP_PRESENT	LOW	FAMILY_CANDIDATE	LONG_DESCRIPTION	GENERIC_RELEVANT; coverage=GAP_PRESENT; ownership=FAMILY_SHARED; observed slices=1.	0.76	YES
2271270261	1948107866	брелок в машину на зеркало подвеска	GENERIC_RELEVANT	1.0	0.0	0.0	GAP_PRESENT	GAP_PRESENT	LOW	FAMILY_CANDIDATE	LONG_DESCRIPTION	GENERIC_RELEVANT; coverage=GAP_PRESENT; ownership=FAMILY_SHARED; observed slices=1.	0.76	YES
2271270261	1948107866	брелок войска связи на зеркало в машине	GENERIC_RELEVANT	1.0	0.0	0.0	GAP_PRESENT	GAP_PRESENT	LOW	FAMILY_CANDIDATE	LONG_DESCRIPTION	GENERIC_RELEVANT; coverage=GAP_PRESENT; ownership=FAMILY_SHARED; observed slices=1.	0.76	YES
2271270261	1948107866	бусина зодиак по	FAMILY_RELEVANT	0.0	0.0	0.0	PARTIAL_GAP	PARTIAL_GAP	LOW	FAMILY_CANDIDATE	LONG_DESCRIPTION	FAMILY_RELEVANT; coverage=PARTIAL_GAP; ownership=FAMILY_SHARED; observed slices=1.	0.86	YES
2271270261	1948107866	в машину на зеркало	GENERIC_RELEVANT	47.0	0.0	0.0	GAP_PRESENT	GAP_PRESENT	LOW	FAMILY_CANDIDATE	LONG_DESCRIPTION	GENERIC_RELEVANT; coverage=GAP_PRESENT; ownership=STORE_GENERIC; observed slices=1.	0.76	YES
2271270261	1948107866	в машину подвеска	GENERIC_RELEVANT	104.0	0.0	0.0	GAP_PRESENT	GAP_PRESENT	LOW	FAMILY_CANDIDATE	LONG_DESCRIPTION	GENERIC_RELEVANT; coverage=GAP_PRESENT; ownership=STORE_GENERIC; observed slices=1.	0.76	YES
2271270261	1948107866	висюлька на зеркало в машину ароматизатор мазда	GENERIC_RELEVANT	1.0	0.0	0.0	GAP_PRESENT	GAP_PRESENT	LOW	FAMILY_CANDIDATE	LONG_DESCRIPTION	GENERIC_RELEVANT; coverage=GAP_PRESENT; ownership=STORE_GENERIC; observed slices=1.	0.76	YES
2271270261	1948107866	висюлька на зеркало в машину женская bmv	GENERIC_RELEVANT	1.0	0.0	0.0	GAP_PRESENT	GAP_PRESENT	LOW	FAMILY_CANDIDATE	LONG_DESCRIPTION	GENERIC_RELEVANT; coverage=GAP_PRESENT; ownership=STORE_GENERIC; observed slices=1.	0.76	YES
2271270261	1948107866	голова вуду подвеска на зеркало	GENERIC_RELEVANT	1.0	0.0	0.0	GAP_PRESENT	GAP_PRESENT	LOW	FAMILY_CANDIDATE	LONG_DESCRIPTION	GENERIC_RELEVANT; coverage=GAP_PRESENT; ownership=STORE_GENERIC; observed slices=1.	0.76	YES
2271270261	1948107866	зеркало оберег	GENERIC_RELEVANT	2.0	0.0	0.0	GAP_PRESENT	GAP_PRESENT	LOW	FAMILY_CANDIDATE	LONG_DESCRIPTION	GENERIC_RELEVANT; coverage=GAP_PRESENT; ownership=FAMILY_SHARED; observed slices=1.	0.76	YES
2271270261	1948107866	зеркало рыбий глаз на самокат	GENERIC_RELEVANT	1.0	0.0	0.0	GAP_PRESENT	GAP_PRESENT	LOW	FAMILY_CANDIDATE	LONG_DESCRIPTION	GENERIC_RELEVANT; coverage=GAP_PRESENT; ownership=FAMILY_SHARED; observed slices=1.	0.76	YES
2271270261	1948107866	зеркало с рыбками	GENERIC_RELEVANT	2.0	0.0	0.0	GAP_PRESENT	GAP_PRESENT	LOW	FAMILY_CANDIDATE	LONG_DESCRIPTION	GENERIC_RELEVANT; coverage=GAP_PRESENT; ownership=FAMILY_SHARED; observed slices=1.	0.76	YES
2271270261	1948107866	зеркальный оберег для мужчин и женщин	GENERIC_RELEVANT	1.0	0.0	0.0	GAP_PRESENT	GAP_PRESENT	LOW	FAMILY_CANDIDATE	LONG_DESCRIPTION	GENERIC_RELEVANT; coverage=GAP_PRESENT; ownership=FAMILY_SHARED; observed slices=1.	0.76	YES
2271270261	1948107866	знак зодиака рыбы серебро мужская	EXACT_PRODUCT	1.0	0.0	0.0	PARTIAL_GAP	PARTIAL_GAP	LOW	READY_CANDIDATE	LONG_DESCRIPTION	EXACT_PRODUCT; coverage=PARTIAL_GAP; ownership=SKU_SPECIFIC; observed slices=1.	0.96	YES
2271270261	1948107866	знакак зодиака рыбы	EXACT_PRODUCT	0.0	0.0	0.0	PARTIAL_GAP	PARTIAL_GAP	LOW	READY_CANDIDATE	LONG_DESCRIPTION	EXACT_PRODUCT; coverage=PARTIAL_GAP; ownership=SKU_SPECIFIC; observed slices=1.	0.96	YES
2271270261	1948107866	знаки зодиака	FAMILY_RELEVANT	106.0	0.0	0.0	GAP_PRESENT	GAP_PRESENT	LOW	FAMILY_CANDIDATE	LONG_DESCRIPTION	FAMILY_RELEVANT; coverage=GAP_PRESENT; ownership=FAMILY_SHARED; observed slices=1.	0.86	YES
2271270261	1948107866	значек рыбка хрестианский на машину	GENERIC_RELEVANT	0.0	0.0	0.0	GAP_PRESENT	GAP_PRESENT	LOW	FAMILY_CANDIDATE	LONG_DESCRIPTION	GENERIC_RELEVANT; coverage=GAP_PRESENT; ownership=FAMILY_SHARED; observed slices=1.	0.76	YES
2271270261	1948107866	крутящийся ароматизатор в машину подвеска на зеркало	GENERIC_RELEVANT	1.0	0.0	0.0	GAP_PRESENT	GAP_PRESENT	LOW	FAMILY_CANDIDATE	LONG_DESCRIPTION	GENERIC_RELEVANT; coverage=GAP_PRESENT; ownership=STORE_GENERIC; observed slices=1.	0.76	YES
2271270261	1948107866	кулон зодиака	FAMILY_RELEVANT	1.0	0.0	0.0	GAP_PRESENT	GAP_PRESENT	LOW	FAMILY_CANDIDATE	LONG_DESCRIPTION	FAMILY_RELEVANT; coverage=GAP_PRESENT; ownership=FAMILY_SHARED; observed slices=1.	0.86	YES
2271270261	1948107866	кулон с рыбами	AMBIGUOUS_HOLD	0.0	0.0	0.0	GAP_PRESENT	GAP_PRESENT	MEDIUM	HOLD_AMBIGUOUS	HOLD	AMBIGUOUS_HOLD; coverage=GAP_PRESENT; ownership=UNCLEAR; observed slices=1.	0.42	YES
2271270261	1948107866	ловец снов рыбы	STRONG_PRODUCT	1.0	0.0	0.0	PARTIAL_GAP	PARTIAL_GAP	LOW	READY_CANDIDATE	LONG_DESCRIPTION	STRONG_PRODUCT; coverage=PARTIAL_GAP; ownership=SKU_SPECIFIC; observed slices=1.	0.96	YES
2271270261	1948107866	на зеркало в машину подвеска	GENERIC_RELEVANT	289.0	0.0	0.0	GAP_PRESENT	GAP_PRESENT	LOW	FAMILY_CANDIDATE	LONG_DESCRIPTION	GENERIC_RELEVANT; coverage=GAP_PRESENT; ownership=STORE_GENERIC; observed slices=1.	0.76	YES
2271270261	1948107866	на зеркало в машину скорпион	NEIGHBOR_PRODUCT	1.0	0.0	0.0	NOT_APPLICABLE	NOT_APPLICABLE	LOW	REJECT_NEIGHBOR	NONE	NEIGHBOR_PRODUCT; coverage=NOT_APPLICABLE; ownership=EXCLUDED; observed slices=1.	0.98	NO
2271270261	1948107866	на удачу талисман набор	GENERIC_RELEVANT	1.0	0.0	0.0	GAP_PRESENT	GAP_PRESENT	LOW	FAMILY_CANDIDATE	LONG_DESCRIPTION	GENERIC_RELEVANT; coverage=GAP_PRESENT; ownership=FAMILY_SHARED; observed slices=1.	0.72	YES
2271270261	1948107866	набор подвесок на зеркало	GENERIC_RELEVANT	1.0	0.0	0.0	GAP_PRESENT	GAP_PRESENT	LOW	FAMILY_CANDIDATE	LONG_DESCRIPTION	GENERIC_RELEVANT; coverage=GAP_PRESENT; ownership=FAMILY_SHARED; observed slices=1.	0.76	YES
2271270261	1948107866	оберег	GENERIC_RELEVANT	194.0	0.0	0.0	GAP_PRESENT	GAP_PRESENT	LOW	FAMILY_CANDIDATE	LONG_DESCRIPTION	GENERIC_RELEVANT; coverage=GAP_PRESENT; ownership=STORE_GENERIC; observed slices=1.	0.72	YES
2271270261	1948107866	оберег в автомобиль	GENERIC_RELEVANT	10.0	0.0	0.0	GAP_PRESENT	GAP_PRESENT	LOW	FAMILY_CANDIDATE	LONG_DESCRIPTION	GENERIC_RELEVANT; coverage=GAP_PRESENT; ownership=STORE_GENERIC; observed slices=1.	0.76	YES
2271270261	1948107866	оберег в дорогу	GENERIC_RELEVANT	1.0	0.0	0.0	GAP_PRESENT	GAP_PRESENT	LOW	FAMILY_CANDIDATE	LONG_DESCRIPTION	GENERIC_RELEVANT; coverage=GAP_PRESENT; ownership=FAMILY_SHARED; observed slices=1.	0.72	YES
2271270261	1948107866	оберег в машину	GENERIC_RELEVANT	245.0	0.0	0.0	GAP_PRESENT	GAP_PRESENT	LOW	FAMILY_CANDIDATE	LONG_DESCRIPTION	GENERIC_RELEVANT; coverage=GAP_PRESENT; ownership=STORE_GENERIC; observed slices=1.	0.76	YES
2271270261	1948107866	оберег в машину мужской сынуподвеска на зеркало	GENERIC_RELEVANT	1.0	0.0	0.0	GAP_PRESENT	GAP_PRESENT	LOW	FAMILY_CANDIDATE	LONG_DESCRIPTION	GENERIC_RELEVANT; coverage=GAP_PRESENT; ownership=FAMILY_SHARED; observed slices=1.	0.76	YES
2271270261	1948107866	паук в смоле подвеска на зеркало	GENERIC_RELEVANT	1.0	0.0	0.0	GAP_PRESENT	GAP_PRESENT	LOW	FAMILY_CANDIDATE	LONG_DESCRIPTION	GENERIC_RELEVANT; coverage=GAP_PRESENT; ownership=STORE_GENERIC; observed slices=1.	0.76	YES
2271270261	1948107866	подвеска	GENERIC_RELEVANT	2415.0	0.0	0.0	GAP_PRESENT	GAP_PRESENT	LOW	FAMILY_CANDIDATE	LONG_DESCRIPTION	GENERIC_RELEVANT; coverage=GAP_PRESENT; ownership=STORE_GENERIC; observed slices=1.	0.72	YES
2271270261	1948107866	подвеска в автомобиль	GENERIC_RELEVANT	357.0	0.0	0.0	GAP_PRESENT	GAP_PRESENT	LOW	FAMILY_CANDIDATE	LONG_DESCRIPTION	GENERIC_RELEVANT; coverage=GAP_PRESENT; ownership=STORE_GENERIC; observed slices=1.	0.76	YES
2271270261	1948107866	подвеска в автомобиль на зеркало	GENERIC_RELEVANT	414.0	0.0	0.0	GAP_PRESENT	GAP_PRESENT	LOW	FAMILY_CANDIDATE	LONG_DESCRIPTION	GENERIC_RELEVANT; coverage=GAP_PRESENT; ownership=STORE_GENERIC; observed slices=1.	0.76	YES
2271270261	1948107866	подвеска в машину	GENERIC_RELEVANT	7308.0	0.0	0.0	GAP_PRESENT	GAP_PRESENT	LOW	FAMILY_CANDIDATE	LONG_DESCRIPTION	GENERIC_RELEVANT; coverage=GAP_PRESENT; ownership=STORE_GENERIC; observed slices=2.	0.76	YES
2271270261	1948107866	подвеска в машину на зеркало	GENERIC_RELEVANT	6256.0	0.0	0.0	GAP_PRESENT	GAP_PRESENT	LOW	FAMILY_CANDIDATE	LONG_DESCRIPTION	GENERIC_RELEVANT; coverage=GAP_PRESENT; ownership=STORE_GENERIC; observed slices=1.	0.76	YES
2271270261	1948107866	подвеска в машину на зеркало из биссера	GENERIC_RELEVANT	0.0	0.0	0.0	GAP_PRESENT	GAP_PRESENT	LOW	FAMILY_CANDIDATE	LONG_DESCRIPTION	GENERIC_RELEVANT; coverage=GAP_PRESENT; ownership=STORE_GENERIC; observed slices=1.	0.76	YES
2271270261	1948107866	подвеска в машину на зеркало ма ка крик	GENERIC_RELEVANT	0.0	0.0	0.0	GAP_PRESENT	GAP_PRESENT	LOW	FAMILY_CANDIDATE	LONG_DESCRIPTION	GENERIC_RELEVANT; coverage=GAP_PRESENT; ownership=STORE_GENERIC; observed slices=1.	0.76	YES
2271270261	1948107866	подвеска в машину на зеркало мех	GENERIC_RELEVANT	0.0	0.0	0.0	GAP_PRESENT	GAP_PRESENT	LOW	FAMILY_CANDIDATE	LONG_DESCRIPTION	GENERIC_RELEVANT; coverage=GAP_PRESENT; ownership=STORE_GENERIC; observed slices=1.	0.76	YES
2271270261	1948107866	подвеска в машину на зеркало питбуль	GENERIC_RELEVANT	0.0	0.0	0.0	GAP_PRESENT	GAP_PRESENT	LOW	FAMILY_CANDIDATE	LONG_DESCRIPTION	GENERIC_RELEVANT; coverage=GAP_PRESENT; ownership=STORE_GENERIC; observed slices=1.	0.76	YES
2271270261	1948107866	подвеска для автомобиля на зеркало женская	GENERIC_RELEVANT	1.0	0.0	0.0	GAP_PRESENT	GAP_PRESENT	LOW	FAMILY_CANDIDATE	LONG_DESCRIPTION	GENERIC_RELEVANT; coverage=GAP_PRESENT; ownership=FAMILY_SHARED; observed slices=1.	0.76	YES
2271270261	1948107866	подвеска крючок рыб в машину	GENERIC_RELEVANT	0.0	0.0	0.0	GAP_PRESENT	GAP_PRESENT	LOW	FAMILY_CANDIDATE	LONG_DESCRIPTION	GENERIC_RELEVANT; coverage=GAP_PRESENT; ownership=FAMILY_SHARED; observed slices=1.	0.76	YES
2271270261	1948107866	подвеска мужская	GENERIC_RELEVANT	1176.0	0.0	0.0	GAP_PRESENT	GAP_PRESENT	LOW	FAMILY_CANDIDATE	LONG_DESCRIPTION	GENERIC_RELEVANT; coverage=GAP_PRESENT; ownership=STORE_GENERIC; observed slices=1.	0.72	YES
2271270261	1948107866	подвеска на зеркало автомобиля акула	GENERIC_RELEVANT	0.0	0.0	0.0	GAP_PRESENT	GAP_PRESENT	LOW	FAMILY_CANDIDATE	LONG_DESCRIPTION	GENERIC_RELEVANT; coverage=GAP_PRESENT; ownership=STORE_GENERIC; observed slices=1.	0.76	YES
2271270261	1948107866	подвеска на зеркало в машину	GENERIC_RELEVANT	1131.0	0.0	0.0	GAP_PRESENT	GAP_PRESENT	LOW	FAMILY_CANDIDATE	LONG_DESCRIPTION	GENERIC_RELEVANT; coverage=GAP_PRESENT; ownership=STORE_GENERIC; observed slices=1.	0.76	YES
2271270261	1948107866	подвеска на зеркало в машину лошадь	GENERIC_RELEVANT	1.0	0.0	0.0	GAP_PRESENT	GAP_PRESENT	LOW	FAMILY_CANDIDATE	LONG_DESCRIPTION	GENERIC_RELEVANT; coverage=GAP_PRESENT; ownership=FAMILY_SHARED; observed slices=1.	0.76	YES
2271270261	1948107866	подвеска на зеркало в машину скелет рыба	GENERIC_RELEVANT	1.0	0.0	0.0	GAP_PRESENT	GAP_PRESENT	LOW	FAMILY_CANDIDATE	LONG_DESCRIPTION	GENERIC_RELEVANT; coverage=GAP_PRESENT; ownership=FAMILY_SHARED; observed slices=1.	0.76	YES
2271270261	1948107866	подвеска на зеркало в машину тигр	GENERIC_RELEVANT	0.0	0.0	0.0	GAP_PRESENT	GAP_PRESENT	LOW	FAMILY_CANDIDATE	LONG_DESCRIPTION	GENERIC_RELEVANT; coverage=GAP_PRESENT; ownership=FAMILY_SHARED; observed slices=1.	0.76	YES
2271270261	1948107866	подвеска на зеркало рыба	GENERIC_RELEVANT	0.0	0.0	0.0	GAP_PRESENT	GAP_PRESENT	LOW	FAMILY_CANDIDATE	LONG_DESCRIPTION	GENERIC_RELEVANT; coverage=GAP_PRESENT; ownership=FAMILY_SHARED; observed slices=1.	0.76	YES
2271270261	1948107866	подвеска под зеркало	GENERIC_RELEVANT	1.0	0.0	0.0	GAP_PRESENT	GAP_PRESENT	LOW	FAMILY_CANDIDATE	LONG_DESCRIPTION	GENERIC_RELEVANT; coverage=GAP_PRESENT; ownership=STORE_GENERIC; observed slices=1.	0.76	YES
2271270261	1948107866	подвески в машину на зеркало для девушки	GENERIC_RELEVANT	0.0	0.0	0.0	GAP_PRESENT	GAP_PRESENT	LOW	FAMILY_CANDIDATE	LONG_DESCRIPTION	GENERIC_RELEVANT; coverage=GAP_PRESENT; ownership=FAMILY_SHARED; observed slices=1.	0.76	YES
2271270261	1948107866	талисман	GENERIC_RELEVANT	109.0	0.0	0.0	GAP_PRESENT	GAP_PRESENT	LOW	FAMILY_CANDIDATE	LONG_DESCRIPTION	GENERIC_RELEVANT; coverage=GAP_PRESENT; ownership=STORE_GENERIC; observed slices=1.	0.72	YES
2271270261	1948107866	украшение в машину на зеркало знаки зодиака	FAMILY_RELEVANT	1.0	0.0	0.0	GAP_PRESENT	GAP_PRESENT	LOW	FAMILY_CANDIDATE	LONG_DESCRIPTION	FAMILY_RELEVANT; coverage=GAP_PRESENT; ownership=FAMILY_SHARED; observed slices=1.	0.86	YES
2271270261	1948107866	четки в авто с	GENERIC_RELEVANT	1.0	0.0	0.0	GAP_PRESENT	GAP_PRESENT	LOW	FAMILY_CANDIDATE	LONG_DESCRIPTION	GENERIC_RELEVANT; coverage=GAP_PRESENT; ownership=FAMILY_SHARED; observed slices=1.	0.76	YES
2271270261	1948107866	четки в машину	GENERIC_RELEVANT	722.0	0.0	0.0	GAP_PRESENT	GAP_PRESENT	LOW	FAMILY_CANDIDATE	LONG_DESCRIPTION	GENERIC_RELEVANT; coverage=GAP_PRESENT; ownership=STORE_GENERIC; observed slices=1.	0.76	YES
2271275793	1948116414	yamasaki скорпион	STRONG_PRODUCT	1.0	0.0	0.0	PARTIAL_GAP	PARTIAL_GAP	LOW	READY_CANDIDATE	LONG_DESCRIPTION	STRONG_PRODUCT; coverage=PARTIAL_GAP; ownership=SKU_SPECIFIC; observed slices=1.	0.96	YES
2271275793	1948116414	автоподвеска мужска	GENERIC_RELEVANT	0.0	0.0	0.0	GAP_PRESENT	GAP_PRESENT	LOW	FAMILY_CANDIDATE	LONG_DESCRIPTION	GENERIC_RELEVANT; coverage=GAP_PRESENT; ownership=STORE_GENERIC; observed slices=1.	0.76	YES
2271275793	1948116414	автоподвеска на зеркало авто для женщин	GENERIC_RELEVANT	0.0	0.0	0.0	GAP_PRESENT	GAP_PRESENT	LOW	FAMILY_CANDIDATE	LONG_DESCRIPTION	GENERIC_RELEVANT; coverage=GAP_PRESENT; ownership=FAMILY_SHARED; observed slices=1.	0.76	YES
2271275793	1948116414	амулет зеркало защиты для мужчин	GENERIC_RELEVANT	1.0	0.0	0.0	GAP_PRESENT	GAP_PRESENT	LOW	FAMILY_CANDIDATE	LONG_DESCRIPTION	GENERIC_RELEVANT; coverage=GAP_PRESENT; ownership=FAMILY_SHARED; observed slices=1.	0.76	YES
2271275793	1948116414	амулет на удачу в машину	GENERIC_RELEVANT	1.0	0.0	0.0	GAP_PRESENT	GAP_PRESENT	LOW	FAMILY_CANDIDATE	LONG_DESCRIPTION	GENERIC_RELEVANT; coverage=GAP_PRESENT; ownership=FAMILY_SHARED; observed slices=1.	0.76	YES
2271275793	1948116414	амулет на шею зеркало	GENERIC_RELEVANT	1.0	0.0	0.0	GAP_PRESENT	GAP_PRESENT	LOW	FAMILY_CANDIDATE	LONG_DESCRIPTION	GENERIC_RELEVANT; coverage=GAP_PRESENT; ownership=FAMILY_SHARED; observed slices=1.	0.76	YES
2271275793	1948116414	амулет скорпион на	EXACT_PRODUCT	0.0	0.0	0.0	NO_GAP	NO_GAP	LOW	NO_CHANGE	NONE	EXACT_PRODUCT; coverage=NO_GAP; ownership=SKU_SPECIFIC; observed slices=1.	0.96	NO
2271275793	1948116414	амулет черный подвеска	GENERIC_RELEVANT	0.0	0.0	0.0	GAP_PRESENT	GAP_PRESENT	LOW	FAMILY_CANDIDATE	LONG_DESCRIPTION	GENERIC_RELEVANT; coverage=GAP_PRESENT; ownership=FAMILY_SHARED; observed slices=1.	0.72	YES
2271275793	1948116414	амулеты обереги и талисманы	GENERIC_RELEVANT	99.0	0.0	0.0	GAP_PRESENT	GAP_PRESENT	LOW	FAMILY_CANDIDATE	LONG_DESCRIPTION	GENERIC_RELEVANT; coverage=GAP_PRESENT; ownership=STORE_GENERIC; observed slices=1.	0.72	YES
2271275793	1948116414	амулеты обереги и талисманы дерево	GENERIC_RELEVANT	1.0	0.0	0.0	GAP_PRESENT	GAP_PRESENT	LOW	FAMILY_CANDIDATE	LONG_DESCRIPTION	GENERIC_RELEVANT; coverage=GAP_PRESENT; ownership=STORE_GENERIC; observed slices=1.	0.72	YES
2271275793	1948116414	амулеты обереги и талисманы зеркалр	GENERIC_RELEVANT	0.0	0.0	0.0	GAP_PRESENT	GAP_PRESENT	LOW	FAMILY_CANDIDATE	LONG_DESCRIPTION	GENERIC_RELEVANT; coverage=GAP_PRESENT; ownership=STORE_GENERIC; observed slices=1.	0.76	YES
2271275793	1948116414	блестящий брелок в машину на зеркало ведьмочка	GENERIC_RELEVANT	1.0	0.0	0.0	GAP_PRESENT	GAP_PRESENT	LOW	FAMILY_CANDIDATE	LONG_DESCRIPTION	GENERIC_RELEVANT; coverage=GAP_PRESENT; ownership=STORE_GENERIC; observed slices=1.	0.76	YES
2271275793	1948116414	брелок амулет для авто на зеркало	GENERIC_RELEVANT	1.0	0.0	0.0	GAP_PRESENT	GAP_PRESENT	LOW	FAMILY_CANDIDATE	LONG_DESCRIPTION	GENERIC_RELEVANT; coverage=GAP_PRESENT; ownership=FAMILY_SHARED; observed slices=1.	0.76	YES
2271275793	1948116414	брелок в виде амулета	GENERIC_RELEVANT	0.0	0.0	0.0	GAP_PRESENT	GAP_PRESENT	LOW	FAMILY_CANDIDATE	LONG_DESCRIPTION	GENERIC_RELEVANT; coverage=GAP_PRESENT; ownership=FAMILY_SHARED; observed slices=1.	0.72	YES
2271275793	1948116414	брелок в машину военный на зеркало ртв	GENERIC_RELEVANT	1.0	0.0	0.0	GAP_PRESENT	GAP_PRESENT	LOW	FAMILY_CANDIDATE	LONG_DESCRIPTION	GENERIC_RELEVANT; coverage=GAP_PRESENT; ownership=FAMILY_SHARED; observed slices=1.	0.76	YES
2271275793	1948116414	брелок в машину на зеркало	GENERIC_RELEVANT	200.0	0.0	0.0	GAP_PRESENT	GAP_PRESENT	LOW	FAMILY_CANDIDATE	LONG_DESCRIPTION	GENERIC_RELEVANT; coverage=GAP_PRESENT; ownership=STORE_GENERIC; observed slices=1.	0.76	YES
2271275793	1948116414	брелок в машину на зеркало домовенок кузя	GENERIC_RELEVANT	1.0	0.0	0.0	GAP_PRESENT	GAP_PRESENT	LOW	FAMILY_CANDIDATE	LONG_DESCRIPTION	GENERIC_RELEVANT; coverage=GAP_PRESENT; ownership=FAMILY_SHARED; observed slices=1.	0.76	YES
2271275793	1948116414	брелок в машину на зеркало пушистики	GENERIC_RELEVANT	0.0	0.0	0.0	GAP_PRESENT	GAP_PRESENT	LOW	FAMILY_CANDIDATE	LONG_DESCRIPTION	GENERIC_RELEVANT; coverage=GAP_PRESENT; ownership=STORE_GENERIC; observed slices=1.	0.76	YES
2271275793	1948116414	брелок на зеркало в машину хово	GENERIC_RELEVANT	1.0	0.0	0.0	GAP_PRESENT	GAP_PRESENT	LOW	FAMILY_CANDIDATE	LONG_DESCRIPTION	GENERIC_RELEVANT; coverage=GAP_PRESENT; ownership=FAMILY_SHARED; observed slices=1.	0.76	YES
2271275793	1948116414	бусина знак скорпион	STRONG_PRODUCT	0.0	0.0	0.0	PARTIAL_GAP	PARTIAL_GAP	HIGH	READY_CANDIDATE	LONG_DESCRIPTION	STRONG_PRODUCT; coverage=PARTIAL_GAP; ownership=FAMILY_SHARED; observed slices=1.	0.96	YES
2271275793	1948116414	бусина знаки зодиака	FAMILY_RELEVANT	2.0	0.0	0.0	GAP_PRESENT	GAP_PRESENT	LOW	FAMILY_CANDIDATE	LONG_DESCRIPTION	FAMILY_RELEVANT; coverage=GAP_PRESENT; ownership=FAMILY_SHARED; observed slices=1.	0.86	YES
2271275793	1948116414	бусы оберег	GENERIC_RELEVANT	0.0	0.0	0.0	GAP_PRESENT	GAP_PRESENT	LOW	FAMILY_CANDIDATE	LONG_DESCRIPTION	GENERIC_RELEVANT; coverage=GAP_PRESENT; ownership=STORE_GENERIC; observed slices=1.	0.72	YES
2271275793	1948116414	в машину	GENERIC_RELEVANT	559.0	0.0	0.0	GAP_PRESENT	GAP_PRESENT	LOW	FAMILY_CANDIDATE	LONG_DESCRIPTION	GENERIC_RELEVANT; coverage=GAP_PRESENT; ownership=STORE_GENERIC; observed slices=1.	0.76	YES
2271275793	1948116414	в машину амулет	GENERIC_RELEVANT	0.0	0.0	0.0	GAP_PRESENT	GAP_PRESENT	LOW	FAMILY_CANDIDATE	LONG_DESCRIPTION	GENERIC_RELEVANT; coverage=GAP_PRESENT; ownership=STORE_GENERIC; observed slices=1.	0.76	YES
2271275793	1948116414	в машину на зеркало	GENERIC_RELEVANT	113.0	0.0	0.0	GAP_PRESENT	GAP_PRESENT	LOW	FAMILY_CANDIDATE	LONG_DESCRIPTION	GENERIC_RELEVANT; coverage=GAP_PRESENT; ownership=STORE_GENERIC; observed slices=1.	0.76	YES
2271275793	1948116414	висюльки в машину на зеркало череп обезьяна	GENERIC_RELEVANT	1.0	0.0	0.0	GAP_PRESENT	GAP_PRESENT	LOW	FAMILY_CANDIDATE	LONG_DESCRIPTION	GENERIC_RELEVANT; coverage=GAP_PRESENT; ownership=STORE_GENERIC; observed slices=1.	0.76	YES
2271275793	1948116414	висючка в машину на зеркало люстра	GENERIC_RELEVANT	0.0	0.0	0.0	GAP_PRESENT	GAP_PRESENT	LOW	FAMILY_CANDIDATE	LONG_DESCRIPTION	GENERIC_RELEVANT; coverage=GAP_PRESENT; ownership=STORE_GENERIC; observed slices=1.	0.76	YES
2271275793	1948116414	декор в машину подвеска	GENERIC_RELEVANT	1.0	0.0	0.0	GAP_PRESENT	GAP_PRESENT	LOW	FAMILY_CANDIDATE	LONG_DESCRIPTION	GENERIC_RELEVANT; coverage=GAP_PRESENT; ownership=FAMILY_SHARED; observed slices=1.	0.76	YES
2271275793	1948116414	демон на машину подвеска на стекло маленькие	GENERIC_RELEVANT	0.0	0.0	0.0	GAP_PRESENT	GAP_PRESENT	LOW	FAMILY_CANDIDATE	LONG_DESCRIPTION	GENERIC_RELEVANT; coverage=GAP_PRESENT; ownership=STORE_GENERIC; observed slices=1.	0.76	YES
2271275793	1948116414	деревянный талисман	GENERIC_RELEVANT	2.0	0.0	0.0	GAP_PRESENT	GAP_PRESENT	LOW	FAMILY_CANDIDATE	LONG_DESCRIPTION	GENERIC_RELEVANT; coverage=GAP_PRESENT; ownership=STORE_GENERIC; observed slices=1.	0.72	YES
2271275793	1948116414	домовенок в тележке оберег	GENERIC_RELEVANT	0.0	0.0	0.0	GAP_PRESENT	GAP_PRESENT	LOW	FAMILY_CANDIDATE	LONG_DESCRIPTION	GENERIC_RELEVANT; coverage=GAP_PRESENT; ownership=FAMILY_SHARED; observed slices=1.	0.72	YES
2271275793	1948116414	дорожный знак в авто	GENERIC_RELEVANT	0.0	0.0	0.0	GAP_PRESENT	GAP_PRESENT	LOW	FAMILY_CANDIDATE	LONG_DESCRIPTION	GENERIC_RELEVANT; coverage=GAP_PRESENT; ownership=FAMILY_SHARED; observed slices=1.	0.76	YES
2271275793	1948116414	зеркало кулон амулет	GENERIC_RELEVANT	1.0	0.0	0.0	GAP_PRESENT	GAP_PRESENT	LOW	FAMILY_CANDIDATE	LONG_DESCRIPTION	GENERIC_RELEVANT; coverage=GAP_PRESENT; ownership=FAMILY_SHARED; observed slices=1.	0.76	YES
2271275793	1948116414	знак на авто девушка	GENERIC_RELEVANT	1.0	0.0	0.0	GAP_PRESENT	GAP_PRESENT	LOW	FAMILY_CANDIDATE	LONG_DESCRIPTION	GENERIC_RELEVANT; coverage=GAP_PRESENT; ownership=FAMILY_SHARED; observed slices=1.	0.76	YES
2271275793	1948116414	знаки зодиака	FAMILY_RELEVANT	103.0	0.0	0.0	GAP_PRESENT	GAP_PRESENT	LOW	FAMILY_CANDIDATE	LONG_DESCRIPTION	FAMILY_RELEVANT; coverage=GAP_PRESENT; ownership=FAMILY_SHARED; observed slices=1.	0.86	YES
2271275793	1948116414	из дерева знаки зодиака в подарок	FAMILY_RELEVANT	1.0	0.0	0.0	GAP_PRESENT	GAP_PRESENT	LOW	FAMILY_CANDIDATE	LONG_DESCRIPTION	FAMILY_RELEVANT; coverage=GAP_PRESENT; ownership=FAMILY_SHARED; observed slices=1.	0.86	YES
2271275793	1948116414	камни талисманы скорпионы	PARTIAL_RELEVANCE	1.0	0.0	0.0	PARTIAL_GAP	PARTIAL_GAP	MEDIUM	HOLD_AMBIGUOUS	HOLD	PARTIAL_RELEVANCE; coverage=PARTIAL_GAP; ownership=UNCLEAR; observed slices=1.	0.60	YES
2271275793	1948116414	колонки в машину скорпионы	PARTIAL_RELEVANCE	1.0	0.0	0.0	PARTIAL_GAP	PARTIAL_GAP	MEDIUM	HOLD_AMBIGUOUS	HOLD	PARTIAL_RELEVANCE; coverage=PARTIAL_GAP; ownership=UNCLEAR; observed slices=1.	0.60	YES
2271275793	1948116414	крест в машину на зеркало не доинный	NEIGHBOR_PRODUCT	1.0	0.0	0.0	NOT_APPLICABLE	NOT_APPLICABLE	LOW	REJECT_NEIGHBOR	NONE	NEIGHBOR_PRODUCT; coverage=NOT_APPLICABLE; ownership=EXCLUDED; observed slices=1.	0.96	NO
2271275793	1948116414	кулон мужской зеркало	GENERIC_RELEVANT	0.0	0.0	0.0	GAP_PRESENT	GAP_PRESENT	LOW	FAMILY_CANDIDATE	LONG_DESCRIPTION	GENERIC_RELEVANT; coverage=GAP_PRESENT; ownership=FAMILY_SHARED; observed slices=1.	0.76	YES
2271275793	1948116414	кулон на зеркало в машину	GENERIC_RELEVANT	4.0	0.0	0.0	GAP_PRESENT	GAP_PRESENT	LOW	FAMILY_CANDIDATE	LONG_DESCRIPTION	GENERIC_RELEVANT; coverage=GAP_PRESENT; ownership=STORE_GENERIC; observed slices=1.	0.76	YES
2271275793	1948116414	на четки подвеска	GENERIC_RELEVANT	1.0	0.0	0.0	GAP_PRESENT	GAP_PRESENT	LOW	FAMILY_CANDIDATE	LONG_DESCRIPTION	GENERIC_RELEVANT; coverage=GAP_PRESENT; ownership=STORE_GENERIC; observed slices=1.	0.72	YES
2271275793	1948116414	оберег в автомобиль на зеркало	GENERIC_RELEVANT	1.0	0.0	0.0	GAP_PRESENT	GAP_PRESENT	LOW	FAMILY_CANDIDATE	LONG_DESCRIPTION	GENERIC_RELEVANT; coverage=GAP_PRESENT; ownership=STORE_GENERIC; observed slices=1.	0.76	YES
2271275793	1948116414	оберег в машину	GENERIC_RELEVANT	686.0	0.0	0.0	GAP_PRESENT	GAP_PRESENT	LOW	FAMILY_CANDIDATE	LONG_DESCRIPTION	GENERIC_RELEVANT; coverage=GAP_PRESENT; ownership=STORE_GENERIC; observed slices=1.	0.76	YES
2271275793	1948116414	оберег в машину мужской	GENERIC_RELEVANT	4.0	0.0	0.0	GAP_PRESENT	GAP_PRESENT	LOW	FAMILY_CANDIDATE	LONG_DESCRIPTION	GENERIC_RELEVANT; coverage=GAP_PRESENT; ownership=STORE_GENERIC; observed slices=1.	0.76	YES
2271275793	1948116414	оберег в машину на зеркало женский	GENERIC_RELEVANT	0.0	0.0	0.0	GAP_PRESENT	GAP_PRESENT	LOW	FAMILY_CANDIDATE	LONG_DESCRIPTION	GENERIC_RELEVANT; coverage=GAP_PRESENT; ownership=STORE_GENERIC; observed slices=1.	0.76	YES
2271275793	1948116414	оберег мусульманский в машину в форме звезды	GENERIC_RELEVANT	0.0	0.0	0.0	GAP_PRESENT	GAP_PRESENT	LOW	FAMILY_CANDIDATE	LONG_DESCRIPTION	GENERIC_RELEVANT; coverage=GAP_PRESENT; ownership=FAMILY_SHARED; observed slices=1.	0.76	YES
2271275793	1948116414	оберег талисман в машину	GENERIC_RELEVANT	1.0	0.0	0.0	GAP_PRESENT	GAP_PRESENT	LOW	FAMILY_CANDIDATE	LONG_DESCRIPTION	GENERIC_RELEVANT; coverage=GAP_PRESENT; ownership=FAMILY_SHARED; observed slices=1.	0.76	YES
2271275793	1948116414	подвеска в машину	GENERIC_RELEVANT	7092.0	0.0	0.0	GAP_PRESENT	GAP_PRESENT	LOW	FAMILY_CANDIDATE	LONG_DESCRIPTION	GENERIC_RELEVANT; coverage=GAP_PRESENT; ownership=STORE_GENERIC; observed slices=1.	0.76	YES
2271275793	1948116414	подвеска в машину на зеркало	GENERIC_RELEVANT	1367.0	0.0	0.0	GAP_PRESENT	GAP_PRESENT	LOW	FAMILY_CANDIDATE	LONG_DESCRIPTION	GENERIC_RELEVANT; coverage=GAP_PRESENT; ownership=STORE_GENERIC; observed slices=1.	0.76	YES
2271275793	1948116414	подвеска мужская	GENERIC_RELEVANT	210.0	0.0	0.0	GAP_PRESENT	GAP_PRESENT	LOW	FAMILY_CANDIDATE	LONG_DESCRIPTION	GENERIC_RELEVANT; coverage=GAP_PRESENT; ownership=STORE_GENERIC; observed slices=1.	0.72	YES
2271275793	1948116414	подвеска на зеркало в машину	GENERIC_RELEVANT	1261.0	0.0	0.0	GAP_PRESENT	GAP_PRESENT	LOW	FAMILY_CANDIDATE	LONG_DESCRIPTION	GENERIC_RELEVANT; coverage=GAP_PRESENT; ownership=STORE_GENERIC; observed slices=1.	0.76	YES
2271275793	1948116414	подвеска скорпион	EXACT_PRODUCT	411.0	0.0	0.0	NO_GAP	NO_GAP	HIGH	NO_CHANGE	NONE	EXACT_PRODUCT; coverage=NO_GAP; ownership=FAMILY_SHARED; observed slices=1.	0.96	YES
2271275793	1948116414	подвеска скорпион в машину	EXACT_PRODUCT	4.0	0.0	0.0	NO_GAP	NO_GAP	LOW	NO_CHANGE	NONE	EXACT_PRODUCT; coverage=NO_GAP; ownership=SKU_SPECIFIC; observed slices=1.	0.96	NO
2271275793	1948116414	скорпион	STRONG_PRODUCT	1852.0	0.0	0.0	NO_GAP	NO_GAP	HIGH	NO_CHANGE	NONE	STRONG_PRODUCT; coverage=NO_GAP; ownership=FAMILY_SHARED; observed slices=1.	0.96	YES
2271275793	1948116414	скорпион оберег	EXACT_PRODUCT	4.0	0.0	788.0	NO_GAP	NO_GAP	LOW	NO_CHANGE	NONE	EXACT_PRODUCT; coverage=NO_GAP; ownership=SKU_SPECIFIC; observed slices=1.	0.96	NO
2271275793	1948116414	скорпион подвеска	EXACT_PRODUCT	112.0	0.0	0.0	NO_GAP	NO_GAP	HIGH	NO_CHANGE	NONE	EXACT_PRODUCT; coverage=NO_GAP; ownership=FAMILY_SHARED; observed slices=1.	0.96	YES
2271275793	1948116414	талисман	GENERIC_RELEVANT	100.0	0.0	0.0	GAP_PRESENT	GAP_PRESENT	LOW	FAMILY_CANDIDATE	LONG_DESCRIPTION	GENERIC_RELEVANT; coverage=GAP_PRESENT; ownership=STORE_GENERIC; observed slices=1.	0.72	YES
2271275793	1948116414	талисман мужской на шею	GENERIC_RELEVANT	7.0	0.0	0.0	GAP_PRESENT	GAP_PRESENT	LOW	FAMILY_CANDIDATE	LONG_DESCRIPTION	GENERIC_RELEVANT; coverage=GAP_PRESENT; ownership=FAMILY_SHARED; observed slices=1.	0.72	YES
2271275793	1948116414	четки в машину	GENERIC_RELEVANT	1238.0	0.0	0.0	GAP_PRESENT	GAP_PRESENT	LOW	FAMILY_CANDIDATE	LONG_DESCRIPTION	GENERIC_RELEVANT; coverage=GAP_PRESENT; ownership=STORE_GENERIC; observed slices=1.	0.76	YES
2271285786	1948128035	амулет в автомобиль	GENERIC_RELEVANT	6.0	0.0	0.0	GAP_PRESENT	GAP_PRESENT	LOW	FAMILY_CANDIDATE	LONG_DESCRIPTION	GENERIC_RELEVANT; coverage=GAP_PRESENT; ownership=STORE_GENERIC; observed slices=1.	0.76	YES
2271285786	1948128035	амулеты обереги и талисманы	GENERIC_RELEVANT	92.0	0.0	0.0	GAP_PRESENT	GAP_PRESENT	LOW	FAMILY_CANDIDATE	LONG_DESCRIPTION	GENERIC_RELEVANT; coverage=GAP_PRESENT; ownership=STORE_GENERIC; observed slices=1.	0.72	YES
2271285786	1948128035	амулеты обереги и талисманы зеркалр	GENERIC_RELEVANT	0.0	0.0	0.0	GAP_PRESENT	GAP_PRESENT	LOW	FAMILY_CANDIDATE	LONG_DESCRIPTION	GENERIC_RELEVANT; coverage=GAP_PRESENT; ownership=STORE_GENERIC; observed slices=1.	0.76	YES
2271285786	1948128035	антена на рроп стрелец	STRONG_PRODUCT	0.0	0.0	0.0	PARTIAL_GAP	PARTIAL_GAP	LOW	READY_CANDIDATE	LONG_DESCRIPTION	STRONG_PRODUCT; coverage=PARTIAL_GAP; ownership=SKU_SPECIFIC; observed slices=1.	0.96	YES
2271285786	1948128035	брелок в машину на зеркало пушистики	GENERIC_RELEVANT	0.0	0.0	0.0	GAP_PRESENT	GAP_PRESENT	LOW	FAMILY_CANDIDATE	LONG_DESCRIPTION	GENERIC_RELEVANT; coverage=GAP_PRESENT; ownership=STORE_GENERIC; observed slices=1.	0.76	YES
2271285786	1948128035	брелок в машину на зеркало фига	GENERIC_RELEVANT	1.0	0.0	0.0	GAP_PRESENT	GAP_PRESENT	LOW	FAMILY_CANDIDATE	LONG_DESCRIPTION	GENERIC_RELEVANT; coverage=GAP_PRESENT; ownership=FAMILY_SHARED; observed slices=1.	0.76	YES
2271285786	1948128035	брошь стрелец	STRONG_PRODUCT	39.0	0.0	0.0	PARTIAL_GAP	PARTIAL_GAP	LOW	READY_CANDIDATE	LONG_DESCRIPTION	STRONG_PRODUCT; coverage=PARTIAL_GAP; ownership=SKU_SPECIFIC; observed slices=1.	0.96	YES
2271285786	1948128035	бусы для стрельца	AMBIGUOUS_HOLD	1.0	0.0	0.0	GAP_PRESENT	GAP_PRESENT	MEDIUM	HOLD_AMBIGUOUS	HOLD	AMBIGUOUS_HOLD; coverage=GAP_PRESENT; ownership=UNCLEAR; observed slices=1.	0.42	YES
2271285786	1948128035	бусы знак зодиака	FAMILY_RELEVANT	1.0	0.0	0.0	GAP_PRESENT	GAP_PRESENT	LOW	FAMILY_CANDIDATE	LONG_DESCRIPTION	FAMILY_RELEVANT; coverage=GAP_PRESENT; ownership=FAMILY_SHARED; observed slices=1.	0.86	YES
2271285786	1948128035	в машину подвеска	GENERIC_RELEVANT	103.0	0.0	0.0	GAP_PRESENT	GAP_PRESENT	LOW	FAMILY_CANDIDATE	LONG_DESCRIPTION	GENERIC_RELEVANT; coverage=GAP_PRESENT; ownership=STORE_GENERIC; observed slices=1.	0.76	YES
2271285786	1948128035	в машину подвеска на зеркало скорпион	NEIGHBOR_PRODUCT	1.0	0.0	0.0	NOT_APPLICABLE	NOT_APPLICABLE	LOW	REJECT_NEIGHBOR	NONE	NEIGHBOR_PRODUCT; coverage=NOT_APPLICABLE; ownership=EXCLUDED; observed slices=1.	0.98	NO
2271285786	1948128035	голова хищника подвеска в машину	GENERIC_RELEVANT	1.0	0.0	0.0	GAP_PRESENT	GAP_PRESENT	LOW	FAMILY_CANDIDATE	LONG_DESCRIPTION	GENERIC_RELEVANT; coverage=GAP_PRESENT; ownership=FAMILY_SHARED; observed slices=1.	0.76	YES
2271285786	1948128035	деревянная коробка для подарка мужчине	AMBIGUOUS_HOLD	2.0	0.0	0.0	GAP_PRESENT	GAP_PRESENT	MEDIUM	HOLD_AMBIGUOUS	HOLD	AMBIGUOUS_HOLD; coverage=GAP_PRESENT; ownership=UNCLEAR; observed slices=1.	0.42	YES
2271285786	1948128035	дневник знака зодиака стрелец ♐	EXACT_PRODUCT	1.0	0.0	0.0	PARTIAL_GAP	PARTIAL_GAP	LOW	READY_CANDIDATE	LONG_DESCRIPTION	EXACT_PRODUCT; coverage=PARTIAL_GAP; ownership=SKU_SPECIFIC; observed slices=1.	0.96	YES
2271285786	1948128035	доллар деревянный в машину подвеска на зеркало	GENERIC_RELEVANT	1.0	0.0	0.0	GAP_PRESENT	GAP_PRESENT	LOW	FAMILY_CANDIDATE	LONG_DESCRIPTION	GENERIC_RELEVANT; coverage=GAP_PRESENT; ownership=STORE_GENERIC; observed slices=1.	0.76	YES
2271285786	1948128035	защита для стрельца	GENERIC_RELEVANT	0.0	0.0	0.0	GAP_PRESENT	GAP_PRESENT	LOW	FAMILY_CANDIDATE	LONG_DESCRIPTION	GENERIC_RELEVANT; coverage=GAP_PRESENT; ownership=FAMILY_SHARED; observed slices=1.	0.72	YES
2271285786	1948128035	защита для стрельца мужская	GENERIC_RELEVANT	1.0	0.0	0.0	GAP_PRESENT	GAP_PRESENT	LOW	FAMILY_CANDIDATE	LONG_DESCRIPTION	GENERIC_RELEVANT; coverage=GAP_PRESENT; ownership=FAMILY_SHARED; observed slices=1.	0.72	YES
2271285786	1948128035	зеркало	GENERIC_RELEVANT	7498.0	0.0	0.0	GAP_PRESENT	GAP_PRESENT	LOW	FAMILY_CANDIDATE	LONG_DESCRIPTION	GENERIC_RELEVANT; coverage=GAP_PRESENT; ownership=STORE_GENERIC; observed slices=1.	0.76	YES
2271285786	1948128035	зеркальный оберег	GENERIC_RELEVANT	7.0	0.0	0.0	GAP_PRESENT	GAP_PRESENT	LOW	FAMILY_CANDIDATE	LONG_DESCRIPTION	GENERIC_RELEVANT; coverage=GAP_PRESENT; ownership=STORE_GENERIC; observed slices=1.	0.76	YES
2271285786	1948128035	знак задиака девы на торт	AMBIGUOUS_HOLD	0.0	0.0	0.0	GAP_PRESENT	GAP_PRESENT	MEDIUM	HOLD_AMBIGUOUS	HOLD	AMBIGUOUS_HOLD; coverage=GAP_PRESENT; ownership=UNCLEAR; observed slices=1.	0.42	YES
2271285786	1948128035	знак зодиака стрелец подвеска мужская в машину	EXACT_PRODUCT	0.0	0.0	0.0	PARTIAL_GAP	PARTIAL_GAP	LOW	READY_CANDIDATE	LONG_DESCRIPTION	EXACT_PRODUCT; coverage=PARTIAL_GAP; ownership=SKU_SPECIFIC; observed slices=1.	0.96	YES
2271285786	1948128035	знак новичок на машину смешно	GENERIC_RELEVANT	0.0	0.0	0.0	GAP_PRESENT	GAP_PRESENT	LOW	FAMILY_CANDIDATE	LONG_DESCRIPTION	GENERIC_RELEVANT; coverage=GAP_PRESENT; ownership=FAMILY_SHARED; observed slices=1.	0.76	YES
2271285786	1948128035	знак стрелец светодиодная в машину 99	EXACT_PRODUCT	0.0	0.0	0.0	PARTIAL_GAP	PARTIAL_GAP	LOW	READY_CANDIDATE	LONG_DESCRIPTION	EXACT_PRODUCT; coverage=PARTIAL_GAP; ownership=SKU_SPECIFIC; observed slices=1.	0.96	YES
2271285786	1948128035	знаки зодиака	FAMILY_RELEVANT	95.0	0.0	0.0	GAP_PRESENT	GAP_PRESENT	LOW	FAMILY_CANDIDATE	LONG_DESCRIPTION	FAMILY_RELEVANT; coverage=GAP_PRESENT; ownership=FAMILY_SHARED; observed slices=1.	0.86	YES
2271285786	1948128035	календарь карманный знаки зодиака	FAMILY_RELEVANT	0.0	0.0	0.0	GAP_PRESENT	GAP_PRESENT	LOW	FAMILY_CANDIDATE	LONG_DESCRIPTION	FAMILY_RELEVANT; coverage=GAP_PRESENT; ownership=FAMILY_SHARED; observed slices=1.	0.86	YES
2271285786	1948128035	крест в машину на зеркало	NEIGHBOR_PRODUCT	234.0	0.0	0.0	NOT_APPLICABLE	NOT_APPLICABLE	LOW	REJECT_NEIGHBOR	NONE	NEIGHBOR_PRODUCT; coverage=NOT_APPLICABLE; ownership=EXCLUDED; observed slices=1.	0.96	NO
2271285786	1948128035	кролик стрелец и	STRONG_PRODUCT	0.0	0.0	0.0	PARTIAL_GAP	PARTIAL_GAP	HIGH	READY_CANDIDATE	LONG_DESCRIPTION	STRONG_PRODUCT; coverage=PARTIAL_GAP; ownership=FAMILY_SHARED; observed slices=1.	0.96	YES
2271285786	1948128035	"магазин ""стрелец"	STRONG_PRODUCT	0.0	0.0	0.0	PARTIAL_GAP	PARTIAL_GAP	HIGH	READY_CANDIDATE	LONG_DESCRIPTION	STRONG_PRODUCT; coverage=PARTIAL_GAP; ownership=FAMILY_SHARED; observed slices=1.	0.96	YES
2271285786	1948128035	машины с подвеской	GENERIC_RELEVANT	0.0	0.0	0.0	GAP_PRESENT	GAP_PRESENT	LOW	FAMILY_CANDIDATE	LONG_DESCRIPTION	GENERIC_RELEVANT; coverage=GAP_PRESENT; ownership=FAMILY_SHARED; observed slices=1.	0.76	YES
2271285786	1948128035	мешочек со смехом подвеска в машину	GENERIC_RELEVANT	0.0	0.0	0.0	GAP_PRESENT	GAP_PRESENT	LOW	FAMILY_CANDIDATE	LONG_DESCRIPTION	GENERIC_RELEVANT; coverage=GAP_PRESENT; ownership=STORE_GENERIC; observed slices=1.	0.76	YES
2271285786	1948128035	на зеркало авто подвеска	GENERIC_RELEVANT	11.0	0.0	0.0	GAP_PRESENT	GAP_PRESENT	LOW	FAMILY_CANDIDATE	LONG_DESCRIPTION	GENERIC_RELEVANT; coverage=GAP_PRESENT; ownership=STORE_GENERIC; observed slices=1.	0.76	YES
2271285786	1948128035	на зеркало автомобиля подвеска мужская	GENERIC_RELEVANT	13.0	0.0	0.0	GAP_PRESENT	GAP_PRESENT	LOW	FAMILY_CANDIDATE	LONG_DESCRIPTION	GENERIC_RELEVANT; coverage=GAP_PRESENT; ownership=FAMILY_SHARED; observed slices=1.	0.76	YES
2271285786	1948128035	на зеркало в машину подвеска участник бое	GENERIC_RELEVANT	1.0	0.0	0.0	GAP_PRESENT	GAP_PRESENT	LOW	FAMILY_CANDIDATE	LONG_DESCRIPTION	GENERIC_RELEVANT; coverage=GAP_PRESENT; ownership=STORE_GENERIC; observed slices=1.	0.76	YES
2271285786	1948128035	на зеркало подвеска для машины	GENERIC_RELEVANT	1.0	0.0	0.0	GAP_PRESENT	GAP_PRESENT	LOW	FAMILY_CANDIDATE	LONG_DESCRIPTION	GENERIC_RELEVANT; coverage=GAP_PRESENT; ownership=FAMILY_SHARED; observed slices=1.	0.76	YES
2271285786	1948128035	оберег в машину	GENERIC_RELEVANT	365.0	0.0	0.0	GAP_PRESENT	GAP_PRESENT	LOW	FAMILY_CANDIDATE	LONG_DESCRIPTION	GENERIC_RELEVANT; coverage=GAP_PRESENT; ownership=STORE_GENERIC; observed slices=1.	0.76	YES
2271285786	1948128035	оберег в машину машину на зеркало	GENERIC_RELEVANT	1.0	0.0	0.0	GAP_PRESENT	GAP_PRESENT	LOW	FAMILY_CANDIDATE	LONG_DESCRIPTION	GENERIC_RELEVANT; coverage=GAP_PRESENT; ownership=FAMILY_SHARED; observed slices=1.	0.76	YES
2271285786	1948128035	оберег деревянный	GENERIC_RELEVANT	0.0	0.0	0.0	GAP_PRESENT	GAP_PRESENT	LOW	FAMILY_CANDIDATE	LONG_DESCRIPTION	GENERIC_RELEVANT; coverage=GAP_PRESENT; ownership=FAMILY_SHARED; observed slices=1.	0.72	YES
2271285786	1948128035	оберег из дерева	GENERIC_RELEVANT	11.0	0.0	0.0	GAP_PRESENT	GAP_PRESENT	LOW	FAMILY_CANDIDATE	LONG_DESCRIPTION	GENERIC_RELEVANT; coverage=GAP_PRESENT; ownership=FAMILY_SHARED; observed slices=1.	0.72	YES
2271285786	1948128035	оберег с зеркалом	GENERIC_RELEVANT	5.0	0.0	0.0	GAP_PRESENT	GAP_PRESENT	LOW	FAMILY_CANDIDATE	LONG_DESCRIPTION	GENERIC_RELEVANT; coverage=GAP_PRESENT; ownership=STORE_GENERIC; observed slices=1.	0.76	YES
2271285786	1948128035	подвеска в автомобиль	GENERIC_RELEVANT	96.0	0.0	0.0	GAP_PRESENT	GAP_PRESENT	LOW	FAMILY_CANDIDATE	LONG_DESCRIPTION	GENERIC_RELEVANT; coverage=GAP_PRESENT; ownership=STORE_GENERIC; observed slices=1.	0.76	YES
2271285786	1948128035	подвеска в машину	GENERIC_RELEVANT	3171.0	0.0	0.0	GAP_PRESENT	GAP_PRESENT	LOW	FAMILY_CANDIDATE	LONG_DESCRIPTION	GENERIC_RELEVANT; coverage=GAP_PRESENT; ownership=STORE_GENERIC; observed slices=2.	0.76	YES
2271285786	1948128035	подвеска в машину авторская стрелец	EXACT_PRODUCT	1.0	0.0	0.0	PARTIAL_GAP	PARTIAL_GAP	HIGH	READY_CANDIDATE	LONG_DESCRIPTION	EXACT_PRODUCT; coverage=PARTIAL_GAP; ownership=FAMILY_SHARED; observed slices=1.	0.96	YES
2271285786	1948128035	подвеска в машину на зеркало четки	GENERIC_RELEVANT	1.0	0.0	0.0	GAP_PRESENT	GAP_PRESENT	LOW	FAMILY_CANDIDATE	LONG_DESCRIPTION	GENERIC_RELEVANT; coverage=GAP_PRESENT; ownership=STORE_GENERIC; observed slices=1.	0.76	YES
2271285786	1948128035	подвеска зеркал в машине	GENERIC_RELEVANT	1.0	0.0	0.0	GAP_PRESENT	GAP_PRESENT	LOW	FAMILY_CANDIDATE	LONG_DESCRIPTION	GENERIC_RELEVANT; coverage=GAP_PRESENT; ownership=STORE_GENERIC; observed slices=1.	0.76	YES
2271285786	1948128035	подвеска из дерева в машину	GENERIC_RELEVANT	3.0	0.0	0.0	GAP_PRESENT	GAP_PRESENT	LOW	FAMILY_CANDIDATE	LONG_DESCRIPTION	GENERIC_RELEVANT; coverage=GAP_PRESENT; ownership=STORE_GENERIC; observed slices=1.	0.76	YES
2271285786	1948128035	подвеска мужская	GENERIC_RELEVANT	172.0	0.0	0.0	GAP_PRESENT	GAP_PRESENT	LOW	FAMILY_CANDIDATE	LONG_DESCRIPTION	GENERIC_RELEVANT; coverage=GAP_PRESENT; ownership=STORE_GENERIC; observed slices=1.	0.72	YES
2271285786	1948128035	подвеска на зеркало в машине	GENERIC_RELEVANT	2.0	0.0	0.0	GAP_PRESENT	GAP_PRESENT	LOW	FAMILY_CANDIDATE	LONG_DESCRIPTION	GENERIC_RELEVANT; coverage=GAP_PRESENT; ownership=STORE_GENERIC; observed slices=1.	0.76	YES
2271285786	1948128035	подвеска на зеркало в машину	GENERIC_RELEVANT	1288.0	0.0	0.0	GAP_PRESENT	GAP_PRESENT	LOW	FAMILY_CANDIDATE	LONG_DESCRIPTION	GENERIC_RELEVANT; coverage=GAP_PRESENT; ownership=STORE_GENERIC; observed slices=1.	0.76	YES
2271285786	1948128035	подвеска на зеркало девушка	GENERIC_RELEVANT	1.0	0.0	0.0	GAP_PRESENT	GAP_PRESENT	LOW	FAMILY_CANDIDATE	LONG_DESCRIPTION	GENERIC_RELEVANT; coverage=GAP_PRESENT; ownership=FAMILY_SHARED; observed slices=1.	0.76	YES
2271285786	1948128035	подвеска на зеркало для автомобиля	GENERIC_RELEVANT	2.0	0.0	0.0	GAP_PRESENT	GAP_PRESENT	LOW	FAMILY_CANDIDATE	LONG_DESCRIPTION	GENERIC_RELEVANT; coverage=GAP_PRESENT; ownership=STORE_GENERIC; observed slices=1.	0.76	YES
2271285786	1948128035	подвеска стрелец позолота	EXACT_PRODUCT	1.0	0.0	0.0	PARTIAL_GAP	PARTIAL_GAP	LOW	READY_CANDIDATE	LONG_DESCRIPTION	EXACT_PRODUCT; coverage=PARTIAL_GAP; ownership=SKU_SPECIFIC; observed slices=1.	0.96	YES
2271285786	1948128035	расческа стрелец	STRONG_PRODUCT	1.0	0.0	0.0	PARTIAL_GAP	PARTIAL_GAP	LOW	READY_CANDIDATE	LONG_DESCRIPTION	STRONG_PRODUCT; coverage=PARTIAL_GAP; ownership=SKU_SPECIFIC; observed slices=1.	0.96	YES
2271285786	1948128035	стрелец	STRONG_PRODUCT	622.0	0.0	0.0	NO_GAP	NO_GAP	HIGH	NO_CHANGE	NONE	STRONG_PRODUCT; coverage=NO_GAP; ownership=FAMILY_SHARED; observed slices=1.	0.96	YES
2271285786	1948128035	талисман	GENERIC_RELEVANT	927.0	0.0	0.0	GAP_PRESENT	GAP_PRESENT	LOW	FAMILY_CANDIDATE	LONG_DESCRIPTION	GENERIC_RELEVANT; coverage=GAP_PRESENT; ownership=STORE_GENERIC; observed slices=1.	0.72	YES
2271285786	1948128035	талисман стрельца	GENERIC_RELEVANT	1.0	0.0	0.0	GAP_PRESENT	GAP_PRESENT	LOW	FAMILY_CANDIDATE	LONG_DESCRIPTION	GENERIC_RELEVANT; coverage=GAP_PRESENT; ownership=FAMILY_SHARED; observed slices=1.	0.72	YES
2271285786	1948128035	трафарет стрелец знак зодиака для топора	EXACT_PRODUCT	1.0	0.0	0.0	PARTIAL_GAP	PARTIAL_GAP	LOW	READY_CANDIDATE	LONG_DESCRIPTION	EXACT_PRODUCT; coverage=PARTIAL_GAP; ownership=SKU_SPECIFIC; observed slices=1.	0.96	YES
2271285786	1948128035	четки в автомобиль	GENERIC_RELEVANT	192.0	0.0	0.0	GAP_PRESENT	GAP_PRESENT	LOW	FAMILY_CANDIDATE	LONG_DESCRIPTION	GENERIC_RELEVANT; coverage=GAP_PRESENT; ownership=STORE_GENERIC; observed slices=1.	0.76	YES
2271285786	1948128035	четки в машину	GENERIC_RELEVANT	137.0	0.0	0.0	GAP_PRESENT	GAP_PRESENT	LOW	FAMILY_CANDIDATE	LONG_DESCRIPTION	GENERIC_RELEVANT; coverage=GAP_PRESENT; ownership=STORE_GENERIC; observed slices=1.	0.76	YES
2271285786	1948128035	четки в машину на зеркало	GENERIC_RELEVANT	143.0	0.0	0.0	GAP_PRESENT	GAP_PRESENT	LOW	FAMILY_CANDIDATE	LONG_DESCRIPTION	GENERIC_RELEVANT; coverage=GAP_PRESENT; ownership=STORE_GENERIC; observed slices=1.	0.76	YES
2271292556	1948138072	10 шилингов знаки зодиака	FAMILY_RELEVANT	1.0	0.0	0.0	GAP_PRESENT	GAP_PRESENT	LOW	FAMILY_CANDIDATE	LONG_DESCRIPTION	FAMILY_RELEVANT; coverage=GAP_PRESENT; ownership=FAMILY_SHARED; observed slices=1.	0.86	YES
2271292556	1948138072	my jewelry телец	STRONG_PRODUCT	1.0	0.0	0.0	PARTIAL_GAP	PARTIAL_GAP	LOW	READY_CANDIDATE	LONG_DESCRIPTION	STRONG_PRODUCT; coverage=PARTIAL_GAP; ownership=SKU_SPECIFIC; observed slices=1.	0.96	YES
2271292556	1948138072	авто подвеска на зеркало	GENERIC_RELEVANT	2.0	0.0	0.0	GAP_PRESENT	GAP_PRESENT	LOW	FAMILY_CANDIDATE	LONG_DESCRIPTION	GENERIC_RELEVANT; coverage=GAP_PRESENT; ownership=STORE_GENERIC; observed slices=1.	0.76	YES
2271292556	1948138072	адамас золото знак зодиака	FAMILY_RELEVANT	0.0	0.0	0.0	GAP_PRESENT	GAP_PRESENT	LOW	FAMILY_CANDIDATE	LONG_DESCRIPTION	FAMILY_RELEVANT; coverage=GAP_PRESENT; ownership=FAMILY_SHARED; observed slices=1.	0.86	YES
2271292556	1948138072	амулет для мужчины тельца	GENERIC_RELEVANT	1.0	0.0	0.0	GAP_PRESENT	GAP_PRESENT	LOW	FAMILY_CANDIDATE	LONG_DESCRIPTION	GENERIC_RELEVANT; coverage=GAP_PRESENT; ownership=FAMILY_SHARED; observed slices=1.	0.72	YES
2271292556	1948138072	амулет оберег бык	GENERIC_RELEVANT	0.0	0.0	0.0	GAP_PRESENT	GAP_PRESENT	LOW	FAMILY_CANDIDATE	LONG_DESCRIPTION	GENERIC_RELEVANT; coverage=GAP_PRESENT; ownership=FAMILY_SHARED; observed slices=1.	0.72	YES
2271292556	1948138072	амулет тельца	GENERIC_RELEVANT	1.0	0.0	0.0	GAP_PRESENT	GAP_PRESENT	LOW	FAMILY_CANDIDATE	LONG_DESCRIPTION	GENERIC_RELEVANT; coverage=GAP_PRESENT; ownership=FAMILY_SHARED; observed slices=1.	0.72	YES
2271292556	1948138072	амулет тельца мужской	GENERIC_RELEVANT	1.0	0.0	0.0	GAP_PRESENT	GAP_PRESENT	LOW	FAMILY_CANDIDATE	LONG_DESCRIPTION	GENERIC_RELEVANT; coverage=GAP_PRESENT; ownership=FAMILY_SHARED; observed slices=1.	0.72	YES
2271292556	1948138072	амулеты обереги и талисманы	GENERIC_RELEVANT	224.0	0.0	0.0	GAP_PRESENT	GAP_PRESENT	LOW	FAMILY_CANDIDATE	LONG_DESCRIPTION	GENERIC_RELEVANT; coverage=GAP_PRESENT; ownership=STORE_GENERIC; observed slices=1.	0.72	YES
2271292556	1948138072	ароматизвтор в машину на зеркало кофе ваниль	GENERIC_RELEVANT	1.0	0.0	0.0	GAP_PRESENT	GAP_PRESENT	LOW	FAMILY_CANDIDATE	LONG_DESCRIPTION	GENERIC_RELEVANT; coverage=GAP_PRESENT; ownership=FAMILY_SHARED; observed slices=1.	0.76	YES
2271292556	1948138072	брелок в машину на зеркало вархаммер	GENERIC_RELEVANT	1.0	0.0	0.0	GAP_PRESENT	GAP_PRESENT	LOW	FAMILY_CANDIDATE	LONG_DESCRIPTION	GENERIC_RELEVANT; coverage=GAP_PRESENT; ownership=FAMILY_SHARED; observed slices=1.	0.76	YES
2271292556	1948138072	брелок телец и	STRONG_PRODUCT	0.0	0.0	0.0	PARTIAL_GAP	PARTIAL_GAP	LOW	READY_CANDIDATE	LONG_DESCRIPTION	STRONG_PRODUCT; coverage=PARTIAL_GAP; ownership=SKU_SPECIFIC; observed slices=1.	0.96	YES
2271292556	1948138072	брелок у машину byd на зерколо	GENERIC_RELEVANT	0.0	0.0	0.0	GAP_PRESENT	GAP_PRESENT	LOW	FAMILY_CANDIDATE	LONG_DESCRIPTION	GENERIC_RELEVANT; coverage=GAP_PRESENT; ownership=STORE_GENERIC; observed slices=1.	0.76	YES
2271292556	1948138072	бык в машину	GENERIC_RELEVANT	3.0	0.0	0.0	GAP_PRESENT	GAP_PRESENT	LOW	FAMILY_CANDIDATE	LONG_DESCRIPTION	GENERIC_RELEVANT; coverage=GAP_PRESENT; ownership=FAMILY_SHARED; observed slices=1.	0.76	YES
2271292556	1948138072	в машину авулет	GENERIC_RELEVANT	0.0	0.0	0.0	GAP_PRESENT	GAP_PRESENT	LOW	FAMILY_CANDIDATE	LONG_DESCRIPTION	GENERIC_RELEVANT; coverage=GAP_PRESENT; ownership=STORE_GENERIC; observed slices=1.	0.76	YES
2271292556	1948138072	в машину подвеска	GENERIC_RELEVANT	105.0	0.0	0.0	GAP_PRESENT	GAP_PRESENT	LOW	FAMILY_CANDIDATE	LONG_DESCRIPTION	GENERIC_RELEVANT; coverage=GAP_PRESENT; ownership=STORE_GENERIC; observed slices=1.	0.76	YES
2271292556	1948138072	деревянный амулет	GENERIC_RELEVANT	1.0	0.0	0.0	GAP_PRESENT	GAP_PRESENT	LOW	FAMILY_CANDIDATE	LONG_DESCRIPTION	GENERIC_RELEVANT; coverage=GAP_PRESENT; ownership=STORE_GENERIC; observed slices=1.	0.72	YES
2271292556	1948138072	диффузор с палочками знак зодиака телец	EXACT_PRODUCT	1.0	0.0	0.0	PARTIAL_GAP	PARTIAL_GAP	LOW	READY_CANDIDATE	LONG_DESCRIPTION	EXACT_PRODUCT; coverage=PARTIAL_GAP; ownership=SKU_SPECIFIC; observed slices=1.	0.96	YES
2271292556	1948138072	для салона машины подвеска	GENERIC_RELEVANT	0.0	0.0	0.0	GAP_PRESENT	GAP_PRESENT	LOW	FAMILY_CANDIDATE	LONG_DESCRIPTION	GENERIC_RELEVANT; coverage=GAP_PRESENT; ownership=STORE_GENERIC; observed slices=1.	0.76	YES
2271292556	1948138072	защита оберег для машины	GENERIC_RELEVANT	1.0	0.0	0.0	GAP_PRESENT	GAP_PRESENT	LOW	FAMILY_CANDIDATE	LONG_DESCRIPTION	GENERIC_RELEVANT; coverage=GAP_PRESENT; ownership=FAMILY_SHARED; observed slices=1.	0.76	YES
2271292556	1948138072	зеркало для магии	GENERIC_RELEVANT	3.0	0.0	0.0	GAP_PRESENT	GAP_PRESENT	LOW	FAMILY_CANDIDATE	LONG_DESCRIPTION	GENERIC_RELEVANT; coverage=GAP_PRESENT; ownership=FAMILY_SHARED; observed slices=1.	0.76	YES
2271292556	1948138072	зеркало на велосипед торцевое	GENERIC_RELEVANT	1.0	0.0	0.0	GAP_PRESENT	GAP_PRESENT	LOW	FAMILY_CANDIDATE	LONG_DESCRIPTION	GENERIC_RELEVANT; coverage=GAP_PRESENT; ownership=FAMILY_SHARED; observed slices=1.	0.76	YES
2271292556	1948138072	зеркало на машину тойота надия левое	GENERIC_RELEVANT	1.0	0.0	0.0	GAP_PRESENT	GAP_PRESENT	LOW	FAMILY_CANDIDATE	LONG_DESCRIPTION	GENERIC_RELEVANT; coverage=GAP_PRESENT; ownership=FAMILY_SHARED; observed slices=1.	0.76	YES
2271292556	1948138072	знак зодиака на машину змееносец	FAMILY_RELEVANT	1.0	0.0	0.0	GAP_PRESENT	GAP_PRESENT	LOW	FAMILY_CANDIDATE	LONG_DESCRIPTION	FAMILY_RELEVANT; coverage=GAP_PRESENT; ownership=FAMILY_SHARED; observed slices=1.	0.86	YES
2271292556	1948138072	знак на машину для женщины	GENERIC_RELEVANT	1.0	0.0	0.0	GAP_PRESENT	GAP_PRESENT	LOW	FAMILY_CANDIDATE	LONG_DESCRIPTION	GENERIC_RELEVANT; coverage=GAP_PRESENT; ownership=FAMILY_SHARED; observed slices=1.	0.76	YES
2271292556	1948138072	знаки зодиака	FAMILY_RELEVANT	95.0	0.0	0.0	GAP_PRESENT	GAP_PRESENT	LOW	FAMILY_CANDIDATE	LONG_DESCRIPTION	FAMILY_RELEVANT; coverage=GAP_PRESENT; ownership=FAMILY_SHARED; observed slices=1.	0.86	YES
2271292556	1948138072	золотой телец	STRONG_PRODUCT	39.0	0.0	0.0	PARTIAL_GAP	PARTIAL_GAP	LOW	READY_CANDIDATE	LONG_DESCRIPTION	STRONG_PRODUCT; coverage=PARTIAL_GAP; ownership=SKU_SPECIFIC; observed slices=1.	0.96	YES
2271292556	1948138072	кулон зеркало оберег	GENERIC_RELEVANT	100.0	0.0	0.0	GAP_PRESENT	GAP_PRESENT	LOW	FAMILY_CANDIDATE	LONG_DESCRIPTION	GENERIC_RELEVANT; coverage=GAP_PRESENT; ownership=STORE_GENERIC; observed slices=1.	0.76	YES
2271292556	1948138072	кулон оеребро телец	STRONG_PRODUCT	1.0	0.0	0.0	PARTIAL_GAP	PARTIAL_GAP	LOW	READY_CANDIDATE	LONG_DESCRIPTION	STRONG_PRODUCT; coverage=PARTIAL_GAP; ownership=SKU_SPECIFIC; observed slices=1.	0.96	YES
2271292556	1948138072	кулон череп телец	STRONG_PRODUCT	1.0	0.0	0.0	PARTIAL_GAP	PARTIAL_GAP	LOW	READY_CANDIDATE	LONG_DESCRIPTION	STRONG_PRODUCT; coverage=PARTIAL_GAP; ownership=SKU_SPECIFIC; observed slices=1.	0.96	YES
2271292556	1948138072	магическое зеркало	GENERIC_RELEVANT	47.0	0.0	0.0	GAP_PRESENT	GAP_PRESENT	LOW	FAMILY_CANDIDATE	LONG_DESCRIPTION	GENERIC_RELEVANT; coverage=GAP_PRESENT; ownership=STORE_GENERIC; observed slices=1.	0.76	YES
2271292556	1948138072	на зеркало в машину подвеска женская сердечко сере	GENERIC_RELEVANT	0.0	0.0	0.0	GAP_PRESENT	GAP_PRESENT	LOW	FAMILY_CANDIDATE	LONG_DESCRIPTION	GENERIC_RELEVANT; coverage=GAP_PRESENT; ownership=FAMILY_SHARED; observed slices=1.	0.76	YES
2271292556	1948138072	оберег в машину	GENERIC_RELEVANT	402.0	0.0	0.0	GAP_PRESENT	GAP_PRESENT	LOW	FAMILY_CANDIDATE	LONG_DESCRIPTION	GENERIC_RELEVANT; coverage=GAP_PRESENT; ownership=STORE_GENERIC; observed slices=1.	0.76	YES
2271292556	1948138072	оригинальная подвеска на зерквло	GENERIC_RELEVANT	1.0	0.0	0.0	GAP_PRESENT	GAP_PRESENT	LOW	FAMILY_CANDIDATE	LONG_DESCRIPTION	GENERIC_RELEVANT; coverage=GAP_PRESENT; ownership=FAMILY_SHARED; observed slices=1.	0.72	YES
2271292556	1948138072	подвеска в автомобиль	GENERIC_RELEVANT	122.0	0.0	0.0	GAP_PRESENT	GAP_PRESENT	LOW	FAMILY_CANDIDATE	LONG_DESCRIPTION	GENERIC_RELEVANT; coverage=GAP_PRESENT; ownership=STORE_GENERIC; observed slices=1.	0.76	YES
2271292556	1948138072	подвеска в зеркало автомобиля телец	EXACT_PRODUCT	1.0	0.0	0.0	PARTIAL_GAP	PARTIAL_GAP	LOW	READY_CANDIDATE	LONG_DESCRIPTION	EXACT_PRODUCT; coverage=PARTIAL_GAP; ownership=SKU_SPECIFIC; observed slices=1.	0.96	YES
2271292556	1948138072	подвеска в машину	GENERIC_RELEVANT	3171.0	0.0	0.0	GAP_PRESENT	GAP_PRESENT	LOW	FAMILY_CANDIDATE	LONG_DESCRIPTION	GENERIC_RELEVANT; coverage=GAP_PRESENT; ownership=STORE_GENERIC; observed slices=2.	0.76	YES
2271292556	1948138072	подвеска в машину на зеркало женская зодиак	FAMILY_RELEVANT	1.0	0.0	0.0	PARTIAL_GAP	PARTIAL_GAP	LOW	FAMILY_CANDIDATE	LONG_DESCRIPTION	FAMILY_RELEVANT; coverage=PARTIAL_GAP; ownership=FAMILY_SHARED; observed slices=1.	0.86	YES
2271292556	1948138072	подвеска в машину на зеркало инь янь	GENERIC_RELEVANT	0.0	0.0	0.0	GAP_PRESENT	GAP_PRESENT	LOW	FAMILY_CANDIDATE	LONG_DESCRIPTION	GENERIC_RELEVANT; coverage=GAP_PRESENT; ownership=FAMILY_SHARED; observed slices=1.	0.76	YES
2271292556	1948138072	подвеска в машину на зеркало оскал тигра	GENERIC_RELEVANT	0.0	0.0	0.0	GAP_PRESENT	GAP_PRESENT	LOW	FAMILY_CANDIDATE	LONG_DESCRIPTION	GENERIC_RELEVANT; coverage=GAP_PRESENT; ownership=FAMILY_SHARED; observed slices=1.	0.76	YES
2271292556	1948138072	подвеска магическая	GENERIC_RELEVANT	3.0	0.0	0.0	GAP_PRESENT	GAP_PRESENT	LOW	FAMILY_CANDIDATE	LONG_DESCRIPTION	GENERIC_RELEVANT; coverage=GAP_PRESENT; ownership=FAMILY_SHARED; observed slices=1.	0.72	YES
2271292556	1948138072	подвеска на авто зеркало	GENERIC_RELEVANT	1.0	0.0	0.0	GAP_PRESENT	GAP_PRESENT	LOW	FAMILY_CANDIDATE	LONG_DESCRIPTION	GENERIC_RELEVANT; coverage=GAP_PRESENT; ownership=FAMILY_SHARED; observed slices=1.	0.76	YES
2271292556	1948138072	подвеска на зеркало в машину	GENERIC_RELEVANT	1261.0	0.0	0.0	GAP_PRESENT	GAP_PRESENT	LOW	FAMILY_CANDIDATE	LONG_DESCRIPTION	GENERIC_RELEVANT; coverage=GAP_PRESENT; ownership=STORE_GENERIC; observed slices=1.	0.76	YES
2271292556	1948138072	подвеска оберег на зеркало автомобиля	GENERIC_RELEVANT	1.0	0.0	0.0	GAP_PRESENT	GAP_PRESENT	LOW	FAMILY_CANDIDATE	LONG_DESCRIPTION	GENERIC_RELEVANT; coverage=GAP_PRESENT; ownership=FAMILY_SHARED; observed slices=1.	0.76	YES
2271292556	1948138072	подвеска телец	EXACT_PRODUCT	115.0	0.0	0.0	NO_GAP	NO_GAP	HIGH	NO_CHANGE	NONE	EXACT_PRODUCT; coverage=NO_GAP; ownership=FAMILY_SHARED; observed slices=1.	0.96	YES
2271292556	1948138072	сережки телец	STRONG_PRODUCT	1.0	0.0	0.0	PARTIAL_GAP	PARTIAL_GAP	LOW	READY_CANDIDATE	LONG_DESCRIPTION	STRONG_PRODUCT; coverage=PARTIAL_GAP; ownership=SKU_SPECIFIC; observed slices=1.	0.96	YES
2271292556	1948138072	талисман	GENERIC_RELEVANT	208.0	0.0	0.0	GAP_PRESENT	GAP_PRESENT	LOW	FAMILY_CANDIDATE	LONG_DESCRIPTION	GENERIC_RELEVANT; coverage=GAP_PRESENT; ownership=STORE_GENERIC; observed slices=1.	0.72	YES
2271292556	1948138072	телец	STRONG_PRODUCT	673.0	0.0	0.0	NO_GAP	NO_GAP	HIGH	NO_CHANGE	NONE	STRONG_PRODUCT; coverage=NO_GAP; ownership=FAMILY_SHARED; observed slices=1.	0.96	YES
2271292556	1948138072	телец знакзодиака на стену	EXACT_PRODUCT	0.0	0.0	0.0	PARTIAL_GAP	PARTIAL_GAP	LOW	READY_CANDIDATE	LONG_DESCRIPTION	EXACT_PRODUCT; coverage=PARTIAL_GAP; ownership=SKU_SPECIFIC; observed slices=1.	0.96	YES
2271292556	1948138072	телец колье	STRONG_PRODUCT	1.0	0.0	0.0	PARTIAL_GAP	PARTIAL_GAP	LOW	READY_CANDIDATE	LONG_DESCRIPTION	STRONG_PRODUCT; coverage=PARTIAL_GAP; ownership=SKU_SPECIFIC; observed slices=1.	0.96	YES
2271292556	1948138072	четки в автомобиль	GENERIC_RELEVANT	758.0	0.0	0.0	GAP_PRESENT	GAP_PRESENT	LOW	FAMILY_CANDIDATE	LONG_DESCRIPTION	GENERIC_RELEVANT; coverage=GAP_PRESENT; ownership=STORE_GENERIC; observed slices=1.	0.76	YES
2271292556	1948138072	четки в машину	GENERIC_RELEVANT	248.0	0.0	0.0	GAP_PRESENT	GAP_PRESENT	LOW	FAMILY_CANDIDATE	LONG_DESCRIPTION	GENERIC_RELEVANT; coverage=GAP_PRESENT; ownership=STORE_GENERIC; observed slices=1.	0.76	YES
2271292556	1948138072	четки в машину на зеркало	GENERIC_RELEVANT	44.0	0.0	0.0	GAP_PRESENT	GAP_PRESENT	LOW	FAMILY_CANDIDATE	LONG_DESCRIPTION	GENERIC_RELEVANT; coverage=GAP_PRESENT; ownership=STORE_GENERIC; observed slices=1.	0.76	YES
2271292556	1948138072	четки н	GENERIC_RELEVANT	0.0	0.0	0.0	GAP_PRESENT	GAP_PRESENT	LOW	FAMILY_CANDIDATE	LONG_DESCRIPTION	GENERIC_RELEVANT; coverage=GAP_PRESENT; ownership=FAMILY_SHARED; observed slices=1.	0.72	YES
2271292556	1948138072	четки на зеркало с амулетом	GENERIC_RELEVANT	1.0	0.0	578.0	GAP_PRESENT	GAP_PRESENT	LOW	FAMILY_CANDIDATE	LONG_DESCRIPTION	GENERIC_RELEVANT; coverage=GAP_PRESENT; ownership=FAMILY_SHARED; observed slices=1.	0.76	YES
2271292556	1948138072	четки на машину знак зодиака	FAMILY_RELEVANT	0.0	0.0	0.0	GAP_PRESENT	GAP_PRESENT	LOW	FAMILY_CANDIDATE	LONG_DESCRIPTION	FAMILY_RELEVANT; coverage=GAP_PRESENT; ownership=FAMILY_SHARED; observed slices=2.	0.86	YES
2271292556	1948138072	четки с тр	GENERIC_RELEVANT	0.0	0.0	0.0	GAP_PRESENT	GAP_PRESENT	LOW	FAMILY_CANDIDATE	LONG_DESCRIPTION	GENERIC_RELEVANT; coverage=GAP_PRESENT; ownership=FAMILY_SHARED; observed slices=1.	0.72	YES
2271292556	1948138072	четки телец	EXACT_PRODUCT	0.0	0.0	0.0	NO_GAP	NO_GAP	LOW	NO_CHANGE	NONE	EXACT_PRODUCT; coverage=NO_GAP; ownership=SKU_SPECIFIC; observed slices=1.	0.96	NO
2326866320	2020661872	cerave	AMBIGUOUS_HOLD	1862.0	0.0	0.0	GAP_PRESENT	GAP_PRESENT	MEDIUM	HOLD_AMBIGUOUS	HOLD	AMBIGUOUS_HOLD; coverage=GAP_PRESENT; ownership=UNCLEAR; observed slices=1.	0.42	YES
2326866320	2020661872	адидас спаси и сохрани коыту	EXACT_PRODUCT	0.0	0.0	0.0	PARTIAL_GAP	PARTIAL_GAP	LOW	READY_CANDIDATE	LONG_DESCRIPTION	EXACT_PRODUCT; coverage=PARTIAL_GAP; ownership=SKU_SPECIFIC; observed slices=1.	0.95	YES
2326866320	2020661872	амулет	GENERIC_RELEVANT	2123.0	0.0	0.0	GAP_PRESENT	GAP_PRESENT	LOW	FAMILY_CANDIDATE	LONG_DESCRIPTION	GENERIC_RELEVANT; coverage=GAP_PRESENT; ownership=STORE_GENERIC; observed slices=1.	0.72	YES
2326866320	2020661872	амулет глаз подвеска в машину	GENERIC_RELEVANT	1.0	0.0	0.0	GAP_PRESENT	GAP_PRESENT	LOW	FAMILY_CANDIDATE	LONG_DESCRIPTION	GENERIC_RELEVANT; coverage=GAP_PRESENT; ownership=FAMILY_SHARED; observed slices=1.	0.76	YES
2326866320	2020661872	амулет мужской деревянный	GENERIC_RELEVANT	1.0	0.0	0.0	GAP_PRESENT	GAP_PRESENT	LOW	FAMILY_CANDIDATE	LONG_DESCRIPTION	GENERIC_RELEVANT; coverage=GAP_PRESENT; ownership=FAMILY_SHARED; observed slices=1.	0.72	YES
2326866320	2020661872	амулет мужской мусульманский	GENERIC_RELEVANT	3.0	0.0	0.0	GAP_PRESENT	GAP_PRESENT	LOW	FAMILY_CANDIDATE	LONG_DESCRIPTION	GENERIC_RELEVANT; coverage=GAP_PRESENT; ownership=FAMILY_SHARED; observed slices=1.	0.72	YES
2326866320	2020661872	амулет на брелок в машину	GENERIC_RELEVANT	1.0	0.0	0.0	GAP_PRESENT	GAP_PRESENT	LOW	FAMILY_CANDIDATE	LONG_DESCRIPTION	GENERIC_RELEVANT; coverage=GAP_PRESENT; ownership=FAMILY_SHARED; observed slices=1.	0.76	YES
2326866320	2020661872	амулет от сглаза в машину на зеркало	GENERIC_RELEVANT	1.0	0.0	0.0	GAP_PRESENT	GAP_PRESENT	LOW	FAMILY_CANDIDATE	LONG_DESCRIPTION	GENERIC_RELEVANT; coverage=GAP_PRESENT; ownership=STORE_GENERIC; observed slices=1.	0.76	YES
2326866320	2020661872	амулетом на машину	GENERIC_RELEVANT	0.0	0.0	0.0	GAP_PRESENT	GAP_PRESENT	LOW	FAMILY_CANDIDATE	LONG_DESCRIPTION	GENERIC_RELEVANT; coverage=GAP_PRESENT; ownership=STORE_GENERIC; observed slices=1.	0.76	YES
2326866320	2020661872	амулеты	GENERIC_RELEVANT	430.0	0.0	0.0	GAP_PRESENT	GAP_PRESENT	LOW	FAMILY_CANDIDATE	LONG_DESCRIPTION	GENERIC_RELEVANT; coverage=GAP_PRESENT; ownership=STORE_GENERIC; observed slices=1.	0.72	YES
2326866320	2020661872	амулеты и обереги	GENERIC_RELEVANT	6.0	0.0	0.0	GAP_PRESENT	GAP_PRESENT	LOW	FAMILY_CANDIDATE	LONG_DESCRIPTION	GENERIC_RELEVANT; coverage=GAP_PRESENT; ownership=FAMILY_SHARED; observed slices=1.	0.72	YES
2326866320	2020661872	амулеты обереги и талисманы	GENERIC_RELEVANT	497.0	0.0	0.0	GAP_PRESENT	GAP_PRESENT	LOW	FAMILY_CANDIDATE	LONG_DESCRIPTION	GENERIC_RELEVANT; coverage=GAP_PRESENT; ownership=STORE_GENERIC; observed slices=2.	0.72	YES
2326866320	2020661872	амулеты обереги и талисманы дерево	GENERIC_RELEVANT	1.0	0.0	0.0	GAP_PRESENT	GAP_PRESENT	LOW	FAMILY_CANDIDATE	LONG_DESCRIPTION	GENERIC_RELEVANT; coverage=GAP_PRESENT; ownership=STORE_GENERIC; observed slices=1.	0.72	YES
2326866320	2020661872	амулеты обереги и талисманы зеркалр	GENERIC_RELEVANT	0.0	0.0	0.0	GAP_PRESENT	GAP_PRESENT	LOW	FAMILY_CANDIDATE	LONG_DESCRIPTION	GENERIC_RELEVANT; coverage=GAP_PRESENT; ownership=STORE_GENERIC; observed slices=1.	0.76	YES
2326866320	2020661872	амулеты обереги кулоны	GENERIC_RELEVANT	0.0	0.0	0.0	GAP_PRESENT	GAP_PRESENT	LOW	FAMILY_CANDIDATE	LONG_DESCRIPTION	GENERIC_RELEVANT; coverage=GAP_PRESENT; ownership=STORE_GENERIC; observed slices=1.	0.72	YES
2326866320	2020661872	баннер православный	STRONG_PRODUCT	2.0	0.0	0.0	GAP_PRESENT	GAP_PRESENT	LOW	READY_CANDIDATE	TITLE	STRONG_PRODUCT; coverage=GAP_PRESENT; ownership=SKU_SPECIFIC; observed slices=1.	0.90	YES
2326866320	2020661872	большой крест в машину на зеркало православный	NEIGHBOR_PRODUCT	0.0	0.0	0.0	NOT_APPLICABLE	NOT_APPLICABLE	LOW	REJECT_NEIGHBOR	NONE	NEIGHBOR_PRODUCT; coverage=NOT_APPLICABLE; ownership=EXCLUDED; observed slices=1.	0.96	NO
2326866320	2020661872	брелок авто талисман	GENERIC_RELEVANT	0.0	0.0	0.0	GAP_PRESENT	GAP_PRESENT	LOW	FAMILY_CANDIDATE	LONG_DESCRIPTION	GENERIC_RELEVANT; coverage=GAP_PRESENT; ownership=STORE_GENERIC; observed slices=1.	0.76	YES
2326866320	2020661872	брелок амулет на машину	GENERIC_RELEVANT	1.0	0.0	0.0	GAP_PRESENT	GAP_PRESENT	LOW	FAMILY_CANDIDATE	LONG_DESCRIPTION	GENERIC_RELEVANT; coverage=GAP_PRESENT; ownership=FAMILY_SHARED; observed slices=1.	0.76	YES
2326866320	2020661872	брелок в машину иконка	GENERIC_RELEVANT	2.0	0.0	0.0	GAP_PRESENT	GAP_PRESENT	LOW	FAMILY_CANDIDATE	LONG_DESCRIPTION	GENERIC_RELEVANT; coverage=GAP_PRESENT; ownership=FAMILY_SHARED; observed slices=1.	0.76	YES
2326866320	2020661872	брелок деревянный автомобиль	GENERIC_RELEVANT	1.0	0.0	0.0	GAP_PRESENT	GAP_PRESENT	LOW	FAMILY_CANDIDATE	LONG_DESCRIPTION	GENERIC_RELEVANT; coverage=GAP_PRESENT; ownership=FAMILY_SHARED; observed slices=1.	0.76	YES
2326866320	2020661872	брелок на зеркало в машину ловец снов	GENERIC_RELEVANT	1.0	0.0	0.0	GAP_PRESENT	GAP_PRESENT	LOW	FAMILY_CANDIDATE	LONG_DESCRIPTION	GENERIC_RELEVANT; coverage=GAP_PRESENT; ownership=FAMILY_SHARED; observed slices=1.	0.76	YES
2326866320	2020661872	брелок оберег деревянный	GENERIC_RELEVANT	2.0	0.0	0.0	GAP_PRESENT	GAP_PRESENT	LOW	FAMILY_CANDIDATE	LONG_DESCRIPTION	GENERIC_RELEVANT; coverage=GAP_PRESENT; ownership=FAMILY_SHARED; observed slices=1.	0.72	YES
2326866320	2020661872	брелок оберег от	GENERIC_RELEVANT	2.0	0.0	0.0	GAP_PRESENT	GAP_PRESENT	LOW	FAMILY_CANDIDATE	LONG_DESCRIPTION	GENERIC_RELEVANT; coverage=GAP_PRESENT; ownership=FAMILY_SHARED; observed slices=1.	0.72	YES
2326866320	2020661872	брелок оберег от сглаза	GENERIC_RELEVANT	12.0	0.0	0.0	GAP_PRESENT	GAP_PRESENT	LOW	FAMILY_CANDIDATE	LONG_DESCRIPTION	GENERIC_RELEVANT; coverage=GAP_PRESENT; ownership=FAMILY_SHARED; observed slices=1.	0.72	YES
2326866320	2020661872	брелок от сглаза	GENERIC_RELEVANT	529.0	0.0	0.0	GAP_PRESENT	GAP_PRESENT	LOW	FAMILY_CANDIDATE	LONG_DESCRIPTION	GENERIC_RELEVANT; coverage=GAP_PRESENT; ownership=FAMILY_SHARED; observed slices=1.	0.72	YES
2326866320	2020661872	брелок от склаза в машину	GENERIC_RELEVANT	1.0	0.0	0.0	GAP_PRESENT	GAP_PRESENT	LOW	FAMILY_CANDIDATE	LONG_DESCRIPTION	GENERIC_RELEVANT; coverage=GAP_PRESENT; ownership=FAMILY_SHARED; observed slices=1.	0.76	YES
2326866320	2020661872	брелокмтамара спаси и сохрани	EXACT_PRODUCT	1.0	0.0	0.0	PARTIAL_GAP	PARTIAL_GAP	LOW	READY_CANDIDATE	LONG_DESCRIPTION	EXACT_PRODUCT; coverage=PARTIAL_GAP; ownership=SKU_SPECIFIC; observed slices=1.	0.95	YES
2326866320	2020661872	брслет охранный спаси и сохрани	EXACT_PRODUCT	1.0	0.0	0.0	PARTIAL_GAP	PARTIAL_GAP	LOW	READY_CANDIDATE	LONG_DESCRIPTION	EXACT_PRODUCT; coverage=PARTIAL_GAP; ownership=SKU_SPECIFIC; observed slices=1.	0.95	YES
2326866320	2020661872	бусины для подвески на зеркало в машину	GENERIC_RELEVANT	0.0	0.0	0.0	GAP_PRESENT	GAP_PRESENT	LOW	FAMILY_CANDIDATE	LONG_DESCRIPTION	GENERIC_RELEVANT; coverage=GAP_PRESENT; ownership=STORE_GENERIC; observed slices=1.	0.76	YES
2326866320	2020661872	в машину	GENERIC_RELEVANT	559.0	0.0	0.0	GAP_PRESENT	GAP_PRESENT	LOW	FAMILY_CANDIDATE	LONG_DESCRIPTION	GENERIC_RELEVANT; coverage=GAP_PRESENT; ownership=STORE_GENERIC; observed slices=1.	0.76	YES
2326866320	2020661872	в машину авулет	GENERIC_RELEVANT	0.0	0.0	0.0	GAP_PRESENT	GAP_PRESENT	LOW	FAMILY_CANDIDATE	LONG_DESCRIPTION	GENERIC_RELEVANT; coverage=GAP_PRESENT; ownership=STORE_GENERIC; observed slices=1.	0.76	YES
2326866320	2020661872	в машину амулет	GENERIC_RELEVANT	0.0	0.0	0.0	GAP_PRESENT	GAP_PRESENT	LOW	FAMILY_CANDIDATE	LONG_DESCRIPTION	GENERIC_RELEVANT; coverage=GAP_PRESENT; ownership=STORE_GENERIC; observed slices=1.	0.76	YES
2326866320	2020661872	в машину для малыша подвеска	GENERIC_RELEVANT	0.0	0.0	0.0	GAP_PRESENT	GAP_PRESENT	LOW	FAMILY_CANDIDATE	LONG_DESCRIPTION	GENERIC_RELEVANT; coverage=GAP_PRESENT; ownership=STORE_GENERIC; observed slices=1.	0.76	YES
2326866320	2020661872	вонючка в машину оберег от штрафа	GENERIC_RELEVANT	0.0	0.0	0.0	GAP_PRESENT	GAP_PRESENT	LOW	FAMILY_CANDIDATE	LONG_DESCRIPTION	GENERIC_RELEVANT; coverage=GAP_PRESENT; ownership=FAMILY_SHARED; observed slices=1.	0.76	YES
2326866320	2020661872	иконка спаси сохрани	EXACT_PRODUCT	1.0	0.0	0.0	PARTIAL_GAP	PARTIAL_GAP	LOW	READY_CANDIDATE	LONG_DESCRIPTION	EXACT_PRODUCT; coverage=PARTIAL_GAP; ownership=SKU_SPECIFIC; observed slices=1.	0.95	YES
2326866320	2020661872	мусульманский оберег	GENERIC_RELEVANT	939.0	0.0	0.0	GAP_PRESENT	GAP_PRESENT	LOW	FAMILY_CANDIDATE	LONG_DESCRIPTION	GENERIC_RELEVANT; coverage=GAP_PRESENT; ownership=STORE_GENERIC; observed slices=1.	0.72	YES
2326866320	2020661872	оберег	GENERIC_RELEVANT	3886.0	0.0	0.0	GAP_PRESENT	GAP_PRESENT	LOW	FAMILY_CANDIDATE	LONG_DESCRIPTION	GENERIC_RELEVANT; coverage=GAP_PRESENT; ownership=STORE_GENERIC; observed slices=2.	0.72	YES
2326866320	2020661872	оберег в машину	GENERIC_RELEVANT	1115.0	0.0	0.0	GAP_PRESENT	GAP_PRESENT	LOW	FAMILY_CANDIDATE	LONG_DESCRIPTION	GENERIC_RELEVANT; coverage=GAP_PRESENT; ownership=STORE_GENERIC; observed slices=2.	0.76	YES
2326866320	2020661872	оберег для дома от сглаза на стену	GENERIC_RELEVANT	3.0	0.0	0.0	GAP_PRESENT	GAP_PRESENT	LOW	FAMILY_CANDIDATE	LONG_DESCRIPTION	GENERIC_RELEVANT; coverage=GAP_PRESENT; ownership=FAMILY_SHARED; observed slices=1.	0.72	YES
2326866320	2020661872	оберег от сглаза и порчи	GENERIC_RELEVANT	439.0	0.0	0.0	GAP_PRESENT	GAP_PRESENT	LOW	FAMILY_CANDIDATE	LONG_DESCRIPTION	GENERIC_RELEVANT; coverage=GAP_PRESENT; ownership=STORE_GENERIC; observed slices=1.	0.72	YES
2326866320	2020661872	оберег подвеска в машину	GENERIC_RELEVANT	2.0	0.0	0.0	GAP_PRESENT	GAP_PRESENT	LOW	FAMILY_CANDIDATE	LONG_DESCRIPTION	GENERIC_RELEVANT; coverage=GAP_PRESENT; ownership=STORE_GENERIC; observed slices=1.	0.76	YES
2326866320	2020661872	обереги	GENERIC_RELEVANT	490.0	0.0	0.0	GAP_PRESENT	GAP_PRESENT	LOW	FAMILY_CANDIDATE	LONG_DESCRIPTION	GENERIC_RELEVANT; coverage=GAP_PRESENT; ownership=STORE_GENERIC; observed slices=1.	0.72	YES
2326866320	2020661872	обереготсглаза	GENERIC_RELEVANT	0.0	0.0	0.0	GAP_PRESENT	GAP_PRESENT	LOW	FAMILY_CANDIDATE	LONG_DESCRIPTION	GENERIC_RELEVANT; coverage=GAP_PRESENT; ownership=STORE_GENERIC; observed slices=1.	0.72	YES
2326866320	2020661872	от сглаза в авто	GENERIC_RELEVANT	2.0	0.0	0.0	GAP_PRESENT	GAP_PRESENT	LOW	FAMILY_CANDIDATE	LONG_DESCRIPTION	GENERIC_RELEVANT; coverage=GAP_PRESENT; ownership=STORE_GENERIC; observed slices=1.	0.76	YES
2326866320	2020661872	подвеска в авто оберег	GENERIC_RELEVANT	2.0	0.0	0.0	GAP_PRESENT	GAP_PRESENT	LOW	FAMILY_CANDIDATE	LONG_DESCRIPTION	GENERIC_RELEVANT; coverage=GAP_PRESENT; ownership=FAMILY_SHARED; observed slices=1.	0.76	YES
2326866320	2020661872	подвеска в машину	GENERIC_RELEVANT	3171.0	0.0	0.0	GAP_PRESENT	GAP_PRESENT	LOW	FAMILY_CANDIDATE	LONG_DESCRIPTION	GENERIC_RELEVANT; coverage=GAP_PRESENT; ownership=STORE_GENERIC; observed slices=1.	0.76	YES
2326866320	2020661872	подвеска в машину на зеркало	GENERIC_RELEVANT	1560.0	0.0	0.0	GAP_PRESENT	GAP_PRESENT	LOW	FAMILY_CANDIDATE	LONG_DESCRIPTION	GENERIC_RELEVANT; coverage=GAP_PRESENT; ownership=STORE_GENERIC; observed slices=2.	0.76	YES
2326866320	2020661872	подвеска на зеркало в машину	GENERIC_RELEVANT	1288.0	0.0	0.0	GAP_PRESENT	GAP_PRESENT	LOW	FAMILY_CANDIDATE	LONG_DESCRIPTION	GENERIC_RELEVANT; coverage=GAP_PRESENT; ownership=STORE_GENERIC; observed slices=1.	0.76	YES
2326866320	2020661872	провославный оберег в машину	GENERIC_RELEVANT	0.0	0.0	831.0	GAP_PRESENT	GAP_PRESENT	LOW	FAMILY_CANDIDATE	LONG_DESCRIPTION	GENERIC_RELEVANT; coverage=GAP_PRESENT; ownership=FAMILY_SHARED; observed slices=2.	0.76	YES
2326866320	2020661872	славянский оберег в машину на зеркало	NEIGHBOR_PRODUCT	2.0	0.0	0.0	NOT_APPLICABLE	NOT_APPLICABLE	LOW	REJECT_NEIGHBOR	NONE	NEIGHBOR_PRODUCT; coverage=NOT_APPLICABLE; ownership=FAMILY_SHARED; observed slices=1.	0.90	NO
2326866320	2020661872	спаси и сохрани в машину с подсветкой	EXACT_PRODUCT	6.0	0.0	0.0	PARTIAL_GAP	PARTIAL_GAP	LOW	READY_CANDIDATE	LONG_DESCRIPTION	EXACT_PRODUCT; coverage=PARTIAL_GAP; ownership=SKU_SPECIFIC; observed slices=1.	0.95	YES
2326866320	2020661872	талисман в автомобиль	GENERIC_RELEVANT	1.0	0.0	591.0	GAP_PRESENT	GAP_PRESENT	LOW	FAMILY_CANDIDATE	LONG_DESCRIPTION	GENERIC_RELEVANT; coverage=GAP_PRESENT; ownership=FAMILY_SHARED; observed slices=1.	0.76	YES
2326866320	2020661872	талисман от сглаза и порчи	GENERIC_RELEVANT	10.0	0.0	0.0	GAP_PRESENT	GAP_PRESENT	LOW	FAMILY_CANDIDATE	LONG_DESCRIPTION	GENERIC_RELEVANT; coverage=GAP_PRESENT; ownership=FAMILY_SHARED; observed slices=1.	0.72	YES
2326866320	2020661872	четки в машину	GENERIC_RELEVANT	533.0	0.0	0.0	GAP_PRESENT	GAP_PRESENT	LOW	FAMILY_CANDIDATE	LONG_DESCRIPTION	GENERIC_RELEVANT; coverage=GAP_PRESENT; ownership=STORE_GENERIC; observed slices=1.	0.76	YES
2559437928	2324003802	акриловая подвеска в машину на зеркало	GENERIC_RELEVANT	1.0	0.0	0.0	GAP_PRESENT	GAP_PRESENT	LOW	FAMILY_CANDIDATE	LONG_DESCRIPTION	GENERIC_RELEVANT; coverage=GAP_PRESENT; ownership=STORE_GENERIC; observed slices=1.	0.76	YES
2559437928	2324003802	аксессуары в машину подвесаа зеркал барабан	GENERIC_RELEVANT	0.0	0.0	0.0	GAP_PRESENT	GAP_PRESENT	LOW	FAMILY_CANDIDATE	LONG_DESCRIPTION	GENERIC_RELEVANT; coverage=GAP_PRESENT; ownership=STORE_GENERIC; observed slices=1.	0.76	YES
2559437928	2324003802	аксессуары в машину подвеска на зеркало	GENERIC_RELEVANT	2.0	0.0	0.0	GAP_PRESENT	GAP_PRESENT	LOW	FAMILY_CANDIDATE	LONG_DESCRIPTION	GENERIC_RELEVANT; coverage=GAP_PRESENT; ownership=FAMILY_SHARED; observed slices=1.	0.76	YES
2559437928	2324003802	амулет	GENERIC_RELEVANT	1804.0	0.0	0.0	GAP_PRESENT	GAP_PRESENT	LOW	FAMILY_CANDIDATE	LONG_DESCRIPTION	GENERIC_RELEVANT; coverage=GAP_PRESENT; ownership=STORE_GENERIC; observed slices=1.	0.72	YES
2559437928	2324003802	амулет мужской в машину	GENERIC_RELEVANT	2.0	0.0	0.0	GAP_PRESENT	GAP_PRESENT	LOW	FAMILY_CANDIDATE	LONG_DESCRIPTION	GENERIC_RELEVANT; coverage=GAP_PRESENT; ownership=FAMILY_SHARED; observed slices=1.	0.76	YES
2559437928	2324003802	амулет на зеркало оберег в машину	GENERIC_RELEVANT	1.0	0.0	0.0	GAP_PRESENT	GAP_PRESENT	LOW	FAMILY_CANDIDATE	LONG_DESCRIPTION	GENERIC_RELEVANT; coverage=GAP_PRESENT; ownership=STORE_GENERIC; observed slices=1.	0.76	YES
2559437928	2324003802	амулет с зеркалом по	GENERIC_RELEVANT	0.0	0.0	0.0	GAP_PRESENT	GAP_PRESENT	LOW	FAMILY_CANDIDATE	LONG_DESCRIPTION	GENERIC_RELEVANT; coverage=GAP_PRESENT; ownership=FAMILY_SHARED; observed slices=1.	0.76	YES
2559437928	2324003802	амулет славянский подарок	FAMILY_RELEVANT	1.0	0.0	0.0	GAP_PRESENT	GAP_PRESENT	LOW	FAMILY_CANDIDATE	LONG_DESCRIPTION	FAMILY_RELEVANT; coverage=GAP_PRESENT; ownership=FAMILY_SHARED; observed slices=1.	0.86	YES
2559437928	2324003802	амулетом на машину	GENERIC_RELEVANT	0.0	0.0	0.0	GAP_PRESENT	GAP_PRESENT	LOW	FAMILY_CANDIDATE	LONG_DESCRIPTION	GENERIC_RELEVANT; coverage=GAP_PRESENT; ownership=STORE_GENERIC; observed slices=1.	0.76	YES
2559437928	2324003802	амулеты коло	GENERIC_RELEVANT	0.0	0.0	0.0	GAP_PRESENT	GAP_PRESENT	LOW	FAMILY_CANDIDATE	LONG_DESCRIPTION	GENERIC_RELEVANT; coverage=GAP_PRESENT; ownership=FAMILY_SHARED; observed slices=1.	0.72	YES
2559437928	2324003802	амулеты обереги для дома	GENERIC_RELEVANT	1.0	0.0	0.0	GAP_PRESENT	GAP_PRESENT	LOW	FAMILY_CANDIDATE	LONG_DESCRIPTION	GENERIC_RELEVANT; coverage=GAP_PRESENT; ownership=FAMILY_SHARED; observed slices=1.	0.72	YES
2559437928	2324003802	амулеты обереги и талисманы	GENERIC_RELEVANT	379.0	0.0	0.0	GAP_PRESENT	GAP_PRESENT	LOW	FAMILY_CANDIDATE	LONG_DESCRIPTION	GENERIC_RELEVANT; coverage=GAP_PRESENT; ownership=STORE_GENERIC; observed slices=2.	0.72	YES
2559437928	2324003802	амулеты славянские	FAMILY_RELEVANT	8.0	0.0	0.0	GAP_PRESENT	GAP_PRESENT	LOW	FAMILY_CANDIDATE	LONG_DESCRIPTION	FAMILY_RELEVANT; coverage=GAP_PRESENT; ownership=FAMILY_SHARED; observed slices=1.	0.86	YES
2559437928	2324003802	ароматизатор в машину висячий на зеркало	GENERIC_RELEVANT	1.0	0.0	0.0	GAP_PRESENT	GAP_PRESENT	LOW	FAMILY_CANDIDATE	LONG_DESCRIPTION	GENERIC_RELEVANT; coverage=GAP_PRESENT; ownership=FAMILY_SHARED; observed slices=1.	0.76	YES
2559437928	2324003802	бог омулет	AMBIGUOUS_HOLD	0.0	0.0	0.0	GAP_PRESENT	GAP_PRESENT	MEDIUM	HOLD_AMBIGUOUS	HOLD	AMBIGUOUS_HOLD; coverage=GAP_PRESENT; ownership=UNCLEAR; observed slices=1.	0.42	YES
2559437928	2324003802	бог чур наклейка оберег	PARTIAL_RELEVANCE	0.0	0.0	0.0	PARTIAL_GAP	PARTIAL_GAP	MEDIUM	HOLD_AMBIGUOUS	HOLD	PARTIAL_RELEVANCE; coverage=PARTIAL_GAP; ownership=UNCLEAR; observed slices=1.	0.60	YES
2559437928	2324003802	брелок в машину на зеркало пушистики	GENERIC_RELEVANT	0.0	0.0	0.0	GAP_PRESENT	GAP_PRESENT	LOW	FAMILY_CANDIDATE	LONG_DESCRIPTION	GENERIC_RELEVANT; coverage=GAP_PRESENT; ownership=STORE_GENERIC; observed slices=1.	0.76	YES
2559437928	2324003802	брелок в машину от сглаза	GENERIC_RELEVANT	1.0	0.0	0.0	GAP_PRESENT	GAP_PRESENT	LOW	FAMILY_CANDIDATE	LONG_DESCRIPTION	GENERIC_RELEVANT; coverage=GAP_PRESENT; ownership=FAMILY_SHARED; observed slices=1.	0.76	YES
2559437928	2324003802	брелок у машину byd на зерколо	GENERIC_RELEVANT	0.0	0.0	0.0	GAP_PRESENT	GAP_PRESENT	LOW	FAMILY_CANDIDATE	LONG_DESCRIPTION	GENERIC_RELEVANT; coverage=GAP_PRESENT; ownership=STORE_GENERIC; observed slices=1.	0.76	YES
2559437928	2324003802	бусины для терм	AMBIGUOUS_HOLD	0.0	0.0	0.0	GAP_PRESENT	GAP_PRESENT	MEDIUM	HOLD_AMBIGUOUS	HOLD	AMBIGUOUS_HOLD; coverage=GAP_PRESENT; ownership=UNCLEAR; observed slices=1.	0.42	YES
2559437928	2324003802	в дом оберег	GENERIC_RELEVANT	2.0	0.0	0.0	GAP_PRESENT	GAP_PRESENT	LOW	FAMILY_CANDIDATE	LONG_DESCRIPTION	GENERIC_RELEVANT; coverage=GAP_PRESENT; ownership=FAMILY_SHARED; observed slices=1.	0.72	YES
2559437928	2324003802	в машину кулон от сглаза	GENERIC_RELEVANT	1.0	0.0	0.0	GAP_PRESENT	GAP_PRESENT	LOW	FAMILY_CANDIDATE	LONG_DESCRIPTION	GENERIC_RELEVANT; coverage=GAP_PRESENT; ownership=FAMILY_SHARED; observed slices=1.	0.76	YES
2559437928	2324003802	в машину славянский	FAMILY_RELEVANT	1.0	0.0	0.0	GAP_PRESENT	GAP_PRESENT	LOW	FAMILY_CANDIDATE	LONG_DESCRIPTION	FAMILY_RELEVANT; coverage=GAP_PRESENT; ownership=FAMILY_SHARED; observed slices=1.	0.86	YES
2559437928	2324003802	висюлька на зеркало в машину ароматизатор мазда	GENERIC_RELEVANT	1.0	0.0	0.0	GAP_PRESENT	GAP_PRESENT	LOW	FAMILY_CANDIDATE	LONG_DESCRIPTION	GENERIC_RELEVANT; coverage=GAP_PRESENT; ownership=STORE_GENERIC; observed slices=1.	0.76	YES
2559437928	2324003802	гусь обнимусь подвеска на нитке в машину	GENERIC_RELEVANT	1.0	0.0	0.0	GAP_PRESENT	GAP_PRESENT	LOW	FAMILY_CANDIDATE	LONG_DESCRIPTION	GENERIC_RELEVANT; coverage=GAP_PRESENT; ownership=FAMILY_SHARED; observed slices=1.	0.76	YES
2559437928	2324003802	дикий вепрь славянская подвеска	FAMILY_RELEVANT	1.0	0.0	0.0	GAP_PRESENT	GAP_PRESENT	LOW	FAMILY_CANDIDATE	LONG_DESCRIPTION	FAMILY_RELEVANT; coverage=GAP_PRESENT; ownership=FAMILY_SHARED; observed slices=1.	0.86	YES
2559437928	2324003802	для машины в салон на зеркало подвескп	GENERIC_RELEVANT	0.0	0.0	0.0	GAP_PRESENT	GAP_PRESENT	LOW	FAMILY_CANDIDATE	LONG_DESCRIPTION	GENERIC_RELEVANT; coverage=GAP_PRESENT; ownership=STORE_GENERIC; observed slices=1.	0.76	YES
2559437928	2324003802	коловрат	AMBIGUOUS_HOLD	1717.0	0.0	0.0	GAP_PRESENT	GAP_PRESENT	MEDIUM	HOLD_AMBIGUOUS	HOLD	AMBIGUOUS_HOLD; coverage=GAP_PRESENT; ownership=UNCLEAR; observed slices=1.	0.42	YES
2559437928	2324003802	коловрат подвеска	GENERIC_RELEVANT	316.0	0.0	0.0	GAP_PRESENT	GAP_PRESENT	LOW	FAMILY_CANDIDATE	LONG_DESCRIPTION	GENERIC_RELEVANT; coverage=GAP_PRESENT; ownership=STORE_GENERIC; observed slices=1.	0.72	YES
2559437928	2324003802	наклейка чур	PARTIAL_RELEVANCE	1.0	0.0	804.0	PARTIAL_GAP	PARTIAL_GAP	MEDIUM	HOLD_AMBIGUOUS	HOLD	PARTIAL_RELEVANCE; coverage=PARTIAL_GAP; ownership=UNCLEAR; observed slices=1.	0.60	YES
2559437928	2324003802	оберег	GENERIC_RELEVANT	1889.0	0.0	0.0	GAP_PRESENT	GAP_PRESENT	LOW	FAMILY_CANDIDATE	LONG_DESCRIPTION	GENERIC_RELEVANT; coverage=GAP_PRESENT; ownership=STORE_GENERIC; observed slices=1.	0.72	YES
2559437928	2324003802	оберег в машину	GENERIC_RELEVANT	1068.0	0.0	0.0	GAP_PRESENT	GAP_PRESENT	LOW	FAMILY_CANDIDATE	LONG_DESCRIPTION	GENERIC_RELEVANT; coverage=GAP_PRESENT; ownership=STORE_GENERIC; observed slices=1.	0.76	YES
2559437928	2324003802	оберег в машину мужской на зеркало	GENERIC_RELEVANT	2.0	0.0	0.0	GAP_PRESENT	GAP_PRESENT	LOW	FAMILY_CANDIDATE	LONG_DESCRIPTION	GENERIC_RELEVANT; coverage=GAP_PRESENT; ownership=FAMILY_SHARED; observed slices=1.	0.76	YES
2559437928	2324003802	оберег для дома	GENERIC_RELEVANT	2087.0	0.0	0.0	GAP_PRESENT	GAP_PRESENT	LOW	FAMILY_CANDIDATE	LONG_DESCRIPTION	GENERIC_RELEVANT; coverage=GAP_PRESENT; ownership=FAMILY_SHARED; observed slices=1.	0.72	YES
2559437928	2324003802	оберег от сглаза и порчи	GENERIC_RELEVANT	465.0	0.0	0.0	GAP_PRESENT	GAP_PRESENT	LOW	FAMILY_CANDIDATE	LONG_DESCRIPTION	GENERIC_RELEVANT; coverage=GAP_PRESENT; ownership=STORE_GENERIC; observed slices=1.	0.72	YES
2559437928	2324003802	оберег славянский	FAMILY_RELEVANT	171.0	0.0	716.0	GAP_PRESENT	GAP_PRESENT	LOW	FAMILY_CANDIDATE	LONG_DESCRIPTION	FAMILY_RELEVANT; coverage=GAP_PRESENT; ownership=FAMILY_SHARED; observed slices=1.	0.86	YES
2559437928	2324003802	обереги	GENERIC_RELEVANT	140.0	0.0	0.0	GAP_PRESENT	GAP_PRESENT	LOW	FAMILY_CANDIDATE	LONG_DESCRIPTION	GENERIC_RELEVANT; coverage=GAP_PRESENT; ownership=STORE_GENERIC; observed slices=2.	0.72	YES
2559437928	2324003802	обереготсглаза	GENERIC_RELEVANT	0.0	0.0	0.0	GAP_PRESENT	GAP_PRESENT	LOW	FAMILY_CANDIDATE	LONG_DESCRIPTION	GENERIC_RELEVANT; coverage=GAP_PRESENT; ownership=STORE_GENERIC; observed slices=1.	0.72	YES
2559437928	2324003802	от сглаза	GENERIC_RELEVANT	506.0	0.0	0.0	GAP_PRESENT	GAP_PRESENT	LOW	FAMILY_CANDIDATE	LONG_DESCRIPTION	GENERIC_RELEVANT; coverage=GAP_PRESENT; ownership=STORE_GENERIC; observed slices=1.	0.72	YES
2559437928	2324003802	подвеска в машину	GENERIC_RELEVANT	3171.0	0.0	0.0	GAP_PRESENT	GAP_PRESENT	LOW	FAMILY_CANDIDATE	LONG_DESCRIPTION	GENERIC_RELEVANT; coverage=GAP_PRESENT; ownership=STORE_GENERIC; observed slices=1.	0.76	YES
2559437928	2324003802	подвеска в машину на зеркало	GENERIC_RELEVANT	0.0	0.0	0.0	GAP_PRESENT	GAP_PRESENT	LOW	FAMILY_CANDIDATE	LONG_DESCRIPTION	GENERIC_RELEVANT; coverage=GAP_PRESENT; ownership=STORE_GENERIC; observed slices=1.	0.76	YES
2559437928	2324003802	подвеска из акрила	GENERIC_RELEVANT	2.0	0.0	0.0	GAP_PRESENT	GAP_PRESENT	LOW	FAMILY_CANDIDATE	LONG_DESCRIPTION	GENERIC_RELEVANT; coverage=GAP_PRESENT; ownership=FAMILY_SHARED; observed slices=1.	0.72	YES
2559437928	2324003802	подвеска на зеркало в машину	GENERIC_RELEVANT	1130.0	0.0	0.0	GAP_PRESENT	GAP_PRESENT	LOW	FAMILY_CANDIDATE	LONG_DESCRIPTION	GENERIC_RELEVANT; coverage=GAP_PRESENT; ownership=STORE_GENERIC; observed slices=1.	0.76	YES
2559437928	2324003802	руны в машину	GENERIC_RELEVANT	3.0	0.0	0.0	GAP_PRESENT	GAP_PRESENT	LOW	FAMILY_CANDIDATE	LONG_DESCRIPTION	GENERIC_RELEVANT; coverage=GAP_PRESENT; ownership=FAMILY_SHARED; observed slices=1.	0.76	YES
2559437928	2324003802	славянские обереги	FAMILY_RELEVANT	936.0	0.0	0.0	GAP_PRESENT	GAP_PRESENT	LOW	FAMILY_CANDIDATE	LONG_DESCRIPTION	FAMILY_RELEVANT; coverage=GAP_PRESENT; ownership=FAMILY_SHARED; observed slices=2.	0.86	YES
2559437928	2324003802	славянские украшения	FAMILY_RELEVANT	324.0	0.0	0.0	GAP_PRESENT	GAP_PRESENT	LOW	FAMILY_CANDIDATE	LONG_DESCRIPTION	FAMILY_RELEVANT; coverage=GAP_PRESENT; ownership=FAMILY_SHARED; observed slices=1.	0.86	YES
2559437928	2324003802	славянский оберег	FAMILY_RELEVANT	498.0	0.0	663.0	GAP_PRESENT	GAP_PRESENT	LOW	FAMILY_CANDIDATE	LONG_DESCRIPTION	FAMILY_RELEVANT; coverage=GAP_PRESENT; ownership=FAMILY_SHARED; observed slices=2.	0.86	YES
2559437928	2324003802	славянский оберег в машину	FAMILY_RELEVANT	33.0	0.0	1528.0	GAP_PRESENT	GAP_PRESENT	LOW	FAMILY_CANDIDATE	LONG_DESCRIPTION	FAMILY_RELEVANT; coverage=GAP_PRESENT; ownership=FAMILY_SHARED; observed slices=1.	0.86	YES
2559437928	2324003802	славянский оберег для ключей дома	FAMILY_RELEVANT	0.0	0.0	829.0	GAP_PRESENT	GAP_PRESENT	LOW	FAMILY_CANDIDATE	LONG_DESCRIPTION	FAMILY_RELEVANT; coverage=GAP_PRESENT; ownership=FAMILY_SHARED; observed slices=2.	0.86	YES
2559437928	2324003802	славянский оберег мужской в машину	FAMILY_RELEVANT	1.0	0.0	788.0	GAP_PRESENT	GAP_PRESENT	LOW	FAMILY_CANDIDATE	LONG_DESCRIPTION	FAMILY_RELEVANT; coverage=GAP_PRESENT; ownership=FAMILY_SHARED; observed slices=1.	0.86	YES
2559437928	2324003802	талисман	GENERIC_RELEVANT	596.0	0.0	0.0	GAP_PRESENT	GAP_PRESENT	LOW	FAMILY_CANDIDATE	LONG_DESCRIPTION	GENERIC_RELEVANT; coverage=GAP_PRESENT; ownership=STORE_GENERIC; observed slices=1.	0.72	YES
2559437928	2324003802	четки в автомобиль славянские в машину	FAMILY_RELEVANT	1.0	0.0	716.0	GAP_PRESENT	GAP_PRESENT	LOW	FAMILY_CANDIDATE	LONG_DESCRIPTION	FAMILY_RELEVANT; coverage=GAP_PRESENT; ownership=FAMILY_SHARED; observed slices=1.	0.86	YES
2559437928	2324003802	чур	PARTIAL_RELEVANCE	359.0	0.0	0.0	NO_GAP	NO_GAP	MEDIUM	HOLD_AMBIGUOUS	HOLD	PARTIAL_RELEVANCE; coverage=NO_GAP; ownership=UNCLEAR; observed slices=1.	0.60	YES
2559437928	2324003802	чур амулет	PARTIAL_RELEVANCE	2.0	0.0	0.0	NO_GAP	NO_GAP	MEDIUM	HOLD_AMBIGUOUS	HOLD	PARTIAL_RELEVANCE; coverage=NO_GAP; ownership=UNCLEAR; observed slices=1.	0.60	YES
2559437928	2324003802	эзотерика	AMBIGUOUS_HOLD	84.0	0.0	0.0	GAP_PRESENT	GAP_PRESENT	MEDIUM	HOLD_AMBIGUOUS	HOLD	AMBIGUOUS_HOLD; coverage=GAP_PRESENT; ownership=UNCLEAR; observed slices=1.	0.42	YES
2559748332	2324384021	no pasaran подвеска в машину	GENERIC_RELEVANT	1.0	0.0	0.0	GAP_PRESENT	GAP_PRESENT	LOW	FAMILY_CANDIDATE	LONG_DESCRIPTION	GENERIC_RELEVANT; coverage=GAP_PRESENT; ownership=STORE_GENERIC; observed slices=2.	0.76	YES
2559748332	2324384021	{value}	AMBIGUOUS_HOLD	1.0	0.0	648.0	GAP_PRESENT	GAP_PRESENT	MEDIUM	HOLD_AMBIGUOUS	HOLD	AMBIGUOUS_HOLD; coverage=GAP_PRESENT; ownership=UNCLEAR; observed slices=2.	0.42	YES
2559748332	2324384021	авто аксессуары на зеркало	GENERIC_RELEVANT	1.0	0.0	0.0	GAP_PRESENT	GAP_PRESENT	LOW	FAMILY_CANDIDATE	LONG_DESCRIPTION	GENERIC_RELEVANT; coverage=GAP_PRESENT; ownership=FAMILY_SHARED; observed slices=1.	0.76	YES
2559748332	2324384021	автомобиль мусульманский	GENERIC_RELEVANT	1.0	0.0	0.0	GAP_PRESENT	GAP_PRESENT	LOW	FAMILY_CANDIDATE	LONG_DESCRIPTION	GENERIC_RELEVANT; coverage=GAP_PRESENT; ownership=FAMILY_SHARED; observed slices=2.	0.76	YES
2559748332	2324384021	автомобильный талисман оберег на зеркало	GENERIC_RELEVANT	1.0	0.0	0.0	GAP_PRESENT	GAP_PRESENT	LOW	FAMILY_CANDIDATE	LONG_DESCRIPTION	GENERIC_RELEVANT; coverage=GAP_PRESENT; ownership=STORE_GENERIC; observed slices=2.	0.76	YES
2559748332	2324384021	автоподвеска мужска	GENERIC_RELEVANT	0.0	0.0	0.0	GAP_PRESENT	GAP_PRESENT	LOW	FAMILY_CANDIDATE	LONG_DESCRIPTION	GENERIC_RELEVANT; coverage=GAP_PRESENT; ownership=STORE_GENERIC; observed slices=1.	0.76	YES
2559748332	2324384021	акриловая подвеска в машину на зеркало	GENERIC_RELEVANT	1.0	0.0	0.0	GAP_PRESENT	GAP_PRESENT	LOW	FAMILY_CANDIDATE	LONG_DESCRIPTION	GENERIC_RELEVANT; coverage=GAP_PRESENT; ownership=STORE_GENERIC; observed slices=1.	0.76	YES
2559748332	2324384021	аксессуар на зеркало	GENERIC_RELEVANT	1.0	0.0	0.0	GAP_PRESENT	GAP_PRESENT	LOW	FAMILY_CANDIDATE	LONG_DESCRIPTION	GENERIC_RELEVANT; coverage=GAP_PRESENT; ownership=FAMILY_SHARED; observed slices=1.	0.76	YES
2559748332	2324384021	аксессуары в машину подвеска	GENERIC_RELEVANT	1.0	0.0	0.0	GAP_PRESENT	GAP_PRESENT	LOW	FAMILY_CANDIDATE	LONG_DESCRIPTION	GENERIC_RELEVANT; coverage=GAP_PRESENT; ownership=FAMILY_SHARED; observed slices=2.	0.76	YES
2559748332	2324384021	аксессуары для машины в подарок мужчине подвески на зеркало	GENERIC_RELEVANT	1.0	0.0	0.0	GAP_PRESENT	GAP_PRESENT	LOW	FAMILY_CANDIDATE	LONG_DESCRIPTION	GENERIC_RELEVANT; coverage=GAP_PRESENT; ownership=FAMILY_SHARED; observed slices=2.	0.76	YES
2559748332	2324384021	аксессуары на зеркало в атомобиль	GENERIC_RELEVANT	0.0	0.0	0.0	GAP_PRESENT	GAP_PRESENT	LOW	FAMILY_CANDIDATE	LONG_DESCRIPTION	GENERIC_RELEVANT; coverage=GAP_PRESENT; ownership=FAMILY_SHARED; observed slices=1.	0.76	YES
2559748332	2324384021	аксессуары на машину герб	EXACT_PRODUCT	1.0	0.0	0.0	NO_GAP	NO_GAP	LOW	NO_CHANGE	NONE	EXACT_PRODUCT; coverage=NO_GAP; ownership=SKU_SPECIFIC; observed slices=1.	0.95	NO
2559748332	2324384021	амулет для автомобиля в машину на зеркало	GENERIC_RELEVANT	1.0	0.0	0.0	GAP_PRESENT	GAP_PRESENT	LOW	FAMILY_CANDIDATE	LONG_DESCRIPTION	GENERIC_RELEVANT; coverage=GAP_PRESENT; ownership=STORE_GENERIC; observed slices=1.	0.76	YES
2559748332	2324384021	амулет зеркало оберег	GENERIC_RELEVANT	2.0	0.0	0.0	GAP_PRESENT	GAP_PRESENT	LOW	FAMILY_CANDIDATE	LONG_DESCRIPTION	GENERIC_RELEVANT; coverage=GAP_PRESENT; ownership=FAMILY_SHARED; observed slices=1.	0.76	YES
2559748332	2324384021	амулет мужской на зеркало щаднего вида	GENERIC_RELEVANT	1.0	0.0	0.0	GAP_PRESENT	GAP_PRESENT	LOW	FAMILY_CANDIDATE	LONG_DESCRIPTION	GENERIC_RELEVANT; coverage=GAP_PRESENT; ownership=FAMILY_SHARED; observed slices=1.	0.76	YES
2559748332	2324384021	амулет на зеркало автомобиля	GENERIC_RELEVANT	2.0	0.0	0.0	GAP_PRESENT	GAP_PRESENT	LOW	FAMILY_CANDIDATE	LONG_DESCRIPTION	GENERIC_RELEVANT; coverage=GAP_PRESENT; ownership=STORE_GENERIC; observed slices=1.	0.76	YES
2559748332	2324384021	амулет с зеркалом	GENERIC_RELEVANT	11.0	0.0	0.0	GAP_PRESENT	GAP_PRESENT	LOW	FAMILY_CANDIDATE	LONG_DESCRIPTION	GENERIC_RELEVANT; coverage=GAP_PRESENT; ownership=STORE_GENERIC; observed slices=1.	0.76	YES
2559748332	2324384021	амулеты обереги и талисманы	GENERIC_RELEVANT	0.0	0.0	0.0	GAP_PRESENT	GAP_PRESENT	LOW	FAMILY_CANDIDATE	LONG_DESCRIPTION	GENERIC_RELEVANT; coverage=GAP_PRESENT; ownership=STORE_GENERIC; observed slices=1.	0.72	YES
2559748332	2324384021	ароматизатор в машину на зеркало в виде касеты	GENERIC_RELEVANT	1.0	0.0	0.0	GAP_PRESENT	GAP_PRESENT	LOW	FAMILY_CANDIDATE	LONG_DESCRIPTION	GENERIC_RELEVANT; coverage=GAP_PRESENT; ownership=FAMILY_SHARED; observed slices=1.	0.76	YES
2559748332	2324384021	брелок славянский оберег	NEIGHBOR_PRODUCT	15.0	0.0	0.0	NOT_APPLICABLE	NOT_APPLICABLE	LOW	REJECT_NEIGHBOR	NONE	NEIGHBOR_PRODUCT; coverage=NOT_APPLICABLE; ownership=FAMILY_SHARED; observed slices=1.	0.90	NO
2559748332	2324384021	в машину	GENERIC_RELEVANT	1556.0	0.0	0.0	GAP_PRESENT	GAP_PRESENT	LOW	FAMILY_CANDIDATE	LONG_DESCRIPTION	GENERIC_RELEVANT; coverage=GAP_PRESENT; ownership=STORE_GENERIC; observed slices=1.	0.76	YES
2559748332	2324384021	в машину на зеркало	GENERIC_RELEVANT	226.0	0.0	0.0	GAP_PRESENT	GAP_PRESENT	LOW	FAMILY_CANDIDATE	LONG_DESCRIPTION	GENERIC_RELEVANT; coverage=GAP_PRESENT; ownership=STORE_GENERIC; observed slices=1.	0.76	YES
2559748332	2324384021	в машину подвеска на зеркало	GENERIC_RELEVANT	32.0	0.0	0.0	GAP_PRESENT	GAP_PRESENT	LOW	FAMILY_CANDIDATE	LONG_DESCRIPTION	GENERIC_RELEVANT; coverage=GAP_PRESENT; ownership=FAMILY_SHARED; observed slices=1.	0.76	YES
2559748332	2324384021	герб	EXACT_PRODUCT	1756.0	0.0	0.0	NO_GAP	NO_GAP	LOW	NO_CHANGE	NONE	EXACT_PRODUCT; coverage=NO_GAP; ownership=SKU_SPECIFIC; observed slices=1.	0.95	NO
2559748332	2324384021	зеркало	GENERIC_RELEVANT	8794.0	0.0	0.0	GAP_PRESENT	GAP_PRESENT	LOW	FAMILY_CANDIDATE	LONG_DESCRIPTION	GENERIC_RELEVANT; coverage=GAP_PRESENT; ownership=STORE_GENERIC; observed slices=1.	0.76	YES
2559748332	2324384021	зеркало амулет	GENERIC_RELEVANT	4.0	0.0	0.0	GAP_PRESENT	GAP_PRESENT	LOW	FAMILY_CANDIDATE	LONG_DESCRIPTION	GENERIC_RELEVANT; coverage=GAP_PRESENT; ownership=STORE_GENERIC; observed slices=1.	0.76	YES
2559748332	2324384021	зеркальный амулет	GENERIC_RELEVANT	5.0	0.0	0.0	GAP_PRESENT	GAP_PRESENT	LOW	FAMILY_CANDIDATE	LONG_DESCRIPTION	GENERIC_RELEVANT; coverage=GAP_PRESENT; ownership=STORE_GENERIC; observed slices=1.	0.76	YES
2559748332	2324384021	крест в машину	NEIGHBOR_PRODUCT	637.0	0.0	0.0	NOT_APPLICABLE	NOT_APPLICABLE	LOW	REJECT_NEIGHBOR	NONE	NEIGHBOR_PRODUCT; coverage=NOT_APPLICABLE; ownership=EXCLUDED; observed slices=1.	0.96	NO
2559748332	2324384021	крест в машину на зеркало	NEIGHBOR_PRODUCT	942.0	0.0	0.0	NOT_APPLICABLE	NOT_APPLICABLE	LOW	REJECT_NEIGHBOR	NONE	NEIGHBOR_PRODUCT; coverage=NOT_APPLICABLE; ownership=EXCLUDED; observed slices=1.	0.96	NO
2559748332	2324384021	оберег	GENERIC_RELEVANT	1951.0	0.0	0.0	GAP_PRESENT	GAP_PRESENT	LOW	FAMILY_CANDIDATE	LONG_DESCRIPTION	GENERIC_RELEVANT; coverage=GAP_PRESENT; ownership=STORE_GENERIC; observed slices=1.	0.72	YES
2559748332	2324384021	оберег автомобильный	GENERIC_RELEVANT	7.0	0.0	0.0	GAP_PRESENT	GAP_PRESENT	LOW	FAMILY_CANDIDATE	LONG_DESCRIPTION	GENERIC_RELEVANT; coverage=GAP_PRESENT; ownership=STORE_GENERIC; observed slices=1.	0.76	YES
2559748332	2324384021	оберег в машину	GENERIC_RELEVANT	1238.0	0.0	0.0	GAP_PRESENT	GAP_PRESENT	LOW	FAMILY_CANDIDATE	LONG_DESCRIPTION	GENERIC_RELEVANT; coverage=GAP_PRESENT; ownership=STORE_GENERIC; observed slices=2.	0.76	YES
2559748332	2324384021	оберег на шею мужской славянский	NEIGHBOR_PRODUCT	6.0	0.0	0.0	NOT_APPLICABLE	NOT_APPLICABLE	LOW	REJECT_NEIGHBOR	NONE	NEIGHBOR_PRODUCT; coverage=NOT_APPLICABLE; ownership=EXCLUDED; observed slices=1.	0.90	NO
2559748332	2324384021	обереготсглаза	GENERIC_RELEVANT	0.0	0.0	0.0	GAP_PRESENT	GAP_PRESENT	LOW	FAMILY_CANDIDATE	LONG_DESCRIPTION	GENERIC_RELEVANT; coverage=GAP_PRESENT; ownership=STORE_GENERIC; observed slices=1.	0.72	YES
2559748332	2324384021	подарок мужчине на день рождения	AMBIGUOUS_HOLD	2239.0	0.0	0.0	GAP_PRESENT	GAP_PRESENT	MEDIUM	HOLD_AMBIGUOUS	HOLD	AMBIGUOUS_HOLD; coverage=GAP_PRESENT; ownership=UNCLEAR; observed slices=1.	0.42	YES
2559748332	2324384021	подвеска	GENERIC_RELEVANT	4638.0	0.0	0.0	GAP_PRESENT	GAP_PRESENT	LOW	FAMILY_CANDIDATE	LONG_DESCRIPTION	GENERIC_RELEVANT; coverage=GAP_PRESENT; ownership=STORE_GENERIC; observed slices=1.	0.72	YES
2559748332	2324384021	подвеска в машину	GENERIC_RELEVANT	7092.0	0.0	1988.0	GAP_PRESENT	GAP_PRESENT	LOW	FAMILY_CANDIDATE	LONG_DESCRIPTION	GENERIC_RELEVANT; coverage=GAP_PRESENT; ownership=STORE_GENERIC; observed slices=2.	0.76	YES
2559748332	2324384021	подвеска в машину на зеркало	GENERIC_RELEVANT	6256.0	0.0	1334.0	GAP_PRESENT	GAP_PRESENT	LOW	FAMILY_CANDIDATE	LONG_DESCRIPTION	GENERIC_RELEVANT; coverage=GAP_PRESENT; ownership=STORE_GENERIC; observed slices=2.	0.76	YES
2559748332	2324384021	подвеска в машину на зеркало с кисточкой	GENERIC_RELEVANT	2.0	0.0	0.0	GAP_PRESENT	GAP_PRESENT	LOW	FAMILY_CANDIDATE	LONG_DESCRIPTION	GENERIC_RELEVANT; coverage=GAP_PRESENT; ownership=FAMILY_SHARED; observed slices=1.	0.76	YES
2559748332	2324384021	подвеска герб в машину	EXACT_PRODUCT	13.0	0.0	551.0	NO_GAP	NO_GAP	LOW	NO_CHANGE	NONE	EXACT_PRODUCT; coverage=NO_GAP; ownership=SKU_SPECIFIC; observed slices=1.	0.95	NO
2559748332	2324384021	подвеска дерева мужская	GENERIC_RELEVANT	0.0	0.0	0.0	GAP_PRESENT	GAP_PRESENT	LOW	FAMILY_CANDIDATE	LONG_DESCRIPTION	GENERIC_RELEVANT; coverage=GAP_PRESENT; ownership=FAMILY_SHARED; observed slices=1.	0.72	YES
2559748332	2324384021	подвеска мужская	GENERIC_RELEVANT	5322.0	0.0	0.0	GAP_PRESENT	GAP_PRESENT	LOW	FAMILY_CANDIDATE	LONG_DESCRIPTION	GENERIC_RELEVANT; coverage=GAP_PRESENT; ownership=STORE_GENERIC; observed slices=1.	0.72	YES
2559748332	2324384021	подвеска на зеркало	GENERIC_RELEVANT	646.0	0.0	0.0	GAP_PRESENT	GAP_PRESENT	LOW	FAMILY_CANDIDATE	LONG_DESCRIPTION	GENERIC_RELEVANT; coverage=GAP_PRESENT; ownership=STORE_GENERIC; observed slices=1.	0.76	YES
2559748332	2324384021	подвеска на зеркало в машину	GENERIC_RELEVANT	1288.0	0.0	0.0	GAP_PRESENT	GAP_PRESENT	LOW	FAMILY_CANDIDATE	LONG_DESCRIPTION	GENERIC_RELEVANT; coverage=GAP_PRESENT; ownership=STORE_GENERIC; observed slices=1.	0.76	YES
2559748332	2324384021	подвеска на зеркало в машину киа	GENERIC_RELEVANT	2.0	0.0	0.0	GAP_PRESENT	GAP_PRESENT	LOW	FAMILY_CANDIDATE	LONG_DESCRIPTION	GENERIC_RELEVANT; coverage=GAP_PRESENT; ownership=FAMILY_SHARED; observed slices=1.	0.76	YES
2559748332	2324384021	подвески в автомобиль на зеркало	GENERIC_RELEVANT	5.0	0.0	0.0	GAP_PRESENT	GAP_PRESENT	LOW	FAMILY_CANDIDATE	LONG_DESCRIPTION	GENERIC_RELEVANT; coverage=GAP_PRESENT; ownership=FAMILY_SHARED; observed slices=1.	0.76	YES
2559748332	2324384021	талисман	GENERIC_RELEVANT	609.0	0.0	0.0	GAP_PRESENT	GAP_PRESENT	LOW	FAMILY_CANDIDATE	LONG_DESCRIPTION	GENERIC_RELEVANT; coverage=GAP_PRESENT; ownership=STORE_GENERIC; observed slices=1.	0.72	YES
2559748332	2324384021	талисман в машину женский	GENERIC_RELEVANT	7.0	0.0	0.0	GAP_PRESENT	GAP_PRESENT	LOW	FAMILY_CANDIDATE	LONG_DESCRIPTION	GENERIC_RELEVANT; coverage=GAP_PRESENT; ownership=STORE_GENERIC; observed slices=1.	0.76	YES
2559748332	2324384021	талисман в машину мужской	GENERIC_RELEVANT	18.0	0.0	551.0	GAP_PRESENT	GAP_PRESENT	LOW	FAMILY_CANDIDATE	LONG_DESCRIPTION	GENERIC_RELEVANT; coverage=GAP_PRESENT; ownership=STORE_GENERIC; observed slices=1.	0.76	YES
2559748332	2324384021	талисманудачи	GENERIC_RELEVANT	0.0	0.0	0.0	GAP_PRESENT	GAP_PRESENT	LOW	FAMILY_CANDIDATE	LONG_DESCRIPTION	GENERIC_RELEVANT; coverage=GAP_PRESENT; ownership=FAMILY_SHARED; observed slices=1.	0.72	YES
2559817779	2324467855	автооберег	GENERIC_RELEVANT	1.0	0.0	0.0	GAP_PRESENT	GAP_PRESENT	LOW	FAMILY_CANDIDATE	LONG_DESCRIPTION	GENERIC_RELEVANT; coverage=GAP_PRESENT; ownership=STORE_GENERIC; observed slices=1.	0.76	YES
2559817779	2324467855	амулет зеркало	GENERIC_RELEVANT	5.0	0.0	0.0	GAP_PRESENT	GAP_PRESENT	LOW	FAMILY_CANDIDATE	LONG_DESCRIPTION	GENERIC_RELEVANT; coverage=GAP_PRESENT; ownership=STORE_GENERIC; observed slices=1.	0.76	YES
2559817779	2324467855	арома подвеска в машину на зеркало мужская	GENERIC_RELEVANT	1.0	0.0	0.0	GAP_PRESENT	GAP_PRESENT	LOW	FAMILY_CANDIDATE	LONG_DESCRIPTION	GENERIC_RELEVANT; coverage=GAP_PRESENT; ownership=FAMILY_SHARED; observed slices=1.	0.76	YES
2559817779	2324467855	брелок в машину мягкий на зеркало	GENERIC_RELEVANT	1.0	0.0	0.0	GAP_PRESENT	GAP_PRESENT	LOW	FAMILY_CANDIDATE	LONG_DESCRIPTION	GENERIC_RELEVANT; coverage=GAP_PRESENT; ownership=FAMILY_SHARED; observed slices=1.	0.76	YES
2559817779	2324467855	брелок в машину на зеркало	GENERIC_RELEVANT	92.0	0.0	0.0	GAP_PRESENT	GAP_PRESENT	LOW	FAMILY_CANDIDATE	LONG_DESCRIPTION	GENERIC_RELEVANT; coverage=GAP_PRESENT; ownership=STORE_GENERIC; observed slices=1.	0.76	YES
2559817779	2324467855	в машину для мужчины амулет	GENERIC_RELEVANT	1.0	0.0	0.0	GAP_PRESENT	GAP_PRESENT	LOW	FAMILY_CANDIDATE	LONG_DESCRIPTION	GENERIC_RELEVANT; coverage=GAP_PRESENT; ownership=STORE_GENERIC; observed slices=1.	0.76	YES
2559817779	2324467855	в машину на зеркало подвеска	GENERIC_RELEVANT	64.0	0.0	0.0	GAP_PRESENT	GAP_PRESENT	LOW	FAMILY_CANDIDATE	LONG_DESCRIPTION	GENERIC_RELEVANT; coverage=GAP_PRESENT; ownership=STORE_GENERIC; observed slices=1.	0.76	YES
2559817779	2324467855	герб рости наклека на машину	EXACT_PRODUCT	0.0	0.0	0.0	PARTIAL_GAP	PARTIAL_GAP	LOW	READY_CANDIDATE	LONG_DESCRIPTION	EXACT_PRODUCT; coverage=PARTIAL_GAP; ownership=SKU_SPECIFIC; observed slices=1.	0.95	YES
2559817779	2324467855	голова вуду подвеска на зеркало	GENERIC_RELEVANT	1.0	0.0	0.0	GAP_PRESENT	GAP_PRESENT	LOW	FAMILY_CANDIDATE	LONG_DESCRIPTION	GENERIC_RELEVANT; coverage=GAP_PRESENT; ownership=STORE_GENERIC; observed slices=1.	0.76	YES
2559817779	2324467855	для машины в салон на зеркало подвескп	GENERIC_RELEVANT	0.0	0.0	0.0	GAP_PRESENT	GAP_PRESENT	LOW	FAMILY_CANDIDATE	LONG_DESCRIPTION	GENERIC_RELEVANT; coverage=GAP_PRESENT; ownership=STORE_GENERIC; observed slices=2.	0.76	YES
2559817779	2324467855	дракон в машину на зеркало	GENERIC_RELEVANT	0.0	0.0	0.0	GAP_PRESENT	GAP_PRESENT	LOW	FAMILY_CANDIDATE	LONG_DESCRIPTION	GENERIC_RELEVANT; coverage=GAP_PRESENT; ownership=FAMILY_SHARED; observed slices=1.	0.76	YES
2559817779	2324467855	звезда на зеркало в машину	NEIGHBOR_PRODUCT	6.0	0.0	0.0	NOT_APPLICABLE	NOT_APPLICABLE	LOW	REJECT_NEIGHBOR	NONE	NEIGHBOR_PRODUCT; coverage=NOT_APPLICABLE; ownership=EXCLUDED; observed slices=1.	0.96	NO
2559817779	2324467855	зеркало талисман	GENERIC_RELEVANT	1.0	0.0	0.0	GAP_PRESENT	GAP_PRESENT	LOW	FAMILY_CANDIDATE	LONG_DESCRIPTION	GENERIC_RELEVANT; coverage=GAP_PRESENT; ownership=FAMILY_SHARED; observed slices=1.	0.76	YES
2559817779	2324467855	крест а зеркало в машину	NEIGHBOR_PRODUCT	0.0	0.0	0.0	NOT_APPLICABLE	NOT_APPLICABLE	LOW	REJECT_NEIGHBOR	NONE	NEIGHBOR_PRODUCT; coverage=NOT_APPLICABLE; ownership=EXCLUDED; observed slices=1.	0.96	NO
2559817779	2324467855	крест в машину на зеркало серый	NEIGHBOR_PRODUCT	0.0	0.0	0.0	NOT_APPLICABLE	NOT_APPLICABLE	LOW	REJECT_NEIGHBOR	NONE	NEIGHBOR_PRODUCT; coverage=NOT_APPLICABLE; ownership=EXCLUDED; observed slices=1.	0.96	NO
2559817779	2324467855	крест деревянный в авто	NEIGHBOR_PRODUCT	0.0	0.0	0.0	NOT_APPLICABLE	NOT_APPLICABLE	LOW	REJECT_NEIGHBOR	NONE	NEIGHBOR_PRODUCT; coverage=NOT_APPLICABLE; ownership=EXCLUDED; observed slices=1.	0.96	NO
2559817779	2324467855	кровь дерево подвеска на шею	GENERIC_RELEVANT	1.0	0.0	0.0	GAP_PRESENT	GAP_PRESENT	LOW	FAMILY_CANDIDATE	LONG_DESCRIPTION	GENERIC_RELEVANT; coverage=GAP_PRESENT; ownership=FAMILY_SHARED; observed slices=1.	0.72	YES
2559817779	2324467855	крутящийся ароматизатор в машину подвеска на зеркало	GENERIC_RELEVANT	1.0	0.0	0.0	GAP_PRESENT	GAP_PRESENT	LOW	FAMILY_CANDIDATE	LONG_DESCRIPTION	GENERIC_RELEVANT; coverage=GAP_PRESENT; ownership=STORE_GENERIC; observed slices=1.	0.76	YES
2559817779	2324467855	кулон на зеркало в машину	GENERIC_RELEVANT	2.0	0.0	0.0	GAP_PRESENT	GAP_PRESENT	LOW	FAMILY_CANDIDATE	LONG_DESCRIPTION	GENERIC_RELEVANT; coverage=GAP_PRESENT; ownership=STORE_GENERIC; observed slices=1.	0.76	YES
2559817779	2324467855	лампа подвеска в машину	GENERIC_RELEVANT	0.0	0.0	0.0	GAP_PRESENT	GAP_PRESENT	LOW	FAMILY_CANDIDATE	LONG_DESCRIPTION	GENERIC_RELEVANT; coverage=GAP_PRESENT; ownership=FAMILY_SHARED; observed slices=1.	0.76	YES
2559817779	2324467855	мотоцикл подвеска в машину	GENERIC_RELEVANT	1.0	0.0	0.0	GAP_PRESENT	GAP_PRESENT	LOW	FAMILY_CANDIDATE	LONG_DESCRIPTION	GENERIC_RELEVANT; coverage=GAP_PRESENT; ownership=FAMILY_SHARED; observed slices=1.	0.76	YES
2559817779	2324467855	мусульманский оберег	GENERIC_RELEVANT	40.0	0.0	0.0	GAP_PRESENT	GAP_PRESENT	LOW	FAMILY_CANDIDATE	LONG_DESCRIPTION	GENERIC_RELEVANT; coverage=GAP_PRESENT; ownership=STORE_GENERIC; observed slices=1.	0.72	YES
2559817779	2324467855	мусульманский оберег в машину	GENERIC_RELEVANT	11.0	0.0	0.0	GAP_PRESENT	GAP_PRESENT	LOW	FAMILY_CANDIDATE	LONG_DESCRIPTION	GENERIC_RELEVANT; coverage=GAP_PRESENT; ownership=STORE_GENERIC; observed slices=1.	0.76	YES
2559817779	2324467855	на зеркало автомобиля подвеска герю	GENERIC_RELEVANT	0.0	0.0	0.0	GAP_PRESENT	GAP_PRESENT	LOW	FAMILY_CANDIDATE	LONG_DESCRIPTION	GENERIC_RELEVANT; coverage=GAP_PRESENT; ownership=FAMILY_SHARED; observed slices=1.	0.76	YES
2559817779	2324467855	на зеркало в машину подвеска	GENERIC_RELEVANT	264.0	0.0	0.0	GAP_PRESENT	GAP_PRESENT	LOW	FAMILY_CANDIDATE	LONG_DESCRIPTION	GENERIC_RELEVANT; coverage=GAP_PRESENT; ownership=STORE_GENERIC; observed slices=1.	0.76	YES
2559817779	2324467855	на зеркало в машину подвеска участник бое	GENERIC_RELEVANT	1.0	0.0	0.0	GAP_PRESENT	GAP_PRESENT	LOW	FAMILY_CANDIDATE	LONG_DESCRIPTION	GENERIC_RELEVANT; coverage=GAP_PRESENT; ownership=STORE_GENERIC; observed slices=1.	0.76	YES
2559817779	2324467855	обеоег на зеркало в машину мусульманская	GENERIC_RELEVANT	1.0	0.0	0.0	GAP_PRESENT	GAP_PRESENT	LOW	FAMILY_CANDIDATE	LONG_DESCRIPTION	GENERIC_RELEVANT; coverage=GAP_PRESENT; ownership=FAMILY_SHARED; observed slices=1.	0.76	YES
2559817779	2324467855	оберег амулет в машину с волосами	GENERIC_RELEVANT	1.0	0.0	0.0	GAP_PRESENT	GAP_PRESENT	LOW	FAMILY_CANDIDATE	LONG_DESCRIPTION	GENERIC_RELEVANT; coverage=GAP_PRESENT; ownership=FAMILY_SHARED; observed slices=1.	0.76	YES
2559817779	2324467855	оберег в машину	GENERIC_RELEVANT	118.0	0.0	0.0	GAP_PRESENT	GAP_PRESENT	LOW	FAMILY_CANDIDATE	LONG_DESCRIPTION	GENERIC_RELEVANT; coverage=GAP_PRESENT; ownership=STORE_GENERIC; observed slices=1.	0.76	YES
2559817779	2324467855	оберег в машину тойота	GENERIC_RELEVANT	1.0	0.0	0.0	GAP_PRESENT	GAP_PRESENT	LOW	FAMILY_CANDIDATE	LONG_DESCRIPTION	GENERIC_RELEVANT; coverage=GAP_PRESENT; ownership=FAMILY_SHARED; observed slices=1.	0.76	YES
2559817779	2324467855	оберег для водителя в машину	GENERIC_RELEVANT	3.0	0.0	0.0	GAP_PRESENT	GAP_PRESENT	LOW	FAMILY_CANDIDATE	LONG_DESCRIPTION	GENERIC_RELEVANT; coverage=GAP_PRESENT; ownership=STORE_GENERIC; observed slices=1.	0.76	YES
2559817779	2324467855	оберег зеркало на шею подвеска	GENERIC_RELEVANT	1.0	0.0	0.0	GAP_PRESENT	GAP_PRESENT	LOW	FAMILY_CANDIDATE	LONG_DESCRIPTION	GENERIC_RELEVANT; coverage=GAP_PRESENT; ownership=STORE_GENERIC; observed slices=1.	0.76	YES
2559817779	2324467855	оберег на зеркала	GENERIC_RELEVANT	1.0	0.0	0.0	GAP_PRESENT	GAP_PRESENT	LOW	FAMILY_CANDIDATE	LONG_DESCRIPTION	GENERIC_RELEVANT; coverage=GAP_PRESENT; ownership=FAMILY_SHARED; observed slices=1.	0.76	YES
2559817779	2324467855	оберег на машину	GENERIC_RELEVANT	3.0	0.0	0.0	GAP_PRESENT	GAP_PRESENT	LOW	FAMILY_CANDIDATE	LONG_DESCRIPTION	GENERIC_RELEVANT; coverage=GAP_PRESENT; ownership=STORE_GENERIC; observed slices=1.	0.76	YES
2559817779	2324467855	обереготсглаза	GENERIC_RELEVANT	0.0	0.0	0.0	GAP_PRESENT	GAP_PRESENT	LOW	FAMILY_CANDIDATE	LONG_DESCRIPTION	GENERIC_RELEVANT; coverage=GAP_PRESENT; ownership=STORE_GENERIC; observed slices=1.	0.72	YES
2559817779	2324467855	подвес в машину на зеркало	GENERIC_RELEVANT	103.0	0.0	0.0	GAP_PRESENT	GAP_PRESENT	LOW	FAMILY_CANDIDATE	LONG_DESCRIPTION	GENERIC_RELEVANT; coverage=GAP_PRESENT; ownership=STORE_GENERIC; observed slices=1.	0.76	YES
2559817779	2324467855	подвеска в автомобиль	GENERIC_RELEVANT	243.0	0.0	0.0	GAP_PRESENT	GAP_PRESENT	LOW	FAMILY_CANDIDATE	LONG_DESCRIPTION	GENERIC_RELEVANT; coverage=GAP_PRESENT; ownership=STORE_GENERIC; observed slices=1.	0.76	YES
2559817779	2324467855	подвеска в автомобиль на зеркало	GENERIC_RELEVANT	193.0	0.0	0.0	GAP_PRESENT	GAP_PRESENT	LOW	FAMILY_CANDIDATE	LONG_DESCRIPTION	GENERIC_RELEVANT; coverage=GAP_PRESENT; ownership=STORE_GENERIC; observed slices=1.	0.76	YES
2559817779	2324467855	подвеска в машину	GENERIC_RELEVANT	6107.0	0.0	0.0	GAP_PRESENT	GAP_PRESENT	LOW	FAMILY_CANDIDATE	LONG_DESCRIPTION	GENERIC_RELEVANT; coverage=GAP_PRESENT; ownership=STORE_GENERIC; observed slices=1.	0.76	YES
2559817779	2324467855	подвеска в машину большая	GENERIC_RELEVANT	1.0	0.0	0.0	GAP_PRESENT	GAP_PRESENT	LOW	FAMILY_CANDIDATE	LONG_DESCRIPTION	GENERIC_RELEVANT; coverage=GAP_PRESENT; ownership=FAMILY_SHARED; observed slices=1.	0.76	YES
2559817779	2324467855	подвеска в машину герб	EXACT_PRODUCT	43.0	0.0	0.0	NO_GAP	NO_GAP	LOW	NO_CHANGE	NONE	EXACT_PRODUCT; coverage=NO_GAP; ownership=SKU_SPECIFIC; observed slices=1.	0.95	NO
2559817779	2324467855	подвеска в машину на зеркало	GENERIC_RELEVANT	5999.0	0.0	0.0	GAP_PRESENT	GAP_PRESENT	LOW	FAMILY_CANDIDATE	LONG_DESCRIPTION	GENERIC_RELEVANT; coverage=GAP_PRESENT; ownership=STORE_GENERIC; observed slices=1.	0.76	YES
2559817779	2324467855	подвеска в машину на зеркало георгиевская	GENERIC_RELEVANT	1.0	0.0	0.0	GAP_PRESENT	GAP_PRESENT	LOW	FAMILY_CANDIDATE	LONG_DESCRIPTION	GENERIC_RELEVANT; coverage=GAP_PRESENT; ownership=FAMILY_SHARED; observed slices=1.	0.76	YES
2559817779	2324467855	подвеска в машину на зеркало же	GENERIC_RELEVANT	0.0	0.0	0.0	GAP_PRESENT	GAP_PRESENT	LOW	FAMILY_CANDIDATE	LONG_DESCRIPTION	GENERIC_RELEVANT; coverage=GAP_PRESENT; ownership=FAMILY_SHARED; observed slices=1.	0.76	YES
2559817779	2324467855	подвеска в машину на зеркало инь янь	GENERIC_RELEVANT	0.0	0.0	0.0	GAP_PRESENT	GAP_PRESENT	LOW	FAMILY_CANDIDATE	LONG_DESCRIPTION	GENERIC_RELEVANT; coverage=GAP_PRESENT; ownership=FAMILY_SHARED; observed slices=1.	0.76	YES
2559817779	2324467855	подвеска в машину на зеркало мужская шайба	GENERIC_RELEVANT	0.0	0.0	0.0	GAP_PRESENT	GAP_PRESENT	LOW	FAMILY_CANDIDATE	LONG_DESCRIPTION	GENERIC_RELEVANT; coverage=GAP_PRESENT; ownership=FAMILY_SHARED; observed slices=1.	0.76	YES
2559817779	2324467855	подвеска в машину на зеркало питбуль	GENERIC_RELEVANT	0.0	0.0	0.0	GAP_PRESENT	GAP_PRESENT	LOW	FAMILY_CANDIDATE	LONG_DESCRIPTION	GENERIC_RELEVANT; coverage=GAP_PRESENT; ownership=STORE_GENERIC; observed slices=1.	0.76	YES
2559817779	2324467855	подвеска в машину на зеркало россиянка	GENERIC_RELEVANT	0.0	0.0	0.0	GAP_PRESENT	GAP_PRESENT	LOW	FAMILY_CANDIDATE	LONG_DESCRIPTION	GENERIC_RELEVANT; coverage=GAP_PRESENT; ownership=FAMILY_SHARED; observed slices=1.	0.76	YES
2559817779	2324467855	подвеска в машину на зеркало с крестом провославным	GENERIC_RELEVANT	1.0	0.0	0.0	GAP_PRESENT	GAP_PRESENT	LOW	FAMILY_CANDIDATE	LONG_DESCRIPTION	GENERIC_RELEVANT; coverage=GAP_PRESENT; ownership=STORE_GENERIC; observed slices=1.	0.76	YES
2559817779	2324467855	подвеска на зеркало	GENERIC_RELEVANT	553.0	0.0	0.0	GAP_PRESENT	GAP_PRESENT	LOW	FAMILY_CANDIDATE	LONG_DESCRIPTION	GENERIC_RELEVANT; coverage=GAP_PRESENT; ownership=STORE_GENERIC; observed slices=1.	0.76	YES
2559817779	2324467855	подвеска на зеркало в авто	GENERIC_RELEVANT	40.0	0.0	0.0	GAP_PRESENT	GAP_PRESENT	LOW	FAMILY_CANDIDATE	LONG_DESCRIPTION	GENERIC_RELEVANT; coverage=GAP_PRESENT; ownership=FAMILY_SHARED; observed slices=1.	0.76	YES
2559817779	2324467855	подвеска на зеркало в машину	GENERIC_RELEVANT	956.0	0.0	0.0	GAP_PRESENT	GAP_PRESENT	LOW	FAMILY_CANDIDATE	LONG_DESCRIPTION	GENERIC_RELEVANT; coverage=GAP_PRESENT; ownership=STORE_GENERIC; observed slices=1.	0.76	YES
2559817779	2324467855	подвеска на зеркало в машину мужская скалодаз	GENERIC_RELEVANT	1.0	0.0	0.0	GAP_PRESENT	GAP_PRESENT	LOW	FAMILY_CANDIDATE	LONG_DESCRIPTION	GENERIC_RELEVANT; coverage=GAP_PRESENT; ownership=FAMILY_SHARED; observed slices=1.	0.76	YES
2559817779	2324467855	подвеска на зеркало в машину топор	GENERIC_RELEVANT	0.0	0.0	0.0	GAP_PRESENT	GAP_PRESENT	LOW	FAMILY_CANDIDATE	LONG_DESCRIPTION	GENERIC_RELEVANT; coverage=GAP_PRESENT; ownership=FAMILY_SHARED; observed slices=1.	0.76	YES
2559817779	2324467855	подвеска на машину	GENERIC_RELEVANT	50.0	0.0	0.0	GAP_PRESENT	GAP_PRESENT	LOW	FAMILY_CANDIDATE	LONG_DESCRIPTION	GENERIC_RELEVANT; coverage=GAP_PRESENT; ownership=STORE_GENERIC; observed slices=1.	0.76	YES
2559817779	2324467855	россия белоруссия флаг на присоске в машину	PARTIAL_RELEVANCE	1.0	0.0	0.0	PARTIAL_GAP	PARTIAL_GAP	MEDIUM	HOLD_AMBIGUOUS	HOLD	PARTIAL_RELEVANCE; coverage=PARTIAL_GAP; ownership=UNCLEAR; observed slices=1.	0.60	YES
2559817779	2324467855	русская подвескс	GENERIC_RELEVANT	1.0	0.0	0.0	GAP_PRESENT	GAP_PRESENT	LOW	FAMILY_CANDIDATE	LONG_DESCRIPTION	GENERIC_RELEVANT; coverage=GAP_PRESENT; ownership=FAMILY_SHARED; observed slices=1.	0.72	YES
2559817779	2324467855	флаги россии маленькие на присоске в машину	EXACT_PRODUCT	1.0	0.0	0.0	PARTIAL_GAP	PARTIAL_GAP	LOW	READY_CANDIDATE	LONG_DESCRIPTION	EXACT_PRODUCT; coverage=PARTIAL_GAP; ownership=SKU_SPECIFIC; observed slices=1.	0.95	YES
2559817779	2324467855	шифрондля школы герб россии	EXACT_PRODUCT	0.0	0.0	0.0	PARTIAL_GAP	PARTIAL_GAP	LOW	READY_CANDIDATE	LONG_DESCRIPTION	EXACT_PRODUCT; coverage=PARTIAL_GAP; ownership=SKU_SPECIFIC; observed slices=1.	0.95	YES
